Rk,Player,MP,Season,Team,G,GS,MP.1,FG,FGA,2P,2PA,3P,3PA,FT,FTA,ORB,DRB,TRB,AST,STL,BLK,TOV,PF,PTS,FG%,2P%,3P%,FT%,TS%,eFG%,Pos,Class
1,Romain Sato,1366,2003-04,Xavier,37,37,1366,179,443,104,228,75,215,170,205,75,222,297,84,47,5,63,89,603,.404,.456,.349,.829,.558,.489,G,SR
2,Ben Gordon,1346,2003-04,Connecticut,39,39,1346,239,551,135,311,104,240,141,170,34,150,184,176,53,6,108,91,723,.434,.434,.433,.829,.572,.528,G,JR
3,Jared Dudley,1340,2005-06,Boston College,36,36,1340,198,401,165,307,33,94,171,241,96,143,239,115,41,12,70,57,600,.494,.537,.351,.710,.582,.535,F,JR
4,J.J. Redick,1336,2005-06,Duke,36,36,1336,302,643,163,313,139,330,221,256,7,64,71,95,52,2,90,54,964,.470,.521,.421,.863,.630,.578,G,SR
5,Darius Washington Jr,1334,2004-05,Memphis,38,38,1334,193,420,146,301,47,119,151,206,37,101,138,144,63,3,134,87,584,.460,.485,.395,.733,.564,.515,G,FR
6,Tre Kelley,1330,2005-06,South Carolina,38,38,1330,166,398,99,206,67,192,75,98,22,88,110,174,50,5,103,74,474,.417,.481,.349,.765,.533,.501,G,JR
7,Taurean Green,1328,2006-07,Florida,40,40,1328,154,347,72,145,82,202,141,166,9,87,96,147,42,1,107,60,531,.444,.497,.406,.849,.623,.562,G,JR
8,Darrel Mitchell,1322,2005-06,Louisiana State,36,36,1322,200,459,118,251,82,208,122,161,30,104,134,160,70,11,99,81,604,.436,.470,.394,.758,.564,.525,G,SR
9,Trey Johnson III,1322,2006-07,Jackson State,35,35,1322,311,752,232,515,79,237,246,331,46,112,158,90,32,3,127,63,947,.414,.450,.333,.743,.521,.466,G,SR
10,Tarence Kinsey,1321,2005-06,South Carolina,38,37,1321,209,461,138,272,71,189,113,134,54,120,174,88,61,13,78,84,602,.453,.507,.376,.843,.574,.530,G,SR
11,Deron Williams,1315,2004-05,Illinois,39,39,1315,178,411,110,224,68,187,65,96,14,128,142,264,38,8,109,80,489,.433,.491,.364,.677,.535,.516,G,JR
12,Gavin Grant,1313,2006-07,NC State,36,35,1313,181,383,152,291,29,92,138,186,38,152,190,137,19,22,151,87,529,.473,.522,.315,.742,.561,.510,F,JR
13,Chris Duhon,1311,2003-04,Duke,37,37,1311,138,308,109,212,29,96,65,90,30,120,150,225,80,7,104,76,370,.448,.514,.302,.722,.527,.495,G,SR
14,Craig Smith,1305,2005-06,Boston College,36,36,1305,243,424,242,412,1,12,146,227,112,227,339,109,44,29,89,107,633,.573,.587,.083,.643,.595,.574,F,SR
15,Arron Afflalo,1303,2005-06,UCLA,39,38,1303,203,439,120,212,83,227,129,160,32,132,164,69,24,5,79,83,618,.462,.566,.366,.806,.600,.557,G,SO
16,Taurean Green,1302,2005-06,Florida,39,39,1302,130,355,42,126,88,229,171,193,15,100,115,184,51,5,124,63,519,.366,.333,.384,.886,.581,.490,G,SO
17,Dwayne Lee,1300,2004-05,Saint Joseph's,36,36,1300,99,272,50,131,49,141,90,125,15,87,102,188,39,2,94,70,337,.364,.382,.348,.720,.508,.454,G,JR
18,Luther Head,1297,2004-05,Illinois,39,39,1297,214,462,98,179,116,283,78,99,24,131,155,150,67,9,69,54,622,.463,.547,.410,.788,.611,.589,G,SR
19,JamesOn Curry,1295,2006-07,Oklahoma State,35,35,1295,202,447,114,233,88,214,115,145,15,96,111,131,41,11,109,74,607,.452,.489,.411,.793,.588,.550,G,JR
20,Jarrius Jackson,1293,2006-07,Texas Tech,34,34,1293,224,517,145,336,79,181,150,190,33,79,112,60,46,0,47,55,677,.433,.432,.436,.789,.557,.510,G,SR
21,Lionel Chalmers Jr,1293,2003-04,Xavier,37,37,1293,204,454,103,207,101,247,105,148,17,105,122,117,40,1,103,78,614,.449,.498,.409,.709,.586,.561,G,SR
22,Aaron Brooks,1289,2006-07,Oregon,35,35,1289,213,463,133,265,80,198,115,136,31,118,149,149,48,6,89,88,621,.460,.502,.404,.846,.589,.546,G,SR
23,Julius Page,1281,2003-04,Pittsburgh,36,36,1281,134,361,78,191,56,170,72,102,15,91,106,63,25,14,51,52,396,.371,.408,.329,.706,.484,.449,G,SR
24,Torey Thomas,1279,2006-07,Holy Cross,34,34,1279,131,349,83,230,48,119,155,201,22,139,161,160,95,0,135,92,465,.375,.361,.403,.771,.523,.444,G,SR
25,P.J. Tucker Jr,1276,2005-06,Texas,37,37,1276,225,437,223,434,2,3,142,190,105,248,353,106,66,13,115,105,594,.515,.514,.667,.747,.563,.517,F,JR
26,Hakim Warrick,1275,2004-05,Syracuse,34,34,1275,253,462,244,431,9,31,211,310,106,188,294,50,33,27,86,79,726,.548,.566,.290,.681,.596,.557,F,SR
27,Carmelo Anthony,1274,2002-03,Syracuse,35,35,1274,277,612,221,446,56,166,168,238,101,248,349,77,55,30,77,77,778,.453,.496,.337,.706,.537,.498,F,FR
28,Dee Brown,1272,2004-05,Illinois,39,39,1272,179,359,80,131,99,228,61,79,21,83,104,177,70,3,73,72,518,.499,.611,.434,.772,.653,.636,G,JR
29,Will Whittington,1272,2006-07,Marist,34,34,1272,179,456,42,111,137,345,102,128,29,84,113,58,34,5,58,78,597,.393,.378,.397,.797,.578,.543,G,SR
30,Andre Emmett,1259,2003-04,Texas Tech,34,33,1259,260,494,244,449,16,45,165,226,69,156,225,62,44,10,70,49,701,.526,.543,.356,.730,.583,.543,G,SR
31,Andre Emmett,1258,2002-03,Texas Tech,34,33,1258,297,595,286,557,11,38,136,191,77,149,226,63,64,16,71,51,741,.499,.513,.289,.712,.540,.508,G,JR
32,Jaycee Carroll,1255,2006-07,Utah State,35,35,1255,256,486,173,294,83,192,151,170,80,140,220,62,31,7,88,76,746,.527,.588,.432,.888,.658,.612,G,JR
33,Kevin Durant,1255,2006-07,Texas,35,35,1255,306,647,224,444,82,203,209,256,106,284,390,46,66,67,99,71,903,.473,.505,.404,.816,.587,.536,F,FR
34,Dwayne Jones,1254,2004-05,Saint Joseph's,36,36,1254,115,227,115,227,0,0,133,248,156,262,418,31,13,109,75,85,363,.507,.507,,.536,.526,.507,C,JR
35,Jared Jordan,1252,2006-07,Marist,33,33,1252,197,464,141,276,56,188,116,168,46,148,194,286,45,2,110,54,566,.425,.511,.298,.690,.520,.485,G,SR
36,Darris Nichols,1251,2006-07,West Virginia,36,36,1251,125,251,75,132,50,119,91,108,18,86,104,165,45,3,48,63,391,.498,.568,.420,.843,.647,.598,G,JR
37,Drew Neitzel,1249,2006-07,Michigan State,35,34,1249,199,467,85,190,114,277,123,140,3,96,99,151,29,9,82,42,635,.426,.447,.412,.879,.595,.548,G,JR
38,Kasib Powell,1248,2002-03,Texas Tech,35,35,1248,203,409,201,395,2,14,117,194,68,144,212,151,31,15,55,79,525,.496,.509,.143,.603,.524,.499,F,SR
39,A.J. Graves,1247,2006-07,Butler,35,34,1247,174,464,76,187,98,277,145,153,14,66,80,85,51,2,59,55,591,.375,.406,.354,.948,.551,.481,G,JR
40,LaMarcus Aldridge,1247,2005-06,Texas,37,37,1247,219,385,219,385,0,0,117,181,135,204,339,20,50,73,59,92,555,.569,.569,,.646,.589,.569,F,SO
41,Mike Green,1247,2006-07,Butler,36,36,1247,138,333,111,245,27,88,196,264,40,176,216,144,45,0,102,95,499,.414,.453,.307,.742,.544,.455,G,JR
42,Chris Thomas,1246,2002-03,Notre Dame,34,34,1246,211,523,131,315,80,208,135,155,34,101,135,236,62,8,142,80,637,.403,.416,.385,.871,.534,.480,G,SO
43,Keith Langford,1246,2002-03,Kansas,38,38,1246,240,453,218,377,22,76,101,159,83,102,185,75,34,31,73,84,603,.530,.578,.289,.635,.570,.554,G,SO
44,D.J. Augustin Jr,1245,2006-07,Texas,35,35,1245,154,343,109,241,45,102,150,179,21,78,99,233,53,3,115,81,503,.449,.452,.441,.838,.588,.515,G,FR
45,Jahsha Bluntt,1245,2005-06,Delaware State,35,34,1245,165,400,74,167,91,233,90,119,50,117,167,41,39,12,62,73,511,.413,.443,.391,.756,.560,.526,G,JR
46,Ben McCauley,1243,2006-07,NC State,36,36,1243,211,361,211,359,0,2,96,147,86,161,247,115,36,22,90,97,518,.584,.588,.000,.653,.601,.584,F,SO
47,Keydren Clark,1243,2005-06,Saint Peter's,32,32,1243,273,694,168,372,105,322,189,212,42,90,132,140,80,8,102,60,840,.393,.452,.326,.892,.529,.469,G,SR
48,Tristan Blackwood,1243,2006-07,Central Connecticut State,34,34,1243,182,464,60,150,122,314,97,105,29,56,85,140,42,1,105,65,583,.392,.400,.389,.924,.567,.524,G,JR
49,A.J. Abrams,1242,2006-07,Texas,35,35,1242,175,441,55,157,120,284,73,79,25,61,86,52,46,4,48,63,543,.397,.350,.423,.924,.567,.533,G,SO
50,David Hawkins,1242,2002-03,Temple,34,33,1242,184,453,126,263,58,190,148,188,45,100,145,95,85,10,106,81,574,.406,.479,.305,.787,.529,.470,G,JR
51,Kirk Hinrich,1241,2002-03,Kansas,37,37,1241,232,488,143,269,89,219,88,125,38,101,139,130,69,16,83,78,641,.475,.532,.406,.704,.586,.567,G,SR
52,Raymond Felton Jr,1240,2002-03,North Carolina,35,35,1240,151,379,82,186,69,193,79,114,29,114,143,236,56,9,130,92,450,.398,.441,.358,.693,.519,.489,G,FR
53,Tasmin Mitchell,1240,2005-06,Louisiana State,36,36,1240,162,365,134,270,28,95,60,81,73,128,201,100,53,18,83,85,412,.444,.496,.295,.741,.511,.482,F,FR
54,Brandon Costner,1239,2006-07,NC State,36,35,1239,193,407,132,246,61,161,158,219,55,209,264,64,29,26,112,103,605,.474,.537,.379,.721,.592,.549,F,FR
55,Jaron Brown,1237,2003-04,Pittsburgh,36,36,1237,165,338,151,273,14,65,76,116,87,106,193,102,65,9,83,81,420,.488,.553,.215,.655,.534,.509,G,SR
56,Gerry McNamara,1236,2002-03,Syracuse,35,35,1236,146,364,61,126,85,238,90,99,14,66,80,155,77,2,85,69,467,.401,.484,.357,.909,.568,.518,G,FR
57,Rob McKiver,1236,2006-07,Houston,33,32,1236,201,532,85,189,116,343,116,160,9,97,106,112,44,1,99,69,634,.378,.450,.338,.725,.521,.487,G,JR
58,Brandon Rush,1234,2006-07,Kansas,38,38,1234,186,420,111,246,75,174,79,116,58,154,212,76,15,34,78,60,526,.443,.451,.431,.681,.554,.532,G,SO
59,Derek Raivio,1233,2006-07,Gonzaga,34,34,1233,190,419,105,211,85,208,148,154,22,84,106,89,50,1,61,56,613,.453,.498,.409,.961,.623,.555,G,SR
60,Dwayne Lee,1233,2005-06,Saint Joseph's,33,33,1233,99,263,52,125,47,138,104,131,15,93,108,141,43,1,84,72,349,.376,.416,.341,.794,.537,.466,G,SR
61,Javier Mojica,1233,2006-07,Central Connecticut State,34,34,1233,204,455,133,280,71,175,92,122,63,178,241,108,52,8,87,82,571,.448,.475,.406,.754,.557,.526,G,SR
62,Gerry McNamara,1232,2005-06,Syracuse,35,35,1232,173,490,70,182,103,308,111,123,32,62,94,207,66,2,117,46,560,.353,.385,.334,.902,.511,.458,G,SR
63,Jeff Green,1232,2006-07,Georgetown,37,37,1232,196,382,160,286,36,96,100,129,62,174,236,117,30,43,96,92,528,.513,.559,.375,.775,.596,.560,F,JR
64,Nick Collison,1232,2002-03,Kansas,38,38,1232,281,507,268,469,13,38,127,200,125,255,380,84,44,74,92,95,702,.554,.571,.342,.635,.583,.567,F,SR
65,J.J. Redick,1231,2004-05,Duke,33,33,1231,202,495,81,195,121,300,196,209,14,94,108,86,35,2,82,37,721,.408,.415,.403,.938,.607,.530,G,JR
66,Mike Conley Jr,1231,2006-07,Ohio State,39,39,1231,160,309,139,240,21,69,100,144,27,107,134,238,87,10,86,60,441,.518,.579,.304,.694,.584,.552,G,FR
67,Jamar Butler,1230,2006-07,Ohio State,39,39,1230,104,264,28,62,76,202,47,55,15,65,80,142,38,4,59,55,331,.394,.452,.376,.855,.570,.538,G,JR
68,Daniel Gibson,1228,2005-06,Texas,37,37,1228,163,402,62,136,101,266,69,95,42,91,133,116,49,12,70,88,496,.405,.456,.380,.726,.555,.531,G,SO
69,Jahsha Bluntt,1228,2006-07,Delaware State,34,34,1228,169,400,90,174,79,226,110,134,57,109,166,53,40,6,67,79,527,.423,.517,.350,.821,.568,.521,G,SR
70,Jarrius Jackson,1228,2005-06,Texas Tech,32,32,1228,216,496,143,333,73,163,152,187,21,109,130,93,53,2,67,41,657,.435,.429,.448,.813,.562,.509,G,JR
71,Antoine Agudio,1227,2006-07,Hofstra,32,32,1227,219,476,119,245,100,231,108,156,34,95,129,78,36,4,73,58,646,.460,.486,.433,.692,.587,.565,G,JR
72,Nick Young,1227,2006-07,Southern California,37,36,1227,239,455,195,355,44,100,125,159,44,127,171,50,27,10,90,92,647,.525,.549,.440,.786,.610,.574,F,JR
73,Chris Thomas,1225,2003-04,Notre Dame,32,32,1225,211,548,117,280,94,268,114,138,24,111,135,150,50,3,77,60,630,.385,.418,.351,.826,.513,.471,G,JR
74,Will Franklin,1225,2006-07,Bradley,35,34,1225,174,411,86,208,88,203,76,93,26,76,102,140,48,0,69,48,512,.423,.413,.433,.817,.562,.530,G,SR
75,Andrew Bogut,1224,2004-05,Utah,35,35,1224,281,453,272,428,9,25,144,208,130,297,427,82,34,65,96,78,715,.620,.636,.360,.692,.648,.630,F,SO
76,Marc Jackson,1221,2004-05,Utah,35,33,1221,100,220,39,86,61,134,114,133,7,105,112,128,32,5,90,66,375,.455,.453,.455,.857,.662,.593,G,SR
77,Adrian Banks,1219,2006-07,Arkansas State,33,33,1219,232,468,135,264,97,204,134,183,25,119,144,63,29,3,85,39,695,.496,.511,.475,.732,.626,.599,G,JR
78,Brent Darby,1219,2002-03,Ohio State,32,32,1219,163,431,108,269,55,162,205,253,17,107,124,141,58,3,116,85,586,.378,.401,.340,.810,.532,.442,G,SR
79,Brandon Heath,1218,2006-07,San Diego State,33,33,1218,225,534,138,287,87,247,100,134,29,98,127,120,64,2,104,54,637,.421,.481,.352,.746,.533,.503,G,SR
80,Demetris Nichols,1217,2006-07,Syracuse,35,35,1217,225,503,125,263,100,240,113,133,50,140,190,54,49,37,77,73,663,.447,.475,.417,.850,.586,.547,F,SR
81,Pat Carroll,1217,2004-05,Saint Joseph's,35,35,1217,212,485,77,174,135,311,81,110,25,110,135,67,28,11,55,74,640,.437,.443,.434,.736,.596,.576,G,SR
82,Allan Ray,1216,2003-04,Villanova,35,34,1216,203,463,116,241,87,222,114,144,21,114,135,96,33,7,89,91,607,.438,.481,.392,.792,.571,.532,G,SO
83,Jessie Sapp,1215,2006-07,Georgetown,37,36,1215,123,290,83,155,40,135,51,81,32,116,148,128,45,5,67,79,337,.424,.535,.296,.630,.513,.493,G,SO
84,Eric Maynor,1214,2006-07,VCU,35,34,1214,161,380,138,321,23,59,140,180,22,126,148,224,48,7,73,75,485,.424,.430,.390,.778,.521,.454,G,SO
85,Lee Humphrey,1214,2006-07,Florida,40,40,1214,145,305,32,59,113,246,9,13,12,39,51,50,19,0,45,53,412,.475,.542,.459,.692,.662,.661,G,SR
86,Antoine Agudio,1212,2005-06,Hofstra,33,33,1212,194,432,103,216,91,216,87,122,23,74,97,90,35,3,92,43,566,.449,.477,.421,.713,.578,.554,G,SO
87,Loren Stokes,1212,2006-07,Hofstra,32,31,1212,230,484,203,406,27,78,164,242,38,142,180,98,37,10,85,65,651,.475,.500,.346,.678,.543,.503,G,SR
88,Mardy Collins,1212,2005-06,Temple,32,32,1212,202,468,160,331,42,137,90,151,46,104,150,127,89,6,65,71,536,.432,.483,.307,.596,.497,.476,G,SR
89,Bryce Taylor,1211,2006-07,Oregon,37,37,1211,180,348,126,220,54,128,109,132,61,109,170,64,37,7,55,78,523,.517,.573,.422,.826,.637,.595,G,JR
90,Francisco Garcia,1211,2004-05,Louisville,38,38,1211,187,428,116,234,71,194,150,171,45,113,158,148,65,56,104,110,595,.437,.496,.366,.877,.584,.520,F,JR
91,Martin Zeno,1211,2006-07,Texas Tech,34,33,1211,186,376,172,344,14,32,178,225,40,139,179,109,43,9,91,62,564,.495,.500,.438,.791,.584,.513,G,JR
92,Quincy Douby,1211,2005-06,Rutgers,33,33,1211,287,621,171,332,116,289,149,176,27,114,141,103,58,27,92,61,839,.462,.515,.401,.847,.595,.556,G,JR
93,Gerry McNamara,1209,2004-05,Syracuse,34,34,1209,160,433,53,118,107,315,111,127,14,65,79,168,63,2,99,62,538,.370,.449,.340,.874,.545,.493,G,JR
94,Jeff Horner,1209,2004-05,Iowa,33,32,1209,146,359,60,148,86,211,85,108,23,125,148,180,47,6,84,59,463,.407,.405,.408,.787,.564,.526,G,JR
95,Keith Simmons,1209,2006-07,Holy Cross,34,34,1209,190,382,139,236,51,146,145,189,79,117,196,63,77,23,62,77,576,.497,.589,.349,.767,.610,.564,G,SR
96,Ken Tutt,1209,2006-07,Oral Roberts,34,34,1209,184,447,100,230,84,217,99,135,12,74,86,84,36,4,94,58,551,.412,.435,.387,.733,.539,.506,G,SR
97,Tyrese Rice,1208,2006-07,Boston College,33,33,1208,185,404,126,221,59,183,151,190,30,83,113,178,40,10,110,56,580,.458,.570,.322,.795,.587,.531,G,SO
98,Garrett Temple,1207,2005-06,Louisiana State,36,35,1207,65,194,38,85,27,109,25,37,18,76,94,99,38,31,70,87,182,.335,.447,.248,.676,.430,.405,G,FR
99,Ryan Evanochko,1207,2006-07,Green Bay,33,33,1207,161,416,131,329,30,87,143,184,25,79,104,173,31,1,81,54,495,.387,.398,.345,.777,.492,.423,G,SR
100,Adam Morrison,1205,2005-06,Gonzaga,33,32,1205,306,617,232,444,74,173,240,311,47,135,182,56,35,11,76,66,926,.496,.523,.428,.772,.605,.556,F,JR
101,Mardy Collins,1205,2002-03,Temple,34,34,1205,153,414,108,263,45,151,56,83,27,72,99,87,65,8,66,86,407,.370,.411,.298,.675,.449,.424,G,FR
102,Anthony Rice,1204,2004-05,Memphis,38,38,1204,128,309,46,101,82,208,63,86,43,59,102,75,40,20,67,60,401,.414,.455,.394,.733,.573,.547,G,SR
103,Cliff Hammonds,1204,2006-07,Clemson,36,36,1204,152,327,77,129,75,198,38,59,19,98,117,147,60,6,59,72,417,.465,.597,.379,.644,.587,.580,G,JR
104,Ken Tutt,1203,2004-05,Oral Roberts,33,33,1203,197,461,115,252,82,209,87,100,12,57,69,80,34,4,77,59,563,.427,.456,.392,.870,.554,.516,G,SO
105,Marcus Hatten,1203,2002-03,St. John's (NY),34,32,1203,277,653,221,468,56,185,146,200,65,124,189,138,100,16,129,84,756,.424,.472,.303,.730,.505,.467,G,SR
106,Patrick Beverley,1203,2006-07,Arkansas,35,34,1203,150,351,77,162,73,189,112,138,39,117,156,110,61,14,70,77,485,.427,.475,.386,.812,.582,.531,G,FR
107,Bobby Kelly,1200,2006-07,Northeastern,32,32,1200,125,285,70,127,55,158,49,61,15,96,111,76,32,6,59,39,354,.439,.551,.348,.803,.564,.535,G,SR
108,Jamar Wilson,1199,2006-07,Albany (NY),33,33,1199,209,460,163,343,46,117,156,209,52,153,205,159,40,12,119,70,620,.454,.475,.393,.746,.554,.504,G,SR
109,John Lucas III,1199,2003-04,Oklahoma State,35,35,1199,183,402,108,210,75,192,86,97,20,77,97,158,37,0,65,39,527,.455,.514,.391,.887,.588,.549,G,JR
110,Shelden Williams,1198,2005-06,Duke,36,36,1198,237,410,235,404,2,6,201,270,117,267,384,39,60,137,89,114,677,.578,.582,.333,.744,.629,.580,F,SR
111,Taj Gibson,1198,2006-07,Southern California,37,37,1198,174,312,174,312,0,0,104,167,101,220,321,55,20,69,107,110,452,.558,.558,,.623,.578,.558,F,FR
112,Troy Bell,1198,2002-03,Boston College,31,31,1198,224,508,118,244,106,264,227,268,48,94,142,115,70,6,79,66,781,.441,.484,.402,.847,.615,.545,G,SR
113,Ben Jacobson,1196,2005-06,Northern Iowa,33,33,1196,158,406,100,229,58,177,93,120,18,111,129,124,51,5,86,53,467,.389,.437,.328,.775,.504,.461,G,SR
114,Guillermo Diaz,1196,2005-06,Miami (FL),34,34,1196,194,467,116,253,78,214,120,152,17,83,100,97,39,7,67,59,586,.415,.458,.364,.789,.543,.499,G,JR
115,Shannon Brown,1196,2005-06,Michigan State,34,34,1196,202,433,138,269,64,164,117,141,38,112,150,93,50,5,85,78,585,.467,.513,.390,.830,.585,.540,G,JR
116,Alex Ruoff,1195,2006-07,West Virginia,36,36,1195,123,310,54,105,69,205,56,70,15,110,125,191,72,20,78,78,371,.397,.514,.337,.800,.540,.508,G,SO
117,Courtney Fells,1195,2006-07,NC State,36,35,1195,140,311,95,175,45,136,66,86,22,116,138,48,40,28,63,93,391,.450,.543,.331,.767,.556,.523,G,SO
118,Dan Miller,1195,2002-03,Notre Dame,34,34,1195,166,382,107,216,59,166,82,114,40,154,194,81,30,11,67,70,473,.435,.495,.355,.719,.542,.512,G,SR
119,DaShaun Wood,1195,2006-07,Wright State,33,33,1195,223,513,164,355,59,158,143,162,35,132,167,131,64,6,84,59,648,.435,.462,.373,.883,.549,.492,G,SR
120,Brian Johnson,1192,2006-07,Delaware,31,31,1192,95,252,58,128,37,124,70,95,13,58,71,130,33,1,85,89,297,.377,.453,.298,.737,.500,.450,G,FR
121,John Lucas III,1192,2004-05,Oklahoma State,33,33,1192,204,452,104,220,100,232,76,84,19,63,82,135,36,1,53,58,584,.451,.473,.431,.905,.594,.562,G,SR
122,Jonathan Wallace,1191,2006-07,Georgetown,37,37,1191,140,276,67,127,73,149,68,78,25,75,100,113,29,2,84,75,421,.507,.528,.490,.872,.672,.639,G,JR
123,Maarty Leunen,1191,2006-07,Oregon,37,37,1191,134,285,93,186,41,99,92,117,86,218,304,77,51,23,58,87,401,.470,.500,.414,.786,.589,.542,F,JR
124,Ronald Steele,1191,2005-06,Alabama,31,31,1191,133,320,79,189,54,131,124,139,21,93,114,132,45,8,83,46,444,.416,.418,.412,.892,.575,.500,G,SO
125,David Lawrence,1189,2006-07,College of Charleston,33,33,1189,139,339,81,156,58,183,62,90,52,160,212,71,33,31,63,62,398,.410,.519,.317,.689,.521,.496,F,SR
126,Chris Duhon,1188,2002-03,Duke,33,32,1188,102,264,67,136,35,128,66,96,23,83,106,212,62,5,98,59,305,.386,.493,.273,.688,.493,.453,G,JR
127,Taliek Brown,1188,2003-04,Connecticut,39,39,1188,98,235,97,230,1,5,47,85,45,105,150,253,41,9,94,72,244,.417,.422,.200,.553,.443,.419,G,SR
128,Kevin Pittsnogle,1187,2005-06,West Virginia,33,33,1187,231,485,140,258,91,227,84,98,53,128,181,40,31,39,46,57,637,.476,.543,.401,.857,.599,.570,C,SR
129,Arron Afflalo,1186,2006-07,UCLA,36,36,1186,210,456,123,224,87,232,101,126,15,84,99,70,22,8,64,66,608,.461,.549,.375,.802,.589,.556,G,JR
130,Dontaye Draper,1186,2006-07,College of Charleston,33,33,1186,165,407,74,170,91,237,113,153,19,116,135,176,57,11,111,73,534,.405,.435,.384,.739,.557,.517,G,SR
131,Jarrett Jack,1185,2003-04,Georgia Tech,38,38,1185,145,318,115,223,30,95,154,192,19,166,185,213,74,5,116,81,474,.456,.516,.316,.802,.579,.503,G,SO
132,Caleb Green,1184,2006-07,Oral Roberts,34,34,1184,207,413,201,396,6,17,278,366,95,220,315,87,47,12,135,99,698,.501,.508,.353,.760,.595,.508,F,SR
133,Kevin Kanaskie,1184,2006-07,Middle Tennessee,32,32,1184,114,308,47,122,67,186,95,123,13,107,120,185,31,4,96,92,390,.370,.385,.360,.772,.532,.479,G,SO
134,Dee Brown,1183,2005-06,Illinois,33,33,1183,157,437,79,194,78,243,78,103,15,87,102,191,53,1,94,61,470,.359,.407,.321,.757,.484,.449,G,SR
135,Jerry Smith,1183,2006-07,Samford,32,32,1183,102,207,72,112,30,95,94,122,21,129,150,121,34,1,77,62,328,.493,.643,.316,.770,.619,.565,G,SR
136,Kammron Taylor,1182,2006-07,Wisconsin,36,36,1182,143,340,75,163,68,177,124,157,16,65,81,70,18,2,61,23,478,.421,.460,.384,.790,.576,.521,G,SR
137,Tommie Liddell,1182,2006-07,Saint Louis,33,31,1182,183,386,134,278,49,108,92,120,52,173,225,87,27,19,99,63,507,.474,.482,.454,.767,.572,.538,G,SO
138,Alando Tucker,1181,2006-07,Wisconsin,36,36,1181,256,545,216,422,40,123,164,249,78,118,196,73,33,10,60,45,716,.470,.512,.325,.659,.540,.506,G,SR
139,Oliver Lafayette,1181,2006-07,Houston,33,33,1181,149,421,74,191,75,230,100,132,47,149,196,102,78,8,66,101,473,.354,.387,.326,.758,.489,.443,G,SR
140,Quinton Day,1180,2006-07,Kansas City,32,31,1180,182,456,90,214,92,242,86,109,13,98,111,131,54,1,109,50,542,.399,.421,.380,.789,.534,.500,G,SR
141,Romain Sato,1180,2002-03,Xavier,32,32,1180,182,443,98,196,84,247,131,162,60,167,227,74,32,8,62,70,579,.411,.500,.340,.809,.557,.506,G,JR
142,Michael Kuebler,1179,2003-04,Hawaii,33,33,1179,210,465,113,223,97,242,81,111,30,75,105,77,25,8,67,44,598,.452,.507,.401,.730,.578,.556,G,SR
143,Julius Hodge,1177,2004-05,NC State,34,32,1177,197,400,183,345,14,55,169,253,85,140,225,162,48,24,89,75,577,.493,.530,.255,.668,.555,.510,G,SR
144,Louis Hinnant,1176,2005-06,Boston College,36,36,1176,90,186,47,86,43,100,47,68,20,79,99,167,31,10,74,61,270,.484,.547,.430,.691,.618,.599,G,SR
145,Adam Haluska,1173,2005-06,Iowa,34,34,1173,149,357,85,172,64,185,112,132,21,138,159,78,36,6,68,61,474,.417,.494,.346,.848,.565,.507,G,JR
146,Aaron Miles,1172,2002-03,Kansas,38,38,1172,119,292,95,194,24,98,78,104,12,113,125,244,91,8,123,74,340,.408,.490,.245,.750,.498,.449,G,SO
147,Blake Stepp,1172,2002-03,Gonzaga,33,33,1172,175,406,77,163,98,243,145,174,21,102,123,198,54,4,110,66,593,.431,.472,.403,.833,.607,.552,G,JR
148,Derrick Low,1170,2006-07,Washington State,34,34,1170,166,372,91,184,75,188,60,76,8,65,73,73,45,5,46,62,467,.446,.495,.399,.789,.572,.547,G,JR
149,Jason Williams,1170,2004-05,UTEP,35,35,1170,150,334,125,262,25,72,77,108,66,133,199,101,54,7,85,60,402,.449,.477,.347,.713,.522,.487,G,JR
150,Maurice Ager,1170,2005-06,Michigan State,34,34,1170,226,495,143,274,83,221,121,159,24,115,139,84,23,11,87,81,656,.457,.522,.376,.761,.575,.540,G,SR
151,Roy Bright,1170,2006-07,Delaware State,33,32,1170,187,425,130,251,57,174,81,102,50,111,161,33,27,18,56,60,512,.440,.518,.328,.794,.541,.507,F,JR
152,Eric Hicks,1169,2005-06,Cincinnati,34,34,1169,192,401,179,374,13,27,114,173,148,181,329,29,19,113,53,78,511,.479,.479,.481,.659,.529,.495,F,SR
153,Luke Ridnour,1169,2002-03,Oregon,33,33,1169,203,470,122,258,81,212,162,184,20,92,112,218,63,2,129,77,649,.432,.473,.382,.880,.582,.518,G,JR
154,Aurimas Kieza,1168,2005-06,Hofstra,33,33,1168,140,292,103,187,37,105,50,83,88,153,241,54,37,36,53,70,367,.479,.551,.352,.602,.554,.543,F,SR
155,David West,1168,2002-03,Xavier,32,32,1168,213,415,204,389,9,26,209,256,100,278,378,102,42,52,85,95,644,.513,.524,.346,.816,.600,.524,F,SR
156,Mike Trimboli,1168,2006-07,Vermont,33,33,1168,170,427,105,242,65,185,115,138,23,90,113,166,62,9,112,64,520,.398,.434,.351,.833,.528,.474,G,SO
157,Brandon Wallace,1167,2005-06,South Carolina,38,36,1167,122,244,106,177,16,67,30,54,100,133,233,86,30,73,42,78,290,.500,.599,.239,.556,.538,.533,F,JR
158,Gary Neal,1167,2006-07,Towson,32,32,1167,267,599,174,321,93,278,183,219,28,107,135,111,46,5,74,66,810,.446,.542,.335,.836,.576,.523,G,SR
159,Jason Richards,1167,2006-07,Davidson,34,34,1167,145,349,92,208,53,141,116,143,25,105,130,249,52,2,106,59,459,.415,.442,.376,.811,.550,.491,G,JR
160,Lorenzo Miles,1167,2006-07,Niagara,34,34,1167,138,356,77,177,61,179,102,144,34,84,118,120,40,1,76,87,439,.388,.435,.341,.708,.517,.473,G,SR
161,Nick Jacobson,1167,2003-04,Utah,33,33,1167,182,418,83,191,99,227,82,98,12,60,72,43,23,10,57,61,545,.435,.435,.436,.837,.587,.554,G,SR
162,Zac Schlader,1167,2004-05,Austin Peay,32,32,1167,159,321,159,320,0,1,89,118,71,146,217,73,16,42,78,89,407,.495,.497,.000,.754,.540,.495,C,JR
163,Emeka Okafor,1166,2003-04,Connecticut,36,36,1166,261,436,261,436,0,0,113,218,138,277,415,36,36,147,84,85,635,.599,.599,,.518,.588,.599,C,JR
164,Luis Flores,1166,2002-03,Manhattan,30,30,1166,231,508,175,363,56,145,221,245,49,120,169,87,58,11,98,69,739,.455,.482,.386,.902,.592,.510,G,JR
165,Mark Tyndale,1166,2005-06,Temple,32,32,1166,117,298,93,223,24,75,91,152,50,113,163,87,73,6,69,60,349,.393,.417,.320,.599,.471,.433,G,SO
166,Torey Thomas,1166,2005-06,Holy Cross,32,31,1166,114,291,80,195,34,96,91,134,35,133,168,153,77,1,86,84,353,.392,.410,.354,.679,.498,.450,G,JR
167,Darrin Shine,1165,2005-06,Delaware State,35,35,1165,98,231,64,132,34,99,58,73,35,71,106,156,55,1,95,76,288,.424,.485,.343,.795,.542,.498,G,JR
168,Tim Pollitz,1165,2006-07,Miami (OH),33,33,1165,234,408,232,405,2,3,61,93,63,123,186,56,33,19,92,74,531,.574,.573,.667,.656,.587,.576,F,JR
169,Brandon Heath,1164,2005-06,San Diego State,33,33,1164,204,481,106,241,98,240,101,119,21,90,111,114,49,1,119,54,607,.424,.440,.408,.849,.565,.526,G,JR
170,Demetris Nichols,1164,2005-06,Syracuse,35,35,1164,165,386,92,185,73,201,63,93,61,143,204,50,45,33,63,96,466,.427,.497,.363,.677,.542,.522,F,JR
171,Ike Diogu,1164,2004-05,Arizona State,32,32,1164,229,398,211,353,18,45,248,311,118,194,312,43,18,75,115,88,724,.575,.598,.400,.797,.663,.598,F,JR
172,Josh McRoberts,1164,2006-07,Duke,33,32,1164,164,327,159,304,5,23,97,146,69,191,260,114,39,82,80,83,430,.502,.523,.217,.664,.542,.509,F,SO
173,Cortney Scott,1163,2004-05,Oakland,32,32,1163,237,439,235,431,2,8,102,178,97,135,232,69,51,10,64,74,578,.540,.545,.250,.573,.552,.542,F,SR
174,Darren Brooks,1163,2004-05,Southern Illinois,35,35,1163,205,450,168,356,37,94,77,97,66,115,181,150,92,21,85,59,524,.456,.472,.394,.794,.528,.497,G,SR
175,Greg Paulus,1163,2005-06,Duke,36,33,1163,72,193,50,123,22,70,76,97,16,85,101,187,56,0,118,79,242,.373,.407,.314,.784,.506,.430,G,FR
176,Matt Crenshaw,1163,2003-04,IUPUI,32,32,1163,125,218,115,197,10,21,115,158,29,111,140,180,42,5,78,86,375,.573,.584,.476,.728,.640,.596,G,SR
177,Devin Harris,1162,2003-04,Wisconsin,32,32,1162,189,412,114,211,75,201,171,216,20,119,139,141,56,4,66,62,624,.459,.540,.373,.792,.606,.550,G,JR
178,Gabriel Moore,1162,2006-07,Indiana State,31,31,1162,105,302,65,187,40,115,107,133,17,57,74,121,55,3,79,61,357,.348,.348,.348,.805,.489,.414,G,JR
179,Ryan Gomes,1161,2004-05,Providence,31,31,1161,247,498,195,361,52,137,124,161,86,169,255,100,47,5,76,50,670,.496,.540,.380,.770,.583,.548,F,SR
180,Chris Quinn,1160,2005-06,Notre Dame,29,29,1160,174,387,104,220,70,167,95,109,24,85,109,187,45,3,77,61,513,.450,.473,.419,.872,.585,.540,G,SR
181,Turner Battle,1160,2004-05,Buffalo,33,32,1160,180,387,134,260,46,127,105,158,28,123,151,146,47,3,64,91,511,.465,.515,.362,.665,.553,.525,G,SR
182,Curtis Stinson,1159,2003-04,Iowa State,33,32,1159,219,457,202,398,17,59,79,120,70,129,199,143,55,6,127,79,534,.479,.508,.288,.658,.519,.498,G,FR
183,J. Robert Merritt,1159,2005-06,Samford,31,31,1159,180,386,60,134,120,252,65,80,29,131,160,53,33,2,58,49,545,.466,.448,.476,.813,.643,.622,F,SR
184,Akeem Clark,1158,2003-04,IUPUI,32,29,1158,161,381,52,116,109,265,75,96,51,81,132,46,26,2,65,81,506,.423,.448,.411,.781,.593,.566,G,JR
185,Julius Barnes,1158,2002-03,Stanford,33,33,1158,165,436,86,210,79,226,120,147,13,78,91,124,25,1,104,74,529,.378,.410,.350,.816,.523,.469,G,SR
186,Andres Rodriguez,1157,2003-04,American,31,31,1157,103,248,72,142,31,106,81,129,14,93,107,225,82,0,100,55,318,.415,.507,.292,.628,.514,.478,G,SR
187,Julian Sensley,1157,2003-04,Hawaii,33,33,1157,148,307,119,212,29,95,81,112,68,173,241,113,43,31,59,64,406,.482,.561,.305,.723,.564,.529,F,SO
188,Rawle Marshall,1157,2004-05,Oakland,32,31,1157,210,477,171,345,39,132,177,242,85,161,246,70,59,40,102,75,636,.440,.496,.295,.731,.537,.481,G,SR
189,Ayinde Ubaka,1156,2005-06,California,31,31,1156,140,339,79,175,61,164,110,132,7,86,93,119,22,0,71,54,451,.413,.451,.372,.833,.561,.503,G,JR
190,Hakim Warrick,1156,2003-04,Syracuse,31,31,1156,222,434,222,428,0,6,171,247,98,168,266,82,29,35,95,84,615,.512,.519,.000,.692,.558,.512,F,JR
191,Jared Dudley,1156,2003-04,Boston College,34,34,1156,131,282,113,225,18,57,125,173,101,124,225,95,44,8,71,70,405,.465,.502,.316,.723,.556,.496,F,FR
192,Justin Gray,1156,2005-06,Wake Forest,33,33,1156,180,490,85,227,95,263,146,175,17,103,120,141,33,4,111,82,601,.367,.374,.361,.834,.524,.464,G,SR
193,Carl Krauser,1155,2003-04,Pittsburgh,32,32,1155,153,377,105,233,48,144,139,179,27,129,156,145,52,2,96,79,493,.406,.451,.333,.777,.534,.469,G,SO
194,Darren Collison,1155,2006-07,UCLA,35,35,1155,149,312,98,198,51,114,94,116,11,68,79,199,78,3,102,53,443,.478,.495,.447,.810,.603,.559,G,SO
195,Loren Stokes,1155,2005-06,Hofstra,33,33,1155,233,474,206,397,27,77,81,136,46,121,167,93,52,14,98,80,574,.492,.519,.351,.596,.533,.520,G,JR
196,Tom Coverdale,1155,2002-03,Indiana,34,34,1155,119,313,44,98,75,215,92,112,18,106,124,152,26,2,64,68,405,.380,.449,.349,.821,.553,.500,G,SR
197,Marcus Banks III,1154,2002-03,UNLV,32,32,1154,223,434,182,312,41,122,162,214,18,89,107,175,91,4,126,87,649,.514,.583,.336,.757,.606,.561,G,SR
198,Matt Carroll,1154,2002-03,Notre Dame,34,34,1154,215,487,116,244,99,243,135,160,29,140,169,55,37,5,54,75,664,.441,.475,.407,.844,.590,.543,G,SR
199,Acie Law IV,1153,2006-07,Texas A&M,34,34,1153,216,432,178,349,38,83,144,185,8,105,113,169,39,1,88,83,614,.500,.510,.458,.778,.591,.544,G,SR
200,Dee Brown,1153,2003-04,Illinois,33,33,1153,160,389,89,184,71,205,49,73,34,89,123,147,51,3,65,66,440,.411,.484,.346,.671,.519,.503,G,SO
201,Rickey Paulding,1153,2002-03,Missouri,33,33,1153,199,442,124,249,75,193,100,125,63,120,183,71,24,13,79,75,573,.450,.498,.389,.800,.571,.535,G,JR
202,Steven Smith,1153,2004-05,La Salle,29,29,1153,206,481,172,365,34,116,142,176,86,160,246,60,47,23,122,83,588,.428,.471,.293,.807,.521,.464,F,JR
203,Tiras Wade,1153,2004-05,Louisiana–Lafayette,31,31,1153,215,463,138,265,77,198,121,147,89,99,188,41,42,8,71,78,628,.464,.521,.389,.823,.589,.548,G,JR
204,Alex Acker,1152,2004-05,Pepperdine,31,31,1152,183,407,124,270,59,137,91,106,44,157,201,114,40,15,82,58,516,.450,.459,.431,.858,.564,.522,G,JR
205,Frank Young,1152,2006-07,West Virginia,36,36,1152,189,425,72,155,117,270,56,77,45,112,157,65,49,7,61,71,551,.445,.465,.433,.727,.597,.582,F,SR
206,Jared Dudley,1152,2006-07,Boston College,30,30,1152,195,347,156,259,39,88,142,191,91,157,248,90,42,10,78,66,571,.562,.602,.443,.743,.652,.618,F,SR
207,J.J. Redick,1152,2003-04,Duke,37,35,1152,172,407,70,149,102,258,143,150,26,89,115,58,27,3,70,78,589,.423,.470,.395,.953,.616,.548,G,SO
208,Kyle Weaver,1152,2006-07,Washington State,34,33,1152,133,273,124,235,9,38,107,139,56,135,191,157,74,40,93,73,382,.487,.528,.237,.770,.563,.504,G,JR
209,Lodrick Stewart,1152,2006-07,Southern California,37,36,1152,186,406,109,231,77,175,61,84,15,114,129,45,39,14,61,70,510,.458,.472,.440,.726,.572,.553,G,SR
210,Ryan Gomes,1152,2002-03,Providence,32,32,1152,213,397,213,394,0,3,163,194,106,205,311,66,55,25,78,70,589,.537,.541,.000,.840,.602,.537,F,SO
211,Vincent Grier,1152,2004-05,Minnesota,32,30,1152,200,425,187,373,13,52,161,218,45,133,178,78,63,7,85,62,574,.471,.501,.250,.739,.543,.486,G,JR
212,Luc Richard Mbah a Moute,1151,2005-06,UCLA,39,38,1151,134,249,129,211,5,38,81,112,117,201,318,52,44,22,65,98,354,.538,.611,.132,.723,.586,.548,F,FR
213,Whitney Davis,1151,2006-07,Ohio,32,32,1151,132,297,98,204,34,93,92,133,33,68,101,72,40,4,71,43,390,.444,.480,.366,.692,.541,.502,G,SR
214,Marquis Webb,1150,2005-06,Rutgers,33,33,1150,103,258,56,128,47,130,59,76,29,76,105,90,32,3,54,76,312,.399,.438,.362,.776,.530,.490,G,JR
215,Paul Delaney,1150,2006-07,UAB,31,31,1150,157,342,138,268,19,74,148,209,32,118,150,160,59,10,110,81,481,.459,.515,.257,.708,.545,.487,G,JR
216,Bobby Brown,1149,2004-05,Cal State Fullerton,32,32,1149,193,466,108,222,85,244,67,81,11,72,83,149,42,3,105,72,538,.414,.486,.348,.827,.533,.505,G,SO
217,Chet Stachitas,1149,2005-06,Saint Joseph's,33,33,1149,135,330,60,145,75,185,95,118,19,65,84,73,39,7,49,78,440,.409,.414,.405,.805,.570,.523,G,SR
218,Jamaal Tatum,1149,2006-07,Southern Illinois,35,35,1149,172,395,101,221,71,174,116,149,30,74,104,85,41,0,83,63,531,.435,.457,.408,.779,.570,.525,G,SR
219,Luol Deng,1149,2003-04,Duke,37,32,1149,210,441,170,330,40,111,98,138,82,173,255,68,49,39,83,82,558,.476,.515,.360,.710,.551,.522,F,FR
220,Channing Frye,1148,2004-05,Arizona,37,37,1148,227,410,224,393,3,17,127,153,104,178,282,72,35,85,64,95,584,.554,.570,.176,.830,.605,.557,C,SR
221,Marquis Daniels,1148,2002-03,Auburn,34,34,1148,244,476,214,378,30,98,107,159,63,147,210,113,78,8,102,68,625,.513,.566,.306,.673,.567,.544,G,SR
222,Zabian Dowdell,1148,2006-07,Virginia Tech,34,33,1148,197,426,153,312,44,114,154,191,27,95,122,106,71,7,67,52,592,.462,.490,.386,.806,.573,.514,G,SR
223,Dion Harris,1147,2006-07,Michigan,35,33,1147,147,392,75,191,72,201,103,120,12,72,84,127,38,3,97,66,469,.375,.393,.358,.858,.522,.467,G,SR
224,Jerry Johnson,1147,2003-04,Rider,31,31,1147,190,460,106,250,84,210,115,141,18,88,106,121,50,5,96,57,579,.413,.424,.400,.816,.549,.504,G,JR
225,Will Thomas,1147,2006-07,George Mason,33,33,1147,178,284,178,283,0,1,84,135,66,161,227,73,21,21,52,45,440,.627,.629,.000,.622,.632,.627,F,JR
226,Wink Adams,1147,2006-07,UNLV,37,37,1147,165,430,98,243,67,187,117,155,37,105,142,85,55,5,71,74,514,.384,.403,.358,.755,.510,.462,G,SO
227,Brandon Ewing,1146,2006-07,Wyoming,31,31,1146,186,423,136,256,50,167,194,241,24,76,100,95,41,2,83,87,616,.440,.531,.299,.805,.573,.499,G,SO
228,Brandon Hunter,1146,2002-03,Ohio,30,30,1146,217,415,206,378,11,37,199,335,95,283,378,78,25,35,108,84,644,.523,.545,.297,.594,.561,.536,F,SR
229,Hakim Warrick,1146,2002-03,Syracuse,35,35,1146,197,364,197,363,0,1,124,186,112,185,297,57,49,44,92,94,518,.541,.543,.000,.667,.573,.541,F,SO
230,Chris Quinn,1145,2003-04,Notre Dame,32,25,1145,153,354,79,159,74,195,77,96,15,80,95,104,47,5,37,62,457,.432,.497,.379,.802,.572,.537,G,SO
231,Randy Foye,1145,2005-06,Villanova,33,33,1145,226,550,137,296,89,254,136,172,54,136,190,100,46,21,71,71,677,.411,.463,.350,.791,.536,.492,G,SR
232,Travis Diener,1145,2002-03,Marquette,33,33,1145,124,313,55,123,69,190,74,91,13,92,105,184,47,5,71,66,391,.396,.447,.363,.813,.549,.506,G,SO
233,Glen Davis,1144,2005-06,Louisiana State,36,36,1144,250,505,244,482,6,23,163,241,145,205,350,50,47,41,96,89,669,.495,.506,.261,.676,.540,.501,F,SO
234,Ibrahim Jaaber,1144,2006-07,Pennsylvania,31,31,1144,187,361,154,249,33,112,85,129,52,86,138,160,90,17,91,69,492,.518,.618,.295,.659,.583,.564,G,SR
235,Tamien Trent,1144,2004-05,Fairleigh Dickinson,33,33,1144,180,400,124,240,56,160,101,136,41,89,130,181,36,2,103,94,517,.450,.517,.350,.743,.556,.520,G,SR
236,Travis Walton,1144,2006-07,Michigan State,35,35,1144,74,164,61,125,13,39,63,81,18,73,91,191,42,0,86,81,224,.451,.488,.333,.778,.553,.491,G,SO
237,John Cox,1143,2004-05,San Francisco,31,31,1143,212,512,135,301,77,211,120,165,37,92,129,78,30,5,76,49,621,.414,.449,.365,.727,.526,.489,G,SR
238,Adam Leonard,1142,2006-07,Eastern Kentucky,33,33,1142,135,330,31,67,104,263,38,46,13,71,84,86,55,2,67,47,412,.409,.463,.395,.826,.585,.567,G,FR
239,Jeremy Pargo,1142,2006-07,Gonzaga,34,34,1142,142,292,120,233,22,59,104,142,14,132,146,156,48,3,111,88,410,.486,.515,.373,.732,.570,.524,G,SO
240,Raymond Felton Jr,1142,2004-05,North Carolina,36,35,1142,150,330,80,171,70,159,94,134,23,132,155,249,72,11,129,71,464,.455,.468,.440,.701,.589,.561,G,JR
241,Antywane Robinson,1141,2005-06,Temple,32,32,1141,149,373,67,149,82,224,26,32,49,110,159,25,39,25,14,54,406,.399,.450,.366,.813,.523,.509,F,SR
242,Courtney Pigram,1141,2006-07,East Tennessee State,34,34,1141,218,535,132,297,86,238,92,135,29,106,135,127,89,3,109,65,614,.407,.444,.361,.681,.512,.488,G,SO
243,Engin Atsur,1141,2004-05,NC State,35,35,1141,110,271,43,96,67,175,43,56,21,71,92,86,57,5,43,92,330,.406,.448,.383,.768,.554,.530,G,SO
244,Hollis Price,1141,2002-03,Oklahoma,34,34,1141,194,428,100,211,94,217,130,140,16,77,93,96,54,6,69,65,612,.453,.474,.433,.929,.619,.563,G,SR
245,Tim Smith,1141,2003-04,East Tennessee State,32,31,1141,205,488,172,377,33,111,122,162,38,104,142,145,82,3,127,52,565,.420,.456,.297,.753,.500,.454,G,SO
246,Sammy Mejia,1140,2006-07,DePaul,34,34,1140,188,391,146,272,42,119,62,103,74,128,202,89,35,4,65,72,480,.481,.537,.353,.602,.546,.535,G,SR
247,Tajuan Porter,1140,2006-07,Oregon,35,31,1140,161,391,51,139,110,252,80,88,14,54,68,71,29,0,88,54,512,.412,.367,.437,.909,.591,.552,G,FR
248,Herb Courtney,1139,2006-07,Delaware,31,31,1139,191,451,150,322,41,129,139,196,52,196,248,39,45,54,88,87,562,.424,.466,.318,.709,.516,.469,F,JR
249,Calvin Cage,1138,2005-06,Buffalo,32,29,1138,178,440,89,223,89,217,147,177,18,79,97,80,43,1,96,69,592,.405,.399,.410,.831,.565,.506,G,SR
250,Daniel Ewing,1138,2004-05,Duke,33,32,1138,181,424,112,225,69,199,74,107,23,81,104,132,65,13,98,99,505,.427,.498,.347,.692,.532,.508,G,SR
251,Lee Humphrey,1138,2005-06,Florida,38,32,1138,142,299,29,53,113,246,18,30,10,61,71,72,28,0,39,43,415,.475,.547,.459,.600,.662,.664,G,JR
252,Nate Funk,1138,2006-07,Creighton,33,33,1138,202,423,147,272,55,151,126,146,25,90,115,99,41,3,71,48,585,.478,.540,.364,.863,.594,.543,G,SR
253,Ronald Ross,1138,2004-05,Texas Tech,33,31,1138,232,447,192,354,40,93,74,97,45,135,180,99,86,3,56,61,578,.519,.542,.430,.763,.586,.564,G,SR
254,Tim Anderson,1138,2006-07,Air Force,35,35,1138,102,212,70,120,32,92,82,96,39,82,121,101,62,13,46,69,318,.481,.583,.348,.854,.617,.557,G,JR
255,Andre Barrett,1137,2002-03,Seton Hall,30,30,1137,162,374,106,222,56,152,122,146,24,91,115,159,45,4,103,56,502,.433,.477,.368,.836,.566,.508,G,JR
256,Jawad Williams,1137,2002-03,North Carolina,34,33,1137,182,406,137,270,45,136,97,129,54,137,191,67,35,37,60,72,506,.448,.507,.331,.752,.541,.504,F,SO
257,Mardy Collins,1137,2003-04,Temple,29,29,1137,171,454,124,292,47,162,61,102,24,119,143,75,51,4,49,60,450,.377,.425,.290,.598,.448,.428,G,SO
258,Matt McCraw,1137,2006-07,Air Force,33,33,1137,111,244,39,89,72,155,66,75,15,104,119,101,30,1,47,55,360,.455,.438,.465,.880,.644,.602,G,SR
259,Jeff Newton,1136,2002-03,Indiana,34,34,1136,171,396,160,359,11,37,154,206,74,206,280,69,23,52,77,98,507,.432,.446,.297,.748,.513,.446,F,SR
260,Mike Skrocki,1136,2003-04,Richmond,33,33,1136,161,397,83,176,78,221,127,155,22,83,105,65,29,6,58,67,527,.406,.472,.353,.819,.560,.504,F,SR
261,Tyler Hansbrough,1136,2006-07,North Carolina,38,38,1136,228,434,227,430,1,4,242,315,117,184,301,45,41,17,74,90,699,.525,.528,.250,.768,.599,.526,F,SO
262,Mike Nardi,1134,2003-04,Villanova,35,35,1134,104,245,46,104,58,141,82,99,11,71,82,130,22,2,106,66,348,.424,.442,.411,.828,.596,.543,G,FR
263,Josh Pace,1133,2004-05,Syracuse,34,34,1133,169,296,169,293,0,3,30,54,64,106,170,128,51,15,67,53,368,.571,.577,.000,.556,.572,.571,G,SR
264,Kennedy Winston,1133,2003-04,Alabama,33,33,1133,193,429,145,308,48,121,128,177,54,127,181,64,28,9,72,67,562,.450,.471,.397,.723,.548,.506,F,SO
265,T.J. Sorrentine,1133,2004-05,Vermont,31,31,1133,196,491,80,201,116,290,73,90,17,85,102,131,30,0,87,56,581,.399,.398,.400,.811,.544,.517,G,SR
266,Vernon Hamilton,1133,2006-07,Clemson,36,36,1133,178,380,141,259,37,121,49,100,25,88,113,122,70,3,95,58,442,.468,.544,.306,.490,.517,.517,G,SR
267,Matt Janning,1132,2006-07,Northeastern,32,31,1132,130,314,75,158,55,156,55,76,39,106,145,90,29,7,79,60,370,.414,.475,.353,.724,.528,.502,G,FR
268,Ramod Marshall,1132,2003-04,Dayton,32,32,1132,148,419,81,201,67,218,104,140,14,74,88,165,24,2,91,59,467,.353,.403,.307,.743,.481,.433,G,SR
269,B.A. Walker,1131,2006-07,VCU,35,35,1131,179,389,87,167,92,222,67,79,32,69,101,66,35,7,43,66,517,.460,.521,.414,.848,.606,.578,G,SR
270,Daniel Ewing,1131,2003-04,Duke,37,32,1131,151,362,77,182,74,180,92,124,36,60,96,69,52,5,64,107,468,.417,.423,.411,.742,.556,.519,G,JR
271,Dion Harris,1131,2004-05,Michigan,31,30,1131,152,416,83,209,69,207,71,94,13,73,86,110,34,5,90,64,444,.365,.397,.333,.755,.482,.448,G,SO
272,Rodney Carney,1131,2004-05,Memphis,38,28,1131,211,519,135,285,76,234,109,141,63,127,190,44,39,28,55,79,607,.407,.474,.325,.773,.518,.480,F,JR
273,Shane Power,1131,2004-05,Mississippi State,34,34,1131,131,308,74,159,57,149,57,80,46,95,141,83,30,3,55,47,376,.425,.465,.383,.713,.543,.518,F,SR
274,Steve Burtt Jr,1131,2004-05,Iona,31,31,1131,186,437,106,236,80,201,145,172,15,109,124,72,38,2,78,68,597,.426,.449,.398,.843,.575,.517,G,JR
275,Terrell Everett,1131,2004-05,Oklahoma,33,32,1131,144,317,119,248,25,69,100,125,40,118,158,166,57,10,93,75,413,.454,.480,.362,.800,.549,.494,G,JR
276,Dominic James,1130,2006-07,Marquette,34,34,1130,171,445,121,261,50,184,114,175,20,84,104,167,64,5,89,72,506,.384,.464,.272,.651,.479,.440,G,SO
277,Jared Jordan,1130,2005-06,Marist,29,29,1130,167,343,106,180,61,163,72,97,32,106,138,247,50,1,92,46,467,.487,.589,.374,.742,.600,.576,G,JR
278,Michael Boynton,1130,2003-04,South Carolina,34,33,1130,92,226,13,32,79,194,72,97,11,89,100,115,44,4,69,96,335,.407,.406,.407,.742,.616,.582,G,SR
279,Ryan Evanochko,1130,2005-06,Green Bay,31,31,1130,170,382,140,296,30,86,121,155,24,85,109,160,23,6,84,57,491,.445,.473,.349,.781,.539,.484,G,JR
280,Alex Wesby,1129,2002-03,Temple,34,34,1129,164,390,111,238,53,152,45,78,70,127,197,72,39,10,52,78,426,.421,.466,.349,.577,.499,.488,F,SR
281,Derek Raivio,1129,2004-05,Gonzaga,31,31,1129,112,262,35,94,77,168,102,113,12,70,82,149,49,2,66,67,403,.427,.372,.458,.903,.638,.574,G,SO
282,Jamont Gordon,1129,2006-07,Mississippi State,35,35,1129,181,432,139,311,42,121,157,222,43,207,250,187,46,20,123,85,561,.419,.447,.347,.707,.522,.468,G,SO
283,Mardy Collins,1129,2004-05,Temple,30,29,1129,192,462,144,288,48,174,94,146,58,119,177,109,85,11,75,68,526,.416,.500,.276,.644,.495,.468,G,JR
284,Avery Sheets,1128,2005-06,Butler,33,33,1128,114,260,52,107,62,153,27,31,22,72,94,109,40,1,40,66,317,.438,.486,.405,.871,.577,.558,G,SR
285,Brandon Ewing,1128,2005-06,Wyoming,32,32,1128,126,292,92,179,34,113,137,173,21,90,111,89,50,1,71,75,423,.432,.514,.301,.792,.565,.490,G,FR
286,Dan Nwaelele,1128,2006-07,Air Force,35,35,1128,163,316,87,147,76,169,97,119,25,97,122,64,31,8,59,60,499,.516,.592,.450,.815,.670,.636,F,SR
287,Jamie McNeilly,1128,2006-07,New Orleans,30,30,1128,157,350,95,197,62,153,78,98,17,95,112,90,48,6,59,74,454,.449,.482,.405,.796,.572,.537,G,SR
288,John Goldsberry,1128,2005-06,UNC Wilmington,33,33,1128,109,249,44,75,65,174,88,128,28,97,125,172,67,1,76,65,371,.438,.587,.374,.688,.599,.568,G,SR
289,Josh Childress,1128,2002-03,Stanford,33,33,1128,168,393,120,249,48,144,82,114,73,193,266,70,39,46,65,73,466,.427,.482,.333,.719,.521,.489,F,SO
290,Tim Barnes,1128,2002-03,Iowa State,31,30,1128,136,322,79,173,57,149,22,40,5,107,112,154,40,4,86,57,351,.422,.457,.383,.550,.515,.511,G,JR
291,Antoine Hood,1127,2005-06,Air Force,31,31,1127,171,315,134,219,37,96,83,113,30,85,115,86,47,7,65,62,462,.543,.612,.385,.735,.627,.602,G,SR
292,Brandon Cole,1127,2003-04,IUPUI,31,31,1127,116,302,56,127,60,175,45,59,72,150,222,49,32,10,46,68,337,.384,.441,.343,.763,.511,.483,G,SO
293,David Hawkins,1127,2003-04,Temple,29,29,1127,224,571,140,295,84,276,177,234,47,102,149,81,78,9,75,65,709,.392,.475,.304,.756,.520,.466,G,SR
294,Martin Zeno,1127,2005-06,Texas Tech,32,31,1127,161,344,156,327,5,17,112,154,49,122,171,91,45,13,79,70,439,.468,.477,.294,.727,.526,.475,G,SO
295,Robert Hite II,1127,2005-06,Miami (FL),34,34,1127,201,446,116,239,85,207,71,87,46,152,198,48,50,10,55,78,558,.451,.485,.411,.816,.573,.546,G,SR
296,Taylor Coppenrath,1127,2004-05,Vermont,31,31,1127,271,524,262,491,9,33,226,295,135,142,277,60,38,21,54,63,777,.517,.534,.273,.766,.585,.526,F,SR
297,Brian Swift,1126,2004-05,South Florida,30,30,1126,160,386,84,177,76,209,80,93,9,87,96,161,35,1,86,65,476,.415,.475,.364,.860,.553,.513,G,SR
298,Daniel Horton,1126,2005-06,Michigan,33,33,1126,187,418,116,238,71,180,136,151,10,74,84,174,64,11,115,75,581,.447,.487,.394,.901,.593,.532,G,SR
299,Jarrius Jackson,1126,2004-05,Texas Tech,33,33,1126,179,381,135,285,44,96,102,127,21,90,111,114,35,5,62,53,504,.470,.474,.458,.803,.571,.528,G,SO
300,Joe Zeglinski,1126,2006-07,Hartford,31,31,1126,137,378,68,141,69,237,52,74,53,97,150,38,46,4,33,77,395,.362,.482,.291,.703,.478,.454,G,FR
301,Julian Mascoll,1126,2006-07,Eastern Kentucky,33,33,1126,142,255,121,190,21,65,61,108,24,103,127,160,72,19,131,46,366,.557,.637,.323,.565,.597,.598,F,SR
302,Paul Millsap,1126,2005-06,Louisiana Tech,33,33,1126,258,452,253,438,5,14,127,204,197,241,438,36,62,76,83,101,648,.571,.578,.357,.623,.590,.576,F,JR
303,Salim Stoudamire,1126,2004-05,Arizona,36,33,1126,210,417,90,179,120,238,122,134,9,74,83,78,30,4,85,66,662,.504,.503,.504,.910,.689,.647,G,SR
304,Brandon Miller,1125,2002-03,Butler,33,33,1125,122,278,65,140,57,138,93,114,7,76,83,112,35,3,72,75,394,.439,.464,.413,.816,.593,.541,G,SR
305,Charles Richardson,1125,2006-07,Nebraska,31,31,1125,73,193,45,106,28,87,68,81,14,90,104,179,56,2,71,69,242,.378,.425,.322,.840,.523,.451,G,SR
306,Ellis Myles,1125,2004-05,Louisville,37,37,1125,123,243,123,238,0,5,137,240,129,212,341,124,50,31,112,114,383,.506,.517,.000,.571,.536,.506,F,SR
307,Jordan Farmar,1125,2005-06,UCLA,37,37,1125,172,420,109,231,63,189,91,127,21,74,95,189,41,9,135,63,498,.410,.472,.333,.717,.518,.485,G,SO
308,J.R. Duffey,1125,2006-07,Niagara,35,35,1125,121,295,64,133,57,162,62,88,79,114,193,46,27,4,50,87,361,.410,.481,.352,.705,.536,.507,F,SR
309,Justin Ingram,1125,2006-07,Toledo,32,32,1125,155,417,86,185,69,232,85,111,18,123,141,91,67,9,72,71,464,.372,.465,.297,.766,.494,.454,G,SR
310,Keydren Clark,1125,2003-04,Saint Peter's,29,28,1125,233,562,121,267,112,295,197,235,29,95,124,125,51,4,98,57,775,.415,.453,.380,.838,.575,.514,G,SO
311,Kyle Williams,1125,2002-03,Howard,30,30,1125,171,455,122,273,49,182,63,97,29,114,143,75,43,16,100,88,454,.376,.447,.269,.649,.453,.430,G,SR
312,Terrance Mouton,1125,2006-07,Rider,30,30,1125,125,327,64,157,61,170,79,101,13,99,112,128,25,2,78,79,390,.382,.408,.359,.782,.520,.476,G,SR
313,DaShaun Wood,1124,2004-05,Wright State,30,30,1124,163,338,138,271,25,67,105,154,20,134,154,111,48,3,85,64,456,.482,.509,.373,.682,.555,.519,G,SO
314,E.J. Rowland,1124,2004-05,St. Mary's (CA),34,34,1124,117,306,86,205,31,101,108,156,26,104,130,132,54,4,102,67,373,.382,.420,.307,.692,.491,.433,G,SR
315,JamesOn Curry,1124,2005-06,Oklahoma State,33,33,1124,159,400,95,230,64,170,63,90,13,80,93,132,38,6,110,68,445,.398,.413,.376,.700,.503,.478,G,SO
316,Jared Homan,1124,2004-05,Iowa State,31,31,1124,159,370,158,360,1,10,102,146,90,180,270,33,26,64,61,86,421,.430,.439,.100,.699,.479,.431,C,SR
317,Michael Watson,1124,2002-03,Kansas City,29,28,1124,247,656,129,319,118,337,128,170,23,85,108,109,41,6,106,70,740,.377,.404,.350,.753,.502,.466,F,JR
318,Omar Thomas,1124,2004-05,UTEP,35,34,1124,248,484,235,452,13,32,207,245,82,151,233,51,57,12,57,78,716,.512,.520,.406,.845,.596,.526,F,SR
319,Ron Lewis,1124,2006-07,Ohio State,39,38,1124,152,356,88,170,64,186,126,162,29,111,140,50,37,13,63,48,494,.427,.518,.344,.778,.571,.517,G,SR
320,Steve Esterkamp,1124,2002-03,Ohio,30,30,1124,150,344,86,187,64,157,77,94,44,101,145,53,42,9,65,96,441,.436,.460,.408,.819,.567,.529,G,SR
321,Josh Fisher,1123,2003-04,Saint Louis,32,32,1123,114,271,74,154,40,117,107,131,22,114,136,138,54,5,73,78,375,.421,.481,.342,.817,.563,.494,G,SR
322,Richie Williams,1123,2006-07,San Diego State,33,32,1123,73,165,35,82,38,83,47,63,29,104,133,151,69,3,100,93,231,.442,.427,.458,.746,.593,.558,G,SO
323,Terrence Williams,1123,2006-07,Louisville,34,34,1123,158,431,109,243,49,188,58,96,71,167,238,129,43,23,81,72,423,.367,.449,.261,.604,.444,.423,F,SO
324,Ayinde Ubaka,1122,2006-07,California,33,32,1122,152,361,93,196,59,165,90,116,14,85,99,142,24,1,67,50,453,.421,.474,.358,.776,.544,.503,G,SR
325,Bryan Mullins,1122,2006-07,Southern Illinois,36,36,1122,74,184,46,108,28,76,50,67,14,58,72,126,49,1,67,92,226,.402,.426,.368,.746,.524,.478,G,SO
326,Chauncey Leslie,1122,2002-03,Iowa,31,31,1122,179,364,154,278,25,86,107,137,41,99,140,89,45,15,77,74,490,.492,.554,.291,.781,.571,.526,G,SR
327,Gerry McNamara,1122,2003-04,Syracuse,31,31,1122,153,398,48,128,105,270,123,141,11,69,80,118,52,1,79,64,534,.384,.375,.389,.872,.574,.516,G,SO
328,Jacob Burtschi,1122,2006-07,Air Force,35,35,1122,168,337,106,178,62,159,75,97,49,161,210,80,55,3,35,84,473,.499,.596,.390,.773,.617,.591,F,SR
329,Jon Iati,1122,2003-04,Albany (NY),28,28,1122,145,409,77,192,68,217,34,45,5,50,55,84,21,0,90,42,392,.355,.401,.313,.756,.455,.438,G,FR
330,Nathan Peavy,1122,2006-07,Miami (OH),33,33,1122,165,312,140,243,25,69,109,149,46,163,209,31,24,39,61,97,464,.529,.576,.362,.732,.606,.569,F,SR
331,Luis Flores,1121,2003-04,Manhattan,31,31,1121,234,529,166,347,68,182,208,241,36,86,122,50,60,4,73,76,744,.442,.478,.374,.863,.578,.507,G,SR
332,Mark Campbell,1121,2002-03,Hawaii,31,31,1121,48,122,35,76,13,46,57,72,25,71,96,192,51,6,74,78,166,.393,.461,.283,.792,.531,.447,G,SR
333,Brandon Jenkins,1120,2005-06,Louisville,34,34,1120,126,284,78,160,48,124,80,111,26,88,114,99,54,6,59,79,380,.444,.488,.387,.721,.564,.528,G,JR
334,Chaz McCrommon,1120,2004-05,Robert Morris,29,29,1120,186,415,153,320,33,95,80,120,59,114,173,67,44,33,69,54,485,.448,.478,.347,.667,.514,.488,F,SR
335,Frank Turner,1120,2006-07,Canisius,31,25,1120,128,280,111,238,17,42,95,147,52,91,143,167,49,5,118,67,368,.457,.466,.405,.646,.526,.488,G,FR
336,Kevin Hamilton,1120,2005-06,Holy Cross,31,30,1120,160,420,97,230,63,190,164,211,41,155,196,108,102,14,118,82,547,.381,.422,.332,.777,.526,.456,G,SR
337,Andre Barrett,1119,2003-04,Seton Hall,31,31,1119,187,411,114,221,73,190,89,117,27,93,120,183,44,3,82,62,536,.455,.516,.384,.761,.574,.544,G,SR
338,Drew Neitzel,1119,2005-06,Michigan State,34,34,1119,98,240,52,126,46,114,41,44,12,57,69,189,20,3,66,60,283,.408,.413,.404,.932,.542,.504,G,SO
339,Ed Tyson,1119,2006-07,Maryland Eastern Shore,31,31,1119,172,460,115,280,57,180,108,154,48,84,132,52,32,1,86,76,509,.374,.411,.317,.701,.477,.436,G,SO
340,James Holmes,1119,2005-06,South Florida,29,28,1119,171,447,103,249,68,198,72,109,23,66,89,65,53,1,115,81,482,.383,.414,.343,.661,.483,.459,G,SR
341,Kirk Penney,1119,2002-03,Wisconsin,32,32,1119,183,410,121,249,62,161,91,121,19,172,191,100,25,5,80,53,519,.446,.486,.385,.752,.555,.522,G,SR
342,Aaron Thomas,1118,2003-04,Robert Morris,29,29,1118,135,286,57,115,78,171,55,67,41,160,201,39,24,9,46,57,403,.472,.496,.456,.821,.634,.608,F,SR
343,Chaz McCrommon,1118,2003-04,Robert Morris,29,29,1118,186,358,157,285,29,73,92,119,54,99,153,74,21,17,84,57,493,.520,.551,.397,.773,.595,.560,F,JR
344,Jason Gardner,1118,2002-03,Arizona,32,32,1118,146,372,80,173,66,199,114,147,16,112,128,158,58,0,91,48,472,.392,.462,.332,.776,.534,.481,G,SR
345,Johnathon Jones,1118,2006-07,Oakland,33,33,1118,108,285,72,199,36,86,58,75,16,74,90,119,36,6,96,95,310,.379,.362,.419,.773,.483,.442,G,FR
346,Leroy Hurd,1118,2003-04,UTSA,33,33,1118,211,440,168,329,43,111,174,222,76,188,264,56,32,14,113,97,639,.480,.511,.387,.784,.586,.528,F,SR
347,Tyler McKinney,1118,2004-05,Creighton,34,34,1118,66,167,36,80,30,87,57,84,14,75,89,184,43,4,77,80,219,.395,.450,.345,.679,.529,.485,G,SR
348,Aaron Miles,1117,2003-04,Kansas,33,33,1117,100,249,72,165,28,84,72,103,17,108,125,242,63,3,89,55,300,.402,.436,.333,.699,.503,.458,G,JR
349,Akbar Abdul-Ahad,1117,2006-07,Idaho State,30,30,1117,120,302,41,98,79,204,76,99,8,72,80,122,42,1,78,37,395,.397,.418,.387,.768,.566,.528,G,SR
350,Craig Smith,1117,2003-04,Boston College,34,34,1117,235,425,228,406,7,19,99,173,83,200,283,46,51,30,65,93,576,.553,.562,.368,.572,.568,.561,F,SO
351,Dan Oppland,1117,2004-05,Valparaiso,31,31,1117,211,406,178,328,33,78,122,158,81,131,212,37,17,10,56,88,577,.520,.543,.423,.772,.600,.560,F,JR
352,Jason Parker,1117,2002-03,Tulsa,33,33,1117,167,387,115,235,52,152,123,146,19,87,106,134,62,6,79,61,509,.432,.489,.342,.842,.558,.499,G,JR
353,Lamar Butler,1117,2005-06,George Mason,35,35,1117,149,328,76,135,73,193,44,60,9,79,88,76,31,8,68,64,415,.454,.563,.378,.733,.582,.566,G,SR
354,Ron Williamson,1117,2002-03,Howard,30,30,1117,197,478,93,241,104,237,152,176,26,59,85,70,44,1,72,61,650,.412,.386,.439,.864,.579,.521,G,SR
355,Will Thomas,1117,2005-06,George Mason,35,35,1117,174,300,174,299,0,1,64,124,78,174,252,40,23,26,39,55,412,.580,.582,.000,.516,.574,.580,F,SO
356,Gary Ervin,1116,2006-07,Arkansas,35,29,1116,117,253,83,161,34,92,78,114,29,96,125,169,40,4,100,66,346,.462,.516,.370,.684,.563,.530,G,JR
357,Harding Nana,1116,2004-05,Delaware,31,31,1116,200,441,147,275,53,166,121,171,74,248,322,42,34,42,95,89,574,.454,.535,.319,.708,.550,.514,F,JR
358,Jake Sullivan,1116,2003-04,Iowa State,33,33,1116,159,364,77,150,82,214,83,89,6,58,64,54,15,2,45,48,483,.437,.513,.383,.933,.594,.549,G,SR
359,Jamar Wilson,1116,2005-06,Albany (NY),32,32,1116,171,377,122,242,49,135,176,207,31,127,158,125,43,7,117,88,567,.454,.504,.363,.850,.596,.519,G,JR
360,Jermaine Blackburn,1116,2004-05,Boise State,34,34,1116,197,457,155,332,42,125,87,125,65,87,152,94,24,10,116,69,523,.431,.467,.336,.696,.506,.477,G,SR
361,Michael Van Schaick,1116,2006-07,Fairfield,32,32,1116,154,344,66,122,88,222,96,112,51,75,126,63,38,7,48,58,492,.448,.541,.396,.857,.619,.576,G,SR
362,Tremmell Darden,1116,2003-04,Niagara,32,32,1116,184,386,134,252,50,134,157,215,63,111,174,95,27,34,82,83,575,.477,.532,.373,.730,.589,.541,G,SR
363,Drake Diener,1115,2003-04,DePaul,32,32,1115,131,259,63,111,68,148,74,85,27,84,111,79,23,3,43,70,404,.506,.568,.459,.871,.675,.637,G,JR
364,Terrence Roberts,1115,2005-06,Syracuse,35,35,1115,159,285,157,279,2,6,56,133,104,163,267,56,48,45,69,115,376,.558,.563,.333,.421,.540,.561,F,JR
365,T.J. Sorrentine,1115,2003-04,Vermont,31,31,1115,152,419,74,192,78,227,76,97,8,79,87,142,39,1,93,58,458,.363,.385,.344,.784,.492,.456,G,JR
366,Andre Owens,1114,2004-05,Houston,32,30,1114,195,485,95,205,100,280,95,132,46,109,155,67,42,5,61,88,585,.402,.463,.357,.720,.534,.505,G,SR
367,Anthony Fisher,1114,2006-07,Tennessee Tech,32,32,1114,160,384,98,198,62,186,167,209,23,99,122,136,32,4,82,75,549,.417,.495,.333,.799,.568,.497,G,JR
368,Craig Franklin,1114,2003-04,Chicago State,32,29,1114,149,368,109,255,40,113,120,159,33,87,120,86,37,5,89,86,458,.405,.427,.354,.755,.516,.459,G,JR
369,Fernandez Lockett,1114,2006-07,Austin Peay,33,33,1114,145,292,136,256,9,36,93,129,84,177,261,60,40,24,60,61,392,.497,.531,.250,.721,.555,.512,F,JR
370,Larry O'Bannon,1114,2004-05,Louisville,38,38,1114,179,365,94,165,85,200,133,157,26,106,132,75,34,9,64,82,576,.490,.570,.425,.847,.655,.607,F,SR
371,Mike Gansey,1114,2005-06,West Virginia,33,33,1114,204,371,129,196,75,175,72,105,65,124,189,64,62,10,43,32,555,.550,.658,.429,.686,.659,.651,F,SR
372,Trey Johnson III,1114,2005-06,Jackson State,32,31,1114,255,560,188,408,67,152,174,232,52,103,155,73,46,2,86,71,751,.455,.461,.441,.750,.560,.515,G,JR
373,Brad Jones,1113,2006-07,Wyoming,30,30,1113,157,396,125,293,32,103,198,253,40,113,153,135,45,2,130,90,544,.396,.427,.311,.783,.527,.437,G,JR
374,Carlos Powell,1113,2004-05,South Carolina,33,33,1113,212,400,206,368,6,32,110,161,63,153,216,52,42,16,64,77,540,.530,.560,.188,.683,.567,.538,F,SR
375,Darrin Shine,1113,2006-07,Delaware State,34,34,1113,92,218,50,97,42,121,34,41,27,66,93,156,35,1,75,70,260,.422,.515,.347,.829,.547,.518,G,SR
376,Jay Youngblood,1113,2005-06,Kent State,34,33,1113,181,402,136,269,45,133,89,122,39,82,121,75,44,22,63,77,496,.450,.506,.338,.730,.539,.506,G,SR
377,Martin Samarco,1113,2006-07,Bowling Green,31,31,1113,200,506,120,263,80,243,124,161,21,92,113,70,29,5,74,74,604,.395,.456,.329,.770,.518,.474,F,SR
378,Carl English,1112,2002-03,Hawaii,31,31,1112,198,463,109,236,89,227,122,167,32,134,166,73,22,3,82,78,607,.428,.462,.392,.731,.560,.524,G,JR
379,Clif Brown,1112,2006-07,Niagara,33,33,1112,194,480,138,323,56,157,95,127,117,204,321,28,26,10,77,80,539,.404,.427,.357,.748,.499,.463,F,SR
380,Jon Scheyer,1112,2006-07,Duke,33,32,1112,113,284,52,117,61,167,115,136,40,70,110,61,39,5,52,57,402,.398,.444,.365,.846,.577,.505,G,FR
381,Ronnie Brewer,1112,2005-06,Arkansas,32,31,1112,197,447,146,296,51,151,144,192,39,115,154,104,83,15,70,46,589,.441,.493,.338,.750,.547,.498,G,JR
382,Bracey Wright,1111,2003-04,Indiana,29,29,1111,162,433,92,229,70,204,142,180,38,119,157,70,27,14,67,46,536,.374,.402,.343,.789,.517,.455,G,SO
383,De'Angelo Alexander,1111,2005-06,Charlotte,32,32,1111,181,447,85,223,96,224,87,119,88,107,195,59,35,10,52,63,545,.405,.381,.429,.731,.541,.512,G,JR
384,Maurice Sumter,1111,2006-07,Longwood,31,31,1111,200,425,164,341,36,84,81,115,34,145,179,80,67,47,77,66,517,.471,.481,.429,.704,.539,.513,G-F,SR
385,Bashir Mason,1110,2005-06,Drexel,31,31,1110,112,321,65,178,47,143,78,105,24,94,118,133,50,7,75,73,349,.349,.365,.329,.743,.471,.422,G,JR
386,David Moss,1110,2004-05,Indiana State,31,31,1110,154,366,128,286,26,80,129,161,42,160,202,109,43,14,96,76,463,.421,.448,.325,.801,.523,.456,G,JR
387,Justin Hawkins,1110,2006-07,New Mexico State,34,33,1110,195,372,186,345,9,27,130,185,76,149,225,79,44,12,91,104,529,.524,.539,.333,.703,.575,.536,G,JR
388,T.J. Ford,1110,2002-03,Texas,33,33,1110,159,397,141,329,18,68,159,194,21,107,128,254,66,5,107,83,495,.401,.429,.265,.820,.506,.423,G,SO
389,Catraiva Givens,1109,2006-07,Jackson State,35,35,1109,64,199,42,112,22,87,34,49,24,81,105,143,57,1,73,102,184,.322,.375,.253,.694,.414,.377,G,JR
390,Ian Young,1109,2004-05,Auburn,30,30,1109,123,356,53,154,70,202,83,96,18,105,123,121,39,6,86,68,399,.346,.344,.347,.865,.497,.444,G,SR
391,Jay Straight,1109,2004-05,Wyoming,28,28,1109,167,413,109,251,58,162,113,150,25,83,108,148,42,1,118,62,505,.404,.434,.358,.753,.521,.475,G,SR
392,Mario Boggan,1109,2006-07,Oklahoma State,34,33,1109,242,448,229,389,13,59,150,197,88,169,257,47,36,27,86,100,647,.540,.589,.220,.761,.597,.555,F,SR
393,Shantay Legans,1109,2003-04,Fresno State,29,29,1109,136,343,60,133,76,210,87,103,15,67,82,162,41,2,60,60,435,.397,.451,.362,.845,.555,.507,G,SR
394,Shelden Williams,1109,2004-05,Duke,33,33,1109,191,328,191,328,0,0,131,198,127,242,369,31,42,122,85,96,513,.582,.582,,.662,.608,.582,F,JR
395,Tony Dobbins,1109,2003-04,Richmond,33,32,1109,120,270,111,239,9,31,118,156,68,183,251,85,85,28,48,73,367,.444,.464,.290,.756,.533,.461,G,SR
396,Eric Schmieder,1108,2002-03,Drexel,31,30,1108,140,304,93,196,47,108,95,139,39,97,136,135,57,6,86,80,422,.461,.474,.435,.683,.570,.538,G,SR
397,Erik Benzel,1108,2004-05,Denver,31,31,1108,137,308,36,72,101,236,51,65,7,72,79,79,48,13,45,73,426,.445,.500,.428,.785,.629,.609,G,SR
398,Mario Chalmers,1108,2006-07,Kansas,38,37,1108,159,324,100,178,59,146,87,113,11,104,115,124,97,16,91,95,464,.491,.562,.404,.770,.614,.582,G,SO
399,Whit Holcomb-Faye,1108,2005-06,Radford,29,28,1108,202,511,119,263,83,248,182,225,16,67,83,116,33,2,86,69,669,.395,.452,.335,.809,.541,.477,G,SR
400,Eric Williams,1107,2005-06,Wake Forest,34,34,1107,223,360,223,360,0,0,109,221,107,194,301,34,44,37,77,87,555,.619,.619,,.493,.597,.619,C,SR
401,Jitim Young,1107,2003-04,Northwestern,29,29,1107,182,341,150,240,32,101,123,190,63,111,174,60,66,0,69,65,519,.534,.625,.317,.647,.602,.581,G,SR
402,Keydren Clark,1107,2002-03,Saint Peter's,29,29,1107,231,584,122,306,109,278,151,177,24,71,95,121,41,6,115,55,722,.396,.399,.392,.853,.540,.489,G,FR
403,Ramel Bradley,1107,2006-07,Kentucky,34,34,1107,141,336,72,148,69,188,106,130,31,96,127,129,44,9,91,71,457,.420,.486,.367,.815,.574,.522,G,JR
404,Rickey Willis,1107,2004-05,Western Michigan,33,32,1107,74,232,45,125,29,107,47,67,13,56,69,160,40,2,72,37,224,.319,.360,.271,.701,.425,.381,G,SR
405,Tony Allen,1107,2003-04,Oklahoma State,35,34,1107,204,405,182,331,22,74,131,194,63,130,193,109,72,30,98,105,561,.504,.550,.297,.675,.564,.531,G,SR
406,Will Blalock,1107,2004-05,Iowa State,30,30,1107,130,321,107,234,23,87,85,109,20,77,97,146,60,4,75,35,368,.405,.457,.264,.780,.494,.441,G,SO
407,Jarrius Jackson,1106,2003-04,Texas Tech,34,32,1106,142,349,106,235,36,114,63,81,19,72,91,90,62,5,39,42,383,.407,.451,.316,.778,.494,.458,G,FR
408,Anthony Anderson,1105,2003-04,Massachusetts,29,28,1105,118,284,36,72,82,212,56,69,14,114,128,102,44,4,60,55,374,.415,.500,.387,.812,.590,.560,G,JR
409,Chris Hill,1105,2002-03,Michigan State,35,31,1105,155,358,60,123,95,235,74,97,16,103,119,128,51,7,86,81,479,.433,.488,.404,.763,.593,.566,G,SO
410,Mike Monserez,1105,2002-03,Butler,33,33,1105,94,214,46,92,48,122,68,85,51,127,178,111,36,0,75,84,304,.439,.500,.393,.800,.598,.551,G,JR
411,Nick Jacobson,1105,2002-03,Utah,33,33,1105,141,330,61,141,80,189,76,91,17,74,91,30,17,3,37,67,438,.427,.433,.423,.835,.587,.548,G,JR
412,Quin Humphrey,1105,2006-07,Youngstown State,31,31,1105,189,437,124,265,65,172,141,182,47,174,221,92,42,10,85,46,584,.432,.468,.378,.775,.558,.507,G,SR
413,Chris Pugh,1104,2006-07,UMBC,31,31,1104,92,240,50,109,42,131,50,62,19,97,116,63,37,7,44,57,276,.383,.459,.321,.806,.512,.471,G,SR
414,Curtis Stinson,1104,2004-05,Iowa State,31,29,1104,202,462,181,379,21,83,109,157,44,126,170,139,72,4,100,90,534,.437,.478,.253,.694,.498,.460,G,SO
415,James White IV,1104,2005-06,Cincinnati,33,33,1104,177,363,128,232,49,131,134,160,42,125,167,67,36,28,77,89,537,.488,.552,.374,.838,.612,.555,F,SR
416,Jerry Johnson,1104,2004-05,Rider,30,30,1104,172,421,70,161,102,260,107,120,20,93,113,134,44,2,67,68,553,.409,.435,.392,.892,.578,.530,G,SR
417,Roderick Middleton,1104,2005-06,Buffalo,32,29,1104,126,309,63,155,63,154,68,86,40,115,155,86,57,4,71,88,383,.408,.406,.409,.791,.547,.510,G,SR
418,Brian Roberts,1103,2006-07,Dayton,31,30,1103,179,386,97,207,82,179,133,148,6,83,89,82,22,7,72,60,573,.464,.469,.458,.899,.628,.570,G,JR
419,Carl Elliott,1103,2006-07,George Washington,32,31,1103,143,352,120,268,23,84,105,134,37,123,160,154,83,7,110,74,414,.406,.448,.274,.784,.498,.439,G,SR
420,Miah Davis,1103,2003-04,Pacific,32,31,1103,137,295,81,148,56,147,141,168,14,103,117,100,40,0,66,59,471,.464,.547,.381,.839,.628,.559,G,SR
421,Nathan Watson,1103,2004-05,Auburn,31,31,1103,127,278,75,139,52,139,44,63,75,102,177,61,52,14,63,86,350,.457,.540,.374,.698,.568,.550,G,SR
422,Prosper Karangwa,1103,2002-03,Siena,32,32,1103,169,418,122,271,47,147,145,171,54,151,205,158,38,10,122,78,530,.404,.450,.320,.848,.531,.461,G,SR
423,Steve Burtt Jr,1103,2005-06,Iona,31,31,1103,258,579,162,343,96,236,168,204,18,85,103,79,22,2,98,72,780,.446,.472,.407,.824,.577,.528,G,SR
424,Toney Douglas,1103,2004-05,Auburn,31,31,1103,179,422,117,256,62,166,105,133,26,139,165,57,43,3,79,78,525,.424,.457,.373,.789,.541,.498,G,FR
425,Alvin Cruz,1102,2004-05,Niagara,30,30,1102,124,288,71,155,53,133,94,120,13,70,83,191,35,2,74,74,395,.431,.458,.398,.783,.572,.523,G,SR
426,David Barlow,1102,2006-07,IUPUI,30,30,1102,105,285,59,158,46,127,123,148,41,96,137,104,52,3,78,56,379,.368,.373,.362,.831,.533,.449,G,SR
427,Drake Reed,1102,2006-07,Austin Peay,33,33,1102,207,399,205,388,2,11,106,169,79,120,199,56,32,13,86,84,522,.519,.528,.182,.627,.545,.521,F,SO
428,Jermaine Anderson,1102,2005-06,Fordham,32,32,1102,159,371,70,156,89,215,92,108,34,84,118,109,21,5,69,50,499,.429,.449,.414,.852,.591,.549,G,SR
429,Kennedy Winston,1102,2004-05,Alabama,32,32,1102,203,440,143,301,60,139,107,138,42,130,172,82,10,8,80,63,573,.461,.475,.432,.775,.567,.530,F,JR
430,Kevin Hamilton,1102,2004-05,Holy Cross,32,31,1102,162,408,80,177,82,231,96,132,24,157,181,91,92,12,86,78,502,.397,.452,.355,.727,.533,.498,G,JR
431,Todd Abernethy,1102,2006-07,Ole Miss,33,33,1102,130,293,76,151,54,142,57,72,16,83,99,182,36,3,62,53,371,.444,.503,.380,.792,.567,.536,G,SR
432,Ben Gordon,1101,2002-03,Connecticut,33,33,1101,211,476,131,285,80,191,143,177,29,109,138,156,38,7,113,72,645,.443,.460,.419,.808,.576,.527,G,SO
433,Bennet Davis,1101,2006-07,Northeastern,32,32,1101,174,405,154,357,20,48,113,169,63,148,211,71,28,67,82,77,481,.430,.431,.417,.669,.496,.454,F,SR
434,Ladarious Weaver,1101,2006-07,Tennessee State,32,25,1101,155,387,62,131,93,256,35,48,20,69,89,56,37,3,44,69,438,.401,.473,.363,.729,.534,.521,G,JR
435,Larry Blair,1101,2005-06,Liberty,30,30,1101,234,579,170,399,64,180,147,184,25,115,140,80,61,11,79,57,679,.404,.426,.356,.799,.509,.459,G,JR
436,Nate Robinson,1101,2004-05,Washington,35,35,1101,188,406,126,245,62,161,136,174,53,82,135,149,61,6,71,99,574,.463,.514,.385,.782,.587,.539,G,JR
437,Shan Foster,1101,2006-07,Vanderbilt,34,34,1101,191,425,117,211,74,214,75,89,47,111,158,78,40,14,63,57,531,.449,.555,.346,.843,.568,.536,G,JR
438,Brandon Cole,1100,2005-06,IUPUI,29,29,1100,153,366,72,155,81,211,56,75,51,152,203,37,28,6,43,45,443,.418,.465,.384,.747,.552,.529,G,SR
439,Dedrick Finn,1100,2003-04,Xavier,37,19,1100,101,243,47,100,54,143,59,86,6,71,77,124,55,3,69,71,315,.416,.470,.378,.686,.555,.527,G,SO
440,Devin Harris,1100,2002-03,Wisconsin,32,32,1100,132,285,79,148,53,137,90,119,24,123,147,98,65,18,51,69,407,.463,.534,.387,.756,.596,.556,G,SO
441,Jake Sullivan,1100,2002-03,Iowa State,31,31,1100,179,395,112,235,67,160,103,118,2,90,92,74,19,5,76,73,528,.453,.477,.419,.873,.585,.538,G,JR
442,Jonas Brown,1100,2006-07,Louisiana–Monroe,32,32,1100,132,330,78,179,54,151,75,114,34,81,115,98,38,10,101,51,393,.400,.436,.358,.658,.512,.482,G,JR
443,Mike Sweetney,1100,2002-03,Georgetown,34,34,1100,264,483,264,480,0,3,248,336,137,215,352,66,50,109,71,95,776,.547,.550,.000,.738,.604,.547,F,JR
444,Whit Holcomb-Faye,1100,2002-03,Radford,30,29,1100,131,385,94,269,37,116,129,177,17,70,87,122,34,3,90,60,428,.340,.349,.319,.729,.456,.388,G,FR
445,Chris Oliver,1099,2006-07,Radford,30,30,1099,220,452,204,390,16,62,107,143,97,152,249,62,56,39,94,55,563,.487,.523,.258,.748,.541,.504,F,SR
446,Garrett Temple,1099,2006-07,Louisiana State,32,32,1099,91,230,56,100,35,130,57,70,15,103,118,138,52,34,83,79,274,.396,.560,.269,.814,.520,.472,G,SO
447,Trent Strickland,1099,2005-06,Wake Forest,34,33,1099,136,282,96,192,40,90,84,114,79,149,228,65,23,11,64,85,396,.482,.500,.444,.737,.589,.553,G,SR
448,Vova Severovas,1099,2006-07,Oakland,33,33,1099,135,278,135,277,0,1,202,246,79,109,188,71,29,0,74,86,472,.486,.487,.000,.821,.598,.486,F,SR
449,Adam Boone,1098,2005-06,Minnesota,31,31,1098,100,270,37,83,63,187,56,80,14,77,91,146,53,12,71,68,319,.370,.446,.337,.700,.518,.487,G,SR
450,Andre Harris,1098,2006-07,Fairleigh Dickinson,30,30,1098,227,463,217,431,10,32,99,145,74,150,224,41,41,37,80,85,563,.490,.503,.313,.683,.529,.501,F,SR
451,Arthur Johnson,1098,2002-03,Missouri,33,33,1098,222,450,222,450,0,0,88,155,118,198,316,40,30,61,70,87,532,.493,.493,,.568,.508,.493,C,JR
452,Jerry Smith,1098,2005-06,Samford,31,31,1098,99,192,69,101,30,91,36,47,30,109,139,119,39,2,68,53,264,.516,.683,.330,.766,.616,.594,G,JR
453,Joe Shipp,1098,2002-03,California,31,31,1098,241,465,201,352,40,113,110,145,60,130,190,70,29,21,60,63,632,.518,.571,.354,.759,.592,.561,F,SR
454,Johannes Herber,1098,2004-05,West Virginia,35,35,1098,99,240,52,116,47,124,55,80,22,120,142,110,57,8,67,91,300,.413,.448,.379,.688,.540,.510,G,JR
455,Michael Watson,1098,2003-04,Kansas City,29,28,1098,225,558,129,301,96,257,134,155,20,79,99,104,42,5,80,79,680,.403,.429,.374,.865,.538,.489,F,SR
456,Andy Birley,1097,2002-03,Colorado State,33,33,1097,118,258,28,45,90,213,30,41,5,70,75,103,18,7,71,59,356,.457,.622,.423,.732,.641,.632,G,SR
457,Jeff Horner,1097,2002-03,Iowa,31,31,1097,79,238,38,90,41,148,56,73,22,115,137,140,40,5,77,64,255,.332,.422,.277,.767,.468,.418,G,FR
458,Joe Crawford,1097,2006-07,Kentucky,34,32,1097,178,401,115,221,63,180,58,91,50,87,137,83,27,10,64,65,477,.444,.520,.350,.637,.537,.522,G,JR
459,Maureece Rice,1097,2006-07,George Washington,32,32,1097,186,414,122,265,64,149,69,95,35,81,116,66,43,3,56,50,505,.449,.460,.430,.726,.550,.527,G,JR
460,Ronald Steele,1097,2004-05,Alabama,32,32,1097,80,169,39,73,41,96,52,64,11,101,112,160,36,3,65,65,253,.473,.534,.427,.813,.634,.595,G,FR
461,Brandon Wallace,1096,2006-07,South Carolina,30,30,1096,119,253,108,203,11,50,48,91,94,188,282,58,38,86,57,61,297,.470,.532,.220,.527,.501,.492,F,SR
462,Kevin Downey,1096,2004-05,Canisius,29,29,1096,181,407,123,265,58,142,59,79,35,127,162,106,44,10,81,59,479,.445,.464,.408,.747,.539,.516,G,JR
463,Ryan Anderson,1096,2006-07,California,33,33,1096,189,397,131,245,58,152,103,129,79,190,269,16,22,18,47,91,539,.476,.535,.382,.798,.588,.549,F,FR
464,Bernard Robinson Jr,1095,2003-04,Michigan,34,33,1095,150,347,133,279,17,68,94,122,36,158,194,130,64,10,93,84,411,.432,.477,.250,.770,.507,.457,F,SR
465,Cedrick Banks,1095,2004-05,Illinois–Chicago,29,29,1095,182,463,104,242,78,221,99,121,37,103,140,73,36,9,83,57,541,.393,.430,.353,.818,.520,.477,G,SR
466,Corey Brewer,1095,2005-06,Florida,39,37,1095,171,365,129,245,42,120,110,143,51,135,186,128,61,16,108,97,494,.468,.527,.350,.769,.571,.526,F,SO
467,Shaun Reynolds,1095,2006-07,New Orleans,31,31,1095,95,239,69,180,26,59,118,165,14,84,98,107,25,1,88,79,334,.397,.383,.441,.715,.526,.452,G,JR
468,Levance Fields,1094,2006-07,Pittsburgh,37,37,1094,112,272,60,126,52,146,63,83,19,115,134,169,39,1,70,49,339,.412,.476,.356,.759,.544,.507,G,SO
469,Randy Foye,1094,2003-04,Villanova,35,34,1094,166,429,123,285,43,144,99,130,42,123,165,127,55,10,126,110,474,.387,.432,.299,.762,.483,.437,G,SO
470,Wen Mukubu,1094,2006-07,UAB,31,30,1094,147,351,89,206,58,145,91,138,42,136,178,76,44,11,93,79,443,.419,.432,.400,.659,.532,.501,G,SR
471,Coby Karl,1093,2004-05,Boise State,34,34,1093,126,309,59,128,67,181,113,152,22,104,126,129,36,12,95,105,432,.408,.461,.370,.743,.567,.516,G,SO
472,Julius Hodge,1093,2002-03,NC State,31,31,1093,164,374,123,249,41,125,179,219,52,138,190,109,39,23,87,81,548,.439,.494,.328,.817,.573,.493,G,SO
473,Matt Rohde,1093,2002-03,Green Bay,30,30,1093,114,284,61,148,53,136,102,125,18,92,110,139,17,2,86,61,383,.401,.412,.390,.816,.558,.495,G,SO
474,Ryan Sidney,1093,2002-03,Boston College,31,31,1093,164,366,156,310,8,56,47,101,96,119,215,144,44,12,91,93,383,.448,.503,.143,.465,.463,.459,G,JR
475,Stanley Burrell,1093,2005-06,Xavier,32,31,1093,165,400,96,228,69,172,61,78,21,73,94,105,23,3,73,56,460,.413,.421,.401,.782,.526,.499,G,SO
476,Al Thornton,1092,2006-07,Florida State,35,35,1092,244,460,208,379,36,81,166,210,106,145,251,24,53,40,87,95,690,.530,.549,.444,.790,.616,.570,G,SR
477,Ben Jacobson,1092,2004-05,Northern Iowa,32,32,1092,211,432,140,275,71,157,79,98,16,106,122,87,33,2,67,49,572,.488,.509,.452,.806,.598,.571,G,JR
478,David Schroeder,1092,2006-07,Idaho State,30,30,1092,170,388,91,201,79,187,86,113,22,142,164,44,44,3,59,62,505,.438,.453,.422,.761,.572,.540,G,SR
479,Jeff Horner,1092,2005-06,Iowa,30,30,1092,126,331,56,130,70,201,85,114,21,102,123,169,41,3,85,43,407,.381,.431,.348,.746,.528,.486,G,SR
480,John Ford,1092,2006-07,McNeese State,31,31,1092,112,308,67,155,45,153,93,112,23,89,112,103,59,9,85,70,362,.364,.432,.294,.830,.501,.437,G,JR
481,Keddric Mays,1092,2006-07,Chattanooga,33,33,1092,149,353,31,67,118,286,55,74,23,52,75,51,35,4,44,65,471,.422,.463,.413,.743,.607,.589,G,SR
482,Tasmin Mitchell,1092,2006-07,Louisiana State,32,32,1092,173,371,132,262,41,109,78,104,60,129,189,59,34,25,55,76,465,.466,.504,.376,.750,.553,.522,F,SO
483,Antonio McMillion,1091,2006-07,Maryland Eastern Shore,31,31,1091,146,349,146,336,0,13,105,176,76,125,201,45,21,11,94,73,397,.418,.435,.000,.597,.459,.418,F,SR
484,Brett Blizzard,1091,2002-03,UNC Wilmington,31,31,1091,223,486,114,239,109,247,100,132,39,93,132,113,69,10,69,43,655,.459,.477,.441,.758,.597,.571,G,SR
485,Geoff McDermott,1091,2006-07,Providence,31,31,1091,109,227,91,177,18,50,58,108,79,204,283,159,58,20,111,97,294,.480,.514,.360,.537,.528,.520,F,SO
486,Hassan Adams,1091,2004-05,Arizona,37,37,1091,198,403,185,360,13,43,60,84,99,123,222,104,69,18,86,76,469,.491,.514,.302,.714,.529,.507,G,JR
487,Jarrett Jack,1091,2004-05,Georgia Tech,32,31,1091,164,319,118,215,46,104,123,142,9,146,155,145,58,3,110,54,497,.514,.549,.442,.866,.643,.586,G,JR
488,Kevin Kruger,1091,2005-06,Arizona State,28,28,1091,120,285,39,84,81,201,98,121,12,84,96,99,42,4,74,45,419,.421,.464,.403,.810,.612,.563,G,JR
489,Patrick Sparks,1091,2002-03,Western Kentucky,33,33,1091,142,362,58,133,84,229,72,110,14,107,121,195,73,6,97,66,440,.392,.436,.367,.655,.531,.508,G,SO
490,Antoine Pettway,1090,2003-04,Alabama,33,33,1090,99,237,55,117,44,120,59,77,15,107,122,114,67,6,48,83,301,.418,.470,.367,.766,.550,.511,G,SR
491,Chad Timberlake,1090,2005-06,Fairleigh Dickinson,30,30,1090,175,356,136,255,39,101,68,103,59,106,165,126,41,17,63,48,457,.492,.533,.386,.660,.564,.546,G,SR
492,Dee Brown,1090,2002-03,Illinois,32,31,1090,142,327,91,172,51,155,49,72,35,84,119,159,57,0,62,56,384,.434,.529,.329,.681,.532,.512,G,FR
493,D.J. Munir,1090,2003-04,Stony Brook,30,30,1090,159,412,103,239,56,173,86,111,10,100,110,88,45,3,78,74,460,.386,.431,.324,.775,.495,.454,G,SR
494,Filiberto Rivera,1090,2004-05,UTEP,32,32,1090,133,289,83,155,50,134,116,136,11,75,86,229,42,4,71,55,432,.460,.535,.373,.853,.611,.547,G,SR
495,Odell Bradley,1090,2003-04,IUPUI,29,29,1090,235,487,204,388,31,99,170,223,66,181,247,68,24,6,98,73,671,.483,.526,.313,.762,.566,.514,G,SR
496,Phillip Gilbert,1090,2002-03,Bradley,30,30,1090,200,463,122,265,78,198,90,120,47,90,137,41,39,7,81,54,568,.432,.460,.394,.750,.546,.516,G,JR
497,Robert Hines,1090,2006-07,St. Francis Brooklyn,31,30,1090,175,458,147,352,28,106,132,173,72,111,183,75,30,19,119,82,510,.382,.418,.264,.763,.472,.413,F,JR
498,Sean Marshall,1090,2006-07,Boston College,33,33,1090,181,404,131,264,50,140,76,112,55,93,148,64,37,9,70,63,488,.448,.496,.357,.679,.534,.510,G,SR
499,Zac Schlader,1090,2005-06,Austin Peay,30,30,1090,165,327,165,324,0,3,103,140,51,101,152,66,17,21,76,74,433,.505,.509,.000,.736,.550,.505,C,SR
500,Alan Daniels,1089,2005-06,Lamar,31,31,1089,250,574,175,327,75,247,155,233,59,148,207,92,72,21,76,76,730,.436,.535,.304,.665,.533,.501,F,SR
501,Dante Swanson,1089,2002-03,Tulsa,32,31,1089,163,359,74,152,89,207,69,79,31,114,145,96,41,22,66,44,484,.454,.487,.430,.873,.610,.578,G,SR
502,Ricky Clemons,1089,2002-03,Missouri,32,32,1089,151,400,63,142,88,258,65,81,17,76,93,121,49,2,107,58,455,.378,.444,.341,.802,.519,.488,G,JR
503,Todd Billet,1089,2002-03,Virginia,32,30,1089,132,329,38,104,94,225,74,86,22,49,71,108,20,2,93,67,432,.401,.365,.418,.860,.584,.544,G,JR
504,William Hatcher,1089,2005-06,Miami (OH),29,29,1089,142,335,98,209,44,126,87,107,8,76,84,125,34,4,89,61,415,.424,.469,.349,.813,.538,.490,G,SR
505,Carlos Rivera,1088,2006-07,Hofstra,32,32,1088,128,292,63,138,65,154,108,128,36,93,129,126,47,10,67,102,429,.438,.457,.422,.844,.608,.550,G,SR
506,Curtis Withers,1088,2005-06,Charlotte,32,32,1088,181,403,163,343,18,60,136,234,136,226,362,80,32,28,100,99,516,.449,.475,.300,.581,.502,.471,F,SR
507,Dru Joyce III,1088,2005-06,Akron,33,32,1088,108,245,56,117,52,128,63,84,23,69,92,165,26,0,79,78,331,.441,.479,.406,.750,.581,.547,G,JR
508,Folarin Campbell,1088,2005-06,George Mason,35,34,1088,132,269,98,170,34,99,86,113,29,119,148,120,26,25,103,91,384,.491,.576,.343,.761,.595,.554,G,SO
509,Jonathan Han,1088,2006-07,Fairfield,32,31,1088,73,203,47,106,26,97,73,93,23,81,104,145,46,1,95,54,245,.360,.443,.268,.785,.496,.424,G,SO
510,Ricky Shields,1088,2003-04,Rutgers,33,32,1088,167,404,74,155,93,249,86,113,30,126,156,63,31,4,69,50,513,.413,.477,.373,.761,.560,.528,G,JR
511,Brandin Knight,1087,2002-03,Pittsburgh,33,33,1087,122,332,65,147,57,185,69,120,21,96,117,209,70,13,101,76,370,.367,.442,.308,.575,.476,.453,G,SR
512,Chris Thomas,1087,2004-05,Notre Dame,29,29,1087,131,379,79,228,52,151,98,110,26,118,144,195,60,5,87,50,412,.346,.346,.344,.891,.478,.414,G,SR
513,Emeka Okafor,1087,2002-03,Connecticut,33,33,1087,221,381,221,381,0,0,82,137,125,245,370,18,29,156,75,98,524,.580,.580,,.599,.587,.580,C,SO
514,Greg Brunner,1087,2005-06,Iowa,34,34,1087,164,361,152,320,12,41,141,203,98,216,314,60,33,20,84,86,481,.454,.475,.293,.695,.526,.471,F,SR
515,John Gilchrist,1087,2003-04,Maryland,32,30,1087,181,382,138,270,43,112,87,124,53,91,144,159,56,10,98,67,492,.474,.511,.384,.702,.558,.530,G,SO
516,Mark Hull,1087,2002-03,UC Santa Barbara,32,32,1087,139,320,69,139,70,181,82,101,40,119,159,61,26,2,53,56,430,.434,.496,.387,.812,.584,.544,F,SR
517,Tim Doyle,1087,2006-07,Northwestern,31,31,1087,131,266,124,231,7,35,88,119,22,80,102,157,53,8,93,75,357,.492,.537,.200,.739,.553,.506,G,SR
518,Tywain McKee,1087,2006-07,Coppin State,32,32,1087,180,449,124,272,56,177,140,182,56,83,139,98,64,5,100,83,556,.401,.456,.316,.769,.519,.463,G,SO
519,Antonio Hudson,1086,2004-05,Louisiana State,30,30,1086,138,306,74,144,64,162,53,80,30,65,95,58,30,10,47,62,393,.451,.514,.395,.663,.571,.556,G,SR
520,Bruce Horan,1086,2005-06,Butler,33,33,1086,116,285,3,10,113,275,16,17,13,67,80,40,12,5,22,58,361,.407,.300,.411,.941,.616,.605,G,SR
521,Gary Johnson,1086,2004-05,Central Florida,33,29,1086,134,317,31,69,103,248,79,97,23,110,133,124,71,12,89,61,450,.423,.449,.415,.814,.620,.585,G,SR
522,Grant Anderson,1086,2002-03,Vermont,33,33,1086,109,202,105,188,4,14,35,73,61,174,235,111,40,19,90,95,257,.540,.559,.286,.479,.543,.550,F,SR
523,Kevin Bell,1086,2006-07,Fresno State,32,32,1086,104,264,72,167,32,97,66,104,11,82,93,178,43,3,83,57,306,.394,.431,.330,.635,.488,.455,G,JR
524,Marque Perry,1086,2002-03,Saint Louis,30,30,1086,183,424,163,347,20,77,128,160,27,115,142,97,29,7,89,60,514,.432,.470,.260,.800,.514,.455,G,SR
525,Sonny Weems,1086,2006-07,Arkansas,35,32,1086,161,332,122,224,39,108,51,70,55,112,167,73,45,15,87,61,412,.485,.545,.361,.729,.564,.544,F,JR
526,Courtney Beasley,1085,2005-06,Southern Mississippi,31,29,1085,126,295,107,220,19,75,62,86,15,104,119,63,42,5,68,92,333,.427,.486,.253,.721,.496,.459,G,FR
527,Delonte Holland,1085,2003-04,DePaul,32,32,1085,194,416,170,347,24,69,116,146,61,113,174,65,38,6,66,80,528,.466,.490,.348,.795,.544,.495,F,SR
528,Jameer Nelson,1085,2003-04,Saint Joseph's,32,32,1085,234,493,161,306,73,187,118,149,33,117,150,170,89,1,91,59,659,.475,.526,.390,.792,.584,.549,G,SR
529,Kelly Whitney,1085,2005-06,Seton Hall,30,30,1085,163,360,163,360,0,0,129,184,88,150,238,36,36,22,88,83,455,.453,.453,,.701,.508,.453,F,SR
530,Marcus Schroeder,1085,2006-07,Princeton,28,28,1085,61,162,38,92,23,70,36,49,18,54,72,87,51,1,54,62,181,.377,.413,.329,.735,.488,.448,G,FR
531,Maurice Hampton,1085,2004-05,Austin Peay,32,32,1085,159,342,77,144,82,198,69,88,29,94,123,70,63,2,72,75,469,.465,.535,.414,.784,.611,.585,G,JR
532,Steve Barnes,1085,2006-07,Southern Utah,30,30,1085,133,298,82,164,51,134,70,79,11,83,94,172,30,10,112,52,387,.446,.500,.381,.886,.577,.532,G,SR
533,Vedran Vukusic,1085,2004-05,Northwestern,31,31,1085,189,395,122,209,67,186,75,98,27,96,123,71,31,23,76,84,520,.478,.584,.360,.765,.589,.563,F,JR
534,Golden Ingle,1084,2006-07,Kennesaw State,31,31,1084,101,345,51,164,50,181,91,129,23,49,72,180,51,0,114,52,343,.293,.311,.276,.705,.422,.365,G,SR
535,Jeff Horner,1084,2003-04,Iowa,29,29,1084,107,243,42,90,65,153,98,114,16,139,155,123,38,3,75,58,377,.440,.467,.425,.860,.634,.574,G,SO
536,Mike Rose,1084,2006-07,Eastern Kentucky,33,33,1084,168,380,80,159,88,221,75,98,35,90,125,61,52,4,57,42,499,.442,.503,.398,.765,.585,.558,G,SO
537,Obie Trotter,1084,2004-05,Alabama A&M,32,32,1084,169,397,97,217,72,180,81,119,43,109,152,152,125,12,104,81,491,.426,.447,.400,.681,.541,.516,G,JR
538,Ahmad Nivins,1083,2006-07,Saint Joseph's,31,31,1083,176,279,176,278,0,1,164,242,105,130,235,11,32,32,77,89,516,.631,.633,.000,.678,.655,.631,F,SO
539,D.J. Strawberry Jr,1083,2006-07,Maryland,34,34,1083,184,386,149,284,35,102,102,149,45,106,151,119,69,14,74,87,505,.477,.525,.343,.685,.553,.522,G,SR
540,Jeff Green,1083,2004-05,Georgetown,32,32,1083,146,291,122,231,24,60,102,146,87,125,212,93,31,52,79,93,418,.502,.528,.400,.699,.580,.543,F,FR
541,Keydren Clark,1083,2004-05,Saint Peter's,28,27,1083,230,567,121,270,109,297,152,182,36,80,116,115,93,6,81,57,721,.406,.448,.367,.835,.552,.502,G,JR
542,Matt Lojeski,1083,2006-07,Hawaii,31,31,1083,193,357,149,241,44,116,94,116,48,129,177,139,52,22,92,61,524,.541,.618,.379,.810,.636,.602,G,SR
543,Rodney Billups,1083,2004-05,Denver,31,31,1083,116,280,89,193,27,87,56,79,10,89,99,199,58,7,103,69,315,.414,.461,.310,.709,.496,.463,G,SR
544,Rome Sanders,1083,2006-07,Florida A&M,35,35,1083,173,265,173,265,0,0,185,244,93,116,209,30,7,10,83,94,531,.653,.653,,.758,.697,.653,C,SR
545,Sean Connolly,1083,2002-03,Ohio State,30,30,1083,121,280,55,118,66,162,47,56,24,82,106,56,16,2,43,56,355,.432,.466,.407,.839,.579,.550,G,SR
546,C.J. Watson Jr,1082,2004-05,Tennessee,31,31,1082,109,266,61,138,48,128,103,136,16,85,101,155,58,1,96,71,369,.410,.442,.375,.757,.558,.500,G,JR
547,Daniel Horton,1082,2002-03,Michigan,30,30,1082,151,406,77,190,74,216,81,106,14,54,68,134,41,13,110,77,457,.372,.405,.343,.764,.501,.463,G,FR
548,Jamelle Cornley,1082,2006-07,Penn State,30,29,1082,167,331,166,324,1,7,70,123,74,127,201,52,31,1,69,63,405,.505,.512,.143,.569,.520,.506,F,SO
549,Kyle Korver,1082,2002-03,Creighton,34,34,1082,183,391,54,122,129,269,109,120,46,171,217,104,50,23,68,89,604,.468,.443,.480,.908,.674,.633,F,SR
550,Deng Gai,1081,2004-05,Fairfield,30,30,1081,157,331,138,274,19,57,83,115,81,173,254,40,17,165,62,84,416,.474,.504,.333,.722,.539,.503,F,SR
551,Eric Devendorf,1081,2006-07,Syracuse,35,22,1081,172,417,118,264,54,153,119,150,15,79,94,145,43,11,109,93,517,.412,.447,.353,.793,.529,.477,G,SO
552,Julius Hodge,1081,2003-04,NC State,31,29,1081,189,373,163,301,26,72,159,192,55,143,198,112,43,25,95,82,563,.507,.542,.361,.828,.606,.542,G,JR
553,Kevin Lisch,1081,2006-07,Saint Louis,32,32,1081,140,327,73,163,67,164,130,158,14,100,114,111,32,12,59,68,477,.428,.448,.409,.823,.593,.531,G,SO
554,Michael Wilkinson,1081,2004-05,Wisconsin,34,34,1081,179,349,152,276,27,73,101,148,83,167,250,62,38,31,56,66,486,.513,.551,.370,.682,.580,.552,F,SR
555,Dalron Johnson,1080,2002-03,UNLV,32,32,1080,171,374,139,299,32,75,122,140,64,136,200,71,28,41,87,92,496,.457,.465,.427,.871,.563,.500,F,SR
556,Jeff Xavier,1080,2005-06,Manhattan,31,30,1080,179,412,102,192,77,220,79,99,49,133,182,60,70,7,78,82,514,.434,.531,.350,.798,.560,.528,G,SO
557,Je'Kel Foster,1080,2005-06,Ohio State,32,32,1080,129,291,52,99,77,192,56,70,21,118,139,99,72,5,62,70,391,.443,.525,.401,.800,.603,.576,G,SR
558,Jermaine Hall,1080,2002-03,Wagner,32,32,1080,273,475,266,449,7,26,133,185,87,142,229,52,23,25,84,93,686,.575,.592,.269,.719,.609,.582,F,SR
559,Quantez Robertson,1080,2006-07,Auburn,32,32,1080,93,210,63,112,30,98,45,62,27,97,124,163,55,6,72,83,261,.443,.563,.306,.726,.545,.514,G,SO
560,Ben Farmer,1079,2006-07,Marist,34,33,1079,65,164,22,50,43,114,21,28,30,90,120,59,25,9,47,71,194,.396,.440,.377,.750,.547,.527,G,JR
561,James Augustine,1079,2005-06,Illinois,33,33,1079,174,279,173,277,1,2,99,152,100,200,300,59,47,24,67,84,448,.624,.625,.500,.651,.638,.625,F,SR
562,Jared Dudley,1079,2004-05,Boston College,30,30,1079,165,338,135,248,30,90,135,179,83,141,224,95,49,7,49,55,495,.488,.544,.333,.754,.585,.533,F,SO
563,Kirk Snyder,1079,2003-04,Nevada,34,33,1079,209,485,155,330,54,155,166,227,65,130,195,117,35,22,119,72,638,.431,.470,.348,.731,.538,.487,G,JR
564,Lawrence Kinnard,1079,2006-07,UAB,31,31,1079,146,312,87,168,59,144,51,80,48,144,192,34,39,31,70,77,402,.468,.518,.410,.638,.574,.563,F,SO
565,Mustafa Shakur,1079,2006-07,Arizona,31,31,1079,117,257,91,177,26,80,108,137,18,107,125,215,47,5,114,72,368,.455,.514,.325,.788,.571,.506,G,SR
566,Raul Orta,1079,2006-07,Saint Peter's,30,30,1079,136,353,61,148,75,205,51,68,14,90,104,61,27,12,52,88,398,.385,.412,.366,.750,.516,.492,G,JR
567,Wilson Chandler,1079,2006-07,DePaul,34,32,1079,194,431,155,314,39,117,70,107,63,172,235,48,22,47,55,96,497,.450,.494,.333,.654,.516,.495,F,SO
568,Zabian Dowdell,1079,2005-06,Virginia Tech,30,28,1079,164,393,110,242,54,151,78,112,13,81,94,103,70,5,70,65,460,.417,.455,.358,.696,.515,.486,G,JR
569,Jonathan Bluitt,1078,2004-05,Oral Roberts,33,32,1078,74,202,36,97,38,105,60,78,6,57,63,178,47,1,65,87,246,.366,.371,.362,.769,.515,.460,G,JR
570,Vaughn Duggins,1078,2006-07,Wright State,33,32,1078,105,281,66,171,39,110,47,65,19,89,108,82,27,2,62,66,296,.374,.386,.355,.723,.475,.443,G,FR
571,Brooks McKowen,1077,2006-07,Northern Iowa,31,31,1077,99,243,68,145,31,98,100,128,8,114,122,179,34,3,97,78,329,.407,.469,.316,.781,.541,.471,G,SR
572,Edward Scott,1077,2002-03,Clemson,28,28,1077,165,428,121,308,44,120,122,165,22,82,104,161,38,3,79,44,496,.386,.393,.367,.739,.490,.437,G,SR
573,J.P. Batista,1077,2005-06,Gonzaga,33,33,1077,234,397,231,389,3,8,165,198,98,212,310,46,30,28,80,82,636,.589,.594,.375,.833,.648,.593,C,SR
574,Juan Mendez,1077,2003-04,Niagara,32,31,1077,208,399,191,340,17,59,223,276,111,169,280,30,29,56,69,98,656,.521,.562,.288,.808,.619,.543,F,JR
575,Kevin Downey,1077,2005-06,Canisius,29,29,1077,176,367,132,237,44,130,57,74,25,112,137,97,36,0,62,46,453,.480,.557,.338,.770,.563,.540,G,SR
576,Matt Shaw,1077,2006-07,Southern Illinois,35,34,1077,131,280,88,157,43,123,92,114,63,137,200,43,32,16,67,100,397,.468,.561,.350,.807,.594,.545,F,JR
577,Rashad Wright,1077,2003-04,Georgia,29,29,1077,134,316,67,147,67,169,82,120,12,73,85,88,53,13,63,53,417,.424,.456,.396,.683,.559,.530,G,SR
578,Ricky Soliver,1077,2005-06,Iona,31,31,1077,169,385,121,270,48,115,113,150,51,113,164,135,84,6,83,77,499,.439,.448,.417,.753,.547,.501,G,SR
579,Ronald Timus,1077,2006-07,Morgan State,31,31,1077,163,324,161,318,2,6,123,201,75,85,160,44,28,4,71,57,451,.503,.506,.333,.612,.538,.506,F,SR
580,T.J. Parker,1077,2003-04,Northwestern,29,29,1077,89,237,64,139,25,98,52,68,16,64,80,115,31,1,57,53,255,.376,.460,.255,.765,.473,.428,G,SO
581,Chad Timberlake,1076,2004-05,Fairleigh Dickinson,32,30,1076,167,310,141,241,26,69,60,100,38,84,122,77,49,12,57,46,420,.539,.585,.377,.600,.587,.581,G,JR
582,Isaac Wells,1076,2006-07,Arkansas State,32,31,1076,190,435,157,333,33,102,94,134,56,208,264,74,31,33,110,71,507,.437,.471,.324,.701,.508,.475,F,SR
583,Jon Goode,1076,2005-06,Detroit Mercy,32,31,1076,119,288,60,146,59,142,52,67,38,94,132,106,39,5,78,66,349,.413,.411,.415,.776,.546,.516,G,SO
584,Will Ginn,1076,2006-07,Jacksonville State,30,30,1076,93,245,32,66,61,179,32,39,10,72,82,122,28,4,71,43,279,.380,.485,.341,.821,.529,.504,G,JR
585,DeAndre Haynes,1075,2003-04,Kent State,31,30,1075,111,266,74,162,37,104,64,97,20,110,130,179,72,1,98,85,323,.417,.457,.356,.660,.518,.487,G,SO
586,D.J. Thompson,1075,2006-07,Appalachian State,33,33,1075,153,390,71,172,82,218,126,161,25,83,108,163,85,1,99,67,514,.392,.413,.376,.783,.551,.497,G,SR
587,Ian Boylan,1075,2003-04,Cal State Northridge,30,30,1075,140,320,92,193,48,127,107,133,46,80,126,107,78,7,74,90,435,.438,.477,.378,.805,.568,.513,F,JR
588,Jamon Gordon,1075,2006-07,Virginia Tech,34,33,1075,153,332,138,276,15,56,67,106,37,116,153,154,94,18,77,100,388,.461,.500,.268,.632,.507,.483,G,SR
589,Jave Meade,1075,2002-03,Holy Cross,31,31,1075,106,222,84,161,22,61,93,131,33,86,119,193,65,9,71,65,327,.477,.522,.361,.710,.575,.527,G,JR
590,Lorenzo Miles,1075,2005-06,Niagara,29,29,1075,134,347,61,161,73,186,97,130,31,81,112,97,38,7,84,69,438,.386,.379,.392,.746,.536,.491,G,JR
591,Maurice Hargrow,1075,2002-03,Minnesota,33,32,1075,140,321,105,231,35,90,121,177,49,106,155,92,40,7,80,60,436,.436,.455,.389,.684,.538,.491,G,SO
592,Chris Alexander,1074,2005-06,Southern,32,32,1074,185,444,138,285,47,159,86,107,30,76,106,46,42,3,83,52,503,.417,.484,.296,.804,.508,.470,G,SR
593,Daniel Horton,1074,2003-04,Michigan,34,32,1074,134,366,66,167,68,199,79,112,12,85,97,122,60,8,103,81,415,.366,.395,.342,.705,.495,.459,G,SO
594,Filiberto Rivera,1074,2003-04,UTEP,32,32,1074,105,237,70,135,35,102,113,145,23,75,98,152,55,2,72,56,358,.443,.519,.343,.779,.585,.517,G,JR
595,Marcus Smallwood,1074,2002-03,Northern Illinois,31,31,1074,161,294,161,294,0,0,91,159,128,185,313,28,29,42,69,76,413,.548,.548,,.572,.559,.548,G,JR
596,Tony Skinn,1074,2005-06,George Mason,34,32,1074,134,338,78,173,56,165,105,131,19,100,119,94,55,1,80,84,429,.396,.451,.339,.802,.536,.479,G,SR
597,Wes Wardrop,1074,2005-06,Loyola Marymount,30,30,1074,137,349,73,172,64,177,75,99,8,53,61,113,34,4,71,57,413,.393,.424,.362,.758,.521,.484,G,SR
598,Anthony Register,1073,2005-06,Stetson,32,32,1073,140,356,95,218,45,138,114,137,26,87,113,56,64,0,75,57,439,.393,.436,.326,.832,.521,.456,G,SR
599,Chris Williams,1073,2002-03,Ball State,30,30,1073,226,527,162,331,64,196,220,256,35,67,102,65,38,2,70,79,736,.429,.489,.327,.859,.567,.490,G,SR
600,Christian Maraker,1073,2005-06,Pacific,32,32,1073,205,412,175,322,30,90,124,146,66,219,285,68,27,21,83,72,564,.498,.543,.333,.849,.586,.534,F,SR
601,Delonte West,1073,2003-04,Saint Joseph's,32,32,1073,212,416,156,280,56,136,124,139,38,134,172,151,55,6,82,60,604,.510,.557,.412,.892,.627,.577,G,JR
602,Grant Stout,1073,2005-06,Northern Iowa,33,33,1073,143,263,125,205,18,58,87,119,81,213,294,42,28,80,54,75,391,.544,.610,.310,.731,.612,.578,F,JR
603,Jeff Green,1073,2005-06,Georgetown,33,33,1073,143,321,114,229,29,92,78,125,68,148,216,108,31,32,82,69,393,.445,.498,.315,.624,.517,.491,F,SO
604,Justin Cage,1073,2005-06,Xavier,32,32,1073,110,198,99,174,11,24,105,141,71,102,173,39,28,17,54,79,336,.556,.569,.458,.745,.634,.583,F,JR
605,Mike Monserez,1073,2003-04,Butler,30,30,1073,101,290,61,151,40,139,108,125,51,132,183,140,28,6,92,79,350,.348,.404,.288,.864,.501,.417,G,SR
606,Tyrone Riley,1073,2004-05,San Francisco,31,31,1073,164,388,98,220,66,168,95,117,78,192,270,41,28,8,58,64,489,.423,.445,.393,.812,.551,.508,F,SR
607,Bashir Mason,1072,2006-07,Drexel,32,32,1072,114,261,81,147,33,114,98,129,18,69,87,108,73,6,80,71,359,.437,.551,.289,.760,.557,.500,G,SR
608,Corey Brewer,1072,2006-07,Florida,37,37,1072,169,356,129,237,40,119,112,155,40,133,173,109,69,15,93,72,490,.475,.544,.336,.723,.570,.531,F,JR
609,Daniel Ruffin,1072,2006-07,Bradley,32,32,1072,152,367,86,194,66,173,72,93,13,67,80,172,61,5,78,70,442,.414,.443,.382,.774,.537,.504,G,JR
610,Kevin Mitchell,1072,2002-03,Texas–Pan American,30,30,1072,136,372,57,150,79,222,91,123,23,72,95,97,48,6,71,59,442,.366,.380,.356,.740,.513,.472,G,SR
611,Kyle Anslinger,1072,2006-07,Evansville,31,31,1072,106,249,43,89,63,160,57,62,15,100,115,45,18,4,33,60,332,.426,.483,.394,.919,.596,.552,G,SR
612,Luke Jackson,1072,2003-04,Oregon,31,31,1072,210,430,137,264,73,166,163,189,57,166,223,139,39,5,93,53,656,.488,.519,.440,.862,.631,.573,G,SR
613,Will Blalock,1072,2005-06,Iowa State,30,30,1072,177,396,130,278,47,118,60,91,24,75,99,184,65,2,89,55,461,.447,.468,.398,.659,.525,.506,G,JR
614,Bo McCalebb,1071,2006-07,New Orleans,31,31,1071,287,601,261,523,26,78,176,248,76,135,211,101,62,5,88,86,776,.478,.499,.333,.710,.540,.499,G,JR
615,Cedrick Banks,1071,2003-04,Illinois–Chicago,32,30,1071,215,489,125,280,90,209,69,90,37,70,107,63,51,6,49,55,589,.440,.446,.431,.767,.554,.532,G,JR
616,Donnie McGrath,1071,2002-03,Providence,32,32,1071,93,261,35,83,58,178,46,56,10,58,68,138,33,4,76,47,290,.356,.422,.326,.821,.504,.467,G,FR
617,Giordan Watson,1071,2006-07,Central Michigan,31,30,1071,186,455,122,289,64,166,146,177,18,77,95,129,51,6,118,76,582,.409,.422,.386,.825,.540,.479,G,JR
618,Jimmy Boykin,1071,2003-04,Coppin State,32,29,1071,149,385,63,137,86,248,62,78,36,143,179,48,21,6,63,52,446,.387,.460,.347,.795,.528,.499,G,SR
619,Lawrence McKenzie,1071,2006-07,Minnesota,31,28,1071,157,377,79,170,78,207,71,92,12,92,104,86,16,5,97,58,463,.416,.465,.377,.772,.550,.520,G,JR
620,Matt McCraw,1071,2005-06,Air Force,30,30,1071,103,225,33,63,70,162,49,64,11,78,89,74,47,1,50,45,325,.458,.524,.432,.766,.636,.613,G,JR
621,Todd Okeson,1071,2003-04,Nevada,34,34,1071,108,272,45,96,63,176,101,116,6,88,94,131,53,4,72,78,380,.397,.469,.358,.871,.581,.513,G,SR
622,Adam Haluska,1070,2006-07,Iowa,31,31,1070,190,466,100,218,90,248,167,192,27,117,144,80,42,8,53,54,637,.408,.459,.363,.870,.572,.504,G,SR
623,A.J. Graves,1070,2005-06,Butler,33,33,1070,148,368,80,186,68,182,77,94,6,69,75,80,43,1,54,65,441,.402,.430,.374,.819,.534,.495,G,SO
624,Martell Bailey,1070,2003-04,Illinois–Chicago,32,31,1070,88,241,72,188,16,53,58,103,12,79,91,250,53,3,110,64,250,.365,.383,.302,.563,.431,.398,G,SR
625,Melvin Buckley,1070,2006-07,South Florida,30,30,1070,151,391,72,163,79,228,63,83,32,114,146,31,20,9,73,65,444,.386,.442,.346,.759,.516,.487,F,SR
626,Merrill Andrews,1070,2003-04,Southwest Missouri State,33,33,1070,138,335,128,302,10,33,75,117,19,96,115,106,46,3,99,87,361,.412,.424,.303,.641,.462,.427,G,SR
627,Mike Gansey,1070,2004-05,West Virginia,35,35,1070,160,321,116,194,44,127,57,81,59,121,180,100,57,8,60,41,421,.498,.598,.346,.704,.586,.567,F,JR
628,Reggie Williams,1070,2006-07,VMI,33,33,1070,338,636,262,398,76,238,176,267,110,153,263,146,55,10,98,67,928,.531,.658,.319,.659,.608,.591,F,JR
629,Chris Paul,1069,2004-05,Wake Forest,32,31,1069,143,317,97,220,46,97,156,187,22,122,144,212,76,1,89,82,488,.451,.441,.474,.834,.601,.524,G,SO
630,Curtis Stinson,1069,2005-06,Iowa State,30,26,1069,224,492,182,368,42,124,93,140,58,97,155,166,73,0,103,87,583,.455,.495,.339,.664,.522,.498,G,JR
631,Leonard Mendez,1069,2006-07,Georgia State,30,29,1069,149,306,91,184,58,122,58,74,24,100,124,64,39,14,60,49,414,.487,.495,.475,.784,.607,.582,G,SO
632,Morris Almond,1069,2006-07,Rice,32,32,1069,263,544,186,375,77,169,241,285,43,167,210,37,38,24,109,68,844,.483,.496,.456,.846,.621,.554,G,SR
633,Sean Dockery,1069,2005-06,Duke,36,32,1069,93,200,59,114,34,86,36,52,29,79,108,94,61,4,48,89,256,.465,.518,.395,.692,.570,.550,G,SR
634,Stanley Burrell,1069,2006-07,Xavier,34,33,1069,134,349,73,178,61,171,94,119,10,58,68,83,24,5,62,51,423,.384,.410,.357,.790,.522,.471,G,JR
635,Alvin Cruz,1068,2003-04,Niagara,32,32,1068,99,245,65,137,34,108,55,78,27,78,105,191,54,1,70,90,287,.404,.474,.315,.705,.509,.473,G,JR
636,Belton Rivers,1068,2006-07,Tennessee Tech,32,32,1068,182,457,90,204,92,253,114,153,24,93,117,81,35,2,92,75,570,.398,.441,.364,.745,.538,.499,G,SR
637,Derrick Byars,1068,2006-07,Vanderbilt,34,34,1068,206,451,127,239,79,212,86,121,52,113,165,116,48,4,80,81,577,.457,.531,.373,.711,.567,.544,G,SR
638,Donald Copeland,1068,2005-06,Seton Hall,30,30,1068,147,367,76,186,71,181,119,141,16,75,91,135,41,0,72,59,484,.401,.409,.392,.844,.558,.497,G,SR
639,Greg Paulus,1068,2006-07,Duke,33,29,1068,130,285,62,134,68,151,61,81,19,54,73,124,38,2,101,94,389,.456,.463,.450,.753,.601,.575,G,SO
640,Keith Bogans,1068,2002-03,Kentucky,36,35,1068,194,425,114,216,80,209,96,130,41,97,138,98,42,4,78,60,564,.456,.528,.383,.738,.579,.551,G,SR
641,Mustafa Shakur,1068,2004-05,Arizona,37,37,1068,104,246,73,164,31,82,59,80,27,108,135,166,44,3,101,72,298,.423,.445,.378,.738,.525,.486,G,SO
642,Nate Harris,1068,2005-06,Utah State,32,32,1068,215,346,208,328,7,18,116,156,74,173,247,97,23,31,68,69,553,.621,.634,.389,.744,.658,.632,F,SR
643,Tony Bethel,1068,2002-03,Georgetown,34,34,1068,119,303,65,148,54,155,74,92,32,81,113,121,55,10,70,87,366,.393,.439,.348,.804,.528,.482,G,SO
644,Brandon Bowman,1067,2004-05,Georgetown,32,32,1067,172,343,118,195,54,148,85,119,52,142,194,69,42,29,74,82,483,.501,.605,.365,.714,.604,.580,F,JR
645,Brendan Winters,1067,2004-05,Davidson,32,32,1067,168,373,79,168,89,205,108,146,43,120,163,57,24,4,84,55,533,.450,.470,.434,.740,.602,.570,G,JR
646,Mark Brown,1067,2002-03,Utah State,33,33,1067,90,233,61,152,29,81,74,87,10,65,75,149,43,1,75,45,283,.386,.401,.358,.851,.516,.448,G,JR
647,Randall Gulina,1067,2006-07,Samford,32,31,1067,184,400,104,186,80,214,131,164,30,78,108,37,27,1,51,61,579,.460,.559,.374,.799,.606,.560,G,SR
648,Andre Collins,1066,2005-06,Loyola (MD),28,28,1066,256,619,138,297,118,322,101,112,21,79,100,131,67,4,104,65,731,.414,.465,.366,.902,.544,.509,G,SR
649,Corey Santee,1066,2004-05,TCU,35,34,1066,180,440,104,225,76,215,65,113,21,79,100,127,43,2,73,57,501,.409,.462,.353,.575,.507,.495,G,SR
650,David Teague,1066,2006-07,Purdue,34,34,1066,177,402,93,198,84,204,49,65,50,119,169,67,24,5,63,66,487,.440,.470,.412,.754,.563,.545,G,SR
651,Derek Winans,1066,2002-03,Southeast Missouri State,30,30,1066,156,358,85,186,71,172,76,98,14,74,88,109,40,6,65,79,459,.436,.457,.413,.776,.567,.535,G,SO
652,Elijah Ingram,1066,2002-03,St. John's (NY),34,31,1066,117,312,47,118,70,194,53,72,14,71,85,89,45,7,81,47,357,.375,.398,.361,.736,.516,.487,G,FR
653,James Williams,1066,2004-05,LIU Brooklyn,29,29,1066,139,353,73,168,66,185,130,160,15,78,93,98,33,6,106,77,474,.394,.435,.357,.813,.552,.487,G,SO
654,John Allen,1066,2003-04,Seton Hall,31,31,1066,124,311,96,218,28,93,108,135,38,109,147,71,36,6,64,79,384,.399,.440,.301,.800,.512,.444,F,JR
655,Morris Finley,1066,2002-03,UAB,34,34,1066,201,484,102,244,99,240,122,149,28,83,111,108,67,0,61,69,623,.415,.418,.413,.819,.561,.518,G,JR
656,Pierre Curtis,1066,2006-07,James Madison,30,30,1066,103,242,91,197,12,45,124,165,10,63,73,112,37,1,113,82,342,.426,.462,.267,.752,.534,.450,G,FR
657,Robert Vaden,1066,2005-06,Indiana,31,31,1066,150,344,69,149,81,195,37,46,34,136,170,109,38,6,102,86,418,.436,.463,.415,.804,.571,.554,G,SO
658,Taron Downey,1066,2002-03,Wake Forest,31,31,1066,89,242,39,95,50,147,87,101,14,94,108,130,20,2,80,45,315,.368,.411,.340,.861,.543,.471,G,SO
659,Ben Reed,1065,2004-05,Western Michigan,33,32,1065,192,427,111,228,81,199,118,163,56,148,204,70,17,2,84,84,583,.450,.487,.407,.724,.578,.544,G,SR
660,Blake Stepp,1065,2003-04,Gonzaga,31,31,1065,143,332,64,122,79,210,88,106,26,116,142,207,36,4,93,58,453,.431,.525,.376,.830,.592,.550,G,SR
661,Brent Jolly,1065,2002-03,Tennessee Tech,32,32,1065,95,237,36,94,59,143,121,143,10,65,75,58,25,6,42,50,370,.401,.383,.413,.846,.607,.525,G,SR
662,Donnie McGrath,1065,2004-05,Providence,30,29,1065,90,225,18,50,72,175,40,43,5,63,68,115,41,4,57,59,292,.400,.360,.411,.930,.595,.560,G,JR
663,Engin Atsur,1065,2005-06,NC State,32,31,1065,110,248,43,81,67,167,57,73,15,87,102,109,54,4,65,74,344,.444,.531,.401,.781,.608,.579,G,JR
664,Jai Lewis,1065,2005-06,George Mason,35,34,1065,182,348,166,302,16,46,99,152,101,173,274,64,49,23,71,100,479,.523,.550,.348,.651,.570,.546,F,SR
665,Jaycee Carroll,1065,2005-06,Utah State,32,31,1065,184,396,91,190,93,206,60,76,17,96,113,83,31,4,55,59,521,.465,.479,.451,.789,.603,.582,G,SO
666,Lewis Monroe,1065,2002-03,Auburn,34,34,1065,64,151,35,75,29,76,53,74,11,71,82,108,30,0,64,44,210,.424,.467,.382,.716,.564,.520,G,SO
667,Odartey Blankson,1065,2003-04,UNLV,31,30,1065,189,360,161,283,28,77,140,177,94,221,315,46,37,11,82,83,546,.525,.569,.364,.791,.615,.564,F,JR
668,Ben Luber,1064,2003-04,Penn State,28,26,1064,69,220,57,164,12,56,41,54,7,49,56,114,40,1,93,57,191,.314,.348,.214,.759,.389,.341,G,FR
669,Derek Coleman,1064,2006-07,Robert Morris,28,28,1064,111,258,49,102,62,156,74,84,10,60,70,152,28,0,93,80,358,.430,.480,.397,.881,.601,.550,G,SR
670,Ilian Evtimov,1064,2004-05,NC State,35,22,1064,113,253,47,98,66,155,52,78,31,102,133,73,41,5,74,110,344,.447,.480,.426,.667,.593,.577,F,JR
671,Jacques Jones,1064,2006-07,Texas Southern,31,31,1064,164,355,162,333,2,22,112,154,85,114,199,54,38,22,93,96,442,.462,.486,.091,.727,.516,.465,F,JR
672,Jahsha Bluntt,1064,2004-05,Delaware State,33,31,1064,149,340,60,122,89,218,63,77,44,89,133,26,35,12,57,84,450,.438,.492,.408,.818,.597,.569,G,SO
673,Josh Tarver,1064,2006-07,Oregon State,32,32,1064,105,290,79,172,26,118,57,85,18,80,98,123,40,5,92,69,293,.362,.459,.220,.671,.443,.407,G,FR
674,Kammron Taylor,1064,2005-06,Wisconsin,31,31,1064,140,364,73,196,67,168,92,111,18,74,92,73,24,3,81,58,439,.385,.372,.399,.829,.527,.477,G,JR
675,Kyle Bailey,1064,2004-05,Santa Clara,31,29,1064,154,414,92,216,62,198,88,114,42,104,146,129,46,8,78,70,458,.372,.426,.313,.772,.489,.447,G,SR
676,Quinton Hosley,1064,2006-07,Fresno State,32,32,1064,140,335,102,217,38,118,127,189,84,200,284,47,42,19,86,89,445,.418,.470,.322,.672,.524,.475,G,SR
677,Sean Singletary,1064,2006-07,Virginia,32,32,1064,170,425,91,222,79,203,190,218,36,111,147,151,38,1,100,81,609,.400,.410,.389,.872,.576,.493,G,JR
678,Tre Kelley,1064,2006-07,South Carolina,29,29,1064,198,454,143,297,55,157,96,120,13,61,74,149,26,7,83,66,547,.436,.481,.350,.800,.535,.497,G,SR
679,Walker Russell,1064,2004-05,Jacksonville State,29,29,1064,126,292,107,234,19,58,150,179,13,86,99,211,64,5,131,77,421,.432,.457,.328,.838,.558,.464,G,JR
680,Erik Crawford,1063,2004-05,Northern Iowa,32,32,1063,156,331,99,185,57,146,56,80,35,123,158,84,30,13,52,82,425,.471,.535,.390,.700,.576,.557,G,JR
681,Ibrahim Jaaber,1063,2005-06,Pennsylvania,29,29,1063,190,362,134,216,56,146,93,129,33,66,99,64,96,15,49,69,529,.525,.620,.384,.721,.625,.602,G,JR
682,Ivan Radenovic,1063,2006-07,Arizona,31,31,1063,150,296,131,245,19,51,150,172,86,150,236,64,27,18,65,73,469,.507,.535,.373,.872,.621,.539,F,SR
683,Markel Humphrey,1063,2006-07,Marshall,32,32,1063,157,361,119,239,38,122,97,134,79,130,209,45,25,12,56,64,449,.435,.498,.311,.724,.529,.488,F,SO
684,Marques Green,1063,2003-04,St. Bonaventure,27,27,1063,172,468,74,193,98,275,83,108,20,70,90,140,107,2,106,70,525,.368,.383,.356,.769,.505,.472,G,SR
685,Ronald Dupree Jr,1063,2002-03,Louisiana State,32,32,1063,199,376,186,339,13,37,93,137,77,172,249,77,22,8,64,79,504,.529,.549,.351,.679,.571,.547,F,SR
686,Caleb Green,1062,2005-06,Oral Roberts,33,33,1062,224,425,221,415,3,10,235,308,123,167,290,53,34,11,96,94,686,.527,.533,.300,.763,.600,.531,F,JR
687,Jamaal Womack,1062,2006-07,St. Francis Brooklyn,31,30,1062,110,299,43,110,67,189,43,68,20,61,81,56,41,1,62,73,330,.368,.391,.354,.632,.498,.480,G,SO
688,Johnny Gray,1062,2005-06,Pacific,32,32,1062,170,351,104,194,66,157,69,79,13,73,86,100,30,2,78,59,475,.484,.536,.420,.873,.611,.578,G,SR
689,Randal Falker,1062,2006-07,Southern Illinois,36,36,1062,162,272,162,272,0,0,120,221,92,185,277,43,27,75,91,112,444,.596,.596,,.543,.589,.596,F,JR
690,Wesley Matthews,1062,2006-07,Marquette,34,34,1062,133,304,110,224,23,80,141,183,64,115,179,75,49,5,84,84,430,.438,.491,.288,.770,.550,.475,G,SO
691,Arizona Reid,1061,2006-07,High Point,32,32,1061,285,560,265,502,20,58,81,123,100,204,304,60,38,15,91,91,671,.509,.528,.345,.659,.543,.527,F,JR
692,Daniel Bobik,1061,2003-04,Oklahoma State,35,34,1061,85,186,33,61,52,125,31,47,13,94,107,94,50,4,58,77,253,.457,.541,.416,.660,.607,.597,G,JR
693,Jeremy Goode,1061,2006-07,Mount St. Mary's,31,28,1061,103,270,74,165,29,105,78,127,25,80,105,155,56,2,95,63,313,.381,.448,.276,.614,.474,.435,G,FR
694,Justin Hamilton,1061,2002-03,Florida,33,33,1061,101,179,76,117,25,62,38,50,30,78,108,118,54,13,51,76,265,.564,.650,.403,.760,.654,.634,G,SR
695,Mohamed Abukar,1061,2006-07,San Diego State,32,30,1061,185,392,166,329,19,63,116,140,44,141,185,51,15,19,69,83,505,.472,.505,.302,.829,.551,.496,F,SR
696,Obie Nwadike,1061,2006-07,Central Connecticut State,31,30,1061,128,270,128,269,0,1,191,251,136,195,331,43,33,1,80,99,447,.474,.476,.000,.761,.574,.474,F,SR
697,Paul Millsap,1061,2004-05,Louisiana Tech,29,29,1061,225,391,225,390,0,1,143,238,156,204,360,29,33,55,74,89,593,.575,.577,.000,.601,.588,.575,F,SO
698,Daevon Haskins,1060,2004-05,Louisiana Tech,29,29,1060,88,211,85,181,3,30,66,96,28,73,101,167,54,0,89,67,245,.417,.470,.100,.688,.477,.424,G,JR
699,Drew Lavender,1060,2006-07,Xavier,34,33,1060,118,262,64,142,54,120,91,120,17,64,81,164,45,0,57,52,381,.450,.451,.450,.758,.597,.553,G,JR
700,Jemino Sobers,1060,2006-07,Central Connecticut State,34,33,1060,119,230,119,230,0,0,67,102,67,119,186,36,24,78,68,102,305,.517,.517,,.657,.548,.517,F,SR
701,Kevin Bettencourt,1060,2004-05,Bucknell,33,33,1060,122,343,44,122,78,221,95,107,9,88,97,79,55,2,77,53,417,.356,.361,.353,.888,.529,.469,G,JR
702,Nate Williams,1060,2002-03,Georgia State,29,28,1060,196,379,196,375,0,4,129,172,56,134,190,57,34,41,82,68,521,.517,.523,.000,.750,.565,.517,F,JR
703,Timmy Bowers,1060,2003-04,Mississippi State,30,30,1060,156,386,85,184,71,202,66,89,31,88,119,145,58,16,100,41,449,.404,.462,.351,.742,.524,.496,G,SR
704,Travis Diener,1060,2003-04,Marquette,31,31,1060,179,424,89,224,90,200,136,154,21,76,97,187,41,0,74,76,584,.422,.397,.450,.883,.587,.528,G,JR
705,Adam Morrison,1059,2004-05,Gonzaga,31,29,1059,226,454,189,335,37,119,100,132,43,128,171,88,19,14,52,59,589,.498,.564,.311,.758,.570,.539,F,SO
706,Carlos Rivera,1059,2005-06,Hofstra,33,31,1059,120,305,71,152,49,153,97,129,38,95,133,117,50,4,60,89,386,.393,.467,.320,.752,.527,.474,G,JR
707,Giordan Watson,1059,2005-06,Central Michigan,28,28,1059,123,325,82,196,41,129,99,130,10,75,85,124,43,6,115,70,386,.378,.418,.318,.762,.499,.442,G,SO
708,Harding Nana,1059,2005-06,Delaware,30,30,1059,200,426,154,293,46,133,123,192,89,237,326,52,37,38,85,88,569,.469,.526,.346,.641,.550,.523,F,SR
709,Jamaal Tatum,1059,2005-06,Southern Illinois,32,32,1059,163,446,116,285,47,161,107,137,24,58,82,104,42,3,85,67,480,.365,.407,.292,.781,.470,.418,G,JR
710,Jermaine Robinson,1059,2003-04,Cleveland State,29,29,1059,182,477,119,256,63,221,141,217,33,101,134,74,43,7,122,67,568,.382,.465,.285,.650,.490,.448,G,SR
711,Joel Cornette,1059,2002-03,Butler,33,33,1059,162,296,162,295,0,1,62,129,72,141,213,97,36,31,98,101,386,.547,.549,.000,.481,.540,.547,F,SR
712,Levi Levine,1059,2003-04,Albany (NY),28,28,1059,143,378,102,250,41,128,73,96,41,130,171,70,46,9,99,85,400,.378,.408,.320,.760,.472,.433,F,SO
713,Ross DeRogatis,1059,2006-07,San Diego,32,32,1059,158,359,60,109,98,250,88,111,14,69,83,94,33,2,88,76,502,.440,.550,.392,.793,.610,.577,G,SR
714,Tremmell Darden,1059,2002-03,Niagara,29,29,1059,170,354,141,266,29,88,134,186,55,109,164,71,43,10,81,69,503,.480,.530,.330,.720,.569,.521,G,JR
715,Al Horford,1058,2006-07,Florida,38,36,1058,186,306,186,304,0,2,130,202,96,264,360,82,28,70,68,94,502,.608,.612,.000,.644,.624,.608,F,JR
716,Clarence Sanders,1058,2006-07,Ole Miss,34,26,1058,206,486,110,224,96,262,40,51,30,55,85,51,41,15,47,59,548,.424,.491,.366,.784,.537,.523,G,SR
717,Curtis Sumpter,1058,2003-04,Villanova,32,31,1058,164,335,143,269,21,66,109,145,87,139,226,39,32,30,88,85,458,.490,.532,.318,.752,.567,.521,F,SO
718,Dwyane Wade,1058,2002-03,Marquette,33,33,1058,251,501,237,457,14,44,194,249,60,149,209,145,71,43,107,76,710,.501,.519,.318,.779,.573,.515,G,JR
719,Marcelus Kemp,1058,2006-07,Nevada,34,33,1058,221,478,137,271,84,207,103,128,36,121,157,82,24,7,98,74,629,.462,.506,.406,.805,.584,.550,G,JR
720,Amit Tamir,1057,2002-03,California,31,31,1057,153,373,92,218,61,155,96,120,37,163,200,93,27,13,78,65,463,.410,.422,.394,.800,.538,.492,F,SO
721,Chet Stachitas,1057,2004-05,Saint Joseph's,36,36,1057,127,320,77,177,50,143,85,114,33,60,93,71,29,2,58,76,389,.397,.435,.350,.746,.520,.475,G,JR
722,Colin Falls,1057,2005-06,Notre Dame,30,30,1057,129,323,27,66,102,257,55,69,10,57,67,52,18,9,42,62,415,.399,.409,.397,.797,.583,.557,G,JR
723,Jason Thompson,1057,2006-07,Rider,31,31,1057,221,425,215,403,6,22,176,243,92,220,312,65,23,67,93,102,624,.520,.533,.273,.724,.577,.527,C,JR
724,Steven Smith,1057,2003-04,La Salle,30,30,1057,187,409,154,308,33,101,105,128,79,165,244,34,32,13,80,96,512,.457,.500,.327,.820,.545,.498,F,SO
725,Damien Wilkins,1056,2003-04,Georgia,30,30,1056,117,288,90,204,27,84,118,150,60,102,162,88,44,11,75,76,379,.406,.441,.321,.787,.527,.453,F,SR
726,Dru Joyce III,1056,2006-07,Akron,33,32,1056,102,247,35,78,67,169,59,90,10,69,79,143,31,1,72,68,330,.413,.449,.396,.656,.569,.549,G,SR
727,Malik Hairston,1056,2005-06,Oregon,32,32,1056,175,372,128,248,47,124,82,119,79,72,151,69,15,20,70,73,479,.470,.516,.379,.689,.559,.534,G,SO
728,Mark McAndrew,1056,2006-07,Brown,29,29,1056,127,274,55,111,72,163,134,158,28,127,155,64,28,1,80,74,460,.464,.495,.442,.848,.659,.595,G,JR
729,Matt Cadwell,1056,2005-06,South Dakota State,29,29,1056,141,361,95,244,46,117,125,155,26,77,103,96,30,3,91,73,453,.391,.389,.393,.806,.521,.454,G,FR
730,Mike Gordon,1056,2006-07,Binghamton,29,29,1056,110,275,55,128,55,147,44,68,15,74,89,117,71,13,49,74,319,.400,.430,.374,.647,.519,.500,G,JR
731,Quinton Ross,1056,2002-03,SMU,30,30,1056,191,422,149,281,42,141,184,232,77,114,191,63,46,24,64,66,608,.453,.530,.298,.793,.571,.502,G,SR
732,Solomon Jones III,1056,2005-06,South Florida,29,29,1056,139,287,139,285,0,2,105,135,93,192,285,39,25,89,101,99,383,.484,.488,.000,.778,.545,.484,C,SR
733,Tim Smith,1056,2005-06,East Tennessee State,28,28,1056,238,530,197,405,41,125,100,137,33,94,127,126,95,1,137,45,617,.449,.486,.328,.730,.518,.488,G,SR
734,Aaron Nixon,1055,2006-07,Long Beach State,32,32,1055,198,479,117,272,81,207,124,166,36,120,156,100,43,10,87,84,601,.413,.430,.391,.747,.539,.498,G,SR
735,Ben Jacobson,1055,2003-04,Northern Iowa,31,31,1055,153,360,102,230,51,130,76,99,11,112,123,73,33,5,61,50,433,.425,.443,.392,.768,.532,.496,G,SO
736,Blake Schilb,1055,2004-05,Loyola Chicago,30,30,1055,196,390,143,246,53,144,91,111,46,118,164,120,52,16,122,68,536,.503,.581,.368,.820,.605,.571,G,SO
737,Chris Kaman,1055,2002-03,Central Michigan,31,31,1055,244,392,244,392,0,0,206,275,112,261,373,37,19,98,137,99,694,.622,.622,,.749,.664,.622,C,JR
738,Chuck Davis,1055,2004-05,Alabama,32,32,1055,154,272,152,257,2,15,136,173,73,143,216,59,28,62,72,86,446,.566,.591,.133,.786,.630,.570,G,JR
739,James Reaves,1055,2003-04,Niagara,32,32,1055,133,295,122,254,11,41,95,131,93,215,308,48,44,44,83,109,372,.451,.480,.268,.725,.521,.469,F,SR
740,Josh Shipp,1055,2006-07,UCLA,35,35,1055,168,358,126,225,42,133,86,110,41,94,135,92,47,9,63,59,464,.469,.560,.316,.782,.566,.528,F,SO
741,Lanny Smith,1055,2004-05,Houston,32,32,1055,153,390,73,191,80,199,83,118,27,49,76,134,45,1,103,81,469,.392,.382,.402,.703,.526,.495,G,SO
742,Martin Zeno,1055,2004-05,Texas Tech,33,26,1055,140,313,133,288,7,25,126,167,45,92,137,112,37,11,65,66,413,.447,.462,.280,.754,.526,.458,G,FR
743,Othyus Jeffers,1055,2006-07,Illinois–Chicago,32,32,1055,179,382,177,370,2,12,133,200,102,174,276,82,53,7,92,83,493,.469,.478,.167,.665,.517,.471,F,JR
744,Tee Trotter,1055,2002-03,Maryland Eastern Shore,28,28,1055,183,457,100,242,83,215,124,151,13,52,65,90,28,1,102,63,573,.400,.413,.386,.821,.542,.491,G,JR
745,Carl Krauser,1054,2005-06,Pittsburgh,33,33,1054,157,391,90,209,67,182,113,155,26,115,141,160,53,0,103,92,494,.402,.431,.368,.729,.532,.487,G,SR
746,Dominic McGuire,1054,2006-07,Fresno State,32,32,1054,153,325,133,258,20,67,106,181,70,244,314,104,28,114,119,91,432,.471,.516,.299,.586,.526,.502,G,JR
747,Jermaine Lewis,1054,2002-03,UNLV,32,32,1054,100,252,52,121,48,131,55,73,50,109,159,70,38,9,57,66,303,.397,.430,.366,.753,.528,.492,G,SR
748,Rajon Rondo,1054,2005-06,Kentucky,34,28,1054,147,305,129,239,18,66,68,119,37,172,209,167,69,5,79,70,380,.482,.540,.273,.571,.526,.511,G,SO
749,Rob Ferguson,1054,2006-07,Saint Joseph's,32,32,1054,146,314,107,223,39,91,30,35,62,106,168,42,29,30,65,91,361,.465,.480,.429,.857,.546,.527,F,JR
750,Timmy Bowers,1054,2002-03,Mississippi State,31,31,1054,162,346,92,176,70,170,60,80,22,95,117,94,55,16,79,47,454,.468,.523,.412,.750,.591,.569,G,JR
751,Anthony Winchester,1053,2004-05,Western Kentucky,31,31,1053,196,390,119,220,77,170,95,115,89,134,223,69,33,3,64,77,564,.503,.541,.453,.826,.634,.601,G,JR
752,Chris Timberlake,1053,2006-07,North Florida,29,29,1053,110,280,64,153,46,127,54,71,12,70,82,119,36,3,70,50,320,.393,.418,.362,.761,.510,.475,G,JR
753,DeAndre Haynes,1053,2005-06,Kent State,34,29,1053,152,348,96,207,56,141,81,103,27,66,93,134,57,4,104,104,441,.437,.464,.397,.786,.556,.517,G,SR
754,Jesse Brooks,1053,2005-06,Maryland Eastern Shore,29,28,1053,89,286,40,121,49,165,45,74,18,70,88,142,48,1,92,57,272,.311,.331,.297,.608,.423,.397,G,FR
755,Marcus Melvin,1053,2003-04,NC State,31,31,1053,148,331,89,167,59,164,87,107,65,186,251,60,19,23,71,79,442,.447,.533,.360,.813,.579,.536,F,SR
756,Michael Bramos,1053,2006-07,Miami (OH),33,31,1053,118,291,68,155,50,136,84,101,26,97,123,76,46,41,64,52,370,.405,.439,.368,.832,.546,.491,F,SO
757,Paul Millsap,1053,2003-04,Louisiana Tech,30,29,1053,175,298,174,297,1,1,116,181,151,223,374,22,26,52,67,99,467,.587,.586,1.000,.641,.608,.589,F,FR
758,Antoine Wright,1052,2004-05,Texas A&M,31,30,1052,193,385,122,226,71,159,96,139,51,134,185,69,36,22,75,79,553,.501,.540,.447,.691,.613,.594,F,JR
759,Brian Laing,1052,2006-07,Seton Hall,29,29,1052,186,402,165,336,21,66,86,113,66,128,194,60,48,14,59,76,479,.463,.491,.318,.761,.526,.489,G,JR
760,Danny Horace,1052,2004-05,Miami (OH),30,30,1052,141,310,115,235,26,75,154,188,66,220,286,39,25,17,64,68,462,.455,.489,.347,.819,.579,.497,F,SR
761,DeMarcus Nelson,1052,2006-07,Duke,33,31,1052,174,364,130,243,44,121,73,123,45,132,177,66,44,17,82,76,465,.478,.535,.364,.593,.550,.538,G,JR
762,Derek Coleman,1052,2005-06,Robert Morris,29,29,1052,106,272,32,97,74,175,59,71,13,59,72,137,33,5,78,80,345,.390,.330,.423,.831,.564,.526,G,JR
763,Donte Gennie,1052,2006-07,Georgia Southern,31,31,1052,181,403,99,212,82,191,58,83,20,67,87,81,40,0,70,54,502,.449,.467,.429,.699,.567,.551,G,SR
764,Giovanni St. Amant,1052,2002-03,UTEP,30,25,1052,149,350,122,282,27,68,82,99,22,71,93,74,22,10,80,49,407,.426,.433,.397,.828,.513,.464,G,FR
765,Ivan McFarlin,1052,2003-04,Oklahoma State,35,35,1052,173,294,173,293,0,1,81,126,97,139,236,60,39,54,58,111,427,.588,.590,.000,.643,.603,.588,F,JR
766,Larry Owens,1052,2005-06,Oral Roberts,33,33,1052,156,289,136,234,20,55,80,123,99,162,261,104,49,43,89,99,412,.540,.581,.364,.650,.593,.574,F,SR
767,Tony Murphy,1052,2006-07,Norfolk State,30,28,1052,170,418,91,211,79,207,75,96,24,90,114,43,29,4,86,33,494,.407,.431,.382,.781,.533,.501,G,JR
768,Daniel Kickert,1051,2004-05,St. Mary's (CA),34,34,1051,197,366,131,226,66,140,104,123,69,154,223,35,15,25,75,80,564,.538,.580,.471,.846,.664,.628,F,JR
769,Darshan Luckey,1051,2002-03,Saint Francis (PA),28,28,1051,201,525,155,361,46,164,157,202,21,123,144,46,48,7,114,65,605,.383,.429,.280,.777,.487,.427,G,FR
770,Devan Downey,1051,2005-06,Cincinnati,34,31,1051,147,369,128,302,19,67,90,117,20,73,93,147,65,7,78,74,403,.398,.424,.284,.769,.475,.424,G,FR
771,Dewitt Doss,1051,2004-05,Canisius,29,29,1051,150,368,98,219,52,149,88,115,12,68,80,57,43,1,51,64,440,.408,.447,.349,.765,.521,.478,G,SR
772,Josh Pace,1051,2003-04,Syracuse,31,31,1051,135,270,134,265,1,5,23,59,53,113,166,102,55,13,51,55,294,.500,.506,.200,.390,.493,.502,G,JR
773,Luke Meyer,1051,2006-07,Saint Louis,33,32,1051,124,253,114,218,10,35,54,64,47,120,167,56,33,10,45,86,312,.490,.523,.286,.844,.550,.510,F,JR
774,Nick Fazekas,1051,2005-06,Nevada,33,33,1051,268,507,237,400,31,107,154,182,100,242,342,68,36,49,59,59,721,.529,.593,.290,.846,.607,.559,F,JR
775,Rickey Paulding,1051,2003-04,Missouri,30,30,1051,144,363,90,205,54,158,111,141,56,73,129,84,31,12,78,58,453,.397,.439,.342,.787,.527,.471,G,SR
776,Darrel Mitchell,1050,2004-05,Louisiana State,30,30,1050,125,312,58,128,67,184,77,91,14,65,79,88,54,5,65,83,394,.401,.453,.364,.846,.555,.508,G,JR
777,Marcellus Sommerville,1050,2005-06,Bradley,33,30,1050,183,450,124,286,59,164,93,119,68,158,226,23,26,13,78,82,518,.407,.434,.360,.782,.511,.472,F,SR
778,Michael Flowers,1050,2006-07,Wisconsin,36,36,1050,84,190,57,104,27,86,63,86,36,105,141,105,58,9,52,87,258,.442,.548,.314,.733,.559,.513,G,JR
779,Theo Robertson,1050,2006-07,California,33,33,1050,105,233,79,163,26,70,54,70,39,103,142,72,27,9,57,84,290,.451,.485,.371,.771,.545,.506,F,SO
780,Tory Cavalieri,1050,2002-03,St. Francis Brooklyn,30,28,1050,77,180,45,97,32,83,69,80,21,62,83,173,60,1,96,58,255,.428,.464,.386,.863,.585,.517,G,SO
781,Chet Mason,1049,2004-05,Miami (OH),30,30,1049,150,343,136,282,14,61,89,141,81,147,228,99,39,7,95,73,403,.437,.482,.230,.631,.491,.458,G,SR
782,De'Angelo Alexander,1049,2006-07,Charlotte,30,30,1049,177,443,99,210,78,233,96,122,90,125,215,55,38,6,60,67,528,.400,.471,.335,.787,.527,.488,G,SR
783,Dedrick Finn,1049,2002-03,Xavier,32,30,1049,70,171,18,50,52,121,51,75,8,60,68,139,39,2,62,69,243,.409,.360,.430,.680,.588,.561,G,FR
784,Eddie Basden,1049,2004-05,Charlotte,29,28,1049,155,318,133,261,22,57,110,152,76,169,245,108,93,4,76,58,442,.487,.510,.386,.724,.566,.522,G,SR
785,Greg Davis,1049,2003-04,Troy State,31,31,1049,169,407,107,214,62,193,82,105,19,75,94,256,75,2,87,36,482,.415,.500,.321,.781,.527,.491,G,SR
786,Scott Henry,1049,2003-04,Idaho State,31,31,1049,189,335,189,333,0,2,60,92,74,153,227,67,27,38,81,91,438,.564,.568,.000,.652,.578,.564,F,SR
787,Stephen Curry,1049,2006-07,Davidson,34,33,1049,242,523,120,224,122,299,124,145,32,125,157,95,62,6,95,87,730,.463,.536,.408,.855,.617,.579,G,FR
788,Blair Wilson,1048,2002-03,Colorado,32,31,1048,136,342,53,105,83,237,57,71,25,84,109,59,38,7,36,58,412,.398,.505,.350,.803,.548,.519,G,JR
789,Bo McCalebb,1048,2004-05,New Orleans,30,30,1048,261,544,236,448,25,96,132,233,71,58,129,110,55,5,77,58,679,.480,.527,.260,.567,.519,.503,G,SO
790,Brandon McKnight,1048,2004-05,Purdue,28,28,1048,121,341,94,239,27,102,60,82,19,76,95,105,36,5,63,45,329,.355,.393,.265,.732,.433,.394,G,SR
791,Caleb Green,1048,2004-05,Oral Roberts,33,33,1048,213,386,213,385,0,1,213,283,105,201,306,65,45,7,111,90,639,.552,.553,.000,.753,.614,.552,F,SO
792,Charles Lee,1048,2005-06,Bucknell,32,32,1048,130,299,87,184,43,115,118,158,44,147,191,91,70,9,88,57,421,.435,.473,.374,.747,.563,.507,G,SR
793,David Hehn,1048,2002-03,Vermont,33,32,1048,75,205,44,103,31,102,50,71,12,109,121,94,40,3,73,52,231,.366,.427,.304,.704,.484,.441,G,SO
794,Earnest Shelton,1048,2004-05,Alabama,32,32,1048,164,350,73,121,91,229,101,125,21,88,109,64,33,3,68,58,520,.469,.603,.397,.808,.635,.599,G,SR
795,Greg Brunner,1048,2004-05,Iowa,33,32,1048,175,342,158,294,17,48,118,171,90,185,275,62,38,32,80,100,485,.512,.537,.354,.690,.573,.537,F,JR
796,Jameer Nelson,1048,2002-03,Saint Joseph's,30,30,1048,194,444,130,255,64,189,139,180,39,115,154,142,66,6,87,64,591,.437,.510,.339,.772,.558,.509,G,JR
797,Jeremy Chappell,1048,2005-06,Robert Morris,29,28,1048,151,331,98,197,53,134,55,78,63,102,165,75,54,26,45,79,410,.456,.497,.396,.705,.557,.536,G,FR
798,Jermareo Davidson,1048,2005-06,Alabama,31,31,1048,168,352,168,349,0,3,106,142,86,190,276,38,26,58,67,68,442,.477,.481,.000,.746,.527,.477,F,JR
799,Julian Wright,1048,2006-07,Kansas,38,37,1048,190,346,187,333,3,13,73,119,96,202,298,82,55,49,91,94,456,.549,.562,.231,.613,.566,.553,F,SO
800,K.C. Rivers,1048,2006-07,Clemson,36,10,1048,183,396,95,173,88,223,50,68,56,106,162,65,44,5,44,77,504,.462,.549,.395,.735,.588,.573,G,SO
801,Keith Waleskowski,1048,2003-04,Dayton,33,33,1048,152,317,139,262,13,55,122,168,92,235,327,62,28,19,88,84,439,.479,.531,.236,.726,.553,.500,F,SR
802,Nile Murry,1048,2005-06,TCU,31,31,1048,157,422,90,239,67,183,136,165,45,86,131,82,53,2,87,86,517,.372,.377,.366,.824,.517,.451,G,SR
803,Anthony Anderson,1047,2002-03,Massachusetts,29,28,1047,106,254,32,65,74,189,56,74,12,113,125,107,38,3,67,67,342,.417,.492,.392,.757,.591,.563,G,SO
804,Brandon Rush,1047,2005-06,Kansas,33,33,1047,170,359,120,253,50,106,54,71,48,147,195,65,29,23,83,39,444,.474,.474,.472,.761,.565,.543,G,FR
805,Bruce Horan,1047,2003-04,Butler,30,29,1047,101,258,5,16,96,242,20,24,6,61,67,33,14,2,12,55,318,.391,.313,.397,.833,.590,.578,G,SO
806,Jason Rich,1047,2006-07,Florida State,35,34,1047,138,263,124,227,14,36,70,87,40,81,121,60,36,7,70,82,360,.525,.546,.389,.805,.591,.551,G,JR
807,Jeff Myers,1047,2002-03,Richmond,29,29,1047,110,273,36,73,74,200,26,40,11,74,85,119,32,1,49,45,320,.403,.493,.370,.650,.548,.538,G,SR
808,Jon Killen,1047,2006-07,SMU,31,31,1047,76,201,33,89,43,112,54,76,12,73,85,151,54,0,116,96,249,.378,.371,.384,.711,.525,.485,G,JR
809,Keston Roberts,1047,2006-07,Youngstown State,31,31,1047,193,453,148,314,45,139,73,88,28,76,104,52,25,12,73,62,504,.426,.471,.324,.830,.509,.476,G,SR
810,Marvin Lewis,1047,2003-04,Georgia Tech,38,33,1047,142,323,60,117,82,206,52,65,31,76,107,54,29,6,56,91,418,.440,.513,.398,.800,.591,.567,G,SR
811,Ra'Kim Hollis,1047,2002-03,Texas Southern,31,30,1047,170,384,79,156,91,228,143,203,50,132,182,115,48,5,82,77,574,.443,.506,.399,.704,.597,.561,G,SR
812,Rawle Marshall,1047,2003-04,Oakland,30,29,1047,182,402,140,294,42,108,122,180,46,90,136,59,60,20,90,66,528,.453,.476,.389,.678,.542,.505,G,JR
813,Ron Lewis,1047,2003-04,Bowling Green,31,30,1047,145,367,100,232,45,135,191,233,35,110,145,91,24,15,89,88,526,.395,.431,.333,.820,.551,.456,G,SO
814,Steve Novak,1047,2005-06,Marquette,31,31,1047,173,363,52,104,121,259,74,76,34,149,183,39,18,4,32,64,541,.477,.500,.467,.974,.678,.643,F,SR
815,Tim Begley,1047,2004-05,Pennsylvania,29,29,1047,131,311,55,114,76,197,64,89,30,128,158,138,39,9,88,47,402,.421,.482,.386,.719,.569,.543,G,SR
816,T.J. Thompson,1047,2002-03,George Washington,29,29,1047,120,287,62,139,58,148,66,82,11,64,75,177,44,2,122,76,364,.418,.446,.392,.805,.558,.519,G,SO
817,Warren Carter,1047,2006-07,Illinois,34,34,1047,167,344,136,270,31,74,101,142,61,148,209,68,24,32,90,87,466,.485,.504,.419,.711,.566,.531,F,SR
818,Will Conroy,1047,2004-05,Washington,34,33,1047,109,239,79,140,30,99,70,92,26,87,113,219,27,3,95,84,318,.456,.564,.303,.761,.562,.519,G,SR
819,Adam Liberty,1046,2006-07,Oral Roberts,34,34,1046,74,196,52,119,22,77,60,83,10,75,85,99,24,2,81,91,230,.378,.437,.286,.723,.488,.434,G,JR
820,Antonio Haynes,1046,2004-05,Western Kentucky,31,27,1046,137,329,87,175,50,154,106,137,32,78,110,127,59,7,88,59,430,.416,.497,.325,.774,.546,.492,G,SR
821,Ashley Robinson,1046,2002-03,Mississippi Valley State,29,28,1046,98,282,24,58,74,224,58,69,20,59,79,165,67,3,45,58,328,.348,.414,.330,.841,.521,.479,G,SR
822,Brad Nuckles,1046,2006-07,East Tennessee State,34,34,1046,136,266,127,238,9,28,94,131,85,183,268,44,46,55,69,91,375,.511,.534,.321,.718,.571,.528,C,SR
823,Brandon Roy,1046,2005-06,Washington,33,33,1046,228,449,189,352,39,97,171,211,69,117,186,135,46,26,75,81,666,.508,.537,.402,.810,.606,.551,G,SR
824,Gregory Burks,1046,2002-03,Prairie View A&M,29,28,1046,175,401,134,279,41,122,133,163,29,68,97,128,51,0,83,71,524,.436,.480,.336,.816,.548,.488,G,SR
825,Jamon Gordon,1046,2005-06,Virginia Tech,30,28,1046,130,283,112,220,18,63,64,98,50,129,179,133,63,22,66,88,342,.459,.509,.286,.653,.519,.491,G,JR
826,Keith Langford,1046,2003-04,Kansas,33,33,1046,184,384,146,278,38,106,105,157,66,98,164,114,35,19,79,76,511,.479,.525,.358,.669,.557,.529,G,JR
827,Luc Richard Mbah a Moute,1046,2006-07,UCLA,35,35,1046,116,236,106,206,10,30,45,79,87,172,259,65,59,29,65,81,287,.492,.515,.333,.570,.525,.513,F,SO
828,Rashad McCants,1046,2002-03,North Carolina,35,31,1046,215,438,143,264,72,174,92,132,58,104,162,51,49,19,81,95,594,.491,.542,.414,.697,.593,.573,G,FR
829,Russell Robinson,1046,2006-07,Kansas,37,36,1046,85,195,58,117,27,78,71,109,37,78,115,161,73,18,67,88,268,.436,.496,.346,.651,.543,.505,G,JR
830,David Noel III,1045,2005-06,North Carolina,31,31,1045,158,297,119,205,39,92,45,72,76,135,211,107,34,23,95,84,400,.532,.580,.424,.625,.604,.598,G,SR
831,Folarin Campbell,1045,2006-07,George Mason,32,32,1045,139,370,88,204,51,166,117,162,24,102,126,122,41,10,97,85,446,.376,.431,.307,.722,.499,.445,G,JR
832,Mychal Green,1045,2004-05,Ohio,31,31,1045,155,355,86,170,69,185,87,117,39,77,116,49,50,20,57,68,466,.437,.506,.373,.744,.567,.534,G,JR
833,Pooh Jeter,1045,2005-06,Portland,29,29,1045,173,409,116,253,57,156,133,153,17,86,103,87,35,0,72,54,536,.423,.458,.365,.869,.556,.493,G,SR
834,Terence Dials,1045,2004-05,Ohio State,32,32,1045,198,345,198,344,0,1,113,183,91,162,253,27,24,18,68,85,509,.574,.576,.000,.617,.589,.574,F,JR
835,Tyler Smith,1045,2006-07,Iowa,31,29,1045,174,394,157,327,17,67,96,132,67,86,153,111,45,8,92,79,461,.442,.480,.254,.727,.505,.463,F,FR
836,Wayne Simien Jr,1045,2003-04,Kansas,32,31,1045,200,376,198,365,2,11,167,206,98,199,297,39,28,30,71,90,569,.532,.542,.182,.811,.600,.535,F,JR
837,Anthony Tolliver,1044,2006-07,Creighton,33,33,1044,158,312,154,293,4,19,123,187,74,146,220,64,24,57,67,102,443,.506,.526,.211,.658,.553,.513,C,SR
838,Antoine Agudio,1044,2004-05,Hofstra,30,30,1044,160,375,78,181,82,194,50,76,23,73,96,72,25,2,68,56,452,.427,.431,.423,.658,.550,.536,G,FR
839,Antonio Graves,1044,2006-07,Pittsburgh,37,37,1044,118,273,71,156,47,117,59,89,17,59,76,89,28,10,55,69,342,.432,.455,.402,.663,.542,.518,G,SR
840,Blake Schilb,1044,2005-06,Loyola Chicago,30,30,1044,192,412,124,232,68,180,122,147,37,119,156,118,38,27,100,56,574,.466,.534,.378,.830,.596,.549,G,JR
841,Brandon Brown,1044,2002-03,Tulane,31,31,1044,161,322,142,265,19,57,77,127,84,144,228,77,40,20,61,73,418,.500,.536,.333,.606,.547,.530,F,SR
842,John Allen,1044,2002-03,Seton Hall,30,30,1044,162,390,137,296,25,94,69,101,41,111,152,81,39,10,103,79,418,.415,.463,.266,.683,.477,.447,F,SO
843,Ajay Calvin,1043,2006-07,Drake,32,32,1043,208,405,191,353,17,52,85,126,80,116,196,25,21,5,55,53,518,.514,.541,.327,.675,.557,.535,F,SR
844,Bam Doyne,1043,2006-07,Ole Miss,34,34,1043,166,408,124,279,42,129,133,173,32,115,147,65,37,9,78,88,507,.407,.444,.326,.769,.517,.458,G,SR
845,Brad Jones,1043,2005-06,Wyoming,32,26,1043,97,248,95,231,2,17,125,176,35,108,143,111,37,3,123,69,321,.391,.411,.118,.710,.484,.395,G,SO
846,Darnell Harris,1043,2004-05,La Salle,29,29,1043,110,308,45,98,65,210,42,52,7,83,90,28,24,8,36,39,327,.357,.459,.310,.808,.491,.463,G,FR
847,Darryl Watkins,1043,2005-06,Syracuse,35,35,1043,100,191,100,191,0,0,50,93,97,157,254,23,45,99,64,110,250,.524,.524,,.538,.532,.524,C,JR
848,Domonic Jones,1043,2003-04,VCU,31,31,1043,191,415,147,312,44,103,79,118,39,98,137,77,33,13,85,59,505,.460,.471,.427,.669,.536,.513,G,SR
849,Eric Bush,1043,2002-03,UAB,34,33,1043,126,280,102,186,24,94,60,78,41,68,109,123,106,2,86,63,336,.450,.548,.255,.769,.530,.493,G,SR
850,Justin Cage,1043,2006-07,Xavier,34,34,1043,106,187,93,153,13,34,132,176,83,100,183,48,21,22,52,77,357,.567,.608,.382,.750,.660,.602,F,SR
851,Marcus Becker,1043,2006-07,Brown,29,29,1043,59,127,49,85,10,42,36,50,27,57,84,91,60,3,59,66,164,.465,.576,.238,.720,.544,.504,G,SR
852,Mike Schachtner,1043,2006-07,Green Bay,33,33,1043,168,341,116,227,52,114,104,114,41,90,131,20,17,6,48,71,492,.493,.511,.456,.912,.623,.569,F,SO
853,Mike Trimboli,1043,2005-06,Vermont,30,30,1043,130,334,77,183,53,151,107,127,20,65,85,166,47,2,134,80,420,.389,.421,.351,.843,.533,.469,G,FR
854,Tanoris Shepard,1043,2005-06,Idaho,29,29,1043,155,366,107,224,48,142,89,125,16,95,111,106,41,4,88,53,447,.423,.478,.338,.712,.525,.489,G,SR
855,Aaron Robinson,1042,2004-05,Minnesota,32,30,1042,85,208,16,34,69,174,30,38,11,71,82,93,55,4,73,66,269,.409,.471,.397,.789,.595,.575,G,SR
856,Acie Law IV,1042,2005-06,Texas A&M,30,30,1042,174,388,137,276,37,112,97,127,20,81,101,119,50,1,74,77,482,.448,.496,.330,.764,.538,.496,G,JR
857,Brian Bender,1042,2004-05,Gardner-Webb,30,30,1042,151,368,96,208,55,160,106,130,63,135,198,58,26,22,69,61,463,.410,.462,.344,.815,.539,.485,F,JR
858,Chris Hernandez,1042,2004-05,Stanford,30,30,1042,136,316,71,155,65,161,120,148,9,54,63,121,52,0,83,67,457,.430,.458,.404,.811,.592,.533,G,JR
859,Michael Wilkinson,1042,2003-04,Wisconsin,32,32,1042,136,277,108,196,28,81,119,160,79,140,219,62,52,41,49,68,419,.491,.551,.346,.744,.593,.542,F,JR
860,Ronnie Price,1042,2004-05,Utah Valley State,28,28,1042,229,536,149,313,80,223,142,180,24,93,117,84,51,6,85,64,680,.427,.476,.359,.789,.547,.502,G,SR
861,Terry Bryant,1042,2004-05,Southeastern Louisiana,33,33,1042,106,252,90,191,16,61,54,71,11,70,81,71,52,5,65,44,282,.421,.471,.262,.761,.493,.452,G,SO
862,Tony Bland,1042,2002-03,San Diego State,30,30,1042,180,392,160,320,20,72,113,171,28,76,104,101,33,10,67,37,493,.459,.500,.278,.661,.521,.485,G,SR
863,Andre Heard,1041,2005-06,Binghamton,29,29,1041,175,453,128,294,47,159,98,127,45,94,139,49,56,12,60,88,495,.386,.435,.296,.772,.482,.438,G,SR
864,Brandon Polk,1041,2005-06,Butler,33,33,1041,232,403,231,399,1,4,128,204,65,89,154,42,21,50,62,80,593,.576,.579,.250,.627,.593,.577,F,SR
865,Chris Paul,1041,2003-04,Wake Forest,31,31,1041,135,272,95,186,40,86,150,178,21,80,101,183,84,12,82,81,460,.496,.511,.465,.843,.645,.570,G,FR
866,Gerald Fitch,1041,2002-03,Kentucky,36,35,1041,152,322,91,175,61,147,78,102,23,85,108,85,34,2,59,67,443,.472,.520,.415,.765,.598,.567,G,JR
867,Jack Leasure,1041,2005-06,Coastal Carolina,30,30,1041,180,411,55,113,125,298,50,60,23,69,92,122,49,0,83,45,535,.438,.487,.419,.833,.609,.590,G,SO
868,Marshall Strickland,1040,2005-06,Indiana,30,30,1040,122,252,53,108,69,144,65,73,22,84,106,71,33,5,54,69,378,.484,.491,.479,.890,.659,.621,G,SR
869,Royce Parran,1040,2005-06,Chicago State,30,29,1040,166,402,98,229,68,173,141,185,20,82,102,116,57,1,83,77,541,.413,.428,.393,.762,.552,.498,G,JR
870,Terrence Todd,1040,2004-05,Fairfield,30,28,1040,175,422,141,298,34,124,94,118,38,108,146,83,30,1,66,47,478,.415,.473,.274,.797,.500,.455,G,JR
871,Tim Smith,1040,2004-05,East Tennessee State,29,28,1040,245,579,186,424,59,155,96,127,33,90,123,123,63,0,140,44,645,.423,.439,.381,.756,.504,.474,G,JR
872,Brandon Carter,1039,2003-04,Binghamton,30,30,1039,103,252,57,128,46,124,77,97,33,73,106,49,49,8,48,102,329,.409,.445,.371,.794,.552,.500,G,SR
873,Ivan Almonte,1039,2004-05,Florida International,30,29,1039,189,357,182,335,7,22,130,202,98,199,297,95,42,12,133,94,515,.529,.543,.318,.644,.568,.539,F,JR
874,Jack Leasure,1039,2006-07,Coastal Carolina,30,30,1039,163,397,73,155,90,242,53,63,13,73,86,108,46,0,59,44,469,.411,.471,.372,.841,.549,.524,G,JR
875,Jason Williams,1039,2005-06,UTEP,30,26,1039,163,335,151,297,12,38,114,178,79,142,221,108,46,7,90,55,452,.487,.508,.316,.640,.539,.504,G,SR
876,Landy Thompson,1039,2003-04,Mount St. Mary's,29,29,1039,169,437,98,241,71,196,103,140,28,78,106,83,40,2,93,73,512,.387,.407,.362,.736,.508,.468,G,SO
877,Raymond Felton Jr,1039,2003-04,North Carolina,30,30,1039,113,269,78,157,35,112,85,105,17,102,119,213,64,7,102,70,346,.420,.497,.313,.810,.543,.485,G,SO
878,Scooter Sherrill,1039,2002-03,NC State,31,31,1039,104,253,34,78,70,175,47,54,15,68,83,43,34,3,38,64,325,.411,.436,.400,.870,.583,.549,G,JR
879,Yemi Nicholson,1039,2005-06,Denver,31,31,1039,238,395,238,395,0,0,140,187,89,250,339,28,29,88,66,77,616,.603,.603,,.749,.637,.603,C,SR
880,Amani Daanish,1038,2004-05,Indiana State,31,31,1038,130,280,130,280,0,0,82,151,81,123,204,26,26,10,60,69,342,.464,.464,,.543,.486,.464,F,SR
881,Chester Frazier,1038,2006-07,Illinois,33,28,1038,72,203,38,97,34,106,60,101,50,100,150,148,48,6,81,60,238,.355,.392,.321,.594,.474,.438,G,SO
882,C.J. Watson Jr,1038,2002-03,Tennessee,29,28,1038,80,188,56,122,24,66,79,121,18,103,121,160,36,6,85,57,263,.426,.459,.364,.653,.536,.489,G,FR
883,DeAndre Haynes,1038,2004-05,Kent State,33,28,1038,117,304,82,197,35,107,58,85,23,90,113,180,55,4,108,95,327,.385,.416,.327,.682,.475,.442,G,JR
884,D.J. Thompson,1038,2005-06,Appalachian State,30,30,1038,175,458,77,201,98,257,124,154,35,75,110,132,81,1,89,64,572,.382,.383,.381,.805,.538,.489,G,JR
885,Kason Mims,1038,2003-04,Quinnipiac,29,29,1038,122,306,95,207,27,99,111,161,48,122,170,166,47,2,110,93,382,.399,.459,.273,.689,.499,.443,G,SR
886,Linas Kleiza,1038,2004-05,Missouri,33,28,1038,165,409,134,296,31,113,169,231,71,179,250,53,20,9,89,92,530,.403,.453,.274,.732,.511,.441,F,SO
887,Mark Tyndale,1038,2004-05,Temple,30,29,1038,116,351,92,240,24,111,119,164,48,117,165,77,37,2,54,58,375,.330,.383,.216,.726,.437,.365,G,FR
888,Mike Manciel,1038,2002-03,Central Michigan,32,32,1038,172,324,143,247,29,77,157,205,51,107,158,38,47,5,76,74,530,.531,.579,.377,.766,.629,.576,F,SR
889,Mo Williams,1038,2002-03,Alabama,29,29,1038,160,371,103,191,57,180,98,117,29,84,113,112,36,5,86,61,475,.431,.539,.317,.838,.557,.508,G,SO
890,Antione Johnson,1037,2002-03,Albany (NY),28,28,1037,141,335,79,168,62,167,38,48,19,59,78,50,37,8,52,56,382,.421,.470,.371,.792,.534,.513,G,SR
891,B.A. Walker,1037,2004-05,VCU,32,32,1037,135,316,80,162,55,154,61,71,39,69,108,96,27,4,49,78,386,.427,.494,.357,.859,.552,.514,G,SO
892,Darren Brooks,1037,2002-03,Southern Illinois,31,31,1037,155,326,120,211,35,115,55,79,57,113,170,103,62,18,54,75,400,.475,.569,.304,.696,.550,.529,G,SO
893,Dedrick Dye,1037,2002-03,Wagner,32,32,1037,133,284,37,67,96,217,36,43,39,62,101,74,50,9,38,56,398,.468,.552,.442,.837,.654,.637,G,SR
894,James Augustine,1037,2004-05,Illinois,39,39,1037,141,227,141,227,0,0,110,147,100,195,295,43,36,46,46,83,392,.621,.621,,.748,.660,.621,F,JR
895,Jason Maxiell,1037,2004-05,Cincinnati,33,33,1037,164,302,162,297,2,5,176,273,106,148,254,28,33,90,64,82,506,.543,.545,.400,.645,.586,.546,F,SR
896,Jerome Tillman,1037,2006-07,Ohio,32,30,1037,162,289,139,238,23,51,120,176,97,164,261,42,31,15,57,93,467,.561,.584,.451,.682,.627,.600,F,SO
897,Lance Brasher,1037,2006-07,Louisiana–Monroe,32,32,1037,103,239,52,106,51,133,77,107,51,133,184,72,30,3,56,99,334,.431,.491,.383,.720,.576,.538,G,JR
898,Lorrenzo Wade,1037,2006-07,San Diego State,33,24,1037,143,303,124,230,19,73,41,58,43,131,174,85,62,39,76,63,346,.472,.539,.260,.707,.523,.503,F,SO
899,Matt Bonner,1037,2002-03,Florida,33,33,1037,182,357,119,224,63,133,74,101,70,131,201,49,35,20,54,70,501,.510,.531,.474,.733,.619,.598,F,SR
900,Quinton Day,1037,2005-06,Kansas City,27,27,1037,186,460,113,264,73,196,103,127,17,81,98,130,76,0,108,46,548,.404,.428,.372,.811,.527,.484,G,JR
901,Aaron Brooks,1036,2005-06,Oregon,32,31,1036,115,283,70,149,45,134,71,88,25,85,110,140,35,5,78,70,346,.406,.470,.336,.807,.533,.486,G,JR
902,Anthony Farmer,1036,2005-06,Rutgers,32,31,1036,84,219,60,156,24,63,75,114,11,74,85,124,22,14,69,76,267,.384,.385,.381,.658,.489,.438,G,FR
903,Johnnie Bryant,1036,2006-07,Utah,30,30,1036,150,344,62,136,88,208,64,78,17,65,82,81,14,0,52,55,452,.436,.456,.423,.821,.593,.564,G,JR
904,Kevin Downey,1036,2003-04,Canisius,30,30,1036,152,316,106,214,46,102,43,57,16,78,94,113,30,2,72,62,393,.481,.495,.451,.754,.573,.554,G,SO
905,Kevin Johnson,1036,2002-03,Tulsa,33,33,1036,200,386,181,333,19,53,81,107,65,167,232,33,19,76,54,87,500,.518,.544,.358,.757,.572,.543,F,SR
906,Nick Robinson,1036,2004-05,Stanford,31,31,1036,97,270,82,208,15,62,44,61,39,103,142,67,47,7,69,75,253,.359,.394,.242,.721,.423,.387,F,SR
907,Nik Caner-Medley,1036,2005-06,Maryland,32,32,1036,166,365,139,289,27,76,131,159,72,128,200,68,39,16,74,59,490,.455,.481,.355,.824,.556,.492,F,SR
908,Travis Peterson,1036,2006-07,Samford,32,32,1036,133,284,81,135,52,149,44,60,32,127,159,78,20,36,64,79,362,.468,.600,.349,.733,.579,.560,C,JR
909,Andre Ingram,1035,2006-07,American,30,30,1035,150,357,72,173,78,184,79,95,22,121,143,53,37,2,39,52,457,.420,.416,.424,.832,.568,.529,G,SR
910,Carl Landry,1035,2006-07,Purdue,34,34,1035,219,367,215,348,4,19,201,277,101,148,249,42,40,32,102,99,643,.597,.618,.211,.726,.645,.602,F,SR
911,Keith Richardson,1035,2006-07,Illinois State,31,31,1035,101,259,63,142,38,117,64,92,15,73,88,153,30,0,105,77,304,.390,.444,.325,.696,.502,.463,G,JR
912,Kenell Sanchez,1035,2005-06,Drexel,31,31,1035,119,327,107,280,12,47,51,74,62,122,184,56,24,19,50,61,301,.364,.382,.255,.689,.416,.382,G,SR
913,Luke Schenscher,1035,2003-04,Georgia Tech,38,37,1035,140,248,140,248,0,0,68,99,89,163,252,30,25,54,65,111,348,.565,.565,,.687,.590,.565,C,JR
914,Martin Samarco,1035,2005-06,Bowling Green,29,29,1035,175,418,75,199,100,219,97,113,34,85,119,36,27,2,68,70,547,.419,.377,.457,.858,.580,.538,F,JR
915,Mike Gordon,1035,2005-06,Binghamton,29,29,1035,85,232,51,133,34,99,43,63,23,91,114,131,48,5,64,61,247,.366,.383,.343,.683,.472,.440,G,SO
916,Mike Slattery,1035,2002-03,Delaware,29,29,1035,114,285,73,166,41,119,47,66,17,78,95,179,51,1,77,68,316,.400,.440,.345,.712,.499,.472,G,SO
917,Rommel Marentez,1035,2005-06,UC Davis,28,26,1035,117,254,78,142,39,112,82,104,28,66,94,95,52,0,71,68,355,.461,.549,.348,.788,.585,.537,G,JR
918,Alando Tucker,1034,2005-06,Wisconsin,31,31,1034,222,490,205,422,17,68,127,233,75,102,177,53,19,7,63,40,588,.453,.486,.250,.545,.489,.470,G,JR
919,Blake Schilb,1034,2006-07,Loyola Chicago,31,30,1034,179,396,126,247,53,149,117,137,36,125,161,124,41,19,103,54,528,.452,.510,.356,.854,.573,.519,G,SR
920,Brian Roberts,1034,2005-06,Dayton,31,29,1034,175,419,107,253,68,166,77,97,12,96,108,107,15,2,75,55,495,.418,.423,.410,.794,.532,.499,G,SO
921,Charles Lee,1034,2004-05,Bucknell,33,33,1034,137,315,91,206,46,109,92,121,51,159,210,53,48,10,91,70,412,.435,.442,.422,.760,.553,.508,G,JR
922,Chris Holm,1034,2006-07,Vermont,33,33,1034,139,281,137,274,2,7,70,135,153,248,401,29,17,35,69,63,350,.495,.500,.286,.519,.507,.498,C,SR
923,Jeremy Wise,1034,2006-07,Southern Mississippi,31,31,1034,176,439,123,291,53,148,136,163,13,93,106,94,27,9,114,91,541,.401,.423,.358,.834,.524,.461,G,FR
924,Joakim Noah,1034,2006-07,Florida,40,40,1034,173,285,172,284,1,1,132,199,102,235,337,90,45,72,100,90,479,.607,.606,1.000,.663,.631,.609,C,JR
925,Juan Mendez,1034,2004-05,Niagara,30,30,1034,221,469,182,341,39,128,224,275,102,217,319,39,37,63,69,93,705,.471,.534,.305,.815,.588,.513,F,SR
926,Julian Sensley,1034,2004-05,Hawaii,29,26,1034,135,308,112,221,23,87,56,92,70,131,201,89,31,24,66,63,349,.438,.507,.264,.609,.496,.476,F,JR
927,Larry Sheppard,1034,2005-06,Texas–Pan American,30,,1034,74,197,62,163,12,34,53,101,18,72,90,136,69,0,105,94,213,.376,.380,.353,.525,.435,.406,G,JR
928,Quin Humphrey,1034,2005-06,Youngstown State,28,28,1034,189,381,139,247,50,134,110,149,68,165,233,72,34,11,80,51,538,.496,.563,.373,.738,.595,.562,G,JR
929,Ashanti Cook,1033,2004-05,Georgetown,32,32,1033,125,308,64,146,61,162,34,45,15,73,88,80,36,7,62,56,345,.406,.438,.377,.756,.524,.505,G,JR
930,Brian Hamilton,1033,2004-05,Louisiana–Lafayette,31,29,1033,171,318,170,313,1,5,81,148,105,131,236,53,75,37,74,108,424,.538,.543,.200,.547,.546,.539,F,SR
931,Carl Krauser,1033,2004-05,Pittsburgh,29,29,1033,134,326,80,189,54,137,141,188,26,114,140,170,51,2,122,70,463,.411,.423,.394,.750,.557,.494,G,JR
932,Chris Sloan,1033,2003-04,Saint Louis,32,32,1033,98,206,76,130,22,76,92,123,42,111,153,71,49,12,43,87,310,.476,.585,.289,.748,.586,.529,G,SR
933,David Brooks,1033,2004-05,Niagara,30,30,1033,177,427,100,214,77,213,82,109,61,101,162,81,44,4,65,80,513,.415,.467,.362,.752,.536,.505,G,SR
934,Glen McGowan,1033,2004-05,Pepperdine,31,31,1033,197,423,166,328,31,95,170,248,82,155,237,24,35,6,75,85,595,.466,.506,.326,.685,.550,.502,F,SR
935,Johannes Herber,1033,2005-06,West Virginia,33,33,1033,108,266,79,152,29,114,61,77,27,89,116,145,34,9,53,74,306,.406,.520,.254,.792,.506,.461,G,SR
936,Josh Mullins,1033,2002-03,IUPUI,33,30,1033,140,275,63,104,77,171,45,66,35,94,129,85,45,12,73,95,402,.509,.606,.450,.682,.656,.649,G,SR
937,Keith Triplett,1033,2003-04,Toledo,31,31,1033,203,432,137,273,66,159,135,168,38,109,147,96,79,5,77,48,607,.470,.502,.415,.804,.593,.546,G,JR
938,Reiley Ervin,1033,2006-07,Tennessee State,32,30,1033,86,256,46,121,40,135,96,142,15,50,65,131,21,1,96,95,308,.336,.380,.296,.676,.476,.414,G,JR
939,Vedran Vukusic,1033,2005-06,Northwestern,28,28,1033,191,388,128,213,63,175,88,112,25,78,103,48,32,18,52,67,533,.492,.601,.360,.786,.604,.573,F,SR
940,Anthony Adams,1032,2002-03,Morris Brown,28,28,1032,147,441,88,222,59,219,116,157,,,113,74,29,2,,,469,.333,.396,.269,.739,.455,.400,G,SR
941,Anthony Brown,1032,2006-07,Pacific,31,31,1032,149,279,148,276,1,3,143,204,72,152,224,49,24,21,69,75,442,.534,.536,.333,.701,.588,.536,F,SO
942,Anthony Davis,1032,2004-05,Austin Peay,29,29,1032,164,404,133,295,31,109,83,110,43,108,151,82,49,16,65,66,442,.406,.451,.284,.755,.484,.444,G,SR
943,A.W. Hamilton,1032,2003-04,Marshall,29,29,1032,85,227,46,123,39,104,48,60,11,71,82,158,38,10,73,71,257,.374,.374,.375,.800,.503,.460,G,JR
944,Brandon Cole,1032,2004-05,IUPUI,28,28,1032,136,313,64,130,72,183,55,64,63,134,197,39,42,5,42,49,399,.435,.492,.393,.859,.581,.550,G,JR
945,Brian Snider,1032,2005-06,Western Michigan,31,30,1032,115,336,77,204,38,132,72,115,25,103,128,159,63,9,98,76,340,.342,.377,.288,.626,.435,.399,G,SR
946,Dominique Kirk,1032,2006-07,Texas A&M,34,34,1032,79,181,33,63,46,118,40,58,8,103,111,102,30,8,39,87,244,.436,.524,.390,.690,.585,.564,G,JR
947,Dwayne Mitchell,1032,2004-05,Louisiana–Lafayette,31,31,1032,114,216,105,191,9,25,84,142,61,120,181,111,44,8,114,79,321,.528,.550,.360,.592,.566,.549,G,JR
948,Jamar Butler,1032,2005-06,Ohio State,31,30,1032,96,218,48,102,48,116,74,92,27,74,101,144,29,6,57,56,314,.440,.471,.414,.804,.600,.550,G,SO
949,Marcus Melvin,1032,2002-03,NC State,31,31,1032,130,310,66,140,64,170,77,98,38,143,181,58,37,14,78,78,401,.419,.471,.376,.786,.562,.523,F,JR
950,Sean Banks,1032,2003-04,Memphis,30,30,1032,161,371,99,208,62,163,137,189,66,128,194,34,20,28,73,63,521,.434,.476,.380,.725,.565,.518,F,FR
951,Andre Heard,1031,2004-05,Binghamton,29,27,1031,142,406,95,243,47,163,83,114,31,100,131,74,57,10,65,72,414,.350,.391,.288,.728,.450,.408,G,JR
952,Andre Smith,1031,2002-03,UNC Asheville,32,32,1031,154,399,110,251,44,148,157,197,24,111,135,116,69,6,85,90,509,.386,.438,.297,.797,.517,.441,G,SR
953,Antonio Gates,1031,2002-03,Kent State,31,31,1031,231,483,216,440,15,43,163,230,56,183,239,127,45,5,108,85,640,.478,.491,.349,.709,.540,.494,F,SR
954,David Dees,1031,2006-07,Louisiana–Lafayette,29,24,1031,164,406,137,299,27,107,149,192,55,99,154,86,30,10,67,57,504,.404,.458,.252,.776,.507,.437,G,JR
955,Hassan Adams,1031,2005-06,Arizona,31,30,1031,234,490,217,425,17,65,58,95,67,88,155,90,82,14,69,60,543,.478,.511,.262,.611,.507,.495,G,SR
956,Jason McKrieth,1031,2003-04,Rice,33,33,1031,179,356,151,272,28,84,137,163,54,107,161,95,59,6,70,84,523,.503,.555,.333,.840,.603,.542,F,JR
957,Jim Goffredo,1031,2006-07,Harvard,28,28,1031,132,370,61,153,71,217,95,107,11,59,70,37,31,2,64,66,430,.357,.399,.327,.888,.511,.453,G,SR
958,J.R. Reynolds,1031,2006-07,Virginia,32,31,1031,181,422,119,254,62,168,164,197,32,96,128,117,28,3,97,86,588,.429,.469,.369,.832,.570,.502,G,SR
959,Michael Cuffee,1031,2004-05,Middle Tennessee,31,31,1031,158,317,138,248,20,69,106,144,93,137,230,46,25,2,57,75,442,.498,.556,.290,.736,.573,.530,F,SR
960,Andrew Hayles,1030,2006-07,Alabama State,30,30,1030,149,423,73,198,76,225,60,92,35,73,108,40,26,3,71,53,434,.352,.369,.338,.652,.465,.442,G,SO
961,Antonio Burks,1030,2003-04,Memphis,30,30,1030,176,371,119,233,57,138,72,114,16,80,96,165,71,7,74,69,481,.474,.511,.413,.632,.566,.551,G,SR
962,Drake Diener,1030,2004-05,DePaul,31,30,1030,143,307,58,123,85,184,70,77,15,74,89,88,20,2,53,75,441,.466,.472,.462,.909,.642,.604,G,SR
963,Drew Williamson,1030,2006-07,Old Dominion,33,33,1030,122,292,73,152,49,140,69,95,36,84,120,143,75,14,54,79,362,.418,.480,.350,.726,.537,.502,G,SR
964,Ike Diogu,1030,2002-03,Arizona State,32,32,1030,209,344,200,320,9,24,180,245,98,151,249,26,8,31,91,92,607,.608,.625,.375,.735,.659,.621,F,FR
965,Jacob Burtschi,1030,2005-06,Air Force,31,31,1030,139,289,98,162,41,127,66,92,56,133,189,79,71,5,49,83,385,.481,.605,.323,.717,.579,.552,F,JR
966,Jason Parker,1030,2003-04,Tulsa,29,29,1030,169,434,118,298,51,136,101,131,16,85,101,83,47,3,78,62,490,.389,.396,.375,.771,.494,.448,G,SR
967,Quemont Greer,1030,2003-04,DePaul,32,32,1030,149,334,142,283,7,51,97,140,68,168,236,51,30,23,91,108,402,.446,.502,.137,.693,.502,.457,F,JR
968,Reece Gaines,1030,2002-03,Louisville,32,32,1030,177,383,102,191,75,192,145,197,18,76,94,159,55,4,95,82,574,.462,.534,.391,.736,.602,.560,G,SR
969,Allan Sheppard,1029,2006-07,St. Francis Brooklyn,31,31,1029,135,282,125,252,10,30,55,115,63,96,159,61,44,19,74,84,335,.479,.496,.333,.478,.498,.496,G,SR
970,Dionte Christmas,1029,2006-07,Temple,30,29,1029,192,412,104,192,88,220,128,147,27,99,126,62,41,11,73,77,600,.466,.542,.400,.871,.623,.573,G,SO
971,Donnell Covington,1029,2006-07,Charleston Southern,30,29,1029,159,352,101,206,58,146,51,66,19,93,112,149,55,5,92,71,427,.452,.490,.397,.773,.557,.534,G,SR
972,Jason Siggers,1029,2006-07,Albany (NY),33,32,1029,169,383,123,238,46,145,72,88,52,78,130,75,23,11,70,83,456,.441,.517,.317,.818,.537,.501,G,SR
973,J.J. Tauai,1029,2006-07,Bradley,35,35,1029,95,217,70,143,25,74,42,68,53,97,150,72,44,11,59,94,257,.438,.490,.338,.618,.515,.495,G,SR
974,Kevin Bettencourt,1029,2005-06,Bucknell,32,32,1029,120,301,41,105,79,196,88,111,14,77,91,89,33,1,51,46,407,.399,.390,.403,.793,.575,.530,G,SR
975,Ramod Marshall,1029,2002-03,Dayton,30,30,1029,131,310,78,170,53,140,52,79,12,53,65,144,22,1,57,46,367,.423,.459,.379,.658,.528,.508,G,JR
976,Zack Graber,1029,2004-05,Little Rock,28,28,1029,32,75,9,18,23,57,26,34,6,67,73,124,44,0,74,56,113,.427,.500,.404,.765,.620,.580,G,SR
977,Bryant Matthews,1028,2003-04,Virginia Tech,29,29,1028,219,463,188,377,31,86,172,259,127,132,259,43,72,24,87,106,641,.473,.499,.360,.664,.547,.506,F,SR
978,Carlos Powell,1028,2003-04,South Carolina,34,31,1028,165,369,145,296,20,73,66,106,66,146,212,46,42,20,57,74,416,.447,.490,.274,.623,.496,.474,F,JR
979,Courtney Lee,1028,2004-05,Western Kentucky,31,31,1028,176,391,119,248,57,143,52,72,58,102,160,63,55,17,72,85,461,.450,.480,.399,.722,.542,.523,G,FR
980,Dwayne Mitchell,1028,2005-06,Louisiana–Lafayette,28,28,1028,176,336,162,280,14,56,98,166,65,165,230,120,59,9,128,70,464,.524,.579,.250,.590,.559,.545,G,SR
981,Eugene Harvey,1028,2006-07,Seton Hall,29,29,1028,166,357,154,318,12,39,135,161,46,48,94,123,50,0,91,73,479,.465,.484,.308,.839,.553,.482,G,FR
982,Eugene Lawrence,1028,2006-07,St. John's (NY),31,31,1028,68,178,31,78,37,100,50,75,18,104,122,173,55,5,123,76,223,.382,.397,.370,.667,.522,.486,G,JR
983,Jonathan Rodriguez,1028,2006-07,Campbell,31,31,1028,184,393,164,324,20,69,148,209,76,196,272,94,45,34,82,72,536,.468,.506,.290,.708,.544,.494,F,FR
984,Julius Page,1028,2002-03,Pittsburgh,32,32,1028,144,295,90,149,54,146,49,70,8,102,110,70,24,9,50,58,391,.488,.604,.370,.700,.596,.580,G,JR
985,Mark Porter,1028,2006-07,Wagner,30,30,1028,133,315,89,175,44,140,103,148,25,130,155,156,38,22,123,60,413,.422,.509,.314,.696,.536,.492,G,JR
986,Melvin Buckley,1028,2005-06,South Florida,29,29,1028,123,327,52,137,71,190,50,68,47,112,159,28,14,6,55,73,367,.376,.380,.374,.735,.511,.485,F,JR
987,Michael Jefferson,1028,2004-05,Longwood,31,31,1028,168,475,118,303,50,172,91,127,38,105,143,87,28,3,134,66,477,.354,.389,.291,.717,.446,.406,G,SO
988,Ramon Sessions,1028,2006-07,Nevada,34,33,1028,140,310,121,260,19,50,118,143,38,123,161,159,29,7,85,41,417,.452,.465,.380,.825,.552,.482,G,JR
989,Bryan Mullins,1027,2005-06,Southern Illinois,33,30,1027,64,162,49,112,15,50,39,64,17,60,77,105,94,2,79,80,182,.395,.438,.300,.609,.473,.441,G,FR
990,Colin Falls,1027,2006-07,Notre Dame,30,30,1027,138,314,39,64,99,250,85,102,10,75,85,72,32,5,42,67,460,.439,.609,.396,.833,.635,.597,G,SR
991,Earnest Shelton,1027,2003-04,Alabama,31,29,1027,146,344,69,124,77,220,122,148,35,84,119,60,36,1,64,66,491,.424,.556,.350,.824,.593,.536,G,JR
992,Jeff Adrien,1027,2006-07,Connecticut,31,31,1027,156,312,156,311,0,1,95,162,117,184,301,29,29,44,76,60,407,.500,.502,.000,.586,.523,.500,F,SO
993,Juby Johnson,1027,2003-04,Miami (OH),29,29,1027,151,385,107,229,44,156,159,205,33,96,129,38,34,5,54,66,505,.392,.467,.282,.776,.523,.449,G,SR
994,Kelvin Torbert,1027,2002-03,Michigan State,35,34,1027,111,264,101,233,10,31,74,99,38,94,132,58,22,10,51,75,306,.420,.433,.323,.747,.492,.439,G,SO
995,Nick George,1027,2004-05,VCU,32,32,1027,187,404,141,279,46,125,118,170,68,118,186,66,28,14,81,63,538,.463,.505,.368,.694,.555,.520,F,JR
996,Randy Foye,1027,2004-05,Villanova,32,32,1027,180,428,128,275,52,153,85,113,56,104,160,99,67,14,71,77,497,.421,.465,.340,.752,.516,.481,G,JR
997,Allan Ray,1026,2005-06,Villanova,32,32,1026,186,478,79,190,107,288,112,126,19,96,115,56,37,3,59,77,591,.389,.416,.372,.889,.549,.501,G,SR
998,Cuthbert Victor,1026,2003-04,Murray State,34,34,1026,190,302,181,274,9,28,106,153,128,219,347,64,47,57,45,80,495,.629,.661,.321,.693,.661,.644,F,SR
999,Demetrice Williams,1026,2002-03,South Alabama,28,28,1026,122,269,95,188,27,81,122,165,17,78,95,138,76,3,70,61,393,.454,.505,.333,.739,.566,.504,G,SR
1000,Greg Sprink,1026,2006-07,Navy,30,30,1026,157,346,91,172,66,174,127,147,31,112,143,73,27,0,74,88,507,.454,.529,.379,.864,.610,.549,G,JR
1001,Jerel Blassingame,1026,2003-04,UNLV,31,29,1026,105,274,62,167,43,107,95,134,11,43,54,205,37,0,116,92,348,.383,.371,.402,.709,.515,.462,G,JR
1002,Jimmy Hudson,1026,2006-07,Bethune-Cookman,30,29,1026,114,330,44,122,70,208,43,79,14,81,95,50,37,12,70,76,341,.345,.361,.337,.544,.464,.452,F,JR
1003,Matt Walsh,1026,2003-04,Florida,31,31,1026,152,342,89,160,63,182,122,148,18,132,150,86,47,8,94,74,489,.444,.556,.346,.824,.593,.537,F,SO
1004,Michael Jenkins,1026,2006-07,Winthrop,34,32,1026,181,394,81,153,100,241,40,57,26,102,128,110,44,12,71,66,502,.459,.529,.415,.702,.596,.586,G,JR
1005,J. Robert Merritt,1026,2004-05,Samford,28,28,1026,142,294,57,101,85,193,94,114,11,104,115,47,40,9,63,39,463,.483,.564,.440,.825,.665,.628,F,JR
1006,Seamus Boxley,1026,2004-05,Portland State,28,27,1026,205,346,192,310,13,36,153,225,69,159,228,69,21,39,102,60,576,.592,.619,.361,.680,.636,.611,F,SR
1007,Tyrone Sally,1026,2004-05,West Virginia,34,32,1026,147,312,99,180,48,132,74,94,50,80,130,63,42,15,68,80,416,.471,.550,.364,.787,.583,.548,F,SR
1008,Vernard Hollins,1026,2002-03,Wright State,28,28,1026,197,412,194,383,3,29,160,228,51,108,159,115,31,10,87,58,557,.478,.507,.103,.702,.535,.482,G,JR
1009,Adam Mark,1025,2003-04,Belmont,30,30,1025,233,352,224,328,9,24,84,137,86,154,240,85,57,22,83,87,559,.662,.683,.375,.613,.670,.675,F,SR
1010,Aerick Sanders,1025,2003-04,San Diego State,30,30,1025,200,361,200,360,0,1,82,116,142,153,295,31,34,36,49,94,482,.554,.556,.000,.707,.579,.554,F,SR
1011,Brandon Cotton,1025,2005-06,Detroit Mercy,29,29,1025,183,440,138,320,45,120,97,127,10,47,57,72,21,3,61,40,508,.416,.431,.375,.764,.508,.467,G,JR
1012,Daryll Hill,1025,2004-05,St. John's (NY),27,26,1025,201,480,150,337,51,143,107,140,20,68,88,95,48,10,125,63,560,.419,.445,.357,.764,.512,.472,G,SO
1013,Geary Claxton,1025,2005-06,Penn State,30,30,1025,168,383,146,315,22,68,99,157,96,129,225,45,42,21,63,82,457,.439,.463,.324,.631,.499,.467,F,SO
1014,Juan Palacios,1025,2004-05,Louisville,38,30,1025,137,281,112,216,25,65,70,107,99,148,247,37,40,17,63,86,369,.488,.519,.385,.654,.556,.532,F,FR
1015,Justin Hare,1025,2006-07,Belmont,33,23,1025,156,349,95,187,61,162,98,125,14,79,93,82,29,3,65,57,471,.447,.508,.377,.784,.577,.534,G,JR
1016,Kevin Houston,1025,2006-07,Long Beach State,32,32,1025,129,290,83,180,46,110,76,110,25,66,91,139,36,5,90,73,380,.445,.461,.418,.691,.555,.524,G,SR
1017,Kevin Reed,1025,2003-04,Maine,30,29,1025,149,357,75,162,74,195,63,82,38,178,216,38,70,6,70,59,435,.417,.463,.379,.768,.549,.521,G,SO
1018,Mark Bigelow,1025,2002-03,Brigham Young,32,31,1025,145,332,82,181,63,151,93,112,28,90,118,74,33,12,56,74,446,.437,.453,.417,.830,.579,.532,F,JR
1019,Matt Crenshaw,1025,2002-03,IUPUI,33,29,1025,77,163,74,144,3,19,110,144,33,78,111,140,47,3,98,89,267,.472,.514,.158,.764,.577,.482,G,JR
1020,Maurice Hampton,1025,2005-06,Austin Peay,31,31,1025,153,370,96,195,57,175,146,170,13,74,87,84,55,4,58,72,509,.414,.492,.326,.859,.565,.491,G,SR
1021,Moses Malone,1025,2002-03,South Carolina State,30,27,1025,138,336,67,139,71,197,134,172,26,86,112,24,36,3,69,55,481,.411,.482,.360,.779,.576,.516,G,SR
1022,Taquan Dean,1025,2005-06,Louisville,31,29,1025,167,437,62,162,105,275,92,107,39,135,174,107,32,2,79,71,531,.382,.383,.382,.860,.544,.502,G,SR
1023,Travis Hansen,1025,2002-03,Brigham Young,32,32,1025,169,383,133,277,36,106,163,204,53,99,152,77,29,20,84,97,537,.441,.480,.340,.799,.559,.488,G,SR
1024,Zach Williams,1025,2004-05,Wright State,30,30,1025,124,254,122,251,2,3,61,113,71,108,179,75,9,8,84,91,311,.488,.486,.667,.540,.505,.492,F,SR
1025,Chad McKenzie,1024,2006-07,Louisiana Tech,30,30,1024,146,363,134,305,12,58,83,110,70,141,211,72,33,45,100,93,387,.402,.439,.207,.755,.466,.419,F,SR
1026,Chase Budinger,1024,2006-07,Arizona,31,31,1024,176,363,126,227,50,136,82,97,56,123,179,62,37,13,49,53,484,.485,.555,.368,.845,.592,.554,F,FR
1027,Chris Craig,1024,2002-03,UTEP,28,28,1024,68,162,22,55,46,107,38,47,6,70,76,96,20,2,78,57,220,.420,.400,.430,.809,.597,.562,G,JR
1028,Derrick Zimmerman,1024,2002-03,Mississippi State,31,31,1024,99,208,84,156,15,52,63,97,25,105,130,171,58,26,105,64,276,.476,.538,.288,.649,.543,.512,G,SR
1029,Jimmy McKinney,1024,2002-03,Missouri,32,26,1024,90,222,49,98,41,124,53,68,28,92,120,109,26,2,72,77,274,.405,.500,.331,.779,.539,.498,G,FR
1030,Ryan Mantlo,1024,2002-03,Liberty,28,28,1024,105,277,70,150,35,127,69,118,39,86,125,81,57,4,69,80,314,.379,.467,.276,.585,.471,.442,G,JR
1031,Terrel Harris,1024,2006-07,Oklahoma State,34,26,1024,104,259,56,145,48,114,84,98,47,94,141,66,47,11,87,116,340,.402,.386,.421,.857,.556,.494,G,SO
1032,Tyrone Hamilton,1024,2006-07,Centenary (LA),31,31,1024,159,422,92,231,67,191,106,133,,,92,103,33,3,,,491,.377,.398,.351,.797,.506,.456,G,SO
1033,Allan Hanson,1023,2006-07,Milwaukee,31,30,1023,72,210,25,67,47,143,47,63,21,75,96,90,24,2,47,74,238,.343,.373,.329,.746,.496,.455,G,JR
1034,Blake Ahearn,1023,2006-07,Missouri State,33,32,1023,152,326,58,124,94,202,111,120,7,66,73,70,21,1,65,48,509,.466,.468,.465,.925,.664,.610,G,SR
1035,Dennard Abraham,1023,2006-07,Towson,30,29,1023,142,298,132,247,10,51,42,77,61,128,189,25,15,10,38,100,336,.477,.534,.196,.545,.502,.493,F,SR
1036,Jason Erickson,1023,2003-04,Montana State,27,27,1023,167,319,115,207,52,112,82,96,12,62,74,73,64,7,54,59,468,.524,.556,.464,.854,.642,.605,G,SR
1037,Jermaine Boyette,1023,2002-03,Weber State,32,32,1023,199,365,168,276,31,89,228,283,34,46,80,106,57,1,77,82,657,.545,.609,.348,.806,.658,.588,G,SR
1038,Justin Bell,1023,2006-07,UC Riverside,30,30,1023,106,324,36,114,70,210,25,34,19,58,77,128,41,2,85,55,307,.327,.316,.333,.735,.451,.435,G,SR
1039,Keonta Howell,1023,2006-07,Toledo,32,32,1023,170,373,106,192,64,181,65,84,38,109,147,40,37,8,53,93,469,.456,.552,.354,.774,.568,.542,F,SR
1040,Larry Blair,1023,2006-07,Liberty,31,30,1023,237,538,185,366,52,172,105,124,26,104,130,102,58,6,84,69,631,.441,.505,.302,.847,.529,.489,G,SR
1041,Lawrence Roberts III,1023,2004-05,Mississippi State,32,32,1023,171,382,159,341,12,41,188,288,110,241,351,61,50,26,87,69,542,.448,.466,.293,.653,.522,.463,F,SR
1042,Mitchell Baldwin,1023,2005-06,Charlotte,32,31,1023,48,149,24,78,24,71,23,35,15,84,99,142,32,4,59,53,143,.322,.308,.338,.657,.432,.403,G,SR
1043,Tony Tate,1023,2005-06,Florida A&M,30,26,1023,149,359,92,207,57,152,138,167,31,64,95,93,73,0,106,67,493,.415,.444,.375,.826,.562,.494,G,SR
1044,Ashanti Cook,1022,2005-06,Georgetown,33,33,1022,119,253,67,134,52,119,46,59,15,66,81,83,32,4,53,72,336,.470,.500,.437,.780,.598,.573,G,SR
1045,Brandon Crone,1022,2006-07,Butler,36,36,1022,140,340,87,171,53,169,77,114,47,121,168,73,27,9,46,95,410,.412,.509,.314,.675,.520,.490,F,SR
1046,Bruce Price,1022,2004-05,Tennessee State,31,28,1022,114,307,55,125,59,182,138,199,25,79,104,104,60,13,118,97,425,.371,.440,.324,.693,.529,.467,G,SO
1047,Chevon Troutman,1022,2003-04,Pittsburgh,35,34,1022,136,208,133,194,3,14,69,113,83,135,218,66,42,35,70,86,344,.654,.686,.214,.611,.657,.661,F,JR
1048,Derrick Harris,1022,2005-06,Youngstown State,28,28,1022,81,245,44,118,37,127,39,45,19,79,98,147,38,2,62,52,238,.331,.373,.291,.867,.447,.406,G,SR
1049,Herve Lamizana,1022,2003-04,Rutgers,33,33,1022,156,393,130,301,26,92,103,147,59,193,252,61,31,102,91,109,441,.397,.432,.283,.701,.476,.430,F,SR
1050,Ian Boylan,1022,2004-05,Cal State Northridge,31,29,1022,153,348,104,209,49,139,125,159,49,93,142,108,82,6,67,71,480,.440,.498,.353,.786,.567,.510,F,SR
1051,Jason Holsinger,1022,2006-07,Evansville,31,31,1022,109,268,22,69,87,199,53,60,14,75,89,157,21,2,61,67,358,.407,.319,.437,.883,.604,.569,G,SO
1052,Johannes Herber,1022,2003-04,West Virginia,31,31,1022,87,220,63,141,24,79,56,85,33,100,133,101,43,10,48,72,254,.395,.447,.304,.659,.488,.450,G,SO
1053,Matt Witt,1022,2004-05,Eastern Kentucky,31,30,1022,163,420,101,234,62,186,57,77,19,39,58,194,38,1,125,66,445,.388,.432,.333,.740,.487,.462,G,JR
1054,Tim Jennings,1022,2004-05,Gardner-Webb,30,30,1022,132,333,88,199,44,134,70,91,46,80,126,78,78,5,99,84,378,.396,.442,.328,.769,.502,.462,G,JR
1055,Yaphett King,1022,2004-05,Cal State Fullerton,32,32,1022,170,385,122,257,48,128,54,85,59,140,199,61,43,6,66,107,442,.442,.475,.375,.635,.520,.504,F,SR
1056,Zakee Wadood,1022,2003-04,East Tennessee State,33,33,1022,172,396,145,303,27,93,117,164,72,191,263,92,92,70,89,112,488,.434,.479,.290,.713,.515,.468,F,SR
1057,Brion Rush,1021,2002-03,Grambling State,30,,1021,183,422,92,205,91,217,55,71,24,91,115,87,47,2,81,74,512,.434,.449,.419,.775,.562,.541,G,FR
1058,Cliff Crawford,1021,2002-03,NC State,31,30,1021,106,201,92,161,14,40,59,91,32,107,139,131,66,8,86,88,285,.527,.571,.350,.648,.583,.562,G,SR
1059,Courtney Pritchard,1021,2002-03,Wagner,32,29,1021,106,257,69,154,37,103,75,99,20,84,104,159,63,2,99,74,324,.412,.448,.359,.758,.533,.484,G,JR
1060,Kenton Paulino,1021,2005-06,Texas,37,37,1021,121,284,50,106,71,178,50,64,15,70,85,111,34,12,65,52,363,.426,.472,.399,.781,.577,.551,G,SR
1061,Kevin Spann,1021,2006-07,Saint Peter's,30,30,1021,120,339,55,152,65,187,42,57,11,69,80,105,42,5,97,94,347,.354,.362,.348,.737,.474,.450,G,SO
1062,Robby Collum,1021,2002-03,Western Michigan,31,30,1021,124,341,67,171,57,170,117,141,19,77,96,125,83,2,73,83,422,.364,.392,.335,.830,.517,.447,G,SR
1063,Tony Murphy,1021,2005-06,Norfolk State,31,31,1021,170,428,109,241,61,187,82,110,32,78,110,34,32,1,70,32,483,.397,.452,.326,.745,.503,.468,G,SO
1064,Tuukka Kotti,1021,2004-05,Providence,31,31,1021,107,258,97,225,10,33,84,122,58,122,180,94,40,28,70,76,308,.415,.431,.303,.689,.487,.434,F,SR
1065,Willie Green,1021,2002-03,Detroit Mercy,30,30,1021,244,498,207,399,37,99,153,190,32,116,148,75,40,13,68,71,678,.490,.519,.374,.805,.576,.527,G,SR
1066,Derrick Bird,1020,2002-03,Auburn,34,34,1020,110,268,54,115,56,153,56,69,26,74,100,50,28,8,62,70,332,.410,.470,.366,.812,.552,.515,G,SR
1067,Nick Moore,1020,2002-03,Toledo,29,28,1020,164,359,75,143,89,216,55,69,18,79,97,81,34,0,80,57,472,.457,.524,.412,.797,.602,.581,G,SR
1068,Patrick Sanders,1020,2006-07,UC Irvine,33,32,1020,126,302,110,251,16,51,125,154,45,130,175,54,18,51,80,87,393,.417,.438,.314,.812,.524,.444,F,JR
1069,Steve Miles,1020,2002-03,American,30,29,1020,164,410,80,181,84,229,79,96,32,131,163,70,21,3,78,52,491,.400,.442,.367,.823,.539,.502,G,SR
1070,Walker Russell,1020,2005-06,Jacksonville State,29,29,1020,124,289,78,183,46,106,112,125,19,92,111,197,43,3,117,68,406,.429,.426,.434,.896,.583,.509,G,SR
1071,Antoine Jordan,1019,2005-06,Siena,28,28,1019,167,356,133,281,34,75,112,137,51,177,228,83,43,16,63,70,480,.469,.473,.453,.818,.570,.517,G,SR
1072,Ben Bell,1019,2006-07,North Texas,34,34,1019,89,211,66,142,23,69,46,78,27,88,115,105,41,3,71,88,247,.422,.465,.333,.590,.498,.476,G,JR
1073,Clayton Hanson,1019,2004-05,Wisconsin,34,34,1019,73,169,18,48,55,121,19,31,18,64,82,59,20,1,28,65,220,.432,.375,.455,.613,.599,.595,G,SR
1074,Curtis Jerrells,1019,2006-07,Baylor,31,31,1019,157,356,100,200,57,156,94,139,35,112,147,118,33,11,85,52,465,.441,.500,.365,.676,.551,.521,G,SO
1075,DeEarnest McLemore,1019,2004-05,Wagner,30,28,1019,114,253,103,188,11,65,35,58,13,71,84,112,41,4,74,48,274,.451,.548,.169,.603,.488,.472,G,JR
1076,George Hill Jr,1019,2005-06,IUPUI,29,29,1019,175,338,159,288,16,50,182,228,62,111,173,105,49,9,80,79,548,.518,.552,.320,.798,.614,.541,G,SO
1077,Jason Williams,1019,2003-04,UTEP,32,32,1019,130,291,114,241,16,50,95,135,58,136,194,112,35,11,95,61,371,.447,.473,.320,.704,.522,.474,G,SO
1078,Kyle Hines,1019,2005-06,UNC Greensboro,30,30,1019,239,384,237,373,2,11,98,178,92,155,247,57,51,84,96,72,578,.622,.635,.182,.551,.617,.625,F,SO
1079,Matt Sayman,1019,2003-04,Baylor,29,29,1019,73,193,47,110,26,83,65,91,29,95,124,117,33,4,94,58,237,.378,.427,.313,.714,.502,.446,G,SR
1080,Mike Taylor,1019,2006-07,Iowa State,31,30,1019,165,439,88,225,77,214,88,129,22,104,126,140,35,3,168,89,495,.376,.391,.360,.682,.495,.464,G,JR
1081,Oliver Lafayette,1019,2005-06,Houston,31,30,1019,164,451,78,181,86,270,74,108,38,90,128,55,105,4,65,76,488,.364,.431,.319,.685,.486,.459,G,JR
1082,Robby Bostain,1019,2006-07,Furman,31,31,1019,134,299,112,234,22,65,96,120,32,133,165,102,41,2,69,67,386,.448,.479,.338,.800,.542,.485,G,SR
1083,Vedran Vukusic,1019,2003-04,Northwestern,28,28,1019,138,306,79,152,59,154,65,85,29,92,121,80,42,16,74,88,400,.451,.520,.383,.765,.577,.547,F,SO
1084,Will Venable,1019,2004-05,Princeton,28,28,1019,104,203,89,150,15,53,72,98,19,94,113,87,53,9,69,58,295,.512,.593,.283,.735,.591,.549,G,SR
1085,Alex Harris,1018,2006-07,UC Santa Barbara,29,29,1018,191,401,120,246,71,155,158,201,36,104,140,61,26,3,77,56,611,.476,.488,.458,.786,.615,.565,G,JR
1086,Antonio Webb,1018,2005-06,Bethune-Cookman,30,29,1018,161,437,81,202,80,235,96,128,15,65,80,65,48,1,83,50,498,.368,.401,.340,.750,.500,.460,G,SR
1087,Daniel Gibson,1018,2004-05,Texas,31,31,1018,131,314,57,128,74,186,103,137,14,98,112,121,55,8,95,79,439,.417,.445,.398,.752,.579,.535,G,FR
1088,Gerald Brown,1018,2006-07,Loyola (MD),29,26,1018,205,465,147,296,58,169,175,234,37,107,144,78,54,13,119,100,643,.441,.497,.343,.748,.558,.503,G,JR
1089,Kevin Hammack,1018,2006-07,The Citadel,30,30,1018,129,315,86,177,43,138,89,126,20,87,107,99,57,10,93,79,390,.410,.486,.312,.706,.520,.478,G,SR
1090,Lamar Sanders,1018,2006-07,Lamar,32,32,1018,150,253,139,213,11,40,80,156,105,210,315,104,26,24,89,80,391,.593,.653,.275,.513,.598,.615,F,JR
1091,Luke Jackson,1018,2002-03,Oregon,32,30,1018,173,383,136,281,37,102,130,150,69,152,221,115,54,11,85,65,513,.452,.484,.363,.867,.565,.500,G,JR
1092,Marquis Webb,1018,2003-04,Rutgers,33,32,1018,64,162,34,83,30,79,78,101,37,76,113,96,29,3,66,66,236,.395,.410,.380,.772,.562,.488,G,FR
1093,Maurice Riddick,1018,2002-03,Bethune-Cookman,30,30,1018,158,387,55,129,103,258,45,61,29,69,98,32,38,9,51,55,464,.408,.426,.399,.738,.558,.541,F,SR
1094,Michael Kuebler,1018,2002-03,Hawaii,31,28,1018,130,289,84,161,46,128,73,90,21,66,87,67,26,9,49,54,379,.450,.522,.359,.811,.571,.529,G,JR
1095,Paul Davis,1018,2005-06,Michigan State,33,33,1018,206,364,200,345,6,19,160,184,87,214,301,54,34,29,81,103,578,.566,.580,.316,.870,.640,.574,C,SR
1096,Ahmad Smith,1017,2004-05,St. Bonaventure,28,28,1017,146,356,114,253,32,103,73,122,65,109,174,98,25,9,53,48,397,.410,.451,.311,.598,.480,.455,G,JR
1097,Calvin Watson,1017,2006-07,North Texas,34,28,1017,183,427,93,200,90,227,77,117,37,98,135,44,29,11,70,74,533,.429,.465,.396,.658,.552,.534,G,SR
1098,Carldell Johnson,1017,2004-05,UAB,33,32,1017,60,160,38,83,22,77,24,33,20,47,67,151,73,1,56,62,166,.375,.458,.286,.727,.472,.444,G,JR
1099,Deron Williams,1017,2003-04,Illinois,30,29,1017,147,360,80,190,67,170,59,75,14,83,97,185,31,9,75,68,420,.408,.421,.394,.787,.531,.501,G,SO
1100,D.J. White,1017,2006-07,Indiana,32,32,1017,170,332,170,332,0,0,100,146,77,157,234,40,28,73,62,84,440,.512,.512,,.685,.548,.512,F,JR
1101,James Gillingham,1017,2003-04,Bradley,30,30,1017,126,284,90,180,36,104,164,210,19,95,114,82,58,5,70,104,452,.444,.500,.346,.781,.589,.507,G,SR
1102,Jarvis Bradley,1017,2006-07,McNeese State,32,31,1017,187,363,187,362,0,1,110,167,92,143,235,24,28,33,91,103,484,.515,.517,.000,.659,.547,.515,C,JR
1103,Jason Allen,1017,2002-03,Cal Poly,30,30,1017,116,270,52,98,64,172,71,81,24,77,101,81,45,3,74,64,367,.430,.531,.372,.877,.595,.548,G,SR
1104,Jeff Gardner,1017,2003-04,Idaho State,31,31,1017,103,257,24,59,79,198,58,88,9,59,68,104,60,3,58,73,343,.401,.407,.399,.659,.574,.554,G,JR
1105,Jonathan Wallace,1017,2005-06,Georgetown,33,33,1017,89,201,40,81,49,120,34,43,22,57,79,106,33,0,47,65,261,.443,.494,.408,.791,.589,.565,G,SO
1106,J.R. Blount,1017,2006-07,Loyola Chicago,32,32,1017,127,311,94,216,33,95,126,175,30,84,114,71,27,3,69,75,413,.408,.435,.347,.720,.524,.461,G,SO
1107,Nick Young,1017,2005-06,Southern California,30,30,1017,191,409,168,340,23,69,113,141,74,124,198,49,31,7,67,77,518,.467,.494,.333,.801,.544,.495,F,SO
1108,Peter Thomas,1017,2005-06,Richmond,30,30,1017,63,144,39,73,24,71,35,45,25,44,69,71,22,2,59,62,185,.438,.534,.338,.778,.559,.521,G,JR
1109,Rob Monroe,1017,2004-05,Quinnipiac,26,26,1017,173,423,101,217,72,206,171,199,15,68,83,170,35,0,96,74,589,.409,.465,.350,.859,.569,.494,G,SR
1110,Winston Davis,1017,2002-03,Lafayette,29,29,1017,135,300,77,147,58,153,72,108,28,104,132,48,30,18,66,52,400,.450,.524,.379,.667,.569,.547,G,JR
1111,Aaron Gray,1016,2006-07,Pittsburgh,36,35,1016,204,361,204,361,0,0,91,166,120,221,341,61,15,62,55,91,499,.565,.565,,.548,.567,.565,C,SR
1112,Alando Tucker,1016,2002-03,Wisconsin,32,27,1016,139,261,121,203,18,58,89,130,86,103,189,34,28,10,41,78,385,.533,.596,.310,.685,.596,.567,G,FR
1113,Derek Wright,1016,2006-07,Austin Peay,33,33,1016,88,226,50,126,38,100,58,77,10,70,80,134,69,2,64,62,272,.389,.397,.380,.753,.518,.473,G,JR
1114,Glen Davis,1016,2006-07,Louisiana State,29,28,1016,178,368,161,319,17,49,139,195,113,190,303,66,32,28,82,67,512,.484,.505,.347,.713,.556,.507,F,JR
1115,Jahmar Thorpe,1016,2006-07,Houston,33,31,1016,131,250,118,214,13,36,84,109,88,112,200,32,46,23,51,116,359,.524,.551,.361,.771,.595,.550,F,SR
1116,Jeb Ivey,1016,2002-03,Portland State,27,27,1016,133,373,63,183,70,190,69,76,13,72,85,73,18,0,99,74,405,.357,.344,.368,.908,.495,.450,G,SR
1117,Mike Harris,1016,2003-04,Rice,33,33,1016,217,360,201,327,16,33,128,183,102,193,295,40,45,22,60,78,578,.603,.615,.485,.699,.647,.625,F,JR
1118,Nate Funk,1016,2004-05,Creighton,33,33,1016,210,406,143,263,67,143,99,120,59,108,167,76,23,10,60,50,586,.517,.544,.469,.825,.633,.600,G,JR
1119,Odell Bradley,1016,2002-03,IUPUI,34,29,1016,174,361,146,275,28,86,123,179,64,102,166,54,39,9,87,93,499,.482,.531,.326,.687,.559,.521,G,JR
1120,Terrance Hunter,1016,2004-05,Delaware State,33,33,1016,128,314,98,211,30,103,89,121,49,109,158,28,27,34,64,67,375,.408,.464,.291,.736,.505,.455,F,SR
1121,Chris Craig,1015,2003-04,UTEP,32,32,1015,92,223,8,25,84,198,26,31,7,69,76,66,22,0,32,55,294,.413,.320,.424,.839,.618,.601,G,SR
1122,Jamie McNeilly,1015,2005-06,New Orleans,29,29,1015,101,240,80,186,21,54,45,68,14,60,74,164,39,4,88,61,268,.421,.430,.389,.662,.492,.465,G,JR
1123,Lucious Jordan,1015,2004-05,Albany (NY),28,28,1015,140,343,92,215,48,128,85,128,39,99,138,65,40,3,72,63,413,.408,.428,.375,.664,.511,.478,G,JR
1124,Michael Hall,1015,2004-05,Brigham Young,30,30,1015,144,360,90,201,54,159,74,95,37,68,105,59,47,10,53,62,416,.400,.448,.340,.779,.513,.475,G,SR
1125,Rudy Gay Jr,1015,2005-06,Connecticut,33,33,1015,187,406,159,318,28,88,101,138,66,144,210,68,58,52,82,75,503,.461,.500,.318,.732,.533,.495,F,SO
1126,Torris Bright,1015,2002-03,Louisiana State,32,32,1015,119,259,57,107,62,152,56,77,20,80,100,150,59,11,74,55,356,.459,.533,.408,.727,.602,.579,G,SR
1127,Tory Cavalieri,1015,2004-05,St. Francis Brooklyn,28,28,1015,144,320,68,139,76,181,73,94,27,74,101,134,60,0,91,43,437,.450,.489,.420,.777,.599,.569,G,SR
1128,Dahntay Jones,1014,2002-03,Duke,33,30,1014,198,421,151,303,47,118,140,187,46,134,180,29,38,18,63,101,583,.470,.498,.398,.749,.572,.526,F,SR
1129,Darrell Jenkins,1014,2006-07,East Carolina,30,29,1014,125,335,73,177,52,158,66,99,10,84,94,166,25,0,102,57,368,.373,.412,.329,.667,.482,.451,G,JR
1130,James Mays,1014,2006-07,Clemson,36,34,1014,172,360,165,329,7,31,88,160,98,134,232,95,69,34,101,81,439,.478,.502,.226,.550,.503,.488,C,JR
1131,James Reaves,1014,2002-03,Niagara,29,26,1014,125,254,115,221,10,33,79,136,86,156,242,66,36,31,84,99,339,.492,.520,.303,.581,.532,.512,F,JR
1132,Jim Jones,1014,2005-06,Arkansas State,30,30,1014,143,287,108,190,35,97,52,81,35,96,131,84,45,8,84,74,373,.498,.568,.361,.642,.573,.559,G,JR
1133,Lee Nixon,1014,2002-03,Wofford,29,29,1014,152,362,93,202,59,160,65,86,20,97,117,86,32,7,69,43,428,.420,.460,.369,.756,.531,.501,G,SR
1134,Leonard Stokes,1014,2002-03,Cincinnati,29,29,1014,152,355,133,284,19,71,131,185,56,84,140,94,37,5,78,55,454,.428,.468,.268,.708,.513,.455,G,SR
1135,Marlon Smith,1014,2003-04,Penn State,28,28,1014,127,352,65,169,62,183,58,77,26,77,103,61,22,1,107,50,374,.361,.385,.339,.753,.481,.449,G,FR
1136,Marquin Chandler,1014,2004-05,San Jose State,29,28,1014,221,469,185,365,36,104,91,118,61,187,248,31,17,17,90,96,569,.471,.507,.346,.771,.542,.510,F,SR
1137,Michael Haney,1014,2004-05,Eastern Kentucky,31,31,1014,174,279,173,275,1,4,67,94,84,173,257,71,48,16,66,80,416,.624,.629,.250,.713,.643,.625,F,SR
1138,Mike Mitchell,1014,2004-05,New Mexico State,30,29,1014,131,301,80,156,51,145,56,80,42,91,133,87,40,1,93,54,369,.435,.513,.352,.700,.544,.520,G,JR
1139,Sean Ogirri,1014,2005-06,Wichita State,35,28,1014,127,298,36,92,91,206,74,87,21,78,99,99,24,8,60,54,419,.426,.391,.442,.851,.617,.579,G,SO
1140,Thomas Kelati,1014,2004-05,Washington State,28,28,1014,135,314,54,121,81,193,50,66,27,93,120,79,43,10,68,72,401,.430,.446,.420,.758,.581,.559,G,SR
1141,Wesley Stokes,1014,2003-04,San Diego State,30,28,1014,124,338,83,200,41,138,74,102,12,57,69,175,49,1,114,94,363,.367,.415,.297,.725,.470,.428,G,JR
1142,Will Blalock,1014,2003-04,Iowa State,33,32,1014,86,216,56,147,30,69,47,67,10,81,91,134,52,4,72,61,249,.398,.381,.435,.701,.502,.468,G,FR
1143,Alexander Starr,1013,2006-07,Centenary (LA),31,31,1013,159,302,140,259,19,43,112,135,,,182,92,43,13,,,449,.526,.541,.442,.830,.613,.558,F,SR
1144,Alvin Cruz,1013,2002-03,Niagara,29,29,1013,85,240,44,125,41,115,47,68,16,44,60,168,37,2,68,63,258,.354,.352,.357,.691,.474,.440,G,SO
1145,Bobby Brown,1013,2005-06,Cal State Fullerton,29,29,1013,182,427,110,236,72,191,72,99,13,63,76,132,45,6,96,60,508,.426,.466,.377,.727,.536,.511,G,JR
1146,Brandan Wright,1013,2006-07,North Carolina,37,37,1013,228,353,228,353,0,0,89,157,77,152,229,37,36,65,59,55,545,.646,.646,,.567,.637,.646,F,FR
1147,Brandon Bass,1013,2003-04,Louisiana State,29,29,1013,121,240,116,221,5,19,123,157,71,143,214,17,21,56,55,59,370,.504,.525,.263,.783,.588,.515,F,FR
1148,Dan Nwaelele,1013,2005-06,Air Force,31,31,1013,120,244,53,105,67,139,58,65,23,58,81,71,24,5,53,69,365,.492,.505,.482,.892,.664,.629,F,JR
1149,Darnell Archey,1013,2002-03,Butler,33,33,1013,101,250,23,69,78,181,72,74,16,68,84,35,23,1,22,25,352,.404,.333,.431,.973,.617,.560,G,SR
1150,Eric Haut,1013,2002-03,Kent State,31,31,1013,143,331,59,129,84,202,70,81,18,38,56,64,34,2,56,87,440,.432,.457,.416,.864,.595,.559,G,JR
1151,Gabriel Moore,1013,2005-06,Indiana State,29,29,1013,102,234,75,149,27,85,69,84,14,57,71,107,50,6,85,53,300,.436,.503,.318,.821,.548,.494,G,SO
1152,Ivan McFarlin,1013,2004-05,Oklahoma State,33,33,1013,157,267,155,265,2,2,95,126,102,143,245,53,44,37,66,103,411,.588,.585,1.000,.754,.629,.592,F,SR
1153,J.J. Redick,1013,2002-03,Duke,33,30,1013,149,361,54,123,95,238,102,111,19,62,81,67,38,2,54,57,495,.413,.439,.399,.919,.598,.544,G,FR
1154,Kirk Snyder,1013,2002-03,Nevada,32,30,1013,187,420,154,297,33,123,113,177,92,167,259,81,29,26,94,86,520,.445,.519,.268,.638,.516,.485,G,SO
1155,Kurt Attaway,1013,2003-04,UTSA,33,33,1013,75,207,53,134,22,73,73,107,25,84,109,105,46,3,88,82,245,.362,.396,.301,.682,.475,.415,G,FR
1156,Malcolm Campbell,1013,2003-04,Alabama State,31,31,1013,141,338,65,157,76,181,58,69,19,57,76,102,50,1,83,54,416,.417,.414,.420,.841,.561,.530,G,SR
1157,Mike Henderson,1013,2005-06,Iowa,34,34,1013,91,187,78,159,13,28,65,93,41,93,134,68,38,5,78,53,260,.487,.491,.464,.699,.562,.521,G,JR
1158,Mustafa Shakur,1013,2005-06,Arizona,33,33,1013,119,281,95,209,24,72,108,134,29,92,121,154,48,4,88,74,370,.423,.455,.333,.806,.537,.466,G,JR
1159,Ryan Stys,1013,2003-04,Hartford,29,29,1013,137,330,103,198,34,132,77,108,23,87,110,71,43,3,61,74,385,.415,.520,.258,.713,.505,.467,G,SR
1160,Tre Kelley,1013,2004-05,South Carolina,33,32,1013,104,240,73,139,31,101,56,95,9,38,47,118,31,2,79,68,295,.433,.525,.307,.589,.517,.498,G,SO
1161,Willie Depron,1013,2003-04,Nicholls State,27,27,1013,149,388,119,288,30,100,89,133,28,127,155,97,65,9,87,57,417,.384,.413,.300,.669,.462,.423,G,JR
1162,Anthony Rice,1012,2003-04,Memphis,30,30,1012,90,251,34,82,56,169,34,53,42,64,106,91,44,12,72,64,270,.359,.415,.331,.642,.489,.470,G,JR
1163,Antoine Hood,1012,2004-05,Air Force,30,30,1012,143,308,103,191,40,117,63,80,38,56,94,56,39,2,54,71,389,.464,.539,.342,.788,.562,.529,G,JR
1164,Chakowby Hicks,1012,2003-04,Norfolk State,29,29,1012,144,348,106,226,38,122,134,172,55,115,170,86,86,16,114,90,460,.414,.469,.311,.779,.535,.468,G,JR
1165,Grant Stout,1012,2004-05,Northern Iowa,32,32,1012,129,237,119,206,10,31,92,118,73,172,245,37,33,75,43,78,360,.544,.578,.323,.780,.614,.565,F,SO
1166,Ishmael N'Diaye,1012,2004-05,Florida International,29,29,1012,129,296,97,206,32,90,100,138,29,103,132,73,28,7,86,83,390,.436,.471,.356,.725,.539,.490,F,JR
1167,JaJuan Smith,1012,2006-07,Tennessee,35,35,1012,183,402,94,160,89,242,78,107,60,99,159,46,73,8,63,90,533,.455,.588,.368,.729,.589,.566,G,JR
1168,James Williams,1012,2006-07,LIU Brooklyn,29,29,1012,150,399,74,181,76,218,95,113,16,62,78,54,18,1,81,66,471,.376,.409,.349,.841,.520,.471,G,SR
1169,Jason Wingate,1012,2005-06,Manhattan,31,30,1012,116,290,71,191,45,99,144,172,15,53,68,92,35,2,69,61,421,.400,.372,.455,.837,.566,.478,G,SR
1170,Jose Olivero,1012,2005-06,Lehigh,31,31,1012,179,411,108,237,71,174,101,152,23,75,98,91,30,1,99,71,530,.436,.456,.408,.664,.548,.522,G,JR
1171,Justin Mason,1012,2006-07,Texas,35,31,1012,98,227,63,139,35,88,35,60,47,79,126,64,22,4,46,78,266,.432,.453,.398,.583,.521,.509,G,FR
1172,Larry Tucker,1012,2002-03,Coppin State,28,28,1012,158,350,158,346,0,4,113,154,61,95,156,25,28,10,76,66,429,.451,.457,.000,.734,.507,.451,G,SR
1173,Loren Stokes,1012,2004-05,Hofstra,30,30,1012,196,408,180,355,16,53,141,221,54,129,183,104,54,12,95,80,549,.480,.507,.302,.638,.535,.500,G,SO
1174,Maurice Carter,1012,2003-04,Robert Morris,29,25,1012,137,362,73,165,64,197,94,124,11,88,99,93,28,0,74,63,432,.378,.442,.325,.758,.513,.467,G,JR
1175,Ryan Thompson,1012,2006-07,Rider,31,23,1012,89,221,69,140,20,81,60,78,62,101,163,89,41,5,68,78,258,.403,.493,.247,.769,.500,.448,G,FR
1176,Wayne Arnold,1012,2005-06,Tennessee State,28,28,1012,131,304,60,135,71,169,56,76,44,90,134,87,35,14,55,79,389,.431,.444,.420,.737,.572,.548,G,SR
1177,Al Horford,1011,2005-06,Florida,39,39,1011,177,291,177,289,0,2,88,144,86,209,295,77,40,68,74,97,442,.608,.612,.000,.611,.615,.608,F,SO
1178,Brian Fisk,1011,2005-06,Lipscomb,32,32,1011,182,425,133,293,49,132,98,126,28,97,125,98,59,9,93,69,511,.428,.454,.371,.778,.527,.486,G,JR
1179,Demetric Bennett,1011,2006-07,South Alabama,31,30,1011,171,373,90,187,81,186,59,85,42,129,171,70,53,2,64,52,482,.458,.481,.435,.694,.583,.567,G,JR
1180,Dion Dacons,1011,2006-07,Temple,30,30,1011,80,147,65,103,15,44,38,59,63,145,208,48,33,8,32,91,213,.544,.631,.341,.644,.608,.595,F,SR
1181,Fred Peete,1011,2004-05,Kansas State,29,29,1011,122,327,78,201,44,126,90,130,32,114,146,109,62,3,73,68,378,.373,.388,.349,.692,.486,.440,G,SO
1182,Jimmy Baxter,1011,2002-03,South Florida,29,27,1011,169,387,113,225,56,162,28,44,34,114,148,76,58,15,53,59,422,.437,.502,.346,.636,.517,.509,G,JR
1183,Kevin Sheppard,1011,2002-03,Jacksonville,29,29,1011,162,347,119,221,43,126,104,136,6,61,67,131,45,0,99,55,471,.467,.538,.341,.765,.572,.529,G,SR
1184,Kyle Greathouse,1011,2005-06,Western Carolina,30,29,1011,73,182,9,23,64,159,33,43,15,54,69,77,24,0,52,74,243,.401,.391,.403,.767,.600,.577,G,JR
1185,Lanny Smith,1011,2005-06,Houston,30,30,1011,116,308,58,144,58,164,74,114,14,65,79,162,52,4,85,67,364,.377,.403,.354,.649,.503,.471,G,JR
1186,Lorenzo Miles,1011,2004-05,Niagara,30,30,1011,90,230,32,81,58,149,29,42,47,70,117,71,35,2,48,73,267,.391,.395,.389,.690,.534,.517,G,SO
1187,Terry Evans,1011,2006-07,Green Bay,33,23,1011,91,210,85,173,6,37,66,101,56,153,209,54,56,47,71,75,254,.433,.491,.162,.653,.492,.448,F,SO
1188,Troy DeVries,1011,2004-05,New Mexico,33,33,1011,119,263,26,57,93,206,33,62,7,71,78,84,27,1,63,51,364,.452,.456,.451,.532,.622,.629,G,SR
1189,Akeem Clark,1010,2004-05,IUPUI,29,29,1010,142,360,65,135,77,225,51,73,38,54,92,66,40,2,36,73,412,.394,.481,.342,.699,.522,.501,G,SR
1190,Antonio Anderson,1010,2005-06,Memphis,37,21,1010,88,209,46,94,42,115,50,79,42,84,126,105,56,10,59,64,268,.421,.489,.365,.633,.544,.522,G,FR
1191,Earnest Crumbley,1010,2002-03,Florida Atlantic,28,27,1010,145,409,57,171,88,238,75,94,18,58,76,133,55,0,103,72,453,.355,.333,.370,.798,.499,.462,G,JR
1192,Guilherme Da Luz,1010,2002-03,Furman,28,28,1010,107,292,73,172,34,120,71,89,29,89,118,149,52,0,95,53,319,.366,.424,.283,.798,.477,.425,G,SR
1193,Kevin Henderson,1010,2005-06,UTEP,31,31,1010,75,247,31,107,44,140,51,77,22,89,111,116,54,1,72,50,245,.304,.290,.314,.662,.432,.393,G,JR
1194,Marcellus Sommerville,1010,2003-04,Bradley,31,30,1010,162,399,111,252,51,147,109,144,52,175,227,32,24,14,90,101,484,.406,.440,.347,.757,.518,.470,F,SO
1195,Matt Witt,1010,2005-06,Eastern Kentucky,30,29,1010,186,446,89,186,97,260,86,107,8,59,67,132,34,2,99,56,555,.417,.478,.373,.804,.559,.526,G,SR
1196,Rob Ferguson,1010,2005-06,Saint Joseph's,33,33,1010,141,281,106,193,35,88,38,45,43,103,146,53,22,28,42,99,355,.502,.549,.398,.844,.587,.564,F,SO
1197,Stephane Lasme,1010,2006-07,Massachusetts,33,33,1010,165,270,165,270,0,0,117,188,126,189,315,28,29,168,79,111,447,.611,.611,,.622,.622,.611,F,SR
1198,Coby Karl,1009,2006-07,Boise State,31,31,1009,131,321,51,105,80,216,116,139,16,111,127,125,25,18,97,76,458,.408,.486,.370,.835,.592,.533,G,SR
1199,Donnie McGrath,1009,2005-06,Providence,27,27,1009,136,340,59,122,77,218,60,70,8,46,54,73,27,1,52,53,409,.400,.484,.353,.857,.548,.513,G,SR
1200,Donta Richardson,1009,2002-03,Wyoming,32,32,1009,178,407,116,242,62,165,160,198,25,80,105,77,41,0,75,69,578,.437,.479,.376,.808,.577,.514,G,SR
1201,Joey Graham,1009,2004-05,Oklahoma State,33,33,1009,201,380,175,325,26,55,157,177,53,151,204,67,30,5,88,102,585,.529,.538,.473,.887,.630,.563,F,SR
1202,Jose Olivero,1009,2006-07,Lehigh,31,31,1009,154,400,108,240,46,160,154,204,25,80,105,71,37,0,90,89,508,.385,.450,.288,.755,.511,.443,G,SR
1203,Josh Goodwin,1009,2005-06,Belmont,31,31,1009,117,244,35,64,82,180,66,80,22,89,111,66,35,1,42,38,382,.480,.547,.456,.825,.677,.648,G,JR
1204,Kevin Bell,1009,2005-06,Fresno State,28,28,1009,75,200,57,131,18,69,44,74,26,63,89,165,46,5,65,63,212,.375,.435,.261,.595,.451,.420,G,SO
1205,Levi Rost,1009,2004-05,Western Michigan,33,33,1009,168,381,77,168,91,213,119,151,81,120,201,54,49,18,55,100,546,.441,.458,.427,.788,.603,.560,F,SR
1206,Nick Fazekas,1009,2004-05,Nevada,32,32,1009,223,444,190,343,33,101,183,232,61,240,301,30,20,51,70,56,662,.502,.554,.327,.789,.597,.539,F,SO
1207,Romeo Travis,1009,2005-06,Akron,33,32,1009,175,334,170,318,5,16,101,156,66,160,226,62,34,30,57,83,456,.524,.535,.313,.647,.559,.531,F,JR
1208,Steve Blake,1009,2002-03,Maryland,31,31,1009,114,275,50,121,64,154,68,83,22,92,114,221,50,5,99,54,360,.415,.413,.416,.819,.572,.531,G,SR
1209,Steven Smith,1009,2005-06,La Salle,28,27,1009,208,428,182,351,26,77,109,141,58,162,220,69,32,23,100,72,551,.486,.519,.338,.773,.557,.516,F,SR
1210,Terrance McGee,1009,2002-03,Southwest Missouri State,29,29,1009,135,354,93,223,42,131,121,163,17,84,101,122,47,1,97,74,433,.381,.417,.321,.742,.502,.441,G,SR
1211,Victor Williams,1009,2002-03,Oklahoma State,32,32,1009,157,371,100,222,57,149,126,167,8,66,74,101,63,0,85,78,497,.423,.450,.383,.754,.552,.500,G,SR
1212,William Hatcher,1009,2004-05,Miami (OH),30,30,1009,118,253,73,143,45,110,19,38,12,51,63,88,22,1,88,72,300,.466,.510,.409,.500,.553,.555,G,JR
1213,Avery Sheets,1008,2003-04,Butler,30,29,1008,123,282,75,151,48,131,37,42,20,54,74,72,33,1,44,67,331,.436,.497,.366,.881,.548,.521,G,SO
1214,B.J. Elder,1008,2003-04,Georgia Tech,38,36,1008,194,468,117,262,77,206,103,132,38,67,105,53,28,4,72,77,568,.415,.447,.374,.780,.535,.497,G,JR
1215,Larry Blair,1008,2003-04,Liberty,33,29,1008,162,421,99,227,63,194,50,70,28,62,90,66,53,16,76,50,437,.385,.436,.325,.714,.481,.460,G,FR
1216,Marquis Webb,1008,2006-07,Rutgers,29,28,1008,95,253,51,122,44,131,59,71,20,51,71,34,25,0,53,67,293,.375,.418,.336,.831,.511,.462,G,SR
1217,Melvin Sanders,1008,2002-03,Oklahoma State,32,32,1008,155,351,100,190,55,161,48,71,42,113,155,52,53,11,54,89,413,.442,.526,.342,.676,.537,.520,G,SR
1218,Nik Caner-Medley,1008,2004-05,Maryland,32,31,1008,188,409,145,283,43,126,92,120,65,133,198,69,43,16,75,65,511,.460,.512,.341,.767,.548,.512,F,JR
1219,P.J. Couisnard,1008,2005-06,Wichita State,34,31,1008,117,262,90,185,27,77,86,118,89,123,212,99,33,21,84,95,347,.447,.486,.351,.729,.546,.498,G,SO
1220,Ryan Gomes,1008,2003-04,Providence,29,29,1008,192,379,163,292,29,87,134,154,109,165,274,67,46,4,76,61,547,.507,.558,.333,.870,.605,.545,F,JR
1221,Sean Marshall,1008,2005-06,Boston College,36,36,1008,150,352,103,224,47,128,51,83,69,71,140,81,32,10,71,69,398,.426,.460,.367,.614,.508,.493,G,JR
1222,Sonny Troutman,1008,2006-07,Ohio,32,32,1008,121,325,95,203,26,122,118,143,26,81,107,142,82,4,116,70,386,.372,.468,.213,.825,.491,.412,F,SR
1223,Adam Hess,1007,2002-03,William & Mary,28,28,1007,191,409,123,226,68,183,114,135,75,102,177,64,27,3,61,56,564,.467,.544,.372,.844,.596,.550,F,JR
1224,Adam Hess,1007,2003-04,William & Mary,28,28,1007,194,461,137,272,57,189,123,163,74,113,187,65,46,4,57,84,568,.421,.504,.302,.755,.527,.483,F,SR
1225,Antonio Anderson,1007,2006-07,Memphis,36,35,1007,101,259,75,153,26,106,59,93,44,104,148,130,59,9,50,74,287,.390,.490,.245,.634,.473,.440,G,SO
1226,Bracey Wright,1007,2002-03,Indiana,30,30,1007,157,363,91,187,66,176,106,141,42,109,151,64,23,18,63,60,486,.433,.487,.375,.752,.565,.523,G,FR
1227,Brandon Bass,1007,2004-05,Louisiana State,30,29,1007,181,319,169,293,12,26,146,188,82,190,272,25,24,48,54,73,520,.567,.577,.462,.777,.637,.586,F,SO
1228,Corey Dean,1007,2003-04,Louisiana Tech,30,29,1007,152,359,128,284,24,75,53,81,39,83,122,74,24,8,95,53,381,.423,.451,.320,.654,.479,.457,G,SO
1229,Drew Housman,1007,2006-07,Harvard,28,28,1007,121,287,95,204,26,83,103,129,19,63,82,96,44,1,106,60,371,.422,.466,.313,.798,.533,.467,G,SO
1230,Duane Erwin,1007,2004-05,Memphis,38,31,1007,95,209,92,203,3,6,79,113,82,159,241,48,28,57,84,120,272,.455,.453,.500,.699,.518,.462,F,SR
1231,E.J. Drayton,1007,2006-07,Charlotte,30,30,1007,137,284,123,243,14,41,122,211,86,167,253,39,16,16,59,73,410,.482,.506,.341,.578,.534,.507,F,SR
1232,Jason Ellis,1007,2003-04,Boise State,33,33,1007,111,241,111,241,0,0,64,94,100,197,297,41,25,32,48,86,286,.461,.461,,.681,.501,.461,F,JR
1233,Jeff Ayres,1007,2006-07,Arizona State,30,29,1007,145,263,145,258,0,5,73,100,118,154,272,26,18,22,70,104,363,.551,.562,.000,.730,.585,.551,F,SO
1234,Rodney Carney,1007,2005-06,Memphis,37,29,1007,220,505,118,244,102,261,94,132,57,101,158,47,49,25,54,84,636,.436,.484,.391,.712,.560,.537,F,SR
1235,Tim Smith,1007,2002-03,East Tennessee State,31,27,1007,174,395,135,303,39,92,88,120,27,87,114,114,73,0,126,69,475,.441,.446,.424,.733,.525,.490,G,FR
1236,Whitney Coleman,1007,2006-07,Monmouth,30,30,1007,102,234,61,131,41,103,28,40,19,74,93,82,37,12,67,77,273,.436,.466,.398,.700,.540,.524,G,SO
1237,Casey Long,1006,2006-07,Chattanooga,33,33,1006,114,272,78,156,36,116,83,104,38,135,173,131,45,1,65,60,347,.419,.500,.310,.798,.540,.485,G,SR
1238,Dominic James,1006,2005-06,Marquette,31,31,1006,174,404,133,268,41,136,84,131,24,116,140,167,50,12,87,74,473,.431,.496,.301,.641,.507,.481,G,FR
1239,Eric Hicks,1006,2004-05,Cincinnati,32,28,1006,162,312,158,296,4,16,110,188,116,171,287,24,15,72,53,78,438,.519,.534,.250,.585,.546,.526,F,JR
1240,Jason Dourisseau,1006,2005-06,Nebraska,33,33,1006,127,266,120,238,7,28,111,187,108,132,240,53,34,12,88,90,372,.477,.504,.250,.594,.524,.491,G,SR
1241,Kameron Gray,1006,2003-04,Cal Poly,27,27,1006,125,300,71,151,54,149,50,64,10,98,108,85,57,4,71,56,354,.417,.470,.362,.781,.536,.507,G,SO
1242,Marc Axton,1006,2004-05,Eastern Washington,28,28,1006,141,349,68,143,73,206,99,131,21,97,118,67,14,3,57,66,454,.404,.476,.354,.756,.552,.509,F,SR
1243,Michael Peeples,1006,2005-06,Fairleigh Dickinson,32,32,1006,114,255,75,149,39,106,34,53,40,111,151,70,34,20,58,78,301,.447,.503,.368,.642,.537,.524,F,JR
1244,Michel Morandais,1006,2002-03,Colorado,31,31,1006,197,434,160,332,37,102,94,121,41,125,166,105,29,19,69,70,525,.454,.482,.363,.777,.534,.497,G,JR
1245,Mike Harris,1006,2004-05,Rice,31,31,1006,240,395,233,366,7,29,152,190,112,251,363,39,40,37,68,81,639,.608,.637,.241,.800,.658,.616,F,SR
1246,Ron Howard,1006,2004-05,Valparaiso,31,31,1006,139,304,102,215,37,89,113,152,34,101,135,116,43,1,93,89,428,.457,.474,.416,.743,.569,.518,F,JR
1247,Aaron Thomas,1005,2002-03,Robert Morris,26,26,1005,110,245,57,104,53,141,46,56,36,120,156,46,25,9,35,60,319,.449,.548,.376,.821,.587,.557,F,JR
1248,David Moss,1005,2002-03,Indiana State,31,27,1005,136,318,98,218,38,100,100,124,36,101,137,70,17,6,102,83,410,.428,.450,.380,.806,.544,.487,G,FR
1249,Diondre Larmond,1005,2004-05,Bethune-Cookman,30,29,1005,123,305,58,129,65,176,55,77,26,94,120,41,20,9,43,79,366,.403,.450,.369,.714,.536,.510,F,SR
1250,Gabe Martin,1005,2003-04,Liberty,33,32,1005,144,313,109,206,35,107,128,165,86,159,245,61,54,23,81,77,451,.460,.529,.327,.776,.576,.516,G,SR
1251,Jamar Wilson,1005,2002-03,Albany (NY),27,26,1005,183,375,150,283,33,92,110,135,40,62,102,90,21,2,98,80,509,.488,.530,.359,.815,.580,.532,G,FR
1252,Jaron Brown,1005,2002-03,Pittsburgh,33,33,1005,141,267,126,225,15,42,57,84,67,99,166,64,46,20,60,59,354,.528,.560,.357,.679,.577,.556,G,JR
1253,Marquis Hall,1005,2006-07,Lehigh,31,30,1005,120,286,70,155,50,131,49,69,14,95,109,133,45,3,78,65,339,.420,.452,.382,.710,.532,.507,G,FR
1254,Michael Webb,1005,2005-06,Pacific,32,32,1005,116,259,46,93,70,166,33,40,16,76,92,79,34,6,47,39,335,.448,.495,.422,.825,.603,.583,G,SR
1255,Pooh Jeter,1005,2004-05,Portland,30,30,1005,147,347,92,195,55,152,108,126,18,68,86,98,49,1,85,53,457,.424,.472,.362,.857,.562,.503,G,JR
1256,Seth Doliboa,1005,2002-03,Wright State,28,28,1005,217,487,150,311,67,176,124,162,52,159,211,37,32,33,63,83,625,.446,.482,.381,.765,.554,.514,F,JR
1257,Tee Trotter,1005,2003-04,Maryland Eastern Shore,28,28,1005,168,445,100,248,68,197,136,160,13,47,60,57,24,3,109,52,540,.378,.403,.345,.850,.518,.454,G,SR
1258,Torrian Jones,1005,2003-04,Notre Dame,31,31,1005,94,221,85,181,9,40,62,92,56,124,180,61,21,17,67,68,259,.425,.470,.225,.674,.489,.446,G,SR
1259,Craig Smith,1004,2004-05,Boston College,29,29,1004,202,401,197,380,5,21,114,170,94,152,246,49,45,13,65,68,523,.504,.518,.238,.671,.543,.510,F,JR
1260,Dan Oppland,1004,2003-04,Valparaiso,31,31,1004,173,317,172,312,1,5,139,178,98,124,222,20,23,5,54,89,486,.546,.551,.200,.781,.605,.547,F,SO
1261,Erik Kangas,1004,2006-07,Oakland,33,33,1004,145,329,36,76,109,253,26,31,19,61,80,45,32,0,50,48,425,.441,.474,.431,.839,.618,.606,G,SO
1262,Ibrahim Jaaber,1004,2004-05,Pennsylvania,29,29,1004,116,266,87,159,29,107,73,96,48,86,134,80,85,19,59,77,334,.436,.547,.271,.760,.536,.491,G,SO
1263,Kason Mims,1004,2002-03,Quinnipiac,29,29,1004,124,294,81,171,43,123,98,169,29,118,147,135,53,1,83,85,389,.422,.474,.350,.580,.520,.495,G,JR
1264,Lamont McIntosh,1004,2002-03,Georgia State,29,29,1004,145,311,94,178,51,133,45,59,18,73,91,92,41,8,82,63,386,.466,.528,.383,.763,.569,.548,G,JR
1265,Louis Truscott,1004,2002-03,Houston,28,28,1004,161,326,154,297,7,29,99,143,127,188,315,31,20,9,98,59,428,.494,.519,.241,.692,.543,.505,F,SR
1266,Mark Linebaugh,1004,2003-04,Colgate,29,29,1004,118,346,64,180,54,166,80,99,21,69,90,85,36,5,55,58,370,.341,.356,.325,.808,.471,.419,G,SR
1267,Nick Dials,1004,2006-07,Akron,33,33,1004,114,245,51,99,63,146,42,50,27,65,92,89,51,1,49,63,333,.465,.515,.432,.840,.620,.594,G,JR
1268,Taquan Dean,1004,2004-05,Louisville,37,31,1004,173,389,51,116,122,273,65,80,27,122,149,90,41,0,62,71,533,.445,.440,.447,.813,.624,.602,G,JR
1269,Adam Haluska,1003,2004-05,Iowa,33,33,1003,152,318,94,169,58,149,105,130,25,106,131,52,35,9,46,75,467,.478,.556,.389,.808,.615,.569,G,SO
1270,Adrian Henning,1003,2003-04,Austin Peay,32,32,1003,161,361,137,290,24,71,92,136,45,156,201,54,19,19,79,83,438,.446,.472,.338,.676,.515,.479,F,SR
1271,Andre Owens,1003,2002-03,Houston,28,28,1003,128,360,63,162,65,198,68,89,23,121,144,89,26,6,84,67,389,.356,.389,.328,.764,.484,.446,G,SO
1272,Bobby Dixon,1003,2005-06,Troy,29,29,1003,176,394,86,157,90,237,78,106,30,124,154,192,88,3,95,53,520,.447,.548,.380,.736,.585,.561,G,SR
1273,Brion Rush,1003,2003-04,Grambling State,29,29,1003,190,460,99,220,91,240,90,119,33,107,140,89,46,5,96,69,561,.413,.450,.379,.756,.543,.512,G,SO
1274,Bryant Dunston,1003,2005-06,Fordham,32,32,1003,174,325,155,286,19,39,148,220,83,159,242,52,26,76,79,103,515,.535,.542,.487,.673,.600,.565,F,SO
1275,Chris Kenny,1003,2005-06,Monmouth,34,33,1003,97,248,50,106,47,142,52,66,11,91,102,54,40,2,52,94,293,.391,.472,.331,.788,.524,.486,G,SR
1276,Dan Coleman,1003,2006-07,Minnesota,31,30,1003,169,374,150,306,19,68,82,106,52,133,185,42,21,41,57,74,439,.452,.490,.279,.774,.517,.477,F,JR
1277,Edgar Moreno,1003,2005-06,UTEP,31,31,1003,105,232,85,161,20,71,43,67,16,94,110,120,57,6,80,60,273,.453,.528,.282,.642,.517,.496,G,SR
1278,Gordon Klaiber,1003,2004-05,Fairleigh Dickinson,30,30,1003,178,426,132,287,46,139,79,118,75,162,237,49,43,39,68,82,481,.418,.460,.331,.669,.499,.472,F,JR
1279,Jakob Sigurdarson,1003,2004-05,Birmingham–Southern,30,30,1003,129,314,81,182,48,132,154,187,15,88,103,73,23,3,58,62,460,.411,.445,.364,.824,.571,.487,G,SR
1280,Javaris Crittenton,1003,2006-07,Georgia Tech,32,31,1003,158,351,122,250,36,101,108,138,28,91,119,184,65,2,124,67,460,.450,.488,.356,.783,.552,.501,G,FR
1281,Justin Bowen,1003,2005-06,Illinois–Chicago,31,30,1003,182,347,173,320,9,27,82,105,77,134,211,32,40,20,47,83,455,.524,.541,.333,.781,.573,.537,F,SR
1282,Marques Green,1003,2002-03,St. Bonaventure,27,27,1003,182,461,88,221,94,240,116,132,22,77,99,216,71,0,98,79,574,.395,.398,.392,.879,.548,.497,G,JR
1283,Nicholas King,1003,2004-05,Coppin State,29,29,1003,130,363,79,208,51,155,98,131,34,112,146,35,48,14,77,65,409,.358,.380,.329,.748,.481,.428,G,JR
1284,Terrance Johnson,1003,2002-03,Pepperdine,28,28,1003,148,340,76,172,72,168,51,66,26,92,118,54,38,5,38,50,419,.435,.442,.429,.773,.564,.541,G,SO
1285,Terry Bryant,1003,2006-07,Southeastern Louisiana,30,30,1003,95,261,76,198,19,63,80,91,6,52,58,144,24,6,75,46,289,.364,.384,.302,.879,.475,.400,G,SR
1286,Andrew Bogut,1002,2003-04,Utah,33,33,1002,168,291,164,280,4,11,71,111,106,220,326,73,14,44,87,80,411,.577,.586,.364,.640,.598,.584,F,FR
1287,Arturo Dubois,1002,2005-06,Manhattan,31,31,1002,197,352,197,352,0,0,71,135,99,166,265,31,39,74,65,119,465,.560,.560,,.526,.559,.560,F,SO
1288,Chaz McCrommon,1002,2002-03,Robert Morris,27,27,1002,178,363,146,283,32,80,56,82,77,84,161,56,17,20,60,71,444,.490,.516,.400,.683,.552,.534,F,SO
1289,Jamar Wilson,1002,2004-05,Albany (NY),27,27,1002,132,304,95,211,37,93,154,186,16,67,83,112,36,8,119,76,455,.434,.450,.398,.828,.580,.495,G,SO
1290,J.J. Montgomery,1002,2003-04,Arkansas State,28,28,1002,157,375,142,310,15,65,172,223,76,87,163,33,35,2,86,49,501,.419,.458,.231,.771,.521,.439,G,JR
1291,Josh Howard,1002,2002-03,Wake Forest,31,31,1002,204,428,151,286,53,142,145,174,102,155,257,59,64,48,82,89,606,.477,.528,.373,.833,.593,.539,F,SR
1292,Juan Mendez,1002,2002-03,Niagara,29,29,1002,207,344,207,341,0,3,119,161,115,145,260,20,38,35,63,75,533,.602,.607,.000,.739,.634,.602,F,SO
1293,Mark Jones,1002,2003-04,Dayton,33,32,1002,97,250,49,101,48,149,59,77,30,84,114,83,22,2,43,83,301,.388,.485,.322,.766,.525,.484,G,JR
1294,Matt Lottich,1002,2002-03,Stanford,33,33,1002,129,333,50,126,79,207,36,52,19,78,97,105,32,0,50,55,373,.387,.397,.382,.692,.521,.506,G,JR
1295,Mike Lenzly,1002,2002-03,Wofford,29,29,1002,147,305,75,140,72,165,89,113,49,97,146,119,39,15,82,57,455,.482,.536,.436,.788,.634,.600,G,SR
1296,Ray Abellard,1002,2002-03,Central Florida,31,30,1002,144,324,56,107,88,217,130,155,8,74,82,92,38,0,101,51,506,.444,.523,.406,.839,.636,.580,G,SR
1297,Ricky Soliver,1002,2004-05,Iona,29,28,1002,124,323,86,216,38,107,83,113,48,109,157,131,42,7,76,72,369,.384,.398,.355,.735,.490,.443,G,JR
1298,Andrew Strait,1001,2005-06,Montana,31,31,1001,223,363,221,360,2,3,68,112,68,129,197,47,19,27,45,54,516,.614,.614,.667,.607,.620,.617,F,SO
1299,Blake Ahearn,1001,2005-06,Missouri State,31,31,1001,155,364,81,168,74,196,117,125,14,57,71,76,32,1,73,35,501,.426,.482,.378,.936,.592,.527,G,JR
1300,DaShawn Walker,1001,2005-06,Denver,31,31,1001,141,391,69,206,72,185,62,76,28,107,135,38,20,17,77,65,416,.361,.335,.389,.816,.487,.453,G,JR
1301,David Hehn,1001,2003-04,Vermont,31,30,1001,53,145,21,46,32,99,25,33,17,99,116,80,38,6,36,45,163,.366,.457,.323,.758,.507,.476,G,JR
1302,Dustin Braddick,1001,2002-03,South Carolina State,30,29,1001,137,268,120,214,17,54,98,134,62,108,170,53,26,7,95,75,389,.511,.561,.315,.731,.586,.543,F,SR
1303,Germaine Sparkes,1001,2006-07,North Florida,29,29,1001,73,233,50,162,23,71,51,93,30,104,134,64,31,6,76,76,220,.313,.309,.324,.548,.397,.363,G,FR
1304,Jerald Fields,1001,2003-04,East Tennessee State,33,33,1001,163,279,149,238,14,41,100,156,71,144,215,62,56,52,74,104,440,.584,.626,.341,.641,.623,.609,F,SR
1305,Lester Abram,1001,2006-07,Michigan,35,34,1001,108,249,86,175,22,74,81,104,36,97,133,74,31,9,66,95,319,.434,.491,.297,.779,.535,.478,F,SR
1306,Marcus Howard,1001,2002-03,Indiana State,31,31,1001,106,288,65,165,41,123,34,45,16,82,98,70,50,12,57,49,287,.368,.394,.333,.756,.464,.439,G,JR
1307,Omar Wellington,1001,2002-03,Sacred Heart,29,29,1001,123,298,65,143,58,155,43,56,12,74,86,134,64,0,79,55,347,.413,.455,.374,.768,.535,.510,G,JR
1308,Othyus Jeffers,1001,2005-06,Illinois–Chicago,31,30,1001,140,287,140,287,0,0,80,151,114,121,235,92,32,19,86,85,360,.488,.488,,.530,.502,.488,F,SO
1309,Tim Jennings,1001,2005-06,Gardner-Webb,29,29,1001,111,253,66,131,45,122,56,73,22,88,110,65,49,3,88,77,323,.439,.504,.369,.767,.561,.528,G,SR
1310,Chris Gaynor,1000,2004-05,Winthrop,33,33,1000,72,197,34,77,38,120,29,44,16,83,99,152,70,2,71,49,211,.365,.442,.317,.659,.484,.462,G,FR
1311,Dainmon Gonner,1000,2004-05,Southeast Missouri State,27,27,1000,195,429,154,314,41,115,116,169,68,117,185,61,74,14,68,68,547,.455,.490,.357,.686,.537,.502,C,SR
1312,David Brooks,1000,2003-04,Niagara,32,31,1000,141,348,75,150,66,198,51,71,46,87,133,81,37,9,69,85,399,.405,.500,.333,.718,.523,.500,G,JR
1313,Derek Raivio,1000,2005-06,Gonzaga,31,30,1000,101,260,43,98,58,162,83,91,11,59,70,87,47,2,46,70,343,.388,.439,.358,.912,.566,.500,G,JR
1314,Glenn Stokes,1000,2002-03,American,30,29,1000,148,354,63,151,85,203,76,91,21,63,84,66,44,0,72,63,457,.418,.417,.419,.835,.575,.538,C,SR
1315,John Hollingsworth,1000,2002-03,Akron,28,28,1000,159,314,137,257,22,57,148,192,17,65,82,115,61,2,68,67,488,.506,.533,.386,.771,.602,.541,G,JR
1316,Julian Sensley,1000,2005-06,Hawaii,27,27,1000,174,390,124,243,50,147,77,117,45,111,156,87,34,14,65,45,475,.446,.510,.340,.658,.533,.510,F,SR
1317,Marcel Jones,1000,2006-07,Oregon State,32,32,1000,196,435,156,302,40,133,57,105,50,131,181,41,49,12,72,68,489,.451,.517,.301,.543,.504,.497,F,JR
1318,Pierre Pierce,1000,2003-04,Iowa,29,29,1000,174,364,162,317,12,47,108,188,49,115,164,107,27,10,116,71,468,.478,.511,.255,.574,.516,.495,G,SO
1319,Ray Barbosa,1000,2004-05,James Madison,28,28,1000,144,364,78,184,66,180,63,80,18,59,77,37,18,5,61,49,417,.396,.424,.367,.788,.519,.486,G,SO
1320,Taylor Coppenrath,1000,2002-03,Vermont,30,30,1000,211,457,173,359,38,98,144,194,85,102,187,37,27,12,63,58,604,.462,.482,.388,.742,.550,.503,F,SO
1321,Durrall Peterson,999,2006-07,Utah State,35,35,999,101,271,41,108,60,163,63,88,14,114,128,111,28,5,78,84,325,.373,.380,.368,.716,.520,.483,G,SR
1322,Jon Larranaga,999,2002-03,George Mason,28,28,999,124,303,102,233,22,70,98,123,24,106,130,107,36,9,93,56,368,.409,.438,.314,.797,.509,.446,F,SR
1323,Kyle Hines,999,2004-05,UNC Greensboro,30,30,999,175,282,175,281,0,1,58,108,95,164,259,23,38,106,89,90,408,.621,.623,.000,.537,.612,.621,F,FR
1324,Mike Hall,999,2002-03,George Washington,29,29,999,96,209,74,143,22,66,68,91,82,155,237,44,30,11,42,68,282,.459,.517,.333,.747,.559,.512,F,FR
1325,Abdulai Jalloh,998,2005-06,Saint Joseph's,33,31,998,132,352,81,203,51,149,179,213,40,142,182,85,41,9,91,111,494,.375,.399,.342,.840,.545,.447,G,SO
1326,Andre Owens,998,2003-04,Houston,27,27,998,147,395,85,198,62,197,77,105,30,115,145,80,42,5,72,59,433,.372,.429,.315,.733,.487,.451,G,JR
1327,Antawn Dobie,998,2002-03,LIU Brooklyn,26,26,998,163,403,128,263,35,140,135,166,20,85,105,193,44,3,149,53,496,.404,.487,.250,.813,.515,.448,G,SR
1328,Brandon Worthy,998,2005-06,Loyola Marymount,30,29,998,131,323,106,254,25,69,162,197,37,69,106,130,53,8,82,91,449,.406,.417,.362,.822,.539,.444,G,JR
1329,Brian Evans,998,2002-03,Texas A&M–Corpus Christi,29,28,998,138,331,132,293,6,38,120,174,21,62,83,132,32,3,115,70,402,.417,.451,.158,.690,.486,.426,G,JR
1330,Bryant Matthews,998,2002-03,Virginia Tech,29,29,998,178,428,138,307,40,121,107,182,109,97,206,64,48,34,83,95,503,.416,.450,.331,.588,.489,.463,F,JR
1331,David Bailey,998,2002-03,Loyola Chicago,30,30,998,182,503,131,315,51,188,137,168,42,70,112,158,49,1,100,79,552,.362,.416,.271,.815,.474,.413,G,SR
1332,Demario Eddins,998,2002-03,UAB,34,31,998,143,316,139,286,4,30,59,94,61,87,148,82,51,9,86,81,349,.453,.486,.133,.628,.484,.459,F,FR
1333,Devin Green,998,2003-04,Hampton,30,30,998,154,345,115,234,39,111,109,147,62,166,228,70,38,10,100,81,456,.446,.491,.351,.741,.550,.503,G,JR
1334,Dexter Shankle,998,2005-06,Texas–Pan American,29,,998,98,273,54,140,44,133,80,111,33,63,96,47,29,5,58,69,320,.359,.386,.331,.721,.491,.440,G,SO
1335,Jermaine Thomas,998,2004-05,La Salle,28,26,998,126,301,55,118,71,183,72,91,22,84,106,59,43,2,38,52,395,.419,.466,.388,.791,.574,.537,G,JR
1336,John Reimold,998,2004-05,Bowling Green,29,29,998,182,348,103,175,79,173,94,121,39,110,149,53,28,16,56,57,537,.523,.589,.457,.777,.662,.636,F,SR
1337,Michael Ross,998,2004-05,Eastern Michigan,30,30,998,103,254,72,178,31,76,82,96,12,77,89,110,61,3,78,65,319,.406,.404,.408,.854,.532,.467,G,SR
1338,Mike Jefferson,998,2006-07,High Point,32,27,998,123,360,57,148,66,212,116,141,19,85,104,162,42,1,95,65,428,.342,.385,.311,.823,.501,.433,G,JR
1339,Raymond Anthony,998,2004-05,Lamar,29,28,998,125,315,44,96,81,219,118,142,21,68,89,125,45,0,74,49,449,.397,.458,.370,.831,.587,.525,G,SR
1340,Shane Nichols,998,2005-06,Wofford,29,29,998,124,299,31,71,93,228,59,78,6,45,51,37,33,2,41,67,400,.415,.437,.408,.756,.595,.570,G,SO
1341,Tony Allen,998,2002-03,Oklahoma State,32,28,998,163,365,133,289,30,76,105,152,52,121,173,87,62,24,90,92,461,.447,.460,.395,.691,.527,.488,G,JR
1342,Alex McLean,997,2006-07,Liberty,31,27,997,185,340,183,334,2,6,76,122,94,181,275,31,14,20,72,62,448,.544,.548,.333,.623,.563,.547,F,JR
1343,Antonio Webb,997,2004-05,Bethune-Cookman,30,30,997,155,379,78,180,77,199,60,72,17,71,88,91,44,2,72,61,447,.409,.433,.387,.833,.541,.511,G,JR
1344,Brandon Heath,997,2004-05,San Diego State,29,28,997,176,432,128,281,48,151,132,161,21,80,101,107,63,3,104,53,532,.407,.456,.318,.820,.523,.463,G,SO
1345,Dwayne Jackson,997,2006-07,Charleston Southern,30,27,997,163,353,139,262,24,91,83,120,61,108,169,60,38,4,67,58,433,.462,.531,.264,.692,.528,.496,G,SR
1346,Jason McKrieth,997,2004-05,Rice,30,30,997,152,318,122,239,30,79,91,123,40,125,165,108,48,20,81,77,425,.478,.510,.380,.740,.565,.525,F,SR
1347,Jordan Farmar,997,2004-05,UCLA,29,29,997,120,292,86,190,34,102,109,136,18,83,101,153,41,3,113,77,383,.411,.453,.333,.801,.537,.469,G,FR
1348,J.R. Reynolds,997,2005-06,Virginia,30,30,997,161,396,101,226,60,170,128,165,19,75,94,92,24,3,84,72,510,.407,.447,.353,.776,.538,.482,G,JR
1349,Michael Wilkinson,997,2002-03,Wisconsin,32,32,997,113,261,92,190,21,71,81,103,74,142,216,50,39,31,45,83,328,.433,.484,.296,.786,.529,.473,F,SO
1350,Mike Robinson,997,2006-07,Eastern Illinois,30,30,997,84,251,50,132,34,119,99,121,16,107,123,109,65,4,74,79,301,.335,.379,.286,.818,.488,.402,G,SO
1351,Quin Humphrey,997,2004-05,Youngstown State,28,28,997,147,331,108,218,39,113,69,95,47,103,150,51,39,14,84,46,402,.444,.495,.345,.726,.534,.503,G,SO
1352,Richard Chaney,997,2006-07,Troy,30,30,997,141,313,105,217,36,96,112,146,88,128,216,54,56,14,58,73,430,.450,.484,.375,.767,.562,.508,G,SR
1353,Ronald Moore,997,2006-07,Siena,32,27,997,90,239,54,126,36,113,22,40,24,89,113,158,53,1,70,57,238,.377,.429,.319,.550,.461,.452,G,FR
1354,Tony Bennett,997,2005-06,Bradley,33,33,997,132,316,103,231,29,85,57,82,37,75,112,90,62,7,63,94,350,.418,.446,.341,.695,.493,.464,G,SR
1355,Andre Sweet,996,2003-04,Seton Hall,31,31,996,111,247,92,188,19,59,73,95,67,119,186,47,19,12,50,58,314,.449,.489,.322,.768,.537,.488,F,JR
1356,Bradley Mosley,996,2003-04,South Florida,27,27,996,137,352,103,228,34,124,86,115,18,59,77,90,25,5,83,52,394,.389,.452,.274,.748,.484,.438,G,JR
1357,Brooks McKowen,996,2005-06,Northern Iowa,33,33,996,56,161,31,68,25,93,47,63,10,78,88,92,31,0,64,72,184,.348,.456,.269,.746,.482,.425,G,JR
1358,Chuck Hayes Jr,996,2002-03,Kentucky,36,36,996,110,225,102,192,8,33,82,104,84,160,244,84,42,36,65,94,310,.489,.531,.242,.788,.565,.507,F,SO
1359,Guillermo Diaz,996,2004-05,Miami (FL),29,29,996,190,417,129,249,61,168,97,137,31,95,126,76,44,9,70,51,538,.456,.518,.363,.708,.558,.529,G,SO
1360,Ike Diogu,996,2003-04,Arizona State,27,27,996,179,338,165,301,14,37,243,298,90,151,241,44,13,47,99,78,615,.530,.548,.378,.815,.641,.550,F,SO
1361,Jamaal Tatum,996,2004-05,Southern Illinois,35,35,996,142,361,71,174,71,187,76,98,17,68,85,78,40,3,56,69,431,.393,.408,.380,.776,.529,.492,G,SO
1362,J.J. Barea,996,2004-05,Northeastern,30,30,996,233,556,165,344,68,212,131,167,20,109,129,218,53,0,134,74,665,.419,.480,.321,.784,.523,.480,G,JR
1363,Kevin Reed,996,2006-07,Maine,30,30,996,149,413,73,180,76,233,48,62,22,159,181,53,49,3,61,80,422,.361,.406,.326,.774,.477,.453,G,SR
1364,Quincy Douby,996,2004-05,Rutgers,29,26,996,158,403,92,208,66,195,57,76,19,51,70,98,36,22,49,57,439,.392,.442,.338,.750,.500,.474,G,SO
1365,Rob Gogerty,996,2003-04,UMBC,28,28,996,113,277,73,170,40,107,29,36,10,68,78,112,46,4,48,74,295,.408,.429,.374,.806,.502,.480,G,JR
1366,Zach Williams,996,2002-03,Ohio State,31,22,996,107,243,107,243,0,0,74,120,68,92,160,37,18,6,75,97,288,.440,.440,,.617,.480,.440,F,JR
1367,Adrian Henning,995,2002-03,Austin Peay,31,31,995,176,314,153,257,23,57,104,164,64,154,218,50,29,34,71,94,479,.561,.595,.404,.634,.611,.597,F,JR
1368,Chuck Hayes Jr,995,2004-05,Kentucky,34,34,995,144,283,142,272,2,11,81,111,103,160,263,77,62,35,63,75,371,.509,.522,.182,.730,.553,.512,F,SR
1369,David Bennett,995,2002-03,Marist,28,28,995,103,263,61,140,42,123,117,130,18,62,80,94,46,3,78,70,365,.392,.436,.341,.900,.562,.471,G,SR
1370,David Doubley,995,2004-05,Pacific,31,31,995,120,264,73,153,47,111,94,105,10,76,86,122,24,11,75,26,381,.455,.477,.423,.895,.607,.544,G,SR
1371,Ivan Radenovic,995,2005-06,Arizona,32,31,995,137,297,124,250,13,47,99,127,88,115,203,55,34,14,68,71,386,.461,.496,.277,.780,.540,.483,F,JR
1372,Josh Carter,995,2006-07,Texas A&M,34,34,995,130,264,44,92,86,172,56,72,29,107,136,81,24,16,37,68,402,.492,.478,.500,.778,.674,.655,F,SO
1373,Keith Simmons,995,2005-06,Holy Cross,32,32,995,158,301,98,175,60,126,79,97,67,99,166,47,37,10,49,66,455,.525,.560,.476,.814,.655,.625,G,JR
1374,Kevin Bookout,995,2004-05,Oklahoma,32,32,995,158,267,158,266,0,1,51,88,82,128,210,18,27,15,42,67,367,.592,.594,.000,.580,.594,.592,F,JR
1375,Luke McDonald,995,2002-03,Drake,30,29,995,133,326,69,138,64,188,68,79,3,72,75,36,16,0,45,53,398,.408,.500,.340,.861,.547,.506,G,JR
1376,Maurice Carter,995,2002-03,Robert Morris,27,26,995,163,391,79,170,84,221,107,147,15,93,108,65,22,2,65,59,517,.417,.465,.380,.728,.561,.524,G,SO
1377,Maurice Maxwell,995,2004-05,Massachusetts,28,25,995,114,285,77,165,37,120,54,73,22,84,106,107,51,17,71,42,319,.400,.467,.308,.740,.499,.465,G,SO
1378,Mike Nardi,995,2004-05,Villanova,30,28,995,85,241,40,101,45,140,32,41,14,50,64,107,42,3,60,45,247,.353,.396,.321,.780,.474,.446,G,SO
1379,Tanoris Shepard,995,2004-05,Idaho,30,29,995,134,313,92,184,42,129,52,76,19,53,72,96,22,2,73,61,362,.428,.500,.326,.684,.518,.495,G,JR
1380,T.J. Parker,995,2004-05,Northwestern,30,29,995,108,239,78,153,30,86,44,76,18,45,63,69,45,3,54,61,290,.452,.510,.349,.579,.527,.515,G,JR
1381,Tony Hooper,995,2006-07,Louisiana–Monroe,32,32,995,169,421,93,199,76,222,79,107,28,94,122,86,53,6,101,101,493,.401,.467,.342,.738,.522,.492,G,SO
1382,A.J. Kuhle,994,2002-03,Air Force,28,28,994,88,172,58,92,30,80,38,59,17,68,85,76,24,1,51,64,244,.512,.630,.375,.644,.610,.599,F,JR
1383,Brian Dux,994,2002-03,Canisius,28,28,994,141,293,120,223,21,70,115,125,10,77,87,152,38,8,62,71,418,.481,.538,.300,.920,.593,.517,G,SR
1384,Brian Wethers,994,2002-03,California,31,30,994,191,391,166,328,25,63,62,95,51,84,135,94,27,4,65,57,469,.488,.506,.397,.653,.538,.520,G,SR
1385,Dustin Salisbery,994,2006-07,Temple,30,30,994,169,398,113,240,56,158,97,143,36,115,151,73,48,11,88,104,491,.425,.471,.354,.678,.527,.495,G,SR
1386,Gary Ervin,994,2004-05,Mississippi State,34,33,994,88,230,78,187,10,43,66,95,26,55,81,160,37,1,101,67,252,.383,.417,.233,.695,.458,.404,G,SO
1387,Jason Forte,994,2002-03,Brown,29,26,994,104,273,82,203,22,70,148,197,18,85,103,155,60,8,100,65,378,.381,.404,.314,.751,.516,.421,G,SO
1388,Javon Randolph,994,2005-06,Savannah State,30,30,994,170,397,112,244,58,153,112,142,36,68,104,41,36,6,85,61,510,.428,.459,.379,.789,.549,.501,G,JR
1389,Marcus Williams,994,2006-07,St. Francis Brooklyn,30,25,994,92,225,84,192,8,33,55,99,57,96,153,83,50,8,104,91,247,.409,.438,.242,.556,.454,.427,G,JR
1390,Ramon Sessions,994,2004-05,Nevada,32,31,994,106,257,100,230,6,27,70,101,22,98,120,166,47,3,96,44,288,.412,.435,.222,.693,.472,.424,G,FR
1391,Ricky Minard,994,2003-04,Morehead State,29,28,994,210,466,165,328,45,138,166,214,44,169,213,147,60,15,106,73,631,.451,.503,.326,.776,.556,.499,F,SR
1392,Allan Ray,993,2004-05,Villanova,32,29,993,169,407,89,194,80,213,101,122,14,76,90,57,37,4,63,85,519,.415,.459,.376,.828,.558,.514,G,JR
1393,Blake Hamilton,993,2003-04,Monmouth,33,32,993,160,356,156,335,4,21,214,280,81,131,212,54,32,14,90,101,538,.449,.466,.190,.764,.550,.455,F,JR
1394,Chris Hernandez,993,2005-06,Stanford,30,30,993,118,269,43,110,75,159,109,121,13,53,66,99,35,2,88,59,420,.439,.391,.472,.901,.643,.578,G,SR
1395,Darshan Luckey,993,2004-05,Saint Francis (PA),28,28,993,212,448,173,350,39,98,139,168,22,125,147,36,39,9,58,46,602,.473,.494,.398,.827,.570,.517,G,JR
1396,Drew Burleson,993,2006-07,Wright State,33,31,993,107,211,91,176,16,35,53,70,81,110,191,27,27,6,45,77,283,.507,.517,.457,.757,.579,.545,F,SR
1397,James Daniels,993,2002-03,Jacksonville,29,29,993,105,287,50,122,55,165,44,52,19,87,106,78,46,6,56,40,309,.366,.410,.333,.846,.496,.462,G,SR
1398,Josh Wilson,993,2005-06,Northern Arizona,32,30,993,68,167,53,110,15,57,49,63,20,60,80,195,42,7,127,68,200,.407,.482,.263,.778,.508,.452,G,FR
1399,Justin Hare,993,2005-06,Belmont,31,29,993,164,343,111,207,53,136,103,132,24,100,124,90,34,3,63,73,484,.478,.536,.390,.780,.596,.555,G,SO
1400,Lawrence Hamm,993,2004-05,Towson,29,27,993,128,271,106,195,22,76,69,98,93,127,220,50,24,20,59,88,347,.472,.544,.289,.704,.546,.513,F,JR
1401,Rich McBride,993,2006-07,Illinois,31,27,993,96,281,14,47,82,234,24,35,7,56,63,71,20,4,45,54,298,.342,.298,.350,.686,.501,.488,G,SR
1402,Stefon Jackson,993,2006-07,UTEP,31,31,993,194,422,163,325,31,97,159,219,78,119,197,47,47,4,69,87,578,.460,.502,.320,.726,.549,.496,G,SO
1403,Terry Evans,993,2005-06,Green Bay,31,31,993,92,236,74,174,18,62,41,70,59,113,172,52,50,29,70,78,243,.390,.425,.290,.586,.451,.428,F,FR
1404,Aaron Miles,992,2004-05,Kansas,30,30,992,86,188,46,108,40,80,67,85,18,88,106,216,50,10,92,57,279,.457,.426,.500,.788,.611,.564,G,SR
1405,Austin Montgomery,992,2006-07,IUPUI,30,29,992,134,302,80,169,54,133,89,103,43,107,150,59,29,8,80,79,411,.444,.473,.406,.864,.586,.533,G,JR
1406,Brandon Mouton,992,2002-03,Texas,33,33,992,181,412,124,274,57,138,68,102,62,75,137,57,33,10,58,66,487,.439,.453,.413,.667,.529,.508,G,JR
1407,Jamaal Brown,992,2005-06,Cal State Fullerton,29,29,992,193,377,180,340,13,37,95,132,64,177,241,58,29,7,80,69,494,.512,.529,.351,.720,.562,.529,F,SR
1408,Kashif Payne,992,2006-07,Toledo,32,32,992,88,232,64,152,24,80,43,66,5,38,43,135,36,2,79,81,243,.379,.421,.300,.652,.461,.431,G,JR
1409,Matt Dlouhy,992,2006-07,Montana,32,32,992,120,286,63,123,57,163,47,65,53,103,156,64,23,13,50,73,344,.420,.512,.350,.723,.543,.519,F,SR
1410,Oumar Sylla,992,2005-06,Richmond,30,30,992,65,182,50,117,15,65,34,60,27,88,115,75,34,3,68,70,179,.357,.427,.231,.567,.425,.398,F,SO
1411,Ricky Woods,992,2004-05,Southeastern Louisiana,33,31,992,217,389,216,385,1,4,131,201,92,132,224,31,56,27,80,90,566,.558,.561,.250,.652,.584,.559,F,JR
1412,Rob Gogerty,992,2004-05,UMBC,29,29,992,90,222,58,131,32,91,50,64,15,82,97,143,41,1,52,71,262,.405,.443,.352,.781,.519,.477,G,SR
1413,Sean May,992,2004-05,North Carolina,37,36,992,228,402,228,399,0,3,191,252,142,255,397,62,43,38,94,88,647,.567,.571,.000,.758,.620,.567,C,JR
1414,Tyrece Gibbs,992,2006-07,New Hampshire,29,28,992,96,237,51,114,45,123,38,56,37,111,148,50,21,10,53,68,275,.405,.447,.366,.679,.522,.500,G,SO
1415,Vernard Hollins,992,2003-04,Wright State,28,28,992,153,345,135,284,18,61,132,204,33,133,166,130,26,3,94,61,456,.443,.475,.295,.647,.516,.470,G,SR
1416,A.J. Jackson,991,2006-07,Robert Morris,28,28,991,173,371,132,254,41,117,85,100,56,161,217,33,20,28,55,72,472,.466,.520,.350,.850,.564,.522,F,JR
1417,Brandon Cotton,991,2006-07,Detroit Mercy,30,29,991,206,435,164,326,42,109,88,130,12,41,53,53,26,0,62,31,542,.474,.503,.385,.677,.546,.522,G,SR
1418,Brent Lawson,991,2004-05,Minnesota,32,32,991,78,159,49,76,29,83,48,65,47,80,127,70,62,10,53,80,233,.491,.645,.349,.738,.614,.582,G,SR
1419,Charlie Burgess,991,2006-07,Texas Tech,32,30,991,101,228,72,161,29,67,57,79,34,95,129,81,27,3,68,79,288,.443,.447,.433,.722,.542,.507,G,JR
1420,Chuck Hayes Jr,991,2003-04,Kentucky,32,32,991,131,246,128,234,3,12,77,113,89,191,280,97,41,45,64,82,342,.533,.547,.250,.681,.571,.539,F,JR
1421,Donell Allick,991,2003-04,Louisiana Tech,30,27,991,110,303,58,122,52,181,65,100,20,79,99,107,51,3,97,74,337,.363,.475,.287,.650,.481,.449,G,JR
1422,Drew Schifino,991,2002-03,West Virginia,29,29,991,220,487,195,404,25,83,117,175,41,96,137,67,32,9,69,58,582,.452,.483,.301,.669,.510,.477,F,SO
1423,Jake Diebler,991,2006-07,Valparaiso,31,31,991,49,138,19,51,30,87,40,47,24,74,98,70,47,6,49,84,168,.355,.373,.345,.851,.524,.464,G,SO
1424,Jimmy Miggins,991,2002-03,Pepperdine,28,26,991,174,361,165,335,9,26,75,101,53,112,165,104,42,14,89,82,432,.482,.493,.346,.743,.528,.494,F,SR
1425,Kelenna Azubuike,991,2004-05,Kentucky,34,34,991,183,375,136,243,47,132,86,118,58,102,160,51,37,12,56,60,499,.488,.560,.356,.729,.579,.551,G,JR
1426,Larry Blair,991,2004-05,Liberty,28,27,991,168,388,120,252,48,136,80,104,31,107,138,66,49,11,79,61,464,.433,.476,.353,.769,.530,.495,G,SO
1427,Marcus Shropshire,991,2004-05,TCU,35,35,991,129,320,44,108,85,212,65,71,20,64,84,76,51,1,39,60,408,.403,.407,.401,.915,.577,.536,G,SR
1428,Marcus Stout,991,2005-06,Fordham,32,23,991,146,356,98,229,48,127,77,100,21,76,97,91,36,0,84,81,417,.410,.428,.378,.770,.517,.478,G,SO
1429,Quantez Robertson,991,2005-06,Auburn,28,28,991,67,185,43,119,24,66,65,95,16,100,116,130,37,9,78,80,223,.362,.361,.364,.684,.485,.427,G,FR
1430,Raheem Scott,991,2002-03,Coppin State,28,28,991,55,153,46,126,9,27,45,63,38,96,134,96,35,4,65,63,164,.359,.365,.333,.714,.448,.389,G,FR
1431,Ron Slay,991,2002-03,Tennessee,29,29,991,211,434,168,319,43,115,151,193,45,181,226,61,21,4,108,86,616,.486,.527,.374,.782,.586,.536,F,SR
1432,Ryan Wittman,991,2006-07,Cornell,28,27,991,144,329,51,113,93,216,55,62,11,67,78,36,27,7,42,36,436,.438,.451,.431,.887,.608,.579,F,FR
1433,Ryvon Covile,991,2006-07,Detroit Mercy,30,30,991,163,289,163,289,0,0,86,138,104,213,317,27,25,43,53,78,412,.564,.564,,.623,.581,.564,C,SR
1434,Todd Sowell,991,2005-06,Saint Peter's,32,29,991,145,289,145,289,0,0,81,127,139,187,326,18,26,56,53,93,371,.502,.502,,.638,.531,.502,F,SO
1435,Austen Rowland,990,2003-04,Lehigh,31,31,990,167,413,103,239,64,174,82,117,31,98,129,151,60,5,93,51,480,.404,.431,.368,.701,.512,.482,G,SR
1436,Brandon Lipsey,990,2003-04,Kansas City,29,29,990,86,207,40,81,46,126,41,55,49,112,161,26,36,29,33,73,259,.415,.494,.365,.745,.555,.527,F,JR
1437,Dawan Robinson,990,2003-04,Rhode Island,34,33,990,181,418,125,279,56,139,95,148,17,115,132,118,50,2,99,71,513,.433,.448,.403,.642,.525,.500,G,JR
1438,Herbert Hill,990,2006-07,Providence,31,31,990,240,375,240,374,0,1,80,133,101,173,274,45,30,91,89,90,560,.640,.642,.000,.602,.639,.640,F,SR
1439,Jonathon Modica,990,2005-06,Arkansas,32,32,990,178,376,123,219,55,157,104,142,58,70,128,53,36,1,66,50,515,.473,.562,.350,.732,.581,.547,G,SR
1440,Ken Tutt,990,2003-04,Oral Roberts,28,28,990,193,432,92,207,101,225,92,109,13,53,66,57,25,1,56,51,579,.447,.444,.449,.844,.598,.564,G,FR
1441,Kris Humphries,990,2003-04,Minnesota,29,28,990,221,498,204,448,17,50,170,229,91,203,294,20,27,33,82,65,629,.444,.455,.340,.742,.518,.461,F,FR
1442,Kyle Cieplicki,990,2006-07,Vermont,33,30,990,79,193,37,85,42,108,45,56,19,74,93,88,17,3,55,65,245,.409,.435,.389,.804,.558,.518,G,JR
1443,Lee Cummard,990,2006-07,Brigham Young,34,34,990,114,206,74,114,40,92,50,63,63,128,191,93,50,29,49,103,318,.553,.649,.435,.794,.674,.650,G,SO
1444,Michael Gardener,990,2003-04,Southeastern Louisiana,29,29,990,136,299,96,195,40,104,99,134,20,70,90,143,43,2,85,74,411,.455,.492,.385,.739,.567,.522,G,SR
1445,Rodney Stuckey,990,2005-06,Eastern Washington,30,30,990,250,510,195,362,55,148,171,225,32,112,144,123,66,8,107,75,726,.490,.539,.372,.760,.588,.544,G,FR
1446,Scott Greenman,990,2004-05,Princeton,28,28,990,73,179,21,47,52,132,44,61,18,48,66,63,32,0,36,68,242,.408,.447,.394,.721,.582,.553,G,JR
1447,Brandon Ellerbee,989,2002-03,Marist,29,29,989,106,268,45,105,61,163,35,50,19,71,90,111,51,7,62,74,308,.396,.429,.374,.700,.528,.509,G,SO
1448,Bryan Hopkins,989,2003-04,SMU,29,29,989,170,386,86,178,84,208,90,113,14,93,107,110,53,3,108,85,514,.440,.483,.404,.796,.585,.549,G,SO
1449,Clay Tucker,989,2002-03,Milwaukee,30,28,989,188,439,134,252,54,187,120,176,30,123,153,124,59,19,66,55,550,.428,.532,.289,.682,.526,.490,G,SR
1450,Craig Smith,989,2002-03,Boston College,31,28,989,241,400,238,385,3,15,132,194,100,146,246,41,27,28,74,106,617,.603,.618,.200,.680,.627,.606,F,FR
1451,Darren Hopkins,989,2006-07,Lamar,32,32,989,135,314,68,160,67,154,93,129,32,82,114,89,27,10,71,63,430,.430,.425,.435,.721,.573,.537,G,JR
1452,Deonta Vaughn,989,2006-07,Cincinnati,30,27,989,152,407,89,191,63,216,67,89,27,76,103,106,55,1,73,81,434,.373,.466,.292,.753,.483,.451,G,FR
1453,Dustin Richmond,989,2006-07,Alabama State,30,30,989,86,244,51,119,35,125,77,109,14,83,97,112,27,2,73,82,284,.352,.429,.280,.706,.480,.424,G,SR
1454,Kent Williams,989,2002-03,Southern Illinois,31,31,989,152,339,80,184,72,155,99,129,9,45,54,95,30,6,38,82,475,.448,.435,.465,.767,.593,.555,G,SR
1455,Kyle Shiloh,989,2006-07,Nevada,33,33,989,108,240,62,123,46,117,56,79,39,78,117,110,44,6,56,52,318,.450,.504,.393,.709,.573,.546,G,SR
1456,Marcus Brown,989,2004-05,Georgia State,29,29,989,159,348,96,213,63,135,50,67,54,95,149,32,36,10,46,75,431,.457,.451,.467,.746,.567,.547,F,SR
1457,Rich McBride,989,2005-06,Illinois,33,33,989,112,277,29,71,83,206,22,25,5,55,60,70,24,0,47,63,329,.404,.408,.403,.880,.569,.554,G,JR
1458,Royce Parran,989,2006-07,Chicago State,29,25,989,143,327,94,187,49,140,86,104,13,77,90,136,64,4,89,88,421,.437,.503,.350,.827,.559,.512,G,SR
1459,Rubeen Perry,989,2003-04,Chicago State,32,25,989,136,300,125,268,11,32,79,107,71,119,190,35,18,13,43,100,362,.453,.466,.344,.738,.516,.472,F,SR
1460,Tyquawn Goode,989,2004-05,Fairfield,30,30,989,60,178,25,66,35,112,38,51,17,89,106,147,51,0,70,87,193,.337,.379,.313,.745,.477,.435,G,SR
1461,Uka Agbai,989,2003-04,Boston College,34,34,989,138,288,136,274,2,14,84,122,72,99,171,43,20,22,56,100,362,.479,.496,.143,.689,.523,.483,F,SR
1462,Armond Williams,988,2003-04,Illinois–Chicago,32,30,988,142,281,142,279,0,2,86,138,69,115,184,35,62,19,58,78,370,.505,.509,.000,.623,.534,.505,F,JR
1463,Brandon Johnson,988,2006-07,San Diego,32,30,988,131,318,107,243,24,75,122,181,25,93,118,152,62,1,108,80,408,.412,.440,.320,.674,.505,.450,G,SO
1464,Bryant Markson,988,2004-05,Utah,35,22,988,130,242,106,175,24,67,81,115,60,78,138,40,27,7,74,61,365,.537,.606,.358,.704,.615,.587,F,JR
1465,Chris Oliver,988,2005-06,Radford,28,28,988,189,375,174,329,15,46,95,130,114,165,279,50,41,30,53,63,488,.504,.529,.326,.731,.559,.524,F,JR
1466,DaShaun Wood,988,2005-06,Wright State,28,28,988,165,384,143,303,22,81,150,188,34,92,126,131,51,5,97,56,502,.430,.472,.272,.798,.530,.458,G,JR
1467,Derrick Mercer,988,2006-07,American,30,29,988,90,188,80,146,10,42,92,127,13,62,75,142,35,4,77,69,282,.479,.548,.238,.724,.568,.505,G,SO
1468,D.J. Strawberry Jr,988,2005-06,Maryland,32,32,988,112,261,90,199,22,62,83,121,27,82,109,128,58,12,94,91,329,.429,.452,.355,.686,.517,.471,G,JR
1469,Jamont Gordon,988,2005-06,Mississippi State,30,30,988,139,341,112,237,27,104,108,167,49,154,203,129,34,16,142,84,413,.408,.473,.260,.647,.491,.447,G,FR
1470,Marcus Stout,988,2006-07,Fordham,30,30,988,157,368,83,172,74,196,72,109,19,76,95,78,49,4,61,66,460,.427,.483,.378,.661,.548,.527,G,JR
1471,Marcus Whitaker,988,2003-04,Fairleigh Dickinson,29,29,988,61,183,30,72,31,111,32,48,19,68,87,161,51,1,56,49,185,.333,.417,.279,.667,.449,.418,G,SR
1472,Matt Schneiderman,988,2003-04,Northern Iowa,31,31,988,125,265,69,119,56,146,36,42,56,143,199,34,14,11,21,65,342,.472,.580,.384,.857,.600,.577,F,SR
1473,Maurice Sumter,988,2004-05,Longwood,31,31,988,132,340,106,241,26,99,48,73,38,149,187,75,51,23,87,69,338,.388,.440,.263,.658,.451,.426,G-F,SO
1474,Mike Wells,988,2002-03,Western Kentucky,33,33,988,127,249,77,126,50,123,53,68,38,110,148,56,37,47,52,85,357,.510,.611,.407,.779,.635,.610,G,JR
1475,Nate Harris,988,2004-05,Utah State,32,31,988,172,264,170,255,2,9,69,101,52,141,193,59,29,21,47,52,415,.652,.667,.222,.683,.665,.655,F,JR
1476,Omar Wilkes,988,2006-07,California,33,31,988,132,272,95,174,37,98,25,31,20,51,71,51,25,0,33,30,326,.485,.546,.378,.806,.568,.553,G,JR
1477,Quannas White,988,2002-03,Oklahoma,34,34,988,97,218,47,108,50,110,49,76,43,79,122,139,40,4,54,84,293,.445,.435,.455,.645,.577,.560,G,SR
1478,Seamus Boxley,988,2003-04,Portland State,27,27,988,144,259,141,248,3,11,108,178,77,177,254,52,20,32,88,72,399,.556,.569,.273,.607,.581,.562,F,JR
1479,Tommy Mitchell,988,2002-03,Siena,32,26,988,126,326,65,160,61,166,121,150,36,61,97,67,37,1,82,84,434,.387,.406,.367,.807,.546,.480,G,SO
1480,Yakhouba Diawara,988,2004-05,Pepperdine,31,26,988,157,364,136,292,21,72,98,167,89,89,178,35,26,3,68,81,433,.431,.466,.292,.587,.488,.460,F,SR
1481,Chris Quinn,987,2004-05,Notre Dame,28,28,987,120,267,54,122,66,145,47,60,21,56,77,86,35,5,31,42,353,.449,.443,.455,.783,.597,.573,G,JR
1482,Damien Kinloch,987,2002-03,Tennessee Tech,32,32,987,180,307,180,307,0,0,161,237,99,176,275,61,32,32,107,97,521,.586,.586,,.679,.621,.586,C,SR
1483,Daniel Ruffin,987,2005-06,Bradley,33,33,987,76,192,42,98,34,94,68,78,18,59,77,171,53,5,85,59,254,.396,.429,.362,.872,.554,.484,G,SO
1484,David Boyden,987,2002-03,Western Kentucky,33,33,987,163,348,145,271,18,77,66,104,70,105,175,45,25,13,73,80,410,.468,.535,.234,.635,.516,.494,F,SR
1485,David Fanning,987,2002-03,James Madison,30,30,987,145,373,81,189,64,184,100,127,21,53,74,79,25,4,67,66,454,.389,.429,.348,.787,.524,.475,G,SR
1486,Desmon Farmer,987,2003-04,Southern California,28,27,987,170,437,87,188,83,249,121,159,36,92,128,51,34,4,72,79,544,.389,.463,.333,.761,.531,.484,G,SR
1487,James Maye,987,2002-03,UNC Greensboro,29,29,987,177,399,129,279,48,120,72,95,50,137,187,55,26,7,60,53,474,.444,.462,.400,.758,.534,.504,F,SR
1488,Jarrett Howell,987,2005-06,UT Arlington,30,30,987,128,279,79,162,49,117,121,140,23,56,79,93,59,1,75,84,426,.459,.488,.419,.864,.616,.547,G,SR
1489,Jermaine Bucknor,987,2005-06,Richmond,30,30,987,126,325,59,117,67,208,85,107,17,113,130,51,36,18,63,76,404,.388,.504,.322,.794,.537,.491,F,SR
1490,Johnny Mathies,987,2005-06,Creighton,30,30,987,121,316,65,156,56,160,107,140,32,72,104,81,57,3,84,80,405,.383,.417,.350,.764,.529,.472,G,SR
1491,Kahiem Seawright,987,2006-07,Rhode Island,32,32,987,135,273,135,273,0,0,90,128,106,135,241,59,29,18,85,88,360,.495,.495,,.703,.539,.495,F,SO
1492,Marcus Williams,987,2006-07,Arizona,30,29,987,196,397,173,317,23,80,82,118,63,137,200,67,33,23,80,66,497,.494,.546,.288,.695,.549,.523,F,SO
1493,McHugh Mattis,987,2006-07,South Florida,30,30,987,151,273,151,272,0,1,83,137,74,141,215,50,41,109,106,85,385,.553,.555,.000,.606,.569,.553,G,SR
1494,Odartey Blankson,987,2004-05,UNLV,31,31,987,193,411,170,332,23,79,132,161,,,252,36,22,8,69,97,541,.470,.512,.291,.820,.555,.498,F,SR
1495,Raheem Scott,987,2004-05,Coppin State,28,28,987,74,213,64,171,10,42,63,80,46,86,132,83,36,3,81,70,221,.347,.374,.238,.788,.440,.371,G,JR
1496,Robert Taylor,987,2003-04,Rider,31,30,987,92,220,59,118,33,102,33,52,20,101,121,67,42,13,52,71,250,.418,.500,.324,.635,.511,.493,G,JR
1497,Sebastian Greene,987,2006-07,Fordham,30,26,987,100,204,88,155,12,49,73,105,58,105,163,66,36,19,69,75,285,.490,.568,.245,.695,.561,.520,F,JR
1498,Skip Mills,987,2005-06,Ball State,28,28,987,178,394,118,227,60,167,105,142,56,94,150,69,41,4,71,60,521,.452,.520,.359,.739,.565,.528,F,JR
1499,Tim Clifford,987,2006-07,Holy Cross,34,34,987,155,320,142,285,13,35,74,90,73,85,158,42,28,64,92,121,397,.484,.498,.371,.822,.547,.505,C,JR
1500,Tyrone Nelson,987,2005-06,New Mexico State,30,30,987,189,343,189,342,0,1,157,208,97,164,261,48,48,14,99,88,535,.551,.553,.000,.755,.605,.551,F,SO
1501,Dustin Hellenga,986,2003-04,Rhode Island,34,24,986,137,364,71,160,66,204,41,64,47,65,112,78,46,3,56,67,381,.376,.444,.324,.641,.483,.467,G,JR
1502,Erwin Dudley,986,2002-03,Alabama,29,29,986,162,313,161,310,1,3,104,145,103,173,276,32,11,25,62,76,429,.518,.519,.333,.717,.562,.519,F,SR
1503,Greg Danielson,986,2002-03,Drake,30,30,986,173,315,172,305,1,10,69,106,70,198,268,49,11,18,68,89,416,.549,.564,.100,.651,.569,.551,C,SR
1504,Jason Edwin,986,2004-05,Kent State,33,29,986,152,323,97,198,55,125,44,63,59,86,145,58,35,11,49,58,403,.471,.490,.440,.698,.571,.556,F,SR
1505,Justin Logan,986,2002-03,Idaho,28,28,986,56,187,24,80,32,107,32,41,13,59,72,108,25,6,56,46,176,.299,.300,.299,.780,.426,.385,G,SR
1506,Kim Adams,986,2003-04,Arkansas State,28,28,986,113,181,113,180,0,1,35,64,98,175,273,48,37,31,64,90,261,.624,.628,.000,.547,.617,.624,F,SR
1507,Obie Nwadike,986,2005-06,Central Connecticut State,29,28,986,119,236,119,234,0,2,119,170,115,184,299,43,30,7,59,84,357,.504,.509,.000,.700,.564,.504,F,JR
1508,Richard Little,986,2002-03,VMI,30,30,986,79,245,59,155,20,90,47,78,30,75,105,216,60,0,137,73,225,.322,.381,.222,.603,.399,.363,G,JR
1509,Richard Midgley,986,2005-06,California,30,29,986,80,208,31,81,49,127,48,61,14,60,74,75,30,2,54,93,257,.385,.383,.386,.787,.542,.502,G,SR
1510,Ron Robinson,986,2003-04,Central Connecticut State,27,26,986,183,381,181,365,2,16,119,159,65,198,263,65,43,23,87,64,487,.480,.496,.125,.748,.533,.483,F,SR
1511,Tim Keller,986,2004-05,Air Force,30,30,986,76,179,30,48,46,131,19,33,17,48,65,84,38,11,31,68,217,.425,.625,.351,.576,.557,.553,G,SR
1512,Troy Wheless,986,2002-03,College of Charleston,33,32,986,168,366,66,122,102,244,65,85,21,88,109,77,52,3,52,67,503,.459,.541,.418,.765,.619,.598,G,SR
1513,Williams Byrd,986,2006-07,Arkansas–Pine Bluff,31,31,986,169,322,163,289,6,33,60,82,58,176,234,47,41,78,73,78,404,.525,.564,.182,.732,.560,.534,F,JR
1514,Aaron Cook,985,2004-05,Hartford,28,28,985,147,396,83,196,64,200,59,74,35,92,127,57,49,3,71,58,417,.371,.423,.320,.797,.484,.452,G,JR
1515,Brody Angley,985,2005-06,Santa Clara,29,29,985,92,245,59,135,33,110,77,97,22,74,96,142,55,5,73,70,294,.376,.437,.300,.794,.505,.443,G,SO
1516,Byron Davis,985,2006-07,Youngstown State,30,29,985,95,222,63,131,32,91,35,61,19,80,99,116,28,7,75,59,257,.428,.481,.352,.574,.512,.500,G,JR
1517,Chet Mason,985,2002-03,Miami (OH),28,28,985,102,257,87,195,15,62,62,104,41,132,173,68,51,5,97,74,281,.397,.446,.242,.596,.459,.426,G,SO
1518,Curtis Slaughter,985,2002-03,Cal State Northridge,29,28,985,133,329,75,165,58,164,86,108,26,114,140,121,49,8,99,49,410,.404,.455,.354,.796,.539,.492,G,SR
1519,Dan Oppland,985,2005-06,Valparaiso,29,29,985,231,455,196,356,35,99,76,121,86,146,232,55,26,5,54,85,573,.508,.551,.354,.628,.559,.546,F,SR
1520,Darryl Hudson,985,2006-07,Howard,31,31,985,142,274,113,209,29,65,134,197,59,119,178,56,28,6,83,63,447,.518,.541,.446,.680,.608,.571,F,SR
1521,Dontaye Draper,985,2005-06,College of Charleston,28,28,985,180,416,118,230,62,186,96,131,24,48,72,90,62,12,97,73,518,.433,.513,.333,.733,.542,.507,G,JR
1522,Eddie Ard,985,2006-07,Lipscomb,31,31,985,152,372,114,252,38,120,122,146,48,132,180,52,43,14,79,66,464,.409,.452,.317,.836,.526,.460,G,JR
1523,Jamar Smith,985,2003-04,Maryland,32,32,985,169,401,164,384,5,17,75,159,97,186,283,39,19,32,73,77,418,.421,.427,.294,.472,.439,.428,F,SR
1524,Matt Freije,985,2003-04,Vanderbilt,33,33,985,185,446,123,272,62,174,175,222,66,112,178,30,23,21,34,53,607,.415,.452,.356,.788,.550,.484,F,SR
1525,Mike Green,985,2003-04,Towson,29,29,985,84,261,45,147,39,114,88,124,32,109,141,127,50,3,103,74,295,.322,.306,.342,.710,.461,.397,G,FR
1526,Orlando Griego,985,2006-07,Southern Utah,30,30,985,90,189,72,141,18,48,43,49,41,85,126,69,19,8,54,64,241,.476,.511,.375,.878,.568,.524,F,JR
1527,Rashad Jones-Jennings,985,2005-06,Little Rock,29,28,985,120,271,120,271,0,0,115,190,104,225,329,25,27,22,75,63,355,.443,.443,,.605,.491,.443,F,JR
1528,Rick Rickert,985,2002-03,Minnesota,32,31,985,184,416,143,300,41,116,90,132,58,140,198,37,24,27,67,86,499,.442,.477,.353,.682,.521,.492,F,SO
1529,Ricky Hickman,985,2005-06,UNC Greensboro,28,26,985,170,404,108,221,62,183,122,179,46,73,119,68,77,7,91,78,524,.421,.489,.339,.682,.536,.498,G,JR
1530,Tim Pickett,985,2003-04,Florida State,33,33,985,185,426,75,156,110,270,63,83,33,116,149,69,82,12,79,83,543,.434,.481,.407,.759,.583,.563,G,SR
1531,Drew Nicholas,984,2002-03,Maryland,31,31,984,182,414,109,236,73,178,115,135,27,92,119,83,37,12,66,53,552,.440,.462,.410,.852,.577,.528,G,SR
1532,Hosea Butler,984,2004-05,Mississippi Valley State,28,27,984,123,326,75,175,48,151,71,88,30,90,120,137,91,4,62,67,365,.377,.429,.318,.807,.496,.451,G,SR
1533,Jarrett Jack,984,2002-03,Georgia Tech,31,31,984,97,213,80,153,17,60,83,118,16,94,110,185,51,3,106,67,294,.455,.523,.283,.703,.546,.495,G,FR
1534,Keena Young,984,2006-07,Brigham Young,34,34,984,236,435,236,435,0,0,118,147,79,144,223,50,15,5,75,81,590,.543,.543,,.803,.584,.543,F,SR
1535,Keith Howell,984,2002-03,UT Arlington,29,29,984,138,288,137,276,1,12,51,64,30,49,79,59,44,0,53,44,328,.479,.496,.083,.797,.515,.481,G,JR
1536,Kojo Mensah,984,2005-06,Siena,28,28,984,146,336,137,298,9,38,165,232,87,88,175,114,71,5,102,62,466,.435,.460,.237,.711,.522,.448,G,SO
1537,Milan Prodanovic,984,2006-07,Iona,30,26,984,81,269,48,143,33,126,29,38,25,78,103,56,29,6,70,89,224,.301,.336,.262,.763,.390,.362,G,FR
1538,Pat Calathes,984,2006-07,Saint Joseph's,32,32,984,144,316,97,204,47,112,110,130,63,165,228,116,17,28,96,73,445,.456,.475,.420,.846,.589,.530,G,JR
1539,Sharaud Curry,984,2006-07,Providence,27,27,984,140,334,88,195,52,139,82,91,29,47,76,120,34,0,97,68,414,.419,.451,.374,.901,.549,.497,G,SO
1540,Thurman Zimmerman,984,2002-03,South Carolina State,31,30,984,166,328,136,239,30,89,133,170,73,163,236,57,49,5,93,94,495,.506,.569,.337,.782,.606,.552,F,FR
1541,Tyrone Sally,984,2003-04,West Virginia,31,31,984,106,220,82,152,24,68,81,123,47,115,162,64,42,11,86,70,317,.482,.539,.353,.659,.569,.536,F,JR
1542,Alando Tucker,983,2004-05,Wisconsin,31,30,983,162,334,139,261,23,73,125,183,68,121,189,52,22,2,60,40,472,.485,.533,.315,.683,.561,.519,G,SO
1543,Armondo Surratt,983,2005-06,San Francisco,28,28,983,147,399,104,244,43,155,60,87,14,55,69,142,49,1,104,80,397,.368,.426,.277,.690,.451,.422,G,JR
1544,Brent Ragsdale,983,2005-06,Kennesaw State,29,29,983,126,284,105,215,21,69,53,79,39,71,110,67,55,14,45,64,326,.444,.488,.304,.671,.507,.481,F,JR
1545,Bryan Defares,983,2002-03,Boise State,29,28,983,134,343,105,251,29,92,114,153,48,89,137,90,28,3,111,62,411,.391,.418,.315,.745,.494,.433,G,JR
1546,Chris Vann,983,2006-07,Mount St. Mary's,31,31,983,149,367,85,190,64,177,59,75,28,63,91,43,38,2,48,85,421,.406,.447,.362,.787,.523,.493,G,JR
1547,C.J. Watson Jr,983,2003-04,Tennessee,29,29,983,104,249,60,142,44,107,82,103,20,103,123,145,45,3,73,55,334,.418,.423,.411,.796,.561,.506,G,SO
1548,Dan Cage,983,2006-07,Vanderbilt,34,32,983,116,260,36,79,80,181,70,80,25,86,111,75,37,5,33,69,382,.446,.456,.442,.875,.641,.600,G,SR
1549,Donnie McGrath,983,2003-04,Providence,29,29,983,96,245,29,63,67,182,32,44,9,44,53,100,24,1,43,38,291,.392,.460,.368,.727,.547,.529,G,SO
1550,Ivan McFarlin,983,2002-03,Oklahoma State,32,32,983,133,244,133,242,0,2,77,124,101,150,251,32,40,27,67,104,343,.545,.550,.000,.621,.566,.545,F,SO
1551,Jackson Vroman,983,2003-04,Iowa State,32,31,983,186,330,185,323,1,7,72,142,118,189,307,75,46,22,101,112,445,.564,.573,.143,.507,.560,.565,F,SR
1552,James Spencer,983,2006-07,Wyoming,32,32,983,128,262,89,162,39,100,40,55,19,101,120,45,24,11,63,56,335,.489,.549,.390,.727,.581,.563,F,JR
1553,Jamon Gordon,983,2004-05,Virginia Tech,29,29,983,127,305,108,233,19,72,43,74,46,102,148,120,67,31,76,90,316,.416,.464,.264,.581,.465,.448,G,SO
1554,Jordan Cornette,983,2003-04,Notre Dame,32,27,983,61,180,22,69,39,111,25,39,63,130,193,38,33,63,29,88,186,.339,.319,.351,.641,.468,.447,F,JR
1555,Justin Chiera,983,2005-06,Central Connecticut State,29,29,983,137,334,40,90,97,244,41,55,5,56,61,86,26,7,60,34,412,.410,.444,.398,.745,.572,.555,G,SR
1556,Justin Doellman,983,2005-06,Xavier,32,32,983,112,274,69,154,43,120,84,109,57,158,215,81,51,51,51,97,351,.409,.448,.358,.771,.539,.487,F,JR
1557,Justin Gray,983,2004-05,Wake Forest,33,31,983,171,395,79,168,92,227,93,118,21,73,94,74,42,0,75,85,527,.433,.470,.405,.788,.584,.549,G,JR
1558,Robbie Cowgill,983,2006-07,Washington State,34,34,983,110,234,109,227,1,7,54,79,53,129,182,42,24,29,46,101,275,.470,.480,.143,.684,.506,.472,F,JR
1559,Terrell Everett,983,2005-06,Oklahoma,29,29,983,138,342,107,240,31,102,61,77,20,88,108,199,51,4,116,65,368,.404,.446,.304,.792,.486,.449,G,SR
1560,Todd Billet,983,2003-04,Virginia,31,30,983,92,255,30,82,62,173,62,78,14,67,81,99,22,3,46,48,308,.361,.366,.358,.795,.527,.482,G,SR
1561,Wes Johnson,983,2006-07,Iowa State,31,30,983,141,317,109,208,32,109,67,89,98,146,244,33,24,33,62,78,381,.445,.524,.294,.753,.530,.495,F,FR
1562,Courtney Bradley,982,2006-07,Jacksonville State,30,30,982,187,405,155,313,32,92,104,134,76,134,210,35,43,7,87,94,510,.462,.495,.348,.776,.544,.501,F,SR
1563,Dennis Trammell,982,2003-04,Ball State,28,28,982,137,304,97,196,40,108,56,71,48,65,113,81,30,7,62,78,370,.451,.495,.370,.789,.548,.516,G,JR
1564,Dwayne Johnson,982,2005-06,UNC Greensboro,30,27,982,46,118,30,71,16,47,43,61,13,84,97,117,34,2,68,62,151,.390,.423,.340,.705,.514,.458,G,SO
1565,Elijah Ingram,982,2005-06,New Mexico State,29,27,982,116,302,59,150,57,152,99,123,7,78,85,89,24,0,104,34,388,.384,.393,.375,.805,.538,.478,G,JR
1566,John Lucas III,982,2002-03,Baylor,28,25,982,135,310,88,159,47,151,54,62,15,51,66,122,41,0,55,36,371,.435,.553,.311,.871,.546,.511,G,SO
1567,Lawrence Roberts III,982,2003-04,Mississippi State,30,30,982,175,337,163,297,12,40,144,227,103,200,303,37,43,18,73,68,506,.519,.549,.300,.634,.569,.537,F,JR
1568,Marcus Slaughter,982,2005-06,San Diego State,30,29,982,151,308,151,307,0,1,192,252,124,205,329,56,36,31,86,94,494,.490,.492,.000,.762,.578,.490,F,JR
1569,Mike Bell,982,2003-04,Florida Atlantic,27,27,982,193,419,149,278,44,141,55,102,90,172,262,35,30,56,73,44,485,.461,.536,.312,.539,.519,.513,F,JR
1570,Nathan Cranford,982,2006-07,Appalachian State,33,32,982,95,241,11,30,84,211,30,37,22,83,105,45,35,1,43,66,304,.394,.367,.398,.811,.588,.568,G,SR
1571,Nik Caner-Medley,982,2003-04,Maryland,32,32,982,142,328,106,213,36,115,69,105,61,90,151,55,27,34,69,71,389,.433,.498,.313,.657,.515,.488,F,SO
1572,Quinton Hosley,982,2005-06,Fresno State,28,28,982,169,414,122,277,47,137,137,183,92,165,257,38,58,31,69,74,522,.408,.440,.343,.749,.521,.465,G,JR
1573,Ruben Douglas,982,2002-03,New Mexico,28,28,982,218,549,124,311,94,238,253,301,52,133,185,58,35,8,108,75,783,.397,.399,.395,.841,.566,.483,G,SR
1574,Sean Singletary,982,2005-06,Virginia,29,29,982,168,420,117,273,51,147,125,148,34,94,128,121,54,3,104,65,512,.400,.429,.347,.845,.522,.461,G,SO
1575,Shawne Williams,982,2005-06,Memphis,36,34,982,156,375,108,221,48,154,114,145,62,160,222,67,50,49,81,105,474,.416,.489,.312,.786,.534,.480,F,FR
1576,Dan Blankenship,981,2002-03,Bucknell,29,29,981,63,176,38,112,25,64,78,111,9,66,75,104,24,1,69,73,229,.358,.339,.391,.703,.501,.429,G,SR
1577,Daniel Bobik,981,2004-05,Oklahoma State,33,29,981,76,173,28,51,48,122,22,34,7,84,91,96,45,2,49,67,222,.439,.549,.393,.647,.587,.578,G,SR
1578,Darryl Proctor,981,2004-05,Coppin State,29,28,981,139,290,139,284,0,6,118,167,85,116,201,23,49,12,57,70,396,.479,.489,.000,.707,.536,.479,F,FR
1579,Dominick Mejia,981,2005-06,Drexel,31,30,981,152,410,60,162,92,248,78,93,21,85,106,70,35,5,81,49,474,.371,.370,.371,.839,.522,.483,G,JR
1580,Erick Wills,981,2002-03,Saint Francis (PA),28,28,981,102,255,53,120,49,135,59,90,30,67,97,90,50,6,62,54,312,.400,.442,.363,.656,.524,.496,G,JR
1581,Jared Newson,981,2005-06,UT Martin,28,28,981,181,400,145,311,36,89,129,182,53,132,185,39,48,16,75,52,527,.453,.466,.404,.709,.542,.498,F,SR
1582,Justin Ingram,981,2005-06,Toledo,31,31,981,134,330,77,161,57,169,127,145,20,79,99,91,58,9,66,60,452,.406,.478,.337,.876,.567,.492,G,JR
1583,Keith Triplett,981,2002-03,Toledo,29,28,981,165,344,117,232,48,112,111,141,65,104,169,66,66,4,81,54,489,.480,.504,.429,.787,.595,.549,G,SO
1584,Kenny Adeleke,981,2005-06,Hartford,28,26,981,223,377,223,377,0,0,133,224,150,216,366,17,29,48,103,84,579,.592,.592,,.594,.599,.592,F,SR
1585,Mike Nardi,981,2006-07,Villanova,33,30,981,125,314,54,123,71,191,69,79,8,72,80,124,29,2,63,59,390,.398,.439,.372,.873,.555,.511,G,SR
1586,Mike Nelson,981,2006-07,North Dakota State,28,28,981,172,327,121,213,51,114,45,67,19,70,89,80,27,7,59,55,440,.526,.568,.447,.672,.613,.604,G,SO
1587,Nile Murry,981,2004-05,TCU,34,33,981,132,332,67,169,65,163,96,121,51,94,145,77,30,4,76,91,425,.398,.396,.399,.793,.546,.495,G,JR
1588,Ronald Ross,981,2003-04,Texas Tech,34,31,981,132,268,109,203,23,65,57,73,40,77,117,106,50,7,57,67,344,.493,.537,.354,.781,.568,.535,G,JR
1589,Ronnie Burrell,981,2004-05,UNC Greensboro,30,30,981,159,315,155,295,4,20,129,160,80,145,225,58,33,21,110,64,451,.505,.525,.200,.806,.577,.511,F,SR
1590,Shaddean Aaron,981,2006-07,Mercer,29,29,981,173,356,150,277,23,79,91,118,,,177,56,38,36,,,460,.486,.542,.291,.771,.558,.518,G,JR
1591,Steve Drabyn,981,2003-04,Belmont,30,30,981,109,266,16,30,93,236,96,105,8,69,77,104,39,3,68,63,407,.410,.533,.394,.914,.644,.585,G,SR
1592,Terrance Johnson,981,2003-04,Pepperdine,31,15,981,168,364,80,153,88,211,36,43,18,72,90,51,30,7,57,63,460,.462,.523,.417,.837,.598,.582,G,JR
1593,T.J. Parker,981,2002-03,Northwestern,29,28,981,114,252,73,146,41,106,62,79,28,49,77,77,40,3,66,70,331,.452,.500,.387,.785,.572,.534,G,FR
1594,Alex Elam,980,2004-05,San Jose State,29,29,980,104,275,55,153,49,122,27,37,29,56,85,90,21,3,74,76,284,.378,.359,.402,.730,.485,.467,G,JR
1595,Amir Johnson,980,2006-07,Radford,30,28,980,117,270,80,162,37,108,65,93,20,99,119,111,59,5,101,78,336,.433,.494,.343,.699,.535,.502,G,FR
1596,Andre Joseph,980,2003-04,Oregon,31,31,980,131,275,64,123,67,152,62,78,32,108,140,91,22,1,59,89,391,.476,.520,.441,.795,.627,.598,G,SR
1597,Andrew Wisniewski,980,2003-04,Centenary (LA),28,28,980,196,383,130,225,66,158,154,196,,,98,121,45,1,,,612,.512,.578,.418,.786,.643,.598,G,SR
1598,Arizona Reid,980,2005-06,High Point,29,29,980,218,449,201,413,17,36,77,110,81,178,259,49,42,9,89,57,530,.486,.487,.472,.700,.529,.504,F,SO
1599,Dwayne Byfield,980,2002-03,Monmouth,28,27,980,136,353,63,156,73,197,72,79,16,84,100,42,43,1,52,62,417,.385,.404,.371,.911,.534,.489,G,SO
1600,Edwin Muniz,980,2003-04,Rider,31,31,980,117,287,79,183,38,104,74,103,45,133,178,56,31,7,71,83,346,.408,.432,.365,.718,.515,.474,F,SO
1601,Greivis Vasquez,980,2006-07,Maryland,34,22,980,114,257,83,159,31,98,75,94,26,86,112,157,39,5,92,79,334,.444,.522,.316,.798,.554,.504,G,FR
1602,James Gillingham,980,2002-03,Bradley,30,30,980,127,298,92,192,35,106,161,190,18,105,123,98,61,3,66,102,450,.426,.479,.330,.847,.580,.485,G,JR
1603,Jermaine Harper,980,2004-05,Cal State Fullerton,32,27,980,106,273,36,82,70,191,29,46,41,65,106,72,18,2,52,57,311,.388,.439,.366,.630,.527,.516,G,JR
1604,John Reimold,980,2002-03,Bowling Green,29,29,980,142,318,58,118,84,200,66,80,57,87,144,32,25,10,57,89,434,.447,.492,.420,.825,.610,.579,F,SO
1605,J.R. Duffey,980,2005-06,Niagara,29,29,980,111,289,60,124,51,165,69,86,67,119,186,48,20,2,46,61,342,.384,.484,.309,.802,.518,.472,F,JR
1606,Rashid Smith,980,2003-04,Rice,33,33,980,60,140,39,95,21,45,54,67,15,71,86,159,64,11,110,88,195,.429,.411,.467,.806,.567,.504,G,SR
1607,Robert Vaden,980,2004-05,Indiana,29,29,980,100,266,56,147,44,119,53,66,37,89,126,62,45,7,64,74,297,.376,.381,.370,.803,.499,.459,G,FR
1608,Sundiata Gaines,980,2006-07,Georgia,32,32,980,109,265,70,155,39,110,78,128,60,123,183,154,72,8,83,62,335,.411,.452,.355,.609,.514,.485,G,JR
1609,Tommy Gunn,980,2002-03,Middle Tennessee,30,29,980,165,331,106,193,59,138,88,107,36,88,124,68,38,17,84,68,477,.498,.549,.428,.822,.625,.588,G,JR
1610,Tyler Chaney,980,2006-07,Missouri State,33,33,980,113,253,63,129,50,124,65,99,45,111,156,101,36,5,54,67,341,.447,.488,.403,.657,.568,.545,G,SR
1611,Alex Vander Baan,979,2006-07,Holy Cross,34,34,979,73,167,56,120,17,47,54,80,79,100,179,57,23,10,65,101,217,.437,.467,.362,.675,.529,.488,F,SO
1612,Allan Lovett,979,2002-03,Texas Southern,31,21,979,182,415,167,358,15,57,150,244,72,147,219,63,37,8,98,71,529,.439,.466,.263,.615,.498,.457,G,SO
1613,Cliff Hawkins,979,2003-04,Kentucky,32,32,979,110,259,77,161,33,98,76,107,18,75,93,166,74,10,96,75,329,.425,.478,.337,.710,.531,.488,G,SR
1614,David Chiotti,979,2005-06,New Mexico,30,30,979,128,246,123,225,5,21,94,155,42,146,188,70,21,24,59,65,355,.520,.547,.238,.606,.555,.530,C,SR
1615,Jason Horton,979,2004-05,Missouri,32,23,979,62,168,28,76,34,92,30,62,11,63,74,103,34,2,73,77,188,.369,.368,.370,.484,.476,.470,G,FR
1616,Jermaine Anderson,979,2004-05,Fordham,29,29,979,122,296,49,112,73,184,51,63,28,45,73,75,30,2,74,45,368,.412,.438,.397,.810,.565,.535,G,JR
1617,Kevin Burleson,979,2002-03,Minnesota,33,32,979,65,173,28,62,37,111,55,76,16,85,101,160,55,15,84,95,222,.376,.452,.333,.724,.531,.483,G,SR
1618,Le'Vonn Jordan,979,2006-07,Elon,28,27,979,136,336,113,271,23,65,112,148,61,122,183,60,34,22,71,72,407,.405,.417,.354,.757,.501,.439,G,SR
1619,Marques Alston,979,2005-06,Monmouth,34,33,979,145,304,122,227,23,77,81,113,50,129,179,76,34,10,79,54,394,.477,.537,.299,.717,.551,.515,F,JR
1620,Matt Shaw,979,2005-06,Southern Illinois,33,33,979,115,246,89,175,26,71,73,93,52,135,187,39,28,14,54,75,329,.467,.509,.366,.785,.567,.520,F,SO
1621,Paul Miller,979,2005-06,Wichita State,35,34,979,174,340,174,338,0,2,110,149,74,158,232,41,15,15,63,85,458,.512,.515,.000,.738,.557,.512,C,SR
1622,Roger Powell Jr.,979,2004-05,Illinois,39,39,979,175,319,155,267,20,52,97,133,103,119,222,16,25,9,42,102,467,.549,.581,.385,.729,.611,.580,F,SR
1623,Ross DeRogatis,979,2005-06,San Diego,30,30,979,117,279,35,82,82,197,44,52,7,63,70,114,29,3,75,55,360,.419,.427,.416,.846,.593,.566,G,JR
1624,Ross Mouton,979,2006-07,Louisiana–Lafayette,30,28,979,190,459,122,271,68,188,66,91,41,94,135,45,17,7,67,63,514,.414,.450,.362,.725,.512,.488,G,SR
1625,Royal Ivey,979,2003-04,Texas,33,33,979,111,248,99,217,12,31,77,123,42,91,133,141,41,8,51,83,311,.448,.456,.387,.626,.507,.472,G,SR
1626,Seye Aluko,979,2002-03,Howard,30,23,979,101,220,101,218,0,2,90,135,105,106,211,31,30,9,58,94,292,.459,.463,.000,.667,.514,.459,F,JR
1627,Steve Drabyn,979,2002-03,Belmont,29,29,979,101,225,10,15,91,210,78,82,14,46,60,111,43,1,76,61,371,.449,.667,.433,.951,.703,.651,G,JR
1628,Zabian Dowdell,979,2004-05,Virginia Tech,30,29,979,154,343,88,187,66,156,57,80,30,64,94,82,48,6,67,52,431,.449,.471,.423,.713,.566,.545,G,SO
1629,Aaron Cook,978,2005-06,Hartford,28,28,978,153,365,71,155,82,210,72,94,35,82,117,69,45,3,60,59,460,.419,.458,.390,.766,.561,.532,G,SR
1630,Adrian Tigert,978,2004-05,Milwaukee,32,32,978,108,189,80,118,28,71,50,68,68,146,214,75,33,20,53,58,294,.571,.678,.394,.735,.664,.646,F,JR
1631,Brandon McPherson,978,2006-07,Valparaiso,31,31,978,127,246,84,150,43,96,53,73,11,71,82,101,19,8,67,76,350,.516,.560,.448,.726,.623,.604,G,SO
1632,Chuck Eidson,978,2002-03,South Carolina,28,28,978,105,241,80,165,25,76,81,99,28,107,135,125,60,10,76,70,316,.436,.485,.329,.818,.549,.488,F,SR
1633,Chuck Harris,978,2005-06,Canisius,29,29,978,96,258,49,123,47,135,52,66,23,114,137,91,43,17,69,86,291,.372,.398,.348,.788,.503,.463,G,JR
1634,Dandrick Jones,978,2004-05,Idaho,30,23,978,197,466,167,371,30,95,81,118,66,98,164,55,55,10,58,57,505,.423,.450,.316,.686,.484,.455,G,SR
1635,Desmon Farmer,978,2002-03,Southern California,30,27,978,182,454,119,259,63,195,135,163,64,79,143,54,27,2,66,65,562,.401,.459,.323,.828,.529,.470,G,JR
1636,Eric Dobson,978,2003-04,Maine,30,30,978,127,304,110,237,17,67,114,162,43,81,124,179,41,13,115,71,385,.418,.464,.254,.704,.505,.446,G,SR
1637,Henry Domercant,978,2002-03,Eastern Illinois,29,29,978,252,550,168,352,84,198,222,263,59,140,199,81,40,15,69,61,810,.458,.477,.424,.844,.600,.535,G,SR
1638,Isaiah Swann,978,2006-07,Florida State,35,34,978,126,273,58,107,68,166,39,49,24,81,105,110,43,6,72,88,359,.462,.542,.410,.796,.606,.586,G,JR
1639,Jamon Hill,978,2006-07,San Jose State,30,30,978,98,298,65,178,33,120,63,86,38,73,111,79,36,0,67,51,292,.329,.365,.275,.733,.431,.384,G,JR
1640,John Pichon,978,2006-07,McNeese State,32,32,978,79,201,70,165,9,36,42,69,84,115,199,45,24,28,75,64,209,.393,.424,.250,.609,.447,.415,F,SO
1641,Kenny Hasbrouck,978,2006-07,Siena,32,32,978,182,383,141,271,41,112,108,137,22,61,83,84,50,4,84,78,513,.475,.520,.366,.788,.572,.529,G,SO
1642,Kevin Criswell,978,2005-06,Montana,31,31,978,147,308,77,138,70,170,135,166,22,113,135,73,41,3,52,81,499,.477,.558,.412,.813,.645,.591,G,SR
1643,Leemire Goldwire,978,2006-07,Charlotte,30,30,978,124,311,33,80,91,231,95,105,20,74,94,82,39,2,62,72,434,.399,.413,.394,.905,.601,.545,G,JR
1644,Marcus Moore,978,2003-04,Washington State,29,29,978,146,392,111,255,35,137,65,82,14,77,91,108,43,7,85,56,392,.372,.435,.255,.793,.455,.417,G,SR
1645,Mykal Riley,978,2006-07,Alabama,32,20,978,137,306,60,98,77,208,51,64,48,100,148,52,42,15,64,57,402,.448,.612,.370,.797,.598,.574,F,JR
1646,Quinnel Brown,978,2004-05,Auburn,31,31,978,142,302,119,218,23,84,89,123,74,111,185,68,36,13,54,104,396,.470,.546,.274,.724,.549,.508,F,SR
1647,Radee Skipworth,978,2002-03,VMI,30,27,978,208,449,175,346,33,103,109,164,49,124,173,62,33,10,81,89,558,.463,.506,.320,.665,.530,.500,F,JR
1648,Raheem Scott,978,2003-04,Coppin State,32,27,978,68,176,49,127,19,49,32,60,25,92,117,82,41,5,70,55,187,.386,.386,.388,.533,.457,.440,G,SO
1649,Renaldo Balkman,978,2005-06,South Carolina,38,22,978,152,250,148,237,4,13,56,104,81,158,239,73,65,48,65,84,364,.608,.624,.308,.538,.608,.616,F,JR
1650,Scott Rodgers,978,2006-07,Drexel,32,31,978,84,209,65,138,19,71,68,110,12,75,87,89,34,7,89,82,255,.402,.471,.268,.618,.488,.447,G,SO
1651,Scottie Reynolds,978,2006-07,Villanova,33,32,978,139,359,75,189,64,170,145,176,12,82,94,133,46,4,102,86,487,.387,.397,.376,.824,.550,.476,G,FR
1652,Aaron Johnson,977,2004-05,Penn State,30,28,977,118,276,111,254,7,22,112,171,119,178,297,41,25,9,77,60,355,.428,.437,.318,.655,.497,.440,F,JR
1653,Andre Ingram,977,2004-05,American,28,27,977,150,366,90,203,60,163,67,90,23,98,121,58,32,6,57,49,427,.410,.443,.368,.744,.522,.492,G,SO
1654,Curtis Millage,977,2002-03,Arizona State,29,29,977,164,351,128,242,36,109,98,136,21,64,85,73,45,1,48,73,462,.467,.529,.330,.721,.556,.519,G,SR
1655,Dylan Page,977,2003-04,Milwaukee,31,31,977,227,448,168,302,59,146,134,173,38,166,204,38,14,37,71,71,647,.507,.556,.404,.775,.610,.573,F,SR
1656,Gerald Riley,977,2002-03,Georgetown,34,34,977,158,374,97,227,61,147,102,121,52,55,107,64,60,4,68,119,479,.422,.427,.415,.843,.555,.504,G,JR
1657,Johannes Herber,977,2002-03,West Virginia,29,29,977,72,176,37,84,35,92,30,52,6,106,112,111,24,8,68,74,209,.409,.440,.380,.577,.521,.509,G,FR
1658,Lawrence Hill,977,2006-07,Stanford,31,31,977,179,352,129,230,50,122,79,113,55,132,187,56,22,33,54,61,487,.509,.561,.410,.699,.600,.580,F,SO
1659,Trent Plaisted,977,2006-07,Brigham Young,34,33,977,167,306,167,306,0,0,96,195,84,126,210,40,15,46,56,111,430,.546,.546,,.492,.539,.546,F,SO
1660,Ty Lawson,977,2006-07,North Carolina,38,31,977,141,282,110,195,31,87,75,109,27,85,112,213,58,4,83,90,388,.500,.564,.356,.688,.581,.555,G,FR
1661,Aaron Haynes,976,2003-04,Boise State,33,33,976,183,366,170,300,13,66,110,140,64,137,201,56,34,30,78,93,489,.500,.567,.197,.786,.565,.518,F,SR
1662,Charles Harris,976,2002-03,Dartmouth,27,27,976,115,254,85,175,30,79,69,78,53,73,126,58,29,16,73,69,329,.453,.486,.380,.885,.565,.512,F,SR
1663,Chuck Harris,976,2004-05,Canisius,29,29,976,86,213,49,121,37,92,68,105,15,155,170,81,39,13,72,73,277,.404,.405,.402,.648,.527,.491,G,SO
1664,Devin Sweetney,976,2006-07,Saint Francis (PA),29,29,976,119,274,102,209,17,65,121,145,81,141,222,60,31,8,90,73,376,.434,.488,.262,.834,.548,.465,G,FR
1665,Eric Castro,976,2004-05,SMU,28,28,976,166,295,166,295,0,0,65,112,99,105,204,53,35,18,75,81,397,.563,.563,,.580,.570,.563,C,SR
1666,Jack McClinton,976,2006-07,Miami (FL),31,22,976,163,403,72,196,91,207,102,114,14,63,77,66,22,1,74,70,519,.404,.367,.440,.895,.568,.517,G,SO
1667,Jermaine Thomas,976,2005-06,La Salle,28,26,976,108,260,59,127,49,133,78,95,29,91,120,109,35,2,66,50,343,.415,.465,.368,.821,.562,.510,G,SR
1668,Joe Dickens,976,2005-06,Delaware State,35,31,976,99,208,92,183,7,25,97,143,41,79,120,55,63,11,65,84,302,.476,.503,.280,.678,.547,.493,F,JR
1669,Kashif Payne,976,2005-06,Toledo,31,31,976,86,213,52,128,34,85,53,78,6,56,62,134,46,0,85,75,259,.404,.406,.400,.679,.518,.484,G,SO
1670,Matt Rohde,976,2004-05,Green Bay,28,28,976,98,237,43,93,55,144,72,82,15,43,58,58,12,1,36,58,323,.414,.462,.382,.878,.585,.530,G,SR
1671,Aaron Bruce,975,2004-05,Baylor,28,28,975,172,365,103,192,69,173,96,116,28,45,73,105,30,6,84,67,509,.471,.536,.399,.828,.606,.566,G,FR
1672,Aaron Williams,975,2004-05,Delaware State,32,31,975,105,223,86,158,19,65,121,150,44,81,125,96,50,9,79,87,350,.471,.544,.292,.807,.595,.513,G,SR
1673,Brian Asbury,975,2006-07,Miami (FL),32,31,975,133,300,103,198,30,102,77,101,73,117,190,41,46,20,41,62,373,.443,.520,.294,.762,.536,.493,F,SO
1674,Brooks Hall,975,2002-03,Dayton,30,30,975,123,280,46,87,77,193,62,81,61,146,207,69,28,8,55,54,385,.439,.529,.399,.765,.604,.577,F,SR
1675,Cameron Tyler,975,2006-07,Fairleigh Dickinson,30,30,975,147,331,126,252,21,79,113,165,32,101,133,153,16,1,119,66,428,.444,.500,.266,.685,.523,.476,G,SO
1676,Chris Monroe,975,2002-03,George Washington,29,29,975,172,399,113,222,59,177,184,258,55,90,145,56,29,9,91,79,587,.431,.509,.333,.713,.563,.505,G,SR
1677,Curtis Sumpter,975,2006-07,Villanova,32,29,975,182,407,130,265,52,142,140,174,82,148,230,28,30,28,70,97,556,.447,.491,.366,.805,.568,.511,F,SR
1678,DaJuan Summers,975,2006-07,Georgetown,37,34,975,108,262,66,135,42,127,81,106,58,80,138,40,30,24,77,79,339,.412,.489,.331,.764,.543,.492,F,FR
1679,David Bell,975,2002-03,Montana,30,29,975,162,390,64,137,98,253,107,128,5,73,78,82,36,1,85,89,529,.415,.467,.387,.836,.587,.541,G,SR
1680,Denham Brown,975,2003-04,Connecticut,39,27,975,130,297,94,205,36,92,51,70,37,116,153,48,21,3,58,55,347,.438,.459,.391,.729,.525,.498,F,SO
1681,Elton Nesbitt,975,2004-05,Georgia Southern,31,30,975,193,483,101,230,92,253,147,175,22,94,116,80,68,3,75,83,625,.400,.439,.364,.840,.552,.495,G,JR
1682,Eulis Baez,975,2002-03,Florida International,29,27,975,135,266,130,255,5,11,94,169,87,152,239,70,29,25,101,76,369,.508,.510,.455,.556,.533,.517,F,JR
1683,Jay Greene,975,2006-07,UMBC,30,25,975,88,245,32,73,56,172,37,45,9,55,64,159,45,3,67,55,269,.359,.438,.326,.822,.505,.473,G,SO
1684,Kevin Briggs,975,2002-03,Portland State,27,27,975,120,283,97,216,23,67,84,108,22,66,88,83,36,12,80,63,347,.424,.449,.343,.778,.519,.465,G,SR
1685,Nick Aldridge,975,2006-07,Western Carolina,30,30,975,203,440,194,403,9,37,133,211,78,132,210,50,50,10,81,82,548,.461,.481,.243,.630,.507,.472,F,FR
1686,Reggie Kohn,975,2002-03,South Florida,29,29,975,95,239,24,64,71,175,37,49,21,61,82,180,60,1,66,46,298,.397,.375,.406,.755,.568,.546,G,SR
1687,Roy Hibbert,975,2006-07,Georgetown,37,37,975,186,277,186,277,0,0,105,153,100,154,254,39,18,90,46,103,477,.671,.671,,.686,.682,.671,C,JR
1688,Brendan Winters,974,2003-04,Davidson,29,29,974,157,372,82,177,75,195,128,153,48,99,147,67,27,3,77,50,517,.422,.463,.385,.837,.581,.523,G,SO
1689,Carldell Johnson,974,2005-06,UAB,31,31,974,81,188,40,102,41,86,24,33,21,71,92,194,80,0,62,71,227,.431,.392,.477,.727,.557,.540,G,SR
1690,Coby Karl,974,2005-06,Boise State,29,29,974,150,351,80,174,70,177,129,162,22,125,147,117,30,14,105,81,499,.427,.460,.395,.796,.583,.527,G,JR
1691,David Hehn,974,2004-05,Vermont,32,32,974,45,137,14,37,31,100,19,26,16,107,123,62,36,3,46,41,140,.328,.378,.310,.731,.469,.442,G,SR
1692,Devin Green,974,2004-05,Hampton,30,30,974,149,327,124,259,25,68,99,138,68,160,228,65,56,17,83,74,422,.456,.479,.368,.717,.538,.494,G,SR
1693,Dewarick Spencer,974,2004-05,Arkansas State,29,29,974,187,423,103,207,84,216,82,105,33,94,127,77,45,15,82,92,540,.442,.498,.389,.781,.571,.541,G,SR
1694,Drew Lavender,974,2003-04,Oklahoma,31,31,974,118,321,65,177,53,144,61,78,19,56,75,121,53,0,82,68,350,.368,.367,.368,.782,.489,.450,G,FR
1695,Drew Shubik,974,2006-07,Sacred Heart,32,31,974,113,230,73,123,40,107,47,65,22,104,126,128,64,6,70,74,313,.491,.593,.374,.723,.600,.578,G,JR
1696,Erik Benzel,974,2003-04,Denver,27,26,974,131,306,34,76,97,230,30,39,10,76,86,64,35,8,43,56,389,.428,.447,.422,.769,.599,.587,G,JR
1697,Harris Mansell,974,2006-07,Rider,30,30,974,120,263,50,131,70,132,61,82,31,110,141,75,25,4,59,79,371,.456,.382,.530,.744,.614,.589,G,SO
1698,John Little,974,2005-06,Northern Iowa,33,14,974,81,170,31,51,50,119,30,43,9,57,66,37,22,8,33,75,242,.476,.608,.420,.698,.635,.624,G,SR
1699,J.J. Barea,974,2005-06,Northeastern,29,29,974,209,522,143,295,66,227,126,165,31,98,129,244,37,0,136,81,610,.400,.485,.291,.764,.508,.464,G,SR
1700,Kyle Wilson,974,2005-06,Wichita State,35,34,974,128,280,86,182,42,98,99,121,53,150,203,53,19,6,62,74,397,.457,.473,.429,.818,.588,.532,F,JR
1701,Mark Walters,974,2004-05,New Mexico,33,33,974,121,253,86,159,35,94,71,95,32,86,118,92,43,10,55,75,348,.478,.541,.372,.747,.584,.547,G,JR
1702,Mark Walters,974,2005-06,New Mexico,30,30,974,154,353,97,202,57,151,100,142,31,104,135,92,62,10,78,86,465,.436,.480,.377,.704,.553,.517,G,SR
1703,Maurice Sumter,974,2005-06,Longwood,29,29,974,174,356,148,287,26,69,76,108,47,109,156,78,54,30,73,58,450,.489,.516,.377,.704,.552,.525,G-F,JR
1704,Rawle Marshall,974,2002-03,Oakland,28,28,974,178,404,151,298,27,106,124,161,59,127,186,79,80,41,74,81,507,.441,.507,.255,.770,.528,.474,G,SO
1705,Rob Thomson,974,2003-04,Fairfield,30,30,974,142,277,133,257,9,20,119,153,94,148,242,47,38,30,69,93,412,.513,.518,.450,.778,.589,.529,C,SR
1706,Russell Carter,974,2006-07,Notre Dame,32,31,974,191,443,107,230,84,213,80,112,40,117,157,59,51,11,69,70,546,.431,.465,.394,.714,.550,.526,G,SR
1707,Terence Dials,974,2005-06,Ohio State,32,32,974,194,347,194,346,0,1,100,152,82,175,257,19,29,35,63,86,488,.559,.561,.000,.658,.582,.559,F,SR
1708,Torin Francis,974,2002-03,Notre Dame,34,34,974,126,252,125,251,1,1,124,181,96,188,284,34,16,60,66,64,377,.500,.498,1.000,.685,.558,.502,F,FR
1709,Anthony Register,973,2003-04,Stetson,27,27,973,121,283,77,173,44,110,102,129,23,85,108,70,46,2,76,51,388,.428,.445,.400,.791,.564,.505,G,SO
1710,Brent Wilson,973,2005-06,Albany (NY),32,32,973,118,277,62,122,56,155,40,56,45,94,139,48,23,9,41,86,332,.426,.508,.361,.714,.547,.527,F,SO
1711,Chakowby Hicks,973,2004-05,Norfolk State,27,27,973,129,317,92,200,37,117,93,127,34,127,161,106,91,18,95,55,388,.407,.460,.316,.732,.514,.465,G,SR
1712,Clint Cuffle,973,2002-03,Evansville,28,28,973,163,322,96,170,67,152,69,83,28,106,134,55,22,6,48,51,462,.506,.565,.441,.831,.639,.610,G,JR
1713,Derek Coleman,973,2004-05,Robert Morris,29,28,973,69,189,24,57,45,132,54,67,6,90,96,102,29,0,56,82,237,.365,.421,.341,.806,.537,.484,G,SO
1714,Jerell Parker,973,2002-03,Hartford,29,29,973,141,295,117,227,24,68,89,127,77,127,204,73,35,6,76,73,395,.478,.515,.353,.701,.556,.519,G,JR
1715,Joe Ross Merritt,973,2006-07,Samford,32,29,973,102,225,52,84,50,141,28,42,26,84,110,44,20,7,39,81,282,.453,.619,.355,.667,.576,.564,G,JR
1716,Jovan Stefanov,973,2006-07,Illinois–Chicago,32,32,973,114,280,87,184,27,96,63,91,68,113,181,47,17,10,62,94,318,.407,.473,.281,.692,.492,.455,F,SR
1717,Marshall Strickland,973,2003-04,Indiana,29,26,973,106,295,48,137,58,158,44,57,21,72,93,78,31,5,56,60,314,.359,.350,.367,.772,.487,.458,G,SO
1718,Rashad Jones-Jennings,973,2006-07,Little Rock,30,27,973,130,259,130,256,0,3,116,201,142,250,392,42,25,29,50,73,376,.502,.508,.000,.577,.530,.502,F,SR
1719,Sam McMahon,973,2006-07,Delaware,31,22,973,105,236,55,122,50,114,63,75,25,114,139,43,21,0,44,74,323,.445,.451,.439,.840,.595,.551,G,JR
1720,Turner Battle,973,2003-04,Buffalo,29,29,973,143,294,108,210,35,84,100,133,28,112,140,119,52,1,80,70,421,.486,.514,.417,.752,.589,.546,G,JR
1721,Adonis Gray,972,2006-07,Nicholls State,30,28,972,156,318,141,252,15,66,91,118,44,106,150,49,33,5,72,86,418,.491,.560,.227,.771,.559,.514,G,JR
1722,Chris Stephens,972,2005-06,Oregon State,31,29,972,118,274,80,172,38,102,83,93,8,69,77,42,25,1,56,44,357,.431,.465,.373,.892,.561,.500,G,SR
1723,Courtney Pritchard,972,2003-04,Wagner,28,25,972,89,244,38,85,51,159,57,82,16,109,125,159,31,3,93,50,286,.365,.447,.321,.695,.505,.469,G,SR
1724,Dustin Hellenga,972,2002-03,Rhode Island,31,30,972,146,384,87,198,59,186,53,82,45,75,120,64,29,2,48,58,404,.380,.439,.317,.646,.478,.457,G,SO
1725,Jaycee Carroll,972,2004-05,Utah State,32,31,972,173,331,94,165,79,166,45,61,17,121,138,49,28,4,52,46,470,.523,.570,.476,.738,.653,.642,G,FR
1726,Joakim Noah,972,2005-06,Florida,39,38,972,202,322,202,321,0,1,148,202,85,193,278,80,44,95,76,84,552,.627,.629,.000,.733,.660,.627,C,SO
1727,Jonathan Wallace,972,2004-05,Georgetown,32,32,972,68,179,21,53,47,126,26,33,18,50,68,71,39,2,60,63,209,.380,.396,.373,.788,.537,.511,G,FR
1728,J.R. Harrison,972,2005-06,Rice,28,24,972,136,322,114,245,22,77,46,61,43,118,161,43,22,9,63,56,340,.422,.465,.286,.754,.484,.457,F,SR
1729,Matt Haryasz,972,2004-05,Stanford,31,31,972,148,335,144,322,4,13,88,114,92,189,281,32,26,37,51,90,388,.442,.447,.308,.772,.499,.448,F,JR
1730,Matt Witt,972,2003-04,Eastern Kentucky,29,29,972,158,375,88,199,70,176,65,94,12,44,56,160,29,2,121,65,451,.421,.442,.398,.691,.537,.515,G,SO
1731,Mike Wells,972,2003-04,Western Kentucky,28,28,972,148,352,80,169,68,183,78,101,45,112,157,70,41,22,61,74,442,.420,.473,.372,.772,.553,.517,G,SR
1732,Richard Toussaint,972,2002-03,Bethune-Cookman,30,27,972,183,443,167,388,16,55,163,212,36,85,121,38,44,8,73,64,545,.413,.430,.291,.769,.501,.431,G,SR
1733,Sterling Byrd,972,2006-07,Long Beach State,32,32,972,154,320,97,163,57,157,69,93,65,146,211,38,38,17,53,50,434,.481,.595,.363,.742,.596,.570,F,SR
1734,Tony Stockman,972,2003-04,Ohio State,29,21,972,137,360,64,158,73,202,46,58,15,59,74,74,61,0,61,45,393,.381,.405,.361,.793,.507,.482,G,JR
1735,Tony Young,972,2006-07,Southern Illinois,36,36,972,118,299,60,146,58,153,63,74,18,62,80,72,45,7,79,124,357,.395,.411,.379,.851,.534,.492,G,SR
1736,Anthony Winchester,971,2005-06,Western Kentucky,31,31,971,201,425,120,227,81,198,93,122,65,110,175,78,30,7,84,63,576,.473,.529,.409,.762,.596,.568,G,SR
1737,Bo Taylor,971,2006-07,Hartford,31,31,971,171,355,159,304,12,51,107,159,34,130,164,55,51,8,76,117,461,.482,.523,.235,.673,.535,.499,F,SR
1738,Brandon Bowman,971,2003-04,Georgetown,28,28,971,161,376,131,283,30,93,94,134,79,148,227,52,55,37,103,75,446,.428,.463,.323,.701,.507,.468,F,SO
1739,Chris Hill,971,2003-04,Michigan State,30,29,971,141,282,57,97,84,185,49,65,9,75,84,118,46,1,58,88,415,.500,.588,.454,.754,.663,.649,G,JR
1740,Chris Young,971,2002-03,South Alabama,28,28,971,147,369,48,109,99,260,51,58,14,73,87,56,37,1,56,59,444,.398,.440,.381,.879,.560,.533,G,JR
1741,Corey Dean,971,2004-05,Louisiana Tech,29,25,971,119,283,96,214,23,69,44,74,35,75,110,65,35,3,73,69,305,.420,.449,.333,.595,.479,.461,G,JR
1742,Cortney Scott,971,2003-04,Oakland,30,30,971,157,301,157,300,0,1,57,122,97,138,235,70,46,10,57,90,371,.522,.523,.000,.467,.517,.522,F,JR
1743,David Doubley,971,2003-04,Pacific,32,24,971,74,204,40,105,34,99,74,82,11,75,86,104,26,6,73,41,256,.363,.381,.343,.902,.527,.446,G,JR
1744,Herbert Evans,971,2003-04,Troy State,30,30,971,114,278,65,139,49,139,52,73,61,88,149,107,57,18,46,48,329,.410,.468,.353,.712,.526,.498,G,SR
1745,Marc Axton,971,2003-04,Eastern Washington,30,30,971,137,283,96,177,41,106,71,96,33,105,138,77,22,10,43,70,386,.484,.542,.387,.740,.587,.557,F,JR
1746,Matt Lottich,971,2003-04,Stanford,32,32,971,135,340,68,149,67,191,56,65,13,85,98,113,22,10,60,51,393,.397,.456,.351,.862,.530,.496,G,SR
1747,Pele Paelay,971,2005-06,Coastal Carolina,30,30,971,153,343,104,207,49,136,90,121,46,109,155,80,34,10,54,52,445,.446,.502,.360,.744,.556,.517,G,SR
1748,Quennell Green,971,2006-07,Southeastern Louisiana,30,29,971,137,333,89,183,48,150,52,68,37,74,111,83,28,6,49,56,374,.411,.486,.320,.765,.512,.483,F,SR
1749,Rob Lewin,971,2003-04,Troy State,31,31,971,174,318,163,295,11,23,117,155,102,147,249,38,47,55,73,94,476,.547,.553,.478,.755,.608,.564,C,SR
1750,Akeem Wright,970,2006-07,Kansas State,35,24,970,84,220,73,175,11,45,47,79,62,159,221,84,31,19,47,82,226,.382,.417,.244,.595,.439,.407,G,SR
1751,Alex Loughton,970,2005-06,Old Dominion,34,33,970,162,334,149,294,13,40,121,162,85,177,262,46,34,23,57,90,458,.485,.507,.325,.747,.557,.504,C,SR
1752,Brody Boyd,970,2003-04,Iowa,29,29,970,99,237,42,78,57,159,67,80,6,53,59,55,68,1,37,54,322,.418,.538,.358,.838,.585,.538,G,SR
1753,Chaz Carr,970,2004-05,Boston University,29,29,970,130,332,70,172,60,160,61,78,19,74,93,81,32,0,68,60,381,.392,.407,.375,.782,.516,.482,G,SR
1754,Dijon Thompson,970,2004-05,UCLA,28,27,970,183,386,140,271,43,115,107,136,52,170,222,63,42,9,91,61,516,.474,.517,.374,.787,.573,.530,G,SR
1755,Drew Williamson,970,2005-06,Old Dominion,34,34,970,77,180,38,73,39,107,55,78,22,91,113,162,56,2,56,60,248,.428,.521,.364,.705,.571,.536,G,JR
1756,Earl Hunt,970,2002-03,Brown,27,27,970,171,386,125,257,46,129,127,152,31,95,126,59,24,3,58,40,515,.443,.486,.357,.836,.562,.503,G,SR
1757,Gordon Klaiber,970,2005-06,Fairleigh Dickinson,30,29,970,148,366,99,223,49,143,102,156,48,126,174,53,48,41,59,81,447,.404,.444,.343,.654,.508,.471,F,SR
1758,John Hurley,970,2004-05,Holy Cross,32,32,970,104,219,103,214,1,5,44,90,100,92,192,36,31,28,50,72,253,.475,.481,.200,.489,.483,.477,F,SR
1759,Juby Johnson,970,2002-03,Miami (OH),28,28,970,131,301,79,150,52,151,99,133,14,69,83,31,22,5,49,71,413,.435,.527,.344,.744,.567,.522,G,JR
1760,Marcellus Sommerville,970,2004-05,Bradley,28,28,970,167,378,124,261,43,117,114,148,57,152,209,53,25,16,84,81,491,.442,.475,.368,.770,.548,.499,F,JR
1761,Mark Zoller,970,2006-07,Pennsylvania,31,31,970,206,369,165,260,41,109,112,143,59,173,232,87,55,12,83,107,565,.558,.635,.376,.783,.647,.614,F,SR
1762,Ray Trowell,970,2002-03,Chattanooga,30,30,970,99,219,63,121,36,98,91,116,8,80,88,180,50,2,90,71,325,.452,.521,.367,.784,.593,.534,G,JR
1763,Scott Merritt,970,2002-03,Marquette,33,33,970,119,253,118,243,1,10,94,121,78,140,218,51,27,39,63,91,333,.470,.486,.100,.777,.536,.472,F,JR
1764,Sharif Chambliss,970,2002-03,Penn State,28,25,970,129,333,40,101,89,232,64,71,11,46,57,54,32,1,52,64,411,.387,.396,.384,.901,.560,.521,G,JR
1765,Thurman Zimmerman,970,2003-04,South Carolina State,29,29,970,178,347,160,284,18,63,172,221,78,167,245,82,43,13,99,84,546,.513,.563,.286,.778,.604,.539,F,SO
1766,Anthony Mason Jr,969,2006-07,St. John's (NY),31,29,969,133,323,92,198,41,125,63,80,58,125,183,61,24,18,69,76,370,.412,.465,.328,.788,.512,.475,F,SO
1767,Chris Alexander,969,2004-05,Southern,29,28,969,138,372,90,226,48,146,96,118,41,56,97,81,38,0,98,66,420,.371,.398,.329,.814,.491,.435,G,JR
1768,Eric Osmundson,969,2005-06,Pennsylvania,29,29,969,99,264,43,100,56,164,34,56,11,49,60,72,24,1,54,52,288,.375,.430,.341,.607,.496,.481,G,SR
1769,Jack McClinton,969,2004-05,Siena,30,23,969,137,324,91,195,46,129,88,108,28,122,150,82,34,1,79,88,408,.423,.467,.357,.815,.544,.494,G,FR
1770,Jason Kapono,969,2002-03,UCLA,29,29,969,171,374,107,213,64,161,81,92,52,99,151,59,17,0,61,65,487,.457,.502,.398,.880,.583,.543,F,SR
1771,Javorie Wilson,969,2002-03,Northeastern,31,31,969,154,360,97,206,57,154,89,114,,,148,53,36,14,,,454,.428,.471,.370,.781,.548,.507,F,JR
1772,J'mel Everhart,969,2005-06,The Citadel,31,30,969,130,253,129,250,1,3,78,130,96,140,236,52,33,32,79,73,339,.514,.516,.333,.600,.539,.516,F,JR
1773,Josh Fisher,969,2002-03,Saint Louis,30,30,969,91,207,61,119,30,88,34,47,3,74,77,111,37,10,65,63,246,.440,.513,.341,.723,.536,.512,G,JR
1774,Leemire Goldwire,969,2005-06,Charlotte,32,31,969,129,339,45,96,84,243,88,113,21,69,90,87,58,1,56,65,430,.381,.469,.346,.779,.548,.504,G,SO
1775,Nick Fazekas,969,2006-07,Nevada,32,32,969,248,437,220,372,28,65,128,151,95,259,354,56,24,48,64,74,652,.568,.591,.431,.848,.641,.600,F,SR
1776,Quemont Greer,969,2004-05,DePaul,29,29,969,199,435,163,334,36,101,96,155,76,143,219,23,17,21,68,71,530,.457,.488,.356,.619,.521,.499,F,SR
1777,Robert Hite II,969,2004-05,Miami (FL),29,28,969,179,429,107,240,72,189,71,82,34,111,145,31,45,7,41,53,501,.417,.446,.381,.866,.535,.501,G,JR
1778,Sergio Sanchez,969,2003-04,Texas–Pan American,28,28,969,105,277,39,99,66,178,84,97,17,43,60,126,42,1,77,49,360,.379,.394,.371,.866,.557,.498,G,JR
1779,Antoine Whelchel,968,2003-04,Murray State,34,34,968,126,281,101,164,25,117,82,113,64,155,219,99,30,14,75,74,359,.448,.616,.214,.726,.536,.493,F,SR
1780,B.J. Pratt,968,2002-03,Denver,32,32,968,159,388,79,160,80,228,114,132,23,78,101,59,24,1,65,51,512,.410,.494,.351,.864,.568,.513,G,SR
1781,Brandon Crone,968,2005-06,Butler,33,33,968,104,235,67,124,37,111,78,110,44,120,164,71,48,6,44,107,323,.443,.540,.333,.709,.562,.521,F,JR
1782,Chad Maclies,968,2004-05,Centenary (LA),27,27,968,165,319,152,290,13,29,144,188,,,218,29,37,18,,,487,.517,.524,.448,.766,.596,.538,F,SR
1783,Cliff Hammonds,968,2004-05,Clemson,32,31,968,118,273,58,107,60,166,42,65,27,89,116,88,43,6,64,67,338,.432,.542,.361,.646,.556,.542,G,FR
1784,Dedrick Finn,968,2004-05,Xavier,29,29,968,72,217,30,83,42,134,48,67,8,55,63,122,32,1,72,58,234,.332,.361,.313,.716,.470,.429,G,JR
1785,Drew Shubik,968,2005-06,Sacred Heart,28,28,968,77,194,39,89,38,105,49,61,15,91,106,90,34,8,70,68,241,.397,.438,.362,.803,.540,.495,G,SO
1786,Jermaine Thomas,968,2002-03,La Salle,29,29,968,86,225,49,117,37,108,124,157,13,69,82,126,47,0,87,76,333,.382,.419,.343,.790,.556,.464,G,FR
1787,Jermareo Davidson,968,2006-07,Alabama,30,30,968,149,366,145,350,4,16,117,151,63,184,247,44,23,70,50,54,419,.407,.414,.250,.775,.479,.413,F,SR
1788,Lucious Jordan,968,2002-03,Loyola (MD),28,28,968,125,308,95,208,30,100,90,123,25,77,102,55,23,3,82,51,370,.406,.457,.300,.732,.505,.455,G,SO
1789,Martell Bailey,968,2002-03,Illinois–Chicago,30,27,968,108,244,95,207,13,37,71,110,21,89,110,244,35,0,96,60,300,.443,.459,.351,.645,.506,.469,G,JR
1790,Nicholas King,968,2003-04,Coppin State,32,32,968,104,240,55,117,49,123,87,119,29,107,136,53,30,17,55,68,344,.433,.470,.398,.731,.580,.535,G,SO
1791,Nick Eppehimer,968,2002-03,Marist,29,29,968,151,358,76,165,75,193,115,133,34,95,129,28,20,17,43,81,492,.422,.461,.389,.865,.584,.527,F,SR
1792,Raymond Anthony,968,2003-04,Lamar,29,28,968,143,368,49,110,94,258,69,76,29,77,106,110,59,0,71,58,449,.389,.445,.364,.908,.556,.516,G,JR
1793,Ryan Francis,968,2005-06,Southern California,30,30,968,73,184,56,123,17,61,49,76,13,68,81,111,47,0,69,74,212,.397,.455,.279,.645,.482,.443,G,FR
1794,Alvin Snow,967,2003-04,Eastern Washington,30,28,967,172,380,131,252,41,128,57,72,38,114,152,90,49,3,96,69,442,.453,.520,.320,.792,.534,.507,G,SR
1795,Brandon Freeman,967,2004-05,Little Rock,28,28,967,164,349,90,172,74,177,54,66,13,75,88,27,29,3,54,51,456,.470,.523,.418,.818,.599,.576,G,SR
1796,Casey Durham,967,2006-07,Montana State,30,30,967,57,166,13,40,44,126,43,65,10,88,98,110,31,0,73,65,201,.343,.325,.349,.662,.510,.476,G,JR
1797,Chase Griffin,967,2006-07,Pepperdine,31,30,967,158,365,105,223,53,142,117,145,38,97,135,62,52,1,62,68,486,.433,.471,.373,.807,.560,.505,G,SR
1798,David Hoskins,967,2006-07,Kansas State,35,35,967,162,359,149,296,13,63,171,231,86,120,206,88,35,9,90,84,508,.451,.503,.206,.740,.542,.469,G,JR
1799,Derrick Mercer,967,2005-06,American,29,29,967,77,169,52,113,25,56,41,60,17,61,78,109,30,2,76,70,220,.456,.460,.446,.683,.557,.530,G,FR
1800,Dominick Mejia,967,2006-07,Drexel,32,32,967,131,353,57,131,74,222,40,51,19,97,116,44,50,6,61,64,376,.371,.435,.333,.784,.498,.476,G,SR
1801,Kyle Lowry,967,2005-06,Villanova,33,31,967,117,251,109,233,8,18,121,154,60,83,143,122,77,8,70,94,363,.466,.468,.444,.786,.560,.482,G,SO
1802,Matt Lojeski,967,2005-06,Hawaii,28,28,967,129,272,73,126,56,146,67,78,27,84,111,65,35,16,49,50,381,.474,.579,.384,.859,.616,.577,G,JR
1803,Rocky Trice,967,2005-06,South Carolina,37,28,967,100,196,78,137,22,59,33,45,45,73,118,58,48,20,44,71,255,.510,.569,.373,.733,.587,.566,F,SR
1804,Ronny Turiaf,967,2004-05,Gonzaga,31,31,967,157,309,155,302,2,7,177,259,74,221,295,48,12,59,70,83,493,.508,.513,.286,.683,.571,.511,F,SR
1805,Sean Finn,967,2003-04,Dayton,33,32,967,175,264,175,264,0,0,83,165,107,138,245,21,9,39,65,80,433,.663,.663,,.503,.632,.663,C,SR
1806,Shan Foster,967,2005-06,Vanderbilt,30,30,967,162,359,72,142,90,217,63,83,25,64,89,48,14,6,47,38,477,.451,.507,.415,.759,.599,.577,G,SO
1807,Tim Keller,967,2002-03,Air Force,28,28,967,127,269,49,96,78,173,81,97,2,70,72,65,42,6,49,64,413,.472,.510,.451,.835,.655,.617,G,SO
1808,Tony Dobbins,967,2002-03,Richmond,29,29,967,106,259,101,218,5,41,97,131,56,114,170,91,68,22,48,59,314,.409,.463,.122,.740,.489,.419,G,JR
1809,Tory Cavalieri,967,2003-04,St. Francis Brooklyn,28,28,967,94,224,68,139,26,85,60,78,31,101,132,162,75,0,92,48,274,.420,.489,.306,.769,.525,.478,G,JR
1810,Alvin Snow,966,2002-03,Eastern Washington,31,27,966,161,328,138,260,23,68,74,92,16,94,110,117,68,14,98,88,419,.491,.531,.338,.804,.564,.526,G,JR
1811,Andrew Pleick,966,2002-03,Lafayette,29,29,966,91,251,49,126,42,125,42,58,34,98,132,134,40,0,92,58,266,.363,.389,.336,.724,.477,.446,G,SR
1812,Brian Grandieri,966,2006-07,Pennsylvania,31,30,966,142,276,120,232,22,44,56,78,45,117,162,85,37,7,57,49,362,.514,.517,.500,.718,.578,.554,G,JR
1813,Demarcus Wilkins,966,2003-04,Florida A&M,32,29,966,140,349,80,183,60,166,119,161,61,83,144,79,56,9,72,69,459,.401,.437,.361,.739,.539,.487,G,SR
1814,Dion Harris,966,2005-06,Michigan,31,23,966,121,300,52,123,69,177,32,39,27,63,90,86,29,3,49,61,343,.403,.423,.390,.821,.538,.518,G,JR
1815,Jitim Young,966,2002-03,Northwestern,29,29,966,140,288,117,215,23,73,86,135,65,83,148,63,47,6,62,67,389,.486,.544,.315,.637,.552,.526,G,JR
1816,Justin Cage,966,2004-05,Xavier,29,29,966,112,195,106,176,6,19,92,122,84,77,161,62,30,7,50,64,322,.574,.602,.316,.754,.636,.590,F,SO
1817,Michael Peeples,966,2006-07,Fairleigh Dickinson,30,30,966,124,308,97,203,27,105,83,104,74,95,169,31,26,21,39,84,358,.403,.478,.257,.798,.501,.446,F,SR
1818,Mike Helms,966,2002-03,Oakland,28,28,966,241,533,167,338,74,195,196,263,35,76,111,56,40,7,105,88,752,.452,.494,.379,.745,.571,.522,G,JR
1819,Will Funn,966,2004-05,Portland State,28,28,966,67,146,54,109,13,37,63,102,19,82,101,224,62,6,96,80,210,.459,.495,.351,.618,.540,.503,G,SR
1820,Alan Wiggins,965,2006-07,San Francisco,31,29,965,155,297,152,277,3,20,129,175,71,151,222,47,28,46,76,108,442,.522,.549,.150,.737,.581,.527,F,SR
1821,Davin White,965,2003-04,Cal State Northridge,30,27,965,129,321,79,182,50,139,72,98,17,56,73,84,66,7,80,92,380,.402,.434,.360,.735,.517,.480,G,JR
1822,DeWitt Scott,965,2005-06,IPFW,28,28,965,134,307,64,149,70,158,59,69,17,85,102,20,26,7,33,66,397,.436,.430,.443,.855,.584,.550,F,SO
1823,Jay Collins,965,2002-03,Southern Utah,28,28,965,93,210,65,120,28,90,80,101,13,72,85,178,48,3,81,65,294,.443,.542,.311,.792,.570,.510,G,SR
1824,Jesse Kimbrough,965,2006-07,Jacksonville,29,29,965,142,333,106,245,36,88,85,115,46,84,130,127,57,12,72,75,405,.426,.433,.409,.739,.522,.480,G,SR
1825,Marcus Bullock,965,2003-04,New Hampshire,30,30,965,84,216,18,44,66,172,10,15,14,93,107,59,29,0,43,53,244,.389,.409,.384,.667,.547,.542,G,SR
1826,Marius Boyd,965,2002-03,Central Florida,31,31,965,71,152,61,108,10,44,35,53,43,116,159,102,68,10,70,93,187,.467,.565,.227,.660,.528,.500,G,SR
1827,Matt Walsh,965,2002-03,Florida,33,33,965,128,274,68,135,60,139,88,119,23,133,156,101,50,12,96,77,404,.467,.504,.432,.739,.611,.577,F,FR
1828,Mychal Green,965,2005-06,Ohio,30,30,965,126,292,56,125,70,167,60,79,30,99,129,57,34,14,63,64,382,.432,.448,.419,.759,.580,.551,G,SR
1829,Rodney Stuckey,965,2006-07,Eastern Washington,29,29,965,227,501,184,340,43,161,215,254,35,100,135,160,71,9,98,68,712,.453,.541,.267,.846,.573,.496,G,SO
1830,Ryan Wedel,965,2006-07,Arkansas State,33,17,965,108,257,23,43,85,214,53,62,17,72,89,92,21,1,53,61,354,.420,.535,.397,.855,.618,.586,G,FR
1831,Antanas Kavaliauskas,964,2006-07,Texas A&M,34,34,964,164,296,158,280,6,16,72,111,63,150,213,56,22,23,58,104,406,.554,.564,.375,.649,.582,.564,C,SR
1832,Anthony Davis,964,2003-04,Austin Peay,32,32,964,145,329,111,224,34,105,86,111,44,94,138,78,44,5,44,54,410,.441,.496,.324,.775,.537,.492,G,JR
1833,Ben Woodside,964,2005-06,North Dakota State,28,28,964,139,322,87,195,52,127,160,201,16,68,84,143,42,6,86,67,490,.432,.446,.409,.796,.587,.512,G,FR
1834,Brian Greene,964,2002-03,Colorado State,33,30,964,173,343,165,325,8,18,105,129,65,139,204,75,38,8,70,97,459,.504,.508,.444,.814,.568,.516,F,SR
1835,Earv Opong,964,2002-03,Albany (NY),28,28,964,56,157,28,68,28,89,11,23,2,57,59,109,45,1,66,45,151,.357,.412,.315,.478,.450,.446,G,SR
1836,Greg Tonagel,964,2002-03,Valparaiso,31,31,964,54,120,18,39,36,81,29,34,14,49,63,118,41,0,49,54,173,.450,.462,.444,.853,.635,.600,G,JR
1837,Isaac Wells,964,2005-06,Arkansas State,30,30,964,169,343,130,249,39,94,56,81,55,148,203,49,18,28,87,77,433,.493,.522,.415,.691,.568,.550,F,JR
1838,Roy Booker,964,2005-06,Southeast Missouri State,27,27,964,178,504,105,271,73,233,165,200,49,80,129,47,17,1,77,67,594,.353,.387,.313,.825,.496,.426,G,SR
1839,Tony Bethel,964,2005-06,NC State,31,26,964,99,237,30,80,69,157,22,28,14,94,108,80,45,10,68,77,289,.418,.375,.439,.786,.577,.563,G,SR
1840,Tony Weeden,964,2003-04,Chicago State,32,29,964,142,379,86,224,56,155,96,126,16,71,87,53,47,3,87,105,436,.375,.384,.361,.762,.497,.449,G,JR
1841,Trace Caton,964,2002-03,Utah,33,33,964,52,142,22,49,30,93,25,31,41,42,83,64,11,6,31,80,159,.366,.449,.323,.806,.507,.472,F,SR
1842,Willie Jenkins,964,2004-05,Tennessee Tech,29,29,964,200,436,143,284,57,152,113,150,57,140,197,66,51,10,117,69,570,.459,.504,.375,.753,.562,.524,F,SR
1843,Alan Daniels,963,2004-05,Lamar,29,29,963,203,433,126,229,77,204,93,140,59,95,154,80,58,16,82,75,576,.469,.550,.377,.664,.577,.558,F,JR
1844,Blagoj Janev,963,2006-07,New Hampshire,30,26,963,133,332,81,184,52,148,85,132,30,121,151,47,11,20,68,64,403,.401,.440,.351,.644,.511,.479,C,SR
1845,Bryant Dunston,963,2004-05,Fordham,29,29,963,154,296,149,283,5,13,118,178,87,163,250,44,32,67,67,87,431,.520,.527,.385,.663,.566,.529,F,FR
1846,Carl Elliott,963,2005-06,George Washington,30,30,963,120,273,71,161,49,112,55,81,28,89,117,117,59,2,69,63,344,.440,.441,.438,.679,.552,.529,G,JR
1847,Cartier Martin,963,2006-07,Kansas State,35,18,963,197,428,119,226,78,202,127,159,69,86,155,45,24,8,58,94,599,.460,.527,.386,.799,.595,.551,F,SR
1848,Cedric McGowan,963,2005-06,Cincinnati,34,33,963,115,260,104,215,11,45,47,68,77,168,245,32,29,11,30,71,288,.442,.484,.244,.691,.493,.463,F,JR
1849,Drew Burleson,963,2005-06,Wright State,28,28,963,125,263,101,195,24,68,76,100,48,96,144,42,18,6,46,53,350,.475,.518,.353,.760,.564,.521,F,JR
1850,Dwayne Polk,963,2006-07,Saint Louis,33,32,963,55,145,31,68,24,77,31,43,3,80,83,78,23,7,48,74,165,.379,.456,.312,.721,.499,.462,G,JR
1851,Ian Johnson,963,2005-06,Davidson,31,31,963,199,382,165,302,34,80,64,83,49,148,197,27,10,5,38,68,496,.521,.546,.425,.771,.588,.565,F,SR
1852,Jeremy Chappell,963,2006-07,Robert Morris,28,28,963,156,342,112,198,44,144,46,60,51,91,142,75,46,16,48,84,402,.456,.566,.306,.767,.543,.520,G,SO
1853,Karim Souchu,963,2002-03,Furman,31,23,963,223,438,167,274,56,164,102,146,57,82,139,47,41,14,69,54,604,.509,.609,.341,.699,.595,.573,F,SR
1854,Kevin Kruger,963,2006-07,UNLV,31,30,963,118,299,38,68,80,231,101,121,9,71,80,159,31,4,61,40,417,.395,.559,.346,.835,.585,.528,G,SR
1855,Lester Abram,963,2002-03,Michigan,30,28,963,104,217,82,163,22,54,89,104,42,89,131,38,30,11,49,93,319,.479,.503,.407,.856,.599,.530,F,FR
1856,Paul Haynes,963,2002-03,Grambling State,30,,963,176,416,147,301,29,115,138,186,50,161,211,32,22,7,77,79,519,.423,.488,.252,.742,.515,.458,F,JR
1857,Sean Walker,963,2005-06,Texas Southern,30,28,963,119,337,82,237,37,100,134,178,30,111,141,87,42,6,92,54,409,.353,.346,.370,.753,.485,.408,G,SR
1858,Shelden Williams,963,2003-04,Duke,37,36,963,164,280,162,275,2,5,138,200,119,195,314,34,36,111,87,120,468,.586,.589,.400,.690,.624,.589,F,SO
1859,Tavio Hobson,963,2005-06,Sacred Heart,27,27,963,58,148,34,75,24,73,31,43,12,44,56,111,57,2,80,86,171,.392,.453,.329,.721,.508,.473,G,JR
1860,Ahmad Smith,962,2005-06,St. Bonaventure,27,27,962,164,371,142,288,22,83,80,122,55,97,152,80,30,2,60,50,430,.442,.493,.265,.656,.501,.472,G,SR
1861,Andre Iguodala,962,2003-04,Arizona,30,30,962,136,302,113,229,23,73,93,118,72,181,253,147,48,11,83,75,388,.450,.493,.315,.788,.542,.488,F,SO
1862,Anthony King,962,2005-06,Miami (FL),34,34,962,107,201,107,201,0,0,84,124,104,132,236,25,22,65,37,69,298,.532,.532,,.677,.573,.532,C,JR
1863,Calvin Brown,962,2006-07,Norfolk State,30,30,962,152,233,152,233,0,0,82,140,95,134,229,36,23,50,68,98,386,.652,.652,,.586,.644,.652,C,SR
1864,Cameron Bennerman,962,2005-06,NC State,30,25,962,143,304,92,153,51,151,85,101,34,59,93,58,32,8,53,56,422,.470,.601,.338,.842,.599,.554,G,SR
1865,C.J. Anderson,962,2004-05,Manhattan,28,27,962,173,330,173,329,0,1,105,184,92,149,241,79,41,35,61,96,451,.524,.526,.000,.571,.540,.524,G,FR
1866,Derek Stockalper,962,2005-06,Cal Poly,29,28,962,141,291,90,167,51,124,42,62,60,134,194,54,21,9,46,59,375,.485,.539,.411,.677,.585,.572,G,JR
1867,Frederick Campbell,962,2006-07,Central Arkansas,30,30,962,97,244,78,184,19,60,51,62,12,90,102,74,28,2,61,43,264,.398,.424,.317,.823,.483,.436,G,SR
1868,Jean Francois,962,2004-05,Georgia Southern,30,29,962,167,349,167,338,0,11,90,130,81,152,233,38,26,30,54,71,424,.479,.494,.000,.692,.516,.479,F,SR
1869,Jermaine Johnson,962,2006-07,College of Charleston,33,29,962,144,245,142,238,2,7,47,84,80,128,208,33,18,23,51,94,337,.588,.597,.286,.560,.591,.592,F,SO
1870,Josh Atkinson,962,2003-04,Oral Roberts,28,27,962,104,261,41,71,63,190,42,49,15,78,93,82,31,1,52,60,313,.398,.577,.332,.857,.551,.519,G,SR
1871,Levon Kendall,962,2006-07,Pittsburgh,37,37,962,79,173,74,155,5,18,49,66,83,121,204,69,28,29,42,109,212,.457,.477,.278,.742,.519,.471,F,SR
1872,Matt Cadwell,962,2006-07,South Dakota State,30,30,962,120,311,86,202,34,109,77,100,13,76,89,76,23,0,94,86,351,.386,.426,.312,.770,.490,.441,G,SO
1873,Melvin Smith,962,2006-07,UTSA,29,29,962,149,361,134,313,15,48,60,92,45,48,93,67,32,4,93,69,373,.413,.428,.313,.652,.461,.434,G,JR
1874,Michel Morandais,962,2003-04,Colorado,29,28,962,154,379,96,222,58,157,101,118,26,102,128,90,27,17,98,61,467,.406,.432,.369,.856,.537,.483,G,SR
1875,Phil Goss,962,2004-05,Drexel,29,28,962,135,319,54,105,81,214,66,81,10,82,92,59,33,5,39,76,417,.423,.514,.379,.815,.583,.550,G,SR
1876,Ricky Hood,962,2006-07,Chattanooga,33,33,962,79,197,49,117,30,80,28,42,37,104,141,51,19,11,54,66,216,.401,.419,.375,.667,.498,.477,G,SR
1877,Tejay Anderson,962,2002-03,Youngstown State,29,29,962,91,219,87,209,4,10,65,105,66,91,157,81,25,27,87,71,251,.416,.416,.400,.619,.467,.425,F,JR
1878,Adam Boone,961,2003-04,Minnesota,30,27,961,85,234,48,106,37,128,46,60,17,82,99,123,31,6,66,66,253,.363,.453,.289,.767,.482,.442,G,JR
1879,Chet Mason,961,2003-04,Miami (OH),29,29,961,107,266,96,193,11,73,73,116,77,152,229,84,37,1,88,74,298,.402,.497,.151,.629,.464,.423,G,JR
1880,Corey Lewis,961,2006-07,Colorado State,30,25,961,106,245,76,161,30,84,60,82,23,104,127,135,61,6,89,84,302,.433,.472,.357,.732,.532,.494,G,SR
1881,Corey Santee,961,2003-04,TCU,29,29,961,149,353,96,203,53,150,69,94,4,87,91,127,33,1,64,48,420,.422,.473,.353,.734,.528,.497,G,JR
1882,Dane Bradshaw,961,2006-07,Tennessee,35,35,961,65,187,45,118,20,69,44,80,38,103,141,165,67,14,60,82,194,.348,.381,.290,.550,.431,.401,G,SR
1883,Darryl Watkins,961,2006-07,Syracuse,33,32,961,98,180,98,180,0,0,71,116,96,153,249,25,40,112,51,118,267,.544,.544,,.612,.568,.544,C,SR
1884,David Holston,961,2005-06,Chicago State,30,24,961,135,340,56,144,79,196,54,63,31,41,72,83,55,1,77,58,403,.397,.389,.403,.857,.545,.513,G,FR
1885,David Holston,961,2006-07,Chicago State,29,29,961,147,366,53,132,94,234,64,77,41,50,91,100,44,3,73,83,452,.402,.402,.402,.831,.561,.530,G,SO
1886,Deki Delic,961,2006-07,Monmouth,30,30,961,149,334,69,124,80,210,60,102,20,85,105,63,18,7,65,72,438,.446,.556,.381,.588,.573,.566,F,SR
1887,Donald Carson,961,2004-05,Savannah State,28,27,961,125,375,97,253,28,122,78,123,63,113,176,25,50,15,88,98,356,.333,.383,.230,.634,.411,.371,F,SR
1888,Eric Webb,961,2006-07,Furman,31,31,961,96,230,28,66,68,164,43,60,13,78,91,136,44,2,90,69,303,.417,.424,.415,.717,.586,.565,G,SR
1889,Frank Bennett,961,2002-03,Georgia Southern,29,29,961,165,284,165,278,0,6,96,149,61,167,228,31,14,27,100,90,426,.581,.594,.000,.644,.600,.581,F,JR
1890,James Williams,961,2005-06,LIU Brooklyn,28,28,961,144,344,55,131,89,213,89,108,11,59,70,92,24,2,92,72,466,.419,.420,.418,.824,.589,.548,G,JR
1891,LaVell Blanchard,961,2002-03,Michigan,30,30,961,157,372,91,214,66,158,105,129,56,149,205,31,19,8,55,82,485,.422,.425,.418,.814,.560,.511,F,SR
1892,Marcus Williams,961,2004-05,Connecticut,31,31,961,103,255,76,188,27,67,64,89,24,93,117,243,35,8,101,53,297,.404,.404,.403,.719,.500,.457,G,SO
1893,Mike Hall,961,2005-06,George Washington,30,30,961,108,244,68,138,40,106,73,93,89,138,227,71,31,13,41,69,329,.443,.493,.377,.785,.571,.525,F,SR
1894,Phil Rasmussen,961,2005-06,UC Davis,28,27,961,132,308,105,220,27,88,60,89,44,125,169,41,29,6,48,101,351,.429,.477,.307,.674,.501,.472,G,SR
1895,Rashad McCants,961,2003-04,North Carolina,30,29,961,216,451,138,260,78,191,89,119,62,75,137,65,53,20,76,62,599,.479,.531,.408,.748,.590,.565,G,SO
1896,Shawn Huff,961,2006-07,Valparaiso,31,31,961,119,274,72,145,47,129,67,77,33,82,115,52,16,16,73,76,352,.434,.497,.364,.870,.567,.520,G,JR
1897,Trey Williams,961,2006-07,Lipscomb,31,31,961,118,300,54,111,64,189,61,81,12,93,105,113,40,6,63,84,361,.393,.486,.339,.753,.533,.500,G,SR
1898,Andre Ingram,960,2003-04,American,31,31,960,145,369,67,172,78,197,55,70,28,97,125,33,22,2,55,46,423,.393,.390,.396,.786,.526,.499,G,FR
1899,Brandon Mouton,960,2003-04,Texas,32,32,960,167,395,116,256,51,139,59,82,34,77,111,46,38,10,62,69,444,.423,.453,.367,.720,.512,.487,G,SR
1900,Brett Harvey,960,2006-07,Loyola (MD),31,30,960,69,175,32,75,37,100,54,70,13,66,79,129,31,2,73,67,229,.394,.427,.370,.771,.550,.500,G,FR
1901,Bryan Smithson,960,2006-07,UNC Asheville,31,30,960,156,374,113,253,43,121,98,115,18,94,112,84,60,8,92,53,453,.417,.447,.355,.852,.528,.475,G,JR
1902,Cameron Crisp,960,2002-03,Tennessee Tech,32,31,960,154,360,99,207,55,153,72,90,17,104,121,144,50,8,101,79,435,.428,.478,.359,.800,.540,.504,G,JR
1903,Chris Bosh,960,2002-03,Georgia Tech,31,31,960,168,300,146,254,22,46,127,174,95,183,278,38,30,67,72,73,485,.560,.575,.478,.730,.634,.597,F,FR
1904,Elton Nesbitt,960,2005-06,Georgia Southern,30,29,960,211,498,108,234,103,264,126,157,22,83,105,89,60,3,69,82,651,.424,.462,.390,.803,.568,.527,G,SR
1905,Gordon Klaiber,960,2003-04,Fairleigh Dickinson,28,28,960,176,382,135,264,41,118,70,93,56,122,178,21,28,39,48,90,463,.461,.511,.347,.753,.543,.514,F,SO
1906,Jeff Schiffner,960,2003-04,Pennsylvania,27,27,960,119,305,43,117,76,188,75,94,18,71,89,90,22,3,55,47,389,.390,.368,.404,.798,.556,.515,G,SR
1907,Jon Simon,960,2006-07,Colgate,29,29,960,129,340,57,158,72,182,60,78,12,56,68,50,23,1,67,41,390,.379,.361,.396,.769,.517,.485,G,SR
1908,Michael Brock,960,2006-07,Eastern Kentucky,33,28,960,60,131,52,95,8,36,41,63,59,116,175,42,20,12,52,56,169,.458,.547,.222,.651,.525,.489,F,SR
1909,Peter Mulligan,960,2004-05,Manhattan,28,28,960,181,389,146,281,35,108,142,182,35,107,142,48,51,14,57,69,539,.465,.520,.324,.780,.567,.510,F,SR
1910,Rashad West,960,2006-07,Hampton,31,30,960,160,405,88,222,72,183,159,198,31,80,111,82,58,0,107,76,551,.395,.396,.393,.803,.552,.484,G,JR
1911,Tim Keller,960,2003-04,Air Force,29,29,960,94,226,44,83,50,143,81,101,12,49,61,62,38,15,38,61,319,.416,.530,.350,.802,.582,.527,G,JR
1912,Tony Tate,960,2004-05,Florida A&M,29,25,960,140,382,90,223,50,159,116,147,32,68,100,121,68,2,105,69,446,.366,.404,.314,.789,.494,.432,G,JR
1913,Whit Holcomb-Faye,960,2003-04,Radford,27,25,960,150,394,109,261,41,133,132,185,20,55,75,111,39,2,88,68,473,.381,.418,.308,.714,.491,.433,G,SO
1914,Blagoj Janev,959,2005-06,New Hampshire,29,28,959,130,282,72,136,58,146,99,114,21,110,131,32,10,9,73,74,417,.461,.529,.397,.868,.620,.564,C,JR
1915,Brian Woodson,959,2003-04,Liberty,33,28,959,67,174,47,102,20,72,25,42,35,96,131,154,54,2,109,98,179,.385,.461,.278,.595,.461,.443,G,JR
1916,Corey Brown,959,2006-07,Maryland Eastern Shore,31,10,959,147,361,80,177,67,184,57,78,21,53,74,66,59,1,96,57,418,.407,.452,.364,.731,.525,.500,G,SR
1917,Darshan Luckey,959,2003-04,Saint Francis (PA),28,28,959,163,408,132,315,31,93,135,171,27,99,126,43,40,9,90,46,492,.400,.419,.333,.789,.503,.438,G,SO
1918,David Barlow,959,2005-06,IUPUI,29,28,959,96,227,62,122,34,105,69,89,20,53,73,96,30,1,48,61,295,.423,.508,.324,.775,.548,.498,G,JR
1919,Derrick Tarver,959,2002-03,Akron,28,28,959,192,407,138,245,54,162,140,215,25,52,77,48,14,1,63,58,578,.472,.563,.333,.651,.568,.538,G,JR
1920,Erik Daniels,959,2003-04,Kentucky,32,32,959,201,346,194,323,7,23,56,89,74,121,195,90,34,15,66,93,465,.581,.601,.304,.629,.599,.591,F,SR
1921,Garry Hill-Thomas,959,2003-04,Nevada,34,33,959,119,247,119,243,0,4,94,134,36,88,124,77,32,3,40,78,332,.482,.490,.000,.701,.534,.482,G,SR
1922,Jamaal Levy,959,2003-04,Wake Forest,31,31,959,126,234,116,201,10,33,58,96,98,161,259,45,36,27,60,86,320,.538,.577,.303,.604,.572,.560,F,JR
1923,Jimmy Boykin,959,2002-03,Coppin State,28,24,959,146,306,74,143,72,163,38,48,27,122,149,22,43,10,50,53,402,.477,.517,.442,.792,.611,.595,G,JR
1924,Joaquim Gomes,959,2003-04,Valparaiso,31,31,959,148,305,110,193,38,112,72,101,65,208,273,39,27,54,70,104,406,.485,.570,.339,.713,.575,.548,F,SR
1925,Josh Wilson,959,2006-07,Northern Arizona,30,30,959,90,187,62,120,28,67,39,64,19,69,88,181,31,5,93,73,247,.481,.517,.418,.609,.568,.556,G,SO
1926,Kenny Grant,959,2004-05,Davidson,32,32,959,63,172,49,114,14,58,90,113,22,91,113,178,30,0,100,84,230,.366,.430,.241,.796,.510,.407,G,JR
1927,Keoni Watson,959,2005-06,Idaho,29,29,959,119,280,102,225,17,55,48,67,33,68,101,73,34,5,88,84,303,.425,.453,.309,.716,.486,.455,G,JR
1928,Lamar Hurd,959,2003-04,Oregon State,28,28,959,57,164,51,140,6,24,27,50,27,71,98,138,37,0,59,65,147,.348,.364,.250,.540,.391,.366,G,SO
1929,Nate Lofton,959,2004-05,Southeastern Louisiana,33,33,959,137,252,136,250,1,2,97,168,80,158,238,91,60,52,97,105,372,.544,.544,.500,.577,.561,.546,C,SR
1930,Ron Austin,959,2002-03,Lamar,27,27,959,145,323,86,165,59,158,75,100,22,79,101,41,23,16,67,66,424,.449,.521,.373,.750,.572,.540,G,SR
1931,Tim Pickett,959,2002-03,Florida State,29,29,959,167,437,83,178,84,259,77,89,31,134,165,61,82,10,62,86,495,.382,.466,.324,.865,.516,.478,G,JR
1932,Weyinmi Efejuku,959,2006-07,Providence,31,31,959,147,316,98,184,49,132,93,121,27,106,133,76,51,8,83,70,436,.465,.533,.371,.769,.584,.543,G,SO
1933,Ashley Champion,958,2003-04,Chattanooga,30,30,958,187,337,155,250,32,87,138,184,65,146,211,70,31,1,84,80,544,.555,.620,.368,.750,.641,.602,F,SR
1934,Blair Wilson,958,2003-04,Colorado,29,29,958,114,280,39,90,75,190,54,70,11,86,97,50,38,6,34,41,357,.407,.433,.395,.771,.570,.541,G,SR
1935,Dante Terry,958,2005-06,The Citadel,31,31,958,126,328,70,162,56,166,84,117,15,55,70,79,36,2,64,64,392,.384,.432,.337,.718,.511,.470,G,SR
1936,Edward Mack,958,2003-04,Mississippi Valley State,29,28,958,132,358,95,238,37,120,99,158,51,81,132,87,68,12,51,64,400,.369,.399,.308,.627,.462,.420,G,SR
1937,Gabe Martin,958,2002-03,Liberty,29,27,958,125,295,87,179,38,116,151,177,52,134,186,62,47,22,96,86,439,.424,.486,.328,.853,.579,.488,G,JR
1938,Gerrit Brigitha,958,2003-04,Central Michigan,30,30,958,184,323,184,321,0,2,145,202,79,127,206,28,11,9,66,77,513,.570,.573,.000,.718,.612,.570,F,SR
1939,Jeff Gloger,958,2003-04,UC Irvine,28,26,958,84,181,74,159,10,22,77,105,54,123,177,118,60,3,76,69,255,.464,.465,.455,.733,.552,.492,G,SO
1940,Jerry Johnson,958,2002-03,Rider,27,26,958,164,449,95,213,69,236,97,114,10,54,64,85,36,1,102,68,494,.365,.446,.292,.851,.491,.442,G,SO
1941,Jonathan Bluitt,958,2003-04,Oral Roberts,27,26,958,78,194,45,116,33,78,81,100,13,77,90,165,37,1,73,86,270,.402,.388,.423,.810,.559,.487,G,SO
1942,Josh Gonner,958,2003-04,South Carolina,32,30,958,126,307,73,150,53,157,74,102,18,55,73,68,44,3,63,60,379,.410,.487,.338,.725,.533,.497,G,JR
1943,Juan Palacios,958,2005-06,Louisville,34,34,958,120,289,86,187,34,102,72,104,69,145,214,64,21,14,69,98,346,.415,.460,.333,.692,.511,.474,F,SO
1944,Leroy Davis,958,2002-03,Georgia State,29,27,958,139,307,79,142,60,165,28,38,30,88,118,50,33,8,55,68,366,.453,.556,.364,.737,.563,.550,F,SR
1945,Nick Dials,958,2005-06,Akron,33,31,958,97,239,35,70,62,169,82,96,21,67,88,89,35,1,64,65,338,.406,.500,.367,.854,.594,.536,G,SO
1946,Robert Taylor,958,2002-03,Rider,28,28,958,129,288,71,146,58,142,52,78,24,98,122,67,52,16,46,70,368,.448,.486,.408,.667,.566,.549,G,SO
1947,Tony Young,958,2005-06,Southern Illinois,33,31,958,130,325,66,155,64,170,58,69,24,70,94,63,49,11,74,107,382,.400,.426,.376,.841,.534,.498,G,JR
1948,Wendell White,958,2006-07,UNLV,35,35,958,210,409,209,394,1,15,84,125,89,125,214,40,43,13,56,85,505,.513,.530,.067,.672,.539,.515,G,SR
1949,Beckham Wyrick,957,2005-06,UNC Wilmington,33,33,957,78,219,55,145,23,74,41,64,57,121,178,54,29,12,50,80,220,.356,.379,.311,.641,.441,.409,F,SR
1950,Brendan Winters,957,2005-06,Davidson,30,30,957,175,408,118,240,57,168,100,119,45,98,143,53,20,7,53,66,507,.429,.492,.339,.840,.546,.499,G,SR
1951,Brent Wilson,957,2006-07,Albany (NY),33,33,957,132,275,61,112,71,163,28,39,42,124,166,29,18,12,33,89,363,.480,.545,.436,.718,.618,.609,F,JR
1952,Bruce Price,957,2003-04,Tennessee State,27,26,957,134,390,63,182,71,208,136,185,33,76,109,108,46,1,87,89,475,.344,.346,.341,.735,.497,.435,G,FR
1953,Chris Lofton,957,2005-06,Tennessee,30,30,957,174,373,60,112,114,261,55,60,30,76,106,56,60,3,36,55,517,.466,.536,.437,.917,.644,.619,G,SO
1954,Chris Pugh,957,2005-06,UMBC,29,29,957,78,198,43,99,35,99,42,55,13,63,76,99,42,3,41,72,233,.394,.434,.354,.764,.520,.482,G,JR
1955,Chris Ross,957,2006-07,Marshall,32,31,957,79,191,66,152,13,39,65,99,18,77,95,131,50,6,74,65,236,.414,.434,.333,.657,.496,.448,G,SR
1956,Curtis West,957,2006-07,Samford,31,25,957,65,159,39,65,26,94,31,51,27,51,78,63,36,1,44,62,187,.409,.600,.277,.608,.510,.491,G,JR
1957,James Jones,957,2002-03,Miami (FL),28,28,957,157,351,117,251,40,100,118,142,52,117,169,49,44,50,69,76,472,.447,.466,.400,.831,.564,.504,F,SR
1958,Jarius Glenn,957,2004-05,Tulsa,29,29,957,172,364,155,315,17,49,134,166,52,128,180,100,32,16,100,97,495,.473,.492,.347,.807,.559,.496,F,SR
1959,Jay Straight,957,2002-03,Wyoming,32,32,957,88,245,51,138,37,107,123,163,21,64,85,99,30,0,84,52,336,.359,.370,.346,.755,.521,.435,G,SO
1960,Kai Williams,957,2006-07,South Dakota State,30,29,957,130,258,105,182,25,76,78,104,58,137,195,33,15,12,61,60,363,.504,.577,.329,.750,.590,.552,F,FR
1961,Matthew Knight,957,2005-06,Loyola Marymount,30,29,957,191,368,191,366,0,2,104,174,112,187,299,25,33,23,43,60,486,.519,.522,.000,.598,.539,.519,F,JR
1962,Thomas Gardner,957,2005-06,Missouri,28,28,957,186,434,92,197,94,237,85,118,31,59,90,45,27,0,92,59,551,.429,.467,.397,.720,.562,.537,G,JR
1963,Winsome Frazier,957,2003-04,Mississippi State,30,30,957,132,322,70,138,62,184,68,86,37,85,122,42,71,10,54,70,394,.410,.507,.337,.791,.543,.506,G,JR
1964,Andrew Strait,956,2006-07,Montana,30,30,956,196,321,196,317,0,4,58,111,66,126,192,29,16,35,34,60,450,.611,.618,.000,.523,.602,.611,F,JR
1965,Brian Fisk,956,2004-05,Lipscomb,28,28,956,138,367,90,225,48,142,71,100,41,109,150,98,58,8,70,74,395,.376,.400,.338,.710,.476,.441,G,SO
1966,Chris McCray,956,2003-04,Maryland,32,30,956,112,252,81,151,31,101,97,118,30,92,122,90,53,18,62,93,352,.444,.536,.307,.822,.571,.506,G,SO
1967,Chris McCray,956,2004-05,Maryland,31,30,956,149,325,111,205,38,120,102,113,43,90,133,99,58,9,70,75,438,.458,.541,.317,.903,.578,.517,G,JR
1968,C.J. Watson Jr,956,2005-06,Tennessee,30,30,956,136,291,87,175,49,116,137,156,16,77,93,117,59,4,63,77,458,.467,.497,.422,.878,.627,.552,G,SR
1969,DaShawn Freeman,956,2005-06,Sacramento State,30,30,956,124,300,77,175,47,125,96,118,17,86,103,165,82,2,91,97,391,.413,.440,.376,.814,.549,.492,G,SR
1970,Dion Harris,956,2003-04,Michigan,34,11,956,112,285,54,115,58,170,61,79,20,54,74,76,34,3,66,71,343,.393,.470,.341,.772,.532,.495,G,FR
1971,Geary Claxton,956,2004-05,Penn State,30,30,956,127,295,118,265,9,30,117,165,93,96,189,31,20,23,76,75,380,.431,.445,.300,.709,.509,.446,F,FR
1972,John Griffin III,956,2006-07,Bucknell,31,31,956,93,234,28,58,65,176,74,89,8,82,90,85,30,1,37,54,325,.397,.483,.369,.831,.588,.536,G,JR
1973,Kingsley Edwards,956,2004-05,Central Florida,33,26,956,82,208,51,105,31,103,55,85,35,113,148,137,43,6,80,67,250,.394,.486,.301,.647,.503,.469,G,SR
1974,Logan Kosmalski,956,2004-05,Davidson,32,32,956,125,298,98,216,27,82,80,106,90,183,273,47,23,5,59,97,357,.419,.454,.329,.755,.512,.465,F,SR
1975,Mark Bigelow,956,2003-04,Brigham Young,30,30,956,129,300,88,159,41,141,104,129,27,86,113,85,24,13,50,65,403,.430,.553,.291,.806,.558,.498,F,SR
1976,Markus Austin,956,2004-05,Eastern Michigan,30,30,956,121,278,89,169,32,109,140,188,46,78,124,66,21,7,79,76,414,.435,.527,.294,.745,.564,.493,F,SR
1977,Romel Beck,956,2003-04,UNLV,31,30,956,152,312,95,164,57,148,80,103,12,49,61,29,20,11,58,56,441,.487,.579,.385,.777,.611,.579,F,JR
1978,Brian Latham,955,2005-06,Houston,31,19,955,74,180,47,101,27,79,48,81,24,81,105,127,64,18,72,86,223,.411,.465,.342,.593,.510,.486,G,SR
1979,Daniel Ruffin,955,2004-05,Bradley,28,27,955,65,174,45,100,20,74,26,34,18,67,85,132,40,3,73,47,176,.374,.450,.270,.765,.463,.431,G,FR
1980,Dominitrix Johnson,955,2006-07,Illinois State,30,26,955,88,232,34,76,54,156,19,28,10,51,61,97,31,7,62,45,249,.379,.447,.346,.679,.508,.496,G,JR
1981,J'Nathan Bullock,955,2006-07,Cleveland State,31,31,955,143,344,132,300,11,44,122,163,78,124,202,36,30,13,74,91,419,.416,.440,.250,.748,.497,.432,F,SO
1982,Josh Goodwin,955,2004-05,Belmont,30,29,955,91,232,23,55,68,177,63,82,17,71,88,57,27,1,36,38,313,.392,.418,.384,.768,.578,.539,G,SO
1983,Marc Axton,955,2002-03,Eastern Washington,31,31,955,91,232,48,110,43,122,78,99,44,105,149,78,21,8,60,57,303,.392,.436,.352,.788,.543,.485,F,SO
1984,Marcello Robinson,955,2003-04,Bradley,31,28,955,53,153,35,94,18,59,61,88,23,70,93,121,37,4,68,77,185,.346,.372,.305,.693,.475,.405,G,SR
1985,Parfait Bitee,955,2006-07,Rhode Island,33,33,955,77,207,48,111,29,96,54,65,26,79,105,106,16,2,70,54,237,.372,.432,.302,.831,.498,.442,G,JR
1986,Reggie Golson,955,2004-05,Southeast Missouri State,29,29,955,192,349,192,345,0,4,103,155,90,155,245,52,33,64,73,101,487,.550,.557,.000,.665,.576,.550,F,JR
1987,Ricky Porter,955,2005-06,UC Riverside,28,25,955,138,347,71,164,67,183,54,72,14,72,86,92,37,3,88,46,397,.398,.433,.366,.750,.521,.494,G,SR
1988,Ronnie Brewer,955,2004-05,Arkansas,30,29,955,171,360,135,269,36,91,108,165,52,93,145,101,76,14,61,60,486,.475,.502,.396,.655,.554,.525,G,SO
1989,Ruben Boykin,955,2006-07,Northern Arizona,30,30,955,182,353,163,309,19,44,110,143,74,194,268,93,23,16,74,82,493,.516,.528,.432,.769,.586,.542,F,SR
1990,Tim Crossin,955,2005-06,Towson,28,28,955,75,208,22,56,53,152,45,55,6,75,81,139,52,2,73,63,248,.361,.393,.349,.818,.530,.488,G,FR
1991,Vince Greene,955,2004-05,Illinois State,30,30,955,84,195,40,86,44,109,81,88,3,67,70,131,36,3,78,40,293,.431,.465,.404,.920,.619,.544,G,SR
1992,Adam Quick,954,2003-04,Portland,28,28,954,88,204,36,74,52,130,45,51,5,70,75,121,23,0,55,50,273,.431,.486,.400,.882,.598,.559,G,SR
1993,Ben Woodside,954,2006-07,North Dakota State,28,28,954,144,302,97,182,47,120,125,152,9,72,81,144,43,3,93,47,460,.477,.533,.392,.822,.615,.555,G,SO
1994,Danny Pariseau,954,2006-07,Santa Clara,31,30,954,102,233,60,129,42,104,54,70,22,75,97,147,36,3,70,76,300,.438,.465,.404,.771,.563,.528,G,SR
1995,Darrin Shine,954,2004-05,Delaware State,32,30,954,67,162,55,112,12,50,45,65,28,47,75,108,50,1,82,50,191,.414,.491,.240,.692,.495,.451,G,SO
1996,Dwayne Foreman,954,2006-07,Georgia Southern,29,29,954,98,243,57,123,41,120,42,70,28,87,115,176,36,1,97,72,279,.403,.463,.342,.600,.505,.488,G,JR
1997,Ian Boylan,954,2002-03,Cal State Northridge,29,28,954,158,336,101,200,57,136,84,106,47,84,131,87,61,10,69,84,457,.470,.505,.419,.792,.591,.555,F,SO
1998,Jermaine Anderson,954,2006-07,New Hampshire,27,25,954,126,282,75,163,51,119,89,104,12,72,84,95,26,15,83,66,392,.447,.460,.429,.856,.591,.537,G,SR
1999,K.J. Garland,954,2006-07,UNC Asheville,30,27,954,134,316,93,207,41,109,57,88,36,87,123,126,46,2,59,29,366,.424,.449,.376,.648,.511,.489,G,JR
2000,Michael Williams,954,2005-06,Bethune-Cookman,30,29,954,168,338,168,337,0,1,90,152,68,150,218,33,58,24,71,103,426,.497,.499,.000,.592,.519,.497,C,SR
2001,Mike Slattery,954,2004-05,Delaware,26,26,954,92,208,68,139,24,69,27,50,12,55,67,168,41,1,64,54,235,.442,.489,.348,.540,.507,.500,G,SR
2002,Pele Paelay,954,2004-05,Coastal Carolina,29,28,954,175,401,135,273,40,128,98,144,55,120,175,81,70,16,65,48,488,.436,.495,.313,.681,.520,.486,G,JR
2003,Sonny Troutman,954,2004-05,Ohio,32,32,954,132,279,103,183,29,96,110,138,39,84,123,100,72,9,95,81,403,.473,.563,.302,.797,.585,.525,F,SO
2004,Troy Roundtree,954,2006-07,Delaware State,34,34,954,71,141,69,126,2,15,57,82,69,68,137,27,18,1,45,85,201,.504,.548,.133,.695,.558,.511,F,SR
2005,Vytas Danelius,954,2002-03,Wake Forest,31,30,954,133,261,115,213,18,48,98,125,87,144,231,41,15,25,72,89,382,.510,.540,.375,.784,.596,.544,F,SO
2006,Andrew Carpenter,953,2004-05,Denver,31,31,953,94,191,77,141,17,50,47,79,42,104,146,81,50,13,65,78,252,.492,.546,.340,.595,.551,.537,G,JR
2007,Bryant Dillon,953,2005-06,Purdue,28,26,953,76,154,57,108,19,46,22,34,18,81,99,84,22,9,73,44,193,.494,.528,.413,.647,.567,.555,G,SR
2008,Chris Young,953,2003-04,South Alabama,28,28,953,116,306,27,70,89,236,37,43,11,59,70,55,31,1,42,38,358,.379,.386,.377,.860,.548,.525,G,SR
2009,Damien Hubbard,953,2005-06,Liberty,30,30,953,100,230,94,206,6,24,56,86,49,120,169,58,24,22,76,88,262,.435,.456,.250,.651,.484,.448,F,JR
2010,Darren Brooks,953,2003-04,Southern Illinois,30,30,953,199,419,161,307,38,112,59,102,81,91,172,82,60,21,70,62,495,.475,.524,.339,.578,.529,.520,G,JR
2011,Edward O'Neil,953,2003-04,Charleston Southern,28,28,953,79,239,36,105,43,134,60,86,15,85,100,162,63,2,91,69,261,.331,.343,.321,.698,.466,.421,G,SR
2012,Erik Benzel,953,2002-03,Denver,32,31,953,124,316,44,112,80,204,29,41,13,86,99,57,45,7,35,64,357,.392,.393,.392,.707,.532,.519,G,SO
2013,Ike Ofoegbu,953,2006-07,SMU,31,30,953,137,274,108,210,29,64,138,196,109,127,236,30,36,13,103,84,441,.500,.514,.453,.704,.601,.553,F,SR
2014,James Singleton,953,2002-03,Murray State,29,28,953,153,283,138,249,15,34,112,140,99,221,320,54,34,52,67,85,433,.541,.554,.441,.800,.619,.567,F,SR
2015,Justin DeBerry,953,2002-03,Lafayette,29,29,953,159,387,90,203,69,184,87,101,18,85,103,82,43,1,62,73,474,.411,.443,.375,.861,.545,.500,G,JR
2016,Leon Powe Jr,953,2005-06,California,27,27,953,178,359,175,350,3,9,194,270,89,184,273,38,24,15,66,67,553,.496,.500,.333,.719,.567,.500,F,SO
2017,Michael Hall,953,2003-04,Brigham Young,30,28,953,131,265,107,196,24,69,98,134,48,56,104,54,42,15,58,60,384,.494,.546,.348,.731,.584,.540,G,JR
2018,Mike Green,953,2004-05,Towson,29,27,953,114,316,74,196,40,120,78,131,30,90,120,125,40,1,93,88,346,.361,.378,.333,.595,.457,.424,G,SO
2019,Mike O'Donnell,953,2006-07,Central Florida,31,31,953,106,240,38,82,68,158,39,55,9,69,78,116,48,2,49,47,319,.442,.463,.430,.709,.599,.583,G,JR
2020,Oliver Holmes,953,2005-06,UNC Asheville,28,28,953,75,225,55,138,20,87,74,98,41,87,128,102,60,11,95,66,244,.333,.399,.230,.755,.449,.378,F,SR
2021,Ryan Bathie,953,2006-07,Nicholls State,30,30,953,131,305,45,75,86,230,26,35,24,112,136,70,20,17,67,73,374,.430,.600,.374,.743,.581,.570,G,SO
2022,Vince Oliver,953,2005-06,UC Davis,27,27,953,105,259,76,161,29,98,57,76,22,56,78,51,23,1,56,54,296,.405,.472,.296,.750,.502,.461,G,FR
2023,Bobby Santiago,952,2004-05,Stony Brook,29,28,952,102,288,62,159,40,129,72,100,14,92,106,98,29,4,69,47,316,.354,.390,.310,.720,.471,.424,G,JR
2024,Carlton Spencer,952,2005-06,San Jose State,31,30,952,122,296,94,204,28,92,33,50,27,88,115,93,35,5,78,57,305,.412,.461,.304,.660,.477,.459,G,JR
2025,Damon Huffman,952,2005-06,Brown,27,27,952,91,234,50,94,41,140,69,85,15,71,86,55,28,4,59,56,292,.389,.532,.293,.812,.532,.476,G,SO
2026,David Jackson,952,2006-07,Western Illinois,29,27,952,119,302,99,226,20,76,110,155,27,110,137,65,33,9,71,80,368,.394,.438,.263,.710,.490,.427,G,JR
2027,Deron Washington,952,2006-07,Virginia Tech,34,32,952,151,300,131,235,20,65,85,147,64,117,181,51,41,35,54,106,407,.503,.557,.308,.578,.550,.537,F,JR
2028,Ed McCants,952,2003-04,Milwaukee,31,30,952,186,386,82,143,104,243,55,67,54,53,107,62,39,20,64,74,531,.482,.573,.428,.821,.635,.617,G,JR
2029,Fowzi Abdelsamad,952,2004-05,UC Davis,28,28,952,138,334,55,118,83,216,67,86,14,62,76,25,19,2,47,64,426,.413,.466,.384,.779,.568,.537,G,SR
2030,Gilson DeJesus,952,2002-03,Kansas State,30,30,952,115,257,35,74,80,183,27,40,55,116,171,31,26,2,52,87,337,.447,.473,.437,.675,.611,.603,G,SR
2031,Kevin Kruger,952,2004-05,Arizona State,32,11,952,93,247,24,52,69,195,96,117,14,70,84,110,28,2,50,52,351,.377,.462,.354,.821,.580,.516,G,SO
2032,Kyle Feuerbach,952,2002-03,Northern Arizona,28,25,952,64,179,23,53,41,126,37,59,5,73,78,148,26,1,73,60,206,.358,.434,.325,.627,.498,.472,G,SO
2033,Landy Thompson,952,2005-06,Mount St. Mary's,30,26,952,134,370,61,138,73,232,71,96,18,73,91,72,36,2,59,78,412,.362,.442,.315,.740,.496,.461,G,SR
2034,Levi Levine,952,2002-03,Albany (NY),28,28,952,131,305,100,226,31,79,76,98,46,121,167,49,44,19,53,82,369,.430,.442,.392,.776,.525,.480,F,FR
2035,Luiz Lemes,952,2003-04,Brigham Young,30,30,952,89,202,53,117,36,85,48,64,10,81,91,136,38,5,71,51,262,.441,.453,.424,.750,.564,.530,G,SR
2036,Marcus Williams,952,2005-06,Arizona,33,25,952,159,351,129,282,30,69,82,113,61,93,154,61,32,18,59,60,430,.453,.457,.435,.726,.531,.496,F,FR
2037,Michael Haddix,952,2006-07,Siena,32,32,952,205,365,205,365,0,0,113,168,94,146,240,27,21,22,51,87,523,.562,.562,,.673,.588,.562,C,SR
2038,Obie Trotter,952,2003-04,Alabama A&M,29,27,952,172,400,107,221,65,179,118,154,49,98,147,126,88,3,96,78,527,.430,.484,.363,.766,.557,.511,G,SO
2039,Ramar Smith,952,2006-07,Tennessee,35,28,952,128,293,110,235,18,58,102,154,31,86,117,108,40,9,87,87,376,.437,.468,.310,.662,.513,.468,G,FR
2040,Ronald Blackshear,952,2002-03,Marshall,29,28,952,190,481,92,216,98,265,111,125,19,84,103,46,20,2,84,54,589,.395,.426,.370,.888,.545,.497,G,JR
2041,Tyson Schnitker,952,2005-06,Indiana State,29,29,952,118,285,79,171,39,114,35,52,19,52,71,70,28,3,43,27,310,.414,.462,.342,.673,.500,.482,G,JR
2042,Adam Payton,951,2006-07,William & Mary,30,28,951,141,296,120,229,21,67,112,133,44,75,119,51,48,2,72,50,415,.476,.524,.313,.842,.578,.512,G,SR
2043,A.J. Kuhle,951,2003-04,Air Force,29,29,951,80,162,41,69,39,93,36,49,18,73,91,90,27,1,46,51,235,.494,.594,.419,.735,.634,.614,F,SR
2044,Anthony Roberson,951,2004-05,Florida,32,30,951,193,423,99,181,94,242,81,90,13,52,65,77,22,3,56,51,561,.456,.547,.388,.900,.602,.567,G,JR
2045,Boyd Copeland,951,2005-06,Georgia State,29,19,951,91,223,66,155,25,68,47,68,31,95,126,105,35,6,62,60,254,.408,.426,.368,.691,.497,.464,G,SR
2046,Brendan Plavich,951,2004-05,Charlotte,29,29,951,125,330,11,36,114,294,34,55,7,72,79,48,30,3,42,39,398,.379,.306,.388,.618,.559,.552,G,SR
2047,Chris Gash,951,2006-07,Gardner-Webb,30,30,951,126,301,61,126,65,175,51,67,32,109,141,64,27,7,74,61,368,.419,.484,.371,.761,.553,.527,G,SR
2048,Cliff Hammonds,951,2005-06,Clemson,32,32,951,119,296,70,123,49,173,35,62,35,74,109,105,56,8,57,77,322,.402,.569,.283,.565,.495,.485,G,SO
2049,Eric Lane,951,2005-06,Boise State,29,26,951,115,302,55,135,60,167,40,60,15,74,89,89,30,11,57,43,330,.381,.407,.359,.667,.499,.480,G,JR
2050,Jomo Belfor,951,2004-05,James Madison,28,28,951,71,205,41,128,30,77,95,132,26,117,143,89,44,1,102,93,267,.346,.320,.390,.720,.499,.420,G,JR
2051,Mark Porter,951,2004-05,Wagner,30,26,951,123,295,101,216,22,79,69,103,27,94,121,106,30,12,79,50,337,.417,.468,.278,.670,.490,.454,G,FR
2052,Trant Simpson,951,2006-07,Alabama A&M,28,22,951,111,309,94,240,17,69,125,154,25,64,89,167,46,2,140,54,364,.359,.392,.246,.812,.476,.387,G,FR
2053,Travis Watson,951,2002-03,Virginia,31,27,951,167,321,160,292,7,29,103,150,95,226,321,69,46,40,93,103,444,.520,.548,.241,.687,.566,.531,F,SR
2054,Andrew Wisniewski,950,2002-03,Centenary (LA),28,28,950,207,411,154,264,53,147,150,180,,,70,124,72,3,,,617,.504,.583,.361,.833,.621,.568,G,JR
2055,Arthur Johnson,950,2003-04,Missouri,30,29,950,193,352,193,351,0,1,105,163,83,141,224,32,31,48,62,86,491,.548,.550,.000,.644,.572,.548,C,SR
2056,Corey Belser,950,2005-06,San Diego,30,30,950,121,267,80,160,41,107,63,88,52,155,207,59,44,24,51,84,346,.453,.500,.383,.716,.560,.530,F,SR
2057,Derrick Davis,950,2006-07,South Carolina State,30,30,950,94,222,62,139,32,83,91,132,16,81,97,92,34,0,94,96,311,.423,.446,.386,.689,.546,.495,G,JR
2058,Dexter Lyons,950,2003-04,Central Florida,31,29,950,199,397,127,235,72,162,97,137,41,96,137,86,55,12,83,72,567,.501,.540,.444,.708,.614,.592,F,SR
2059,Eric Williams,950,2004-05,Wake Forest,33,32,950,201,319,201,319,0,0,128,225,93,162,255,16,39,36,67,89,530,.630,.630,,.569,.622,.630,C,JR
2060,Jamal Jackson,950,2003-04,Siena,30,30,950,64,174,58,158,6,16,32,65,19,60,79,134,46,8,85,76,166,.368,.367,.375,.492,.405,.385,F,SR
2061,Jave Meade,950,2003-04,Holy Cross,28,28,950,82,231,62,166,20,65,78,123,34,77,111,155,60,5,53,58,262,.355,.373,.308,.634,.453,.398,G,SR
2062,Josh Almanson,950,2004-05,Bowling Green,29,29,950,189,319,164,263,25,56,96,116,50,90,140,32,16,30,42,69,499,.592,.624,.446,.828,.667,.632,F,SR
2063,Josh Gomes,950,2005-06,Eastern Illinois,27,27,950,143,319,86,198,57,121,64,70,14,40,54,44,14,2,65,36,407,.448,.434,.471,.914,.578,.538,G,SR
2064,Kendrick Johnson,950,2003-04,Troy State,31,31,950,128,291,38,65,90,226,44,62,64,112,176,23,52,14,33,55,390,.440,.585,.398,.710,.609,.595,F,SR
2065,Matt Schneiderman,950,2002-03,Northern Iowa,28,28,950,130,275,75,130,55,145,50,69,49,163,212,22,15,10,50,60,365,.473,.577,.379,.725,.593,.573,F,JR
2066,Patrick Sparks,950,2004-05,Kentucky,34,34,950,126,317,44,99,82,218,40,57,10,62,72,122,42,1,62,50,374,.397,.444,.376,.702,.543,.527,G,JR
2067,Paul McMillan,950,2002-03,Loyola Chicago,31,29,950,182,385,173,352,9,33,80,125,104,175,279,18,31,17,71,99,453,.473,.491,.273,.640,.510,.484,F,JR
2068,Roderick Wilmont,950,2006-07,Indiana,32,29,950,146,339,69,144,77,195,35,53,53,133,186,34,36,12,45,77,404,.431,.479,.395,.660,.555,.544,G,SR
2069,Terrence Roberts,950,2006-07,Syracuse,33,33,950,116,213,116,207,0,6,62,128,95,171,266,40,30,45,61,104,294,.545,.560,.000,.484,.537,.545,F,SR
2070,Tim Drisdom,950,2004-05,Utah,34,29,950,45,118,18,49,27,69,44,54,7,69,76,109,39,0,56,77,161,.381,.367,.391,.815,.560,.496,G,JR
2071,A.J. Jackson,949,2005-06,Robert Morris,28,28,949,168,368,135,288,33,80,106,147,78,181,259,35,22,24,71,80,475,.457,.469,.413,.721,.542,.501,F,SO
2072,Ben Smith,949,2006-07,Jacksonville,29,29,949,89,224,63,131,26,93,84,102,19,74,93,124,38,5,69,40,288,.397,.481,.280,.824,.529,.455,G,FR
2073,Corey Johnson,949,2004-05,Navy,28,27,949,90,256,61,163,29,93,60,98,26,84,110,86,57,5,109,85,269,.352,.374,.312,.612,.445,.408,G,FR
2074,Cornelius Richardson,949,2002-03,Jacksonville State,30,29,949,141,339,76,175,65,164,91,123,30,68,98,131,49,3,97,58,438,.416,.434,.396,.740,.551,.512,G,SR
2075,Daryll Hill,949,2003-04,St. John's (NY),27,26,949,152,399,121,309,31,90,65,87,20,53,73,101,44,3,95,42,400,.381,.392,.344,.747,.454,.420,G,FR
2076,Garrett Richardson,949,2003-04,Tennessee State,28,28,949,130,293,84,178,46,115,27,46,19,68,87,113,63,7,54,71,333,.444,.472,.400,.587,.529,.522,G,SR
2077,Joe Seymore,949,2006-07,Central Connecticut State,34,22,949,89,230,23,53,66,177,11,19,15,57,72,38,21,10,42,61,255,.387,.434,.373,.579,.533,.530,G,FR
2078,Jon Sheets,949,2006-07,Maine,30,30,949,104,276,25,61,79,215,36,44,7,65,72,94,42,3,53,37,323,.377,.410,.367,.818,.544,.520,G,SR
2079,Ka'Ron Barnes,949,2003-04,Cornell,27,27,949,184,447,128,286,56,161,120,155,14,80,94,124,51,8,115,80,544,.412,.448,.348,.774,.522,.474,G,SR
2080,Lance Perique,949,2006-07,Georgia State,30,28,949,157,321,143,274,14,47,139,205,57,94,151,30,19,7,82,78,467,.489,.522,.298,.678,.558,.511,F,SR
2081,Mike Bell,949,2004-05,Florida Atlantic,27,26,949,204,421,157,278,47,143,61,120,83,169,252,30,28,51,58,54,516,.485,.565,.329,.508,.540,.540,F,SR
2082,Raitis Grafs,949,2002-03,Valparaiso,31,31,949,190,342,175,293,15,49,117,164,57,125,182,60,36,57,68,98,512,.556,.597,.306,.713,.610,.577,C,SR
2083,Ronny LeMelle,949,2005-06,Auburn,28,28,949,123,304,65,143,58,161,55,73,33,73,106,65,40,3,69,52,359,.405,.455,.360,.753,.530,.500,G,SR
2084,Scott Henry,949,2002-03,Idaho State,29,27,949,137,245,136,244,1,1,64,93,83,155,238,36,41,33,46,69,339,.559,.557,1.000,.688,.586,.561,F,JR
2085,Thomas Sander,949,2006-07,Davidson,33,33,949,158,325,130,240,28,85,93,127,81,129,210,38,35,6,61,88,437,.486,.542,.329,.732,.567,.529,F,JR
2086,Tim Drisdom,949,2003-04,Utah,33,32,949,56,133,38,80,18,53,71,90,10,113,123,120,35,3,97,78,201,.421,.475,.340,.789,.572,.489,G,SO
2087,A.J. Harris,948,2002-03,College of Charleston,33,33,948,23,80,12,34,11,46,23,39,14,51,65,171,25,6,65,51,80,.288,.353,.239,.590,.406,.356,G,SR
2088,Blake Walker,948,2003-04,Portland State,27,26,948,160,390,128,275,32,115,82,120,61,105,166,40,25,4,60,71,434,.410,.465,.278,.683,.485,.451,G,JR
2089,Ed McCants,948,2004-05,Milwaukee,32,32,948,182,456,75,171,107,285,85,105,28,60,88,58,47,11,55,57,556,.399,.439,.375,.810,.550,.516,G,SR
2090,Jamal Smith,948,2006-07,Wagner,30,29,948,130,274,113,219,17,55,75,110,68,97,165,45,37,8,38,76,352,.474,.516,.309,.682,.539,.505,F,SO
2091,Joah Tucker,948,2005-06,Milwaukee,31,31,948,179,389,145,272,34,117,118,181,64,120,184,53,19,8,93,85,510,.460,.533,.291,.652,.537,.504,F,SR
2092,Johnnie Bryant,948,2005-06,Utah,29,27,948,134,294,66,146,68,148,45,54,9,71,80,69,27,1,72,55,381,.456,.452,.459,.833,.596,.571,G,SO
2093,Joseph McLean,948,2005-06,Morgan State,29,29,948,149,359,121,270,28,89,99,138,56,99,155,69,25,10,103,55,425,.415,.448,.315,.717,.501,.454,G,JR
2094,J.R. Pinnock,948,2005-06,George Washington,30,30,948,164,338,139,247,25,91,83,117,48,110,158,92,72,14,61,59,436,.485,.563,.275,.709,.554,.522,G,JR
2095,Kevin Cooper,948,2003-04,Prairie View A&M,27,27,948,152,410,107,274,45,136,60,93,10,66,76,67,28,10,83,60,409,.371,.391,.331,.645,.450,.426,G,SR
2096,Kirby Lemons,948,2002-03,Louisiana Monroe,28,28,948,173,382,172,372,1,10,120,210,110,175,285,70,57,17,60,93,467,.453,.462,.100,.571,.485,.454,F,SR
2097,Michael Freeman,948,2006-07,Hampton,30,29,948,162,239,161,231,1,8,102,146,77,118,195,24,28,21,102,75,427,.678,.697,.125,.699,.692,.680,F,FR
2098,Reggie Williams,948,2004-05,VMI,27,26,948,154,357,121,239,33,118,78,98,29,98,127,67,38,5,54,50,419,.431,.506,.280,.796,.519,.478,F,FR
2099,Chuck Davis,947,2003-04,Alabama,33,32,947,143,278,141,272,2,6,93,134,74,122,196,45,27,39,95,113,381,.514,.518,.333,.694,.558,.518,G,SO
2100,Donald Wilson,947,2005-06,Portland,29,28,947,97,194,83,155,14,39,55,75,31,109,140,67,33,0,53,88,263,.500,.535,.359,.733,.573,.536,G,SR
2101,Eric Devendorf,947,2005-06,Syracuse,35,30,947,157,353,107,220,50,133,64,78,17,69,86,82,36,14,81,93,428,.445,.486,.376,.821,.549,.516,G,FR
2102,Jackson Vroman,947,2002-03,Iowa State,31,31,947,155,281,155,275,0,6,79,153,80,211,291,56,31,48,78,116,389,.552,.564,.000,.516,.550,.552,F,JR
2103,Jeff Gardner,947,2004-05,Idaho State,27,27,947,81,237,24,70,57,167,104,125,7,44,51,120,49,1,82,79,323,.342,.343,.341,.832,.545,.462,G,SR
2104,Joseph McLean,947,2006-07,Morgan State,31,28,947,128,314,79,186,49,128,40,58,26,73,99,65,18,12,73,79,345,.408,.425,.383,.690,.505,.486,G,SR
2105,Juwann James,947,2006-07,James Madison,30,30,947,160,309,155,291,5,18,66,122,70,88,158,47,35,12,79,116,391,.518,.533,.278,.541,.533,.526,F,SO
2106,Kevin Langford,947,2006-07,TCU,30,30,947,136,294,122,269,14,25,111,197,69,111,180,53,21,23,74,90,397,.463,.454,.560,.563,.512,.486,F,SO
2107,Lawrence Hamm,947,2005-06,Towson,28,27,947,167,291,159,266,8,25,94,123,96,160,256,49,25,29,52,83,436,.574,.598,.320,.764,.624,.588,F,SR
2108,Marquis Poole,947,2003-04,Idaho State,28,28,947,199,406,187,372,12,34,121,184,27,78,105,167,57,10,111,64,531,.490,.503,.353,.658,.538,.505,G,SR
2109,Marvin Lea,947,2006-07,Pepperdine,31,31,947,151,407,102,258,49,149,101,162,42,108,150,96,62,3,87,65,452,.371,.395,.329,.623,.467,.431,G,SR
2110,Peter Cipriano,947,2005-06,Southern,32,29,947,135,243,135,241,0,2,57,81,106,167,273,41,28,42,65,72,327,.556,.560,.000,.704,.581,.556,F,SR
2111,Ricky Hickman,947,2004-05,UNC Greensboro,30,30,947,134,321,93,180,41,141,127,187,33,64,97,87,79,11,83,61,436,.417,.517,.291,.679,.532,.481,G,SO
2112,Robert Jackson,947,2002-03,Marquette,33,33,947,191,343,191,343,0,0,127,163,110,139,249,26,12,7,78,98,509,.557,.557,,.779,.605,.557,F,SR
2113,Sammy Mejia,947,2003-04,DePaul,32,31,947,81,206,54,133,27,73,64,85,46,91,137,140,32,2,90,58,253,.393,.406,.370,.753,.513,.459,G,FR
2114,Tony Lee,947,2006-07,Robert Morris,28,28,947,169,285,150,224,19,61,88,130,66,104,170,123,77,6,96,69,445,.593,.670,.311,.677,.642,.626,G,JR
2115,Travis Niesen,947,2005-06,Santa Clara,28,27,947,190,422,175,371,15,51,133,195,48,137,185,44,20,5,86,69,528,.450,.472,.294,.682,.513,.468,F,SR
2116,Tyler Morris,947,2006-07,Boston University,30,30,947,135,292,75,164,60,128,73,91,41,50,91,71,31,6,57,80,403,.462,.457,.469,.802,.601,.565,G,FR
2117,Will Whittington,947,2005-06,Marist,29,28,947,134,326,31,72,103,254,75,95,12,67,79,45,18,4,41,50,446,.411,.431,.406,.789,.601,.569,G,JR
2118,Zabian Dowdell,947,2003-04,Virginia Tech,28,28,947,107,285,61,134,46,151,42,61,12,73,85,89,52,4,63,52,302,.375,.455,.305,.689,.481,.456,G,FR
2119,Corey Santee,946,2002-03,TCU,28,28,946,164,377,100,204,64,173,63,89,12,55,67,141,35,2,84,49,455,.435,.490,.370,.708,.543,.520,G,SO
2120,Dereke Tipler,946,2005-06,Arkansas State,29,15,946,129,275,109,215,20,60,115,153,33,95,128,150,76,2,89,64,393,.469,.507,.333,.752,.565,.505,G,SR
2121,Derrick Byars,946,2005-06,Vanderbilt,30,30,946,131,271,68,128,63,143,48,67,27,80,107,96,29,7,72,70,373,.483,.531,.441,.716,.616,.600,G,JR
2122,Dewarick Spencer,946,2003-04,Arkansas State,28,28,946,174,364,88,176,86,188,99,124,36,121,157,74,40,14,91,98,533,.478,.500,.457,.798,.630,.596,G,JR
2123,Elliott Prasse-Freeman,946,2002-03,Harvard,27,27,946,71,194,33,80,38,114,41,61,19,92,111,207,38,3,110,73,221,.366,.413,.333,.672,.496,.464,G,SR
2124,John Goldsberry,946,2004-05,UNC Wilmington,27,26,946,102,222,43,86,59,136,65,86,25,76,101,129,56,1,59,59,328,.459,.500,.434,.756,.624,.592,G,JR
2125,Julius Jenkins,946,2002-03,Georgia Southern,27,26,946,213,469,139,292,74,177,84,117,48,84,132,91,29,6,64,56,584,.454,.476,.418,.718,.557,.533,G,SR
2126,Kareem Grant,946,2005-06,Tennessee State,28,28,946,172,337,115,190,57,147,48,57,34,80,114,35,28,5,39,74,449,.510,.605,.388,.842,.617,.595,F,SR
2127,Kenny Adeleke,946,2002-03,Hofstra,29,28,946,193,390,193,387,0,3,82,148,132,188,320,30,20,20,125,88,468,.495,.499,.000,.554,.508,.495,F,SO
2128,Kurt Attaway,946,2006-07,UTSA,29,29,946,63,200,36,105,27,95,55,76,15,57,72,120,60,5,76,92,208,.315,.343,.284,.724,.440,.383,G,SR
2129,Matt Bouldin,946,2006-07,Gonzaga,34,20,946,104,232,75,152,29,80,66,89,33,91,124,104,27,4,69,84,303,.448,.493,.363,.742,.552,.511,G,FR
2130,Maurice Searight,946,2003-04,Grambling State,28,27,946,63,143,56,109,7,34,31,54,48,95,143,195,44,9,89,68,164,.441,.514,.206,.574,.486,.465,G,SO
2131,Nick Welch,946,2006-07,Air Force,35,35,946,126,243,104,168,22,75,72,99,24,100,124,73,24,12,67,71,346,.519,.619,.293,.727,.597,.564,C,SR
2132,Rasheem Barrett,946,2006-07,Auburn,32,24,946,132,349,86,194,46,155,41,61,38,87,125,73,36,6,66,57,351,.378,.443,.297,.672,.464,.444,G,SO
2133,Ryan Appleby,946,2006-07,Washington,32,24,946,107,258,23,64,84,194,38,41,7,54,61,70,25,6,49,70,336,.415,.359,.433,.927,.605,.578,G,JR
2134,Troy Aaron,946,2006-07,McNeese State,30,30,946,107,261,73,160,34,101,47,68,38,68,106,62,28,2,77,74,295,.410,.456,.337,.691,.503,.475,G,SR
2135,Aaron Fitzgerald,945,2004-05,UC Irvine,29,28,945,129,298,93,188,36,110,73,97,21,81,102,152,29,4,106,65,367,.433,.495,.327,.753,.533,.493,G,JR
2136,Alex Loughton,945,2004-05,Old Dominion,34,34,945,188,374,178,340,10,34,95,122,100,179,279,56,46,26,57,89,481,.503,.524,.294,.779,.557,.516,C,JR
2137,Anthony Wilkins,945,2002-03,Kent State,31,31,945,98,227,31,56,67,171,44,61,32,124,156,36,12,2,41,71,307,.432,.554,.392,.721,.600,.579,G,SR
2138,Aubrey Conerly,945,2003-04,Jacksonville,28,25,945,63,175,32,74,31,101,76,98,12,67,79,103,40,4,55,63,233,.360,.432,.307,.776,.526,.449,G,SO
2139,Boakai Lalugba,945,2002-03,Bucknell,29,29,945,157,318,156,312,1,6,123,221,79,196,275,62,45,32,117,73,438,.494,.500,.167,.557,.518,.495,F,SR
2140,Chris Shumate,945,2003-04,Murray State,34,25,945,142,291,69,128,73,163,41,54,27,77,104,84,41,10,39,40,398,.488,.539,.448,.759,.628,.613,G,SR
2141,Corey Gipson,945,2002-03,Austin Peay,31,31,945,79,231,25,77,54,154,48,61,11,70,81,80,33,2,64,63,260,.342,.325,.351,.787,.500,.459,G,JR
2142,Jackson Atoyebi,945,2003-04,Elon,30,27,945,178,317,178,315,0,2,127,172,109,124,233,27,40,25,78,97,483,.562,.565,.000,.738,.606,.562,F,JR
2143,James Gist,945,2006-07,Maryland,34,33,945,169,316,160,295,9,21,83,117,76,170,246,45,29,72,62,85,430,.535,.542,.429,.709,.579,.549,F,JR
2144,Jeremy Kelly,945,2005-06,UT Martin,28,28,945,136,334,93,173,43,161,126,158,24,65,89,120,56,8,100,95,441,.407,.538,.267,.797,.539,.472,G,SR
2145,Jonathan Mends,945,2004-05,Youngstown State,27,27,945,59,150,54,128,5,22,29,51,15,65,80,97,18,4,78,65,152,.393,.422,.227,.569,.436,.410,G,JR
2146,Keith Howell,945,2003-04,UT Arlington,29,29,945,100,210,99,198,1,12,98,117,23,78,101,64,42,0,56,57,299,.476,.500,.083,.838,.563,.479,G,SR
2147,McHugh Mattis,945,2005-06,South Florida,29,22,945,105,175,105,173,0,2,69,109,90,118,208,31,33,61,79,96,279,.600,.607,.000,.633,.615,.600,G,JR
2148,Mike Skrocki,945,2002-03,Richmond,29,29,945,99,310,50,142,49,168,78,93,15,88,103,49,26,5,59,69,325,.319,.352,.292,.839,.459,.398,F,JR
2149,Mike Slattery,945,2003-04,Delaware,28,28,945,107,252,70,156,37,96,56,85,13,69,82,166,47,3,71,58,307,.425,.449,.385,.659,.525,.498,G,JR
2150,Paige Paulsen,945,2006-07,Milwaukee,30,30,945,115,290,75,165,40,125,70,98,60,112,172,28,26,13,43,88,340,.397,.455,.320,.714,.505,.466,F,JR
2151,Robert Dozier,945,2006-07,Memphis,37,36,945,130,276,118,235,12,41,85,134,98,133,231,39,35,57,70,107,357,.471,.502,.293,.634,.526,.493,F,SO
2152,Simon Conn,945,2005-06,Gardner-Webb,29,29,945,187,330,186,324,1,6,63,86,95,149,244,50,18,70,69,77,438,.567,.574,.167,.733,.591,.568,C,SR
2153,Abe Badmus,944,2006-07,Bucknell,31,31,944,72,170,47,105,25,65,62,83,26,58,84,96,48,2,83,87,231,.424,.448,.385,.747,.552,.497,G,SR
2154,Brendon Merritt,944,2002-03,Eastern Washington,31,31,944,104,239,59,104,45,135,96,127,16,87,103,77,49,6,44,85,349,.435,.567,.333,.756,.583,.529,G,JR
2155,Brian Swift,944,2003-04,South Florida,27,26,944,91,217,33,72,58,145,28,39,7,67,74,119,26,1,82,51,268,.419,.458,.400,.718,.569,.553,G,JR
2156,Daevon Haskins,944,2005-06,Louisiana Tech,33,33,944,62,183,61,176,1,7,44,70,33,66,99,161,58,2,82,66,169,.339,.347,.143,.629,.391,.342,G,SR
2157,Eddie Ard,944,2005-06,Lipscomb,32,29,944,187,376,146,279,41,97,103,126,54,119,173,50,58,19,99,97,518,.497,.523,.423,.817,.594,.552,G,SO
2158,Kueth Duany,944,2002-03,Syracuse,35,35,944,133,303,90,180,43,123,77,114,45,83,128,71,36,17,57,75,386,.439,.500,.350,.675,.540,.510,G,SR
2159,Marcus Dove,944,2006-07,Oklahoma State,33,26,944,63,108,59,88,4,20,25,40,50,100,150,41,41,38,64,77,155,.583,.670,.200,.625,.610,.602,G,JR
2160,Seth Doliboa,944,2003-04,Wright State,28,28,944,147,364,120,267,27,97,99,120,51,156,207,29,14,12,66,79,420,.404,.449,.278,.825,.499,.441,F,SR
2161,Tommy Gunn,944,2003-04,Middle Tennessee,29,28,944,151,317,95,169,56,148,106,130,41,110,151,61,45,18,70,82,464,.476,.562,.378,.815,.613,.565,G,SR
2162,Anthony Green,943,2002-03,Binghamton,27,27,943,140,377,69,169,71,208,100,119,19,110,129,114,50,6,100,43,451,.371,.408,.341,.840,.520,.466,G,SR
2163,Brandon Mason,943,2002-03,New Mexico State,29,28,943,129,294,102,214,27,80,62,73,29,79,108,101,29,3,61,42,347,.439,.477,.338,.849,.528,.485,G,SR
2164,Cedric Bozeman,943,2003-04,UCLA,28,28,943,81,196,75,169,6,27,41,74,15,90,105,155,16,2,84,71,209,.413,.444,.222,.554,.452,.429,G,JR
2165,Chris Timberlake,943,2005-06,North Florida,28,28,943,99,244,43,102,56,142,31,41,10,54,64,100,28,0,70,58,285,.406,.422,.394,.756,.541,.520,G,SO
2166,Dameon Mason,943,2004-05,Marquette,31,28,943,142,333,127,271,15,62,71,103,65,109,174,57,19,7,89,65,370,.426,.469,.242,.689,.484,.449,F,SO
2167,Hilton Armstrong Jr,943,2005-06,Connecticut,34,33,943,118,194,117,192,1,2,92,133,68,158,226,25,21,107,77,94,329,.608,.609,.500,.692,.640,.611,C,SR
2168,Jesse Bunkley,943,2006-07,Eastern Michigan,32,28,943,115,311,34,95,81,216,40,60,15,43,58,51,28,4,68,76,351,.370,.358,.375,.667,.517,.500,G,JR
2169,Justin Allen,943,2006-07,Southern Utah,29,29,943,107,258,84,185,23,73,83,119,18,90,108,61,36,6,57,51,320,.415,.454,.315,.697,.509,.459,G,SR
2170,Mensah Peterson,943,2004-05,Fairleigh Dickinson,31,29,943,70,172,35,74,35,98,54,58,26,80,106,78,33,3,60,81,229,.407,.473,.357,.931,.574,.509,G,SR
2171,Miah Davis,943,2002-03,Pacific,28,26,943,87,233,44,105,43,128,65,72,21,75,96,71,26,2,61,77,282,.373,.419,.336,.903,.528,.466,G,JR
2172,Terrence Leather,943,2004-05,South Florida,29,27,943,181,362,175,351,6,11,159,223,81,196,277,40,32,10,102,87,527,.500,.499,.545,.713,.563,.508,F,SR
2173,Thomas Kelati,943,2003-04,Washington State,29,28,943,112,256,41,96,71,160,26,27,12,71,83,65,38,10,42,66,321,.438,.427,.444,.963,.597,.576,G,JR
2174,Tyler Hansbrough,943,2005-06,North Carolina,31,30,943,199,349,197,345,2,4,187,253,111,132,243,40,38,23,77,88,587,.570,.571,.500,.739,.626,.573,F,FR
2175,Vince Greene,943,2002-03,Illinois State,29,27,943,125,245,79,143,46,102,61,69,12,66,78,129,47,0,96,55,357,.510,.552,.451,.884,.643,.604,G,SO
2176,Ben Reed,942,2003-04,Western Michigan,31,31,942,156,329,82,165,74,164,109,138,59,94,153,67,23,2,68,56,495,.474,.497,.451,.790,.627,.587,G,JR
2177,Boo Wade,942,2003-04,Wisconsin,30,28,942,74,177,65,126,9,51,48,63,40,63,103,79,31,11,45,50,205,.418,.516,.176,.762,.495,.444,G,SO
2178,Brett Starkey,942,2002-03,Denver,32,32,942,142,284,142,283,0,1,99,144,118,193,311,35,24,11,53,99,383,.500,.502,.000,.688,.543,.500,C,JR
2179,Bryant Markson,942,2005-06,Utah,28,27,942,128,253,112,217,16,36,98,128,61,91,152,63,38,5,84,53,370,.506,.516,.444,.766,.590,.538,F,SR
2180,Chris Sumner,942,2002-03,Mount St. Mary's,27,27,942,64,166,36,85,28,81,38,52,25,45,70,121,57,2,70,56,194,.386,.424,.346,.731,.509,.470,G,FR
2181,Goran Suton,942,2006-07,Michigan State,35,21,942,137,269,137,264,0,5,53,82,79,156,235,85,23,26,90,94,327,.509,.519,.000,.646,.531,.509,C,SO
2182,Jerome Dyson,942,2006-07,Connecticut,31,30,942,131,363,87,228,44,135,123,171,36,77,113,65,58,11,66,80,429,.361,.382,.326,.719,.483,.421,G,FR
2183,John Hamilton,942,2003-04,Weber State,29,29,942,126,268,57,112,69,156,47,74,6,75,81,58,8,0,39,29,368,.470,.509,.442,.635,.607,.599,G,SR
2184,Kevin Bettencourt,942,2003-04,Bucknell,29,28,942,119,335,47,111,72,224,122,149,19,69,88,81,44,2,82,43,432,.355,.423,.321,.819,.532,.463,G,SO
2185,Kevin Bookout,942,2002-03,Oklahoma,34,33,942,142,242,142,242,0,0,34,62,66,136,202,18,19,21,40,84,318,.587,.587,,.548,.586,.587,F,FR
2186,Lance Allred,942,2004-05,Weber State,29,28,942,185,359,182,354,3,5,141,199,122,226,348,49,15,6,84,72,514,.515,.514,.600,.709,.567,.519,C,SR
2187,Mario Jointer,942,2004-05,South Alabama,28,27,942,147,368,62,154,85,214,85,130,35,110,145,52,47,2,92,84,464,.399,.403,.397,.654,.540,.515,G,JR
2188,Marvin Lewis,942,2002-03,Georgia Tech,31,28,942,127,305,64,133,63,172,60,73,44,64,108,67,27,5,48,62,377,.416,.481,.366,.822,.555,.520,G,JR
2189,Nick D'Antoni,942,2003-04,William & Mary,28,28,942,61,190,30,89,31,101,45,59,7,72,79,159,26,0,76,71,198,.321,.337,.307,.763,.454,.403,G,JR
2190,Nigel Wyatte,942,2002-03,Wagner,32,32,942,145,314,132,276,13,38,62,102,99,176,275,38,28,24,85,110,365,.462,.478,.342,.608,.504,.482,F,JR
2191,Patrick Bouli,942,2006-07,Manhattan,30,17,942,63,163,38,81,25,82,38,52,27,111,138,81,52,1,53,68,189,.387,.469,.305,.731,.503,.463,G,FR
2192,Sammy Hunter,942,2006-07,Western Illinois,30,30,942,105,254,71,149,34,105,87,116,27,60,87,70,29,1,57,56,331,.413,.477,.324,.750,.535,.480,G,SR
2193,Zakee Wadood,942,2002-03,East Tennessee State,29,28,942,152,303,140,250,12,53,111,164,77,159,236,65,93,66,90,93,427,.502,.560,.226,.677,.561,.521,F,JR
2194,Acie Law IV,941,2004-05,Texas A&M,31,30,941,140,284,112,211,28,73,63,88,19,90,109,153,33,0,85,100,371,.493,.531,.384,.716,.569,.542,G,SO
2195,Alan Wiggins,941,2005-06,San Francisco,28,28,941,146,277,144,267,2,10,101,148,83,150,233,37,30,58,70,88,395,.527,.539,.200,.682,.569,.531,F,JR
2196,Chris Bruff,941,2006-07,Maine,30,26,941,129,244,126,229,3,15,59,85,59,118,177,56,37,18,82,83,320,.529,.550,.200,.694,.563,.535,G,SR
2197,David Sanders,941,2002-03,Ole Miss,29,26,941,88,202,59,120,29,82,88,113,26,88,114,90,35,8,68,69,293,.436,.492,.354,.779,.573,.507,G,SR
2198,Domonic Jones,941,2002-03,VCU,28,28,941,143,336,123,275,20,61,41,76,39,82,121,108,41,20,78,58,347,.426,.447,.328,.539,.466,.455,G,JR
2199,Doron Perkins,941,2004-05,Santa Clara,31,29,941,156,389,105,226,51,163,114,177,56,131,187,105,74,18,82,111,477,.401,.465,.313,.644,.504,.467,G,SR
2200,Jerry Smith,941,2004-05,Samford,28,26,941,84,166,59,104,25,62,47,75,13,92,105,98,38,0,71,38,240,.506,.567,.403,.627,.595,.581,G,SO
2201,Jimmy McKinney,941,2004-05,Missouri,33,31,941,76,188,57,114,19,74,66,85,18,81,99,78,27,4,67,70,237,.404,.500,.257,.776,.519,.455,G,JR
2202,Keoni Watson,941,2006-07,Idaho,30,28,941,191,435,121,262,70,173,91,117,16,74,90,65,37,1,100,82,543,.439,.462,.405,.778,.553,.520,G,SR
2203,Lorenzo Williams,941,2005-06,Rice,28,28,941,110,264,91,201,19,63,56,79,10,78,88,170,39,8,89,49,295,.417,.453,.302,.709,.489,.453,G,JR
2204,Melvin Scott,941,2003-04,North Carolina,30,27,941,97,240,41,90,56,150,47,68,16,73,89,79,41,9,62,77,297,.404,.456,.373,.691,.545,.521,G,JR
2205,Steve Barnes,941,2005-06,Southern Utah,30,29,941,84,166,39,74,45,92,38,49,3,67,70,149,29,2,74,59,251,.506,.527,.489,.776,.663,.642,G,JR
2206,Tim Parham,941,2005-06,Maryland Eastern Shore,29,24,941,159,300,159,300,0,0,87,164,116,183,299,16,15,17,76,70,405,.530,.530,,.530,.536,.530,F,SR
2207,Alex Acker,940,2003-04,Pepperdine,29,26,940,138,307,106,220,32,87,85,107,51,104,155,111,53,12,72,63,393,.450,.482,.368,.794,.549,.502,G,SO
2208,Andre Ingram,940,2005-06,American,29,29,940,115,333,66,188,49,145,69,88,29,108,137,53,29,2,57,56,348,.345,.351,.338,.784,.464,.419,G,JR
2209,Brandon Bowman,940,2005-06,Georgetown,33,33,940,129,287,103,196,26,91,78,114,45,121,166,61,35,20,69,76,362,.449,.526,.286,.684,.531,.495,F,SR
2210,Brian Cook,940,2002-03,Illinois,30,30,940,202,422,175,333,27,89,168,205,44,183,227,60,20,13,83,88,599,.479,.526,.303,.820,.577,.511,F,SR
2211,Dwayne Byfield,940,2003-04,Monmouth,31,30,940,132,318,67,162,65,156,53,70,16,87,103,64,40,1,55,59,382,.415,.414,.417,.757,.544,.517,G,JR
2212,Field Williams,940,2003-04,Cincinnati,32,32,940,130,299,40,93,90,206,30,36,13,63,76,69,27,0,35,55,380,.435,.430,.437,.833,.601,.585,G,SR
2213,Garrett Farha,940,2004-05,Saint Francis (PA),28,28,940,45,118,10,43,35,75,41,52,20,67,87,194,34,0,85,65,166,.381,.233,.467,.788,.582,.530,G,JR
2214,James White IV,940,2004-05,Cincinnati,33,30,940,109,246,73,152,36,94,83,104,35,123,158,102,30,12,66,71,337,.443,.480,.383,.798,.570,.516,F,JR
2215,Jason Frederick,940,2002-03,Milwaukee,32,31,940,109,284,36,98,73,186,40,62,21,37,58,77,49,6,49,55,331,.384,.367,.392,.645,.528,.512,G,SR
2216,Jejuan Plair,940,2005-06,Sam Houston State,31,31,940,116,297,70,169,46,128,111,170,22,86,108,175,54,2,98,79,389,.391,.414,.359,.653,.515,.468,G,JR
2217,Jonathan Sanders,940,2004-05,St. Mary's (CA),33,33,940,87,178,78,147,9,31,70,98,53,93,146,57,24,23,75,90,253,.489,.531,.290,.714,.563,.514,G,SR
2218,Kyle Wente,940,2002-03,Princeton,27,24,940,61,125,45,77,16,48,20,31,34,73,107,94,52,2,40,59,158,.488,.584,.333,.645,.565,.552,G,SR
2219,Mike Cook,940,2006-07,Pittsburgh,37,37,940,138,277,116,231,22,46,89,129,44,81,125,95,22,2,63,62,387,.498,.502,.478,.690,.572,.538,F,JR
2220,P.J. Smith,940,2002-03,Northern Illinois,31,31,940,158,344,99,202,59,142,82,107,29,83,112,60,51,7,91,87,457,.459,.490,.415,.766,.579,.545,G,JR
2221,Spencer Nelson,940,2004-05,Utah State,32,32,940,174,290,164,253,10,37,155,197,74,179,253,152,37,17,79,78,513,.600,.648,.270,.787,.669,.617,F,SR
2222,Yemi Nicholson,940,2004-05,Denver,31,31,940,235,400,235,400,0,0,91,133,82,179,261,29,23,92,61,69,561,.588,.588,,.684,.606,.588,C,JR
2223,Adam Sonn,939,2002-03,Belmont,29,29,939,167,369,161,348,6,21,127,165,79,273,352,109,31,15,106,77,467,.453,.463,.286,.770,.522,.461,C,SR
2224,Dustin Van Weerdhuizen,939,2002-03,High Point,26,25,939,128,316,82,163,46,153,70,85,47,102,149,79,29,10,85,68,372,.405,.503,.301,.824,.522,.478,F,SR
2225,Eulis Baez,939,2004-05,Western Illinois,28,28,939,155,275,148,261,7,14,111,169,72,140,212,80,54,33,98,88,428,.564,.567,.500,.657,.602,.576,F,SR
2226,Gary Forbes,939,2006-07,Massachusetts,33,23,939,151,354,119,256,32,98,96,150,51,142,193,81,31,16,79,65,430,.427,.465,.327,.640,.506,.472,F,JR
2227,Ian Vouyoukas,939,2006-07,Saint Louis,33,32,939,154,298,149,275,5,23,96,160,66,178,244,49,9,57,81,101,409,.517,.542,.217,.600,.547,.525,C,SR
2228,Josh Davis,939,2004-05,UC Santa Barbara,29,29,939,103,252,78,178,25,74,62,90,48,89,137,50,42,1,50,77,293,.409,.438,.338,.689,.497,.458,G,JR
2229,Justin Reed,939,2003-04,Ole Miss,28,27,939,193,416,179,357,14,59,117,160,77,132,209,41,19,23,83,86,517,.464,.501,.237,.731,.525,.481,F,SR
2230,Keith Triplett,939,2004-05,Toledo,29,28,939,144,337,115,232,29,105,122,147,41,71,112,91,75,3,67,58,439,.427,.496,.276,.830,.540,.470,G,SR
2231,Reiley Ervin,939,2005-06,Tennessee State,28,27,939,79,222,40,80,39,142,57,87,12,52,64,138,42,1,86,79,254,.356,.500,.275,.655,.482,.444,G,SO
2232,Ricky Woods,939,2005-06,Southeastern Louisiana,28,28,939,171,349,170,344,1,5,156,246,108,196,304,60,57,47,82,84,499,.490,.494,.200,.634,.536,.491,F,SR
2233,Russell Robinson,939,2005-06,Kansas,33,32,939,93,251,65,164,28,87,92,124,40,63,103,152,76,17,73,71,306,.371,.396,.322,.742,.494,.426,G,SO
2234,Sam Hoskin,939,2002-03,DePaul,29,29,939,151,279,139,241,12,38,139,169,70,149,219,31,22,12,54,62,453,.541,.577,.316,.822,.630,.563,F,SR
2235,Spencer Laurie,939,2006-07,Missouri State,33,33,939,70,198,33,90,37,108,18,29,8,68,76,141,37,5,71,63,195,.354,.367,.343,.621,.460,.447,G,SO
2236,Stetson Hairston,939,2004-05,Southern Illinois,34,30,939,101,259,63,134,38,125,79,96,33,87,120,77,38,8,76,78,319,.390,.470,.304,.823,.524,.463,G,SR
2237,A.J. Meredith,938,2002-03,New Orleans,29,29,938,48,143,19,72,29,71,62,76,22,75,97,119,32,1,76,59,187,.336,.264,.408,.816,.522,.437,G,JR
2238,Anthony Kann,938,2002-03,Western Michigan,30,30,938,159,309,150,287,9,22,106,152,104,159,263,40,59,13,70,98,433,.515,.523,.409,.697,.568,.529,F,JR
2239,Brandon Roy,938,2003-04,Washington,31,31,938,144,300,138,273,6,27,106,135,46,118,164,102,37,11,84,74,400,.480,.505,.222,.785,.549,.490,G,SO
2240,Bryant McAllister,938,2004-05,Duquesne,30,30,938,170,405,139,310,31,95,111,135,38,81,119,83,54,1,81,72,482,.420,.448,.326,.822,.514,.458,G,JR
2241,Carlos Dixon,938,2004-05,Virginia Tech,30,30,938,150,336,96,205,54,131,61,79,36,100,136,53,54,23,63,76,415,.446,.468,.412,.772,.556,.527,F,SR
2242,Clayton Morgan,938,2006-07,Longwood,31,31,938,132,311,124,272,8,39,131,182,81,138,219,46,24,20,72,95,403,.424,.456,.205,.720,.507,.437,F,SR
2243,Daniel Gilbert,938,2004-05,Buffalo,33,33,938,95,194,77,136,18,58,43,63,56,72,128,58,59,3,59,86,251,.490,.566,.310,.683,.560,.536,G,SR
2244,Golden Ingle,938,2005-06,Kennesaw State,26,25,938,126,368,72,170,54,198,126,158,20,54,74,159,47,1,99,53,432,.342,.424,.273,.797,.488,.416,G,JR
2245,James Williams,938,2003-04,LIU Brooklyn,26,25,938,82,239,36,116,46,123,89,114,21,77,98,100,21,1,98,74,299,.343,.310,.374,.781,.510,.439,G,FR
2246,Jeremy Fears,938,2004-05,Ohio,32,27,938,121,304,100,200,21,104,89,123,24,53,77,118,58,2,106,72,352,.398,.500,.202,.724,.486,.433,G,FR
2247,John Bowler,938,2005-06,Eastern Michigan,28,28,938,189,344,187,337,2,7,183,253,91,210,301,70,22,16,106,92,563,.549,.555,.286,.723,.606,.552,F,SR
2248,Kyle Bailey,938,2003-04,Santa Clara,30,27,938,121,318,61,149,60,169,70,91,27,114,141,110,41,4,89,54,372,.381,.409,.355,.769,.515,.475,G,JR
2249,Marcus Ardison,938,2005-06,Arkansas State,30,27,938,122,232,122,232,0,0,98,150,75,142,217,37,11,18,74,92,342,.526,.526,,.653,.564,.526,F,SR
2250,McClenon Tolliver,938,2006-07,UT Martin,31,31,938,82,223,65,144,17,79,71,103,22,67,89,75,30,0,64,53,252,.368,.451,.215,.689,.463,.406,G,SR
2251,Ralfeal Golden,938,2003-04,Alabama State,31,30,938,117,287,87,176,30,111,111,147,39,111,150,36,28,3,65,81,375,.408,.494,.270,.755,.525,.460,F,JR
2252,Robert Battle,938,2002-03,Drexel,31,31,938,157,297,157,297,0,0,153,219,91,164,255,27,24,116,60,95,467,.529,.529,,.699,.582,.529,C,SR
2253,Tyrone Tiggs,938,2002-03,Oral Roberts,28,28,938,129,314,61,131,68,183,56,69,31,126,157,82,30,7,83,58,382,.411,.466,.372,.812,.551,.519,G,SR
2254,Al Stewart,937,2006-07,Drake,32,32,937,80,156,78,146,2,10,87,118,57,73,130,174,40,1,89,62,249,.513,.534,.200,.737,.587,.519,G,SR
2255,Alvin Reed,937,2003-04,Colgate,29,29,937,109,292,56,146,53,146,61,82,21,65,86,95,37,3,82,71,332,.373,.384,.363,.744,.502,.464,G,SO
2256,Anthony Myles,937,2003-04,Xavier,37,37,937,171,319,171,319,0,0,49,99,109,147,256,32,24,27,58,84,391,.536,.536,,.495,.534,.536,F,SR
2257,Anthony Roberson,937,2003-04,Florida,30,29,937,180,390,81,157,99,233,79,92,17,72,89,108,34,3,66,64,538,.462,.516,.425,.859,.620,.588,G,SO
2258,Brandon Morris,937,2003-04,Green Bay,28,28,937,107,232,72,150,35,82,55,73,18,118,136,68,44,9,73,75,304,.461,.480,.427,.753,.570,.537,G,JR
2259,Daniel Kickert,937,2005-06,St. Mary's (CA),28,28,937,157,346,98,217,59,129,95,108,32,124,156,29,17,19,70,66,468,.454,.452,.457,.880,.589,.539,F,SR
2260,Darryl Proctor,937,2005-06,Coppin State,30,30,937,146,316,145,306,1,10,112,168,72,162,234,47,45,9,56,75,405,.462,.474,.100,.667,.512,.464,F,SO
2261,James Life,937,2006-07,Massachusetts,33,33,937,128,294,41,71,87,223,37,45,22,51,73,43,48,7,44,81,380,.435,.577,.390,.822,.602,.583,G,SR
2262,J.R. Reynolds,937,2004-05,Virginia,29,27,937,98,270,47,123,51,147,64,78,15,58,73,50,23,4,44,79,311,.363,.382,.347,.821,.506,.457,G,SO
2263,Landy Thompson,937,2002-03,Mount St. Mary's,27,27,937,135,380,73,206,62,174,89,127,43,72,115,69,42,4,59,72,421,.355,.354,.356,.701,.478,.437,G,FR
2264,Matt Rohde,937,2003-04,Green Bay,28,28,937,90,253,32,84,58,169,39,56,27,58,85,59,13,2,35,50,277,.356,.381,.343,.696,.495,.470,G,JR
2265,Pooh Jeter,937,2003-04,Portland,28,26,937,152,369,84,216,68,153,92,106,7,70,77,90,39,0,75,45,464,.412,.389,.444,.868,.553,.504,G,SO
2266,Randolph Morris,937,2006-07,Kentucky,34,32,937,202,341,202,341,0,0,142,208,67,197,264,37,26,70,74,80,546,.592,.592,,.683,.621,.592,C,JR
2267,Sai'Quon Stone,937,2006-07,Southern Mississippi,31,29,937,77,194,74,184,3,10,162,230,78,89,167,48,36,9,57,76,319,.397,.402,.300,.704,.526,.405,G,FR
2268,Walker Russell,937,2003-04,Jacksonville State,28,25,937,120,253,100,191,20,62,95,120,19,75,94,182,53,1,100,74,355,.474,.524,.323,.792,.573,.514,G,SO
2269,Brent Crews,936,2006-07,Florida Atlantic,30,28,936,58,135,44,87,14,48,31,44,23,80,103,140,44,7,89,103,161,.430,.506,.292,.705,.516,.481,G,SR
2270,Cantrell Fletcher,936,2004-05,Towson,28,23,936,81,241,49,138,32,103,72,91,20,74,94,86,41,0,66,48,266,.336,.355,.311,.791,.468,.402,G,JR
2271,Chris Hill,936,2004-05,Milwaukee,32,24,936,72,166,42,86,30,80,75,99,29,67,96,103,34,1,53,74,249,.434,.488,.375,.758,.584,.524,G,JR
2272,Derrick Smith,936,2003-04,Norfolk State,29,29,936,97,254,70,162,27,92,83,121,32,69,101,29,31,5,55,70,304,.382,.432,.293,.686,.488,.435,G,SR
2273,Ernest Turner,936,2005-06,Maine,28,28,936,144,339,87,185,57,154,81,106,12,104,116,56,37,3,77,59,426,.425,.470,.370,.764,.547,.509,G,SR
2274,Jordan Hasquet,936,2006-07,Montana,32,31,936,152,319,111,202,41,117,72,96,77,127,204,65,23,23,49,96,417,.476,.550,.350,.750,.572,.541,F,SO
2275,Justin Gray,936,2003-04,Wake Forest,31,30,936,168,410,71,154,97,256,93,117,21,79,100,87,35,2,78,95,526,.410,.461,.379,.795,.565,.528,G,SO
2276,Marquis Sykes,936,2002-03,Morehead State,29,29,936,97,213,82,163,15,50,36,47,21,73,94,164,48,2,71,39,245,.455,.503,.300,.766,.521,.491,G,SR
2277,Tim Henderson,936,2002-03,Jackson State,28,27,936,162,365,103,196,59,169,107,154,52,114,166,32,48,16,54,71,490,.444,.526,.349,.695,.559,.525,F,SR
2278,Will Venable,936,2003-04,Princeton,28,28,936,104,183,89,142,15,41,66,96,28,109,137,81,43,5,66,59,289,.568,.627,.366,.688,.632,.609,G,JR
2279,Woody Souffrant,936,2002-03,Hofstra,28,28,936,90,227,55,125,35,102,29,53,28,68,96,127,26,0,91,65,244,.396,.440,.343,.547,.484,.474,G,SO
2280,Aaron Harper,935,2003-04,Ole Miss,28,27,935,158,355,91,182,67,173,79,117,32,112,144,91,38,3,85,71,462,.445,.500,.387,.675,.563,.539,F,SR
2281,Clint Cuffle,935,2003-04,Evansville,29,29,935,141,314,82,155,59,159,60,69,26,154,180,42,15,10,49,62,401,.449,.529,.371,.870,.578,.543,G,SR
2282,Darius Glover,935,2006-07,Florida A&M,35,26,935,148,326,148,322,0,4,86,145,87,113,200,63,23,9,100,115,382,.454,.460,.000,.593,.484,.454,F,SR
2283,Fred Washington,935,2006-07,Stanford,31,31,935,85,163,85,161,0,2,83,132,69,91,160,113,22,10,81,92,253,.521,.528,.000,.629,.560,.521,F,JR
2284,Kevin Criswell,935,2004-05,Montana,30,29,935,106,267,66,134,40,133,117,151,24,106,130,64,33,1,58,53,369,.397,.493,.301,.775,.545,.472,G,JR
2285,Kraig Peters,935,2006-07,NJIT,29,28,935,108,289,58,144,50,145,52,69,21,83,104,38,29,10,78,70,318,.374,.403,.345,.754,.494,.460,G,JR
2286,Mike Scott,935,2006-07,Kent State,32,32,935,109,238,91,170,18,68,65,98,63,141,204,32,28,21,43,73,301,.458,.535,.265,.663,.529,.496,F,JR
2287,Richie Williams,935,2005-06,San Diego State,33,32,935,71,168,52,109,19,59,58,81,26,61,87,127,58,2,97,77,219,.423,.477,.322,.716,.530,.479,G,FR
2288,Tommie Liddell,935,2005-06,Saint Louis,29,29,935,120,294,118,273,2,21,56,89,63,138,201,77,29,18,73,70,298,.408,.432,.095,.629,.443,.412,G,FR
2289,Vernon Hamilton,935,2005-06,Clemson,31,23,935,138,309,111,233,27,76,70,127,29,69,98,94,83,4,83,67,373,.447,.476,.355,.551,.505,.490,G,JR
2290,A.J. Moye,934,2003-04,Indiana,29,22,934,105,225,88,180,17,45,64,88,74,112,186,43,20,2,55,93,291,.467,.489,.378,.727,.545,.504,G,SR
2291,Ashanti Cook,934,2003-04,Georgetown,28,28,934,93,270,64,179,29,91,42,56,33,81,114,106,46,0,73,53,257,.344,.358,.319,.750,.433,.398,G,SO
2292,DaShaun Wood,934,2003-04,Wright State,27,27,934,86,202,72,164,14,38,49,63,,,112,82,40,3,,,235,.426,.439,.368,.778,.507,.460,G,FR
2293,Ebi Ere,934,2002-03,Oklahoma,34,23,934,151,399,104,246,47,153,88,123,64,98,162,65,29,11,76,51,437,.378,.423,.307,.715,.478,.437,G,SR
2294,Erik Crawford,934,2003-04,Northern Iowa,31,31,934,103,243,75,164,28,79,87,104,31,129,160,83,20,6,58,83,321,.424,.457,.354,.837,.549,.481,G,SO
2295,Grant Stout,934,2006-07,Northern Iowa,31,31,934,142,303,108,213,34,90,72,112,70,208,278,53,18,50,43,73,390,.469,.507,.378,.643,.547,.525,F,SR
2296,Ian Vouyoukas,934,2005-06,Saint Louis,29,29,934,136,248,136,243,0,5,132,182,81,134,215,48,16,55,78,76,404,.548,.560,.000,.725,.604,.548,C,JR
2297,Jaivon Harris,934,2002-03,Ohio,30,30,934,75,178,40,83,35,95,49,70,21,80,101,94,40,9,63,93,234,.421,.482,.368,.700,.554,.520,G,JR
2298,Jake Schroeder,934,2005-06,Portland State,28,28,934,107,253,35,78,72,175,63,79,26,86,112,76,38,0,52,52,349,.423,.449,.411,.797,.601,.565,G,SR
2299,James Florence,934,2006-07,Mercer,28,28,934,163,437,108,254,55,183,158,203,,,114,91,47,14,,,539,.373,.425,.301,.778,.505,.436,G,FR
2300,Jarius Glenn,934,2003-04,Tulsa,29,29,934,127,247,126,234,1,13,110,166,62,116,178,57,44,13,80,92,365,.514,.538,.077,.663,.560,.516,F,JR
2301,Joey Dorsey,934,2006-07,Memphis,37,37,934,121,197,121,197,0,0,71,152,162,185,347,13,53,81,63,106,313,.614,.614,,.467,.581,.614,F,JR
2302,Lamar Hurd,934,2002-03,Oregon State,28,28,934,64,152,63,144,1,8,50,75,16,92,108,105,20,7,66,65,179,.421,.438,.125,.667,.477,.424,G,FR
2303,Marco Killingsworth,934,2002-03,Auburn,34,33,934,170,309,157,273,13,36,98,143,81,138,219,33,18,10,98,97,451,.550,.575,.361,.685,.598,.571,F,SO
2304,Patrick Sparks,934,2005-06,Kentucky,35,35,934,120,286,51,107,69,179,31,40,13,58,71,114,31,1,71,44,340,.420,.477,.385,.775,.557,.540,G,SR
2305,Randall Gulina,934,2005-06,Samford,31,31,934,137,309,90,169,47,140,69,86,35,74,109,55,22,2,51,66,390,.443,.533,.336,.802,.557,.519,G,JR
2306,Trevor Booker,934,2006-07,Clemson,36,36,934,159,264,159,264,0,0,56,91,112,120,232,38,32,78,71,95,374,.602,.602,,.615,.609,.602,F,FR
2307,Bernard Robinson Jr,933,2002-03,Michigan,29,29,933,124,272,111,235,13,37,78,92,44,134,178,100,38,19,102,77,339,.456,.472,.351,.848,.537,.480,F,JR
2308,Bobby Brown,933,2006-07,Cal State Fullerton,27,27,933,188,402,108,196,80,206,90,114,16,56,72,138,35,3,96,64,546,.468,.551,.388,.789,.598,.567,G,SR
2309,Drew Burleson,933,2004-05,Wright State,30,29,933,120,253,115,233,5,20,85,109,48,76,124,12,12,3,38,71,330,.474,.494,.250,.780,.541,.484,F,SO
2310,Isaac Jefferson,933,2002-03,Hampton,29,27,933,62,125,49,87,13,38,43,73,58,152,210,142,50,5,86,86,180,.496,.563,.342,.589,.564,.548,G,SR
2311,Joah Tucker,933,2004-05,Milwaukee,32,32,933,191,405,171,336,20,69,115,159,68,113,181,74,40,4,84,86,517,.472,.509,.290,.723,.538,.496,F,JR
2312,Kyle Shiloh,933,2004-05,Nevada,32,32,933,57,187,41,113,16,74,38,62,11,53,64,88,46,3,55,61,168,.305,.363,.216,.613,.388,.348,G,SO
2313,Mark Green,933,2002-03,Little Rock,30,30,933,122,267,76,136,46,131,54,75,18,113,131,49,27,5,59,65,344,.457,.559,.351,.720,.568,.543,G,SR
2314,Nate Carter,933,2003-04,UC Riverside,28,27,933,147,288,129,232,18,56,115,150,57,132,189,37,19,10,71,75,427,.510,.556,.321,.767,.594,.542,F,SO
2315,Reggie Larry,933,2006-07,Boise State,31,26,933,170,350,165,324,5,26,92,144,74,178,252,29,22,44,66,56,437,.486,.509,.192,.639,.522,.493,F,JR
2316,Tristan Blackwood,933,2005-06,Central Connecticut State,27,27,933,130,295,59,118,71,177,54,60,26,57,83,113,35,5,69,47,385,.441,.500,.401,.900,.595,.561,G,SO
2317,Will Daniels,933,2006-07,Rhode Island,33,33,933,180,367,129,245,51,122,164,215,54,132,186,51,27,19,79,89,575,.490,.527,.418,.763,.613,.560,F,JR
2318,William Pippen,933,2002-03,Middle Tennessee,30,26,933,196,352,163,270,33,82,41,60,39,140,179,33,25,27,68,89,466,.557,.604,.402,.683,.612,.604,F,SR
2319,Aaron Cook,932,2003-04,Hartford,29,27,932,151,397,69,150,82,247,51,68,21,74,95,51,49,8,63,64,435,.380,.460,.332,.750,.507,.484,G,SO
2320,Brandon Johnson,932,2006-07,Old Dominion,33,23,932,100,244,76,163,24,81,49,73,42,109,151,124,69,7,76,83,273,.410,.466,.296,.671,.490,.459,G,JR
2321,Brian Wilson,932,2002-03,Holy Cross,31,31,932,128,266,76,145,52,121,50,56,23,59,82,50,28,2,57,65,358,.481,.524,.430,.893,.612,.579,G,SR
2322,Corey Belser,932,2004-05,San Diego,29,29,932,64,122,47,76,17,46,42,73,43,103,146,76,57,12,44,91,187,.525,.618,.370,.575,.597,.594,F,JR
2323,Courtney Lee,932,2005-06,Western Kentucky,30,30,932,180,399,118,247,62,152,100,118,64,125,189,86,77,10,82,71,522,.451,.478,.408,.847,.574,.529,G,SO
2324,Dane Watts,932,2006-07,Creighton,33,33,932,107,251,54,113,53,138,59,83,62,150,212,30,22,9,42,91,326,.426,.478,.384,.711,.561,.532,F,JR
2325,Eric Ferguson,932,2002-03,Arkansas,28,26,932,104,296,58,146,46,150,51,85,13,73,86,91,52,2,109,70,305,.351,.397,.307,.600,.453,.429,G,FR
2326,John Goldsberry,932,2003-04,UNC Wilmington,30,28,932,79,202,34,73,45,129,51,67,16,82,98,124,50,5,60,73,254,.391,.466,.349,.761,.543,.502,G,SO
2327,Justin Doellman,932,2003-04,Xavier,37,28,932,93,216,48,110,45,106,39,55,45,87,132,63,31,20,52,97,270,.431,.436,.425,.709,.558,.535,F,FR
2328,Matthew Barrow,932,2006-07,Lamar,32,23,932,74,208,24,76,50,132,56,76,14,77,91,93,27,5,79,69,254,.356,.316,.379,.737,.520,.476,G,JR
2329,Peyton Stovall,932,2004-05,Ball State,28,28,932,159,354,94,187,65,167,84,105,23,80,103,99,45,4,81,62,467,.449,.503,.389,.800,.578,.541,G,SO
2330,Peyton Stovall,932,2006-07,Ball State,31,25,932,88,222,48,108,40,114,56,82,23,58,81,72,43,4,65,62,272,.396,.444,.351,.683,.521,.486,G,JR
2331,Raheem Moss,932,2006-07,Cleveland State,31,30,932,115,301,63,131,52,170,47,62,36,94,130,47,31,12,50,40,329,.382,.481,.306,.758,.498,.468,G,SR
2332,Alex Acker,931,2002-03,Pepperdine,28,23,931,128,269,99,201,29,68,79,97,41,98,139,24,40,11,76,46,364,.476,.493,.426,.814,.578,.530,G,FR
2333,Alex Kragel,931,2002-03,UNC Asheville,32,31,931,126,266,63,130,63,136,39,52,24,77,101,61,48,1,65,67,354,.474,.485,.463,.750,.609,.592,G,SR
2334,Demario Eddins,931,2004-05,UAB,33,31,931,130,271,117,233,13,38,139,190,55,102,157,57,55,14,79,74,412,.480,.502,.342,.732,.570,.504,F,JR
2335,Dominique Kirk,931,2005-06,Texas A&M,31,31,931,67,166,15,37,52,129,27,42,5,102,107,85,44,10,43,101,213,.404,.405,.403,.643,.573,.560,G,SO
2336,Garry Hill-Thomas,931,2002-03,Nevada,32,32,931,110,258,109,252,1,6,118,175,68,81,149,33,35,1,52,70,339,.426,.433,.167,.674,.497,.428,G,JR
2337,J'mel Everhart,931,2004-05,The Citadel,28,28,931,96,190,91,174,5,16,67,107,83,132,215,41,29,18,66,70,264,.505,.523,.313,.626,.548,.518,F,SO
2338,Joe Skiffer,931,2003-04,Boise State,33,33,931,16,57,16,57,0,0,45,61,14,57,71,98,29,9,49,84,77,.281,.281,,.738,.448,.281,G,SR
2339,Kevin Reed,931,2004-05,Maine,29,28,931,126,331,46,125,80,206,39,56,35,164,199,49,63,5,60,72,371,.381,.368,.388,.696,.519,.502,G,JR
2340,Paul Paradoski,931,2005-06,Southeast Missouri State,27,26,931,68,162,31,64,37,98,11,14,4,90,94,119,45,6,67,61,184,.420,.484,.378,.786,.546,.534,G,SO
2341,Randal Falker,931,2005-06,Southern Illinois,33,33,931,118,231,118,231,0,0,64,117,93,164,257,46,23,47,67,108,300,.511,.511,,.547,.523,.511,F,SO
2342,Roy Morris,931,2002-03,San Diego,30,30,931,128,289,79,171,49,118,63,94,12,67,79,95,19,4,68,76,368,.443,.462,.415,.670,.551,.528,G,SR
2343,Steve Wetrich,931,2005-06,Denver,31,22,931,67,179,33,87,34,92,46,66,6,57,63,111,24,0,65,52,214,.374,.379,.370,.697,.509,.469,G,SO
2344,Terrence Woods,931,2003-04,Florida A&M,31,29,931,192,465,52,117,140,348,104,122,25,96,121,35,45,4,74,69,628,.413,.444,.402,.852,.600,.563,G,SR
2345,Bobby Kelly,930,2005-06,Northeastern,30,29,930,99,185,59,94,40,91,21,29,19,69,88,51,24,4,42,30,259,.535,.628,.440,.724,.651,.643,G,JR
2346,Brian Morris,930,2006-07,Richmond,30,23,930,79,209,35,79,44,130,41,63,12,61,73,85,30,1,53,67,243,.378,.443,.338,.651,.509,.483,G,FR
2347,Calvin Wooten,930,2005-06,Oakland,28,27,930,188,441,93,198,95,243,66,83,11,58,69,65,49,4,76,62,537,.426,.470,.391,.795,.559,.534,G,JR
2348,Chaz Carr,930,2003-04,Boston University,29,27,930,123,309,75,174,48,135,82,102,18,53,71,81,40,4,62,55,376,.398,.431,.356,.804,.526,.476,G,JR
2349,Chris Douglas-Roberts,930,2006-07,Memphis,35,35,930,194,357,175,299,19,58,131,179,37,83,120,61,39,16,66,76,538,.543,.585,.328,.732,.609,.570,G,SO
2350,Chris Moore,930,2005-06,Tulane,29,28,930,86,227,33,80,53,147,36,50,11,67,78,39,37,7,62,71,261,.379,.413,.361,.720,.520,.496,G,JR
2351,Corey Hinnant,930,2004-05,Saint Peter's,28,28,930,107,293,53,115,54,178,36,42,18,42,60,74,25,1,37,38,304,.365,.461,.303,.857,.486,.457,G,SR
2352,Curtis Sumpter,930,2004-05,Villanova,29,29,930,147,315,108,225,39,90,111,137,89,121,210,29,33,26,57,85,444,.467,.480,.433,.810,.584,.529,F,JR
2353,Deonte Tatum,930,2005-06,Hawaii,28,28,930,86,210,72,159,14,51,51,82,36,61,97,102,28,4,69,44,237,.410,.453,.275,.622,.476,.443,G,SR
2354,Dijon Thompson,930,2003-04,UCLA,28,27,930,146,336,97,208,49,128,61,78,31,89,120,63,25,4,73,51,402,.435,.466,.383,.782,.539,.507,G,JR
2355,E.J. Rowland,930,2003-04,St. Mary's (CA),29,23,930,130,285,108,215,22,70,105,164,31,76,107,129,47,3,96,74,387,.456,.502,.314,.640,.533,.495,G,JR
2356,Gary Neal,930,2002-03,La Salle,29,22,930,169,423,83,193,86,230,116,142,34,88,122,47,18,1,63,67,540,.400,.430,.374,.817,.551,.501,G,FR
2357,Jaivon Harris,930,2003-04,Ohio,30,8,930,137,337,49,115,88,222,90,114,23,115,138,51,29,3,81,95,452,.407,.426,.396,.789,.578,.537,G,SR
2358,Jason Burke,930,2002-03,Northwestern,29,22,930,53,126,31,61,22,65,71,95,19,86,105,79,23,16,51,82,199,.421,.508,.338,.747,.581,.508,F,SR
2359,John Cox,930,2002-03,San Francisco,29,23,930,156,329,108,210,48,119,85,106,35,68,103,52,15,6,49,56,445,.474,.514,.403,.802,.587,.547,G,JR
2360,Justin Payne,930,2006-07,Nicholls State,30,27,930,47,149,23,71,24,78,48,66,11,61,72,138,28,1,88,80,166,.315,.324,.308,.727,.460,.396,G,SO
2361,Kelly Whitney,930,2002-03,Seton Hall,30,30,930,131,248,131,248,0,0,69,126,80,103,183,21,25,30,64,95,331,.528,.528,,.548,.538,.528,F,FR
2362,Luke Spencer-Gardner,930,2002-03,Oral Roberts,28,28,930,91,219,53,117,38,102,115,135,10,68,78,164,25,2,65,91,335,.416,.453,.373,.852,.592,.502,G,JR
2363,Olumuyiwa Popoola,930,2004-05,Radford,28,28,930,109,270,74,171,35,99,53,77,39,77,116,42,42,7,39,56,306,.404,.433,.354,.688,.499,.469,G,SR
2364,Rashad Bell,930,2004-05,Boston University,29,28,930,164,306,164,304,0,2,125,179,58,109,167,24,26,49,54,49,453,.536,.539,.000,.698,.579,.536,F,SR
2365,Reggie Bryant,930,2003-04,Saint Louis,28,28,930,155,389,89,209,66,180,83,108,13,96,109,54,19,7,75,55,459,.398,.426,.367,.769,.521,.483,G,JR
2366,Terry Williams,930,2002-03,Georgia Southern,29,28,930,89,232,32,65,57,167,21,32,8,58,66,111,52,13,61,79,256,.384,.492,.341,.656,.518,.506,G,SO
2367,Thomas Stephens,930,2003-04,Ohio,30,30,930,97,266,45,119,52,147,53,63,16,63,79,97,26,4,75,69,299,.365,.378,.354,.841,.505,.462,G,SR
2368,Tommy Smith,930,2002-03,Arizona State,32,32,930,141,286,136,268,5,18,70,122,72,127,199,85,30,69,97,105,357,.493,.507,.278,.574,.519,.502,F,SR
2369,Wes Wilkinson,930,2005-06,Nebraska,32,30,930,134,308,72,160,62,148,52,63,54,145,199,45,26,61,61,78,382,.435,.450,.419,.825,.565,.536,F,SR
2370,Whitney Coleman,930,2005-06,Monmouth,34,17,930,88,194,63,136,25,58,31,43,22,77,99,70,35,7,74,77,232,.454,.463,.431,.721,.541,.518,G,FR
2371,Adam Caporn,929,2002-03,St. Mary's (CA),30,29,929,64,181,31,85,33,96,30,47,5,65,70,66,38,14,66,99,191,.354,.365,.344,.638,.470,.445,G,SO
2372,Anthony Wilson,929,2004-05,Jacksonville State,29,28,929,104,212,60,107,44,105,63,80,32,98,130,51,44,13,61,77,315,.491,.561,.419,.788,.630,.594,G,JR
2373,Earnest Crumbley,929,2003-04,Florida Atlantic,28,27,929,126,329,44,125,82,204,58,71,30,64,94,145,40,1,87,69,392,.383,.352,.402,.817,.540,.508,G,SR
2374,Jason Thomas,929,2004-05,American,28,28,929,125,269,71,132,54,137,43,60,20,127,147,45,34,5,70,68,347,.465,.538,.394,.717,.583,.565,G,SR
2375,J.J. Sullinger,929,2005-06,Ohio State,32,31,929,119,230,88,150,31,80,53,80,66,159,225,47,24,18,46,80,322,.517,.587,.388,.663,.601,.585,G,SR
2376,Joseph Jones,929,2006-07,Texas A&M,34,34,929,159,288,147,258,12,30,125,160,84,146,230,43,39,26,54,114,455,.552,.570,.400,.781,.625,.573,C,JR
2377,Josh Lewis,929,2002-03,Austin Peay,31,31,929,147,230,147,230,0,0,104,152,68,149,217,55,28,82,86,97,398,.639,.639,,.684,.659,.639,C,JR
2378,Kevin Thomas,929,2004-05,Georgia State,29,29,929,114,298,40,92,74,206,51,68,39,93,132,51,21,2,50,47,353,.383,.435,.359,.750,.534,.507,F,SR
2379,Lavelle Felton,929,2002-03,Louisiana Tech,27,27,929,141,289,91,180,50,109,37,53,18,119,137,88,29,6,92,66,369,.488,.506,.459,.698,.587,.574,G,SR
2380,Marquis Webb,929,2004-05,Rutgers,29,28,929,59,166,40,96,19,70,49,65,39,53,92,85,31,3,36,57,186,.355,.417,.271,.754,.472,.413,G,SO
2381,Ronnell Wooten,929,2005-06,Kennesaw State,28,28,929,161,365,91,166,70,199,42,72,71,107,178,24,29,6,31,64,434,.441,.548,.352,.583,.544,.537,G,SO
2382,Seth Colclasure,929,2004-05,Valparaiso,31,25,929,90,196,24,50,66,146,31,43,8,60,68,94,23,0,37,59,277,.459,.480,.452,.721,.640,.628,G,JR
2383,Sundiata Gaines,929,2004-05,Georgia,27,27,929,112,298,87,205,25,93,75,139,42,91,133,78,66,8,75,60,324,.376,.424,.269,.540,.445,.418,G,FR
2384,Torrey Butler,929,2002-03,Coastal Carolina,28,28,929,181,384,140,271,41,113,118,148,81,99,180,33,20,3,58,71,521,.471,.517,.363,.797,.573,.525,F,SR
2385,Abe Badmus,928,2005-06,Bucknell,32,31,928,76,152,63,107,13,45,47,68,29,80,109,125,65,3,87,91,212,.500,.589,.289,.691,.575,.543,G,JR
2386,Anthony Glover,928,2002-03,St. John's (NY),34,34,928,127,278,123,261,4,17,93,134,86,105,191,26,42,17,44,113,351,.457,.471,.235,.694,.514,.464,F,SR
2387,Ben Rhoda,928,2003-04,East Tennessee State,32,32,928,139,256,132,238,7,18,58,80,53,87,140,51,31,4,62,42,343,.543,.555,.389,.725,.583,.557,G,SO
2388,Brandon Temple,928,2003-04,Kansas City,29,28,928,84,196,30,59,54,137,37,48,16,75,91,112,41,0,60,55,259,.429,.508,.394,.771,.592,.566,G,JR
2389,Brian Bender,928,2003-04,Gardner-Webb,29,29,928,132,328,81,192,51,136,53,73,72,130,202,51,33,8,58,48,368,.402,.422,.375,.726,.507,.480,F,SO
2390,Derek Johnson,928,2006-07,Prairie View A&M,30,27,928,61,157,52,124,9,33,67,111,42,71,113,86,82,3,101,75,198,.389,.419,.273,.604,.472,.417,G,SO
2391,Derek Stockalper,928,2006-07,Cal Poly,30,30,928,157,291,88,152,69,139,50,70,61,148,209,65,20,7,57,59,433,.540,.579,.496,.714,.668,.658,G,SR
2392,Drew Hall,928,2005-06,College of Charleston,28,28,928,54,158,39,88,15,70,69,95,11,83,94,145,40,1,70,58,192,.342,.443,.214,.726,.473,.389,G,SR
2393,Gerald Riley,928,2003-04,Georgetown,28,28,928,153,372,106,244,47,128,124,147,40,59,99,45,50,7,67,85,477,.411,.434,.367,.844,.540,.474,G,SR
2394,Justin Dentmon,928,2006-07,Washington,32,27,928,109,267,86,194,23,73,83,104,47,83,130,115,39,1,96,79,324,.408,.443,.315,.798,.512,.451,G,SO
2395,Kyle Hines,928,2006-07,UNC Greensboro,29,28,928,233,420,232,414,1,6,138,230,99,161,260,26,40,64,74,83,605,.555,.560,.167,.600,.572,.556,F,JR
2396,Nick Welch,928,2004-05,Air Force,30,30,928,124,269,78,153,46,116,66,99,32,75,107,91,40,15,70,69,360,.461,.510,.397,.667,.570,.546,C,JR
2397,O'Darien Bassett,928,2006-07,Troy,30,25,928,161,389,106,244,55,145,76,100,12,51,63,91,28,3,82,50,453,.414,.434,.379,.760,.519,.485,G,JR
2398,Omni Smith,928,2006-07,Kent State,30,12,928,149,357,105,228,44,129,76,107,24,54,78,108,35,7,96,71,418,.417,.461,.341,.710,.512,.479,G,SR
2399,Tony Mitchell,928,2004-05,College of Charleston,28,28,928,130,340,48,124,82,216,76,90,22,62,84,62,47,4,62,60,418,.382,.387,.380,.844,.546,.503,G,SR
2400,Will Sheridan,928,2005-06,Villanova,33,32,928,67,155,67,155,0,0,46,65,81,126,207,21,26,46,37,97,180,.432,.432,,.708,.484,.432,F,JR
2401,Alonzo Gee,927,2006-07,Alabama,32,32,927,148,319,120,236,28,83,79,122,79,91,170,44,40,16,76,76,403,.464,.508,.337,.648,.535,.508,F,SO
2402,Andrew Zidar,927,2004-05,Colgate,28,27,927,137,337,107,240,30,97,45,66,49,134,183,67,28,10,68,66,349,.407,.446,.309,.682,.474,.451,C,SR
2403,Brandon Griffin,927,2002-03,Southeast Missouri State,30,30,927,150,262,149,261,1,1,56,95,117,197,314,72,25,14,64,95,357,.573,.571,1.000,.589,.581,.574,C,JR
2404,Corey Smith,927,2004-05,Vanderbilt,34,23,927,154,306,109,185,45,121,56,71,35,109,144,77,33,6,54,91,409,.503,.589,.372,.789,.602,.577,G,SR
2405,Damian Martin,927,2006-07,Loyola Marymount,31,31,927,66,178,62,158,4,20,21,38,58,97,155,104,65,11,66,78,157,.371,.392,.200,.553,.400,.382,G,JR
2406,Darius Washington Jr,927,2005-06,Memphis,35,35,927,153,362,108,236,45,126,119,152,33,64,97,110,45,3,111,62,470,.423,.458,.357,.783,.541,.485,G,SO
2407,Ishmael Smith,927,2006-07,Wake Forest,31,30,927,102,238,79,173,23,65,42,91,14,103,117,186,36,1,112,85,269,.429,.457,.354,.462,.478,.477,G,FR
2408,John Williamson,927,2006-07,Cincinnati,30,30,927,157,322,146,291,11,31,81,139,102,118,220,31,23,4,53,92,406,.488,.502,.355,.583,.523,.505,F,JR
2409,Juan Pablo Silveira,927,2006-07,Weber State,32,32,927,114,245,58,123,56,122,71,91,8,67,75,103,21,4,61,64,355,.465,.472,.459,.780,.616,.580,G,SO
2410,Leon Williams,927,2006-07,Ohio,32,32,927,162,278,162,278,0,0,137,201,114,169,283,29,33,24,61,121,461,.583,.583,,.682,.617,.583,F,JR
2411,Markus Sailes,927,2003-04,Virginia Tech,29,29,927,48,125,36,84,12,41,34,56,26,78,104,81,46,3,42,45,142,.384,.429,.293,.607,.468,.432,G,SO
2412,Matt Stehle,927,2005-06,Harvard,27,27,927,133,279,119,218,14,61,120,145,78,159,237,76,51,44,89,91,400,.477,.546,.230,.828,.575,.502,F,SR
2413,Phil Goss,927,2002-03,Drexel,31,30,927,127,312,55,125,72,187,30,38,23,86,109,69,37,4,52,81,356,.407,.440,.385,.789,.539,.522,G,SO
2414,Rhet Wierzba,927,2002-03,Austin Peay,31,31,927,78,188,25,48,53,140,64,90,18,97,115,56,39,3,36,76,273,.415,.521,.379,.711,.592,.556,G,JR
2415,Salim Stoudamire,927,2003-04,Arizona,29,29,927,151,334,73,146,78,188,93,117,16,63,79,86,24,2,61,69,473,.452,.500,.415,.795,.607,.569,G,JR
2416,Sean Denison,927,2006-07,Santa Clara,31,31,927,130,220,130,220,0,0,76,128,77,118,195,41,18,22,69,71,336,.591,.591,,.594,.598,.591,C,SR
2417,Thomas Gardner,927,2004-05,Missouri,33,13,927,121,333,68,137,53,196,49,59,31,56,87,66,22,1,51,83,344,.363,.496,.270,.831,.476,.443,G,SO
2418,Ahmad Smith,926,2003-04,St. Bonaventure,27,25,926,112,275,106,244,6,31,49,78,75,83,158,56,23,7,37,59,279,.407,.434,.194,.628,.447,.418,G,SO
2419,Anthony Register,926,2004-05,Stetson,27,27,926,140,331,102,211,38,120,116,157,18,84,102,53,40,2,57,54,434,.423,.483,.317,.739,.535,.480,G,JR
2420,A.W. Hamilton,926,2004-05,Marshall,28,28,926,103,267,69,172,34,95,67,79,18,52,70,115,36,4,51,61,307,.386,.401,.358,.848,.504,.449,G,SR
2421,Brent Hackett,926,2005-06,TCU,31,28,926,109,301,52,131,57,170,47,74,10,65,75,78,35,0,69,65,322,.362,.397,.335,.635,.479,.457,G,SO
2422,Carlos Smith,926,2006-07,South Alabama,31,30,926,100,252,48,100,52,152,38,52,10,65,75,86,43,1,44,64,290,.397,.480,.342,.731,.524,.500,G,SR
2423,David Gruber,926,2003-04,Northern Iowa,31,31,926,136,232,136,232,0,0,102,150,68,145,213,32,18,15,48,76,374,.586,.586,,.680,.617,.586,C,SR
2424,David Jackson,926,2005-06,Western Illinois,28,28,926,130,351,85,225,45,126,101,125,18,90,108,69,29,5,68,82,406,.370,.378,.357,.808,.495,.434,G,SO
2425,DeForrest Riley-Smith,926,2006-07,Southern,31,29,926,150,369,106,235,44,134,87,107,44,127,171,59,38,6,103,71,431,.407,.451,.328,.813,.513,.466,G,SR
2426,Edwin Draughan,926,2004-05,Yale,27,27,926,150,317,133,264,17,53,109,155,26,97,123,101,32,11,73,57,426,.473,.504,.321,.703,.545,.500,G,SR
2427,E.J. Gordon,926,2003-04,Stetson,27,27,926,165,430,155,383,10,47,114,171,80,112,192,83,66,15,97,76,454,.384,.405,.213,.667,.444,.395,G,SO
2428,Gabe McMillen,926,2006-07,Stetson,31,31,926,96,261,61,151,35,110,109,140,23,78,101,99,60,5,81,71,336,.368,.404,.318,.779,.513,.435,G,SR
2429,James Shuler,926,2004-05,Winthrop,32,31,926,114,262,93,201,21,61,139,178,26,112,138,98,40,9,67,51,388,.435,.463,.344,.781,.560,.475,G,JR
2430,Jareem Dowling,926,2004-05,Maryland Eastern Shore,28,27,926,65,225,33,107,32,118,59,96,37,106,143,44,17,1,105,79,221,.289,.308,.271,.615,.408,.360,F,SR
2431,Jeremiah Massey,926,2004-05,Kansas State,29,28,926,176,350,175,345,1,5,165,205,77,124,201,51,43,12,44,56,518,.503,.507,.200,.805,.579,.504,F,SR
2432,Marshall Strickland,926,2004-05,Indiana,28,28,926,67,183,39,90,28,93,45,58,16,72,88,94,25,1,72,58,207,.366,.433,.301,.776,.492,.443,G,JR
2433,Omari Westley,926,2003-04,Cleveland State,28,28,926,142,296,136,268,6,28,124,175,87,154,241,56,32,24,110,84,414,.480,.507,.214,.709,.546,.490,F,JR
2434,Quinton Day,926,2004-05,Kansas City,24,24,926,109,273,78,180,31,93,65,87,18,69,87,116,49,1,69,32,314,.399,.433,.333,.747,.499,.456,G,SO
2435,Robert Shannon,926,2002-03,Sam Houston State,30,30,926,87,248,36,95,51,153,67,80,4,81,85,181,50,0,49,50,292,.351,.379,.333,.838,.510,.454,G,SR
2436,Scott Cutley,926,2004-05,Kent State,33,32,926,96,194,85,150,11,44,57,83,62,89,151,84,44,8,78,92,260,.495,.567,.250,.687,.557,.523,F,SO
2437,Shane Nichols,926,2006-07,Wofford,29,29,926,140,327,55,126,85,201,87,106,14,51,65,52,15,3,49,58,452,.428,.437,.423,.821,.599,.558,G,JR
2438,Steve Novak,926,2004-05,Marquette,31,29,926,127,278,38,85,89,193,76,84,35,92,127,28,16,2,41,75,419,.457,.447,.461,.905,.659,.617,F,JR
2439,Tabby Cunningham,926,2004-05,La Salle,29,24,926,58,144,43,104,15,40,47,63,5,57,62,132,51,1,110,58,178,.403,.413,.375,.746,.512,.455,G,FR
2440,Cliff Strong,925,2002-03,St. Francis Brooklyn,30,30,925,142,302,110,209,32,93,96,158,80,153,233,48,31,15,78,87,412,.470,.526,.344,.608,.546,.523,F,SR
2441,Graham Bunn,925,2002-03,Appalachian State,29,28,925,116,241,73,136,43,105,88,109,18,84,102,140,57,6,80,48,363,.481,.537,.410,.807,.620,.571,G,SR
2442,Greg Oden Jr,925,2006-07,Ohio State,32,31,925,189,307,189,307,0,0,123,196,113,193,306,21,18,105,64,87,501,.616,.616,,.628,.626,.616,C,FR
2443,Jay Joseph,925,2003-04,UNC Greensboro,28,27,925,165,391,91,190,74,201,73,87,34,86,120,40,33,9,59,59,477,.422,.479,.368,.839,.552,.517,G,SR
2444,Jesse Pellot-Rosa,925,2006-07,VCU,35,35,925,152,339,86,184,66,155,94,117,71,87,158,48,39,15,55,78,464,.448,.467,.426,.803,.588,.546,G,SR
2445,Justin Doellman,925,2004-05,Xavier,29,29,925,103,260,52,118,51,142,59,76,55,118,173,81,30,30,50,91,316,.396,.441,.359,.776,.534,.494,F,SO
2446,Lance Harris,925,2006-07,Kansas State,35,30,925,133,296,74,139,59,157,38,57,19,96,115,67,14,18,49,53,363,.449,.532,.376,.667,.562,.549,G,SR
2447,Laurence Young,925,2002-03,Rider,28,28,925,114,304,73,146,41,158,29,42,21,98,119,59,24,2,37,42,298,.375,.500,.259,.690,.460,.442,G,JR
2448,Mike Cook,925,2004-05,East Carolina,28,25,925,157,424,127,329,30,95,77,106,29,83,112,84,24,5,111,59,421,.370,.386,.316,.726,.444,.406,F,SO
2449,Paul Haynes,925,2003-04,Grambling State,29,29,925,181,380,158,310,23,70,125,183,54,198,252,38,18,10,72,90,510,.476,.510,.329,.683,.546,.507,F,SR
2450,Paul McMillan,925,2003-04,Loyola Chicago,29,28,925,188,412,179,375,9,37,108,148,71,144,215,33,17,14,97,88,493,.456,.477,.243,.730,.511,.467,F,SR
2451,Sammy Villegas,925,2003-04,Toledo,31,30,925,143,321,63,124,80,197,60,82,15,89,104,84,26,1,70,65,426,.445,.508,.406,.732,.592,.570,G,SO
2452,Tyler Holloway,925,2006-07,Murray State,29,23,925,97,240,42,84,55,156,58,67,10,39,49,70,17,0,42,32,307,.404,.500,.353,.866,.565,.519,G,SO
2453,Ahmet Gueye,924,2006-07,Hawaii,30,30,924,139,273,139,273,0,0,86,135,99,153,252,60,24,66,89,89,364,.509,.509,,.637,.540,.509,F,SR
2454,Brady Dawkins,924,2005-06,UT Arlington,30,30,924,80,216,12,35,68,181,29,31,8,55,63,111,17,1,81,40,257,.370,.343,.376,.935,.557,.528,G,SR
2455,Brian Mason,924,2005-06,South Carolina State,30,29,924,160,334,133,253,27,81,83,107,46,138,184,20,30,13,82,84,430,.479,.526,.333,.776,.559,.519,F,JR
2456,Cory Violette,924,2003-04,Gonzaga,31,31,924,176,317,169,297,7,20,80,107,80,173,253,45,31,27,53,68,439,.555,.569,.350,.748,.597,.566,C,SR
2457,Daon Merritt,924,2006-07,South Alabama,31,30,924,126,277,89,175,37,102,106,142,25,53,78,164,31,1,86,48,395,.455,.509,.363,.746,.573,.522,G,JR
2458,Darnell Harris,924,2006-07,La Salle,30,27,924,143,335,61,136,82,199,52,65,14,64,78,47,26,5,49,69,420,.427,.449,.412,.800,.574,.549,G,JR
2459,Jamaal Levy,924,2004-05,Wake Forest,33,33,924,99,203,91,178,8,25,44,87,85,126,211,74,35,21,58,101,250,.488,.511,.320,.506,.512,.507,F,SR
2460,Jibril Hodges,924,2004-05,Long Beach State,30,27,924,125,306,51,109,74,197,58,67,17,48,65,69,35,10,80,53,382,.408,.468,.376,.866,.565,.529,G,JR
2461,Junior Blount,924,2002-03,TCU,28,28,924,152,370,75,155,77,215,114,129,16,45,61,76,41,3,80,74,495,.411,.484,.358,.884,.574,.515,G,SR
2462,Keith Waleskowski,924,2002-03,Dayton,30,29,924,123,231,109,189,14,42,120,154,95,152,247,30,18,15,45,71,380,.532,.577,.333,.779,.625,.563,F,JR
2463,Levi Stukes,924,2006-07,Georgia,32,30,924,132,304,47,106,85,198,51,61,17,63,80,58,56,15,65,62,400,.434,.443,.429,.836,.601,.574,G,SR
2464,Raul Orta,924,2005-06,Saint Peter's,32,31,924,141,330,73,146,68,184,30,53,37,72,109,49,24,13,60,86,380,.427,.500,.370,.566,.535,.530,G,SO
2465,Sean Walker,924,2004-05,Texas Southern,26,26,924,128,321,79,194,49,127,157,197,30,91,121,62,27,14,96,61,462,.399,.407,.386,.797,.557,.475,G,JR
2466,Sherman Gay,924,2003-04,Loyola Marymount,29,29,924,190,343,190,343,0,0,86,128,75,95,170,34,34,57,52,90,466,.554,.554,,.672,.577,.554,F,SR
2467,Tim Begley,924,2003-04,Pennsylvania,27,27,924,114,248,31,66,83,182,43,64,25,91,116,113,33,0,70,55,354,.460,.470,.456,.672,.636,.627,G,JR
2468,Tyler Bullock,924,2006-07,Denver,29,29,924,110,247,77,155,33,92,66,90,10,74,84,51,34,6,79,62,319,.445,.497,.359,.733,.550,.512,G,FR
2469,Urule Igbavboa,924,2006-07,Valparaiso,31,30,924,138,245,137,241,1,4,84,127,42,190,232,45,21,21,91,86,361,.563,.568,.250,.661,.591,.565,F,SO
2470,Yassin Idbihi,924,2005-06,Buffalo,32,32,924,156,333,132,266,24,67,112,144,92,128,220,52,20,24,92,90,448,.468,.496,.358,.778,.558,.505,F,JR
2471,Adam Quick,923,2002-03,Portland,28,28,923,84,169,46,77,38,92,65,78,25,50,75,118,31,0,60,36,271,.497,.597,.413,.833,.658,.609,G,JR
2472,Andre' Ratliff,923,2005-06,Grambling State,27,26,923,121,328,49,136,72,192,22,37,20,44,64,73,20,1,72,53,336,.369,.360,.375,.595,.486,.479,G,SO
2473,Andrew Washington,923,2004-05,Delaware,31,24,923,135,315,116,249,19,66,120,162,41,88,129,64,44,3,87,75,409,.429,.466,.288,.741,.522,.459,G,JR
2474,Anthony Bolton,923,2002-03,Cal State Fullerton,28,23,923,89,249,52,141,37,108,86,106,27,87,114,77,19,3,70,58,301,.357,.369,.343,.811,.503,.432,F,JR
2475,Charlie Bell,923,2003-04,Loyola (MD),28,26,923,129,362,68,179,61,183,110,146,20,128,148,45,35,2,84,57,429,.356,.380,.333,.753,.497,.441,G,SO
2476,Chris Taft,923,2003-04,Pittsburgh,36,24,923,162,290,162,290,0,0,68,125,112,158,270,45,12,60,45,52,392,.559,.559,,.544,.561,.559,F,FR
2477,Delvin Thompson,923,2005-06,Alcorn State,28,28,923,160,372,120,235,40,137,121,180,29,93,122,65,48,3,111,74,481,.430,.511,.292,.672,.526,.484,G,JR
2478,Eric Flato,923,2006-07,Yale,27,27,923,133,323,62,141,71,182,77,103,9,44,53,96,50,0,62,30,414,.412,.440,.390,.748,.557,.522,G,JR
2479,Joe Reitz,923,2005-06,Western Michigan,31,30,923,162,306,162,305,0,1,155,211,91,139,230,20,15,5,63,107,479,.529,.531,.000,.735,.590,.529,C,SO
2480,Kyle Anslinger,923,2005-06,Evansville,29,29,923,98,221,38,91,60,130,34,42,3,71,74,61,22,2,45,58,290,.443,.418,.462,.810,.602,.579,G,JR
2481,Nick Porter,923,2006-07,Creighton,33,28,923,102,226,92,185,10,41,140,173,58,127,185,83,37,2,74,74,354,.451,.497,.244,.809,.574,.473,G,SR
2482,Reggie McIntyre,923,2006-07,Radford,30,25,923,131,288,125,262,6,26,120,167,65,122,187,45,57,19,94,90,388,.455,.477,.231,.719,.528,.465,F,SR
2483,Richard Roby,923,2004-05,Colorado,30,30,923,169,380,102,201,67,179,75,103,36,107,143,58,48,23,80,70,480,.445,.507,.374,.728,.560,.533,G,FR
2484,Ryan Sommer,923,2006-07,Portland State,32,30,923,48,135,43,96,5,39,57,77,13,62,75,123,40,5,74,67,158,.356,.448,.128,.740,.460,.374,G,JR
2485,Standford Speech,923,2006-07,Mississippi Valley State,31,21,923,128,329,95,215,33,114,93,119,29,128,157,63,45,1,86,64,382,.389,.442,.289,.782,.495,.439,G,JR
2486,Tay Fisher,923,2005-06,Siena,28,28,923,96,273,20,57,76,216,40,55,12,52,64,36,25,0,47,47,308,.352,.351,.352,.727,.515,.491,G,SO
2487,Winston Davis,923,2003-04,Lafayette,28,28,923,122,276,66,137,56,139,75,109,25,99,124,55,29,10,62,57,375,.442,.482,.403,.688,.572,.543,G,SR
2488,Zack Wright,923,2005-06,Little Rock,28,25,923,110,276,93,211,17,65,106,140,52,87,139,164,66,13,106,72,343,.399,.441,.262,.757,.501,.429,G,JR
2489,Antonio Kellogg,922,2006-07,San Francisco,28,25,922,146,337,88,184,58,153,75,98,26,100,126,101,69,3,121,79,425,.433,.478,.379,.765,.554,.519,G,SO
2490,Clent Stewart,922,2004-05,Kansas State,29,29,922,46,140,23,68,23,72,29,48,9,54,63,116,16,2,70,51,144,.329,.338,.319,.604,.442,.411,G,FR
2491,David Teague,922,2003-04,Purdue,31,31,922,127,314,65,149,62,165,40,56,30,132,162,25,26,10,25,49,356,.404,.436,.376,.714,.523,.503,G,SO
2492,Jarrett Howell,922,2004-05,UT Arlington,28,27,922,96,198,53,113,43,85,100,120,25,75,100,91,33,2,77,74,335,.485,.469,.506,.833,.657,.593,G,JR
2493,Josh Boone,922,2005-06,Connecticut,34,32,922,137,243,137,243,0,0,76,139,106,132,238,22,13,69,42,72,350,.564,.564,,.547,.566,.564,C,JR
2494,Justin DeBerry,922,2003-04,Lafayette,28,28,922,134,298,86,179,48,119,99,115,16,78,94,144,43,1,84,66,415,.450,.480,.403,.861,.588,.530,G,SR
2495,Marcus Slaughter,922,2004-05,San Diego State,27,27,922,165,352,156,313,9,39,141,202,91,151,242,35,37,30,84,87,480,.469,.498,.231,.698,.536,.482,F,SO
2496,Rashaun Banjo,922,2003-04,Quinnipiac,28,28,922,184,384,146,291,38,93,83,111,56,156,212,42,36,9,74,93,489,.479,.502,.409,.748,.560,.529,F,SR
2497,Ryan Moore,922,2004-05,UC Davis,28,28,922,168,355,129,251,39,104,65,86,33,94,127,50,26,0,61,83,440,.473,.514,.375,.756,.556,.528,F,SR
2498,Sharrod Ford,922,2004-05,Clemson,32,32,922,185,361,185,358,0,3,107,183,110,151,261,36,26,68,84,93,477,.512,.517,.000,.585,.532,.512,F,SR
2499,David Teague,921,2004-05,Purdue,26,26,921,128,356,70,172,58,184,49,70,35,108,143,31,24,8,43,69,363,.360,.407,.315,.700,.466,.441,G,JR
2500,Derrick Obasohan,921,2003-04,UT Arlington,29,29,921,161,352,133,278,28,74,125,156,40,130,170,41,17,11,87,75,475,.457,.478,.378,.801,.557,.497,F,SR
2501,Dwayne Johnson,921,2006-07,UNC Greensboro,30,28,921,34,89,13,36,21,53,35,51,6,67,73,116,29,4,63,53,124,.382,.361,.396,.686,.548,.500,G,JR
2502,Jared Johnson,921,2002-03,Manhattan,29,29,921,145,285,140,269,5,16,68,90,64,111,175,53,35,23,55,92,363,.509,.520,.313,.756,.554,.518,F,SR
2503,Javin Tindall,921,2003-04,New Mexico,28,27,921,108,245,36,73,72,172,64,77,11,46,57,98,26,3,60,56,352,.441,.493,.419,.831,.625,.588,G,SR
2504,Jay Youngblood,921,2004-05,Kent State,33,23,921,117,256,88,167,29,89,70,97,60,89,149,45,33,12,42,74,333,.457,.527,.326,.722,.551,.514,G,JR
2505,Jon Brockman,921,2006-07,Washington,32,32,921,175,318,175,318,0,0,103,156,117,190,307,35,24,4,84,90,453,.550,.550,,.660,.578,.550,F,SO
2506,Kelenna Azubuike,921,2003-04,Kentucky,32,31,921,130,273,93,180,37,93,58,76,68,93,161,35,24,11,47,64,355,.476,.517,.398,.763,.574,.544,G,SO
2507,Kevinn Pinkney,921,2003-04,Nevada,34,34,921,121,236,119,228,2,8,74,106,79,115,194,29,20,33,35,80,318,.513,.522,.250,.698,.555,.517,F,JR
2508,Aaron Gray,920,2005-06,Pittsburgh,33,33,920,170,323,170,323,0,0,118,186,121,224,345,60,21,49,88,86,458,.526,.526,,.634,.557,.526,C,JR
2509,Chris Capko,920,2005-06,South Florida,29,23,920,27,82,27,69,0,13,31,41,8,46,54,128,26,2,103,73,85,.329,.391,.000,.756,.419,.329,G,JR
2510,Chris Grant,920,2004-05,Morgan State,30,30,920,97,251,82,193,15,58,70,116,34,104,138,101,35,10,75,59,279,.386,.425,.259,.603,.456,.416,G,SR
2511,Daniel Ewing,920,2002-03,Duke,33,15,920,126,293,84,188,42,105,101,123,22,82,104,45,42,5,67,80,395,.430,.447,.400,.821,.562,.502,G,SO
2512,DeWitt Maxwell,920,2004-05,Fairfield,30,28,920,127,239,126,231,1,8,83,120,70,97,167,39,47,20,39,102,338,.531,.545,.125,.692,.571,.533,G,JR
2513,Jason McLeish,920,2005-06,Eastern Kentucky,29,29,920,168,338,111,219,57,119,122,151,31,47,78,58,43,6,63,59,515,.497,.507,.479,.808,.628,.581,G,SR
2514,Jeff Schiffner,920,2002-03,Pennsylvania,28,26,920,89,196,15,46,74,150,67,76,29,62,91,55,26,4,27,52,319,.454,.326,.493,.882,.687,.643,G,JR
2515,John Allen,920,2004-05,Seton Hall,28,27,920,118,293,100,240,18,53,69,87,46,91,137,73,33,6,71,69,323,.403,.417,.340,.793,.483,.433,F,SR
2516,John Zito,920,2005-06,UMBC,28,28,920,147,320,135,283,12,37,73,147,72,119,191,41,33,22,55,69,379,.459,.477,.324,.497,.486,.478,F,SR
2517,Keith Gamble,920,2002-03,Alabama State,29,29,920,124,304,49,129,75,175,39,54,29,61,90,32,35,13,53,63,362,.408,.380,.429,.722,.549,.531,G,SR
2518,Lucious Wagner,920,2004-05,Evansville,28,28,920,135,297,76,156,59,141,67,90,16,88,104,142,21,6,70,74,396,.455,.487,.418,.744,.583,.554,G,SR
2519,Matt Bell,920,2006-07,Army,30,30,920,134,282,91,196,43,86,128,161,13,89,102,63,22,2,71,36,439,.475,.464,.500,.795,.612,.551,G,SR
2520,Mike Helms,920,2003-04,Oakland,30,25,920,224,556,145,328,79,228,168,224,25,84,109,71,45,16,81,96,695,.403,.442,.346,.750,.525,.474,G,SR
2521,Stephen DuCharme,920,2006-07,Utah State,35,30,920,151,278,148,267,3,11,53,82,64,116,180,23,16,15,48,68,358,.543,.554,.273,.646,.565,.549,F,JR
2522,Takayo Siddle,920,2006-07,Gardner-Webb,30,30,920,91,236,41,107,50,129,26,41,12,58,70,104,32,3,65,52,258,.386,.383,.388,.634,.505,.492,G,SO
2523,Anthony Winchester,919,2003-04,Western Kentucky,28,28,919,133,316,75,158,58,158,72,82,54,79,133,60,23,2,44,72,396,.421,.475,.367,.878,.558,.513,G,SO
2524,Brandon Temple,919,2004-05,Kansas City,27,25,919,130,319,50,114,80,205,42,52,18,61,79,72,44,1,58,64,382,.408,.439,.390,.808,.556,.533,G,SR
2525,Brian Mason,919,2006-07,South Carolina State,30,29,919,137,303,118,245,19,58,104,140,62,117,179,48,35,15,103,95,397,.452,.482,.328,.743,.537,.483,F,SR
2526,Cartier Martin,919,2005-06,Kansas State,28,28,919,161,341,111,224,50,117,132,157,64,122,186,52,27,6,58,68,504,.472,.496,.427,.841,.606,.545,F,JR
2527,Chris Hill,919,2005-06,Milwaukee,31,31,919,71,181,48,103,23,78,75,101,19,68,87,86,36,4,54,75,240,.392,.466,.295,.743,.524,.456,G,SR
2528,Derrick Snowden,919,2002-03,Villanova,31,28,919,100,227,65,146,35,81,31,48,24,58,82,108,53,1,63,88,266,.441,.445,.432,.646,.532,.518,G,JR
2529,Gary Neal,919,2003-04,La Salle,28,24,919,163,396,99,207,64,189,111,131,12,78,90,67,35,1,73,50,501,.412,.478,.339,.847,.547,.492,G,SO
2530,Jared Jordan,919,2004-05,Marist,27,26,919,116,263,89,169,27,94,57,87,27,91,118,169,36,4,70,56,316,.441,.527,.287,.655,.519,.492,G,SO
2531,J.S. Nash,919,2004-05,Oregon State,31,20,919,80,173,51,105,29,68,100,128,13,88,101,92,30,6,49,54,289,.462,.486,.426,.781,.618,.546,G,SR
2532,Justin Doellman,919,2006-07,Xavier,34,34,919,164,331,122,215,42,116,95,120,48,140,188,57,30,39,56,106,465,.495,.567,.362,.792,.599,.559,F,SR
2533,Kelly Golob,919,2002-03,Northern Arizona,28,25,919,135,290,57,108,78,182,46,52,49,111,160,65,19,7,65,67,394,.466,.528,.429,.885,.626,.600,G,FR
2534,Lenny Collins,919,2005-06,Cornell,28,28,919,117,330,65,185,52,145,67,81,34,95,129,82,32,8,82,60,353,.355,.351,.359,.827,.479,.433,F,SR
2535,Markey Picard,919,2003-04,Bethune-Cookman,29,28,919,95,253,48,116,47,137,39,64,18,81,99,80,43,0,103,74,276,.375,.414,.343,.609,.487,.468,G,SR
2536,Matt Nelson,919,2006-07,Boise State,31,31,919,159,275,159,275,0,0,99,171,86,189,275,48,26,13,75,77,417,.578,.578,,.579,.585,.578,F,JR
2537,Ousmane Barro,919,2006-07,Marquette,34,34,919,118,197,118,197,0,0,40,65,103,131,234,12,24,35,52,87,276,.599,.599,,.615,.606,.599,F,JR
2538,Shuan Stegall,919,2006-07,Kennesaw State,31,22,919,175,407,164,353,11,54,89,157,91,165,256,36,41,25,66,95,450,.430,.465,.204,.567,.467,.443,F,JR
2539,Solomon Bozeman,919,2006-07,South Florida,30,24,919,62,169,27,64,35,105,130,147,8,75,83,104,38,3,82,60,289,.367,.422,.333,.884,.605,.470,G,FR
2540,Tony Lee,919,2005-06,Robert Morris,28,28,919,125,268,106,207,19,61,83,120,90,109,199,95,53,6,94,80,352,.466,.512,.311,.692,.542,.502,G,SO
2541,Will Emerson,919,2005-06,Mercer,28,28,919,119,263,104,212,15,51,74,106,59,131,190,37,14,11,53,52,327,.452,.491,.294,.698,.522,.481,F,SR
2542,Willie Jenkins,919,2003-04,Tennessee Tech,28,25,919,200,422,158,308,42,114,104,146,75,126,201,57,30,6,76,62,546,.474,.513,.368,.712,.556,.524,F,JR
2543,Brian Fisk,918,2006-07,Lipscomb,30,29,918,139,312,94,197,45,115,81,112,21,88,109,88,43,11,59,67,404,.446,.477,.391,.723,.553,.518,G,SR
2544,Bryce Sheldon,918,2006-07,South Carolina,30,26,918,85,220,20,73,65,147,38,43,8,45,53,35,9,2,34,51,273,.386,.274,.442,.884,.568,.534,G,SR
2545,Chris Hernandez,918,2003-04,Stanford,30,30,918,79,176,33,76,46,100,96,105,7,56,63,130,34,2,70,55,300,.449,.434,.460,.914,.664,.580,G,SO
2546,Courtney Lee,918,2006-07,Western Kentucky,30,30,918,187,396,130,254,57,142,89,106,45,94,139,57,45,23,83,78,520,.472,.512,.401,.840,.583,.544,G,JR
2547,Justin Ingram,918,2003-04,Toledo,31,31,918,109,260,63,142,46,118,45,58,14,80,94,111,39,8,62,63,309,.419,.444,.390,.776,.537,.508,G,FR
2548,Marcus Barnes,918,2003-04,Northeastern,28,27,918,147,404,66,163,81,241,102,133,18,66,84,56,41,0,71,68,477,.364,.405,.336,.767,.511,.464,G,JR
2549,Mario Moore,918,2004-05,Vanderbilt,34,30,918,155,348,78,155,77,193,72,89,17,84,101,126,39,0,90,39,459,.445,.503,.399,.809,.588,.556,G,JR
2550,Omar Duran,918,2002-03,UTEP,30,25,918,105,282,26,74,79,208,21,31,10,69,79,57,44,1,59,75,310,.372,.351,.380,.677,.522,.512,G,JR
2551,Sylbrin Robinson,918,2003-04,Northeastern,30,30,918,97,191,91,164,6,27,64,133,104,152,256,37,45,35,68,78,264,.508,.555,.222,.481,.519,.524,F,SR
2552,Todd Golden,918,2005-06,St. Mary's (CA),29,28,918,57,147,11,32,46,115,34,41,6,104,110,81,19,5,46,58,194,.388,.344,.400,.829,.583,.544,G,SO
2553,Aleem Muhammad,917,2002-03,Mercer,29,29,917,158,336,98,209,60,127,73,106,41,86,127,84,33,8,79,68,449,.470,.469,.472,.689,.581,.560,F,SR
2554,Amir Abdur-Rahim,917,2003-04,Southeastern Louisiana,29,29,917,137,370,70,171,67,199,97,119,20,67,87,64,50,5,66,65,438,.370,.409,.337,.815,.513,.461,G,SR
2555,Bracey Wright,917,2004-05,Indiana,26,26,917,150,363,100,211,50,152,126,161,33,92,125,70,29,15,68,50,476,.413,.474,.329,.783,.542,.482,G,JR
2556,Brian Greene,917,2006-07,Florida A&M,31,29,917,131,290,116,237,15,53,85,150,73,157,230,73,58,17,85,92,362,.452,.489,.283,.567,.501,.478,G,SR
2557,Bryan Hopkins,917,2004-05,SMU,25,24,917,143,354,77,164,66,190,96,125,12,86,98,97,59,1,93,73,448,.404,.470,.347,.768,.542,.497,G,JR
2558,Chris Lofton,917,2006-07,Tennessee,31,31,917,205,428,99,175,106,253,129,159,34,61,95,54,45,4,51,49,645,.479,.566,.419,.811,.640,.603,G,JR
2559,Ed Horton,917,2006-07,Murray State,30,29,917,74,181,49,118,25,63,50,60,19,61,80,96,44,5,53,90,223,.409,.415,.397,.833,.532,.478,G,SR
2560,Ilian Evtimov,917,2005-06,NC State,31,28,917,106,234,46,87,60,147,51,57,30,86,116,79,38,1,58,89,323,.453,.529,.408,.895,.619,.581,F,SR
2561,Ivan Radenovic,917,2004-05,Arizona,36,31,917,117,257,100,207,17,50,60,84,77,121,198,57,40,11,62,86,311,.455,.483,.340,.714,.524,.488,F,SO
2562,Jamelle Cornley,917,2005-06,Penn State,30,23,917,134,261,134,261,0,0,73,113,70,101,171,34,23,0,49,49,341,.513,.513,,.646,.542,.513,F,FR
2563,J.S. Nash,917,2003-04,Oregon State,28,28,917,93,224,71,163,22,61,86,106,13,87,100,107,42,3,85,60,294,.415,.436,.361,.811,.536,.464,G,JR
2564,Lamar Barrett,917,2004-05,Longwood,31,31,917,122,289,104,229,18,60,40,58,57,95,152,60,28,26,56,82,302,.422,.454,.300,.690,.477,.453,F,FR
2565,Matt Haryasz,917,2005-06,Stanford,28,26,917,156,325,152,310,4,15,137,183,75,169,244,39,16,47,60,65,453,.480,.490,.267,.749,.550,.486,F,SR
2566,Mike Redell,917,2006-07,Western Michigan,32,32,917,77,185,40,95,37,90,86,114,8,61,69,142,18,1,95,86,277,.416,.421,.411,.754,.579,.516,G,SO
2567,Thaddeus Young,917,2006-07,Georgia Tech,31,31,917,177,370,138,277,39,93,52,70,72,79,151,63,39,12,67,61,445,.478,.498,.419,.743,.552,.531,F,FR
2568,Bubba Walther,916,2006-07,Ohio,29,24,916,113,286,39,88,74,198,60,69,4,72,76,62,43,10,57,42,360,.395,.443,.374,.870,.565,.524,G,JR
2569,Chad Timberlake,916,2003-04,Fairleigh Dickinson,29,29,916,136,275,123,233,13,42,49,83,61,67,128,68,39,12,49,52,334,.495,.528,.310,.590,.531,.518,G,SO
2570,Chris Devine,916,2006-07,UC Santa Barbara,29,29,916,160,302,157,285,3,17,85,115,55,135,190,38,27,12,84,80,408,.530,.551,.176,.739,.572,.535,F,SO
2571,David Harrison,916,2003-04,Colorado,29,28,916,186,295,186,294,0,1,125,232,108,146,254,25,17,85,78,94,497,.631,.633,.000,.539,.613,.631,C,JR
2572,Eric Coleman,916,2005-06,Northern Iowa,33,33,916,152,263,152,262,0,1,76,131,76,154,230,56,18,18,60,72,380,.578,.580,.000,.580,.584,.578,C,SO
2573,Eric Lane,916,2004-05,Boise State,31,21,916,97,257,39,95,58,162,41,65,15,55,70,73,34,14,47,42,293,.377,.411,.358,.631,.509,.490,G,SO
2574,Freddie Owens,916,2002-03,Wisconsin,32,32,916,115,259,88,182,27,77,73,89,18,38,56,53,20,0,50,52,330,.444,.484,.351,.820,.548,.496,G,JR
2575,Kevin Bookout,916,2005-06,Oklahoma,29,29,916,129,229,129,228,0,1,66,105,92,107,199,5,20,12,30,71,324,.563,.566,.000,.629,.581,.563,F,SR
2576,Leon Williams,916,2004-05,Ohio,32,32,916,145,225,145,225,0,0,92,161,89,185,274,7,37,17,51,103,382,.644,.644,,.571,.634,.644,F,FR
2577,Mike Hall,916,2003-04,George Washington,30,30,916,111,215,97,173,14,42,73,95,94,140,234,45,24,13,37,65,309,.516,.561,.333,.768,.594,.549,F,SO
2578,Raoul Heinen,916,2003-04,George Mason,33,32,916,79,195,52,102,27,93,38,47,26,96,122,61,29,5,56,66,223,.405,.510,.290,.809,.513,.474,G,SR
2579,Rapheal Posey,916,2003-04,UTSA,33,17,916,126,293,64,143,62,150,61,87,36,96,132,54,40,8,72,71,375,.430,.448,.413,.701,.561,.536,G,JR
2580,Ricky Shields,916,2004-05,Rutgers,29,25,916,126,348,57,145,69,203,56,73,24,90,114,72,23,4,48,41,377,.362,.393,.340,.767,.493,.461,G,SR
2581,Shaun Green,916,2006-07,Utah,30,28,916,118,223,54,98,64,125,34,45,50,133,183,78,36,16,53,78,334,.529,.551,.512,.756,.683,.673,F,SO
2582,Steve Novak,916,2003-04,Marquette,31,29,916,118,290,29,83,89,207,62,68,34,109,143,39,23,3,44,60,387,.407,.349,.430,.912,.600,.560,F,SO
2583,Terrance Carter,916,2006-07,James Madison,30,26,916,126,285,116,246,10,39,121,169,83,125,208,42,26,8,73,115,383,.442,.472,.256,.716,.524,.460,F,JR
2584,Terry Williams,916,2004-05,Georgia Southern,31,31,916,117,316,43,99,74,217,95,122,9,56,65,141,63,10,98,95,403,.370,.434,.341,.779,.539,.487,G,SR
2585,Vincent Grier,916,2005-06,Minnesota,25,25,916,136,320,131,296,5,24,115,159,32,125,157,66,58,5,76,61,392,.425,.443,.208,.723,.496,.433,G,SR
2586,Anthony Farmer,915,2006-07,Rutgers,28,27,915,73,226,54,167,19,59,52,88,16,50,66,88,26,11,63,68,217,.323,.323,.322,.591,.405,.365,G,SO
2587,Anthony Newell,915,2006-07,Ball State,31,20,915,132,341,120,290,12,51,92,130,85,163,248,28,21,9,52,97,368,.387,.414,.235,.708,.457,.405,F,SO
2588,Anthony Smith,915,2006-07,Liberty,31,31,915,128,261,95,177,33,84,63,98,25,77,102,73,26,8,47,86,352,.490,.537,.393,.643,.572,.554,G,SO
2589,Brian Burrell,915,2006-07,Texas–Pan American,29,27,915,161,372,80,169,81,203,49,56,37,111,148,41,42,3,55,57,452,.433,.473,.399,.875,.567,.542,G,JR
2590,Christian Maraker,915,2003-04,Pacific,33,29,915,141,292,116,219,25,73,109,143,39,157,196,31,21,24,66,80,416,.483,.530,.342,.762,.578,.526,F,SO
2591,Dave Holmes,915,2003-04,Manhattan,30,30,915,115,257,104,220,11,37,151,195,85,168,253,40,33,29,51,94,392,.447,.473,.297,.774,.561,.469,F,SR
2592,Hassan Adams,915,2003-04,Arizona,30,28,915,200,369,162,270,38,99,77,105,99,120,219,47,45,45,58,79,515,.542,.600,.384,.733,.615,.593,G,SO
2593,Jason Maxiell,915,2003-04,Cincinnati,32,32,915,152,304,152,303,0,1,130,191,94,128,222,43,21,66,48,78,434,.500,.502,.000,.681,.550,.500,F,JR
2594,Jerry Petty,915,2002-03,Nevada,32,22,915,87,207,58,119,29,88,99,124,12,64,76,90,47,5,55,53,302,.420,.487,.330,.798,.568,.490,G,SR
2595,Jimmy McKinney,915,2003-04,Missouri,30,30,915,84,205,48,108,36,97,79,93,23,77,100,97,20,3,68,81,283,.410,.444,.371,.849,.568,.498,G,SO
2596,Josh Boone,915,2004-05,Connecticut,31,31,915,148,243,148,243,0,0,87,131,111,148,259,36,20,90,66,64,383,.609,.609,,.664,.627,.609,C,SO
2597,Josh Lewis,915,2003-04,Austin Peay,32,32,915,122,204,122,204,0,0,64,93,66,171,237,45,40,83,79,102,308,.598,.598,,.688,.621,.598,C,SR
2598,Lamar Butler,915,2004-05,George Mason,29,29,915,151,332,64,130,87,202,67,91,8,63,71,70,33,3,59,51,456,.455,.492,.431,.736,.608,.586,G,JR
2599,Lucious Wagner,915,2002-03,Evansville,28,28,915,57,137,42,87,15,50,39,53,4,84,88,90,25,8,55,47,168,.416,.483,.300,.736,.518,.471,G,SO
2600,Nick Fazekas,915,2003-04,Nevada,34,22,915,162,307,138,240,24,67,81,105,74,183,257,16,18,44,32,70,429,.528,.575,.358,.771,.601,.567,F,FR
2601,Randy Burns,915,2002-03,Wichita State,30,28,915,143,335,83,174,60,161,106,133,33,99,132,81,26,1,86,55,452,.427,.477,.373,.797,.568,.516,G,SO
2602,Tywain McKee,915,2005-06,Coppin State,29,26,915,154,365,107,237,47,128,93,122,41,82,123,71,46,3,88,58,448,.422,.451,.367,.762,.530,.486,G,FR
2603,Walter Booth,915,2006-07,North Carolina A&T,32,32,915,63,165,35,78,28,87,25,50,30,75,105,85,34,6,54,73,179,.382,.449,.322,.500,.474,.467,G,SR
2604,Brody Angley,914,2006-07,Santa Clara,31,29,914,97,246,78,185,19,61,44,69,24,70,94,119,39,1,71,50,257,.394,.422,.311,.638,.461,.433,G,JR
2605,Chris Lofton,914,2004-05,Tennessee,31,31,914,141,293,48,93,93,200,35,41,25,86,111,46,40,2,32,36,410,.481,.516,.465,.854,.656,.640,G,FR
2606,Doug Underwood,914,2002-03,Youngstown State,29,27,914,156,369,104,245,52,124,62,78,35,61,96,29,24,8,59,69,426,.423,.424,.419,.795,.525,.493,G,SO
2607,Dylan Page,914,2002-03,Milwaukee,32,32,914,209,351,192,298,17,53,130,166,76,131,207,43,22,27,83,87,565,.595,.644,.321,.783,.657,.620,F,JR
2608,Joe Skiffer,914,2002-03,Boise State,29,29,914,39,99,37,81,2,18,36,54,11,52,63,92,33,5,61,77,116,.394,.457,.111,.667,.465,.404,G,JR
2609,Quenton Pryor,914,2006-07,Morehead State,30,29,914,125,270,75,134,50,136,43,60,46,92,138,63,34,17,53,65,343,.463,.560,.368,.717,.575,.556,F,SR
2610,Rashad Williams,914,2005-06,North Florida,28,23,914,176,319,176,318,0,1,86,137,65,111,176,36,20,27,68,93,438,.552,.553,.000,.628,.570,.552,F,JR
2611,Taj Gray,914,2004-05,Oklahoma,33,32,914,182,327,182,327,0,0,117,181,117,154,271,49,40,59,80,92,481,.557,.557,,.646,.582,.557,F,JR
2612,Bernell Murray,913,2005-06,Fairleigh Dickinson,32,31,913,82,199,40,77,42,122,16,26,15,73,88,108,41,5,59,53,222,.412,.519,.344,.615,.525,.518,G,SO
2613,Calvin O'Neil,913,2006-07,Middle Tennessee,32,23,913,77,187,67,146,10,41,47,62,19,77,96,55,19,5,50,70,211,.412,.459,.244,.758,.487,.439,G,SO
2614,Darnell Wilson,913,2006-07,Canisius,31,30,913,183,335,183,334,0,1,66,121,99,135,234,32,44,32,80,111,432,.546,.548,.000,.545,.550,.546,F,SR
2615,Dee Ayuba,913,2005-06,Kansas City,28,28,913,147,290,128,233,19,57,86,122,67,120,187,36,29,18,44,82,399,.507,.549,.333,.705,.573,.540,F,JR
2616,Desmond Penigar,913,2002-03,Utah State,33,32,913,192,410,163,330,29,80,106,147,68,150,218,14,30,14,61,70,519,.468,.494,.363,.721,.541,.504,F,SR
2617,E.J. Gordon,913,2005-06,Stetson,30,30,913,161,363,158,350,3,13,140,187,61,133,194,92,61,13,99,78,465,.444,.451,.231,.749,.515,.448,G,SR
2618,Isaiah Hunter,913,2003-04,Old Dominion,29,29,913,127,311,81,177,46,134,76,90,20,71,91,72,30,2,70,36,376,.408,.458,.343,.844,.531,.482,G,SO
2619,Isaiah Hunter,913,2004-05,Old Dominion,32,31,913,146,376,93,217,53,159,83,109,21,80,101,67,32,3,61,34,428,.388,.429,.333,.761,.500,.459,G,JR
2620,Jason Holsinger,913,2005-06,Evansville,29,29,913,113,291,44,102,69,189,70,83,12,50,62,119,18,1,91,58,365,.388,.431,.365,.843,.552,.507,G,FR
2621,Ja'Vance Coleman,913,2005-06,Fresno State,28,27,913,152,395,57,148,95,247,91,114,16,64,80,61,26,8,68,59,490,.385,.385,.385,.798,.545,.505,G,JR
2622,Justin Dentmon,913,2005-06,Washington,33,32,913,79,193,59,123,20,70,96,118,40,77,117,124,52,5,88,84,274,.409,.480,.286,.814,.550,.461,G,FR
2623,Kibwe Trim,913,2005-06,Sacred Heart,28,28,913,194,314,194,314,0,0,149,221,99,142,241,18,22,15,76,90,537,.618,.618,,.674,.641,.618,F,SR
2624,Kris Lowe,913,2003-04,SMU,29,28,913,72,169,47,104,25,65,43,63,50,65,115,61,29,5,54,37,212,.426,.452,.385,.683,.533,.500,G,SR
2625,Lester Abram,913,2003-04,Michigan,31,24,913,126,257,86,160,40,97,113,134,35,96,131,41,31,9,55,79,405,.490,.538,.412,.843,.632,.568,F,SO
2626,Mark Brown,913,2003-04,Utah State,29,29,913,86,198,50,116,36,82,70,91,19,52,71,141,31,0,86,31,278,.434,.431,.439,.769,.576,.525,G,SR
2627,Ralphy Holmes,913,2002-03,Cal State Fullerton,25,23,913,172,397,133,276,39,121,53,75,60,95,155,33,34,5,49,65,436,.433,.482,.322,.707,.504,.482,F,SO
2628,Reginald Delk,913,2006-07,Mississippi State,35,35,913,128,290,65,112,63,178,15,37,17,54,71,43,20,13,41,45,334,.441,.580,.354,.405,.543,.550,G,SO
2629,Robert Hite II,913,2003-04,Miami (FL),30,29,913,168,344,117,209,51,135,68,79,28,81,109,61,61,10,65,60,455,.488,.560,.378,.861,.596,.563,G,SO
2630,Aaron Jackson,912,2006-07,Duquesne,29,23,912,121,237,93,148,28,89,49,71,66,80,146,110,40,5,64,78,319,.511,.628,.315,.690,.589,.570,G,SO
2631,Bruce Horan,912,2004-05,Butler,28,22,912,88,211,4,6,84,205,14,18,10,72,82,26,15,2,23,49,274,.417,.667,.410,.778,.624,.616,G,JR
2632,Charles Brown,912,2002-03,Loyola Marymount,31,31,912,122,304,87,185,35,119,65,81,28,97,125,137,61,2,117,76,344,.401,.470,.294,.802,.502,.459,G,SO
2633,Daryl Cohen,912,2006-07,Southeastern Louisiana,30,30,912,155,394,50,109,105,285,38,58,20,76,96,26,30,6,47,51,453,.393,.459,.368,.655,.537,.527,G,SR
2634,Deron Washington,912,2005-06,Virginia Tech,29,28,912,116,236,109,210,7,26,65,114,49,95,144,31,47,28,47,104,304,.492,.519,.269,.570,.524,.506,F,SO
2635,Dupree Lucas,912,2006-07,Portland State,32,32,912,158,382,136,284,22,98,84,139,39,64,103,124,39,7,89,86,422,.414,.479,.224,.604,.471,.442,G,JR
2636,Frank Elegar,912,2006-07,Drexel,31,30,912,180,341,180,341,0,0,137,210,64,144,208,22,28,37,79,93,497,.528,.528,,.652,.564,.528,C,JR
2637,Josh Peppers,912,2006-07,Central Florida,31,31,912,150,330,95,185,55,145,87,115,45,96,141,60,28,16,72,69,442,.455,.514,.379,.757,.575,.538,F,SR
2638,Lenny Collins,912,2004-05,Cornell,27,27,912,129,288,91,195,38,93,63,75,30,102,132,66,31,8,73,54,359,.448,.467,.409,.840,.555,.514,F,JR
2639,Lodrick Stewart,912,2005-06,Southern California,30,25,912,133,303,83,177,50,126,54,75,16,92,108,56,35,9,67,59,370,.439,.469,.397,.720,.546,.521,G,JR
2640,Marcus Barnes,912,2004-05,Northeastern,30,28,912,157,368,78,146,79,222,83,110,18,66,84,34,35,1,53,58,476,.427,.534,.356,.755,.566,.534,G,SR
2641,Matthew Knight,912,2006-07,Loyola Marymount,28,27,912,173,358,172,353,1,5,114,166,72,143,215,30,31,11,40,56,461,.483,.487,.200,.687,.528,.485,F,SR
2642,Shaun Wynn,912,2005-06,Boston University,28,27,912,76,211,36,108,40,103,26,49,34,96,130,105,30,2,51,46,218,.360,.333,.388,.531,.465,.455,G,SR
2643,Stetson Hairston,912,2002-03,Southern Illinois,31,31,912,125,275,91,191,34,84,53,72,43,87,130,92,54,7,94,83,337,.455,.476,.405,.736,.545,.516,G,SO
2644,T.J. Thompson,912,2003-04,George Washington,30,26,912,123,308,62,124,61,184,88,110,21,55,76,103,40,3,72,61,395,.399,.500,.332,.800,.548,.498,G,JR
2645,T.J. Thompson,912,2004-05,George Washington,30,29,912,134,319,60,130,74,189,65,79,8,53,61,87,38,1,65,57,407,.420,.462,.392,.823,.571,.536,G,SR
2646,Tom Levin,912,2004-05,Loyola Chicago,30,23,912,58,144,46,109,12,35,31,50,38,74,112,34,26,19,44,61,159,.403,.422,.343,.620,.474,.444,F,FR
2647,Anthony Davis,911,2002-03,Austin Peay,31,30,911,161,384,129,274,32,110,80,113,50,97,147,73,51,12,78,78,434,.419,.471,.291,.708,.496,.461,G,SO
2648,Derick Nelson,911,2006-07,Oakland,33,19,911,111,249,85,173,26,76,86,110,70,167,237,60,32,6,77,68,334,.446,.491,.342,.782,.554,.498,F,SO
2649,Eddie Miller,911,2006-07,Fresno State,32,16,911,113,295,26,56,87,239,23,28,10,59,69,27,22,11,25,45,336,.383,.464,.364,.821,.545,.531,G,JR
2650,Ishmael Joyce,911,2002-03,Jackson State,28,24,911,135,340,81,178,54,162,85,115,20,70,90,55,45,6,72,90,409,.397,.455,.333,.739,.518,.476,G,JR
2651,Jai Lewis,911,2003-04,George Mason,33,29,911,187,313,187,308,0,5,103,158,110,137,247,38,36,30,70,98,477,.597,.607,.000,.652,.615,.597,F,SO
2652,Jamar Nutter,911,2006-07,Seton Hall,29,23,911,116,352,47,134,69,218,55,71,21,73,94,56,33,1,57,82,356,.330,.351,.317,.775,.461,.428,G,JR
2653,Lawrence Hamm,911,2003-04,Towson,29,29,911,114,250,108,221,6,29,56,77,54,101,155,39,17,18,49,71,290,.456,.489,.207,.727,.506,.468,F,SO
2654,Marvin McCullough,911,2002-03,Iona,29,29,911,69,181,38,100,31,81,47,73,24,66,90,117,47,2,83,71,216,.381,.380,.383,.644,.501,.467,G,FR
2655,Patrick Powers,911,2003-04,Brown,27,26,911,140,334,63,131,77,203,58,73,22,128,150,71,40,9,67,70,415,.419,.481,.379,.795,.563,.534,F,SR
2656,Pierre Wooten,911,2002-03,Winthrop,30,29,911,128,310,83,172,45,138,91,134,19,98,117,110,43,4,72,60,392,.413,.483,.326,.679,.525,.485,G,SR
2657,Stefhon Hannah,911,2006-07,Missouri,30,29,911,161,356,102,205,59,151,82,104,23,83,106,137,72,0,98,90,463,.452,.498,.391,.788,.571,.535,G,JR
2658,Tim Szatko,911,2002-03,Holy Cross,31,31,911,113,289,94,223,19,66,109,153,52,147,199,44,15,19,57,56,354,.391,.422,.288,.712,.489,.424,F,SR
2659,Antoine Hood,910,2003-04,Air Force,29,29,910,108,195,68,97,40,98,45,68,32,60,92,43,33,6,45,80,301,.554,.701,.408,.662,.662,.656,G,SO
2660,Channing Frye,910,2003-04,Arizona,30,30,910,193,352,190,347,3,5,89,113,89,133,222,56,17,63,49,89,478,.548,.548,.600,.788,.589,.553,C,JR
2661,Chaz Crawford,910,2006-07,Drexel,31,31,910,79,147,79,146,0,1,52,85,113,176,289,49,26,94,42,101,210,.537,.541,.000,.612,.560,.537,F,SR
2662,Kyle Feuerbach,910,2004-05,Northern Arizona,28,28,910,101,232,24,49,77,183,44,69,5,56,61,131,23,1,75,51,323,.435,.490,.421,.638,.610,.601,G,SR
2663,Majak Kou,910,2006-07,Loyola Chicago,31,31,910,149,321,109,194,40,127,63,88,36,89,125,41,34,26,41,84,401,.464,.562,.315,.716,.553,.526,G,SR
2664,Phil Martin,910,2003-04,Hawaii,33,33,910,132,285,131,282,1,3,49,62,63,87,150,31,22,10,61,80,314,.463,.465,.333,.790,.499,.465,F,SR
2665,Shaun Davis,910,2005-06,New Mexico State,30,14,910,68,159,40,73,28,86,52,79,22,56,78,72,35,1,61,82,216,.428,.548,.326,.658,.550,.516,G,JR
2666,Teoine Carroll,910,2003-04,Wagner,29,27,910,110,298,49,121,61,177,63,82,17,56,73,45,26,5,67,54,344,.369,.405,.345,.768,.510,.471,G,SR
2667,Virgil Matthews,910,2005-06,Montana,31,31,910,108,217,78,155,30,62,67,88,33,110,143,125,52,8,95,76,313,.498,.503,.484,.761,.605,.567,G,SR
2668,William McDonald,910,2002-03,Grambling State,30,,910,159,344,158,339,1,5,51,69,69,175,244,36,21,83,51,73,370,.462,.466,.200,.739,.491,.464,F,SR
2669,Aaron Jennings,909,2002-03,Northwestern,29,29,909,119,263,88,175,31,88,60,76,20,113,133,55,27,36,44,87,329,.452,.503,.352,.789,.550,.511,C,SR
2670,Anthony Esparza,909,2006-07,Pacific,31,29,909,93,196,69,136,24,60,74,100,37,110,147,84,18,9,60,76,284,.474,.507,.400,.740,.583,.536,F,SR
2671,Aquawasi St. Hillaire,909,2003-04,Albany (NY),28,27,909,110,217,109,211,1,6,53,65,63,127,190,36,39,29,45,73,274,.507,.517,.167,.815,.553,.509,F,JR
2672,Ben Rand,909,2002-03,VMI,30,28,909,83,267,29,83,54,184,32,48,9,64,73,94,25,0,40,38,252,.311,.349,.293,.667,.435,.412,G,JR
2673,Brandon Chappell,909,2006-07,Lamar,32,11,909,91,236,18,51,73,185,13,22,9,57,66,74,22,0,51,50,268,.386,.353,.395,.591,.544,.540,G,SR
2674,Brandon Crump,909,2003-04,Tennessee,29,29,909,158,279,150,254,8,25,105,155,74,124,198,35,23,37,60,73,429,.566,.591,.320,.677,.608,.581,F,JR
2675,Diamon Simpson,909,2006-07,St. Mary's (CA),32,32,909,155,320,149,290,6,30,136,211,107,138,245,28,43,79,84,79,452,.484,.514,.200,.645,.538,.494,F,SO
2676,Drew Housman,909,2005-06,Harvard,27,26,909,81,201,63,151,18,50,91,119,19,38,57,82,41,3,86,45,271,.403,.417,.360,.765,.526,.448,G,FR
2677,Frank Richards,909,2002-03,Kansas State,30,30,909,111,266,98,202,13,64,61,93,14,65,79,146,32,7,90,58,296,.417,.485,.203,.656,.477,.442,G,JR
2678,Ishmael Joyce,909,2003-04,Jackson State,29,27,909,140,376,94,235,46,141,125,165,22,109,131,68,63,14,76,94,451,.372,.400,.326,.758,.496,.434,G,SR
2679,Jamaal Gilchrist,909,2003-04,Towson,29,23,909,121,289,75,164,46,125,67,90,23,51,74,89,48,5,83,69,355,.419,.457,.368,.744,.535,.498,G,SR
2680,Jared Josten,909,2006-07,Northern Iowa,31,31,909,82,181,47,108,35,73,43,50,4,19,23,42,17,0,34,55,242,.453,.435,.479,.860,.591,.550,G,JR
2681,Kelly Golob,909,2005-06,Northern Arizona,31,31,909,157,332,86,166,71,166,58,71,19,97,116,39,32,12,41,64,443,.473,.518,.428,.817,.606,.580,G,SR
2682,Kevin Oleksiak,909,2005-06,UNC Greensboro,28,27,909,106,283,47,120,59,163,68,85,25,59,84,65,43,0,73,63,339,.375,.392,.362,.800,.524,.479,G,SO
2683,Louis Ford,909,2003-04,Howard,28,27,909,97,238,75,169,22,69,52,66,20,94,114,141,77,0,100,83,268,.408,.444,.319,.788,.497,.454,G,SO
2684,Marcus Clark,909,2005-06,Stephen F. Austin,27,26,909,109,232,66,141,43,91,63,82,12,45,57,137,61,1,62,67,324,.470,.468,.473,.768,.598,.563,G,SR
2685,Mario Boggan,909,2005-06,Oklahoma State,33,33,909,182,313,173,285,9,28,115,140,80,107,187,33,37,27,72,100,488,.581,.607,.321,.821,.643,.596,F,JR
2686,Michael Haney,909,2003-04,Eastern Kentucky,29,28,909,128,240,125,231,3,9,71,93,59,124,183,68,37,11,61,89,330,.533,.541,.333,.763,.581,.540,F,JR
2687,Michael Housman,909,2006-07,UMBC,30,30,909,114,217,112,215,2,2,57,76,64,132,196,28,24,16,71,78,287,.525,.521,1.000,.750,.567,.530,F,SR
2688,Nolan McBride,909,2003-04,Jacksonville,28,28,909,92,215,64,141,28,74,38,51,42,83,125,82,42,28,83,85,250,.428,.454,.378,.745,.523,.493,F,SR
2689,Ontario Harper,909,2002-03,Mississippi State,31,31,909,88,212,69,135,19,77,35,49,54,99,153,46,29,10,65,69,230,.415,.511,.247,.714,.489,.460,F,JR
2690,Ricky Minard,909,2002-03,Morehead State,29,28,909,225,436,171,289,54,147,149,178,43,138,181,117,63,17,89,77,653,.516,.592,.367,.837,.627,.578,F,JR
2691,Ryan Bright,909,2006-07,Sam Houston State,31,29,909,171,333,135,239,36,94,82,153,81,169,250,87,54,45,85,87,460,.514,.565,.383,.536,.567,.568,F,JR
2692,Sam Winter,909,2002-03,Harvard,27,27,909,121,281,103,237,18,44,43,67,69,149,218,33,22,8,59,86,303,.431,.435,.409,.642,.484,.463,F,SR
2693,Terrance Thomas,909,2003-04,Baylor,26,22,909,138,336,84,176,54,160,84,113,54,125,179,83,26,2,78,43,414,.411,.477,.338,.743,.531,.491,F,SR
2694,Wayne Ellington,909,2006-07,North Carolina,38,37,909,164,379,98,201,66,178,51,61,28,81,109,79,29,1,47,49,445,.433,.488,.371,.836,.545,.520,G,FR
2695,Willie Depron,909,2004-05,Nicholls State,27,26,909,144,358,105,239,39,119,71,103,19,132,151,138,66,2,94,54,398,.402,.439,.328,.689,.489,.457,G,SR
2696,Aaron Harper,908,2002-03,Ole Miss,29,27,908,118,269,53,109,65,160,53,73,24,84,108,61,24,1,55,68,354,.439,.486,.406,.726,.583,.559,F,JR
2697,Alex Elam,908,2005-06,San Jose State,30,30,908,143,350,96,215,47,135,50,67,28,78,106,49,23,9,71,75,383,.409,.447,.348,.746,.502,.476,G,SR
2698,Ali Berdiel,908,2003-04,Valparaiso,31,30,908,100,254,59,142,41,112,108,165,19,82,101,185,52,11,128,99,349,.394,.415,.366,.655,.525,.474,G,JR
2699,Brian Fisk,908,2003-04,Lipscomb,28,26,908,112,269,74,168,38,101,61,85,37,78,115,78,52,1,79,79,323,.416,.440,.376,.718,.522,.487,G,FR
2700,Chris Hester,908,2002-03,Eastern Washington,31,28,908,163,289,163,289,0,0,109,145,46,106,152,56,28,11,90,75,435,.564,.564,,.752,.608,.564,F,SR
2701,Chuma Awaji,908,2006-07,UC Irvine,33,27,908,79,201,56,111,23,90,81,100,16,100,116,63,19,5,68,49,262,.393,.505,.256,.810,.527,.450,G,JR
2702,Curtis Withers,908,2004-05,Charlotte,28,28,908,175,374,153,322,22,52,131,198,96,132,228,49,31,25,83,88,503,.468,.475,.423,.662,.537,.497,F,JR
2703,Damion James,908,2006-07,Texas,35,35,908,99,201,98,190,1,11,66,111,89,164,253,32,20,42,52,100,265,.493,.516,.091,.595,.522,.495,F,FR
2704,David Harrison,908,2002-03,Colorado,32,31,908,164,300,164,300,0,0,117,208,103,162,265,16,22,106,72,112,445,.547,.547,,.563,.558,.547,C,SO
2705,Dawan Robinson,908,2005-06,Rhode Island,26,25,908,138,347,112,252,26,95,106,133,16,77,93,112,48,4,101,60,408,.398,.444,.274,.797,.497,.435,G,SR
2706,Donell Taylor II,908,2004-05,UAB,33,32,908,177,350,130,231,47,119,110,140,47,99,146,98,67,11,76,92,511,.506,.563,.395,.786,.613,.573,G,SR
2707,Earl Bullock,908,2002-03,UT Martin,28,28,908,149,386,51,108,98,278,52,65,24,58,82,45,31,5,53,55,448,.386,.472,.353,.800,.537,.513,G,JR
2708,Jason Fontenet,908,2002-03,New Mexico State,28,27,908,106,256,68,153,38,103,91,112,13,40,53,113,27,0,68,47,341,.414,.444,.369,.813,.551,.488,G,SO
2709,Maurice Latham,908,2005-06,Campbell,28,28,908,181,339,163,287,18,52,123,159,112,138,250,61,29,3,80,80,503,.534,.568,.346,.774,.607,.560,F,SR
2710,Michael Ross,908,2002-03,Eastern Michigan,28,28,908,104,225,78,150,26,75,77,97,12,89,101,142,43,3,81,69,311,.462,.520,.347,.794,.574,.520,G,SO
2711,Monwell Randle,908,2003-04,Southwest Missouri State,33,31,908,119,237,119,232,0,5,86,120,69,122,191,16,32,20,57,98,324,.502,.513,.000,.717,.551,.502,C,SR
2712,Nick Lewis,908,2005-06,San Diego,30,30,908,191,372,147,274,44,98,103,130,39,111,150,40,24,23,79,60,529,.513,.536,.449,.792,.610,.573,F,SR
2713,T.J. Meerman,908,2002-03,Central Michigan,32,31,908,57,114,28,50,29,64,37,50,2,56,58,92,32,2,55,82,180,.500,.560,.453,.740,.653,.627,G,JR
2714,Andy Hipsher,907,2002-03,Akron,28,27,907,88,181,75,130,13,51,77,96,49,112,161,112,49,11,61,66,266,.486,.577,.255,.802,.587,.522,F,JR
2715,Arron Afflalo,907,2004-05,UCLA,29,29,907,106,240,67,139,39,101,63,89,17,80,97,63,18,7,62,67,314,.442,.482,.386,.708,.556,.523,G,FR
2716,Chrismen Oliver,907,2004-05,UC Santa Barbara,29,28,907,110,276,67,154,43,122,41,55,12,52,64,86,55,3,69,33,304,.399,.435,.352,.745,.503,.476,G,SR
2717,D'Jamel Jackson,907,2002-03,Mississippi Valley State,29,28,907,155,400,103,241,52,159,46,59,47,69,116,46,29,5,40,64,408,.388,.427,.327,.780,.477,.453,G,SR
2718,Donell Allick,907,2004-05,Louisiana Tech,29,27,907,119,307,65,144,54,163,65,94,18,92,110,103,38,4,78,58,357,.388,.451,.331,.691,.508,.476,G,SR
2719,Gil Goodrich,907,2003-04,Lamar,29,24,907,118,339,70,166,48,173,90,109,16,55,71,133,66,0,93,41,374,.348,.422,.277,.826,.479,.419,G,JR
2720,J'mel Everhart,907,2003-04,The Citadel,28,28,907,78,177,76,167,2,10,49,74,85,111,196,35,22,17,57,68,207,.441,.455,.200,.662,.488,.446,F,FR
2721,Josh Murray,907,2002-03,IUPUI,31,22,907,146,260,140,242,6,18,97,152,93,150,243,40,50,12,63,87,395,.562,.579,.333,.638,.595,.573,F,SR
2722,Luke Nevill,907,2006-07,Utah,29,28,907,181,284,181,284,0,0,126,170,72,151,223,45,13,33,63,76,488,.637,.637,,.741,.669,.637,C,SO
2723,Phil Goss,907,2003-04,Drexel,28,25,907,125,308,35,81,90,227,40,46,8,85,93,66,48,5,51,75,380,.406,.432,.396,.870,.576,.552,G,JR
2724,Rodney Billups,907,2003-04,Denver,27,27,907,93,219,71,155,22,64,73,101,18,50,68,134,50,6,93,76,281,.425,.458,.344,.723,.526,.475,G,JR
2725,Ronnie Brewer,907,2003-04,Arkansas,28,28,907,125,260,108,196,17,64,74,129,59,94,153,94,57,20,72,47,341,.481,.551,.266,.574,.531,.513,G,FR
2726,Tyronn Mitchell,907,2005-06,Northwestern State,34,34,907,81,191,51,105,30,86,77,89,30,66,96,171,75,2,93,75,269,.424,.486,.349,.865,.577,.503,G,SR
2727,Billy Collins,906,2002-03,Boston University,31,31,906,106,256,53,132,53,124,36,69,57,156,213,60,19,19,46,71,301,.414,.402,.427,.522,.521,.518,F,SR
2728,Brendon Merritt,906,2003-04,Eastern Washington,30,29,906,102,231,77,147,25,84,100,121,14,67,81,90,42,5,48,75,329,.442,.524,.298,.826,.570,.496,G,SR
2729,Casey Long,906,2005-06,Chattanooga,32,32,906,87,246,59,131,28,115,104,135,23,143,166,107,54,7,66,58,306,.354,.450,.243,.770,.493,.411,G,JR
2730,Eryk Thomas,906,2006-07,East Tennessee State,34,32,906,109,174,106,162,3,12,49,66,66,126,192,37,52,39,56,109,270,.626,.654,.250,.742,.657,.635,F,SR
2731,Florentino Valencia,906,2006-07,Toledo,32,31,906,164,246,164,246,0,0,90,134,70,87,157,22,18,10,77,73,418,.667,.667,,.672,.675,.667,F,SR
2732,Jaret von Rosenberg,906,2006-07,Hartford,30,11,906,97,238,57,110,40,128,82,104,26,69,95,80,51,1,64,44,316,.408,.518,.313,.788,.550,.492,G,SO
2733,Jay Heard,906,2002-03,Jacksonville State,30,30,906,134,305,84,171,50,134,54,70,34,105,139,96,95,16,73,86,372,.439,.491,.373,.771,.550,.521,G,SR
2734,Joe Reitz,906,2006-07,Western Michigan,32,32,906,150,268,150,268,0,0,145,219,100,175,275,14,20,2,72,91,445,.560,.560,,.662,.598,.560,C,JR
2735,Josh Mayo,906,2005-06,Illinois–Chicago,31,26,906,92,241,41,96,51,145,79,95,10,46,56,77,32,1,51,33,314,.382,.427,.352,.832,.549,.488,G,FR
2736,Keenan Jones,906,2006-07,Northwestern State,32,31,906,72,166,53,123,19,43,141,180,19,62,81,200,41,4,105,45,304,.434,.431,.442,.783,.604,.491,G,SR
2737,Kyle Shiloh,906,2005-06,Nevada,33,32,906,92,217,44,114,48,103,55,87,26,61,87,73,26,5,40,56,287,.424,.386,.466,.632,.556,.535,G,JR
2738,Malachi Thurston,906,2002-03,Prairie View A&M,29,21,906,143,292,111,201,32,91,111,150,40,139,179,39,31,2,62,76,429,.490,.552,.352,.740,.591,.545,G,JR
2739,Michael Haynes,906,2002-03,Fordham,27,25,906,153,380,106,244,47,136,56,89,67,148,215,57,28,15,88,57,409,.403,.434,.346,.629,.484,.464,F,JR
2740,Mustafa Shakur,906,2003-04,Arizona,30,28,906,107,206,88,158,19,48,49,61,19,90,109,135,17,1,85,69,282,.519,.557,.396,.803,.600,.566,G,FR
2741,Paul Graham,906,2006-07,Florida Atlantic,29,20,906,141,307,100,198,41,109,86,119,12,57,69,96,29,1,73,61,409,.459,.505,.376,.723,.563,.526,G,SO
2742,Rodrick Epps,906,2006-07,UT Arlington,29,27,906,86,227,47,122,39,105,69,86,11,49,60,91,27,1,109,56,280,.379,.385,.371,.802,.523,.465,G,JR
2743,Stanley Burrell,906,2004-05,Xavier,29,24,906,126,303,65,137,61,166,56,71,17,77,94,60,23,4,63,74,369,.416,.474,.367,.789,.548,.517,G,FR
2744,Steve Burtt Jr,906,2003-04,Iona,29,21,906,139,319,90,186,49,133,64,78,14,75,89,68,28,1,82,71,391,.436,.484,.368,.821,.549,.513,G,SO
2745,Tyson Dorsey,906,2003-04,Samford,28,27,906,89,176,15,24,74,152,30,40,6,62,68,56,13,2,43,44,282,.506,.625,.487,.750,.723,.716,G,SR
2746,Antonio Meeking,905,2002-03,Louisiana Tech,27,27,905,176,355,176,354,0,1,132,192,69,128,197,31,18,23,67,75,484,.496,.497,.000,.688,.542,.496,F,SR
2747,Bryan Hopkins,905,2002-03,SMU,29,26,905,117,333,63,169,54,164,92,120,13,79,92,112,61,7,121,80,380,.351,.373,.329,.767,.487,.432,G,FR
2748,Chris Davis,905,2002-03,North Texas,26,26,905,157,367,130,272,27,95,153,199,75,111,186,77,17,10,97,76,494,.428,.478,.284,.769,.535,.465,G,SR
2749,Clifton Lee,905,2005-06,Northwestern State,34,34,905,189,366,154,277,35,89,69,111,61,151,212,60,25,18,60,65,482,.516,.556,.393,.622,.576,.564,F,SR
2750,Cody Toppert,905,2003-04,Cornell,27,27,905,138,350,61,135,77,215,42,50,22,81,103,39,22,5,44,60,395,.394,.452,.358,.840,.528,.504,G,JR
2751,Craig Bradshaw,905,2006-07,Winthrop,32,31,905,157,322,124,221,33,101,86,142,63,140,203,47,18,38,73,74,433,.488,.561,.327,.606,.556,.539,C,SR
2752,Dave Hardy,905,2002-03,Colgate,28,28,905,103,216,68,126,35,90,46,66,17,50,67,120,31,3,70,55,287,.477,.540,.389,.697,.580,.558,G,SR
2753,David Heck,905,2006-07,Utah Valley State,29,29,905,129,300,80,171,49,129,63,83,28,99,127,82,18,29,55,64,370,.430,.468,.380,.759,.545,.512,F,JR
2754,David Lee,905,2003-04,Jacksonville,28,28,905,125,320,65,139,60,181,83,104,28,75,103,49,21,2,72,65,393,.391,.468,.331,.798,.532,.484,G,JR
2755,Jason McLeish,905,2004-05,Eastern Kentucky,31,27,905,95,241,72,168,23,73,59,81,22,57,79,54,44,9,65,76,272,.394,.429,.315,.728,.487,.442,G,JR
2756,Jason Smith,905,2006-07,Colorado State,30,28,905,175,302,175,299,0,3,154,200,98,206,304,58,16,47,102,94,504,.579,.585,.000,.770,.635,.579,F,JR
2757,Jeff Cowans,905,2002-03,Florida Atlantic,28,23,905,149,370,102,232,47,138,63,78,32,82,114,51,31,1,54,74,408,.403,.440,.341,.808,.501,.466,G,JR
2758,Jimmy Baron,905,2006-07,Rhode Island,32,25,905,149,306,52,103,97,203,72,81,14,55,69,63,16,0,42,40,467,.487,.505,.478,.889,.678,.645,G,SO
2759,Johnny Miller,905,2004-05,IUPUI,29,29,905,111,210,103,191,8,19,52,98,46,86,132,121,45,23,85,107,282,.529,.539,.421,.531,.550,.548,G,SR
2760,Kiah Thomas,905,2004-05,Old Dominion,34,32,905,94,219,53,104,41,115,52,70,30,85,115,47,33,21,42,51,281,.429,.510,.357,.743,.557,.523,G,SR
2761,Ledell Eackles,905,2006-07,Campbell,31,27,905,82,206,48,94,34,112,68,96,15,99,114,143,94,1,82,65,266,.398,.511,.304,.708,.529,.481,G,SR
2762,Lincoln Gunn,905,2006-07,Princeton,28,28,905,59,168,23,46,36,122,22,28,12,42,54,48,19,3,41,51,176,.351,.500,.295,.786,.485,.458,G,FR
2763,Marquis Sullivan,905,2006-07,Loyola (MD),31,30,905,140,314,52,109,88,205,38,45,13,68,81,29,20,5,36,67,406,.446,.477,.429,.844,.605,.586,G,SO
2764,Morris Almond,905,2005-06,Rice,28,24,905,224,448,176,340,48,108,116,146,49,65,114,32,39,19,80,66,612,.500,.518,.444,.795,.591,.554,G,JR
2765,Ontario Harper,905,2004-05,Mississippi State,34,15,905,108,243,94,179,14,64,66,90,57,110,167,40,33,6,52,56,296,.444,.525,.219,.733,.518,.473,F,SR
2766,Richard Roby,905,2005-06,Colorado,30,29,905,172,408,109,231,63,177,103,140,46,118,164,74,62,27,64,52,510,.422,.472,.356,.736,.537,.499,G,SO
2767,Ro'ger Guignard,905,2006-07,UT Arlington,30,25,905,117,297,46,93,71,204,21,28,12,56,68,104,46,2,64,38,326,.394,.495,.348,.750,.525,.513,G,FR
2768,Adam Gore,904,2005-06,Cornell,28,28,904,115,269,32,71,83,198,48,58,10,53,63,37,25,0,40,75,361,.428,.451,.419,.828,.609,.582,G,FR
2769,Avery Patterson,904,2006-07,St. John's (NY),31,27,904,110,308,38,88,72,220,30,42,14,100,114,34,26,9,29,52,322,.357,.432,.327,.714,.491,.474,G,JR
2770,Brandon Giles,904,2006-07,Longwood,31,30,904,53,155,32,68,21,87,57,64,11,68,79,108,28,1,110,64,184,.342,.471,.241,.891,.496,.410,G,JR
2771,Charron Fisher,904,2006-07,Niagara,27,27,904,188,412,151,310,37,102,142,185,75,142,217,29,23,13,80,68,555,.456,.487,.363,.768,.555,.501,F,JR
2772,Clarence Baker,904,2002-03,Mercer,29,29,904,104,263,63,152,41,111,50,66,31,76,107,157,43,0,86,61,299,.395,.414,.369,.758,.508,.473,G,SR
2773,Danny Gathings,904,2003-04,High Point,30,30,904,189,356,176,325,13,31,83,121,71,169,240,25,48,17,74,90,474,.531,.542,.419,.686,.573,.549,F,JR
2774,David Ryan,904,2006-07,Siena,32,32,904,82,173,41,69,41,104,35,49,31,124,155,49,25,17,33,99,240,.474,.594,.394,.714,.611,.592,F,SR
2775,DeAndre Haynes,904,2002-03,Kent State,31,27,904,62,146,42,91,20,55,24,38,18,82,100,132,45,2,77,89,168,.425,.462,.364,.632,.512,.493,G,FR
2776,Derrick Roberts,904,2005-06,SMU,29,20,904,119,259,102,196,17,63,55,83,36,69,105,70,26,8,68,62,310,.459,.520,.270,.663,.519,.492,G,SO
2777,Eric Castro,904,2003-04,SMU,30,30,904,111,218,108,195,3,23,73,107,58,110,168,55,43,12,69,73,298,.509,.554,.130,.682,.554,.516,C,JR
2778,James Augustine,904,2003-04,Illinois,33,33,904,125,197,125,195,0,2,68,106,93,149,242,21,38,42,41,84,318,.635,.641,.000,.642,.643,.635,F,SO
2779,Jason Wills,904,2005-06,North Carolina A&T,29,28,904,146,301,146,296,0,5,133,206,78,127,205,58,24,14,99,77,425,.485,.493,.000,.646,.533,.485,F,SO
2780,John Reimold,904,2003-04,Bowling Green,27,26,904,140,303,75,140,65,163,64,80,36,94,130,76,19,9,38,58,409,.462,.536,.399,.800,.600,.569,F,JR
2781,Julius Young,904,2006-07,Jackson State,35,29,904,101,239,71,154,30,85,74,94,41,90,131,51,46,9,67,81,306,.423,.461,.353,.787,.539,.485,G,SR
2782,Kevin Downey,904,2002-03,Canisius,28,28,904,101,241,64,138,37,103,19,28,19,82,101,88,37,4,50,46,258,.419,.464,.359,.679,.507,.496,G,FR
2783,Kevinn Pinkney,904,2004-05,Nevada,31,31,904,146,269,143,255,3,14,93,125,78,162,240,38,39,25,49,69,388,.543,.561,.214,.744,.591,.548,F,SR
2784,K.J. Garland,904,2004-05,UNC Asheville,28,26,904,110,267,94,199,16,68,50,78,30,59,89,124,31,1,66,45,286,.412,.472,.235,.641,.470,.442,G,SO
2785,Levi Stukes,904,2003-04,Georgia,30,30,904,91,233,34,82,57,151,46,67,27,51,78,52,33,7,68,96,285,.391,.415,.377,.687,.538,.513,G,FR
2786,Quintin Carouthers,904,2004-05,IPFW,29,29,904,86,217,73,161,13,56,59,78,45,63,108,50,23,16,70,51,244,.396,.453,.232,.756,.480,.426,G,SO
2787,Romeo Travis,904,2006-07,Akron,32,27,904,180,344,177,336,3,8,115,171,78,111,189,53,33,65,61,90,478,.523,.527,.375,.673,.562,.528,F,SR
2788,Ross Schraeder,904,2004-05,UC Irvine,29,29,904,123,280,44,100,79,180,49,57,16,71,87,43,4,0,31,63,374,.439,.440,.439,.860,.609,.580,G,JR
2789,Antonio Burks,903,2003-04,Stephen F. Austin,30,30,903,175,356,97,192,78,164,31,41,39,97,136,41,15,4,42,80,459,.492,.505,.476,.756,.611,.601,F,SR
2790,Chris Gash,903,2004-05,Gardner-Webb,30,30,903,94,242,48,103,46,139,54,70,60,98,158,48,52,7,39,59,288,.388,.466,.331,.771,.523,.483,G,SO
2791,Clif Brown,903,2005-06,Niagara,29,15,903,143,360,98,218,45,142,91,112,83,154,237,38,31,6,63,66,422,.397,.450,.317,.813,.511,.460,F,JR
2792,Frank Tolbert,903,2006-07,Auburn,32,28,903,128,268,90,167,38,101,83,116,62,93,155,49,42,20,73,118,377,.478,.539,.376,.716,.583,.549,G,JR
2793,Isaiah Hunter,903,2005-06,Old Dominion,32,29,903,148,379,91,207,57,172,104,138,21,85,106,85,23,4,78,35,457,.391,.440,.331,.754,.514,.466,G,SR
2794,Josh Daniel,903,2002-03,UT Arlington,29,29,903,48,152,19,41,29,111,45,63,18,59,77,134,35,0,86,72,170,.316,.463,.261,.714,.467,.411,G,SR
2795,Matt Freije,903,2002-03,Vanderbilt,29,28,903,178,402,113,217,65,185,99,124,39,90,129,33,26,11,48,66,520,.443,.521,.351,.798,.564,.524,F,JR
2796,Mike McKinney,903,2006-07,Northern Illinois,29,26,903,150,297,128,222,22,75,42,82,42,101,143,59,34,3,78,69,364,.505,.577,.293,.512,.542,.542,G,SR
2797,Nate Johnson,903,2003-04,Florida State,33,33,903,61,139,19,39,42,100,11,20,10,66,76,125,34,3,39,40,175,.439,.487,.420,.550,.589,.590,G,SR
2798,Rob Monroe,903,2003-04,Quinnipiac,25,25,903,121,317,61,151,60,166,85,107,12,67,79,129,34,1,50,65,387,.382,.404,.361,.794,.526,.476,G,JR
2799,Terrance Mouton,903,2005-06,Rider,28,22,903,111,299,55,141,56,158,60,74,11,59,70,82,22,3,64,71,338,.371,.390,.354,.811,.506,.465,G,JR
2800,T.J. McCullough,903,2005-06,Gardner-Webb,28,28,903,76,167,65,132,11,35,35,51,14,89,103,170,39,1,79,81,198,.455,.492,.314,.686,.518,.488,G,SR
2801,Alex Barnett,902,2006-07,Dartmouth,27,26,902,133,315,121,253,12,62,40,57,45,117,162,38,30,39,50,48,318,.422,.478,.194,.702,.465,.441,F,SO
2802,Beau Bauer,902,2004-05,IPFW,28,28,902,97,297,44,125,53,172,43,65,34,66,100,69,35,6,75,83,290,.327,.352,.308,.662,.442,.416,G,SO
2803,Brent Ragsdale,902,2006-07,Kennesaw State,31,31,902,99,233,81,164,18,69,46,62,49,61,110,44,49,9,45,76,262,.425,.494,.261,.742,.499,.464,F,SR
2804,Dante Cunningham,902,2006-07,Villanova,33,27,902,99,193,98,192,1,1,88,113,86,91,177,24,42,20,56,96,287,.513,.510,1.000,.779,.582,.516,F,SO
2805,Darius Rice,902,2002-03,Miami (FL),27,26,902,170,399,103,215,67,184,99,129,51,106,157,32,37,22,69,71,506,.426,.479,.364,.767,.550,.510,F,JR
2806,David Chiotti,902,2004-05,New Mexico,33,33,902,129,239,128,235,1,4,83,119,55,114,169,49,27,20,66,73,342,.540,.545,.250,.697,.579,.542,C,JR
2807,Deandre Moore,902,2002-03,San Diego State,30,30,902,87,208,46,101,41,107,35,53,21,89,110,122,43,1,70,91,250,.418,.455,.383,.660,.536,.517,G,SR
2808,Demetrius Scott,902,2005-06,Appalachian State,30,30,902,99,214,89,173,10,41,42,59,42,66,108,55,27,7,65,56,250,.463,.514,.244,.712,.516,.486,G,JR
2809,Drew Williamson,902,2004-05,Old Dominion,34,34,902,75,176,47,102,28,74,34,55,29,70,99,153,60,8,38,66,212,.426,.461,.378,.618,.524,.506,G,SO
2810,Gary Johnson,902,2003-04,Central Florida,30,29,902,67,193,28,64,39,129,54,71,23,68,91,127,54,4,79,65,227,.347,.438,.302,.761,.501,.448,G,JR
2811,Ilian Evtimov,902,2003-04,NC State,31,22,902,97,212,64,114,33,98,78,89,50,89,139,93,40,5,66,92,305,.458,.561,.337,.876,.600,.535,F,SO
2812,Jason Blair,902,2002-03,San Diego,30,27,902,161,312,119,207,42,105,149,176,76,145,221,47,25,6,65,68,513,.516,.575,.400,.847,.648,.583,C,SR
2813,Kyle Neptune,902,2005-06,Lehigh,31,30,902,110,271,68,150,42,121,83,121,40,119,159,52,26,15,75,86,345,.406,.453,.347,.686,.525,.483,G,JR
2814,Mark Dorris,902,2006-07,Marshall,32,29,902,146,344,98,209,48,135,95,136,37,98,135,57,45,10,74,81,435,.424,.469,.356,.699,.532,.494,G,JR
2815,Ron Lewis,902,2002-03,Bowling Green,29,26,902,93,223,77,162,16,61,149,187,29,116,145,73,36,9,95,71,351,.417,.475,.262,.797,.563,.453,G,FR
2816,Wayne Arnold,902,2004-05,Tennessee State,30,25,902,107,252,48,105,59,147,29,43,45,61,106,64,39,19,41,63,302,.425,.457,.401,.674,.554,.542,G,JR
2817,Aaron Wellington,901,2002-03,Maryland Eastern Shore,28,25,901,127,309,48,110,79,199,46,51,28,59,87,56,37,1,78,65,379,.411,.436,.397,.902,.569,.539,G,FR
2818,Anthony Morrow,901,2005-06,Georgia Tech,28,28,901,154,348,76,166,78,182,63,71,51,76,127,46,30,5,64,72,449,.443,.458,.429,.887,.588,.555,G,SO
2819,Anton Lyons,901,2004-05,Idaho,30,26,901,132,285,129,273,3,12,76,108,69,136,205,28,12,18,53,73,343,.463,.473,.250,.704,.510,.468,F,SR
2820,Bobby Dixon,901,2004-05,Troy State,30,27,901,145,344,54,116,91,228,60,87,35,81,116,122,71,1,76,52,441,.422,.466,.399,.690,.572,.554,G,JR
2821,Brandon Watkins,901,2002-03,Penn State,28,27,901,154,351,130,253,24,98,52,69,20,57,77,103,31,0,96,57,384,.439,.514,.245,.754,.500,.473,G,SR
2822,Brice Vounang,901,2004-05,San Diego,29,29,901,173,337,173,336,0,1,91,129,80,138,218,38,32,12,93,86,437,.513,.515,.000,.705,.549,.513,F,SR
2823,Colin Falls,901,2004-05,Notre Dame,29,22,901,101,261,8,36,93,225,70,78,13,47,60,40,24,6,27,60,365,.387,.222,.413,.897,.612,.565,G,SO
2824,Darren Fells,901,2006-07,UC Irvine,33,22,901,123,230,120,223,3,7,87,139,58,142,200,65,19,16,90,90,336,.535,.538,.429,.626,.568,.541,C,JR
2825,Edwin Ubiles,901,2006-07,Siena,32,26,901,160,323,141,253,19,70,38,53,24,105,129,74,31,21,72,31,377,.495,.557,.271,.717,.541,.525,F,FR
2826,Gabe McMillen,901,2005-06,Stetson,32,25,901,85,178,43,88,42,90,41,51,17,52,69,85,43,10,63,73,253,.478,.489,.467,.804,.626,.596,G,JR
2827,Gyno Pomare,901,2006-07,San Diego,32,19,901,182,338,182,338,0,0,113,154,101,164,265,21,20,42,55,73,477,.538,.538,,.734,.580,.538,C,SO
2828,Jerren Shipp,901,2006-07,Arizona State,30,22,901,82,208,46,101,36,107,29,47,33,65,98,45,30,4,47,61,229,.394,.455,.336,.617,.497,.481,G,FR
2829,John Gilchrist,901,2004-05,Maryland,28,27,901,127,298,91,204,36,94,98,132,46,97,143,153,42,5,73,30,388,.426,.446,.383,.742,.538,.487,G,JR
2830,J.J. Barea,901,2002-03,Northeastern,28,28,901,158,388,110,236,48,152,113,144,21,64,85,109,44,1,79,73,477,.407,.466,.316,.785,.523,.469,G,FR
2831,Kelly Golob,901,2003-04,Northern Arizona,29,29,901,128,305,49,119,79,186,55,64,18,95,113,65,22,4,61,64,390,.420,.412,.425,.859,.581,.549,G,SO
2832,Kevin Coble,901,2006-07,Northwestern,29,28,901,156,316,111,200,45,116,31,39,25,127,152,46,46,21,41,49,388,.494,.555,.388,.795,.580,.565,F,FR
2833,Mack Callier,901,2002-03,UT Arlington,29,29,901,113,221,113,221,0,0,63,104,76,154,230,66,17,23,43,73,289,.511,.511,,.606,.534,.511,F,SR
2834,Pape Sow,901,2003-04,Cal State Fullerton,28,28,901,160,324,152,300,8,24,156,231,87,185,272,25,44,16,85,101,484,.494,.507,.333,.675,.558,.506,F,SR
2835,Peter Cipriano,901,2002-03,Southern,29,28,901,119,214,117,209,2,5,60,85,94,163,257,29,16,28,55,87,300,.556,.560,.400,.706,.590,.561,F,FR
2836,Ramon Dyer,901,2004-05,Houston,32,31,901,120,264,80,151,40,113,35,66,82,104,186,20,63,50,32,98,315,.455,.530,.354,.530,.533,.530,F,JR
2837,Romain Martin,901,2006-07,Eastern Illinois,29,23,901,145,342,77,163,68,179,72,83,8,51,59,27,15,4,63,53,430,.424,.472,.380,.867,.564,.523,G,FR
2838,Sherrard Watson,901,2006-07,Portland,32,29,901,113,255,100,194,13,61,50,84,41,80,121,37,24,11,64,73,289,.443,.515,.213,.595,.490,.469,F,JR
2839,Wil Fameni,901,2006-07,VCU,35,29,901,123,255,122,252,1,3,66,107,80,109,189,32,28,34,51,111,313,.482,.484,.333,.617,.512,.484,F,JR
2840,Brian Macon,900,2005-06,Boston University,28,28,900,48,150,28,78,20,72,44,52,19,60,79,108,30,2,70,47,160,.320,.359,.278,.846,.458,.387,G,JR
2841,Danny Granger Jr,900,2004-05,New Mexico,30,30,900,183,349,138,245,45,104,154,204,69,197,266,71,63,60,72,72,565,.524,.563,.433,.755,.634,.589,F,SR
2842,Derek Winans,900,2003-04,Southeast Missouri State,27,27,900,142,302,79,151,63,151,45,56,12,56,68,41,37,2,44,67,392,.470,.523,.417,.804,.596,.575,G,JR
2843,Derrick Williams,900,2002-03,Birmingham–Southern,28,27,900,100,260,38,92,62,168,90,103,19,60,79,95,50,1,95,58,352,.385,.413,.369,.874,.570,.504,G,JR
2844,Donte Gennie,900,2005-06,Georgia Southern,30,30,900,147,294,100,190,47,104,39,62,31,61,92,91,37,0,56,40,380,.500,.526,.452,.629,.587,.580,G,JR
2845,Greg Babcock,900,2002-03,Green Bay,30,27,900,119,217,119,217,0,0,95,140,86,166,252,23,7,19,57,96,333,.548,.548,,.679,.587,.548,C,SR
2846,Haminn Quaintance,900,2003-04,Jacksonville,28,27,900,159,299,156,286,3,13,78,122,92,154,246,75,49,84,105,85,399,.532,.545,.231,.639,.559,.537,F,FR
2847,Hosea Butler,900,2003-04,Mississippi Valley State,28,24,900,79,226,55,125,24,101,50,68,27,70,97,102,68,0,70,57,232,.350,.440,.238,.735,.449,.403,G,JR
2848,Ike Lopez,900,2002-03,Morehead State,29,29,900,77,144,76,141,1,3,62,90,58,123,181,30,17,11,43,98,217,.535,.539,.333,.689,.581,.538,C,SR
2849,Jeremy Kelly,900,2003-04,UT Martin,28,27,900,138,328,99,192,39,136,70,111,29,86,115,80,49,1,68,89,385,.421,.516,.287,.631,.506,.480,G,JR
2850,Justin Williams,900,2005-06,Wyoming,30,30,900,121,235,121,234,0,1,92,165,120,209,329,21,18,163,82,93,334,.515,.517,.000,.558,.533,.515,C,SR
2851,Landy Thompson,900,2004-05,Mount St. Mary's,27,27,900,130,353,69,171,61,182,67,100,20,70,90,98,35,5,87,74,388,.368,.404,.335,.670,.484,.455,G,JR
2852,Nick Welch,900,2003-04,Air Force,28,28,900,117,216,83,135,34,81,51,71,35,78,113,80,40,16,47,68,319,.542,.615,.420,.718,.639,.620,C,SO
2853,Pervis Pasco,900,2002-03,Kansas State,30,30,900,116,228,116,228,0,0,81,157,77,147,224,54,28,46,53,83,313,.509,.509,,.516,.517,.509,F,SR
2854,Pierre Thomas,900,2004-05,Utah Valley State,28,28,900,99,221,84,189,15,32,46,76,54,92,146,55,17,3,48,57,259,.448,.444,.469,.605,.504,.482,G,FR
2855,Ralphy Holmes,900,2004-05,Cal State Fullerton,26,22,900,179,372,144,279,35,93,47,68,88,140,228,68,26,8,56,75,440,.481,.516,.376,.691,.544,.528,F,SR
2856,Shaun Pruitt,900,2006-07,Illinois,35,35,900,161,293,161,293,0,0,77,150,105,156,261,7,10,16,68,81,399,.549,.549,,.513,.548,.549,C,JR
2857,Torrell Martin,900,2005-06,Winthrop,31,31,900,153,345,75,153,78,192,45,81,68,107,175,44,55,7,52,50,429,.443,.490,.406,.556,.559,.557,G,JR
2858,Travis Peterson,900,2005-06,Samford,31,30,900,126,258,81,148,45,110,50,80,38,81,119,98,23,35,44,83,347,.488,.547,.409,.625,.586,.576,C,SO
2859,Chris Stephens,899,2003-04,Oregon State,28,25,899,153,367,77,166,76,201,60,73,26,48,74,38,19,3,38,48,442,.417,.464,.378,.822,.550,.520,G,SO
2860,Jared Homan,899,2003-04,Iowa State,32,28,899,124,280,123,275,1,5,107,159,79,124,203,16,25,73,48,101,356,.443,.447,.200,.673,.501,.445,C,JR
2861,Joe Alexander,899,2006-07,West Virginia,36,36,899,144,339,104,208,40,131,42,66,52,103,155,70,22,38,64,76,370,.425,.500,.305,.636,.500,.484,G,SO
2862,Jordan Harris,899,2002-03,UC Irvine,29,28,899,115,265,93,192,22,73,115,144,34,92,126,45,31,8,55,60,367,.434,.484,.301,.799,.550,.475,F,SR
2863,Kyle Visser,899,2006-07,Wake Forest,31,31,899,188,322,188,320,0,2,150,233,89,140,229,19,23,42,61,79,526,.584,.588,.000,.644,.608,.584,C,SR
2864,Manny Ubilla,899,2006-07,Fairleigh Dickinson,30,19,899,117,286,54,127,63,159,60,83,24,106,130,87,51,9,60,46,357,.409,.425,.396,.723,.549,.519,G,JR
2865,Mark Davis,899,2002-03,George Mason,28,28,899,151,391,101,228,50,163,82,134,29,81,110,36,54,9,93,75,434,.386,.443,.307,.612,.477,.450,F,JR
2866,Richard Chaney,899,2003-04,Utah,33,31,899,121,245,87,163,34,82,37,45,49,88,137,34,17,18,41,57,313,.494,.534,.415,.822,.588,.563,G,SO
2867,Roberto Morentin,899,2003-04,Central Florida,31,30,899,156,282,153,276,3,6,103,132,83,131,214,56,35,18,55,84,418,.553,.554,.500,.780,.606,.559,C,SR
2868,Sharaud Curry,899,2005-06,Providence,27,23,899,118,276,81,173,37,103,49,55,33,52,85,95,29,2,71,76,322,.428,.468,.359,.891,.533,.495,G,FR
2869,Andre Matthews,898,2002-03,Delaware State,27,27,898,132,270,112,216,20,54,64,91,43,129,172,47,31,10,48,65,348,.489,.519,.370,.703,.556,.526,F,SR
2870,Anthony Shavies,898,2004-05,Southwest Missouri State,32,29,898,96,239,75,179,21,60,70,102,28,71,99,114,35,1,58,69,283,.402,.419,.350,.686,.492,.446,G,SR
2871,Brian Woodward,898,2003-04,Rhode Island,32,31,898,141,319,119,251,22,68,122,154,69,130,199,81,46,5,90,65,426,.442,.474,.324,.792,.543,.476,G,SR
2872,Dwayne Broyles,898,2003-04,James Madison,28,28,898,143,346,90,171,53,175,93,117,50,104,154,61,52,9,78,73,432,.413,.526,.303,.795,.538,.490,F,SR
2873,Jon Higgins,898,2002-03,Tennessee,27,27,898,84,192,31,63,53,129,18,24,23,61,84,79,31,3,28,65,239,.438,.492,.411,.750,.588,.576,G,SR
2874,Kyle Cuffe,898,2003-04,St. John's (NY),27,23,898,119,278,99,204,20,74,45,72,93,101,194,31,23,19,69,75,303,.428,.485,.270,.625,.485,.464,F,SR
2875,LeVar Seals,898,2004-05,DePaul,31,31,898,91,239,67,159,24,80,31,38,36,79,115,56,20,18,38,85,237,.381,.421,.300,.816,.461,.431,G,SR
2876,Omar Wellington,898,2003-04,Sacred Heart,27,27,898,97,245,38,94,59,151,11,20,10,61,71,112,40,2,57,50,264,.396,.404,.391,.550,.519,.516,G,SR
2877,Rashad Wright,898,2002-03,Georgia,27,27,898,66,181,47,114,19,67,59,82,12,59,71,149,35,11,50,53,210,.365,.412,.284,.720,.477,.417,G,JR
2878,Rashard Turner,898,2005-06,Maine,28,27,898,98,253,49,119,49,134,57,79,16,57,73,84,21,1,82,56,302,.387,.412,.366,.722,.520,.484,G,JR
2879,Tashaan Forehan-Kelly,898,2005-06,Pepperdine,27,27,898,121,266,84,174,37,92,139,173,46,110,156,43,38,3,67,80,418,.455,.483,.402,.803,.600,.524,G,SR
2880,Terrence Todd,898,2005-06,Fairfield,28,28,898,201,442,174,359,27,83,97,120,29,85,114,73,29,1,58,62,526,.455,.485,.325,.808,.527,.485,G,SR
2881,Thurman Zimmerman,898,2004-05,South Carolina State,31,30,898,146,296,137,263,9,33,156,208,64,161,225,64,41,5,86,92,457,.493,.521,.273,.750,.579,.508,F,JR
2882,Brandon Heath,897,2003-04,San Diego State,30,26,897,144,368,96,208,48,160,77,110,23,57,80,53,41,0,66,58,413,.391,.462,.300,.700,.491,.457,G,FR
2883,Corey Lewis,897,2005-06,Colorado State,30,30,897,96,217,70,151,26,66,86,110,18,90,108,136,47,3,102,90,304,.442,.464,.394,.782,.565,.502,G,JR
2884,David Lee,897,2004-05,Florida,32,30,897,160,305,160,301,0,4,115,161,78,210,288,70,34,24,85,76,435,.525,.532,.000,.714,.570,.525,F,SR
2885,Josh Bodden,897,2003-04,Central Florida,31,31,897,148,284,139,260,9,24,34,52,67,106,173,67,24,40,64,76,339,.521,.535,.375,.654,.549,.537,C,SR
2886,Justin Hawkins,897,2005-06,IPFW,28,28,897,72,171,34,71,38,100,21,33,40,83,123,31,18,10,32,77,203,.421,.479,.380,.636,.544,.532,F,JR
2887,Marcus West,897,2003-04,Fresno State,29,26,897,102,248,43,111,59,137,36,49,24,78,102,43,7,5,37,35,299,.411,.387,.431,.735,.551,.530,G,JR
2888,Rashaun Freeman,897,2006-07,Massachusetts,33,33,897,206,338,206,336,0,2,74,129,122,151,273,27,19,14,73,111,486,.609,.613,.000,.574,.609,.609,C,SR
2889,Sherman Rivers,897,2002-03,William & Mary,28,28,897,93,225,76,181,17,44,59,93,36,77,113,71,34,5,44,45,262,.413,.420,.386,.634,.487,.451,G,SR
2890,Stalin Ortiz,897,2002-03,Valparaiso,31,9,897,148,333,126,252,22,81,105,180,74,100,174,51,56,4,56,68,423,.444,.500,.272,.583,.505,.477,G,SR
2891,Torin Francis,897,2005-06,Notre Dame,30,30,897,133,264,133,264,0,0,83,130,82,201,283,50,14,31,53,73,349,.504,.504,,.638,.536,.504,F,SR
2892,Tyler Azzarelli,897,2004-05,Monmouth,29,29,897,81,190,49,87,32,103,47,63,18,93,111,87,55,9,51,82,241,.426,.563,.311,.746,.548,.511,G,JR
2893,Blannon Campbell,896,2002-03,Prairie View A&M,29,28,896,82,187,72,145,10,42,36,62,32,109,141,82,46,1,64,72,210,.439,.497,.238,.581,.485,.465,G,SR
2894,Boyd Copeland,896,2004-05,Georgia State,29,26,896,98,215,81,169,17,46,70,97,37,114,151,111,38,9,66,67,283,.456,.479,.370,.722,.542,.495,G,JR
2895,Brett Winkelman,896,2006-07,North Dakota State,28,28,896,159,307,134,248,25,59,107,135,81,110,191,61,40,13,65,67,450,.518,.540,.424,.793,.606,.559,F,SO
2896,Brian Woodward,896,2002-03,Rhode Island,31,31,896,141,362,120,302,21,60,134,180,74,112,186,70,40,11,72,66,437,.390,.397,.350,.744,.488,.419,G,JR
2897,Charles Rhodes,896,2006-07,Mississippi State,34,25,896,180,325,174,306,6,19,99,141,76,136,212,27,17,64,82,91,465,.554,.569,.316,.702,.593,.563,F,JR
2898,Dru Joyce III,896,2004-05,Akron,29,27,896,66,172,25,66,41,106,40,51,8,56,64,126,20,2,66,67,213,.384,.379,.387,.784,.543,.503,G,SO
2899,Dustin Salisbery,896,2005-06,Temple,30,28,896,101,267,55,126,46,141,44,78,32,96,128,39,41,4,30,67,292,.378,.437,.326,.564,.480,.464,G,JR
2900,Jeremy Clayton,896,2006-07,Appalachian State,33,32,896,141,237,137,227,4,10,46,86,81,153,234,52,38,55,61,81,332,.595,.604,.400,.535,.597,.603,F,JR
2901,Justin Isham,896,2003-04,SMU,30,27,896,85,212,64,138,21,74,44,66,36,67,103,54,28,15,62,73,235,.401,.464,.284,.667,.483,.450,G,JR
2902,Maleye Ndoye,896,2003-04,Furman,29,29,896,165,344,107,211,58,133,77,100,33,123,156,36,28,12,51,58,465,.480,.507,.436,.770,.594,.564,F,SR
2903,Marcus Becker,896,2005-06,Brown,27,27,896,61,156,41,91,20,65,41,66,24,55,79,76,37,4,60,48,183,.391,.451,.308,.621,.488,.455,G,JR
2904,Markus Austin,896,2002-03,Eastern Michigan,28,28,896,123,280,84,161,39,119,116,169,67,52,119,44,20,10,59,76,401,.439,.522,.328,.686,.557,.509,F,SO
2905,Max Paulhus Gosselin,896,2006-07,Davidson,34,33,896,64,128,44,78,20,50,15,23,51,55,106,61,40,16,37,75,163,.500,.564,.400,.652,.587,.578,G,SO
2906,Michael Haynes,896,2003-04,Fordham,27,25,896,189,417,139,282,50,135,73,129,44,156,200,58,20,22,100,76,501,.453,.493,.370,.566,.524,.513,F,SR
2907,Omar-Seli Mance,896,2002-03,Rice,28,28,896,143,322,61,126,82,196,58,71,16,63,79,87,41,4,60,64,426,.444,.484,.418,.817,.599,.571,G,SR
2908,Rashaad Carruth,896,2004-05,Southern Mississippi,28,24,896,147,332,98,196,49,136,31,40,7,75,82,26,21,0,55,48,374,.443,.500,.360,.775,.533,.517,G,JR
2909,Shawn Hawkins,896,2004-05,Long Beach State,30,26,896,127,330,94,208,33,122,50,77,62,89,151,43,21,5,74,77,337,.385,.452,.270,.649,.460,.435,F,JR
2910,Spencer Hawes,896,2006-07,Washington,31,24,896,193,363,192,360,1,3,74,98,61,136,197,60,16,54,78,70,461,.532,.533,.333,.755,.563,.533,C,FR
2911,Taron Barker,896,2002-03,Cincinnati,28,28,896,61,151,23,64,38,87,31,48,13,114,127,140,33,4,49,73,191,.404,.359,.437,.646,.549,.530,G,SR
2912,Taron Downey,896,2003-04,Wake Forest,31,13,896,104,221,53,90,51,131,57,68,9,63,72,91,38,1,47,44,316,.471,.589,.389,.838,.624,.586,G,JR
2913,Torvoris Baker,896,2005-06,Detroit Mercy,32,32,896,122,241,121,232,1,9,41,64,93,150,243,42,25,10,59,80,286,.506,.522,.111,.641,.527,.508,F,SR
2914,Will Chavis,896,2002-03,Texas Tech,35,22,896,94,210,48,89,46,121,40,53,19,74,93,79,30,0,45,65,274,.448,.539,.380,.755,.583,.557,G,SR
2915,Anthony Smith,895,2005-06,Liberty,30,20,895,99,261,71,163,28,98,49,74,27,61,88,41,25,9,55,76,275,.379,.436,.286,.662,.464,.433,G,FR
2916,Bryan Defares,895,2003-04,Boise State,31,27,895,112,257,95,201,17,56,101,136,54,90,144,115,33,4,78,70,342,.436,.473,.304,.743,.532,.469,G,SR
2917,Chris Berry,895,2006-07,Saint Francis (PA),29,29,895,109,238,87,176,22,62,99,141,55,86,141,44,28,7,57,63,339,.458,.494,.355,.702,.556,.504,G,SO
2918,Chris Walton,895,2003-04,San Diego State,30,29,895,101,245,78,179,23,66,37,58,39,109,148,69,33,13,66,91,262,.412,.436,.348,.638,.481,.459,F,JR
2919,Chuck Harris,895,2006-07,Canisius,27,22,895,121,356,51,147,70,209,75,98,45,97,142,72,37,8,52,64,387,.340,.347,.335,.765,.481,.438,G,SR
2920,Jason Wingate,895,2004-05,Manhattan,29,26,895,79,207,48,132,31,75,63,78,14,50,64,90,28,3,58,56,252,.382,.364,.413,.808,.516,.457,G,JR
2921,John Hamilton,895,2002-03,Weber State,32,19,895,108,296,43,108,65,188,63,82,7,68,75,52,19,1,50,35,344,.365,.398,.346,.768,.514,.475,G,JR
2922,Josh Obiajunwa,895,2006-07,Savannah State,30,30,895,119,275,114,253,5,22,79,107,76,165,241,66,36,30,86,76,322,.433,.451,.227,.738,.494,.442,F,SR
2923,Karandick Ogunride,895,2004-05,Norfolk State,27,27,895,101,234,101,231,0,3,64,108,67,128,195,18,14,41,36,77,266,.432,.437,.000,.593,.466,.432,C,JR
2924,Nate Johnson,895,2002-03,Nebraska,28,28,895,136,335,118,259,18,76,83,114,15,92,107,63,30,2,86,45,373,.406,.456,.237,.728,.479,.433,G,JR
2925,Rafael Araujo,895,2003-04,Brigham Young,30,30,895,211,368,203,338,8,30,122,169,87,216,303,37,43,25,87,94,552,.573,.601,.267,.722,.616,.584,C,SR
2926,Randy Burns,895,2003-04,Wichita State,32,31,895,126,325,62,151,64,174,82,109,21,119,140,62,19,2,62,42,398,.388,.411,.368,.752,.528,.486,G,JR
2927,Ricky Hickman,895,2006-07,UNC Greensboro,30,16,895,128,351,81,182,47,169,127,179,29,72,101,72,51,8,98,77,430,.365,.445,.278,.709,.493,.432,G,SR
2928,Sam Brand,895,2004-05,Morgan State,29,29,895,122,328,50,124,72,204,78,93,25,56,81,48,29,5,55,59,394,.372,.403,.353,.839,.529,.482,G,JR
2929,Tim Johnson,895,2002-03,Southern,28,25,895,122,312,79,193,43,119,41,65,30,93,123,39,28,9,42,55,328,.391,.409,.361,.631,.478,.460,G,JR
2930,Tony Danridge,895,2006-07,New Mexico,32,32,895,166,326,150,287,16,39,52,75,21,58,79,43,24,11,39,60,400,.509,.523,.410,.693,.553,.534,G,JR
2931,Troy Godwin,895,2003-04,VCU,31,31,895,151,262,151,262,0,0,64,136,80,137,217,35,14,50,99,87,366,.576,.576,,.471,.560,.576,C,SR
2932,Ali Berdiel,894,2002-03,Valparaiso,31,31,894,76,204,56,132,20,72,64,96,20,61,81,146,57,8,96,85,236,.373,.424,.278,.667,.473,.422,G,SO
2933,Andre Morgan,894,2005-06,Kennesaw State,29,24,894,122,262,94,177,28,85,100,145,67,89,156,51,60,12,71,86,372,.466,.531,.329,.690,.562,.519,G,FR
2934,Branden Vincent,894,2003-04,Mississippi State,30,30,894,88,170,88,168,0,2,46,82,89,138,227,51,28,40,64,88,222,.518,.524,.000,.561,.531,.518,F,SR
2935,Chevon Troutman,894,2004-05,Pittsburgh,29,29,894,151,267,145,251,6,16,126,177,100,132,232,43,34,25,63,76,434,.566,.578,.375,.712,.618,.577,F,SR
2936,Chris Gash,894,2005-06,Gardner-Webb,29,25,894,100,227,59,126,41,101,49,59,44,95,139,51,27,2,66,62,290,.441,.468,.406,.831,.569,.531,G,JR
2937,Chris Gaynor,894,2005-06,Winthrop,31,31,894,75,166,23,48,52,118,11,15,13,68,81,139,46,4,45,52,213,.452,.479,.441,.733,.615,.608,G,SO
2938,Chris Kenny,894,2004-05,Monmouth,29,29,894,93,213,45,86,48,127,43,47,6,82,88,66,37,4,43,69,277,.437,.523,.378,.915,.589,.549,G,JR
2939,Darnell Harris,894,2005-06,La Salle,28,15,894,121,290,49,106,72,184,40,51,5,69,74,42,30,8,36,48,354,.417,.462,.391,.784,.563,.541,G,SO
2940,Drew Lavender,894,2004-05,Oklahoma,32,28,894,101,260,56,129,45,131,62,78,13,35,48,101,51,0,65,73,309,.388,.434,.344,.795,.520,.475,G,SO
2941,E.J. Gallup,894,2003-04,Coastal Carolina,29,29,894,176,389,90,191,86,198,60,67,18,72,90,52,53,5,53,56,498,.452,.471,.434,.896,.592,.563,F,SR
2942,Garrett Farha,894,2005-06,Saint Francis (PA),28,27,894,55,169,32,86,23,83,35,47,23,66,89,129,20,0,61,54,168,.325,.372,.277,.745,.439,.393,G,SR
2943,Gerad Punch,894,2006-07,Furman,31,30,894,94,187,64,114,30,73,30,41,59,123,182,51,33,13,62,62,248,.503,.561,.411,.732,.601,.583,F,SR
2944,Gregg Alexander,894,2002-03,Illinois State,29,27,894,112,262,51,128,61,134,38,48,18,70,88,38,38,5,52,56,323,.427,.398,.455,.792,.567,.544,G,SO
2945,Jacob Hazouri,894,2005-06,Troy,29,28,894,95,224,26,56,69,168,22,39,25,72,97,44,30,1,33,64,281,.424,.464,.411,.564,.579,.578,G,SR
2946,J.D. Collins,894,2005-06,West Virginia,33,33,894,55,133,35,70,20,63,43,64,9,57,66,125,44,7,43,72,173,.414,.500,.317,.672,.529,.489,G,SR
2947,Michael Turner,894,2006-07,Hartford,29,24,894,52,136,35,76,17,60,45,82,47,103,150,62,43,4,63,98,166,.382,.461,.283,.549,.474,.445,F,SO
2948,Nate Johnson,894,2002-03,Florida State,29,29,894,42,132,12,48,30,84,24,35,10,71,81,84,26,0,48,45,138,.318,.250,.357,.686,.464,.432,G,JR
2949,Nick Grant,894,2006-07,Drake,32,32,894,116,276,116,270,0,6,152,212,61,81,142,52,62,4,78,92,384,.420,.430,.000,.717,.510,.420,G,SR
2950,Tarick Johnson,894,2002-03,Campbell,27,27,894,180,390,157,326,23,64,79,114,37,101,138,48,31,16,63,49,462,.462,.482,.359,.693,.520,.491,G,JR
2951,Thomas Kelati,894,2002-03,Washington State,27,26,894,91,213,29,77,62,136,25,34,24,68,92,99,38,8,72,57,269,.427,.377,.456,.735,.587,.573,G,SO
2952,Trey Guidry,894,2004-05,Illinois State,30,28,894,144,381,86,195,58,186,71,89,10,84,94,63,27,3,78,78,417,.378,.441,.312,.798,.493,.454,G,SR
2953,Tyler Best,894,2006-07,IPFW,29,29,894,100,216,93,191,7,25,49,85,32,114,146,93,24,15,81,77,256,.463,.487,.280,.576,.499,.479,F,SR
2954,Aaron Brooks,893,2004-05,Oregon,27,26,893,126,294,74,154,52,140,94,110,19,69,88,125,27,4,87,58,398,.429,.481,.371,.855,.575,.517,G,SO
2955,Ben Luber,893,2005-06,Penn State,29,29,893,80,184,41,97,39,87,19,29,2,46,48,129,39,3,60,49,218,.435,.423,.448,.655,.551,.541,G,JR
2956,Chris Moore,893,2006-07,Tulane,30,26,893,100,250,50,114,50,136,59,81,16,86,102,70,29,14,42,59,309,.400,.439,.368,.728,.536,.500,G,SR
2957,Clayton Morgan,893,2005-06,Longwood,30,23,893,127,292,117,264,10,28,106,153,96,161,257,49,23,9,66,68,370,.435,.443,.357,.693,.507,.452,F,JR
2958,James Jackson,893,2004-05,Eastern Michigan,30,30,893,106,209,106,208,0,1,56,120,71,150,221,29,30,33,62,84,268,.507,.510,.000,.467,.504,.507,F,SR
2959,Jason Harris,893,2004-05,Sacramento State,27,27,893,144,340,117,250,27,90,157,213,65,59,124,49,55,10,81,67,472,.424,.468,.300,.737,.535,.463,F,JR
2960,Javier Mendiburu,893,2004-05,Green Bay,26,26,893,94,233,50,123,44,110,66,86,10,106,116,184,36,8,80,55,298,.403,.407,.400,.767,.544,.498,G,SR
2961,Laurie Bridges,893,2003-04,Louisiana–Lafayette,29,29,893,98,237,70,160,28,77,69,87,62,112,174,89,42,8,62,60,293,.414,.438,.364,.793,.526,.473,G,SR
2962,Marvett McDonald,893,2005-06,UAB,31,31,893,156,402,60,136,96,266,51,64,19,60,79,70,44,1,50,61,459,.388,.441,.361,.797,.531,.507,G,SR
2963,Merrill Andrews,893,2002-03,Southwest Missouri State,29,28,893,108,234,98,210,10,24,67,94,20,58,78,58,41,11,56,73,293,.462,.467,.417,.713,.526,.483,G,JR
2964,Reggie Williams,893,2005-06,VMI,27,25,893,172,372,128,233,44,139,126,168,53,135,188,69,27,4,76,45,514,.462,.549,.317,.750,.569,.522,F,SO
2965,Roshaun Bowens,893,2003-04,Tennessee State,28,28,893,192,384,178,358,14,26,74,108,64,123,187,37,27,10,70,91,472,.500,.497,.538,.685,.542,.518,F,JR
2966,Rudy Gay Jr,893,2004-05,Connecticut,31,26,893,132,286,104,226,28,60,75,106,55,113,168,48,25,59,61,71,367,.462,.460,.467,.708,.546,.510,F,FR
2967,Shamell Stallworth,893,2002-03,San Francisco,29,21,893,125,270,71,147,54,123,62,73,21,71,92,56,29,5,64,75,366,.463,.483,.439,.849,.601,.563,G,SR
2968,Todd Golden,893,2006-07,St. Mary's (CA),32,22,893,44,130,10,31,34,99,42,47,9,70,79,102,23,4,36,49,164,.338,.323,.343,.894,.538,.469,G,JR
2969,Toraino Johnson,893,2002-03,Utah State,33,33,893,102,192,94,173,8,19,40,53,57,61,118,65,20,7,42,67,252,.531,.543,.421,.755,.580,.552,F,SR
2970,Alex Vander Baan,892,2005-06,Holy Cross,32,30,892,68,168,61,146,7,22,54,83,65,94,159,40,25,11,58,110,197,.405,.418,.318,.651,.475,.426,F,FR
2971,Carlos Morban,892,2002-03,Florida International,29,27,892,83,222,62,168,21,54,45,79,35,66,101,79,64,3,98,85,232,.374,.369,.389,.570,.447,.421,G,SO
2972,DaMarcus Ellis,892,2002-03,Robert Morris,27,25,892,101,198,99,192,2,6,90,106,13,52,65,98,36,2,88,72,294,.510,.516,.333,.849,.592,.515,G,SR
2973,Franco Harris,892,2004-05,Boise State,34,11,892,99,232,30,54,69,178,26,30,15,47,62,52,14,1,31,50,293,.427,.556,.388,.867,.595,.575,G,SR
2974,Greg Jenkins,892,2004-05,Iona,30,28,892,173,310,173,310,0,0,126,199,55,133,188,29,17,66,86,89,472,.558,.558,,.633,.583,.558,C,SR
2975,Jason Osborne,892,2004-05,Saint Francis (PA),28,28,892,149,249,149,249,0,0,53,91,70,105,175,36,15,28,60,88,351,.598,.598,,.582,.601,.598,F,SR
2976,John Waller,892,2003-04,Old Dominion,29,29,892,143,319,86,166,57,153,21,34,48,96,144,46,33,18,48,66,364,.448,.518,.373,.618,.543,.538,G,SR
2977,Kris Clark,892,2006-07,Utah State,35,33,892,45,135,38,102,7,33,27,29,4,57,61,146,30,3,66,68,124,.333,.373,.212,.931,.417,.359,G,JR
2978,Maurice Bailey,892,2003-04,Sacred Heart,27,27,892,174,428,134,302,40,126,154,187,41,60,101,73,63,3,92,67,542,.407,.444,.317,.824,.524,.453,G,SR
2979,Micheal Sneed,892,2004-05,Texas Southern,25,25,892,151,317,124,220,27,97,93,143,90,162,252,49,20,9,66,55,422,.476,.564,.278,.650,.548,.519,F,SR
2980,Mike O'Donnell,892,2005-06,Central Florida,29,29,892,78,211,26,71,52,140,34,43,16,53,69,115,45,0,50,52,242,.370,.366,.371,.791,.523,.493,G,SO
2981,Mitchell Beauford,892,2003-04,Stony Brook,30,20,892,112,267,94,213,18,54,61,107,14,57,71,57,55,6,67,71,303,.419,.441,.333,.570,.477,.453,G,FR
2982,Quinton Smith,892,2004-05,Morehead State,27,27,892,99,271,61,149,38,122,55,61,9,78,87,88,22,0,76,45,291,.365,.409,.311,.902,.485,.435,G,JR
2983,Rulon Harris,892,2003-04,Detroit Mercy,30,30,892,96,225,72,151,24,74,51,69,8,70,78,106,29,0,71,70,267,.427,.477,.324,.739,.518,.480,G,SR
2984,Wayne Simien Jr,892,2004-05,Kansas,26,26,892,191,346,187,332,4,14,142,174,84,203,287,36,15,16,60,67,528,.552,.563,.286,.816,.616,.558,F,SR
2985,Aaron Davis,891,2005-06,Northeastern,30,29,891,106,231,62,103,44,128,36,46,36,75,111,24,38,2,29,34,292,.459,.602,.344,.783,.577,.554,G,SR
2986,Andrew Brown,891,2005-06,Mercer,28,27,891,161,349,105,217,56,132,57,72,45,81,126,57,19,2,64,64,435,.461,.484,.424,.792,.568,.542,G,SR
2987,Brian Bender,891,2005-06,Gardner-Webb,29,29,891,132,282,87,162,45,120,80,98,59,100,159,36,26,11,61,84,389,.468,.537,.375,.816,.592,.548,F,SR
2988,Carl Hood,891,2005-06,Marist,29,29,891,78,169,51,92,27,77,41,50,54,77,131,52,26,12,43,71,224,.462,.554,.351,.820,.581,.541,F,SR
2989,Christian Maraker,891,2004-05,Pacific,31,31,891,148,291,122,225,26,66,85,103,48,142,190,43,13,15,61,64,407,.509,.542,.394,.825,.599,.553,F,JR
2990,Corey Simms,891,2002-03,Nebraska,29,26,891,77,167,73,159,4,8,58,87,58,84,142,39,23,8,45,58,216,.461,.459,.500,.667,.518,.473,G,SO
2991,DeAngelo Newsom,891,2003-04,Southern Utah,28,28,891,114,209,114,208,0,1,63,114,70,122,192,38,66,11,64,72,291,.545,.548,.000,.553,.553,.545,F,JR
2992,Demon Brown,891,2003-04,Charlotte,29,26,891,117,311,43,78,74,233,53,75,18,68,86,115,41,3,64,61,361,.376,.551,.318,.707,.521,.495,G,SR
2993,Jason Forte,891,2004-05,Brown,26,24,891,130,321,76,187,54,134,165,203,11,94,105,109,38,2,90,42,479,.405,.406,.403,.813,.574,.489,G,SR
2994,Johwen Villegas,891,2006-07,Florida International,29,28,891,139,332,85,166,54,166,43,69,48,89,137,42,27,11,38,46,375,.419,.512,.325,.623,.514,.500,G,SR
2995,Michael Harrison,891,2005-06,Colorado State,31,30,891,160,257,158,253,2,4,62,113,57,100,157,49,28,66,62,77,384,.623,.625,.500,.549,.618,.626,F,JR
2996,Nic Sparrow,891,2002-03,Weber State,32,31,891,117,233,77,116,40,117,49,75,49,98,147,62,31,3,46,76,323,.502,.664,.342,.653,.601,.588,F,JR
2997,Rodney Webb,891,2005-06,Florida Atlantic,28,27,891,159,299,128,226,31,73,84,122,83,136,219,26,31,19,57,65,433,.532,.566,.425,.689,.607,.584,F,SR
2998,Stephane Pelle,891,2002-03,Colorado,32,31,891,143,307,143,304,0,3,98,123,97,201,298,27,29,33,58,76,384,.466,.470,.000,.797,.525,.466,F,SR
2999,Temi Soyebo,891,2006-07,UNC Wilmington,29,23,891,72,183,54,126,18,57,47,73,18,112,130,170,54,2,98,92,209,.393,.429,.316,.644,.480,.443,G,SR
3000,Tory Jackson,891,2006-07,Notre Dame,32,20,891,84,202,71,148,13,54,68,108,35,70,105,139,59,1,76,80,249,.416,.480,.241,.630,.492,.448,G,FR
3001,Aaron Fitzgerald,890,2005-06,UC Irvine,29,28,890,104,228,70,142,34,86,96,125,14,71,85,190,38,5,103,63,338,.456,.493,.395,.768,.588,.531,G,SR
3002,Brad Buckman,890,2005-06,Texas,33,33,890,104,238,81,162,23,76,82,107,86,146,232,46,31,55,63,76,313,.437,.500,.303,.766,.542,.485,F,SR
3003,Darrell Johnson,890,2006-07,Delaware,31,28,890,79,221,64,165,15,56,23,38,36,53,89,21,20,9,55,98,196,.357,.388,.268,.605,.410,.391,G,FR
3004,Deki Delic,890,2005-06,Monmouth,31,28,890,120,311,53,107,67,204,74,103,13,94,107,66,28,4,54,69,381,.386,.495,.328,.718,.529,.494,F,JR
3005,Devin Green,890,2002-03,Hampton,30,25,890,155,347,117,223,38,124,99,134,57,102,159,72,38,18,81,76,447,.447,.525,.306,.739,.544,.501,G,SO
3006,Drew Gibson,890,2005-06,Wofford,29,26,890,64,180,41,88,23,92,47,72,14,91,105,118,66,1,77,67,198,.356,.466,.250,.653,.462,.419,G,SO
3007,Howard Wilkerson,890,2005-06,Wofford,29,29,890,160,281,156,260,4,21,80,113,73,131,204,50,52,18,76,77,404,.569,.600,.190,.708,.604,.577,F,SR
3008,Jamaal Levy,890,2002-03,Wake Forest,31,21,890,82,170,71,131,11,39,48,84,76,136,212,60,29,30,57,85,223,.482,.542,.282,.571,.531,.515,F,SO
3009,J.J. Barea,890,2003-04,Northeastern,26,25,890,180,467,107,263,73,204,105,146,22,72,94,150,44,0,77,63,538,.385,.407,.358,.719,.502,.464,G,SO
3010,Lodrick Stewart,890,2004-05,Southern California,29,25,890,125,280,55,105,70,175,30,51,21,59,80,70,32,5,59,61,350,.446,.524,.400,.588,.575,.571,G,SO
3011,Marcus Clark,890,2004-05,Stephen F. Austin,27,27,890,109,263,96,218,13,45,121,139,13,60,73,104,39,0,64,60,352,.414,.440,.289,.871,.535,.439,G,JR
3012,Sean Walker,890,2003-04,Texas Southern,28,26,890,84,209,74,162,10,47,111,150,21,65,86,79,42,9,91,47,289,.402,.457,.213,.740,.516,.426,G,SO
3013,Toby Foster,890,2003-04,Canisius,30,29,890,106,251,31,70,75,181,25,37,37,150,187,68,16,6,48,62,312,.422,.443,.414,.676,.581,.572,F,SR
3014,Zaire Taylor,890,2005-06,Delaware,30,25,890,71,176,45,97,26,79,37,67,30,66,96,112,68,11,72,98,205,.403,.464,.329,.552,.493,.477,G,FR
3015,Al Stewart,889,2005-06,Drake,31,29,889,110,222,107,212,3,10,82,116,28,69,97,144,61,0,96,58,305,.495,.505,.300,.707,.550,.502,G,JR
3016,Antoine Wright,889,2002-03,Texas A&M,28,27,889,144,396,81,231,63,165,55,90,34,152,186,50,35,20,63,75,406,.364,.351,.382,.611,.463,.443,F,FR
3017,Bryson Krueger,889,2005-06,Arizona State,28,18,889,123,306,75,182,48,124,50,57,27,67,94,52,21,7,46,58,344,.402,.412,.387,.877,.516,.480,G,SR
3018,Chris Stephens,889,2004-05,Oregon State,32,22,889,102,261,54,132,48,129,62,71,14,60,74,35,13,3,49,52,314,.391,.409,.372,.873,.533,.483,G,JR
3019,Clent Stewart,889,2006-07,Kansas State,35,24,889,77,196,38,89,39,107,33,49,18,61,79,100,20,0,73,54,226,.393,.427,.364,.673,.515,.492,G,JR
3020,Craig Callahan,889,2002-03,UNC Wilmington,31,31,889,195,436,162,331,33,105,86,130,61,154,215,34,33,8,49,83,509,.447,.489,.314,.662,.511,.485,F,SR
3021,David Dees,889,2004-05,Liberty,27,26,889,136,336,88,194,48,142,117,151,52,85,137,54,14,12,56,59,437,.405,.454,.338,.775,.536,.476,G,SO
3022,David Sykes,889,2002-03,Southwest Texas State,29,28,889,102,206,73,133,29,73,70,102,33,98,131,133,65,2,85,71,303,.495,.549,.397,.686,.595,.566,G,SR
3023,Eric Haut,889,2003-04,Kent State,31,31,889,114,300,40,109,74,191,53,64,12,53,65,71,33,1,52,74,355,.380,.367,.387,.828,.537,.503,G,SR
3024,Jason Forte,889,2003-04,Brown,26,24,889,144,314,113,236,31,78,117,147,20,81,101,129,48,5,90,59,436,.459,.479,.397,.796,.568,.508,G,JR
3025,Jason Smith,889,2005-06,Colorado State,31,31,889,178,344,173,333,5,11,142,186,70,157,227,70,20,66,112,102,503,.517,.520,.455,.763,.582,.525,F,SO
3026,Javorie Wilson,889,2003-04,Northeastern,29,29,889,125,283,65,126,60,157,69,89,45,90,135,54,27,21,51,77,379,.442,.516,.382,.775,.583,.548,F,SR
3027,Joe Martin,889,2004-05,Alabama A&M,31,27,889,164,351,146,287,18,64,78,152,111,129,240,32,29,11,61,70,424,.467,.509,.281,.513,.501,.493,F,JR
3028,Jonathan Bluitt,889,2005-06,Oral Roberts,30,29,889,62,169,23,61,39,108,51,69,4,52,56,124,36,1,51,60,214,.367,.377,.361,.739,.530,.482,G,SR
3029,Ryan Stys,889,2002-03,Hartford,29,23,889,89,237,44,101,45,136,28,34,8,69,77,86,32,5,38,63,251,.376,.436,.331,.824,.496,.470,G,JR
3030,Tyrone Riley,889,2003-04,San Francisco,29,26,889,127,290,101,216,26,74,46,66,71,133,204,24,26,11,54,58,326,.438,.468,.351,.697,.507,.483,F,JR
3031,Varnie Dennis,889,2002-03,Cal Poly,28,27,889,176,380,147,297,29,83,108,146,61,142,203,37,24,58,80,91,489,.463,.495,.349,.740,.544,.501,F,JR
3032,Zach Ingles,889,2004-05,Eastern Kentucky,31,29,889,123,279,59,113,64,166,52,62,15,66,81,54,22,1,36,73,362,.441,.522,.386,.839,.587,.556,G,JR
3033,Zakee Smith,889,2002-03,Cal State Fullerton,28,25,889,40,127,38,111,2,16,35,79,13,44,57,131,28,2,70,67,117,.315,.342,.125,.443,.356,.323,G,JR
3034,Akeem Scott,888,2005-06,High Point,29,29,888,137,295,90,153,47,142,89,130,41,65,106,64,64,8,70,99,410,.464,.588,.331,.685,.575,.544,G,SR
3035,Andre Smith,888,2006-07,North Dakota State,28,28,888,196,366,188,340,8,26,76,114,92,164,256,49,45,38,84,90,476,.536,.553,.308,.667,.566,.546,F,SR
3036,Chris McNaughton,888,2005-06,Bucknell,32,31,888,167,289,165,283,2,6,73,97,46,103,149,25,27,14,62,83,409,.578,.583,.333,.753,.610,.581,C,JR
3037,Devin Thompson,888,2002-03,Saint Peter's,29,26,888,128,236,128,233,0,3,46,66,95,125,220,38,51,38,44,92,302,.542,.549,.000,.697,.565,.542,F,SR
3038,Edward Garriet,888,2003-04,McNeese State,27,24,888,134,334,45,103,89,231,21,25,20,90,110,41,33,10,35,43,378,.401,.437,.385,.840,.546,.534,G,JR
3039,Edwin Draughan,888,2003-04,Yale,27,27,888,117,259,94,178,23,81,55,79,21,58,79,87,35,10,64,46,312,.452,.528,.284,.696,.526,.496,G,JR
3040,Garfield Blair,888,2006-07,Stetson,31,31,888,151,305,147,281,4,24,102,139,63,115,178,50,35,8,82,79,408,.495,.523,.167,.734,.550,.502,G,SO
3041,Hector Hernandez,888,2006-07,Fresno State,31,30,888,124,274,48,88,76,186,22,32,46,115,161,25,14,17,25,69,346,.453,.545,.409,.688,.598,.591,F,JR
3042,Jarrid Frye,888,2005-06,Sacred Heart,28,28,888,162,361,143,286,19,75,108,161,42,138,180,73,49,14,88,85,451,.449,.500,.253,.671,.515,.475,G,JR
3043,Jason Forte,888,2005-06,Southern Mississippi,31,27,888,88,183,74,143,14,40,72,108,59,96,155,31,28,7,31,80,262,.481,.517,.350,.667,.559,.519,G,SR
3044,Jawad Williams,888,2004-05,North Carolina,37,37,888,178,329,138,224,40,105,87,107,54,94,148,51,25,20,54,63,483,.541,.616,.381,.813,.636,.602,F,SR
3045,Jermaine Wallace,888,2003-04,Northwestern State,28,28,888,159,386,111,226,48,160,68,98,59,80,139,38,31,16,50,56,434,.412,.491,.300,.694,.502,.474,G,SO
3046,Jihad Muhammad,888,2005-06,Cincinnati,33,15,888,127,329,61,137,66,192,35,43,24,69,93,72,36,9,61,77,355,.386,.445,.344,.814,.508,.486,G,SR
3047,Lamont Hamilton,888,2004-05,St. John's (NY),27,27,888,140,278,137,269,3,9,76,129,71,132,203,28,28,42,70,93,359,.504,.509,.333,.589,.529,.509,F,SO
3048,Lorenzo Gordon,888,2004-05,Illinois State,30,30,888,187,349,187,348,0,1,114,180,89,107,196,36,23,7,57,72,488,.536,.537,.000,.633,.562,.536,F,JR
3049,Maurice Acker,888,2005-06,Ball State,28,25,888,76,233,48,139,28,94,78,98,11,57,68,128,43,1,82,71,258,.326,.345,.298,.796,.461,.386,G,FR
3050,Mike Williams,888,2003-04,Western Michigan,31,31,888,228,427,227,422,1,5,130,169,79,139,218,37,60,35,53,89,587,.534,.538,.200,.769,.579,.535,F,SR
3051,Phillip Williams,888,2006-07,Winthrop,34,34,888,106,202,93,148,13,54,71,85,69,117,186,35,12,26,37,72,296,.525,.628,.241,.835,.611,.557,F,SR
3052,Rahshon Clark,888,2006-07,Iowa State,31,31,888,74,186,58,122,16,64,35,53,63,120,183,25,26,21,34,61,199,.398,.475,.250,.660,.471,.441,F,JR
3053,Scott Watson,888,2003-04,Jacksonville State,28,28,888,105,262,39,94,66,168,36,48,12,50,62,85,34,2,50,58,312,.401,.415,.393,.750,.548,.527,G,SR
3054,Wesley Duke,888,2004-05,Mercer,28,28,888,106,185,106,185,0,0,110,151,82,120,202,24,34,40,47,71,322,.573,.573,,.728,.627,.573,F,SR
3055,Will Emerson,888,2004-05,Mercer,28,28,888,170,338,155,279,15,59,82,118,83,127,210,56,20,10,49,59,437,.503,.556,.254,.695,.554,.525,F,JR
3056,Adam Haluska,887,2002-03,Iowa State,31,31,887,103,259,63,140,40,119,38,50,21,91,112,30,23,13,39,83,284,.398,.450,.336,.760,.502,.475,G,FR
3057,Anthony Porch,887,2004-05,Denver,31,31,887,133,288,116,240,17,48,114,133,69,127,196,39,20,14,64,95,397,.462,.483,.354,.857,.565,.491,F,SO
3058,Austin Ainge,887,2006-07,Brigham Young,34,26,887,83,182,27,65,56,117,46,62,10,90,100,150,22,1,79,53,268,.456,.415,.479,.742,.634,.610,G,SR
3059,Ben McGonagil,887,2002-03,UNC Asheville,32,32,887,148,242,148,241,0,1,157,210,87,148,235,29,22,24,77,112,453,.612,.614,.000,.748,.663,.612,C,SR
3060,Corey Gipson,887,2003-04,Austin Peay,32,31,887,66,191,26,69,40,122,52,72,5,57,62,54,29,2,69,78,224,.346,.377,.328,.722,.497,.450,G,SR
3061,Demon Brown,887,2002-03,Charlotte,29,27,887,158,420,21,70,137,350,34,57,13,62,75,50,38,2,48,64,487,.376,.300,.391,.596,.545,.539,G,JR
3062,Dominique Archie,887,2006-07,South Carolina,30,30,887,104,191,93,159,11,32,46,70,73,78,151,28,21,22,51,73,265,.545,.585,.344,.657,.591,.573,F,FR
3063,Jakob Sigurdarson,887,2002-03,Birmingham–Southern,28,27,887,106,244,38,76,68,168,65,78,9,73,82,70,35,2,44,55,345,.434,.500,.405,.833,.614,.574,G,SO
3064,Ka'Ron Barnes,887,2002-03,Cornell,27,27,887,130,308,94,202,36,106,81,112,11,61,72,107,46,3,79,71,377,.422,.465,.340,.723,.522,.481,G,JR
3065,Leslie Robinson,887,2006-07,Florida A&M,35,32,887,129,324,26,57,103,267,33,37,13,71,84,40,27,3,55,54,394,.398,.456,.386,.892,.577,.557,G,JR
3066,Marcus Bullock,887,2002-03,New Hampshire,26,26,887,71,214,13,33,58,181,39,57,13,77,90,50,35,0,36,52,239,.332,.394,.320,.684,.496,.467,G,JR
3067,Mark Anderson,887,2004-05,Robert Morris,29,29,887,142,263,137,257,5,6,103,129,59,87,146,24,14,10,73,98,392,.540,.533,.833,.798,.604,.549,C,SR
3068,Mawel Soler,887,2005-06,Bowling Green,30,26,887,80,126,63,89,17,37,62,80,43,104,147,73,31,13,88,108,239,.635,.708,.459,.775,.729,.702,G,SR
3069,Michael Lee,887,2006-07,St. Bonaventure,29,26,887,135,306,126,273,9,33,93,136,63,116,179,33,19,21,79,59,372,.441,.462,.273,.684,.502,.456,F,JR
3070,Mike English,887,2003-04,Kansas City,29,23,887,121,253,116,226,5,27,113,189,82,129,211,86,46,31,85,110,360,.478,.513,.185,.598,.525,.488,F,JR
3071,Randy Jones,887,2004-05,LIU Brooklyn,29,28,887,95,263,51,135,44,128,40,56,8,48,56,110,28,1,74,69,274,.361,.378,.344,.714,.473,.445,G,FR
3072,Sammy Sharp,887,2006-07,Troy,30,30,887,135,249,129,215,6,34,56,101,76,120,196,36,53,62,41,80,332,.542,.600,.176,.554,.559,.554,F,SR
3073,Wayne Tinsley,887,2003-04,Tulane,28,28,887,95,237,71,170,24,67,60,95,40,119,159,96,36,7,102,57,274,.401,.418,.358,.632,.486,.451,G,SR
3074,Will Moore,887,2003-04,Tennessee Tech,28,26,887,70,146,54,97,16,49,39,54,25,83,108,135,36,1,62,44,195,.479,.557,.327,.722,.568,.534,G,SR
3075,A.J. Graves,886,2004-05,Butler,28,23,886,101,244,59,121,42,123,68,74,8,53,61,77,35,2,48,41,312,.414,.488,.341,.919,.559,.500,G,FR
3076,Antonio Hudson,886,2003-04,Louisiana State,28,21,886,95,241,55,126,40,115,56,90,27,82,109,53,25,6,49,62,286,.394,.437,.348,.622,.504,.477,G,JR
3077,B.J. Elder,886,2002-03,Georgia Tech,30,28,886,171,371,110,217,61,154,47,68,38,41,79,73,33,2,59,67,450,.461,.507,.396,.691,.558,.543,G,SO
3078,Brian Snider,886,2003-04,Western Michigan,31,31,886,65,157,42,95,23,62,19,42,38,89,127,149,44,3,54,67,172,.414,.442,.371,.452,.486,.487,G,SO
3079,Chris Oliver,886,2004-05,Radford,28,26,886,159,293,145,247,14,46,84,123,72,124,196,29,26,17,63,49,416,.543,.587,.304,.683,.592,.567,F,SO
3080,Cornell Felton,886,2002-03,Samford,28,28,886,69,170,35,68,34,102,57,73,9,73,82,113,33,0,66,56,229,.406,.515,.333,.781,.559,.506,G,SR
3081,Damitrius Coleman,886,2004-05,Mercer,28,28,886,69,159,66,134,3,25,32,65,30,116,146,224,80,13,125,76,173,.434,.493,.120,.492,.456,.443,G,JR
3082,Davor Duvancic,886,2004-05,Northwestern,30,26,886,76,159,69,121,7,38,37,58,26,106,132,81,17,9,53,82,196,.478,.570,.184,.638,.525,.500,F,SR
3083,Ed Dotson,886,2002-03,Central Florida,32,29,886,171,346,171,346,0,0,100,164,83,106,189,19,31,29,60,95,442,.494,.494,,.610,.521,.494,F,SR
3084,James Shuler,886,2005-06,Winthrop,30,29,886,109,266,86,191,23,75,157,186,35,97,132,104,48,1,78,43,398,.410,.450,.307,.844,.562,.453,G,SR
3085,Kenny Taylor,886,2004-05,Texas,31,21,886,122,304,61,135,61,169,25,40,30,88,118,81,31,2,52,57,330,.401,.452,.361,.625,.511,.502,G,SR
3086,Keston Roberts,886,2005-06,Youngstown State,28,27,886,146,366,104,218,42,148,57,71,26,55,81,53,33,8,66,60,391,.399,.477,.284,.803,.489,.456,G,JR
3087,Lamont Hamilton,886,2006-07,St. John's (NY),30,30,886,130,281,117,244,13,37,130,175,59,135,194,43,17,24,61,79,403,.463,.480,.351,.743,.553,.486,F,SR
3088,Raymond Arrington,886,2002-03,Radford,25,25,886,114,361,49,170,65,191,76,96,17,60,77,24,23,6,61,65,369,.316,.288,.340,.792,.454,.406,G,SR
3089,Robert Tomaszek,886,2002-03,Texas Tech,35,32,886,129,268,126,261,3,7,37,60,59,122,181,42,36,8,54,99,298,.481,.483,.429,.617,.503,.487,F,JR
3090,Ruben Boykin,886,2005-06,Northern Arizona,32,31,886,154,260,152,251,2,9,115,145,75,155,230,60,22,19,85,91,425,.592,.606,.222,.793,.646,.596,F,JR
3091,Shane Power,886,2003-04,Mississippi State,30,16,886,99,200,61,121,38,79,55,71,48,77,125,45,26,5,30,58,291,.495,.504,.481,.775,.623,.590,F,JR
3092,Yassin Idbihi,886,2006-07,Buffalo,28,28,886,146,334,131,268,15,66,135,169,93,168,261,48,16,34,80,78,442,.437,.489,.227,.799,.533,.460,F,SR
3093,B.J. Spencer,885,2004-05,Jacksonville State,29,20,885,120,292,65,139,55,153,45,58,22,83,105,21,23,5,43,56,340,.411,.468,.359,.776,.532,.505,G,JR
3094,Chey Christie,885,2002-03,Clemson,28,27,885,116,289,89,195,27,94,63,91,34,48,82,59,43,6,59,52,322,.401,.456,.287,.692,.485,.448,G,SO
3095,Eric Lane,885,2006-07,Boise State,30,30,885,105,267,54,104,51,163,36,62,12,52,64,65,31,12,47,54,297,.393,.519,.313,.581,.501,.489,G,SR
3096,James Davis,885,2002-03,Oregon,33,32,885,119,280,29,71,90,209,19,21,18,52,70,75,40,1,49,70,347,.425,.408,.431,.905,.598,.586,G,JR
3097,Ja'Vance Coleman,885,2004-05,Fresno State,30,26,885,157,429,75,183,82,246,111,149,21,128,149,81,31,7,92,57,507,.366,.410,.333,.745,.507,.462,G,SO
3098,Jejuan Plair,885,2006-07,Sam Houston State,31,31,885,105,248,71,145,34,103,94,135,23,92,115,172,42,5,74,82,338,.423,.490,.330,.696,.541,.492,G,SR
3099,Jeremy Hunt,885,2006-07,Memphis,37,1,885,161,386,72,153,89,233,109,152,25,83,108,50,50,13,50,70,520,.417,.471,.382,.717,.567,.532,G,SR
3100,Kenny Lowe,885,2003-04,Purdue,28,28,885,108,261,69,160,39,101,116,134,20,69,89,62,20,2,69,79,371,.414,.431,.386,.866,.571,.489,G,SR
3101,Kevin Bettencourt,885,2002-03,Bucknell,29,29,885,100,280,35,89,65,191,56,67,11,58,69,47,25,1,48,45,321,.357,.393,.340,.836,.515,.473,G,FR
3102,Kyle Neptune,885,2006-07,Lehigh,31,25,885,94,230,58,142,36,88,61,90,43,106,149,43,26,9,80,88,285,.409,.408,.409,.678,.522,.487,G,SR
3103,Lonnie Randolph,885,2002-03,Drake,30,28,885,74,172,44,95,30,77,90,122,9,59,68,104,34,9,85,29,268,.430,.463,.390,.738,.583,.517,G,SO
3104,Marcello Robinson,885,2002-03,Bradley,28,26,885,77,180,39,84,38,96,25,42,21,66,87,129,30,0,81,64,217,.428,.464,.396,.595,.543,.533,G,JR
3105,Obie Trotter,885,2005-06,Alabama A&M,26,26,885,170,406,106,227,64,179,97,126,25,61,86,115,87,6,89,71,501,.419,.467,.358,.770,.538,.498,G,SR
3106,Quennell Green,885,2005-06,Southeastern Louisiana,28,27,885,124,318,60,148,64,170,28,44,31,44,75,45,21,3,56,62,340,.390,.405,.376,.636,.502,.491,F,JR
3107,Shamir McDaniel,885,2006-07,Sam Houston State,31,31,885,51,156,27,63,24,93,55,64,33,64,97,103,29,5,49,65,181,.327,.429,.258,.859,.486,.404,G,JR
3108,Valdas Vasylius,885,2006-07,Old Dominion,33,30,885,158,325,133,249,25,76,175,231,75,125,200,31,22,16,58,92,516,.486,.534,.329,.758,.593,.525,F,SR
3109,Antonio Russell,884,2006-07,Western Carolina,31,25,884,118,287,88,188,30,99,95,125,20,73,93,69,32,4,72,90,361,.411,.468,.303,.760,.521,.463,G,JR
3110,Chris Vetrano,884,2004-05,New Hampshire,28,23,884,65,201,26,60,39,141,36,47,7,46,53,96,34,1,86,41,205,.323,.433,.277,.766,.459,.420,G,FR
3111,David Gonzalvez,884,2006-07,Richmond,29,20,884,94,234,66,142,28,92,61,94,25,73,98,65,28,8,64,70,277,.402,.465,.304,.649,.497,.462,G,FR
3112,David Pak,884,2005-06,Utah State,32,32,884,81,197,29,72,52,125,27,35,4,59,63,147,31,3,80,54,241,.411,.403,.416,.771,.564,.543,G,SR
3113,Eric Coleman,884,2006-07,Northern Iowa,31,31,884,154,287,154,287,0,0,98,161,77,204,281,52,22,30,75,88,406,.537,.537,,.609,.558,.537,C,JR
3114,Geary Claxton,884,2006-07,Penn State,26,24,884,146,342,124,274,22,68,111,167,83,124,207,48,29,18,63,79,425,.427,.453,.324,.665,.504,.459,F,JR
3115,Jason Krayl,884,2002-03,Monmouth,28,28,884,109,252,90,181,19,71,81,136,27,87,114,85,33,6,70,39,318,.433,.497,.268,.596,.502,.470,F,JR
3116,Jermaine Dearman,884,2002-03,Southern Illinois,31,31,884,176,331,176,331,0,0,98,153,62,136,198,39,25,18,82,80,450,.532,.532,,.641,.557,.532,F,SR
3117,Jonathan Patton,884,2004-05,Southeastern Louisiana,33,33,884,142,322,73,140,69,182,40,53,34,72,106,43,41,5,47,50,393,.441,.521,.379,.755,.566,.548,G,SR
3118,Josh Ervin,884,2006-07,Texas A&M–Corpus Christi,33,32,884,84,180,53,103,31,77,69,93,18,91,109,122,49,1,74,46,268,.467,.515,.403,.742,.598,.553,G,SR
3119,Kevin Criswell,884,2002-03,Montana,30,19,884,144,368,82,188,62,180,102,127,47,86,133,41,33,9,48,79,452,.391,.436,.344,.803,.528,.476,G,FR
3120,Luke Ruscoe,884,2004-05,Brown,28,24,884,104,246,68,132,36,114,43,56,33,125,158,62,53,8,59,45,287,.423,.515,.316,.768,.526,.496,F,JR
3121,Marcus Stout,884,2004-05,Fordham,29,18,884,129,336,65,151,64,185,72,95,18,73,91,71,34,4,102,63,394,.384,.430,.346,.758,.517,.479,G,FR
3122,Marvin McCullough,884,2005-06,Iona,31,31,884,71,162,43,94,28,68,40,62,21,54,75,139,39,2,74,70,210,.438,.457,.412,.645,.548,.525,G,SR
3123,Mike Jones,884,2006-07,Maryland,34,33,884,167,356,86,172,81,184,53,67,29,81,110,47,28,8,49,65,468,.469,.500,.440,.791,.603,.583,G,SR
3124,Ronald Ramon,884,2006-07,Pittsburgh,37,0,884,97,209,23,45,74,164,59,68,6,60,66,81,20,3,58,73,327,.464,.511,.451,.868,.678,.641,G,JR
3125,Teoine Carroll,884,2002-03,Wagner,31,23,884,102,236,54,126,48,110,32,37,20,65,85,81,26,6,51,56,284,.432,.429,.436,.865,.560,.534,G,JR
3126,Alan Anderson,883,2002-03,Michigan State,32,28,883,90,179,86,166,4,13,128,152,39,78,117,104,22,8,80,76,312,.503,.518,.308,.842,.621,.514,F,SO
3127,Aubrey Conerly,883,2005-06,Jacksonville,27,27,883,105,261,65,151,40,110,109,130,9,76,85,161,40,2,96,75,359,.402,.430,.364,.838,.556,.479,G,SR
3128,Avery Smith,883,2006-07,Milwaukee,31,20,883,178,409,142,302,36,107,89,115,41,78,119,83,36,12,72,83,481,.435,.470,.336,.774,.519,.479,G,JR
3129,Brandon Chappell,883,2005-06,Lamar,31,23,883,85,207,28,68,57,139,20,37,9,47,56,124,28,0,66,38,247,.411,.412,.410,.541,.550,.548,G,JR
3130,Christian Polk,883,2006-07,Arizona State,30,26,883,131,359,67,156,64,203,34,43,8,55,63,56,25,7,79,83,360,.365,.429,.315,.791,.474,.454,G,FR
3131,Darius Rice,883,2003-04,Miami (FL),28,27,883,166,408,111,228,55,180,85,106,55,123,178,24,23,20,57,58,472,.407,.487,.306,.802,.515,.474,F,SR
3132,Darrel Mitchell,883,2003-04,Louisiana State,29,17,883,115,279,48,119,67,160,49,69,12,69,81,63,50,3,41,73,346,.412,.403,.419,.710,.555,.532,G,SO
3133,Davin White,883,2004-05,Cal State Northridge,31,16,883,131,302,68,136,63,166,61,76,19,62,81,101,56,7,71,89,386,.434,.500,.380,.803,.571,.538,G,SR
3134,Donald Wilson,883,2004-05,Portland,30,30,883,96,183,85,159,11,24,50,70,33,93,126,55,35,8,42,88,253,.525,.535,.458,.714,.585,.555,G,JR
3135,Jay Joseph,883,2002-03,UNC Greensboro,29,29,883,157,344,87,159,70,185,39,54,20,78,98,46,36,7,49,61,423,.456,.547,.378,.722,.572,.558,G,JR
3136,Jimmy McKinney,883,2005-06,Missouri,28,28,883,123,303,96,227,27,76,79,101,22,81,103,65,25,4,63,73,352,.406,.423,.355,.782,.501,.450,G,SR
3137,Joe Thompson,883,2004-05,Sam Houston State,30,27,883,171,396,94,197,77,199,60,80,53,86,139,94,41,4,61,54,479,.432,.477,.387,.750,.552,.529,G,SR
3138,Josh McRoberts,883,2005-06,Duke,36,31,883,115,190,110,177,5,13,77,116,61,128,189,53,41,46,51,107,312,.605,.621,.385,.664,.636,.618,F,FR
3139,Kyle Wilson,883,2006-07,Wichita State,31,30,883,142,317,103,210,39,107,101,119,54,107,161,53,18,13,59,92,424,.448,.490,.364,.849,.568,.509,F,SR
3140,Mamadi Diane,883,2006-07,Virginia,32,32,883,111,251,69,131,42,120,43,57,34,78,112,38,26,13,42,61,307,.442,.527,.350,.754,.552,.526,G,SO
3141,Marvin McCullough,883,2003-04,Iona,29,29,883,72,178,56,125,16,53,39,59,34,79,113,119,47,3,74,64,199,.404,.448,.302,.661,.483,.449,G,SO
3142,Richard Hendrix,883,2006-07,Alabama,32,32,883,186,309,185,304,1,5,95,151,106,173,279,60,17,41,69,96,468,.602,.609,.200,.629,.615,.604,F,SO
3143,Robby Bostain,883,2005-06,Furman,28,28,883,134,279,106,209,28,70,98,129,33,127,160,94,35,0,51,40,394,.480,.507,.400,.760,.579,.530,G,JR
3144,Ronnie Jones,883,2002-03,Milwaukee,32,31,883,115,271,62,140,53,131,63,79,18,82,100,96,43,1,81,62,346,.424,.443,.405,.797,.561,.522,G,SR
3145,Tony Stockman,883,2004-05,Ohio State,32,20,883,143,357,77,155,66,202,32,41,11,76,87,77,47,1,72,51,384,.401,.497,.327,.780,.510,.493,G,SR
3146,A.J. Hawkins,882,2006-07,St. Bonaventure,29,28,882,123,276,106,228,17,48,91,137,54,98,152,61,28,17,57,68,354,.446,.465,.354,.664,.519,.476,G,SO
3147,Brent Hackett,882,2006-07,TCU,30,29,882,105,286,39,101,66,185,61,77,10,50,60,53,29,1,68,73,337,.367,.386,.357,.792,.522,.483,G,JR
3148,Jason Norman,882,2003-04,Harvard,27,27,882,101,238,76,156,25,82,24,46,30,76,106,44,35,7,82,72,251,.424,.487,.305,.522,.483,.477,G,JR
3149,Josh Naylor,882,2004-05,Texas State San Marcos,28,27,882,108,274,29,80,79,194,69,76,10,65,75,68,17,3,58,55,364,.394,.363,.407,.908,.587,.538,G,SR
3150,Kenny Hasbrouck,882,2005-06,Siena,28,28,882,118,255,87,179,31,76,79,97,34,85,119,72,52,2,48,79,346,.463,.486,.408,.814,.575,.524,G,FR
3151,Larry Washington,882,2002-03,Morris Brown,28,28,882,113,300,64,152,49,148,95,123,,,78,56,29,8,,,370,.377,.421,.331,.772,.516,.458,G,SR
3152,Marco Killingsworth,882,2005-06,Indiana,31,31,882,211,389,207,368,4,21,105,173,76,166,242,59,22,21,122,106,531,.542,.563,.190,.607,.563,.548,F,SR
3153,Matt Bell,882,2004-05,Army,27,27,882,117,301,76,197,41,104,111,137,12,78,90,58,17,1,66,42,386,.389,.386,.394,.810,.527,.457,G,SO
3154,Mike Ames,882,2003-04,Delaware,28,28,882,140,318,77,160,63,158,84,101,16,63,79,54,38,1,48,43,427,.440,.481,.399,.832,.583,.539,G,SR
3155,Nigel Wyatte,882,2003-04,Wagner,28,27,882,150,329,139,286,11,43,72,104,91,201,292,31,11,29,74,67,383,.456,.486,.256,.692,.506,.473,F,SR
3156,Taj Gray,882,2005-06,Oklahoma,29,29,882,148,260,148,260,0,0,115,162,89,133,222,27,26,45,76,83,411,.569,.569,,.710,.610,.569,F,SR
3157,Tim Pollitz,882,2005-06,Miami (OH),26,25,882,144,241,143,238,1,3,40,73,44,104,148,69,25,13,71,67,329,.598,.601,.333,.548,.597,.600,F,SO
3158,Anthony Bruin,881,2006-07,Iona,27,27,881,129,229,129,229,0,0,66,157,78,91,169,25,30,38,63,78,324,.563,.563,,.420,.534,.563,F,SR
3159,Anthony Esparza,881,2005-06,Pacific,32,27,881,76,152,64,121,12,31,62,71,53,89,142,79,27,7,40,57,226,.500,.529,.387,.873,.608,.539,F,JR
3160,Armon Bassett,881,2006-07,Indiana,32,24,881,97,251,52,141,45,110,65,78,17,61,78,97,22,1,55,59,304,.386,.369,.409,.833,.528,.476,G,FR
3161,Daven Harmeling,881,2006-07,Washington State,33,21,881,102,213,47,85,55,128,36,49,8,88,96,29,10,11,22,58,295,.479,.553,.430,.735,.624,.608,F,SO
3162,Derek Stribling,881,2004-05,Tennessee Tech,29,28,881,131,288,111,215,20,73,61,77,41,82,123,60,33,9,49,63,343,.455,.516,.274,.792,.528,.490,F,JR
3163,Eric Montalvo,881,2004-05,Texas–Pan American,28,26,881,74,201,48,118,26,83,53,70,41,81,122,87,32,1,77,72,227,.368,.407,.313,.757,.485,.433,G,SR
3164,Francis Cuyler,881,2005-06,Middle Tennessee,28,23,881,109,283,47,107,62,176,30,44,13,52,65,76,23,1,53,64,310,.385,.439,.352,.682,.510,.495,G,SR
3165,Jason Rogan,881,2002-03,Chattanooga,30,30,881,153,337,111,215,42,122,70,90,39,107,146,53,43,6,68,52,418,.454,.516,.344,.778,.550,.516,G,JR
3166,Jason Rogan,881,2003-04,Chattanooga,30,30,881,139,303,101,191,38,112,80,101,38,79,117,66,48,3,54,37,396,.459,.529,.339,.792,.564,.521,G,SR
3167,Joe Campbell,881,2004-05,Maine,29,29,881,91,211,75,162,16,49,72,84,72,136,208,53,39,28,58,102,270,.431,.463,.327,.857,.538,.469,F,SR
3168,Kelly Ross,881,2004-05,Jackson State,32,32,881,130,287,124,265,6,22,61,91,61,123,184,31,14,43,79,91,327,.453,.468,.273,.670,.495,.463,F,SR
3169,Kevin Reed,881,2002-03,Maine,30,30,881,130,305,49,105,81,200,32,43,22,114,136,57,43,4,67,53,373,.426,.467,.405,.744,.573,.559,G,FR
3170,Michael Anderson,881,2006-07,VCU,35,35,881,79,165,75,146,4,19,63,83,61,109,170,17,36,24,45,93,225,.479,.514,.211,.759,.550,.491,F,JR
3171,Mohamed Hachad,881,2003-04,Northwestern,29,29,881,91,218,65,118,26,100,32,55,28,79,107,66,57,8,50,74,240,.417,.551,.260,.582,.492,.477,G,SO
3172,Mychal Kearse,881,2006-07,Mount St. Mary's,29,29,881,118,292,114,266,4,26,93,116,52,119,171,48,39,8,80,77,333,.404,.429,.154,.802,.480,.411,G,SR
3173,Rashaad Hooks,881,2002-03,Sacramento State,29,22,881,93,225,64,144,29,81,75,94,33,85,118,117,51,10,87,75,290,.413,.444,.358,.798,.538,.478,G,SR
3174,Rob Kampman,881,2003-04,Wichita State,32,30,881,104,194,64,100,40,94,41,61,44,123,167,35,12,9,43,83,289,.536,.640,.426,.672,.648,.639,F,JR
3175,Steve Moore,881,2004-05,Arizona State,32,26,881,136,345,74,164,62,181,55,86,34,48,82,75,25,2,66,65,389,.394,.451,.343,.640,.504,.484,G,SR
3176,Tavio Hobson,881,2006-07,Sacred Heart,32,32,881,53,130,36,66,17,64,49,67,8,49,57,90,52,3,62,73,172,.408,.545,.266,.731,.531,.473,G,SR
3177,Tony Mitchell,881,2003-04,College of Charleston,28,27,881,119,295,58,142,61,153,62,79,17,73,90,110,45,7,82,58,361,.403,.408,.399,.785,.543,.507,G,JR
3178,Aaron Fleetwood,880,2006-07,Delaware State,34,32,880,86,202,62,136,24,66,17,31,25,80,105,38,27,58,34,75,213,.426,.456,.364,.548,.491,.485,F,SR
3179,Adam Gonzalez,880,2006-07,Quinnipiac,27,21,880,131,285,87,159,44,126,107,135,24,91,115,96,42,4,84,52,413,.460,.547,.349,.793,.591,.537,G,SR
3180,Brandon Hawkins,880,2002-03,San Jose State,27,27,880,121,273,106,221,15,52,95,124,40,78,118,76,20,1,,72,352,.443,.480,.288,.766,.530,.471,G,SR
3181,Brandon Spann,880,2002-03,Tulane,31,30,880,115,277,69,156,46,121,86,105,9,69,78,92,30,2,54,65,362,.415,.442,.380,.819,.554,.498,G,SR
3182,Caleb Green,880,2003-04,Oral Roberts,28,26,880,177,300,177,299,0,1,126,177,89,189,278,57,38,11,95,85,480,.590,.592,.000,.712,.625,.590,F,FR
3183,Cedric Simmons,880,2005-06,NC State,32,31,880,128,218,126,216,2,2,120,177,56,147,203,54,21,80,59,98,378,.587,.583,1.000,.678,.626,.592,C,SO
3184,David Simon,880,2003-04,IPFW,28,27,880,188,322,186,320,2,2,125,193,93,182,275,46,23,54,69,90,503,.584,.581,1.000,.648,.608,.587,C,JR
3185,Draelon Burns,880,2006-07,DePaul,34,16,880,130,310,84,186,46,124,88,120,26,76,102,81,35,5,52,57,394,.419,.452,.371,.733,.537,.494,G,JR
3186,Guillaume Yango,880,2004-05,Pacific,31,29,880,146,251,146,251,0,0,117,164,91,138,229,25,12,32,57,64,409,.582,.582,,.713,.622,.582,C,SR
3187,Jason Osborne,880,2003-04,Saint Francis (PA),28,28,880,135,258,135,258,0,0,69,113,71,115,186,38,15,28,54,85,339,.523,.523,,.611,.544,.523,F,JR
3188,Marques Alston,880,2006-07,Monmouth,30,30,880,142,266,124,216,18,50,42,63,29,85,114,56,31,9,56,75,344,.534,.574,.360,.667,.581,.568,F,SR
3189,Matt Witt,880,2002-03,Eastern Kentucky,28,21,880,144,365,90,212,54,153,39,50,13,49,62,144,42,1,87,75,381,.395,.425,.353,.780,.490,.468,G,FR
3190,Nick Jones,880,2002-03,UC Santa Barbara,32,32,880,138,279,92,168,46,111,75,97,43,96,139,35,29,1,47,68,397,.495,.548,.414,.773,.611,.577,G,JR
3191,Sammy Mejia,880,2004-05,DePaul,30,27,880,136,307,117,241,19,66,62,99,55,95,150,99,36,11,60,53,353,.443,.485,.288,.626,.499,.474,G,SO
3192,Terrance Akins,880,2006-07,Little Rock,30,29,880,127,311,50,119,77,192,37,41,11,46,57,55,26,2,45,69,368,.408,.420,.401,.902,.557,.532,G,JR
3193,Tyler McKinney,880,2002-03,Creighton,34,34,880,57,131,39,66,18,65,38,51,7,54,61,141,44,2,54,51,170,.435,.591,.277,.745,.548,.504,G,SO
3194,Tyrone Walker,880,2003-04,Winthrop,28,27,880,130,294,96,193,34,101,66,96,84,133,217,76,44,28,67,61,360,.442,.497,.337,.688,.530,.500,F,SR
3195,Adrian Tigert,879,2005-06,Milwaukee,29,29,879,155,276,141,235,14,41,66,94,77,135,212,78,21,15,45,80,390,.562,.600,.341,.702,.608,.587,F,SR
3196,Anthony Rice,879,2002-03,Memphis,30,29,879,95,250,39,97,56,153,18,30,33,52,85,71,21,8,42,58,264,.380,.402,.366,.600,.500,.492,G,SO
3197,Brandon Bush,879,2006-07,Texas State San Marcos,29,28,879,122,311,79,193,43,118,132,172,57,95,152,77,41,8,78,92,419,.392,.409,.364,.767,.533,.461,G,SO
3198,Calvin Baker,879,2005-06,William & Mary,28,27,879,108,333,65,177,43,156,65,87,16,60,76,100,43,2,88,57,324,.324,.367,.276,.747,.433,.389,G,FR
3199,Courtney Bradley,879,2005-06,Jacksonville State,29,27,879,170,328,151,278,19,50,84,122,61,158,219,29,38,9,53,57,443,.518,.543,.380,.689,.574,.547,F,JR
3200,Filip Videnov,879,2002-03,Western Kentucky,33,33,879,115,259,60,116,55,143,32,37,58,102,160,49,26,7,62,85,317,.444,.517,.385,.865,.573,.550,G,SR
3201,Jason Maxiell,879,2002-03,Cincinnati,29,27,879,129,290,129,289,0,1,86,128,76,119,195,13,13,43,51,80,344,.445,.446,.000,.672,.490,.445,F,SO
3202,Junior Bernal,879,2006-07,Maine,30,30,879,117,266,114,262,3,4,59,113,46,72,118,85,51,0,81,51,296,.440,.435,.750,.522,.463,.445,G,FR
3203,Kareem Washington,879,2002-03,UMBC,27,26,879,155,390,113,249,42,141,74,98,38,88,126,79,45,4,79,68,426,.397,.454,.298,.755,.488,.451,G,JR
3204,Keddric Mays,879,2005-06,Chattanooga,32,26,879,117,301,26,64,91,237,28,35,16,53,69,59,44,4,40,65,353,.389,.406,.384,.800,.556,.540,G,JR
3205,Maurice Young,879,2003-04,St. Bonaventure,28,21,879,116,279,73,139,43,140,53,68,45,73,118,44,19,7,43,56,328,.416,.525,.307,.779,.527,.493,F,JR
3206,Tyrone Bazy,879,2005-06,Northern Arizona,32,32,879,121,266,115,226,6,40,120,148,30,80,110,79,45,3,84,77,368,.455,.509,.150,.811,.547,.466,G,JR
3207,Akin Akingbala,878,2005-06,Clemson,32,32,878,148,257,147,256,1,1,90,162,96,167,263,26,33,41,66,91,387,.576,.574,1.000,.556,.579,.578,F,SR
3208,Charles Gaines,878,2003-04,Southern Mississippi,28,28,878,151,305,150,301,1,4,136,187,86,204,290,21,33,37,61,74,439,.495,.498,.250,.727,.557,.497,F,SR
3209,Chris Brown,878,2004-05,Chattanooga,31,30,878,134,280,107,190,27,90,63,88,75,124,199,72,35,17,66,45,358,.479,.563,.300,.716,.556,.527,F,SR
3210,Clarence Matthews,878,2006-07,Tennessee State,31,31,878,136,292,133,280,3,12,118,154,98,140,238,29,32,38,93,122,393,.466,.475,.250,.766,.538,.471,F,SR
3211,Cory Violette,878,2002-03,Gonzaga,32,26,878,144,286,138,263,6,23,70,122,86,171,257,32,31,23,52,84,364,.503,.525,.261,.574,.529,.514,C,JR
3212,Dennard Abraham,878,2005-06,Towson,28,27,878,136,303,115,232,21,71,42,84,35,140,175,30,12,13,42,85,335,.449,.496,.296,.500,.488,.483,F,JR
3213,Luke Ruscoe,878,2003-04,Brown,27,27,878,76,162,37,67,39,95,28,45,38,79,117,64,43,14,52,54,219,.469,.552,.411,.622,.597,.590,F,SO
3214,Marcel Jones,878,2005-06,Oregon State,31,21,878,112,238,92,181,20,57,41,74,42,165,207,46,27,13,54,59,285,.471,.508,.351,.554,.522,.513,F,SO
3215,Marcus Sikes,878,2006-07,Cincinnati,30,29,878,92,228,47,122,45,106,56,84,52,98,150,41,23,14,51,91,285,.404,.385,.425,.667,.532,.502,F,JR
3216,Maurice Bailey,878,2002-03,Sacred Heart,29,26,878,157,382,136,307,21,75,129,168,53,66,119,65,48,2,75,67,464,.411,.443,.280,.768,.502,.438,G,JR
3217,Mike Ames,878,2002-03,Delaware,29,29,878,137,356,64,147,73,209,59,66,13,83,96,25,24,3,40,43,406,.385,.435,.349,.894,.524,.487,G,JR
3218,Rahsaan Benton,878,2005-06,Saint Francis (PA),28,9,878,110,315,40,115,70,200,59,67,31,56,87,37,30,1,46,46,349,.349,.348,.350,.881,.503,.460,G,SR
3219,Ryne Hamblet,878,2006-07,Bowling Green,30,21,878,109,268,60,145,49,123,45,60,15,129,144,125,50,18,94,79,312,.407,.414,.398,.750,.526,.498,G,JR
3220,Uche Nsonwu-Amadi,878,2002-03,Wyoming,27,27,878,145,275,145,275,0,0,93,145,55,204,259,34,17,31,52,65,383,.527,.527,,.641,.557,.527,C,SR
3221,Alan Anderson,877,2004-05,Michigan State,33,33,877,149,268,124,203,25,65,114,130,61,123,184,56,32,7,54,90,437,.556,.611,.385,.877,.663,.603,F,SR
3222,Cameron Echols,877,2002-03,Ball State,30,30,877,180,373,179,369,1,4,31,61,85,176,261,7,23,21,53,81,392,.483,.485,.250,.508,.488,.484,F,JR
3223,David Gruber,877,2002-03,Northern Iowa,28,28,877,141,231,141,231,0,0,90,146,70,133,203,43,22,9,67,80,372,.610,.610,,.616,.619,.610,C,JR
3224,David Jackson,877,2004-05,Western Illinois,28,27,877,86,229,60,141,26,88,61,95,20,70,90,72,35,5,67,62,259,.376,.426,.295,.642,.472,.432,G,FR
3225,Delvin Thompson,877,2004-05,Alcorn State,29,28,877,148,348,103,203,45,145,90,140,28,61,89,40,40,3,73,75,431,.425,.507,.310,.643,.520,.490,G,SO
3226,Durrell Nevels,877,2006-07,Central Arkansas,30,30,877,143,280,143,278,0,2,76,111,80,168,248,18,19,99,51,89,362,.511,.514,.000,.685,.544,.511,F,JR
3227,Eddie Robinson,877,2002-03,Lamar,27,27,877,57,139,51,116,6,23,57,80,7,103,110,119,34,8,83,46,177,.410,.440,.261,.713,.500,.432,G,SR
3228,Eric Webb,877,2004-05,Furman,29,24,877,97,249,20,49,77,200,41,58,9,52,61,108,42,2,66,64,312,.390,.408,.385,.707,.564,.544,G,SO
3229,Henrik Thomsen,877,2006-07,UC Riverside,30,30,877,120,290,73,146,47,144,31,44,30,63,93,30,21,6,57,91,318,.414,.500,.326,.705,.511,.495,F,FR
3230,Jackie Manuel,877,2002-03,North Carolina,35,30,877,85,202,66,130,19,72,65,106,52,87,139,71,46,28,87,90,254,.421,.508,.264,.613,.503,.468,G,SO
3231,Jamual Warren,877,2006-07,Cincinnati,30,26,877,94,250,85,190,9,60,44,73,26,85,111,97,55,3,72,61,241,.376,.447,.150,.603,.423,.394,G,JR
3232,Jaron Griffin,877,2006-07,Rutgers,29,28,877,90,277,51,138,39,139,31,47,36,70,106,36,23,16,41,68,250,.325,.370,.281,.660,.418,.395,F,SO
3233,Jernavis Draughn,877,2003-04,American,31,31,877,144,264,144,264,0,0,67,136,75,128,203,50,25,18,86,76,355,.545,.545,,.493,.540,.545,F,SR
3234,Kieron Achara,877,2004-05,Duquesne,30,30,877,119,231,119,225,0,6,108,146,84,118,202,30,21,46,62,81,346,.515,.529,.000,.740,.576,.515,F,SO
3235,Mickell Gladness,877,2006-07,Alabama A&M,30,29,877,85,197,85,196,0,1,59,96,49,180,229,15,16,188,53,78,229,.431,.434,.000,.615,.472,.431,F,JR
3236,Mike Mackell,877,2002-03,San Diego State,30,29,877,162,297,162,297,0,0,108,164,71,67,138,21,14,7,89,88,432,.545,.545,,.659,.576,.545,C,SR
3237,Neiman Owens,877,2006-07,TCU,30,30,877,75,150,68,118,7,32,34,59,51,126,177,61,29,2,75,82,191,.500,.576,.219,.576,.536,.523,G,JR
3238,Nigel Johnson,877,2006-07,Middle Tennessee,32,19,877,67,199,38,105,29,94,56,67,8,88,96,77,32,2,75,88,219,.337,.362,.309,.836,.474,.410,G,SO
3239,Scooter McFadgon,877,2003-04,Tennessee,28,27,877,147,373,82,202,65,171,134,147,36,87,123,56,16,0,65,50,493,.394,.406,.380,.912,.557,.481,G,JR
3240,Sheiku Kabba,877,2003-04,Providence,29,29,877,102,241,47,87,55,154,43,52,33,61,94,66,39,1,55,61,302,.423,.540,.357,.827,.568,.537,G,SR
3241,Tracey Worley,877,2005-06,Delaware State,35,6,877,93,236,54,124,39,112,75,98,30,53,83,25,21,3,45,48,300,.394,.435,.348,.765,.531,.477,G,SO
3242,Zione White,877,2003-04,High Point,30,30,877,148,368,89,192,59,176,57,82,15,99,114,65,56,5,65,63,412,.402,.464,.335,.695,.506,.482,G,JR
3243,Anthony Harris,876,2006-07,Miami (FL),32,29,876,119,309,89,214,30,95,59,78,18,57,75,110,15,1,84,75,327,.385,.416,.316,.756,.472,.434,G,SR
3244,Brett Winkelman,876,2005-06,North Dakota State,28,28,876,112,221,88,170,24,51,93,118,60,133,193,58,33,12,88,68,341,.507,.518,.471,.788,.615,.561,F,FR
3245,Chris Gaynor,876,2006-07,Winthrop,31,31,876,78,186,35,76,43,110,42,59,18,80,98,136,46,8,43,50,241,.419,.461,.391,.712,.563,.535,G,JR
3246,Damond Williams,876,2002-03,McNeese State,29,27,876,114,244,91,167,23,77,58,107,61,123,184,69,26,4,82,53,309,.467,.545,.299,.542,.524,.514,F-G,SR
3247,DeForrest Riley-Smith,876,2005-06,Southern,32,26,876,118,300,58,154,60,146,52,73,25,106,131,47,34,6,65,71,348,.393,.377,.411,.712,.520,.493,G,JR
3248,D.J. Thompson,876,2004-05,Appalachian State,30,28,876,108,265,47,115,61,150,59,90,21,57,78,133,81,0,81,62,336,.408,.409,.407,.656,.546,.523,G,SO
3249,Glen Davis,876,2004-05,Louisiana State,30,28,876,138,269,135,257,3,12,127,182,103,160,263,31,29,41,50,94,406,.513,.525,.250,.698,.571,.519,F,FR
3250,Jerel McNeal,876,2006-07,Marquette,29,29,876,154,369,124,273,30,96,88,129,50,88,138,109,76,16,118,102,426,.417,.454,.313,.682,.495,.458,G,SO
3251,Jerrell Dinkins,876,2005-06,UMBC,29,29,876,134,277,124,243,10,34,65,101,70,87,157,40,18,4,69,81,343,.484,.510,.294,.644,.528,.502,F,SR
3252,Jim Goffredo,876,2005-06,Harvard,26,26,876,126,315,64,141,62,174,73,82,21,42,63,34,37,0,65,73,387,.400,.454,.356,.890,.547,.498,G,JR
3253,Kyle Buggs,876,2003-04,New Orleans,31,27,876,124,294,53,114,71,180,45,56,21,58,79,23,20,11,37,38,364,.422,.465,.394,.804,.568,.543,G,SR
3254,Miles Davis,876,2002-03,Delaware State,27,27,876,71,202,17,59,54,143,69,86,12,39,51,84,25,3,60,49,265,.351,.288,.378,.802,.546,.485,G,JR
3255,Pete Conway,876,2002-03,Montana State,27,27,876,124,281,55,118,69,163,69,80,16,37,53,23,17,4,39,49,386,.441,.466,.423,.863,.605,.564,G,SR
3256,Takais Brown,876,2006-07,Georgia,31,21,876,181,320,179,315,2,5,75,109,104,70,174,27,17,16,68,59,439,.566,.568,.400,.688,.590,.569,F,JR
3257,Tychicus Snow,876,2005-06,Mississippi Valley State,27,27,876,80,207,37,86,43,121,12,18,5,40,45,66,29,2,43,52,215,.386,.430,.355,.667,.499,.490,G,JR
3258,Amadi McKenzie,875,2006-07,Tennessee Tech,32,32,875,163,268,162,260,1,8,119,185,101,147,248,33,38,17,60,100,446,.608,.623,.125,.643,.627,.610,F,JR
3259,Avery Sheets,875,2004-05,Butler,28,27,875,99,240,56,115,43,125,30,37,6,50,56,112,20,0,48,36,271,.413,.487,.344,.811,.526,.502,G,JR
3260,Bashir Mason,875,2003-04,Drexel,29,26,875,63,169,58,143,5,26,63,95,17,67,84,129,66,5,70,73,194,.373,.406,.192,.663,.453,.388,G,FR
3261,Bradley Strickland,875,2006-07,Evansville,31,31,875,134,234,134,234,0,0,65,106,64,127,191,25,21,49,62,93,333,.573,.573,,.613,.586,.573,F,SR
3262,Brett Melton,875,2003-04,San Diego,30,12,875,108,272,29,84,79,188,35,48,19,50,69,54,22,1,53,59,330,.397,.345,.420,.729,.560,.542,G,JR
3263,Corey Rouse,875,2005-06,East Carolina,28,28,875,140,266,139,264,1,2,118,206,110,191,301,40,26,30,92,93,399,.526,.527,.500,.573,.548,.528,F,SR
3264,Danny Rumph,875,2004-05,Western Kentucky,31,29,875,95,230,78,172,17,58,76,102,44,59,103,92,27,3,55,93,283,.413,.453,.293,.745,.508,.450,G,JR
3265,DaShawn Walker,875,2006-07,Denver,27,25,875,140,373,84,206,56,167,67,82,29,100,129,39,19,10,79,62,403,.375,.408,.335,.817,.489,.450,G,SR
3266,David Jackson,875,2005-06,Penn State,30,30,875,66,178,39,86,27,92,43,60,18,78,96,86,27,3,46,37,202,.371,.453,.293,.717,.489,.447,G,JR
3267,Greg Gamble,875,2006-07,Buffalo,31,29,875,64,161,61,150,3,11,60,87,66,79,145,69,37,2,69,63,191,.398,.407,.273,.690,.472,.407,G,SO
3268,Jaime Lloreda,875,2002-03,Louisiana State,30,29,875,144,256,144,255,0,1,82,148,98,171,269,34,27,61,68,84,370,.563,.565,.000,.554,.567,.563,F,JR
3269,Jason Walberg,875,2004-05,St. Mary's (CA),34,20,875,45,152,7,31,38,121,14,21,12,63,75,38,19,6,25,73,142,.296,.226,.314,.667,.438,.421,G,JR
3270,Joe Thompson,875,2003-04,Sam Houston State,28,24,875,145,328,107,212,38,116,101,131,50,100,150,113,43,3,67,41,429,.442,.505,.328,.771,.550,.500,G,JR
3271,JueMichael Young,875,2003-04,Louisiana Tech,29,24,875,80,210,61,151,19,59,65,100,31,79,110,45,16,5,70,58,244,.381,.404,.322,.650,.474,.426,G,JR
3272,Kurtis Rice,875,2004-05,Charleston Southern,30,28,875,152,300,134,256,18,44,61,85,60,128,188,51,26,17,83,81,383,.507,.523,.409,.718,.563,.537,F,SR
3273,Rashaun Freeman,875,2004-05,Massachusetts,28,26,875,162,301,162,301,0,0,107,165,73,145,218,29,26,13,93,89,431,.538,.538,,.648,.568,.538,C,SO
3274,Shawn Hall,875,2002-03,Appalachian State,28,28,875,189,521,86,212,103,309,92,112,16,68,84,69,31,5,91,26,573,.363,.406,.333,.821,.499,.462,G,SR
3275,Terry Taylor,875,2002-03,Virginia Tech,28,25,875,162,306,162,305,0,1,110,159,90,114,204,23,11,13,39,71,434,.529,.531,.000,.692,.569,.529,C,SR
3276,Tim Blackwell,875,2005-06,Kansas City,26,24,875,97,231,49,107,48,124,55,65,17,66,83,73,23,2,63,57,297,.420,.458,.387,.846,.567,.524,G,SO
3277,Travis Parker,875,2005-06,Penn State,30,30,875,134,292,100,198,34,94,63,88,60,107,167,52,37,9,61,73,365,.459,.505,.362,.716,.547,.517,F,SR
3278,Wesley Duke,875,2003-04,Mercer,30,30,875,102,197,102,196,0,1,111,169,81,107,188,42,30,41,51,84,315,.518,.520,.000,.657,.568,.518,F,JR
3279,Adam Templeton,874,2006-07,UC Irvine,33,22,874,88,214,29,60,59,154,29,41,35,111,146,42,15,7,42,98,264,.411,.483,.383,.707,.565,.549,F,SO
3280,Anthony Maestranzi,874,2004-05,Northern Illinois,28,28,874,67,186,15,44,52,142,39,47,6,47,53,86,34,0,50,55,225,.360,.341,.366,.830,.540,.500,G,JR
3281,Bobby Jones Jr,874,2005-06,Washington,33,33,874,113,239,84,151,29,88,88,118,69,94,163,43,40,17,66,104,343,.473,.556,.330,.746,.581,.533,F,SR
3282,Bryant McAllister,874,2005-06,Duquesne,26,25,874,160,378,108,239,52,139,141,174,18,73,91,125,33,2,96,57,513,.423,.452,.374,.810,.557,.492,G,SR
3283,Dave Noel,874,2006-07,Central Florida,31,31,874,77,154,59,103,18,51,111,130,28,90,118,91,38,5,53,85,283,.500,.573,.353,.854,.656,.558,G,JR
3284,Eric Webb,874,2005-06,Furman,28,28,874,108,240,39,74,69,166,74,86,20,48,68,89,34,0,68,44,359,.450,.527,.416,.860,.639,.594,G,JR
3285,Jan Jagla,874,2003-04,Penn State,28,26,874,143,329,109,224,34,105,56,72,61,159,220,43,26,34,65,76,376,.435,.487,.324,.778,.518,.486,F,JR
3286,Jarmorrow Moragne,874,2004-05,Centenary (LA),27,27,874,82,192,51,109,31,83,71,92,,,80,53,21,1,,,266,.427,.468,.373,.772,.564,.508,G,SR
3287,Jerome Gumbs,874,2004-05,San Francisco,31,30,874,111,250,86,177,25,73,43,69,74,79,153,33,42,5,41,83,290,.444,.486,.342,.623,.513,.494,G,JR
3288,Kevin Lisch,874,2005-06,Saint Louis,29,20,874,111,249,53,109,58,140,41,57,16,55,71,39,23,4,48,73,321,.446,.486,.414,.719,.581,.562,G,FR
3289,Monwell Randle,874,2002-03,Southwest Missouri State,29,28,874,106,228,101,213,5,15,68,94,79,128,207,18,22,36,44,88,285,.465,.474,.333,.723,.523,.476,C,JR
3290,Ryan Mantlo,874,2003-04,Liberty,32,26,874,75,189,58,114,17,75,39,79,58,77,135,71,52,7,49,61,206,.397,.509,.227,.494,.455,.442,G,SR
3291,Travis Bailey,874,2002-03,Texas A&M–Corpus Christi,29,27,874,154,371,106,226,48,145,79,96,18,62,80,96,52,3,72,66,435,.415,.469,.331,.823,.522,.480,G,SO
3292,Trey Williams,874,2005-06,Lipscomb,32,30,874,45,152,26,76,19,76,42,59,7,106,113,125,48,6,74,77,151,.296,.342,.250,.712,.419,.359,G,JR
3293,Tyler Chaney,874,2005-06,Missouri State,31,18,874,94,269,68,177,26,92,60,90,37,85,122,83,37,4,68,53,274,.349,.384,.283,.667,.439,.398,G,JR
3294,Cardell Butler,873,2003-04,Utah State,29,29,873,143,295,88,168,55,127,66,75,24,64,88,59,30,7,42,47,407,.485,.524,.433,.880,.616,.578,G,SR
3295,Corey Brown,873,2004-05,Maryland Eastern Shore,27,22,873,118,297,71,169,47,128,59,79,18,41,59,65,43,3,119,66,342,.397,.420,.367,.747,.511,.476,G,JR
3296,DeMarre Carroll,873,2005-06,Vanderbilt,30,16,873,135,264,132,247,3,17,52,86,82,109,191,61,37,11,54,80,325,.511,.534,.176,.605,.533,.517,F,SO
3297,Ja'Ron Jefferson,873,2005-06,Montana State,28,28,873,141,330,76,180,65,150,54,83,20,86,106,89,39,6,73,84,401,.427,.422,.433,.651,.543,.526,G,SO
3298,Kevin Criswell,873,2003-04,Montana,28,27,873,105,278,59,129,46,149,87,109,26,121,147,63,30,1,64,70,343,.378,.457,.309,.798,.520,.460,G,SO
3299,Mark Porter,873,2005-06,Wagner,27,27,873,104,254,80,187,24,67,90,117,18,87,105,89,25,22,72,49,322,.409,.428,.358,.769,.520,.457,G,SO
3300,Mike Nardi,873,2005-06,Villanova,31,29,873,109,281,32,89,77,192,26,34,11,48,59,62,22,6,43,57,321,.388,.360,.401,.765,.540,.525,G,JR
3301,Mike Smith,873,2006-07,East Tennessee State,34,7,873,124,288,76,161,48,127,78,98,33,92,125,59,38,7,61,107,374,.431,.472,.378,.796,.559,.514,F,FR
3302,Omar Collington,873,2005-06,UNC Asheville,28,27,873,104,240,48,108,56,132,67,97,30,65,95,57,27,1,73,54,331,.433,.444,.424,.691,.579,.550,G,SR
3303,Steven Wright,873,2004-05,Bowling Green,29,29,873,112,275,80,168,32,107,65,82,16,95,111,94,37,7,76,90,321,.407,.476,.299,.793,.511,.465,G,JR
3304,Terry Reynolds,873,2003-04,George Mason,31,23,873,72,228,43,131,29,97,88,122,19,61,80,158,45,5,98,59,261,.316,.328,.299,.721,.456,.379,G,JR
3305,Todd Abernethy,873,2005-06,Ole Miss,30,30,873,96,214,47,98,49,116,18,31,7,70,77,87,27,4,65,47,259,.449,.480,.422,.581,.566,.563,G,JR
3306,Will Bynum,873,2004-05,Georgia Tech,32,25,873,128,322,79,164,49,158,96,126,18,62,80,79,32,0,76,66,401,.398,.482,.310,.762,.525,.474,G,SR
3307,Bobby Brown,872,2003-04,Cal State Fullerton,28,15,872,129,321,59,148,70,173,41,48,17,39,56,97,30,2,64,59,369,.402,.399,.405,.854,.537,.511,G,FR
3308,Bobby Nash,872,2006-07,Hawaii,31,31,872,130,297,89,172,41,125,47,62,43,82,125,64,26,11,64,54,348,.438,.517,.328,.758,.533,.507,G,JR
3309,Bruce Brown,872,2004-05,Hampton,30,30,872,178,269,178,269,0,0,73,160,63,140,203,17,7,39,92,82,429,.662,.662,,.456,.622,.662,C,JR
3310,Bryan McCullough,872,2002-03,UNC Asheville,32,30,872,117,285,68,164,49,121,41,53,48,70,118,72,28,10,71,61,324,.411,.415,.405,.774,.522,.496,F,SO
3311,Charlie Davis,872,2002-03,Tulsa,33,32,872,76,136,75,133,1,3,44,78,82,148,230,43,25,16,49,102,197,.559,.564,.333,.564,.569,.563,F,SR
3312,Damon Jackson,872,2002-03,Fresno State,28,27,872,136,352,56,126,80,226,19,29,30,102,132,40,35,5,58,53,371,.386,.444,.354,.655,.507,.500,G,SR
3313,Deke Thompson,872,2002-03,Coppin State,28,28,872,100,217,66,135,34,82,59,66,16,55,71,61,34,9,53,62,293,.461,.489,.415,.894,.590,.539,G,FR
3314,Jarvis Hayes,872,2002-03,Georgia,27,27,872,185,368,131,241,54,127,69,88,34,85,119,54,31,12,38,64,493,.503,.544,.425,.784,.602,.576,F,JR
3315,Jimmie Haywood,872,2002-03,Oregon State,28,28,872,110,301,59,148,51,153,29,53,17,70,87,70,34,1,56,63,300,.365,.399,.333,.547,.460,.450,G,SR
3316,Jimmy Tricco,872,2002-03,Duquesne,30,30,872,107,245,31,68,76,177,23,36,21,80,101,67,34,9,61,75,313,.437,.456,.429,.639,.597,.592,G,JR
3317,John Winchester,872,2005-06,Quinnipiac,28,13,872,108,279,62,139,46,140,84,114,29,74,103,60,30,4,65,69,346,.387,.446,.329,.737,.519,.470,G,JR
3318,Josh Jenkins,872,2004-05,New Mexico State,30,21,872,94,232,35,95,59,137,55,69,14,65,79,105,28,3,111,71,302,.405,.368,.431,.797,.570,.532,G,FR
3319,Leonard Hopkins,872,2004-05,North Texas,28,28,872,156,409,111,257,45,152,151,176,48,43,91,50,35,2,69,64,508,.381,.432,.296,.858,.516,.436,G,SR
3320,Louis Hinnant,872,2002-03,Boston College,31,28,872,51,107,37,63,14,44,29,46,13,56,69,98,29,7,52,62,145,.477,.587,.318,.630,.563,.542,G,FR
3321,Mike McKinney,872,2004-05,Northern Illinois,28,26,872,127,247,109,207,18,40,82,110,64,108,172,64,25,7,68,69,354,.514,.527,.450,.745,.591,.551,G,SO
3322,Nathan Peavy,872,2005-06,Miami (OH),29,27,872,111,214,97,178,14,36,90,116,54,146,200,33,25,11,61,87,326,.519,.545,.389,.776,.606,.551,F,JR
3323,Peyton Stovall,872,2003-04,Ball State,29,28,872,70,184,57,135,13,49,57,84,7,74,81,110,34,0,63,86,210,.380,.422,.265,.679,.469,.416,G,FR
3324,Philip McCandies,872,2006-07,College of Charleston,33,33,872,95,175,79,129,16,46,25,40,83,153,236,44,35,35,63,108,231,.543,.612,.348,.625,.595,.589,C,SR
3325,Raoul Heinen,872,2002-03,George Mason,25,24,872,90,206,55,107,35,99,59,75,18,69,87,84,37,4,65,65,274,.437,.514,.354,.787,.567,.522,G,JR
3326,Robert Reed,872,2002-03,Rider,28,23,872,81,161,79,153,2,8,54,74,62,128,190,44,27,30,42,67,218,.503,.516,.250,.730,.556,.509,G,SR
3327,Trayvean Scott,872,2004-05,Southern,29,24,872,70,215,24,61,46,154,15,28,11,59,70,79,41,5,55,65,201,.326,.393,.299,.536,.440,.433,G,SR
3328,Trey Pearson,872,2004-05,Murray State,27,26,872,138,309,72,151,66,158,49,65,39,56,95,101,52,3,48,49,391,.447,.477,.418,.754,.575,.553,G,SO
3329,Al Thornton,871,2005-06,Florida State,30,30,871,171,330,151,288,20,42,122,164,87,121,208,37,29,9,73,75,484,.518,.524,.476,.744,.593,.548,G,JR
3330,Alex Bausley,871,2004-05,Sacramento State,28,25,871,104,285,57,138,47,147,37,60,44,105,149,32,34,4,50,60,292,.365,.413,.320,.617,.466,.447,F,SO
3331,Bilal Abdullah,871,2006-07,Lafayette,30,25,871,85,201,52,94,33,107,81,101,14,76,90,76,32,13,92,68,284,.423,.553,.308,.802,.570,.505,G,JR
3332,Brandon Lipsey,871,2002-03,Kansas City,29,22,871,65,146,40,76,25,70,22,36,47,108,155,34,24,37,24,60,177,.445,.526,.357,.611,.543,.531,F,SO
3333,Brett Hale,871,2002-03,Southeast Missouri State,29,28,871,139,297,85,171,54,126,64,70,18,60,78,58,10,2,59,33,396,.468,.497,.429,.914,.600,.559,G,SO
3334,Eugene Lawrence,871,2005-06,St. John's (NY),27,27,871,76,207,47,106,29,101,71,103,26,103,129,132,44,1,99,71,252,.367,.443,.287,.689,.492,.437,G,SO
3335,Greg Sprink,871,2005-06,Navy,28,26,871,130,334,69,166,61,168,95,111,34,103,137,57,32,5,69,65,416,.389,.416,.363,.856,.538,.481,G,SO
3336,James Parlow,871,2006-07,New Orleans,27,26,871,122,268,37,88,85,180,19,30,28,88,116,27,40,3,43,83,348,.455,.420,.472,.633,.616,.614,G,JR
3337,J.R. Harrison,871,2004-05,Rice,31,20,871,113,240,91,177,22,63,33,52,34,103,137,42,18,31,54,76,281,.471,.514,.349,.635,.531,.517,F,JR
3338,Marvin McCullough,871,2004-05,Iona,31,20,871,55,155,41,113,14,42,44,62,18,44,62,106,49,4,60,76,168,.355,.363,.333,.710,.455,.400,G,JR
3339,Sammy Mejia,871,2005-06,DePaul,27,25,871,147,304,120,211,27,93,87,130,31,76,107,68,22,4,59,57,408,.484,.569,.290,.669,.558,.528,G,JR
3340,Taylor Coppenrath,871,2003-04,Vermont,24,24,871,203,398,189,351,14,47,159,212,75,98,173,34,30,15,52,52,579,.510,.538,.298,.750,.581,.528,F,JR
3341,Tom Young,871,2006-07,UMBC,30,28,871,113,243,109,219,4,24,59,87,43,98,141,62,14,11,66,65,289,.465,.498,.167,.678,.508,.473,G,SO
3342,Tony Carter,871,2003-04,Furman,29,29,871,83,198,52,114,31,84,69,112,33,78,111,112,51,0,70,56,266,.419,.456,.369,.616,.529,.497,G,SO
3343,Zygis Sestokas,871,2006-07,Hofstra,32,25,871,75,164,15,29,60,135,9,11,21,55,76,11,9,3,27,79,219,.457,.517,.444,.818,.647,.640,G,SO
3344,Brandon McKnight,870,2003-04,Purdue,31,31,870,112,279,97,224,15,55,39,56,17,65,82,87,25,4,51,59,278,.401,.433,.273,.696,.455,.428,G,JR
3345,Bronski Dockery,870,2002-03,St. Francis Brooklyn,29,29,870,147,381,96,209,51,172,103,142,35,85,120,95,56,4,97,99,448,.386,.459,.297,.725,.499,.453,G,SR
3346,Brooks Lee,870,2002-03,Campbell,26,26,870,68,170,11,27,57,143,58,66,2,28,30,113,28,0,81,38,251,.400,.407,.399,.879,.623,.568,G,SR
3347,Cameron Crisp,870,2003-04,Tennessee Tech,28,28,870,158,378,101,213,57,165,57,71,20,59,79,64,31,5,45,54,430,.418,.474,.345,.803,.522,.493,G,SR
3348,Carl Elliott,870,2004-05,George Washington,30,30,870,98,209,83,168,15,41,35,64,18,96,114,138,79,5,96,68,246,.469,.494,.366,.547,.514,.505,G,SO
3349,Christopher Moore,870,2006-07,Texas Southern,28,27,870,150,320,148,312,2,8,89,129,80,196,276,48,32,12,76,76,391,.469,.474,.250,.690,.513,.472,F,SR
3350,Daniel Kickert,870,2003-04,St. Mary's (CA),31,31,870,166,328,134,246,32,82,98,128,61,122,183,22,11,14,65,71,462,.506,.545,.390,.766,.594,.555,F,SO
3351,Denis Ikovlev,870,2006-07,Nevada,34,34,870,82,164,38,64,44,100,23,30,53,80,133,33,12,20,27,71,231,.500,.594,.440,.767,.648,.634,F,SR
3352,Devonne Giles,870,2004-05,Texas Tech,33,32,870,143,286,143,283,0,3,87,107,83,132,215,37,28,56,89,111,373,.500,.505,.000,.813,.554,.500,F,SR
3353,E.J. Gordon,870,2004-05,Stetson,27,27,870,134,343,130,317,4,26,117,157,76,110,186,65,53,12,86,62,389,.391,.410,.154,.745,.466,.397,G,JR
3354,Gabe Pruitt,870,2004-05,Southern California,29,21,870,124,255,61,115,63,140,45,64,19,54,73,92,56,2,74,71,356,.486,.530,.450,.703,.624,.610,G,FR
3355,James Thues,870,2004-05,Detroit Mercy,30,30,870,104,265,56,118,48,147,49,71,16,71,87,78,59,3,57,48,305,.392,.475,.327,.690,.511,.483,G,SR
3356,Jason Conley,870,2004-05,Missouri,33,29,870,117,265,76,149,41,116,62,84,61,134,195,66,44,6,59,53,337,.442,.510,.353,.738,.553,.519,G,SR
3357,Jeremy Wiley,870,2005-06,Prairie View A&M,28,22,870,107,290,72,181,35,109,61,105,11,39,50,122,54,0,124,73,310,.369,.398,.321,.581,.456,.429,G,FR
3358,Jermaine Anderson,870,2004-05,New Hampshire,27,24,870,75,149,60,103,15,46,59,71,22,52,74,63,53,5,60,45,224,.503,.583,.326,.831,.613,.554,G,SO
3359,Louis Ford,870,2005-06,Howard,27,24,870,84,230,47,119,37,111,44,57,22,53,75,130,71,1,79,56,249,.365,.395,.333,.772,.484,.446,G,SR
3360,O'Neal Carter,870,2003-04,Bethune-Cookman,29,29,870,68,182,58,146,10,36,31,45,18,59,77,83,59,11,99,99,177,.374,.397,.278,.689,.435,.401,G,JR
3361,Ron Robinson,870,2002-03,Central Connecticut State,27,25,870,133,254,132,249,1,5,69,97,78,171,249,44,24,13,90,80,336,.524,.530,.200,.711,.560,.526,F,JR
3362,Shaun Wynn,870,2004-05,Boston University,29,29,870,65,192,51,120,14,72,37,62,44,75,119,100,53,2,44,54,181,.339,.425,.194,.597,.409,.375,G,JR
3363,Antonio Haynes,869,2003-04,Western Kentucky,28,25,869,105,259,53,129,52,130,72,100,21,68,89,117,35,6,69,77,334,.405,.411,.400,.720,.545,.506,G,JR
3364,Boris Meno,869,2006-07,Davidson,33,33,869,134,297,118,248,16,49,78,103,88,181,269,25,34,34,69,86,362,.451,.476,.327,.757,.523,.478,F,JR
3365,Bryant Dunston,869,2006-07,Fordham,30,30,869,146,268,134,244,12,24,132,188,83,134,217,39,28,71,65,97,436,.545,.549,.500,.702,.610,.567,F,JR
3366,Darren Fells,869,2005-06,UC Irvine,29,27,869,107,217,105,205,2,12,67,93,72,135,207,53,17,10,49,72,283,.493,.512,.167,.720,.542,.498,C,SO
3367,Germain Mopa Njila,869,2004-05,Vermont,32,32,869,73,161,62,125,11,36,28,40,61,164,225,69,49,3,60,66,185,.453,.496,.306,.700,.514,.488,F,SR
3368,Glen McGowan,869,2003-04,Pepperdine,29,28,869,180,366,157,289,23,77,134,192,52,106,158,27,25,5,63,85,517,.492,.543,.299,.698,.565,.523,F,JR
3369,James Anthony,869,2003-04,East Tennessee State,32,32,869,101,233,40,88,61,145,45,66,23,79,102,61,47,7,58,73,308,.433,.455,.421,.682,.583,.564,G,JR
3370,Jeremiah King,869,2002-03,Drexel,31,21,869,80,221,60,142,20,79,38,46,18,79,97,108,35,1,73,61,218,.362,.423,.253,.826,.449,.407,G,SO
3371,Joseph Jones,869,2005-06,Texas A&M,30,30,869,155,305,153,286,2,19,147,200,67,128,195,45,46,16,56,90,459,.508,.535,.105,.735,.574,.511,C,SO
3372,Jovan Stefanov,869,2005-06,Illinois–Chicago,30,23,869,81,194,68,131,13,63,64,89,65,104,169,73,16,7,53,73,239,.418,.519,.206,.719,.506,.451,F,JR
3373,K.C. Cavette,869,2003-04,Jackson State,29,25,869,117,275,73,153,44,122,102,135,17,64,81,77,65,5,78,87,380,.425,.477,.361,.756,.560,.505,G,SR
3374,Landon Beckwith,869,2002-03,North Carolina A&T,27,23,869,120,293,53,133,67,160,20,26,14,54,68,26,19,0,27,41,327,.410,.398,.419,.769,.535,.524,G,SR
3375,Matt Bell,869,2005-06,Army,27,27,869,113,297,85,202,28,95,98,128,13,67,80,74,29,0,61,47,352,.380,.421,.295,.766,.492,.428,G,JR
3376,Ray Reed,869,2006-07,Cal State Fullerton,30,29,869,81,196,68,150,13,46,53,83,26,65,91,94,51,5,63,62,228,.413,.453,.283,.639,.484,.446,G,JR
3377,Richard Little,869,2003-04,VMI,28,28,869,66,220,41,121,25,99,27,44,14,67,81,165,56,0,115,42,184,.300,.339,.253,.614,.382,.357,G,SR
3378,Robert Taylor,869,2004-05,Rider,30,30,869,106,222,82,154,24,68,41,54,40,88,128,65,43,9,48,75,277,.477,.532,.353,.759,.559,.532,G,SR
3379,Scott Merritt,869,2003-04,Marquette,31,30,869,122,271,120,265,2,6,102,144,87,133,220,31,25,22,92,76,348,.450,.453,.333,.708,.513,.454,F,SR
3380,Adrian Martinez,868,2006-07,Northeastern,31,30,868,96,235,38,83,58,152,38,53,8,59,67,94,26,0,56,43,288,.409,.458,.382,.717,.553,.532,G,SR
3381,Alfred Neale,868,2004-05,New Mexico,33,13,868,121,232,62,87,59,145,40,57,35,109,144,51,16,6,32,62,341,.522,.713,.407,.702,.658,.649,F,SR
3382,Chris Lowe,868,2005-06,Massachusetts,28,15,868,47,134,42,116,5,18,55,80,13,66,79,137,18,4,90,75,154,.351,.362,.278,.688,.448,.369,G,FR
3383,Deron Williams,868,2002-03,Illinois,32,30,868,75,176,47,97,28,79,24,45,15,80,95,145,46,5,59,76,202,.426,.485,.354,.533,.512,.506,G,FR
3384,Dwayne Jones,868,2003-04,Saint Joseph's,32,32,868,79,145,79,145,0,0,47,104,84,140,224,29,17,63,36,94,205,.545,.545,,.452,.527,.545,C,SO
3385,Jack Leasure,868,2004-05,Coastal Carolina,29,24,868,146,317,61,117,85,200,43,53,7,51,58,59,29,3,54,67,420,.461,.521,.425,.811,.614,.595,G,FR
3386,Jarell Brown,868,2006-07,Army,31,5,868,179,429,92,215,87,214,78,91,16,58,74,46,25,1,42,38,523,.417,.428,.407,.857,.554,.519,G,JR
3387,Jason Klotz,868,2004-05,Texas,30,16,868,144,304,141,288,3,16,44,65,67,106,173,29,11,33,40,90,335,.474,.490,.188,.677,.500,.479,C,SR
3388,Marcus Pillow,868,2006-07,Central Arkansas,30,23,868,113,319,45,109,68,210,57,65,13,60,73,66,25,5,93,81,351,.354,.413,.324,.877,.502,.461,G,FR
3389,Miles Davis,868,2003-04,Delaware State,26,25,868,59,180,12,48,47,132,75,91,14,43,57,78,19,0,53,33,240,.328,.250,.356,.824,.538,.458,G,SR
3390,Mo Charlo,868,2005-06,Nevada,33,19,868,114,277,90,206,24,71,84,109,67,109,176,75,32,18,73,69,336,.412,.437,.338,.771,.511,.455,F,SR
3391,Regis Koundjia,868,2006-07,George Washington,32,32,868,79,173,71,146,8,27,69,103,47,112,159,48,44,13,59,105,235,.457,.486,.296,.670,.529,.480,F,SR
3392,Rob Kurz,868,2006-07,Notre Dame,31,30,868,113,226,92,177,21,49,145,179,94,154,248,53,24,46,51,85,392,.500,.520,.429,.810,.630,.546,F,JR
3393,Ryan Bright,868,2005-06,Sam Houston State,31,21,868,131,282,100,188,31,94,63,141,78,167,245,89,51,22,92,86,356,.465,.532,.330,.447,.510,.520,F,SO
3394,Tim Doyle,868,2005-06,Northwestern,29,25,868,88,175,76,135,12,40,44,61,17,95,112,110,35,5,64,63,232,.503,.563,.300,.721,.569,.537,G,JR
3395,Victor Tarver,868,2002-03,Southern,27,25,868,119,353,50,132,69,221,55,87,13,60,73,103,44,3,99,57,362,.337,.379,.312,.632,.459,.435,G,SR
3396,Alex Bausley,867,2006-07,Sacramento State,29,29,867,144,340,107,221,37,119,44,97,58,93,151,68,72,9,55,83,369,.424,.484,.311,.454,.478,.478,F,SR
3397,Brady Merchant,867,2002-03,Harvard,27,27,867,147,329,78,161,69,168,52,76,45,77,122,50,39,7,54,58,415,.447,.484,.411,.684,.568,.552,G,SR
3398,Chris Chalko,867,2006-07,Elon,30,26,867,111,278,50,103,61,175,38,44,47,74,121,18,15,9,36,69,321,.399,.485,.349,.864,.537,.509,F,SR
3399,Cody Toppert,867,2004-05,Cornell,27,15,867,98,238,37,69,61,169,41,47,27,55,82,50,27,1,47,61,298,.412,.536,.361,.872,.572,.540,G,SR
3400,Courtney Johnson,867,2003-04,Albany (NY),28,19,867,49,145,43,109,6,36,53,75,32,75,107,68,37,2,76,78,157,.338,.394,.167,.707,.435,.359,G,FR
3401,Darryl Dora,867,2004-05,Texas Tech,33,24,867,79,169,68,127,11,42,34,47,43,98,141,67,22,9,51,92,203,.467,.535,.262,.723,.531,.500,F,SO
3402,John Floyd,867,2005-06,Bowling Green,30,24,867,100,245,62,135,38,110,53,75,8,52,60,97,31,0,69,71,291,.408,.459,.345,.707,.518,.486,G,JR
3403,Johnny Mathies,867,2004-05,Creighton,34,23,867,126,267,83,167,43,100,105,134,22,72,94,73,59,6,64,90,400,.472,.497,.430,.784,.605,.552,G,JR
3404,Keith Langford,867,2004-05,Kansas,28,27,867,145,312,114,224,31,88,83,138,37,75,112,79,26,6,55,51,404,.465,.509,.352,.601,.535,.514,G,SR
3405,Lenny Collins,867,2003-04,Cornell,27,27,867,89,217,67,145,22,72,79,98,36,104,140,44,52,5,49,62,279,.410,.462,.306,.806,.529,.461,F,SO
3406,Marcus Harley,867,2004-05,Lafayette,28,28,867,88,289,44,137,44,152,36,57,16,66,82,47,26,0,87,44,256,.304,.321,.289,.632,.405,.381,G,SO
3407,Maurice Ager,867,2004-05,Michigan State,33,31,867,150,315,97,183,53,132,111,135,37,91,128,60,22,8,61,53,464,.476,.530,.402,.822,.612,.560,G,JR
3408,Mike Farrell,867,2002-03,Lafayette,29,28,867,99,180,83,142,16,38,53,73,62,130,192,60,14,9,50,63,267,.550,.585,.421,.726,.622,.594,F,JR
3409,Mitchell Beauford,867,2006-07,Stony Brook,29,20,867,138,354,124,303,14,51,65,92,27,76,103,77,45,0,73,63,355,.390,.409,.275,.707,.446,.410,G,JR
3410,Philip Ricci,867,2002-03,Oregon State,28,28,867,173,333,167,314,6,19,111,172,91,139,230,45,21,34,55,62,463,.520,.532,.316,.645,.558,.529,F,SR
3411,Shane Nichols,867,2003-04,Saint Peter's,29,28,867,92,238,24,53,68,185,54,65,14,41,55,37,16,3,23,44,306,.387,.453,.368,.831,.569,.529,G,FR
3412,Vince Scott,867,2006-07,Northwestern,31,24,867,78,173,45,83,33,90,20,29,16,74,90,66,24,32,33,64,209,.451,.542,.367,.690,.559,.546,C,SR
3413,Ben Jacobson,866,2002-03,Northern Iowa,28,24,866,115,261,92,206,23,55,62,83,20,76,96,73,37,5,65,50,315,.441,.447,.418,.747,.524,.485,G,FR
3414,Brian Hamilton,866,2003-04,Louisiana–Lafayette,29,28,866,122,200,121,197,1,3,87,139,84,116,200,53,58,13,71,89,332,.610,.614,.333,.626,.624,.613,F,JR
3415,Brice Vounang,866,2003-04,San Diego,28,27,866,194,353,194,351,0,2,86,118,61,130,191,20,28,8,73,72,474,.550,.553,.000,.729,.579,.550,F,JR
3416,Colby Bargeman,866,2006-07,Northwestern State,32,30,866,131,276,85,166,46,110,47,61,59,76,135,41,60,20,36,76,355,.475,.512,.418,.770,.582,.558,F,JR
3417,David Godbold,866,2006-07,Oklahoma,31,13,866,79,226,36,98,43,128,29,40,45,99,144,54,41,19,36,72,230,.350,.367,.336,.725,.469,.445,G,JR
3418,David Lee,866,2002-03,Florida,33,33,866,149,230,149,230,0,0,73,117,72,152,224,61,24,48,61,76,371,.648,.648,,.624,.650,.648,F,SO
3419,David Patten,866,2006-07,Weber State,32,32,866,167,313,145,255,22,58,99,180,58,114,172,33,37,34,65,79,455,.534,.569,.379,.550,.571,.569,F,SR
3420,Demetrius Williams,866,2002-03,Loyola Chicago,30,28,866,109,189,109,188,0,1,90,128,90,149,239,17,29,55,58,91,308,.577,.580,.000,.703,.616,.577,F,JR
3421,Jarrid Frye,866,2006-07,Sacred Heart,32,32,866,169,354,163,320,6,34,81,132,54,107,161,85,53,15,82,91,425,.477,.509,.176,.614,.510,.486,G,SR
3422,Jeff Hagen,866,2004-05,Minnesota,32,30,866,125,236,125,236,0,0,107,144,76,118,194,70,24,80,87,70,357,.530,.530,,.743,.586,.530,C,SR
3423,John Baumann,866,2005-06,Columbia,27,26,866,123,260,108,222,15,38,109,138,60,101,161,41,7,4,79,72,370,.473,.486,.395,.790,.568,.502,F,SO
3424,John Quintana,866,2003-04,St. Francis Brooklyn,28,22,866,138,390,86,222,52,168,97,123,25,67,92,73,19,0,88,65,425,.354,.387,.310,.789,.474,.421,G,SO
3425,Michael Doles,866,2004-05,VCU,30,24,866,156,333,111,212,45,121,90,120,30,86,116,59,37,12,64,88,447,.468,.524,.372,.750,.573,.536,F,SR
3426,Mike Bauer,866,2002-03,Minnesota,33,23,866,125,299,54,109,71,190,56,81,43,120,163,75,22,54,47,86,377,.418,.495,.374,.691,.559,.537,F,JR
3427,Nick Dissly,866,2006-07,Montana State,28,26,866,137,302,92,162,45,140,82,116,41,89,130,80,32,9,87,83,401,.454,.568,.321,.707,.561,.528,F,SR
3428,Richard Lott,866,2006-07,Alabama State,29,28,866,80,222,80,214,0,8,92,144,77,125,202,19,25,18,50,75,252,.360,.374,.000,.639,.434,.360,F,JR
3429,Richard Roby,866,2006-07,Colorado,27,25,866,158,412,121,274,37,138,113,154,49,89,138,59,33,12,91,55,466,.383,.442,.268,.734,.480,.428,G,JR
3430,Ross Schraeder,866,2005-06,UC Irvine,29,29,866,125,254,51,98,74,156,57,66,13,67,80,25,18,2,39,39,381,.492,.520,.474,.864,.668,.638,G,SR
3431,Sean Singletary,866,2004-05,Virginia,29,29,866,101,262,67,156,34,106,69,89,24,64,88,113,48,2,70,92,305,.385,.429,.321,.775,.501,.450,G,FR
3432,Andre Burton,865,2004-05,Evansville,28,25,865,119,273,101,221,18,52,73,120,47,105,152,89,29,9,64,81,329,.436,.457,.346,.608,.498,.469,G,SR
3433,Bobby Jones Jr,865,2004-05,Washington,34,33,865,133,261,102,200,31,61,85,125,84,106,190,57,36,13,45,118,382,.510,.510,.508,.680,.596,.569,F,JR
3434,Byron Eaton,865,2006-07,Oklahoma State,35,23,865,84,204,59,126,25,78,77,117,14,78,92,126,54,7,91,93,270,.412,.468,.321,.658,.520,.473,G,SO
3435,Chaz Spicer,865,2006-07,Utah State,34,21,865,137,293,120,252,17,41,93,111,47,79,126,39,26,20,62,75,384,.468,.476,.415,.838,.555,.497,F,SR
3436,Cody Toppert,865,2002-03,Cornell,27,27,865,95,233,47,92,48,141,22,30,21,95,116,27,19,3,38,49,260,.408,.511,.340,.733,.526,.511,G,SO
3437,Gary Patterson,865,2006-07,IUPUI,28,17,865,98,260,42,124,56,136,68,80,18,50,68,66,26,1,35,55,320,.377,.339,.412,.850,.537,.485,G,SO
3438,Marquis Estill,865,2002-03,Kentucky,36,36,865,169,288,168,282,1,6,79,141,99,117,216,39,21,64,61,104,418,.587,.596,.167,.560,.589,.589,C,SR
3439,Martese Coleman,865,2004-05,Arkansas–Pine Bluff,28,28,865,76,202,44,103,32,99,43,63,12,57,69,117,44,3,64,56,227,.376,.427,.323,.683,.489,.455,G,JR
3440,Matt Peterson,865,2005-06,Utah Valley State,29,29,865,109,243,61,121,48,122,59,72,9,58,67,56,20,1,44,44,325,.449,.504,.393,.819,.586,.547,F,SO
3441,Omar Barlett,865,2002-03,Jacksonville State,30,30,865,178,293,178,292,0,1,95,179,75,139,214,36,43,33,70,93,451,.608,.610,.000,.531,.597,.608,G,SR
3442,Thomas Mobley,865,2003-04,College of Charleston,29,29,865,149,317,79,162,70,155,88,113,36,123,159,54,30,8,50,71,456,.470,.488,.452,.779,.615,.580,F,SR
3443,Toney Douglas,865,2006-07,Florida State,30,28,865,143,301,112,223,31,78,63,80,23,59,82,87,35,8,73,53,380,.475,.502,.397,.788,.560,.527,G,SO
3444,Aleks Maric,864,2006-07,Nebraska,30,30,864,203,359,200,349,3,10,147,216,75,185,260,24,15,33,97,80,556,.565,.573,.300,.681,.602,.570,C,JR
3445,Ben Johnson,864,2003-04,Minnesota,30,29,864,131,253,97,168,34,85,49,58,23,52,75,75,29,2,51,51,345,.518,.577,.400,.845,.615,.585,G,SR
3446,Chaun Brooks,864,2005-06,Drake,31,31,864,115,224,90,163,25,61,66,75,32,64,96,71,42,4,51,55,321,.513,.552,.410,.880,.618,.569,G,SR
3447,Chris Daniels,864,2003-04,Georgia,30,30,864,106,208,103,200,3,8,90,124,92,151,243,56,48,35,90,91,305,.510,.515,.375,.726,.571,.517,F,SR
3448,Corey Johnson,864,2006-07,Navy,30,30,864,61,147,51,113,10,34,43,74,17,90,107,76,49,4,64,69,175,.415,.451,.294,.581,.480,.449,G,JR
3449,Craig Benson,864,2004-05,Quinnipiac,25,23,864,112,294,64,147,48,147,36,45,20,40,60,37,8,2,36,40,308,.381,.435,.327,.800,.488,.463,G,JR
3450,Craig Bradshaw,864,2005-06,Winthrop,31,31,864,144,275,112,184,32,91,78,118,66,120,186,44,17,32,62,74,398,.524,.609,.352,.661,.601,.582,C,JR
3451,Derrick Wiley,864,2003-04,East Carolina,27,27,864,146,357,125,305,21,52,87,131,52,106,158,35,36,3,54,66,400,.409,.410,.404,.664,.477,.438,G,SR
3452,Emanuel Dildy,864,2004-05,Eastern Illinois,28,28,864,133,325,53,120,80,205,81,97,8,64,72,99,21,2,74,73,427,.409,.442,.390,.835,.575,.532,G,SR
3453,Geoff McDermott,864,2005-06,Providence,27,27,864,78,192,71,169,7,23,77,133,69,174,243,70,49,13,71,74,240,.406,.420,.304,.579,.470,.424,F,FR
3454,Gerald Fitch,864,2003-04,Kentucky,29,23,864,148,343,69,146,79,197,95,125,23,96,119,40,38,2,50,51,470,.431,.473,.401,.760,.584,.547,G,SR
3455,Greg Roberts,864,2006-07,North Carolina A&T,32,25,864,90,178,90,177,0,1,70,117,48,92,140,42,46,23,62,86,250,.506,.508,.000,.598,.535,.506,F,SR
3456,Isaac Hines,864,2004-05,North Texas,28,28,864,58,162,37,94,21,68,46,72,44,134,178,104,60,3,50,36,183,.358,.394,.309,.639,.466,.423,G,JR
3457,Jerod Adler,864,2004-05,Indiana State,31,29,864,61,165,50,124,11,41,64,94,46,98,144,36,21,14,37,111,197,.370,.403,.268,.681,.470,.403,F,SR
3458,Joey Graham,864,2003-04,Oklahoma State,35,27,864,171,297,157,268,14,29,78,110,61,122,183,40,23,6,74,108,434,.576,.586,.483,.709,.621,.599,F,JR
3459,Kevin Rogers,864,2006-07,Baylor,30,30,864,156,297,156,296,0,1,71,95,76,152,228,26,15,26,66,87,383,.525,.527,.000,.747,.560,.525,F,SO
3460,Kyle Greathouse,864,2004-05,Western Carolina,30,27,864,65,192,12,32,53,160,32,37,17,64,81,85,31,0,53,56,215,.339,.375,.331,.865,.513,.477,G,SO
3461,Larry Owens,864,2004-05,Oral Roberts,33,15,864,129,234,122,211,7,23,40,88,81,166,247,83,58,32,64,110,305,.551,.578,.304,.455,.553,.566,F,JR
3462,Mario Jointer,864,2005-06,South Alabama,31,31,864,137,338,82,175,55,163,85,127,37,103,140,87,52,0,80,72,414,.405,.469,.337,.669,.520,.487,G,SR
3463,Matt Webster,864,2006-07,Evansville,31,31,864,150,299,132,262,18,37,207,282,50,116,166,63,23,6,95,99,525,.502,.504,.486,.734,.606,.532,F,SR
3464,Michael Haddix,864,2003-04,Siena,29,28,864,179,373,179,372,0,1,94,150,113,148,261,15,14,36,57,74,452,.480,.481,.000,.627,.509,.480,C,SO
3465,Mike Dean,864,2004-05,Middle Tennessee,28,26,864,117,327,64,168,53,159,116,149,10,75,85,55,21,1,67,57,403,.358,.381,.333,.779,.507,.439,G,SR
3466,Patrick Simpson,864,2003-04,SMU,30,28,864,128,273,117,226,11,47,73,110,55,124,179,25,21,31,53,78,340,.469,.518,.234,.664,.523,.489,F,JR
3467,Quincy Williams,864,2006-07,North Texas,34,27,864,136,236,135,235,1,1,83,142,100,140,240,52,25,38,66,105,356,.576,.574,1.000,.585,.587,.578,F,JR
3468,Rashad Anderson,864,2003-04,Connecticut,39,12,864,150,343,63,131,87,212,51,65,36,77,113,31,24,10,43,56,438,.437,.481,.410,.785,.586,.564,G,SO
3469,Steve Horne,864,2002-03,Montana,30,27,864,128,324,100,228,28,96,60,82,55,95,150,45,26,7,69,66,344,.395,.439,.292,.732,.474,.438,F,JR
3470,Travis Jones,864,2006-07,South Carolina State,29,26,864,123,320,86,202,37,118,60,90,19,62,81,44,45,3,71,63,343,.384,.426,.314,.667,.473,.442,G,SR
3471,Tre Simmons,864,2004-05,Washington,33,32,864,185,409,105,217,80,192,79,91,59,101,160,52,44,5,67,83,529,.452,.484,.417,.868,.585,.550,G,SR
3472,Zerek Knight,864,2006-07,UT Martin,31,29,864,82,214,69,172,13,42,44,82,40,60,100,83,53,3,93,85,221,.383,.401,.310,.537,.437,.414,G,SR
3473,Brian Lillis,863,2006-07,Albany (NY),33,32,863,80,154,71,130,9,24,59,95,48,114,162,76,48,23,67,97,228,.519,.546,.375,.621,.573,.549,G,JR
3474,David President,863,2003-04,UTSA,33,27,863,64,154,55,111,9,43,33,44,29,75,104,85,55,7,61,71,170,.416,.495,.209,.750,.486,.445,G,JR
3475,Kelvin Torbert,863,2003-04,Michigan State,30,26,863,109,204,78,140,31,64,72,90,38,70,108,60,23,7,42,77,321,.534,.557,.484,.800,.650,.610,G,JR
3476,Luther Head,863,2003-04,Illinois,29,24,863,107,239,58,96,49,143,56,72,25,85,110,75,30,6,45,47,319,.448,.604,.343,.778,.584,.550,G,JR
3477,Marcus Kinzer,863,2003-04,Tulane,28,28,863,99,245,74,176,25,69,61,74,26,75,101,94,44,5,82,57,284,.404,.420,.362,.824,.507,.455,G,JR
3478,Milone Clark,863,2005-06,Tennessee Tech,31,30,863,118,242,93,165,25,77,63,86,52,85,137,36,28,15,66,55,324,.488,.564,.325,.733,.573,.539,G,SR
3479,Rashaun Freeman,863,2005-06,Massachusetts,28,28,863,144,272,144,272,0,0,93,147,107,153,260,36,25,23,76,78,381,.529,.529,,.633,.557,.529,C,JR
3480,Ron Coleman,863,2004-05,Michigan,31,24,863,84,215,45,86,39,129,26,31,31,48,79,33,11,3,43,34,233,.391,.523,.302,.839,.507,.481,F,FR
3481,Scottie Rice,863,2004-05,Elon,31,28,863,113,298,75,179,38,119,63,85,27,62,89,85,52,10,76,81,327,.379,.419,.319,.741,.483,.443,G,JR
3482,Willie Deane,863,2002-03,Purdue,30,30,863,164,393,116,244,48,149,158,202,23,128,151,65,52,7,70,76,534,.417,.475,.322,.782,.546,.478,G,SR
3483,Alexander Oliver,862,2004-05,Alabama State,29,28,862,71,215,47,128,24,87,75,114,30,53,83,59,26,1,68,58,241,.330,.367,.276,.658,.448,.386,G,JR
3484,Andrew Naeve,862,2006-07,Cornell,28,28,862,109,202,109,201,0,1,75,102,61,154,215,34,20,53,63,75,293,.540,.542,.000,.735,.585,.540,C,SR
3485,Bryan Smithson,862,2003-04,Middle Tennessee,29,28,862,74,204,55,150,19,54,67,91,8,62,70,113,37,5,81,52,234,.363,.367,.352,.736,.473,.409,G,FR
3486,Charles Gaines,862,2002-03,Southern Mississippi,29,29,862,150,292,150,292,0,0,137,207,110,168,278,18,26,32,53,67,437,.514,.514,,.662,.560,.514,F,JR
3487,Chris McNaughton,862,2006-07,Bucknell,31,31,862,136,240,134,234,2,6,97,136,52,131,183,37,7,23,91,85,371,.567,.573,.333,.713,.609,.571,C,SR
3488,Dustin Geddis,862,2003-04,Portland,28,27,862,99,232,95,211,4,21,41,60,48,118,166,37,31,24,54,83,243,.427,.450,.190,.683,.466,.435,F,SR
3489,Dwayne Polk,862,2004-05,Saint Louis,30,29,862,57,162,37,86,20,76,40,70,8,61,69,78,34,10,63,51,174,.352,.430,.263,.571,.446,.414,G,FR
3490,Mark Jones,862,2002-03,Dayton,30,29,862,82,213,46,119,36,94,41,62,33,68,101,101,23,3,62,73,241,.385,.387,.383,.661,.497,.469,G,SO
3491,Steve Leven,862,2005-06,Wyoming,32,29,862,116,318,56,142,60,176,81,99,15,44,59,38,33,5,90,79,373,.365,.394,.341,.818,.511,.459,F,JR
3492,Alan Anderson,861,2003-04,Michigan State,30,26,861,78,167,61,119,17,48,70,87,23,70,93,96,29,5,83,84,243,.467,.513,.354,.805,.583,.518,F,JR
3493,B.A. Walker,861,2005-06,VCU,29,28,861,120,292,57,120,63,172,35,46,27,44,71,56,33,5,28,43,338,.411,.475,.366,.761,.538,.519,G,JR
3494,Brian Latham,861,2004-05,Houston,32,21,861,92,239,71,148,21,91,59,93,36,69,105,75,84,17,47,82,264,.385,.480,.231,.634,.466,.429,G,JR
3495,Bucky McMillan,861,2005-06,Birmingham–Southern,28,28,861,61,138,31,68,30,70,37,55,15,51,66,86,23,2,39,57,189,.442,.456,.429,.673,.576,.551,G,JR
3496,Elijah Muldrow,861,2005-06,Little Rock,29,29,861,119,295,75,163,44,132,37,57,9,40,49,66,35,18,47,71,319,.403,.460,.333,.649,.495,.478,G,SR
3497,Gabe Pruitt,861,2006-07,Southern California,26,24,861,104,250,56,113,48,137,68,85,15,58,73,113,47,7,48,56,324,.416,.496,.350,.800,.558,.512,G,JR
3498,Haminn Quaintance,861,2004-05,Jacksonville,27,26,861,133,260,123,230,10,30,91,157,68,173,241,89,58,66,106,67,367,.512,.535,.333,.580,.548,.531,F,SO
3499,James Parlow,861,2005-06,New Orleans,29,24,861,106,277,40,94,66,183,30,44,12,75,87,65,55,4,47,76,308,.383,.426,.361,.682,.517,.502,G,SO
3500,Jared Newson,861,2004-05,UT Martin,27,27,861,135,319,130,292,5,27,141,190,69,115,184,19,43,10,59,60,416,.423,.445,.185,.742,.508,.431,F,JR
3501,Jeremiah King,861,2004-05,Drexel,29,27,861,104,217,65,126,39,91,70,87,15,83,98,83,24,2,59,66,317,.479,.516,.429,.805,.614,.569,G,SR
3502,Kevin Forney,861,2002-03,Duquesne,30,12,861,143,288,111,211,32,77,85,105,20,80,100,64,29,4,99,93,403,.497,.526,.416,.810,.596,.552,G,SR
3503,Kevin Henderson,861,2006-07,UTEP,30,12,861,105,285,46,105,59,180,55,76,62,115,177,85,47,6,55,67,324,.368,.438,.328,.724,.505,.472,G,SR
3504,Marcus Douthit,861,2003-04,Providence,29,29,861,82,184,82,184,0,0,63,82,50,120,170,64,45,92,76,87,227,.446,.446,,.768,.509,.446,C,SR
3505,Mario Moore,861,2003-04,Vanderbilt,33,31,861,132,336,66,154,66,182,41,53,16,72,88,95,46,1,66,37,371,.393,.429,.363,.774,.514,.491,G,SO
3506,Paul Davis,861,2004-05,Michigan State,32,29,861,157,290,156,282,1,8,77,115,88,169,257,50,35,20,64,79,392,.541,.553,.125,.670,.569,.543,C,JR
3507,Peter Thomas,861,2006-07,Richmond,30,30,861,70,132,57,92,13,40,41,62,27,54,81,37,23,3,26,70,194,.530,.620,.325,.661,.601,.580,G,SR
3508,Russell Carter,861,2005-06,Notre Dame,30,28,861,105,232,64,132,41,100,94,138,57,97,154,44,48,9,59,70,345,.453,.485,.410,.681,.580,.541,G,JR
3509,Scott Cutley,861,2006-07,Cal State Fullerton,26,26,861,159,324,141,273,18,51,70,124,80,167,247,68,26,3,83,71,406,.491,.516,.353,.565,.530,.519,F,JR
3510,Torrell Martin,861,2004-05,Winthrop,31,30,861,135,279,64,115,71,164,66,89,41,101,142,59,33,9,57,61,407,.484,.557,.433,.742,.633,.611,G,SO
3511,Varnie Dennis,861,2003-04,Cal Poly,26,24,861,183,371,175,331,8,40,101,138,69,136,205,43,14,24,65,86,475,.493,.529,.200,.732,.544,.504,F,SR
3512,Aaron Bruce,860,2006-07,Baylor,29,29,860,107,258,46,103,61,155,53,66,15,62,77,99,20,3,74,72,328,.415,.447,.394,.803,.567,.533,G,JR
3513,A.D. Vassallo,860,2006-07,Virginia Tech,34,11,860,127,288,61,129,66,159,56,72,21,115,136,30,15,10,44,82,376,.441,.473,.415,.778,.583,.556,G,SO
3514,Adrian Tigert,860,2003-04,Milwaukee,31,31,860,67,114,58,90,9,24,46,68,54,143,197,110,21,6,53,71,189,.588,.644,.375,.676,.646,.627,F,SO
3515,Anthony Tolliver,860,2005-06,Creighton,30,30,860,134,260,118,223,16,37,113,150,74,126,200,43,30,47,58,79,397,.515,.529,.432,.753,.599,.546,C,JR
3516,Bennet Davis,860,2004-05,Northeastern,31,29,860,92,207,77,166,15,41,48,78,61,138,199,27,21,44,60,80,247,.444,.464,.366,.615,.506,.481,F,SO
3517,Carlos Medlock,860,2005-06,Eastern Michigan,28,27,860,101,233,56,126,45,107,75,100,9,48,57,89,50,2,116,90,322,.433,.444,.421,.750,.574,.530,G,FR
3518,Chad Barnes,860,2004-05,New Orleans,30,24,860,97,255,30,78,67,177,31,44,15,90,105,59,16,1,33,42,292,.380,.385,.379,.705,.529,.512,G,JR
3519,Coleman Collins,860,2005-06,Virginia Tech,26,22,860,143,280,143,278,0,2,92,137,73,103,176,15,13,34,40,60,378,.511,.514,.000,.672,.548,.511,F,JR
3520,Courtney Sims,860,2006-07,Michigan,35,29,860,143,251,143,251,0,0,115,159,68,150,218,19,17,46,76,100,401,.570,.570,,.723,.614,.570,F,SR
3521,Hector Romero,860,2002-03,New Orleans,26,26,860,156,351,137,294,19,57,146,195,80,156,236,55,31,36,102,81,477,.444,.466,.333,.749,.538,.472,F,SR
3522,Kevin Warzynski,860,2004-05,Kent State,33,30,860,137,272,121,236,16,36,89,117,57,97,154,33,35,4,49,99,379,.504,.513,.444,.761,.578,.533,F,JR
3523,Kyle Bankhead,860,2002-03,Gonzaga,32,14,860,81,184,25,44,56,140,22,36,21,67,88,67,21,2,23,58,240,.440,.568,.400,.611,.597,.592,G,JR
3524,Markus Austin,860,2003-04,Eastern Michigan,28,28,860,123,280,78,152,45,128,87,135,32,54,86,52,31,8,56,65,378,.439,.513,.352,.644,.549,.520,F,JR
3525,Matt Murrer,860,2006-07,VMI,31,25,860,195,386,132,184,63,202,61,80,61,118,179,30,28,58,41,105,514,.505,.717,.312,.763,.606,.587,F,SR
3526,Patrick Simpson,860,2002-03,SMU,30,24,860,139,268,125,234,14,34,66,95,72,140,212,37,19,45,74,87,358,.519,.534,.412,.695,.572,.545,F,SO
3527,P.J. Couisnard,860,2006-07,Wichita State,29,25,860,121,243,99,180,22,63,79,116,50,117,167,93,37,39,63,72,343,.498,.550,.349,.681,.575,.543,G,JR
3528,Rob Monroe,860,2002-03,Quinnipiac,24,23,860,99,262,44,111,55,151,66,85,11,45,56,104,35,0,62,51,319,.378,.396,.364,.776,.527,.483,G,SO
3529,Ronnell Wooten,860,2006-07,Kennesaw State,30,30,860,152,353,74,114,78,239,60,73,76,87,163,36,37,6,43,64,442,.431,.649,.326,.822,.570,.541,G,JR
3530,Stefan Blaszczynski,860,2005-06,Nicholls State,27,27,860,157,328,131,236,26,92,103,142,58,129,187,57,29,9,76,83,443,.479,.555,.283,.725,.560,.518,G,JR
3531,Tyrone Brazelton,860,2006-07,Western Kentucky,33,33,860,133,303,94,205,39,98,118,170,5,72,77,131,31,0,106,109,423,.439,.459,.398,.694,.551,.503,G,JR
3532,Vince Greene,860,2003-04,Illinois State,29,26,860,82,193,58,119,24,74,62,68,4,55,59,98,41,0,67,60,250,.425,.487,.324,.912,.555,.487,G,JR
3533,Will Funn,860,2003-04,Portland State,26,24,860,66,162,55,133,11,29,58,88,18,79,97,104,49,7,101,70,201,.407,.414,.379,.659,.493,.441,G,JR
3534,Alex Loughton,859,2003-04,Old Dominion,29,28,859,165,338,154,305,11,33,141,178,73,179,252,64,48,17,72,92,482,.488,.505,.333,.792,.570,.504,C,SO
3535,Armondo Surratt,859,2003-04,Miami (FL),30,29,859,66,191,44,127,22,64,13,26,5,42,47,121,36,2,76,70,167,.346,.346,.344,.500,.411,.403,G,SO
3536,Brian Collins,859,2003-04,Belmont,29,22,859,105,242,91,190,14,52,75,122,47,76,123,118,46,11,69,69,299,.434,.479,.269,.615,.498,.463,G,SO
3537,Cedrick Banks,859,2002-03,Illinois–Chicago,26,20,859,193,434,138,288,55,146,53,84,47,83,130,50,31,6,47,55,494,.445,.479,.377,.631,.521,.508,G,SO
3538,Chaun Brooks,859,2004-05,Drake,29,29,859,59,141,54,110,5,31,44,55,22,83,105,98,38,2,56,31,167,.418,.491,.161,.800,.500,.436,G,JR
3539,Cliff Walker,859,2002-03,Jackson State,25,24,859,132,277,126,255,6,22,95,149,52,115,167,34,32,10,57,79,365,.477,.494,.273,.638,.525,.487,F,SR
3540,Cory Ryan,859,2002-03,Bowling Green,29,14,859,84,218,50,100,34,118,57,80,15,76,91,67,46,8,46,90,259,.385,.500,.288,.713,.506,.463,G,SR
3541,Darrel Owens,859,2005-06,Georgetown,32,0,859,92,194,42,62,50,132,29,34,29,60,89,73,37,4,28,52,263,.474,.677,.379,.853,.626,.603,F,SR
3542,Gabe Pruitt,859,2005-06,Southern California,25,25,859,130,312,62,133,68,179,94,117,14,87,101,78,55,7,67,53,422,.417,.466,.380,.803,.574,.526,G,SO
3543,Glen Worley,859,2002-03,Iowa,31,26,859,115,258,99,217,16,41,93,129,60,101,161,47,22,34,89,119,339,.446,.456,.390,.721,.531,.477,F,JR
3544,Marcelus Kemp,859,2005-06,Nevada,33,18,859,178,385,126,240,52,145,86,101,26,81,107,44,15,8,60,63,494,.462,.525,.359,.851,.570,.530,G,SO
3545,Mario Chalmers,859,2005-06,Kansas,33,21,859,121,272,73,144,48,128,89,113,8,66,74,127,89,5,93,75,379,.445,.507,.375,.788,.582,.533,G,FR
3546,Marquel Timmons,859,2002-03,Texas Southern,31,27,859,66,171,28,61,38,110,37,47,14,76,90,102,30,5,48,63,207,.386,.459,.345,.787,.535,.497,G,SR
3547,Ramon Dyer,859,2005-06,Houston,31,27,859,139,304,73,129,66,175,32,53,58,132,190,19,55,33,19,61,376,.457,.566,.377,.604,.571,.566,F,SR
3548,Reggie Borges,859,2002-03,Oral Roberts,28,28,859,175,347,168,318,7,29,147,197,67,123,190,42,26,7,72,71,504,.504,.528,.241,.746,.572,.514,F,SR
3549,Stefan Blaszczynski,859,2006-07,Nicholls State,24,23,859,149,327,108,210,41,117,121,155,60,108,168,77,31,6,74,75,460,.456,.514,.350,.781,.574,.518,G,SR
3550,Tim Blackwell,859,2004-05,Kansas City,24,23,859,75,171,25,58,50,113,43,49,13,56,69,52,16,4,43,40,243,.439,.431,.442,.878,.625,.585,G,FR
3551,Tyler Herr,859,2003-04,St. Mary's (CA),31,28,859,84,204,12,24,72,180,11,15,9,69,78,36,22,10,24,37,251,.412,.500,.400,.733,.594,.588,G,SR
3552,Vince Oliver,859,2006-07,UC Davis,28,24,859,121,304,87,192,34,112,80,90,22,87,109,62,18,1,80,41,356,.398,.453,.304,.889,.513,.454,G,SO
3553,Will Whittington,859,2004-05,Marist,28,22,859,135,296,38,99,97,197,83,103,14,55,69,67,28,2,60,58,450,.456,.384,.492,.806,.652,.620,G,SO
3554,Willie Taylor,859,2002-03,VCU,28,27,859,164,333,105,190,59,143,96,121,16,100,116,34,22,23,51,62,483,.492,.553,.413,.793,.618,.581,F,SR
3555,Alex Bausley,858,2005-06,Sacramento State,30,29,858,156,312,122,214,34,98,61,114,52,105,157,56,64,15,58,97,407,.500,.570,.347,.535,.556,.554,F,JR
3556,Anthony Harris,858,2004-05,Miami (FL),29,28,858,129,338,77,181,52,157,49,70,16,56,72,133,13,2,87,55,359,.382,.425,.331,.700,.484,.459,G,SO
3557,Corey Herring,858,2006-07,Canisius,28,23,858,115,273,70,147,45,126,41,52,31,76,107,47,25,4,90,76,316,.421,.476,.357,.788,.531,.504,G,SR
3558,David Moss,858,2003-04,Indiana State,25,25,858,116,281,87,199,29,82,80,101,21,93,114,88,40,15,58,56,341,.413,.437,.354,.792,.518,.464,G,SO
3559,Eddie Harper,858,2003-04,Samford,28,27,858,112,227,68,100,44,127,71,95,32,93,125,53,29,17,41,43,339,.493,.680,.346,.747,.623,.590,G,SR
3560,Ian Hanavan,858,2002-03,Evansville,28,28,858,151,276,136,236,15,40,140,175,60,144,204,74,30,11,88,86,457,.547,.576,.375,.800,.636,.574,F,SR
3561,Jason Thompson,858,2005-06,Rider,27,26,858,159,291,152,270,7,21,123,175,78,148,226,43,24,48,80,86,448,.546,.563,.333,.703,.599,.558,C,SO
3562,Kyle Brucculeri,858,2005-06,UC Davis,28,25,858,97,238,34,87,63,151,48,63,23,77,100,27,20,19,48,87,305,.408,.391,.417,.762,.569,.540,F,FR
3563,Kyle Young,858,2006-07,Middle Tennessee,32,26,858,101,173,101,173,0,0,34,66,66,95,161,26,4,15,36,63,236,.584,.584,,.515,.577,.584,F,SR
3564,Marcus Hall,858,2004-05,Colorado,29,21,858,118,287,80,165,38,122,50,72,13,62,75,126,29,9,67,46,324,.411,.485,.311,.694,.504,.477,G,SO
3565,Marcus Robinson,858,2003-04,Florida International,27,24,858,86,231,40,101,46,130,55,78,15,42,57,41,21,3,101,68,273,.372,.396,.354,.705,.509,.472,G,JR
3566,Mike Popoko,858,2004-05,Stony Brook,29,29,858,92,201,61,128,31,73,59,98,58,93,151,31,16,14,41,78,274,.458,.477,.425,.602,.553,.535,F,SO
3567,Ramon Kelly,858,2004-05,Morehead State,27,19,858,62,133,54,104,8,29,81,94,24,87,111,78,28,1,67,54,213,.466,.519,.276,.862,.599,.496,G,SR
3568,Adam Gonzalez,857,2005-06,Quinnipiac,28,21,857,99,217,72,138,27,79,70,87,22,80,102,109,31,7,64,63,295,.456,.522,.342,.805,.571,.518,G,JR
3569,Adrian Joseph,857,2005-06,Virginia,30,19,857,103,256,57,120,46,136,31,42,32,102,134,16,11,19,45,46,283,.402,.475,.338,.738,.513,.492,F,SO
3570,David Palmer,857,2003-04,Southern Utah,27,27,857,134,268,72,143,62,125,86,107,25,73,98,35,27,12,70,72,416,.500,.503,.496,.804,.652,.616,F,SR
3571,Davor Duvancic,857,2003-04,Northwestern,29,13,857,67,149,47,88,20,61,28,45,14,67,81,65,16,8,43,78,182,.450,.534,.328,.622,.534,.517,F,JR
3572,DeAngelo Newsom,857,2004-05,Southern Utah,28,28,857,128,255,126,245,2,10,73,122,79,118,197,43,65,16,62,85,331,.502,.514,.200,.598,.529,.506,F,SR
3573,Edgar Sosa,857,2006-07,Louisville,34,32,857,128,309,80,170,48,139,84,119,15,55,70,89,44,5,66,94,388,.414,.471,.345,.706,.531,.492,G,FR
3574,Elijah Warren,857,2002-03,Detroit Mercy,30,29,857,122,258,76,139,46,119,51,69,64,83,147,56,20,9,39,78,341,.473,.547,.387,.739,.586,.562,F,JR
3575,Frank Bennett,857,2003-04,Georgia Southern,29,25,857,163,276,156,260,7,16,111,164,65,122,187,16,25,19,57,84,444,.591,.600,.438,.677,.627,.603,F,SR
3576,Jerome Rogers,857,2003-04,North Texas,28,18,857,87,233,40,103,47,130,68,89,8,66,74,69,29,1,57,50,289,.373,.388,.362,.764,.525,.474,G,SR
3577,Joah Tucker,857,2003-04,Milwaukee,31,31,857,145,293,137,274,8,19,91,137,72,76,148,64,18,7,90,89,389,.495,.500,.421,.664,.543,.509,F,SO
3578,Jon Sheets,857,2005-06,Maine,28,28,857,85,239,19,66,66,173,26,37,8,68,76,79,36,0,75,60,262,.356,.288,.382,.703,.511,.494,G,JR
3579,Josh Peppers,857,2004-05,Central Florida,32,22,857,143,315,85,159,58,156,76,100,28,78,106,56,21,22,66,77,420,.454,.535,.372,.760,.579,.546,F,SO
3580,Kevin Hammack,857,2004-05,The Citadel,28,24,857,108,276,79,187,29,89,95,127,15,66,81,90,56,8,107,63,340,.391,.422,.326,.748,.505,.444,G,JR
3581,Kevin Rogus,857,2003-04,Harvard,27,27,857,107,334,33,118,74,216,109,135,26,59,85,23,33,2,49,64,397,.320,.280,.343,.807,.499,.431,G,JR
3582,Mike Schachtner,857,2005-06,Green Bay,31,30,857,117,254,88,178,29,76,57,72,50,86,136,17,10,2,39,90,320,.461,.494,.382,.792,.555,.518,F,FR
3583,Nick George,857,2005-06,VCU,29,29,857,167,357,115,246,52,111,105,147,44,103,147,37,37,4,86,38,491,.468,.467,.468,.714,.575,.541,F,SR
3584,Tack Minor,857,2004-05,Louisiana State,30,30,857,114,304,76,177,38,127,58,86,29,89,118,137,41,3,108,60,324,.375,.429,.299,.674,.470,.438,G,SO
3585,Terrance Hunter,857,2003-04,Delaware State,28,25,857,116,236,93,159,23,77,85,113,37,106,143,27,26,21,50,49,340,.492,.585,.299,.752,.587,.540,F,JR
3586,William Durden,857,2004-05,Austin Peay,32,27,857,97,203,95,189,2,14,73,111,71,109,180,17,21,4,50,104,269,.478,.503,.143,.658,.526,.483,F,SR
3587,Zack Graber,857,2003-04,Little Rock,29,29,857,23,72,12,32,11,40,43,56,7,63,70,118,40,2,50,62,100,.319,.375,.275,.768,.507,.396,G,JR
3588,Armond Williams,856,2002-03,Illinois–Chicago,30,28,856,168,263,168,262,0,1,71,132,79,150,229,31,40,23,55,92,407,.639,.641,.000,.538,.625,.639,F,SO
3589,Branden Miller,856,2004-05,Montana State,28,27,856,123,324,57,117,66,207,30,37,16,86,102,86,31,1,75,47,342,.380,.487,.319,.811,.501,.481,G,JR
3590,Charles Brown,856,2003-04,Loyola Marymount,29,23,856,124,323,85,197,39,126,47,59,9,67,76,111,58,5,106,65,334,.384,.431,.310,.797,.476,.444,G,JR
3591,Chris Lutz,856,2005-06,Purdue,28,24,856,87,233,34,81,53,152,30,39,7,56,63,47,17,5,71,75,257,.373,.420,.349,.769,.511,.487,G,FR
3592,Darryl Dora,856,2005-06,Texas Tech,30,26,856,87,199,69,142,18,57,35,41,34,103,137,89,9,17,58,91,227,.437,.486,.316,.854,.520,.482,F,JR
3593,DeWitt Maxwell,856,2003-04,Fairfield,30,26,856,126,252,123,228,3,24,72,107,77,70,147,55,25,19,30,80,327,.500,.539,.125,.673,.540,.506,G,SO
3594,Errick Craven,856,2002-03,Southern California,29,26,856,144,354,119,258,25,96,64,97,57,96,153,75,73,7,78,88,377,.407,.461,.260,.660,.471,.442,G,SO
3595,Jai Lewis,856,2004-05,George Mason,29,29,856,143,287,141,280,2,7,88,123,87,131,218,56,40,31,45,86,376,.498,.504,.286,.715,.544,.502,F,JR
3596,Jamaal Jenkins,856,2004-05,Weber State,29,20,856,60,124,57,106,3,18,26,31,12,52,64,95,12,0,62,63,149,.484,.538,.167,.839,.537,.496,G,JR
3597,John Goldsberry,856,2002-03,UNC Wilmington,31,27,856,44,100,17,37,27,63,36,50,19,62,81,105,55,3,37,87,151,.440,.459,.429,.720,.610,.575,G,FR
3598,Kendrick Davis,856,2005-06,North Texas,28,28,856,159,390,99,218,60,172,91,116,16,59,75,68,42,1,68,68,469,.408,.454,.349,.784,.527,.485,G,JR
3599,Rashad McCants,856,2004-05,North Carolina,33,30,856,183,374,112,206,71,168,91,126,27,72,99,88,43,22,63,80,528,.489,.544,.423,.722,.609,.584,G,JR
3600,Roger Powell Jr.,856,2003-04,Illinois,32,31,856,150,252,146,240,4,12,67,105,75,85,160,22,21,14,40,78,371,.595,.608,.333,.638,.614,.603,F,JR
3601,Shawn Hopes,856,2006-07,Oakland,33,33,856,155,288,155,288,0,0,96,134,89,78,167,22,28,9,56,87,406,.538,.538,,.716,.577,.538,C,SR
3602,Stanes Bufford,856,2005-06,Western Michigan,31,30,856,106,247,97,213,9,34,79,117,36,61,97,24,36,7,74,73,300,.429,.455,.265,.675,.496,.447,F,SR
3603,Steve Danley,856,2005-06,Pennsylvania,28,28,856,79,174,76,160,3,14,87,128,45,97,142,84,24,25,62,79,248,.454,.475,.214,.680,.528,.463,F,JR
3604,Steve Williams,856,2004-05,UC Riverside,28,28,856,100,236,75,161,25,75,46,59,37,110,147,74,24,7,73,81,271,.424,.466,.333,.780,.513,.477,G,JR
3605,Tim Johnson,856,2003-04,Southern,28,28,856,134,308,96,195,38,113,74,100,42,80,122,57,31,13,56,80,380,.435,.492,.336,.740,.534,.497,G,SR
3606,Andy Robinson,855,2006-07,Buffalo,31,29,855,107,266,68,146,39,120,65,101,25,65,90,53,55,10,71,84,318,.402,.466,.325,.644,.506,.476,G,SO
3607,Bobby Santiago,855,2002-03,Stony Brook,27,22,855,79,199,47,104,32,95,65,94,14,61,75,97,30,1,69,43,255,.397,.452,.337,.691,.523,.477,G,FR
3608,Brad Boyd,855,2003-04,Louisiana–Lafayette,29,21,855,108,303,15,40,93,263,35,43,7,38,45,104,24,2,51,45,344,.356,.375,.354,.814,.532,.510,G,SR
3609,Brenton Butler,855,2006-07,Fordham,30,0,855,99,244,50,130,49,114,37,59,17,59,76,56,22,4,56,62,284,.406,.385,.430,.627,.522,.506,G,FR
3610,Brian Randle,855,2005-06,Illinois,32,32,855,109,210,103,176,6,34,48,81,77,96,173,47,26,17,43,104,272,.519,.585,.176,.593,.547,.533,F,SO
3611,Isaiah Allen,855,2006-07,UTSA,29,28,855,92,270,43,118,49,152,68,91,14,61,75,25,26,2,67,95,301,.341,.364,.322,.747,.480,.431,G,JR
3612,Jamaal Wise,855,2005-06,Rhode Island,28,28,855,106,241,102,227,4,14,78,124,61,105,166,38,23,8,40,50,294,.440,.449,.286,.629,.490,.448,F,SR
3613,Jeff Granger,855,2003-04,Hampton,30,26,855,127,343,54,142,73,201,123,150,30,72,102,38,45,1,58,82,450,.370,.380,.363,.820,.543,.477,G,SO
3614,Jermaine Harper,855,2005-06,Cal State Fullerton,29,27,855,93,232,33,78,60,154,32,41,40,49,89,57,13,1,46,70,278,.401,.423,.390,.780,.553,.530,G,SR
3615,Kevin Roberts,855,2002-03,Long Beach State,27,26,855,119,273,103,220,16,53,78,110,58,105,163,44,25,16,69,76,332,.436,.468,.302,.709,.510,.465,F,JR
3616,Kevin Roberts,855,2003-04,Long Beach State,27,27,855,160,350,148,310,12,40,92,143,68,105,173,46,14,7,65,72,424,.457,.477,.300,.643,.507,.474,F,SR
3617,Rand Janes,855,2005-06,Southern Utah,29,26,855,85,216,26,65,59,151,12,16,11,75,86,76,30,5,52,63,241,.394,.400,.391,.750,.539,.530,F,SR
3618,Ronnie Taylor,855,2003-04,UNC Greensboro,27,26,855,93,223,73,156,20,67,47,61,12,83,95,139,29,5,72,63,253,.417,.468,.299,.770,.502,.462,G,SR
3619,Sam Hinnant,855,2005-06,East Carolina,28,28,855,92,259,42,105,50,154,51,72,19,62,81,54,14,1,43,47,285,.355,.400,.325,.708,.486,.452,G,FR
3620,Sammy Villegas,855,2002-03,Toledo,29,29,855,106,271,38,87,68,184,33,40,8,71,79,105,39,4,89,67,313,.391,.437,.370,.825,.540,.517,G,FR
3621,Scott Emerson,855,2002-03,Mercer,28,28,855,164,282,141,223,23,59,72,120,86,169,255,55,21,19,77,79,423,.582,.632,.390,.600,.624,.622,F,JR
3622,Sefton Barrett,855,2005-06,Central Michigan,27,26,855,127,279,115,232,12,47,101,155,76,100,176,33,37,42,99,94,367,.455,.496,.255,.652,.520,.477,F,JR
3623,Stuart Creason,855,2006-07,Colorado State,30,27,855,118,176,118,176,0,0,71,102,48,117,165,29,11,64,62,94,307,.670,.670,,.696,.684,.670,C,JR
3624,Tony Carter,855,2004-05,Furman,29,25,855,85,189,44,85,41,104,55,85,25,61,86,90,48,2,70,63,266,.450,.518,.394,.647,.580,.558,G,JR
3625,Adoyah Miller,854,2006-07,Loyola Marymount,31,21,854,114,309,41,120,73,189,61,86,21,65,86,56,20,9,81,74,362,.369,.342,.386,.709,.517,.487,G,SR
3626,Andre Brown,854,2002-03,DePaul,28,18,854,100,216,100,216,0,0,63,111,90,162,252,15,15,14,48,62,263,.463,.463,,.568,.489,.463,F,JR
3627,Andre Williams,854,2002-03,Oklahoma State,32,28,854,58,119,58,119,0,0,25,75,69,111,180,18,26,85,42,119,141,.487,.487,,.333,.456,.487,F,SR
3628,Coric Riggs,854,2005-06,Weber State,27,26,854,149,319,132,259,17,60,87,111,64,118,182,21,18,15,43,66,402,.467,.510,.283,.784,.541,.494,F,SR
3629,Devon Austin,854,2006-07,Manhattan,28,22,854,119,288,75,156,44,132,65,81,69,73,142,24,23,26,56,80,347,.413,.481,.333,.802,.531,.490,G,SO
3630,Henry Dugat,854,2006-07,Baylor,31,20,854,125,264,69,126,56,138,58,77,49,82,131,68,36,7,67,78,364,.473,.548,.406,.753,.606,.580,G,SO
3631,Jerome Coleman,854,2002-03,Rutgers,28,27,854,151,432,79,188,72,244,75,101,37,63,100,50,52,1,59,77,449,.350,.420,.295,.743,.468,.433,G,SR
3632,J.J. Montgomery,854,2004-05,Arkansas State,27,25,854,150,312,139,273,11,39,135,180,72,73,145,30,36,4,49,40,446,.481,.509,.282,.750,.561,.498,G,SR
3633,J.R. Giddens,854,2003-04,Kansas,33,29,854,141,297,67,115,74,182,18,27,19,100,119,28,24,20,37,69,374,.475,.583,.407,.667,.604,.599,G,FR
3634,Julian Terrell,854,2005-06,Vanderbilt,30,30,854,124,240,124,240,0,0,68,108,75,142,217,54,26,36,51,91,316,.517,.517,,.630,.542,.517,F,SR
3635,Juma Kamara,854,2006-07,Portland State,32,31,854,142,310,73,139,69,171,49,63,40,88,128,31,18,15,34,83,402,.458,.525,.404,.778,.591,.569,F,SR
3636,Justin Burns,854,2006-07,Cal State Fullerton,30,29,854,127,276,126,274,1,2,60,110,77,124,201,41,23,24,74,85,315,.460,.460,.500,.545,.480,.462,F,SR
3637,Lawrence Hamm,854,2002-03,Towson,28,26,854,96,235,91,220,5,15,48,67,59,98,157,39,16,13,53,55,245,.409,.414,.333,.716,.459,.419,F,FR
3638,Rajon Rondo,854,2004-05,Kentucky,34,34,854,102,200,92,167,10,33,60,103,20,77,97,118,87,8,69,63,274,.510,.551,.303,.583,.550,.535,G,FR
3639,Scott Greenman,854,2003-04,Princeton,28,28,854,76,169,34,52,42,117,31,37,8,45,53,48,26,3,26,59,225,.450,.654,.359,.838,.603,.574,G,SO
3640,Sean O'Keefe,854,2002-03,Army,27,27,854,81,204,40,87,41,117,48,60,18,91,109,73,33,6,68,67,251,.397,.460,.350,.800,.540,.498,G,JR
3641,Taylor Rochestie,854,2004-05,Tulane,28,25,854,106,255,65,136,41,119,51,65,29,65,94,103,35,2,77,59,304,.416,.478,.345,.785,.532,.496,G,FR
3642,Tim Frost,854,2002-03,Utah,33,32,854,156,324,127,257,29,67,82,113,60,101,161,34,18,26,42,87,423,.481,.494,.433,.726,.560,.526,C,JR
3643,Troy Hailey,854,2005-06,Binghamton,29,27,854,79,254,37,103,42,151,50,71,16,62,78,46,31,6,54,73,250,.311,.359,.278,.704,.434,.394,G,JR
3644,Waitari Marsh,854,2002-03,Tulane,27,25,854,146,325,106,210,40,115,63,81,27,86,113,89,36,7,73,70,395,.449,.505,.348,.778,.543,.511,G,SR
3645,Attarius Norwood,853,2003-04,Mississippi Valley State,29,25,853,145,414,73,195,72,219,54,72,43,103,146,23,24,20,42,72,416,.350,.374,.329,.750,.464,.437,C,SR
3646,Bobby Frasor,853,2005-06,North Carolina,31,31,853,68,182,41,95,27,87,34,44,12,57,69,136,29,7,75,45,197,.374,.432,.310,.773,.485,.448,G,FR
3647,Cedric McGowan,853,2006-07,Cincinnati,30,24,853,95,214,84,165,11,49,46,61,56,97,153,29,18,15,50,75,247,.444,.509,.224,.754,.508,.470,F,SR
3648,Chris Devine,853,2005-06,UC Santa Barbara,29,29,853,135,244,130,228,5,16,80,103,68,103,171,38,31,6,62,85,355,.553,.570,.313,.777,.606,.564,F,FR
3649,Darnell Wilson,853,2004-05,Canisius,29,29,853,137,273,135,262,2,11,51,89,85,105,190,41,37,43,61,105,327,.502,.515,.182,.573,.519,.505,F,SO
3650,Elijah Ingram,853,2006-07,New Mexico State,32,16,853,97,247,27,82,70,165,74,88,9,60,69,81,20,1,105,44,338,.393,.329,.424,.841,.585,.534,G,SR
3651,Ian Crosswhite,853,2003-04,Oregon,31,30,853,131,233,125,204,6,29,121,159,57,99,156,56,22,23,83,104,389,.562,.613,.207,.761,.630,.575,F,SO
3652,Jerel McNeal,853,2005-06,Marquette,31,31,853,138,312,125,266,13,46,54,72,40,100,140,85,64,14,117,77,343,.442,.470,.283,.750,.495,.463,G,FR
3653,Jeremy Monceaux,853,2002-03,Liberty,29,26,853,75,201,43,105,32,96,72,85,12,43,55,72,32,0,91,83,254,.373,.410,.333,.847,.526,.453,G,FR
3654,Jerrid Campbell,853,2002-03,Southern,29,24,853,126,260,126,260,0,0,62,85,92,139,231,30,30,37,58,88,314,.485,.485,,.729,.523,.485,C,SO
3655,Kenneth Willingham,853,2005-06,SMU,29,28,853,87,239,41,113,46,126,59,77,8,56,64,76,33,0,64,33,279,.364,.363,.365,.766,.506,.460,G,SO
3656,Kyle Cieplicki,853,2005-06,Vermont,27,25,853,69,177,30,80,39,97,53,66,11,61,72,56,19,0,62,73,230,.390,.375,.402,.803,.552,.500,G,SO
3657,Manny Quezada,853,2006-07,San Francisco,31,20,853,132,306,85,180,47,126,97,120,22,86,108,93,37,3,95,57,408,.431,.472,.373,.808,.562,.508,G,SO
3658,Mike St. John,853,2004-05,La Salle,29,28,853,70,163,52,98,18,65,32,57,55,104,159,39,21,7,35,89,190,.429,.531,.277,.561,.500,.485,F,SO
3659,Rasheed Wright,853,2002-03,Old Dominion,27,26,853,125,298,69,154,56,144,97,124,42,104,146,40,50,7,38,69,403,.419,.448,.389,.782,.565,.513,F,SR
3660,Skip Mills,853,2006-07,Ball State,27,22,853,122,303,92,203,30,100,96,123,47,78,125,41,46,2,58,71,370,.403,.453,.300,.780,.512,.452,F,SR
3661,Steve Danley,853,2006-07,Pennsylvania,31,31,853,83,172,74,140,9,32,96,143,42,101,143,62,20,28,50,96,271,.483,.529,.281,.671,.565,.509,F,SR
3662,Terrance Chapman,853,2004-05,Ball State,27,27,853,135,325,129,286,6,39,104,181,93,160,253,41,22,12,79,61,380,.415,.451,.154,.575,.462,.425,F,SR
3663,Terrance Green,853,2002-03,Nevada,32,6,853,130,314,65,133,65,181,101,128,27,81,108,65,15,4,48,60,426,.414,.489,.359,.789,.568,.518,G,SR
3664,Aaron Wellington,852,2003-04,Maryland Eastern Shore,29,24,852,106,302,40,113,66,189,48,60,18,64,82,54,26,1,57,71,326,.351,.354,.349,.800,.493,.460,G,SO
3665,Andre' Ratliff,852,2006-07,Grambling State,24,22,852,126,347,51,141,75,206,66,96,8,44,52,94,22,2,82,40,393,.363,.362,.364,.688,.501,.471,G,JR
3666,Antoine Wright,852,2003-04,Texas A&M,28,26,852,130,353,83,195,47,158,72,115,37,79,116,65,24,8,60,68,379,.368,.426,.297,.626,.465,.435,F,SO
3667,Arturas Valeika,852,2006-07,Weber State,32,32,852,92,159,84,136,8,23,65,97,69,138,207,33,22,17,57,91,257,.579,.618,.348,.670,.627,.604,C,JR
3668,Brandon Ellerbee,852,2003-04,Marist,28,26,852,95,272,40,109,55,163,20,37,12,41,53,87,40,2,50,49,265,.349,.367,.337,.541,.458,.450,G,JR
3669,Brian Henderson,852,2005-06,Old Dominion,34,30,852,73,173,28,59,45,114,13,19,19,74,93,65,20,9,26,62,204,.422,.475,.395,.684,.560,.552,F,SO
3670,Cedric Jackson,852,2006-07,Troy,30,30,852,124,302,89,186,35,116,47,52,70,113,183,25,13,9,46,74,330,.411,.478,.302,.904,.505,.469,F,SR
3671,Delmar Wilson,852,2003-04,Mercer,25,25,852,114,277,70,164,44,113,63,85,44,117,161,49,38,3,79,45,335,.412,.427,.389,.741,.528,.491,F,SR
3672,Devin Smith,852,2002-03,Virginia,32,23,852,129,317,65,151,64,166,50,69,34,100,134,43,19,25,67,73,372,.407,.430,.386,.725,.532,.508,F,SO
3673,Jerome Habel,852,2006-07,San Diego State,29,22,852,137,230,137,229,0,1,41,78,66,115,181,24,18,41,48,65,315,.596,.598,.000,.526,.590,.596,F,JR
3674,Landon Quick,852,2006-07,High Point,32,32,852,90,194,84,174,6,20,77,107,26,87,113,123,36,4,89,76,263,.464,.483,.300,.720,.537,.479,G,SR
3675,Marcus Jackson,852,2004-05,Marquette,31,29,852,38,78,38,78,0,0,26,70,106,156,262,63,16,40,45,86,102,.487,.487,,.371,.458,.487,F,SR
3676,Mitchell Baldwin,852,2004-05,Charlotte,28,28,852,66,141,59,111,7,30,72,93,22,60,82,107,36,2,45,43,211,.468,.532,.233,.774,.570,.493,G,JR
3677,Noah Savage,852,2005-06,Princeton,27,27,852,85,229,32,87,53,142,47,64,6,71,77,32,17,6,45,74,270,.371,.368,.373,.734,.520,.487,F,SO
3678,Steven Thomas,852,2004-05,UT Arlington,28,28,852,153,258,153,257,0,1,173,237,71,150,221,40,26,20,86,72,479,.593,.595,.000,.730,.646,.593,F,JR
3679,Zlatko Savovic,852,2002-03,Lehigh,27,26,852,145,342,115,243,30,99,75,108,14,97,111,111,40,3,89,63,395,.424,.473,.303,.694,.502,.468,G,SR
3680,Akeim Claborn,851,2005-06,Alabama State,30,30,851,150,292,129,224,21,68,121,197,83,143,226,34,24,22,57,113,442,.514,.576,.309,.614,.573,.550,F,SR
3681,Alex Dunn,851,2004-05,Wyoming,28,28,851,91,204,91,203,0,1,83,128,86,155,241,25,22,23,63,90,265,.446,.448,.000,.648,.500,.446,C,SR
3682,Amien Hicks,851,2002-03,Morris Brown,24,24,851,89,140,89,140,0,0,23,75,,,298,29,37,30,,,201,.636,.636,,.307,.572,.636,F,SR
3683,Bobby Catchings,851,2006-07,Eastern Illinois,30,28,851,102,255,79,181,23,74,76,106,41,112,153,41,12,12,69,100,303,.400,.436,.311,.717,.496,.445,G,JR
3684,Branduinn Fullove,851,2002-03,UC Santa Barbara,30,29,851,139,300,86,172,53,128,108,129,22,89,111,53,14,4,59,65,439,.463,.500,.414,.837,.608,.552,G,JR
3685,Craig Moore,851,2006-07,Northwestern,31,25,851,83,226,24,46,59,180,26,35,16,40,56,63,27,4,37,53,251,.367,.522,.328,.743,.517,.498,G,SO
3686,Dante Terry,851,2003-04,The Citadel,28,27,851,116,339,53,134,63,205,21,36,15,48,63,47,29,3,67,65,316,.342,.396,.307,.583,.444,.435,G,SO
3687,Darryl Hudson,851,2004-05,Howard,28,24,851,85,212,79,182,6,30,83,121,59,89,148,35,34,6,58,71,259,.401,.434,.200,.686,.481,.415,F,SO
3688,David Lee,851,2003-04,Florida,31,30,851,150,255,150,253,0,2,112,145,69,143,212,88,35,16,64,83,412,.588,.593,.000,.772,.636,.588,F,JR
3689,Jermaine Wallace,851,2004-05,Northwestern State,32,32,851,134,323,80,169,54,154,58,72,48,64,112,38,26,7,50,50,380,.415,.473,.351,.806,.532,.498,G,JR
3690,Jhamar Youngblood,851,2006-07,Monmouth,30,20,851,136,259,113,207,23,52,74,106,38,68,106,61,51,5,93,80,369,.525,.546,.442,.698,.596,.569,G,FR
3691,Jibrahn Ike,851,2002-03,Little Rock,30,30,851,129,292,83,175,46,117,101,122,18,83,101,45,44,3,79,55,405,.442,.474,.393,.828,.579,.521,G,SR
3692,Jonas Hayes,851,2003-04,Georgia,30,29,851,132,258,131,253,1,5,92,140,68,90,158,30,25,4,54,82,357,.512,.518,.200,.657,.550,.514,F,SR
3693,J.R. Pinnock,851,2004-05,George Washington,29,10,851,152,308,138,257,14,51,72,94,54,93,147,62,45,16,57,68,390,.494,.537,.275,.766,.553,.516,G,SO
3694,Matt Gibson,851,2006-07,Hawaii,31,30,851,107,241,63,119,44,122,59,77,27,115,142,107,52,4,95,91,317,.444,.529,.361,.766,.571,.535,G,JR
3695,Matt Kline,851,2004-05,Northern Colorado,29,27,851,97,267,48,128,49,139,43,56,18,42,60,86,32,0,69,60,286,.363,.375,.353,.768,.487,.455,G,SO
3696,Monty Wright,851,2002-03,Marshall,29,26,851,92,200,71,129,21,71,66,81,25,68,93,69,37,21,60,65,271,.460,.550,.296,.815,.568,.513,G,SR
3697,Rashaun Freeman,851,2003-04,Massachusetts,29,28,851,173,315,173,314,0,1,100,163,91,156,247,27,22,14,84,84,446,.549,.551,.000,.613,.568,.549,C,FR
3698,Ross Neltner,851,2006-07,Vanderbilt,34,33,851,117,221,106,193,11,28,69,98,54,139,193,74,29,17,53,97,314,.529,.549,.393,.704,.587,.554,F,JR
3699,Sundiata Gaines,851,2005-06,Georgia,30,30,851,110,244,96,190,14,54,74,122,60,94,154,101,60,6,74,51,308,.451,.505,.259,.607,.510,.480,G,SO
3700,Thomas Harrison,851,2004-05,Charleston Southern,30,23,851,92,224,72,168,20,56,44,80,24,93,117,45,40,8,56,95,248,.411,.429,.357,.550,.473,.455,G,JR
3701,Tony Carter,851,2005-06,Furman,28,28,851,66,170,35,77,31,93,40,51,41,78,119,108,44,2,46,44,203,.388,.455,.333,.784,.523,.479,G,SR
3702,Trey Stanton,851,2006-07,Navy,30,29,851,81,215,44,109,37,106,40,51,26,90,116,33,20,24,48,90,239,.377,.404,.349,.784,.500,.463,C,FR
3703,Aaron Nixon,850,2005-06,Long Beach State,29,26,850,152,349,116,228,36,121,86,132,36,103,139,82,33,12,81,76,426,.436,.509,.298,.652,.517,.487,G,JR
3704,Alex Gamboa,850,2004-05,Yale,27,26,850,83,207,37,86,46,121,59,79,7,66,73,83,40,1,66,77,271,.401,.430,.380,.747,.554,.512,G,SR
3705,Boubacar Coly,850,2006-07,Morgan State,31,30,850,95,177,95,176,0,1,63,85,81,159,240,22,25,36,74,110,253,.537,.540,.000,.741,.582,.537,F,JR
3706,Cecil Brown,850,2005-06,UC Santa Barbara,28,27,850,132,314,90,189,42,125,62,79,25,79,104,63,21,3,55,43,368,.420,.476,.336,.785,.523,.487,G,JR
3707,Cedric Bozeman,850,2005-06,UCLA,31,30,850,84,168,62,112,22,56,45,58,22,79,101,71,27,2,54,47,235,.500,.554,.393,.776,.601,.565,G,SR
3708,Donald Wilson,850,2003-04,Portland,28,28,850,127,279,113,245,14,34,90,123,37,94,131,65,39,5,57,74,358,.455,.461,.412,.732,.530,.480,G,SO
3709,Eddie Basden,850,2003-04,Charlotte,30,24,850,105,196,89,154,16,42,87,135,72,120,192,93,68,3,68,65,313,.536,.578,.381,.644,.602,.577,G,JR
3710,Francisco Garcia,850,2003-04,Louisville,28,27,850,149,345,97,185,52,160,110,138,32,95,127,131,52,38,79,77,460,.432,.524,.325,.797,.560,.507,F,SO
3711,Jamaal Brown,850,2004-05,Cal State Fullerton,27,27,850,141,284,134,259,7,25,46,70,75,131,206,31,15,9,43,67,335,.496,.517,.280,.657,.528,.509,F,JR
3712,Jamar Howard,850,2004-05,Wichita State,32,31,850,124,233,123,217,1,16,128,213,67,119,186,65,32,21,81,102,377,.532,.567,.063,.601,.564,.534,F,SR
3713,Jeff Halbert,850,2002-03,Ohio,30,21,850,69,143,41,73,28,70,45,57,34,72,106,65,21,6,46,58,211,.483,.562,.400,.789,.620,.580,F,FR
3714,Jesse Pellot-Rosa,850,2005-06,VCU,29,26,850,92,212,64,126,28,86,55,66,64,84,148,56,48,9,42,56,267,.434,.508,.326,.833,.549,.500,G,JR
3715,Kejuan Johnson,850,2006-07,Long Beach State,26,25,850,132,326,72,168,60,158,83,99,25,81,106,91,46,6,78,52,407,.405,.429,.380,.838,.546,.497,G,SR
3716,Luke Rogers,850,2005-06,Northwestern State,34,34,850,104,267,76,180,28,87,81,116,59,65,124,112,51,9,51,71,317,.390,.422,.322,.698,.492,.442,G,JR
3717,Mike Wilson,850,2003-04,St. Francis Brooklyn,28,27,850,124,290,42,98,82,192,38,47,13,37,50,53,30,3,57,68,368,.428,.429,.427,.809,.589,.569,G,SR
3718,Robert Owens,850,2002-03,Ball State,30,22,850,118,275,88,193,30,82,41,63,53,94,147,53,24,12,50,63,307,.429,.456,.366,.651,.503,.484,F,JR
3719,Rod Flowers,850,2004-05,Tennessee State,28,28,850,139,281,131,260,8,21,66,111,81,142,223,44,14,39,76,63,352,.495,.504,.381,.595,.527,.509,C,SR
3720,Shawn Wiggins,850,2003-04,South Carolina State,29,28,850,110,262,48,92,62,170,36,50,20,70,90,35,31,8,30,61,318,.420,.522,.365,.720,.556,.538,G,JR
3721,Shawn Witherspoon,850,2005-06,Murray State,31,31,850,131,249,100,158,31,91,35,52,90,149,239,95,52,19,40,78,328,.526,.633,.341,.673,.599,.588,F,JR
3722,Will Sheridan,850,2006-07,Villanova,33,33,850,61,132,60,126,1,6,49,64,67,104,171,24,35,33,35,94,172,.462,.476,.167,.766,.530,.466,F,SR
3723,Wink Adams,850,2005-06,UNLV,30,20,850,122,300,86,192,36,108,47,65,25,75,100,73,63,2,77,56,327,.407,.448,.333,.723,.494,.467,G,FR
3724,Zeb Cope,850,2003-04,William & Mary,28,27,850,120,266,81,163,39,103,56,83,52,115,167,49,20,6,78,78,335,.451,.497,.379,.675,.548,.524,F,SR
3725,Andrea Crosariol,849,2005-06,Fairleigh Dickinson,32,31,849,147,237,147,233,0,4,66,116,81,143,224,28,19,96,75,109,360,.620,.631,.000,.569,.616,.620,C,JR
3726,Cedrick Middleton,849,2006-07,Akron,33,3,849,127,277,71,135,56,142,57,83,17,55,72,56,36,4,46,68,367,.458,.526,.394,.687,.580,.560,G,JR
3727,Charlie Copp,849,2003-04,Pennsylvania,27,27,849,64,161,18,39,46,122,27,37,16,65,81,70,28,0,32,68,201,.398,.462,.377,.730,.563,.540,G,SR
3728,Chris Daniels,849,2006-07,Texas A&M–Corpus Christi,33,27,849,194,329,186,304,8,25,109,158,60,160,220,25,24,53,72,98,505,.590,.612,.320,.690,.625,.602,C,JR
3729,Cuthbert Victor,849,2002-03,Murray State,29,28,849,170,285,159,249,11,36,92,139,109,123,232,62,50,38,55,80,443,.596,.639,.306,.662,.631,.616,F,JR
3730,Edwin Muniz,849,2005-06,Rider,28,28,849,133,320,94,204,39,116,102,123,36,118,154,58,25,17,64,67,407,.416,.461,.336,.829,.538,.477,F,SR
3731,Johnell Smith,849,2003-04,New Orleans,31,20,849,140,384,109,286,31,98,76,101,22,88,110,93,39,5,53,41,387,.365,.381,.316,.752,.448,.405,G,SR
3732,Josh Goodwin,849,2003-04,Belmont,30,16,849,84,216,21,53,63,163,37,46,15,92,107,50,25,1,49,32,268,.389,.396,.387,.804,.563,.535,G,FR
3733,Matt Logie,849,2002-03,Lehigh,28,28,849,143,332,86,170,57,162,91,96,15,79,94,48,18,2,47,56,434,.431,.506,.352,.948,.575,.517,G,SR
3734,Rell Porter,849,2005-06,Liberty,30,30,849,55,122,47,91,8,31,36,51,45,121,166,18,20,8,37,104,154,.451,.516,.258,.706,.527,.484,F,SO
3735,Tim Parker,849,2002-03,Chattanooga,30,30,849,116,242,44,90,72,152,78,85,29,58,87,60,33,2,47,70,382,.479,.489,.474,.918,.676,.628,G,SR
3736,Travis Aikens,849,2006-07,Marshall,32,32,849,107,282,80,162,27,120,70,102,56,101,157,28,27,2,65,69,311,.379,.494,.225,.686,.471,.427,G,SR
3737,Wilfred Antoine,849,2002-03,Indiana State,31,27,849,67,192,37,114,30,78,15,20,10,48,58,100,19,0,48,58,179,.349,.325,.385,.750,.444,.427,G,JR
3738,Barry Stewart,848,2006-07,Mississippi State,35,0,848,96,240,28,66,68,174,82,107,28,83,111,43,32,5,27,51,342,.400,.424,.391,.766,.588,.542,G,FR
3739,Chad McKnight,848,2004-05,Morehead State,27,26,848,155,246,155,246,0,0,146,191,51,122,173,27,24,3,78,90,456,.630,.630,,.764,.677,.630,F,SR
3740,Earl Nurse,848,2003-04,Lehigh,31,31,848,72,174,67,150,5,24,43,63,50,110,160,41,21,31,47,85,192,.414,.447,.208,.683,.471,.428,F,JR
3741,Elton Brown,848,2003-04,Virginia,31,28,848,166,330,166,319,0,11,128,204,72,123,195,42,19,16,78,76,460,.503,.520,.000,.627,.539,.503,F,JR
3742,Jamel White,848,2005-06,Nebraska,33,13,848,87,242,43,118,44,124,69,86,14,87,101,65,23,0,56,56,287,.360,.364,.355,.802,.507,.450,G,FR
3743,Jarius Glenn,848,2002-03,Tulsa,33,21,848,114,219,98,179,16,40,65,94,71,103,174,57,29,12,75,93,309,.521,.547,.400,.691,.586,.557,F,SO
3744,Kevin Spicer,848,2004-05,Alabama State,30,30,848,106,216,99,198,7,18,82,128,85,130,215,21,27,17,61,109,301,.491,.500,.389,.641,.544,.507,F,SR
3745,Kevin Warzynski,848,2005-06,Kent State,34,11,848,118,257,94,187,24,70,96,130,47,125,172,46,32,9,60,112,356,.459,.503,.343,.738,.558,.506,F,SR
3746,Kiril Wachsmann,848,2005-06,Iona,31,29,848,137,258,137,258,0,0,82,114,95,171,266,37,18,26,72,88,356,.531,.531,,.719,.570,.531,F,SR
3747,Martin Osimani,848,2003-04,Duquesne,29,28,848,35,111,22,54,13,57,49,62,9,72,81,172,30,4,94,75,132,.315,.407,.228,.790,.470,.374,G,JR
3748,Matt Hammond,848,2002-03,Fairleigh Dickinson,28,25,848,125,252,110,199,15,53,78,110,42,91,133,30,12,20,56,76,343,.496,.553,.283,.709,.564,.526,F,SR
3749,Mike King,848,2002-03,Green Bay,30,20,848,129,258,117,232,12,26,77,97,54,93,147,30,11,23,62,102,347,.500,.504,.462,.794,.571,.523,F,JR
3750,Phil Martin,848,2002-03,Hawaii,31,31,848,148,281,147,279,1,2,58,90,69,107,176,24,32,14,59,94,355,.527,.527,.500,.644,.548,.528,F,JR
3751,Ron Dokes,848,2002-03,Duquesne,30,27,848,115,238,112,221,3,17,75,107,42,111,153,37,18,28,82,87,308,.483,.507,.176,.701,.533,.489,C,JR
3752,Shaun Durant,848,2005-06,Lipscomb,32,32,848,88,136,88,136,0,0,61,88,98,131,229,21,11,20,53,93,237,.647,.647,,.693,.666,.647,C,SR
3753,Terrell Riggs,848,2002-03,Detroit Mercy,29,29,848,153,286,153,285,0,1,70,120,55,116,171,60,24,9,63,78,376,.535,.537,.000,.583,.548,.535,F,SR
3754,Ben Stywall,847,2006-07,UNC Greensboro,30,27,847,56,138,50,115,6,23,56,88,79,117,196,25,28,21,56,77,174,.406,.435,.261,.636,.484,.428,F,FR
3755,Craig Franklin,847,2002-03,Chicago State,25,24,847,123,287,97,205,26,82,68,98,23,94,117,98,34,10,124,70,340,.429,.473,.317,.694,.510,.474,G,SO
3756,Curtis Terry,847,2005-06,UNLV,30,25,847,83,209,43,92,40,117,16,20,21,69,90,69,22,2,44,51,222,.397,.467,.342,.800,.508,.493,G,SO
3757,DeMario Anderson,847,2006-07,Quinnipiac,29,10,847,186,366,162,290,24,76,60,91,33,93,126,45,50,10,66,83,456,.508,.559,.316,.659,.557,.541,G,JR
3758,Derrick Wiley,847,2002-03,East Carolina,26,25,847,145,331,130,283,15,48,60,87,53,82,135,40,20,3,46,69,365,.438,.459,.313,.690,.490,.461,G,JR
3759,Durell Vinson,847,2005-06,Wagner,27,27,847,174,328,174,328,0,0,62,129,109,150,259,18,25,34,74,75,410,.530,.530,,.481,.527,.530,F,JR
3760,J.D. Collins,847,2004-05,West Virginia,35,33,847,40,110,21,55,19,55,35,55,12,36,48,114,37,5,50,61,134,.364,.382,.345,.636,.492,.450,G,JR
3761,Jeff Varem,847,2004-05,Washington State,28,27,847,112,223,109,209,3,14,66,113,61,158,219,58,46,21,94,78,293,.502,.522,.214,.584,.530,.509,G,SR
3762,Jihad Muhammad,847,2004-05,Cincinnati,33,22,847,115,310,53,132,62,178,51,67,31,67,98,89,22,1,70,83,343,.371,.402,.348,.761,.502,.471,G,JR
3763,Loren Stokes,847,2003-04,Hofstra,29,21,847,143,313,132,279,11,34,77,137,39,88,127,82,37,7,87,77,374,.457,.473,.324,.562,.495,.474,G,FR
3764,Matej Cresnik,847,2004-05,American,28,27,847,84,199,44,100,40,99,54,66,41,80,121,44,21,5,44,67,262,.422,.440,.404,.818,.569,.523,F,SR
3765,Mike Popoko,847,2006-07,Stony Brook,29,29,847,91,219,63,143,28,76,44,69,68,78,146,14,18,13,27,66,254,.416,.441,.368,.638,.504,.479,F,SR
3766,Paul Davis,847,2003-04,Michigan State,30,30,847,163,287,158,272,5,15,143,179,62,125,187,59,44,19,74,87,474,.568,.581,.333,.799,.637,.577,C,SO
3767,Ray Barbosa,847,2003-04,James Madison,28,23,847,110,272,64,135,46,137,55,71,22,51,73,43,18,4,39,31,321,.404,.474,.336,.775,.525,.489,G,FR
3768,Ron Howard,847,2005-06,Valparaiso,29,28,847,132,279,98,184,34,95,82,122,24,77,101,99,41,2,83,83,380,.473,.533,.358,.672,.564,.534,F,SR
3769,Shane James,847,2003-04,Loyola (MD),28,27,847,85,201,55,127,30,74,36,49,28,61,89,81,16,4,58,43,236,.423,.433,.405,.735,.526,.498,G,FR
3770,Sherron Collins,847,2006-07,Kansas,38,3,847,129,270,82,154,47,116,49,64,14,73,87,112,28,0,63,70,354,.478,.532,.405,.766,.589,.565,G,FR
3771,Travon Bryant,847,2002-03,Missouri,33,26,847,115,240,97,190,18,50,46,82,68,125,193,36,28,41,53,103,294,.479,.511,.360,.561,.527,.517,F,JR
3772,Tyrone Sally,847,2002-03,West Virginia,29,26,847,88,200,63,115,25,85,40,65,47,86,133,60,35,14,64,66,241,.440,.548,.294,.615,.522,.503,F,SO
3773,Andrew Engel,846,2006-07,NJIT,29,29,846,62,187,38,92,24,95,28,42,14,46,60,69,31,4,74,86,176,.332,.413,.253,.667,.425,.396,G,FR
3774,Bryant McAllister,846,2003-04,Duquesne,29,28,846,111,260,86,193,25,67,76,108,13,84,97,69,40,4,68,64,323,.427,.446,.373,.704,.519,.475,G,SO
3775,Courtney Captain,846,2006-07,East Carolina,30,30,846,124,314,60,127,64,187,42,58,19,99,118,44,27,2,59,51,354,.395,.472,.342,.724,.518,.497,G,SR
3776,Derrick Tarver,846,2003-04,Akron,27,26,846,196,400,149,249,47,151,173,230,26,51,77,43,23,0,75,52,612,.490,.598,.311,.752,.601,.549,G,SR
3777,Jamaal Gilchrist,846,2002-03,Towson,28,26,846,97,221,62,122,35,99,68,85,12,80,92,94,39,6,123,70,297,.439,.508,.354,.800,.568,.518,G,JR
3778,Jibril Hodges,846,2005-06,Long Beach State,30,27,846,145,357,58,124,87,233,45,53,10,36,46,46,30,5,25,44,422,.406,.468,.373,.849,.552,.528,G,SR
3779,Kevin Hammack,846,2003-04,The Citadel,27,25,846,86,219,61,150,25,69,64,88,21,67,88,124,55,7,122,57,261,.393,.407,.362,.727,.500,.450,G,SO
3780,Kevin Sims,846,2006-07,Tulane,30,20,846,88,224,52,132,36,92,88,108,15,46,61,102,34,1,91,63,300,.393,.394,.391,.815,.545,.473,G,FR
3781,Laimis Kisielius,846,2006-07,William & Mary,29,28,846,112,241,76,152,36,89,68,93,36,75,111,67,18,13,69,66,328,.465,.500,.404,.731,.575,.539,F,JR
3782,Nick Sanders,846,2004-05,Furman,29,29,846,80,154,64,114,16,40,33,47,52,94,146,62,33,10,40,70,209,.519,.561,.400,.702,.593,.571,F,SR
3783,P.J. Smith,846,2003-04,Northern Illinois,30,30,846,137,335,82,188,55,147,105,145,31,82,113,46,29,2,78,98,434,.409,.436,.374,.724,.537,.491,G,SR
3784,Quinton Smith,846,2003-04,Morehead State,29,29,846,60,157,30,77,30,80,36,49,15,50,65,105,22,0,59,39,186,.382,.390,.375,.735,.516,.478,G,SO
3785,Randy Burns,846,2004-05,Wichita State,32,31,846,124,295,57,132,67,163,71,93,28,95,123,75,28,1,64,39,386,.420,.432,.411,.763,.569,.534,G,SR
3786,J. Robert Merritt,846,2002-03,Samford,28,26,846,93,187,45,75,48,112,30,46,30,89,119,59,28,7,52,63,264,.497,.600,.429,.652,.632,.626,F,FR
3787,Steven Wright,846,2003-04,Bowling Green,29,26,846,55,139,32,81,23,58,56,70,16,107,123,116,53,6,105,101,189,.396,.395,.397,.800,.549,.478,G,SO
3788,Tony Murphy,846,2004-05,Norfolk State,26,23,846,96,232,47,117,49,115,41,67,15,79,94,59,21,0,66,40,282,.414,.402,.426,.612,.534,.519,G,FR
3789,Trae Clark,846,2006-07,Cal Poly,30,30,846,91,223,51,105,40,118,52,68,6,48,54,112,40,2,75,77,274,.408,.486,.339,.765,.537,.498,G,SO
3790,Will Gant,846,2004-05,Howard,27,25,846,126,335,64,171,62,164,63,81,43,75,118,49,27,2,83,72,377,.376,.374,.378,.778,.505,.469,G,SO
3791,Andre Owens,845,2005-06,UTSA,27,25,845,182,377,149,276,33,101,82,127,57,105,162,94,45,12,109,82,479,.483,.540,.327,.646,.548,.527,G,SR
3792,Antonio Cool,845,2004-05,Jacksonville,29,29,845,117,245,70,129,47,116,46,66,33,79,112,20,24,7,58,35,327,.478,.543,.405,.697,.592,.573,F,JR
3793,Antonio Russell,845,2005-06,Western Carolina,29,25,845,117,279,76,159,41,120,110,132,21,74,95,34,37,2,64,75,385,.419,.478,.342,.833,.563,.493,G,SO
3794,Boo Davis,845,2005-06,Milwaukee,31,31,845,159,385,68,151,91,234,96,125,44,113,157,38,46,5,52,58,505,.413,.450,.389,.768,.568,.531,G,SR
3795,Colbey Santos,845,2006-07,James Madison,30,30,845,44,111,21,41,23,70,11,20,31,74,105,52,33,14,31,65,122,.396,.512,.329,.550,.506,.500,G,SO
3796,Cori Spencer,845,2004-05,Stony Brook,29,23,845,111,215,110,214,1,1,86,104,58,118,176,28,21,9,76,90,309,.516,.514,1.000,.827,.584,.519,F,SR
3797,Derrick Harris,845,2004-05,Youngstown State,28,19,845,65,175,34,91,31,84,30,33,27,50,77,44,20,5,55,56,191,.371,.374,.369,.909,.501,.460,G,JR
3798,J.J. Sullinger,845,2004-05,Ohio State,32,32,845,115,217,90,161,25,56,54,85,43,130,173,52,40,16,37,76,309,.530,.559,.446,.635,.600,.588,G,JR
3799,Jonathan Heard,845,2006-07,Cal State Northridge,31,22,845,158,335,150,298,8,37,93,145,71,98,169,63,44,6,95,71,417,.472,.503,.216,.641,.516,.484,F,JR
3800,Laurie Bridges,845,2002-03,Louisiana–Lafayette,28,21,845,119,273,85,181,34,92,61,87,43,91,134,59,41,16,61,61,333,.436,.470,.370,.701,.530,.498,G,JR
3801,Mac Wilkinson,845,2003-04,Howard,28,25,845,143,312,126,242,17,70,61,92,59,111,170,26,14,25,75,76,364,.458,.521,.243,.663,.512,.486,F,JR
3802,Michael Lindeman,845,2002-03,Creighton,34,33,845,91,196,61,131,30,65,52,59,53,64,117,63,29,3,21,48,264,.464,.466,.462,.881,.589,.541,F,JR
3803,Mike Beal,845,2005-06,Harvard,27,27,845,70,168,57,128,13,40,43,62,58,113,171,58,31,11,64,58,196,.417,.445,.325,.694,.496,.455,G,SR
3804,Mike Robinson,845,2005-06,Eastern Illinois,27,27,845,91,259,58,156,33,103,43,57,19,64,83,115,53,0,99,67,258,.351,.372,.320,.754,.451,.415,G,FR
3805,Moses Sonko,845,2006-07,Coastal Carolina,30,30,845,188,336,182,319,6,17,79,106,82,126,208,32,43,4,63,86,461,.560,.571,.353,.745,.597,.568,G,SR
3806,Nic Sparrow,845,2003-04,Weber State,29,29,845,121,233,71,112,50,121,69,100,43,85,128,50,27,8,55,70,361,.519,.634,.413,.690,.643,.627,F,SR
3807,Shawan Robinson,845,2005-06,Clemson,32,11,845,123,347,60,154,63,193,84,92,17,54,71,87,42,1,81,57,393,.354,.390,.326,.913,.503,.445,G,SR
3808,Standford Speech,845,2005-06,Mississippi Valley State,28,27,845,100,237,65,152,35,85,58,90,25,79,104,61,25,5,93,67,293,.422,.428,.412,.644,.524,.496,G,SO
3809,Steffan Johnson,845,2006-07,Pacific,30,16,845,101,268,56,133,45,135,44,69,16,52,68,109,37,8,93,38,291,.377,.421,.333,.638,.484,.461,G,SO
3810,Terrell Brown,845,2004-05,Charleston Southern,26,23,845,83,212,18,40,65,172,28,39,9,59,68,80,42,1,65,34,259,.392,.450,.378,.718,.562,.545,G,JR
3811,Tim Henry,845,2005-06,Idaho State,27,27,845,129,316,81,178,48,138,88,115,25,85,110,88,23,13,83,64,394,.408,.455,.348,.765,.532,.484,G,SR
3812,Trent Drafts,845,2005-06,Charleston Southern,29,28,845,100,244,56,114,44,130,49,70,34,79,113,33,31,16,28,80,293,.410,.491,.338,.700,.528,.500,F,SR
3813,Alex Moosmann,844,2006-07,Miami (OH),33,29,844,48,119,23,47,25,72,22,26,2,35,37,91,15,0,64,67,143,.403,.489,.347,.846,.544,.508,G,FR
3814,Alvin Reed,844,2004-05,Colgate,28,25,844,123,308,71,172,52,136,60,87,27,46,73,91,32,4,93,74,358,.399,.413,.382,.690,.512,.484,G,JR
3815,Anthony Roberson,844,2002-03,Florida,33,13,844,141,345,67,155,74,190,50,61,22,59,81,61,34,1,49,48,406,.409,.432,.389,.820,.543,.516,G,FR
3816,Brian Collins,844,2004-05,Belmont,30,30,844,115,251,104,213,11,38,76,125,44,94,138,103,44,11,88,74,317,.458,.488,.289,.608,.511,.480,G,JR
3817,Christopher Moore,844,2005-06,Texas Southern,30,30,844,135,261,135,261,0,0,103,181,72,155,227,53,24,14,108,92,373,.517,.517,,.569,.538,.517,F,JR
3818,Coric Riggs,844,2004-05,Weber State,30,24,844,123,275,97,187,26,88,36,52,40,80,120,34,12,22,52,66,308,.447,.519,.295,.692,.514,.495,F,JR
3819,Damian Martin,844,2003-04,Loyola Marymount,29,18,844,60,136,52,104,8,32,11,26,29,69,98,87,44,6,63,67,139,.441,.500,.250,.423,.468,.471,G,FR
3820,Demetrius Scott,844,2006-07,Appalachian State,32,30,844,121,211,120,205,1,6,76,100,42,41,83,90,39,2,69,69,319,.573,.585,.167,.760,.617,.576,G,SR
3821,Frank Young,844,2005-06,West Virginia,33,32,844,93,228,51,94,42,134,16,24,34,83,117,66,30,12,30,62,244,.408,.543,.313,.667,.510,.500,F,JR
3822,Greg Dilligard,844,2005-06,Illinois State,28,28,844,123,229,123,229,0,0,30,65,64,100,164,35,21,62,52,78,276,.537,.537,,.462,.531,.537,F,JR
3823,Harry Disy,844,2006-07,Louisiana Tech,30,28,844,86,185,83,172,3,13,29,59,86,134,220,15,30,25,37,97,204,.465,.483,.231,.492,.479,.473,F,SR
3824,Jacob Hazouri,844,2004-05,Troy State,30,29,844,101,250,26,46,75,204,12,20,28,40,68,47,42,3,35,67,289,.404,.565,.368,.600,.557,.554,G,JR
3825,Jeff Gloger,844,2004-05,UC Irvine,29,23,844,106,210,102,195,4,15,61,99,33,113,146,91,32,4,77,72,277,.505,.523,.267,.616,.539,.514,G,JR
3826,Josh Gomes,844,2004-05,Eastern Illinois,28,28,844,171,379,143,304,28,75,99,120,27,74,101,55,27,4,62,43,469,.451,.470,.373,.825,.538,.488,G,JR
3827,Kenny Adeleke,844,2003-04,Hofstra,29,27,844,143,308,141,291,2,17,107,165,122,145,267,28,37,29,92,88,395,.464,.485,.118,.648,.511,.468,F,JR
3828,Mario Grove,844,2002-03,Howard,30,29,844,90,152,90,152,0,0,29,65,72,83,155,15,23,15,36,85,209,.592,.592,,.446,.571,.592,F,SR
3829,Matt Nelson,844,2002-03,Colorado State,31,15,844,205,319,205,319,0,0,117,171,55,120,175,38,8,44,59,66,527,.643,.643,,.684,.658,.643,C,SO
3830,Matt Sheftic,844,2002-03,Vermont,33,33,844,140,290,140,290,0,0,76,128,73,135,208,55,15,18,68,81,356,.483,.483,,.594,.507,.483,C,JR
3831,Peter Cipriano,844,2004-05,Southern,29,27,844,126,222,125,217,1,5,39,77,94,173,267,44,30,29,60,62,292,.568,.576,.200,.506,.565,.570,F,JR
3832,Tarence Kinsey,844,2004-05,South Carolina,32,31,844,99,251,63,158,36,93,52,78,15,93,108,50,43,14,54,53,286,.394,.399,.387,.667,.496,.466,G,JR
3833,Terrick Willoughby,844,2004-05,Southeast Missouri State,29,26,844,99,226,53,119,46,107,40,57,16,61,77,48,18,7,60,48,284,.438,.445,.430,.702,.561,.540,F,SO
3834,Todd Galloway,844,2005-06,Florida State,30,30,844,73,167,43,89,30,78,49,80,10,55,65,93,48,1,66,61,225,.437,.483,.385,.613,.549,.527,G,SR
3835,Tyquawn Goode,844,2003-04,Fairfield,30,22,844,48,131,16,48,32,83,39,53,22,59,81,98,35,0,72,73,167,.366,.333,.386,.736,.535,.489,G,JR
3836,Derek Lambeth,843,2002-03,Sacramento State,29,29,843,112,267,85,190,27,77,125,177,35,80,115,52,30,6,74,85,376,.419,.447,.351,.706,.535,.470,F,SR
3837,Eric Smith,843,2005-06,Campbell,28,27,843,149,353,42,85,107,268,64,93,31,72,103,67,36,8,70,64,469,.422,.494,.399,.688,.590,.574,G,JR
3838,Gabriel Moore,843,2004-05,Indiana State,31,23,843,63,155,45,103,18,52,43,58,13,60,73,75,33,1,66,45,187,.406,.437,.346,.741,.512,.465,G,FR
3839,Jay Straight,843,2003-04,Wyoming,27,23,843,138,328,89,181,49,147,99,130,24,67,91,103,38,0,92,58,424,.421,.492,.333,.762,.544,.495,G,JR
3840,Joe Knight,843,2004-05,Lehigh,28,28,843,111,308,60,156,51,152,107,142,19,92,111,116,47,0,74,52,380,.360,.385,.336,.754,.506,.443,G,JR
3841,Jon Simon,843,2004-05,Colgate,28,28,843,108,261,64,149,44,112,85,103,11,52,63,54,19,0,62,48,345,.414,.430,.393,.825,.557,.498,G,SO
3842,Josh Wright,843,2006-07,Syracuse,35,27,843,63,158,41,91,22,67,84,116,8,60,68,132,41,1,88,50,232,.399,.451,.328,.724,.544,.468,G,JR
3843,Kellen Miliner,843,2004-05,Creighton,34,12,843,109,280,51,123,58,157,44,60,27,57,84,42,30,3,34,30,320,.389,.415,.369,.733,.519,.493,G,SR
3844,Kevin Martin Jr,843,2003-04,Western Carolina,27,27,843,208,439,157,287,51,152,206,252,25,105,130,47,50,8,84,52,673,.474,.547,.336,.817,.602,.532,G,JR
3845,Malcolm Campbell,843,2002-03,Alabama State,28,28,843,143,305,101,197,42,108,50,61,13,63,76,140,58,2,101,55,378,.469,.513,.389,.820,.566,.538,G,JR
3846,Michael Southall,843,2005-06,Louisiana–Lafayette,28,27,843,164,266,164,265,0,1,115,177,66,157,223,41,27,93,59,95,443,.617,.619,.000,.650,.633,.617,C,SR
3847,Mike McLaren,843,2002-03,Dartmouth,27,23,843,84,204,24,53,60,151,35,49,9,94,103,26,24,2,29,70,263,.412,.453,.397,.714,.579,.559,G,SO
3848,Pape Ba,843,2002-03,Bethune-Cookman,30,30,843,129,258,129,258,0,0,64,101,79,123,202,12,23,12,43,84,322,.500,.500,,.634,.526,.500,C,JR
3849,Rich Young,843,2006-07,North Texas,33,21,843,64,135,43,81,21,54,40,52,54,99,153,61,38,33,47,69,189,.474,.531,.389,.769,.592,.552,F,SR
3850,Ryan Sommer,843,2005-06,Portland State,27,26,843,85,212,53,133,32,79,73,93,18,53,71,102,27,1,66,55,275,.401,.398,.405,.785,.537,.476,G,SO
3851,Shawntes Gary,843,2006-07,Western Michigan,32,32,843,104,246,86,200,18,46,99,130,42,72,114,40,38,13,68,103,325,.423,.430,.391,.762,.528,.459,G,SO
3852,Thomas Mobley,843,2002-03,College of Charleston,33,19,843,147,318,84,178,63,140,98,126,42,109,151,33,28,12,81,91,455,.462,.472,.450,.778,.602,.561,F,JR
3853,Todd Peterson,843,2005-06,Northern Illinois,28,27,843,109,237,53,97,56,140,66,77,37,126,163,41,20,13,30,46,340,.460,.546,.400,.857,.621,.578,G,SR
3854,Andy Polka,842,2006-07,Loyola Chicago,32,14,842,64,145,63,144,1,1,74,109,100,130,230,51,12,13,46,74,203,.441,.438,1.000,.679,.516,.445,F,FR
3855,Armon Gates,842,2006-07,Kent State,32,17,842,96,238,24,50,72,188,32,36,16,88,104,32,29,1,28,60,296,.403,.480,.383,.889,.580,.555,G,SR
3856,Ben Beran,842,2005-06,South Dakota State,29,28,842,130,332,104,244,26,88,66,103,69,89,158,35,25,11,91,100,352,.392,.426,.295,.641,.462,.431,F,JR
3857,Bernard King,842,2002-03,Texas A&M,27,27,842,141,319,103,210,38,109,139,182,25,82,107,150,32,4,91,83,459,.442,.490,.349,.764,.566,.502,G,SR
3858,Carlos Monroe,842,2006-07,Florida Atlantic,27,25,842,200,335,200,335,0,0,96,160,71,183,254,28,30,5,56,75,496,.597,.597,,.600,.603,.597,F,SO
3859,Cavell Johnson,842,2004-05,James Madison,28,26,842,148,305,143,282,5,23,47,84,71,110,181,32,20,48,52,76,348,.485,.507,.217,.560,.504,.493,F,SO
3860,Chris Fuller,842,2006-07,Florida International,27,25,842,104,227,87,169,17,58,63,96,29,100,129,33,38,8,54,60,288,.458,.515,.293,.656,.528,.496,G,JR
3861,Demarcus Wilkins,842,2002-03,Florida A&M,29,27,842,87,217,42,110,45,107,49,73,21,70,91,81,39,0,64,56,268,.401,.382,.421,.671,.532,.505,G,JR
3862,Eddie Spencer,842,2005-06,Central Michigan,28,26,842,75,208,47,106,28,102,40,59,35,88,123,36,23,8,69,67,218,.361,.443,.275,.678,.462,.428,G,SO
3863,Izik Ohanon,842,2004-05,Saint Louis,30,26,842,149,283,149,281,0,2,56,79,46,115,161,50,29,3,76,93,354,.527,.530,.000,.709,.552,.527,F,SR
3864,Jason Wills,842,2006-07,North Carolina A&T,30,15,842,137,268,137,267,0,1,143,229,64,148,212,71,36,9,92,87,417,.511,.513,.000,.624,.553,.511,F,JR
3865,Justin Burns,842,2005-06,Cal State Fullerton,29,29,842,114,209,114,209,0,0,74,136,77,118,195,24,22,27,61,93,302,.545,.545,,.544,.552,.545,F,JR
3866,Karandick Ogunride,842,2003-04,Norfolk State,29,29,842,77,170,75,162,2,8,43,63,64,141,205,10,17,33,47,102,199,.453,.463,.250,.683,.498,.459,C,SO
3867,Kevin Anderson,842,2006-07,Fordham,30,30,842,34,73,30,62,4,11,39,60,19,60,79,121,42,7,51,82,111,.466,.484,.364,.650,.547,.493,G,JR
3868,Matt Coward,842,2004-05,VMI,27,27,842,108,265,87,188,21,77,85,128,17,67,84,132,54,0,126,81,322,.408,.463,.273,.664,.494,.447,G,SO
3869,Matt Murrer,842,2005-06,VMI,27,25,842,130,200,105,138,25,62,58,78,55,158,213,32,13,8,64,63,343,.650,.761,.403,.744,.723,.713,F,JR
3870,Sammy Sharp,842,2005-06,Troy,29,26,842,135,245,125,205,10,40,31,59,79,105,184,48,39,45,36,74,311,.551,.610,.250,.525,.570,.571,F,JR
3871,Stanley Hodge,842,2006-07,Niagara,33,3,842,37,85,22,43,15,42,71,84,23,98,121,132,29,1,64,66,160,.435,.512,.357,.845,.641,.524,G,JR
3872,Angelo Smith,841,2006-07,IUPUI,30,30,841,88,194,88,193,0,1,74,96,76,90,166,18,12,38,40,110,250,.454,.456,.000,.771,.522,.454,F,SR
3873,Anthony Goods,841,2006-07,Stanford,25,24,841,97,263,37,98,60,165,66,86,5,76,81,58,17,0,60,49,320,.369,.378,.364,.767,.527,.483,G,SO
3874,Anthony Richardson,841,2002-03,Florida State,29,24,841,134,285,123,248,11,37,82,104,59,94,153,44,34,33,58,67,361,.470,.496,.297,.788,.540,.489,F,SO
3875,Casey Reynolds,841,2002-03,Montana State,27,27,841,77,165,65,124,12,41,61,92,47,117,164,44,13,8,49,49,227,.467,.524,.293,.663,.544,.503,F,SO
3876,Dwayne Broyles,841,2002-03,James Madison,30,27,841,96,238,41,101,55,137,63,91,22,109,131,56,32,17,68,87,310,.403,.406,.401,.692,.551,.519,F,JR
3877,James Moore,841,2003-04,New Mexico State,27,27,841,144,269,144,262,0,7,128,153,69,109,178,42,50,55,61,82,416,.535,.550,.000,.837,.609,.535,F,SR
3878,J.J. Sola,841,2002-03,Drake,30,26,841,150,284,144,262,6,22,127,160,42,115,157,73,17,6,78,99,433,.528,.550,.273,.794,.601,.539,F,SR
3879,Marlyn Bryant,841,2004-05,South Florida,30,28,841,76,151,75,145,1,6,88,127,64,93,157,52,48,14,54,89,241,.503,.517,.167,.693,.570,.507,G,SR
3880,Matt Braeuer,841,2005-06,Wichita State,35,27,841,68,181,37,78,31,103,21,30,8,76,84,95,31,0,45,72,188,.376,.474,.301,.700,.481,.461,G,SO
3881,Terrick Willoughby,841,2005-06,Southeast Missouri State,27,20,841,92,249,34,96,58,153,23,35,11,75,86,72,15,13,64,37,265,.369,.354,.379,.657,.499,.486,F,JR
3882,Amit Tamir,840,2003-04,California,28,28,840,133,304,83,163,50,141,38,46,40,107,147,44,23,13,52,71,354,.438,.509,.355,.826,.543,.520,F,JR
3883,Andrius Sakalys,840,2003-04,Texas–Pan American,28,26,840,77,206,61,144,16,62,54,70,33,64,97,44,16,6,55,82,224,.374,.424,.258,.771,.468,.413,F,SR
3884,Antywane Robinson,840,2004-05,Temple,30,29,840,87,203,43,77,44,126,29,39,42,94,136,30,16,18,15,40,247,.429,.558,.349,.744,.557,.537,F,JR
3885,Billy Williams,840,2003-04,Binghamton,30,27,840,49,130,22,56,27,74,22,43,25,68,93,63,38,1,64,65,147,.377,.393,.365,.512,.489,.481,F,JR
3886,B.J. Spencer,840,2005-06,Jacksonville State,27,25,840,141,294,59,115,82,179,46,64,24,70,94,36,25,9,37,50,410,.480,.513,.458,.719,.632,.619,G,SR
3887,Charles Baker,840,2002-03,Binghamton,27,27,840,59,150,27,58,32,92,9,16,19,48,67,50,20,6,40,66,159,.393,.466,.348,.563,.504,.500,G,SR
3888,Chris Jordan,840,2005-06,Sam Houston State,29,27,840,141,291,93,184,48,107,86,106,37,65,102,57,35,11,70,61,416,.485,.505,.449,.811,.609,.567,G,SR
3889,Donald Cole,840,2002-03,Sam Houston State,30,26,840,191,357,158,274,33,83,111,159,73,173,246,41,29,47,77,73,526,.535,.577,.398,.698,.608,.581,C,SR
3890,Eugene Lawrence,840,2004-05,St. John's (NY),27,20,840,61,186,30,76,31,110,45,66,20,81,101,105,46,2,87,81,198,.328,.395,.282,.682,.455,.411,G,FR
3891,Ezra Williams,840,2002-03,Georgia,27,27,840,157,364,80,178,77,186,57,78,51,85,136,62,39,5,53,51,448,.431,.449,.414,.731,.559,.537,G,SR
3892,Fab Fisher,840,2002-03,Florida International,27,21,840,56,156,31,83,25,73,45,54,14,50,64,44,19,0,44,55,182,.359,.373,.342,.833,.501,.439,G,SR
3893,Guillermo Diaz,840,2003-04,Miami (FL),30,18,840,132,268,97,192,35,76,54,77,35,52,87,65,40,9,56,55,353,.493,.505,.461,.701,.579,.558,G,FR
3894,Jamie Jones,840,2006-07,Portland,32,29,840,147,290,147,290,0,0,37,63,99,132,231,16,18,31,57,91,331,.507,.507,,.587,.517,.507,F,SO
3895,Jeff Granger,840,2005-06,Hampton,32,30,840,114,318,45,119,69,199,76,103,48,77,125,39,27,2,57,87,373,.358,.378,.347,.738,.508,.467,G,SR
3896,Joe Ballard,840,2005-06,Florida A&M,31,25,840,51,135,36,86,15,49,33,54,28,55,83,80,45,0,78,56,150,.378,.419,.306,.611,.467,.433,G,FR
3897,Josh Young,840,2006-07,Drake,32,14,840,112,289,55,113,57,176,61,79,11,62,73,79,29,1,50,57,342,.388,.487,.324,.772,.524,.486,G,FR
3898,Mario Jordan,840,2005-06,Buffalo,32,7,840,95,204,90,185,5,19,132,170,63,117,180,47,28,7,79,101,327,.466,.486,.263,.776,.574,.478,F,SR
3899,Matt Stehle,840,2004-05,Harvard,27,27,840,127,254,111,213,16,41,100,132,68,172,240,70,44,23,89,81,370,.500,.521,.390,.758,.584,.531,F,JR
3900,Mike Hall,840,2004-05,George Washington,28,21,840,105,199,80,146,25,53,61,78,99,126,225,56,29,14,31,55,296,.528,.548,.472,.782,.627,.590,F,JR
3901,Ricky Soliver,840,2002-03,Iona,29,12,840,94,265,62,148,32,117,76,102,18,83,101,98,47,5,71,43,296,.355,.419,.274,.745,.472,.415,G,FR
3902,Roberto Morentin,840,2002-03,Central Florida,32,32,840,128,260,125,250,3,10,69,91,77,106,183,36,28,20,63,82,328,.492,.500,.300,.758,.541,.498,C,JR
3903,Scottie Rice,840,2002-03,Elon,27,27,840,107,262,46,113,61,149,44,59,29,56,85,67,55,8,72,69,319,.408,.407,.409,.746,.550,.525,G,FR
3904,Shane Schilling,840,2003-04,Cal Poly,24,23,840,148,343,121,259,27,84,67,90,29,105,134,52,37,23,78,81,390,.431,.467,.321,.744,.506,.471,F,SR
3905,Todd Townsend,840,2002-03,Marquette,33,33,840,64,142,27,45,37,97,27,41,30,58,88,59,10,15,28,84,192,.451,.600,.381,.659,.595,.581,F,SO
3906,Travis Parker,840,2004-05,Penn State,30,27,840,117,258,75,143,42,115,67,93,51,111,162,49,28,4,68,80,343,.453,.524,.365,.720,.568,.535,F,JR
3907,Zakee Boyd,840,2004-05,Wright State,29,22,840,103,247,41,83,62,164,59,72,22,56,78,22,16,5,38,66,327,.417,.494,.378,.819,.581,.543,F,SO
3908,Antoine Jordan,839,2002-03,Siena,32,19,839,98,224,62,135,36,89,57,75,49,121,170,75,54,6,61,63,289,.438,.459,.404,.760,.557,.518,G,FR
3909,Daniel Gilbert,839,2003-04,Buffalo,29,29,839,102,197,76,119,26,78,25,37,55,68,123,34,50,10,44,86,255,.518,.639,.333,.676,.594,.584,G,JR
3910,Donte Gennie,839,2004-05,Georgia Southern,31,18,839,119,252,95,180,24,72,47,62,44,56,100,73,52,3,46,63,309,.472,.528,.333,.758,.549,.520,G,SO
3911,Jason Thomas,839,2003-04,American,31,28,839,77,181,42,81,35,100,24,37,25,104,129,28,32,3,48,81,213,.425,.519,.350,.649,.536,.522,G,JR
3912,Jerald Fields,839,2002-03,East Tennessee State,31,28,839,136,249,120,205,16,44,94,131,61,139,200,53,48,41,74,101,382,.546,.585,.364,.718,.614,.578,F,JR
3913,Joey Mundweiler,839,2006-07,Wagner,30,20,839,114,290,25,52,89,238,31,39,3,47,50,39,18,1,43,70,348,.393,.481,.374,.795,.564,.547,G,SO
3914,Josh Hausfeld,839,2003-04,Miami (OH),29,29,839,78,196,28,51,50,145,11,15,8,32,40,62,29,4,40,77,217,.398,.549,.345,.733,.534,.526,G,SO
3915,Louis Smith,839,2003-04,Loyola Chicago,29,24,839,74,171,64,127,10,44,26,56,30,89,119,53,41,39,56,90,184,.433,.504,.227,.464,.466,.462,G,SR
3916,Majak Kou,839,2005-06,Loyola Chicago,30,16,839,145,322,94,172,51,150,43,61,32,109,141,50,47,45,49,87,384,.450,.547,.340,.705,.547,.530,G,JR
3917,Mike English,839,2004-05,Kansas City,27,22,839,137,277,130,251,7,26,145,193,63,99,162,91,38,35,82,82,426,.495,.518,.269,.751,.578,.507,F,SR
3918,Mike Mitchell,839,2005-06,New Mexico State,24,20,839,106,243,67,139,39,104,41,59,30,59,89,62,45,1,58,69,292,.436,.482,.375,.695,.539,.516,G,SR
3919,Richard Hendrix,839,2005-06,Alabama,31,22,839,108,194,108,193,0,1,75,116,94,153,247,25,24,48,55,80,291,.557,.560,.000,.647,.584,.557,F,FR
3920,Ronnie Burrell,839,2003-04,UNC Greensboro,27,26,839,156,267,154,263,2,4,102,127,75,115,190,37,33,26,63,65,416,.584,.586,.500,.803,.635,.588,F,JR
3921,Sean May,839,2003-04,North Carolina,29,29,839,163,352,163,348,0,4,115,167,100,185,285,40,40,36,69,76,441,.463,.468,.000,.689,.511,.463,C,SO
3922,Sharif Chambliss,839,2004-05,Wisconsin,34,30,839,81,226,21,72,60,154,33,49,4,78,82,95,20,0,41,65,255,.358,.292,.390,.673,.511,.491,G,SR
3923,Simplice Njoya,839,2002-03,Duquesne,30,26,839,78,187,68,162,10,25,65,96,55,95,150,21,23,17,81,104,231,.417,.420,.400,.677,.497,.444,F,SO
3924,Stetson Hairston,839,2003-04,Southern Illinois,30,29,839,98,224,70,139,28,85,49,62,45,82,127,80,47,5,45,66,273,.438,.504,.329,.790,.539,.500,G,JR
3925,Tychicus Snow,839,2006-07,Mississippi Valley State,34,32,839,68,197,21,64,47,133,37,58,8,34,42,77,21,1,62,41,220,.345,.328,.353,.638,.490,.464,G,SR
3926,Tyler Relph,839,2006-07,St. Bonaventure,29,23,839,94,250,28,73,66,177,31,36,13,54,67,52,20,1,37,56,285,.376,.384,.373,.861,.534,.508,G,JR
3927,Armondo Surratt,838,2006-07,San Francisco,24,23,838,126,296,77,154,49,142,35,44,5,38,43,83,39,4,62,53,336,.426,.500,.345,.795,.530,.508,G,SR
3928,Blake Hamilton,838,2002-03,Monmouth,28,28,838,102,231,94,198,8,33,100,147,45,69,114,48,19,14,65,90,312,.442,.475,.242,.680,.519,.459,F,SO
3929,C.C. Williams,838,2006-07,Towson,32,21,838,65,155,54,107,11,48,50,66,17,73,90,131,43,5,77,74,191,.419,.505,.229,.758,.512,.455,G,JR
3930,Da'Sean Butler,838,2006-07,West Virginia,36,0,838,135,281,96,168,39,113,53,80,47,80,127,37,46,3,46,68,362,.480,.571,.345,.663,.567,.550,F,FR
3931,Derek Wright,838,2005-06,Austin Peay,31,31,838,68,149,56,105,12,44,42,53,4,68,72,112,47,0,72,55,190,.456,.533,.273,.792,.545,.497,G,SO
3932,Dexter Lyons,838,2002-03,Central Florida,30,21,838,106,226,81,143,25,83,58,77,40,111,151,79,39,8,57,74,295,.469,.566,.301,.753,.562,.524,F,JR
3933,Dillion Sneed,838,2004-05,East Tennessee State,29,24,838,111,200,111,199,0,1,59,123,97,178,275,10,9,20,71,81,281,.555,.558,.000,.480,.544,.555,F,JR
3934,D'Or Fischer,838,2003-04,West Virginia,31,21,838,133,237,133,236,0,1,69,89,70,122,192,28,19,124,54,93,335,.561,.564,.000,.775,.600,.561,C,JR
3935,Elton Nesbitt,838,2003-04,Georgia Southern,29,28,838,154,381,87,193,67,188,80,102,27,82,109,105,66,4,75,67,455,.404,.451,.356,.784,.530,.492,G,SO
3936,Josh Powell,838,2002-03,NC State,31,31,838,144,252,135,228,9,24,88,119,74,89,163,31,19,41,76,88,385,.571,.592,.375,.739,.624,.589,F,SO
3937,J.R. Wallace,838,2002-03,Central Michigan,32,32,838,163,329,104,181,59,148,73,84,32,60,92,105,51,0,89,91,458,.495,.575,.399,.869,.621,.585,G,SR
3938,J.T. Williams,838,2005-06,McNeese State,28,28,838,147,342,81,177,66,165,81,107,50,105,155,35,47,22,64,82,441,.430,.458,.400,.757,.561,.526,F,SR
3939,Kelly Williams,838,2003-04,Oakland,30,24,838,57,162,25,62,32,100,26,32,38,77,115,67,35,7,41,65,172,.352,.403,.320,.813,.485,.451,F,SR
3940,Lawrence Roberts III,838,2002-03,Baylor,26,26,838,133,316,122,274,11,42,119,174,103,168,271,40,45,29,61,67,396,.421,.445,.262,.684,.497,.438,F,SO
3941,Lenny Collins,838,2002-03,Cornell,27,21,838,81,195,50,110,31,85,28,35,32,107,139,46,34,5,63,46,221,.415,.455,.365,.800,.522,.495,F,FR
3942,Martin Osimani,838,2004-05,Duquesne,30,29,838,62,159,35,76,27,83,42,48,7,55,62,151,29,5,71,75,193,.390,.461,.325,.875,.531,.475,G,SR
3943,Mike Nelson,838,2005-06,North Dakota State,28,14,838,123,246,83,156,40,90,54,60,29,74,103,47,22,4,47,52,340,.500,.532,.444,.900,.619,.581,G,FR
3944,Mitch Henke,838,2005-06,Santa Clara,29,29,838,90,205,70,150,20,55,72,98,54,107,161,68,25,16,69,85,272,.439,.467,.364,.735,.541,.488,F,SO
3945,Quincy Douby,838,2003-04,Rutgers,33,5,838,136,320,67,158,69,162,71,86,22,41,63,56,27,13,64,54,412,.425,.424,.426,.826,.571,.533,G,FR
3946,J. Robert Merritt,838,2003-04,Samford,28,27,838,103,233,45,88,58,145,48,61,25,84,109,72,24,6,49,55,312,.442,.511,.400,.787,.595,.567,F,SO
3947,Rory Lawrence,838,2006-07,McNeese State,32,4,838,62,157,41,93,21,64,20,30,36,53,89,69,41,6,49,55,165,.395,.441,.328,.667,.482,.462,F,JR
3948,Sean Axani,838,2003-04,Rutgers,33,32,838,78,155,76,149,2,6,27,49,80,141,221,39,34,34,38,109,185,.503,.510,.333,.551,.519,.510,F,SR
3949,Sean Taibi,838,2005-06,Northern Colorado,29,27,838,149,325,65,132,84,193,63,74,21,56,77,52,26,7,61,51,445,.458,.492,.435,.851,.618,.588,G,SO
3950,Tahj Holden,838,2002-03,Maryland,30,25,838,81,199,64,145,17,54,81,114,34,98,132,53,37,59,45,87,260,.407,.441,.315,.711,.514,.450,C,SR
3951,Tim Ellis,838,2003-04,Kansas State,28,28,838,143,282,111,190,32,92,69,85,50,94,144,59,21,11,42,53,387,.507,.584,.348,.812,.600,.564,G,SR
3952,Todd Hendley,838,2005-06,UNC Wilmington,33,31,838,131,257,118,224,13,33,70,92,63,69,132,17,14,5,51,110,345,.510,.527,.394,.761,.574,.535,F,SO
3953,Wayne Hunter,838,2006-07,St. Mary's (CA),31,24,838,97,248,76,155,21,93,59,95,30,69,99,35,16,4,63,76,274,.391,.490,.226,.621,.467,.433,G,SO
3954,Alvin Green,837,2004-05,Coastal Carolina,29,23,837,75,211,47,129,28,82,24,41,30,65,95,97,42,0,55,57,202,.355,.364,.341,.585,.438,.422,G,SR
3955,Brad Boyd,837,2002-03,Louisiana–Lafayette,27,25,837,145,366,41,87,104,279,60,73,13,57,70,79,32,4,69,43,454,.396,.471,.373,.822,.567,.538,G,JR
3956,Herve Lamizana,837,2002-03,Rutgers,28,28,837,114,266,98,223,16,43,54,83,59,120,179,56,39,83,51,89,298,.429,.439,.372,.651,.488,.459,F,JR
3957,John Sharper,837,2005-06,San Diego State,33,3,837,94,222,15,34,79,188,24,27,11,34,45,29,17,1,30,47,291,.423,.441,.420,.889,.620,.601,G,SR
3958,Kirk Archibeque,837,2004-05,Northern Colorado,29,24,837,136,234,136,233,0,1,82,141,65,108,173,38,20,21,77,88,354,.581,.584,.000,.582,.588,.581,C,FR
3959,Matt Walsh,837,2004-05,Florida,28,24,837,126,278,57,116,69,162,87,106,11,91,102,85,28,7,69,51,408,.453,.491,.426,.821,.621,.577,F,JR
3960,Nick Monserez,837,2004-05,Lehigh,29,29,837,78,194,34,79,44,115,52,73,27,110,137,29,29,11,31,64,252,.402,.430,.383,.712,.551,.515,G,SR
3961,Ron Larris,837,2006-07,Georgia State,31,25,837,43,110,16,46,27,64,41,59,7,59,66,89,27,0,59,40,154,.391,.348,.422,.695,.558,.514,G,JR
3962,Thomas Stephens,837,2002-03,Ohio,30,27,837,62,154,39,82,23,72,31,40,12,42,54,75,29,8,52,78,178,.403,.476,.319,.775,.514,.477,G,JR
3963,T.J. Carter,837,2005-06,UNC Wilmington,32,21,837,154,364,101,219,53,145,75,87,35,95,130,62,42,6,41,77,436,.423,.461,.366,.862,.538,.496,G,JR
3964,Aaron Jackson,836,2005-06,Duquesne,27,21,836,67,160,50,111,17,49,32,40,23,63,86,97,30,3,56,43,183,.419,.450,.347,.800,.511,.472,G,FR
3965,Chris Ross,836,2005-06,Marshall,28,28,836,60,149,59,137,1,12,51,83,10,88,98,128,54,4,96,63,172,.403,.431,.083,.614,.456,.406,G,JR
3966,Cortney Scott,836,2002-03,Oakland,23,23,836,130,228,129,224,1,4,72,122,71,130,201,61,28,7,54,62,333,.570,.576,.250,.590,.582,.572,F,SO
3967,Dan Henry,836,2006-07,Weber State,32,32,836,88,215,80,173,8,42,61,90,34,96,130,51,29,4,70,69,245,.409,.462,.190,.678,.475,.428,F,SR
3968,David Schroeder,836,2005-06,Idaho State,26,26,836,149,324,81,163,68,161,35,47,34,86,120,47,28,8,63,57,401,.460,.497,.422,.745,.579,.565,G,JR
3969,Derek Glasser,836,2006-07,Arizona State,30,21,836,60,175,26,73,34,102,35,45,10,50,60,97,27,0,59,56,189,.343,.356,.333,.778,.481,.440,G,FR
3970,Devon Pearson,836,2005-06,SMU,29,25,836,118,296,102,229,16,67,54,78,87,155,242,34,34,13,48,58,306,.399,.445,.239,.692,.459,.426,F,JR
3971,Douglass McLaughlin-Williams,836,2005-06,Appalachian State,28,28,836,82,200,40,91,42,109,43,68,29,122,151,61,30,17,62,75,249,.410,.440,.385,.632,.536,.515,F,SO
3972,Eric Montalvo,836,2002-03,Texas–Pan American,30,28,836,95,273,67,172,28,101,56,90,40,80,120,58,48,4,58,76,274,.348,.390,.277,.622,.434,.399,G,SO
3973,Eric Moore,836,2006-07,Buffalo,28,21,836,116,296,41,104,75,192,42,66,13,64,77,64,36,4,83,55,349,.392,.394,.391,.636,.533,.519,C,SO
3974,Greg Brunner,836,2003-04,Iowa,29,26,836,123,224,117,207,6,17,64,115,80,159,239,44,20,32,54,81,316,.549,.565,.353,.557,.567,.563,F,SO
3975,J'mel Everhart,836,2006-07,The Citadel,27,26,836,88,166,83,142,5,24,42,69,72,104,176,42,26,7,67,50,223,.530,.585,.208,.609,.561,.545,F,SR
3976,Keith Jenifer,836,2004-05,Murray State,28,28,836,71,184,69,157,2,27,65,94,29,54,83,112,29,1,75,82,209,.386,.439,.074,.691,.457,.391,G,JR
3977,Maurice Barksdale,836,2005-06,Louisiana–Lafayette,29,15,836,52,160,23,70,29,90,61,83,17,72,89,75,54,0,78,58,194,.325,.329,.322,.735,.486,.416,G,JR
3978,Michael Haddix,836,2002-03,Siena,32,27,836,163,313,163,313,0,0,114,166,96,133,229,15,20,27,40,98,440,.521,.521,,.687,.561,.521,C,FR
3979,Rickey Evans,836,2003-04,Centenary (LA),28,28,836,91,263,70,163,21,100,66,106,,,80,73,43,10,,,269,.346,.429,.210,.623,.429,.386,G,SR
3980,Tyrone Hayes,836,2002-03,Idaho,28,28,836,125,265,111,229,14,36,103,129,71,114,185,26,33,40,69,79,367,.472,.485,.389,.798,.562,.498,F,SO
3981,Alex Kock,835,2003-04,Wright State,27,27,835,72,154,35,54,37,100,13,19,22,63,85,40,15,2,46,68,194,.468,.648,.370,.684,.595,.588,F,FR
3982,Corey Watkins,835,2002-03,Birmingham–Southern,27,26,835,100,226,62,119,38,107,71,88,43,75,118,44,36,1,51,65,309,.442,.521,.355,.807,.577,.527,G,SR
3983,Darnell Dialls,835,2005-06,Eastern Kentucky,30,26,835,88,153,88,152,0,1,38,73,59,122,181,34,22,17,40,83,214,.575,.579,.000,.521,.570,.575,F,SO
3984,Dawin Whiten,835,2006-07,Cal Poly,29,29,835,109,285,47,114,62,171,57,76,10,65,75,89,35,2,64,71,337,.382,.412,.363,.750,.525,.491,G,JR
3985,DeEarnest McLemore,835,2005-06,Wagner,25,25,835,92,201,79,166,13,35,56,90,7,62,69,115,23,5,56,41,253,.458,.476,.371,.622,.519,.490,G,SR
3986,Elijah Warren,835,2003-04,Detroit Mercy,29,29,835,116,276,59,117,57,159,46,60,33,80,113,45,32,4,49,69,335,.420,.504,.358,.767,.550,.524,F,SR
3987,Jared Homan,835,2002-03,Iowa State,31,29,835,87,196,87,195,0,1,60,84,94,104,198,15,19,58,43,104,234,.444,.446,.000,.714,.496,.444,C,SO
3988,Jarrett Hart,835,2003-04,Kansas State,27,22,835,102,259,61,155,41,104,48,62,6,90,96,85,20,1,49,47,293,.394,.394,.394,.774,.508,.473,G,SR
3989,Jawann McClellan,835,2006-07,Arizona,30,21,835,90,220,53,122,37,98,71,93,38,69,107,51,16,15,41,36,288,.409,.434,.378,.763,.545,.493,G,JR
3990,Jimmy Tricco,835,2003-04,Duquesne,29,29,835,99,239,41,82,58,157,21,26,17,78,95,61,19,9,34,64,277,.414,.500,.369,.808,.551,.536,G,SR
3991,Josh Boone,835,2003-04,Connecticut,38,37,835,97,175,97,175,0,0,32,79,105,116,221,26,20,63,29,63,226,.554,.554,,.405,.532,.554,C,FR
3992,JR Inman,835,2006-07,Rutgers,27,26,835,109,270,80,179,29,91,77,106,60,136,196,16,17,26,60,68,324,.404,.447,.319,.726,.506,.457,F,SO
3993,Kyle Cuffe,835,2002-03,St. John's (NY),32,27,835,90,231,78,189,12,42,51,84,82,92,174,26,26,19,38,76,243,.390,.413,.286,.607,.449,.416,F,JR
3994,Kyle Hornsby,835,2002-03,Indiana,34,21,835,80,208,26,66,54,142,11,17,26,67,93,54,17,4,19,61,225,.385,.394,.380,.647,.521,.514,G,SR
3995,Larry Cunningham,835,2006-07,UC Riverside,31,27,835,159,361,141,299,18,62,88,109,42,103,145,56,33,6,75,70,424,.440,.472,.290,.807,.514,.465,G,JR
3996,Mike Scott,835,2005-06,Kent State,34,23,835,76,167,61,114,15,53,70,100,44,122,166,29,24,11,46,66,237,.455,.535,.283,.700,.552,.500,F,SO
3997,Mike Williams,835,2002-03,Western Michigan,28,26,835,159,298,159,296,0,2,63,89,64,95,159,35,33,30,45,82,381,.534,.537,.000,.708,.560,.534,F,JR
3998,Ryan Grier,835,2003-04,Norfolk State,29,17,835,119,276,83,185,36,91,95,114,51,74,125,21,31,8,73,71,369,.431,.449,.396,.833,.559,.496,F,JR
3999,Ryan McDade,835,2002-03,Northern Arizona,28,28,835,206,411,203,398,3,13,88,168,89,152,241,24,29,25,50,86,503,.501,.510,.231,.524,.512,.505,F,SR
4000,Will Conroy,835,2003-04,Washington,31,25,835,117,260,75,127,42,133,104,146,22,59,81,142,20,0,78,72,380,.450,.591,.316,.712,.577,.531,G,JR
4001,Anthony King,834,2004-05,Miami (FL),29,29,834,75,141,75,141,0,0,32,65,97,134,231,19,21,86,32,59,182,.532,.532,,.492,.529,.532,C,SO
4002,Cass Matheus,834,2005-06,Utah State,32,32,834,123,208,123,208,0,0,44,68,66,125,191,17,16,41,48,102,290,.591,.591,,.647,.603,.591,C,SR
4003,Coleman Collins,834,2004-05,Virginia Tech,28,24,834,113,250,111,244,2,6,90,137,94,101,195,23,16,25,35,56,318,.452,.455,.333,.657,.505,.456,F,SO
4004,Diondre Larmond,834,2003-04,Bethune-Cookman,29,9,834,109,252,62,119,47,133,46,56,37,80,117,24,29,7,45,57,311,.433,.521,.353,.821,.558,.526,F,JR
4005,Drew Streicher,834,2006-07,Butler,36,2,834,56,87,48,67,8,20,25,30,45,59,104,24,18,15,23,108,145,.644,.716,.400,.833,.716,.690,G,JR
4006,Esa Maki-Tulokas,834,2004-05,LIU Brooklyn,29,29,834,85,160,60,99,25,61,35,54,57,113,170,35,17,13,64,90,230,.531,.606,.410,.648,.619,.609,F,SO
4007,James Denson,834,2003-04,Jacksonville State,28,26,834,104,251,49,108,55,143,28,46,63,86,149,45,48,17,38,95,291,.414,.454,.385,.609,.533,.524,G,SR
4008,Jason Horton,834,2005-06,Missouri,27,19,834,45,130,22,55,23,75,18,36,13,64,77,121,43,1,73,73,131,.346,.400,.307,.500,.445,.435,G,SO
4009,Jese Snyder,834,2004-05,Belmont,29,28,834,110,265,21,48,89,217,33,40,12,59,71,38,42,13,38,71,342,.415,.438,.410,.825,.602,.583,G,SR
4010,Keith Simmons,834,2004-05,Holy Cross,32,0,834,132,261,82,142,50,119,72,89,49,81,130,36,50,17,44,69,386,.506,.577,.420,.809,.636,.602,G,SO
4011,Lonnie Randolph,834,2003-04,Drake,28,28,834,104,261,79,170,25,91,106,144,41,77,118,106,70,0,103,54,339,.398,.465,.275,.736,.515,.446,G,JR
4012,Paul Marigney,834,2003-04,St. Mary's (CA),31,11,834,165,344,103,195,62,149,103,119,62,96,158,53,30,3,77,86,495,.480,.528,.416,.866,.618,.570,G,JR
4013,Paul Stoll,834,2006-07,Texas–Pan American,29,24,834,62,133,16,23,46,110,55,68,17,64,81,154,54,3,95,89,225,.466,.696,.418,.809,.681,.639,G,JR
4014,Ronny Turiaf,834,2003-04,Gonzaga,31,29,834,157,299,156,296,1,3,165,233,62,135,197,47,17,45,73,85,480,.525,.527,.333,.708,.586,.527,F,JR
4015,Shawan Robinson,834,2004-05,Clemson,32,17,834,117,287,48,116,69,171,41,49,20,72,92,94,32,2,71,53,344,.408,.414,.404,.837,.554,.528,G,JR
4016,Todd Abernethy,834,2004-05,Ole Miss,31,10,834,95,231,62,135,33,96,33,49,17,69,86,82,27,3,39,50,256,.411,.459,.344,.673,.503,.483,G,SO
4017,Tony Bennett,834,2004-05,Bradley,28,28,834,122,288,99,217,23,71,62,85,41,60,101,68,51,5,70,88,329,.424,.456,.324,.729,.501,.464,G,JR
4018,Tony Bowne,834,2002-03,Central Michigan,32,23,834,57,117,31,58,26,59,18,24,32,73,105,105,27,0,55,72,158,.487,.534,.441,.750,.615,.598,G,SO
4019,Trey Johnson III,834,2003-04,Alcorn State,29,26,834,101,244,67,162,34,82,82,105,15,56,71,78,0,0,71,45,318,.414,.414,.415,.781,.541,.484,G,FR
4020,Wayne Bernard,834,2002-03,Davidson,27,27,834,134,321,78,174,56,147,85,102,24,65,89,147,47,5,129,72,409,.417,.448,.381,.833,.554,.505,G,SR
4021,Aaron Gill,833,2003-04,Radford,28,27,833,83,172,76,147,7,25,49,87,70,127,197,24,48,22,36,66,222,.483,.517,.280,.563,.520,.503,F,SR
4022,Alex Gamboa,833,2003-04,Yale,27,26,833,87,206,41,90,46,116,24,33,5,57,62,103,29,3,73,70,244,.422,.456,.397,.727,.550,.534,G,JR
4023,Anthony Drejaj,833,2003-04,Saint Louis,32,13,833,73,178,36,76,37,102,25,43,9,66,75,70,37,1,52,75,208,.410,.474,.363,.581,.524,.514,G,SO
4024,Bashir Mason,833,2004-05,Drexel,28,27,833,66,202,48,149,18,53,74,104,24,41,65,101,37,9,51,55,224,.327,.322,.340,.712,.446,.371,G,SO
4025,Corey Cofield,833,2004-05,William & Mary,29,27,833,119,248,119,248,0,0,144,179,79,121,200,26,21,17,88,72,382,.480,.480,,.804,.574,.480,F,SO
4026,Corey Hassan,833,2005-06,Boston University,28,28,833,101,279,34,86,67,193,63,78,17,85,102,45,24,1,48,53,332,.362,.395,.347,.808,.525,.482,F,FR
4027,David Heck,833,2005-06,Utah Valley State,29,21,833,111,266,68,155,43,111,59,70,38,81,119,74,20,23,60,76,324,.417,.439,.387,.843,.541,.498,F,SO
4028,Drew Gibson,833,2006-07,Wofford,25,25,833,108,274,86,193,22,81,82,117,16,96,112,136,56,4,75,63,320,.394,.446,.272,.701,.485,.434,G,JR
4029,Eric Flato,833,2005-06,Yale,29,28,833,110,261,49,112,61,149,47,63,11,48,59,84,34,0,80,36,328,.421,.438,.409,.746,.564,.538,G,SO
4030,Joe Martin,833,2005-06,Alabama A&M,26,24,833,139,317,123,245,16,72,68,128,102,150,252,48,26,11,61,59,362,.438,.502,.222,.531,.479,.464,F,SR
4031,Jonathan Woods,833,2002-03,Fresno State,28,20,833,115,247,107,231,8,16,30,46,69,91,160,32,15,26,44,68,268,.466,.463,.500,.652,.498,.482,F,JR
4032,Matt Stehle,833,2003-04,Harvard,27,27,833,135,259,127,231,8,28,88,122,61,129,190,34,42,43,84,105,366,.521,.550,.286,.721,.577,.537,F,SO
4033,Michael Williams,833,2002-03,Bethune-Cookman,30,19,833,54,114,54,112,0,2,28,39,91,108,199,32,32,9,56,111,136,.474,.482,.000,.718,.513,.474,C,FR
4034,Mohamed Hachad,833,2004-05,Northwestern,31,21,833,108,225,93,161,15,64,37,72,34,102,136,46,42,10,56,84,268,.480,.578,.234,.514,.517,.513,G,JR
4035,Moussa Diagne,833,2006-07,Furman,31,31,833,151,316,118,232,33,84,76,93,46,102,148,21,17,24,70,81,411,.478,.509,.393,.817,.571,.530,F,SR
4036,Nate Robinson,833,2003-04,Washington,31,21,833,138,309,92,179,46,130,87,102,52,69,121,84,53,3,61,75,409,.447,.514,.354,.853,.572,.521,G,SO
4037,Nathan Mann,833,2006-07,William & Mary,30,27,833,97,251,43,84,54,167,26,33,12,89,101,63,20,2,45,49,274,.386,.512,.323,.788,.514,.494,G,JR
4038,Oliver Holmes,833,2003-04,UNC Asheville,29,29,833,90,209,62,124,28,85,51,70,43,97,140,66,34,9,64,75,259,.431,.500,.329,.729,.535,.498,F,SO
4039,Paul Johnson,833,2005-06,Rider,28,27,833,77,158,46,88,31,70,28,53,57,110,167,86,23,13,63,72,213,.487,.523,.443,.528,.581,.585,F,SR
4040,Rhasheed Peterson,833,2002-03,Albany (NY),28,23,833,123,302,59,135,64,167,21,34,20,116,136,19,20,13,24,79,331,.407,.437,.383,.618,.520,.513,F,SR
4041,Steven Thomas,833,2005-06,UT Arlington,29,29,833,140,254,140,252,0,2,104,169,98,136,234,68,29,21,88,72,384,.551,.556,.000,.615,.574,.551,F,SR
4042,Tony Darden,833,2002-03,Long Beach State,27,20,833,124,309,45,110,79,199,102,123,13,46,59,65,17,2,87,63,429,.401,.409,.397,.829,.584,.529,G,SR
4043,Will Sheridan,833,2004-05,Villanova,32,29,833,61,123,61,123,0,0,40,54,77,107,184,17,34,35,34,107,162,.496,.496,,.741,.545,.496,F,SO
4044,Andrew Zidar,832,2003-04,Colgate,29,29,832,116,219,101,180,15,39,29,49,52,138,190,53,27,6,61,80,276,.530,.561,.385,.592,.570,.564,C,JR
4045,Antonio Cool,832,2005-06,Jacksonville,27,27,832,160,349,105,191,55,158,40,54,23,75,98,41,24,5,37,35,415,.458,.550,.348,.741,.554,.537,F,SR
4046,Antwan Hardy,832,2004-05,Stony Brook,28,21,832,103,283,57,151,46,132,55,70,17,58,75,39,29,5,59,57,307,.364,.377,.348,.786,.485,.445,G,FR
4047,Cory Sims,832,2004-05,Northern Illinois,28,22,832,88,216,77,188,11,28,82,107,27,56,83,133,35,0,83,70,269,.407,.410,.393,.766,.504,.433,G,JR
4048,Hector Hernandez,832,2005-06,Fresno State,28,28,832,98,225,66,134,32,91,22,37,67,86,153,19,18,30,21,64,250,.436,.493,.352,.595,.515,.507,F,SO
4049,Joe McCray,832,2004-05,Nebraska,28,24,832,143,360,63,134,80,226,67,93,34,106,140,35,32,3,72,56,433,.397,.470,.354,.720,.536,.508,G,FR
4050,Justin Ingram,832,2004-05,Toledo,29,29,832,89,222,48,110,41,112,50,62,21,96,117,92,53,4,65,53,269,.401,.436,.366,.806,.535,.493,G,SO
4051,Mike Christensen,832,2005-06,New Hampshire,29,22,832,84,247,48,122,36,125,68,96,23,100,123,51,13,7,74,59,272,.340,.393,.288,.708,.465,.413,F,SO
4052,Rhet Wierzba,832,2003-04,Austin Peay,32,25,832,63,174,27,60,36,114,34,55,25,75,100,53,31,5,41,70,196,.362,.450,.316,.618,.490,.466,G,SR
4053,Shawn James,832,2005-06,Northeastern,30,29,832,140,265,116,212,24,53,67,87,67,170,237,44,24,196,48,88,371,.528,.547,.453,.770,.606,.574,F,SO
4054,Trey Guidry,832,2003-04,Illinois State,29,11,832,142,327,56,140,86,187,72,83,13,79,92,30,25,2,62,76,442,.434,.400,.460,.867,.603,.566,G,JR
4055,Austin Ainge,831,2004-05,Brigham Young,30,23,831,97,226,58,113,39,113,52,66,11,77,88,124,32,1,97,54,285,.429,.513,.345,.788,.554,.515,G,SO
4056,Brandon Foust,831,2006-07,Southeast Missouri State,31,28,831,133,276,103,192,30,84,76,127,69,105,174,51,33,26,54,47,372,.482,.536,.357,.598,.553,.536,F,JR
4057,Cartier Martin,831,2004-05,Kansas State,29,28,831,112,239,79,161,33,78,48,70,46,93,139,53,25,3,42,72,305,.469,.491,.423,.686,.560,.538,F,SO
4058,Elgrace Wilborn,831,2005-06,Western Kentucky,30,30,831,113,165,113,165,0,0,33,76,71,102,173,18,24,78,53,57,259,.685,.685,,.434,.644,.685,F,SR
4059,Eugene Harris,831,2006-07,High Point,32,10,831,93,209,36,65,57,144,25,36,22,42,64,62,33,0,48,60,268,.445,.554,.396,.694,.593,.581,G,FR
4060,Freddie Stanback,831,2004-05,Loyola (MD),28,24,831,90,225,54,130,36,95,53,75,52,92,144,37,19,3,55,63,269,.400,.415,.379,.707,.516,.480,F,FR
4061,J.R. Giddens,831,2004-05,Kansas,30,21,831,111,275,48,88,63,187,17,25,15,99,114,41,25,22,48,54,302,.404,.545,.337,.680,.526,.518,G,SO
4062,Justin Rose,831,2005-06,Central Florida,28,27,831,108,229,77,151,31,78,46,74,36,124,160,96,43,18,61,74,293,.472,.510,.397,.622,.555,.539,G,SR
4063,Lamar Barrett,831,2006-07,Longwood,31,29,831,69,207,58,158,11,49,32,50,61,88,149,55,26,29,62,87,181,.333,.367,.224,.640,.392,.360,F,JR
4064,Lazar Trifunovic,831,2006-07,Binghamton,29,24,831,126,255,126,254,0,1,63,97,55,133,188,39,12,2,78,73,315,.494,.496,.000,.649,.523,.494,F,FR
4065,Lehmon Colbert,831,2006-07,Jacksonville,29,28,831,132,264,102,181,30,83,44,74,59,93,152,32,16,14,67,78,338,.500,.564,.361,.595,.565,.557,F,FR
4066,Lorenzo Mata-Real,831,2006-07,UCLA,36,36,831,102,159,102,158,0,1,35,94,67,129,196,12,14,42,30,98,239,.642,.646,.000,.372,.587,.642,C,JR
4067,Luke Schenscher,831,2004-05,Georgia Tech,32,32,831,132,245,131,241,1,4,57,89,84,151,235,40,22,56,60,78,322,.539,.544,.250,.640,.560,.541,C,SR
4068,Luke Whitehead,831,2003-04,Louisville,29,24,831,119,263,113,244,6,19,78,109,78,145,223,41,32,16,46,68,322,.452,.463,.316,.716,.511,.464,F,SR
4069,Marvin Moss,831,2005-06,Montana State,30,30,831,132,275,119,234,13,41,67,121,53,133,186,82,12,13,80,78,344,.480,.509,.317,.554,.517,.504,F,SR
4070,Mindaugas Katelynas,831,2004-05,Chattanooga,31,31,831,135,247,116,202,19,45,77,123,83,192,275,45,23,10,71,82,366,.547,.574,.422,.626,.599,.585,F,SR
4071,Serge Angounou,831,2004-05,Arizona State,32,32,831,113,250,110,232,3,18,30,49,68,141,209,27,31,12,38,90,259,.452,.474,.167,.612,.474,.458,F,SO
4072,Antwan Harrison,830,2006-07,Coppin State,32,30,830,110,239,106,226,4,13,69,107,32,60,92,27,24,8,65,99,293,.460,.469,.308,.645,.505,.469,G,JR
4073,Charles White,830,2002-03,Charleston Southern,28,26,830,137,230,137,230,0,0,65,93,76,80,156,26,24,25,47,73,339,.596,.596,,.699,.618,.596,F,SR
4074,Chris Brown,830,2003-04,Chattanooga,30,29,830,117,250,73,139,44,111,41,55,60,77,137,81,42,28,64,59,319,.468,.525,.396,.745,.578,.556,F,JR
4075,Ekene Ibekwe,830,2006-07,Maryland,33,32,830,124,251,124,250,0,1,96,151,95,161,256,27,32,88,85,108,344,.494,.496,.000,.636,.533,.494,F,SR
4076,Garrett Richardson,830,2002-03,Tennessee State,27,26,830,124,306,98,216,26,90,67,94,20,87,107,111,60,8,91,45,341,.405,.454,.289,.713,.486,.448,G,JR
4077,Jamar Howard,830,2002-03,Wichita State,30,30,830,141,279,123,239,18,40,125,182,68,107,175,63,41,15,87,108,425,.505,.515,.450,.687,.581,.538,F,SO
4078,Ja'Ron Jefferson,830,2004-05,Montana State,28,26,830,122,276,90,186,32,90,86,107,29,85,114,61,43,5,71,74,362,.442,.484,.356,.804,.554,.500,G,FR
4079,Jason Thompson,830,2004-05,Rider,30,21,830,104,236,98,210,6,26,60,91,85,136,221,45,21,29,46,77,274,.441,.467,.231,.659,.491,.453,C,FR
4080,Joey Walker,830,2002-03,UT Martin,26,25,830,162,281,152,252,10,29,81,111,65,122,187,66,30,25,71,76,415,.577,.603,.345,.730,.622,.594,F,SR
4081,Kamarr Davis,830,2003-04,Montana,28,26,830,127,228,119,204,8,24,132,167,60,116,176,31,19,14,68,94,394,.557,.583,.333,.790,.641,.575,F,JR
4082,Keenan Jeppesen,830,2005-06,Brown,27,24,830,103,236,88,173,15,63,79,135,28,108,136,49,51,18,85,46,300,.436,.509,.238,.585,.500,.468,G,SO
4083,Kyle Anslinger,830,2004-05,Evansville,28,24,830,87,193,37,63,50,130,27,35,23,65,88,35,12,0,29,46,251,.451,.587,.385,.771,.599,.580,G,SO
4084,Lorenzo Williams,830,2006-07,Rice,29,22,830,95,208,67,127,28,81,45,63,9,64,73,146,38,0,77,46,263,.457,.528,.346,.714,.553,.524,G,SR
4085,Malik Hairston,830,2004-05,Oregon,27,27,830,145,285,122,216,23,69,42,89,46,89,135,52,15,9,58,62,355,.509,.565,.333,.472,.542,.549,G,FR
4086,Olumuyiwa Popoola,830,2002-03,Radford,30,28,830,85,240,58,158,27,82,59,73,36,63,99,29,24,5,43,83,256,.354,.367,.329,.808,.466,.410,G,SO
4087,Patrick Beilein,830,2005-06,West Virginia,33,1,830,86,242,19,39,67,203,24,30,12,59,71,73,36,2,33,55,263,.355,.487,.330,.800,.513,.494,G,SR
4088,Randy Foye,830,2002-03,Villanova,31,29,830,110,304,81,208,29,96,69,83,29,81,110,90,30,7,110,101,318,.362,.389,.302,.831,.463,.410,G,FR
4089,Ray Trowell,830,2003-04,Chattanooga,30,24,830,82,199,64,134,18,65,79,95,8,63,71,142,42,6,74,62,261,.412,.478,.277,.832,.535,.457,G,SR
4090,Will Gant,830,2005-06,Howard,29,21,830,104,236,44,84,60,152,40,49,18,63,81,47,34,3,60,60,308,.441,.524,.395,.816,.594,.568,G,JR
4091,Andre Bynum,829,2003-04,Radford,28,27,829,45,132,34,78,11,54,21,32,12,55,67,87,43,6,61,97,122,.341,.436,.204,.656,.414,.383,G,SO
4092,Andrew Hershberger,829,2005-06,Western Michigan,31,30,829,98,259,90,228,8,31,48,72,81,124,205,24,29,27,41,83,252,.378,.395,.258,.667,.430,.394,F,SO
4093,Anthony Drejaj,829,2004-05,Saint Louis,30,19,829,64,198,36,101,28,97,40,58,13,81,94,77,44,2,65,71,196,.323,.356,.289,.690,.434,.394,G,JR
4094,Austin Ewing,829,2006-07,North Carolina A&T,30,27,829,82,239,24,70,58,169,103,119,10,58,68,60,34,0,75,53,325,.343,.343,.343,.866,.550,.464,G,JR
4095,Bingo Merriex,829,2002-03,TCU,27,21,829,128,303,87,170,41,133,44,84,60,143,203,39,20,11,50,56,341,.422,.512,.308,.524,.497,.490,F,SR
4096,Clif Douglass,829,2005-06,Alcorn State,28,21,829,101,256,32,82,69,174,48,71,25,56,81,28,31,15,58,51,319,.395,.390,.397,.676,.551,.529,G,JR
4097,Darryl Hudson,829,2005-06,Howard,29,18,829,97,208,94,197,3,11,153,206,58,90,148,41,28,7,68,75,350,.466,.477,.273,.743,.572,.474,F,JR
4098,David DuBois,829,2005-06,Idaho,29,27,829,104,244,98,214,6,30,31,53,60,78,138,21,28,6,36,66,245,.426,.458,.200,.585,.455,.439,G,FR
4099,Deangelo Woodall,829,2002-03,IPFW,30,29,829,68,151,55,103,13,48,46,74,16,52,68,114,59,6,76,62,195,.450,.534,.271,.622,.524,.493,G,SR
4100,Dezmon Harris,829,2006-07,Weber State,32,19,829,112,216,84,146,28,70,95,122,9,62,71,78,26,0,98,64,347,.519,.575,.400,.779,.633,.583,G,JR
4101,Donatas Zavackas,829,2002-03,Pittsburgh,31,30,829,93,192,42,77,51,115,76,94,46,94,140,61,10,3,41,79,313,.484,.545,.443,.809,.661,.617,F,SR
4102,Elton Brown,829,2004-05,Virginia,29,23,829,144,301,143,294,1,7,82,151,75,161,236,20,9,13,57,74,371,.478,.486,.143,.543,.498,.480,F,SR
4103,Jamie McNeilly,829,2004-05,New Orleans,30,26,829,86,198,68,156,18,42,40,55,14,52,66,100,18,7,60,66,230,.434,.436,.429,.727,.513,.480,G,SO
4104,J.D. Summers,829,2002-03,Western Illinois,28,28,829,116,272,61,135,55,137,66,82,51,80,131,69,22,4,65,93,353,.426,.452,.401,.805,.568,.528,F,JR
4105,Jelani Lawrence,829,2005-06,Saint Francis (PA),28,28,829,122,213,119,204,3,9,55,92,69,77,146,30,28,36,75,107,302,.573,.583,.333,.598,.588,.580,F,JR
4106,Jermareo Davidson,829,2004-05,Alabama,32,32,829,90,156,90,156,0,0,63,96,71,181,252,30,11,47,39,78,243,.577,.577,,.656,.603,.577,F,SO
4107,John Turek,829,2002-03,Nebraska,30,30,829,95,219,95,218,0,1,43,98,77,119,196,26,23,52,41,99,233,.434,.436,.000,.439,.439,.434,F,SO
4108,Justino Victoriano,829,2002-03,UTEP,30,28,829,98,179,98,179,0,0,49,90,64,190,254,25,23,27,97,114,245,.547,.547,,.544,.552,.547,F,SR
4109,Kevin Gardner,829,2005-06,Boston University,27,27,829,152,293,152,290,0,3,67,109,82,118,200,28,29,33,44,88,371,.519,.524,.000,.615,.538,.519,F,SR
4110,Shannon Brown,829,2004-05,Michigan State,33,31,829,126,282,95,188,31,94,78,92,37,67,104,57,41,5,60,52,361,.447,.505,.330,.848,.554,.502,G,SO
4111,Shawn Hawkins,829,2005-06,Long Beach State,30,25,829,138,288,90,167,48,121,68,97,60,119,179,25,21,8,53,68,392,.479,.539,.397,.701,.587,.563,F,SR
4112,Trayvean Scott,829,2002-03,Southern,29,20,829,64,177,56,116,8,61,17,34,13,55,68,141,36,11,66,69,153,.362,.483,.131,.500,.396,.384,G,SO
4113,Tyrus Thomas,829,2005-06,Louisiana State,32,21,829,152,250,151,249,1,1,90,137,90,205,295,42,33,99,59,82,395,.608,.606,1.000,.657,.627,.610,F,FR
4114,Andrew Drevo,828,2002-03,Nebraska,29,27,828,141,343,93,194,48,149,72,107,61,151,212,38,21,19,58,78,402,.411,.479,.322,.673,.510,.481,F,JR
4115,Chris Davis,828,2006-07,Southern,31,18,828,112,258,66,140,46,118,49,71,19,45,64,52,43,4,80,56,319,.434,.471,.390,.690,.547,.523,G,SO
4116,Chris Kramer,828,2006-07,Purdue,30,24,828,77,179,64,142,13,37,49,69,21,65,86,75,63,4,53,53,216,.430,.451,.351,.710,.510,.466,G,FR
4117,Dijon Thompson,828,2002-03,UCLA,28,17,828,155,312,127,236,28,76,55,74,53,78,131,78,41,15,80,62,393,.497,.538,.368,.743,.566,.542,G,SO
4118,Doron Perkins,828,2003-04,Santa Clara,32,30,828,129,310,85,177,44,133,125,176,53,86,139,76,63,12,69,93,427,.416,.480,.331,.710,.542,.487,G,JR
4119,Durrall Peterson,828,2005-06,Utah State,32,26,828,74,200,22,61,52,139,31,45,30,79,109,66,12,0,35,65,231,.370,.361,.374,.689,.522,.500,G,JR
4120,Fred Peete,828,2006-07,New Mexico State,31,27,828,93,232,57,136,36,96,73,106,32,92,124,81,45,6,51,73,295,.401,.419,.375,.689,.522,.478,G,JR
4121,Gordon Watt,828,2006-07,Purdue,34,33,828,93,199,78,156,15,43,41,76,63,104,167,48,35,19,52,102,242,.467,.500,.349,.539,.515,.505,F,SO
4122,Jason Coleman,828,2002-03,McNeese State,29,22,828,142,364,55,127,87,237,60,73,20,61,81,37,27,3,35,48,431,.390,.433,.367,.822,.541,.510,G,SR
4123,Jason McKrieth,828,2002-03,Rice,28,28,828,120,243,95,184,25,59,80,94,43,78,121,91,40,4,71,75,345,.494,.516,.424,.851,.600,.545,F,SO
4124,Jerrid Campbell,828,2005-06,Southern,32,30,828,75,175,74,173,1,2,47,92,95,108,203,59,23,28,71,81,198,.429,.428,.500,.511,.453,.431,C,SR
4125,Jonathon Modica,828,2003-04,Arkansas,28,23,828,157,340,120,226,37,114,111,142,59,66,125,34,21,2,62,65,462,.462,.531,.325,.782,.567,.516,G,SO
4126,Louis Hinnant,828,2004-05,Boston College,28,28,828,44,132,24,71,20,61,41,56,11,54,65,134,37,0,57,43,149,.333,.338,.328,.732,.470,.409,G,JR
4127,Luke Spencer-Gardner,828,2004-05,Oral Roberts,26,22,828,68,159,29,75,39,84,62,82,7,44,51,98,26,2,55,61,237,.428,.387,.464,.756,.599,.550,G,SR
4128,Marcus Smallwood,828,2003-04,Northern Illinois,27,25,828,155,305,155,305,0,0,75,140,76,177,253,50,20,34,80,76,385,.508,.508,,.536,.518,.508,G,SR
4129,Mustafa Al-Sayyad,828,2003-04,Fresno State,29,29,828,96,159,96,159,0,0,52,85,67,146,213,22,13,39,61,70,244,.604,.604,,.612,.612,.604,C,JR
4130,Ryan Grier,828,2002-03,Norfolk State,29,25,828,109,239,78,148,31,91,52,68,47,77,124,36,20,11,60,67,301,.456,.527,.341,.765,.555,.521,F,SO
4131,Terrence Williams,828,2005-06,Louisville,33,21,828,104,266,64,137,40,129,30,49,32,123,155,70,33,11,57,61,278,.391,.467,.310,.612,.481,.466,F,FR
4132,Troy Hailey,828,2003-04,Binghamton,30,28,828,100,253,54,124,46,129,44,73,15,67,82,73,22,1,79,75,290,.395,.435,.357,.603,.504,.486,G,FR
4133,Ugonna Onyekwe,828,2002-03,Pennsylvania,28,23,828,172,338,159,289,13,49,106,163,60,118,178,55,40,21,82,72,463,.509,.550,.265,.650,.557,.528,F,SR
4134,Wil Howard-Downs,828,2002-03,Belmont,29,28,828,56,127,29,57,27,70,27,43,13,31,44,56,37,1,54,50,166,.441,.509,.386,.628,.563,.547,G,JR
4135,Andrew Brown,827,2006-07,Lafayette,30,27,827,100,244,31,77,69,167,42,46,10,55,65,94,31,1,89,85,311,.410,.403,.413,.913,.585,.551,G,SO
4136,Anthony Myles,827,2002-03,Xavier,32,31,827,140,296,140,296,0,0,47,85,111,106,217,33,8,14,59,58,327,.473,.473,,.553,.486,.473,F,JR
4137,Ben Hansbrough,827,2006-07,Mississippi State,35,9,827,75,175,28,61,47,114,58,74,15,83,98,112,35,0,65,60,255,.429,.459,.412,.784,.607,.563,G,FR
4138,Brady Dawkins,827,2004-05,UT Arlington,28,22,827,56,167,11,30,45,137,22,29,4,45,49,111,18,1,81,42,179,.335,.367,.328,.759,.495,.470,G,JR
4139,Demeco Heath,827,2003-04,South Carolina State,29,28,827,102,214,96,188,6,26,52,82,41,96,137,85,48,14,95,83,262,.477,.511,.231,.634,.518,.491,G,JR
4140,Doug Wrenn,827,2002-03,Washington,27,23,827,131,324,122,283,9,41,63,119,55,102,157,51,28,25,71,84,334,.404,.431,.220,.529,.439,.418,F,JR
4141,Dwayne Williams,827,2002-03,Idaho,28,21,827,96,252,36,83,60,169,38,65,13,71,84,58,29,3,46,42,290,.381,.434,.355,.585,.513,.500,G,JR
4142,Greg Roberts,827,2005-06,North Carolina A&T,27,26,827,89,237,89,217,0,20,66,105,35,79,114,32,41,25,66,61,244,.376,.410,.000,.629,.425,.376,F,JR
4143,Jake Muhleisen,827,2003-04,Nebraska,31,31,827,84,180,57,104,27,76,44,56,26,75,101,54,36,11,40,72,239,.467,.548,.355,.786,.578,.542,G,JR
4144,Jamar Howard,827,2003-04,Wichita State,32,30,827,138,247,125,207,13,40,152,194,77,110,187,69,45,32,83,118,441,.559,.604,.325,.784,.650,.585,F,JR
4145,Jeff Parmer,827,2006-07,Florida Atlantic,30,25,827,110,230,95,175,15,55,61,84,55,109,164,52,22,24,63,98,296,.478,.543,.273,.726,.548,.511,F,JR
4146,Johwen Villegas,827,2005-06,Florida International,28,18,827,100,261,26,64,74,197,18,36,14,67,81,31,20,12,28,43,292,.383,.406,.376,.500,.525,.525,G,JR
4147,Jon Popofski,827,2005-06,Canisius,29,25,827,87,209,45,99,42,110,57,78,27,49,76,50,26,2,37,77,273,.416,.455,.382,.731,.555,.517,G,SR
4148,Jonathan Kelly,827,2005-06,Florida A&M,31,31,827,82,188,69,149,13,39,60,83,49,106,155,29,25,5,60,36,237,.436,.463,.333,.723,.521,.471,G,SR
4149,Keyon Boyd,827,2004-05,Tennessee Tech,29,29,827,79,196,46,113,33,83,47,66,32,62,94,106,52,8,74,70,238,.403,.407,.398,.712,.523,.487,G,JR
4150,O.J. Avworo,827,2006-07,Idaho,31,24,827,37,113,30,83,7,30,30,52,12,70,82,95,21,0,73,59,111,.327,.361,.233,.577,.403,.358,G,FR
4151,Troy Jackson,827,2005-06,Maryland Eastern Shore,29,15,827,136,323,81,182,55,141,54,73,38,60,98,62,32,3,79,80,381,.421,.445,.390,.740,.533,.506,G,FR
4152,Andres Rodriguez,826,2002-03,American,30,28,826,52,116,38,77,14,39,33,58,21,67,88,145,47,0,61,63,151,.448,.494,.359,.569,.526,.509,G,JR
4153,Bruce Carter,826,2006-07,Murray State,30,19,826,141,318,119,250,22,68,60,81,49,112,161,57,28,4,71,71,364,.443,.476,.324,.741,.511,.478,F,JR
4154,Collis Temple,826,2002-03,Louisiana State,32,32,826,117,269,60,117,57,152,55,71,33,79,112,55,28,11,61,65,346,.435,.513,.375,.775,.571,.541,G,SR
4155,Darren Cooper,826,2004-05,Portland,30,26,826,102,255,53,118,49,137,88,103,16,66,82,68,35,2,65,54,341,.400,.449,.358,.854,.561,.496,G,SO
4156,Devin Smith,826,2004-05,Virginia,26,24,826,152,339,89,161,63,178,62,82,35,123,158,24,23,21,50,60,429,.448,.553,.354,.756,.568,.541,F,SR
4157,Dion Dowell,826,2006-07,Houston,27,24,826,97,251,46,107,51,144,54,79,60,97,157,19,28,29,29,94,299,.386,.430,.354,.684,.518,.488,F,JR
4158,James Jackson,826,2003-04,Eastern Michigan,28,28,826,108,214,108,213,0,1,82,127,74,148,222,23,26,11,71,94,298,.505,.507,.000,.646,.543,.505,F,JR
4159,James Ulrich,826,2006-07,Wagner,30,30,826,144,301,137,277,7,24,102,170,69,132,201,46,21,24,66,107,397,.478,.495,.292,.600,.520,.490,F,JR
4160,Jeff Blackett,826,2004-05,Hawaii,29,25,826,115,260,114,256,1,4,51,68,65,97,162,74,18,15,35,60,282,.442,.445,.250,.750,.482,.444,F,SR
4161,Joseph Jones,826,2004-05,Texas A&M,31,31,826,142,246,141,243,1,3,109,174,78,147,225,26,23,39,55,96,394,.577,.580,.333,.626,.599,.579,C,FR
4162,Julien Mills,826,2004-05,Ball State,28,28,826,115,272,77,172,38,100,66,90,52,89,141,48,27,9,42,73,334,.423,.448,.380,.733,.531,.493,F,SO
4163,Luke Rogers,826,2006-07,Northwestern State,32,31,826,148,351,99,217,49,134,88,120,42,75,117,97,49,3,70,70,433,.422,.456,.366,.733,.531,.491,G,SR
4164,Marlon Williamson,826,2002-03,Youngstown State,29,28,826,79,214,45,114,34,100,44,64,23,53,76,144,64,1,101,81,236,.369,.395,.340,.688,.483,.449,G,SR
4165,Martin Klimes,826,2005-06,Vermont,30,30,826,130,227,130,227,0,0,82,174,49,112,161,29,20,19,59,109,342,.573,.573,,.471,.552,.573,F,JR
4166,Menelik Barbary,826,2006-07,San Jose State,30,22,826,158,297,158,297,0,0,51,112,72,122,194,17,13,49,65,88,367,.532,.532,,.455,.524,.532,C,SR
4167,Mike Gale,826,2003-04,Centenary (LA),28,28,826,100,197,97,183,3,14,51,73,,,78,52,45,17,,,254,.508,.530,.214,.699,.548,.515,G,SR
4168,Richard Delk,826,2006-07,Mississippi State,35,33,826,75,161,45,75,30,86,18,32,26,59,85,51,28,20,40,55,198,.466,.600,.349,.563,.562,.559,G,SO
4169,Royal Ivey,826,2002-03,Texas,33,33,826,92,194,80,149,12,45,65,84,38,61,99,54,31,4,44,94,261,.474,.537,.267,.774,.558,.505,G,JR
4170,Shamir McDaniel,826,2005-06,Sam Houston State,31,25,826,51,123,21,42,30,81,44,55,25,53,78,87,38,6,29,57,176,.415,.500,.370,.800,.590,.537,G,SO
4171,Sonny Troutman,826,2005-06,Ohio,30,30,826,91,219,65,127,26,92,55,77,26,58,84,83,58,3,69,70,263,.416,.512,.283,.714,.515,.475,F,JR
4172,Stephen Sir,826,2006-07,Northern Arizona,30,8,826,142,302,18,49,124,253,44,50,6,61,67,48,15,2,49,66,452,.470,.367,.490,.880,.694,.675,G,SR
4173,Ahmet Gueye,825,2005-06,Hawaii,26,26,825,126,225,126,225,0,0,66,106,65,136,201,32,13,65,59,87,318,.560,.560,,.623,.577,.560,F,JR
4174,Anthony Paez,825,2005-06,Stephen F. Austin,29,29,825,125,256,113,215,12,41,75,97,55,80,135,67,24,2,46,67,337,.488,.526,.293,.773,.558,.512,F,SR
4175,Anthony Price,825,2003-04,Tulsa,29,25,825,138,256,138,255,0,1,28,61,41,98,139,26,30,28,50,69,304,.539,.541,.000,.459,.533,.539,F,SO
4176,Brad Nuckles,825,2005-06,East Tennessee State,28,28,825,77,155,66,112,11,43,59,89,73,144,217,32,26,30,46,69,224,.497,.589,.256,.663,.568,.532,C,JR
4177,Brett Collins,825,2006-07,St. Mary's (CA),32,22,825,136,318,85,205,51,113,74,97,37,94,131,50,30,6,57,60,397,.428,.415,.451,.763,.545,.508,F,SR
4178,Brian Snider,825,2004-05,Western Michigan,28,26,825,88,205,67,130,21,75,35,55,50,95,145,87,32,4,58,61,232,.429,.515,.280,.636,.502,.480,G,JR
4179,Brody Boyd,825,2002-03,Iowa,30,9,825,93,251,38,73,55,178,51,69,15,48,63,43,35,1,33,46,292,.371,.521,.309,.739,.514,.480,G,JR
4180,Jakob Sigurdarson,825,2003-04,Birmingham–Southern,27,26,825,125,251,61,119,64,132,84,97,6,81,87,89,26,2,64,44,398,.498,.513,.485,.866,.670,.625,G,JR
4181,Jason Detrick,825,2003-04,Oklahoma,29,23,825,108,277,85,188,23,89,92,119,23,62,85,39,42,14,65,65,331,.390,.452,.258,.773,.496,.431,G,SR
4182,Jerome Gumbs,825,2005-06,San Francisco,28,25,825,116,234,92,166,24,68,46,62,74,81,155,34,31,6,56,65,302,.496,.554,.353,.742,.573,.547,G,SR
4183,John Grice,825,2002-03,Memphis,30,15,825,108,269,48,105,60,164,70,91,60,128,188,46,30,6,53,62,346,.401,.457,.366,.769,.554,.513,F,SR
4184,Justin Reed,825,2002-03,Ole Miss,28,26,825,159,326,139,279,20,47,92,126,47,100,147,30,35,27,63,94,430,.488,.498,.426,.730,.557,.518,F,JR
4185,Kevin Clancy,825,2002-03,Loyola Chicago,31,29,825,55,138,27,48,28,90,25,32,36,61,97,64,28,3,27,39,163,.399,.563,.311,.781,.532,.500,G,SR
4186,Marcus Shropshire,825,2003-04,TCU,29,20,825,127,322,51,130,76,192,49,53,14,60,74,71,22,3,57,46,379,.394,.392,.396,.925,.546,.512,G,JR
4187,Rahshon Clark,825,2005-06,Iowa State,30,27,825,141,285,96,164,45,121,66,86,67,99,166,41,43,31,43,84,393,.495,.585,.372,.767,.603,.574,F,SO
4188,Rod Earls,825,2006-07,Tulsa,31,30,825,106,274,37,105,69,169,67,76,22,88,110,62,39,6,57,54,348,.387,.352,.408,.882,.561,.513,G,JR
4189,Terry Williams,825,2003-04,Georgia Southern,29,28,825,101,262,33,67,68,195,81,90,7,62,69,158,65,18,67,79,351,.385,.493,.349,.900,.576,.515,G,JR
4190,Alain Laroche,824,2005-06,North Florida,23,23,824,139,289,111,216,28,73,112,129,71,141,212,59,25,13,71,59,418,.481,.514,.384,.868,.597,.529,F,SR
4191,Antoine Jordan,824,2004-05,Siena,30,19,824,75,227,58,151,17,76,61,79,60,115,175,61,50,11,49,74,228,.330,.384,.224,.772,.431,.368,G,JR
4192,Brandon Jenkins,824,2006-07,Louisville,34,28,824,58,171,31,69,27,102,33,51,17,66,83,60,36,3,39,57,176,.339,.449,.265,.647,.451,.418,G,SR
4193,Corey Hornsby,824,2004-05,Troy State,30,30,824,162,307,120,204,42,103,46,61,49,95,144,71,54,17,70,90,412,.528,.588,.408,.754,.613,.596,F,SR
4194,Corey Muirhead,824,2005-06,Western Carolina,30,18,824,130,267,112,214,18,53,82,119,55,98,153,71,45,4,74,84,360,.487,.523,.340,.689,.556,.521,F,SR
4195,David Lee,824,2004-05,Jacksonville,26,24,824,115,265,76,154,39,111,56,76,17,82,99,63,33,4,64,52,325,.434,.494,.351,.737,.540,.508,G,SR
4196,George Hill Jr,824,2004-05,IUPUI,29,21,824,114,218,93,167,21,51,61,86,61,70,131,65,41,7,47,83,310,.523,.557,.412,.709,.599,.571,G,FR
4197,James Poindexter,824,2004-05,Lipscomb,28,25,824,109,264,45,99,64,165,59,73,23,47,70,48,20,1,55,62,341,.413,.455,.388,.808,.571,.534,G,JR
4198,Jimmy Balderson,824,2006-07,Brigham Young,34,31,824,98,233,66,142,32,91,49,78,28,75,103,57,39,2,57,72,277,.421,.465,.352,.628,.513,.489,G,SR
4199,Josko Alujevic,824,2006-07,Loyola (MD),31,27,824,96,191,68,120,28,71,46,72,46,104,150,35,14,11,31,77,266,.503,.567,.394,.639,.591,.576,F,SR
4200,Leo Lightbourne,824,2004-05,Liberty,28,28,824,110,197,104,176,6,21,66,104,77,120,197,36,35,11,39,75,292,.558,.591,.286,.635,.593,.574,F,SR
4201,Nic Campbell,824,2005-06,UC Irvine,29,28,824,104,212,43,75,61,137,36,50,29,93,122,57,20,4,44,67,305,.491,.573,.445,.720,.647,.634,G,JR
4202,Robert Johnson,824,2002-03,Oregon,33,33,824,93,160,92,159,1,1,64,96,82,131,213,34,28,19,55,96,251,.581,.579,1.000,.667,.610,.584,F,SR
4203,Romeo Travis,824,2004-05,Akron,29,21,824,131,249,125,237,6,12,77,124,88,127,215,60,35,45,62,72,345,.526,.527,.500,.621,.560,.538,F,SO
4204,Sam Dolan,824,2006-07,Mercer,30,30,824,94,186,94,185,0,1,54,81,,,167,30,11,17,,,242,.505,.508,.000,.667,.539,.505,C,JR
4205,Sean Marshall,824,2003-04,Boston College,34,34,824,99,267,57,122,42,145,32,48,28,64,92,64,20,6,53,41,272,.371,.467,.290,.667,.469,.449,G,FR
4206,Sheiku Kabba,824,2002-03,Providence,31,16,824,100,257,52,110,48,147,61,74,25,58,83,75,56,2,59,75,309,.389,.473,.327,.824,.529,.482,G,JR
4207,Steven Hill,824,2006-07,Arkansas,35,31,824,93,145,93,144,0,1,32,64,47,107,154,14,37,99,48,100,218,.641,.646,.000,.500,.621,.641,C,JR
4208,Sylbrin Robinson,824,2002-03,Northeastern,27,27,824,123,206,106,172,17,34,46,88,96,151,247,35,43,44,63,79,309,.597,.616,.500,.523,.623,.638,F,JR
4209,Ty Rogers,824,2006-07,Western Kentucky,33,23,824,105,251,40,86,65,165,18,24,16,41,57,36,14,1,22,62,293,.418,.465,.394,.750,.558,.548,G,JR
4210,Velimir Radinovic,824,2003-04,Ohio State,30,29,824,109,167,109,167,0,0,92,132,84,97,181,24,10,22,72,89,310,.653,.653,,.697,.675,.653,C,SR
4211,Amir Abdur-Rahim,823,2002-03,Southeastern Louisiana,27,18,823,141,408,91,220,50,188,84,113,14,76,90,57,37,4,47,69,416,.346,.414,.266,.743,.451,.407,G,JR
4212,Casey Durham,823,2005-06,Montana State,30,23,823,49,162,12,31,37,131,49,63,12,65,77,108,45,0,61,47,184,.302,.387,.282,.778,.479,.417,G,SO
4213,Demario Eddins,823,2003-04,UAB,32,27,823,108,226,101,203,7,23,100,139,54,97,151,89,48,10,75,60,323,.478,.498,.304,.719,.553,.493,F,SO
4214,Eric Smith,823,2006-07,Campbell,31,25,823,122,315,57,125,65,190,79,99,26,80,106,55,38,11,76,68,388,.387,.456,.342,.798,.536,.490,G,SR
4215,Frank Elegar,823,2005-06,Drexel,30,25,823,117,256,117,255,0,1,100,151,73,130,203,23,28,38,57,95,334,.457,.459,.000,.662,.510,.457,C,SO
4216,Josh Alexander,823,2006-07,Stephen F. Austin,29,29,823,115,266,43,101,72,165,75,101,45,110,155,33,34,7,56,78,377,.432,.426,.436,.743,.600,.568,G,SO
4217,Josh Peppers,823,2005-06,Central Florida,29,24,823,134,301,75,141,59,160,69,96,35,80,115,51,23,14,78,68,396,.445,.532,.369,.719,.571,.543,F,JR
4218,Kevin Fitzgerald,823,2003-04,Boston University,29,29,823,35,77,24,39,11,38,18,31,11,59,70,86,48,10,38,52,99,.455,.615,.289,.581,.540,.526,G,SR
4219,Marcus Whitaker,823,2002-03,Fairleigh Dickinson,27,26,823,60,174,21,56,39,118,50,69,8,67,75,131,25,2,65,55,209,.345,.375,.331,.725,.505,.457,G,JR
4220,Mario Austin,823,2002-03,Mississippi State,25,24,823,149,279,144,267,5,12,85,128,66,126,192,30,27,17,61,49,388,.534,.539,.417,.664,.571,.543,F,JR
4221,Martese Coleman,823,2005-06,Arkansas–Pine Bluff,29,23,823,89,222,55,126,34,96,53,76,20,72,92,77,52,1,65,49,265,.401,.437,.354,.697,.513,.477,G,SR
4222,Ryan Nelson,823,2005-06,Kennesaw State,29,29,823,53,149,40,96,13,53,19,36,44,65,109,29,40,15,40,80,138,.356,.417,.245,.528,.415,.399,F,FR
4223,Seye Aluko,823,2003-04,Howard,27,27,823,100,232,93,220,7,12,82,124,67,93,160,18,18,17,49,100,289,.431,.423,.583,.661,.497,.446,F,SR
4224,Steve Callahan,823,2002-03,Dartmouth,26,26,823,88,206,46,96,42,110,21,33,12,63,75,76,35,2,38,61,239,.427,.479,.382,.636,.539,.529,G,SO
4225,Will McDonald,823,2002-03,South Florida,28,28,823,169,337,168,333,1,4,107,165,67,160,227,31,31,25,94,89,446,.501,.505,.250,.648,.537,.503,C,SR
4226,Anthony Williams,822,2004-05,Central Florida,33,32,822,137,253,137,252,0,1,88,129,85,99,184,40,16,53,74,121,362,.542,.544,.000,.682,.576,.542,F,JR
4227,Brad Farrell,822,2004-05,Loyola (MD),28,27,822,82,218,69,158,13,60,49,81,22,90,112,66,21,6,81,56,226,.376,.437,.217,.605,.441,.406,F,FR
4228,Cory Eyink,822,2002-03,Bowling Green,29,24,822,58,149,34,99,24,50,38,54,44,81,125,42,17,4,53,106,178,.389,.343,.480,.704,.510,.470,F,SO
4229,Darryl Peterson,822,2002-03,Akron,28,23,822,137,260,108,195,29,65,83,99,37,85,122,30,20,7,53,87,386,.527,.554,.446,.838,.629,.583,F,SO
4230,DeAndre Rice,822,2005-06,Florida Atlantic,27,18,822,144,332,78,165,66,167,81,107,14,58,72,73,32,4,74,61,435,.434,.473,.395,.757,.568,.533,G,JR
4231,Engin Atsur,822,2003-04,NC State,28,24,822,79,179,33,59,46,120,33,50,24,55,79,69,27,1,45,75,237,.441,.559,.383,.660,.584,.570,G,FR
4232,Giovanni St. Amant,822,2004-05,UTEP,35,27,822,82,190,38,81,44,109,45,55,12,51,63,59,17,4,49,53,253,.432,.469,.404,.818,.585,.547,G,JR
4233,James Bowen,822,2002-03,Delaware State,27,22,822,86,194,27,53,59,141,39,48,21,52,73,40,17,2,38,57,270,.443,.509,.418,.813,.623,.595,G,SR
4234,Jason Flagler,822,2006-07,South Carolina State,29,14,822,84,174,82,167,2,7,42,59,54,106,160,25,13,24,46,50,212,.483,.491,.286,.712,.525,.489,G,FR
4235,Jason Jeanpierre,822,2002-03,Navy,28,24,822,105,291,48,119,57,172,49,62,35,49,84,74,40,4,70,79,316,.361,.403,.331,.790,.493,.459,G,SR
4236,Josh Goodwin,822,2006-07,Belmont,33,33,822,59,164,18,36,41,128,39,52,19,66,85,54,22,0,41,31,198,.360,.500,.320,.750,.525,.485,G,SR
4237,Kevin Woodberry,822,2002-03,Brigham Young,32,26,822,62,175,26,62,36,113,41,68,6,65,71,80,46,8,57,52,201,.354,.419,.319,.603,.485,.457,G,JR
4238,Levi Levine,822,2004-05,Albany (NY),26,25,822,96,227,71,156,25,71,53,71,51,104,155,78,36,12,51,68,270,.423,.455,.352,.746,.518,.478,F,JR
4239,Logan Lee,822,2003-04,Hawaii,33,26,822,47,116,28,58,19,58,26,37,4,52,56,120,28,1,44,43,139,.405,.483,.328,.703,.520,.487,G,SO
4240,Michael Neal,822,2005-06,Oklahoma,27,10,822,104,262,17,57,87,205,39,46,23,47,70,53,31,0,32,54,334,.397,.298,.424,.848,.588,.563,G,JR
4241,Miguel Ayala,822,2004-05,UTEP,35,8,822,82,203,19,38,63,165,36,40,6,68,74,47,27,8,31,75,263,.404,.500,.382,.900,.592,.559,G,JR
4242,Ricky Franklin,822,2006-07,Milwaukee,31,23,822,80,243,56,167,24,76,40,62,33,69,102,49,31,5,61,82,224,.329,.335,.316,.645,.411,.379,G,FR
4243,Ron Ellis,822,2003-04,Grambling State,29,24,822,105,254,56,132,49,122,21,32,10,65,75,39,18,9,38,47,280,.413,.424,.402,.656,.520,.510,G,JR
4244,Ronald Ramon,822,2005-06,Pittsburgh,33,29,822,81,175,32,57,49,118,54,65,7,39,46,73,22,1,34,60,265,.463,.561,.415,.831,.644,.603,G,SO
4245,Trent Eager,822,2003-04,Jacksonville State,28,28,822,119,256,73,135,46,121,92,110,51,118,169,30,25,8,57,71,376,.465,.541,.380,.836,.610,.555,F,SR
4246,Brett James,821,2006-07,Elon,27,24,821,122,309,83,185,39,124,46,70,21,89,110,41,40,23,41,67,329,.395,.449,.315,.657,.481,.458,G,SO
4247,Chaz Crawford,821,2005-06,Drexel,31,11,821,79,159,79,159,0,0,39,80,121,114,235,29,39,86,58,104,197,.497,.497,,.488,.500,.497,F,JR
4248,Corey Lowe,821,2006-07,Boston University,26,26,821,115,306,54,120,61,186,75,106,22,76,98,69,23,6,89,76,366,.376,.450,.328,.708,.514,.475,G,FR
4249,David Lucas,821,2003-04,Oregon State,28,28,821,185,362,184,359,1,3,111,136,95,97,192,24,28,17,61,77,482,.511,.513,.333,.816,.565,.512,F,JR
4250,Ed Tyson,821,2005-06,Maryland Eastern Shore,27,22,821,94,253,65,154,29,99,43,68,29,52,81,52,22,1,67,80,260,.372,.422,.293,.632,.456,.429,G,FR
4251,Erik Daniels,821,2002-03,Kentucky,32,28,821,136,240,132,227,4,13,29,46,63,93,156,71,32,14,49,62,305,.567,.581,.308,.630,.582,.575,F,JR
4252,Guillaume Yango,821,2003-04,Pacific,32,31,821,130,224,130,224,0,0,86,129,76,110,186,26,17,35,55,73,346,.580,.580,,.667,.606,.580,C,JR
4253,Jawan Carter,821,2006-07,Saint Joseph's,32,26,821,74,198,36,92,38,106,56,74,14,39,53,74,22,0,69,59,242,.374,.391,.358,.757,.519,.470,G,FR
4254,Joel Jones,821,2003-04,Sacramento State,28,28,821,125,317,76,183,49,134,44,61,47,85,132,48,32,16,53,68,343,.394,.415,.366,.721,.496,.472,G,SR
4255,Kenny Zeigler,821,2002-03,Furman,31,30,821,98,227,96,218,2,9,60,85,79,163,242,30,15,8,44,69,258,.432,.440,.222,.706,.482,.436,F,SR
4256,Malcolm Manier,821,2005-06,Georgia State,28,22,821,114,292,47,118,67,174,36,49,20,69,89,45,30,8,49,44,331,.390,.398,.385,.735,.525,.505,G,SR
4257,Mark Tyndale,821,2006-07,Temple,24,17,821,164,304,140,248,24,56,113,159,50,110,160,68,37,11,65,58,465,.539,.565,.429,.711,.613,.579,G,JR
4258,Mustafa Al-Sayyad,821,2004-05,Fresno State,30,29,821,130,225,129,224,1,1,66,110,84,139,223,27,12,70,76,60,327,.578,.576,1.000,.600,.590,.580,C,SR
4259,Nate Lofton,821,2003-04,Southeastern Louisiana,29,29,821,136,228,136,228,0,0,110,195,95,220,315,60,44,47,68,99,382,.596,.596,,.564,.596,.596,C,JR
4260,Norman Plummer,821,2005-06,Dayton,31,29,821,115,246,110,232,5,14,76,108,92,109,201,15,19,4,52,67,311,.467,.474,.357,.704,.523,.478,F,SO
4261,Reginald Delk,821,2005-06,Mississippi State,30,24,821,96,213,37,69,59,144,17,34,13,52,65,30,32,14,30,46,268,.451,.536,.410,.500,.585,.589,G,FR
4262,Tyrone Lewis,821,2006-07,Niagara,28,8,821,121,283,82,164,39,119,62,94,62,50,112,52,48,12,47,89,343,.428,.500,.328,.660,.523,.496,G,FR
4263,Blake Hamilton,820,2004-05,Monmouth,29,29,820,145,280,145,272,0,8,181,233,39,80,119,51,29,22,77,94,471,.518,.533,.000,.777,.603,.518,F,SR
4264,Brent Crews,820,2005-06,Florida Atlantic,27,26,820,60,129,57,116,3,13,15,27,42,55,97,133,43,11,80,85,138,.465,.491,.231,.556,.487,.477,G,JR
4265,Brian Collins,820,2005-06,Belmont,31,31,820,123,244,117,209,6,35,82,117,44,92,136,136,57,9,92,72,334,.504,.560,.171,.701,.557,.516,G,SR
4266,Conor Grace,820,2002-03,Davidson,27,27,820,100,220,70,138,30,82,32,40,56,177,233,50,17,4,44,72,262,.455,.507,.366,.800,.548,.523,F,SO
4267,Dan Grunfeld,820,2005-06,Stanford,30,29,820,117,297,96,215,21,82,104,132,42,101,143,64,20,8,43,34,359,.394,.447,.256,.788,.499,.429,F,SR
4268,Dane Bradshaw,820,2005-06,Tennessee,30,30,820,77,188,57,114,20,74,39,67,45,117,162,116,56,11,42,82,213,.410,.500,.270,.582,.484,.463,G,JR
4269,Eric Taylor,820,2002-03,Cornell,27,27,820,140,251,140,247,0,4,63,147,64,125,189,61,27,25,90,85,343,.558,.567,.000,.429,.535,.558,F,SO
4270,Field Williams,820,2002-03,Cincinnati,29,29,820,106,312,21,65,85,247,39,43,10,49,59,23,11,2,15,51,336,.340,.323,.344,.907,.505,.476,G,JR
4271,Gabe Blair,820,2006-07,East Carolina,30,28,820,73,180,73,167,0,13,14,26,62,149,211,21,26,15,52,97,160,.406,.437,.000,.538,.416,.406,F,FR
4272,Herman Favors,820,2005-06,Georgia State,28,19,820,113,293,60,135,53,158,70,93,21,63,84,89,45,2,61,72,349,.386,.444,.335,.753,.518,.476,G,SR
4273,Jacob Burtschi,820,2004-05,Air Force,30,30,820,91,192,60,88,31,104,26,37,37,91,128,33,49,4,24,69,239,.474,.682,.298,.703,.570,.555,F,SO
4274,Jeff Gloger,820,2002-03,UC Irvine,29,27,820,80,153,66,126,14,27,63,93,44,82,126,86,75,4,66,62,237,.523,.524,.519,.677,.601,.569,G,FR
4275,Je'Kel Foster,820,2004-05,Ohio State,32,12,820,84,193,22,48,62,145,17,26,18,86,104,78,43,4,39,60,247,.435,.458,.428,.654,.601,.596,G,JR
4276,Jose Olivero,820,2004-05,Lehigh,29,29,820,104,319,51,170,53,149,115,157,15,69,84,56,32,0,73,75,376,.326,.300,.356,.732,.478,.409,G,SO
4277,Justin Orr,820,2005-06,Murray State,31,26,820,106,241,79,154,27,87,36,54,36,62,98,58,25,14,55,49,275,.440,.513,.310,.667,.516,.496,F,SO
4278,Kelly Golob,820,2004-05,Northern Arizona,28,27,820,105,271,44,96,61,175,52,61,24,78,102,34,20,2,50,48,323,.387,.458,.349,.852,.538,.500,G,JR
4279,Keonta Howell,820,2005-06,Toledo,31,20,820,137,281,98,180,39,101,38,51,45,88,133,33,24,19,51,87,351,.488,.544,.386,.745,.575,.557,F,JR
4280,Mark Jarrell-Wright,820,2002-03,Fordham,27,27,820,111,295,88,193,23,102,51,73,48,64,112,59,46,10,97,79,296,.376,.456,.225,.699,.449,.415,G,JR
4281,Martell McDuffy,820,2006-07,Radford,30,15,820,90,224,56,132,34,92,56,95,28,59,87,43,36,3,81,80,270,.402,.424,.370,.589,.502,.478,G,SO
4282,Nate Williams,820,2002-03,Western Kentucky,32,26,820,110,215,110,214,0,1,103,165,77,88,165,14,22,6,62,66,323,.512,.514,.000,.624,.550,.512,F,SR
4283,Richard Cannon,820,2006-07,Mississippi Valley State,34,32,820,86,209,51,106,35,103,43,55,37,106,143,54,26,6,55,60,250,.411,.481,.340,.782,.532,.495,F,SR
4284,Steven Rush,820,2006-07,North Carolina A&T,30,5,820,157,379,42,92,115,287,91,106,10,61,71,39,18,1,49,49,520,.414,.457,.401,.858,.606,.566,G,JR
4285,Byron Davis,819,2004-05,New Mexico State,30,19,819,67,159,36,73,31,86,22,40,24,72,96,49,21,4,52,46,187,.421,.493,.360,.550,.525,.519,G,SO
4286,Cori Spencer,819,2003-04,Stony Brook,30,19,819,113,216,113,216,0,0,84,120,54,90,144,27,16,5,69,89,310,.523,.523,,.700,.568,.523,F,JR
4287,Dan Stonkus,819,2006-07,NJIT,29,28,819,58,110,58,109,0,1,29,52,45,122,167,12,17,41,50,95,145,.527,.532,.000,.558,.538,.527,C,FR
4288,DeMarcus Ishmeal,819,2004-05,Oakland,32,26,819,45,120,20,41,25,79,24,37,5,50,55,104,38,0,47,45,139,.375,.488,.316,.649,.505,.479,G,SR
4289,Derrick Breland,819,2003-04,Fordham,26,22,819,65,206,19,68,46,138,38,51,13,28,41,73,40,1,65,51,214,.316,.279,.333,.745,.465,.427,G,JR
4290,Dwayne Curtis,819,2005-06,Ole Miss,29,28,819,159,280,159,280,0,0,75,127,103,118,221,42,46,18,52,85,393,.568,.568,,.591,.577,.568,C,SO
4291,Jason Norman,819,2004-05,Harvard,27,27,819,83,189,69,131,14,58,17,42,32,54,86,39,45,4,55,82,197,.439,.527,.241,.405,.471,.476,G,SR
4292,Jayce Lewis,819,2004-05,Florida International,30,27,819,39,123,13,49,26,74,19,25,18,61,79,68,28,0,71,71,123,.317,.265,.351,.760,.456,.423,G,JR
4293,JC Howe,819,2002-03,UT Martin,28,25,819,143,282,112,198,31,84,71,117,54,119,173,67,58,10,70,102,388,.507,.566,.369,.607,.575,.562,F,JR
4294,Jeremis Smith,819,2006-07,Georgia Tech,32,32,819,106,178,103,170,3,8,52,109,77,113,190,50,47,11,56,83,267,.596,.606,.375,.477,.581,.604,F,JR
4295,Jerome Holman,819,2003-04,Wichita State,29,26,819,101,241,68,151,33,90,66,84,10,88,98,165,45,5,90,60,301,.419,.450,.367,.786,.536,.488,G,SR
4296,Jonathan Schneiderman,819,2002-03,Illinois–Chicago,30,13,819,93,191,24,53,69,138,48,55,3,54,57,67,23,2,36,56,303,.487,.453,.500,.873,.698,.668,G,SR
4297,Julius Young,819,2005-06,Jackson State,32,23,819,104,250,83,185,21,65,61,83,36,80,116,21,29,15,54,62,290,.416,.449,.323,.735,.501,.458,G,JR
4298,Justin Hawkins,819,2004-05,Utah,33,27,819,109,221,108,202,1,19,61,104,52,86,138,54,24,2,61,79,280,.493,.535,.053,.587,.518,.495,G,SO
4299,Keith Spencer,819,2006-07,UTSA,29,28,819,106,178,106,178,0,0,38,99,72,134,206,17,32,13,57,102,250,.596,.596,,.384,.555,.596,F,JR
4300,Kenny Brown,819,2002-03,Saint Louis,30,30,819,80,145,80,145,0,0,41,100,82,110,192,14,23,28,26,84,201,.552,.552,,.410,.522,.552,C,SR
4301,Lewis Arline,819,2002-03,Lamar,27,26,819,84,150,84,150,0,0,79,116,90,146,236,17,38,15,45,79,247,.560,.560,,.681,.602,.560,F,SR
4302,Matt Lawrence,819,2006-07,Missouri,30,30,819,115,237,34,54,81,183,26,36,18,74,92,23,28,1,29,37,337,.485,.630,.443,.722,.663,.656,G,SO
4303,Mitch Gilfillan,819,2005-06,Lehigh,31,26,819,49,139,14,41,35,98,16,26,10,54,64,113,34,0,57,40,149,.353,.341,.357,.615,.492,.478,G,SR
4304,Raymond Briggs,819,2002-03,UTSA,27,22,819,105,245,97,216,8,29,77,112,34,113,147,46,19,11,63,90,295,.429,.449,.276,.688,.495,.445,F,SR
4305,Ricky Lucas,819,2006-07,Stony Brook,27,27,819,133,338,85,196,48,142,94,118,36,100,136,36,46,2,67,63,408,.393,.434,.338,.797,.518,.464,G,JR
4306,Trent Plaisted,819,2005-06,Brigham Young,29,29,819,144,276,144,276,0,0,106,172,70,129,199,28,12,27,71,105,394,.522,.522,,.616,.551,.522,F,FR
4307,Trey Pearson,819,2005-06,Murray State,29,18,819,103,232,58,112,45,120,48,65,29,64,93,82,50,2,33,59,299,.444,.518,.375,.738,.569,.541,G,JR
4308,Adam Mark,818,2002-03,Belmont,28,28,818,199,297,180,249,19,48,41,90,80,107,187,44,61,11,59,73,458,.670,.723,.396,.456,.674,.702,F,JR
4309,Adam Vogelsberg,818,2005-06,Middle Tennessee,28,26,818,86,207,18,44,68,163,108,119,6,60,66,47,14,0,54,63,348,.415,.409,.417,.908,.660,.580,G,JR
4310,Andrew Brown,818,2005-06,Lafayette,28,25,818,90,246,39,79,51,167,28,36,3,50,53,84,38,1,88,76,259,.366,.494,.305,.778,.492,.470,G,FR
4311,A.W. Hamilton,818,2002-03,Marshall,25,24,818,38,94,28,78,10,16,39,45,4,60,64,138,33,11,63,57,125,.404,.359,.625,.867,.542,.457,G,SO
4312,Ayinde Ubaka,818,2003-04,California,28,26,818,61,179,40,98,21,81,37,53,12,47,59,108,20,0,55,39,180,.341,.408,.259,.698,.441,.399,G,FR
4313,Ivory Clark,818,2006-07,Washington State,34,23,818,117,233,115,217,2,16,48,73,50,109,159,33,26,53,43,80,284,.502,.530,.125,.658,.530,.506,F,SR
4314,Jamar Nutter,818,2005-06,Seton Hall,29,25,818,117,296,56,137,61,159,56,73,22,83,105,49,24,2,68,72,351,.395,.409,.384,.767,.531,.498,G,SO
4315,Jeremiah Boswell,818,2004-05,Columbia,27,26,818,86,174,42,86,44,88,43,55,7,75,82,43,29,10,45,59,259,.494,.488,.500,.782,.647,.621,G,SR
4316,Jerry Echenique,818,2003-04,High Point,29,27,818,112,236,112,235,0,1,106,166,83,95,178,26,19,7,75,81,330,.475,.477,.000,.639,.524,.475,C,JR
4317,Joe Ross Merritt,818,2005-06,Samford,31,31,818,62,127,33,56,29,71,16,34,23,39,62,47,21,1,26,63,169,.488,.589,.408,.471,.590,.602,G,SO
4318,Justin Miller,818,2003-04,Siena,30,30,818,98,205,95,195,3,10,74,107,91,123,214,49,25,21,58,87,273,.478,.487,.300,.692,.534,.485,C,SR
4319,Kevin Jones,818,2005-06,Chicago State,27,20,818,70,222,28,88,42,134,26,34,9,69,78,71,42,2,45,47,208,.315,.318,.313,.765,.437,.410,G,SO
4320,L.D. Williams,818,2006-07,Wake Forest,31,31,818,93,196,72,142,21,54,48,85,45,82,127,41,34,5,54,81,255,.474,.507,.389,.565,.539,.528,G,FR
4321,Louis Graham,818,2006-07,Georgia Southern,31,31,818,185,351,183,337,2,14,76,118,70,185,255,17,29,46,80,91,448,.527,.543,.143,.644,.550,.530,F,JR
4322,Matt Vitale,818,2006-07,Wagner,30,27,818,75,193,17,44,58,149,10,17,33,82,115,27,23,3,27,51,218,.389,.386,.389,.588,.542,.539,F,SR
4323,Reggie McIntyre,818,2005-06,Radford,29,25,818,85,193,83,185,2,8,95,142,57,98,155,44,33,29,59,91,267,.440,.449,.250,.669,.513,.446,F,JR
4324,Ronald Steele,818,2006-07,Alabama,26,25,818,71,185,25,74,46,111,35,40,7,38,45,105,17,3,59,25,223,.384,.338,.414,.875,.547,.508,G,JR
4325,Ruben Boykin,818,2004-05,Northern Arizona,28,27,818,121,257,118,242,3,15,73,96,59,145,204,50,30,8,68,66,318,.471,.488,.200,.760,.525,.477,F,SO
4326,Russell Lakey,818,2002-03,Vanderbilt,29,21,818,49,152,26,67,23,85,52,72,17,76,93,99,52,7,84,85,173,.322,.388,.271,.722,.465,.398,G,JR
4327,Scott Hazelton,818,2004-05,Rhode Island,28,23,818,144,361,125,285,19,76,128,162,81,115,196,47,25,19,79,56,435,.399,.439,.250,.790,.497,.425,F,SR
4328,Stanley Hodge,818,2005-06,Niagara,29,24,818,32,93,25,63,7,30,24,27,2,52,54,111,22,11,60,63,95,.344,.397,.233,.889,.449,.382,G,SO
4329,Terrence Woods,818,2002-03,Florida A&M,28,18,818,168,378,29,74,139,304,100,113,17,94,111,29,39,0,47,66,575,.444,.392,.457,.885,.666,.628,G,JR
4330,Thomas Viglianco,818,2004-05,Birmingham–Southern,30,30,818,112,260,56,125,56,135,59,76,39,131,170,58,19,4,55,85,339,.431,.448,.415,.776,.572,.538,F,JR
4331,Tim Bush,818,2004-05,Baylor,24,24,818,104,257,78,178,26,79,70,84,37,92,129,42,23,6,62,60,304,.405,.438,.329,.833,.512,.455,F,SO
4332,Tim Parham,818,2004-05,Maryland Eastern Shore,28,27,818,118,251,118,251,0,0,84,152,78,161,239,8,13,15,74,61,320,.470,.470,,.553,.495,.470,F,JR
4333,Tyler Best,818,2005-06,IPFW,26,25,818,95,232,83,199,12,33,50,82,39,84,123,82,20,14,57,61,252,.409,.417,.364,.610,.465,.435,F,JR
4334,Art Bowers,817,2004-05,Massachusetts,28,17,817,82,251,43,111,39,140,32,43,17,58,75,75,28,3,61,40,235,.327,.387,.279,.744,.433,.404,G,SO
4335,Eric Ferguson,817,2004-05,Arkansas,30,17,817,98,245,54,126,44,119,23,38,20,60,80,128,51,3,54,48,263,.400,.429,.370,.605,.500,.490,G,JR
4336,Howard Wilkerson,817,2003-04,Wofford,29,29,817,149,260,133,216,16,44,85,130,72,159,231,69,38,25,75,73,399,.573,.616,.364,.654,.620,.604,F,SO
4337,James Collins,817,2004-05,Birmingham–Southern,29,29,817,79,199,34,71,45,128,76,101,18,79,97,36,29,1,43,48,279,.397,.479,.352,.752,.565,.510,G,JR
4338,Jeff McMillan,817,2003-04,Southern California,28,28,817,119,189,119,189,0,0,72,108,85,157,242,41,21,10,65,67,310,.630,.630,,.667,.645,.630,C,JR
4339,Korvotney Barber,817,2006-07,Auburn,32,29,817,148,244,148,244,0,0,64,146,87,125,212,35,15,55,71,92,360,.607,.607,,.438,.574,.607,F,SO
4340,Markel Humphrey,817,2005-06,Marshall,28,21,817,69,177,34,72,35,105,38,63,53,90,143,52,22,2,35,23,211,.390,.472,.333,.603,.510,.489,F,FR
4341,Moses Edun,817,2006-07,Alabama State,30,30,817,79,236,62,164,17,72,38,63,49,60,109,36,34,8,58,80,213,.335,.378,.236,.603,.400,.371,F,SR
4342,Reyshawn Terry,817,2006-07,North Carolina,38,36,817,130,263,85,160,45,103,65,88,47,157,204,63,27,24,69,85,370,.494,.531,.437,.739,.607,.580,F,SR
4343,Rob Lewin,817,2002-03,Troy State,32,31,817,138,260,135,248,3,12,111,163,105,153,258,35,43,69,81,74,390,.531,.544,.250,.681,.578,.537,C,JR
4344,Ryan Martin,817,2006-07,Wichita State,31,30,817,94,160,94,160,0,0,49,88,57,122,179,27,29,13,38,74,237,.588,.588,,.557,.587,.588,G,SR
4345,Tim Berkley,817,2005-06,Morgan State,29,27,817,91,205,91,204,0,1,35,61,42,132,174,13,14,26,57,64,217,.444,.446,.000,.574,.464,.444,C,JR
4346,Alex Gordon,816,2006-07,Vanderbilt,34,32,816,80,202,28,66,52,136,53,72,7,75,82,113,24,4,51,51,265,.396,.424,.382,.736,.561,.525,G,JR
4347,Brock Gillespie,816,2003-04,Rice,33,33,816,98,300,42,113,56,187,52,70,7,31,38,51,18,1,47,35,304,.327,.372,.299,.743,.456,.420,G,JR
4348,Chris McNaughton,816,2004-05,Bucknell,33,32,816,164,275,164,273,0,2,87,129,43,111,154,26,18,28,76,100,415,.596,.601,.000,.674,.617,.596,C,SO
4349,Gerrick Morris,816,2003-04,South Florida,27,25,816,44,102,44,102,0,0,46,74,42,124,166,15,12,108,36,65,134,.431,.431,,.622,.489,.431,C,SR
4350,James Odoms,816,2004-05,Mercer,28,28,816,135,357,59,145,76,212,55,82,43,100,143,36,30,5,45,63,401,.378,.407,.358,.671,.506,.485,G,SR
4351,Jeff Viggiano,816,2003-04,Massachusetts,28,25,816,93,220,62,119,31,101,55,72,66,85,151,45,24,22,54,85,272,.423,.521,.307,.764,.535,.493,F,SO
4352,Kammron Taylor,816,2004-05,Wisconsin,34,12,816,85,224,59,147,26,77,89,116,9,73,82,56,18,2,69,37,285,.379,.401,.338,.767,.511,.438,G,SO
4353,Kevin Owens,816,2002-03,Monmouth,28,28,816,130,254,128,250,2,4,75,124,60,183,243,26,29,49,81,100,337,.512,.512,.500,.605,.539,.516,C,SR
4354,Nick George,816,2002-03,VCU,28,28,816,89,184,89,182,0,2,55,71,73,114,187,30,17,8,52,56,233,.484,.489,.000,.775,.535,.484,F,FR
4355,Stephane Lasme,816,2005-06,Massachusetts,28,27,816,109,179,109,179,0,0,76,121,83,112,195,31,21,108,54,96,294,.609,.609,,.628,.622,.609,F,JR
4356,Ted Knauber,816,2005-06,New Mexico State,30,28,816,72,187,30,66,42,121,15,22,17,48,65,26,19,2,49,37,201,.385,.455,.347,.682,.509,.497,G,JR
4357,Terry Horton,816,2003-04,Alabama A&M,29,26,816,172,360,129,228,43,132,56,75,43,105,148,28,21,7,36,55,443,.478,.566,.326,.747,.560,.538,F,SR
4358,Tony Hooper,816,2005-06,Louisiana Monroe,28,28,816,98,212,61,118,37,94,64,84,13,82,95,100,58,2,124,81,297,.462,.517,.394,.762,.590,.550,G,FR
4359,Tony Weeden,816,2004-05,Chicago State,28,25,816,129,323,82,182,47,141,61,80,18,67,85,49,27,4,73,71,366,.399,.451,.333,.763,.507,.472,G,SR
4360,Trent Drafts,816,2002-03,Charleston Southern,28,25,816,76,173,55,103,21,70,31,38,29,69,98,32,25,16,36,66,204,.439,.534,.300,.816,.534,.500,F,SO
4361,Victor Morris,816,2003-04,Cleveland State,29,20,816,71,174,58,124,13,50,25,32,17,45,62,64,23,2,64,65,180,.408,.468,.260,.781,.476,.445,G,FR
4362,Andre Hazel,815,2003-04,San Francisco,31,29,815,76,206,48,116,28,90,70,98,17,42,59,146,57,3,110,90,250,.369,.414,.311,.714,.495,.437,G,JR
4363,Casey Frandsen,815,2002-03,Portland,28,22,815,108,276,41,96,67,180,73,91,11,47,58,64,31,2,55,74,356,.391,.427,.372,.802,.558,.513,G,JR
4364,Curtis Withers,815,2003-04,Charlotte,28,26,815,155,321,144,289,11,32,136,198,101,164,265,50,37,14,71,72,457,.483,.498,.344,.687,.551,.500,F,SO
4365,Cyril Djoukeng,815,2005-06,Nicholls State,26,26,815,70,155,37,82,33,73,57,65,14,59,73,76,18,4,78,48,230,.452,.451,.452,.877,.619,.558,G,SR
4366,Damion Staple,815,2004-05,Iowa State,31,27,815,74,138,74,137,0,1,31,67,49,97,146,20,35,12,33,88,179,.536,.540,.000,.463,.527,.536,C,SR
4367,Denham Brown,815,2004-05,Connecticut,31,21,815,112,263,81,160,31,103,68,84,28,96,124,47,25,7,44,40,323,.426,.506,.301,.810,.533,.485,F,JR
4368,JamesOn Curry,815,2004-05,Oklahoma State,33,15,815,111,234,66,130,45,104,44,58,22,63,85,93,20,7,66,62,311,.474,.508,.433,.759,.595,.571,G,FR
4369,Jeremy Crouch,815,2006-07,Bradley,27,22,815,120,266,37,100,83,166,50,59,7,54,61,62,39,2,39,58,373,.451,.370,.500,.847,.634,.607,G,JR
4370,Joshua Mack,815,2006-07,Coastal Carolina,29,26,815,117,304,44,108,73,196,51,62,16,63,79,92,44,1,71,63,358,.385,.407,.372,.823,.537,.505,G,FR
4371,Jovan Stefanov,815,2004-05,Illinois–Chicago,29,24,815,94,190,77,141,17,49,49,67,53,94,147,48,23,7,45,77,254,.495,.546,.347,.731,.573,.539,F,SO
4372,Kelly Whitney,815,2004-05,Seton Hall,27,25,815,115,267,115,265,0,2,92,141,64,105,169,17,23,25,72,90,322,.431,.434,.000,.652,.482,.431,F,JR
4373,Kevin Hamilton,815,2003-04,Holy Cross,28,27,815,100,242,47,105,53,137,54,85,23,104,127,69,72,11,61,75,307,.413,.448,.387,.635,.544,.523,G,SO
4374,Lawrence Wright,815,2005-06,Bradley,33,15,815,119,275,113,248,6,27,89,118,70,108,178,33,32,17,50,83,333,.433,.456,.222,.754,.503,.444,F,SR
4375,Louis Amundson,815,2005-06,UNLV,29,29,815,159,301,159,301,0,0,96,167,93,156,249,33,31,38,74,80,414,.528,.528,,.575,.544,.528,F,SR
4376,Lucious Jordan,815,2005-06,Albany (NY),32,28,815,97,225,67,160,30,65,46,70,40,67,107,51,38,3,56,52,270,.431,.419,.462,.657,.523,.498,G,SR
4377,Neil Plank,815,2005-06,Illinois State,28,26,815,76,202,51,120,25,82,41,65,25,86,111,79,24,3,70,36,218,.376,.425,.305,.631,.468,.438,G,SR
4378,Nick Billings,815,2003-04,Binghamton,30,30,815,142,296,142,295,0,1,90,154,59,147,206,17,22,105,90,79,374,.480,.481,.000,.584,.507,.480,C,JR
4379,Rashaad Powell,815,2003-04,Idaho,30,26,815,72,145,70,137,2,8,73,102,52,70,122,23,35,12,35,84,219,.497,.511,.250,.716,.566,.503,F,SR
4380,Richard Midgley,815,2002-03,California,31,22,815,89,189,45,91,44,98,64,89,33,57,90,85,29,3,79,73,286,.471,.495,.449,.719,.618,.587,G,FR
4381,Roshaun Bowens,815,2004-05,Tennessee State,31,29,815,102,222,92,196,10,26,51,72,57,76,133,75,27,25,80,105,265,.459,.469,.385,.708,.517,.482,F,SR
4382,Scottie Rice,815,2003-04,Elon,29,26,815,115,292,48,118,67,174,27,37,35,78,113,98,56,8,86,84,324,.394,.407,.385,.730,.523,.509,G,SO
4383,Vernon Hamilton,815,2004-05,Clemson,32,19,815,79,186,69,145,10,41,50,83,17,65,82,92,68,1,84,65,218,.425,.476,.244,.602,.484,.452,G,SO
4384,Andre Bynum,814,2004-05,Radford,28,21,814,68,141,55,105,13,36,40,60,19,54,73,98,40,8,50,79,189,.482,.524,.361,.667,.558,.528,G,JR
4385,Channing Frye,814,2002-03,Arizona,32,27,814,165,290,165,289,0,1,73,110,95,162,257,23,18,60,31,87,403,.569,.571,.000,.664,.589,.569,C,SO
4386,Christian Brown,814,2005-06,St. Francis Brooklyn,27,22,814,91,236,44,112,47,124,59,86,25,116,141,39,34,8,56,65,288,.386,.393,.379,.686,.520,.485,G,SR
4387,Chuck Bailey,814,2005-06,Detroit Mercy,32,31,814,123,217,123,217,0,0,76,113,74,120,194,16,15,36,61,91,322,.567,.567,,.673,.595,.567,F,SR
4388,D.J. White,814,2004-05,Indiana,29,29,814,143,250,143,250,0,0,100,141,56,87,143,23,14,64,39,76,386,.572,.572,,.709,.609,.572,F,FR
4389,Drake Diener,814,2002-03,DePaul,29,28,814,78,174,44,85,34,89,32,39,23,62,85,99,21,3,51,89,222,.448,.518,.382,.821,.577,.546,G,SO
4390,Graham Brown,814,2005-06,Michigan,33,33,814,72,113,72,113,0,0,25,50,76,164,240,38,26,9,55,87,169,.637,.637,,.500,.618,.637,F,SR
4391,Grant Maxey,814,2006-07,Jackson State,35,12,814,122,244,108,202,14,42,52,72,75,126,201,54,48,35,55,107,310,.500,.535,.333,.722,.557,.529,F,FR
4392,Jacoby Atako,814,2002-03,UC Santa Barbara,32,31,814,51,140,40,91,11,49,37,52,6,60,66,101,38,1,59,76,150,.364,.440,.224,.712,.455,.404,G,JR
4393,Jason Holwerda,814,2004-05,Vanderbilt,34,31,814,91,147,85,122,6,25,29,65,28,86,114,96,47,6,58,80,217,.619,.697,.240,.446,.610,.639,G,SR
4394,Jay Tunnell,814,2006-07,Indiana State,30,29,814,94,200,78,152,16,48,67,91,54,107,161,31,6,12,39,92,271,.470,.513,.333,.736,.557,.510,F,SO
4395,John Floyd,814,2004-05,Bowling Green,29,23,814,63,165,46,103,17,62,59,72,12,54,66,150,35,3,87,70,202,.382,.447,.274,.819,.507,.433,G,SO
4396,Lucious Wagner,814,2003-04,Evansville,29,20,814,95,221,63,141,32,80,32,44,12,79,91,132,17,7,73,70,254,.430,.447,.400,.727,.525,.502,G,JR
4397,Marvin Black,814,2002-03,Marshall,29,27,814,125,204,122,193,3,11,74,106,56,171,227,37,24,11,70,90,327,.613,.632,.273,.698,.643,.620,F,JR
4398,Ronny Turiaf,814,2002-03,Gonzaga,33,12,814,151,291,150,285,1,6,212,279,77,129,206,19,20,49,64,102,515,.519,.526,.167,.760,.608,.521,F,SO
4399,Teddy Davis,814,2003-04,Lamar,29,26,814,137,291,121,239,16,52,94,119,68,98,166,48,31,7,62,82,384,.471,.506,.308,.790,.552,.498,G,JR
4400,Tim Gainey,814,2004-05,Southern Utah,27,20,814,133,317,80,180,53,137,57,81,36,106,142,48,28,18,70,49,376,.420,.444,.387,.704,.529,.503,G,SR
4401,Andrew Toole,813,2002-03,Pennsylvania,27,25,813,98,216,53,106,45,110,46,55,6,74,80,79,28,1,57,58,287,.454,.500,.409,.836,.593,.558,G,SR
4402,Ben Fletcher,813,2002-03,Troy State,32,31,813,148,345,56,97,92,248,58,72,25,60,85,22,41,1,57,55,446,.429,.577,.371,.806,.588,.562,G,SR
4403,Chris Cameron,813,2004-05,Louisiana–Lafayette,31,31,813,92,223,57,133,35,90,36,53,36,66,102,18,24,9,39,100,255,.413,.429,.389,.679,.514,.491,C,JR
4404,Darrel Owens,813,2003-04,Georgetown,28,28,813,89,179,58,108,31,71,18,28,30,76,106,58,55,5,42,63,227,.497,.537,.437,.643,.590,.584,F,SO
4405,David Heck,813,2004-05,Utah Valley State,28,27,813,98,229,67,139,31,90,35,44,51,96,147,44,24,22,44,74,262,.428,.482,.344,.795,.524,.496,F,FR
4406,Erick Wills,813,2003-04,Saint Francis (PA),27,27,813,86,215,35,85,51,130,35,47,14,56,70,72,43,2,44,32,258,.400,.412,.392,.745,.544,.519,G,SR
4407,Gene Granger,813,2002-03,Charleston Southern,28,28,813,97,262,68,157,29,105,43,57,20,71,91,51,39,3,77,75,266,.370,.433,.276,.754,.460,.426,G,SR
4408,Jamal Daniels,813,2002-03,Savannah State,27,26,813,111,282,85,175,26,107,34,51,46,74,120,58,51,15,74,90,282,.394,.486,.243,.667,.460,.440,G,FR
4409,Kyle Koncz,813,2005-06,Princeton,27,22,813,64,155,14,26,50,129,21,26,7,43,50,30,30,2,31,57,199,.413,.538,.388,.808,.595,.574,F,SO
4410,Markeith Brown,813,2002-03,Nicholls State,28,26,813,52,157,30,85,22,72,28,48,8,84,92,69,31,1,90,64,154,.331,.353,.306,.583,.428,.401,G,JR
4411,Matt Delzell,813,2002-03,San Diego,29,28,813,74,166,28,70,46,96,38,49,16,71,87,101,24,2,64,52,232,.446,.400,.479,.776,.613,.584,F,SR
4412,Nate Harris,813,2003-04,Utah State,29,15,813,134,198,131,195,3,3,67,99,50,127,177,48,22,27,34,53,338,.677,.672,1.000,.677,.690,.684,F,SO
4413,Nate Johnson,813,2003-04,Nebraska,30,16,813,127,271,95,193,32,78,103,119,42,95,137,49,23,5,56,43,389,.469,.492,.410,.866,.594,.528,G,SR
4414,Nick Sanders,813,2003-04,Furman,29,29,813,67,139,58,109,9,30,37,54,58,124,182,75,28,7,40,76,180,.482,.532,.300,.685,.547,.514,F,JR
4415,Ramon Sessions,813,2005-06,Nevada,31,30,813,60,167,60,164,0,3,25,44,37,92,129,153,37,4,67,39,145,.359,.366,.000,.568,.386,.359,G,SO
4416,Ron Lewis,813,2005-06,Ohio State,32,6,813,105,238,63,114,42,124,107,137,25,79,104,45,17,3,62,39,359,.441,.553,.339,.781,.592,.529,G,JR
4417,Taron Downey,813,2004-05,Wake Forest,33,4,813,104,223,50,94,54,129,65,75,16,68,84,82,26,5,62,43,327,.466,.532,.419,.867,.632,.587,G,SR
4418,Tim Denson,813,2006-07,Colorado State,30,29,813,74,192,48,119,26,73,78,103,18,67,85,55,37,0,74,77,252,.385,.403,.356,.757,.523,.453,G,JR
4419,Tramayne Hawthorne,813,2006-07,Drexel,32,0,813,77,186,28,67,49,119,32,48,26,57,83,56,43,4,38,62,235,.414,.418,.412,.667,.563,.546,G,SO
4420,Brandon Bowman,812,2002-03,Georgetown,34,34,812,95,248,85,193,10,55,57,77,46,106,152,50,38,14,71,82,257,.383,.440,.182,.740,.452,.403,F,FR
4421,Jeff Viggiano,812,2005-06,Massachusetts,28,26,812,89,225,58,113,31,112,39,65,18,80,98,57,33,32,59,70,248,.396,.513,.277,.600,.485,.464,F,SR
4422,John Bowler,812,2003-04,Eastern Michigan,28,28,812,130,261,129,257,1,4,110,175,83,148,231,42,29,28,75,98,371,.498,.502,.250,.629,.539,.500,F,SO
4423,J.R. Reynolds,812,2002-03,Eastern Illinois,29,21,812,126,289,59,112,67,177,39,52,27,80,107,38,14,1,37,46,358,.436,.527,.379,.750,.571,.552,G,SR
4424,Mark Zoller,812,2005-06,Pennsylvania,28,24,812,141,289,113,211,28,78,45,72,65,140,205,43,43,20,69,89,355,.488,.536,.359,.625,.549,.536,F,JR
4425,Maurice Yearwood,812,2002-03,LIU Brooklyn,27,20,812,83,220,27,62,56,158,42,56,18,93,111,63,28,9,51,67,264,.377,.435,.354,.750,.535,.505,G,SR
4426,Michael Umeh,812,2006-07,UNLV,35,30,812,92,225,41,88,51,137,41,54,20,83,103,53,18,4,39,63,276,.409,.466,.372,.759,.551,.522,G,SR
4427,Neill Berry,812,2004-05,Southeastern Louisiana,31,31,812,26,89,10,32,16,57,13,22,8,36,44,68,20,2,41,60,81,.292,.313,.281,.591,.407,.382,G,SR
4428,Nick DeWitz,812,2005-06,Oregon State,28,24,812,125,256,98,184,27,72,47,70,38,96,134,45,25,59,82,81,324,.488,.533,.375,.671,.560,.541,F,SR
4429,Nick Dissly,812,2004-05,Montana State,27,27,812,90,191,56,87,34,104,39,57,35,100,135,74,35,10,55,47,253,.471,.644,.327,.684,.580,.560,F,SO
4430,Shawn Witherspoon,812,2006-07,Murray State,29,28,812,115,246,85,169,30,77,40,53,46,113,159,44,35,12,62,82,300,.467,.503,.390,.755,.553,.528,F,SR
4431,T.J. McCullough,812,2004-05,Gardner-Webb,30,21,812,66,166,49,109,17,57,35,49,18,107,125,140,35,1,74,67,184,.398,.450,.298,.714,.486,.449,G,JR
4432,Williams Byrd,812,2004-05,Arkansas–Pine Bluff,28,28,812,101,242,97,204,4,38,45,67,64,141,205,41,37,68,51,62,251,.417,.475,.105,.672,.458,.426,F,FR
4433,Williams Byrd,812,2005-06,Arkansas–Pine Bluff,29,29,812,131,267,125,242,6,25,61,95,46,138,184,52,32,61,56,82,329,.491,.517,.240,.642,.527,.502,F,SO
4434,Anthony Maestranzi,811,2003-04,Northern Illinois,30,20,811,68,173,24,53,44,120,28,39,7,44,51,113,23,0,60,74,208,.393,.453,.367,.718,.543,.520,G,SO
4435,Bam Doyne,811,2005-06,Ole Miss,30,26,811,91,213,71,148,20,65,67,91,29,90,119,68,32,7,66,69,269,.427,.480,.308,.736,.525,.474,G,JR
4436,Bruce Brown,811,2005-06,Hampton,32,27,811,135,249,135,249,0,0,57,124,68,136,204,17,7,60,71,90,327,.542,.542,,.460,.531,.542,C,SR
4437,Chase Adams,811,2006-07,Centenary (LA),29,29,811,55,136,34,76,21,60,34,47,,,85,90,52,1,,,165,.404,.447,.350,.723,.521,.482,G,FR
4438,Derrick Mansell,811,2003-04,Montana,27,24,811,60,152,38,89,22,63,24,39,17,37,54,111,31,12,88,80,166,.395,.427,.349,.615,.487,.467,G,SR
4439,Earl Nurse,811,2004-05,Lehigh,29,29,811,42,100,41,96,1,4,33,50,61,100,161,54,24,21,54,91,118,.420,.427,.250,.660,.477,.425,F,SR
4440,Jasko Korajkic,811,2004-05,Pacific,31,18,811,91,178,69,112,22,66,44,58,32,115,147,70,38,12,61,71,248,.511,.616,.333,.759,.603,.573,G,SR
4441,Jerry Holman,811,2002-03,Minnesota,33,32,811,138,233,138,233,0,0,50,74,80,96,176,28,18,52,58,112,326,.592,.592,,.676,.608,.592,C,SR
4442,Jimmy Tobias,811,2006-07,Georgia Southern,31,30,811,112,262,99,213,13,49,53,77,47,84,131,41,32,11,64,82,290,.427,.465,.265,.688,.486,.452,G,SR
4443,J.J. Sullinger,811,2003-04,Ohio State,30,23,811,110,248,87,181,23,67,61,117,32,105,137,36,20,12,53,92,304,.444,.481,.343,.521,.501,.490,G,SO
4444,Justin Isham,811,2002-03,SMU,30,24,811,83,181,69,138,14,43,47,71,40,66,106,74,39,19,48,70,227,.459,.500,.326,.662,.529,.497,G,SO
4445,Marcus Morrison,811,2004-05,Middle Tennessee,31,15,811,123,259,83,162,40,97,51,91,52,127,179,46,42,13,51,74,337,.475,.512,.412,.560,.558,.552,G,JR
4446,Matt Kiefer,811,2005-06,Purdue,28,26,811,125,282,99,204,26,78,59,95,81,128,209,49,27,30,55,80,335,.443,.485,.333,.621,.512,.489,F,SR
4447,Matt McKillop,811,2004-05,Davidson,30,30,811,67,186,14,41,53,145,43,55,20,44,64,55,25,1,56,64,230,.360,.341,.366,.782,.542,.503,G,JR
4448,Matt Stucki,811,2006-07,Idaho State,30,24,811,82,188,59,115,23,73,50,66,30,83,113,47,23,12,39,68,237,.436,.513,.315,.758,.540,.497,G,SO
4449,Maurice Carter,811,2004-05,Robert Morris,29,10,811,99,243,52,113,47,130,66,88,8,62,70,69,24,1,47,36,311,.407,.460,.362,.750,.546,.504,G,SR
4450,Ricky Porter,811,2004-05,UC Riverside,28,27,811,108,294,52,131,56,163,48,64,18,67,85,43,30,3,53,32,320,.367,.397,.344,.750,.493,.463,G,JR
4451,Robby Bostain,811,2004-05,Furman,29,25,811,117,262,90,197,27,65,61,87,30,92,122,94,58,2,67,41,322,.447,.457,.415,.701,.531,.498,G,SO
4452,Aaron Carr,810,2002-03,Illinois–Chicago,30,29,810,120,277,73,158,47,119,53,74,52,73,125,66,17,4,40,39,340,.433,.462,.395,.716,.545,.518,F,JR
4453,Abe Badmus,810,2004-05,Bucknell,31,27,810,49,116,29,68,20,48,47,71,25,71,96,107,58,10,63,84,165,.422,.426,.417,.662,.551,.509,G,SO
4454,Bo McCalebb,810,2003-04,New Orleans,31,15,810,143,324,129,279,14,45,106,175,47,61,108,62,42,4,54,61,406,.441,.462,.311,.606,.499,.463,G,FR
4455,Bryan Smithson,810,2004-05,Middle Tennessee,30,20,810,67,175,53,130,14,45,58,68,9,66,75,96,26,6,72,52,206,.383,.408,.311,.853,.497,.423,G,SO
4456,Cleve Woodfork,810,2006-07,UT Martin,31,30,810,113,220,113,220,0,0,99,131,69,86,155,27,22,8,79,103,325,.514,.514,,.756,.576,.514,C,SR
4457,David Berghoefer,810,2004-05,Western Carolina,29,27,810,175,346,175,343,0,3,74,155,98,133,231,36,37,13,72,75,424,.506,.510,.000,.477,.505,.506,C,JR
4458,Derrick Murphy,810,2002-03,Texas A&M–Corpus Christi,29,21,810,65,132,65,131,0,1,70,102,64,101,165,20,31,4,44,60,200,.492,.496,.000,.686,.554,.492,F,JR
4459,Duane Lightfoot,810,2002-03,Butler,33,0,810,155,236,154,229,1,7,50,75,49,90,139,16,37,16,25,89,361,.657,.672,.143,.667,.665,.659,F,JR
4460,Engin Atsur,810,2006-07,NC State,24,24,810,91,195,48,79,43,116,45,57,14,55,69,101,26,5,57,50,270,.467,.608,.371,.789,.608,.577,G,SR
4461,Japhet McNeil,810,2004-05,East Carolina,28,24,810,46,147,27,73,19,74,64,92,26,75,101,122,59,6,85,80,175,.313,.370,.257,.696,.459,.378,G,SO
4462,Josh Shipp,810,2004-05,UCLA,29,23,810,101,219,76,130,25,89,43,70,58,92,150,53,35,2,36,57,270,.461,.585,.281,.614,.535,.518,F,FR
4463,Josiah James,810,2002-03,Birmingham–Southern,28,28,810,141,250,141,248,0,2,102,164,59,118,177,49,34,31,78,82,384,.564,.569,.000,.622,.586,.564,F,SR
4464,Kevin Butler,810,2003-04,UC Riverside,28,28,810,107,267,84,182,23,85,69,95,25,50,75,44,31,13,53,72,306,.401,.462,.271,.726,.490,.444,G,SR
4465,Kori Hatcher,810,2002-03,Western Carolina,28,27,810,84,205,35,87,49,118,39,48,13,58,71,106,32,3,73,64,256,.410,.402,.415,.813,.562,.529,G,SR
4466,Matthew Knight,810,2004-05,Loyola Marymount,28,28,810,171,334,170,330,1,4,88,119,79,87,166,22,27,17,17,65,431,.512,.515,.250,.739,.552,.513,F,SO
4467,Patrick Lottin,810,2003-04,St. Bonaventure,28,12,810,125,315,67,141,58,174,63,82,32,94,126,57,23,6,76,76,371,.397,.475,.333,.768,.524,.489,F,SO
4468,Patrick Simpson,810,2004-05,SMU,26,25,810,137,257,134,247,3,10,76,102,54,123,177,39,14,34,50,76,353,.533,.543,.300,.745,.578,.539,F,SR
4469,Richard Jones,810,2002-03,Canisius,28,27,810,75,244,47,149,28,95,17,40,60,110,170,73,37,12,55,64,195,.307,.315,.295,.425,.371,.365,F,SO
4470,Warren Williams,810,2005-06,Dayton,31,22,810,57,142,32,80,25,62,33,51,8,73,81,135,27,4,85,59,172,.401,.400,.403,.647,.517,.489,G,SR
4471,Zach Morley,810,2003-04,Wisconsin,32,7,810,111,231,97,185,14,46,50,67,61,125,186,55,29,16,47,77,286,.481,.524,.304,.746,.544,.511,F,JR
4472,Anthony Atkinson,809,2003-04,Campbell,25,21,809,97,223,62,120,35,103,47,58,8,61,69,109,45,1,79,41,276,.435,.517,.340,.810,.551,.513,G,FR
4473,Antonio Hudson,809,2002-03,Louisiana State,32,16,809,86,213,59,124,27,89,40,59,17,77,94,62,42,12,45,65,239,.404,.476,.303,.678,.496,.467,G,SO
4474,Brandon Hansen,809,2002-03,Green Bay,30,19,809,78,197,20,63,58,134,43,49,29,58,87,28,14,9,39,63,257,.396,.317,.433,.878,.583,.543,G,SO
4475,Brian Hodges,809,2006-07,UMBC,30,9,809,157,400,101,237,56,163,70,92,34,75,109,32,19,2,57,58,440,.393,.426,.344,.761,.496,.463,G,JR
4476,Curtis Nash,809,2002-03,Charlotte,29,24,809,89,251,39,100,50,151,31,44,8,68,76,95,19,4,67,36,259,.355,.390,.331,.705,.476,.454,G,SR
4477,Daniel Hackett,809,2006-07,Southern California,37,16,809,51,129,40,94,11,35,84,106,12,94,106,103,26,3,65,76,197,.395,.426,.314,.792,.549,.438,G,FR
4478,Darrel Owens,809,2004-05,Georgetown,32,15,809,81,173,28,36,53,137,17,25,27,69,96,51,23,6,25,61,232,.468,.778,.387,.680,.627,.621,F,JR
4479,Deuce Smith,809,2005-06,Eastern Washington,30,30,809,94,208,76,135,18,73,47,63,37,54,91,79,42,9,58,80,253,.452,.563,.247,.746,.532,.495,G,SR
4480,Earl Calloway,809,2006-07,Indiana,29,25,809,90,191,75,142,15,49,83,103,8,85,93,125,34,5,65,59,278,.471,.528,.306,.806,.579,.510,G,SR
4481,Edward Garriet,809,2004-05,McNeese State,28,27,809,103,250,37,84,66,166,35,39,12,45,57,47,34,2,26,26,307,.412,.440,.398,.897,.572,.544,G,SR
4482,Gabriel Mikulas,809,2002-03,East Carolina,27,27,809,106,206,104,195,2,11,95,114,53,104,157,38,26,10,62,73,309,.515,.533,.182,.833,.594,.519,F,JR
4483,Greg Ethington,809,2004-05,UC Irvine,29,29,809,129,250,124,233,5,17,93,130,50,129,179,37,18,21,57,94,356,.516,.532,.294,.715,.571,.526,F,SR
4484,Jason Erickson,809,2002-03,Montana State,25,25,809,100,218,66,131,34,87,44,52,7,50,57,77,25,4,60,51,278,.459,.504,.391,.846,.573,.537,G,JR
4485,John Edwards,809,2003-04,Kent State,31,31,809,162,306,162,306,0,0,84,126,65,142,207,13,12,81,64,96,408,.529,.529,,.667,.558,.529,C,SR
4486,Lekheythan Malone,809,2005-06,Little Rock,29,22,809,99,246,73,165,26,81,63,78,46,63,109,36,17,5,57,84,287,.402,.442,.321,.808,.507,.455,F,FR
4487,Max Mombollet,809,2003-04,The Citadel,28,26,809,99,246,97,234,2,12,71,92,47,127,174,23,26,17,64,92,271,.402,.415,.167,.772,.468,.407,F,SR
4488,Nick D'Antoni,809,2004-05,William & Mary,29,26,809,60,168,25,66,35,102,39,55,10,58,68,75,21,2,62,72,194,.357,.379,.343,.709,.500,.461,G,SR
4489,Ryan Stilphen,809,2005-06,Marist,29,29,809,140,239,137,226,3,13,67,119,59,144,203,33,13,9,54,84,350,.586,.606,.231,.563,.592,.592,C,SO
4490,Todd Babington,809,2006-07,Austin Peay,33,25,809,98,246,21,38,77,208,31,41,12,48,60,44,21,7,25,71,304,.398,.553,.370,.756,.573,.555,G,JR
4491,Zione White,809,2004-05,High Point,31,27,809,128,320,59,138,69,182,46,61,9,87,96,62,44,2,59,43,371,.400,.428,.379,.754,.532,.508,G,SR
4492,Brent Petway,808,2006-07,Michigan,35,32,808,93,154,93,154,0,0,52,82,72,133,205,35,22,52,53,87,238,.604,.604,,.634,.617,.604,F,SR
4493,Courtney Beasley,808,2006-07,Southern Mississippi,31,26,808,123,253,110,215,13,38,43,76,57,88,145,34,34,6,51,74,302,.486,.512,.342,.566,.522,.512,G,SO
4494,Dakari Wallace,808,2004-05,Jackson State,32,18,808,89,265,62,157,27,108,74,90,30,77,107,62,52,9,66,71,279,.336,.395,.250,.822,.453,.387,G,JR
4495,Dominique White,808,2006-07,Texas Southern,29,28,808,51,137,50,134,1,3,69,102,8,62,70,88,31,0,99,92,172,.372,.373,.333,.676,.464,.376,G,JR
4496,Ed Spencer,808,2004-05,UNC Wilmington,29,26,808,74,214,47,125,27,89,29,41,19,57,76,59,24,3,44,52,204,.346,.376,.303,.707,.437,.409,G,SR
4497,Jackie Manuel,808,2004-05,North Carolina,37,37,808,75,153,70,135,5,18,49,82,56,49,105,54,48,11,47,92,204,.490,.519,.278,.598,.531,.507,G,SR
4498,James Bayless,808,2003-04,San Francisco,30,21,808,151,281,150,279,1,2,70,108,50,124,174,16,13,12,45,78,373,.537,.538,.500,.648,.561,.539,F,SR
4499,Jason Rich,808,2005-06,Florida State,30,29,808,125,267,117,222,8,45,42,57,26,67,93,49,36,10,50,70,300,.468,.527,.178,.737,.510,.483,G,SO
4500,Jeff Granger,808,2004-05,Hampton,30,28,808,87,274,50,129,37,145,88,114,28,66,94,39,47,1,51,87,299,.318,.388,.255,.772,.456,.385,G,JR
4501,Joe Posey,808,2006-07,James Madison,30,3,808,103,267,31,77,72,190,24,35,18,77,95,26,25,10,41,69,302,.386,.403,.379,.686,.532,.521,G,SO
4502,Kevin Rogus,808,2004-05,Harvard,27,27,808,85,224,18,36,67,188,31,50,9,29,38,27,24,1,25,37,268,.379,.500,.356,.620,.541,.529,G,SR
4503,Lazare Adingono,808,2002-03,Rhode Island,31,30,808,110,276,51,117,59,159,87,123,38,98,136,36,26,6,48,103,366,.399,.436,.371,.707,.547,.505,G,SR
4504,Leon Young,808,2005-06,Loyola Chicago,30,5,808,97,196,97,196,0,0,118,141,97,120,217,7,8,2,51,87,312,.495,.495,,.837,.593,.495,F,FR
4505,Le'Vonn Jordan,808,2005-06,Elon,27,26,808,77,173,77,164,0,9,47,68,50,83,133,53,33,12,36,72,201,.445,.470,.000,.691,.490,.445,G,JR
4506,Matt Preston,808,2003-04,Columbia,27,27,808,143,303,115,222,28,81,98,116,61,86,147,60,32,10,85,87,412,.472,.518,.346,.845,.575,.518,F,JR
4507,Michael Neal,808,2006-07,Oklahoma,28,24,808,88,227,39,69,49,158,54,68,26,48,74,48,29,6,45,47,279,.388,.565,.310,.794,.538,.496,G,SR
4508,Rolando Howell,808,2002-03,South Carolina,28,27,808,117,249,117,248,0,1,46,89,64,112,176,25,39,19,48,79,280,.470,.472,.000,.517,.481,.470,F,JR
4509,Terrell Petteway,808,2003-04,Lamar,28,27,808,171,341,170,330,1,11,79,136,83,135,218,19,18,24,67,106,422,.501,.515,.091,.581,.520,.503,F,SR
4510,Terren Harbut,808,2003-04,Ohio,30,25,808,90,204,88,197,2,7,95,141,50,68,118,22,23,13,45,101,277,.441,.447,.286,.674,.511,.446,F,JR
4511,Terry West,808,2003-04,Southeastern Louisiana,29,29,808,130,273,118,225,12,48,87,120,61,78,139,28,21,10,46,83,359,.476,.524,.250,.725,.544,.498,F,SR
4512,Brett Loscalzo,807,2005-06,Columbia,27,27,807,41,114,14,35,27,79,28,32,4,58,62,83,31,0,51,74,137,.360,.400,.342,.875,.530,.478,G,SO
4513,Chris Booker,807,2002-03,Purdue,30,24,807,99,219,97,207,2,12,82,114,66,105,171,28,31,30,67,81,282,.452,.469,.167,.719,.516,.457,F,JR
4514,Chris Parker,807,2002-03,Arkansas–Pine Bluff,28,25,807,78,240,37,95,41,145,31,40,22,72,94,45,23,8,43,79,228,.325,.389,.283,.775,.440,.410,G,JR
4515,David Padgett,807,2006-07,Louisville,33,30,807,111,186,111,185,0,1,93,113,94,90,184,48,12,50,29,98,315,.597,.600,.000,.823,.657,.597,C,JR
4516,Francis Cuyler,807,2004-05,Middle Tennessee,31,18,807,69,194,17,53,52,141,19,31,14,45,59,58,30,0,54,68,209,.356,.321,.369,.613,.501,.490,G,JR
4517,Jake Byrne,807,2006-07,Eastern Illinois,30,25,807,92,170,92,166,0,4,47,63,40,84,124,36,18,13,25,80,231,.541,.554,.000,.746,.578,.541,C,JR
4518,Jason Ellis,807,2002-03,Boise State,29,29,807,102,208,102,208,0,0,69,92,81,146,227,26,24,27,51,89,273,.490,.490,,.750,.542,.490,F,SO
4519,Jonathan Sanders,807,2003-04,St. Mary's (CA),31,28,807,61,136,49,96,12,40,64,79,59,84,143,78,26,13,82,78,198,.449,.510,.300,.810,.571,.493,G,JR
4520,Joseph Harris,807,2006-07,Coastal Carolina,30,24,807,102,176,102,176,0,0,43,81,97,130,227,36,43,39,41,87,247,.580,.580,,.531,.576,.580,F,SO
4521,Kevin Netter,807,2002-03,Bowling Green,29,27,807,152,278,152,278,0,0,140,205,36,98,134,22,32,38,73,115,444,.547,.547,,.683,.591,.547,C,JR
4522,Kevin Roberts,807,2002-03,Southeast Missouri State,29,18,807,12,40,9,29,3,11,23,38,10,55,65,179,37,2,57,57,50,.300,.310,.273,.605,.431,.338,G,SO
4523,Oscar Thompson,807,2005-06,Prairie View A&M,29,23,807,115,316,71,176,44,140,56,69,20,55,75,22,29,1,48,56,330,.364,.403,.314,.812,.473,.434,G,SR
4524,Patrick Fields,807,2004-05,Baylor,28,18,807,101,235,64,129,37,106,71,111,41,69,110,66,38,0,81,62,310,.430,.496,.349,.640,.539,.509,F,SO
4525,Quincy Davis,807,2004-05,Tulane,28,28,807,153,250,148,240,5,10,72,105,70,102,172,17,12,41,69,85,383,.612,.617,.500,.686,.639,.622,C,JR
4526,Randy Dukes,807,2002-03,Morgan State,25,22,807,128,333,75,194,53,139,64,86,36,61,97,24,27,0,58,57,373,.384,.387,.381,.744,.499,.464,G,SR
4527,Rob Preston,807,2005-06,Akron,33,5,807,89,202,55,109,34,93,51,67,50,79,129,49,16,41,38,73,263,.441,.505,.366,.761,.562,.525,C,SR
4528,Tyrone Nelson,807,2003-04,Prairie View A&M,25,23,807,142,297,142,289,0,8,94,154,78,132,210,24,32,22,77,77,378,.478,.491,.000,.610,.511,.478,F,FR
4529,Yemi Ogunoye,807,2006-07,Oral Roberts,33,32,807,29,63,23,38,6,25,12,28,40,60,100,62,22,18,40,56,76,.460,.605,.240,.429,.498,.508,F,JR
4530,Zam Fredrick,807,2005-06,Georgia Tech,28,18,807,110,273,82,186,28,87,50,67,12,59,71,110,25,1,97,81,298,.403,.441,.322,.746,.489,.454,G,SO
4531,Bobby Santiago,806,2005-06,Stony Brook,28,26,806,98,269,48,124,50,145,18,29,21,63,84,82,34,0,49,33,264,.364,.387,.345,.621,.467,.457,G,SR
4532,Chavis Holmes,806,2006-07,VMI,32,11,806,188,460,80,183,108,277,131,176,50,55,105,67,90,9,81,95,615,.409,.437,.390,.744,.566,.526,G,SO
4533,Clarence Matthews,806,2005-06,Tennessee State,28,28,806,144,264,144,264,0,0,95,143,85,154,239,40,31,47,87,105,383,.545,.545,,.664,.577,.545,F,JR
4534,Dwayne Collins,806,2006-07,Miami (FL),32,22,806,106,197,106,197,0,0,62,107,105,102,207,20,20,18,46,83,274,.538,.538,,.579,.553,.538,F,FR
4535,Eugene Bates,806,2002-03,Northern Illinois,31,29,806,106,212,105,208,1,4,119,161,39,72,111,106,62,7,91,88,332,.500,.505,.250,.739,.575,.502,G,SR
4536,James Thomas Jr,806,2002-03,Texas,33,33,806,125,243,125,243,0,0,117,178,128,235,363,15,18,24,56,84,367,.514,.514,,.657,.560,.514,C,JR
4537,Jeleel Akindele,806,2004-05,Chicago State,28,27,806,130,231,130,230,0,1,77,156,87,155,242,20,25,70,70,102,337,.563,.565,.000,.494,.552,.563,C,SO
4538,Justin Cage,806,2003-04,Xavier,36,18,806,54,124,48,96,6,28,52,80,59,64,123,38,21,8,47,80,166,.435,.500,.214,.650,.512,.460,F,FR
4539,Marvett McDonald,806,2004-05,UAB,33,20,806,122,311,45,102,77,209,36,43,22,65,87,65,37,4,41,72,357,.392,.441,.368,.837,.539,.516,G,JR
4540,Milone Clark,806,2004-05,Tennessee Tech,29,28,806,94,199,78,142,16,57,62,79,50,76,126,41,27,8,51,47,266,.472,.549,.281,.785,.562,.513,G,JR
4541,Ricky Hood,806,2005-06,Chattanooga,31,31,806,79,186,64,139,15,47,46,64,38,116,154,64,31,10,44,56,219,.425,.460,.319,.719,.506,.465,G,JR
4542,Steve Callahan,806,2003-04,Dartmouth,27,26,806,72,181,27,66,45,115,23,31,13,86,99,58,30,1,49,66,212,.398,.409,.391,.742,.542,.522,G,JR
4543,Travis Holmes,806,2006-07,VMI,33,12,806,173,404,102,209,71,195,78,114,78,85,163,107,111,19,74,85,495,.428,.488,.364,.684,.540,.516,F,SO
4544,Tyler Whatley,806,2006-07,Wofford,30,30,806,85,169,85,168,0,1,47,73,74,96,170,12,14,32,44,86,217,.503,.506,.000,.644,.533,.503,F,SO
4545,Tynell Dunkley,806,2006-07,Norfolk State,30,25,806,93,216,83,174,10,42,95,133,39,111,150,32,16,7,87,81,291,.431,.477,.238,.714,.521,.454,F,SR
4546,Will McClurkin,806,2004-05,Marist,24,23,806,137,274,124,239,13,35,64,96,47,136,183,21,15,17,42,59,351,.500,.519,.371,.667,.549,.524,C,SR
4547,Winston Brooks,806,2002-03,Gonzaga,33,30,806,33,78,21,41,12,37,17,26,21,68,89,97,30,1,67,59,95,.423,.512,.324,.654,.526,.500,G,SR
4548,Adrian Uter,805,2005-06,Hofstra,29,29,805,107,189,107,189,0,0,55,108,82,144,226,20,23,66,42,102,269,.566,.566,,.509,.560,.566,F,SR
4549,Beau Bauer,805,2003-04,IPFW,28,27,805,72,209,40,108,32,101,39,60,17,66,83,85,40,3,74,85,215,.344,.370,.317,.650,.453,.421,G,FR
4550,Chris Williams,805,2002-03,James Madison,30,29,805,92,214,82,183,10,31,38,64,25,59,84,85,33,11,74,78,232,.430,.448,.323,.594,.475,.453,G,JR
4551,Darren Prentice,805,2006-07,New Mexico,31,19,805,94,223,39,78,55,145,32,51,23,42,65,101,35,3,53,49,275,.422,.500,.379,.627,.556,.545,G,JR
4552,Gregg Alexander,805,2004-05,Illinois State,28,27,805,64,136,6,10,58,126,16,19,7,82,89,62,21,1,32,41,202,.471,.600,.460,.842,.696,.684,G,SR
4553,Jermaine Anderson,805,2005-06,New Hampshire,26,22,805,60,147,40,84,20,63,68,74,25,66,91,79,35,5,68,56,208,.408,.476,.317,.919,.571,.476,G,JR
4554,John Barber,805,2006-07,Youngstown State,31,8,805,85,205,77,177,8,28,57,76,55,92,147,19,21,13,55,51,235,.415,.435,.286,.750,.487,.434,F,JR
4555,Kevin Hammack,805,2002-03,The Citadel,28,25,805,70,202,39,96,31,106,38,57,8,59,67,134,50,5,93,60,209,.347,.406,.292,.667,.456,.423,G,FR
4556,Marvin Moss,805,2004-05,Montana State,28,28,805,136,274,123,230,13,44,56,77,61,137,198,47,31,14,58,60,341,.496,.535,.295,.727,.549,.520,F,JR
4557,Matt Betley,805,2006-07,Lafayette,30,24,805,114,227,81,131,33,96,67,96,45,99,144,52,33,4,61,78,328,.502,.618,.344,.698,.602,.575,G,JR
4558,Michael Radziejewski,805,2002-03,Hofstra,27,27,805,95,251,39,84,56,167,19,28,31,82,113,47,21,9,44,76,265,.378,.464,.335,.679,.501,.490,G,SO
4559,Rob Diggs,805,2006-07,George Washington,32,23,805,131,242,131,236,0,6,74,100,69,91,160,34,19,60,50,84,336,.541,.555,.000,.740,.580,.541,F,SO
4560,Scott Brittain,805,2006-07,Boston University,29,28,805,68,156,61,133,7,23,60,99,53,120,173,30,21,11,70,90,203,.436,.459,.304,.606,.500,.458,F,FR
4561,Solomon Forbes,805,2003-04,Mississippi Valley State,26,24,805,133,340,78,163,55,177,43,55,29,56,85,36,58,6,48,58,364,.391,.479,.311,.782,.497,.472,F,SO
4562,Tim Burnette,805,2002-03,UNC Wilmington,28,24,805,115,246,85,159,30,87,49,71,15,80,95,68,47,11,48,59,309,.467,.535,.345,.690,.552,.528,G,JR
4563,Tomas Sitnikovas,805,2002-03,Texas–Pan American,30,27,805,87,200,60,125,27,75,44,79,51,86,137,25,13,0,40,86,245,.435,.480,.360,.557,.516,.503,F,SR
4564,Tyrone Hayes,805,2003-04,Idaho,30,30,805,142,293,137,273,5,20,117,142,62,109,171,24,35,20,57,82,406,.485,.502,.250,.824,.563,.493,F,JR
4565,Arnaud Dahi,804,2006-07,Old Dominion,32,27,804,100,263,83,195,17,68,85,108,62,139,201,31,32,16,51,87,302,.380,.426,.250,.787,.480,.413,F,SR
4566,Bernard Allen,804,2002-03,Loyola (MD),28,21,804,82,216,51,127,31,89,41,55,53,144,197,25,20,9,64,53,236,.380,.402,.348,.745,.487,.451,F,SO
4567,Chaz Thomas,804,2005-06,Cal Poly,29,24,804,76,208,50,112,26,96,46,64,14,74,88,76,42,0,62,67,224,.365,.446,.271,.719,.470,.428,G,FR
4568,Clifton Lee,804,2004-05,Northwestern State,32,31,804,104,232,85,176,19,56,76,104,40,120,160,60,24,18,51,59,303,.448,.483,.339,.731,.538,.489,F,JR
4569,Craig Benson,804,2005-06,Quinnipiac,26,25,804,83,261,32,91,51,170,26,41,9,39,48,35,21,1,43,35,243,.318,.352,.300,.634,.433,.416,G,SR
4570,Damien Lennon,804,2002-03,Nicholls State,28,20,804,84,207,25,47,59,160,23,27,10,65,75,33,9,1,49,20,250,.406,.532,.369,.852,.569,.548,F,SR
4571,Gabe Kennedy,804,2003-04,UAB,32,32,804,143,284,143,283,0,1,79,122,59,109,168,32,21,18,41,105,365,.504,.505,.000,.648,.534,.504,G,SR
4572,James Hughes,804,2006-07,Northern Illinois,30,24,804,145,246,145,246,0,0,72,95,65,117,182,10,13,64,46,63,362,.589,.589,,.758,.622,.589,C,SR
4573,Joe Knight,804,2002-03,High Point,23,22,804,115,266,53,112,62,154,83,109,22,80,102,46,28,2,53,56,375,.432,.473,.403,.761,.590,.549,G,SO
4574,Leon Powe Jr,804,2003-04,California,27,26,804,142,291,142,290,0,1,125,205,92,164,256,19,19,17,53,62,409,.488,.490,.000,.610,.527,.488,F,FR
4575,Louis Dale,804,2006-07,Cornell,28,27,804,111,238,67,144,44,94,106,135,18,103,121,104,24,3,94,68,372,.466,.465,.468,.785,.616,.559,G,FR
4576,Michael Williams,804,2004-05,Bethune-Cookman,30,30,804,131,251,131,251,0,0,64,117,67,131,198,45,57,15,71,100,326,.522,.522,,.547,.532,.522,C,JR
4577,Nick George,804,2003-04,VCU,31,22,804,103,199,86,162,17,37,61,101,60,123,183,34,32,9,61,48,284,.518,.531,.459,.604,.575,.560,F,SO
4578,Ron Coleman,804,2006-07,Michigan,35,24,804,77,168,50,89,27,79,18,25,40,68,108,39,8,5,31,24,199,.458,.562,.342,.720,.553,.539,F,JR
4579,Samuel Saint-Jean,804,2002-03,St. Mary's (CA),29,29,804,81,168,59,130,22,38,71,91,19,53,72,108,30,7,82,105,255,.482,.454,.579,.780,.604,.548,G,SR
4580,Todd Galloway,804,2004-05,Florida State,31,31,804,65,151,36,70,29,81,31,47,5,58,63,92,35,2,73,65,190,.430,.514,.358,.660,.548,.526,G,JR
4581,Todd Okeson,804,2002-03,Nevada,30,21,804,93,210,29,63,64,147,55,66,20,48,68,58,42,5,49,57,305,.443,.460,.435,.833,.632,.595,G,JR
4582,Tony Bowne,804,2004-05,Central Michigan,28,18,804,52,147,19,50,33,97,52,59,29,58,87,66,22,2,48,60,189,.354,.380,.340,.881,.540,.466,G,SR
4583,Travis Niesen,804,2004-05,Santa Clara,31,30,804,162,338,161,335,1,3,142,174,49,92,141,27,15,5,72,99,467,.479,.481,.333,.816,.555,.481,F,JR
4584,Charles Thomas,803,2006-07,Arkansas,34,29,803,120,270,113,231,7,39,117,151,67,128,195,44,10,8,73,97,364,.444,.489,.179,.775,.533,.457,F,JR
4585,Chris Lowe,803,2006-07,Massachusetts,32,21,803,73,174,57,128,16,46,63,92,12,63,75,134,34,5,73,65,225,.420,.445,.348,.685,.517,.466,G,SO
4586,Cory Sinning,803,2004-05,Army,27,24,803,74,163,61,128,13,35,44,59,11,74,85,63,30,1,58,46,205,.454,.477,.371,.746,.537,.494,G,SO
4587,Daniel Fountain,803,2006-07,UNC Wilmington,28,19,803,91,258,38,102,53,156,46,64,17,73,90,48,22,5,45,57,281,.353,.373,.340,.719,.487,.455,G,JR
4588,David Chiotti,803,2003-04,New Mexico,27,25,803,125,228,125,228,0,0,88,125,47,96,143,44,16,14,47,73,338,.548,.548,,.704,.588,.548,C,SO
4589,Derrick Roberts,803,2006-07,SMU,26,20,803,81,189,41,80,40,109,19,26,16,47,63,56,21,4,43,39,221,.429,.513,.367,.731,.549,.534,G,JR
4590,Dexter Shankle,803,2006-07,Texas–Pan American,29,28,803,70,171,27,63,43,108,46,65,10,38,48,36,24,2,32,57,229,.409,.429,.398,.708,.567,.535,G,JR
4591,Kelly Whitney,803,2003-04,Seton Hall,25,23,803,136,242,136,242,0,0,68,111,54,119,173,16,24,29,73,75,340,.562,.562,,.613,.577,.562,F,SO
4592,Michael McFadden,803,2004-05,San Jose State,29,19,803,78,232,57,144,21,88,32,38,11,69,80,66,26,9,58,52,209,.336,.396,.239,.842,.418,.381,G,SR
4593,Mike McGrain,803,2003-04,San Diego,26,26,803,26,71,23,56,3,15,28,57,27,76,103,169,33,2,82,70,83,.366,.411,.200,.491,.423,.387,G,JR
4594,Moussa Badiane,803,2004-05,East Carolina,27,25,803,117,248,117,248,0,0,98,146,77,135,212,16,17,75,57,92,332,.472,.472,,.671,.523,.472,C,SR
4595,Radee Skipworth,803,2003-04,VMI,23,23,803,134,316,112,232,22,84,77,108,33,110,143,24,26,7,56,53,367,.424,.483,.262,.713,.500,.459,F,SR
4596,Ross DeRogatis,803,2004-05,San Diego,29,16,803,70,162,22,58,48,104,40,46,10,41,51,99,23,0,48,52,228,.432,.379,.462,.870,.620,.580,G,SO
4597,Sharrod Ford,803,2003-04,Clemson,28,28,803,116,216,116,214,0,2,100,159,80,122,202,16,14,64,70,85,332,.537,.542,.000,.629,.569,.537,F,JR
4598,Terence Dials,803,2003-04,Ohio State,30,29,803,111,220,111,220,0,0,91,127,79,119,198,32,19,20,71,91,313,.505,.505,,.717,.558,.505,F,SO
4599,Terrance Mouton,803,2004-05,Rider,30,9,803,81,222,33,95,48,127,48,55,17,45,62,57,34,1,34,62,258,.365,.347,.378,.873,.520,.473,G,SO
4600,Tony Mitchell,803,2002-03,College of Charleston,33,21,803,107,276,61,164,46,112,61,75,15,69,84,85,44,6,49,77,321,.388,.372,.411,.813,.515,.471,G,SO
4601,Tyler Smith,803,2006-07,Colorado State,28,21,803,107,260,72,157,35,103,50,74,25,68,93,61,36,3,77,51,299,.412,.459,.340,.676,.507,.479,G,JR
4602,Yassin Idbihi,803,2004-05,Buffalo,33,33,803,126,261,107,205,19,56,55,72,66,128,194,44,21,21,58,92,326,.483,.522,.339,.764,.552,.519,F,SO
4603,Alex Galindo,802,2006-07,Florida International,28,27,802,137,317,92,190,45,127,70,99,65,101,166,26,24,14,63,89,389,.432,.484,.354,.707,.534,.503,F,SO
4604,Ben Uzoh,802,2006-07,Tulsa,31,30,802,96,233,67,159,29,74,85,112,49,106,155,46,35,26,69,49,306,.412,.421,.392,.759,.535,.474,G,FR
4605,Brandon Polk,802,2004-05,Butler,28,17,802,152,258,151,254,1,4,77,120,40,89,129,28,12,23,43,60,382,.589,.594,.250,.642,.606,.591,F,JR
4606,Brendan Winters,802,2002-03,Davidson,27,24,802,109,222,62,129,47,93,70,91,45,115,160,64,25,5,52,53,335,.491,.481,.505,.769,.632,.597,G,FR
4607,Dan Swoger,802,2002-03,Saint Francis (PA),28,20,802,88,191,31,75,57,116,38,46,10,58,68,101,25,3,54,65,271,.461,.413,.491,.826,.637,.610,G,SR
4608,David Johnson,802,2006-07,Southeast Missouri State,31,27,802,106,265,42,81,64,184,41,68,39,72,111,59,44,23,88,91,317,.400,.519,.348,.603,.533,.521,G,JR
4609,David Simon,802,2004-05,IPFW,25,23,802,157,300,156,287,1,13,100,158,59,114,173,50,20,48,65,86,415,.523,.544,.077,.633,.553,.525,C,SR
4610,Hodari Mallory,802,2002-03,Canisius,26,26,802,158,339,105,207,53,132,66,82,62,111,173,51,48,13,58,85,435,.466,.507,.402,.805,.575,.544,G,SR
4611,Jimmy White,802,2002-03,Sacramento State,29,29,802,114,212,107,191,7,21,44,85,59,116,175,22,26,37,55,86,279,.538,.560,.333,.518,.553,.554,F,SR
4612,John Baumann,802,2006-07,Columbia,28,28,802,145,251,116,194,29,57,54,79,52,131,183,26,18,2,58,76,373,.578,.598,.509,.684,.646,.635,F,JR
4613,Keith Kincade,802,2003-04,Loyola Marymount,29,26,802,126,301,94,205,32,96,76,96,52,63,115,55,22,1,41,30,360,.419,.459,.333,.792,.519,.472,F,SR
4614,Kyle Weaver,802,2005-06,Washington State,27,25,802,85,176,77,147,8,29,55,80,35,81,116,107,39,19,83,64,233,.483,.524,.276,.688,.544,.506,G,SO
4615,Logan Kosmalski,802,2003-04,Davidson,29,29,802,132,268,108,198,24,70,68,104,63,140,203,36,13,3,77,94,356,.493,.545,.343,.654,.561,.537,F,JR
4616,Noah Brown,802,2003-04,Appalachian State,30,25,802,134,361,62,133,72,228,54,84,9,65,74,78,34,1,74,53,394,.371,.466,.316,.643,.491,.471,G,JR
4617,Rafael Araujo,802,2002-03,Brigham Young,32,32,802,155,278,152,267,3,11,70,109,91,195,286,38,45,15,95,118,383,.558,.569,.273,.642,.581,.563,C,JR
4618,Rob Haynes,802,2006-07,Cal State Northridge,31,20,802,87,194,41,86,46,108,45,62,34,48,82,56,26,5,59,77,265,.448,.477,.426,.726,.593,.567,G,SO
4619,Adrien Borders,801,2002-03,Wofford,29,27,801,104,230,81,156,23,74,49,73,27,55,82,90,33,5,77,56,280,.452,.519,.311,.671,.529,.502,G,SO
4620,Brendan Plavich,801,2003-04,Charlotte,29,28,801,109,297,12,31,97,266,38,49,9,38,47,51,42,3,32,50,353,.367,.387,.365,.776,.551,.530,G,JR
4621,Coleman Collins,801,2006-07,Virginia Tech,33,27,801,94,187,94,187,0,0,69,106,54,106,160,26,16,36,44,69,257,.503,.503,,.651,.541,.503,F,SR
4622,Dave Holmes,801,2002-03,Manhattan,29,5,801,124,262,107,213,17,49,105,129,75,141,216,30,45,13,45,105,370,.473,.502,.347,.814,.572,.506,F,JR
4623,Elijah Palmer,801,2003-04,Duquesne,29,29,801,158,293,155,278,3,15,84,135,63,109,172,33,30,18,63,62,403,.539,.558,.200,.622,.564,.544,F,SR
4624,Jared Newson,801,2003-04,UT Martin,28,16,801,136,297,112,236,24,61,108,154,66,100,166,47,37,17,60,67,404,.458,.475,.393,.701,.546,.498,F,SO
4625,Jeremiah King,801,2003-04,Drexel,26,25,801,90,206,66,128,24,78,32,44,9,83,92,92,24,5,59,74,236,.437,.516,.308,.727,.520,.495,G,JR
4626,Justin Isham,801,2004-05,SMU,28,23,801,76,189,60,139,16,50,46,72,25,66,91,53,36,9,40,56,214,.402,.432,.320,.639,.479,.444,G,SR
4627,K.C. Rivers,801,2005-06,Clemson,32,12,801,81,215,37,84,44,131,21,25,65,87,152,57,47,6,48,81,227,.377,.440,.336,.840,.500,.479,G,FR
4628,Mike St. John,801,2006-07,La Salle,30,29,801,51,138,34,78,17,60,31,53,43,129,172,83,25,3,68,87,150,.370,.436,.283,.585,.460,.431,F,SR
4629,Rashaun Banjo,801,2002-03,Quinnipiac,29,29,801,146,278,118,207,28,71,68,88,54,100,154,35,26,13,69,87,388,.525,.570,.394,.773,.607,.576,F,JR
4630,Rulon Washington,801,2004-05,Delaware,31,17,801,77,222,17,48,60,174,34,39,9,35,44,30,22,0,53,58,248,.347,.354,.345,.872,.516,.482,G,JR
4631,Alexander Oliver,800,2003-04,Alabama State,31,23,800,70,152,54,107,16,45,68,96,18,37,55,45,21,1,70,60,224,.461,.505,.356,.708,.567,.513,G,SO
4632,Anthony Drejaj,800,2005-06,Saint Louis,26,24,800,67,175,27,78,40,97,28,41,16,56,72,58,31,0,57,58,202,.383,.346,.412,.683,.519,.497,G,SR
4633,Anthony Price,800,2004-05,Tulsa,29,28,800,157,326,157,326,0,0,71,120,59,77,136,32,18,29,68,85,385,.482,.482,,.592,.503,.482,F,JR
4634,Dustin Salisbery,800,2004-05,Temple,28,13,800,103,274,61,128,42,146,42,72,34,81,115,44,30,5,42,59,290,.376,.477,.288,.583,.470,.453,G,SO
4635,Jason Baker,800,2003-04,Southern Utah,28,26,800,97,215,50,111,47,104,59,71,8,44,52,69,33,0,51,33,300,.451,.450,.452,.831,.603,.560,G,JR
4636,Kirsten Zoellner,800,2005-06,Albany (NY),32,32,800,93,166,93,166,0,0,55,115,59,99,158,12,12,39,55,94,241,.560,.560,,.478,.546,.560,C,SR
4637,Kyle Jeffers,800,2006-07,Oregon State,32,30,800,90,163,90,163,0,0,36,66,90,97,187,32,27,32,43,82,216,.552,.552,,.545,.556,.552,C,SR
4638,Marcus Toney-El,800,2003-04,Seton Hall,31,31,800,80,171,69,134,11,37,27,46,49,103,152,41,37,11,35,86,198,.468,.515,.297,.587,.513,.500,F,SR
4639,Martin Klimes,800,2006-07,Vermont,33,25,800,91,157,91,157,0,0,44,92,66,88,154,22,13,23,62,102,226,.580,.580,,.478,.563,.580,F,SR
4640,Marvin Williams,800,2004-05,North Carolina,36,0,800,125,247,106,203,19,44,138,163,65,171,236,26,39,17,56,92,407,.506,.522,.432,.847,.627,.545,F,FR
4641,Michal Ignerski,800,2002-03,Mississippi State,31,31,800,110,243,83,157,27,86,33,46,49,100,149,26,26,6,50,69,280,.453,.529,.314,.717,.529,.508,F,SR
4642,Pat Carroll,800,2003-04,Saint Joseph's,32,32,800,110,238,29,61,81,177,23,29,25,89,114,31,21,6,31,67,324,.462,.475,.458,.793,.643,.632,G,JR
4643,Ricky Shields,800,2002-03,Rutgers,28,28,800,101,254,42,104,59,150,73,90,33,78,111,55,30,0,53,28,334,.398,.404,.393,.811,.563,.514,G,SO
4644,Terrence Todd,800,2002-03,Fairfield,31,21,800,88,227,74,188,14,39,68,87,22,78,100,96,38,0,81,52,258,.388,.394,.359,.782,.481,.419,G,FR
4645,Aurimas Kieza,799,2004-05,Hofstra,30,22,799,87,219,50,102,37,117,24,44,49,106,155,20,28,23,38,56,235,.397,.490,.316,.545,.490,.482,F,JR
4646,Brian Henderson,799,2006-07,Old Dominion,33,32,799,112,248,56,100,56,148,29,37,32,64,96,48,16,0,43,82,309,.452,.560,.378,.784,.582,.565,F,JR
4647,Damon Huffman,799,2006-07,Brown,23,20,799,99,204,34,61,65,143,75,89,10,51,61,42,37,2,41,45,338,.485,.557,.455,.843,.686,.645,G,JR
4648,Darryl Crawford,799,2006-07,Manhattan,29,24,799,101,241,91,195,10,46,66,99,23,55,78,41,35,6,53,75,278,.419,.467,.217,.667,.483,.440,G,FR
4649,Dawin Whiten,799,2005-06,Cal Poly,27,27,799,104,287,40,111,64,176,41,62,14,56,70,41,26,3,77,77,313,.362,.360,.364,.661,.495,.474,G,SO
4650,Dustin Geddis,799,2002-03,Portland,28,22,799,88,218,65,135,23,83,34,55,40,124,164,47,36,37,49,100,233,.404,.481,.277,.618,.477,.456,F,JR
4651,Joel Gerlach,799,2002-03,Air Force,28,28,799,110,214,69,118,41,96,77,108,14,63,77,24,29,28,39,89,338,.514,.585,.427,.713,.637,.610,F,JR
4652,Mark Patton,799,2004-05,Marshall,28,28,799,110,221,97,187,13,34,74,99,88,138,226,26,23,31,50,93,307,.498,.519,.382,.747,.573,.527,F,JR
4653,Matt Martin,799,2004-05,Montana,30,26,799,91,224,35,75,56,149,45,56,10,58,68,104,26,2,94,52,283,.406,.467,.376,.804,.565,.531,G,FR
4654,Michael Lee,799,2005-06,St. Bonaventure,27,26,799,144,299,138,275,6,24,50,67,63,112,175,20,14,30,50,57,344,.482,.502,.250,.746,.520,.492,F,SO
4655,Obie Nwadike,799,2003-04,Central Connecticut State,27,26,799,82,141,82,141,0,0,39,88,95,83,178,60,32,2,54,74,203,.582,.582,,.443,.555,.582,F,FR
4656,Spencer Nelson,799,2002-03,Utah State,33,23,799,115,176,113,167,2,9,103,153,85,159,244,54,14,20,63,113,335,.653,.677,.222,.673,.674,.659,F,SO
4657,Standford Speech,799,2004-05,Mississippi Valley State,28,20,799,78,199,50,112,28,87,68,96,28,96,124,62,41,5,80,64,252,.392,.446,.322,.708,.515,.462,G,FR
4658,Aerick Sanders,798,2002-03,San Diego State,30,30,798,72,146,72,146,0,0,39,51,103,125,228,36,17,25,45,105,183,.493,.493,,.765,.538,.493,F,JR
4659,Akeem Wright,798,2005-06,Kansas State,28,21,798,70,193,69,186,1,7,32,52,37,115,152,74,18,10,53,59,173,.363,.371,.143,.615,.397,.365,G,JR
4660,Alleo Frazier,798,2005-06,Alcorn State,28,28,798,43,112,18,45,25,67,24,36,8,59,67,111,48,0,65,85,135,.384,.400,.373,.667,.523,.496,G,JR
4661,Anwar Ferguson,798,2003-04,Houston,27,27,798,84,156,84,154,0,2,34,59,52,149,201,5,14,111,47,80,202,.538,.545,.000,.576,.549,.538,C,SR
4662,Charlie Villanueva,798,2004-05,Connecticut,31,31,798,159,305,153,293,6,12,97,141,82,175,257,40,20,57,70,68,421,.521,.522,.500,.688,.566,.531,F,SO
4663,Corey Rouse,798,2004-05,East Carolina,28,27,798,116,248,115,243,1,5,65,130,104,181,285,24,22,11,54,100,298,.468,.473,.200,.500,.481,.470,F,JR
4664,Donny McLendon,798,2006-07,The Citadel,30,28,798,122,336,50,131,72,205,41,61,22,75,97,18,27,0,37,69,357,.363,.382,.351,.672,.489,.470,G,SR
4665,Eddie Baker,798,2004-05,Troy State,30,30,798,138,312,109,237,29,75,94,141,36,110,146,86,36,31,67,67,399,.442,.460,.387,.667,.526,.489,C,SR
4666,Jamon Gordon,798,2003-04,Virginia Tech,24,23,798,89,244,66,162,23,82,33,49,37,68,105,107,66,11,54,83,234,.365,.407,.280,.673,.438,.412,G,FR
4667,Javier Mojica,798,2005-06,Central Connecticut State,29,12,798,105,242,94,199,11,43,37,58,51,83,134,53,24,3,51,56,258,.434,.472,.256,.638,.479,.457,G,JR
4668,Jermaine Griffin,798,2006-07,UT Arlington,29,25,798,161,257,161,257,0,0,62,122,70,128,198,34,12,58,84,81,384,.626,.626,,.508,.610,.626,F,JR
4669,Joaquim Gomes,798,2002-03,Valparaiso,31,31,798,106,201,88,143,18,58,55,84,49,126,175,48,39,22,65,95,285,.527,.615,.310,.655,.592,.572,F,JR
4670,Kevin Anderson,798,2004-05,Fordham,29,27,798,46,130,43,107,3,23,29,65,21,46,67,101,47,8,62,60,124,.354,.402,.130,.446,.385,.365,G,FR
4671,Lionel Bomayako,798,2002-03,Fairleigh Dickinson,27,27,798,116,281,51,115,65,166,37,46,19,47,66,30,8,2,56,53,334,.413,.443,.392,.804,.551,.528,G,SR
4672,Mohamed Kone,798,2005-06,Valparaiso,27,26,798,110,241,106,218,4,23,70,108,68,147,215,45,19,57,76,90,294,.456,.486,.174,.648,.503,.465,C,SR
4673,Taj Mathews,798,2004-05,Navy,28,28,798,74,219,25,74,49,145,53,75,26,66,92,76,51,4,74,100,250,.338,.338,.338,.707,.491,.450,G,SR
4674,Alexander Harper,797,2004-05,VCU,32,15,797,59,129,30,64,29,65,43,55,11,120,131,79,43,2,61,72,190,.457,.469,.446,.782,.612,.570,G,JR
4675,DeMario Anderson,797,2004-05,Central Connecticut State,27,26,797,139,299,99,207,40,92,64,72,21,84,105,53,21,8,74,73,382,.465,.478,.435,.889,.573,.532,G,SO
4676,Greg Johnson,797,2002-03,Southern Mississippi,29,25,797,151,403,132,325,19,78,45,79,43,90,133,32,38,16,65,51,366,.375,.406,.244,.570,.415,.398,F,JR
4677,Jerryck Owens-Murrey,797,2006-07,Western Illinois,28,27,797,98,191,98,190,0,1,67,111,46,84,130,35,20,5,70,68,263,.513,.516,.000,.604,.540,.513,F,JR
4678,John Millsap,797,2004-05,UTSA,28,28,797,155,322,153,311,2,11,72,119,73,119,192,40,26,4,68,66,384,.481,.492,.182,.605,.507,.484,F,SR
4679,Jordan Pleiman,797,2006-07,Wright State,33,33,797,95,168,95,168,0,0,51,88,72,106,178,10,12,10,51,97,241,.565,.565,,.580,.574,.565,F,JR
4680,Josh Alexander,797,2005-06,Stephen F. Austin,29,25,797,142,269,69,116,73,153,56,70,71,107,178,24,40,11,45,84,413,.528,.595,.477,.800,.683,.664,G,FR
4681,Justin Joyner,797,2006-07,UC Santa Barbara,28,26,797,42,114,24,48,18,66,33,50,11,63,74,81,36,5,54,56,135,.368,.500,.273,.660,.490,.447,G,FR
4682,Karandick Ogunride,797,2005-06,Norfolk State,31,31,797,92,203,92,201,0,2,56,87,93,132,225,10,16,17,44,96,240,.453,.458,.000,.644,.491,.453,C,SR
4683,Louis Hinnant,797,2003-04,Boston College,31,30,797,52,119,25,61,27,58,31,40,10,54,64,102,37,8,54,50,162,.437,.410,.466,.775,.587,.550,G,SO
4684,Marcus Hall,797,2005-06,Colorado,30,23,797,102,249,66,144,36,105,22,32,15,62,77,124,38,5,57,43,262,.410,.458,.343,.688,.496,.482,G,JR
4685,Mike Hubbard,797,2003-04,San Diego,30,17,797,58,145,55,121,3,24,33,66,11,59,70,96,25,3,129,58,152,.400,.455,.125,.500,.431,.410,G,FR
4686,Nick Stallings,797,2006-07,Centenary (LA),31,31,797,101,223,91,198,10,25,51,76,,,98,51,40,9,,,263,.453,.460,.400,.671,.508,.475,G,SO
4687,Pierre Johnson,797,2002-03,Hartford,29,27,797,143,236,143,236,0,0,44,118,87,92,179,18,32,11,46,79,330,.606,.606,,.373,.565,.606,F,SR
4688,Will Holloman,797,2004-05,Stetson,26,24,797,68,154,42,86,26,68,48,61,23,80,103,75,43,0,69,57,210,.442,.488,.382,.787,.574,.526,G,SO
4689,Ajay Calvin,796,2005-06,Drake,31,28,796,131,282,130,281,1,1,53,77,65,99,164,22,17,12,51,49,316,.465,.463,1.000,.688,.496,.466,F,JR
4690,Alex Cox,796,2006-07,Denver,29,19,796,64,172,27,82,37,90,16,26,12,52,64,83,23,3,63,54,181,.372,.329,.411,.615,.491,.480,G,SR
4691,Barry Hairston,796,2002-03,Hampton,30,20,796,167,331,147,261,20,70,81,124,51,97,148,39,57,17,72,85,435,.505,.563,.286,.653,.558,.535,F,SR
4692,Delvin Thompson,796,2006-07,Alcorn State,28,24,796,142,335,120,245,22,90,127,183,34,67,101,44,41,2,89,68,433,.424,.490,.244,.694,.513,.457,G,SR
4693,Jake Muhleisen,796,2004-05,Nebraska,27,26,796,59,162,41,97,18,65,44,56,19,72,91,78,27,9,42,70,180,.364,.423,.277,.786,.477,.420,G,SR
4694,Jermaine Hill,796,2002-03,Florida A&M,29,29,796,144,245,144,245,0,0,95,154,82,101,183,13,9,22,58,66,383,.588,.588,,.617,.602,.588,C,SR
4695,Juwann James,796,2005-06,James Madison,27,27,796,143,294,143,294,0,0,56,122,102,89,191,30,27,8,73,83,342,.486,.486,,.459,.486,.486,F,FR
4696,Kenneth Lawrence,796,2002-03,Louisiana–Lafayette,29,27,796,70,142,62,114,8,28,29,47,21,77,98,127,56,0,75,62,177,.493,.544,.286,.617,.539,.521,G,SR
4697,Michael Clark,796,2006-07,Mississippi Valley State,34,34,796,53,160,29,85,24,75,14,21,14,45,59,36,14,7,42,47,144,.331,.341,.320,.667,.424,.406,G,SO
4698,Michael Ford,796,2004-05,Southern Mississippi,28,17,796,94,273,64,165,30,108,81,102,13,80,93,84,33,4,88,56,299,.344,.388,.278,.794,.465,.399,G,JR
4699,Mike Konovelchick,796,2002-03,Manhattan,30,20,796,85,209,33,67,52,142,18,32,18,78,96,48,17,13,36,79,240,.407,.493,.366,.563,.535,.531,F,FR
4700,Sean Booker,796,2004-05,North Carolina A&T,29,27,796,167,407,108,204,59,203,74,112,35,76,111,34,49,5,107,99,467,.410,.529,.291,.661,.507,.483,G,SO
4701,Shami Gill,796,2003-04,Washington State,29,28,796,61,138,59,126,2,12,47,57,65,88,153,21,13,7,41,87,171,.442,.468,.167,.825,.518,.449,F,JR
4702,Tanoris Shepard,796,2003-04,Idaho,30,29,796,79,228,50,135,29,93,52,68,17,53,70,75,18,7,64,68,239,.346,.370,.312,.765,.459,.410,G,SO
4703,Tyrone Bazy,796,2006-07,Northern Arizona,30,11,796,159,314,149,275,10,39,146,178,27,60,87,75,33,2,86,86,474,.506,.542,.256,.820,.595,.522,G,SR
4704,Will Venable,796,2002-03,Princeton,26,26,796,102,214,89,157,13,57,59,78,29,55,84,57,34,7,54,68,276,.477,.567,.228,.756,.550,.507,G,SO
4705,Antoine Landry,795,2003-04,Louisiana–Lafayette,29,26,795,131,293,52,113,79,180,44,54,9,53,62,46,18,2,54,51,385,.447,.460,.439,.815,.604,.582,G,SR
4706,Brad Pompey,795,2005-06,IPFW,28,21,795,83,225,40,98,43,127,34,39,28,74,102,66,36,1,63,44,243,.369,.408,.339,.872,.499,.464,G,JR
4707,Chris Hill,795,2004-05,Michigan State,33,19,795,99,239,38,72,61,167,32,43,11,49,60,140,44,1,48,70,291,.414,.528,.365,.744,.561,.542,G,SR
4708,Cory McJimson,795,2003-04,UMBC,28,9,795,102,228,100,214,2,14,63,105,72,82,154,33,20,11,48,72,269,.447,.467,.143,.600,.484,.452,F,SO
4709,David Ryan,795,2005-06,Siena,27,27,795,87,185,40,87,47,98,43,51,34,65,99,39,10,8,40,79,264,.470,.460,.480,.843,.631,.597,F,JR
4710,Dwayne Foreman,795,2005-06,Georgia Southern,30,1,795,71,167,45,111,26,56,52,67,17,73,90,145,43,1,91,71,220,.425,.405,.464,.776,.553,.503,G,SO
4711,Joe Ries,795,2002-03,Wyoming,32,32,795,75,150,75,147,0,3,73,99,44,89,133,41,9,7,47,71,223,.500,.510,.000,.737,.566,.500,F,JR
4712,Josh Barnard,795,2003-04,Eastern Washington,29,22,795,81,182,25,61,56,121,34,39,9,49,58,73,21,5,51,56,252,.445,.410,.463,.872,.628,.599,G,SR
4713,Rommel Marentez,795,2004-05,UC Davis,25,23,795,77,165,43,92,34,73,51,61,13,75,88,65,36,1,73,82,239,.467,.467,.466,.836,.616,.570,G,SO
4714,Alai Nuualiitia,794,2002-03,Brown,29,29,794,127,207,124,200,3,7,110,157,60,95,155,29,30,40,69,61,367,.614,.620,.429,.701,.652,.621,F,SR
4715,Anthony Johnson,794,2006-07,Fairfield,32,31,794,110,206,110,206,0,0,54,84,82,71,153,11,25,34,39,95,274,.534,.534,,.643,.557,.534,F,FR
4716,Antoine Pearson,794,2006-07,Manhattan,29,22,794,77,203,53,120,24,83,97,120,11,35,46,70,28,1,58,69,275,.379,.442,.289,.808,.529,.438,G,FR
4717,Billy Humphrey,794,2006-07,Georgia,33,10,794,82,187,32,64,50,123,33,39,26,91,117,62,47,9,55,68,247,.439,.500,.407,.846,.601,.572,G,SO
4718,Carl Elliott,794,2003-04,George Washington,30,29,794,97,239,77,184,20,55,38,65,29,85,114,130,60,3,100,62,252,.406,.418,.364,.585,.467,.448,G,FR
4719,Carlos English,794,2005-06,Cleveland State,28,24,794,78,229,42,118,36,111,36,46,8,40,48,130,48,0,84,54,228,.341,.356,.324,.783,.454,.419,G,JR
4720,Craig Moore,794,2005-06,Northwestern,29,24,794,66,171,12,19,54,152,11,13,17,37,54,68,18,2,34,44,197,.386,.632,.355,.846,.556,.544,G,FR
4721,Demetrius Jackson,794,2002-03,Pacific,27,23,794,124,315,77,174,47,141,73,89,5,41,46,82,33,2,85,77,368,.394,.443,.333,.820,.515,.468,G,SR
4722,Demetrius Williams,794,2003-04,Loyola Chicago,27,19,794,96,187,96,187,0,0,114,167,69,104,173,36,24,38,54,64,306,.513,.513,,.683,.574,.513,F,SR
4723,Francis Ebong,794,2002-03,Navy,28,26,794,101,189,101,188,0,1,62,125,69,121,190,36,32,22,73,72,264,.534,.537,.000,.496,.531,.534,C,SR
4724,Jibril Hodges,794,2003-04,Long Beach State,27,21,794,89,227,34,83,55,144,43,54,8,46,54,78,33,6,64,54,276,.392,.410,.382,.796,.546,.513,G,SO
4725,Jon Brockman,794,2005-06,Washington,33,32,794,116,224,116,224,0,0,46,69,85,130,215,24,35,3,46,84,278,.518,.518,,.667,.541,.518,F,FR
4726,Ledell Eackles,794,2005-06,Campbell,28,28,794,89,221,51,106,38,115,61,111,20,65,85,151,51,0,118,56,277,.403,.481,.330,.550,.506,.489,G,JR
4727,Micheal Morris,794,2002-03,Colorado State,33,22,794,60,144,42,92,18,52,56,78,20,71,91,121,23,44,111,71,194,.417,.457,.346,.718,.536,.479,G,FR
4728,Mike Lang,794,2005-06,Dartmouth,27,19,794,98,224,39,84,59,140,39,54,13,52,65,78,29,3,49,46,294,.438,.464,.421,.722,.589,.569,G,SR
4729,Richard Law,794,2004-05,South Alabama,28,22,794,89,199,52,83,37,116,58,65,42,84,126,35,20,7,40,51,273,.447,.627,.319,.892,.594,.540,F,JR
4730,Richard Midgley,794,2004-05,California,26,22,794,103,267,53,123,50,144,80,105,17,66,83,74,30,3,73,60,336,.386,.431,.347,.762,.530,.479,G,JR
4731,Rob Dill,794,2002-03,Lafayette,29,27,794,118,208,118,207,0,1,49,78,54,112,166,36,9,54,67,75,285,.567,.570,.000,.628,.582,.567,C,JR
4732,R.T. Guinn,794,2002-03,Baylor,28,27,794,104,225,55,104,49,121,41,59,52,104,156,23,28,14,43,79,298,.462,.529,.405,.695,.589,.571,C,JR
4733,Shawn King,794,2004-05,Nicholls State,27,27,794,80,184,63,134,17,50,29,39,23,82,105,48,38,5,42,73,206,.435,.470,.340,.744,.509,.481,G,SO
4734,Antonio McMillion,793,2005-06,Maryland Eastern Shore,29,24,793,105,266,89,216,16,50,71,126,43,74,117,26,12,12,73,61,297,.395,.412,.320,.563,.456,.425,F,JR
4735,B.A. Walker,793,2003-04,VCU,31,22,793,74,189,15,49,59,140,32,40,17,49,66,84,25,0,48,58,239,.392,.306,.421,.800,.575,.548,G,FR
4736,Bradley Strickland,793,2004-05,Evansville,28,28,793,117,219,116,213,1,6,54,89,46,88,134,32,20,29,51,76,289,.534,.545,.167,.607,.553,.537,F,SO
4737,Brandon Gay,793,2004-05,San Diego,29,29,793,166,339,109,213,57,126,117,138,44,148,192,64,32,17,77,93,506,.490,.512,.452,.848,.625,.574,F,SR
4738,Chris Schlatter,793,2003-04,Washington State,29,21,793,50,134,32,82,18,52,16,27,37,73,110,36,17,5,45,83,134,.373,.390,.346,.593,.456,.440,F,JR
4739,Ernest Turner,793,2004-05,Maine,25,21,793,119,300,79,193,40,107,64,87,19,47,66,70,27,1,94,70,342,.397,.409,.374,.736,.501,.463,G,JR
4740,Greg Dilligard,793,2006-07,Illinois State,31,29,793,128,198,128,198,0,0,35,82,81,99,180,52,19,36,47,102,291,.646,.646,,.427,.614,.646,F,SR
4741,Jacques Jones,793,2005-06,Texas Southern,30,15,793,88,203,82,177,6,26,76,114,61,96,157,53,26,17,75,88,258,.433,.463,.231,.667,.502,.448,F,SO
4742,Jermaine Wallace,793,2005-06,Northwestern State,32,29,793,108,266,42,90,66,176,32,52,43,56,99,24,41,14,34,53,314,.406,.467,.375,.615,.540,.530,G,SR
4743,Josh Mayo,793,2006-07,Illinois–Chicago,27,24,793,101,232,52,113,49,119,78,88,11,52,63,86,35,0,47,40,329,.435,.460,.412,.886,.601,.541,G,SO
4744,K.J. Garland,793,2003-04,UNC Asheville,29,17,793,108,258,72,157,36,101,34,54,25,53,78,79,33,2,41,31,286,.419,.459,.356,.630,.504,.488,G,FR
4745,Malik Hairston,793,2006-07,Oregon,27,25,793,116,222,93,168,23,54,50,82,68,94,162,57,18,16,49,67,305,.523,.554,.426,.610,.584,.574,G,JR
4746,Matt Dlouhy,793,2004-05,Montana,31,18,793,96,219,55,116,41,103,49,66,41,98,139,39,36,12,48,69,282,.438,.474,.398,.742,.563,.532,F,SO
4747,Nick Robinson,793,2003-04,Stanford,32,25,793,76,166,67,137,9,29,33,46,34,78,112,70,32,5,43,52,194,.458,.489,.310,.717,.516,.485,F,JR
4748,Orien Greene,793,2004-05,Louisiana–Lafayette,24,23,793,92,237,58,131,34,106,62,82,33,80,113,98,68,8,83,71,280,.388,.443,.321,.756,.507,.460,G,SR
4749,Rich Pittman,793,2002-03,Central Connecticut State,28,25,793,99,178,99,178,0,0,67,94,73,112,185,20,11,8,53,54,265,.556,.556,,.713,.595,.556,F,SO
4750,Roy Hibbert,793,2005-06,Georgetown,33,33,793,148,251,148,251,0,0,86,119,89,138,227,44,8,54,45,68,382,.590,.590,,.723,.621,.590,C,SO
4751,Shane Clark,793,2006-07,Villanova,33,10,793,83,193,45,93,38,100,39,54,47,85,132,31,27,12,47,93,243,.430,.484,.380,.722,.556,.528,F,SO
4752,Stan Gaines,793,2003-04,Minnesota,30,17,793,58,120,51,94,7,26,43,68,47,50,97,46,31,10,40,99,166,.483,.543,.269,.632,.545,.513,F,SO
4753,Terrence Leather,793,2003-04,South Florida,26,23,793,147,298,141,267,6,31,103,153,61,158,219,41,16,4,84,75,403,.493,.528,.194,.673,.544,.503,F,JR
4754,Willie Kemp,793,2006-07,Memphis,37,36,793,85,223,34,91,51,132,16,39,21,64,85,82,24,2,48,55,237,.381,.374,.386,.410,.491,.496,G,FR
4755,Alonzo Hird,792,2004-05,Eastern Kentucky,31,30,792,117,178,117,177,0,1,57,101,90,169,259,26,17,48,43,101,291,.657,.661,.000,.564,.644,.657,F,JR
4756,Carlos Powell,792,2002-03,South Carolina,28,15,792,135,305,105,207,30,98,53,76,29,91,120,46,32,8,55,67,353,.443,.507,.306,.697,.517,.492,F,SO
4757,Cedrick Barrow,792,2002-03,Morgan State,28,24,792,79,216,52,138,27,78,91,125,17,51,68,99,27,4,76,55,276,.366,.377,.346,.728,.501,.428,G,JR
4758,Chauncey Duke,792,2005-06,Duquesne,26,26,792,80,171,42,67,38,104,15,23,40,80,120,57,9,1,25,30,213,.468,.627,.365,.652,.585,.579,G,SO
4759,Chris McFarland,792,2003-04,Appalachian State,30,29,792,141,299,118,240,23,59,45,68,42,107,149,36,43,33,61,42,350,.472,.492,.390,.662,.528,.510,F,JR
4760,Darnell Wilson,792,2005-06,Canisius,29,27,792,150,254,150,252,0,2,74,106,62,89,151,38,41,39,76,109,374,.591,.595,.000,.698,.614,.591,F,JR
4761,David Brooks,792,2002-03,Niagara,29,5,792,99,253,50,129,49,124,59,80,31,70,101,41,29,2,47,64,306,.391,.388,.395,.738,.526,.488,G,SO
4762,Jason Cain,792,2005-06,Virginia,30,24,792,77,159,77,157,0,2,68,99,87,142,229,16,16,27,49,82,222,.484,.490,.000,.687,.539,.484,F,JR
4763,Jason Keep,792,2002-03,San Diego,30,28,792,195,323,194,321,1,2,149,265,89,185,274,34,17,36,105,110,540,.604,.604,.500,.562,.602,.605,C,SR
4764,Jerel Blassingame,792,2004-05,UNLV,31,18,792,93,246,59,141,34,105,55,75,6,49,55,171,37,1,102,89,275,.378,.418,.324,.733,.488,.447,G,SR
4765,Karon Bradley,792,2005-06,Wichita State,35,13,792,102,252,72,145,30,107,45,65,28,54,82,57,23,2,38,44,279,.405,.497,.280,.692,.493,.464,G,JR
4766,Lamont Hamilton,792,2005-06,St. John's (NY),27,27,792,123,267,108,236,15,31,80,133,72,133,205,30,30,31,58,69,341,.461,.458,.484,.602,.516,.489,F,JR
4767,Michael Lindeman,792,2003-04,Creighton,29,29,792,60,141,39,93,21,48,30,41,26,56,82,76,17,3,34,50,171,.426,.419,.438,.732,.533,.500,F,SR
4768,Mike Harris,792,2006-07,Iona,27,20,792,83,228,51,128,32,100,36,55,17,45,62,50,25,2,76,61,234,.364,.398,.320,.655,.460,.434,G,FR
4769,Mike Hood,792,2002-03,UC Irvine,29,23,792,92,217,38,87,54,130,61,68,6,52,58,63,30,1,57,53,299,.424,.437,.415,.897,.600,.548,G,SR
4770,Omari Peterkin,792,2006-07,Boston University,28,20,792,93,195,93,195,0,0,38,67,68,112,180,14,16,44,42,91,224,.477,.477,,.567,.494,.477,C,SR
4771,Ryan Randle,792,2002-03,Maryland,31,31,792,168,339,167,335,1,4,58,95,79,145,224,26,44,36,50,82,395,.496,.499,.250,.611,.514,.497,F,SR
4772,Ryan Stilphen,792,2006-07,Marist,32,30,792,135,233,131,218,4,15,73,108,53,98,151,32,14,4,41,87,347,.579,.601,.267,.676,.610,.588,C,JR
4773,Aloysius Anagonye,791,2002-03,Michigan State,35,35,791,97,157,97,157,0,0,65,94,71,115,186,37,21,20,58,104,259,.618,.618,,.691,.642,.618,F,SR
4774,Brad Buckman,791,2004-05,Texas,31,30,791,131,247,113,206,18,41,106,156,85,172,257,31,24,50,65,86,386,.530,.549,.439,.679,.601,.567,F,JR
4775,Corey Brewer,791,2004-05,Florida,32,30,791,87,169,70,130,17,39,50,86,49,61,110,63,46,13,52,73,241,.515,.538,.436,.581,.574,.565,F,FR
4776,DeForrest Riley-Smith,791,2002-03,Penn State,28,22,791,79,196,33,81,46,115,18,20,15,51,66,55,23,7,49,59,222,.403,.407,.400,.900,.540,.520,G,FR
4777,Eric Hayes,791,2006-07,Maryland,34,11,791,55,131,33,75,22,56,31,34,15,49,64,132,26,5,72,35,163,.420,.440,.393,.912,.554,.504,G,FR
4778,Greg Jenkins,791,2003-04,Iona,29,29,791,141,256,141,256,0,0,69,134,62,150,212,23,12,63,64,87,351,.551,.551,,.515,.549,.551,C,JR
4779,James Smith,791,2006-07,Marist,34,34,791,147,299,89,153,58,146,33,53,58,146,204,8,11,35,65,101,385,.492,.582,.397,.623,.594,.589,C,SR
4780,Javin Tindall,791,2002-03,New Mexico,25,22,791,79,177,26,51,53,126,16,19,7,34,41,67,20,2,34,47,227,.446,.510,.421,.842,.610,.596,G,JR
4781,Jeff Jones,791,2004-05,New Mexico State,29,25,791,67,148,67,148,0,0,60,84,48,135,183,42,26,15,59,94,194,.453,.453,,.714,.516,.453,F,SR
4782,Jermaine Bucknor,791,2004-05,Richmond,27,22,791,101,243,37,75,64,168,24,36,21,130,151,51,25,14,42,69,290,.416,.493,.381,.667,.557,.547,F,JR
4783,Jonathan Kelly,791,2004-05,Florida A&M,29,25,791,77,172,72,143,5,29,77,107,36,71,107,23,22,0,49,32,236,.448,.503,.172,.720,.530,.462,G,JR
4784,Judson Stubbs,791,2005-06,TCU,31,25,791,106,265,89,205,17,60,99,138,80,125,205,25,23,7,76,87,328,.400,.434,.283,.717,.496,.432,F,SR
4785,Justin Harbert,791,2003-04,UTSA,33,22,791,123,305,60,137,63,168,39,44,22,79,101,61,22,6,56,44,348,.403,.438,.375,.886,.534,.507,G,JR
4786,Marcus Toney-El,791,2002-03,Seton Hall,30,30,791,72,172,63,136,9,36,48,76,53,121,174,48,49,12,36,75,201,.419,.463,.250,.632,.483,.445,F,JR
4787,Rashaad Powell,791,2002-03,Idaho,28,25,791,60,131,60,127,0,4,41,71,50,85,135,27,26,9,48,78,161,.458,.472,.000,.577,.489,.458,F,JR
4788,Tony Danridge,791,2005-06,New Mexico,30,27,791,99,193,98,184,1,9,53,76,31,45,76,30,13,2,37,51,252,.513,.533,.111,.697,.550,.516,G,SO
4789,Ty Rogers,791,2005-06,Western Kentucky,31,22,791,74,183,31,59,43,124,31,47,11,45,56,55,14,2,43,77,222,.404,.525,.347,.660,.541,.522,G,SO
4790,Brian Mason,790,2004-05,South Carolina State,31,23,790,117,234,110,204,7,30,74,106,43,100,143,27,34,17,71,90,315,.500,.539,.233,.698,.554,.515,F,SO
4791,Bryan McCullough,790,2003-04,UNC Asheville,29,27,790,102,278,71,167,31,111,54,72,42,90,132,102,52,8,77,55,289,.367,.425,.279,.750,.463,.423,F,JR
4792,C.J. Vick,790,2003-04,Quinnipiac,29,29,790,114,208,114,207,0,1,55,84,72,118,190,37,16,19,48,84,283,.548,.551,.000,.655,.571,.548,F,JR
4793,David President,790,2004-05,UTSA,28,26,790,60,150,46,116,14,34,41,69,22,92,114,101,49,6,71,49,175,.400,.397,.412,.594,.479,.447,G,SR
4794,Desmond Yates,790,2006-07,Middle Tennessee,32,18,790,141,263,122,212,19,51,48,67,34,76,110,6,11,14,52,88,349,.536,.575,.373,.716,.592,.572,F,FR
4795,Eric Osmundson,790,2004-05,Pennsylvania,26,23,790,67,181,28,81,39,100,44,62,20,51,71,51,16,2,53,59,217,.370,.346,.390,.710,.516,.478,G,JR
4796,Felton Freeman,790,2002-03,Sam Houston State,30,30,790,107,213,64,115,43,98,44,64,47,82,129,35,20,4,34,70,301,.502,.557,.439,.688,.618,.603,F,SR
4797,Frank Robinson,790,2006-07,Cal State Fullerton,27,27,790,116,270,78,144,38,126,51,81,67,98,165,71,35,14,56,85,321,.430,.542,.302,.630,.520,.500,G,JR
4798,Henry Williams,790,2002-03,South Alabama,28,21,790,130,227,130,227,0,0,58,93,70,102,172,25,30,8,57,71,318,.573,.573,,.624,.586,.573,C,JR
4799,Jordan Payne,790,2006-07,Louisiana–Monroe,32,4,790,132,320,72,170,60,150,72,92,40,75,115,40,26,3,40,43,396,.413,.424,.400,.783,.544,.506,G,JR
4800,Mark Walters,790,2002-03,New Mexico,28,20,790,95,235,67,146,28,89,47,70,51,106,157,50,32,5,46,68,265,.404,.459,.315,.671,.494,.464,G,FR
4801,Michael Czepil,790,2005-06,Nicholls State,27,26,790,61,178,21,47,40,131,28,33,13,87,100,57,20,1,55,49,190,.343,.447,.305,.848,.491,.455,G,FR
4802,Moses Sonko,790,2005-06,Coastal Carolina,30,30,790,140,252,134,229,6,23,64,76,68,97,165,34,26,5,45,92,350,.556,.585,.261,.842,.607,.567,G,JR
4803,Ryan Lawson,790,2002-03,East Tennessee State,31,20,790,76,206,32,85,44,121,48,51,13,54,67,55,37,0,60,74,244,.369,.376,.364,.941,.530,.476,G,SR
4804,Steve Pettyjohn,790,2002-03,Eastern Michigan,28,28,790,126,257,103,196,23,61,64,86,58,155,213,48,22,23,55,91,339,.490,.526,.377,.744,.569,.535,F,SR
4805,Todd Hendley,790,2006-07,UNC Wilmington,29,27,790,119,258,90,181,29,77,54,69,47,73,120,32,11,1,70,95,321,.461,.497,.377,.783,.552,.517,F,JR
4806,Travis Brown,790,2006-07,Northern Iowa,31,27,790,85,205,50,100,35,105,39,50,29,29,58,19,12,1,44,83,244,.415,.500,.333,.780,.533,.500,G,SO
4807,Trent Drafts,790,2003-04,Charleston Southern,28,27,790,93,213,66,128,27,85,30,44,34,70,104,35,21,19,51,58,243,.437,.516,.318,.682,.519,.500,F,JR
4808,Andre Sweet,789,2004-05,Seton Hall,28,12,789,88,210,81,185,7,25,67,89,60,101,161,38,14,7,47,57,250,.419,.438,.280,.753,.495,.436,F,SR
4809,Antwi Atuahene,789,2006-07,Arizona State,30,17,789,75,169,67,139,8,30,49,87,42,69,111,86,27,3,60,75,207,.444,.482,.267,.563,.492,.467,G,JR
4810,Bilal Abdullah,789,2005-06,Lafayette,28,16,789,87,213,47,112,40,101,62,80,20,69,89,64,30,10,81,59,276,.408,.420,.396,.775,.550,.502,G,SO
4811,Bobby Perry,789,2006-07,Kentucky,34,32,789,107,242,69,141,38,101,35,46,38,81,119,49,23,11,43,67,287,.442,.489,.376,.761,.544,.521,F,SR
4812,Brian Jackson,789,2002-03,Oregon State,28,28,789,113,258,85,190,28,68,104,128,45,99,144,35,17,27,58,84,358,.438,.447,.412,.813,.561,.492,F,SR
4813,Britton Johnsen,789,2002-03,Utah,27,27,789,123,258,106,192,17,66,51,96,51,130,181,54,29,14,63,79,314,.477,.552,.258,.531,.517,.510,F,SR
4814,Dion Callans,789,2002-03,Alcorn State,33,26,789,111,245,108,232,3,13,63,103,68,137,205,59,33,1,63,72,288,.453,.466,.231,.612,.490,.459,F,JR
4815,Ed Spencer,789,2003-04,UNC Wilmington,30,24,789,90,239,61,146,29,93,53,69,18,55,73,34,23,3,39,46,262,.377,.418,.312,.768,.482,.437,G,JR
4816,Elgrace Wilborn,789,2004-05,Western Kentucky,29,24,789,122,188,122,186,0,2,19,56,83,116,199,15,26,83,48,78,263,.649,.656,.000,.339,.613,.649,F,JR
4817,Giordan Watson,789,2004-05,Central Michigan,28,27,789,101,264,71,183,30,81,55,67,10,57,67,98,51,1,98,61,287,.383,.388,.370,.821,.485,.439,G,FR
4818,Jesse Young,789,2002-03,George Mason,26,25,789,110,245,108,228,2,17,79,105,77,143,220,31,21,17,62,75,301,.449,.474,.118,.752,.510,.453,F,SR
4819,Marquis Poole,789,2002-03,Idaho State,29,28,789,112,258,108,235,4,23,67,116,9,61,70,123,32,8,85,73,295,.434,.460,.174,.578,.471,.442,G,JR
4820,Paul Williams,789,2006-07,St. Bonaventure,29,27,789,105,190,105,190,0,0,101,154,99,111,210,39,11,21,84,93,311,.553,.553,,.656,.591,.553,C,SR
4821,Ricardo Marsh,789,2002-03,Old Dominion,27,26,789,167,354,162,327,5,27,111,150,78,149,227,37,26,20,58,64,450,.472,.495,.185,.740,.529,.479,F,SR
4822,Sammy Hunter,789,2005-06,Western Illinois,27,25,789,71,188,47,109,24,79,50,62,15,60,75,68,25,3,54,58,216,.378,.431,.304,.806,.497,.441,G,JR
4823,Shane James,789,2004-05,Loyola (MD),28,25,789,100,218,88,184,12,34,58,90,36,68,104,81,34,3,72,57,270,.459,.478,.353,.644,.518,.486,G,SO
4824,Torey Thomas,789,2004-05,Holy Cross,31,22,789,79,205,67,155,12,50,69,101,27,99,126,114,56,0,56,51,239,.385,.432,.240,.683,.472,.415,G,SO
4825,Trevor Ariza,789,2003-04,UCLA,25,23,789,107,251,89,175,18,76,57,113,61,101,162,52,42,11,81,69,289,.426,.509,.237,.504,.474,.462,F,FR
4826,Tweety Carter,789,2006-07,Baylor,31,13,789,92,247,35,81,57,166,28,36,12,44,56,83,37,2,38,59,269,.372,.432,.343,.778,.509,.488,G,FR
4827,Aubin Scott,788,2006-07,LIU Brooklyn,23,23,788,91,157,85,139,6,18,36,62,45,111,156,53,20,4,50,55,224,.580,.612,.333,.581,.601,.599,G,SR
4828,Chris Grant,788,2003-04,Morgan State,27,23,788,92,216,74,159,18,57,77,125,28,84,112,75,47,6,70,57,279,.426,.465,.316,.616,.507,.468,G,JR
4829,Chris Jordan,788,2004-05,Sam Houston State,29,28,788,110,224,93,178,17,46,86,103,46,75,121,87,31,12,85,64,323,.491,.522,.370,.835,.592,.529,G,JR
4830,Jerret Smith,788,2006-07,Michigan,33,11,788,58,140,30,75,28,65,44,55,15,74,89,112,24,4,87,68,188,.414,.400,.431,.800,.566,.514,G,SO
4831,Jesse Kimbrough,788,2004-05,Jacksonville,29,26,788,127,268,122,244,5,24,55,89,44,77,121,90,47,3,94,61,314,.474,.500,.208,.618,.506,.483,G,JR
4832,John Bowler,788,2004-05,Eastern Michigan,29,27,788,127,245,126,236,1,9,123,190,66,117,183,41,20,17,71,115,378,.518,.534,.111,.647,.564,.520,F,JR
4833,John Humphrey,788,2002-03,Middle Tennessee,30,27,788,90,226,48,104,42,122,48,69,43,100,143,30,32,13,45,84,270,.398,.462,.344,.696,.522,.491,G,SR
4834,John Sharper,788,2004-05,San Diego State,29,20,788,56,150,13,33,43,117,20,22,6,26,32,38,33,0,38,40,175,.373,.394,.368,.909,.545,.517,G,JR
4835,Lamar Clark,788,2002-03,Alabama State,29,22,788,94,224,89,189,5,35,47,62,59,110,169,39,32,3,67,65,240,.420,.471,.143,.758,.473,.431,G,JR
4836,Larry O'Bannon,788,2003-04,Louisville,30,21,788,93,243,49,102,44,141,80,93,16,66,82,52,29,4,50,57,310,.383,.480,.312,.860,.540,.473,F,JR
4837,Matt McKillop,788,2003-04,Davidson,29,28,788,90,212,23,58,67,154,62,84,22,44,66,50,20,2,67,81,309,.425,.397,.435,.738,.613,.583,G,SO
4838,Maurice Maxwell,788,2003-04,Massachusetts,29,19,788,95,235,72,148,23,87,21,40,20,69,89,90,39,11,70,51,234,.404,.486,.264,.525,.461,.453,G,FR
4839,Mohamed Hachad,788,2005-06,Northwestern,26,21,788,119,214,101,167,18,47,51,84,28,101,129,45,42,8,76,61,307,.556,.605,.383,.607,.605,.598,G,SR
4840,Nick Lewis,788,2003-04,San Diego,30,25,788,111,250,86,188,25,62,84,115,43,130,173,30,18,12,85,69,331,.444,.457,.403,.730,.543,.494,F,SO
4841,Patrick Britton,788,2006-07,Rice,32,19,788,54,128,54,128,0,0,55,85,44,85,129,21,28,19,49,107,163,.422,.422,,.647,.484,.422,F,JR
4842,Rashad Bell,788,2002-03,Boston University,31,26,788,118,231,105,194,13,37,123,155,48,113,161,16,18,30,45,70,372,.511,.541,.351,.794,.611,.539,F,SO
4843,Scott Greenman,788,2005-06,Princeton,23,22,788,78,185,43,94,35,91,57,66,13,33,46,60,42,1,38,51,248,.422,.457,.385,.864,.573,.516,G,SR
4844,Simon Conn,788,2004-05,Gardner-Webb,30,21,788,173,301,169,279,4,22,75,109,94,129,223,35,11,40,71,64,425,.575,.606,.182,.688,.602,.581,C,JR
4845,Tamarius Brown,788,2004-05,Arkansas–Pine Bluff,26,16,788,139,364,85,189,54,175,35,45,22,90,112,57,38,6,69,37,367,.382,.450,.309,.778,.476,.456,G,JR
4846,Augustine Woodlin,787,2006-07,Coppin State,32,27,787,40,129,26,69,14,60,29,53,6,88,94,55,31,0,42,63,123,.310,.377,.233,.547,.399,.364,G,SR
4847,Bennet Davis,787,2005-06,Northeastern,30,26,787,92,208,81,167,11,41,53,75,68,136,204,25,21,28,36,66,248,.442,.485,.268,.707,.509,.469,F,JR
4848,Damany Hendrix,787,2002-03,Lamar,27,25,787,137,350,81,184,56,166,93,125,33,94,127,57,18,7,96,74,423,.391,.440,.337,.744,.517,.471,F,SR
4849,Darren Cooper,787,2005-06,Portland,27,25,787,120,269,61,138,59,131,102,128,14,45,59,59,26,2,61,31,401,.446,.442,.450,.797,.608,.556,G,JR
4850,Edwin Muniz,787,2004-05,Rider,29,15,787,117,253,87,174,30,79,72,94,43,105,148,69,22,11,52,70,336,.462,.500,.380,.766,.564,.522,F,JR
4851,John Tofi,787,2004-05,UTEP,35,25,787,95,194,95,193,0,1,44,57,77,143,220,36,18,31,38,91,234,.490,.492,.000,.772,.529,.490,C,JR
4852,Josh Washington,787,2006-07,Texas A&M–Corpus Christi,32,21,787,129,260,39,71,90,189,60,69,7,45,52,45,24,1,50,50,408,.496,.549,.476,.870,.697,.669,G,SR
4853,Kenny Whitehead,787,2002-03,James Madison,30,30,787,98,199,98,199,0,0,51,86,60,130,190,22,17,50,58,75,247,.492,.492,,.593,.515,.492,C,SR
4854,Levi Stukes,787,2005-06,Georgia,30,29,787,118,283,46,103,72,180,41,52,24,69,93,49,49,9,58,79,349,.417,.447,.400,.788,.567,.544,G,JR
4855,Matt Gibson,787,2004-05,Hawaii,29,21,787,128,289,82,153,46,136,74,89,14,38,52,79,40,3,68,76,376,.443,.536,.338,.831,.568,.522,G,SO
4856,Mike Gale,787,2002-03,Centenary (LA),28,28,787,123,238,122,232,1,6,75,97,,,125,42,47,14,,,322,.517,.526,.167,.773,.567,.519,G,JR
4857,Rick Anderson,787,2002-03,Arizona,31,29,787,127,237,99,162,28,75,49,72,81,126,207,45,25,24,39,84,331,.536,.611,.373,.681,.610,.595,F,SR
4858,Ronald Alexander,787,2004-05,Mississippi Valley State,28,25,787,72,108,72,108,0,0,27,48,84,138,222,12,20,82,24,63,171,.667,.667,,.563,.654,.667,C,JR
4859,Trey Hopkins,787,2004-05,Western Carolina,30,13,787,91,270,39,101,52,169,56,72,13,70,83,100,30,5,94,40,290,.337,.386,.308,.778,.477,.433,G,FR
4860,Armondo Surratt,786,2002-03,Miami (FL),28,15,786,76,182,66,133,10,49,20,36,16,39,55,93,37,3,76,65,182,.418,.496,.204,.556,.457,.445,G,FR
4861,Bobby Leach,786,2004-05,Texas A&M,31,2,786,85,173,53,107,32,66,69,89,18,74,92,102,34,6,45,72,271,.491,.495,.485,.775,.629,.584,G,SR
4862,Brian Jackson,786,2002-03,Alcorn State,33,25,786,147,329,97,194,50,135,63,89,47,92,139,45,36,23,65,52,407,.447,.500,.370,.708,.548,.523,F,JR
4863,Channing Toney,786,2004-05,Georgia,26,25,786,79,216,43,106,36,110,61,67,18,61,79,31,15,5,51,77,255,.366,.406,.327,.910,.514,.449,G,FR
4864,Danny Gathings,786,2002-03,High Point,24,23,786,190,333,187,312,3,21,65,123,82,100,182,23,53,6,73,85,448,.571,.599,.143,.528,.572,.575,F,SO
4865,David Schneider,786,2006-07,William & Mary,26,24,786,60,186,18,45,42,141,49,73,22,69,91,69,24,0,48,64,211,.323,.400,.298,.671,.478,.435,G,FR
4866,Leon Williams,786,2005-06,Ohio,30,30,786,126,213,126,213,0,0,79,123,72,136,208,20,21,14,59,108,331,.592,.592,,.642,.610,.592,F,SO
4867,Maceo Wofford,786,2002-03,Iona,29,17,786,81,186,36,88,45,98,59,75,25,39,64,65,36,6,53,82,266,.435,.409,.459,.787,.600,.556,G,SR
4868,Mo Charlo,786,2004-05,Nevada,32,11,786,100,242,80,171,20,71,82,121,53,60,113,68,28,12,77,74,302,.413,.468,.282,.678,.504,.455,F,JR
4869,Sasa Cuic,786,2005-06,Oregon State,30,16,786,126,257,90,184,36,73,118,167,60,75,135,26,9,17,47,90,406,.490,.489,.493,.707,.604,.560,F,SO
4870,Scott Morrison,786,2006-07,Portland State,32,28,786,128,225,128,225,0,0,102,171,74,133,207,33,26,70,47,64,358,.569,.569,,.596,.585,.569,C,JR
4871,Shaun Logan,786,2006-07,Northern Illinois,30,25,786,83,166,67,116,16,50,46,75,40,126,166,74,22,11,71,75,228,.500,.578,.320,.613,.565,.548,F,JR
4872,Shawn Morgan,786,2006-07,Arkansas State,33,25,786,76,164,76,164,0,0,73,106,71,88,159,58,42,13,62,103,225,.463,.463,,.689,.525,.463,F,SO
4873,Steve Smith,786,2002-03,Iona,28,28,786,147,245,147,245,0,0,63,93,63,102,165,36,31,16,53,82,357,.600,.600,,.677,.617,.600,F,JR
4874,Travon Bryant,786,2003-04,Missouri,30,30,786,121,236,97,177,24,59,51,71,70,127,197,51,21,45,67,95,317,.513,.548,.407,.718,.588,.564,F,SR
4875,Willie Wallace,786,2003-04,Detroit Mercy,30,30,786,104,214,103,210,1,4,58,88,62,92,154,41,18,8,65,96,267,.486,.490,.250,.659,.522,.488,F,SR
4876,Zach Pancratz,786,2006-07,Northern Illinois,30,21,786,79,220,28,82,51,138,57,70,18,80,98,52,25,3,53,65,266,.359,.341,.370,.814,.525,.475,G,JR
4877,Aaron Fleetwood,785,2005-06,Delaware State,35,27,785,86,188,73,143,13,45,21,45,33,71,104,27,33,46,31,65,206,.457,.510,.289,.467,.492,.492,F,JR
4878,Adam Baumann,785,2002-03,Youngstown State,29,29,785,118,236,118,236,0,0,101,127,79,145,224,13,11,18,55,95,337,.500,.500,,.795,.569,.500,C,JR
4879,Aleks Maric,785,2005-06,Nebraska,31,26,785,116,246,116,246,0,0,107,175,108,143,251,38,25,39,55,72,339,.472,.472,,.611,.515,.472,C,SO
4880,Allan Ray,785,2002-03,Villanova,31,5,785,100,270,62,143,38,127,70,92,27,52,79,46,31,4,70,73,308,.370,.434,.299,.761,.491,.441,G,FR
4881,Carlos Smith,785,2005-06,South Alabama,31,30,785,68,164,24,60,44,104,41,50,12,46,58,91,33,0,60,57,221,.415,.400,.423,.820,.589,.549,G,JR
4882,Corey McCrae,785,2005-06,Fordham,32,1,785,53,156,3,14,50,142,25,36,13,52,65,41,8,0,30,32,181,.340,.214,.352,.694,.523,.500,G,SR
4883,Delonte West,785,2002-03,Saint Joseph's,26,22,785,162,342,107,195,55,147,70,86,26,87,113,83,41,5,65,57,449,.474,.549,.374,.814,.586,.554,G,SO
4884,Donald Wilson,785,2002-03,Portland,27,25,785,108,247,98,209,10,38,95,128,22,80,102,49,36,6,61,76,321,.437,.469,.263,.742,.521,.457,G,FR
4885,Doug Penno,785,2006-07,Miami (OH),33,2,785,48,149,3,15,45,134,29,34,6,55,61,68,27,3,34,78,170,.322,.200,.336,.853,.515,.473,G,SR
4886,Jerald Minnis,785,2006-07,High Point,32,19,785,101,163,101,163,0,0,54,95,76,111,187,16,17,15,47,104,256,.620,.620,,.568,.615,.620,C,JR
4887,Joe Ballard,785,2006-07,Florida A&M,35,9,785,45,115,42,92,3,23,32,69,20,79,99,100,49,1,84,51,125,.391,.457,.130,.464,.423,.404,G,SO
4888,J.R. Giddens,785,2006-07,New Mexico,26,22,785,156,354,115,218,41,136,59,100,31,138,169,60,22,13,69,41,412,.441,.528,.301,.590,.513,.499,G,JR
4889,Lenny Jefferson,785,2005-06,Central Connecticut State,26,17,785,83,199,40,101,43,98,64,73,17,49,66,67,27,4,35,50,273,.417,.396,.439,.877,.584,.525,G,SR
4890,Matt Preston,785,2004-05,Columbia,26,26,785,121,268,96,203,25,65,89,120,66,110,176,51,27,20,92,91,356,.451,.473,.385,.742,.548,.498,F,SR
4891,Neiman Owens,785,2005-06,TCU,31,30,785,49,151,31,80,18,71,25,53,42,56,98,61,38,8,47,84,141,.325,.388,.254,.472,.400,.384,G,SO
4892,Nick Porter,785,2005-06,Creighton,30,26,785,93,224,79,175,14,49,88,126,43,105,148,64,30,4,59,52,288,.415,.451,.286,.698,.507,.446,G,JR
4893,Omar Williams,785,2004-05,George Washington,30,30,785,87,187,83,170,4,17,108,139,59,86,145,70,27,27,71,68,286,.465,.488,.235,.777,.565,.476,F,JR
4894,Rod Benson,785,2004-05,California,29,26,785,152,280,152,280,0,0,83,123,73,110,183,31,18,12,52,56,387,.543,.543,,.675,.572,.543,C,JR
4895,Scooter McFadgon,785,2004-05,Tennessee,26,25,785,125,319,80,184,45,135,77,93,32,73,105,49,18,6,45,44,372,.392,.435,.333,.828,.512,.462,G,SR
4896,Sean Munson,785,2004-05,Wagner,30,30,785,127,273,127,264,0,9,117,155,82,189,271,21,32,22,64,67,371,.465,.481,.000,.755,.535,.465,F,SR
4897,Tyler George,785,2003-04,UT Martin,28,24,785,68,159,35,73,33,86,30,38,23,35,58,146,40,0,73,43,199,.428,.479,.384,.789,.562,.531,G,JR
4898,A.J. Abrams,784,2005-06,Texas,37,1,784,73,182,27,64,46,118,43,49,14,40,54,111,27,0,59,46,235,.401,.422,.390,.878,.572,.527,G,FR
4899,Bim Okunrinboye,784,2003-04,San Jose State,29,24,784,40,113,19,51,21,62,33,40,15,77,92,82,22,0,46,59,134,.354,.373,.339,.825,.508,.447,G,SR
4900,Brian Mason,784,2003-04,South Carolina State,27,24,784,134,243,121,212,13,31,84,114,56,78,134,29,42,12,52,70,365,.551,.571,.419,.737,.614,.578,F,FR
4901,Brian Radakovich,784,2004-05,Youngstown State,25,24,784,103,223,93,185,10,38,84,145,44,94,138,27,21,22,55,73,300,.462,.503,.263,.579,.514,.484,F,SR
4902,Calvin Cage,784,2004-05,Buffalo,33,5,784,104,272,38,95,66,177,55,74,7,51,58,42,43,0,48,51,329,.382,.400,.373,.743,.536,.504,G,JR
4903,Deke Thompson,784,2004-05,Southwest Missouri State,32,31,784,101,231,57,134,44,97,38,53,13,64,77,55,28,5,46,54,284,.437,.425,.454,.717,.554,.532,G,JR
4904,Ed Nelson,784,2002-03,Georgia Tech,31,12,784,95,237,95,229,0,8,62,88,63,140,203,24,33,19,51,80,252,.401,.415,.000,.705,.452,.401,F,SO
4905,Gregg Alexander,784,2003-04,Illinois State,29,29,784,63,177,16,40,47,137,15,19,6,67,73,50,28,7,35,54,188,.356,.400,.343,.789,.505,.489,G,JR
4906,James Davis,784,2002-03,Texas–Pan American,29,18,784,29,75,28,67,1,8,23,48,20,48,68,111,46,0,94,59,82,.387,.418,.125,.479,.419,.393,G,SR
4907,Jay Greene,784,2005-06,UMBC,28,20,784,72,188,19,47,53,141,37,48,20,64,84,101,38,2,63,63,234,.383,.404,.376,.771,.555,.524,G,FR
4908,J.K. Edwards,784,2002-03,UNLV,32,32,784,114,202,114,202,0,0,64,113,75,125,200,30,40,23,48,103,292,.564,.564,,.566,.571,.564,F,JR
4909,Joe See,784,2005-06,UC Santa Barbara,29,21,784,79,176,35,71,44,105,37,44,7,57,64,67,24,3,54,46,239,.449,.493,.419,.841,.607,.574,G,SR
4910,Joey Goodson,784,2003-04,Saint Francis (PA),28,25,784,54,144,49,122,5,22,67,84,35,44,79,52,19,1,42,57,180,.375,.402,.227,.798,.489,.392,G,JR
4911,Kenny Grant,784,2005-06,Davidson,31,31,784,60,148,31,68,29,80,49,66,11,80,91,208,30,2,78,80,198,.405,.456,.363,.742,.552,.503,G,SR
4912,Mushon Ya'akosi,784,2003-04,Fordham,28,22,784,72,149,72,149,0,0,38,100,86,115,201,24,26,23,60,99,182,.483,.483,,.380,.463,.483,F,SO
4913,Ryan Tillema,784,2005-06,Green Bay,31,31,784,89,214,33,65,56,149,37,49,17,98,115,34,15,8,36,54,271,.416,.508,.376,.755,.571,.547,G,FR
4914,Vincent Okotie,784,2002-03,Liberty,27,26,784,113,270,82,180,31,90,69,82,25,90,115,18,25,14,78,73,326,.419,.456,.344,.841,.528,.476,F,SR
4915,Will Daniels,784,2005-06,Rhode Island,28,25,784,110,246,83,165,27,81,61,88,54,103,157,39,25,18,46,71,308,.447,.503,.333,.693,.535,.502,F,SO
4916,B.J. Banks,783,2003-04,Stephen F. Austin,30,30,783,72,164,47,90,25,74,41,63,12,93,105,53,61,9,54,70,210,.439,.522,.338,.651,.541,.515,G,SR
4917,Derrick Williams,783,2003-04,Birmingham–Southern,27,26,783,87,208,34,85,53,123,74,91,30,57,87,88,35,0,71,65,301,.418,.400,.431,.813,.599,.546,G,SR
4918,Greg Davis,783,2002-03,Troy State,32,28,783,123,278,77,154,46,124,61,87,9,53,62,152,39,1,61,29,353,.442,.500,.371,.701,.553,.525,G,JR
4919,Jamaal Brown,783,2005-06,Oklahoma State,33,13,783,57,167,22,59,35,108,34,45,18,34,52,101,28,1,64,41,183,.341,.373,.324,.756,.486,.446,G,JR
4920,Jeremis Smith,783,2005-06,Georgia Tech,28,23,783,107,218,105,206,2,12,91,166,87,143,230,47,36,9,60,90,307,.491,.510,.167,.548,.517,.495,F,SO
4921,Johnell Smith,783,2002-03,New Orleans,29,9,783,136,338,107,261,29,77,96,120,20,67,87,75,57,7,87,36,397,.402,.410,.377,.800,.503,.445,G,JR
4922,Mike Sherrod,783,2002-03,Rutgers,28,27,783,55,153,51,135,4,18,18,36,20,81,101,95,48,5,51,72,132,.359,.378,.222,.500,.388,.373,G,JR
4923,Paul Butorac,783,2006-07,Eastern Washington,28,28,783,158,247,153,226,5,21,83,142,59,128,187,48,13,29,58,85,404,.640,.677,.238,.585,.642,.650,F,SR
4924,Shawan Robinson,783,2003-04,Clemson,28,12,783,101,237,58,122,43,115,58,77,15,72,87,72,25,1,90,54,303,.426,.475,.374,.753,.554,.517,G,SO
4925,Tony Robertson,783,2002-03,Connecticut,33,9,783,109,239,80,167,29,72,76,93,25,79,104,59,30,9,57,67,323,.456,.479,.403,.817,.570,.517,G,SR
4926,Travis Diener,783,2004-05,Marquette,23,22,783,131,312,63,144,68,168,124,148,15,75,90,160,31,1,58,46,454,.420,.438,.405,.838,.594,.529,G,SR
4927,Willie Neal,783,2002-03,Mississippi Valley State,29,25,783,50,86,50,86,0,0,24,46,124,141,265,79,28,8,55,84,124,.581,.581,,.522,.575,.581,C,JR
4928,Antoine Pettway,782,2002-03,Alabama,29,10,782,56,135,22,57,34,78,36,44,15,58,73,71,35,6,37,78,182,.415,.386,.436,.818,.584,.541,G,JR
4929,Bradley Strickland,782,2005-06,Evansville,29,29,782,111,200,111,197,0,3,55,92,47,105,152,26,17,46,44,83,277,.555,.563,.000,.598,.568,.555,F,JR
4930,Brandon Horn,782,2002-03,Louisiana Monroe,28,28,782,63,177,33,68,30,109,43,52,7,31,38,79,34,1,63,48,199,.356,.485,.275,.827,.493,.441,G,JR
4931,Bryan Boerjan,782,2004-05,Samford,28,28,782,80,147,60,98,20,49,54,69,21,58,79,61,33,5,50,75,234,.544,.612,.408,.783,.651,.612,F,SR
4932,Corey Cofield,782,2003-04,William & Mary,28,21,782,126,224,126,224,0,0,118,186,72,113,185,37,29,9,70,61,370,.563,.563,,.634,.592,.563,F,FR
4933,Dante Stiggers,782,2002-03,Southern Mississippi,29,29,782,65,157,58,133,7,24,34,45,16,48,64,134,26,4,72,69,171,.414,.436,.292,.756,.479,.436,G,SO
4934,Derrick Wimmer,782,2002-03,Chicago State,30,18,782,92,231,38,91,54,140,49,60,16,46,62,48,29,3,40,58,287,.398,.418,.386,.817,.553,.515,G,FR
4935,DeWitt Scott,782,2006-07,IPFW,29,15,782,106,235,33,70,73,165,37,52,10,64,74,18,23,4,28,76,322,.451,.471,.442,.712,.620,.606,F,JR
4936,Dominique Coleman,782,2006-07,Colorado,27,20,782,121,231,105,180,16,51,57,88,46,139,185,92,43,10,82,67,315,.524,.583,.314,.648,.577,.558,G,SR
4937,Eric Ferguson,782,2005-06,Arkansas,31,9,782,92,228,51,102,41,126,27,45,12,62,74,82,32,0,66,60,252,.404,.500,.325,.600,.505,.493,G,SR
4938,Gregg Barlow,782,2006-07,Pepperdine,31,31,782,99,213,79,143,20,70,29,35,29,67,96,101,27,4,109,77,247,.465,.552,.286,.829,.538,.512,G,SR
4939,Hawley Smith,782,2004-05,William & Mary,29,28,782,72,169,59,133,13,36,76,101,57,105,162,33,29,9,48,84,233,.426,.444,.361,.752,.537,.464,F,JR
4940,Jermaine Taylor,782,2006-07,Central Florida,31,0,782,139,293,76,141,63,152,54,76,46,54,100,48,28,10,68,55,395,.474,.539,.414,.711,.600,.582,G,SO
4941,Jernavis Draughn,782,2002-03,American,30,28,782,102,178,102,178,0,0,42,89,53,95,148,25,32,15,62,86,246,.573,.573,,.472,.558,.573,F,JR
4942,Joey Dorsey,782,2005-06,Memphis,37,35,782,106,168,106,168,0,0,42,107,115,163,278,31,44,66,43,137,254,.631,.631,,.393,.580,.631,F,SO
4943,Kevin Anderson,782,2005-06,Fordham,32,31,782,38,116,33,85,5,31,23,46,25,49,74,71,40,4,46,73,104,.328,.388,.161,.500,.377,.349,G,SO
4944,Matt Nowlin,782,2003-04,Elon,30,12,782,97,296,15,59,82,237,27,34,20,44,64,37,21,7,47,64,303,.328,.254,.346,.794,.485,.466,G,FR
4945,Maurice Hargrow,782,2005-06,Minnesota,27,19,782,110,241,90,166,20,75,62,93,19,73,92,77,30,3,67,37,302,.456,.542,.267,.667,.529,.498,G,SR
4946,Moussa Diagne,782,2004-05,Furman,29,28,782,143,283,134,249,9,34,62,83,52,101,153,33,25,27,70,77,357,.505,.538,.265,.747,.554,.521,F,SO
4947,Rashad Chase,782,2006-07,Georgia State,31,17,782,84,212,70,162,14,50,80,129,71,113,184,31,32,11,61,76,262,.396,.432,.280,.620,.479,.429,F,SO
4948,Ricardo Scott,782,2002-03,Central Connecticut State,28,22,782,132,297,96,200,36,97,62,77,57,80,137,29,29,7,67,53,362,.444,.480,.371,.805,.543,.505,G,JR
4949,Solomon Jones III,782,2004-05,South Florida,30,27,782,77,141,77,141,0,0,44,80,61,124,185,22,13,64,60,101,198,.546,.546,,.550,.553,.546,C,JR
4950,Tony Skinner,782,2002-03,Gonzaga,30,21,782,91,206,40,83,51,123,42,60,30,78,108,35,25,7,46,66,275,.442,.482,.415,.700,.586,.566,G,JR
4951,Aaron Davis,781,2002-03,Northeastern,29,12,781,107,270,63,131,44,139,21,30,39,62,101,29,45,5,41,48,279,.396,.481,.317,.700,.491,.478,G,SO
4952,Brandon Crump,781,2002-03,Tennessee,29,27,781,127,225,127,225,0,0,64,85,53,118,171,33,22,30,66,76,318,.564,.564,,.753,.599,.564,F,SO
4953,Bryan Ellis,781,2006-07,Montana,31,15,781,42,104,28,60,14,44,61,83,8,37,45,131,47,0,82,67,159,.404,.467,.318,.735,.554,.471,G,SR
4954,Byron Eaton,781,2005-06,Oklahoma State,33,28,781,85,185,59,120,26,65,62,85,14,62,76,104,67,2,116,93,258,.459,.492,.400,.729,.572,.530,G,FR
4955,Carlos Dixon,781,2002-03,Virginia Tech,25,20,781,119,309,62,149,57,160,49,70,15,67,82,63,42,27,44,56,344,.385,.416,.356,.700,.503,.477,F,JR
4956,Dandrick Jones,781,2003-04,Idaho,30,13,781,87,249,76,200,11,49,42,73,19,68,87,89,35,8,69,57,227,.349,.380,.224,.575,.400,.371,G,JR
4957,Eric Coleman,781,2004-05,Northern Iowa,32,32,781,145,253,145,253,0,0,52,109,71,134,205,63,16,24,53,87,342,.573,.573,,.477,.561,.573,C,FR
4958,Jamaal Williams,781,2005-06,Washington,33,22,781,200,403,199,401,1,2,53,79,75,81,156,43,44,25,63,79,454,.496,.496,.500,.671,.515,.498,F,SR
4959,James Denson,781,2002-03,Jacksonville State,30,30,781,73,190,32,86,41,104,25,30,52,47,99,29,33,12,26,67,212,.384,.372,.394,.833,.519,.492,G,JR
4960,Jermaine Robinson,781,2002-03,Cleveland State,29,21,781,98,234,66,137,32,97,77,111,14,50,64,88,33,5,100,58,305,.419,.482,.330,.694,.532,.487,G,JR
4961,Karron Clarke,781,2005-06,DePaul,26,24,781,93,186,58,104,35,82,40,53,51,84,135,32,26,17,28,54,261,.500,.558,.427,.755,.618,.594,F,SO
4962,Kenny Minor,781,2003-04,Manhattan,31,7,781,50,104,29,58,21,46,41,56,13,33,46,63,43,2,45,89,162,.481,.500,.457,.732,.620,.582,G,SO
4963,Leonard Hopkins,781,2003-04,North Texas,28,22,781,118,302,76,179,42,123,113,138,41,48,89,49,24,7,72,57,391,.391,.425,.341,.819,.532,.460,G,JR
4964,Micheal Morris,781,2004-05,Colorado State,28,19,781,62,156,40,95,22,61,65,83,16,83,99,87,36,28,66,47,211,.397,.421,.361,.783,.540,.468,G,JR
4965,Mike Gansey,781,2002-03,St. Bonaventure,27,4,781,133,288,65,119,68,169,40,48,52,84,136,33,22,10,20,45,374,.462,.546,.402,.833,.602,.580,F,SO
4966,Nicchaeus Doaks,781,2006-07,Chattanooga,33,31,781,118,237,105,178,13,59,89,132,65,128,193,26,12,18,76,73,338,.498,.590,.220,.674,.564,.525,F,SO
4967,Omar Wilkes,781,2005-06,California,30,27,781,89,186,65,133,24,53,25,36,16,29,45,41,29,0,34,41,227,.478,.489,.453,.694,.559,.543,G,SO
4968,Parfait Bitee,781,2004-05,Rhode Island,28,24,781,55,179,14,55,41,124,22,36,25,51,76,41,23,2,46,60,173,.307,.255,.331,.611,.441,.422,G,FR
4969,Zach Andrews,781,2006-07,Bradley,35,35,781,155,242,155,242,0,0,79,139,85,160,245,23,29,27,63,133,389,.640,.640,,.568,.631,.640,F,SR
4970,Byron Fields,780,2005-06,Wofford,29,23,780,60,148,51,117,9,31,51,80,22,69,91,103,31,19,64,57,180,.405,.436,.290,.638,.484,.436,G,SR
4971,Chad Mohn,780,2003-04,UNC Asheville,29,27,780,97,238,84,185,13,53,37,44,47,97,144,42,31,12,34,64,244,.408,.454,.245,.841,.471,.435,F,SO
4972,Clint Nagel,780,2004-05,Coastal Carolina,29,29,780,59,153,55,133,4,20,49,77,68,116,184,46,13,7,48,94,171,.386,.414,.200,.636,.451,.399,F,SR
4973,Derrick Smith,780,2002-03,Norfolk State,29,28,780,107,266,75,148,32,118,71,93,23,47,70,35,14,7,77,75,317,.402,.507,.271,.763,.511,.462,G,JR
4974,Duane Lightfoot,780,2003-04,Butler,28,19,780,137,237,136,232,1,5,57,78,59,91,150,32,29,21,42,80,332,.578,.586,.200,.731,.606,.580,F,SR
4975,Durell Vinson,780,2004-05,Wagner,30,21,780,101,196,101,195,0,1,35,74,98,94,192,17,23,34,60,88,237,.515,.518,.000,.473,.513,.515,F,SO
4976,Elliott Poole,780,2004-05,Illinois–Chicago,29,28,780,112,216,112,216,0,0,62,98,74,93,167,31,15,7,54,74,286,.519,.519,,.633,.545,.519,F,JR
4977,Erik Adams,780,2006-07,Jacksonville State,30,18,780,82,212,71,171,11,41,30,42,51,108,159,31,28,12,36,59,205,.387,.415,.268,.714,.442,.413,G,JR
4978,Ivan Harris,780,2006-07,Ohio State,39,32,780,111,257,53,109,58,148,18,26,41,87,128,31,10,10,21,48,298,.432,.486,.392,.692,.553,.545,F,SR
4979,Jairus McCollum,780,2002-03,Stony Brook,27,24,780,98,207,98,207,0,0,53,89,57,91,148,44,33,12,71,84,249,.473,.473,,.596,.499,.473,F,JR
4980,Jawad Williams,780,2003-04,North Carolina,29,26,780,127,277,109,218,18,59,92,127,76,81,157,40,16,13,45,51,364,.458,.500,.305,.724,.540,.491,F,JR
4981,Jaz Cowan,780,2005-06,Hampton,27,26,780,146,295,135,261,11,34,51,63,69,122,191,30,19,10,49,64,354,.495,.517,.324,.810,.545,.514,F,JR
4982,Larry Williams,780,2006-07,Arkansas–Pine Bluff,31,19,780,86,277,52,166,34,111,34,53,15,65,80,38,18,5,59,42,240,.310,.313,.306,.642,.397,.372,G,JR
4983,Marquis Ford,780,2006-07,Saint Francis (PA),24,24,780,70,163,19,63,51,100,32,48,10,57,67,98,22,2,82,54,223,.429,.302,.510,.667,.600,.586,G,SO
4984,Mike McLaren,780,2003-04,Dartmouth,28,26,780,65,188,18,43,47,145,20,25,6,71,77,23,21,2,36,48,197,.346,.419,.324,.800,.493,.471,G,JR
4985,Thurman Zimmerman,780,2005-06,South Carolina State,25,20,780,96,211,87,175,9,36,75,114,48,151,199,65,34,11,85,74,276,.455,.497,.250,.658,.520,.476,F,SR
4986,Tony Freeman,780,2006-07,Iowa,31,17,780,76,189,41,90,35,99,46,66,14,76,90,116,33,1,69,45,233,.402,.456,.354,.697,.529,.495,G,SO
4987,Aaron Jessup,779,2002-03,Green Bay,30,30,779,82,183,82,183,0,0,58,100,60,107,167,29,25,9,60,75,222,.448,.448,,.580,.482,.448,G,SR
4988,Alexander Starr,779,2005-06,Centenary (LA),26,26,779,90,169,83,153,7,16,60,77,,,122,85,37,17,,,247,.533,.542,.438,.779,.601,.553,F,JR
4989,Charles Ford,779,2004-05,Hartford,27,25,779,77,205,67,159,10,46,49,80,12,72,84,71,35,0,76,47,213,.376,.421,.217,.613,.438,.400,G,JR
4990,Darryl Towe,779,2002-03,Norfolk State,29,29,779,109,261,93,198,16,63,75,109,36,71,107,35,40,6,76,58,309,.418,.470,.254,.688,.494,.448,G,SR
4991,Greg Nero,779,2006-07,Fairfield,32,30,779,104,225,99,204,5,21,88,117,47,67,114,30,16,33,57,99,301,.462,.485,.238,.752,.536,.473,F,FR
4992,Guy Ngarndi,779,2006-07,Manhattan,30,30,779,94,160,94,160,0,0,58,83,52,110,162,14,23,24,43,110,246,.588,.588,,.699,.617,.588,C,SR
4993,Lionel Chalmers Jr,779,2002-03,Xavier,25,22,779,98,221,49,96,49,125,54,70,16,51,67,99,28,1,66,57,299,.443,.510,.392,.771,.588,.554,G,JR
4994,Matthew Barrow,779,2005-06,Lamar,26,24,779,102,244,67,136,35,108,80,96,16,47,63,99,33,7,56,56,319,.418,.493,.324,.833,.551,.490,G,SO
4995,Rob Summers,779,2006-07,West Virginia,36,36,779,69,109,69,107,0,2,20,37,83,83,166,32,28,31,23,92,158,.633,.645,.000,.541,.624,.633,C,SR
4996,Shawn Fields,779,2002-03,Eastern Kentucky,27,24,779,139,324,103,233,36,91,120,154,39,94,133,47,32,7,67,96,434,.429,.442,.396,.779,.546,.485,G,SR
4997,Aaron Andrews,778,2004-05,Morgan State,28,27,778,140,224,140,224,0,0,37,87,84,134,218,47,32,17,56,89,317,.625,.625,,.425,.597,.625,C,SR
4998,Antwoine Blanchard,778,2006-07,Texas State San Marcos,29,29,778,72,178,33,83,39,95,53,68,15,46,61,97,44,0,85,96,236,.404,.398,.411,.779,.561,.514,G,SR
4999,Bryan White,778,2006-07,Lehigh,31,26,778,63,143,63,142,0,1,52,82,54,141,195,21,26,27,44,61,178,.441,.444,.000,.634,.489,.441,F,JR
5000,Bryant McAllister,778,2002-03,Duquesne,30,22,778,76,178,59,117,17,61,59,85,18,50,68,79,32,2,88,64,228,.427,.504,.279,.694,.522,.475,G,FR
5001,Chauncey Shaw,778,2005-06,Savannah State,30,24,778,50,124,49,117,1,7,30,41,40,93,133,18,14,13,53,63,131,.403,.419,.143,.732,.457,.407,F,SO
5002,Dominick Martin,778,2004-05,Yale,27,27,778,129,242,129,241,0,1,74,124,71,139,210,17,12,29,50,75,332,.533,.535,.000,.597,.552,.533,C,JR
5003,Jason Wilkins,778,2003-04,Nicholls State,27,27,778,86,241,19,64,67,177,62,75,49,68,117,31,15,10,66,79,301,.357,.297,.379,.827,.544,.496,F,JR
5004,Jeff Halbert,778,2003-04,Ohio,30,19,778,60,163,24,57,36,106,41,46,26,79,105,41,10,4,40,38,197,.368,.421,.340,.891,.533,.479,F,SO
5005,Kenny Thomas,778,2006-07,Radford,30,20,778,102,245,60,127,42,118,48,69,39,79,118,33,31,7,54,66,294,.416,.472,.356,.696,.529,.502,G,SO
5006,Lionel Davis,778,2004-05,Idaho,30,25,778,48,103,48,101,0,2,22,47,62,121,183,17,17,27,33,90,118,.466,.475,.000,.468,.471,.466,F,SR
5007,Matt McCollom,778,2002-03,Ball State,30,28,778,111,265,68,146,43,119,91,115,28,53,81,77,14,2,76,79,356,.419,.466,.361,.791,.557,.500,G,SO
5008,Nate Doornekamp,778,2004-05,Boston College,30,30,778,61,155,53,130,8,25,26,38,36,108,144,68,17,28,58,85,156,.394,.408,.320,.684,.451,.419,C,SR
5009,Steven Harvin,778,2002-03,Elon,26,23,778,61,158,43,103,18,55,57,67,17,67,84,90,22,3,69,24,197,.386,.417,.327,.851,.519,.443,G,SO
5010,Tim Frost,778,2003-04,Utah,29,28,778,97,212,82,161,15,51,51,79,49,84,133,42,9,11,30,72,260,.458,.509,.294,.646,.521,.493,C,SR
5011,Travis Niesen,778,2003-04,Santa Clara,31,31,778,108,229,108,229,0,0,63,95,46,88,134,28,26,3,62,89,279,.472,.472,,.663,.509,.472,F,SO
5012,Wayne Powell,778,2004-05,Louisiana Tech,28,27,778,112,259,89,189,23,70,46,73,64,120,184,39,25,9,53,94,293,.432,.471,.329,.630,.499,.477,F,SR
5013,Anthony Drejaj,777,2002-03,Saint Louis,30,14,777,69,186,32,79,37,107,31,57,12,71,83,67,35,5,47,68,206,.371,.405,.346,.544,.483,.470,G,FR
5014,Armein Kirkland,777,2004-05,Cincinnati,31,18,777,103,277,64,170,39,107,73,98,35,98,133,76,11,17,53,75,318,.372,.376,.364,.745,.491,.442,G,JR
5015,Brett Cox,777,2004-05,Weber State,30,26,777,67,169,26,54,41,115,26,40,6,61,67,50,17,1,26,68,201,.396,.481,.357,.650,.535,.518,G,JR
5016,Charles Lee,777,2003-04,Bucknell,29,24,777,94,204,80,150,14,54,90,110,39,106,145,76,47,4,80,68,292,.461,.533,.259,.818,.570,.495,G,SO
5017,David Schroeder,777,2002-03,Idaho State,29,23,777,113,245,57,121,56,124,31,41,28,64,92,34,28,9,35,51,313,.461,.471,.452,.756,.592,.576,G,FR
5018,Devon Pearson,777,2006-07,SMU,27,24,777,92,234,66,145,26,89,50,66,51,116,167,30,31,15,49,57,260,.393,.455,.292,.758,.490,.449,F,SR
5019,Ed Persia,777,2002-03,Princeton,27,20,777,81,174,33,55,48,119,23,31,7,53,60,65,29,1,46,67,233,.466,.600,.403,.742,.617,.603,G,JR
5020,Gabe Stephenson,777,2005-06,Cal Poly,29,29,777,83,189,80,168,3,21,94,128,69,91,160,28,13,16,49,95,263,.439,.476,.143,.734,.526,.447,F,SR
5021,Graham Dow,777,2006-07,Cornell,28,24,777,54,139,41,87,13,52,37,42,4,53,57,109,45,2,76,70,158,.388,.471,.250,.881,.497,.435,G,SR
5022,Jason Braxton,777,2003-04,Arizona State,27,25,777,70,154,62,124,8,30,45,87,22,78,100,130,55,11,63,80,193,.455,.500,.267,.517,.494,.481,G,JR
5023,Jeremiah Massey,777,2003-04,Kansas State,28,19,777,145,292,144,290,1,2,120,162,84,134,218,33,28,18,52,76,411,.497,.497,.500,.741,.557,.498,F,JR
5024,Joe Chapman,777,2004-05,Marquette,31,22,777,89,230,49,107,40,123,32,54,21,42,63,36,14,2,57,68,250,.387,.458,.325,.593,.489,.474,G,JR
5025,Kim Adams,777,2002-03,Arkansas State,28,27,777,69,131,69,130,0,1,48,90,100,151,251,35,49,22,48,93,186,.527,.531,.000,.533,.535,.527,F,JR
5026,Lamar Barrett,777,2005-06,Longwood,30,30,777,83,204,77,175,6,29,39,63,46,73,119,54,37,13,47,97,211,.407,.440,.207,.619,.451,.422,F,SO
5027,Matt McCraw,777,2004-05,Air Force,30,18,777,85,167,30,59,55,108,44,49,9,41,50,54,33,3,29,44,269,.509,.508,.509,.898,.707,.674,G,SO
5028,Matt Minoff,777,2003-04,Yale,27,27,777,74,173,64,124,10,49,42,67,29,97,126,79,30,27,53,65,200,.428,.516,.204,.627,.488,.457,G,SR
5029,Taliek Brown,777,2002-03,Connecticut,29,25,777,88,200,87,183,1,17,47,84,21,65,86,140,25,4,70,54,224,.440,.475,.059,.560,.467,.443,G,JR
5030,Tommy Swanson,777,2004-05,Baylor,26,26,777,112,216,99,182,13,34,72,102,59,91,150,26,37,21,61,89,309,.519,.544,.382,.706,.584,.549,F,JR
5031,Travis Garrison,777,2004-05,Maryland,32,30,777,112,252,100,220,12,32,86,105,76,131,207,27,12,43,48,92,322,.444,.455,.375,.819,.533,.468,F,JR
5032,Troy Roundtree,777,2005-06,Delaware State,34,28,777,62,125,57,103,5,22,40,80,36,50,86,23,21,5,42,83,169,.496,.553,.227,.500,.518,.516,F,JR
5033,Adrian Woodard,776,2006-07,Hampton,31,5,776,52,110,48,92,4,18,64,106,60,74,134,50,29,14,55,88,172,.473,.522,.222,.604,.536,.491,F,JR
5034,Andrew Feeley,776,2002-03,UMBC,26,14,776,104,189,104,189,0,0,68,95,71,131,202,39,21,25,73,87,276,.550,.550,,.716,.589,.550,C,SO
5035,Ashley Champion,776,2002-03,Chattanooga,30,30,776,170,296,148,231,22,65,99,136,65,107,172,49,35,5,79,90,461,.574,.641,.338,.728,.639,.611,F,JR
5036,Charles Richardson,776,2005-06,Nebraska,30,23,776,33,91,19,50,14,41,51,61,5,72,77,100,34,0,52,43,131,.363,.380,.341,.836,.546,.440,G,JR
5037,Chris Pugh,776,2003-04,UMBC,28,28,776,37,135,26,101,11,34,34,42,18,62,80,63,32,2,38,58,119,.274,.257,.324,.810,.384,.315,G,FR
5038,Dainmon Gonner,776,2003-04,Southeast Missouri State,27,26,776,113,274,89,212,24,62,83,116,55,97,152,46,37,10,63,71,333,.412,.420,.387,.716,.506,.456,C,JR
5039,Darold Crow,776,2005-06,Tulsa,28,24,776,95,245,69,157,26,88,54,69,36,82,118,36,24,21,77,88,270,.388,.439,.295,.783,.486,.441,F,JR
5040,Dewayne Pettus,776,2006-07,Bethune-Cookman,28,17,776,91,230,79,199,12,31,33,65,33,51,84,36,27,4,61,42,227,.396,.397,.387,.508,.435,.422,G,JR
5041,Mark Bortz,776,2004-05,Buffalo,33,0,776,130,255,129,254,1,1,82,125,72,120,192,42,25,41,73,98,343,.510,.508,1.000,.656,.546,.512,F,SR
5042,Mike Popoko,776,2003-04,Stony Brook,30,21,776,74,176,58,132,16,44,87,120,55,101,156,26,22,20,57,86,251,.420,.439,.364,.725,.539,.466,F,FR
5043,Quinton Young,776,2004-05,Florida Atlantic,27,24,776,108,267,32,84,76,183,40,49,16,38,54,26,22,3,35,30,332,.404,.381,.415,.816,.572,.547,G,JR
5044,Tyler Chaney,776,2004-05,Southwest Missouri State,30,30,776,89,243,59,160,30,83,54,70,37,83,120,80,23,4,49,53,262,.366,.369,.361,.771,.474,.428,G,SO
5045,Will Conroy,776,2002-03,Washington,27,26,776,115,252,86,179,29,73,84,111,41,56,97,108,33,1,85,61,343,.456,.480,.397,.757,.563,.514,G,SO
5046,Andy Wicke,775,2006-07,Belmont,30,10,775,94,208,17,33,77,175,16,24,12,44,56,82,34,0,64,61,281,.452,.515,.440,.667,.640,.637,G,SO
5047,Art Bowers,775,2003-04,Massachusetts,27,23,775,90,270,55,173,35,97,45,74,29,66,95,87,19,5,69,38,260,.333,.318,.361,.608,.426,.398,G,FR
5048,Brian Hodges,775,2005-06,UMBC,29,9,775,122,335,69,146,53,189,76,93,25,60,85,43,16,5,46,45,373,.364,.473,.280,.817,.492,.443,G,SO
5049,Cardell Butler,775,2002-03,Utah State,33,13,775,114,265,91,189,23,76,36,43,28,57,85,52,12,7,44,41,287,.430,.481,.303,.837,.503,.474,G,JR
5050,Chad McKnight,775,2003-04,Morehead State,29,22,775,121,216,121,216,0,0,64,109,62,87,149,23,17,12,36,85,306,.560,.560,,.587,.571,.560,F,JR
5051,Charles Rhodes,775,2005-06,Mississippi State,29,25,775,154,273,153,271,1,2,92,130,71,136,207,10,21,32,67,83,401,.564,.565,.500,.708,.599,.566,F,SO
5052,Chris Lee,775,2005-06,Southeastern Louisiana,28,28,775,80,183,54,125,26,58,64,90,13,50,63,47,20,3,48,71,250,.437,.432,.448,.711,.554,.508,G,SR
5053,Chris Warfield,775,2005-06,Morgan State,29,20,775,37,156,32,121,5,35,44,61,9,62,71,56,19,2,68,51,123,.237,.264,.143,.721,.332,.253,G,SO
5054,Cornelius Hester,775,2006-07,Alabama A&M,30,25,775,111,315,46,93,65,222,26,35,20,44,64,28,27,1,40,43,313,.352,.495,.293,.743,.472,.456,G,FR
5055,Erroyl Bing,775,2003-04,East Carolina,27,18,775,78,189,56,124,22,65,73,117,87,136,223,15,15,10,51,58,251,.413,.452,.338,.624,.513,.471,F,SR
5056,Javon Randolph,775,2006-07,Savannah State,25,19,775,123,279,78,159,45,120,75,93,21,37,58,34,27,0,78,53,366,.441,.491,.375,.806,.566,.522,G,SR
5057,Josh Reed,775,2004-05,Morehead State,27,26,775,109,237,66,125,43,112,30,47,14,40,54,64,17,1,55,73,291,.460,.528,.384,.638,.561,.551,G,SO
5058,Nick Dissly,775,2005-06,Montana State,30,27,775,78,162,44,83,34,79,27,40,43,82,125,62,20,6,49,48,217,.481,.530,.430,.675,.599,.586,F,JR
5059,Patrick Lottin,775,2004-05,St. Bonaventure,26,10,775,94,267,36,101,58,166,36,56,19,94,113,60,24,7,79,71,282,.352,.356,.349,.643,.480,.461,F,JR
5060,Shan Foster,775,2004-05,Vanderbilt,34,24,775,104,236,35,81,69,155,35,43,30,74,104,39,19,7,31,48,312,.441,.432,.445,.814,.608,.587,G,FR
5061,Tahric Gosley,775,2002-03,Cleveland State,30,21,775,102,208,102,207,0,1,66,122,76,112,188,27,25,49,61,94,270,.490,.493,.000,.541,.508,.490,F,SR
5062,Terry Collins,775,2002-03,IPFW,30,28,775,114,344,61,179,53,165,57,74,19,85,104,56,27,1,74,55,338,.331,.341,.321,.770,.446,.408,F,SO
5063,Travis Demanby,775,2002-03,Fresno State,28,23,775,57,145,10,23,47,122,5,12,26,77,103,57,36,2,27,57,166,.393,.435,.385,.417,.551,.555,G,SR
5064,Travis Holcomb-Faye,775,2002-03,East Carolina,22,18,775,79,217,51,129,28,88,36,51,14,61,75,95,23,4,58,52,222,.364,.395,.318,.706,.460,.429,G,SR
5065,Alfred Neale,774,2003-04,New Mexico,28,25,774,80,192,41,76,39,116,47,68,42,108,150,35,22,23,40,63,246,.417,.539,.336,.691,.548,.518,F,JR
5066,Aubin Scott,774,2005-06,LIU Brooklyn,25,25,774,92,152,85,132,7,20,54,78,54,117,171,40,34,12,39,52,245,.605,.644,.350,.692,.648,.628,G,JR
5067,Avery Headley,774,2002-03,Florida Atlantic,28,27,774,90,210,90,210,0,0,74,136,75,101,176,20,36,15,80,105,254,.429,.429,,.544,.462,.429,F,SR
5068,Brandon Guyton,774,2002-03,Sacramento State,29,24,774,84,244,20,47,64,197,12,22,12,44,56,26,19,1,30,41,244,.344,.426,.325,.545,.479,.475,G,JR
5069,Elijah Palmer,774,2002-03,Duquesne,29,26,774,108,235,96,190,12,45,51,88,60,100,160,47,25,34,63,61,279,.460,.505,.267,.580,.504,.485,F,JR
5070,Frederic Adjiwanou,774,2004-05,St. Mary's (CA),29,17,774,67,164,61,134,6,30,93,126,76,116,192,28,22,22,70,93,233,.409,.455,.200,.738,.520,.427,F,SR
5071,Jesse Mackinson,774,2003-04,Eastern Illinois,27,27,774,98,229,98,226,0,3,70,89,41,103,144,26,13,22,43,79,266,.428,.434,.000,.787,.490,.428,C,SR
5072,John Tofi,774,2003-04,UTEP,32,25,774,139,245,139,243,0,2,69,102,52,136,188,36,24,28,66,81,347,.567,.572,.000,.676,.591,.567,C,SO
5073,Mackel Purvis,774,2002-03,Hampton,30,19,774,109,284,50,112,59,172,52,65,21,47,68,35,22,2,39,52,329,.384,.446,.343,.800,.522,.488,G,SR
5074,Moussa Diagne,774,2005-06,Furman,28,28,774,134,265,114,206,20,59,43,70,42,95,137,29,22,32,65,78,331,.506,.553,.339,.614,.555,.543,F,JR
5075,Mushon Ya'akosi,774,2004-05,Fordham,29,29,774,85,164,85,164,0,0,38,77,84,111,195,22,31,21,70,94,208,.518,.518,,.494,.519,.518,F,JR
5076,Nicholas Byrd,774,2003-04,Norfolk State,29,29,774,36,122,15,51,21,71,25,38,7,59,66,50,14,0,48,59,118,.295,.294,.296,.658,.421,.381,G,SR
5077,Noah Brown,774,2004-05,Appalachian State,30,19,774,129,305,55,114,74,191,47,69,14,60,74,71,33,1,58,33,379,.423,.482,.387,.681,.561,.544,G,SR
5078,Quintin Carouthers,774,2005-06,IPFW,28,28,774,133,271,122,229,11,42,43,59,34,73,107,29,29,14,69,66,320,.491,.533,.262,.729,.535,.511,G,JR
5079,Rodney Green,774,2006-07,La Salle,30,28,774,147,269,147,261,0,8,85,126,65,85,150,56,34,5,81,87,379,.546,.563,.000,.675,.576,.546,G,FR
5080,Salim Stoudamire,774,2002-03,Arizona,30,27,774,125,264,54,104,71,160,70,81,8,41,49,54,18,2,62,65,391,.473,.519,.444,.864,.646,.608,G,SO
5081,Troy Goodell,774,2004-05,Weber State,27,23,774,79,192,48,100,31,92,31,46,52,97,149,53,30,2,41,52,220,.411,.480,.337,.674,.514,.492,F,SR
5082,Walt Chavis,774,2002-03,Cleveland State,28,21,774,40,117,24,59,16,58,18,26,10,41,51,137,47,1,84,50,114,.342,.407,.276,.692,.441,.410,G,SO
5083,Will McClurkin,774,2003-04,Marist,27,24,774,125,268,120,260,5,8,36,53,51,103,154,14,13,15,53,74,291,.466,.462,.625,.679,.496,.476,C,JR
5084,Cody Pearson,773,2004-05,Long Beach State,30,26,773,66,132,65,124,1,8,55,91,48,85,133,34,16,3,46,80,188,.500,.524,.125,.604,.536,.504,G,SR
5085,Danny McElhinny,773,2005-06,Eastern Michigan,28,1,773,81,190,9,19,72,171,28,31,11,25,36,47,16,0,23,31,262,.426,.474,.421,.903,.640,.616,G,SR
5086,Dante Stiggers,773,2003-04,Southern Mississippi,28,27,773,43,115,41,98,2,17,14,25,14,42,56,112,37,4,63,61,102,.374,.418,.118,.560,.402,.383,G,JR
5087,David Berghoefer,773,2005-06,Western Carolina,29,27,773,128,268,126,262,2,6,73,136,57,126,183,33,31,12,66,84,331,.478,.481,.333,.537,.498,.481,C,SR
5088,Dennis Trammell,773,2004-05,Ball State,23,23,773,124,266,65,144,59,122,59,73,28,52,80,39,17,5,38,40,366,.466,.451,.484,.808,.609,.577,G,SR
5089,Jermaine Thomas,773,2003-04,La Salle,28,27,773,69,192,25,58,44,134,20,30,8,53,61,68,32,1,51,45,202,.359,.431,.328,.667,.490,.474,G,SO
5090,John Anderson,773,2006-07,Bethune-Cookman,30,26,773,75,131,75,130,0,1,28,48,59,103,162,11,8,19,34,84,178,.573,.577,.000,.583,.579,.573,F,JR
5091,Lamar Harris,773,2003-04,Colorado,29,29,773,80,158,80,158,0,0,49,74,73,174,247,50,29,36,51,78,209,.506,.506,,.662,.541,.506,F,SR
5092,Maureece Rice,773,2005-06,George Washington,30,0,773,142,312,99,205,43,107,50,63,20,43,63,85,45,2,49,50,377,.455,.483,.402,.794,.551,.524,G,SO
5093,Michael Joiner,773,2002-03,Florida State,29,22,773,99,204,74,139,25,65,23,50,35,84,119,54,40,11,64,75,246,.485,.532,.385,.460,.540,.547,F,JR
5094,Roy Johnson,773,2002-03,UT Arlington,29,29,773,125,251,125,248,0,3,72,92,49,121,170,45,16,26,68,83,322,.498,.504,.000,.783,.546,.498,F,JR
5095,Thomas Shewmake,773,2003-04,Cal State Northridge,30,23,773,89,197,75,150,14,47,74,104,68,129,197,16,29,19,55,91,266,.452,.500,.298,.712,.540,.487,C,FR
5096,Todd Sowell,773,2006-07,Saint Peter's,27,11,773,137,253,137,253,0,0,78,129,88,141,229,23,22,55,70,69,352,.542,.542,,.605,.560,.542,F,JR
5097,Trello Galloway,773,2002-03,Georgia State,27,23,773,68,132,62,108,6,24,48,71,65,118,183,64,39,45,55,83,190,.515,.574,.250,.676,.573,.538,G,JR
5098,Adam Liberty,772,2004-05,Wichita State,32,32,772,25,73,16,41,9,32,19,34,5,72,77,94,14,7,52,71,78,.342,.390,.281,.559,.437,.404,G,SO
5099,Belton Rivers,772,2002-03,East Carolina,27,25,772,72,238,32,107,40,131,33,46,9,58,67,58,19,0,41,58,217,.303,.299,.305,.717,.418,.387,G,FR
5100,Blake Walker,772,2004-05,Portland State,27,25,772,130,274,122,233,8,41,101,146,41,87,128,44,33,7,63,73,369,.474,.524,.195,.692,.537,.489,G,SR
5101,Boomer Brazzle,772,2002-03,Pepperdine,28,27,772,129,275,105,190,24,85,55,79,59,117,176,24,13,16,36,99,337,.469,.553,.282,.696,.539,.513,F,SR
5102,Chad Toppert,772,2006-07,New Mexico,32,14,772,100,214,15,31,85,183,19,24,20,63,83,26,15,1,14,51,304,.467,.484,.464,.792,.674,.666,G,SO
5103,Earnest Porter,772,2002-03,Nicholls State,24,24,772,97,236,89,204,8,32,69,96,53,100,153,46,37,3,62,63,271,.411,.436,.250,.719,.481,.428,G,SR
5104,Eric Castro,772,2002-03,SMU,30,23,772,105,186,93,158,12,28,48,77,58,122,180,32,22,17,51,66,270,.565,.589,.429,.623,.607,.597,C,SO
5105,Ivan Almonte,772,2005-06,Florida International,25,24,772,139,278,134,265,5,13,85,144,86,195,281,83,29,15,95,76,368,.500,.506,.385,.590,.531,.509,F,SR
5106,Jomo Belfor,772,2005-06,James Madison,28,27,772,63,205,40,134,23,71,67,89,38,71,109,92,37,4,65,71,216,.307,.299,.324,.753,.437,.363,G,SR
5107,Jordan Cornette,772,2004-05,Notre Dame,29,22,772,45,146,19,43,26,103,7,11,43,86,129,34,35,46,22,73,123,.308,.442,.252,.636,.407,.397,F,SR
5108,Lanny Smith,772,2003-04,Houston,27,26,772,75,206,45,114,30,92,46,75,13,44,57,86,25,2,85,65,226,.364,.395,.326,.613,.468,.437,G,FR
5109,Luke Walton,772,2002-03,Arizona,28,28,772,107,255,79,182,28,73,59,87,40,117,157,142,26,7,78,56,301,.420,.434,.384,.678,.508,.475,F,SR
5110,Matt Gipson,772,2005-06,Hawaii,28,28,772,75,186,70,156,5,30,33,65,48,109,157,45,25,28,42,86,188,.403,.449,.167,.508,.433,.417,F,SR
5111,Mike Efevberha,772,2005-06,Cal State Northridge,28,18,772,153,391,96,232,57,159,117,142,25,67,92,57,33,14,87,72,480,.391,.414,.358,.824,.524,.464,G,JR
5112,Moses White,772,2002-03,Florida A&M,29,22,772,64,170,45,108,19,62,64,95,10,45,55,101,42,0,100,52,211,.376,.417,.306,.674,.490,.432,G,JR
5113,Nate Doornekamp,772,2002-03,Boston College,31,31,772,39,105,38,103,1,2,22,42,43,82,125,32,16,23,44,101,101,.371,.369,.500,.524,.404,.376,C,SO
5114,Nate Funk,772,2003-04,Creighton,29,29,772,113,272,65,160,48,112,48,62,27,71,98,78,27,7,61,42,322,.415,.406,.429,.774,.534,.504,G,SO
5115,Ra'Sean Dickey,772,2005-06,Georgia Tech,28,20,772,148,248,147,246,1,2,73,101,62,127,189,17,31,43,80,77,370,.597,.598,.500,.723,.625,.599,C,SO
5116,Rashaun Broadus,772,2005-06,Brigham Young,28,26,772,88,224,54,127,34,97,43,67,7,72,79,104,36,1,75,52,253,.393,.425,.351,.642,.494,.469,G,JR
5117,Tim Whitworth,772,2003-04,Drexel,28,28,772,146,278,85,159,61,119,43,53,30,79,109,26,22,0,22,35,396,.525,.535,.513,.811,.653,.635,G,SR
5118,Tyrone Barley,772,2003-04,Saint Joseph's,32,1,772,73,170,21,46,52,124,31,39,6,25,31,50,29,0,23,71,229,.429,.457,.419,.795,.607,.582,G,SR
5119,Charles Anderson,771,2005-06,Chattanooga,32,32,771,131,210,131,210,0,0,70,132,66,65,131,16,20,11,66,72,332,.624,.624,,.530,.609,.624,F,SR
5120,Charles Little,771,2006-07,Dayton,31,23,771,137,264,137,262,0,2,53,98,73,87,160,36,23,11,53,81,327,.519,.523,.000,.541,.526,.519,F,SO
5121,Courtney Fields,771,2002-03,Iona,29,15,771,125,251,109,208,16,43,117,162,64,121,185,60,34,30,51,97,383,.498,.524,.372,.722,.584,.530,G,SR
5122,Danny Pariseau,771,2004-05,Eastern Washington,28,24,771,60,158,36,83,24,75,34,45,16,59,75,119,26,1,83,66,178,.380,.434,.320,.756,.496,.456,G,JR
5123,Eric Williams,771,2003-04,Wake Forest,31,24,771,147,269,147,269,0,0,90,132,77,98,175,20,26,21,63,108,384,.546,.546,,.682,.579,.546,C,SO
5124,Jamal Daniels,771,2003-04,Savannah State,28,28,771,140,310,116,236,24,74,35,56,61,74,135,47,35,13,51,64,339,.452,.492,.324,.625,.504,.490,G,SO
5125,Jason Wingate,771,2003-04,Manhattan,31,24,771,48,136,39,106,9,30,57,64,14,25,39,81,26,3,45,50,162,.353,.368,.300,.891,.487,.386,G,SO
5126,Jeremy Kelly,771,2002-03,UT Martin,28,21,771,84,182,68,123,16,59,30,58,19,65,84,104,34,7,84,102,214,.462,.553,.271,.517,.511,.505,G,SO
5127,Julian Betko,771,2006-07,Butler,36,36,771,52,127,22,45,30,82,20,27,17,56,73,48,26,11,32,82,154,.409,.489,.366,.741,.551,.528,G,JR
5128,Kaleo Kina,771,2006-07,Navy,30,27,771,98,224,71,144,27,80,52,72,25,75,100,81,52,3,103,78,275,.438,.493,.338,.722,.533,.498,G,SO
5129,Klayton Korver,771,2004-05,Drake,29,28,771,87,216,31,70,56,146,58,74,45,99,144,23,17,2,37,64,288,.403,.443,.384,.784,.573,.532,F,SO
5130,Nikola Stojakovic,771,2006-07,Morehead State,30,30,771,38,103,32,72,6,31,39,71,19,64,83,125,28,2,66,78,121,.369,.444,.194,.549,.442,.398,G,JR
5131,Raymar Morgan,771,2006-07,Michigan State,28,25,771,121,249,116,233,5,16,80,116,48,97,145,24,19,13,69,77,327,.486,.498,.313,.690,.538,.496,F,FR
5132,Thomas Viglianco,771,2005-06,Birmingham–Southern,28,28,771,89,209,37,81,52,128,87,121,31,118,149,51,16,6,53,72,317,.426,.457,.406,.719,.595,.550,F,SR
5133,Todd Brown,771,2006-07,Wright State,33,19,771,106,252,76,164,30,88,43,58,20,75,95,38,14,6,32,57,285,.421,.463,.341,.741,.510,.480,G,FR
5134,Todd Peterson,771,2004-05,Northern Illinois,28,22,771,103,229,38,86,65,143,46,52,42,84,126,34,23,20,27,62,317,.450,.442,.455,.885,.625,.592,G,JR
5135,Trey McDowell,771,2006-07,Louisiana Tech,29,21,771,156,360,98,204,58,156,27,42,31,65,96,47,39,4,52,61,397,.433,.480,.372,.643,.522,.514,G,SR
5136,Velimir Radinovic,771,2002-03,Ohio State,30,25,771,95,185,95,185,0,0,90,122,72,111,183,14,10,22,50,102,280,.514,.514,,.738,.576,.514,C,JR
5137,Vili Morton,771,2003-04,UC Riverside,28,27,771,133,222,133,222,0,0,77,109,58,117,175,51,26,43,52,91,343,.599,.599,,.706,.626,.599,F,JR
5138,Andre Smith,770,2005-06,North Dakota State,27,27,770,141,284,137,272,4,12,77,114,80,136,216,30,27,34,84,97,363,.496,.504,.333,.675,.537,.504,F,JR
5139,Blake Schilb,770,2003-04,Loyola Chicago,27,19,770,93,201,63,103,30,98,25,40,29,90,119,68,28,10,60,60,241,.463,.612,.306,.625,.548,.537,G,FR
5140,Casey Long,770,2004-05,Chattanooga,31,31,770,84,204,44,95,40,109,89,112,19,105,124,89,47,10,83,55,297,.412,.463,.367,.795,.577,.510,G,SO
5141,Daequan Cook,770,2006-07,Ohio State,39,1,770,141,317,87,187,54,130,46,66,28,139,167,40,28,10,56,66,382,.445,.465,.415,.697,.548,.530,G,FR
5142,Ernest Hassell,770,2004-05,Jackson State,32,30,770,108,229,99,188,9,41,50,78,73,85,158,34,26,31,66,101,275,.472,.527,.220,.641,.517,.491,F,JR
5143,Ethan Rohde,770,2002-03,Santa Clara,28,26,770,89,218,26,65,63,153,19,27,14,80,94,48,11,2,50,58,260,.408,.400,.412,.704,.563,.553,G,SO
5144,Grant Davis,770,2003-04,Birmingham–Southern,27,25,770,115,234,70,132,45,102,41,58,57,173,230,33,39,14,54,71,316,.491,.530,.441,.707,.604,.588,F,SR
5145,J.D. Collins,770,2002-03,West Virginia,29,29,770,24,76,18,46,6,30,12,26,10,56,66,68,42,6,27,69,66,.316,.391,.200,.462,.374,.355,G,FR
5146,Keith Wooden,770,2006-07,North Texas,33,29,770,116,221,116,221,0,0,71,111,58,122,180,41,11,31,75,111,303,.525,.525,,.640,.553,.525,F,JR
5147,Kevin Pittsnogle,770,2002-03,West Virginia,29,29,770,126,253,77,150,49,103,35,50,41,97,138,32,24,39,49,58,336,.498,.513,.476,.700,.607,.595,C,FR
5148,Kyle Anslinger,770,2003-04,Evansville,29,21,770,57,157,17,38,40,119,18,22,12,73,85,39,7,0,28,65,172,.363,.447,.336,.818,.514,.490,G,FR
5149,Levi Stukes,770,2004-05,Georgia,23,22,770,119,321,72,167,47,154,64,93,30,50,80,28,41,6,64,74,349,.371,.431,.305,.688,.478,.444,G,SO
5150,Marcus Clark,770,2003-04,Stephen F. Austin,30,30,770,100,240,83,196,17,44,65,82,10,46,56,117,47,0,53,66,282,.417,.423,.386,.793,.505,.452,G,SO
5151,Marvin Kilgore,770,2006-07,UTEP,31,31,770,92,217,80,163,12,54,61,98,13,67,80,104,21,7,77,92,257,.424,.491,.222,.622,.488,.452,G,JR
5152,Michael Cuffee,770,2003-04,Middle Tennessee,26,25,770,105,227,82,173,23,54,87,117,50,100,150,18,14,2,40,65,320,.463,.474,.426,.744,.566,.513,F,JR
5153,Michael Housman,770,2005-06,UMBC,29,25,770,100,176,100,175,0,1,28,55,58,88,146,40,38,23,49,83,228,.568,.571,.000,.509,.564,.568,F,JR
5154,Michael Lasme,770,2002-03,Massachusetts,28,16,770,73,226,41,109,32,117,32,51,12,75,87,74,19,2,67,63,210,.323,.376,.274,.627,.420,.394,G,FR
5155,Omni Smith,770,2005-06,Kent State,34,5,770,95,243,64,142,31,101,55,69,23,51,74,56,26,3,38,53,276,.391,.451,.307,.797,.500,.455,G,JR
5156,Parnell Smith,770,2006-07,Buffalo,31,21,770,98,217,98,212,0,5,99,129,76,95,171,49,19,17,95,89,295,.452,.462,.000,.767,.530,.452,F,SR
5157,Phillip Ramelli,770,2003-04,Samford,27,26,770,132,260,104,185,28,75,61,76,27,113,140,71,15,26,66,72,353,.508,.562,.373,.803,.596,.562,C,SR
5158,Richard Midgley,770,2003-04,California,28,26,770,91,217,51,103,40,114,75,100,35,39,74,58,27,3,40,74,297,.419,.495,.351,.750,.561,.512,G,SO
5159,Aaron Bond,769,2003-04,Northern Arizona,28,26,769,167,349,121,235,46,114,107,135,31,124,155,19,25,23,47,76,487,.479,.515,.404,.793,.589,.544,F,SR
5160,Adam Parada,769,2003-04,UC Irvine,28,26,769,118,203,118,202,0,1,107,145,46,140,186,31,10,38,71,85,343,.581,.584,.000,.738,.631,.581,C,SR
5161,Anthony Dill,769,2004-05,Texas State San Marcos,27,25,769,154,280,153,279,1,1,93,135,66,118,184,33,30,9,51,84,402,.550,.548,1.000,.689,.584,.552,F,JR
5162,B.J. Banks,769,2002-03,Stephen F. Austin,29,25,769,75,159,49,92,26,67,56,82,14,82,96,58,61,6,32,46,232,.472,.533,.388,.683,.586,.553,G,JR
5163,Brian Evans,769,2003-04,Texas A&M–Corpus Christi,26,26,769,115,237,112,228,3,9,89,124,17,52,69,118,21,1,86,53,322,.485,.491,.333,.718,.544,.492,G,SR
5164,Brion Rush,769,2004-05,Grambling State,25,24,769,147,380,85,210,62,170,84,108,30,110,140,51,42,7,58,52,440,.387,.405,.365,.778,.510,.468,G,JR
5165,Chad Maclies,769,2003-04,Centenary (LA),28,28,769,77,126,76,121,1,5,51,64,,,177,36,45,16,,,206,.611,.628,.200,.797,.659,.615,F,JR
5166,Chakowby Hicks,769,2002-03,Norfolk State,29,10,769,113,263,83,186,30,77,72,99,40,86,126,75,66,22,76,68,328,.430,.446,.390,.727,.529,.487,G,SO
5167,Chris Douglas-Roberts,769,2005-06,Memphis,34,25,769,102,192,93,163,9,29,70,94,44,69,113,51,26,15,68,65,283,.531,.571,.310,.745,.598,.555,G,FR
5168,Chris Taft,769,2004-05,Pittsburgh,29,29,769,159,274,159,274,0,0,68,116,88,130,218,24,11,50,47,48,386,.580,.580,,.586,.586,.580,F,SO
5169,Corey Lamkin,769,2002-03,Texas A&M–Corpus Christi,29,29,769,120,220,120,219,0,1,104,137,85,149,234,27,36,18,58,92,344,.545,.548,.000,.759,.603,.545,F,SO
5170,Dwayne Williams,769,2003-04,Idaho,30,18,769,114,277,34,73,80,204,27,41,8,58,66,30,25,6,30,41,335,.412,.466,.392,.659,.565,.556,G,SR
5171,Eric King,769,2004-05,Tennessee State,31,31,769,129,266,127,254,2,12,61,83,,,203,50,26,32,,,321,.485,.500,.167,.735,.525,.489,F,JR
5172,Jackie Rogers,769,2002-03,Massachusetts,29,28,769,148,247,148,247,0,0,79,107,72,88,160,27,23,11,71,104,375,.599,.599,,.738,.630,.599,F,SR
5173,Jairus McCollum,769,2004-05,Stony Brook,29,12,769,81,206,79,201,2,5,54,77,37,93,130,35,29,19,59,81,218,.393,.393,.400,.701,.449,.398,F,SR
5174,Jarekus Singleton,769,2005-06,Southern Mississippi,31,24,769,79,220,60,157,19,63,79,105,25,67,92,56,19,1,68,64,256,.359,.382,.302,.752,.474,.402,G,JR
5175,Joseph Barber,769,2002-03,UNC Asheville,32,29,769,94,202,78,165,16,37,45,63,47,110,157,25,10,10,54,83,249,.465,.473,.432,.714,.537,.505,C,SO
5176,Josh Warren,769,2004-05,Southern Illinois,35,35,769,56,138,55,137,1,1,23,32,36,92,128,24,19,14,37,78,136,.406,.401,1.000,.719,.444,.409,C,SR
5177,Kyle Davis,769,2002-03,Auburn,34,28,769,87,193,87,193,0,0,41,83,87,115,202,28,30,124,62,104,215,.451,.451,,.494,.463,.451,C,JR
5178,Mark Davis,769,2003-04,George Mason,31,25,769,143,322,112,227,31,95,83,136,29,84,113,41,53,13,76,61,400,.444,.493,.326,.610,.517,.492,F,SR
5179,Max Mombollet,769,2002-03,The Citadel,28,16,769,125,240,124,235,1,5,85,130,51,120,171,30,22,14,54,94,336,.521,.528,.200,.654,.557,.523,F,JR
5180,Rob Kampman,769,2004-05,Wichita State,32,29,769,75,163,37,71,38,92,39,51,38,88,126,49,7,6,30,58,227,.460,.521,.413,.765,.606,.577,F,SR
5181,Roderick Riley,769,2002-03,Prairie View A&M,29,27,769,109,211,109,211,0,0,110,166,69,135,204,16,8,12,80,103,328,.517,.517,,.663,.566,.517,C,JR
5182,Shaun Williams,769,2005-06,Morehead State,25,19,769,162,310,162,304,0,6,87,127,56,103,159,43,30,14,71,62,411,.523,.533,.000,.685,.555,.523,F,JR
5183,T.J. Gray,769,2003-04,Western Illinois,28,26,769,89,253,29,87,60,166,43,48,9,48,57,86,33,0,87,36,281,.352,.333,.361,.896,.509,.470,G,FR
5184,Aubin Scott,768,2004-05,LIU Brooklyn,28,28,768,67,155,63,137,4,18,47,76,44,123,167,51,32,7,55,62,185,.432,.460,.222,.618,.484,.445,G,SO
5185,Brandon Wallace,768,2004-05,South Carolina,33,21,768,74,171,65,120,9,51,30,50,63,86,149,31,33,55,29,72,187,.433,.542,.176,.600,.480,.459,F,SO
5186,Chris Sloan,768,2002-03,Saint Louis,30,28,768,80,166,64,122,16,44,53,76,37,77,114,24,32,9,21,82,229,.482,.525,.364,.697,.567,.530,G,JR
5187,De'Shaune Griffin,768,2006-07,Iona,29,16,768,49,169,28,89,21,80,22,35,13,69,82,59,29,2,75,55,141,.290,.315,.263,.629,.380,.352,G,FR
5188,James Poindexter,768,2005-06,Lipscomb,29,14,768,105,276,35,82,70,194,71,87,12,53,65,44,18,2,43,40,351,.380,.427,.361,.816,.553,.507,G,SR
5189,Jerry Smith,768,2003-04,Samford,28,19,768,51,105,32,52,19,53,21,34,9,103,112,95,29,0,64,48,142,.486,.615,.358,.618,.586,.576,G,FR
5190,Jordan Pleiman,768,2005-06,Wright State,28,28,768,115,200,115,200,0,0,65,120,67,121,188,5,12,11,46,97,295,.575,.575,,.542,.574,.575,F,SO
5191,Lavell Payne,768,2006-07,Central Florida,31,31,768,112,237,107,223,5,14,106,144,64,108,172,37,23,18,74,84,335,.473,.480,.357,.736,.548,.483,F,SR
5192,Michael Brock,768,2005-06,Eastern Kentucky,30,20,768,61,141,41,74,20,67,31,46,45,85,130,41,17,3,38,47,173,.433,.554,.299,.674,.531,.504,F,JR
5193,Patrick Britton,768,2005-06,Rice,28,24,768,53,117,53,117,0,0,50,67,62,91,153,17,31,25,35,84,156,.453,.453,,.746,.524,.453,F,SO
5194,Rob Little,768,2003-04,Stanford,32,31,768,136,238,136,237,0,1,37,67,50,126,176,18,16,31,52,77,309,.571,.574,.000,.552,.573,.571,C,JR
5195,Thomas Fairley,768,2005-06,Lamar,28,26,768,132,257,132,256,0,1,48,76,65,157,222,29,24,70,40,90,312,.514,.516,.000,.632,.532,.514,F,SR
5196,Adrian Johnson,767,2002-03,McNeese State,29,28,767,78,154,78,153,0,1,49,67,50,74,124,13,21,52,55,86,205,.506,.510,.000,.731,.552,.506,F,SR
5197,Anthony Bolton,767,2003-04,Cal State Fullerton,23,20,767,92,236,43,120,49,116,48,62,38,74,112,72,18,1,53,69,281,.390,.358,.422,.774,.529,.494,F,SR
5198,Brock Reichner,767,2005-06,Brigham Young,29,27,767,100,218,47,108,53,110,49,64,18,55,73,73,24,5,44,58,302,.459,.435,.482,.766,.608,.580,G,SR
5199,Carldell Johnson,767,2003-04,UAB,32,22,767,47,116,19,52,28,64,30,43,17,41,58,137,71,0,35,80,152,.405,.365,.438,.698,.557,.526,G,SO
5200,Christian Soto,767,2006-07,UC Riverside,31,26,767,50,122,49,113,1,9,34,64,43,93,136,34,33,17,43,101,135,.410,.434,.111,.531,.443,.414,F,SO
5201,Craig Lewis,767,2002-03,Eastern Illinois,29,28,767,95,230,86,204,9,26,41,59,31,88,119,110,45,3,74,72,240,.413,.422,.346,.695,.465,.433,G,SR
5202,Curtis Tillman,767,2004-05,Centenary (LA),27,27,767,57,180,43,126,14,54,44,79,,,76,31,26,7,,,172,.317,.341,.259,.557,.395,.356,G,JR
5203,Haim Shimonovich,767,2002-03,Hawaii,28,23,767,82,168,82,167,0,1,42,71,74,108,182,69,19,39,71,95,206,.488,.491,.000,.592,.511,.488,C,JR
5204,Jeremiah Wood,767,2006-07,Akron,32,30,767,131,229,131,229,0,0,69,119,86,165,251,54,30,13,64,74,331,.572,.572,,.580,.580,.572,F,JR
5205,Jon Havens,767,2002-03,UTSA,27,14,767,39,133,10,38,29,95,36,44,9,58,67,60,19,1,45,45,143,.293,.263,.305,.818,.465,.402,G,SR
5206,Kirk Archibeque,767,2005-06,Northern Colorado,29,23,767,145,276,145,276,0,0,84,125,78,129,207,25,12,9,69,97,374,.525,.525,,.672,.558,.525,C,SO
5207,Lenny Jefferson,767,2004-05,Central Connecticut State,28,17,767,87,212,52,125,35,87,76,100,23,57,80,62,15,6,53,60,285,.410,.416,.402,.760,.549,.493,G,JR
5208,Leonta Matthews,767,2006-07,Texas Southern,31,30,767,80,189,80,189,0,0,36,78,66,101,167,25,22,6,76,71,196,.423,.423,,.462,.434,.423,F,SR
5209,Marcus Williams,767,2005-06,Connecticut,23,20,767,83,204,59,144,24,60,94,109,18,71,89,198,21,5,85,38,284,.407,.410,.400,.862,.555,.466,G,JR
5210,Marshall Strickland,767,2002-03,Indiana,34,13,767,63,162,30,69,33,93,48,65,24,59,83,69,19,3,42,65,207,.389,.435,.355,.738,.537,.491,G,FR
5211,Ricky Cottrill,767,2002-03,Eastern Michigan,28,7,767,64,195,45,110,19,85,46,72,9,45,54,57,24,3,40,53,193,.328,.409,.224,.639,.421,.377,G,JR
5212,Ronald Mickel,767,2003-04,Centenary (LA),27,27,767,45,91,44,90,1,1,41,53,,,104,22,30,22,,,132,.495,.489,1.000,.774,.568,.500,F,SR
5213,Sean Mallon,767,2005-06,Gonzaga,33,32,767,81,160,76,140,5,20,58,72,48,102,150,38,11,16,48,88,225,.506,.543,.250,.806,.579,.522,F,JR
5214,Tyler McGinn,767,2006-07,Cal Poly,30,30,767,114,253,47,93,67,160,24,33,18,82,100,39,24,10,25,35,319,.451,.505,.419,.727,.594,.583,F,SR
5215,Arturo Dubois,766,2006-07,Manhattan,30,27,766,155,334,153,329,2,5,53,88,74,107,181,26,33,36,82,91,365,.464,.465,.400,.602,.486,.467,F,JR
5216,Bryan White,766,2005-06,Lehigh,31,29,766,81,189,80,185,1,4,46,74,50,117,167,28,26,30,38,51,209,.429,.432,.250,.622,.466,.431,F,SO
5217,Daniel Kickert,766,2002-03,St. Mary's (CA),30,30,766,133,256,112,209,21,47,93,119,36,75,111,21,10,18,58,72,380,.520,.536,.447,.782,.608,.561,F,FR
5218,David Gomez,766,2006-07,Tulane,30,27,766,148,283,146,275,2,8,106,137,46,129,175,31,25,42,66,86,404,.523,.531,.250,.774,.580,.527,F,JR
5219,David Noel III,766,2002-03,North Carolina,35,17,766,84,166,68,109,16,57,23,43,42,81,123,49,45,18,50,61,207,.506,.624,.281,.535,.555,.554,G,FR
5220,Haim Shimonovich,766,2003-04,Hawaii,31,27,766,94,188,94,188,0,0,30,50,73,136,209,55,26,38,64,103,218,.500,.500,,.600,.515,.500,C,SR
5221,Jason Gaines,766,2002-03,San Francisco,29,26,766,28,79,24,58,4,21,27,35,9,50,59,149,37,0,60,81,87,.354,.414,.190,.771,.455,.380,G,SO
5222,Jermareo Davidson,766,2003-04,Alabama,33,28,766,67,142,67,142,0,0,30,52,54,89,143,15,8,46,35,69,164,.472,.472,,.577,.492,.472,F,FR
5223,Mike Walker,766,2004-05,Penn State,29,15,766,57,168,16,45,41,123,29,38,3,37,40,71,19,3,60,29,184,.339,.356,.333,.763,.494,.461,G,FR
5224,Olumuyiwa Popoola,766,2003-04,Radford,28,23,766,100,231,59,138,41,93,34,51,27,63,90,16,30,1,33,64,275,.433,.428,.441,.667,.539,.522,G,JR
5225,Paul Marigney,766,2004-05,St. Mary's (CA),25,21,766,138,292,82,160,56,132,87,107,41,83,124,41,33,11,70,76,419,.473,.513,.424,.813,.611,.568,G,SR
5226,Ray Bristow,766,2004-05,UNC Greensboro,30,19,766,103,302,66,194,37,108,51,64,10,54,64,58,39,3,64,53,294,.341,.340,.343,.797,.442,.402,G,JR
5227,Torin Francis,766,2004-05,Notre Dame,29,29,766,96,213,96,213,0,0,78,114,84,143,227,14,8,31,51,60,270,.451,.451,,.684,.505,.451,F,JR
5228,Andre Patterson,765,2004-05,Tennessee,31,22,765,96,169,95,167,1,2,36,58,71,120,191,37,24,32,58,86,229,.568,.569,.500,.621,.583,.571,F,JR
5229,Anthony McHenry,765,2004-05,Georgia Tech,32,29,765,48,115,42,83,6,32,21,29,24,82,106,60,35,37,40,83,123,.417,.506,.188,.724,.478,.443,G,SR
5230,Calvin Chitwood,765,2006-07,Cal State Northridge,31,24,765,152,296,128,221,24,75,80,94,65,86,151,30,34,16,51,119,408,.514,.579,.320,.851,.599,.554,F,JR
5231,David Whitehurst,765,2005-06,Pennsylvania,29,21,765,61,174,37,81,24,93,23,35,24,44,68,63,35,5,55,76,169,.351,.457,.258,.657,.443,.420,G,SO
5232,Evan Risher,765,2005-06,Liberty,29,13,765,50,140,28,75,22,65,36,60,20,31,51,72,17,0,60,83,158,.357,.373,.338,.600,.469,.436,G,SO
5233,Ian Young,765,2003-04,Auburn,28,18,765,92,233,33,83,59,150,37,44,17,46,63,68,20,4,60,42,280,.395,.398,.393,.841,.551,.521,G,JR
5234,Jason Ellis,765,2004-05,Boise State,28,25,765,113,231,113,231,0,0,66,89,109,142,251,41,14,28,67,88,292,.489,.489,,.742,.534,.489,F,SR
5235,Jermaine Washington,765,2004-05,Nevada,31,20,765,83,155,83,148,0,7,42,68,67,95,162,48,24,35,50,91,208,.535,.561,.000,.618,.555,.535,F,SR
5236,Joey Harrell,765,2005-06,UNC Asheville,28,12,765,65,171,53,124,12,47,53,84,56,91,147,37,17,10,60,65,195,.380,.427,.255,.631,.462,.415,G,JR
5237,Lamar Butler,765,2003-04,George Mason,30,15,765,102,268,24,61,78,207,33,40,6,69,75,54,23,4,44,48,315,.381,.393,.377,.825,.549,.526,G,SO
5238,Patricio Prato,765,2002-03,St. Bonaventure,27,27,765,116,299,75,162,41,137,87,108,45,89,134,42,36,1,47,82,360,.388,.463,.299,.806,.514,.457,G,SR
5239,Phillip Ramelli,765,2002-03,Samford,28,28,765,127,222,107,179,20,43,49,64,22,137,159,89,13,18,70,88,323,.572,.598,.465,.766,.640,.617,C,JR
5240,Ricky Johns,765,2006-07,Utah,30,18,765,76,160,51,98,25,62,47,55,13,40,53,43,11,0,32,48,224,.475,.520,.403,.855,.602,.553,G,SR
5241,Seth Scott,765,2002-03,Portland State,26,22,765,123,259,106,212,17,47,60,101,52,105,157,33,20,30,99,100,323,.475,.500,.362,.594,.526,.508,F,JR
5242,Steve Castleberry,765,2003-04,Rider,31,31,765,127,232,127,232,0,0,76,116,73,129,202,24,22,33,35,78,330,.547,.547,,.655,.575,.547,C,JR
5243,Steve Moore,765,2003-04,Arizona State,27,23,765,102,274,54,126,48,148,92,113,35,64,99,69,23,2,57,75,344,.372,.429,.324,.814,.525,.460,G,JR
5244,Taishi Ito,765,2006-07,Portland,25,17,765,50,143,17,55,33,88,41,57,6,46,52,82,13,0,57,42,174,.350,.309,.375,.719,.512,.465,G,FR
5245,Terry Hill,765,2005-06,Savannah State,30,22,765,72,169,63,131,9,38,52,83,14,49,63,30,28,9,98,59,205,.426,.481,.237,.627,.492,.453,G,FR
5246,Wayne Powell,765,2003-04,Louisiana Tech,28,26,765,98,210,93,201,5,9,57,72,50,103,153,14,14,3,53,84,258,.467,.463,.556,.792,.528,.479,F,JR
5247,Zeljko Zupic,765,2003-04,Denver,27,27,765,82,200,51,100,31,100,43,68,59,133,192,47,19,22,39,65,238,.410,.510,.310,.632,.512,.488,F,SR
5248,Anthony Fuqua,764,2003-04,UTSA,33,17,764,64,137,64,137,0,0,94,164,78,116,194,29,16,42,72,118,222,.467,.467,,.573,.517,.467,C,JR
5249,Anthony Porch,764,2006-07,Denver,29,29,764,96,232,75,175,21,57,74,89,57,100,157,35,13,14,52,87,287,.414,.429,.368,.831,.523,.459,F,SR
5250,Baboucarr Bojang,764,2002-03,Illinois State,29,26,764,77,187,77,187,0,0,54,75,57,87,144,19,24,9,48,83,208,.412,.412,,.720,.467,.412,F,SR
5251,Dana Smith,764,2005-06,Longwood,30,15,764,100,218,79,149,21,69,67,108,47,93,140,44,26,21,53,87,288,.459,.530,.304,.620,.535,.507,F,SO
5252,Mike Cleaves,764,2003-04,La Salle,30,8,764,77,187,74,160,3,27,49,78,28,63,91,74,31,2,57,71,206,.412,.463,.111,.628,.460,.420,G,JR
5253,Peter Mulligan,764,2003-04,Manhattan,31,16,764,120,259,92,192,28,67,70,97,50,87,137,38,49,11,46,81,338,.463,.479,.418,.722,.554,.517,F,JR
5254,Quincy Pondexter,764,2006-07,Washington,32,22,764,124,249,106,201,18,48,76,100,49,79,128,49,21,6,65,83,342,.498,.527,.375,.760,.577,.534,F,FR
5255,Sam Daniels,764,2004-05,Wofford,28,28,764,86,209,40,85,46,124,27,41,38,62,100,43,18,22,30,73,245,.411,.471,.371,.659,.536,.522,C,SR
5256,Shane James,764,2005-06,Loyola (MD),28,21,764,74,170,61,135,13,35,58,77,42,64,106,97,32,1,68,58,219,.435,.452,.371,.753,.530,.474,G,JR
5257,Steven Thomas,764,2003-04,UT Arlington,29,19,764,106,209,106,209,0,0,138,188,60,86,146,29,21,16,71,59,350,.507,.507,,.734,.587,.507,F,SO
5258,Ted Morris,764,2006-07,Montana State,30,30,764,91,180,91,180,0,0,39,74,83,129,212,16,11,31,42,83,221,.506,.506,,.527,.514,.506,C,SR
5259,Troy Hailey,764,2004-05,Binghamton,29,22,764,90,247,35,96,55,151,30,53,14,63,77,43,18,3,56,64,265,.364,.365,.364,.566,.487,.476,G,SO
5260,Yves Mekongo Mbala,764,2006-07,La Salle,30,28,764,94,209,89,177,5,32,53,95,69,99,168,42,20,5,59,79,246,.450,.503,.156,.558,.484,.462,F,FR
5261,Aaron Haynes,763,2002-03,Boise State,29,7,763,146,327,113,215,33,112,102,134,57,108,165,31,20,25,47,84,427,.446,.526,.295,.761,.547,.497,F,JR
5262,Craig Walls,763,2003-04,New Hampshire,26,24,763,98,214,98,211,0,3,43,60,54,131,185,41,15,23,69,47,239,.458,.464,.000,.717,.493,.458,F,JR
5263,David Lawrence,763,2005-06,College of Charleston,28,21,763,91,220,54,110,37,110,41,66,71,124,195,32,32,15,46,70,260,.414,.491,.336,.621,.517,.498,F,JR
5264,Drew Washington,763,2006-07,Louisiana Tech,30,25,763,56,163,35,100,21,63,12,28,11,56,67,63,22,1,39,74,145,.344,.350,.333,.429,.411,.408,G,SO
5265,Frank Brown,763,2003-04,Montana State,27,27,763,62,164,49,115,13,49,72,126,24,89,113,118,28,1,76,54,209,.378,.426,.265,.571,.467,.418,G,SO
5266,Gabe Norwood,763,2004-05,George Mason,29,24,763,64,146,62,131,2,15,39,57,35,75,110,74,47,16,45,54,169,.438,.473,.133,.684,.488,.445,G,SO
5267,Jaime Kilburn,763,2003-04,Brown,27,26,763,163,306,162,292,1,14,41,69,52,126,178,24,27,42,48,77,368,.533,.555,.071,.594,.543,.534,F,SR
5268,Jarvis Gunter,763,2005-06,Arkansas–Pine Bluff,28,26,763,93,197,93,195,0,2,30,49,51,135,186,45,16,50,50,74,216,.472,.477,.000,.612,.490,.472,F,JR
5269,Joe Reitz,763,2004-05,Western Michigan,33,32,763,110,205,110,205,0,0,90,130,79,101,180,8,20,5,46,98,310,.537,.537,,.692,.581,.537,C,FR
5270,Jon Simon,763,2005-06,Colgate,29,21,763,84,226,48,127,36,99,67,81,12,47,59,44,29,2,48,42,271,.372,.378,.364,.827,.512,.451,G,JR
5271,Jonathan Heard,763,2005-06,Cal State Northridge,28,13,763,117,236,101,189,16,47,93,128,36,73,109,65,39,2,70,56,343,.496,.534,.340,.727,.578,.530,F,SO
5272,Kyle Young,763,2005-06,Middle Tennessee,28,24,763,108,166,108,166,0,0,27,71,69,82,151,22,18,18,44,64,243,.651,.651,,.380,.608,.651,F,JR
5273,Lance Harris,763,2004-05,Kansas State,29,8,763,108,240,50,100,58,140,27,45,8,54,62,66,21,7,41,49,301,.450,.500,.414,.600,.576,.571,G,SO
5274,Levon Kendall,763,2005-06,Pittsburgh,32,30,763,82,166,78,140,4,26,56,78,72,101,173,50,24,34,36,96,224,.494,.557,.154,.718,.552,.506,F,JR
5275,Londrick Nolen,763,2004-05,Ole Miss,31,26,763,121,249,96,172,25,77,37,56,39,96,135,49,29,19,65,73,304,.486,.558,.325,.661,.552,.536,F,JR
5276,Patrick Tatham,763,2006-07,Cleveland State,31,31,763,68,154,64,139,4,15,33,54,69,81,150,34,43,19,49,106,173,.442,.460,.267,.611,.481,.455,F,SR
5277,Stephen Garnett,763,2002-03,Northern Arizona,28,16,763,82,208,50,109,32,99,38,54,16,77,93,79,23,5,66,70,234,.394,.459,.323,.704,.501,.471,F,SO
5278,Adam Chubb,762,2003-04,Pennsylvania,27,27,762,103,213,103,209,0,4,78,116,60,143,203,50,10,23,72,75,284,.484,.493,.000,.672,.530,.484,C,SR
5279,Brandon Trapp,762,2004-05,South Carolina State,27,23,762,58,167,14,35,44,132,27,32,33,49,82,35,32,3,41,56,187,.347,.400,.333,.844,.513,.479,G,JR
5280,Chris Sumner,762,2003-04,Mount St. Mary's,29,6,762,44,97,19,46,25,51,30,40,18,65,83,78,34,1,44,54,143,.454,.413,.490,.750,.616,.582,G,SO
5281,Corien John,762,2002-03,Saint Peter's,29,27,762,105,219,105,210,0,9,55,86,68,72,140,51,51,8,70,105,265,.479,.500,.000,.640,.510,.479,F,SR
5282,Dan McGeary,762,2006-07,New Hampshire,29,14,762,50,154,11,34,39,120,14,20,4,47,51,34,11,2,31,39,153,.325,.324,.325,.700,.468,.451,G,FR
5283,David Palmer,762,2002-03,Southern Utah,28,26,762,114,242,56,115,58,127,41,51,26,101,127,25,27,8,50,77,327,.471,.487,.457,.804,.614,.591,F,JR
5284,Erroyl Bing,762,2002-03,East Carolina,27,26,762,75,176,67,129,8,47,59,97,100,136,236,28,12,7,42,56,217,.426,.519,.170,.608,.489,.449,F,JR
5285,Garrett Williamson,762,2006-07,Saint Joseph's,32,31,762,54,119,50,96,4,23,50,74,36,78,114,62,31,16,43,95,162,.454,.521,.174,.676,.525,.471,G,FR
5286,Haron Hargrave,762,2006-07,Sacramento State,26,23,762,96,263,48,120,48,143,119,145,8,64,72,61,46,1,43,55,359,.365,.400,.336,.821,.541,.456,G,SR
5287,Hasheem Thabeet,762,2006-07,Connecticut,31,31,762,67,121,67,121,0,0,59,115,74,125,199,12,6,118,49,82,193,.554,.554,,.513,.549,.554,C,FR
5288,Ian Johnson,762,2004-05,Davidson,32,7,762,142,268,125,222,17,46,55,75,61,87,148,24,12,9,44,76,356,.530,.563,.370,.733,.586,.562,F,JR
5289,Jeremiah Coleman,762,2002-03,Southwest Texas State,29,29,762,142,332,111,230,31,102,65,98,59,96,155,20,33,31,68,66,380,.428,.483,.304,.663,.502,.474,F,JR
5290,Jordan Mincy,762,2006-07,Kent State,32,20,762,36,124,28,88,8,36,23,33,13,23,36,116,25,0,55,73,103,.290,.318,.222,.697,.369,.323,G,SO
5291,Josh Porter,762,2004-05,Stephen F. Austin,27,21,762,115,293,62,160,53,133,21,27,10,62,72,26,27,1,28,55,304,.392,.388,.398,.778,.497,.483,G,SO
5292,Kaimondre Owes,762,2005-06,Saint Peter's,32,8,762,111,267,99,214,12,53,60,90,56,72,128,39,18,2,50,65,294,.416,.463,.226,.667,.475,.438,G,SO
5293,Kelsey Crooks,762,2003-04,New Mexico State,27,27,762,80,191,48,113,32,78,34,57,59,108,167,75,21,4,69,50,226,.419,.425,.410,.596,.518,.503,F,SR
5294,Matt Davis,762,2005-06,The Citadel,31,23,762,48,131,16,37,32,94,7,20,39,79,118,36,35,8,33,69,135,.366,.432,.340,.350,.480,.489,F,SR
5295,Ronny Dawn,762,2003-04,Marshall,29,20,762,82,205,22,53,60,152,23,31,9,43,52,33,17,0,34,31,247,.400,.415,.395,.742,.562,.546,G,JR
5296,Ruben Guillandeaux,762,2006-07,La Salle,30,22,762,86,201,57,131,29,70,39,45,12,50,62,78,14,2,59,49,240,.428,.435,.414,.867,.540,.500,G,FR
5297,Samuel Haanpaa,762,2006-07,Valparaiso,29,12,762,100,231,25,67,75,164,72,99,22,87,109,30,5,2,66,45,347,.433,.373,.457,.727,.624,.595,G,FR
5298,Shaun Green,762,2005-06,Utah,29,24,762,63,166,20,53,43,113,17,28,25,86,111,61,31,11,55,89,186,.380,.377,.381,.607,.519,.509,F,FR
5299,Steven Harvin,762,2003-04,Elon,27,22,762,62,172,46,121,16,51,22,29,14,53,67,96,28,1,55,20,162,.360,.380,.314,.759,.436,.407,G,JR
5300,Andre Joseph,761,2002-03,Oregon,32,4,761,104,255,57,120,47,135,42,61,28,69,97,58,27,8,47,91,297,.408,.475,.348,.689,.523,.500,G,JR
5301,Anthony Kann,761,2003-04,Western Michigan,30,30,761,134,276,128,259,6,17,104,137,88,128,216,37,48,7,52,92,378,.486,.494,.353,.759,.554,.496,F,SR
5302,Brian Giesen,761,2002-03,Indiana State,31,23,761,92,183,92,183,0,0,36,59,64,95,159,16,18,10,33,76,220,.503,.503,,.610,.521,.503,C,SR
5303,Calvin Brown,761,2004-05,Norfolk State,27,27,761,99,157,99,157,0,0,66,107,79,96,175,37,32,16,60,85,264,.631,.631,,.617,.635,.631,C,SO
5304,Corey Smith,761,2003-04,Vanderbilt,32,31,761,82,182,47,90,35,92,20,29,38,70,108,53,29,6,41,86,219,.451,.522,.380,.690,.559,.547,G,JR
5305,Craig Franklin,761,2004-05,Chicago State,23,17,761,108,219,82,156,26,63,58,83,28,76,104,65,36,6,71,69,300,.493,.526,.413,.699,.580,.553,G,SR
5306,Dion Callans,761,2003-04,Alcorn State,29,28,761,104,229,101,212,3,17,55,85,66,131,197,43,17,4,72,59,266,.454,.476,.176,.647,.494,.461,F,SR
5307,James Davis,761,2003-04,Oregon,30,6,761,112,255,26,46,86,209,9,11,7,34,41,62,20,7,51,47,319,.439,.565,.411,.818,.613,.608,G,SR
5308,James Grimball,761,2006-07,North Florida,28,21,761,106,228,106,228,0,0,98,155,78,138,216,21,11,28,82,93,310,.465,.465,,.632,.514,.465,C,JR
5309,Jason Braxton,761,2004-05,Arizona State,32,32,761,68,134,66,120,2,14,35,54,41,75,116,115,45,5,49,83,173,.507,.550,.143,.648,.542,.515,G,SR
5310,Jeremiah Boswell,761,2003-04,Columbia,27,24,761,50,155,20,63,30,92,24,32,22,54,76,38,29,4,35,61,154,.323,.317,.326,.750,.452,.419,G,JR
5311,Jordan Carter,761,2006-07,George Mason,33,24,761,58,120,35,70,23,50,25,37,15,80,95,74,34,7,41,37,164,.483,.500,.460,.676,.596,.579,G,JR
5312,Kellen Williams,761,2005-06,Eastern Washington,30,24,761,97,192,91,180,6,12,40,49,43,85,128,45,20,8,45,48,240,.505,.506,.500,.816,.557,.521,F,SO
5313,Kevin Houston,761,2004-05,Long Beach State,30,8,761,80,189,75,154,5,35,37,48,10,54,64,98,24,4,100,51,202,.423,.487,.143,.771,.477,.437,G,SO
5314,Kevin Menifee,761,2006-07,Texas A&M–Corpus Christi,33,23,761,74,141,70,124,4,17,54,85,82,103,185,109,31,9,75,84,206,.525,.565,.235,.635,.568,.539,F,SR
5315,Kevin Warzynski,761,2002-03,Charleston Southern,28,23,761,152,319,151,309,1,10,81,93,52,106,158,24,37,18,51,77,386,.476,.489,.100,.871,.531,.478,F,SO
5316,Longar Longar,761,2006-07,Oklahoma,29,22,761,126,228,126,228,0,0,49,86,79,127,206,31,10,41,70,68,301,.553,.553,,.570,.560,.553,C,JR
5317,Marco McCottry,761,2002-03,Columbia,27,27,761,89,229,76,175,13,54,52,92,70,136,206,26,21,5,69,56,243,.389,.434,.241,.565,.446,.417,F,SR
5318,Marshall Brown,761,2005-06,Missouri,28,27,761,98,215,92,177,6,38,68,99,40,95,135,40,19,8,60,66,270,.456,.520,.158,.687,.515,.470,F,SO
5319,Matt Berry,761,2004-05,Texas–Pan American,28,26,761,70,208,39,104,31,104,63,85,24,76,100,65,24,6,72,66,234,.337,.375,.298,.741,.471,.411,G,SR
5320,Michael Bell,761,2003-04,Fairfield,30,24,761,86,199,48,106,38,93,35,47,22,57,79,37,23,0,47,65,245,.432,.453,.409,.745,.553,.528,G,SO
5321,Michael Southall,761,2002-03,Louisiana–Lafayette,27,22,761,133,218,133,218,0,0,82,144,60,143,203,55,30,68,57,90,348,.610,.610,,.569,.608,.610,C,SO
5322,Nate Bowie,761,2006-07,Central Arkansas,30,13,761,103,279,67,154,36,125,83,107,16,58,74,91,35,2,90,64,325,.369,.435,.288,.776,.493,.434,G,JR
5323,Rand Janes,761,2004-05,Southern Utah,28,27,761,88,204,49,100,39,104,29,37,14,55,69,73,35,8,38,54,244,.431,.490,.375,.784,.551,.527,F,JR
5324,Rashad Anderson,761,2005-06,Connecticut,34,0,761,155,355,67,139,88,216,38,53,25,71,96,24,26,11,34,47,436,.437,.482,.407,.717,.573,.561,G,SR
5325,Taquan Dean,761,2003-04,Louisville,28,27,761,97,245,26,68,71,177,38,45,12,89,101,54,16,2,53,68,303,.396,.382,.401,.844,.569,.541,G,SO
5326,Alioune Beye,760,2005-06,Montana State,30,29,760,138,226,138,226,0,0,73,119,73,105,178,23,12,62,43,91,349,.611,.611,,.613,.618,.611,C,SR
5327,Andy Wicke,760,2005-06,Belmont,31,2,760,90,209,27,49,63,160,19,26,10,59,69,70,30,1,58,81,262,.431,.551,.394,.731,.592,.581,G,FR
5328,Bobby Jones Jr,760,2003-04,Washington,31,25,760,130,228,129,220,1,8,87,131,60,93,153,25,37,17,34,117,348,.570,.586,.125,.664,.600,.572,F,SO
5329,Brandon Jenkins,760,2004-05,Louisville,38,7,760,65,136,37,68,28,68,38,55,13,72,85,55,40,1,44,64,196,.478,.544,.412,.691,.604,.581,G,SO
5330,Brian Polk,760,2002-03,Temple,28,12,760,126,301,48,96,78,205,32,49,34,92,126,27,46,4,20,40,362,.419,.500,.380,.653,.558,.548,G,JR
5331,Chris Shumate,760,2002-03,Murray State,27,26,760,139,299,101,187,38,112,39,53,41,78,119,79,37,9,47,63,355,.465,.540,.339,.736,.548,.528,G,JR
5332,Demeco Heath,760,2004-05,South Carolina State,28,18,760,88,198,62,137,26,61,60,87,58,123,181,72,36,10,81,67,262,.444,.453,.426,.690,.547,.510,G,SR
5333,Derek Winans,760,2004-05,Southeast Missouri State,25,17,760,83,194,51,98,32,96,54,68,11,48,59,52,31,7,32,43,252,.428,.520,.333,.794,.557,.510,G,SR
5334,Jamaal Scott,760,2004-05,Richmond,29,24,760,108,203,105,191,3,12,70,102,55,84,139,58,32,13,65,100,289,.532,.550,.250,.686,.575,.539,G,SR
5335,Jared Reiner,760,2002-03,Iowa,28,26,760,92,170,92,170,0,0,87,117,74,157,231,38,19,34,67,70,271,.541,.541,,.744,.601,.541,C,JR
5336,Jared Woodley,760,2004-05,Hampton,30,27,760,28,79,20,55,8,24,32,43,18,45,63,81,30,1,72,65,96,.354,.364,.333,.744,.483,.405,G,SR
5337,Jerimie Collier,760,2003-04,Southern,28,23,760,117,299,87,178,30,121,47,81,36,67,103,45,28,9,65,51,311,.391,.489,.248,.580,.461,.441,G,JR
5338,Jerrel Green,760,2006-07,Morgan State,28,17,760,27,85,22,59,5,26,40,76,11,33,44,129,24,0,88,79,99,.318,.373,.192,.526,.409,.347,G,JR
5339,Joe Crawford,760,2005-06,Kentucky,32,22,760,111,270,64,140,47,130,56,78,48,76,124,35,11,10,31,61,325,.411,.457,.362,.718,.529,.498,G,SO
5340,Jon Ziri,760,2005-06,Loyola Marymount,30,27,760,65,179,37,97,28,82,17,42,38,90,128,72,47,5,59,74,175,.363,.381,.341,.405,.440,.441,G,SO
5341,Nate Lufkin,760,2004-05,Holy Cross,29,29,760,75,168,75,164,0,4,56,89,64,78,142,35,20,51,46,74,206,.446,.457,.000,.629,.490,.446,C,SR
5342,Nathan Cranford,760,2005-06,Appalachian State,24,22,760,71,189,12,21,59,168,28,34,15,61,76,44,9,3,22,42,229,.376,.571,.351,.824,.558,.532,G,JR
5343,Sidney Ball,760,2003-04,UAB,32,32,760,84,181,56,98,28,83,40,52,61,109,170,55,43,23,34,86,236,.464,.571,.337,.769,.574,.541,G,SR
5344,Sredrick Powe,760,2005-06,Birmingham–Southern,28,28,760,111,159,111,159,0,0,73,108,67,105,172,47,22,8,54,83,295,.698,.698,,.676,.701,.698,F,SR
5345,Steve Geary,760,2002-03,Cal Poly,30,20,760,73,191,44,86,29,105,66,79,11,48,59,54,27,1,63,51,241,.382,.512,.276,.835,.527,.458,G,SR
5346,Tim Spitler,760,2006-07,Saint Peter's,30,30,760,48,120,41,89,7,31,33,53,48,76,124,35,47,2,70,84,136,.400,.461,.226,.623,.468,.429,G,JR
5347,Brandon Johnson,759,2005-06,San Diego,30,5,759,90,197,74,154,16,43,83,128,24,62,86,122,34,0,80,81,279,.457,.481,.372,.648,.541,.497,G,FR
5348,Brian Collins,759,2002-03,Belmont,29,20,759,85,206,66,147,19,59,60,102,33,59,92,95,31,11,79,67,249,.413,.449,.322,.588,.489,.459,G,FR
5349,Charles Dotson,759,2005-06,Texas State San Marcos,27,20,759,130,250,130,249,0,1,59,101,78,83,161,37,18,21,74,79,319,.520,.522,.000,.584,.535,.520,F,JR
5350,Courtney Captain,759,2005-06,East Carolina,28,18,759,73,232,25,84,48,148,54,68,16,58,74,57,28,0,71,45,248,.315,.298,.324,.794,.469,.418,G,JR
5351,Everett Spencer,759,2004-05,Wright State,30,30,759,70,160,59,116,11,44,13,32,35,97,132,46,21,10,71,46,164,.438,.509,.250,.406,.468,.472,G,FR
5352,Jaime Lloreda,759,2003-04,Louisiana State,22,21,759,140,241,140,237,0,4,92,170,97,159,256,31,12,28,74,61,372,.581,.591,.000,.541,.578,.581,F,SR
5353,Josh Almanson,759,2003-04,Bowling Green,31,7,759,85,161,68,131,17,30,62,73,41,107,148,38,9,31,45,95,249,.528,.519,.567,.849,.636,.581,F,JR
5354,Josh Lawrence,759,2004-05,Green Bay,28,28,759,116,238,81,147,35,91,39,56,23,99,122,24,14,10,45,87,306,.487,.551,.385,.696,.578,.561,F,SO
5355,Kevin Martin Jr,759,2002-03,Western Carolina,24,22,759,161,380,111,220,50,160,174,197,23,68,91,43,33,12,74,59,546,.424,.505,.313,.883,.576,.489,G,SO
5356,Matt Kline,759,2005-06,Northern Colorado,29,21,759,60,201,32,94,28,107,35,49,16,35,51,139,16,0,84,69,183,.299,.340,.262,.714,.408,.368,G,JR
5357,Michael Flowers,759,2005-06,Wisconsin,31,2,759,58,140,31,71,27,69,46,60,32,69,101,61,39,5,41,63,189,.414,.437,.391,.767,.561,.511,G,SO
5358,Mike Dean,759,2003-04,Middle Tennessee,23,23,759,112,277,50,135,62,142,86,113,9,86,95,36,27,3,49,47,372,.404,.370,.437,.761,.562,.516,G,JR
5359,Mike Popoko,759,2005-06,Stony Brook,26,19,759,99,248,79,187,20,61,51,92,48,91,139,20,26,16,34,81,269,.399,.422,.328,.554,.461,.440,F,JR
5360,Mitch Rueter,759,2006-07,Central Arkansas,30,27,759,85,177,58,101,27,76,52,67,33,77,110,39,20,4,45,90,249,.480,.574,.355,.776,.596,.556,F,SO
5361,Nathan Peavy,759,2004-05,Miami (OH),30,29,759,72,137,56,99,16,38,49,71,39,79,118,36,11,16,45,80,209,.526,.566,.421,.690,.612,.584,F,SO
5362,Nick Lewis,759,2004-05,San Diego,29,20,759,133,267,109,205,24,62,74,95,42,110,152,40,12,20,65,47,364,.498,.532,.387,.779,.583,.543,F,JR
5363,Omar Williams,759,2005-06,George Washington,30,30,759,81,168,75,145,6,23,80,118,55,105,160,71,19,34,54,76,248,.482,.517,.261,.678,.553,.500,F,SR
5364,Pat Carroll,759,2002-03,Saint Joseph's,30,30,759,115,248,39,79,76,169,38,50,30,74,104,35,19,6,35,64,344,.464,.494,.450,.760,.633,.617,G,SO
5365,Rick Jones,759,2002-03,Murray State,29,18,759,101,258,24,61,77,197,27,34,6,22,28,42,14,0,37,42,306,.391,.393,.391,.794,.558,.541,G,JR
5366,Rodney Carney,759,2002-03,Memphis,30,26,759,102,238,55,108,47,130,43,67,41,103,144,34,23,46,38,61,294,.429,.509,.362,.642,.545,.527,F,FR
5367,Roy Smallwood,759,2003-04,UTEP,32,31,759,93,164,73,120,20,44,55,66,51,111,162,56,31,20,41,99,261,.567,.608,.455,.833,.668,.628,F,SR
5368,Royce Parran,759,2004-05,Chicago State,28,25,759,95,219,71,138,24,81,65,94,16,32,48,75,48,1,47,56,279,.434,.514,.296,.691,.529,.489,G,SO
5369,Russell Lakey,759,2003-04,Vanderbilt,33,13,759,41,107,31,59,10,48,54,75,11,93,104,128,46,8,55,62,146,.383,.525,.208,.720,.512,.430,G,SR
5370,Scottie Rice,759,2005-06,Elon,29,23,759,78,209,40,87,38,122,52,64,23,74,97,111,49,10,65,85,246,.373,.460,.311,.813,.514,.464,G,SR
5371,Sebastian Hermenier,759,2005-06,Binghamton,27,27,759,92,199,83,175,9,24,107,128,75,102,177,25,15,4,39,78,300,.462,.474,.375,.836,.577,.485,F,SR
5372,Tim Begley,759,2002-03,Pennsylvania,28,27,759,65,142,21,40,44,102,19,31,31,99,130,80,24,0,41,49,193,.458,.525,.431,.613,.616,.613,G,SO
5373,Torrell Martin,759,2006-07,Winthrop,27,26,759,148,298,94,152,54,146,41,66,57,97,154,41,30,5,38,48,391,.497,.618,.370,.621,.594,.587,G,SR
5374,Andrew Hayles,758,2005-06,Alabama State,30,26,758,96,245,47,114,49,131,32,40,26,66,92,20,17,4,45,45,273,.392,.412,.374,.800,.517,.492,G,FR
5375,Anthony Williams,758,2006-07,Grambling State,26,26,758,124,326,112,284,12,42,111,159,73,119,192,42,33,25,75,73,371,.380,.394,.286,.698,.462,.399,F,JR
5376,Ben Reed,758,2002-03,Western Michigan,30,29,758,74,217,35,97,39,120,34,60,46,85,131,51,17,2,50,69,221,.341,.361,.325,.567,.450,.431,G,SO
5377,Darryl Roberts,758,2005-06,Coppin State,29,10,758,105,273,69,168,36,105,54,66,11,34,45,72,33,2,61,31,300,.385,.411,.343,.818,.493,.451,G,SO
5378,Errick Craven,758,2003-04,Southern California,27,21,758,107,258,85,168,22,90,63,101,28,54,82,80,62,9,79,91,299,.415,.506,.244,.624,.489,.457,G,JR
5379,Florentino Valencia,758,2005-06,Toledo,31,21,758,145,220,145,220,0,0,81,138,66,70,136,20,23,10,65,77,371,.659,.659,,.587,.650,.659,F,JR
5380,Ian Caskill,758,2002-03,James Madison,30,30,758,138,239,138,238,0,1,72,102,85,129,214,39,16,54,56,85,348,.577,.580,.000,.706,.605,.577,C,SR
5381,Jamal Shuler,758,2006-07,VCU,35,0,758,97,217,45,90,52,127,56,71,15,59,74,30,34,2,31,49,302,.447,.500,.409,.789,.602,.567,G,JR
5382,Kareem Guilbeaux,758,2003-04,San Jose State,29,20,758,49,128,49,127,0,1,16,33,21,53,74,58,19,0,37,60,114,.383,.386,.000,.485,.397,.383,G,JR
5383,Matej Cresnik,758,2003-04,American,31,8,758,74,166,37,85,37,81,56,69,35,75,110,21,15,5,30,77,241,.446,.435,.457,.812,.606,.557,F,JR
5384,Matt Sylvester,758,2005-06,Ohio State,31,27,758,88,221,59,131,29,90,24,34,24,60,84,86,9,7,47,77,229,.398,.450,.322,.706,.483,.464,F,SR
5385,Paul Harris,758,2006-07,Syracuse,35,1,758,94,217,93,197,1,20,113,166,74,174,248,57,28,21,66,68,302,.433,.472,.050,.681,.510,.435,F,FR
5386,Ryan Appleby,758,2005-06,Washington,33,1,758,85,194,15,29,70,165,20,25,5,40,45,62,17,1,51,65,260,.438,.517,.424,.800,.631,.619,G,SO
5387,Von Wafer,758,2004-05,Florida State,29,22,758,124,284,59,120,65,164,49,68,5,68,73,48,30,8,49,33,362,.437,.492,.396,.721,.572,.551,G,SO
5388,Walt Chavis,758,2004-05,Cleveland State,26,21,758,39,131,24,64,15,67,31,39,13,53,66,110,53,1,61,66,124,.298,.375,.224,.795,.415,.355,G,SR
5389,Anthony Bruin,757,2005-06,Iona,31,8,757,92,132,92,132,0,0,38,90,68,85,153,25,22,50,32,87,222,.697,.697,,.422,.635,.697,F,JR
5390,Anthony Maestranzi,757,2005-06,Northern Illinois,28,28,757,63,153,20,45,43,108,47,53,17,48,65,73,28,0,44,52,216,.412,.444,.398,.887,.606,.552,G,SR
5391,Arvydas Eitutavicius,757,2006-07,American,30,1,757,103,269,55,118,48,151,95,105,13,68,81,62,17,0,65,57,349,.383,.466,.318,.905,.547,.472,G,SR
5392,Brett McDade,757,2005-06,Tulsa,28,20,757,82,197,58,133,24,64,96,114,15,64,79,73,29,3,76,68,284,.416,.436,.375,.842,.565,.477,G,SO
5393,Brock Gillespie,757,2004-05,Rice,31,17,757,103,266,53,116,50,150,33,42,9,34,43,49,13,0,36,37,289,.387,.457,.333,.786,.505,.481,G,SR
5394,Carl Landry,757,2004-05,Purdue,25,25,757,160,259,156,241,4,18,132,195,84,94,178,31,21,18,65,76,456,.618,.647,.222,.677,.648,.625,F,JR
5395,Charles Brown,757,2004-05,Loyola Marymount,28,24,757,95,249,57,144,38,105,64,71,17,65,82,91,42,2,68,66,292,.382,.396,.362,.901,.516,.458,G,SR
5396,Chris Williams,757,2003-04,James Madison,28,28,757,61,173,57,151,4,22,33,57,19,51,70,87,23,2,44,65,159,.353,.377,.182,.579,.397,.364,G,SR
5397,Corey Belser,757,2002-03,San Diego,30,24,757,39,96,31,67,8,29,37,59,49,86,135,56,29,19,39,82,123,.406,.463,.276,.627,.496,.448,F,SO
5398,Craig Walls,757,2004-05,New Hampshire,28,19,757,95,167,95,167,0,0,29,43,49,111,160,54,25,27,48,66,219,.569,.569,,.674,.584,.569,F,SR
5399,David Kool,757,2006-07,Western Michigan,29,23,757,96,220,57,127,39,93,99,108,13,73,86,48,34,0,47,45,330,.436,.449,.419,.917,.608,.525,G,FR
5400,Gary Hamilton,757,2005-06,Miami (FL),34,22,757,52,90,51,89,1,1,23,41,80,104,184,32,42,24,34,96,128,.578,.573,1.000,.561,.585,.583,C,SR
5401,Gerald Robinson,757,2006-07,UT Martin,31,15,757,134,317,88,189,46,128,87,138,69,120,189,22,29,10,52,66,401,.423,.466,.359,.630,.524,.495,F,JR
5402,Greg Brunner,757,2002-03,Iowa,31,23,757,91,173,84,141,7,32,45,77,55,107,162,46,23,20,52,78,234,.526,.596,.219,.584,.558,.546,F,FR
5403,Jermaine Smith,757,2004-05,Alabama State,30,29,757,55,154,49,131,6,23,70,114,47,82,129,32,20,5,47,55,186,.357,.374,.261,.614,.447,.377,F,SR
5404,Kingsley Costain,757,2006-07,Pepperdine,31,1,757,119,276,39,85,80,191,39,48,10,40,50,70,41,1,77,59,357,.431,.459,.419,.813,.597,.576,G,JR
5405,Malik Alvin,757,2006-07,UTEP,31,20,757,77,212,48,132,29,80,66,89,22,67,89,137,45,9,98,67,249,.363,.364,.363,.742,.490,.432,G,FR
5406,Mike Jones,757,2005-06,Maryland,32,17,757,116,278,55,131,61,147,44,49,29,80,109,48,25,9,65,63,337,.417,.420,.415,.898,.559,.527,G,JR
5407,Scott Vandermeer,757,2006-07,Illinois–Chicago,32,28,757,68,161,68,161,0,0,28,50,64,116,180,20,16,111,22,95,164,.422,.422,,.560,.444,.422,C,SO
5408,Taurean Mitchell,757,2006-07,Texas A&M–Corpus Christi,33,13,757,82,172,58,112,24,60,67,82,6,65,71,131,53,0,76,70,255,.477,.518,.400,.817,.604,.547,G,SR
5409,Adrian Harper,756,2005-06,Louisiana Monroe,27,27,756,92,237,64,143,28,94,26,37,34,100,134,49,28,3,46,54,238,.388,.448,.298,.703,.467,.447,F,SR
5410,Benito Flores,756,2004-05,Green Bay,28,10,756,149,265,129,210,20,55,57,88,56,125,181,20,48,14,60,82,375,.562,.614,.364,.648,.611,.600,F,JR
5411,Charles Ford,756,2003-04,Hartford,29,14,756,99,235,80,166,19,69,49,77,31,59,90,75,35,2,95,39,266,.421,.482,.275,.636,.490,.462,G,SO
5412,Courtney Sims,756,2005-06,Michigan,33,25,756,143,226,143,226,0,0,74,104,64,125,189,25,9,47,78,78,360,.633,.633,,.712,.654,.633,F,JR
5413,David Monds,756,2006-07,Oklahoma State,34,17,756,88,183,79,154,9,29,42,73,52,118,170,29,9,25,43,78,227,.481,.513,.310,.575,.521,.505,F,SR
5414,Deonte Huff,756,2006-07,Portland State,32,22,756,120,205,106,172,14,33,88,137,73,106,179,56,31,9,70,82,342,.585,.616,.424,.642,.633,.620,G,JR
5415,Jamie Skeen,756,2006-07,Wake Forest,31,24,756,71,164,37,75,34,89,56,81,59,85,144,39,23,15,51,63,232,.433,.493,.382,.691,.573,.537,F,FR
5416,Jeff Graves,756,2002-03,Kansas,38,25,756,87,171,87,171,0,0,53,92,90,167,257,35,48,24,64,117,227,.509,.509,,.576,.529,.509,F,JR
5417,John Tofi,756,2002-03,UTEP,27,24,756,132,270,132,269,0,1,83,121,55,100,155,27,14,23,74,88,347,.489,.491,.000,.686,.530,.489,C,FR
5418,Jon Bentley,756,2003-04,Eastern Kentucky,29,20,756,154,245,154,245,0,0,80,156,61,110,171,32,30,10,56,83,388,.629,.629,,.513,.608,.629,F,SR
5419,Josh Gross,756,2004-05,UNC Greensboro,30,25,756,112,227,83,157,29,70,38,56,51,111,162,17,29,18,56,67,291,.493,.529,.414,.679,.574,.557,F,SR
5420,Judson Wallace,756,2003-04,Princeton,27,27,756,143,283,118,212,25,71,102,139,53,120,173,54,26,18,76,81,413,.505,.557,.352,.734,.592,.549,C,JR
5421,Lee Green,756,2002-03,North Texas,28,28,756,56,159,9,34,47,125,24,27,11,48,59,59,16,0,58,68,183,.352,.265,.376,.889,.533,.500,G,SR
5422,Matej Cresnik,756,2002-03,American,30,25,756,76,195,46,116,30,79,46,57,36,75,111,19,10,4,27,92,228,.390,.397,.380,.807,.513,.467,F,SO
5423,Matt Siebrandt,756,2002-03,Kansas State,29,29,756,132,239,132,239,0,0,55,79,43,97,140,51,9,9,64,77,319,.552,.552,,.696,.577,.552,F,SR
5424,Michael Binns,756,2005-06,Fordham,32,31,756,73,186,56,137,17,49,17,32,56,78,134,18,11,6,27,64,180,.392,.409,.347,.531,.447,.438,F,SO
5425,Paul Williams,756,2005-06,St. Bonaventure,27,27,756,100,191,100,191,0,0,73,140,96,97,193,25,18,28,67,88,273,.524,.524,,.521,.530,.524,C,JR
5426,Tommy Breaux,756,2006-07,Towson,31,22,756,62,101,62,100,0,1,60,88,51,90,141,24,32,66,28,99,184,.614,.620,.000,.682,.644,.614,F,JR
5427,Wilson Chandler,756,2005-06,DePaul,25,20,756,105,241,97,203,8,38,46,69,48,133,181,24,19,39,51,77,264,.436,.478,.211,.667,.482,.452,F,FR
5428,Andre Patterson,755,2005-06,Tennessee,30,16,755,114,238,113,231,1,7,54,84,74,127,201,49,37,34,61,91,283,.479,.489,.143,.643,.509,.481,F,SR
5429,Cedric Jackson,755,2005-06,Troy,29,29,755,134,297,88,177,46,120,73,90,55,89,144,42,19,16,69,49,387,.451,.497,.383,.811,.570,.529,F,JR
5430,Corey Claitt,755,2006-07,Jacksonville,29,29,755,89,222,70,149,19,73,41,54,40,78,118,32,38,5,77,63,238,.401,.470,.260,.759,.481,.444,G,FR
5431,Cory Sims,755,2005-06,Northern Illinois,28,25,755,93,220,75,173,18,47,60,81,34,69,103,127,38,0,81,57,264,.423,.434,.383,.741,.511,.464,G,SR
5432,Danny Horace,755,2002-03,Miami (OH),26,25,755,104,259,85,189,19,70,72,95,48,111,159,22,16,12,41,58,299,.402,.450,.271,.758,.492,.438,F,SO
5433,Deke Thompson,755,2005-06,Missouri State,30,30,755,109,243,78,159,31,84,39,49,20,54,74,82,29,9,45,64,288,.449,.491,.369,.796,.541,.512,G,SR
5434,Edwin Draughan,755,2002-03,Yale,27,27,755,106,253,71,164,35,89,61,86,21,84,105,68,32,12,63,40,308,.419,.433,.393,.709,.524,.488,G,SO
5435,Isma'Il Muhammad,755,2003-04,Georgia Tech,38,6,755,146,256,146,252,0,4,62,129,65,113,178,54,44,13,72,92,354,.570,.579,.000,.481,.558,.570,F,JR
5436,James Mathis,755,2005-06,Niagara,29,29,755,118,198,116,187,2,11,93,142,84,104,188,25,29,13,55,111,331,.596,.620,.182,.655,.623,.601,F,SR
5437,Jean-Felix Moupegnou,755,2005-06,Alabama,30,8,755,83,232,27,55,56,177,42,69,,,102,29,33,2,40,49,264,.358,.491,.316,.609,.499,.478,F,SR
5438,Jese Snyder,755,2003-04,Belmont,28,22,755,65,155,13,27,52,128,15,23,12,48,60,38,30,8,36,77,197,.419,.481,.406,.652,.594,.587,G,JR
5439,Marcus Cooke,755,2003-04,Winthrop,27,25,755,119,260,93,186,26,74,52,76,36,66,102,30,41,0,50,73,316,.458,.500,.351,.684,.534,.508,F,SR
5440,Marcus Slaughter,755,2003-04,San Diego State,30,18,755,87,184,79,160,8,24,55,76,84,120,204,22,34,17,36,67,237,.473,.494,.333,.724,.538,.495,F,FR
5441,Mark Linebaugh,755,2002-03,Colgate,26,19,755,118,277,73,161,45,116,60,75,19,79,98,61,34,4,48,58,341,.426,.453,.388,.800,.545,.507,G,JR
5442,Matt Nelson,755,2004-05,Colorado State,27,19,755,153,253,153,253,0,0,121,154,31,128,159,35,8,34,70,59,427,.605,.605,,.786,.655,.605,C,SR
5443,Michael Harper,755,2003-04,Florida A&M,32,24,755,124,249,114,215,10,34,50,69,42,113,155,20,14,19,54,102,308,.498,.530,.294,.725,.547,.518,C,JR
5444,Nate Miller,755,2006-07,Bowling Green,23,21,755,123,241,118,218,5,23,73,136,46,131,177,58,45,7,40,57,324,.510,.541,.217,.537,.530,.521,F,SO
5445,Nick Delfico,755,2002-03,Fairfield,31,20,755,96,227,76,156,20,71,64,84,37,92,129,36,18,2,59,54,276,.423,.487,.282,.762,.517,.467,F,SR
5446,Nucleus Smith,755,2003-04,TCU,29,29,755,68,160,54,117,14,43,99,119,31,78,109,57,23,0,45,59,249,.425,.462,.326,.832,.575,.469,G,SR
5447,Pape Badiane,755,2002-03,Cleveland State,30,18,755,72,135,72,135,0,0,50,75,47,111,158,24,20,57,46,87,194,.533,.533,,.667,.568,.533,C,JR
5448,P.J. Owsley,755,2006-07,Hawaii,31,23,755,78,184,78,184,0,0,30,46,34,90,124,40,12,23,44,83,186,.424,.424,,.652,.452,.424,F,JR
5449,Rocky Coleman,755,2005-06,Towson,27,18,755,56,146,41,98,15,48,38,67,25,68,93,103,26,4,77,62,165,.384,.418,.313,.567,.464,.435,G,FR
5450,Winston Blake,755,2002-03,Northwestern,28,13,755,66,198,35,69,31,129,41,60,30,78,108,55,20,3,51,59,204,.333,.507,.240,.683,.450,.412,F,SR
5451,Alex Harris,754,2004-05,UC Santa Barbara,29,24,754,65,176,44,112,21,64,65,85,22,63,85,51,27,5,60,44,216,.369,.393,.328,.765,.499,.429,G,FR
5452,Arnaud Dahi,754,2005-06,Old Dominion,34,28,754,138,291,115,230,23,61,107,137,76,88,164,21,32,34,54,77,406,.474,.500,.377,.781,.570,.514,F,JR
5453,Brandon Cotton,754,2004-05,Detroit Mercy,22,21,754,154,336,132,264,22,72,84,120,9,37,46,43,15,5,43,35,414,.458,.500,.306,.700,.527,.491,G,SO
5454,Brandon Robinson,754,2003-04,Auburn,28,21,754,118,236,109,198,9,38,90,136,76,112,188,50,62,19,54,61,335,.500,.551,.237,.662,.557,.519,G,JR
5455,Chris Wehye,754,2005-06,Quinnipiac,28,23,754,106,243,83,165,23,78,40,56,51,112,163,37,26,11,61,76,275,.436,.503,.295,.714,.510,.484,F,JR
5456,Damarcus Hence,754,2002-03,Southeast Missouri State,30,17,754,124,300,102,230,22,70,46,57,45,76,121,27,14,20,48,65,316,.413,.443,.314,.807,.483,.450,G,JR
5457,Denham Brown,754,2005-06,Connecticut,32,20,754,117,290,87,198,30,92,79,91,42,99,141,44,25,12,53,53,343,.403,.439,.326,.868,.515,.455,F,SR
5458,Donald Brown,754,2006-07,Bucknell,24,21,754,112,199,112,199,0,0,65,96,42,120,162,57,39,12,64,67,289,.563,.563,,.677,.591,.563,F,SR
5459,Greg Dilligard,754,2004-05,Illinois State,30,30,754,85,145,85,145,0,0,24,76,57,79,136,26,33,38,32,81,194,.586,.586,,.316,.536,.586,F,SO
5460,Jaron Taylor,754,2004-05,Wright State,30,8,754,39,97,14,26,25,71,18,27,13,63,76,74,25,1,42,54,121,.402,.538,.352,.667,.551,.531,G,JR
5461,Kenny Williams,754,2006-07,Ole Miss,34,22,754,107,195,107,195,0,0,27,48,83,111,194,28,31,38,44,107,241,.549,.549,,.563,.553,.549,F,JR
5462,Lamar Johnson,754,2006-07,Rider,31,14,754,68,189,16,38,52,151,15,16,6,49,55,39,28,2,37,43,203,.360,.421,.344,.938,.516,.497,G,SO
5463,Lonnie Randolph,754,2004-05,Drake,29,21,754,87,239,64,165,23,74,102,125,25,54,79,88,58,1,79,40,299,.364,.388,.311,.816,.501,.412,G,SR
5464,Ricky Wright,754,2002-03,Villanova,28,28,754,119,229,118,228,1,1,110,146,86,132,218,22,15,15,73,87,349,.520,.518,1.000,.753,.585,.522,F,SR
5465,Terry Conerway,754,2002-03,Southwest Texas State,28,25,754,133,272,65,104,68,168,96,118,64,96,160,65,64,13,42,85,430,.489,.625,.405,.814,.655,.614,G,JR
5466,Tim Blue,754,2006-07,Middle Tennessee,32,16,754,116,237,113,219,3,18,44,63,53,113,166,26,11,26,67,67,279,.489,.516,.167,.698,.523,.496,F,SR
5467,Tony Brown,754,2002-03,Arkansas State,28,28,754,91,202,67,147,24,55,55,65,38,58,96,41,23,2,43,75,261,.450,.456,.436,.846,.560,.510,G,SR
5468,Andre Bynum,753,2005-06,Radford,22,21,753,61,128,34,68,27,60,34,38,8,55,63,85,31,7,46,70,183,.477,.500,.450,.895,.626,.582,G,SR
5469,Chris Kellermann,753,2005-06,Central Michigan,28,28,753,89,219,49,90,40,129,28,48,42,101,143,32,27,8,81,87,246,.406,.544,.310,.583,.509,.498,F,FR
5470,Colin Lien,753,2006-07,Texas–Pan American,29,28,753,122,204,121,199,1,5,104,151,48,135,183,35,8,13,51,72,349,.598,.608,.200,.689,.633,.600,C,SR
5471,Corey Dean,753,2005-06,Louisiana Tech,33,21,753,95,258,81,212,14,46,49,65,31,64,95,60,29,6,66,57,253,.368,.382,.304,.754,.438,.395,G,SR
5472,Corey Lamkin,753,2004-05,Texas A&M–Corpus Christi,28,25,753,134,221,133,219,1,2,96,129,79,139,218,30,30,23,52,71,365,.606,.607,.500,.744,.647,.609,F,SR
5473,De'Angelo Alexander,753,2003-04,Oklahoma,31,19,753,98,223,58,116,40,107,61,86,67,83,150,41,22,10,37,84,297,.439,.500,.374,.709,.563,.529,G,SO
5474,Donovan Morris,753,2004-05,Fresno State,29,24,753,111,246,49,100,62,146,55,69,19,80,99,41,18,7,39,32,339,.451,.490,.425,.797,.608,.577,G,FR
5475,Ekene Ibekwe,753,2005-06,Maryland,32,30,753,130,257,127,250,3,7,91,146,68,144,212,30,25,43,69,99,354,.506,.508,.429,.623,.542,.512,F,JR
5476,Jesse Pellot-Rosa,753,2004-05,VCU,32,20,753,73,172,53,106,20,66,46,70,59,90,149,35,32,20,36,61,212,.424,.500,.303,.657,.516,.483,G,SO
5477,Joey Harrell,753,2006-07,UNC Asheville,31,27,753,69,172,56,131,13,41,50,64,51,102,153,28,15,9,51,63,201,.401,.427,.317,.781,.497,.439,G,SR
5478,Josh Dotzler,753,2005-06,Creighton,23,20,753,51,123,34,80,17,43,28,43,4,43,47,97,52,2,59,48,147,.415,.425,.395,.651,.512,.484,G,FR
5479,Kyle Swanston,753,2006-07,James Madison,30,27,753,69,169,34,69,35,100,22,33,28,51,79,36,17,5,34,62,195,.408,.493,.350,.667,.528,.512,F,SO
5480,Marco Killingsworth,753,2003-04,Auburn,27,25,753,145,247,141,237,4,10,77,120,86,101,187,28,21,16,68,74,371,.587,.595,.400,.642,.610,.595,F,JR
5481,Marko Mihailovic,753,2004-05,Pacific,31,30,753,54,141,21,50,33,91,38,60,15,53,68,61,23,1,42,64,179,.383,.420,.363,.633,.528,.500,G,SR
5482,Mike Christensen,753,2004-05,New Hampshire,28,27,753,78,205,52,117,26,88,71,105,34,106,140,62,28,1,71,63,253,.380,.444,.295,.676,.496,.444,F,FR
5483,Moraye Ivy,753,2006-07,Tennessee State,32,16,753,71,218,48,127,23,91,50,75,32,71,103,41,36,5,48,97,215,.326,.378,.253,.667,.424,.378,F,JR
5484,Nate Carson,753,2002-03,Appalachian State,29,29,753,103,220,88,154,15,66,54,78,63,112,175,62,36,27,63,90,275,.468,.571,.227,.692,.535,.502,F,SR
5485,Rodney Carney,753,2003-04,Memphis,28,18,753,126,325,64,158,62,167,50,73,42,117,159,30,23,32,44,56,364,.388,.405,.371,.685,.506,.483,F,SO
5486,Tyronn Mitchell,753,2002-03,Northwestern State,27,26,753,62,185,42,113,20,72,43,68,36,68,104,89,70,2,73,67,187,.335,.372,.278,.632,.430,.389,G,FR
5487,Alex Harris,752,2005-06,UC Santa Barbara,29,17,752,71,190,43,101,28,89,72,97,26,75,101,59,19,0,56,54,242,.374,.426,.315,.742,.513,.447,G,SO
5488,Jason Wilkins,752,2004-05,Nicholls State,27,27,752,87,254,21,51,66,203,41,49,40,97,137,37,15,13,42,78,281,.343,.412,.325,.837,.507,.472,F,SR
5489,Matt Webster,752,2005-06,Evansville,28,26,752,118,255,110,209,8,46,154,204,54,126,180,47,15,4,93,85,398,.463,.526,.174,.755,.566,.478,F,JR
5490,Omar Williams,752,2003-04,George Washington,30,28,752,77,150,76,148,1,2,77,116,42,115,157,60,20,24,65,67,232,.513,.514,.500,.664,.566,.517,F,SO
5491,Thomas Bailey,752,2004-05,Texas A&M–Corpus Christi,28,11,752,136,255,104,189,32,66,45,52,49,89,138,37,16,49,41,33,349,.533,.550,.485,.865,.624,.596,F,SR
5492,Titus Byrd,752,2004-05,High Point,31,23,752,57,172,28,74,29,98,35,51,19,32,51,102,19,1,71,53,178,.331,.378,.296,.686,.454,.416,G,JR
5493,T.J. Gray,752,2006-07,Illinois–Chicago,31,9,752,110,272,20,58,90,214,34,38,13,42,55,58,24,0,33,52,344,.404,.345,.421,.895,.593,.570,G,JR
5494,Vernon Hamilton,752,2003-04,Clemson,28,17,752,72,187,55,136,17,51,44,84,19,85,104,91,50,0,87,61,205,.385,.404,.333,.524,.452,.430,G,FR
5495,Allen Holcomb,751,2002-03,Texas–Pan American,30,30,751,134,261,134,260,0,1,57,137,83,143,226,20,22,7,59,104,325,.513,.515,.000,.416,.498,.513,F,JR
5496,Brandon Freeman,751,2003-04,Little Rock,29,23,751,126,306,63,141,63,165,76,92,21,64,85,37,25,0,50,46,391,.412,.447,.382,.826,.559,.515,G,JR
5497,Bryan Hopkins,751,2005-06,SMU,22,22,751,101,265,49,115,52,150,64,79,15,79,94,77,52,6,72,54,318,.381,.426,.347,.810,.526,.479,G,SR
5498,Courtney Sims,751,2003-04,Michigan,34,34,751,105,192,104,184,1,8,52,90,63,98,161,18,12,68,51,72,263,.547,.565,.125,.578,.560,.549,F,FR
5499,Damon Huffman,751,2004-05,Brown,26,16,751,74,177,30,71,44,106,27,32,15,51,66,51,34,1,34,47,219,.418,.423,.415,.844,.570,.542,G,FR
5500,Derek Stribling,751,2005-06,Tennessee Tech,31,30,751,98,229,83,175,15,54,44,59,37,101,138,48,29,6,57,68,255,.428,.474,.278,.746,.496,.461,F,SR
5501,Erik Crawford,751,2005-06,Northern Iowa,25,19,751,79,196,49,102,30,94,51,63,27,82,109,57,14,3,48,40,239,.403,.480,.319,.810,.529,.480,G,SR
5502,Ian O'Leary,751,2006-07,St. Mary's (CA),32,19,751,77,204,55,117,22,87,60,88,63,89,152,31,20,4,32,71,236,.377,.470,.253,.682,.480,.431,F,SO
5503,James Collins,751,2005-06,Birmingham–Southern,27,27,751,114,235,44,84,70,151,52,77,19,49,68,33,32,4,39,57,350,.485,.524,.464,.675,.644,.634,G,SR
5504,Jared Jordan,751,2003-04,Marist,28,20,751,65,153,55,125,10,28,49,67,33,74,107,111,29,2,51,49,189,.425,.440,.357,.731,.511,.458,G,FR
5505,Jarvis Hill,751,2006-07,Southern Mississippi,31,9,751,79,237,40,124,39,113,44,72,12,57,69,36,21,1,64,77,241,.333,.323,.345,.611,.444,.416,G,FR
5506,Jason Vegotsky,751,2006-07,Bucknell,31,24,751,69,179,13,33,56,146,35,44,17,56,73,32,17,1,31,42,229,.385,.394,.384,.795,.573,.542,G,SO
5507,Jeff Halbert,751,2004-05,Ohio,32,2,751,66,170,14,38,52,132,29,37,15,84,99,30,17,3,15,33,213,.388,.368,.394,.784,.568,.541,F,JR
5508,Jesse Mackinson,751,2002-03,Eastern Illinois,29,29,751,115,234,114,231,1,3,53,68,56,90,146,27,12,14,31,82,284,.491,.494,.333,.779,.533,.494,C,JR
5509,Jodie Meeks,751,2006-07,Kentucky,34,1,751,95,227,51,106,44,121,61,68,29,67,96,51,32,2,40,44,295,.419,.481,.364,.897,.569,.515,G,FR
5510,Matt Dlouhy,751,2005-06,Montana,31,18,751,79,199,45,111,34,88,38,52,33,83,116,63,19,27,32,65,230,.397,.405,.386,.731,.514,.482,F,JR
5511,Nesho Milosevic,751,2006-07,NJIT,29,17,751,98,215,96,190,2,25,42,77,50,152,202,22,12,26,81,91,240,.456,.505,.080,.545,.477,.460,C,SO
5512,Rickey Willis,751,2003-04,Western Michigan,31,31,751,33,105,23,58,10,47,17,30,5,35,40,75,27,0,54,29,93,.314,.397,.213,.567,.390,.362,G,JR
5513,Ryan Butt,751,2002-03,Boston University,31,30,751,94,191,83,155,11,36,47,62,46,106,152,43,23,15,36,96,246,.492,.535,.306,.758,.558,.521,F,JR
5514,Sean Regan,751,2003-04,Hartford,29,23,751,24,56,24,55,0,1,26,41,68,113,181,14,12,12,38,108,74,.429,.436,.000,.634,.490,.429,G,JR
5515,Serge Angounou,751,2006-07,Arizona State,30,18,751,72,181,34,76,38,105,22,34,75,115,190,30,28,12,49,74,204,.398,.447,.362,.647,.517,.503,F,SR
5516,Stephan Gilling,751,2006-07,Colorado State,30,14,751,95,224,25,63,70,161,8,18,7,34,41,33,19,1,31,63,268,.424,.397,.435,.444,.576,.580,G,SO
5517,Aaron Wade,750,2006-07,Sam Houston State,31,26,750,127,265,71,138,56,127,65,95,41,96,137,22,17,20,44,76,375,.479,.514,.441,.684,.605,.585,F,SR
5518,Anthony Wilson,750,2005-06,Jacksonville State,29,27,750,66,158,32,72,34,86,43,57,47,66,113,38,40,5,55,64,209,.418,.444,.395,.754,.565,.525,G,SR
5519,Ben Rhoda,750,2004-05,East Tennessee State,26,24,750,107,205,96,176,11,29,55,75,47,76,123,33,40,4,36,50,280,.522,.545,.379,.733,.582,.549,G,JR
5520,Brian Macon,750,2006-07,Boston University,28,26,750,39,97,22,48,17,49,35,46,20,39,59,68,20,2,35,54,130,.402,.458,.347,.761,.547,.490,G,SR
5521,Chad Hartman,750,2003-04,Lipscomb,28,27,750,106,188,105,182,1,6,50,91,61,99,160,31,17,24,38,59,263,.564,.577,.167,.549,.569,.566,F,SR
5522,David Haywood,750,2003-04,Southern Mississippi,28,12,750,58,153,18,57,40,96,30,42,11,49,60,30,14,3,30,65,186,.379,.316,.417,.714,.538,.510,F,JR
5523,Gaston Essengue,750,2006-07,UNLV,37,31,750,113,214,113,214,0,0,54,71,85,100,185,14,27,50,36,109,280,.528,.528,,.761,.565,.528,F,SR
5524,Justin Allen,750,2005-06,Southern Utah,30,11,750,95,217,83,181,12,36,72,109,23,53,76,58,30,4,60,61,274,.438,.459,.333,.661,.510,.465,G,JR
5525,Kevin Netter,750,2003-04,Bowling Green,31,29,750,153,284,153,282,0,2,82,120,61,74,135,28,16,40,49,119,388,.539,.543,.000,.683,.569,.539,C,SR
5526,Lamar Hurd,750,2004-05,Oregon State,29,27,750,31,85,28,74,3,11,14,36,18,76,94,87,33,3,48,56,79,.365,.378,.273,.389,.387,.382,G,JR
5527,Nick Booker,750,2003-04,Davidson,29,22,750,60,134,56,113,4,21,29,60,32,95,127,67,36,19,63,59,153,.448,.496,.190,.483,.471,.463,G,JR
5528,Paris London,750,2002-03,Arkansas State,28,25,750,102,220,82,180,20,40,92,125,44,78,122,28,19,10,44,96,316,.464,.456,.500,.736,.566,.509,C,SR
5529,Pierre Thomas,750,2005-06,Utah Valley State,28,25,750,64,154,56,123,8,31,25,51,32,70,102,50,28,2,42,60,161,.416,.455,.258,.490,.452,.442,G,SO
5530,Reyshawn Terry,750,2005-06,North Carolina,31,30,750,145,306,100,188,45,118,108,135,60,132,192,42,30,27,82,93,443,.474,.532,.381,.800,.598,.547,F,JR
5531,Robert Mitchell,750,2006-07,Duquesne,28,18,750,172,381,128,271,44,110,70,96,64,87,151,40,22,18,51,68,458,.451,.472,.400,.729,.537,.509,F,FR
5532,Rory O'Neil,750,2002-03,Southern California,29,25,750,121,273,106,232,15,41,36,50,55,87,142,23,17,38,33,91,293,.443,.457,.366,.720,.494,.471,C,SO
5533,Roshaun Bowens,750,2002-03,Tennessee State,27,22,750,138,304,136,298,2,6,139,192,67,113,180,41,27,9,94,85,417,.454,.456,.333,.724,.528,.457,F,SO
5534,Ryan Butler,750,2006-07,Richmond,30,21,750,73,173,31,54,42,119,19,27,9,68,77,53,18,6,62,78,207,.422,.574,.353,.704,.557,.543,G,FR
5535,Stan Gaines,750,2006-07,Seton Hall,29,26,750,62,144,54,126,8,18,49,64,43,89,132,16,19,23,33,102,181,.431,.429,.444,.766,.519,.458,F,SR
5536,Stanley Jackson,750,2003-04,College of Charleston,29,26,750,115,245,95,185,20,60,38,72,48,67,115,51,33,10,56,45,288,.469,.514,.333,.528,.516,.510,G,JR
5537,Tuukka Kotti,750,2002-03,Providence,32,22,750,89,199,71,145,18,54,51,72,38,76,114,50,23,18,55,83,247,.447,.490,.333,.708,.530,.492,F,SO
5538,Zach Morley,750,2004-05,Wisconsin,33,17,750,84,178,56,122,28,56,47,72,29,127,156,58,27,5,53,70,243,.472,.459,.500,.653,.573,.551,F,SR
5539,Aaron Coombs,749,2004-05,UNC Wilmington,29,27,749,100,195,100,195,0,0,53,77,57,83,140,20,17,7,38,72,253,.513,.513,,.688,.546,.513,C,SR
5540,Alvin Reed,749,2005-06,Colgate,27,24,749,98,284,57,141,41,143,32,50,18,42,60,82,19,1,89,54,269,.345,.404,.287,.640,.437,.417,G,SR
5541,Brandon Thomas,749,2003-04,LIU Brooklyn,26,18,749,124,243,113,203,11,40,61,105,31,66,97,55,21,20,77,33,320,.510,.557,.275,.581,.546,.533,G,SO
5542,Chris Hobbs,749,2003-04,Clemson,28,24,749,88,177,88,177,0,0,40,73,70,82,152,26,15,19,51,81,216,.497,.497,,.548,.510,.497,F,SR
5543,Dan Geriot,749,2006-07,Richmond,30,21,749,139,276,116,216,23,60,55,80,18,75,93,42,17,12,62,107,356,.504,.537,.383,.688,.567,.545,C,FR
5544,Darren Collison,749,2005-06,UCLA,39,2,749,78,194,59,136,19,58,40,51,16,55,71,88,35,2,77,54,215,.402,.434,.328,.784,.493,.451,G,FR
5545,Devonne Giles,749,2003-04,Texas Tech,34,25,749,109,238,109,238,0,0,86,107,59,112,171,29,26,51,57,94,304,.458,.458,,.804,.526,.458,F,JR
5546,Juma Kamara,749,2005-06,Portland State,28,27,749,116,235,68,144,48,91,40,54,33,74,107,32,12,8,57,89,320,.494,.472,.527,.741,.614,.596,F,JR
5547,Kiel Butler,749,2003-04,Mount St. Mary's,29,29,749,110,269,83,177,27,92,74,106,50,72,122,25,16,8,61,94,321,.409,.469,.293,.698,.503,.459,F,SO
5548,Malcolm Manier,749,2004-05,Georgia State,29,20,749,113,290,69,158,44,132,45,60,27,48,75,53,31,4,56,43,315,.390,.437,.333,.750,.495,.466,G,JR
5549,Marques Alston,749,2004-05,Monmouth,29,22,749,89,162,76,132,13,30,50,64,32,119,151,53,27,6,66,54,241,.549,.576,.433,.781,.626,.590,F,SO
5550,Oscar Thompson,749,2004-05,Prairie View A&M,28,21,749,117,314,67,160,50,154,47,65,14,48,62,14,18,0,45,50,331,.373,.419,.325,.723,.480,.452,G,JR
5551,Rubeen Perry,749,2002-03,Chicago State,30,20,749,112,236,106,223,6,13,54,81,55,93,148,15,15,13,32,68,284,.475,.475,.462,.667,.517,.487,F,JR
5552,T.J. Meerman,749,2003-04,Central Michigan,30,22,749,54,124,29,56,25,68,25,33,5,50,55,85,24,4,38,70,158,.435,.518,.368,.758,.566,.536,G,SR
5553,Tyrese Rice,749,2005-06,Boston College,36,0,749,101,234,38,73,63,161,68,88,10,39,49,91,26,5,77,36,333,.432,.521,.391,.773,.604,.566,G,FR
5554,Walter Hodge,749,2005-06,Florida,39,8,749,53,137,25,61,28,76,16,24,11,30,41,47,39,1,49,61,150,.387,.410,.368,.667,.505,.489,G,FR
5555,Andrew Feeley,748,2004-05,UMBC,29,29,748,113,246,113,244,0,2,52,84,71,138,209,33,16,33,67,84,278,.459,.463,.000,.619,.486,.459,C,SR
5556,Brian Butch,748,2005-06,Wisconsin,31,30,748,119,241,97,172,22,69,46,70,63,122,185,42,23,24,40,75,306,.494,.564,.319,.657,.558,.539,F,SO
5557,Carlton Aaron,748,2002-03,Kansas City,29,27,748,115,225,115,225,0,0,54,113,107,115,222,9,17,15,44,88,284,.511,.511,,.478,.510,.511,C,SO
5558,Charlie White,748,2004-05,Jackson State,29,20,748,89,213,83,177,6,36,66,98,29,74,103,84,66,8,72,87,250,.418,.469,.167,.673,.482,.432,G,FR
5559,C.J. Vick,748,2002-03,Quinnipiac,29,26,748,102,191,102,191,0,0,53,81,56,98,154,55,25,43,55,80,257,.534,.534,,.654,.560,.534,F,SO
5560,Corey McIntosh,748,2006-07,Iowa State,31,29,748,37,104,27,74,10,30,53,67,7,48,55,78,20,1,63,59,137,.356,.365,.333,.791,.504,.404,G,JR
5561,Dan Ross,748,2005-06,Radford,29,23,748,77,210,15,28,62,182,14,20,31,87,118,19,22,11,41,92,230,.367,.536,.341,.700,.524,.514,G,JR
5562,Daryl Mason,748,2004-05,Louisiana Monroe,27,23,748,92,207,87,187,5,20,38,72,38,58,96,44,20,13,59,75,227,.444,.465,.250,.528,.471,.457,F,JR
5563,Dequan Twilley,748,2006-07,East Tennessee State,28,5,748,52,142,30,78,22,64,37,53,12,48,60,112,27,0,75,62,163,.366,.385,.344,.698,.488,.444,G,FR
5564,Eldridge Lewis,748,2003-04,McNeese State,27,26,748,75,206,52,128,23,78,66,97,13,57,70,116,39,3,90,71,239,.364,.406,.295,.680,.474,.420,G,SR
5565,Eric Parham,748,2002-03,Middle Tennessee,30,20,748,60,150,47,108,13,42,39,48,7,63,70,113,28,1,85,55,172,.400,.435,.310,.813,.498,.443,G,SR
5566,Josh Naylor,748,2003-04,Texas State San Marcos,28,22,748,99,225,37,76,62,149,56,60,14,52,66,79,20,1,49,53,316,.440,.487,.416,.933,.623,.578,G,JR
5567,Kenny Taylor,748,2002-03,Baylor,28,28,748,111,274,24,51,87,223,22,30,13,46,59,43,40,3,35,46,331,.405,.471,.390,.733,.574,.564,G,SO
5568,Major Wingate,748,2005-06,Tennessee,30,29,748,125,225,124,220,1,5,66,106,56,65,121,31,13,32,70,77,317,.556,.564,.200,.623,.576,.558,C,JR
5569,Martin Smith,748,2004-05,California,29,17,748,63,169,53,140,10,29,27,47,13,53,66,113,19,2,58,71,163,.373,.379,.345,.574,.426,.402,G,JR
5570,Michael Drum,748,2005-06,Wake Forest,34,14,748,56,138,28,61,28,77,47,59,12,36,48,63,20,1,48,72,187,.406,.459,.364,.797,.563,.507,F,JR
5571,Mychal Kearse,748,2005-06,Mount St. Mary's,28,28,748,91,223,82,186,9,37,105,136,72,145,217,46,46,13,69,90,296,.408,.441,.243,.772,.515,.428,G,JR
5572,Trayvean Scott,748,2003-04,Southern,28,22,748,75,193,34,83,41,110,22,37,10,54,64,80,49,7,46,70,213,.389,.410,.373,.595,.506,.495,G,JR
5573,Andrew Naeve,747,2005-06,Cornell,27,27,747,70,158,70,156,0,2,47,74,65,131,196,33,26,37,51,80,187,.443,.449,.000,.635,.484,.443,C,JR
5574,Anis Taylor,747,2005-06,Bethune-Cookman,30,4,747,69,166,24,52,45,114,28,40,17,63,80,34,32,0,27,37,211,.416,.462,.395,.700,.570,.551,G,SR
5575,Anthony Fisher,747,2005-06,Tennessee Tech,31,6,747,117,271,69,139,48,132,119,149,24,56,80,64,29,0,65,64,401,.432,.496,.364,.799,.587,.520,G,SO
5576,Anthony Hayes,747,2002-03,Alabama A&M,24,23,747,124,267,86,165,38,102,60,76,39,96,135,50,40,11,63,57,346,.464,.521,.373,.789,.571,.536,F,SR
5577,Chris Session,747,2006-07,Utah State,35,16,747,73,139,73,139,0,0,53,66,72,89,161,29,36,9,45,98,199,.525,.525,,.803,.584,.525,F,SR
5578,Darrell Tucker,747,2002-03,San Francisco,23,18,747,149,305,106,206,43,99,84,108,58,128,186,18,13,14,54,61,425,.489,.515,.434,.778,.596,.559,F,SR
5579,Kevin Steenberge,747,2005-06,Richmond,30,30,747,117,233,90,150,27,83,46,84,43,95,138,54,18,71,59,81,307,.502,.600,.325,.548,.562,.560,C,SR
5580,Kyle Bankhead,747,2003-04,Gonzaga,31,30,747,55,108,14,33,41,75,21,26,18,50,68,86,33,1,23,37,172,.509,.424,.547,.808,.715,.699,G,SR
5581,Leon Pattman,747,2003-04,Dartmouth,26,19,747,122,264,93,176,29,88,70,79,32,82,114,34,26,5,55,56,343,.462,.528,.330,.886,.569,.517,G,FR
5582,Marcus Johnson,747,2006-07,Dayton,30,16,747,74,176,60,131,14,45,35,59,44,67,111,37,23,10,41,64,197,.420,.458,.311,.593,.483,.460,G,FR
5583,Moses White,747,2003-04,Florida A&M,32,21,747,51,149,39,93,12,56,36,66,4,45,49,106,45,1,99,58,150,.342,.419,.214,.545,.416,.383,G,SR
5584,Nate Carter,747,2002-03,UC Riverside,24,21,747,133,271,114,222,19,49,108,137,49,81,130,35,17,8,66,62,393,.491,.514,.388,.788,.585,.526,F,FR
5585,Slim Millien,747,2005-06,Idaho State,27,27,747,147,277,147,277,0,0,125,187,64,114,178,22,18,93,76,62,419,.531,.531,,.668,.573,.531,F,SR
5586,Terry West,747,2002-03,Southeastern Louisiana,27,18,747,105,237,89,170,16,67,85,113,54,74,128,24,27,11,37,90,311,.443,.524,.239,.752,.535,.477,F,JR
5587,Yassin Idbihi,747,2003-04,Buffalo,29,26,747,114,234,108,215,6,19,64,87,66,103,169,39,15,22,66,92,298,.487,.502,.316,.736,.541,.500,F,FR
5588,Brandon Giles,746,2005-06,Longwood,30,19,746,33,111,8,28,25,83,40,49,4,52,56,98,11,1,59,68,131,.297,.286,.301,.816,.488,.410,G,SO
5589,Chey Christie,746,2003-04,Clemson,28,26,746,84,207,53,120,31,87,55,81,30,45,75,66,28,3,65,44,254,.406,.442,.356,.679,.517,.481,G,JR
5590,Chris Moore,746,2005-06,Charleston Southern,29,17,746,128,299,64,152,64,147,56,74,21,75,96,56,40,1,45,46,376,.428,.421,.435,.757,.563,.535,G,SO
5591,Cory Farmer,746,2006-07,East Carolina,30,18,746,69,196,40,112,29,84,36,52,14,68,82,55,32,2,50,52,203,.352,.357,.345,.692,.460,.426,G,JR
5592,Danny Morrissey,746,2006-07,Penn State,30,22,746,88,189,24,44,64,145,49,61,25,59,84,64,21,3,59,70,289,.466,.545,.441,.803,.663,.635,G,SO
5593,Drew Hall,746,2004-05,College of Charleston,28,26,746,31,88,21,44,10,44,30,43,15,71,86,143,25,2,40,74,102,.352,.477,.227,.698,.470,.409,G,JR
5594,Dwight Brewington,746,2004-05,Providence,23,22,746,110,248,66,118,44,130,41,63,32,67,99,64,29,28,73,56,305,.444,.559,.338,.651,.549,.532,G,SO
5595,Ed Horton,746,2005-06,Birmingham–Southern,28,28,746,77,196,47,107,30,89,49,71,25,53,78,51,21,2,43,72,233,.393,.439,.337,.690,.507,.469,G,JR
5596,Jamar Smith,746,2006-07,Morgan State,31,10,746,151,304,130,244,21,60,68,112,57,92,149,41,16,5,68,79,391,.497,.533,.350,.607,.547,.531,G,JR
5597,James Poindexter,746,2003-04,Lipscomb,28,24,746,92,260,56,137,36,123,74,98,12,50,62,49,13,0,57,47,294,.354,.409,.293,.755,.480,.423,G,SO
5598,Joseph Flegler,746,2006-07,Savannah State,30,30,746,96,261,53,141,43,120,68,87,13,35,48,68,41,0,87,64,303,.368,.376,.358,.782,.501,.450,G,JR
5599,Lekheythan Malone,746,2006-07,Little Rock,30,25,746,98,201,79,144,19,57,35,45,46,71,117,32,22,6,50,73,250,.488,.549,.333,.778,.562,.535,F,SO
5600,Michael Doles,746,2003-04,VCU,31,9,746,127,270,88,163,39,107,55,79,34,101,135,50,23,11,74,89,348,.470,.540,.364,.696,.566,.543,F,JR
5601,Michael Van Schaick,746,2005-06,Fairfield,28,21,746,76,178,30,71,46,107,48,56,22,55,77,54,34,11,33,47,246,.427,.423,.430,.857,.601,.556,G,JR
5602,Nathan Bilyeu,746,2006-07,Missouri State,32,32,746,92,201,80,171,12,30,99,137,64,108,172,65,34,16,61,93,295,.458,.468,.400,.723,.554,.488,F,SR
5603,Nick Young,746,2004-05,Southern California,29,24,746,123,279,95,190,28,89,47,73,49,69,118,38,22,9,48,74,321,.441,.500,.315,.644,.512,.491,F,FR
5604,Clarence Moore,745,2003-04,Georgia Tech,37,5,745,75,175,43,92,32,83,38,61,44,129,173,41,43,22,57,104,220,.429,.467,.386,.623,.539,.520,F,SR
5605,David Jackson,745,2006-07,Penn State,30,21,745,63,151,37,81,26,70,46,55,15,78,93,69,26,1,50,49,198,.417,.457,.371,.836,.559,.503,G,SR
5606,Isaac Hines,745,2005-06,North Texas,28,28,745,70,160,32,71,38,89,35,38,34,86,120,68,52,0,46,31,213,.438,.451,.427,.921,.598,.556,G,SR
5607,Jeremy Crouch,745,2004-05,Bradley,28,24,745,79,199,33,74,46,125,27,37,12,52,64,49,24,4,47,67,231,.397,.446,.368,.730,.533,.513,G,FR
5608,Joe Davis,745,2006-07,Cleveland State,31,19,745,100,255,67,133,33,122,51,66,19,44,63,23,20,6,50,59,284,.392,.504,.270,.773,.496,.457,G,FR
5609,Kelvin Torbert,745,2004-05,Michigan State,33,2,745,109,214,80,130,29,84,67,81,27,70,97,50,23,13,37,64,314,.509,.615,.345,.827,.622,.577,G,SR
5610,Kentrell Martin,745,2003-04,New Orleans,31,31,745,42,89,42,89,0,0,32,53,66,81,147,38,26,11,35,83,116,.472,.472,,.604,.508,.472,F,SR
5611,Markeith Brown,745,2003-04,Nicholls State,27,18,745,65,158,45,98,20,60,71,90,30,77,107,56,27,1,62,68,221,.411,.459,.333,.789,.550,.475,G,SR
5612,Mike King,745,2003-04,Green Bay,28,6,745,94,217,78,174,16,43,102,129,42,70,112,24,14,18,61,96,306,.433,.448,.372,.791,.550,.470,F,SR
5613,Nick Enzweiler,745,2003-04,Cal Poly,27,27,745,73,166,26,48,47,118,33,41,28,69,97,68,22,12,56,86,226,.440,.542,.398,.805,.609,.581,F,JR
5614,Rome Sanders,745,2005-06,Florida A&M,31,27,745,122,211,122,211,0,0,100,139,61,93,154,16,18,18,73,96,344,.578,.578,,.719,.621,.578,C,JR
5615,Ryan Iversen,745,2002-03,Delaware,28,2,745,98,241,53,115,45,126,85,110,49,132,181,78,52,3,55,49,326,.407,.461,.357,.773,.556,.500,G,SR
5616,Sasa Cuic,745,2006-07,Oregon State,29,23,745,114,294,72,179,42,115,66,106,25,55,80,22,13,14,40,72,336,.388,.402,.365,.623,.488,.459,F,JR
5617,Troy Okeson,745,2006-07,Western Illinois,29,14,745,63,161,15,27,48,134,7,10,4,43,47,28,25,2,23,61,181,.391,.556,.358,.700,.546,.540,G,SR
5618,Vincent Simpson,745,2006-07,Hampton,31,25,745,65,198,31,77,34,121,19,28,24,51,75,71,36,3,93,63,183,.328,.403,.281,.679,.433,.414,G,FR
5619,Wayne McClinton,745,2002-03,Hartford,29,25,745,51,123,27,63,24,60,37,56,21,69,90,76,18,5,53,61,163,.415,.429,.400,.661,.545,.512,G,SR
5620,Andrew Reed,744,2006-07,East Tennessee State,34,26,744,131,233,127,219,4,14,43,62,64,99,163,25,36,38,51,106,309,.562,.580,.286,.694,.589,.571,F,JR
5621,Chris Ferguson,744,2002-03,North Carolina A&T,25,23,744,41,120,41,119,0,1,36,81,79,123,202,10,15,12,62,72,118,.342,.345,.000,.444,.372,.342,F,JR
5622,Chris Lutz,744,2006-07,Purdue,34,10,744,66,143,8,20,58,123,17,26,7,48,55,72,21,4,26,78,207,.462,.400,.472,.654,.666,.664,G,SO
5623,David Pendergraft,744,2006-07,Gonzaga,34,2,744,93,161,75,124,18,37,44,63,45,106,151,32,22,5,29,83,248,.578,.605,.486,.698,.649,.634,G,JR
5624,Drew Naymick,744,2006-07,Michigan State,35,11,744,47,98,47,98,0,0,35,46,61,75,136,18,22,55,32,102,129,.480,.480,,.761,.538,.480,C,JR
5625,Emanuel Mathis,744,2002-03,VCU,28,23,744,93,233,32,71,61,162,67,76,13,74,87,51,26,12,44,65,314,.399,.451,.377,.882,.583,.530,G,SR
5626,Ethan Rohde,744,2004-05,Santa Clara,31,12,744,76,193,11,31,65,162,7,12,21,53,74,44,18,3,17,58,224,.394,.355,.401,.583,.564,.562,G,SR
5627,Jason Frierson,744,2006-07,Arkansas–Pine Bluff,31,18,744,60,149,42,84,18,65,44,55,28,83,111,46,34,2,57,66,182,.403,.500,.277,.800,.520,.463,G,JR
5628,John Vaughan,744,2006-07,George Mason,32,13,744,102,257,60,122,42,135,19,29,12,77,89,34,18,1,41,50,265,.397,.492,.311,.655,.489,.479,G,SO
5629,Ray Barbosa,744,2005-06,James Madison,28,13,744,99,248,51,101,48,147,29,42,26,32,58,45,17,3,53,28,275,.399,.505,.327,.690,.513,.496,G,JR
5630,Rob Little,744,2004-05,Stanford,31,30,744,122,236,122,235,0,1,35,73,71,117,188,16,20,12,63,87,279,.517,.519,.000,.479,.515,.517,C,SR
5631,Tim Ellis,744,2002-03,Kansas State,30,15,744,104,238,62,128,42,110,33,42,10,73,83,43,13,14,32,56,283,.437,.484,.382,.786,.549,.525,G,JR
5632,Trent Wurtz,744,2005-06,Indiana State,29,22,744,71,174,57,124,14,50,66,93,55,117,172,40,25,14,45,93,222,.408,.460,.280,.710,.509,.448,F,JR
5633,Adrien Borders,743,2004-05,Wofford,28,27,743,125,285,96,189,29,96,73,110,21,42,63,58,34,7,65,49,352,.439,.508,.302,.664,.522,.489,G,SR
5634,Bilal Abdullah,743,2004-05,Lafayette,28,13,743,72,182,49,99,23,83,77,103,19,59,78,72,36,5,89,83,244,.396,.495,.277,.748,.528,.459,G,FR
5635,Bo Taylor,743,2003-04,Hartford,29,17,743,82,181,80,171,2,10,51,80,60,112,172,19,24,3,55,83,217,.453,.468,.200,.638,.495,.459,F,FR
5636,Chris Daniels,743,2002-03,Georgia,26,26,743,93,173,92,165,1,8,68,95,59,125,184,80,39,41,52,89,255,.538,.558,.125,.716,.585,.540,F,JR
5637,Chris Wyatt,743,2003-04,Albany (NY),28,23,743,71,125,71,125,0,0,34,50,51,88,139,18,27,15,61,96,176,.568,.568,,.680,.592,.568,F,JR
5638,Corey Lyons,743,2006-07,Norfolk State,30,30,743,107,230,82,162,25,68,34,60,48,64,112,36,14,6,56,59,273,.465,.506,.368,.567,.528,.520,G,SO
5639,David Lunn,743,2003-04,Delaware,27,20,743,66,162,53,119,13,43,73,97,28,81,109,46,44,20,72,91,218,.407,.445,.302,.753,.524,.448,G,JR
5640,Drew Hall,743,2002-03,Georgetown,34,0,743,31,98,16,41,15,57,43,51,8,64,72,99,26,1,49,72,120,.316,.390,.263,.843,.491,.393,G,SO
5641,Freddie Owens,743,2003-04,Wisconsin,29,29,743,71,177,56,121,15,56,31,55,19,61,80,25,14,1,29,43,188,.401,.463,.268,.564,.463,.444,G,SR
5642,Johnny Mathies,743,2003-04,Creighton,29,21,743,67,169,43,103,24,66,68,93,7,38,45,53,41,1,44,79,226,.396,.417,.364,.731,.530,.467,G,SO
5643,Levi Levine,743,2005-06,Albany (NY),32,8,743,86,193,66,143,20,50,39,57,44,73,117,53,12,8,60,83,231,.446,.462,.400,.684,.525,.497,F,SR
5644,Mike Benton,743,2003-04,College of Charleston,29,28,743,109,187,109,187,0,0,79,117,70,128,198,14,19,82,46,70,297,.583,.583,,.675,.612,.583,C,SR
5645,Paul Miller,743,2004-05,Wichita State,32,31,743,130,245,130,243,0,2,88,115,53,114,167,20,9,16,55,63,348,.531,.535,.000,.765,.581,.531,C,JR
5646,Robbie Cowgill,743,2005-06,Washington State,25,25,743,90,201,90,201,0,0,50,63,25,103,128,46,23,33,37,85,230,.448,.448,,.794,.498,.448,F,SO
5647,Robin Lopez,743,2006-07,Stanford,31,31,743,96,200,96,199,0,1,42,77,78,94,172,29,5,73,46,72,234,.480,.482,.000,.545,.495,.480,C,FR
5648,Steve Newman,743,2004-05,Georgia,28,28,743,73,176,62,132,11,44,44,54,46,68,114,34,21,20,51,67,201,.415,.470,.250,.815,.498,.446,F,SO
5649,Tony Travis,743,2002-03,Little Rock,28,17,743,42,101,26,61,16,40,47,59,14,44,58,69,28,3,52,60,147,.416,.426,.400,.797,.570,.495,G,JR
5650,A.J. Price,742,2006-07,Connecticut,31,23,742,99,256,75,168,24,88,69,100,34,59,93,113,37,2,63,39,291,.387,.446,.273,.690,.479,.434,G,SO
5651,Attarius Norwood,742,2002-03,Mississippi Valley State,29,15,742,173,421,92,228,81,193,62,80,53,97,150,17,15,22,44,70,489,.411,.404,.420,.775,.533,.507,C,JR
5652,Charles Ramsdell,742,2005-06,Tulsa,28,28,742,92,214,59,126,33,88,36,52,50,123,173,23,11,24,56,87,253,.430,.468,.375,.692,.530,.507,F,JR
5653,Chris Ayer,742,2005-06,Loyola Marymount,30,30,742,111,225,111,225,0,0,60,90,69,120,189,15,11,38,55,115,282,.493,.493,,.667,.527,.493,C,SR
5654,Clyde Johnson,742,2006-07,Idaho,31,20,742,58,129,41,77,17,52,17,26,36,93,129,33,17,14,33,60,150,.450,.532,.327,.654,.531,.516,F,JR
5655,DaJuan Gouard,742,2003-04,Loyola Chicago,29,17,742,97,239,68,143,29,96,35,50,17,56,73,52,28,5,60,49,258,.406,.476,.302,.700,.491,.467,G,JR
5656,Eddie Basden,742,2002-03,Charlotte,29,27,742,60,133,57,121,3,12,60,83,86,114,200,74,61,7,55,69,183,.451,.471,.250,.723,.531,.462,G,SO
5657,Javier Mendiburu,742,2003-04,Green Bay,28,1,742,63,157,39,83,24,74,89,114,17,110,127,128,44,0,80,64,239,.401,.470,.324,.781,.566,.478,G,JR
5658,John Hurley,742,2003-04,Holy Cross,27,27,742,97,207,97,203,0,4,27,72,85,50,135,17,32,13,45,81,221,.469,.478,.000,.375,.458,.469,F,JR
5659,Larry Cunningham,742,2005-06,UC Riverside,28,23,742,99,295,72,190,27,105,76,96,22,87,109,41,34,8,91,70,301,.336,.379,.257,.792,.442,.381,G,SO
5660,P.J. Tucker Jr,742,2003-04,Texas,33,16,742,133,243,133,243,0,0,76,117,105,120,225,27,29,6,39,72,342,.547,.547,,.650,.573,.547,F,FR
5661,Ronnie Clark,742,2002-03,Colorado State,33,19,742,130,236,130,235,0,1,91,132,64,85,149,34,13,15,52,94,351,.551,.553,.000,.689,.588,.551,F,JR
5662,Scott Dougherty,742,2006-07,Santa Clara,31,18,742,103,216,43,73,60,143,41,57,26,72,98,43,11,2,32,51,307,.477,.589,.420,.719,.631,.616,G,JR
5663,Scott Grote,742,2006-07,Duquesne,29,22,742,90,216,56,109,34,107,73,93,44,74,118,63,34,8,70,102,287,.417,.514,.318,.785,.552,.495,F,FR
5664,Scott Watson,742,2002-03,Jacksonville State,30,2,742,74,157,43,76,31,81,60,71,11,49,60,97,37,1,46,77,239,.471,.566,.383,.845,.627,.570,G,JR
5665,Tamarr Maclin,742,2004-05,Southwest Missouri State,32,30,742,122,199,122,199,0,0,104,167,102,150,252,25,38,44,93,103,348,.613,.613,,.623,.625,.613,F,SR
5666,Tom Cockle,742,2003-04,Pacific,33,24,742,75,177,29,59,46,118,22,36,24,59,83,77,21,4,38,61,218,.424,.492,.390,.611,.562,.554,G,SR
5667,Trey Pearson,742,2002-03,Ole Miss,29,24,742,50,100,31,56,19,44,17,26,10,74,84,78,23,1,44,74,136,.500,.554,.432,.654,.605,.595,G,FR
5668,Andre Brown,741,2003-04,DePaul,23,23,741,122,214,122,214,0,0,66,137,85,127,212,8,14,18,39,55,310,.570,.570,,.482,.555,.570,F,SR
5669,Andy Rautins,741,2006-07,Syracuse,35,20,741,84,226,17,38,67,188,17,24,15,54,69,51,45,6,46,62,252,.372,.447,.356,.708,.531,.520,G,SO
5670,Brett McDade,741,2004-05,Tulsa,28,24,741,88,209,63,135,25,74,69,81,7,49,56,73,30,1,53,63,270,.421,.467,.338,.852,.546,.481,G,FR
5671,Brian Chase,741,2002-03,Virginia Tech,27,19,741,62,164,17,43,45,121,23,30,8,58,66,62,13,1,44,35,192,.378,.395,.372,.767,.539,.515,G,SR
5672,Chaz Carr,741,2002-03,Boston University,30,15,741,73,218,49,138,24,80,46,69,19,47,66,80,30,3,66,60,216,.335,.355,.300,.667,.431,.390,G,SO
5673,David Hoskins,741,2005-06,Kansas State,28,21,741,123,242,121,231,2,11,119,171,67,62,129,57,24,3,72,51,367,.508,.524,.182,.696,.568,.512,G,SO
5674,Donnie Stith,741,2005-06,Tulane,29,15,741,59,134,48,101,11,33,54,84,47,101,148,57,19,33,65,65,183,.440,.475,.333,.643,.526,.481,F,SO
5675,Iman Mattox,741,2002-03,Fairleigh Dickinson,26,20,741,68,193,34,80,34,113,35,60,24,57,81,26,18,3,33,52,205,.352,.425,.301,.583,.463,.440,G,SR
5676,Jayson Obazuaye,741,2004-05,Colorado,30,29,741,103,252,91,217,12,35,49,110,35,55,90,53,11,6,45,48,267,.409,.419,.343,.445,.439,.433,G,JR
5677,Jordan Bitzer,741,2006-07,Central Michigan,29,23,741,63,186,18,53,45,133,43,55,16,65,81,37,34,2,39,65,214,.339,.340,.338,.782,.504,.460,G,FR
5678,Marcus Kinzer,741,2004-05,Tulane,26,23,741,89,218,68,153,21,65,60,71,17,81,98,119,37,2,67,49,259,.408,.444,.323,.845,.514,.456,G,SR
5679,Marty O'Sullivan,741,2006-07,Fairfield,32,1,741,72,188,51,120,21,68,25,43,58,122,180,53,16,17,49,87,190,.383,.425,.309,.581,.456,.439,F,JR
5680,Reggie Brown,741,2003-04,Richmond,30,11,741,77,235,32,91,45,144,25,38,10,51,61,58,28,0,33,50,224,.328,.352,.313,.658,.443,.423,G,SR
5681,Slobodan Ocokoljic,741,2003-04,Weber State,28,18,741,137,289,121,235,16,54,133,174,60,120,180,38,34,6,74,89,423,.474,.515,.296,.764,.569,.502,F,SR
5682,Tony Bowne,741,2003-04,Central Michigan,30,22,741,73,182,40,89,33,93,21,33,24,62,86,91,19,1,58,54,200,.401,.449,.355,.636,.506,.492,G,JR
5683,Trent Wurtz,741,2006-07,Indiana State,31,29,741,85,187,71,139,14,48,78,114,48,101,149,40,19,0,50,85,262,.455,.511,.292,.684,.543,.492,F,SR
5684,Wayne Marshall,741,2004-05,Temple,30,27,741,67,157,67,156,0,1,65,90,78,65,143,5,19,14,50,70,199,.427,.429,.000,.722,.498,.427,F,SO
5685,Will Gant,741,2006-07,Howard,31,21,741,104,258,39,85,65,173,41,53,15,56,71,44,31,1,59,54,314,.403,.459,.376,.774,.554,.529,G,SR
5686,Adam Duggins,740,2002-03,William & Mary,28,27,740,74,160,74,160,0,0,31,53,42,114,156,60,22,52,43,90,179,.463,.463,,.585,.483,.463,C,SR
5687,Adam Parada,740,2002-03,UC Irvine,29,25,740,133,244,131,240,2,4,86,116,54,126,180,26,17,28,56,89,354,.545,.546,.500,.741,.592,.549,C,JR
5688,Andre Williams,740,2002-03,Cleveland State,29,25,740,68,134,68,133,0,1,58,96,57,98,155,32,28,8,58,93,194,.507,.511,.000,.604,.540,.507,F,SR
5689,Antuane Miller,740,2005-06,Stephen F. Austin,29,27,740,151,328,150,320,1,8,86,135,57,102,159,21,26,3,62,56,389,.460,.469,.125,.637,.496,.462,F,JR
5690,Courtland Freeman,740,2003-04,Georgetown,28,28,740,82,182,82,182,0,0,69,98,50,71,121,26,24,31,42,96,233,.451,.451,,.704,.510,.451,C,SR
5691,Damian Martin,740,2004-05,Loyola Marymount,28,18,740,38,111,32,87,6,24,25,42,29,65,94,87,49,3,41,62,107,.342,.368,.250,.595,.409,.369,G,SO
5692,David Adams,740,2003-04,Wyoming,28,21,740,84,189,41,91,43,98,41,54,28,76,104,40,20,1,38,67,252,.444,.451,.439,.759,.587,.558,G,SR
5693,Gerald Fonzie,740,2006-07,Stephen F. Austin,29,29,740,46,129,18,62,28,67,17,29,5,33,38,66,16,2,47,49,137,.357,.290,.418,.586,.480,.465,G,JR
5694,Jason Cain,740,2006-07,Virginia,32,29,740,78,163,77,155,1,8,60,82,65,137,202,25,16,25,60,99,217,.479,.497,.125,.732,.537,.482,F,SR
5695,Jason Carter,740,2005-06,San Francisco,28,18,740,97,190,97,188,0,2,45,88,67,106,173,60,27,20,44,74,239,.511,.516,.000,.511,.516,.511,F,SR
5696,Jason Sarchet,740,2002-03,Liberty,29,28,740,83,186,74,156,9,30,85,109,64,133,197,25,37,30,58,104,260,.446,.474,.300,.780,.547,.470,F,JR
5697,John Winston,740,2005-06,St. Mary's (CA),26,23,740,66,189,46,116,20,73,65,90,22,58,80,97,40,2,74,70,217,.349,.397,.274,.722,.468,.402,G,JR
5698,Kellen Miliner,740,2003-04,Creighton,29,0,740,88,209,38,86,50,123,58,72,18,55,73,42,25,3,45,44,284,.421,.442,.407,.806,.584,.541,G,JR
5699,Kevin Young,740,2005-06,Missouri,28,27,740,92,181,92,181,0,0,55,84,106,97,203,14,12,20,34,74,239,.508,.508,,.655,.541,.508,F,SR
5700,Mychal Kearse,740,2004-05,Mount St. Mary's,27,27,740,90,190,82,166,8,24,54,82,50,125,175,57,29,0,64,84,242,.474,.494,.333,.659,.528,.495,G,SO
5701,Patrick Powers,740,2002-03,Brown,29,26,740,86,197,39,81,47,116,32,40,21,102,123,51,24,16,47,70,251,.437,.481,.405,.800,.581,.556,F,JR
5702,Ronald Mickel,740,2002-03,Centenary (LA),28,28,740,76,123,76,122,0,1,62,78,,,117,34,32,46,,,214,.618,.623,.000,.795,.669,.618,F,JR
5703,Ryan Schneider,740,2005-06,Vermont,30,15,740,63,199,24,76,39,123,26,37,37,103,140,28,20,10,27,49,191,.317,.316,.317,.703,.441,.415,F,SO
5704,Stefan Blaszczynski,740,2004-05,Nicholls State,25,25,740,120,288,84,189,36,99,84,119,39,87,126,46,20,2,59,59,360,.417,.444,.364,.706,.522,.479,G,SO
5705,Steve Danley,740,2004-05,Pennsylvania,29,28,740,91,192,84,176,7,16,79,123,48,96,144,49,26,24,49,85,268,.474,.477,.438,.642,.535,.492,F,SO
5706,Terren Harbut,740,2004-05,Ohio,31,29,740,79,183,79,182,0,1,103,143,50,71,121,28,9,17,38,97,261,.432,.434,.000,.720,.520,.432,F,SR
5707,Wayne Tinsley,740,2002-03,Tulane,30,26,740,82,152,80,136,2,16,40,64,47,68,115,81,35,17,68,47,206,.539,.588,.125,.625,.565,.546,G,JR
5708,Will Sheridan,740,2003-04,Villanova,35,5,740,58,99,57,98,1,1,42,65,60,105,165,25,15,32,20,83,159,.586,.582,1.000,.646,.612,.591,F,FR
5709,Xavier Oliver,740,2002-03,Alabama State,29,28,740,67,158,67,153,0,5,33,49,54,107,161,32,32,14,53,64,167,.424,.438,.000,.673,.461,.424,F,JR
5710,Danny Gathings,739,2004-05,High Point,27,23,739,128,260,106,192,22,68,61,90,43,134,177,35,35,13,62,77,339,.492,.552,.324,.678,.560,.535,F,SR
5711,Ike Akotaobi,739,2002-03,UTSA,27,19,739,117,246,62,121,55,125,79,106,30,64,94,27,10,5,49,72,368,.476,.512,.440,.745,.621,.587,F,SR
5712,Marcus Oliver,739,2003-04,Houston,27,23,739,98,230,89,189,9,41,67,106,26,55,81,26,11,1,52,83,272,.426,.471,.220,.632,.485,.446,G,SR
5713,Matt Salley,739,2006-07,Bradley,35,13,739,101,200,97,188,4,12,44,85,51,117,168,22,26,23,46,95,250,.505,.516,.333,.518,.520,.515,F,JR
5714,Patrick Beilein,739,2004-05,West Virginia,35,0,739,92,240,22,43,70,197,37,54,14,53,67,59,24,2,36,43,291,.383,.512,.355,.685,.548,.529,G,JR
5715,Patrick Whearty,739,2002-03,Holy Cross,31,31,739,140,248,139,247,1,1,104,137,91,115,206,25,16,42,49,108,385,.565,.563,1.000,.759,.615,.567,C,SR
5716,Steve Koger,739,2004-05,North Carolina A&T,30,6,739,115,305,57,135,58,170,59,77,14,55,69,20,26,5,44,71,347,.377,.422,.341,.766,.508,.472,G,SR
5717,Terry Bryant,739,2005-06,Southeastern Louisiana,24,18,739,61,178,51,130,10,48,50,64,8,34,42,99,24,1,39,43,182,.343,.392,.208,.781,.437,.371,G,JR
5718,Tony Carter,739,2002-03,Furman,31,18,739,52,158,29,77,23,81,29,43,26,69,95,52,35,2,37,45,156,.329,.377,.284,.674,.437,.402,G,FR
5719,Travis Bailey,739,2004-05,Texas A&M–Corpus Christi,27,25,739,124,276,67,138,57,138,49,59,8,43,51,77,33,8,61,44,354,.449,.486,.413,.831,.582,.553,G,SR
5720,Carl Marshall,738,2003-04,Baylor,29,22,738,40,86,24,44,16,42,21,30,15,18,33,24,18,0,45,39,117,.465,.545,.381,.700,.584,.558,G,FR
5721,Chris Kenny,738,2003-04,Monmouth,33,3,738,73,200,20,58,53,142,41,54,9,46,55,46,20,3,30,47,240,.365,.345,.373,.759,.532,.498,G,SO
5722,Dan Fitzgerald,738,2006-07,Marquette,34,11,738,84,174,32,51,52,123,32,42,46,86,132,24,15,4,35,98,252,.483,.627,.423,.762,.650,.632,F,JR
5723,David Gardner,738,2004-05,Dartmouth,27,26,738,107,206,107,206,0,0,67,130,44,88,132,38,23,20,34,67,281,.519,.519,,.515,.525,.519,C,SR
5724,Dexter Gray,738,2004-05,St. John's (NY),27,26,738,68,153,68,153,0,0,27,36,57,70,127,23,23,21,45,74,163,.444,.444,,.750,.479,.444,F,FR
5725,D.J. Rivera,738,2006-07,Saint Joseph's,32,1,738,70,173,60,137,10,36,40,65,28,54,82,38,41,10,41,67,190,.405,.438,.278,.615,.466,.434,F,FR
5726,Fred Oguns,738,2005-06,Western Illinois,28,25,738,108,249,103,229,5,20,147,202,62,81,143,33,19,2,53,82,368,.434,.450,.250,.728,.533,.444,F,SR
5727,Jeff Viggiano,738,2002-03,Massachusetts,29,21,738,67,188,41,75,26,113,42,72,28,57,85,67,27,21,53,70,202,.356,.547,.230,.583,.455,.426,F,FR
5728,Jeremy Bishop,738,2002-03,Quinnipiac,28,28,738,124,257,121,243,3,14,71,97,73,127,200,59,38,4,73,107,322,.482,.498,.214,.732,.531,.488,F,SR
5729,Joseph Barber,738,2005-06,UNC Asheville,28,27,738,138,285,116,212,22,73,65,84,46,114,160,36,9,6,63,82,363,.484,.547,.301,.774,.559,.523,C,SR
5730,Larry Posey,738,2006-07,UT Arlington,30,21,738,97,195,94,191,3,4,56,90,48,127,175,30,14,8,48,81,253,.497,.492,.750,.622,.532,.505,F,JR
5731,Michael Joiner,738,2003-04,Florida State,33,30,738,79,164,57,99,22,65,23,34,54,67,121,49,26,15,47,67,203,.482,.576,.338,.676,.563,.549,F,SR
5732,Okechi Egbe,738,2002-03,UT Martin,28,21,738,105,241,82,177,23,64,44,57,42,77,119,43,20,3,39,70,277,.436,.463,.359,.772,.517,.483,F,SR
5733,Sean Marshall,738,2004-05,Boston College,30,30,738,132,288,90,180,42,108,27,43,44,36,80,53,21,5,42,45,333,.458,.500,.389,.628,.540,.531,G,SO
5734,Troy Roundtree,738,2004-05,Delaware State,32,29,738,63,144,56,130,7,14,51,78,46,72,118,14,20,1,42,64,184,.438,.431,.500,.654,.508,.462,F,SO
5735,Tyson Dorsey,738,2002-03,Samford,27,22,738,86,186,11,21,75,165,13,18,4,42,46,31,9,3,43,34,260,.462,.524,.455,.722,.668,.664,G,JR
5736,Carlos Smith,737,2004-05,South Alabama,28,20,737,62,169,32,77,30,92,34,40,6,50,56,59,30,0,52,54,188,.367,.416,.326,.850,.500,.456,G,SO
5737,Chris Hayes,737,2006-07,Detroit Mercy,30,30,737,64,155,54,121,10,34,17,38,38,70,108,34,25,11,47,96,155,.413,.446,.294,.447,.448,.445,G,SO
5738,Chris Hill,737,2003-04,Milwaukee,31,16,737,61,167,44,95,17,72,86,118,19,66,85,88,39,2,70,78,225,.365,.463,.236,.729,.504,.416,G,SO
5739,Dan Coleman,737,2004-05,Minnesota,32,27,737,108,254,82,178,26,76,22,35,37,84,121,29,11,11,41,55,264,.425,.461,.342,.629,.488,.476,F,FR
5740,Dominique Johnson,737,2006-07,Kansas City,32,11,737,80,209,45,110,35,99,39,48,18,41,59,83,32,1,59,36,234,.383,.409,.354,.813,.505,.467,G,FR
5741,Gabe Norwood,737,2005-06,George Mason,35,3,737,45,106,36,82,9,24,20,34,17,53,70,68,33,23,35,42,119,.425,.439,.375,.588,.487,.467,G,JR
5742,Harvey Hale,737,2005-06,Wake Forest,34,16,737,64,182,46,108,18,74,44,57,15,71,86,67,27,3,75,68,190,.352,.426,.243,.772,.454,.401,G,FR
5743,Jason Petrimoulx,737,2005-06,UNLV,27,25,737,93,227,50,103,43,124,43,56,21,52,73,108,25,3,45,59,272,.410,.485,.347,.768,.536,.504,G,JR
5744,Jimmy Twyman,737,2003-04,Detroit Mercy,30,12,737,98,214,51,98,47,116,26,35,22,25,47,66,19,5,43,51,269,.458,.520,.405,.743,.583,.568,G,SR
5745,Jose Olivero,737,2003-04,Lehigh,30,18,737,109,288,58,155,51,133,79,103,20,49,69,42,26,4,77,68,348,.378,.374,.383,.767,.516,.467,G,FR
5746,Kevin Houston,737,2003-04,Long Beach State,27,18,737,52,157,35,90,17,67,21,34,12,60,72,88,24,9,70,50,142,.331,.389,.254,.618,.410,.385,G,FR
5747,Manny Adako,737,2006-07,Northeastern,32,26,737,71,150,71,150,0,0,29,44,41,87,128,34,12,14,44,93,171,.473,.473,,.659,.500,.473,F,FR
5748,Matt Bauscher,737,2005-06,Boise State,29,20,737,85,203,47,97,38,106,39,57,33,60,93,63,30,7,29,59,247,.419,.485,.358,.684,.537,.512,G,SO
5749,Mike Konovelchick,737,2003-04,Manhattan,31,17,737,68,191,28,74,40,117,28,38,24,78,102,25,31,14,46,69,204,.356,.378,.342,.737,.488,.461,F,SO
5750,Reggie Berry,737,2003-04,Western Michigan,31,0,737,84,194,30,61,54,133,61,80,19,42,61,51,25,2,42,57,283,.433,.492,.406,.763,.610,.572,G,SR
5751,Steve Williams,737,2005-06,UC Riverside,27,18,737,99,251,86,201,13,50,39,55,50,87,137,58,27,7,63,86,250,.394,.428,.260,.709,.451,.420,G,SR
5752,Andre Allen,736,2006-07,Memphis,36,0,736,63,188,41,112,22,76,43,83,20,52,72,109,47,1,60,83,191,.335,.366,.289,.518,.420,.394,G,JR
5753,Chris Chalko,736,2004-05,Elon,31,13,736,110,258,56,117,54,141,11,18,32,105,137,19,19,8,35,38,285,.426,.479,.383,.611,.535,.531,F,SO
5754,C.J. Williams,736,2002-03,Boise State,29,16,736,90,253,41,98,49,155,30,52,12,54,66,35,18,0,51,54,259,.356,.418,.316,.577,.466,.453,G,SR
5755,Daniel Hayles,736,2004-05,Auburn,31,20,736,71,142,54,90,17,52,26,48,38,57,95,36,20,4,54,102,185,.500,.600,.327,.542,.561,.560,G,FR
5756,Grant Surprenant,736,2005-06,Saint Francis (PA),28,24,736,89,248,34,89,55,159,15,21,18,44,62,27,17,2,32,27,248,.359,.382,.346,.714,.481,.470,G,FR
5757,Henry Harris,736,2006-07,Belmont,33,33,736,62,153,40,89,22,64,41,56,25,64,89,68,29,2,72,63,187,.405,.449,.344,.732,.521,.477,G,SO
5758,Jarvis Gunter,736,2004-05,Arkansas–Pine Bluff,28,27,736,107,216,107,216,0,0,37,64,55,137,192,28,7,38,55,86,251,.495,.495,,.578,.509,.495,F,SO
5759,J.D. Collins,736,2003-04,West Virginia,31,26,736,41,97,22,50,19,47,27,42,14,44,58,95,33,1,46,62,128,.423,.440,.404,.643,.547,.521,G,SO
5760,Josh Cooperwood,736,2002-03,Tennessee State,26,24,736,138,291,97,178,41,113,51,64,25,48,73,43,28,5,79,65,368,.474,.545,.363,.797,.572,.545,G,SR
5761,Matt Peterson,736,2006-07,Utah Valley State,29,29,736,89,166,67,111,22,55,32,46,11,59,70,79,16,2,35,65,232,.536,.604,.400,.696,.618,.602,F,JR
5762,Mike Bauer,736,2003-04,Minnesota,30,16,736,89,236,48,93,41,143,27,35,56,96,152,39,27,45,55,79,246,.377,.516,.287,.771,.487,.464,F,SR
5763,Mike Benton,736,2002-03,College of Charleston,32,29,736,121,200,121,200,0,0,48,91,73,135,208,13,18,74,48,65,290,.605,.605,,.527,.596,.605,C,JR
5764,Paul Gause,736,2006-07,Seton Hall,29,6,736,88,210,55,96,33,114,43,63,29,68,97,48,90,2,34,90,252,.419,.573,.289,.683,.525,.498,G,SO
5765,Quincy Davis,736,2005-06,Tulane,29,28,736,147,253,145,250,2,3,85,127,74,93,167,28,23,46,69,80,381,.581,.580,.667,.669,.608,.585,C,SR
5766,Romel Beck,736,2004-05,UNLV,28,18,736,125,287,66,137,59,150,72,87,13,55,68,35,15,5,57,48,381,.436,.482,.393,.828,.580,.538,F,SR
5767,Ryan Toolson,736,2006-07,Utah Valley State,29,0,736,140,285,67,120,73,165,96,99,5,47,52,52,25,2,47,23,449,.491,.558,.442,.970,.676,.619,G,SO
5768,Tyson Schnitker,736,2003-04,Indiana State,28,27,736,56,125,27,53,29,72,13,23,4,52,56,56,26,1,48,31,154,.448,.509,.403,.565,.566,.564,G,FR
5769,Aaron Caruthers,735,2006-07,North Florida,29,14,735,85,244,53,137,32,107,45,65,24,53,77,35,25,3,64,45,247,.348,.387,.299,.692,.449,.414,G,SO
5770,Anis Taylor,735,2003-04,Bethune-Cookman,29,14,735,74,223,38,95,36,128,44,59,25,48,73,33,28,4,40,59,228,.332,.400,.281,.746,.454,.413,G,SO
5771,Derrick Low,735,2004-05,Washington State,23,22,735,55,147,30,69,25,78,27,31,6,19,25,65,26,3,53,42,162,.374,.435,.321,.871,.501,.459,G,FR
5772,Jamaal Douglas,735,2004-05,Lafayette,28,24,735,107,216,94,175,13,41,51,76,62,134,196,42,22,28,41,94,278,.495,.537,.317,.671,.551,.525,F,SO
5773,Jamal Abu-Shamala,735,2006-07,Minnesota,31,21,735,66,165,22,63,44,102,26,32,16,79,95,28,13,7,37,41,202,.400,.349,.431,.813,.560,.533,G,SO
5774,James Thues,735,2003-04,Detroit Mercy,30,18,735,88,217,51,113,37,104,40,57,11,36,47,107,58,3,75,54,253,.406,.451,.356,.702,.518,.491,G,JR
5775,Joey Henley,735,2004-05,Sacred Heart,27,22,735,130,236,130,234,0,2,73,108,82,71,153,31,22,19,60,83,333,.551,.556,.000,.676,.580,.551,F,SO
5776,Mark Patton,735,2005-06,Marshall,28,28,735,151,312,137,261,14,51,101,134,100,89,189,13,28,39,56,75,417,.484,.525,.275,.754,.555,.506,F,SR
5777,Martin Klimes,735,2004-05,Vermont,32,31,735,61,134,59,128,2,6,29,51,53,70,123,59,26,9,57,113,153,.455,.461,.333,.569,.483,.463,F,SO
5778,Quinton Smith,735,2005-06,Morehead State,27,24,735,61,175,25,71,36,104,37,43,17,41,58,66,27,0,64,58,195,.349,.352,.346,.860,.499,.451,G,SR
5779,Sean Ogirri,735,2006-07,Wichita State,30,21,735,87,224,23,57,64,167,46,51,23,59,82,40,17,4,41,56,284,.388,.404,.383,.902,.572,.531,G,JR
5780,Shawn Malloy,735,2004-05,New Orleans,30,27,735,78,174,78,173,0,1,82,118,85,103,188,27,11,15,54,97,238,.448,.451,.000,.695,.517,.448,C,JR
5781,Taquan Dean,735,2002-03,Louisville,32,22,735,101,256,40,85,61,171,19,26,29,79,108,50,25,1,36,80,282,.395,.471,.357,.731,.525,.514,G,FR
5782,Terrick Willoughby,735,2006-07,Southeast Missouri State,27,23,735,73,170,22,54,51,116,25,41,23,43,66,49,20,11,45,26,222,.429,.407,.440,.610,.586,.579,F,SR
5783,Xavier Silas,735,2006-07,Colorado,25,17,735,101,252,57,137,44,115,55,80,34,59,93,42,19,9,65,68,301,.401,.416,.383,.688,.519,.488,G,FR
5784,Aaron Gill,734,2002-03,Radford,29,25,734,71,152,64,127,7,25,45,81,80,136,216,19,23,32,44,54,194,.467,.504,.280,.556,.509,.490,F,JR
5785,Ben Devoe,734,2005-06,Utah Valley State,29,28,734,125,217,125,217,0,0,39,56,41,116,157,20,13,32,18,81,289,.576,.576,,.696,.593,.576,C,SR
5786,Carson Durr,734,2006-07,Montana State,30,27,734,74,174,29,58,45,116,13,20,23,67,90,51,14,2,45,85,206,.425,.500,.388,.650,.561,.555,F,SR
5787,Deuce Smith,734,2004-05,Eastern Washington,28,25,734,77,182,53,118,24,64,34,46,32,76,108,25,37,12,41,83,212,.423,.449,.375,.739,.520,.489,G,JR
5788,Dwight O'Neil,734,2005-06,Fresno State,26,20,734,98,232,66,130,32,102,52,81,32,84,116,50,37,6,71,74,280,.422,.508,.314,.642,.518,.491,G,SO
5789,Germain Mopa Njila,734,2003-04,Vermont,31,30,734,78,176,72,145,6,31,29,44,64,127,191,43,49,9,60,72,191,.443,.497,.194,.659,.485,.460,F,JR
5790,Jorsua Chambers,734,2003-04,High Point,30,24,734,76,170,69,131,7,39,42,73,43,78,121,70,26,5,69,78,201,.447,.527,.179,.575,.491,.468,F,JR
5791,Justin Blevins,734,2005-06,Central Michigan,28,24,734,67,134,67,134,0,0,29,48,43,58,101,21,25,23,40,84,163,.500,.500,,.604,.520,.500,F,SO
5792,Kevin Nelson,734,2004-05,Central Michigan,25,23,734,142,353,64,163,78,190,62,81,20,53,73,34,29,3,67,48,424,.402,.393,.411,.765,.542,.513,G,JR
5793,Kurtis Rice,734,2003-04,Charleston Southern,27,23,734,150,284,148,274,2,10,52,81,60,78,138,23,23,17,62,79,354,.528,.540,.200,.642,.549,.532,F,JR
5794,Kyle Spain,734,2006-07,San Diego State,31,18,734,64,161,48,112,16,49,60,83,52,90,142,29,35,14,42,62,204,.398,.429,.327,.723,.509,.447,F,SO
5795,Matt Braeuer,734,2006-07,Wichita State,29,25,734,51,137,19,55,32,82,44,56,9,53,62,95,33,1,34,53,178,.372,.345,.390,.786,.544,.489,G,JR
5796,Ollie Bailey,734,2004-05,Rutgers,29,28,734,111,225,111,224,0,1,59,90,45,82,127,9,10,14,40,61,281,.493,.496,.000,.656,.525,.493,F,FR
5797,Pape Ba,734,2003-04,Bethune-Cookman,29,25,734,116,269,116,269,0,0,51,81,63,89,152,29,11,12,57,59,283,.431,.431,,.630,.460,.431,C,SR
5798,Patrick Beilein,734,2003-04,West Virginia,31,1,734,84,206,15,36,69,170,50,63,6,58,64,57,22,2,44,40,287,.408,.417,.406,.794,.608,.575,G,SO
5799,Quenton Pryor,734,2005-06,Morehead State,25,21,734,95,204,66,132,29,72,46,67,22,70,92,67,37,12,42,59,265,.466,.500,.403,.687,.562,.537,F,JR
5800,Stephen Sir,734,2005-06,Northern Arizona,32,3,734,118,249,25,59,93,190,25,30,,,55,43,20,1,57,53,354,.474,.424,.489,.833,.672,.661,G,JR
5801,Uche Echefu,734,2006-07,Florida State,35,35,734,80,183,55,107,25,76,58,75,41,110,151,20,29,20,50,96,243,.437,.514,.329,.773,.556,.505,F,SO
5802,Andrea Crosariol,733,2004-05,Fairleigh Dickinson,33,33,733,107,181,107,181,0,0,41,74,59,112,171,29,12,55,55,98,255,.591,.591,,.554,.590,.591,C,SO
5803,Bucky McMillan,733,2004-05,Birmingham–Southern,30,30,733,56,125,35,72,21,53,30,47,14,52,66,74,22,0,33,65,163,.448,.486,.396,.638,.553,.532,G,SO
5804,Donnie Jackson,733,2002-03,Southern Utah,28,23,733,87,189,70,146,17,43,61,94,41,106,147,42,22,33,48,67,252,.460,.479,.395,.649,.539,.505,F,SR
5805,Doug Scott,733,2006-07,Southern,31,18,733,69,149,68,142,1,7,36,73,60,88,148,24,15,18,47,59,175,.463,.479,.143,.493,.476,.466,F,FR
5806,Dwight Lewis,733,2006-07,Southern California,37,11,733,80,197,60,136,20,61,35,53,16,62,78,40,23,0,50,46,215,.406,.441,.328,.660,.484,.457,G,FR
5807,Ernest Maul,733,2006-07,Florida A&M,35,27,733,41,108,13,36,28,72,62,72,13,51,64,72,27,1,70,60,172,.380,.361,.389,.861,.605,.509,G,JR
5808,Jordan Hasquet,733,2005-06,Montana,31,26,733,101,190,80,129,21,61,27,44,43,82,125,33,12,10,39,90,250,.532,.620,.344,.614,.593,.587,F,FR
5809,J.R. Duffey,733,2004-05,Niagara,30,30,733,81,184,55,107,26,77,63,81,61,99,160,28,18,7,37,75,251,.440,.514,.338,.778,.564,.511,F,SO
5810,Kenneth Willingham,733,2006-07,SMU,31,14,733,49,167,14,49,35,118,34,41,6,43,49,62,19,0,39,32,167,.293,.286,.297,.829,.448,.398,G,JR
5811,Michael Lusk,733,2006-07,Lipscomb,29,25,733,51,137,30,60,21,77,36,50,23,62,85,48,27,7,30,50,159,.372,.500,.273,.720,.495,.449,G,SO
5812,Michael Umeh,733,2004-05,UNLV,31,17,733,110,240,70,131,40,109,41,60,20,59,79,43,21,4,47,56,301,.458,.534,.367,.683,.561,.542,G,SO
5813,Nick Robinson,733,2002-03,Stanford,33,11,733,63,132,57,110,6,22,17,33,65,75,140,42,27,6,36,62,149,.477,.518,.273,.515,.504,.500,F,SO
5814,Rob Little,733,2002-03,Stanford,33,33,733,116,204,116,204,0,0,59,108,80,108,188,31,11,29,70,106,291,.569,.569,,.546,.570,.569,C,SO
5815,Shawn Wiggins,733,2004-05,South Carolina State,29,19,733,85,200,53,93,32,107,44,59,18,61,79,21,24,5,28,50,246,.425,.570,.299,.746,.539,.505,G,SR
5816,Tony White Jr,733,2006-07,College of Charleston,33,7,733,69,184,35,82,34,102,40,48,12,50,62,54,17,0,68,40,212,.375,.427,.333,.833,.513,.467,G,FR
5817,Anthony Johnson,732,2002-03,Louisiana–Lafayette,27,19,732,134,264,108,171,26,93,95,137,52,91,143,38,25,17,57,53,389,.508,.632,.280,.693,.591,.557,F,SR
5818,Antoine Whelchel,732,2002-03,Murray State,29,18,732,78,182,51,101,27,81,47,64,37,88,125,64,29,9,55,60,230,.429,.505,.333,.734,.541,.503,F,JR
5819,Austin Johnson,732,2006-07,Oklahoma,31,23,732,78,198,41,91,37,107,25,27,8,49,57,87,26,15,44,66,218,.394,.451,.346,.926,.517,.487,G,SO
5820,Cordaryl Ballard,732,2006-07,Morehead State,30,24,732,104,211,88,163,16,48,55,77,60,64,124,30,26,2,41,79,279,.493,.540,.333,.714,.563,.531,G,SO
5821,David Haywood,732,2002-03,Southern Mississippi,29,5,732,63,159,25,75,38,84,28,39,18,51,69,46,20,4,30,67,192,.396,.333,.452,.718,.541,.516,F,SO
5822,Garrett Callahan,732,2006-07,South Dakota State,26,19,732,67,193,45,117,22,76,60,74,16,55,71,64,20,1,67,49,216,.347,.385,.289,.811,.473,.404,G,FR
5823,Jean Francois,732,2002-03,Georgia Southern,29,13,732,124,233,122,225,2,8,72,116,76,105,181,31,25,20,51,56,322,.532,.542,.250,.621,.559,.536,F,SO
5824,Jermaine Wallace,732,2002-03,Northwestern State,27,19,732,112,265,80,171,32,94,43,59,26,70,96,47,35,13,60,42,299,.423,.468,.340,.729,.510,.483,G,FR
5825,Marcus Allen,732,2005-06,Jacksonville,27,13,732,117,252,98,207,19,45,62,100,67,108,175,24,20,24,72,67,315,.464,.473,.422,.620,.526,.502,F,FR
5826,Rich Pittman,732,2004-05,Central Connecticut State,26,18,732,99,197,99,196,0,1,44,75,72,74,146,31,12,7,46,53,242,.503,.505,.000,.587,.520,.503,F,SR
5827,Ronald Ramon,732,2004-05,Pittsburgh,28,4,732,62,171,19,43,43,128,24,31,11,36,47,52,24,0,23,58,191,.363,.442,.336,.774,.514,.488,G,FR
5828,Tyler Azzarelli,732,2005-06,Monmouth,24,23,732,75,165,47,83,28,82,42,69,13,70,83,83,48,1,43,68,220,.455,.566,.341,.609,.556,.539,G,SR
5829,Tyrone Barley,732,2002-03,Saint Joseph's,30,8,732,56,142,32,72,24,70,44,54,15,52,67,60,33,1,41,69,180,.394,.444,.343,.815,.537,.479,G,JR
5830,William Bakanowsky,732,2004-05,Central Florida,28,26,732,61,125,34,58,27,67,29,33,44,77,121,36,16,14,36,71,178,.488,.586,.403,.879,.633,.596,C,JR
5831,Brandon Guyton,731,2003-04,Sacramento State,28,21,731,93,244,15,36,78,208,15,21,4,46,50,46,23,2,14,30,279,.381,.417,.375,.714,.549,.541,G,SR
5832,Cedrick Barrow,731,2003-04,Morgan State,25,25,731,73,192,54,131,19,61,108,134,18,50,68,78,19,2,72,55,273,.380,.412,.311,.806,.534,.430,G,SR
5833,Chris Chalko,731,2005-06,Elon,28,26,731,123,283,48,81,75,202,31,41,24,101,125,17,10,4,34,28,352,.435,.593,.371,.756,.582,.567,F,JR
5834,Dawan Robinson,731,2002-03,Rhode Island,31,6,731,120,281,95,186,25,95,81,111,15,72,87,60,53,7,74,79,346,.427,.511,.263,.730,.518,.472,G,SO
5835,Dokun Akingbade,731,2006-07,George Washington,32,31,731,98,179,98,178,0,1,36,65,73,105,178,31,12,24,26,95,232,.547,.551,.000,.554,.553,.547,F,SR
5836,Etienne Brower,731,2004-05,Boston University,29,29,731,87,203,63,138,24,65,43,61,43,115,158,28,17,40,33,69,241,.429,.457,.369,.705,.519,.488,F,SO
5837,Frederic Adjiwanou,731,2003-04,St. Mary's (CA),30,21,731,78,184,75,167,3,17,105,156,64,138,202,24,20,18,65,82,264,.424,.449,.176,.673,.511,.432,F,JR
5838,Greg Roberts,731,2004-05,North Carolina A&T,29,28,731,66,169,61,142,5,27,28,57,31,89,120,35,41,15,73,67,165,.391,.430,.185,.491,.421,.405,F,SO
5839,Keion Henderson,731,2003-04,IPFW,27,23,731,91,231,58,130,33,101,27,34,35,72,107,36,16,4,46,37,242,.394,.446,.327,.794,.490,.465,F,SR
5840,Kenny Lowe,731,2002-03,Purdue,27,26,731,81,180,57,122,24,58,126,142,12,54,66,54,31,1,39,74,312,.450,.467,.414,.887,.630,.517,G,JR
5841,Kevin Jones,731,2004-05,Chicago State,27,15,731,49,176,13,58,36,118,24,33,8,37,45,62,37,3,34,31,158,.278,.224,.305,.727,.412,.381,G,FR
5842,Mike Harris,731,2002-03,Rice,28,4,731,172,276,164,259,8,17,75,99,62,143,205,30,30,25,50,54,427,.623,.633,.471,.758,.661,.638,F,SO
5843,Rich Pittman,731,2003-04,Central Connecticut State,25,20,731,97,163,97,163,0,0,63,116,62,78,140,26,11,6,46,62,257,.595,.595,,.543,.589,.595,F,JR
5844,Robert Tomaszek,731,2003-04,Texas Tech,31,26,731,98,204,96,191,2,13,32,45,37,97,134,73,24,6,56,71,230,.480,.503,.154,.711,.510,.485,F,SR
5845,Tre Whitted,731,2005-06,Marshall,28,27,731,69,178,29,56,40,122,30,45,41,60,101,32,24,1,50,58,208,.388,.518,.328,.667,.522,.500,G,JR
5846,Trey Guidry,731,2002-03,Illinois State,29,14,731,112,288,49,137,63,151,34,41,3,42,45,43,9,2,60,57,321,.389,.358,.417,.829,.522,.498,G,SO
5847,Troy Godwin,731,2002-03,VCU,28,27,731,110,226,110,226,0,0,41,81,89,141,230,23,17,41,60,88,261,.487,.487,,.506,.493,.487,C,JR
5848,Al Horford,730,2004-05,Florida,32,23,730,61,127,61,127,0,0,57,98,72,137,209,28,26,51,31,79,179,.480,.480,,.582,.516,.480,F,FR
5849,Anthony Paez,730,2004-05,Stephen F. Austin,27,27,730,106,229,89,176,17,53,62,88,54,70,124,18,12,9,54,52,291,.463,.506,.321,.705,.537,.500,F,JR
5850,Brandon Fuss-Cheatham,730,2003-04,Ohio State,30,22,730,55,141,45,103,10,38,43,71,12,46,58,72,30,0,50,59,163,.390,.437,.263,.606,.466,.426,G,JR
5851,Brion Rush,730,2005-06,Grambling State,21,20,730,189,462,135,289,54,173,109,131,29,117,146,71,48,1,73,50,541,.409,.467,.312,.832,.516,.468,G,SR
5852,Carlos Taylor,730,2006-07,Montana State,29,9,730,125,309,91,195,34,114,76,115,25,67,92,75,35,13,90,89,360,.405,.467,.298,.661,.495,.460,G,JR
5853,Chris Copeland,730,2004-05,Colorado,29,14,730,116,259,65,123,51,136,57,70,48,113,161,43,10,36,54,82,340,.448,.528,.375,.814,.582,.546,F,JR
5854,Chris Copeland,730,2005-06,Colorado,30,28,730,124,282,74,142,50,140,64,93,50,102,152,47,23,32,46,72,362,.440,.521,.357,.688,.555,.528,F,SR
5855,Curtis Withers,730,2002-03,Charlotte,29,18,730,104,264,101,234,3,30,63,100,73,114,187,38,34,22,46,57,274,.394,.432,.100,.630,.440,.400,F,FR
5856,DaJuan Gouard,730,2004-05,Loyola Chicago,23,21,730,135,294,102,200,33,94,66,85,17,58,75,73,38,0,69,53,369,.459,.510,.351,.776,.552,.515,G,SR
5857,Dontell Jefferson,730,2005-06,Arkansas,32,24,730,35,85,29,59,6,26,27,40,17,81,98,142,46,15,71,68,103,.412,.492,.231,.675,.495,.447,G,SR
5858,Emmett Thomas,730,2003-04,Alabama,33,2,730,96,208,41,83,55,125,40,58,32,72,104,17,17,2,37,66,287,.462,.494,.440,.690,.609,.594,F,SR
5859,Joe Bills,730,2002-03,Wright State,28,22,730,28,91,8,19,20,72,16,18,7,27,34,55,17,5,27,66,92,.308,.421,.278,.889,.462,.418,G,SR
5860,Justin Conway,730,2006-07,Princeton,25,22,730,55,141,51,112,4,29,34,51,36,62,98,54,37,6,50,72,148,.390,.455,.138,.667,.448,.404,F,SR
5861,Kyle Roemer,730,2005-06,Colgate,26,23,730,97,248,41,88,56,160,47,55,18,71,89,13,23,8,52,49,297,.391,.466,.350,.855,.542,.504,F,SO
5862,Matt Bell,730,2003-04,Army,27,27,730,50,139,29,86,21,53,55,77,11,70,81,55,22,0,51,45,176,.360,.337,.396,.714,.501,.435,G,FR
5863,Mike Konovelchick,730,2005-06,Manhattan,28,27,730,64,174,38,79,26,95,29,54,12,67,79,50,32,22,31,83,183,.368,.481,.274,.537,.458,.443,F,SR
5864,Mitch Johnson,730,2006-07,Stanford,31,20,730,47,132,30,79,17,53,23,28,4,83,87,103,29,0,62,53,134,.356,.380,.321,.821,.461,.420,G,SO
5865,Nate Carter,730,2006-07,Oklahoma,31,17,730,123,254,118,240,5,14,109,126,68,91,159,23,25,2,37,61,360,.484,.492,.357,.865,.574,.494,F,SR
5866,Noah Savage,730,2004-05,Princeton,28,28,730,54,134,18,43,36,91,36,42,13,40,53,24,15,9,32,93,180,.403,.419,.396,.857,.585,.537,F,FR
5867,Pops Mensah-Bonsu,730,2004-05,George Washington,30,22,730,141,247,141,247,0,0,97,170,65,132,197,24,26,46,61,83,379,.571,.571,,.571,.578,.571,F,JR
5868,Rashid Cann,730,2006-07,Norfolk State,30,25,730,38,86,32,62,6,24,31,45,12,38,50,68,26,1,63,72,113,.442,.516,.250,.689,.526,.477,G,JR
5869,Ray Nixon,730,2005-06,Wisconsin,31,31,730,68,166,22,39,46,127,11,16,10,44,54,46,12,9,19,54,193,.410,.564,.362,.688,.556,.548,F,SR
5870,Tejay Anderson,730,2003-04,Youngstown State,28,13,730,92,188,88,170,4,18,53,81,59,84,143,63,43,30,66,57,241,.489,.518,.222,.654,.532,.500,F,SR
5871,Tyler Berg,730,2005-06,Wofford,25,24,730,108,207,108,205,0,2,56,94,47,101,148,18,16,10,58,63,272,.522,.527,.000,.596,.540,.522,C,SR
5872,Tyquawn Goode,730,2002-03,Fairfield,31,10,730,45,103,20,47,25,56,63,85,8,42,50,115,48,0,62,75,178,.437,.426,.446,.741,.621,.558,G,SO
5873,Tyrone Nelson,730,2006-07,New Mexico State,26,16,730,108,215,107,212,1,3,82,121,72,94,166,55,35,9,65,72,299,.502,.505,.333,.678,.549,.505,F,JR
5874,Allan Sheppard,729,2004-05,St. Francis Brooklyn,28,28,729,131,253,127,231,4,22,53,117,42,80,122,29,29,22,43,88,319,.518,.550,.182,.453,.517,.526,G,SO
5875,Anthony Williams,729,2005-06,Central Florida,29,27,729,109,234,108,231,1,3,51,78,60,91,151,33,20,33,73,95,270,.466,.468,.333,.654,.498,.468,F,SR
5876,Antone Jarrell,729,2003-04,Portland State,27,21,729,92,196,71,128,21,68,27,41,14,67,81,35,32,15,59,77,232,.469,.555,.309,.659,.538,.523,F,JR
5877,Calvin Warner,729,2002-03,Jacksonville,23,23,729,158,295,149,272,9,23,64,91,65,115,180,31,21,32,68,46,389,.536,.548,.391,.703,.575,.551,F,SR
5878,Gavin Grant,729,2005-06,NC State,32,9,729,85,188,76,143,9,45,88,118,36,115,151,73,16,13,69,52,267,.452,.531,.200,.746,.547,.476,F,SO
5879,Glenn Batemon,729,2002-03,Fordham,28,28,729,105,208,105,208,0,0,81,151,52,105,157,13,16,24,45,85,291,.505,.505,,.536,.520,.505,C,SO
5880,Kevin Massiah,729,2006-07,Milwaukee,31,22,729,88,184,73,145,15,39,52,79,53,109,162,31,12,10,42,115,243,.478,.503,.385,.658,.548,.519,F,SR
5881,Kyle Roemer,729,2004-05,Colgate,28,21,729,98,217,45,100,53,117,31,37,26,70,96,33,26,7,61,61,280,.452,.450,.453,.838,.597,.574,F,FR
5882,Mike St. John,729,2005-06,La Salle,28,1,729,55,117,36,68,19,49,32,56,49,123,172,31,24,7,47,77,161,.470,.529,.388,.571,.561,.551,F,JR
5883,Mychal Kearse,729,2003-04,Mount St. Mary's,29,23,729,67,178,65,168,2,10,53,75,51,111,162,56,38,3,57,67,189,.376,.387,.200,.707,.442,.382,G,FR
5884,Reggie Bryant,729,2004-05,Saint Louis,24,20,729,97,267,49,122,48,145,50,60,8,68,76,45,8,0,54,39,292,.363,.402,.331,.833,.494,.453,G,SR
5885,Ryan Heck,729,2004-05,Troy State,28,26,729,62,154,18,37,44,117,26,31,15,51,66,52,26,4,20,51,194,.403,.486,.376,.839,.575,.545,F,SR
5886,Sam Brand,729,2003-04,Morgan State,25,25,729,87,215,36,87,51,128,30,46,13,59,72,45,32,3,45,63,255,.405,.414,.398,.652,.538,.523,G,SO
5887,Aaron Andrews,728,2003-04,Morgan State,27,27,728,124,201,124,201,0,0,48,97,71,96,167,17,27,13,74,96,296,.617,.617,,.495,.599,.617,C,JR
5888,Brandon Rohe,728,2002-03,Santa Clara,28,7,728,87,250,36,105,51,145,73,93,24,45,69,67,28,0,68,68,298,.348,.343,.352,.785,.507,.450,G,FR
5889,Bryan Turner,728,2003-04,Southern Illinois,30,30,728,45,160,12,45,33,115,22,31,14,55,69,81,41,4,47,52,145,.281,.267,.287,.710,.415,.384,G,SR
5890,Charles Thomas,728,2005-06,Arkansas,32,21,728,103,198,97,186,6,12,99,137,77,83,160,25,19,5,44,79,311,.520,.522,.500,.723,.591,.535,F,SO
5891,David Lunn,728,2002-03,Delaware,29,21,728,73,169,53,111,20,58,50,64,36,73,109,47,31,12,48,82,216,.432,.477,.345,.781,.542,.491,G,SO
5892,David Ruffin,728,2004-05,Hartford,28,26,728,93,247,88,224,5,23,36,65,42,66,108,34,33,4,47,53,227,.377,.393,.217,.554,.408,.387,G,JR
5893,Deng Gai,728,2002-03,Fairfield,25,20,728,111,205,93,157,18,48,79,110,37,134,171,23,10,96,58,67,319,.541,.592,.375,.718,.620,.585,F,SO
5894,Derrick Davis,728,2005-06,South Carolina State,27,17,728,65,168,47,105,18,63,62,80,21,51,72,70,24,2,74,58,210,.387,.448,.286,.775,.510,.440,G,SO
5895,Derrick Obasohan,728,2002-03,UT Arlington,29,20,728,121,296,96,220,25,76,62,97,35,88,123,35,20,5,55,64,329,.409,.436,.329,.639,.481,.451,F,JR
5896,Henry Uhegwu,728,2005-06,Southern Utah,29,21,728,115,243,60,115,55,128,106,142,18,76,94,44,28,6,64,58,391,.473,.522,.430,.746,.630,.586,G,JR
5897,Isacc Miles,728,2006-07,Creighton,33,27,728,65,166,28,53,37,113,33,43,21,48,69,56,34,1,36,61,200,.392,.528,.327,.767,.536,.503,G,FR
5898,Jerome Odem,728,2006-07,Troy,30,19,728,53,146,23,59,30,87,5,11,2,41,43,97,28,0,59,29,141,.363,.390,.345,.455,.466,.466,G,JR
5899,Justin Marshall,728,2006-07,Iona,30,14,728,94,220,86,185,8,35,60,95,49,87,136,15,11,42,58,105,256,.427,.465,.229,.632,.483,.445,F,SR
5900,Osiris Eldridge,728,2006-07,Illinois State,31,13,728,97,253,48,123,49,130,52,66,37,102,139,37,32,2,40,47,295,.383,.390,.377,.788,.519,.480,G,FR
5901,Ryan Martin,728,2005-06,Wichita State,35,2,728,74,147,74,147,0,0,44,81,62,104,166,25,19,10,33,56,192,.503,.503,,.543,.518,.503,G,JR
5902,Sherman Gay,728,2002-03,Loyola Marymount,31,20,728,120,233,120,232,0,1,40,87,57,82,139,14,30,60,40,95,280,.515,.517,.000,.460,.510,.515,F,JR
5903,Stephen Cowherd,728,2006-07,South Alabama,31,4,728,55,136,22,47,33,89,29,42,13,29,42,62,27,1,24,69,172,.404,.468,.371,.690,.551,.526,G,SR
5904,Thaydeus Holden,728,2002-03,Tennessee,29,16,728,75,190,27,71,48,119,48,58,20,52,72,43,18,7,37,69,246,.395,.380,.403,.828,.565,.521,G,SR
5905,Tommy Mitchell,728,2003-04,Siena,27,16,728,85,242,65,159,20,83,91,115,19,58,77,65,25,3,66,70,281,.351,.409,.241,.791,.474,.393,G,JR
5906,Tyronn Mitchell,728,2004-05,Northwestern State,33,33,728,62,161,37,93,25,68,51,61,16,69,85,142,70,2,76,60,200,.385,.398,.368,.836,.526,.463,G,JR
5907,Alvin Green,727,2003-04,Coastal Carolina,27,24,727,74,177,52,119,22,58,22,44,32,54,86,101,42,0,69,57,192,.418,.437,.379,.500,.485,.480,G,JR
5908,Byron Davis,727,2003-04,New Mexico State,27,16,727,47,127,26,69,21,58,32,50,11,47,58,56,20,7,50,42,147,.370,.377,.362,.640,.488,.453,G,FR
5909,Chris Logan,727,2005-06,Loyola Chicago,30,22,727,100,227,75,165,25,62,38,44,11,60,71,56,25,2,34,71,263,.441,.455,.403,.864,.530,.496,G,SR
5910,DeVon Hardin,727,2005-06,California,31,30,727,85,171,85,171,0,0,55,88,66,139,205,17,12,48,37,94,225,.497,.497,,.625,.529,.497,C,SO
5911,Esa Maki-Tulokas,727,2003-04,LIU Brooklyn,27,24,727,75,187,55,125,20,62,57,81,37,133,170,43,16,5,56,91,227,.401,.440,.323,.704,.503,.455,F,FR
5912,Griffin Walker,727,2002-03,New Hampshire,28,23,727,67,228,52,176,15,52,65,102,53,87,140,33,31,5,58,74,214,.294,.295,.288,.637,.387,.327,G,JR
5913,Jake Sims,727,2006-07,Gardner-Webb,28,17,727,70,192,30,75,40,117,21,27,32,65,97,49,22,6,35,63,201,.365,.400,.342,.778,.491,.469,G,JR
5914,Jason Harris,727,2005-06,Sacramento State,25,21,727,113,270,103,242,10,28,94,125,61,76,137,36,25,19,59,54,330,.419,.426,.357,.752,.501,.437,F,SR
5915,Jeremy Clayton,727,2005-06,Appalachian State,27,24,727,103,193,103,188,0,5,52,86,69,115,184,34,28,52,58,81,258,.534,.548,.000,.605,.552,.534,F,SO
5916,J.P. Batista,727,2004-05,Gonzaga,29,17,727,138,228,131,214,7,14,77,96,77,103,180,26,21,6,64,79,360,.605,.612,.500,.802,.658,.621,C,JR
5917,Kevin Nelson,727,2003-04,Central Michigan,30,25,727,122,308,47,115,75,193,51,65,10,52,62,52,27,2,78,85,370,.396,.409,.389,.785,.546,.518,G,SO
5918,Reginald Jackson,727,2006-07,Duquesne,29,19,727,73,187,48,110,25,77,45,53,13,29,42,98,39,0,64,50,216,.390,.436,.325,.849,.509,.457,G,JR
5919,Shaun Wynn,727,2003-04,Boston University,29,27,727,89,186,65,122,24,64,35,58,45,84,129,83,60,5,44,58,237,.478,.533,.375,.603,.555,.543,G,SO
5920,Shy Ely,727,2006-07,Evansville,31,4,727,73,147,62,116,11,31,56,75,18,72,90,59,15,11,54,63,213,.497,.534,.355,.747,.583,.534,F,SO
5921,Steve Cherry,727,2004-05,Chattanooga,31,30,727,70,195,58,141,12,54,48,76,35,75,110,62,28,2,76,49,200,.359,.411,.222,.632,.433,.390,G,JR
5922,Tony Young,727,2004-05,Southern Illinois,35,5,727,72,155,38,73,34,82,36,45,8,47,55,50,47,3,51,95,214,.465,.521,.415,.800,.607,.574,G,SO
5923,Victor Brown,727,2003-04,New Orleans,27,14,727,87,196,87,195,0,1,67,123,47,117,164,29,22,14,66,67,241,.444,.446,.000,.545,.474,.444,F,JR
5924,Wesley Duke,727,2002-03,Mercer,29,25,727,90,152,90,149,0,3,90,120,77,116,193,37,22,65,41,77,270,.592,.604,.000,.750,.646,.592,F,SO
5925,Adrian Hill,726,2006-07,Rutgers,29,28,726,99,169,99,168,0,1,84,120,79,120,199,13,10,10,47,87,282,.586,.589,.000,.700,.624,.586,F,SR
5926,Alvin Broussard,726,2003-04,San Francisco,31,29,726,103,197,87,152,16,45,26,52,72,93,165,51,36,15,53,100,248,.523,.572,.356,.500,.559,.563,F,SR
5927,Brett Loscalzo,726,2004-05,Columbia,27,26,726,49,138,15,44,34,94,24,30,12,38,50,78,28,4,52,57,156,.355,.341,.362,.800,.512,.478,G,FR
5928,Chad Mohn,726,2005-06,UNC Asheville,26,23,726,89,209,78,162,11,47,44,59,60,127,187,59,24,18,46,53,233,.426,.481,.234,.746,.492,.452,F,SR
5929,Chris Richard,726,2006-07,Florida,40,4,726,98,142,98,142,0,0,52,83,63,84,147,17,13,12,47,92,248,.690,.690,,.627,.683,.690,C,SR
5930,Dan Grunfeld,726,2004-05,Stanford,22,22,726,140,280,112,215,28,65,86,115,33,87,120,40,13,2,37,29,394,.500,.521,.431,.748,.589,.550,F,JR
5931,Dane Brumagin,726,2006-07,Kansas City,32,20,726,102,275,42,105,60,170,43,50,31,70,101,22,31,7,29,65,307,.371,.400,.353,.860,.514,.480,F,SO
5932,Howard Smith,726,2002-03,Rhode Island,30,25,726,29,95,24,62,5,33,24,34,21,82,103,123,52,3,46,50,87,.305,.387,.152,.706,.391,.332,G,SR
5933,Jay Tunnell,726,2005-06,Indiana State,29,28,726,94,209,79,164,15,45,49,74,40,65,105,18,10,14,27,87,252,.450,.482,.333,.662,.516,.486,F,FR
5934,Jeremy Brown,726,2002-03,Idaho State,28,19,726,109,289,65,145,44,144,32,51,33,99,132,78,41,13,77,65,294,.377,.448,.306,.627,.469,.453,F,SR
5935,Jermaine Blackburn,726,2003-04,Boise State,27,14,726,149,302,120,207,29,95,44,64,33,57,90,39,28,5,55,42,371,.493,.580,.305,.688,.558,.541,G,JR
5936,Joey Butler,726,2005-06,Mount St. Mary's,30,29,726,60,149,52,125,8,24,31,42,21,60,81,89,26,3,67,50,159,.403,.416,.333,.738,.471,.430,G,FR
5937,Kenell Sanchez,726,2003-04,Drexel,29,11,726,83,190,71,161,12,29,69,88,25,85,110,54,15,11,32,53,247,.437,.441,.414,.784,.533,.468,G,SO
5938,Kerbrell Brown,726,2003-04,South Carolina,33,27,726,95,216,74,146,21,70,31,48,54,95,149,42,34,34,38,86,242,.440,.507,.300,.646,.507,.488,F,SR
5939,Koko Archibong,726,2002-03,Pennsylvania,28,27,726,111,230,78,150,33,80,47,69,30,101,131,30,19,14,56,88,302,.483,.520,.413,.681,.575,.554,F,SR
5940,Mike Jensen,726,2003-04,Washington,31,31,726,87,186,63,128,24,58,37,61,36,102,138,29,21,13,43,94,235,.468,.492,.414,.607,.547,.532,F,SO
5941,Rashad Bell,726,2003-04,Boston University,29,25,726,117,271,107,232,10,39,90,147,73,123,196,20,15,22,59,70,334,.432,.461,.256,.612,.490,.450,F,JR
5942,Tre Whitted,726,2003-04,Marshall,29,29,726,64,188,41,109,23,79,29,57,33,64,97,37,13,2,69,67,180,.340,.376,.291,.509,.418,.402,G,FR
5943,Antonio Graves,725,2004-05,Pittsburgh,27,25,725,73,177,37,99,36,78,28,42,7,48,55,53,22,2,43,59,210,.412,.374,.462,.667,.533,.514,G,SO
5944,Ben Green,725,2005-06,Detroit Mercy,32,23,725,80,159,56,108,24,51,18,26,31,62,93,47,14,7,39,40,202,.503,.519,.471,.692,.589,.579,G,SR
5945,Bryan Shelton,725,2002-03,Houston,28,26,725,47,141,18,44,29,97,10,11,8,48,56,40,20,5,48,63,133,.333,.409,.299,.909,.455,.436,G,SO
5946,Chey Christie,725,2005-06,South Alabama,31,30,725,108,232,88,160,20,72,44,65,36,90,126,48,33,3,40,55,280,.466,.550,.278,.677,.533,.509,G,SR
5947,Chris Foster,725,2002-03,Northern Iowa,27,26,725,85,232,54,129,31,103,50,76,7,50,57,118,26,2,82,55,251,.366,.419,.301,.658,.468,.433,G,SO
5948,David Berghoefer,725,2003-04,Western Carolina,27,20,725,129,247,129,247,0,0,77,115,76,130,206,17,19,11,47,65,335,.522,.522,,.670,.555,.522,C,SO
5949,Eric Taylor,725,2003-04,Cornell,27,27,725,100,171,100,170,0,1,54,124,67,135,202,35,16,25,58,68,254,.585,.588,.000,.435,.552,.585,F,JR
5950,Jason Hickenbottom,725,2005-06,Central Connecticut State,29,19,725,74,149,69,133,5,16,83,117,51,82,133,38,28,4,44,83,236,.497,.519,.313,.709,.577,.513,F,SO
5951,Junior Salters,725,2006-07,Wofford,30,16,725,86,218,29,74,57,144,16,24,22,65,87,49,20,2,37,56,245,.394,.392,.396,.667,.534,.525,G,FR
5952,Justin Rowe,725,2002-03,Maine,25,25,725,99,162,99,162,0,0,60,105,58,177,235,21,5,105,57,56,258,.611,.611,,.571,.609,.611,C,SR
5953,Karl Hollingsworth,725,2004-05,Stetson,27,24,725,90,221,56,115,34,106,32,45,30,66,96,34,23,5,72,58,246,.407,.487,.321,.711,.507,.484,F,JR
5954,Keith Kincade,725,2002-03,Loyola Marymount,31,29,725,98,210,86,177,12,33,76,98,32,68,100,34,11,8,34,41,284,.467,.486,.364,.776,.553,.495,F,JR
5955,Keith Young,725,2005-06,Norfolk State,31,9,725,64,161,32,72,32,89,21,34,24,59,83,47,29,6,32,50,181,.398,.444,.360,.618,.511,.497,G,SR
5956,Louis Amundson,725,2004-05,UNLV,30,30,725,105,187,105,187,0,0,23,80,76,148,224,11,30,43,44,94,233,.561,.561,,.288,.518,.561,F,JR
5957,Marcus Clark,725,2002-03,Stephen F. Austin,28,3,725,73,177,60,139,13,38,91,113,12,48,60,96,32,0,61,57,250,.412,.432,.342,.805,.542,.449,G,FR
5958,Matt Jakeway,725,2003-04,Kent State,31,10,725,60,131,21,43,39,88,44,51,43,75,118,87,36,1,34,54,203,.458,.488,.443,.863,.654,.607,G,SR
5959,Omar Collington,725,2003-04,UNC Asheville,29,26,725,74,189,40,80,34,109,33,39,14,62,76,39,21,1,47,53,215,.392,.500,.312,.846,.518,.481,G,SO
5960,Vernard Jenkins,725,2002-03,Air Force,25,24,725,33,74,20,33,13,41,19,41,4,27,31,60,21,0,32,58,98,.446,.606,.317,.463,.524,.534,G,SR
5961,Andre Smith,724,2006-07,George Mason,32,18,724,94,229,42,96,52,133,16,27,16,54,70,40,27,3,36,48,256,.410,.438,.391,.593,.529,.524,G,SO
5962,Bernard Allen,724,2003-04,Loyola (MD),28,16,724,69,214,52,146,17,68,34,59,53,124,177,39,24,0,49,50,189,.322,.356,.250,.576,.390,.362,F,JR
5963,Dominique Sharpe,724,2006-07,Prairie View A&M,30,18,724,90,209,86,201,4,8,53,74,44,76,120,32,32,5,59,92,237,.431,.428,.500,.716,.485,.440,F,JR
5964,Eric Ferguson,724,2003-04,Arkansas,28,20,724,75,202,46,117,29,85,48,56,12,61,73,78,37,6,55,60,227,.371,.393,.341,.857,.497,.443,G,SO
5965,Gary Forbes,724,2003-04,Virginia,31,17,724,93,216,77,158,16,58,35,69,41,82,123,46,30,28,59,66,237,.431,.487,.276,.507,.476,.468,F,FR
5966,Jacques Jones,724,2004-05,Texas Southern,26,20,724,65,176,56,145,9,31,44,75,60,122,182,45,25,29,57,77,183,.369,.386,.290,.587,.432,.395,F,FR
5967,Joe Krabbenhoft,724,2006-07,Wisconsin,36,1,724,58,118,48,93,10,25,48,68,53,120,173,58,20,3,37,56,174,.492,.516,.400,.706,.579,.534,F,SO
5968,Joseph Flegler,724,2005-06,Savannah State,30,30,724,94,251,65,164,29,87,82,100,17,37,54,74,35,0,107,71,299,.375,.396,.333,.820,.501,.432,G,SO
5969,Ken Tutt,724,2005-06,Oral Roberts,23,18,724,110,279,58,155,52,124,54,65,9,38,47,53,17,1,58,33,326,.394,.374,.419,.831,.526,.487,G,JR
5970,Kyle Buggs,724,2002-03,New Orleans,29,20,724,90,188,53,103,37,85,16,29,24,49,73,25,8,7,27,29,233,.479,.515,.435,.552,.577,.577,G,JR
5971,Kyle Greathouse,724,2003-04,Western Carolina,28,24,724,53,141,13,24,40,117,34,38,9,36,45,87,29,0,50,49,180,.376,.542,.342,.895,.566,.518,G,FR
5972,Pearson Griffith,724,2005-06,Murray State,31,31,724,95,187,95,187,0,0,44,95,65,117,182,26,16,79,49,90,234,.508,.508,,.463,.504,.508,C,SR
5973,Taylor Griffin,724,2006-07,Oklahoma,31,22,724,70,175,68,154,2,21,54,81,57,104,161,42,24,29,57,93,196,.400,.442,.095,.667,.459,.406,F,SO
5974,Todd Abernethy,724,2003-04,Ole Miss,28,28,724,55,135,33,75,22,60,18,29,7,36,43,80,24,1,34,43,150,.407,.440,.367,.621,.504,.489,G,FR
5975,Afam Nweke,723,2006-07,Louisiana–Monroe,32,26,723,59,95,59,95,0,0,45,67,88,133,221,17,14,18,26,87,163,.621,.621,,.672,.643,.621,F,SO
5976,Alexander Johnson,723,2005-06,Florida State,29,28,723,127,235,118,206,9,29,120,170,74,142,216,21,31,30,82,93,383,.540,.573,.310,.706,.606,.560,C,JR
5977,Armond Williams,723,2004-05,Illinois–Chicago,24,17,723,100,199,100,197,0,2,48,99,63,98,161,37,38,11,35,68,248,.503,.508,.000,.485,.504,.503,F,SR
5978,Blake Ahearn,723,2003-04,Southwest Missouri State,33,19,723,84,215,23,61,61,154,117,120,4,35,39,40,19,1,37,38,346,.391,.377,.396,.975,.636,.533,G,FR
5979,Calvin Cannon,723,2005-06,Delaware,30,15,723,84,253,25,80,59,173,44,51,18,40,58,42,26,2,47,63,271,.332,.313,.341,.863,.489,.449,G,JR
5980,Chris Sockwell,723,2002-03,St. Francis Brooklyn,30,29,723,135,212,135,212,0,0,53,76,71,83,154,24,30,46,51,98,323,.637,.637,,.697,.651,.637,C,SR
5981,David Giovacchini,723,2004-05,Harvard,27,25,723,72,185,56,139,16,46,56,75,23,51,74,104,34,2,87,64,216,.389,.403,.348,.747,.490,.432,G,SR
5982,Jesse Smith,723,2003-04,Idaho State,31,31,723,87,214,87,214,0,0,26,41,32,108,140,15,14,43,32,96,200,.407,.407,,.634,.428,.407,C,JR
5983,Kevin Paschel,723,2003-04,Murray State,34,13,723,73,157,53,97,20,60,40,59,9,27,36,92,19,5,56,45,206,.465,.546,.333,.678,.557,.529,G,SR
5984,Monty Scott,723,2004-05,Dayton,29,29,723,118,272,66,135,52,137,34,46,23,111,134,21,10,9,35,68,322,.434,.489,.380,.739,.548,.529,F,SO
5985,Pete Eggers,723,2004-05,Drake,29,29,723,92,215,64,141,28,74,112,136,47,55,102,31,25,3,61,76,324,.428,.454,.378,.824,.579,.493,F,SR
5986,Sean Mallon,723,2006-07,Gonzaga,34,30,723,100,207,87,167,13,40,58,86,45,98,143,28,15,6,46,84,271,.483,.521,.325,.674,.547,.514,F,SR
5987,Tim Doyle,723,2004-05,Northwestern,31,11,723,52,130,43,97,9,33,31,49,24,78,102,74,29,7,48,49,144,.400,.443,.273,.633,.470,.435,G,SO
5988,Tony Crocker,723,2006-07,Oklahoma,31,25,723,95,211,60,113,35,98,43,58,34,80,114,55,26,10,63,68,268,.450,.531,.357,.741,.562,.533,G,FR
5989,Aaron Matthews,722,2002-03,Delaware State,25,25,722,95,189,93,187,2,2,31,72,67,89,156,52,27,29,56,91,223,.503,.497,1.000,.431,.500,.508,F,JR
5990,Andrae Belton,722,2006-07,Tennessee State,24,10,722,96,223,62,138,34,85,41,57,40,62,102,47,26,4,32,44,267,.430,.449,.400,.719,.534,.507,G,JR
5991,Ben Luber,722,2004-05,Penn State,25,22,722,49,150,38,107,11,43,43,48,5,45,50,89,25,4,65,45,152,.327,.355,.256,.896,.440,.363,G,SO
5992,Brandon Crone,722,2004-05,Butler,28,22,722,61,134,39,77,22,57,60,80,32,94,126,37,16,5,45,90,204,.455,.506,.386,.750,.593,.537,F,SO
5993,Deron Washington,722,2004-05,Virginia Tech,30,30,722,89,187,86,182,3,5,57,95,59,78,137,31,29,30,48,85,238,.476,.473,.600,.600,.513,.484,F,FR
5994,Dominique Kirk,722,2004-05,Texas A&M,31,31,722,62,168,31,71,31,97,50,71,6,64,70,67,29,3,41,91,205,.369,.437,.320,.704,.508,.461,G,FR
5995,Josh Atkinson,722,2002-03,Oral Roberts,28,28,722,88,204,20,51,68,153,24,32,13,56,69,57,25,0,43,54,268,.431,.392,.444,.750,.611,.598,G,JR
5996,Lance Holloway,722,2006-07,San Jose State,30,23,722,36,82,36,81,0,1,21,34,49,80,129,18,17,25,30,69,93,.439,.444,.000,.618,.474,.439,F,JR
5997,Matt McCollom,722,2003-04,Ball State,29,27,722,67,168,39,97,28,71,115,139,39,62,101,47,19,0,40,69,277,.399,.402,.394,.827,.592,.482,G,JR
5998,Matt Murrer,722,2003-04,VMI,28,20,722,106,182,87,116,19,66,11,23,25,90,115,19,20,17,42,63,242,.582,.750,.288,.478,.627,.635,F,FR
5999,Matt Vitale,722,2004-05,Wagner,30,10,722,89,216,20,53,69,163,25,45,40,61,101,17,23,10,32,55,272,.412,.377,.423,.556,.573,.572,F,SO
6000,Mike Cowgill,722,2002-03,Lehigh,28,28,722,68,137,68,137,0,0,34,47,44,84,128,22,21,5,48,73,170,.496,.496,,.723,.534,.496,F,SO
