rk,TEAM,CONF,RECORD,KADJ EM,adjo,adjo.rank,adjd,adjd.rank,adjt,adjt.rank,luck,luck.rank,sos-adjem,sos-adjem.rank,sos-oppo,sos-oppo.rank,sos-oppd,sos-oppd.rank,ncsos-adjem,ncsos-adjem.rank,seed,conference,KADJ T,adjtempo.rank,KADJ O,adjoe.rank,off-efg%,off-efg%.rank,off-to%,off-to%.rank,off-or%,off-or%.rank,off-ftrate,off-ftrate.rank,KADJ D,adjde.rank,def-efg%,def-efg%.rank,def-to%,def-to%.rank,def-or%,def-or%.rank,def-ftrate,def-ftrate.rank,tempo-adj,tempo-adj.rank,tempo-raw,tempo-raw.rank,off. efficiency-adj,off. efficiency-adj.rank,off. efficiency-raw,off. efficiency-raw.rank,def. efficiency-adj,def. efficiency-adj.rank,def. efficiency-raw,def. efficiency-raw.rank,avghgt,avghgt.rank,effhgt,effhgt.rank,c-hgt,c-hgt.rank,pf-hgt,pf-hgt.rank,sf-hgt,sf-hgt.rank,sg-hgt,sg-hgt.rank,pg-hgt,pg-hgt.rank,EXP,experience.rank,bench,bench.rank,YEAR,BARTHAG,W,L,WIN%,GAMES
20,Air Force,MWC,26-9,+20.20,116.5,20,96.3,45,57.5,332,-.021,232,+3.24,99,106.5,95,103.2,117,-1.91,200,1,MWC,57.5,332,116.5,20,58.0,2,16.6,8,22.1,331,37.5,146,96.3,45,48.9,119,22.9,65,29.5,75,28.8,32,57.5,332,59.4,330,116.5,20,115.4,4,96.3,45,95.7,38,77.0,106,-0.8,211,-0.7,234,-0.1,197,+1.1,70,+1.3,49,+2.5,22,2.69,2,15.2,335,2007,0.8993355924618704,26,9,0.7428571428571429,35
45,Akron,MAC,26-7,+16.15,115.2,31,99.1,76,63.8,245,-.056,295,-1.65,180,102.8,205,104.5,156,-4.55,267,,MAC,63.8,245,115.2,31,54.7,15,18.6,44,36.2,45,35.5,191,99.1,76,45.2,17,22.5,83,33.4,245,34.3,116,63.8,245,65.1,240,115.2,31,113.7,12,99.1,76,94.8,25,75.8,263,-1.1,233,-1.5,301,+0.5,118,-2.1,328,-1.9,309,+0.5,152,2.31,14,28.2,226,2007,0.84956757818755,26,7,0.7878787878787878,33
62,Alabama,SEC,20-12,+13.04,114.7,33,101.6,116,65.3,185,+.019,130,+8.15,40,108.3,47,100.2,31,-4.84,276,5,SEC,65.3,185,114.7,33,51.3,112,20.1,103,38.1,21,36.1,179,101.6,116,47.5,68,17.8,322,32.8,214,24.9,5,65.3,185,67.4,144,114.7,33,109.3,43,101.6,116,102.5,171,77.7,35,+0.8,112,+0.5,103,+0.3,139,+2.1,21,+1.4,44,+0.3,168,1.73,99,28.6,214,2007,0.8013382676052776,20,12,0.625,32
331,Alabama A&M,SWAC,10-20,-22.96,83.9,334,106.9,212,70.8,26,-.041,269,-13.39,336,94.4,335,107.8,299,+2.89,85,,SWAC,70.8,26,83.9,334,41.9,333,24.3,305,26.3,298,39.3,104,106.9,212,44.2,13,22.3,99,39.8,333,39.8,233,70.8,26,71.8,33,83.9,334,82.9,333,106.9,212,96.7,55,77.0,105,+0.6,124,+1.8,25,-1.2,294,+0.1,183,+1.1,73,+1.5,55,0.43,331,33.1,96,2007,0.05808079994578767,10,20,0.3333333333333333,30
317,Alabama St.,SWAC,10-20,-17.83,91.1,321,109.0,248,63.9,239,-.009,204,-11.32,328,95.6,332,106.9,255,+4.68,53,,SWAC,63.9,239,91.1,321,41.7,334,20.8,144,32.5,146,41.1,65,109.0,248,48.0,87,21.8,134,34.7,280,42.5,270,63.9,239,66.3,196,91.1,321,90.4,317,109.0,248,99.9,113,76.3,198,-1.4,250,-1.2,281,-0.3,210,+1.1,81,+1.2,51,-1.5,279,1.32,203,26.8,256,2007,0.11274679049541862,10,20,0.3333333333333333,30
138,Albany,AE,23-10,+2.25,107.4,113,105.2,175,63.7,250,+.109,6,-3.47,206,102.4,217,105.9,207,+0.94,131,13,AE,63.7,250,107.4,113,51.7,99,20.5,123,33.0,126,32.9,253,105.2,175,49.8,153,21.4,155,28.7,55,38.2,201,63.7,250,63.4,287,107.4,113,106.7,85,105.2,175,102.1,162,76.7,130,+1.0,103,+0.0,159,+0.9,55,+0.5,104,-0.4,203,-2.5,304,2.15,27,26.0,269,2007,0.5592242074998999,23,10,0.696969696969697,33
328,Alcorn St.,SWAC,11-19,-21.49,91.9,318,113.4,318,69.4,48,+.067,32,-12.86,334,95.0,334,107.9,302,-1.81,197,,SWAC,69.4,48,91.9,318,45.0,307,24.8,316,31.5,181,40.1,82,113.4,318,50.3,179,20.6,194,32.8,209,50.8,329,69.4,48,72.5,23,91.9,318,90.9,314,113.4,318,103.3,191,76.5,164,-0.1,172,+0.0,161,-0.1,198,+0.1,157,+0.6,110,+0.2,169,1.26,218,42.6,6,2007,0.08184536407519634,11,19,0.36666666666666664,30
167,American,Pat,16-14,-1.52,100.3,228,101.8,120,64.1,232,-.051,288,-6.96,290,98.9,316,105.9,209,-6.69,310,,Pat,64.1,232,100.3,228,48.2,236,20.9,146,29.7,238,36.1,178,101.8,120,45.8,29,21.6,145,27.5,31,37.8,194,64.1,232,63.9,271,100.3,228,99.4,216,101.8,120,95.4,33,75.5,288,+2.1,58,+1.9,21,+0.2,145,-1.4,284,-2.8,329,-2.5,317,2.08,39,32.7,103,2007,0.45742566579949956,16,14,0.5333333333333333,30
76,Appalachian St.,SC,25-8,+10.37,111.2,69,100.8,99,66.7,124,+.074,29,+0.67,144,104.7,148,104.0,142,+13.51,5,5,SC,66.7,124,111.2,69,53.9,32,20.9,153,33.8,104,33.0,251,100.8,99,50.6,192,22.8,68,32.9,222,34.6,121,66.7,124,67.6,133,111.2,69,108.8,49,100.8,99,99.9,114,75.0,323,-0.7,206,-0.5,213,-0.1,202,-1.9,325,-1.9,319,-3.5,329,2.02,48,31.1,141,2007,0.7556927642684302,25,8,0.7575757575757576,33
24,Arizona,P10,20-11,+19.43,119.5,5,100.1,90,68.3,73,-.009,203,+12.20,2,110.4,8,98.2,2,+10.23,14,8,P10,68.3,73,119.5,5,52.7,66,19.7,85,36.3,44,41.6,58,100.1,90,50.7,199,17.0,332,30.0,86,19.5,1,68.3,73,69.1,90,119.5,5,112.3,20,100.1,90,104.1,207,78.0,21,+1.9,67,+0.9,78,+0.9,65,+2.9,2,+1.5,42,-1.5,254,1.92,63,18.6,331,2007,0.884646507601561,20,11,0.6451612903225806,31
143,Arizona St.,P10,8-22,+1.83,101.3,215,99.5,80,58.5,329,-.091,324,+7.90,45,108.8,41,100.9,56,-6.05,299,,P10,58.5,329,101.3,215,46.9,273,21.6,191,35.8,53,29.4,314,99.5,80,50.1,167,22.2,107,30.3,100,41.0,252,58.5,329,60.3,326,101.3,215,95.8,271,99.5,80,102.8,177,77.3,71,-0.4,192,+0.6,97,-1.0,268,+0.1,183,+1.1,64,+2.3,39,1.08,255,23.8,303,2007,0.5513633771347813,8,22,0.26666666666666666,30
42,Arkansas,SEC,21-14,+16.62,110.6,77,93.9,25,66.1,156,-.021,233,+10.10,13,110.3,10,100.2,32,+1.28,119,12,SEC,66.1,156,110.6,77,51.7,101,22.0,214,33.4,118,38.2,130,93.9,25,46.7,45,20.3,208,30.9,133,30.9,54,66.1,156,67.6,130,110.6,77,104.8,119,93.9,25,97.6,70,77.4,58,+5.4,3,+2.6,7,+2.8,4,+1.3,43,-0.8,249,+0.5,140,1.37,188,26.9,254,2007,0.8678901735242959,21,14,0.6,35
255,Arkansas Little Rock,SB,13-17,-9.73,100.4,227,110.1,275,63.0,278,+.041,76,-4.88,243,103.0,199,107.8,300,+1.38,115,,SB,63.0,278,100.4,227,47.6,256,22.5,241,38.5,15,43.1,40,110.1,275,52.8,282,19.5,258,27.8,37,34.8,125,63.0,278,64.8,251,100.4,227,100.4,204,110.1,275,107.3,282,76.4,180,-0.0,167,-0.5,220,+0.5,114,+1.1,67,-0.8,247,+0.5,122,1.01,269,35.1,61,2007,0.25719316391653485,13,17,0.43333333333333335,30
300,Arkansas Pine Bluff,SWAC,12-19,-15.54,88.7,327,104.3,157,64.1,234,+.014,152,-9.40,317,96.5,327,105.8,206,+13.56,4,,SWAC,64.1,234,88.7,327,42.8,330,22.0,217,28.2,268,31.7,278,104.3,157,45.3,19,20.6,195,32.5,197,38.3,202,64.1,234,67.1,156,88.7,327,86.8,327,104.3,157,96.0,42,75.6,276,-2.7,310,-1.5,301,-1.2,295,-0.9,256,+0.1,148,+0.0,173,1.44,166,39.3,17,2007,0.13433841679631017,12,19,0.3870967741935484,31
204,Arkansas St.,SB,18-15,-4.94,103.7,177,108.7,243,67.5,98,+.037,81,-5.64,259,102.2,225,107.8,298,-1.93,201,,SB,67.5,98,103.7,177,52.3,80,21.4,185,29.9,229,38.5,125,108.7,243,48.5,102,18.8,284,33.0,226,36.8,175,67.5,98,69.0,91,103.7,177,103.9,137,108.7,243,104.9,229,76.4,189,+0.7,119,+0.1,143,+0.5,112,-0.9,243,+0.8,101,-0.8,244,0.92,284,29.4,189,2007,0.3678314331254571,18,15,0.5454545454545454,33
259,Army,Pat,15-16,-9.95,92.7,315,102.6,134,63.0,280,+.056,48,-5.81,266,100.2,301,106.0,212,-6.98,313,,Pat,63.0,280,92.7,315,47.5,258,24.7,313,27.1,289,37.8,139,102.6,134,49.1,125,24.3,27,29.6,77,44.1,292,63.0,280,63.6,281,92.7,315,91.4,311,102.6,134,97.3,65,74.7,335,-2.4,298,-0.6,230,-1.8,313,-2.3,332,-1.9,314,-1.1,250,1.73,97,41.2,11,2007,0.2374159995925205,15,16,0.4838709677419355,31
85,Auburn,SEC,17-15,+8.39,106.9,128,98.5,65,70.2,33,+.009,157,+7.94,44,109.0,35,101.1,63,-5.97,296,,SEC,70.2,33,106.9,128,51.7,103,22.5,242,31.7,172,33.5,238,98.5,65,51.9,248,22.0,120,30.4,105,34.2,115,70.2,33,71.7,35,106.9,128,101.4,184,98.5,65,101.0,136,76.8,120,-1.2,240,-1.1,267,-0.1,199,+0.1,159,+1.1,59,+1.5,54,1.43,167,29.8,177,2007,0.7193275736431042,17,15,0.53125,32
163,Austin Peay,OVC,21-12,-1.08,105.3,147,106.4,202,66.2,152,+.065,36,-6.06,274,101.5,251,107.6,287,+10.70,12,8,OVC,66.2,152,105.3,147,49.9,173,18.9,56,31.0,193,42.0,53,106.4,202,51.4,224,23.1,59,35.5,300,35.9,154,66.2,152,65.1,239,105.3,147,105.6,105,106.4,202,102.6,173,75.2,311,-4.1,331,-3.0,335,-1.1,286,+1.1,88,-0.4,209,-2.5,314,1.34,196,27.7,240,2007,0.4701580563341497,21,12,0.6363636363636364,33
46,BYU,MWC,25-9,+16.11,116.7,17,100.6,97,67.6,95,+.001,176,+4.24,88,106.8,86,102.5,100,-0.30,158,8,MWC,67.6,95,116.7,17,55.2,8,19.3,70,34.5,77,34.8,205,100.6,97,48.9,118,18.8,286,28.0,42,36.9,181,67.6,95,68.2,106,116.7,17,112.3,18,100.6,97,101.5,146,77.6,39,+2.0,64,+2.0,15,-0.1,191,+2.1,16,+0.9,96,+1.9,44,1.63,122,31.7,125,2007,0.8464759085345334,25,9,0.7352941176470589,34
205,Ball St.,MAC,9-22,-5.03,96.4,282,101.4,113,63.1,271,-.089,322,+0.85,140,104.2,160,103.4,118,+3.84,69,,MAC,63.1,271,96.4,282,42.1,332,20.4,121,33.0,127,37.1,153,101.4,113,51.7,241,25.5,11,31.3,149,45.5,303,63.1,271,63.8,275,96.4,282,93.0,300,101.4,113,99.7,105,75.2,309,-1.7,265,-0.4,206,-1.3,298,-0.9,261,-0.6,214,-2.0,299,1.62,125,33.1,97,2007,0.3585830938971612,9,22,0.2903225806451613,31
107,Baylor,B12,15-16,+5.91,111.0,73,105.1,173,67.0,114,-.058,299,+5.37,79,107.2,74,101.9,84,-13.41,336,,B12,67.0,114,111.0,73,52.5,71,20.9,150,35.0,66,35.5,190,105.1,173,50.6,197,19.6,249,32.4,193,40.4,248,67.0,114,68.7,96,111.0,73,107.6,67,105.1,173,106.0,256,76.3,202,+2.7,38,+2.0,16,+0.7,97,-1.7,306,-1.9,306,-1.5,270,1.66,117,28.7,209,2007,0.6520599065994819,15,16,0.4838709677419355,31
121,Belmont,ASun,23-10,+4.38,106.6,132,102.2,129,66.1,155,+.022,125,-6.74,286,100.0,304,106.8,246,+2.22,96,15,ASun,66.1,155,106.6,132,54.5,21,22.9,258,32.9,134,32.1,273,102.2,129,43.7,5,19.4,259,32.5,196,36.4,166,66.1,155,67.0,160,106.6,132,106.9,81,102.2,129,96.0,40,77.0,104,+2.4,52,+1.6,30,+0.7,92,-0.6,228,+0.6,108,+1.5,60,1.88,68,38.0,24,2007,0.6188679668863045,23,10,0.696969696969697,33
333,Bethune Cookman,MEAC,9-21,-24.79,83.0,335,107.8,226,59.9,323,+.034,89,-11.31,327,97.7,321,109.1,330,+1.17,125,,MEAC,59.9,323,83.0,335,43.1,328,25.0,320,28.9,256,37.1,154,107.8,226,50.7,198,22.1,114,32.0,176,43.3,285,59.9,323,61.6,316,83.0,335,85.4,331,107.8,226,102.2,165,76.0,235,-2.7,309,-0.7,238,-1.9,316,-1.9,312,+0.1,163,-1.5,257,0.47,330,35.5,57,2007,0.047131915812538894,9,21,0.3,30
222,Binghamton,AE,13-16,-6.74,98.7,252,105.4,181,66.7,123,-.047,282,-7.91,304,99.7,310,107.6,290,-9.55,326,,AE,66.7,123,98.7,252,49.0,210,21.5,187,28.7,258,31.7,279,105.4,181,49.7,151,22.4,92,30.7,122,39.3,228,66.7,123,66.3,191,98.7,252,99.4,220,105.4,181,99.6,100,76.0,227,+0.6,120,+0.8,91,-0.1,203,-2.3,333,-1.9,312,+0.5,150,1.41,177,30.3,156,2007,0.31966898429914503,13,16,0.4482758620689655,29
114,Boise St.,WAC,17-14,+5.37,106.8,129,101.4,114,70.5,31,-.057,296,+1.45,129,104.3,158,102.8,105,-0.98,172,,WAC,70.5,31,106.8,129,51.6,104,20.9,147,30.8,199,38.7,120,101.4,114,47.5,73,19.2,270,30.0,87,30.9,55,70.5,31,72.2,24,106.8,129,103.5,148,101.4,114,99.3,92,76.5,165,-0.2,180,-0.1,183,-0.1,188,+0.1,160,-0.5,210,+0.5,115,2.12,33,30.1,161,2007,0.644895369680642,17,14,0.5483870967741935,31
44,Boston College,ACC,21-12,+16.18,117.3,13,101.1,107,64.3,226,+.026,118,+10.36,11,110.7,5,100.4,38,-2.41,210,7,ACC,64.3,226,117.3,13,53.3,46,20.3,114,37.1,30,44.9,24,101.1,107,49.1,123,18.1,318,35.6,304,24.5,3,64.3,226,65.9,210,117.3,13,111.9,21,101.1,107,105.2,234,78.1,19,+2.7,37,+1.8,24,+0.9,61,+2.3,9,+2.8,10,+1.5,75,2.19,21,27.7,236,2007,0.8467303168007656,21,12,0.6363636363636364,33
194,Boston University,AE,12-18,-3.78,99.4,245,103.2,143,59.4,326,-.102,330,-4.33,232,101.8,243,106.1,221,+0.82,134,,AE,59.4,326,99.4,245,49.1,209,22.8,255,32.2,150,34.9,202,103.2,143,48.1,93,21.9,121,32.0,177,39.2,225,59.4,326,59.7,329,99.4,245,98.7,227,103.2,143,98.6,81,75.2,310,+0.2,151,-0.5,213,+0.7,98,-1.9,326,-0.8,245,-2.6,320,0.60,324,32.7,104,2007,0.3937819278470416,12,18,0.4,30
217,Bowling Green,MAC,13-18,-6.18,99.6,236,105.8,187,67.6,94,+.028,111,-1.39,176,103.3,189,104.7,162,-7.09,315,,MAC,67.6,94,99.6,236,49.9,174,21.1,165,23.6,327,36.4,169,105.8,187,47.9,86,21.4,157,32.5,199,52.6,331,67.6,94,67.9,116,99.6,236,97.1,256,105.8,187,103.1,186,76.7,133,+0.1,154,+0.4,116,-0.3,213,+0.1,170,+0.1,137,+1.0,94,0.78,303,38.7,20,2007,0.3330403088925802,13,18,0.41935483870967744,31
53,Bradley,MVC,22-13,+14.35,115.9,23,101.5,115,67.8,86,+.026,116,+9.00,30,108.8,40,99.8,18,+3.61,74,4,MVC,67.8,86,115.9,23,54.9,11,16.4,5,24.5,317,30.5,300,101.5,115,53.2,288,23.1,61,33.7,254,38.7,215,67.8,86,67.5,138,115.9,23,110.0,35,101.5,115,104.7,220,75.2,314,-2.1,282,-1.0,260,-1.1,280,-0.5,222,-1.9,305,-1.5,280,1.54,145,27.6,241,2007,0.8213752666550836,22,13,0.6285714285714286,35
227,Brown,Ivy,11-18,-7.19,98.5,257,105.7,186,62.1,299,-.024,242,-3.90,219,102.3,220,106.2,225,-1.80,196,,Ivy,62.1,299,98.5,257,51.3,113,24.3,306,20.8,333,51.4,3,105.7,186,51.5,229,23.9,34,33.1,229,33.9,108,62.1,299,62.0,310,98.5,257,97.1,257,105.7,186,101.6,153,76.0,226,-1.0,231,-0.7,235,-0.3,216,-1.9,317,+0.1,163,+1.0,93,1.94,59,31.1,140,2007,0.3076122725224094,11,18,0.3793103448275862,29
98,Bucknell,Pat,22-9,+6.83,106.6,133,99.7,83,61.3,308,-.001,183,-2.93,196,101.4,257,104.3,154,+3.81,71,,Pat,61.3,308,106.6,133,53.5,43,23.6,283,30.9,197,44.3,29,99.7,83,48.3,99,22.4,90,23.1,1,35.0,127,61.3,308,60.7,324,106.6,133,103.6,144,99.7,83,94.6,24,76.2,210,+1.6,77,+1.2,59,+0.4,125,-1.6,296,-0.8,255,+0.5,136,2.14,29,29.9,170,2007,0.6834246450286418,22,9,0.7096774193548387,31
198,Buffalo,MAC,12-19,-4.00,98.5,254,102.5,131,70.6,30,+.015,150,+0.15,154,104.7,147,104.5,160,-1.76,193,,MAC,70.6,30,98.5,254,45.8,296,26.4,332,39.1,10,43.3,38,102.5,131,51.9,245,22.7,77,26.7,17,46.4,310,70.6,30,70.7,50,98.5,254,95.5,276,102.5,131,100.8,133,76.4,184,+0.3,143,+1.2,62,-0.8,254,-1.4,286,-0.8,248,+1.5,80,1.28,212,27.7,237,2007,0.3875145288652643,12,19,0.3870967741935484,31
15,Butler,Horz,29-7,+21.45,118.0,11,96.5,47,58.1,331,+.016,145,+4.77,85,106.6,94,101.8,79,+6.61,35,5,Horz,58.1,331,118.0,11,52.5,76,15.6,1,27.3,288,39.8,93,96.5,47,45.9,32,21.6,146,31.4,153,42.3,266,58.1,331,58.3,332,118.0,11,114.2,8,96.5,47,95.5,34,76.0,240,-1.2,245,-1.5,301,+0.3,134,+0.2,131,-0.8,239,+0.5,147,1.86,71,29.2,198,2007,0.90995852183339,29,7,0.8055555555555556,36
155,Cal Poly,BW,19-11,+0.28,108.2,105,107.9,228,66.3,142,+.029,108,-4.72,240,102.3,223,107.0,259,-6.11,300,,BW,66.3,142,108.2,105,54.3,25,18.4,36,28.2,269,32.8,254,107.9,228,49.9,156,19.5,253,31.2,145,31.4,68,66.3,142,69.2,89,108.2,105,108.4,53,107.9,228,104.4,213,76.1,222,-1.1,236,-1.1,272,-0.1,182,+0.1,138,-1.6,282,-0.5,215,1.73,100,30.3,155,2007,0.5079817425692316,19,11,0.6333333333333333,30
179,Cal St. Fullerton,BW,20-10,-2.55,105.1,151,107.6,224,73.4,5,+.065,35,-6.19,278,100.7,284,106.9,256,-9.95,328,,BW,73.4,5,105.1,151,51.9,89,20.4,118,33.8,105,31.5,286,107.6,224,51.3,222,21.4,156,30.7,120,35.5,146,73.4,5,74.8,7,105.1,151,106.3,90,107.6,224,102.1,164,75.0,325,-2.1,285,-1.3,292,-0.8,251,-1.6,304,-2.9,332,-1.5,275,2.01,49,28.2,227,2007,0.43282209235063396,20,10,0.6666666666666666,30
234,Cal St. Northridge,BW,14-17,-7.74,97.6,271,105.3,176,71.3,18,+.017,140,-4.01,221,103.1,194,107.1,264,-4.81,275,,BW,71.3,18,97.6,271,48.0,245,25.2,322,38.8,11,37.5,147,105.3,176,51.8,244,22.6,80,26.9,19,56.2,335,71.3,18,73.3,14,97.6,271,98.0,242,105.3,176,102.3,167,77.5,54,+1.2,96,+0.4,119,+0.8,88,+2.1,21,+2.6,14,-0.2,182,1.60,129,36.6,41,2007,0.29457576318328166,14,17,0.45161290322580644,31
78,California,P10,16-17,+9.99,111.7,65,101.7,117,64.5,217,-.020,230,+9.68,19,109.1,31,99.4,7,+2.24,95,,P10,64.5,217,111.7,65,51.2,119,17.3,17,24.9,316,28.1,322,101.7,117,52.0,251,18.9,279,29.7,79,31.7,74,64.5,217,65.2,229,111.7,65,104.7,122,101.7,117,104.4,214,77.1,93,+1.2,98,+0.9,83,+0.3,131,+0.6,102,+2.1,30,-2.5,303,1.41,174,26.4,265,2007,0.7462248142436853,16,17,0.48484848484848486,33
268,Campbell,ASun,14-17,-10.63,99.6,238,110.2,277,73.0,7,-.012,209,-8.23,309,99.3,315,107.5,282,-3.60,243,,ASun,73.0,7,99.6,238,50.3,157,22.8,257,27.6,279,44.5,28,110.2,277,52.9,284,22.4,89,34.5,274,33.0,91,73.0,7,75.0,5,99.6,238,100.8,193,110.2,277,104.7,221,75.5,289,-0.8,214,-0.1,175,-0.7,244,-1.3,281,-0.8,251,-1.5,269,1.48,156,35.0,63,2007,0.23811363138739908,14,17,0.45161290322580644,31
245,Canisius,MAAC,12-19,-9.13,100.2,231,109.4,252,67.0,115,-.015,213,-5.62,258,101.7,247,107.3,270,-2.32,209,,MAAC,67.0,115,100.2,231,48.0,246,22.9,261,38.0,23,32.4,263,109.4,252,51.6,234,21.5,151,33.5,248,39.4,230,67.0,115,68.1,110,100.2,231,100.2,206,109.4,252,104.6,217,75.9,243,-2.4,297,-1.6,315,-0.7,246,+0.5,109,+1.1,66,-1.5,285,1.83,78,27.4,248,2007,0.266942460624071,12,19,0.3870967741935484,31
256,Centenary,MCon,10-21,-9.83,99.6,237,109.4,254,67.1,112,-.007,195,-1.98,184,104.8,145,106.7,245,-2.24,208,,MCon,67.1,112,99.6,237,49.1,208,22.0,213,27.9,276,36.0,181,109.4,254,54.5,316,24.3,25,37.2,320,48.5,319,67.1,112,69.0,93,99.6,237,98.9,224,109.4,254,108.4,291,75.3,298,-2.5,303,-1.6,311,-1.0,264,-1.9,315,-0.8,240,-1.5,267,0.88,289,30.6,149,2007,0.2536460155772665,10,21,0.3225806451612903,31
275,Central Arkansas,Slnd,10-20,-11.51,95.4,290,106.9,215,63.7,249,-.049,286,-4.35,234,101.8,244,106.1,222,+1.29,118,,Slnd,63.7,249,95.4,290,45.8,297,22.9,259,31.7,171,34.4,212,106.9,215,48.6,107,18.2,316,29.3,71,38.4,207,63.7,249,65.8,215,95.4,290,94.8,285,106.9,215,103.0,184,75.5,284,-2.0,279,-1.2,288,-0.8,250,-1.4,288,-1.8,294,-0.5,211,0.00,334,29.5,187,2007,0.21267511550110157,10,20,0.3333333333333333,30
177,Central Connecticut,NEC,22-12,-2.24,104.1,169,106.3,198,63.3,266,+.060,42,-8.44,314,100.4,294,108.8,324,-5.10,281,16,NEC,63.3,266,104.1,169,50.5,148,21.0,157,34.5,78,37.8,143,106.3,198,50.0,162,20.9,182,30.6,117,29.4,35,63.3,266,64.9,246,104.1,169,105.7,102,106.3,198,101.3,139,75.4,296,-3.7,327,-1.1,268,-2.6,332,-0.9,263,-1.6,283,+0.5,152,2.15,25,18.3,332,2007,0.4401623827720024,22,12,0.6470588235294118,34
215,Central Michigan,MAC,13-18,-6.03,100.3,229,106.3,197,65.6,174,+.076,26,-0.39,160,103.7,175,104.1,147,-1.30,179,,MAC,65.6,174,100.3,229,48.6,231,25.5,325,32.9,132,46.0,13,106.3,197,52.0,253,24.0,31,31.9,173,54.5,333,65.6,174,66.7,179,100.3,229,97.2,253,106.3,197,104.4,211,75.6,279,-0.6,203,-0.5,223,-0.1,178,+0.0,191,-2.8,330,-1.5,292,1.68,115,37.5,27,2007,0.33891226585358947,13,18,0.41935483870967744,31
324,Charleston Southern,BSth,8-22,-19.49,95.6,287,115.1,331,64.1,235,-.009,199,-3.23,200,102.6,211,105.8,204,-0.53,162,,BSth,64.1,235,95.6,287,48.0,247,22.9,263,29.2,251,29.2,316,115.1,331,54.3,313,18.1,319,33.5,249,30.1,45,64.1,235,67.9,117,95.6,287,93.5,296,115.1,331,111.0,324,77.2,77,+1.3,91,+0.0,158,+1.3,42,+0.6,101,+0.2,136,+2.5,27,1.02,266,32.7,105,2007,0.10576701001571823,8,22,0.26666666666666666,30
156,Charlotte,A10,14-16,+0.13,106.2,140,106.1,192,66.2,150,+.003,171,+1.31,130,105.8,109,104.5,157,+1.94,102,,A10,66.2,150,106.2,140,48.1,241,18.8,53,32.4,149,36.2,174,106.1,192,54.1,308,20.8,183,26.5,12,39.8,235,66.2,150,67.6,127,106.2,140,103.6,145,106.1,192,105.7,251,76.6,147,+0.0,161,+0.5,107,-0.4,219,+1.1,88,+0.5,117,-0.5,218,1.72,103,24.5,288,2007,0.5027084051748907,14,16,0.4666666666666667,30
202,Chattanooga,SC,15-18,-4.26,99.7,235,104.0,155,65.4,182,-.027,246,-1.56,179,103.3,190,104.8,167,-0.85,169,,SC,65.4,182,99.7,235,49.3,201,23.8,290,31.3,188,40.8,69,104.0,155,52.2,257,22.1,112,28.8,59,29.9,43,65.4,182,67.2,150,99.7,235,97.5,248,104.0,155,101.6,152,75.9,249,+0.1,157,-0.5,212,+0.6,105,-1.4,291,-1.8,297,-2.5,307,1.67,116,31.2,136,2007,0.3809329868603972,15,18,0.45454545454545453,33
203,Chicago St.,ind,9-20,-4.73,107.3,115,112.1,306,68.2,77,-.009,202,+5.64,74,107.4,73,101.7,77,+5.64,43,,ind,68.2,77,107.3,115,48.1,240,20.3,112,32.0,158,32.4,264,112.1,306,55.8,327,22.3,97,38.7,327,41.3,256,68.2,77,68.9,95,107.3,115,100.6,197,112.1,306,112.5,332,74.3,336,-1.2,238,+0.9,79,-2.1,325,-1.9,321,-4.2,336,-3.5,330,1.57,139,35.7,54,2007,0.37677232120442433,9,20,0.3103448275862069,29
141,Cincinnati,BE,11-19,+1.87,103.7,176,101.9,121,64.8,207,-.030,255,+6.99,57,108.8,39,101.8,83,-1.24,178,,BE,64.8,207,103.7,176,45.9,292,18.9,59,33.7,109,29.7,310,101.9,121,52.0,252,22.4,88,30.9,134,37.9,198,64.8,207,64.9,244,103.7,176,98.4,233,101.9,121,104.0,205,76.4,181,-1.0,228,-0.9,249,-0.1,174,-0.6,229,+0.1,158,+1.5,73,0.48,329,25.2,280,2007,0.5501723324793634,11,19,0.36666666666666664,30
29,Clemson,ACC,25-11,+18.46,112.3,55,93.9,24,66.4,138,-.009,201,+8.85,31,109.8,14,100.9,57,-3.81,249,1,ACC,66.4,138,112.3,55,52.6,69,20.2,110,37.2,27,28.2,321,93.9,24,49.9,159,24.7,18,30.5,108,29.9,41,66.4,138,68.2,108,112.3,55,107.3,73,93.9,24,96.4,47,77.1,91,+1.2,97,+0.5,111,+0.7,95,+1.1,73,+1.1,58,+0.5,125,1.89,66,24.3,291,2007,0.886738414450359,25,11,0.6944444444444444,36
232,Cleveland St.,Horz,10-21,-7.45,99.8,234,107.2,218,63.4,262,-.023,238,+3.13,102,106.6,92,103.5,124,+3.25,78,,Horz,63.4,262,99.8,234,44.5,316,20.3,111,31.2,189,30.6,298,107.2,218,51.3,221,20.9,179,37.1,318,39.0,219,63.4,262,63.4,286,99.8,234,95.9,270,107.2,218,108.8,298,74.8,330,-3.4,320,-1.3,291,-2.1,322,-1.3,283,-1.5,278,-1.5,255,1.71,105,36.7,38,2007,0.30521780930152814,10,21,0.3225806451612903,31
235,Coastal Carolina,BSth,15-15,-7.88,102.5,197,110.4,281,66.4,136,-.031,259,-7.22,296,100.1,302,107.3,273,-5.68,293,,BSth,66.4,136,102.5,197,50.1,164,20.6,129,33.8,101,30.6,299,110.4,281,53.2,291,23.3,51,35.5,301,35.3,138,66.4,136,69.4,85,102.5,197,102.4,163,110.4,281,104.8,226,74.9,328,-4.9,333,-2.8,334,-2.1,323,-0.9,259,-1.3,272,-0.5,209,1.60,130,29.4,192,2007,0.2986270385379476,15,15,0.5,30
285,Colgate,Pat,10-19,-12.77,91.6,319,104.4,158,61.6,306,+.030,103,-4.85,242,100.0,303,104.9,170,-4.53,266,,Pat,61.6,306,91.6,319,44.9,312,24.6,310,29.3,247,37.8,140,104.4,158,48.8,113,22.0,119,31.8,167,36.3,164,61.6,306,61.5,318,91.6,319,89.1,320,104.4,158,99.1,91,75.8,260,-2.0,275,-1.1,270,-0.9,259,-0.7,232,+0.1,163,-0.5,204,1.59,133,42.9,4,2007,0.1818026745796931,10,19,0.3448275862068966,29
122,College of Charleston,SC,22-11,+4.19,103.8,174,99.6,82,65.4,180,+.032,97,-2.60,189,103.2,191,105.8,205,-1.77,194,,SC,65.4,180,103.8,174,51.8,96,21.5,189,31.1,191,30.2,303,99.6,82,45.9,30,20.1,221,32.4,192,25.9,6,65.4,180,66.9,167,103.8,174,102.5,162,99.6,82,96.4,48,76.6,149,+1.0,101,+0.1,154,+0.9,68,+1.4,41,-1.8,290,-0.5,233,1.94,60,23.1,307,2007,0.6165650318195034,22,11,0.6666666666666666,33
216,Colorado,B12,7-20,-6.04,100.7,224,106.7,208,71.6,16,+.037,84,+7.25,54,108.8,42,101.5,71,-3.71,245,,B12,71.6,16,100.7,224,46.9,272,23.8,291,33.8,102,37.9,133,106.7,208,53.9,304,19.5,255,31.0,138,40.4,246,71.6,16,72.8,20,100.7,224,94.7,286,106.7,208,109.9,313,77.2,78,-0.3,184,-0.2,189,-0.1,184,+1.1,61,+1.1,61,+1.5,56,0.93,281,31.9,119,2007,0.3394902575811335,7,20,0.25925925925925924,27
108,Colorado St.,MWC,17-13,+5.75,108.3,102,102.6,133,67.8,84,+.010,155,+3.89,94,106.8,85,102.9,107,-4.48,265,,MWC,67.8,84,108.3,102,53.8,35,24.9,317,34.6,75,43.8,31,102.6,133,50.3,178,19.9,232,27.5,29,36.4,167,67.8,84,68.9,94,108.3,102,104.5,128,102.6,133,103.4,194,77.3,72,+4.0,8,+3.5,4,+0.6,110,-1.4,289,-0.8,237,+0.5,143,1.40,180,25.0,283,2007,0.6506216924079581,17,13,0.5666666666666667,30
206,Columbia,Ivy,16-12,-5.23,104.7,158,110.0,272,61.9,302,+.047,67,-7.81,301,99.5,312,107.4,276,-9.77,327,,Ivy,61.9,302,104.7,158,53.1,53,23.2,270,32.2,152,33.8,232,110.0,272,51.0,213,19.3,264,27.0,21,41.5,257,61.9,302,62.5,302,104.7,158,104.1,133,110.0,272,103.6,196,76.6,141,-0.1,175,-0.1,178,-0.0,158,-0.5,218,+0.6,112,+1.2,88,1.42,169,40.2,13,2007,0.36172514298460895,16,12,0.5714285714285714,28
56,Connecticut,BE,17-14,+13.78,104.0,171,90.2,9,68.4,69,-.110,332,+5.20,82,106.9,81,101.7,76,-5.45,288,,BE,68.4,69,104.0,171,46.3,284,21.1,164,40.5,4,45.5,15,90.2,9,41.9,1,21.6,144,30.3,99,31.0,60,68.4,69,69.4,83,104.0,171,101.0,190,90.2,9,90.0,3,77.9,25,+4.8,5,+4.0,2,+0.8,90,+0.1,137,+0.6,109,+1.5,57,0.39,332,33.0,98,2007,0.837147708916643,17,14,0.5483870967741935,31
301,Coppin St.,MEAC,12-20,-15.69,93.6,307,109.3,251,65.1,192,+.063,40,-5.98,270,100.4,293,106.4,236,+15.97,1,,MEAC,65.1,192,93.6,307,44.4,317,20.1,106,28.1,270,36.4,168,109.3,251,53.0,286,23.9,35,39.6,331,37.3,186,65.1,192,66.3,190,93.6,307,92.8,302,109.3,251,105.9,254,75.3,307,-4.0,330,-1.7,319,-2.3,328,-1.9,319,+0.1,173,-1.2,251,1.26,216,38.1,23,2007,0.1439011633525088,12,20,0.375,32
189,Cornell,Ivy,16-12,-2.93,104.3,168,107.3,220,63.2,268,+.000,181,-6.00,271,100.3,296,106.3,231,-5.38,287,,Ivy,63.2,268,104.3,168,53.8,33,23.3,276,28.7,259,36.7,160,107.3,220,49.3,130,20.4,199,30.5,112,32.5,82,63.2,268,62.9,294,104.3,168,104.0,136,107.3,220,101.5,149,76.6,152,+0.8,113,+0.6,100,+0.2,146,+1.1,65,-0.4,204,-0.5,217,1.09,249,28.3,219,2007,0.41918771028775886,16,12,0.5714285714285714,28
28,Creighton,MVC,22-11,+18.53,113.8,36,95.3,35,62.7,289,-.023,236,+8.84,32,108.3,49,99.4,8,+4.10,66,10,MVC,62.7,289,113.8,36,50.7,142,19.9,86,32.5,144,42.7,45,95.3,35,48.1,89,21.9,127,30.5,109,31.5,70,62.7,289,62.5,301,113.8,36,107.3,74,95.3,35,97.2,63,76.6,144,-1.8,269,+0.0,162,-1.8,315,-0.9,263,+1.1,85,+2.1,43,1.97,53,26.5,263,2007,0.884958332878333,22,11,0.6666666666666666,33
293,Dartmouth,Ivy,9-18,-14.04,94.2,303,108.2,233,63.9,237,+.026,115,-5.35,253,100.8,276,106.2,224,-5.90,295,,Ivy,63.9,237,94.2,303,45.9,291,20.0,94,26.1,302,27.4,330,108.2,233,51.6,233,22.3,95,34.0,261,48.9,320,63.9,237,63.7,278,94.2,303,92.1,307,108.2,233,104.5,216,76.0,234,-2.7,308,-1.6,313,-1.1,286,+0.1,153,-0.4,206,+0.6,101,1.18,233,34.0,80,2007,0.16889855068390117,9,18,0.3333333333333333,27
61,Davidson,SC,29-5,+13.32,111.8,61,98.5,66,71.9,14,+.067,33,-1.70,182,103.2,193,104.9,168,+4.64,55,13,SC,71.9,14,111.8,61,51.8,93,19.3,69,33.9,100,32.5,260,98.5,66,49.4,136,22.9,63,25.5,3,30.9,56,71.9,14,72.7,21,111.8,61,109.8,37,98.5,66,95.2,29,77.0,102,+1.1,99,-0.5,213,+1.7,25,+2.1,14,+0.5,116,+0.5,128,0.80,300,25.9,270,2007,0.8110017788252247,29,5,0.8529411764705882,34
124,Dayton,A10,19-12,+4.12,104.9,155,100.7,98,64.4,222,+.086,22,+1.21,132,105.7,113,104.5,159,-1.02,173,,A10,64.4,222,104.9,155,50.5,151,21.1,166,31.3,186,35.2,196,100.7,98,48.8,115,21.5,153,31.2,147,35.9,153,64.4,222,65.5,222,104.9,155,101.6,176,100.7,98,100.2,119,76.9,114,-0.6,202,-0.5,222,-0.1,172,+1.2,51,+0.6,113,+0.5,107,1.64,121,35.8,51,2007,0.6153623905398642,19,12,0.6129032258064516,31
50,DePaul,BE,20-14,+15.27,111.5,66,96.3,44,62.4,295,-.018,225,+9.86,15,109.6,20,99.7,14,+4.94,50,3,BE,62.4,295,111.5,66,51.2,117,18.4,39,31.6,173,29.3,315,96.3,44,47.2,61,17.6,328,27.2,23,31.4,69,62.4,295,63.2,290,111.5,66,104.9,117,96.3,44,99.5,97,77.7,30,+0.9,109,+0.4,124,+0.5,116,+2.1,16,+2.1,22,+0.9,95,2.05,40,33.6,87,2007,0.8436178780436926,20,14,0.5882352941176471,34
295,Delaware,CAA,5-26,-14.22,96.8,280,111.0,290,63.5,260,-.059,300,-1.29,174,104.2,163,105.5,188,-3.26,235,,CAA,63.5,260,96.8,280,46.6,277,19.5,74,24.3,321,35.4,192,111.0,290,54.1,307,20.0,228,32.1,182,38.9,217,63.5,260,63.5,283,96.8,280,95.3,280,111.0,290,109.6,311,75.8,257,-2.3,291,-1.2,287,-1.1,273,+0.3,123,+1.1,57,-1.5,293,1.07,256,20.1,327,2007,0.17162460270349703,5,26,0.16129032258064516,31
200,Delaware St.,MEAC,21-13,-4.16,106.5,136,110.7,289,54.5,335,+.109,7,-6.40,281,99.8,307,106.2,226,+15.86,2,8,MEAC,54.5,335,106.5,136,50.1,166,20.5,124,34.8,72,32.1,272,110.7,289,52.8,281,22.8,69,36.9,317,35.8,151,54.5,335,55.7,334,106.5,136,105.4,108,110.7,289,105.6,246,76.5,170,-0.4,189,-0.3,196,-0.1,183,+2.1,16,+2.0,34,-2.5,319,2.40,10,14.7,336,2007,0.3905961964063007,21,13,0.6176470588235294,34
327,Denver,SB,4-25,-21.35,93.2,311,114.6,329,66.3,141,-.042,272,-6.59,285,102.1,228,108.7,321,-6.49,303,,SB,66.3,141,93.2,311,46.6,276,21.8,198,24.0,323,34.4,214,114.6,329,53.5,294,17.1,331,34.7,285,28.3,24,66.3,141,68.2,107,93.2,311,94.0,294,114.6,329,111.3,326,76.5,168,-0.4,190,-0.3,198,-0.1,165,+0.5,105,-0.4,205,-0.5,192,1.15,239,31.6,126,2007,0.08493949962490041,4,25,0.13793103448275862,29
154,Detroit,Horz,11-19,+0.59,107.0,125,106.4,201,61.1,311,-.053,290,+3.05,103,106.2,102,103.1,113,+4.87,51,,Horz,61.1,311,107.0,125,49.6,186,20.1,100,32.8,138,31.2,291,106.4,201,51.6,236,18.4,307,28.7,53,34.5,118,61.1,311,61.9,312,107.0,125,101.7,174,106.4,201,106.2,263,75.4,292,-1.0,230,+0.1,155,-1.1,291,-2.2,331,-2.8,331,-1.5,284,1.70,111,31.4,131,2007,0.5161612338320728,11,19,0.36666666666666664,30
110,Drake,MVC,17-15,+5.64,113.8,37,108.2,232,67.6,92,+.052,58,+6.22,69,107.7,63,101.4,68,-5.09,280,,MVC,67.6,92,113.8,37,50.0,168,19.7,84,36.8,36,43.5,36,108.2,232,56.1,328,20.8,188,30.6,118,32.7,86,67.6,92,67.5,141,113.8,37,108.5,51,108.2,232,110.2,319,74.8,329,-3.4,321,-2.4,329,-1.1,290,-1.9,310,-0.8,259,-0.9,247,1.57,140,29.8,174,2007,0.6411371893884941,17,15,0.53125,32
73,Drexel,CAA,23-9,+10.65,103.5,180,92.9,17,64.4,220,+.051,61,+2.55,111,106.6,90,104.1,146,+9.56,17,3,CAA,64.4,220,103.5,180,49.5,193,20.9,149,31.6,176,44.9,21,92.9,17,45.5,20,22.2,105,27.9,41,36.3,163,64.4,220,64.6,255,103.5,180,101.4,185,92.9,17,93.7,18,76.6,148,+0.4,142,+1.0,72,-0.6,236,-0.9,246,-1.8,296,+0.5,164,2.12,35,23.9,301,2007,0.7760078482046906,23,9,0.71875,32
10,Duke,ACC,22-11,+23.30,113.2,44,89.9,6,64.5,218,-.074,314,+11.30,3,110.7,4,99.4,6,+3.88,68,6,ACC,64.5,218,113.2,44,52.5,75,22.7,250,34.6,74,39.8,91,89.9,6,46.1,33,22.1,109,29.3,66,29.5,37,64.5,218,66.0,207,113.2,44,105.8,100,89.9,6,92.8,10,77.6,41,+1.9,68,+2.0,17,-0.1,201,+0.3,121,+2.1,26,+1.5,61,1.02,268,22.8,312,2007,0.9340276039427425,22,11,0.6666666666666666,33
223,Duquesne,A10,10-19,-6.78,107.7,108,114.5,327,73.3,6,+.029,107,+0.15,153,106.0,105,105.8,203,+0.53,145,,A10,73.3,6,107.7,108,50.5,152,20.0,99,33.2,121,30.9,292,114.5,327,57.4,332,22.5,82,40.9,334,36.3,165,73.3,6,73.0,18,107.7,108,105.7,104,114.5,327,115.1,336,75.4,294,-1.7,263,-0.6,227,-1.1,292,-1.9,322,-0.9,260,-0.5,229,0.69,319,36.0,47,2007,0.33090599220252626,10,19,0.3448275862068966,29
302,East Carolina,CUSA,6-24,-15.71,92.8,313,108.5,241,63.6,255,-.022,235,+1.74,125,104.2,165,102.4,98,-0.28,157,,CUSA,63.6,255,92.8,313,45.0,309,21.2,171,26.0,303,34.2,220,108.5,241,50.4,183,19.1,271,31.2,144,44.2,294,63.6,255,64.8,249,92.8,313,88.5,324,108.5,241,107.0,276,76.0,236,-0.7,210,+0.2,141,-0.9,260,-0.9,257,-0.6,212,-0.5,216,0.54,326,31.5,128,2007,0.14215680326737998,6,24,0.2,30
166,East Tennessee St.,ASun,24-10,-1.49,98.9,248,100.4,95,69.8,37,+.100,12,-8.04,305,99.7,311,107.8,295,-1.41,182,8,ASun,69.8,37,98.9,248,50.5,149,22.5,245,30.8,201,32.8,256,100.4,95,46.8,48,24.7,20,32.8,213,34.5,119,69.8,37,71.6,38,98.9,248,99.5,212,100.4,95,94.6,23,76.7,140,+0.7,117,+0.1,153,+0.7,102,+0.4,114,-1.5,280,+0.5,152,1.27,215,30.6,148,2007,0.4568304656944932,24,10,0.7058823529411765,34
303,Eastern Illinois,OVC,10-20,-15.74,94.7,298,110.5,284,63.2,269,-.009,200,-7.90,303,100.6,289,108.4,316,-3.40,237,,OVC,63.2,269,94.7,298,45.1,306,21.5,188,31.5,180,34.7,207,110.5,284,49.7,147,18.3,314,30.3,98,43.2,283,63.2,269,63.6,282,94.7,298,95.2,281,110.5,284,104.7,222,76.2,205,+0.1,159,-0.5,213,+0.6,106,-0.5,221,-0.8,227,-0.5,214,1.06,258,28.2,224,2007,0.14498763240808538,10,20,0.3333333333333333,30
182,Eastern Kentucky,OVC,21-12,-2.58,102.7,191,105.3,177,61.3,309,+.078,23,-6.17,277,101.8,245,107.9,307,+6.66,34,16,OVC,61.3,309,102.7,191,54.7,18,21.3,181,26.2,300,28.6,319,105.3,177,52.4,269,24.2,28,34.5,276,28.1,22,61.3,309,62.0,311,102.7,191,104.0,134,105.3,177,102.0,161,76.5,172,-0.1,178,-1.1,273,+0.9,79,+0.1,172,+1.4,48,+0.5,132,1.42,168,23.7,304,2007,0.4286123507959608,21,12,0.6363636363636364,33
224,Eastern Michigan,MAC,13-19,-6.85,98.0,265,104.8,167,65.7,172,+.065,38,-0.82,167,103.5,185,104.3,153,-1.96,203,,MAC,65.7,172,98.0,265,49.2,203,26.2,330,30.7,206,35.2,198,104.8,167,51.4,226,21.9,128,31.5,158,39.0,222,65.7,172,66.9,163,98.0,265,95.2,282,104.8,167,103.0,182,76.3,191,-0.1,174,-0.3,192,+0.2,151,+0.4,115,+0.1,159,-0.0,175,0.68,321,43.0,3,2007,0.3161563646862927,13,19,0.40625,32
180,Eastern Washington,BSky,15-14,-2.57,112.4,52,115.0,330,71.9,13,-.019,226,-2.69,190,103.7,177,106.4,235,+6.93,33,,BSky,71.9,13,112.4,52,55.0,10,20.5,122,31.4,183,42.8,44,115.0,330,54.9,320,19.2,269,35.8,308,36.9,178,71.9,13,74.6,8,112.4,52,111.5,25,115.0,330,112.4,330,77.2,87,+0.7,118,+1.1,63,-0.4,220,+1.1,77,+1.8,36,+0.6,103,1.24,222,35.3,59,2007,0.4346302688857648,15,14,0.5172413793103449,29
276,Elon,SC,7-23,-11.80,97.3,272,109.1,249,63.3,264,-.052,289,+0.32,147,105.1,135,104.8,163,+8.97,23,,SC,63.3,264,97.3,272,46.3,285,21.2,174,28.0,272,29.4,313,109.1,249,51.2,217,18.9,282,34.1,262,41.9,260,63.3,264,65.2,228,97.3,272,94.1,292,109.1,249,108.4,292,77.2,75,+0.1,155,-0.3,193,+0.4,124,+1.1,59,+0.2,129,+1.2,87,1.07,257,32.3,109,2007,0.21142488355657585,7,23,0.23333333333333334,30
83,Evansville,MVC,14-17,+8.54,113.2,46,104.6,161,64.3,225,-.072,312,+6.32,68,108.4,45,102.1,88,-2.78,223,,MVC,64.3,225,113.2,46,53.1,51,19.7,82,26.4,296,44.1,30,104.6,161,51.1,214,19.5,257,31.6,163,37.3,187,64.3,225,63.9,274,113.2,46,107.5,69,104.6,161,106.1,261,76.6,153,-0.2,183,-0.0,166,-0.2,208,+0.1,168,+0.2,125,-0.1,178,2.42,8,25.7,275,2007,0.7127228206500508,14,17,0.45161290322580644,31
284,FIU,SB,12-17,-12.61,95.1,293,107.7,225,66.8,121,+.090,19,-4.34,233,103.6,181,107.9,304,+0.71,138,,SB,66.8,121,95.1,293,47.6,255,22.4,234,29.5,241,34.3,215,107.7,225,52.7,277,21.0,175,31.9,175,35.0,131,66.8,121,68.1,111,95.1,293,95.0,283,107.7,225,105.1,231,75.9,248,-1.8,270,-0.8,242,-1.1,270,+0.4,112,-1.8,286,-1.8,298,0.78,305,36.9,34,2007,0.1929682928442568,12,17,0.41379310344827586,29
207,Fairfield,MAAC,13-19,-5.23,102.3,199,107.5,223,59.8,324,+.000,179,-2.93,197,102.7,208,105.7,194,+5.93,40,,MAAC,59.8,324,102.3,199,46.5,279,22.4,238,38.1,20,39.2,108,107.5,223,50.5,186,23.9,37,37.7,324,42.1,263,59.8,324,60.9,321,102.3,199,100.4,203,107.5,223,104.2,210,75.8,254,-0.3,185,-1.0,263,+0.7,96,-1.3,280,-1.8,301,-0.5,203,1.13,243,30.2,157,2007,0.36119448241235474,13,19,0.40625,32
258,Fairleigh Dickinson,NEC,14-16,-9.90,101.5,211,111.4,296,68.7,65,+.064,39,-6.97,291,100.9,272,107.9,303,-0.81,168,,NEC,68.7,65,101.5,211,48.2,239,18.9,54,31.5,179,33.6,237,111.4,296,52.2,259,19.7,246,32.4,194,33.3,99,68.7,65,70.1,65,101.5,211,102.6,160,111.4,296,106.6,269,75.7,270,-1.6,259,-1.5,300,-0.1,181,-0.6,231,-0.9,261,-2.5,306,1.36,190,25.4,279,2007,0.25534830249241913,14,16,0.4666666666666667,30
2,Florida,SEC,35-5,+30.81,122.8,1,92.0,13,65.8,162,+.028,110,+8.73,33,109.1,33,100.3,37,-6.87,312,1,SEC,65.8,162,122.8,1,59.6,1,20.7,130,36.5,40,43.7,34,92.0,13,45.2,18,18.7,291,26.2,9,27.7,13,65.8,162,67.2,153,122.8,1,118.4,1,92.0,13,93.1,14,77.9,26,+5.0,4,+2.0,18,+3.0,1,-0.4,212,-1.8,289,+0.5,150,2.25,16,27.6,246,2007,0.9651367671368796,35,5,0.875,40
254,Florida A&M,MEAC,21-14,-9.57,100.6,225,110.2,276,67.6,96,+.104,8,-10.39,323,97.7,322,108.0,312,+10.61,13,16,MEAC,67.6,96,100.6,225,50.2,159,24.8,314,36.1,47,44.9,20,110.2,276,50.5,188,21.3,161,32.1,179,32.9,90,67.6,96,67.6,132,100.6,225,101.2,188,110.2,276,103.6,195,75.9,246,-0.9,224,+0.1,144,-1.1,279,-0.3,207,-1.9,310,+0.5,152,1.29,209,34.1,79,2007,0.2595779441356734,21,14,0.6,35
226,Florida Atlantic,SB,16-15,-7.11,104.9,154,112.0,305,69.4,46,+.095,17,-4.68,239,103.1,195,107.8,297,+1.18,124,,SB,69.4,46,104.9,154,53.9,30,21.3,176,26.3,299,39.2,109,112.0,305,54.8,318,19.7,247,29.1,63,39.3,227,69.4,46,70.6,52,104.9,154,104.3,130,112.0,305,110.0,315,77.1,88,-0.4,194,-0.4,204,-0.1,160,+0.2,128,+1.1,80,+2.8,11,0.99,271,29.8,172,2007,0.3201351903231775,16,15,0.5161290322580645,31
34,Florida St.,ACC,22-13,+17.79,116.2,21,98.4,63,66.2,147,-.007,193,+9.72,18,109.7,17,100.0,21,-3.30,236,2,ACC,66.2,147,116.2,21,54.2,27,21.3,183,34.1,91,33.7,234,98.4,63,50.7,200,23.5,45,34.7,282,33.2,98,66.2,147,68.0,114,116.2,21,109.2,45,98.4,63,101.5,144,76.8,129,+0.1,158,-0.1,181,+0.2,149,-0.9,254,+0.1,142,+1.5,62,1.68,114,31.9,118,2007,0.8712580809382933,22,13,0.6285714285714286,35
137,Fordham,A10,18-12,+2.32,100.8,221,98.5,67,62.9,284,+.053,56,-0.67,165,105.4,124,106.1,219,+0.56,144,,A10,62.9,284,100.8,221,49.7,181,21.2,169,30.7,204,40.1,83,98.5,67,48.6,106,23.6,44,34.3,270,37.7,191,62.9,284,65.1,237,100.8,221,100.5,199,98.5,67,98.3,75,77.2,79,+0.4,140,-0.5,220,+0.9,57,+0.3,119,+1.1,60,+2.5,20,2.02,47,21.9,317,2007,0.5659732839790842,18,12,0.6,30
106,Fresno St.,WAC,22-10,+6.18,102.5,196,96.3,46,68.7,64,+.052,57,-0.26,156,103.5,184,103.8,137,-4.67,270,5,WAC,68.7,64,102.5,196,50.0,171,18.9,58,25.8,310,37.6,144,96.3,46,43.6,4,18.7,293,30.4,106,24.8,4,68.7,64,70.7,51,102.5,196,100.5,202,96.3,46,93.3,15,76.8,122,+0.5,133,+0.2,132,+0.2,141,-0.9,239,+1.1,85,-1.5,273,1.71,106,20.8,322,2007,0.6720643109132463,22,10,0.6875,32
193,Furman,SC,15-16,-3.55,103.8,175,107.4,221,63.1,276,+.018,135,-0.88,168,103.9,172,104.8,164,+2.06,98,,SC,63.1,276,103.8,175,51.0,128,21.9,208,29.5,245,30.0,305,107.4,221,52.4,268,20.5,198,30.5,107,35.3,137,63.1,276,64.9,247,103.8,175,102.0,169,107.4,221,105.4,240,77.2,86,+0.0,162,+0.1,151,-0.1,163,+0.3,120,+0.1,145,+0.5,109,2.44,7,30.1,162,2007,0.4032158580085642,15,16,0.4838709677419355,31
280,Gardner Webb,ASun,9-21,-12.24,97.3,274,109.5,258,63.6,253,-.050,287,-2.92,195,102.5,215,105.4,185,+13.01,6,,ASun,63.6,253,97.3,274,48.7,228,23.7,289,29.3,249,27.8,325,109.5,258,52.5,271,21.2,169,35.8,309,36.0,155,63.6,253,66.9,166,97.3,274,94.7,287,109.5,258,107.7,284,75.0,321,-2.8,311,-1.2,286,-1.6,309,-0.9,248,-1.2,269,-0.9,246,1.08,254,31.2,134,2007,0.20449331907624627,9,21,0.3,30
89,George Mason,CAA,18-15,+7.91,106.5,135,98.6,70,60.8,316,-.071,311,+1.18,133,105.1,134,103.9,140,+4.39,62,,CAA,60.8,316,106.5,135,51.8,91,19.7,83,30.0,227,29.0,317,98.6,70,47.5,71,19.6,252,28.7,57,28.0,20,60.8,316,60.7,323,106.5,135,104.2,132,98.6,70,97.3,64,76.2,209,-1.8,268,-1.5,301,-0.3,211,+0.1,158,-0.3,198,+0.5,152,1.60,132,31.5,127,2007,0.70813591638264,18,15,0.5454545454545454,33
95,George Washington,A10,23-9,+7.28,105.0,153,97.7,58,66.9,117,+.089,20,-0.57,163,104.7,146,105.3,180,-5.16,283,11,A10,66.9,117,105.0,153,50.6,146,20.3,115,34.4,82,34.0,226,97.7,58,47.6,75,24.6,21,32.8,212,38.4,206,66.9,117,66.9,161,105.0,153,104.9,116,97.7,58,96.6,52,77.2,74,+1.9,66,-0.0,173,+1.9,19,+0.2,132,+0.2,130,+1.5,76,1.62,126,26.9,255,2007,0.6960749249072812,23,9,0.71875,32
4,Georgetown,BE,30-7,+28.48,122.0,2,93.5,21,59.4,327,+.006,163,+10.41,10,109.7,18,99.3,5,-1.02,174,2,BE,59.4,327,122.0,2,57.0,4,22.0,211,39.4,7,36.6,164,93.5,21,44.1,10,19.3,267,31.9,172,32.1,78,59.4,327,59.7,328,122.0,2,115.7,3,93.5,21,96.9,59,78.7,2,+7.0,1,+4.1,1,+2.9,2,+2.8,4,+1.1,71,+1.8,47,1.77,86,24.0,300,2007,0.9551988400322967,30,7,0.8108108108108109,37
55,Georgia,SEC,19-14,+14.30,111.0,71,96.7,49,67.4,101,-.031,257,+10.49,8,110.2,12,99.7,13,-3.46,239,4,SEC,67.4,101,111.0,71,52.5,73,21.9,209,38.2,19,27.5,328,96.7,49,50.6,195,21.9,122,28.1,43,31.3,67,67.4,101,69.3,86,111.0,71,106.3,89,96.7,49,99.6,101,77.3,64,+2.8,34,+1.6,33,+1.2,47,-1.1,275,+0.1,163,+1.5,68,1.95,56,34.8,69,2007,0.8300586786904244,19,14,0.5757575757575758,33
199,Georgia Southern,SC,15-16,-4.10,98.0,264,102.1,127,68.3,70,-.027,245,-3.51,207,102.2,226,105.7,196,-1.17,176,,SC,68.3,70,98.0,264,48.7,225,23.3,275,33.0,128,33.7,236,102.1,127,47.7,78,21.2,168,28.9,60,42.8,275,68.3,70,69.6,77,98.0,264,96.5,263,102.1,127,97.9,72,75.8,258,+0.5,135,-0.1,177,+0.6,108,-1.6,302,-1.8,295,-1.5,281,1.65,119,28.8,205,2007,0.3843014195864099,15,16,0.4838709677419355,31
241,Georgia St.,CAA,11-20,-8.69,100.8,222,109.5,259,64.2,228,+.046,70,+0.39,146,104.8,144,104.4,155,-2.97,229,,CAA,64.2,228,100.8,222,49.0,213,23.5,281,31.9,162,42.6,47,109.5,259,50.8,201,17.8,327,35.1,294,31.5,72,64.2,228,65.0,242,100.8,222,98.1,237,109.5,259,109.0,300,76.8,124,+0.5,134,-0.2,187,+0.7,101,+0.6,99,+2.1,30,-1.0,248,0.72,317,29.4,188,2007,0.2784745001540271,11,20,0.3548387096774194,31
23,Georgia Tech,ACC,20-12,+19.61,116.9,16,97.3,51,67.2,106,-.067,309,+9.63,21,109.5,21,99.9,19,-3.11,232,10,ACC,67.2,106,116.9,16,54.2,26,21.8,206,41.2,3,34.2,219,97.3,51,49.7,149,23.7,41,30.8,123,44.2,295,67.2,106,70.1,64,116.9,16,111.0,28,97.3,51,98.4,77,78.3,10,+1.8,72,+0.2,138,+1.6,28,+1.5,34,+3.1,7,+4.1,4,1.12,245,35.7,55,2007,0.8919174803993122,20,12,0.625,32
49,Gonzaga,WCC,23-11,+15.31,115.3,30,100.0,87,67.1,113,-.032,262,+4.15,89,106.7,89,102.5,99,+9.52,19,10,WCC,67.1,113,115.3,30,54.1,28,18.7,49,31.6,175,39.4,102,100.0,87,46.7,40,18.7,290,27.3,25,36.5,170,67.1,113,69.3,88,115.3,30,111.5,24,100.0,87,99.7,103,77.3,73,+2.7,36,+1.4,44,+1.3,43,-0.1,193,+0.1,144,+0.5,110,1.69,112,29.5,184,2007,0.8371567537537526,23,11,0.6764705882352942,34
315,Grambling St.,SWAC,12-14,-17.66,93.9,304,111.6,299,67.3,104,+.049,64,-12.99,335,93.3,336,106.3,233,+12.60,7,,SWAC,67.3,104,93.9,304,44.5,315,23.6,285,31.8,165,34.0,225,111.6,299,48.2,95,20.7,189,32.8,211,42.3,267,67.3,104,69.8,70,93.9,304,91.2,312,111.6,299,100.4,122,76.2,214,-0.5,196,-1.4,296,+0.9,72,+1.3,42,+0.6,114,-1.5,278,1.61,128,29.1,202,2007,0.12068677402314044,12,14,0.46153846153846156,26
144,Green Bay,Horz,18-15,+1.74,107.4,114,105.6,185,64.2,227,-.005,188,-0.52,162,104.5,152,105.0,171,-3.45,238,,Horz,64.2,227,107.4,114,49.4,196,18.3,33,28.5,263,39.5,98,105.6,185,50.2,174,19.6,250,31.0,139,33.9,107,64.2,227,63.8,277,107.4,114,106.0,94,105.6,185,104.8,224,77.3,70,+2.0,63,+0.5,107,+1.5,30,+1.1,74,+0.7,105,+1.7,48,1.76,90,28.8,208,2007,0.5484402957317324,18,15,0.5454545454545454,33
247,Hampton,MEAC,15-16,-9.33,93.7,306,103.0,138,69.1,56,-.016,217,-10.88,326,98.5,318,109.4,334,+1.50,112,,MEAC,69.1,56,93.7,306,48.3,234,28.0,336,38.0,22,43.7,32,103.0,138,47.9,84,26.4,2,32.9,216,55.3,334,69.1,56,70.4,60,93.7,306,95.7,274,103.0,138,95.7,36,76.6,145,+0.4,141,-0.5,213,+0.9,66,+0.1,136,-0.6,215,+1.5,82,0.92,283,33.6,85,2007,0.2519471686460393,15,16,0.4838709677419355,31
239,Hartford,AE,13-18,-8.35,98.3,260,106.7,207,63.8,246,+.024,122,-5.01,245,101.0,270,106.0,216,-2.06,206,,AE,63.8,246,98.3,260,47.3,262,19.6,77,26.3,297,36.6,162,106.7,207,53.2,290,25.3,13,34.8,286,39.9,238,63.8,246,62.9,295,98.3,260,97.7,245,106.7,207,102.4,170,75.1,319,-5.2,334,-2.1,326,-3.1,334,-1.5,292,-0.8,229,-0.5,225,1.09,251,25.9,271,2007,0.2803014105248479,13,18,0.41935483870967744,31
257,Harvard,Ivy,12-16,-9.90,103.4,182,113.3,317,71.1,21,+.089,21,-4.15,225,101.4,256,105.6,190,-2.76,221,,Ivy,71.1,21,103.4,182,48.7,223,22.4,240,31.7,169,41.8,54,113.3,317,55.4,326,20.9,178,32.9,219,27.9,14,71.1,21,69.8,71,103.4,182,101.6,175,113.3,317,108.7,297,76.1,223,+2.1,59,+1.3,52,+0.8,84,-1.9,324,-0.8,250,-0.5,226,1.55,144,29.3,196,2007,0.25893843619714174,12,16,0.42857142857142855,28
79,Hawaii,WAC,18-13,+9.87,104.5,164,94.6,29,69.2,52,-.094,325,+1.69,126,105.3,128,103.6,125,+1.43,114,,WAC,69.2,52,104.5,164,50.6,145,24.1,300,35.9,52,35.0,199,94.6,29,44.2,11,20.9,180,32.4,191,36.3,161,69.2,52,71.0,46,104.5,164,101.7,172,94.6,29,93.6,16,78.1,18,+1.6,76,+0.6,94,+1.0,52,+1.1,68,+3.1,3,+1.5,53,1.26,219,25.6,278,2007,0.7585214349574877,18,13,0.5806451612903226,31
173,High Point,BSth,22-10,-2.07,101.1,220,103.1,142,66.4,134,+.054,54,-8.72,316,100.2,298,108.9,328,-7.62,316,,BSth,66.4,134,101.1,220,51.0,124,21.4,184,32.7,142,32.6,258,103.1,142,48.3,98,22.2,101,34.2,265,35.3,143,66.4,134,70.6,53,101.1,220,102.9,155,103.1,142,98.6,79,75.1,317,-3.8,328,-1.7,318,-2.1,317,-1.4,287,-1.2,267,-1.5,282,1.39,182,27.7,238,2007,0.44391784133154094,22,10,0.6875,32
99,Hofstra,CAA,22-10,+6.69,115.2,32,108.5,238,64.7,209,+.053,55,+0.89,139,103.7,176,102.8,106,+2.30,92,6,CAA,64.7,209,115.2,32,52.5,74,17.1,13,30.4,210,39.8,92,108.5,238,49.5,142,18.7,292,31.8,168,40.5,249,64.7,209,64.5,257,115.2,32,111.2,27,108.5,238,106.1,258,76.2,213,-2.5,305,-0.3,199,-2.2,326,-0.9,263,+0.1,143,+0.5,108,2.47,6,22.0,316,2007,0.6657611500697006,22,10,0.6875,32
93,Holy Cross,Pat,25-9,+7.40,103.0,186,95.6,39,62.5,293,+.025,119,-3.70,213,101.5,254,105.2,175,+0.98,130,13,Pat,62.5,293,103.0,186,48.6,230,23.8,293,36.9,35,40.1,84,95.6,39,47.8,82,26.4,3,27.6,34,39.0,221,62.5,293,62.2,307,103.0,186,101.3,186,95.6,39,91.1,5,76.7,136,+3.0,25,+1.0,68,+1.9,20,+1.3,44,-2.1,323,-0.5,235,2.10,37,23.1,308,2007,0.7021163033538915,25,9,0.7352941176470589,34
94,Houston,CUSA,18-15,+7.30,107.1,121,99.8,85,68.8,62,-.023,237,+3.89,93,105.7,112,101.8,82,+4.48,58,,CUSA,68.8,62,107.1,121,47.3,261,16.0,2,29.9,230,30.9,293,99.8,85,49.2,127,23.9,36,33.8,256,42.9,277,68.8,62,70.0,68,107.1,121,103.5,147,99.8,85,99.9,112,76.4,188,-2.1,283,-1.6,310,-0.5,230,-0.9,247,+1.1,85,+1.8,46,0.78,304,22.8,311,2007,0.6925014867185297,18,15,0.5454545454545454,33
330,Howard,MEAC,9-22,-22.07,94.7,299,116.8,336,64.4,223,+.054,52,-11.40,330,97.6,323,109.0,329,-5.56,290,,MEAC,64.4,223,94.7,299,49.9,177,23.7,288,28.3,265,40.0,86,116.8,336,54.0,305,21.8,129,36.2,313,35.5,145,64.4,223,66.2,200,94.7,299,96.5,266,116.8,336,108.1,289,75.9,250,-2.0,280,-0.7,232,-1.4,300,+0.1,177,-0.8,222,+0.5,152,1.78,84,42.4,7,2007,0.08225357242604517,9,22,0.2903225806451613,31
248,IPFW,ind,12-17,-9.34,98.8,250,108.2,231,66.8,122,+.015,148,-1.23,172,103.6,180,104.8,166,+3.51,75,,ind,66.8,122,98.8,250,50.2,160,22.1,219,23.3,328,33.4,240,108.2,231,50.8,203,20.1,219,30.6,115,44.8,298,66.8,122,66.8,175,98.8,250,95.8,272,108.2,231,106.1,259,77.5,48,+1.4,85,+0.5,111,+0.9,53,+1.4,40,+1.8,38,+1.9,45,1.52,149,39.0,18,2007,0.26015496891405376,12,17,0.41379310344827586,29
183,IUPUI,MCon,15-15,-2.62,106.9,127,109.5,260,63.0,283,-.020,228,-2.37,187,102.9,203,105.3,179,-1.67,189,,MCon,63.0,283,106.9,127,48.6,232,20.0,91,32.8,139,38.5,126,109.5,260,53.7,298,20.4,201,29.3,72,35.3,140,63.0,283,64.0,270,106.9,127,105.7,101,109.5,260,106.7,271,75.5,290,-0.8,213,-0.2,188,-0.6,235,+0.1,152,-2.5,326,-1.5,286,1.30,208,28.1,230,2007,0.4313480121972468,15,15,0.5,30
299,Idaho,WAC,4-27,-15.54,94.3,301,109.9,266,66.2,148,+.024,121,+2.43,114,105.5,123,103.0,109,-0.96,171,,WAC,66.2,148,94.3,301,45.5,300,20.9,152,23.8,325,29.8,309,109.9,266,51.6,232,18.5,300,34.4,272,36.1,159,66.2,148,67.8,122,94.3,301,90.5,316,109.9,266,109.5,309,76.5,175,+1.8,69,+0.4,123,+1.4,37,+1.8,26,-1.2,268,-1.5,294,0.52,327,37.3,30,2007,0.14672382006096352,4,27,0.12903225806451613,31
158,Idaho St.,BSky,13-17,-0.26,104.7,159,105.0,170,60.2,320,-.073,313,-0.91,169,105.3,127,106.2,227,+11.60,10,,BSky,60.2,320,104.7,159,51.3,114,21.2,168,32.1,154,36.0,183,105.0,170,50.2,171,18.8,287,30.6,116,31.2,66,60.2,320,62.7,298,104.7,159,103.8,140,105.0,170,104.6,219,76.5,158,+0.2,152,+0.5,105,-0.3,214,+1.1,81,+0.1,157,+0.5,145,1.37,189,27.6,245,2007,0.4917746992957626,13,17,0.43333333333333335,30
36,Illinois,B10,23-12,+17.50,107.3,116,89.8,5,62.0,300,-.017,220,+8.06,41,108.4,44,100.4,39,-0.20,156,12,B10,62.0,300,107.3,116,49.8,180,21.7,194,36.7,38,37.2,151,89.8,5,45.7,26,22.7,73,26.7,14,34.7,122,62.0,300,62.3,305,107.3,116,102.5,161,89.8,5,91.5,6,77.7,31,+3.0,24,+1.1,65,+1.9,13,-0.1,197,+0.5,118,+2.5,27,1.44,165,32.1,116,2007,0.8856949920634825,23,12,0.6571428571428571,35
152,Illinois Chicago,Horz,14-18,+0.71,107.0,126,106.3,196,66.2,143,-.027,248,+2.54,112,106.0,104,103.4,122,+4.44,59,,Horz,66.2,143,107.0,126,47.6,253,17.8,27,33.1,123,31.6,284,106.3,196,50.3,177,18.5,302,31.3,151,33.0,92,66.2,143,66.2,198,107.0,126,103.8,141,106.3,196,106.3,266,76.5,167,+1.3,90,+1.4,46,-0.0,157,+0.1,145,-1.4,274,-2.5,315,1.65,118,29.8,173,2007,0.5188612496192421,14,18,0.4375,32
86,Illinois St.,MVC,15-16,+8.38,107.1,122,98.7,75,65.0,198,-.061,303,+6.37,67,107.6,65,101.3,66,-3.19,234,,MVC,65.0,198,107.1,122,52.4,79,23.0,265,30.5,208,33.7,235,98.7,75,50.0,160,23.5,46,29.6,76,36.9,177,65.0,198,65.4,225,107.1,122,101.0,191,98.7,75,99.5,99,75.7,264,+1.6,80,+0.8,88,+0.7,99,-0.5,217,-1.8,303,-3.5,328,0.90,287,30.4,152,2007,0.7189577048891629,15,16,0.4838709677419355,31
14,Indiana,B10,21-11,+21.58,115.4,26,93.8,23,64.9,203,-.058,298,+9.96,14,108.5,43,98.5,3,+1.51,111,7,B10,64.9,203,115.4,26,51.8,94,19.0,62,34.4,79,34.4,213,93.8,23,46.2,37,21.9,123,29.1,64,46.2,309,64.9,203,64.2,262,115.4,26,108.8,50,93.8,23,96.0,41,76.8,117,+0.3,147,+0.3,127,-0.1,162,-0.2,198,+1.1,85,+0.6,104,1.20,232,31.8,122,2007,0.915541409039542,21,11,0.65625,32
140,Indiana St.,MVC,13-18,+1.94,104.1,170,102.1,128,62.5,294,+.059,43,+9.16,27,109.2,30,100.0,24,+2.02,99,,MVC,62.5,294,104.1,170,46.7,275,19.6,80,26.7,292,38.6,123,102.1,128,51.1,215,18.7,289,31.7,164,36.5,169,62.5,294,62.2,308,104.1,170,97.3,250,102.1,128,105.3,237,75.5,286,-0.4,188,-0.3,197,-0.1,164,-0.5,215,-1.9,315,-1.5,268,1.47,158,32.2,111,2007,0.5555426737563154,13,18,0.41935483870967744,31
323,Iona,MAAC,2-28,-19.41,87.7,329,107.1,217,65.8,170,-.042,271,-3.74,214,102.9,202,106.7,244,+1.96,101,,MAAC,65.8,170,87.7,329,44.3,318,26.0,329,32.9,131,39.0,115,107.1,217,49.4,139,20.0,226,35.7,305,44.0,290,65.8,170,66.3,194,87.7,329,87.4,326,107.1,217,104.2,209,77.1,96,+1.0,102,+0.1,156,+0.9,60,+0.3,125,+0.1,147,+0.5,119,0.75,311,29.0,204,2007,0.0912744353812384,2,28,0.06666666666666667,30
70,Iowa,B10,17-14,+11.06,110.6,76,99.6,81,66.5,129,-.006,191,+7.48,52,107.2,75,99.7,16,-2.56,214,,B10,66.5,129,110.6,76,49.7,182,20.1,107,32.1,156,35.7,189,99.6,81,50.1,168,22.5,87,33.4,243,33.0,93,66.5,129,65.7,220,110.6,76,103.9,138,99.6,81,100.5,127,78.3,12,+2.4,47,+1.5,35,+0.9,63,+2.3,8,+2.5,17,+1.5,58,1.42,173,32.2,110,2007,0.7693626944319588,17,14,0.5483870967741935,31
134,Iowa St.,B12,15-16,+2.67,101.4,213,98.7,72,63.3,265,+.038,80,+5.82,70,107.5,71,101.7,73,-5.14,282,,B12,63.3,265,101.4,213,46.2,286,22.4,239,32.9,137,31.4,289,98.7,72,47.2,62,18.7,296,29.9,85,30.6,52,63.3,265,65.1,233,101.4,213,96.4,268,98.7,72,100.3,120,77.1,92,+2.2,55,+1.2,56,+0.9,73,-0.1,194,+0.1,163,+0.8,97,0.56,325,27.9,233,2007,0.5769740249681548,15,16,0.4838709677419355,31
251,Jackson St.,SWAC,21-14,-9.48,100.2,230,109.7,262,69.7,40,+.140,1,-10.16,321,95.6,331,105.8,200,+7.09,32,16,SWAC,69.7,40,100.2,230,46.4,281,20.6,127,32.1,155,35.9,186,109.7,262,50.2,170,24.0,33,36.4,315,42.7,273,69.7,40,72.1,25,100.2,230,98.3,235,109.7,262,101.0,137,76.2,212,-1.1,237,-1.1,274,-0.1,192,+1.5,35,+1.2,52,-3.5,326,1.45,163,30.0,167,2007,0.26082528163653595,21,14,0.6,35
246,Jacksonville,ASun,15-14,-9.33,100.5,226,109.8,264,70.2,35,+.076,25,-7.19,295,100.2,300,107.3,275,+7.29,31,,ASun,70.2,35,100.5,226,48.7,227,22.8,253,34.6,73,34.5,209,109.8,264,53.6,297,23.2,53,32.1,183,39.9,237,70.2,35,71.8,34,100.5,226,100.2,205,109.8,264,105.2,236,75.2,312,-0.6,205,-0.6,224,-0.1,177,-1.7,307,-3.8,335,-1.5,295,0.76,309,27.7,235,2007,0.26545962261873085,15,14,0.5172413793103449,29
294,Jacksonville St.,OVC,9-21,-14.11,97.7,268,111.8,303,65.2,187,-.011,207,-7.60,300,101.3,259,108.9,327,-2.49,213,,OVC,65.2,187,97.7,268,48.2,238,21.3,180,32.7,141,31.5,287,111.8,303,49.6,145,19.1,272,34.7,284,40.1,240,65.2,187,66.4,189,97.7,268,99.5,214,111.8,303,107.1,278,75.0,322,-2.0,274,-0.9,248,-1.1,282,-0.9,240,-1.2,270,-5.5,334,0.66,322,28.5,217,2007,0.17504077425728526,9,21,0.3,30
292,James Madison,CAA,7-23,-13.74,102.2,200,115.9,334,63.0,279,+.020,129,-1.46,177,103.9,173,105.3,181,-7.02,314,,CAA,63.0,279,102.2,200,49.0,211,21.8,199,31.6,173,39.2,110,115.9,334,58.2,335,20.5,197,32.1,181,42.4,269,63.0,279,63.4,288,102.2,200,100.5,201,115.9,334,114.3,335,77.2,76,-2.4,296,-1.3,293,-1.1,271,+1.1,81,+2.0,32,+1.5,52,0.81,299,22.5,313,2007,0.19051692415818033,7,23,0.23333333333333334,30
5,Kansas,B12,33-5,+27.81,115.3,29,87.5,1,68.7,63,+.031,102,+6.86,59,108.1,58,101.2,64,-0.93,170,1,B12,68.7,63,115.3,29,54.5,20,20.0,92,37.0,33,36.2,172,87.5,1,43.5,3,23.6,42,28.2,45,34.0,111,68.7,63,69.7,74,115.3,29,111.2,26,87.5,1,87.6,1,76.8,119,+2.5,43,+0.6,101,+1.9,24,-0.2,203,-0.8,257,-0.5,198,1.31,206,28.3,222,2007,0.9597990877179714,33,5,0.868421052631579,38
57,Kansas St.,B12,23-12,+13.71,109.3,91,95.6,38,65.8,169,+.026,117,+5.58,76,107.5,70,101.9,87,-1.68,190,2,B12,65.8,169,109.3,91,48.7,226,20.0,96,35.6,59,41.7,57,95.6,38,46.7,46,22.1,110,31.2,146,37.9,196,65.8,169,67.5,134,109.3,91,104.5,127,95.6,38,96.4,49,77.9,24,+1.3,92,+1.4,47,-0.1,169,+1.1,76,+2.1,21,+2.5,13,2.05,42,29.0,203,2007,0.823482330933684,23,12,0.6571428571428571,35
263,Kennesaw St.,ASun,13-18,-10.17,99.3,246,109.5,256,65.1,193,-.036,264,-8.35,312,98.9,317,107.2,268,-3.98,251,,ASun,65.1,193,99.3,246,44.6,314,19.4,71,39.2,8,32.5,262,109.5,256,51.6,237,24.9,15,37.8,325,38.7,212,65.1,193,67.1,154,99.3,246,98.9,226,109.5,256,102.6,174,75.6,278,-2.8,312,-1.5,301,-1.3,297,-0.9,245,+0.7,104,-0.5,221,1.17,234,27.3,249,2007,0.24518526078294395,13,18,0.41935483870967744,31
81,Kent St.,MAC,21-11,+9.85,105.2,148,95.3,36,65.4,183,+.003,172,+1.80,124,105.5,122,103.7,134,+2.48,91,,MAC,65.4,183,105.2,148,50.8,139,20.3,113,32.4,147,34.2,218,95.3,36,48.1,91,24.4,23,27.6,32,36.1,156,65.4,183,65.8,214,105.2,148,102.7,158,95.3,36,94.4,21,75.3,299,-2.2,288,-1.5,301,-0.7,242,-0.9,258,-0.8,246,-1.5,261,1.29,211,35.8,52,2007,0.7570521133500966,21,11,0.65625,32
13,Kentucky,SEC,22-12,+21.73,117.0,15,95.3,34,65.8,165,-.029,254,+13.23,1,111.0,2,97.8,1,+8.21,25,8,SEC,65.8,165,117.0,15,53.8,36,20.8,142,32.2,151,36.9,156,95.3,34,47.4,67,18.5,304,30.9,132,27.9,15,65.8,165,67.5,140,117.0,15,108.2,56,95.3,34,99.7,106,78.4,5,+4.2,6,+2.2,11,+1.9,17,+1.5,36,+3.1,3,+2.5,23,1.31,205,30.9,143,2007,0.9136593615553095,22,12,0.6470588235294118,34
307,LIU Brooklyn,NEC,10-19,-15.92,96.2,284,112.1,307,67.3,103,+.024,123,-8.30,311,100.4,295,108.7,320,-4.74,272,,NEC,67.3,103,96.2,284,45.9,293,20.4,117,29.7,235,40.4,77,112.1,307,51.6,235,20.8,184,32.9,218,33.4,100,67.3,103,68.0,112,96.2,284,97.2,254,112.1,307,106.1,262,74.8,331,-1.7,266,-0.9,252,-0.8,252,-2.7,335,-1.9,317,-1.5,288,2.42,9,35.2,60,2007,0.1469077710444829,10,19,0.3448275862068966,29
54,LSU,SEC,17-15,+14.35,107.8,106,93.5,20,63.1,275,-.096,327,+8.55,35,109.1,34,100.5,43,-1.46,183,,SEC,63.1,275,107.8,106,50.0,169,21.3,178,36.1,49,32.2,267,93.5,20,45.7,27,18.8,285,28.3,47,27.9,18,63.1,275,65.1,236,107.8,106,103.7,143,93.5,20,95.7,35,78.4,6,+2.1,57,+0.8,89,+1.3,40,+2.1,10,+3.1,2,+0.6,105,1.94,57,25.8,273,2007,0.8370767531741299,17,15,0.53125,32
236,La Salle,A10,10-20,-8.07,104.5,166,112.5,311,66.9,116,-.077,317,-4.21,229,103.0,198,107.2,267,-11.80,334,,A10,66.9,116,104.5,166,50.7,143,23.1,267,37.8,25,38.2,131,112.5,311,52.0,250,18.4,308,32.3,188,36.3,162,66.9,116,68.1,109,104.5,166,104.7,123,112.5,311,109.3,304,77.2,80,-0.8,215,-1.0,262,+0.2,148,+1.1,64,+2.8,9,+1.6,49,1.41,175,32.9,101,2007,0.29978734094991977,10,20,0.3333333333333333,30
310,Lafayette,Pat,9-21,-16.67,98.7,251,115.4,333,67.3,102,+.032,96,-2.81,193,100.6,286,103.4,119,-1.19,177,,Pat,67.3,102,98.7,251,50.5,147,25.1,321,21.7,332,40.0,85,115.4,333,54.9,321,22.7,72,37.3,321,39.4,232,67.3,102,66.7,176,98.7,251,94.6,289,115.4,333,110.1,318,75.7,266,-2.1,281,-1.5,309,-0.5,232,+0.1,164,-1.4,275,-0.5,235,1.85,75,38.0,25,2007,0.1421345423215559,9,21,0.3,30
214,Lamar,Slnd,15-17,-5.97,103.6,179,109.6,261,68.9,59,+.015,147,-3.32,202,102.3,218,105.7,195,+4.39,61,,Slnd,68.9,59,103.6,179,50.5,150,23.2,272,33.1,125,40.7,71,109.6,261,49.1,124,18.5,303,33.7,251,33.9,106,68.9,59,71.7,36,103.6,179,101.3,187,109.6,261,105.6,247,76.7,131,+1.4,89,+2.2,10,-0.9,258,+0.1,183,-0.0,186,+0.6,100,0.69,320,27.6,242,2007,0.3435642879475358,15,17,0.46875,32
252,Lehigh,Pat,12-19,-9.49,98.3,261,107.8,227,63.0,282,-.005,189,-4.27,230,101.1,264,105.4,184,-1.30,180,,Pat,63.0,282,98.3,261,47.1,269,22.8,256,31.7,167,40.6,74,107.8,227,50.0,164,20.4,202,29.2,65,44.4,296,63.0,282,63.1,292,98.3,261,96.6,262,107.8,227,103.0,183,76.5,169,+0.8,110,+0.4,121,+0.5,120,+0.2,134,-0.3,196,-0.5,224,1.71,107,30.5,151,2007,0.257134299614292,12,19,0.3870967741935484,31
219,Liberty,BSth,14-17,-6.34,102.1,204,108.4,237,68.3,71,-.054,292,-5.87,268,101.9,240,107.7,294,-1.91,199,,BSth,68.3,71,102.1,204,51.4,111,21.1,163,29.5,244,31.5,285,108.4,237,50.6,194,18.3,309,30.0,90,42.5,271,68.3,71,72.1,26,102.1,204,102.1,168,108.4,237,105.1,230,76.6,154,+0.4,139,+0.0,163,+0.4,122,+0.5,108,-1.8,292,+0.5,152,1.85,74,30.8,145,2007,0.3343519973185955,14,17,0.45161290322580644,31
187,Lipscomb,ASun,18-13,-2.77,103.9,173,106.6,205,61.4,307,-.017,219,-6.77,288,100.8,275,107.6,289,+5.49,44,,ASun,61.4,307,103.9,173,48.6,229,17.7,23,30.1,220,35.0,201,106.6,205,48.8,114,20.7,190,29.8,82,40.4,247,61.4,307,64.0,269,103.9,173,104.9,115,106.6,205,101.5,148,76.0,239,-3.2,319,-2.2,327,-1.1,286,-0.9,252,+0.1,156,+2.1,41,1.73,98,29.2,199,2007,0.4267733635736879,18,13,0.5806451612903226,31
113,Long Beach St.,BW,24-8,+5.44,112.2,58,106.8,210,71.0,22,+.110,5,-3.34,203,102.0,236,105.4,182,-2.96,228,12,BW,71.0,22,112.2,58,52.7,65,18.7,50,32.9,130,34.7,206,106.8,210,51.2,218,21.8,130,33.1,231,32.3,79,71.0,22,73.0,17,112.2,58,110.8,30,106.8,210,103.1,189,75.7,272,-2.9,313,-1.8,321,-1.1,269,+0.3,126,+0.3,121,-1.5,274,1.62,124,25.0,281,2007,0.638125675416688,24,8,0.75,32
320,Longwood,ind,9-22,-18.65,91.4,320,110.1,273,69.2,50,+.026,114,-5.02,246,100.9,273,105.9,211,-2.67,217,,ind,69.2,50,91.4,320,44.0,320,22.5,246,26.6,293,33.0,250,110.1,273,52.6,273,21.7,137,33.2,237,36.1,157,69.2,50,71.0,45,91.4,320,88.8,322,110.1,273,104.6,218,75.8,252,-1.9,273,-1.9,322,-0.1,194,+1.1,72,-0.1,189,-1.5,272,1.27,214,26.1,268,2007,0.10520808899957632,9,22,0.2903225806451613,31
271,Louisiana Lafayette,SB,9-21,-10.85,98.4,258,109.3,250,65.5,177,-.046,276,-3.61,210,103.4,187,107.0,260,+3.83,70,,SB,65.5,177,98.4,258,46.2,287,20.6,128,35.1,64,34.2,217,109.3,250,50.5,187,18.9,280,34.8,288,40.1,242,65.5,177,67.5,139,98.4,258,98.1,238,109.3,250,107.0,275,76.8,127,+0.9,107,-0.0,171,+0.9,64,+0.2,133,+0.2,126,+0.1,170,1.05,260,36.1,45,2007,0.23003044631905556,9,21,0.3,30
243,Louisiana Monroe,SB,18-14,-8.99,101.5,209,110.5,286,67.3,105,+.102,9,-5.57,256,102.1,229,107.7,291,+4.25,64,,SB,67.3,105,101.5,209,48.8,218,19.9,87,31.6,177,32.4,266,110.5,286,51.8,242,19.9,237,34.9,289,27.2,12,67.3,105,68.4,103,101.5,209,101.7,171,110.5,286,107.0,277,75.2,313,-3.6,326,-1.0,258,-2.6,331,-1.4,290,-1.8,287,-0.5,223,0.73,314,24.9,284,2007,0.27348699595649334,18,14,0.5625,32
197,Louisiana Tech,WAC,10-20,-3.89,99.8,233,103.7,150,65.8,163,-.011,206,+2.90,107,104.3,155,101.5,69,+1.19,123,,WAC,65.8,163,99.8,233,45.0,310,20.5,125,33.8,103,27.5,329,103.7,150,51.0,212,21.6,142,29.3,67,43.8,289,65.8,163,67.6,128,99.8,233,94.0,293,103.7,150,102.3,168,76.6,142,-0.6,201,-1.5,301,+0.9,73,-0.4,211,+1.1,85,+2.5,17,0.82,297,31.1,139,2007,0.39154078056903074,10,20,0.3333333333333333,30
19,Louisville,BE,24-10,+20.35,113.5,40,93.1,18,64.2,229,-.046,277,+7.29,53,107.9,61,100.6,48,-3.61,244,6,BE,64.2,229,113.5,40,49.9,176,19.2,67,36.1,48,37.2,150,93.1,18,45.5,23,22.5,85,32.7,207,45.5,302,64.2,229,65.9,211,113.5,40,107.4,71,93.1,18,95.4,31,77.1,90,+2.2,56,+1.3,49,+0.8,83,-0.6,225,-0.8,226,+0.7,99,1.45,161,34.8,66,2007,0.9070789686857367,24,10,0.7058823529411765,34
84,Loyola Chicago,Horz,21-11,+8.42,110.3,78,101.9,122,65.0,201,-.001,184,+1.02,135,105.2,131,104.2,151,-0.09,153,,Horz,65.0,201,110.3,78,50.0,169,20.7,133,37.3,26,41.4,62,101.9,122,47.4,66,18.3,310,32.6,203,28.4,25,65.0,201,63.8,276,110.3,78,107.7,65,101.9,122,101.7,154,77.5,49,-0.0,164,-0.9,255,+0.9,79,+2.5,6,+2.6,12,+1.5,79,2.04,45,29.8,175,2007,0.7131920353495745,21,11,0.65625,32
191,Loyola MD,MAAC,18-13,-3.14,107.2,120,110.3,278,65.8,164,+.002,173,-6.76,287,100.2,299,107.0,258,-5.36,286,,MAAC,65.8,164,107.2,120,53.3,47,20.7,135,31.8,164,38.6,122,110.3,278,46.7,43,19.2,268,34.2,263,45.1,299,65.8,164,66.0,204,107.2,120,107.2,75,110.3,278,104.4,212,76.0,233,-1.8,267,-0.7,239,-1.1,293,-1.9,314,-0.8,244,+0.5,149,1.35,192,29.5,185,2007,0.41876669262573785,18,13,0.5806451612903226,31
211,Loyola Marymount,WCC,13-18,-5.50,95.0,294,100.5,96,67.8,85,+.095,16,+3.16,101,106.3,99,103.1,112,+5.98,38,,WCC,67.8,85,95.0,294,44.0,321,22.7,248,29.7,232,31.7,280,100.5,96,53.6,296,23.4,47,27.7,35,37.3,185,67.8,85,70.5,57,95.0,294,90.2,319,100.5,96,100.3,121,76.9,113,+1.4,88,+0.9,86,+0.5,115,-1.8,308,+0.1,163,+0.4,167,1.77,87,38.2,22,2007,0.34361410901958056,13,18,0.41935483870967744,31
265,Maine,AE,12-18,-10.46,99.5,242,109.9,267,66.1,153,+.008,161,-4.63,237,101.5,253,106.1,220,-0.56,164,,AE,66.1,153,99.5,242,47.6,254,20.1,104,29.4,246,30.8,295,109.9,267,49.5,143,19.9,231,32.6,200,35.1,135,66.1,153,65.5,221,99.5,242,97.9,243,109.9,267,104.8,227,76.7,137,-0.9,227,-0.3,195,-0.7,239,-0.9,244,+1.1,80,+1.5,65,1.76,88,25.7,274,2007,0.24172379062696006,12,18,0.4,30
262,Manhattan,MAAC,13-17,-10.08,96.8,279,106.9,213,66.5,128,+.076,27,-5.93,269,101.3,258,107.3,271,-4.07,252,,MAAC,66.5,128,96.8,279,45.9,290,20.8,137,32.7,143,37.9,136,106.9,213,49.8,154,22.0,115,30.8,123,49.1,322,66.5,128,67.5,136,96.8,279,96.9,259,106.9,213,101.8,156,76.9,111,-0.6,200,-0.5,213,-0.1,170,+0.7,97,+0.9,97,+2.5,27,0.87,291,29.6,182,2007,0.24207470048704904,13,17,0.43333333333333335,30
119,Marist,MAAC,25-9,+4.56,109.5,88,104.9,169,66.5,132,+.017,136,-5.33,252,101.5,252,106.9,251,-2.85,224,7,MAAC,66.5,132,109.5,88,53.0,55,18.5,41,31.8,166,34.1,221,104.9,169,49.4,134,19.4,262,26.7,16,35.0,128,66.5,132,67.3,148,109.5,88,109.8,38,104.9,169,100.4,124,77.5,53,+1.6,81,+1.5,42,+0.1,154,+0.4,117,+1.1,78,+2.5,24,2.49,4,24.2,295,2007,0.6209413967794719,25,9,0.7352941176470589,34
38,Marquette,BE,24-10,+17.18,111.8,62,94.6,30,67.6,93,+.009,156,+7.59,50,108.3,46,100.7,51,-4.27,256,8,BE,67.6,93,111.8,62,49.4,198,21.0,161,38.3,18,39.9,90,94.6,30,47.2,58,24.3,26,33.3,242,39.9,236,67.6,93,67.5,135,111.8,62,105.8,97,94.6,30,95.7,37,76.6,146,+1.8,71,+1.0,67,+0.7,94,+0.2,135,-1.8,288,-0.5,227,1.21,229,28.6,215,2007,0.8722634960800509,24,10,0.7058823529411765,34
190,Marshall,CUSA,13-19,-2.97,100.7,223,103.7,151,67.2,108,+.074,28,+2.07,119,104.6,149,102.5,101,+0.83,133,,CUSA,67.2,108,100.7,223,45.3,302,22.1,220,34.1,90,39.3,105,103.7,151,47.8,81,19.8,242,34.2,264,37.8,195,67.2,108,67.8,121,100.7,223,96.7,260,103.7,151,102.8,180,76.1,217,-3.2,318,-1.1,277,-2.1,318,-0.1,196,-0.4,202,+0.5,116,1.37,186,30.0,165,2007,0.41639315962754586,13,19,0.40625,32
12,Maryland,ACC,25-9,+22.42,112.4,53,90.0,7,71.4,17,-.027,247,+8.48,36,108.9,38,100.4,40,-3.07,231,4,ACC,71.4,17,112.4,53,52.6,68,21.6,192,35.4,61,38.7,121,90.0,7,43.7,6,22.6,79,34.6,279,30.2,49,71.4,17,73.4,13,112.4,53,107.4,72,90.0,7,91.9,8,78.2,17,+1.4,86,+1.1,66,+0.3,128,+1.1,81,+3.1,3,+3.0,10,1.75,94,28.3,223,2007,0.9279704923683644,25,9,0.7352941176470589,34
336,Maryland Eastern Shore,MEAC,4-27,-27.18,86.8,330,114.0,323,67.5,99,-.094,326,-10.76,324,98.1,319,108.8,323,+0.61,142,,MEAC,67.5,99,86.8,330,43.2,327,22.6,247,30.4,211,33.9,229,114.0,323,52.9,283,22.8,66,39.3,330,40.6,250,67.5,99,67.8,119,86.8,330,88.4,325,114.0,323,108.7,296,76.4,177,-0.4,191,+0.1,145,-0.5,227,-1.9,313,-1.8,293,+0.5,152,1.16,238,25.7,276,2007,0.04169415588641397,4,27,0.12903225806451613,31
67,Massachusetts,A10,24-9,+12.36,109.1,94,96.8,50,70.6,29,+.009,158,+0.96,136,106.2,100,105.3,177,+0.17,150,4,A10,70.6,29,109.1,94,52.8,63,22.4,236,40.3,5,41.6,59,96.8,50,45.6,24,20.0,225,30.3,96,38.5,208,70.6,29,71.2,43,109.1,94,107.7,64,96.8,50,96.1,44,78.0,20,+3.0,19,+1.1,64,+1.9,18,+2.8,3,+2.2,19,+0.5,118,2.22,18,30.8,147,2007,0.7982843505684265,24,9,0.7272727272727273,33
267,McNeese St.,Slnd,15-17,-10.58,90.5,322,101.1,106,65.5,179,+.100,11,-4.01,220,102.3,219,106.3,232,+1.75,106,,Slnd,65.5,179,90.5,322,42.9,329,24.0,298,36.7,37,34.9,204,101.1,106,48.1,92,22.1,108,30.4,102,45.6,304,65.5,179,67.4,142,90.5,322,90.3,318,101.1,106,98.8,86,76.0,228,-0.5,198,-0.5,210,-0.1,193,+1.2,50,-1.8,291,-1.5,289,1.23,226,23.2,306,2007,0.21861715716534152,15,17,0.46875,32
9,Memphis,CUSA,33-4,+24.81,115.4,28,90.6,10,68.4,68,+.030,104,+2.93,106,105.3,130,102.4,97,+3.41,76,2,CUSA,68.4,68,115.4,28,51.7,100,18.4,40,38.7,12,42.4,48,90.6,10,43.7,8,23.6,43,29.8,80,42.6,272,68.4,68,70.6,54,115.4,28,111.8,23,90.6,10,89.4,2,77.6,40,+1.0,100,+0.8,92,+0.3,133,+1.6,29,+1.3,50,-1.5,258,1.33,199,34.9,64,2007,0.9417187712924026,33,4,0.8918918918918919,37
298,Mercer,ASun,13-17,-15.30,96.6,281,111.9,304,71.9,15,+.042,74,-8.21,308,99.4,314,107.6,285,-4.35,260,,ASun,71.9,15,96.6,281,47.8,251,22.4,235,29.5,243,37.8,142,111.9,304,49.3,132,18.3,312,33.6,250,26.2,7,71.9,15,73.4,12,96.6,281,96.5,264,111.9,304,105.5,245,76.0,231,-0.7,207,-0.9,254,+0.3,137,+1.1,69,+0.1,181,-2.7,321,0.93,279,32.6,106,2007,0.15566947152561175,13,17,0.43333333333333335,30
109,Miami FL,ACC,12-20,+5.73,113.2,45,107.5,222,63.4,261,-.077,318,+9.02,29,109.3,24,100.3,34,-4.34,258,,ACC,63.4,261,113.2,45,48.9,215,18.6,46,37.1,32,30.1,304,107.5,222,54.0,306,20.4,205,31.5,157,44.1,293,63.4,261,66.0,205,113.2,45,106.9,80,107.5,222,109.8,312,76.4,179,+0.6,127,-0.4,203,+0.9,69,-1.0,271,-0.8,234,+0.5,123,1.24,224,30.2,159,2007,0.6443170465273391,12,20,0.375,32
87,Miami OH,MAC,18-15,+8.38,105.7,141,97.4,53,58.1,330,-.024,240,+4.09,90,106.2,103,102.1,89,+6.44,36,14,MAC,58.1,330,105.7,141,51.4,110,22.0,215,25.4,311,31.8,274,97.4,53,45.7,28,19.5,254,30.1,92,34.1,113,58.1,330,58.9,331,105.7,141,100.5,200,97.4,53,97.0,60,77.5,50,+0.3,144,-0.2,184,+0.5,113,+1.4,39,+3.1,3,+0.0,171,1.70,109,23.8,302,2007,0.7191915249550278,18,15,0.5454545454545454,33
59,Michigan,B10,22-13,+13.53,108.9,98,95.3,37,63.1,274,+.037,83,+7.14,56,107.8,62,100.6,50,-4.86,277,3,B10,63.1,274,108.9,98,49.3,202,23.1,269,36.5,41,38.4,128,95.3,37,46.7,44,20.3,211,28.5,49,31.2,65,63.1,274,62.6,299,108.9,98,102.6,159,95.3,37,96.6,53,78.2,15,+2.5,44,+1.5,37,+1.0,51,+2.1,16,+1.4,45,+1.5,51,2.47,5,33.1,95,2007,0.8226057693534554,22,13,0.6285714285714286,35
17,Michigan St.,B10,23-12,+20.97,112.8,49,91.8,12,60.3,319,-.036,265,+9.07,28,109.2,27,100.2,28,-1.63,188,9,B10,60.3,319,112.8,49,52.3,82,24.2,303,38.7,13,39.1,113,91.8,12,44.5,15,20.1,217,29.4,73,37.9,197,60.3,319,60.8,322,112.8,49,107.0,79,91.8,12,94.1,20,77.6,38,+3.1,17,+1.6,29,+1.4,36,+0.9,92,+0.1,149,+0.5,146,1.02,265,28.5,218,2007,0.9144362839181804,23,12,0.6571428571428571,35
201,Middle Tennessee,SB,15-17,-4.24,98.5,256,102.7,135,60.7,317,+.001,177,-2.98,198,104.1,167,107.1,263,+3.75,72,,SB,60.7,317,98.5,256,50.4,154,21.7,197,27.5,282,31.4,288,102.7,135,48.8,112,18.8,288,27.5,30,42.8,276,60.7,317,62.5,300,98.5,256,98.9,225,102.7,135,101.6,151,77.7,33,+3.5,12,+1.5,40,+2.0,11,+0.1,144,+0.4,119,+2.5,27,1.09,250,28.1,228,2007,0.3822074870161426,15,17,0.46875,32
210,Milwaukee,Horz,9-22,-5.38,100.1,232,105.5,182,66.9,118,+.032,94,+3.82,96,106.9,83,103.1,111,+5.28,46,,Horz,66.9,118,100.1,232,44.9,313,19.5,75,30.9,194,31.6,282,105.5,182,52.4,266,20.3,210,30.8,126,43.3,286,66.9,118,66.8,170,100.1,232,95.8,273,105.5,182,106.2,264,75.6,283,-2.0,276,-1.2,289,-0.7,247,-0.4,210,-0.8,243,+0.5,142,0.70,318,29.3,194,2007,0.35337777548636556,9,22,0.2903225806451613,31
160,Minnesota,B10,9-22,-0.53,101.2,216,101.7,118,65.1,195,-.029,253,+7.98,43,107.6,66,99.6,10,-1.79,195,,B10,65.1,195,101.2,216,48.8,219,22.4,232,25.9,305,27.8,326,101.7,118,47.1,55,18.7,295,33.2,234,34.9,126,65.1,195,64.1,264,101.2,216,93.8,295,101.7,118,102.6,172,77.3,62,+2.9,29,+0.5,107,+2.4,5,+1.3,45,+0.2,135,-0.3,183,1.24,221,34.6,71,2007,0.48583422168008034,9,22,0.2903225806451613,31
60,Mississippi,SEC,21-13,+13.49,112.7,50,99.2,77,67.2,110,+.017,141,+7.75,48,108.1,56,100.3,36,-6.63,308,4,SEC,67.2,110,112.7,50,49.8,179,17.4,20,33.7,106,26.8,334,99.2,77,50.1,166,21.9,126,31.3,148,35.3,142,67.2,110,68.5,102,112.7,50,106.8,82,99.2,77,101.4,141,76.3,201,+0.2,149,-0.5,213,+0.8,91,+0.1,163,-0.8,254,-0.5,190,1.76,89,26.4,266,2007,0.8126468317139771,21,13,0.6176470588235294,34
26,Mississippi St.,SEC,21-14,+19.03,113.5,39,94.5,27,69.6,42,-.114,333,+8.60,34,109.3,26,100.6,49,-1.61,187,1,SEC,69.6,42,113.5,39,52.8,60,19.4,72,33.6,112,37.4,148,94.5,27,45.9,31,20.0,224,30.5,110,30.2,46,69.6,42,70.6,55,113.5,39,108.4,52,94.5,27,96.9,58,76.7,138,-2.1,284,-0.0,170,-2.1,320,+0.1,177,+1.1,69,+2.5,16,1.11,247,33.2,94,2007,0.8915656861621216,21,14,0.6,35
250,Mississippi Valley St.,SWAC,18-16,-9.45,93.4,308,102.9,136,63.6,254,+.062,41,-10.79,325,95.7,330,106.4,239,+5.93,41,8,SWAC,63.6,254,93.4,308,45.3,304,23.2,271,32.9,133,40.6,73,102.9,136,44.2,12,21.5,149,32.8,214,34.2,114,63.6,254,65.8,216,93.4,308,92.1,306,102.9,136,94.0,19,75.1,316,-0.0,165,+1.3,50,-1.3,299,-0.9,249,-2.3,325,-5.5,336,1.40,181,38.8,19,2007,0.2471329087692333,18,16,0.5294117647058824,34
63,Missouri,B12,18-12,+12.78,111.4,67,98.6,69,72.0,12,-.054,291,+4.71,86,105.7,116,101.0,61,-3.93,250,,B12,72.0,12,111.4,67,52.7,64,20.1,102,30.2,218,31.7,277,98.6,69,50.0,161,25.3,12,32.9,220,42.4,268,72.0,12,73.2,15,111.4,67,105.7,103,98.6,69,97.8,71,76.8,118,+1.3,93,+0.3,125,+0.9,71,+0.8,93,+0.1,161,+1.5,71,1.02,267,36.8,37,2007,0.802761619611233,18,12,0.6,30
35,Missouri St.,MVC,22-11,+17.51,113.4,41,95.9,42,67.7,88,-.029,249,+7.70,49,108.3,50,100.6,46,+1.37,116,3,MVC,67.7,88,113.4,41,54.5,19,20.0,97,31.2,190,40.8,70,95.9,42,49.0,120,22.2,106,26.6,13,36.4,168,67.7,88,66.9,165,113.4,41,108.8,48,95.9,42,97.4,67,76.2,208,-2.1,286,-1.1,265,-1.1,281,-0.2,204,+0.1,173,+1.3,86,2.04,43,33.7,84,2007,0.8729810108829568,22,11,0.6666666666666666,33
260,Monmouth,NEC,12-18,-9.99,99.5,240,109.5,257,62.7,290,-.013,210,-6.46,283,101.1,262,107.6,288,+1.25,121,,NEC,62.7,290,99.5,240,52.8,61,23.1,268,25.9,306,34.3,216,109.5,257,50.8,206,21.1,172,32.9,217,28.6,29,62.7,290,64.6,254,99.5,240,99.6,209,109.5,257,104.2,208,76.8,123,+2.4,49,+3.4,5,-1.0,267,-1.7,305,-0.8,230,+1.5,82,1.42,170,26.8,257,2007,0.2494927586212102,12,18,0.4,30
192,Montana,BSky,17-15,-3.27,107.3,118,110.5,287,62.8,288,-.008,198,-4.19,228,103.5,183,107.7,293,+0.42,147,,BSky,62.8,288,107.3,118,52.9,57,19.6,76,33.7,107,34.1,222,110.5,287,52.4,267,19.8,244,30.8,123,38.8,216,62.8,288,65.1,238,107.3,118,108.3,54,110.5,287,107.9,287,76.6,156,+0.2,148,-0.0,169,+0.3,132,+1.1,57,-0.2,192,-1.5,263,1.61,127,31.9,117,2007,0.41630777044801875,17,15,0.53125,32
273,Montana St.,BSky,11-19,-11.13,97.6,269,108.7,245,65.0,199,-.007,192,-3.69,212,103.6,179,107.3,272,-0.78,167,,BSky,65.0,199,97.6,269,48.2,235,22.9,262,31.4,185,33.2,248,108.7,245,50.2,172,19.3,265,31.9,171,47.0,313,65.0,199,67.9,118,97.6,269,97.0,258,108.7,245,106.8,273,76.4,190,+0.6,121,+0.7,93,-0.1,173,+0.3,124,-0.4,208,-0.5,207,1.51,153,31.4,129,2007,0.2246598321646256,11,19,0.36666666666666664,30
281,Morehead St.,OVC,12-18,-12.27,97.8,267,110.1,274,63.5,259,-.048,284,-8.57,315,100.0,305,108.5,317,-6.21,302,,OVC,63.5,259,97.8,267,48.7,222,22.2,228,34.8,69,30.9,294,110.1,274,53.9,302,23.1,58,28.6,51,43.0,278,63.5,259,63.3,289,97.8,267,99.6,210,110.1,274,103.9,201,74.8,332,-5.8,336,-3.7,336,-2.1,324,-0.9,260,-0.8,223,-0.5,200,0.73,315,35.8,53,2007,0.2038600323183243,12,18,0.4,30
287,Morgan St.,MEAC,13-18,-13.15,97.3,273,110.4,283,66.4,133,-.036,267,-12.27,333,97.3,326,109.6,336,-4.26,255,,MEAC,66.4,133,97.3,273,50.1,163,23.8,292,36.4,42,37.8,138,110.4,283,49.8,152,21.5,152,33.0,227,48.3,318,66.4,133,66.8,168,97.3,273,100.8,194,110.4,283,103.1,188,75.9,242,-0.1,171,+0.1,148,-0.2,205,-1.3,282,+0.1,173,-1.5,259,1.46,160,27.9,234,2007,0.1896051012362895,13,18,0.41935483870967744,31
240,Mount St. Mary's,NEC,11-20,-8.52,95.6,288,104.1,156,64.5,216,-.041,268,-5.78,264,102.8,206,108.6,318,+1.85,103,,NEC,64.5,216,95.6,288,47.5,257,21.3,182,31.9,161,29.8,308,104.1,156,51.3,220,24.7,19,32.6,202,43.1,281,64.5,216,65.8,217,95.6,288,96.7,261,104.1,156,101.5,145,75.4,297,-1.3,246,-0.8,244,-0.5,226,+0.1,169,-1.8,298,-2.5,316,1.33,200,30.0,163,2007,0.2729790406485193,11,20,0.3548387096774194,31
218,Murray St.,OVC,16-14,-6.31,98.4,259,104.7,164,64.9,202,+.052,59,-6.27,280,101.7,246,108.0,309,+11.85,8,,OVC,64.9,202,98.4,259,49.5,189,22.5,243,31.4,184,35.2,197,104.7,164,47.0,52,21.5,148,33.9,259,45.2,300,64.9,202,64.7,253,98.4,259,99.5,213,104.7,164,100.9,135,76.4,182,-3.5,325,-2.0,323,-1.6,306,+0.1,177,+1.1,62,+2.5,21,1.09,248,32.5,107,2007,0.328788277699524,16,14,0.5333333333333333,30
75,N.C. State,ACC,20-16,+10.46,112.2,59,101.8,119,66.2,149,+.048,65,+9.67,20,109.3,25,99.7,12,-7.99,318,6,ACC,66.2,149,112.2,59,54.9,12,21.8,203,25.9,307,40.9,68,101.8,119,50.0,163,17.6,329,32.7,208,26.7,11,66.2,149,67.3,147,112.2,59,105.8,98,101.8,119,105.4,241,79.4,1,+3.9,9,+1.0,71,+2.9,3,+4.1,1,+3.5,1,+4.7,1,1.16,237,19.1,328,2007,0.7537360334737608,20,16,0.5555555555555556,36
334,NJIT,ind,5-24,-25.11,85.3,332,110.4,282,65.3,184,+.027,113,-7.30,298,100.7,282,108.0,311,-6.55,305,,ind,65.3,184,85.3,332,45.5,301,26.3,331,25.4,312,36.8,159,110.4,282,53.3,292,21.2,165,27.7,36,45.9,306,65.3,184,66.4,188,85.3,332,85.9,329,110.4,282,106.1,260,76.2,206,-0.8,221,+0.0,164,-0.8,256,-0.9,236,-0.1,191,-1.5,262,0.00,334,29.4,191,2007,0.04897360617270508,5,24,0.1724137931034483,29
266,Navy,Pat,14-16,-10.55,95.5,289,106.0,191,64.8,208,+.032,95,-5.69,262,99.5,313,105.2,176,-6.73,311,,Pat,64.8,208,95.5,289,49.6,184,23.4,280,19.4,335,32.1,270,106.0,191,48.7,111,23.2,56,33.2,235,50.7,328,64.8,208,63.9,272,95.5,289,93.5,297,106.0,191,99.5,98,77.3,67,+0.4,137,+0.6,98,-0.1,204,+0.1,140,+0.7,107,+2.5,38,1.42,172,27.6,244,2007,0.2315467847257941,14,16,0.4666666666666667,30
82,Nebraska,B12,17-14,+8.99,109.0,95,100.0,89,62.2,297,-.012,208,+6.80,60,107.1,78,100.3,33,-0.78,166,,B12,62.2,297,109.0,95,53.0,54,21.2,173,25.3,313,38.8,119,100.0,89,51.0,210,23.2,55,31.2,143,34.0,110,62.2,297,64.1,266,109.0,95,103.5,149,100.0,89,101.5,143,75.0,320,-1.0,229,+1.5,34,-2.5,329,-1.6,297,-1.5,279,-2.5,318,1.23,227,33.2,93,2007,0.7292939851962329,17,14,0.5483870967741935,31
47,Nevada,WAC,29-5,+16.09,117.2,14,101.2,109,66.3,139,+.030,105,+1.98,121,104.2,161,102.2,94,+1.53,110,7,WAC,66.3,139,117.2,14,54.7,16,19.1,65,35.0,67,32.6,259,101.2,109,45.5,21,16.5,335,29.5,74,28.5,28,66.3,139,67.4,143,117.2,14,113.4,14,101.2,109,99.4,96,78.2,16,+4.0,7,+2.9,6,+1.1,49,+1.1,91,+1.1,75,+3.5,6,2.12,34,27.9,232,2007,0.8439617340876655,29,5,0.8529411764705882,34
290,New Hampshire,AE,10-20,-13.67,97.0,277,110.6,288,60.1,321,+.024,120,-5.00,244,101.2,261,106.2,223,-3.58,242,,AE,60.1,321,97.0,277,48.1,242,20.0,93,23.8,324,31.8,276,110.6,288,48.7,110,17.6,330,33.1,230,33.8,104,60.1,321,60.0,327,97.0,277,95.5,275,110.6,288,106.0,257,75.8,262,-0.7,209,-0.1,182,-0.6,234,-1.1,277,-0.8,253,-1.3,252,1.81,80,28.2,225,2007,0.18110116264650297,10,20,0.3333333333333333,30
139,New Mexico,MWC,15-17,+2.18,110.7,75,108.5,239,65.3,186,-.055,294,+2.38,115,105.6,120,103.2,116,-5.36,285,,MWC,65.3,186,110.7,75,53.6,40,17.8,26,28.0,274,33.4,242,108.5,239,53.8,301,19.9,233,30.6,118,34.7,123,65.3,186,67.6,129,110.7,75,108.1,58,108.5,239,107.7,285,76.1,221,-1.8,271,-1.1,271,-0.8,248,+1.1,77,-0.3,201,-2.5,305,1.40,179,37.4,29,2007,0.5574568598739433,15,17,0.46875,32
96,New Mexico St.,WAC,25-9,+7.27,108.3,101,101.1,105,69.7,39,+.035,87,-0.30,158,104.2,159,104.5,161,-3.75,247,13,WAC,69.7,39,108.3,101,52.9,56,23.4,279,38.3,17,51.6,2,101.1,105,49.4,138,22.8,70,31.5,160,39.1,223,69.7,39,72.1,28,108.3,101,107.0,78,101.1,105,100.1,116,76.9,115,+0.6,129,+1.3,53,-0.7,245,+0.1,150,-0.6,216,-0.5,201,2.22,19,36.6,39,2007,0.6880766638894926,25,9,0.7352941176470589,34
231,New Orleans,SB,14-17,-7.33,107.8,107,115.1,332,64.1,230,+.004,167,-5.28,251,102.3,221,107.5,283,+2.65,90,,SB,64.1,230,107.8,107,51.7,102,16.9,10,27.5,283,34.9,203,115.1,332,52.7,278,18.7,294,35.5,302,40.3,245,64.1,230,67.3,146,107.8,107,107.9,61,115.1,332,110.9,323,75.1,318,-2.6,306,+0.4,117,-3.1,336,-1.9,311,-1.7,284,-0.5,231,1.81,81,21.6,318,2007,0.32005434673015865,14,17,0.45161290322580644,31
186,Niagara,MAAC,23-12,-2.76,107.2,119,110.0,271,68.3,72,+.118,3,-6.17,276,101.3,260,107.5,278,-5.19,284,16,MAAC,68.3,72,107.2,119,48.3,233,18.9,61,37.1,28,38.8,118,110.0,271,52.3,261,19.3,266,30.6,113,30.9,59,68.3,72,69.6,75,107.2,119,107.8,63,110.0,271,105.8,253,75.3,308,-3.9,329,-0.8,245,-3.0,333,-2.5,334,-1.9,308,-0.5,228,2.13,31,24.0,299,2007,0.42640906650843435,23,12,0.6571428571428571,35
272,Nicholls St.,Slnd,8-22,-10.94,102.7,192,113.6,319,69.0,57,-.019,227,-0.44,161,104.1,171,104.5,158,+9.88,15,,Slnd,69.0,57,102.7,192,50.3,155,22.0,212,24.1,322,29.7,311,113.6,319,55.2,324,19.9,235,35.3,297,35.1,132,69.0,57,71.9,29,102.7,192,97.9,244,113.6,319,111.8,327,75.8,251,-1.2,244,-0.7,237,-0.5,231,+0.1,155,+0.1,182,-1.5,290,1.42,171,28.3,220,2007,0.23866347344705124,8,22,0.26666666666666666,30
322,Norfolk St.,MEAC,11-19,-19.14,97.1,276,116.2,335,66.4,135,+.065,37,-10.08,320,97.8,320,107.9,301,+5.19,48,,MEAC,66.4,135,97.1,276,50.2,161,25.8,326,35.8,54,38.4,127,116.2,335,52.7,275,19.1,273,34.4,271,40.2,244,66.4,135,67.1,157,97.1,276,97.3,251,116.2,335,110.4,321,76.6,155,-0.5,195,+0.5,111,-0.9,261,+0.1,177,+0.1,179,+0.5,144,1.70,110,24.8,285,2007,0.11253828626259196,11,19,0.36666666666666664,30
1,North Carolina,ACC,31-7,+31.37,121.0,3,89.6,4,72.4,8,-.046,279,+10.95,6,111.0,1,100.1,27,+3.10,82,1,ACC,72.4,8,121.0,3,54.4,23,18.4,38,39.2,9,39.5,99,89.6,4,47.0,54,21.4,158,27.4,26,27.9,17,72.4,8,73.6,11,121.0,3,115.8,2,89.6,4,92.9,12,77.4,56,+2.6,41,+0.5,111,+2.1,9,+1.1,56,+1.8,37,-0.5,212,0.90,288,35.7,56,2007,0.9693800532185014,31,7,0.8157894736842105,38
283,North Carolina A&T,MEAC,15-17,-12.60,96.1,285,108.7,244,70.9,24,-.014,212,-11.87,332,97.4,325,109.3,332,+1.45,113,,MEAC,70.9,24,96.1,285,49.6,187,22.5,244,27.4,285,47.0,11,108.7,244,52.3,264,25.9,6,37.4,322,35.6,147,70.9,24,71.6,37,96.1,285,98.7,228,108.7,244,100.6,130,75.4,295,-2.5,301,-2.2,328,-0.2,207,-0.3,208,-1.1,265,-0.5,235,1.58,138,33.0,100,2007,0.1951592564535063,15,17,0.46875,32
104,North Dakota St.,ind,20-8,+6.20,109.6,87,103.4,146,67.2,107,-.075,315,-6.87,289,99.8,308,106.6,243,+0.89,132,,ind,67.2,107,109.6,87,54.4,22,21.7,193,37.0,34,37.2,149,103.4,146,47.2,60,21.6,143,28.7,56,35.7,149,67.2,107,67.9,115,109.6,87,110.1,33,103.4,146,96.7,54,76.2,207,-1.5,256,-1.5,298,-0.1,195,+0.1,165,+1.1,55,-0.5,206,1.38,184,22.4,314,2007,0.6614298770256228,20,8,0.7142857142857143,28
335,North Florida,ASun,3-26,-26.02,82.6,336,108.6,242,62.9,285,-.100,328,-7.22,297,100.7,279,108.0,308,-2.73,219,,ASun,62.9,285,82.6,336,42.4,331,25.9,328,26.2,301,36.7,161,108.6,242,50.0,165,20.9,177,35.3,298,39.0,218,62.9,285,64.8,250,82.6,336,82.0,335,108.6,242,104.7,223,75.7,275,-0.6,204,-0.9,251,+0.3,130,-2.2,329,-1.1,266,-0.5,232,0.72,316,28.8,207,2007,0.04120530891899506,3,26,0.10344827586206896,29
162,North Texas,SB,23-11,-0.98,103.0,187,104.0,154,69.1,55,+.034,92,-6.40,282,102.2,224,108.6,319,-2.88,225,15,SB,69.1,55,103.0,187,51.0,129,21.5,190,36.6,39,39.4,100,104.0,154,48.6,103,21.3,163,30.0,91,41.9,259,69.1,55,70.4,58,103.0,187,105.2,109,104.0,154,100.5,129,77.8,27,+0.7,116,+0.3,129,+0.5,119,+1.1,88,+2.1,23,+3.5,5,1.51,151,32.1,115,2007,0.4722505495176114,23,11,0.6764705882352942,34
188,Northeastern,CAA,13-19,-2.80,101.2,218,104.0,153,64.6,211,+.014,151,+1.98,123,105.7,115,103.7,133,+7.94,26,,CAA,64.6,211,101.2,218,48.2,237,18.9,60,24.5,318,30.7,297,104.0,153,49.4,135,18.9,281,32.6,201,31.2,64,64.6,211,64.0,268,101.2,218,97.2,252,104.0,153,103.8,200,77.5,45,+1.6,82,+0.1,150,+1.5,33,+0.1,146,+1.1,68,+2.5,18,1.82,79,18.8,330,2007,0.42217292607679907,13,19,0.40625,32
161,Northern Arizona,BSky,18-12,-0.94,110.1,82,111.1,291,72.1,10,+.070,30,-3.30,201,103.5,182,106.8,249,+4.34,63,,BSky,72.1,10,110.1,82,55.7,7,21.7,195,29.7,233,40.9,67,111.1,291,55.0,322,18.6,298,27.8,38,41.6,258,72.1,10,74.1,10,110.1,82,109.5,41,111.1,291,109.5,308,76.8,121,+0.8,111,+0.3,126,+0.5,117,-1.4,285,+0.1,163,+1.5,66,1.93,61,29.4,190,2007,0.47402864304938225,18,12,0.6,30
311,Northern Colorado,BSky,4-24,-16.80,94.9,296,111.7,302,67.4,100,-.079,319,-4.07,222,103.1,196,107.2,266,-1.58,186,,BSky,67.4,100,94.9,296,47.9,248,23.9,294,31.9,163,37.9,137,111.7,302,51.4,225,20.2,214,34.2,266,48.2,317,67.4,100,69.9,69,94.9,296,94.8,284,111.7,302,109.0,299,75.3,303,-1.1,235,-0.0,167,-1.1,278,-1.1,276,-1.5,281,-2.0,301,0.96,275,42.6,5,2007,0.13303117664666328,4,24,0.14285714285714285,28
230,Northern Illinois,MAC,7-23,-7.32,102.2,201,109.5,255,65.7,171,-.083,321,+0.17,151,104.3,157,104.2,150,-0.10,154,,MAC,65.7,171,102.2,201,52.1,85,26.8,334,32.9,136,33.8,230,109.5,255,50.9,209,18.9,277,33.3,240,35.3,141,65.7,171,66.6,181,102.2,201,99.3,222,109.5,255,108.2,290,76.5,160,+0.6,128,+0.0,165,+0.6,109,+0.1,154,+0.9,99,-0.9,245,1.60,131,34.0,82,2007,0.31143522538624163,7,23,0.23333333333333334,30
69,Northern Iowa,MVC,18-13,+11.43,109.0,96,97.6,56,61.6,305,-.014,211,+8.01,42,109.7,16,101.7,75,+0.69,139,,MVC,61.6,305,109.0,96,50.9,131,19.4,73,27.4,286,40.0,87,97.6,56,48.4,100,17.8,326,25.7,6,28.5,27,61.6,305,62.2,309,109.0,96,104.6,124,97.6,56,100.8,134,75.9,244,-0.9,226,+0.0,157,-1.0,265,-1.5,293,+0.1,173,-0.2,179,1.84,77,25.8,272,2007,0.7808128345911876,18,13,0.5806451612903226,31
136,Northwestern,B10,13-18,+2.51,105.5,144,103.0,139,56.9,333,-.049,285,+6.48,65,107.4,72,101.0,59,-6.14,301,,B10,56.9,333,105.5,144,49.9,175,17.3,18,20.1,334,24.4,335,103.0,139,51.5,230,24.8,17,38.8,329,32.4,80,56.9,333,56.6,333,105.5,144,99.6,208,103.0,139,104.5,215,78.2,13,+3.7,10,+1.5,39,+2.2,7,+1.1,66,+2.1,25,+2.1,40,1.38,185,28.5,216,2007,0.5685144218856475,13,18,0.41935483870967744,31
165,Northwestern St.,Slnd,17-15,-1.31,104.7,160,106.0,190,74.5,4,-.001,182,-3.56,209,102.1,233,105.6,192,+5.45,45,,Slnd,74.5,4,104.7,160,49.5,190,21.3,177,34.4,80,44.9,23,106.0,190,53.9,303,26.0,5,33.9,258,46.1,308,74.5,4,75.3,4,104.7,160,103.6,146,106.0,190,102.9,181,76.0,232,-0.8,218,-0.5,211,-0.3,217,+0.5,103,-0.3,199,-2.0,300,1.33,201,40.1,14,2007,0.4645819868051736,17,15,0.53125,32
22,Notre Dame,BE,24-8,+20.02,118.1,9,98.1,62,70.7,28,-.018,223,+4.03,92,105.9,107,101.9,85,-13.12,335,6,BE,70.7,28,118.1,9,53.5,42,18.1,30,34.1,93,40.3,79,98.1,62,47.2,59,20.9,181,30.4,103,30.9,58,70.7,28,70.6,56,118.1,9,114.6,6,98.1,62,96.5,50,77.3,65,+2.8,30,+0.9,82,+1.9,12,+1.6,31,+2.0,33,-0.7,243,1.40,178,30.2,158,2007,0.8941414392222573,24,8,0.75,32
128,Oakland,MCon,19-14,+3.45,110.2,81,106.7,209,63.9,240,+.039,77,+0.78,142,104.9,138,104.1,145,+7.92,27,,MCon,63.9,240,110.2,81,49.5,194,21.8,200,38.0,24,41.4,63,106.7,209,52.1,255,20.1,220,29.1,62,29.6,39,63.9,240,64.5,258,110.2,81,106.5,87,106.7,209,105.2,235,76.3,200,-1.7,264,-1.1,280,-0.5,229,+0.1,147,+1.1,79,+0.5,131,1.58,134,23.0,310,2007,0.591741900985135,19,14,0.5757575757575758,33
125,Ohio,MAC,19-13,+4.08,109.4,90,105.3,178,66.2,145,+.028,109,+0.73,143,104.2,166,103.4,121,+0.42,146,,MAC,66.2,145,109.4,90,50.4,153,20.8,140,32.9,135,45.4,17,105.3,178,51.9,246,21.4,154,31.3,150,27.9,16,66.2,145,66.8,172,109.4,90,106.4,88,105.3,178,103.8,199,77.4,59,-0.2,181,-0.2,185,-0.1,185,+0.1,141,+2.1,26,+2.6,12,1.78,83,20.8,321,2007,0.6080852906207969,19,13,0.59375,32
3,Ohio St.,B10,35-4,+29.33,121.0,4,91.7,11,64.9,206,+.057,46,+9.82,17,109.0,37,99.2,4,-1.71,191,1,B10,64.9,206,121.0,4,53.8,38,17.2,16,34.0,95,36.5,166,91.7,11,46.7,42,20.3,212,28.7,54,21.6,2,64.9,206,65.1,235,121.0,4,114.2,10,91.7,11,94.9,26,77.4,60,+3.0,23,+2.2,12,+0.8,86,+0.5,107,+0.1,139,+1.5,72,1.49,154,32.1,114,2007,0.9604024022781712,35,4,0.8974358974358975,39
58,Oklahoma,B12,16-15,+13.68,107.4,112,93.8,22,62.8,287,-.133,335,+6.72,62,107.5,67,100.8,52,-4.67,269,,B12,62.8,287,107.4,112,48.8,217,21.0,159,35.5,60,33.3,245,93.8,22,45.7,25,22.4,91,28.5,50,38.7,213,62.8,287,64.6,256,107.4,112,103.3,150,93.8,22,92.9,13,77.5,55,-0.1,177,+0.5,115,-0.6,233,+1.1,77,+1.1,67,+3.5,6,1.21,231,36.4,42,2007,0.8259291003909016,16,15,0.5161290322580645,31
74,Oklahoma St.,B12,22-13,+10.63,109.2,92,98.6,68,65.4,181,+.044,72,+6.66,63,108.1,54,101.5,70,-2.47,212,2,B12,65.4,181,109.2,92,51.8,92,22.3,231,33.5,115,40.1,81,98.6,68,49.6,146,22.8,67,32.9,223,37.7,192,65.4,181,67.8,120,109.2,92,104.8,118,98.6,68,100.4,125,77.5,51,+2.2,54,+0.9,87,+1.4,39,+1.2,49,+1.1,56,-0.5,195,1.51,152,27.1,251,2007,0.7639146578445798,22,13,0.6285714285714286,35
64,Old Dominion,CAA,24-9,+12.70,108.6,99,95.9,41,65.8,161,+.013,153,+0.84,141,105.6,119,104.8,165,+0.64,140,12,CAA,65.8,161,108.6,99,49.5,191,18.6,45,34.1,93,36.2,175,95.9,41,47.1,56,21.7,139,26.9,18,35.7,148,65.8,161,64.9,248,108.6,99,106.6,86,95.9,41,95.2,28,76.5,163,+0.8,114,+0.2,134,+0.5,111,-0.7,233,-0.7,219,+0.5,138,2.11,36,32.2,113,2007,0.8069328492184111,24,9,0.7272727272727273,33
88,Oral Roberts,MCon,23-11,+8.36,107.1,123,98.7,74,66.5,130,-.007,194,-0.93,170,104.9,139,105.8,201,+4.23,65,14,MCon,66.5,130,107.1,123,52.5,77,22.3,229,33.9,97,47.2,10,98.7,74,47.0,51,20.0,229,28.5,48,32.5,83,66.5,130,66.8,171,107.1,123,105.9,95,98.7,74,97.6,69,77.4,57,+2.5,42,+0.9,77,+1.6,27,+0.6,98,+0.1,152,+1.5,78,2.36,12,26.8,258,2007,0.7189577048891629,23,11,0.6764705882352942,34
18,Oregon,P10,29-8,+20.76,118.3,8,97.6,54,66.0,158,+.031,100,+7.19,55,108.0,59,100.8,53,-9.09,322,3,P10,66.0,158,118.3,8,53.4,45,18.5,42,33.6,111,32.8,257,97.6,54,49.2,128,21.6,140,31.5,156,28.6,31,66.0,158,66.8,169,118.3,8,112.7,15,97.6,54,98.9,87,75.3,302,+0.2,150,+0.3,130,-0.1,186,+1.1,75,-1.8,299,-5.5,335,2.13,32,20.4,326,2007,0.9013203671686956,29,8,0.7837837837837838,37
174,Oregon St.,P10,11-21,-2.09,102.6,195,104.6,162,65.1,194,-.032,260,+6.64,64,107.5,69,100.9,54,-8.82,321,,P10,65.1,194,102.6,195,46.5,278,20.0,95,28.9,255,32.2,269,104.6,162,52.3,265,22.0,118,33.0,224,36.9,179,65.1,194,66.0,206,102.6,195,95.4,277,104.6,162,105.7,248,78.5,4,+3.2,16,+1.2,55,+1.9,14,+1.8,25,+1.7,39,+3.5,6,1.15,242,31.8,121,2007,0.44472321104224305,11,21,0.34375,32
209,Pacific,BW,12-19,-5.34,104.6,162,109.9,269,62.3,296,-.029,251,-1.53,178,103.6,178,105.1,173,+2.00,100,,BW,62.3,296,104.6,162,51.8,95,22.0,218,29.3,248,40.5,75,109.9,269,55.0,323,19.9,236,28.6,52,35.1,133,62.3,296,65.0,241,104.6,162,102.8,156,109.9,269,108.5,293,76.2,203,-0.8,216,-1.1,279,+0.3,129,-0.2,199,-0.4,207,+0.5,117,0.82,298,33.6,88,2007,0.3616028521376656,12,19,0.3870967741935484,31
92,Penn,Ivy,22-9,+7.69,109.8,85,102.1,125,67.9,82,+.047,68,-2.74,192,102.5,213,105.3,178,+1.14,127,14,Ivy,67.9,82,109.8,85,53.8,37,20.1,101,31.3,187,37.8,141,102.1,125,49.6,144,22.9,62,32.1,180,35.0,130,67.9,82,67.8,123,109.8,85,108.2,55,102.1,125,98.9,88,77.0,103,-0.1,176,-1.1,266,+0.9,79,+0.5,106,+1.2,53,+2.5,25,2.21,20,24.2,293,2007,0.6976515793244918,22,9,0.7096774193548387,31
147,Penn St.,B10,11-19,+1.38,108.3,103,106.9,214,62.9,286,-.055,293,+5.65,73,106.6,91,101.0,60,-10.00,329,,B10,62.9,286,108.3,103,50.3,156,21.9,210,34.3,83,35.8,187,106.9,214,53.2,289,19.5,256,31.0,140,31.7,75,62.9,286,63.4,285,108.3,103,102.4,164,106.9,214,107.2,280,77.1,100,-0.8,222,+0.2,137,-1.1,275,+1.1,81,+0.7,103,+0.5,113,2.15,26,29.3,193,2007,0.537337952862222,11,19,0.36666666666666664,30
220,Pepperdine,WCC,8-23,-6.57,105.0,152,111.6,300,72.4,9,-.024,244,+1.04,134,104.8,140,103.8,138,+0.99,129,,WCC,72.4,9,105.0,152,50.8,135,20.0,98,26.5,294,29.9,307,111.6,300,55.3,325,25.8,9,43.7,336,38.3,203,72.4,9,75.0,6,105.0,152,101.4,182,111.6,300,110.2,320,75.5,291,-2.5,299,+0.1,147,-2.6,330,-0.9,263,+0.1,146,-4.5,332,1.24,223,34.1,77,2007,0.33157990316406644,8,23,0.25806451612903225,31
11,Pittsburgh,BE,29-8,+22.90,118.1,10,95.2,33,62.2,298,+.033,93,+9.54,22,109.6,19,100.1,25,+0.72,137,3,BE,62.2,298,118.1,10,52.9,59,18.2,32,35.9,51,36.1,177,95.2,33,46.1,35,18.5,299,29.3,70,31.2,63,62.2,298,62.9,296,118.1,10,111.9,22,95.2,33,98.6,80,76.8,126,+3.2,15,+2.5,8,+0.7,93,-0.5,216,-0.5,211,-1.5,271,2.04,44,31.8,123,2007,0.9226454394460066,29,8,0.7837837837837838,37
274,Portland,WCC,9-23,-11.21,94.9,297,106.1,194,63.7,248,+.010,154,+0.42,145,105.3,129,104.9,169,+0.06,152,,WCC,63.7,248,94.9,297,45.0,308,25.2,323,34.0,96,35.4,193,106.1,194,49.9,157,18.6,297,32.5,195,36.7,174,63.7,248,66.3,195,94.9,297,91.6,310,106.1,194,105.4,242,77.3,68,+2.0,61,+1.6,32,+0.4,121,+1.6,30,+1.1,72,-0.2,180,1.12,246,40.0,15,2007,0.21705343027816612,9,23,0.28125,32
176,Portland St.,BSky,19-13,-2.18,104.7,161,106.8,211,70.9,25,+.031,101,-5.58,257,102.5,214,108.1,313,-2.09,207,,BSky,70.9,25,104.7,161,51.1,120,21.0,156,35.4,62,43.5,35,106.8,211,51.6,238,22.7,74,32.0,178,41.1,254,70.9,25,73.1,16,104.7,161,105.4,107,106.8,211,103.4,192,76.0,230,+0.9,106,+1.3,51,-0.4,218,+0.1,175,-1.1,264,-0.5,235,0.96,276,33.5,89,2007,0.4431527863056222,19,13,0.59375,32
332,Prairie View A&M,SWAC,8-22,-23.69,84.2,333,107.9,229,69.6,41,+.004,168,-9.88,319,96.2,329,106.0,217,+7.88,28,,SWAC,69.6,41,84.2,333,40.8,335,23.0,266,29.6,239,35.0,200,107.9,229,50.8,204,25.8,8,38.7,328,49.8,327,69.6,41,71.6,39,84.2,333,82.0,336,107.9,229,100.1,117,75.8,256,-2.1,287,-1.2,284,-1.0,263,+0.1,166,-0.8,238,-0.5,191,0.78,306,42.0,9,2007,0.05457212215546069,8,22,0.26666666666666666,30
269,Princeton,Ivy,11-17,-10.68,92.5,316,103.1,141,51.6,336,-.007,196,-5.64,260,101.8,242,107.4,277,-5.75,294,,Ivy,51.6,336,92.5,316,49.6,185,22.8,252,23.7,326,30.2,302,103.1,141,49.4,133,24.8,16,32.9,221,43.2,282,51.6,336,53.4,336,92.5,316,93.4,298,103.1,141,99.3,94,76.7,132,-1.2,239,-0.7,236,-0.5,223,+0.2,130,+1.1,70,+2.5,26,1.09,252,30.3,153,2007,0.22310831210146329,11,17,0.39285714285714285,28
72,Providence,BE,18-13,+10.93,111.8,63,100.8,100,68.6,66,-.024,241,+5.39,77,107.5,68,102.1,90,-5.62,292,5,BE,68.6,66,111.8,63,53.7,39,23.7,286,39.7,6,34.5,208,100.8,100,49.2,129,20.1,218,32.5,198,33.4,101,68.6,66,70.0,67,111.8,63,107.9,62,100.8,100,102.1,163,77.2,85,+2.9,26,+1.7,28,+1.2,45,+1.1,58,-0.1,188,-1.5,283,1.34,197,24.1,297,2007,0.766936285369947,18,13,0.5806451612903226,31
30,Purdue,B10,22-12,+18.31,110.7,74,92.4,15,66.5,131,+.002,175,+9.37,25,109.8,15,100.4,41,+1.08,128,9,B10,66.5,131,110.7,74,51.9,88,20.8,141,33.6,114,37.9,135,92.4,15,48.0,88,24.4,24,30.9,131,38.6,210,66.5,131,66.3,193,110.7,74,105.2,110,92.4,15,95.8,39,76.4,183,-2.7,307,-1.6,312,-1.1,274,+0.1,161,+0.7,106,+1.5,59,1.37,187,31.1,137,2007,0.888747809163162,22,12,0.6470588235294118,34
253,Quinnipiac,NEC,14-15,-9.51,98.9,249,108.4,236,69.5,45,+.023,124,-8.38,313,100.0,306,108.3,315,-4.20,253,,NEC,69.5,45,98.9,249,50.9,132,22.2,225,30.4,213,36.5,167,108.4,236,48.7,109,21.0,173,34.0,260,46.9,312,69.5,45,70.4,59,98.9,249,100.6,198,108.4,236,102.6,175,75.3,306,-1.6,260,-0.7,233,-0.9,262,-0.4,214,+0.1,138,-2.8,322,1.56,143,34.1,78,2007,0.2583107994414629,14,15,0.4827586206896552,29
289,Radford,BSth,8-22,-13.60,95.1,291,108.7,246,69.6,44,-.064,305,-4.14,223,102.3,222,106.4,237,-1.57,185,,BSth,69.6,44,95.1,291,48.1,243,24.1,301,33.7,110,41.5,60,108.7,246,52.3,262,22.2,103,34.9,290,38.4,205,69.6,44,72.1,27,95.1,291,94.6,288,108.7,246,105.1,232,75.6,277,-3.0,314,-0.7,241,-2.3,327,-0.9,263,+1.1,92,-1.7,297,1.68,113,22.1,315,2007,0.17695397054778236,8,22,0.26666666666666666,30
135,Rhode Island,A10,19-14,+2.55,113.0,47,110.5,285,67.6,91,+.066,34,+2.08,118,105.8,110,103.7,127,+0.72,136,,A10,67.6,91,113.0,47,52.4,78,21.0,160,37.1,31,39.4,101,110.5,285,52.8,279,17.9,321,34.9,291,29.6,38,67.6,91,68.3,104,113.0,47,110.0,34,110.5,285,110.9,322,77.5,47,+1.8,70,+0.2,135,+1.5,29,+2.0,23,+0.9,100,+2.1,42,1.23,225,33.0,99,2007,0.5639678886106541,19,14,0.5757575757575758,33
171,Rice,CUSA,16-16,-1.86,103.3,185,105.2,174,65.8,167,+.054,53,+1.30,131,104.3,156,103.0,110,+0.35,148,,CUSA,65.8,167,103.3,185,49.4,197,21.7,196,28.0,273,41.1,66,105.2,174,50.5,190,22.1,113,34.6,277,39.0,220,65.8,167,67.2,149,103.3,185,99.5,211,105.2,174,104.1,206,76.5,162,+0.5,136,+0.3,131,+0.2,150,-0.3,205,-0.8,231,-0.6,242,1.58,136,37.5,28,2007,0.4477914609325707,16,16,0.5,32
278,Richmond,A10,8-22,-11.97,99.4,244,111.4,297,59.2,328,+.032,98,-0.73,166,104.4,153,105.1,174,-2.65,216,,A10,59.2,328,99.4,244,52.5,72,20.4,119,18.6,336,32.1,271,111.4,297,53.6,295,22.3,93,35.7,306,53.1,332,59.2,328,61.5,317,99.4,244,97.6,247,111.4,297,110.1,317,78.2,14,+1.2,94,+1.0,73,+0.3,135,+1.3,46,+3.1,7,+4.5,2,0.79,301,29.3,197,2007,0.2123672301950656,8,22,0.26666666666666666,30
244,Rider,MAAC,16-15,-9.08,102.1,206,111.2,292,67.7,87,+.111,4,-6.26,279,100.6,288,106.8,248,-2.96,227,,MAAC,67.7,87,102.1,206,49.7,183,19.7,81,28.3,266,35.9,185,111.2,292,50.3,180,18.4,306,32.3,189,29.4,36,67.7,87,68.6,99,102.1,206,101.5,178,111.2,292,106.8,272,76.5,159,+0.6,122,+0.9,81,-0.3,215,-0.9,242,+1.1,80,-0.5,210,1.72,102,20.6,323,2007,0.2725262350820429,16,15,0.5161290322580645,31
212,Robert Morris,NEC,17-11,-5.54,106.7,130,112.3,310,66.1,154,+.004,169,-9.72,318,99.7,309,109.5,335,-6.67,309,,NEC,66.1,154,106.7,130,53.9,31,21.0,155,34.1,89,29.6,312,112.3,310,52.7,276,20.4,207,31.4,152,36.9,180,66.1,154,67.7,125,106.7,130,109.3,44,112.3,310,105.7,249,75.3,301,-1.4,248,-0.7,240,-0.7,243,-0.9,253,-1.9,311,-0.5,234,2.14,30,20.4,325,2007,0.35703508831121367,17,11,0.6071428571428571,28
208,Rutgers,BE,10-19,-5.32,101.3,214,106.7,206,60.9,315,+.050,62,+6.44,66,106.8,84,100.4,42,-2.94,226,,BE,60.9,315,101.3,214,43.4,326,20.3,116,33.1,122,38.6,124,106.7,206,51.1,216,19.0,275,31.4,153,33.1,95,60.9,315,61.7,315,101.3,214,94.3,291,106.7,206,107.4,283,78.0,22,+2.9,28,+1.3,54,+1.6,26,+2.0,24,-0.8,224,+1.5,80,1.98,51,24.0,298,2007,0.3549731957737087,10,19,0.3448275862068966,29
169,SMU,CUSA,14-17,-1.56,101.5,210,103.1,140,61.0,313,-.048,283,+0.16,152,102.4,216,102.3,95,-6.01,298,,CUSA,61.0,313,101.5,210,49.1,206,24.8,315,34.8,71,39.2,107,103.1,140,48.9,116,20.8,187,30.9,135,31.7,76,61.0,313,62.8,297,101.5,210,97.6,246,103.1,140,100.0,115,78.3,11,+2.4,51,+2.1,14,+0.3,138,+0.4,110,+2.1,26,+0.5,111,1.89,67,29.5,186,2007,0.45515413601673693,14,17,0.45161290322580644,31
291,Sacramento St.,BSky,10-19,-13.74,95.1,292,108.8,247,74.8,3,+.029,106,-2.55,188,105.2,133,107.7,292,+3.23,79,,BSky,74.8,3,95.1,292,45.5,299,18.3,35,29.9,228,35.8,188,108.8,247,58.0,334,25.8,7,35.9,311,49.5,324,74.8,3,76.8,3,95.1,292,95.3,279,108.8,247,108.6,294,75.7,267,-0.7,208,-0.6,231,-0.1,175,-0.6,226,-1.9,320,-1.5,265,1.31,207,35.9,50,2007,0.175419113492985,10,19,0.3448275862068966,29
185,Sacred Heart,NEC,18-14,-2.75,107.6,110,110.3,280,71.3,20,+.020,128,-7.06,293,100.7,280,107.8,296,+1.73,108,,NEC,71.3,20,107.6,110,53.4,44,19.3,68,28.6,260,33.9,228,110.3,280,52.2,258,23.3,48,37.1,319,37.2,184,71.3,20,72.6,22,107.6,110,108.0,60,110.3,280,105.7,250,76.1,220,-2.0,278,-0.6,225,-1.4,301,+0.1,177,-0.7,221,+0.5,152,1.97,52,36.2,44,2007,0.4292265009096762,18,14,0.5625,32
97,Saint Joseph's,A10,18-14,+7.01,109.1,93,102.1,126,62.5,292,-.043,274,+2.47,113,106.6,93,104.1,148,+3.16,80,,A10,62.5,292,109.1,93,51.8,97,22.8,251,35.7,58,41.4,61,102.1,126,49.1,122,19.9,230,33.2,238,34.6,120,62.5,292,63.0,293,109.1,93,106.7,83,102.1,126,102.0,159,77.7,32,+3.0,22,+1.0,75,+2.1,10,+1.1,54,-0.3,197,+0.5,129,0.85,294,24.4,289,2007,0.6819157709306062,18,14,0.5625,32
120,Saint Louis,A10,20-13,+4.39,104.8,157,100.4,94,61.8,303,+.096,15,+3.49,97,107.2,77,103.7,130,+5.86,42,,A10,61.8,303,104.8,157,51.1,121,20.4,120,25.8,309,35.4,194,100.4,94,46.9,49,16.0,336,26.1,7,28.2,23,61.8,303,64.1,265,104.8,157,101.4,183,100.4,94,101.5,147,76.1,215,-0.2,182,+1.3,48,-1.6,308,+0.1,183,+0.1,140,-2.5,311,2.01,50,19.0,329,2007,0.6208724544547286,20,13,0.6060606060606061,33
103,Saint Mary's,WCC,17-15,+6.49,106.5,134,100.0,88,65.1,196,-.102,331,+1.60,127,104.2,164,102.6,102,+4.50,57,,WCC,65.1,196,106.5,134,47.1,266,20.1,108,36.0,50,44.5,27,100.0,88,47.9,85,19.8,243,28.3,46,35.3,139,65.1,196,67.2,152,106.5,134,102.7,157,100.0,88,98.1,73,77.7,28,+1.6,79,+0.6,96,+0.9,73,+0.7,95,+1.6,41,+3.5,9,1.34,195,34.6,70,2007,0.6735334550690302,17,15,0.53125,32
314,Saint Peter's,MAAC,5-25,-17.22,88.9,326,106.1,195,63.9,238,-.091,323,-7.85,302,101.0,267,108.9,326,-10.15,331,,MAAC,63.9,238,88.9,326,46.1,288,24.7,312,30.9,196,29.0,318,106.1,195,49.1,121,21.7,135,33.4,247,38.7,214,63.9,238,65.7,219,88.9,326,91.0,313,106.1,195,101.5,142,76.2,211,-1.5,255,+0.2,133,-1.7,311,-0.8,234,+1.1,85,+0.5,130,1.04,261,27.7,239,2007,0.11567870532348164,5,25,0.16666666666666666,30
132,Sam Houston St.,Slnd,21-10,+2.91,106.2,139,103.3,145,69.6,43,+.008,159,-4.67,238,101.1,266,105.7,197,+3.01,83,,Slnd,69.6,43,106.2,139,51.2,116,21.0,154,32.0,157,40.4,78,103.3,145,48.7,108,22.2,100,30.2,93,43.0,279,69.6,43,71.3,41,106.2,139,105.4,106,103.3,145,98.7,82,75.5,287,-2.3,295,-1.7,317,-0.7,237,-1.6,303,-0.8,256,-0.3,185,1.47,157,34.3,74,2007,0.5789336429750073,21,10,0.6774193548387096,31
221,Samford,OVC,16-16,-6.62,106.2,138,112.8,314,54.5,334,+.043,73,-4.58,235,102.0,237,106.6,242,+9.75,16,,OVC,54.5,334,106.2,138,53.2,48,18.6,48,22.2,329,33.8,231,112.8,314,52.5,270,17.8,324,32.1,184,28.6,30,54.5,334,55.0,335,106.2,138,106.2,92,112.8,314,109.5,310,75.7,271,-0.9,225,+0.9,85,-1.8,314,-1.9,318,-0.8,241,+0.5,133,2.35,13,17.7,333,2007,0.3332858978244059,16,16,0.5,32
159,San Diego,WCC,18-14,-0.45,107.5,111,108.0,230,69.1,54,+.042,75,-0.38,159,103.4,188,103.7,135,-1.83,198,,WCC,69.1,54,107.5,111,50.1,167,21.0,158,33.4,117,38.9,117,108.0,230,52.8,280,22.5,81,33.0,225,39.4,231,69.1,54,70.8,48,107.5,111,104.3,129,108.0,230,105.1,233,75.9,247,-0.8,220,-1.2,285,+0.4,127,-1.1,278,-0.8,242,+0.5,137,1.29,210,34.8,68,2007,0.4866620738874732,18,14,0.5625,32
80,San Diego St.,MWC,22-11,+9.87,104.4,167,94.6,28,69.0,58,+.052,60,+4.89,83,108.1,57,103.2,115,-1.93,202,6,MWC,69.0,58,104.4,167,51.0,126,20.8,143,29.5,242,30.7,296,94.6,28,49.7,148,22.3,94,31.1,142,26.4,8,69.0,58,70.3,61,104.4,167,101.4,179,94.6,28,97.1,61,77.2,81,+1.7,74,+1.5,37,+0.2,144,+1.1,60,+2.1,24,-2.5,313,1.86,73,17.6,334,2007,0.7564990241189468,22,11,0.6666666666666666,33
157,San Francisco,WCC,13-18,-0.15,105.2,149,105.3,179,68.3,74,-.016,216,+1.98,122,105.4,126,103.4,120,+4.00,67,,WCC,68.3,74,105.2,149,51.4,108,21.8,201,28.6,261,36.2,176,105.3,179,51.4,227,22.7,71,35.4,299,37.0,183,68.3,74,70.7,49,105.2,149,101.5,177,105.3,179,104.8,228,77.3,66,+2.0,60,+0.1,152,+1.9,20,+1.2,52,+0.2,131,+0.5,120,1.71,104,31.4,130,2007,0.49726843552128824,13,18,0.41935483870967744,31
233,San Jose St.,WAC,5-25,-7.57,95.0,295,102.5,132,65.8,166,-.018,224,+4.78,84,106.9,82,102.1,91,+7.42,29,,WAC,65.8,166,95.0,295,44.0,322,21.1,162,30.2,216,29.9,306,102.5,132,50.5,191,19.9,239,33.3,241,29.9,42,65.8,166,68.7,97,95.0,295,90.6,315,102.5,132,103.9,203,75.7,268,-0.4,193,-0.3,194,-0.1,200,-1.6,301,-0.7,220,-0.5,208,0.63,323,35.9,48,2007,0.2944563365703866,5,25,0.16666666666666666,30
77,Santa Clara,WCC,21-10,+10.03,106.7,131,96.7,48,63.8,244,+.035,86,+1.46,128,105.7,114,104.3,152,+3.12,81,,WCC,63.8,244,106.7,131,52.1,84,22.3,230,34.2,86,31.8,275,96.7,48,46.1,34,19.4,263,29.3,69,35.1,134,63.8,244,65.2,227,106.7,131,104.0,135,96.7,48,96.1,45,76.8,116,+3.4,13,+2.2,9,+1.2,46,+0.1,151,-2.0,322,-0.5,235,2.03,46,29.7,179,2007,0.7561504988069061,21,10,0.6774193548387096,31
326,Savannah St.,ind,12-18,-20.39,88.0,328,108.4,234,64.1,233,+.101,10,-5.05,247,100.4,291,105.5,189,-3.50,240,,ind,64.1,233,88.0,328,45.8,295,27.4,335,27.6,280,33.5,239,108.4,234,49.2,126,23.3,49,34.7,283,51.0,330,64.1,233,65.7,218,88.0,328,85.3,332,108.4,234,103.0,185,74.9,327,-1.1,234,-1.0,261,-0.1,195,-0.5,220,-3.1,333,-3.2,324,0.98,272,35.9,49,2007,0.08335209756657995,12,18,0.4,30
105,Seton Hall,BE,13-16,+6.19,108.5,100,102.3,130,70.2,34,-.100,329,+5.28,81,107.0,79,101.7,74,-4.38,262,,BE,70.2,34,108.5,100,46.8,274,16.6,7,29.7,236,33.2,249,102.3,130,51.7,240,23.8,38,35.2,296,45.4,301,70.2,34,70.0,66,108.5,100,104.8,121,102.3,130,103.1,187,75.3,304,-1.4,253,-0.6,229,-0.8,255,-1.0,273,-1.9,307,-0.5,213,1.39,183,24.1,296,2007,0.6629941216013087,13,16,0.4482758620689655,29
149,Siena,MAAC,20-12,+1.16,107.1,124,105.9,189,68.6,67,-.046,278,-6.99,292,100.5,290,107.5,281,-4.73,271,,MAAC,68.6,67,107.1,124,52.6,67,19.0,63,30.2,217,35.9,184,105.9,189,48.9,117,20.4,200,33.2,233,26.6,10,68.6,67,69.4,84,107.1,124,108.0,59,105.9,189,100.4,123,75.9,245,-1.4,249,-1.4,295,-0.1,168,-0.1,195,-2.7,328,-2.5,309,1.57,141,26.6,261,2007,0.5323494574937083,20,12,0.625,32
146,South Alabama,SB,20-12,+1.55,104.5,163,103.0,137,64.6,212,+.017,137,-4.17,226,102.8,207,106.9,257,+1.75,107,7,SB,64.6,212,104.5,163,51.0,123,17.8,28,27.8,277,33.8,233,103.0,137,49.5,140,21.2,167,29.9,84,33.1,94,64.6,212,66.1,202,104.5,163,104.5,126,103.0,137,100.2,118,75.8,255,+0.1,156,-0.6,226,+0.7,100,-0.2,200,-1.8,304,-1.5,276,1.73,96,29.6,183,2007,0.5414714930525472,20,12,0.625,32
126,South Carolina,SEC,14-16,+3.96,110.3,79,106.4,199,61.0,314,+.068,31,+9.41,24,109.0,36,99.6,11,-3.71,246,,SEC,61.0,314,110.3,79,49.1,207,17.5,22,28.9,254,27.9,323,106.4,199,51.5,228,18.3,311,35.8,310,28.0,19,61.0,314,62.3,306,110.3,79,103.0,154,106.4,199,109.4,307,77.0,109,+0.5,131,-0.4,207,+0.9,73,+1.1,53,+0.2,133,+0.5,141,1.74,95,21.5,320,2007,0.6020420669186273,14,16,0.4666666666666667,30
286,South Carolina St.,MEAC,13-17,-12.92,95.6,286,108.5,240,64.5,213,+.000,180,-11.53,331,97.6,324,109.1,331,-0.35,160,,MEAC,64.5,213,95.6,286,48.7,224,24.4,308,35.2,63,39.9,89,108.5,240,49.5,141,21.8,132,32.6,205,47.2,315,64.5,213,66.0,203,95.6,286,98.5,231,108.5,240,101.6,150,74.7,333,-5.7,335,-2.7,332,-3.1,335,-1.9,320,-1.3,271,+0.5,152,1.47,159,30.0,166,2007,0.18913514948146193,13,17,0.43333333333333335,30
319,South Dakota St.,ind,6-24,-18.32,94.5,300,112.8,313,64.9,204,-.035,263,-5.20,250,101.7,249,106.9,250,-4.37,261,,ind,64.9,204,94.5,300,47.0,270,23.7,287,30.1,222,37.0,155,112.8,313,53.7,299,20.8,185,32.6,204,36.1,160,64.9,204,66.6,180,94.5,300,93.1,299,112.8,313,109.4,306,75.7,265,-3.2,316,-2.1,325,-1.1,277,-0.9,255,+0.1,141,+1.1,90,0.82,296,34.9,65,2007,0.11550635256251424,6,24,0.2,30
150,South Florida,BE,12-18,+0.81,102.1,205,101.3,111,65.2,189,-.064,307,+3.87,95,105.7,111,101.9,86,-9.20,323,,BE,65.2,189,102.1,205,49.3,200,24.9,318,34.1,92,47.7,7,101.3,111,47.5,72,19.7,245,32.3,187,31.7,73,65.2,189,66.3,192,102.1,205,98.0,240,101.3,111,100.4,126,77.0,107,-0.8,217,-0.8,243,-0.1,166,+2.1,16,+1.1,94,+0.5,148,1.17,236,31.0,142,2007,0.5226002422171254,12,18,0.4,30
296,Southeast Missouri St.,OVC,11-20,-14.40,99.3,247,113.7,321,71.0,23,+.032,99,-6.55,284,101.0,269,107.6,286,+1.26,120,,OVC,71.0,23,99.3,247,49.0,212,23.4,278,33.6,113,40.7,72,113.7,321,54.3,310,22.5,86,35.6,303,41.2,255,71.0,23,70.9,47,99.3,247,98.5,232,113.7,321,109.1,301,76.3,193,-2.3,290,-1.3,290,-1.0,266,+0.1,183,+0.2,127,+1.6,50,1.15,240,41.5,10,2007,0.17403369617970113,11,20,0.3548387096774194,31
229,Southeastern Louisiana,Slnd,16-14,-7.27,102.1,202,109.4,253,63.1,273,+.078,24,-4.82,241,102.1,232,106.9,252,-1.02,175,,Slnd,63.1,273,102.1,202,49.4,199,18.6,47,28.3,267,27.2,333,109.4,253,52.2,256,22.3,96,34.2,268,35.8,152,63.1,273,65.9,212,102.1,202,102.2,167,109.4,253,105.5,244,76.1,224,-2.5,304,-1.1,275,-1.4,302,+0.1,177,-0.2,195,-2.5,302,1.35,193,28.8,206,2007,0.31127422842170616,16,14,0.5333333333333333,30
304,Southern,SWAC,10-21,-15.77,89.2,325,105.0,171,66.4,137,-.029,252,-10.22,322,96.4,328,106.6,241,+6.13,37,,SWAC,66.4,137,89.2,325,44.0,319,26.5,333,30.3,215,37.1,152,105.0,171,46.8,47,22.7,75,36.2,314,35.4,144,66.4,137,68.6,101,89.2,325,86.6,328,105.0,171,97.5,68,76.3,195,+0.1,160,+0.1,149,-0.1,187,-1.0,272,-0.8,232,+0.6,102,0.92,285,37.1,32,2007,0.1329167418137036,10,21,0.3225806451612903,31
16,Southern Illinois,MVC,29-7,+21.03,109.8,84,88.8,3,61.0,312,+.017,138,+10.19,12,110.2,11,100.0,22,+7.30,30,4,MVC,61.0,312,109.8,84,51.7,98,22.2,227,30.7,203,45.4,16,88.8,3,48.1,90,24.5,22,25.5,4,49.7,325,61.0,312,60.6,325,109.8,84,103.7,142,88.8,3,93.6,17,75.9,241,-1.4,252,-1.0,257,-0.5,221,-1.6,299,+0.1,163,+0.5,121,2.24,17,25.0,282,2007,0.9199118251135759,29,7,0.8055555555555556,36
127,Southern Miss,CUSA,20-11,+3.65,104.0,172,100.3,93,65.2,188,+.001,178,-1.00,171,101.8,241,102.8,104,-9.27,324,,CUSA,65.2,188,104.0,172,46.4,283,20.9,151,35.8,54,48.7,4,100.3,93,46.9,50,20.9,176,27.2,22,47.8,316,65.2,188,66.7,177,104.0,172,100.8,195,100.3,93,96.0,43,76.3,192,-0.0,163,+1.4,43,-1.4,304,-0.9,263,+0.1,162,-0.5,193,0.48,328,31.8,124,2007,0.6026669431629741,20,11,0.6451612903225806,31
178,Southern Utah,MCon,16-14,-2.55,103.5,181,106.1,193,63.0,277,-.005,190,-3.02,199,104.1,168,107.2,265,-1.96,204,,MCon,63.0,277,103.5,181,52.9,58,21.2,175,30.1,223,34.0,224,106.1,193,50.5,189,21.3,159,34.5,275,33.8,105,63.0,277,63.7,279,103.5,181,104.2,131,106.1,193,104.0,204,75.8,261,-1.2,242,-0.4,209,-0.8,253,+0.1,167,-1.4,276,-0.5,230,0.93,280,30.1,160,2007,0.4291499979032629,16,14,0.5333333333333333,30
297,St. Bonaventure,A10,7-22,-15.30,98.6,253,113.9,322,68.0,81,+.016,142,-2.17,186,104.1,169,106.3,229,-5.61,291,,A10,68.0,81,98.6,253,47.1,265,21.2,172,30.8,199,39.7,94,113.9,322,54.8,319,18.9,278,35.0,292,30.8,53,68.0,81,69.0,92,98.6,253,97.1,255,113.9,322,112.3,329,76.4,187,+1.2,95,+0.4,118,+0.8,87,+0.2,129,-1.8,300,-0.3,184,1.52,150,28.1,229,2007,0.15991367692343006,7,22,0.2413793103448276,29
279,St. Francis NY,NEC,9-22,-12.23,93.3,309,105.6,183,65.0,200,-.023,239,-5.54,255,102.0,239,107.5,280,+2.71,89,,NEC,65.0,200,93.3,309,44.9,311,25.8,327,38.7,14,36.9,157,105.6,183,51.2,219,22.7,76,31.1,141,43.5,287,65.0,200,66.6,182,93.3,309,92.8,303,105.6,183,101.2,138,75.5,285,-2.0,277,-0.9,253,-1.1,285,+1.1,81,+1.1,63,-3.0,323,1.02,264,24.2,294,2007,0.19401337793563708,9,22,0.2903225806451613,31
305,St. Francis PA,NEC,8-21,-15.79,98.5,255,114.3,325,64.5,214,-.064,306,-8.29,310,101.0,268,109.3,333,-4.47,264,,NEC,64.5,214,98.5,255,49.2,205,24.6,311,34.2,88,42.7,46,114.3,325,51.6,231,18.3,313,32.8,210,36.1,158,64.5,214,66.7,178,98.5,255,99.4,219,114.3,325,109.2,302,76.2,204,+1.0,104,+0.9,76,+0.0,155,+0.4,111,-3.5,334,-1.5,296,0.78,307,31.1,138,2007,0.15305281749795963,8,21,0.27586206896551724,29
129,St. John's,BE,16-15,+3.41,103.3,184,99.9,86,63.8,242,+.039,78,+4.48,87,106.3,97,101.8,81,-8.30,319,,BE,63.8,242,103.3,184,47.4,259,21.4,186,30.7,205,34.5,211,99.9,86,47.1,57,19.9,234,33.1,232,33.1,97,63.8,242,64.8,252,103.3,184,98.4,234,99.9,86,99.8,108,77.7,34,+3.0,20,+1.7,27,+1.4,38,+0.2,127,-0.6,213,+0.5,112,1.86,70,27.5,247,2007,0.5950491825204373,16,15,0.5161290322580645,31
66,Stanford,P10,18-13,+12.37,109.7,86,97.3,52,65.9,160,+.028,112,+9.50,23,109.2,29,99.7,15,-0.33,159,11,P10,65.9,160,109.7,86,49.8,178,21.8,204,36.4,43,36.0,182,97.3,52,46.2,38,16.8,333,26.9,20,35.8,150,65.9,160,66.1,201,109.7,86,103.0,153,97.3,52,99.9,111,78.4,7,+5.4,2,+3.5,3,+1.9,15,+1.1,63,+2.1,20,+1.5,69,0.78,308,30.5,150,2007,0.7988993354046448,18,13,0.5806451612903226,31
195,Stephen F. Austin,Slnd,15-14,-3.79,98.2,262,102.0,123,60.5,318,-.077,316,-6.00,272,101.1,265,107.1,262,-2.78,222,,Slnd,60.5,318,98.2,262,49.4,195,22.1,222,29.0,253,39.2,111,102.0,123,49.8,155,24.0,32,30.0,88,38.6,211,60.5,318,64.0,267,98.2,262,99.0,223,102.0,123,97.1,62,76.0,229,-0.0,168,+0.0,160,-0.1,189,+0.1,174,+0.0,185,-0.5,222,0.87,290,42.1,8,2007,0.39254763299163387,15,14,0.5172413793103449,29
308,Stetson,ASun,11-20,-16.38,97.2,275,113.6,320,65.1,197,+.048,66,-5.84,267,100.2,297,106.1,218,+2.74,87,,ASun,65.1,197,97.2,275,47.1,267,22.9,260,30.1,226,38.3,129,113.6,320,54.3,314,22.0,116,34.3,269,46.0,307,65.1,197,67.1,155,97.2,275,96.1,269,113.6,320,108.1,288,76.1,218,-0.5,197,+0.2,142,-0.7,240,+0.6,100,-0.7,218,-0.1,177,1.04,262,40.8,12,2007,0.14270565825985057,11,20,0.3548387096774194,31
277,Stony Brook,AE,9-20,-11.89,92.9,312,104.8,166,64.5,219,-.061,302,-6.04,273,100.9,274,106.9,253,-4.74,273,,AE,64.5,219,92.9,312,43.6,324,22.2,224,34.8,70,35.3,195,104.8,166,50.8,205,24.9,14,31.0,137,42.7,274,64.5,219,64.2,263,92.9,312,93.0,301,104.8,166,99.8,109,75.7,269,-1.6,261,-0.6,228,-1.1,284,+0.3,122,-0.3,200,-0.3,186,1.58,137,36.8,35,2007,0.20003166769574413,9,20,0.3103448275862069,29
40,Syracuse,BE,24-11,+16.84,112.0,60,95.2,32,70.4,32,-.066,308,+5.78,71,106.3,98,100.5,44,-3.80,248,2,BE,70.4,32,112.0,60,50.6,144,20.8,145,33.5,116,41.7,56,95.2,32,43.7,7,19.8,240,35.2,295,31.1,62,70.4,32,71.3,42,112.0,60,106.2,91,95.2,32,95.4,32,78.6,3,+3.6,11,+1.5,36,+2.2,8,+1.1,55,+2.6,13,+2.5,14,1.76,92,26.7,259,2007,0.8663387853168699,24,11,0.6857142857142857,35
172,TCU,MWC,13-17,-1.94,96.2,283,98.1,61,66.8,120,+.037,82,+2.18,116,105.9,106,103.8,136,-9.53,325,,MWC,66.8,120,96.2,283,47.0,271,24.2,302,31.5,182,43.7,33,98.1,61,50.2,169,23.3,50,30.2,94,39.8,233,66.8,120,67.4,145,96.2,283,92.7,304,98.1,61,98.4,78,76.4,176,+0.5,132,-0.1,180,+0.6,104,-0.4,213,-0.8,225,+0.0,172,1.32,204,29.8,176,2007,0.4440065738678547,13,17,0.43333333333333335,30
131,Temple,A10,12-18,+3.06,110.3,80,107.2,219,68.8,61,-.123,334,+1.98,120,105.7,117,103.7,132,+2.96,84,,A10,68.8,61,110.3,80,53.1,52,17.9,29,27.1,290,36.2,173,107.2,219,50.4,184,20.4,203,33.4,246,39.3,226,68.8,61,69.5,80,110.3,80,108.1,57,107.2,219,106.8,274,76.5,161,-1.9,272,-0.8,246,-1.1,283,+0.4,113,+2.1,26,-1.0,249,1.76,91,24.3,292,2007,0.5812333073742622,12,18,0.4,30
31,Tennessee,SEC,24-11,+18.29,115.9,22,97.6,55,71.3,19,+.035,88,+10.57,7,110.3,9,99.8,17,+1.81,105,5,SEC,71.3,19,115.9,22,52.3,81,18.8,52,33.9,99,37.9,134,97.6,55,51.8,243,24.0,30,33.2,239,39.1,224,71.3,19,73.0,19,115.9,22,109.4,42,97.6,55,101.9,157,76.3,197,-2.3,293,-0.2,191,-2.1,319,-1.6,300,+0.1,173,+2.5,27,1.34,194,34.0,81,2007,0.878283830357444,24,11,0.6857142857142857,35
312,Tennessee Martin,OVC,8-23,-16.96,94.3,302,111.3,294,66.6,127,-.060,301,-7.16,294,100.7,281,107.9,305,-1.75,192,,OVC,66.6,127,94.3,302,46.0,289,24.2,304,33.1,124,43.4,37,111.3,294,53.0,285,20.4,204,30.9,135,37.4,189,66.6,127,66.9,164,94.3,302,94.4,290,111.3,294,105.3,238,76.5,174,+2.4,48,+0.5,107,+1.9,16,-1.9,327,-0.8,257,-0.1,176,1.41,176,33.6,86,2007,0.1294193169006443,8,23,0.25806451612903225,31
282,Tennessee St.,OVC,12-20,-12.31,97.6,270,109.9,265,64.5,215,+.015,149,-5.65,261,101.7,248,107.3,274,+3.73,73,,OVC,64.5,215,97.6,270,45.2,305,20.6,126,34.4,81,34.5,210,109.9,265,51.4,223,20.2,216,30.8,127,47.0,314,64.5,215,65.1,234,97.6,270,97.4,249,109.9,265,106.0,255,76.4,178,+2.0,62,+0.9,80,+1.1,50,+0.1,139,-0.8,236,-1.5,277,1.33,202,28.6,211,2007,0.2034331295728203,12,20,0.375,32
170,Tennessee Tech,OVC,19-13,-1.67,103.4,183,105.1,172,69.4,47,+.007,162,-5.81,265,102.1,230,107.9,306,+9.26,21,,OVC,69.4,47,103.4,183,50.8,137,21.8,207,35.1,65,48.7,5,105.1,172,47.9,83,19.4,261,32.2,186,41.0,251,69.4,47,69.6,78,103.4,183,105.0,114,105.1,172,102.0,160,77.2,84,-0.1,169,-1.0,259,+0.9,73,+0.1,149,+0.2,132,+2.5,27,1.96,54,29.9,169,2007,0.45325338963859574,19,13,0.59375,32
25,Texas,B12,25-10,+19.24,119.5,6,100.3,92,67.6,90,-.008,197,+7.56,51,108.1,53,100.6,47,-2.00,205,4,B12,67.6,90,119.5,6,51.6,105,17.1,12,36.1,46,39.3,106,100.3,92,47.6,77,19.6,251,32.3,190,29.7,40,67.6,90,69.7,73,119.5,6,113.9,11,100.3,92,100.7,132,75.7,273,+1.5,83,+0.6,102,+0.9,54,-1.9,316,-2.6,327,-1.5,291,0.37,333,20.6,324,2007,0.8822833480607837,25,10,0.7142857142857143,35
7,Texas A&M,B12,27-7,+26.97,119.3,7,92.3,14,63.7,247,-.047,281,+5.38,78,106.7,87,101.4,67,-5.98,297,3,B12,63.7,247,119.3,7,55.7,6,18.2,31,32.1,153,41.3,64,92.3,14,42.8,2,21.7,136,27.6,33,38.4,204,63.7,247,65.4,224,119.3,7,114.3,7,92.3,14,90.4,4,77.9,23,+2.5,46,+1.0,69,+1.5,32,-0.9,238,+1.1,80,+2.5,15,2.18,23,21.5,319,2007,0.9503044803320411,27,7,0.7941176470588235,34
91,Texas A&M Corpus Chris,Slnd,26-7,+7.76,114.1,34,106.4,200,68.1,78,+.057,45,-5.12,248,100.8,278,105.9,208,+2.12,97,15,Slnd,68.1,78,114.1,34,57.6,3,23.6,282,37.1,29,48.0,6,106.4,200,50.2,173,21.6,141,29.9,83,36.9,182,68.1,78,69.3,87,114.1,34,113.6,13,106.4,200,101.8,155,77.3,69,+2.9,27,+2.0,20,+0.9,67,+0.1,189,-0.8,228,+1.1,92,1.56,142,35.0,62,2007,0.6907229487126731,26,7,0.7878787878787878,33
264,Texas Pan American,ind,14-15,-10.43,101.8,207,112.2,309,64.1,231,+.015,146,-6.16,275,100.8,277,106.9,254,-4.43,263,,ind,64.1,231,101.8,207,51.2,118,23.2,273,27.5,284,45.8,14,112.2,309,53.1,287,22.1,111,29.8,81,43.0,280,64.1,231,65.0,243,101.8,207,101.0,192,112.2,309,106.7,270,75.7,274,+0.6,123,+0.6,95,-0.1,167,-1.2,279,-1.9,313,-1.3,253,1.04,263,31.4,132,2007,0.24626396652623914,14,15,0.4827586206896552,29
321,Texas Southern,SWAC,14-17,-18.84,89.5,324,108.4,235,69.3,49,+.090,18,-11.39,329,95.6,333,107.0,261,+11.59,11,,SWAC,69.3,49,89.5,324,43.5,325,25.0,319,34.3,84,44.9,25,108.4,235,47.3,63,20.2,215,30.5,111,44.1,291,69.3,49,71.8,31,89.5,324,88.6,323,108.4,235,99.4,95,76.6,151,-0.8,219,-1.1,269,+0.2,143,+1.5,33,-0.0,187,-1.5,256,0.95,277,29.7,178,2007,0.09945643501798883,14,17,0.45161290322580644,31
309,Texas St.,Slnd,9-20,-16.42,97.9,266,114.3,326,75.0,2,-.022,234,-5.71,263,101.5,250,107.3,269,-4.66,268,,Slnd,75.0,2,97.9,266,46.4,280,24.1,299,32.5,144,40.1,80,114.3,326,56.7,330,25.7,10,39.7,332,57.7,336,75.0,2,77.0,2,97.9,266,96.4,267,114.3,326,110.0,314,76.5,173,-1.6,258,-1.5,301,-0.1,180,+1.4,37,+0.1,183,-0.5,196,0.74,313,37.2,31,2007,0.14416486169802986,9,20,0.3103448275862069,29
71,Texas Tech,B12,21-13,+10.98,112.2,57,101.3,110,64.9,205,+.056,47,+7.79,46,108.3,48,100.5,45,+2.29,94,10,B12,64.9,205,112.2,57,50.9,130,17.2,14,25.8,308,39.7,96,101.3,110,51.9,247,22.7,78,35.0,293,30.1,44,64.9,205,66.5,185,112.2,57,106.7,84,101.3,110,103.4,193,76.3,199,-0.1,170,+0.4,120,-0.5,222,-0.9,237,-0.8,252,-4.5,331,2.18,22,30.3,154,2007,0.7640945936563097,21,13,0.6176470588235294,34
325,The Citadel,SC,7-23,-20.18,92.4,317,112.6,312,59.7,325,+.034,90,+0.93,137,104.9,137,103.9,141,+11.73,9,,SC,59.7,325,92.4,317,45.3,303,23.3,274,26.5,295,31.6,283,112.6,312,57.0,331,21.2,164,33.4,244,35.0,129,59.7,325,61.2,320,92.4,317,89.1,321,112.6,312,111.8,328,75.0,324,-3.4,322,-1.7,316,-1.8,312,-2.9,336,-1.8,302,+0.5,164,2.29,15,33.5,90,2007,0.0933230166996571,7,23,0.23333333333333334,30
111,Toledo,MAC,19-13,+5.61,105.7,142,100.1,91,66.9,119,+.057,44,+3.39,98,105.6,121,102.2,92,+9.18,22,7,MAC,66.9,119,105.7,142,50.8,134,20.2,109,27.7,278,33.3,247,100.1,91,53.8,300,27.5,1,34.7,281,40.1,243,66.9,119,67.5,137,105.7,142,101.1,189,100.1,91,99.7,104,74.9,326,-4.4,332,-2.7,333,-1.6,310,-0.9,251,+0.1,153,-2.5,312,2.37,11,26.6,262,2007,0.6515830288086474,19,13,0.59375,32
151,Towson,CAA,15-17,+0.74,105.5,145,104.8,165,64.6,210,-.030,256,-0.58,164,104.8,141,105.4,183,-0.37,161,,CAA,64.6,210,105.5,145,50.3,158,19.2,66,28.7,257,36.0,180,104.8,165,50.4,182,20.0,227,30.3,95,38.0,199,64.6,210,64.4,259,105.5,145,103.8,139,104.8,165,103.9,202,77.1,95,-0.1,179,-0.1,179,-0.1,171,+0.3,118,+1.0,95,+1.5,64,1.78,82,29.6,181,2007,0.5191300528338737,15,17,0.46875,32
228,Troy,SB,13-17,-7.26,105.7,143,113.0,316,67.2,109,+.018,133,-4.17,227,103.4,186,107.6,284,+1.35,117,,SB,67.2,109,105.7,143,50.1,165,17.7,25,30.1,225,27.3,331,113.0,316,52.3,263,20.5,196,36.5,316,28.5,26,67.2,109,68.6,100,105.7,143,105.9,96,113.0,316,110.1,316,76.4,185,-0.5,199,-1.2,282,+0.6,103,+1.1,71,-0.2,194,+1.1,91,1.34,198,26.1,267,2007,0.3169111156152941,13,17,0.43333333333333335,30
142,Tulane,CUSA,17-13,+1.83,102.8,190,101.0,101,69.8,38,+.046,69,-0.23,155,102.7,209,102.9,108,-4.31,257,,CUSA,69.8,38,102.8,190,48.7,221,21.3,179,29.8,231,45.3,18,101.0,101,44.4,14,18.5,305,31.6,162,41.9,261,69.8,38,69.7,72,102.8,190,98.2,236,101.0,101,98.8,85,76.6,150,-0.8,212,-1.3,294,+0.6,107,+1.1,62,+1.9,35,-1.5,266,1.54,146,36.6,40,2007,0.5506124667469346,17,13,0.5666666666666667,30
115,Tulsa,CUSA,20-11,+5.25,101.4,212,96.2,43,65.5,176,-.020,229,-1.67,181,102.0,235,103.7,131,-7.95,317,,CUSA,65.5,176,101.4,212,47.4,260,24.0,297,34.9,68,43.3,39,96.2,43,43.9,9,20.3,209,27.3,24,43.6,288,65.5,176,67.1,158,101.4,212,99.4,218,96.2,43,92.9,11,76.7,135,+2.5,45,+1.2,58,+1.2,44,-0.9,235,+0.1,163,-0.5,241,0.98,273,44.8,1,2007,0.6468914376069386,20,11,0.6451612903225806,31
117,UAB,CUSA,15-16,+4.92,102.6,194,97.7,57,64.0,236,-.042,273,+3.20,100,105.0,136,101.8,80,+4.65,54,,CUSA,64.0,236,102.6,194,48.1,244,20.0,90,30.5,209,42.3,50,97.7,57,46.7,41,20.8,186,30.0,89,31.8,77,64.0,236,66.0,208,102.6,194,98.0,241,97.7,57,96.7,56,77.1,94,+0.2,153,+0.2,136,-0.1,161,-1.5,294,+0.1,163,-0.5,189,1.13,244,24.6,287,2007,0.6370928286139549,15,16,0.4838709677419355,31
318,UC Davis,ind,5-23,-18.08,93.3,310,111.4,298,69.1,53,+.020,127,-2.85,194,103.2,192,106.0,215,-3.50,241,,ind,69.1,53,93.3,310,47.1,268,24.6,309,26.0,304,38.0,132,111.4,298,54.4,315,21.2,166,36.0,312,42.2,264,69.1,53,71.8,32,93.3,310,91.9,309,111.4,298,109.4,305,76.8,128,-0.1,173,-0.3,201,+0.3,136,+0.8,94,+1.1,65,-0.3,187,1.00,270,43.1,2,2007,0.11516523217725597,5,23,0.17857142857142858,28
168,UC Irvine,BW,15-18,-1.56,99.5,243,101.0,102,64.4,221,-.029,250,-2.06,185,104.4,154,106.4,238,+0.63,141,,BW,64.4,221,99.5,243,51.2,115,23.9,295,26.8,291,39.0,116,101.0,102,47.5,70,16.8,334,26.3,10,32.9,89,64.4,221,66.9,162,99.5,243,98.6,229,101.0,102,99.6,102,76.6,143,-1.2,243,-1.2,283,-0.1,190,+1.7,28,+1.2,54,-0.5,188,1.21,228,31.9,120,2007,0.4570875721426983,15,18,0.45454545454545453,33
306,UC Riverside,BW,7-24,-15.84,93.9,305,109.7,263,66.2,144,-.057,297,-3.35,204,102.6,210,106.0,214,-4.81,274,,BW,66.2,144,93.9,305,45.6,298,19.6,78,25.0,315,24.2,336,109.7,263,53.3,293,21.9,125,34.6,278,36.6,173,66.2,144,68.6,98,93.9,305,92.0,308,109.7,263,107.2,279,75.1,315,-1.5,257,-0.2,190,-1.3,296,-2.2,330,-1.9,318,-1.5,287,0.95,278,30.9,144,2007,0.14326061923336703,7,24,0.22580645161290322,31
153,UC Santa Barbara,BW,18-11,+0.70,105.2,150,104.5,160,63.5,258,+.017,139,-4.30,231,102.0,238,106.3,228,-4.24,254,,BW,63.5,258,105.2,150,52.2,83,20.8,139,29.7,234,39.1,114,104.5,160,47.8,80,19.9,238,30.3,97,30.6,51,63.5,258,66.8,174,105.2,150,105.1,113,104.5,160,100.5,128,77.1,97,+1.6,78,-0.3,200,+1.9,20,+1.3,47,+0.2,134,+0.9,96,1.45,162,29.2,200,2007,0.519184735066025,18,11,0.6206896551724138,29
112,UCF,CUSA,22-9,+5.54,109.5,89,104.0,152,63.6,256,-.003,186,-3.89,218,101.1,263,105.0,172,-10.96,333,,CUSA,63.6,256,109.5,89,54.0,29,22.8,254,33.7,108,43.0,41,104.0,152,47.4,65,21.5,150,31.9,170,39.3,229,63.6,256,65.2,226,109.5,89,109.0,46,104.0,152,99.0,90,76.8,125,+0.6,126,+0.3,128,+0.2,140,+0.1,148,-0.1,190,+0.5,152,1.21,230,28.7,210,2007,0.6439699615098702,22,9,0.7096774193548387,31
6,UCLA,P10,30-6,+27.15,115.4,27,88.3,2,63.7,251,+.019,132,+11.08,4,111.0,3,99.9,20,+5.93,39,2,P10,63.7,251,115.4,27,53.5,41,18.4,37,32.0,159,32.8,255,88.3,2,47.6,76,23.2,52,27.9,39,30.2,47,63.7,251,64.4,260,115.4,27,109.7,39,88.3,2,92.7,9,77.6,42,+0.8,115,-0.1,176,+0.8,85,+1.1,81,+2.7,11,+1.5,67,1.54,147,26.5,264,2007,0.9559819322962307,30,6,0.8333333333333334,36
270,UMBC,AE,12-19,-10.81,99.5,241,110.3,279,61.6,304,+.016,144,-4.15,224,101.4,255,105.6,191,-0.71,165,,AE,61.6,304,99.5,241,47.3,263,20.1,105,28.1,271,27.2,332,110.3,279,50.9,207,20.0,223,34.8,287,33.1,96,61.6,304,61.9,314,99.5,241,98.1,239,110.3,279,105.3,239,75.3,300,-1.6,262,-0.2,186,-1.5,305,-0.9,263,+0.1,155,-3.5,327,1.90,65,24.4,290,2007,0.23414859202249377,12,19,0.3870967741935484,31
213,UMKC,MCon,12-20,-5.66,107.3,117,112.9,315,66.0,157,-.015,214,-1.28,173,104.1,170,105.4,186,+0.59,143,,MCon,66.0,157,107.3,117,48.9,216,17.2,15,30.5,207,30.4,301,112.9,315,54.3,311,21.7,138,38.1,326,38.6,209,66.0,157,66.0,209,107.3,117,105.2,112,112.9,315,112.6,333,76.9,112,+2.3,53,+1.9,22,+0.4,126,+0.1,143,+0.1,180,-1.5,260,1.64,120,37.6,26,2007,0.35777166025071494,12,20,0.375,32
242,UNC Asheville,BSth,12-19,-8.93,96.9,278,105.9,188,68.0,79,-.018,222,-1.75,183,104.6,151,106.3,230,+4.97,49,,BSth,68.0,79,96.9,278,47.9,249,22.2,226,30.4,212,33.4,243,105.9,188,50.2,175,19.8,241,34.2,267,30.9,57,68.0,79,71.1,44,96.9,278,95.4,278,105.9,188,104.8,225,77.1,99,+2.6,40,+1.7,26,+0.9,73,+2.1,11,-1.4,273,+0.5,164,1.63,123,36.8,36,2007,0.2647584979122536,12,19,0.3870967741935484,31
164,UNC Greensboro,SC,16-14,-1.21,102.4,198,103.6,149,66.6,125,+.005,166,-3.52,208,102.1,227,105.6,193,-3.15,233,,SC,66.6,125,102.4,198,49.2,204,22.0,216,33.3,119,42.9,42,103.6,149,48.6,105,22.2,104,33.7,255,32.7,87,66.6,125,67.7,126,102.4,198,100.6,196,103.6,149,99.3,93,75.6,281,-2.3,294,-1.5,299,-0.8,257,+0.1,173,+1.1,77,-2.5,310,1.93,62,29.6,180,2007,0.46655449278629696,16,14,0.5333333333333333,30
225,UNC Wilmington,CAA,7-22,-6.96,99.5,239,106.5,203,65.6,173,-.044,275,+2.16,117,105.9,108,103.7,128,+4.70,52,,CAA,65.6,173,99.5,239,47.8,252,23.0,264,31.9,160,27.8,324,106.5,203,50.8,202,18.1,317,27.9,40,44.5,297,65.6,173,66.2,199,99.5,239,96.5,265,106.5,203,105.8,252,77.1,89,+3.3,14,+1.0,74,+2.4,6,-0.3,206,+0.4,120,+0.5,134,0.86,293,34.6,72,2007,0.31392035349353675,7,22,0.2413793103448276,29
41,UNLV,MWC,30-7,+16.83,112.6,51,95.8,40,65.2,190,+.098,14,+5.61,75,109.1,32,103.5,123,+2.29,93,7,MWC,65.2,190,112.6,51,50.8,133,16.0,3,33.0,129,33.4,241,95.8,40,48.4,101,22.2,102,33.1,228,34.8,124,65.2,190,66.8,173,112.6,51,110.2,32,95.8,40,98.9,89,76.0,238,-0.9,223,-0.4,205,-0.5,224,-1.1,274,-0.9,263,-0.5,197,1.49,155,36.4,43,2007,0.8650822030536935,30,7,0.8108108108108109,37
39,USC,P10,25-12,+16.86,111.0,72,94.2,26,67.1,111,+.016,143,+8.26,39,108.3,51,100.0,23,-6.62,307,5,P10,67.1,111,111.0,72,52.8,62,20.7,136,28.5,262,39.2,112,94.2,26,44.7,16,20.7,191,32.2,185,30.5,50,67.1,111,67.6,131,111.0,72,104.8,120,94.2,26,95.0,27,78.4,9,+0.9,105,+1.0,70,-0.1,159,+1.2,48,+2.5,15,+4.5,3,1.73,101,28.6,212,2007,0.868443398907333,25,12,0.6756756756756757,37
261,UT Arlington,Slnd,13-17,-10.06,101.2,217,111.3,293,69.9,36,+.045,71,-5.15,249,100.6,285,105.7,198,-0.53,163,,Slnd,69.9,36,101.2,217,50.8,136,24.3,307,31.5,178,39.6,97,111.3,293,51.6,239,21.3,162,32.7,206,36.8,176,69.9,36,71.9,30,101.2,217,99.4,221,111.3,293,106.3,265,75.4,293,-1.5,254,-0.4,208,-1.1,272,-1.8,309,-1.9,316,-0.5,219,1.17,235,33.8,83,2007,0.25086565688575535,13,17,0.43333333333333335,30
133,UTEP,CUSA,14-17,+2.68,103.7,178,101.0,103,72.1,11,-.137,336,-1.32,175,102.5,212,103.9,139,-6.61,306,,CUSA,72.1,11,103.7,178,47.9,250,21.2,170,33.9,98,44.6,26,101.0,103,47.7,79,24.2,29,30.9,130,49.2,323,72.1,11,74.3,9,103.7,178,101.4,181,101.0,103,96.3,46,76.7,139,-0.3,187,+0.4,122,-0.8,249,-0.6,227,+1.1,80,-0.2,181,0.79,302,34.2,75,2007,0.5752706251666536,14,17,0.45161290322580644,31
316,UTSA,Slnd,7-22,-17.66,86.7,331,104.4,159,63.3,267,-.031,258,-3.61,211,102.9,201,106.5,240,+1.22,122,,Slnd,63.3,267,86.7,331,43.8,323,25.4,324,29.3,250,42.3,49,104.4,159,50.9,208,23.2,57,34.4,273,49.8,326,63.3,267,66.6,183,86.7,331,85.9,330,104.4,159,102.3,169,76.5,171,+0.4,138,+0.2,139,+0.2,142,-0.9,262,+0.2,128,+1.5,74,0.97,274,27.0,253,2007,0.105606906946334,7,22,0.2413793103448276,29
145,Utah,MWC,11-19,+1.63,113.7,38,112.1,308,61.2,310,-.041,270,+5.65,72,108.0,60,102.3,96,+1.16,126,,MWC,61.2,310,113.7,38,55.9,5,22.4,233,30.8,201,39.7,95,112.1,308,58.4,336,17.8,323,25.6,5,34.5,117,61.2,310,61.9,313,113.7,38,108.9,47,112.1,308,114.0,334,77.5,52,+2.8,33,+2.0,19,+0.8,89,-0.2,202,+1.1,85,+0.8,98,1.08,253,28.6,213,2007,0.5406547534005385,11,19,0.36666666666666664,30
90,Utah St.,WAC,23-12,+7.82,111.2,68,103.4,147,63.5,257,+.039,79,+2.72,109,105.4,125,102.7,103,+0.15,151,6,WAC,63.5,257,111.2,68,52.1,86,20.9,148,32.8,140,33.3,246,103.4,147,52.0,249,21.1,170,31.5,159,32.4,81,63.5,257,65.4,223,111.2,68,107.6,66,103.4,147,102.6,176,76.5,157,-1.0,232,-1.0,256,-0.1,176,-0.9,241,+0.1,160,+2.5,27,1.27,213,27.3,250,2007,0.6976943090425697,23,12,0.6571428571428571,35
101,Utah Valley St.,ind,22-7,+6.61,109.9,83,103.2,144,62.6,291,-.010,205,-8.15,306,100.7,283,108.9,325,-2.42,211,,ind,62.6,291,109.9,83,54.9,13,18.5,43,28.0,275,37.6,145,103.2,144,47.6,74,21.1,171,28.2,44,40.1,241,62.6,291,63.5,284,109.9,83,112.3,16,103.2,144,96.8,57,76.0,237,-2.2,289,-1.8,320,-0.5,225,-0.5,219,+0.3,122,+0.5,126,0.93,282,36.0,46,2007,0.6733493629272495,22,7,0.7586206896551724,29
52,VCU,CAA,28-7,+14.55,116.6,18,102.0,124,65.5,178,+.002,174,+0.20,150,104.2,162,104.0,143,+0.25,149,11,CAA,65.5,178,116.6,18,51.9,90,16.9,9,34.5,76,40.4,76,102.0,124,51.0,211,23.8,39,30.8,128,37.4,190,65.5,178,65.2,232,116.6,18,114.2,9,102.0,124,99.8,107,76.4,186,-2.5,300,-1.0,264,-1.4,303,-0.5,223,+0.1,154,+2.5,27,1.91,64,26.7,260,2007,0.8232362752463095,28,7,0.8,35
237,VMI,BSth,14-19,-8.16,106.4,137,114.6,328,89.7,1,-.079,320,-7.56,299,100.4,292,108.0,310,-10.06,330,,BSth,89.7,1,106.4,137,50.1,162,18.3,34,30.1,224,31.7,281,114.6,328,58.0,333,26.3,4,41.9,335,41.0,253,89.7,1,90.6,1,106.4,137,105.8,99,114.6,328,108.7,295,75.8,259,-3.1,315,-2.0,324,-1.1,286,+0.1,176,+0.6,115,+0.0,174,1.84,76,35.3,58,2007,0.29863934187105523,14,19,0.42424242424242425,33
148,Valparaiso,MCon,16-15,+1.32,101.1,219,99.7,84,64.4,224,-.003,185,+0.23,149,106.2,101,106.0,213,+5.26,47,,MCon,64.4,224,101.1,219,53.2,49,24.0,296,24.5,319,33.9,227,99.7,84,47.0,53,18.2,315,27.5,28,42.3,265,64.4,224,64.9,245,101.1,219,100.0,207,99.7,84,99.9,110,77.1,98,+2.8,31,+0.9,84,+1.9,20,+0.0,190,-0.8,235,+0.5,124,0.86,292,25.7,277,2007,0.5400045988988105,16,15,0.5161290322580645,31
43,Vanderbilt,SEC,22-12,+16.23,115.7,24,99.4,79,66.6,126,+.008,160,+9.34,26,109.5,22,100.2,30,-2.74,220,6,SEC,66.6,126,115.7,24,53.1,50,17.7,24,27.3,287,32.4,265,99.4,79,50.6,196,21.8,131,31.6,161,31.5,71,66.6,126,67.7,124,115.7,24,109.7,40,99.4,79,102.2,166,77.7,29,+2.4,50,+1.2,57,+1.1,48,+2.1,12,+2.4,18,-0.5,194,1.94,58,29.8,171,2007,0.8514802027967096,22,12,0.6470588235294118,34
123,Vermont,AE,25-8,+4.16,105.5,146,101.3,112,66.2,146,+.055,50,-5.42,254,100.9,271,106.4,234,-1.39,181,7,AE,66.2,146,105.5,146,50.0,172,23.6,284,41.9,1,42.1,52,101.3,112,45.5,22,18.5,301,28.8,58,30.2,48,66.2,146,66.5,184,105.5,146,104.5,125,101.3,112,96.5,51,77.6,37,+2.6,39,+1.2,60,+1.5,31,+0.7,96,-0.6,217,+1.5,85,1.58,135,29.3,195,2007,0.6147166113465142,25,8,0.7575757575757576,33
21,Villanova,BE,22-11,+20.11,113.4,42,93.3,19,65.8,168,-.036,266,+11.02,5,110.5,7,99.5,9,+2.82,86,9,BE,65.8,168,113.4,42,48.8,220,19.9,89,38.5,16,41.7,55,93.3,19,48.2,94,23.1,60,29.1,61,42.0,262,65.8,168,66.5,186,113.4,42,107.4,70,93.3,19,97.4,66,77.5,44,+0.6,125,-0.4,202,+0.9,62,+2.6,5,+1.4,47,+2.5,27,2.10,38,28.3,221,2007,0.9041026676254507,22,11,0.6666666666666666,33
48,Virginia,ACC,21-11,+15.43,114.1,35,98.7,71,67.9,83,+.006,164,+8.27,38,109.2,28,100.9,58,-4.35,259,4,ACC,67.9,83,114.1,35,50.7,141,18.9,57,35.7,57,42.9,43,98.7,71,47.3,64,18.9,283,30.4,104,35.2,136,67.9,83,70.2,63,114.1,35,110.0,36,98.7,71,101.9,158,77.5,46,+3.0,21,+1.6,31,+1.4,35,+1.4,38,+1.4,43,+0.5,127,2.18,24,30.0,164,2007,0.8412273390895663,21,11,0.65625,32
37,Virginia Tech,ACC,22-12,+17.38,112.4,54,95.0,31,63.7,252,-.004,187,+9.85,16,109.9,13,100.1,26,+0.79,135,5,ACC,63.7,252,112.4,54,51.0,127,16.2,4,31.7,168,39.3,103,95.0,31,48.3,97,22.5,84,31.9,174,36.6,171,63.7,252,65.2,230,112.4,54,107.2,76,95.0,31,98.3,76,77.6,36,+1.7,73,+0.8,90,+0.9,58,+1.7,27,+1.1,76,+0.5,106,2.84,1,28.0,231,2007,0.8737081643829729,22,12,0.6470588235294118,34
288,Wagner,NEC,11-19,-13.16,98.2,263,111.4,295,68.2,76,-.020,231,-8.18,307,100.6,287,108.7,322,-4.86,278,,NEC,68.2,76,98.2,263,49.5,192,20.8,138,30.2,219,36.6,163,111.4,295,52.2,260,19.6,248,30.3,101,36.6,172,68.2,76,69.4,82,98.2,263,99.4,217,111.4,295,106.6,268,76.1,225,-3.2,317,-2.5,331,-0.7,238,+0.1,142,+0.1,151,+1.5,77,1.77,85,23.4,305,2007,0.18994112268637856,11,19,0.36666666666666664,30
102,Wake Forest,ACC,15-16,+6.50,107.6,109,101.1,108,70.7,27,+.050,63,+10.47,9,110.6,6,100.2,29,-3.05,230,,ACC,70.7,27,107.6,109,51.4,108,22.1,221,31.7,170,46.9,12,101.1,108,52.7,274,20.4,206,31.5,155,37.8,193,70.7,27,71.5,40,107.6,109,101.7,173,101.1,108,105.5,243,77.1,101,+1.4,87,+1.2,61,+0.2,147,+0.4,116,+0.3,124,-0.5,205,0.75,312,33.4,91,2007,0.6718514813558312,15,16,0.4838709677419355,31
68,Washington,P10,19-13,+12.17,113.2,43,101.0,104,69.2,51,+.018,134,+6.92,58,108.2,52,101.2,65,-5.49,289,,P10,69.2,51,113.2,43,51.5,107,21.8,202,41.7,2,32.9,252,101.0,104,50.6,193,19.1,274,26.4,11,37.3,188,69.2,51,70.2,62,113.2,43,107.5,68,101.0,104,103.3,190,77.4,61,+2.7,35,+1.4,45,+1.3,41,+2.5,7,+0.6,111,-0.5,199,0.84,295,30.8,146,2007,0.787748998006506,19,13,0.59375,32
27,Washington St.,P10,26-8,+18.87,111.7,64,92.8,16,60.0,322,+.004,170,+6.79,61,107.6,64,100.9,55,-4.96,279,3,P10,60.0,322,111.7,64,52.0,87,16.4,6,24.4,320,33.4,244,92.8,16,46.2,36,21.8,133,29.3,68,33.6,102,60.0,322,61.4,319,111.7,64,106.1,93,92.8,16,94.4,22,77.2,83,+1.6,75,+1.5,40,+0.1,152,+1.1,77,-0.2,193,+1.5,82,1.75,93,27.6,243,2007,0.893951573542889,26,8,0.7647058823529411,34
184,Weber St.,BSky,20-12,-2.71,102.1,203,104.8,168,65.2,191,+.098,13,-3.46,205,104.8,143,108.3,314,+1.83,104,15,BSky,65.2,191,102.1,203,53.8,34,23.4,277,29.7,237,52.7,1,104.8,168,50.2,176,20.0,222,31.9,169,32.9,88,65.2,191,67.2,151,102.1,203,103.1,152,104.8,168,103.7,198,77.0,108,-0.0,166,-0.0,168,+0.0,156,+0.0,192,+0.7,102,+1.5,63,0.75,310,33.4,92,2007,0.4255178723166725,20,12,0.625,32
33,West Virginia,BE,27-9,+18.06,116.5,19,98.5,64,63.2,270,+.021,126,+5.32,80,107.0,80,101.7,72,-6.55,304,1,BE,63.2,270,116.5,19,54.7,17,17.0,11,28.4,264,28.2,320,98.5,64,49.3,131,23.8,40,33.7,253,28.8,33,63.2,270,63.6,280,116.5,19,112.3,19,98.5,64,98.1,74,78.4,8,+2.8,32,+1.8,23,+0.9,59,+1.6,32,+1.4,46,+2.5,27,1.15,241,24.7,286,2007,0.8732604144092349,27,9,0.75,36
238,Western Carolina,SC,11-20,-8.33,101.6,208,109.9,268,67.5,97,+.005,165,+0.91,138,104.6,150,103.7,129,+9.56,18,,SC,67.5,97,101.6,208,46.4,282,19.9,88,30.9,195,32.5,261,109.9,268,54.6,317,22.0,117,33.2,236,49.0,321,67.5,97,68.2,105,101.6,208,98.6,230,109.9,268,109.2,303,75.8,253,-1.2,241,-1.1,276,-0.1,179,-1.0,270,-1.4,277,+0.5,152,1.36,191,38.4,21,2007,0.2884211999088291,11,20,0.3548387096774194,31
313,Western Illinois,MCon,7-23,-17.19,92.7,314,109.9,270,63.9,241,-.064,304,-4.60,236,102.9,204,107.5,279,-8.44,320,,MCon,63.9,241,92.7,314,45.8,294,21.8,205,27.6,281,40.0,88,109.9,270,54.3,309,21.6,147,30.7,121,39.9,239,63.9,241,64.2,261,92.7,314,92.6,305,109.9,270,107.9,286,76.1,219,-3.5,323,-1.4,297,-2.1,321,+0.1,183,+1.1,74,+0.5,114,1.26,217,34.8,67,2007,0.12375656760102324,7,23,0.23333333333333334,30
116,Western Kentucky,SB,22-11,+5.21,112.3,56,107.1,216,68.2,75,-.016,215,-3.84,217,103.0,200,106.8,247,+4.41,60,,SB,68.2,75,112.3,56,54.8,14,21.1,167,35.8,56,36.9,158,107.1,216,52.6,272,22.9,64,33.8,257,43.2,284,68.2,75,69.5,81,112.3,56,112.3,17,107.1,216,103.6,197,76.3,196,-0.3,186,-0.1,174,-0.2,209,-0.5,224,+0.0,184,-0.5,202,1.25,220,39.8,16,2007,0.633027085939851,22,11,0.6666666666666666,33
118,Western Michigan,MAC,16-16,+4.75,108.2,104,103.5,148,67.6,89,-.024,243,+2.96,105,105.2,132,102.2,93,+9.34,20,,MAC,67.6,89,108.2,104,50.8,138,22.4,237,30.8,198,47.2,9,103.5,148,50.5,185,19.4,260,29.6,78,33.9,109,67.6,89,68.0,113,108.2,104,103.2,151,103.5,148,102.8,178,75.6,282,-1.4,247,-0.9,247,-0.5,228,-0.6,230,-0.9,262,-2.5,308,1.05,259,34.5,73,2007,0.6249734083410348,16,16,0.5,32
65,Wichita St.,MVC,17-14,+12.42,111.1,70,98.7,73,63.4,263,-.071,310,+8.38,37,109.5,23,101.1,62,+1.66,109,,MVC,63.4,263,111.1,70,52.5,70,18.9,55,30.3,214,36.3,171,98.7,73,49.7,150,20.6,193,27.5,27,33.6,103,63.4,263,63.9,273,111.1,70,107.1,77,98.7,73,101.3,140,75.3,305,-2.5,302,-0.9,250,-1.6,307,-1.6,298,-2.1,324,-0.5,235,1.87,69,34.2,76,2007,0.7959182981889504,17,14,0.5483870967741935,31
196,William & Mary,CAA,15-15,-3.83,102.8,188,106.6,204,63.1,272,+.019,131,-3.77,215,102.0,234,105.8,202,-10.88,332,,CAA,63.1,272,102.8,188,49.6,188,20.7,132,29.6,240,36.5,165,106.6,204,49.4,137,20.2,213,31.7,165,34.1,112,63.1,272,62.4,303,102.8,188,101.9,170,106.6,204,102.8,179,77.2,82,+0.9,108,-0.0,172,+0.9,56,-0.2,201,+1.1,92,+2.5,19,1.45,164,32.2,112,2007,0.39713217309749893,15,15,0.5,30
329,Winston Salem St.,ind,5-24,-21.59,90.1,323,111.7,301,68.0,80,-.032,261,+3.01,104,104.8,142,101.8,78,+2.73,88,,ind,68.0,80,90.1,323,40.7,336,22.7,249,25.3,314,31.3,290,111.7,301,56.5,329,23.2,54,37.7,323,46.5,311,68.0,80,69.6,76,90.1,323,82.1,334,111.7,301,111.3,325,74.7,334,-3.5,324,-2.4,330,-1.1,276,-1.9,323,-2.0,321,-1.5,264,0.00,334,32.4,108,2007,0.07789407394708692,5,24,0.1724137931034483,29
51,Winthrop,BSth,29-5,+14.81,112.9,48,98.0,60,61.9,301,+.055,51,-2.71,191,103.1,197,105.8,199,+15.06,3,11,BSth,61.9,301,112.9,48,54.4,24,19.6,79,34.2,87,34.1,223,98.0,60,47.5,69,20.6,192,25.1,2,32.5,84,61.9,301,66.5,187,112.9,48,110.5,31,98.0,60,95.2,30,76.1,216,+0.3,146,+0.5,104,-0.2,206,-0.3,209,-1.7,285,-3.5,325,1.86,72,32.9,102,2007,0.8358477891219732,29,5,0.8529411764705882,34
8,Wisconsin,B10,30-6,+25.45,115.6,25,90.1,8,63.8,243,+.034,91,+7.78,47,108.1,55,100.3,35,-1.57,184,2,B10,63.8,243,115.6,25,51.6,106,17.4,19,33.3,120,44.9,22,90.1,8,46.3,39,22.3,98,26.7,15,28.1,21,63.8,243,63.2,291,115.6,25,110.9,29,90.1,8,91.6,7,77.3,63,+3.0,18,+2.1,13,+0.9,70,+0.1,162,+0.1,173,+1.1,89,2.05,41,31.2,135,2007,0.9461389370553164,30,6,0.8333333333333334,36
249,Wofford,SC,10-20,-9.41,104.8,156,114.2,324,66.0,159,-.016,218,-0.29,157,103.7,174,104.0,144,+8.54,24,,SC,66.0,159,104.8,156,50.7,140,17.5,21,22.2,330,27.6,327,114.2,324,54.3,312,19.0,276,35.7,307,31.1,61,66.0,159,67.0,159,104.8,156,102.2,166,114.2,324,112.4,331,76.3,194,+0.3,145,+0.2,140,+0.1,153,-1.5,295,-0.8,233,+0.5,139,1.52,148,31.3,133,2007,0.2713425786977279,10,20,0.3333333333333333,30
100,Wright St.,Horz,23-10,+6.66,104.5,165,97.8,59,63.0,281,+.137,2,+0.23,148,105.7,118,105.5,187,-2.57,215,14,Horz,63.0,281,104.5,165,48.9,214,19.1,64,29.1,252,32.2,268,97.8,59,48.6,104,21.9,124,30.9,129,32.6,85,63.0,281,62.4,304,104.5,165,102.4,165,97.8,59,98.7,83,75.6,280,-2.3,292,-1.6,314,-0.7,241,-0.9,250,+0.3,123,-0.5,220,1.96,55,27.0,252,2007,0.6817918516498376,23,10,0.696969696969697,33
130,Wyoming,MWC,17-15,+3.34,109.0,97,105.6,184,68.9,60,+.055,49,+4.08,91,107.2,76,103.1,114,-2.72,218,,MWC,68.9,60,109.0,97,51.0,125,20.7,131,31.1,192,45.1,19,105.6,184,50.3,181,17.9,320,31.8,166,45.8,305,68.9,60,69.6,79,109.0,97,105.2,111,105.6,184,107.3,281,76.9,110,+1.4,84,+0.6,99,+0.9,82,+0.1,156,+0.1,150,+0.5,135,0.91,286,29.9,168,2007,0.5901122366216578,17,15,0.53125,32
32,Xavier,A10,25-9,+18.13,117.3,12,99.2,78,66.2,151,-.047,280,+2.83,108,106.5,96,103.6,126,+3.40,77,9,A10,66.2,151,117.3,12,55.1,9,18.8,51,34.3,85,47.5,8,99.2,78,48.3,96,21.0,174,30.6,114,29.1,34,66.2,151,66.2,197,117.3,12,114.8,5,99.2,78,98.8,84,76.5,166,+1.9,65,+0.5,105,+1.4,34,+2.1,13,+0.9,98,-4.5,333,2.66,3,29.1,201,2007,0.8729572038821902,25,9,0.7352941176470589,34
175,Yale,Ivy,14-13,-2.09,102.6,193,104.7,163,66.3,140,-.017,221,-3.82,216,102.1,231,105.9,210,-0.13,155,,Ivy,66.3,140,102.6,193,51.1,122,22.1,223,30.1,221,42.2,51,104.7,163,52.1,254,21.3,160,26.2,8,38.1,200,66.3,140,65.9,213,102.6,193,101.4,180,104.7,163,100.6,131,77.6,43,+0.5,130,+0.1,146,+0.4,123,+2.1,15,+2.5,16,+1.5,70,1.71,108,37.0,33,2007,0.4420112099306418,14,13,0.5185185185185185,27
181,Youngstown St.,Horz,14-17,-2.57,102.8,189,105.4,180,65.6,175,+.036,85,+2.60,110,106.7,88,104.1,149,+4.51,56,,Horz,65.6,175,102.8,189,47.3,264,20.7,134,32.4,148,36.4,170,105.4,180,49.9,158,17.8,325,33.7,252,26.4,9,65.6,175,65.2,231,102.8,189,99.5,215,105.4,180,106.4,267,76.7,134,-1.4,251,-1.1,278,-0.3,212,+0.1,171,+1.7,40,+2.5,27,2.15,28,23.0,309,2007,0.4286799994265014,14,17,0.45161290322580644,31
