rk,TEAM,CONF,RECORD,KADJ EM,adjo,adjo.rank,adjd,adjd.rank,adjt,adjt.rank,luck,luck.rank,sos-adjem,sos-adjem.rank,sos-oppo,sos-oppo.rank,sos-oppd,sos-oppd.rank,ncsos-adjem,ncsos-adjem.rank,seed,conference,KADJ T,adjtempo.rank,KADJ O,adjoe.rank,off-efg%,off-efg%.rank,off-to%,off-to%.rank,off-or%,off-or%.rank,off-ftrate,off-ftrate.rank,KADJ D,adjde.rank,def-efg%,def-efg%.rank,def-to%,def-to%.rank,def-or%,def-or%.rank,def-ftrate,def-ftrate.rank,tempo-adj,tempo-adj.rank,tempo-raw,tempo-raw.rank,avg. poss length-offense,avg. poss length-offense.rank,avg. poss length-defense,avg. poss length-defense.rank,off. efficiency-adj,off. efficiency-adj.rank,off. efficiency-raw,off. efficiency-raw.rank,def. efficiency-adj,def. efficiency-adj.rank,def. efficiency-raw,def. efficiency-raw.rank,avghgt,avghgt.rank,effhgt,effhgt.rank,c-hgt,c-hgt.rank,pf-hgt,pf-hgt.rank,sf-hgt,sf-hgt.rank,sg-hgt,sg-hgt.rank,pg-hgt,pg-hgt.rank,EXP,experience.rank,bench,bench.rank,CONTINUITY,continuity.rank,YEAR,BARTHAG,W,L,WIN%,GAMES
262,Abilene Christian,Slnd,16-16,-8.66,98.2,298,106.8,205,68.6,155,+.014,141,-6.52,308,101.3,309,107.8,297,-3.16,258,,Slnd,68.6,155,98.2,298,50.4,193,20.3,288,27.3,221,31.5,233,106.8,205,51.4,200,21.6,21,29.7,222,43.2,335,68.6,155,70.6,103,16.4,71,17.7,249,98.2,298,99.6,266,106.8,205,102.8,143,75.6,325,-1.0,297,-0.9,256,-1.1,301,-2.1,339,-0.9,281,-1.2,268,1.70,115,29.3,230,74.8,14,2018,0.2757894049306814,16,16,0.5,32
237,Air Force,MWC,12-19,-6.25,100.5,250,106.8,202,66.0,284,+.022,117,+1.72,106,105.7,115,104.0,105,-5.13,306,,MWC,66.0,284,100.5,250,47.6,310,18.8,214,27.4,220,32.0,220,106.8,202,54.9,321,20.6,46,28.8,180,33.3,176,66.0,284,67.4,267,17.9,226,17.8,271,100.5,250,98.2,289,106.8,202,107.4,256,76.8,164,-1.1,310,-1.8,338,-0.4,225,+0.2,138,+0.5,111,+1.7,39,1.53,174,42.7,10,58.1,104,2018,0.3319891143944608,12,19,0.3870967741935484,31
255,Akron,MAC,14-18,-8.08,101.8,234,109.9,270,67.8,198,+.068,34,-2.06,189,104.5,174,106.5,230,-5.30,310,,MAC,67.8,198,101.8,234,51.5,147,19.9,275,27.4,217,31.4,235,109.9,270,54.1,300,18.6,165,28.4,162,39.1,292,67.8,198,69.0,201,18.2,271,16.9,76,101.8,234,102.0,224,109.9,270,108.9,282,77.0,144,-0.7,262,-0.6,228,-0.8,281,+0.5,117,+0.8,89,+1.0,97,1.21,258,27.5,276,21.6,333,2018,0.29308480403394405,14,18,0.4375,32
57,Alabama,SEC,20-16,+13.41,108.7,106,95.2,20,68.7,151,+.017,130,+11.17,8,110.9,19,99.7,7,+2.54,84,9,SEC,68.7,151,108.7,106,51.9,129,20.3,289,29.3,154,41.9,13,95.2,20,47.8,40,18.7,157,30.9,272,36.5,243,68.7,151,70.1,128,16.7,87,17.6,214,108.7,106,103.0,197,95.2,20,100.9,89,78.1,28,+1.0,54,+0.6,100,+1.5,29,+1.3,40,+2.0,21,+1.1,91,1.00,299,36.6,49,42.1,235,2018,0.8212789047756133,20,16,0.5555555555555556,36
351,Alabama A&M,SWAC,3-28,-28.31,86.6,350,114.9,331,65.8,293,-.040,279,-8.10,332,100.2,333,108.3,318,+4.85,41,,SWAC,65.8,293,86.6,350,45.0,339,24.2,350,30.0,133,31.4,234,114.9,331,54.0,297,16.6,277,32.5,317,29.8,85,65.8,293,68.1,235,19.4,336,16.1,7,86.6,350,88.8,348,114.9,331,111.8,324,75.3,334,-0.8,266,-1.1,293,-0.4,228,-2.0,336,-2.0,334,-1.8,307,0.68,339,39.1,26,39.7,251,2018,0.037263435719209516,3,28,0.0967741935483871,31
339,Alabama St.,SWAC,8-23,-19.86,95.8,322,115.7,337,68.8,145,-.018,228,-9.14,339,99.2,343,108.4,319,+4.68,42,,SWAC,68.8,145,95.8,322,46.5,328,19.9,276,31.9,72,35.2,120,115.7,337,51.9,229,18.3,182,34.7,341,46.6,346,68.8,145,70.5,106,17.4,166,17.0,100,95.8,322,97.0,306,115.7,337,110.8,314,75.9,295,-0.5,234,-0.7,242,-0.2,198,-0.7,267,-1.1,289,-1.8,309,0.90,314,42.8,8,31.9,294,2018,0.10243230373778729,8,23,0.25806451612903225,31
151,Albany,AE,22-10,+1.71,107.1,134,105.4,180,66.2,272,+.007,157,-6.49,306,101.4,307,107.9,300,-5.20,307,,AE,66.2,272,107.1,134,50.5,186,17.5,120,34.6,19,37.0,77,105.4,180,50.6,162,17.0,259,24.3,24,27.1,38,66.2,272,67.0,285,19.1,323,16.8,72,107.1,134,109.2,70,105.4,180,101.3,100,76.5,221,-1.1,311,-1.7,334,-0.5,251,+0.8,90,+0.4,126,-0.3,217,1.80,97,20.4,348,66.9,39,2018,0.5458716296653582,22,10,0.6875,32
336,Alcorn St.,SWAC,11-21,-19.43,95.0,330,114.4,325,68.0,186,-.055,303,-9.05,338,99.6,339,108.7,328,+9.81,6,,SWAC,68.0,186,95.0,330,48.4,283,20.9,317,27.1,226,33.7,165,114.4,325,52.1,238,17.9,210,33.1,323,40.1,304,68.0,186,69.5,167,16.6,82,18.1,310,95.0,330,96.6,315,114.4,325,109.9,292,76.7,190,-0.7,259,-1.2,296,-0.2,196,+0.1,169,+0.0,182,+0.8,120,0.87,319,34.5,91,45.7,210,2018,0.10555435002754497,11,21,0.34375,32
328,American,Pat,6-24,-16.14,95.6,324,111.8,307,66.5,256,-.061,315,-6.16,301,102.1,287,108.3,317,-3.16,257,,Pat,66.5,256,95.6,324,50.6,183,20.4,292,23.8,309,30.4,266,111.8,307,54.9,322,20.4,58,31.3,290,40.8,309,66.5,256,67.2,275,18.9,319,16.9,75,95.6,324,96.8,310,111.8,307,109.4,288,77.1,126,-0.5,232,-0.3,196,-0.6,264,+1.2,42,+0.8,88,+0.5,143,0.62,342,27.1,280,24.0,327,2018,0.14182726633469933,6,24,0.2,30
208,Appalachian St.,SB,15-18,-4.11,103.4,199,107.5,224,70.1,75,-.026,256,-2.58,210,103.0,248,105.6,168,-0.19,162,,SB,70.1,75,103.4,199,49.9,207,18.7,198,29.3,156,36.8,78,107.5,224,51.3,197,17.2,254,25.8,55,36.6,248,70.1,75,71.1,88,16.8,104,17.1,114,103.4,199,102.5,209,107.5,224,105.1,207,77.7,59,+0.8,72,+0.4,123,+1.2,41,+2.0,14,+1.2,51,-0.3,214,1.56,162,31.6,179,59.6,91,2018,0.39002962725132095,15,18,0.45454545454545453,33
28,Arizona,P12,27-8,+17.70,118.0,15,100.4,83,67.1,224,+.036,88,+5.96,68,108.5,65,102.5,73,+2.51,86,4,P12,67.1,224,118.0,15,56.3,16,17.5,121,33.3,44,37.0,75,100.4,83,49.9,119,16.7,276,25.1,40,31.2,122,67.1,224,68.7,212,17.6,192,17.6,215,118.0,15,115.5,10,100.4,83,102.8,140,78.6,9,+3.5,1,+3.8,3,+3.1,3,+0.8,86,+2.1,12,-0.7,239,1.51,183,28.3,255,44.4,218,2018,0.8650061970590233,27,8,0.7714285714285715,35
49,Arizona St.,P12,20-12,+14.13,116.7,18,102.6,123,71.3,43,-.083,340,+5.48,71,107.4,77,101.9,64,+0.94,138,11,P12,71.3,43,116.7,18,53.8,66,14.7,10,27.9,203,41.3,19,102.6,123,50.7,165,20.4,60,30.6,260,32.7,164,71.3,43,72.2,48,15.8,28,17.5,194,116.7,18,113.5,22,102.6,123,103.2,155,76.2,265,+0.1,147,+0.1,154,+0.1,157,-1.2,305,-1.9,323,-0.1,196,2.31,14,25.8,304,50.6,155,2018,0.8146992695399148,20,12,0.625,32
44,Arkansas,SEC,23-12,+14.69,116.3,20,101.7,106,69.7,91,+.059,56,+9.90,25,110.5,28,100.6,27,+0.87,141,7,SEC,69.7,91,116.3,20,53.8,64,15.1,15,28.8,172,37.4,69,101.7,106,50.4,149,19.4,107,31.7,298,40.8,311,69.7,91,71.3,76,15.8,30,18.1,311,116.3,20,111.6,35,101.7,106,105.5,216,77.1,124,+0.8,76,+1.1,58,+0.4,113,-0.2,193,+0.1,152,+0.2,167,1.39,211,34.3,97,58.6,97,2018,0.8238534291421962,23,12,0.6571428571428571,35
329,Arkansas Pine Bluff,SWAC,14-21,-16.45,93.6,339,110.0,275,67.5,211,+.044,68,-9.64,342,98.9,345,108.5,324,+3.38,74,,SWAC,67.5,211,93.6,339,49.6,221,20.6,302,23.4,316,36.6,83,110.0,275,49.2,87,22.7,5,37.8,351,44.7,340,67.5,211,68.4,219,17.6,195,17.9,287,93.6,339,95.3,328,110.0,275,104.1,181,77.2,107,-0.3,219,-0.7,239,+0.0,168,-0.4,226,+1.1,56,+2.2,22,0.86,321,37.6,37,42.8,230,2018,0.13509110248245787,14,21,0.4,35
281,Arkansas St.,SB,11-21,-10.56,104.5,182,115.1,333,69.5,99,+.017,131,-2.27,201,102.9,255,105.1,146,-2.75,242,,SB,69.5,99,104.5,182,49.3,234,18.6,187,30.3,123,33.2,180,115.1,333,56.0,335,18.8,149,31.4,294,35.1,219,69.5,99,70.2,123,16.6,83,17.7,247,104.5,182,102.9,199,115.1,333,112.1,328,75.2,336,-1.5,330,-1.5,324,-1.4,321,-0.8,287,-2.4,340,-1.5,292,0.86,320,38.2,35,47.5,193,2018,0.24767261474529698,11,21,0.34375,32
264,Army,Pat,13-17,-8.69,99.8,259,108.5,245,70.4,67,-.045,284,-7.17,320,101.9,294,109.1,337,-4.75,300,,Pat,70.4,67,99.8,259,52.3,112,18.8,202,27.1,231,24.5,344,108.5,245,52.4,249,19.7,93,27.6,122,38.1,273,70.4,67,71.4,72,15.7,21,18.0,303,99.8,259,103.0,196,108.5,245,104.9,204,76.2,273,-0.2,189,-0.3,200,-0.1,188,-0.5,238,-1.9,323,-0.4,222,1.32,232,26.1,300,67.0,38,2018,0.27663942377987244,13,17,0.43333333333333335,30
23,Auburn,SEC,26-8,+18.69,115.4,26,96.7,37,72.6,18,+.034,94,+7.52,57,108.8,58,101.3,51,-1.86,211,4,SEC,72.6,18,115.4,26,50.8,174,16.4,42,32.1,63,39.8,36,96.7,37,49.7,111,20.7,44,28.0,144,38.1,274,72.6,18,73.4,26,16.5,75,16.4,17,115.4,26,111.5,36,96.7,37,99.9,62,75.8,302,-0.9,283,-1.1,287,-0.7,270,-0.9,296,-0.3,212,-1.8,311,1.42,206,33.4,125,47.2,197,2018,0.8842283823815162,26,8,0.7647058823529411,34
189,Austin Peay,OVC,19-15,-2.09,105.0,172,107.0,211,69.2,115,+.052,60,-2.74,215,103.1,244,105.8,182,+4.27,54,,OVC,69.2,115,105.0,172,49.9,204,19.8,272,34.8,15,35.9,98,107.0,211,54.0,296,22.1,11,29.0,195,39.9,299,69.2,115,69.3,183,17.8,219,16.8,66,105.0,172,103.6,179,107.0,211,104.8,201,75.2,338,-2.0,347,-2.2,349,-1.8,333,-0.2,206,-1.5,309,-2.2,327,1.02,297,31.2,190,22.3,331,2018,0.4459649551653728,19,15,0.5588235294117647,34
73,BYU,WCC,24-11,+10.32,108.3,110,98.0,54,67.9,190,+.006,162,+0.54,128,106.4,101,105.9,185,-2.08,218,6,WCC,67.9,190,108.3,110,54.1,49,16.8,66,22.5,329,37.6,66,98.0,54,51.3,198,18.5,168,22.8,13,28.4,53,67.9,190,67.9,244,17.2,145,18.2,316,108.3,110,108.4,84,98.0,54,98.7,37,77.2,123,+0.3,120,+0.1,155,+0.6,99,+0.6,99,+0.9,77,-0.5,225,1.39,212,26.1,299,37.7,262,2018,0.7593799782751357,24,11,0.6857142857142857,35
173,Ball St.,MAC,19-13,-0.08,103.3,202,103.3,141,69.9,83,+.060,55,-2.07,192,104.7,163,106.7,245,-1.46,195,,MAC,69.9,83,103.3,202,51.4,154,18.4,170,28.0,199,33.2,179,103.3,141,49.4,93,16.7,275,27.5,114,30.0,93,69.9,83,71.1,87,16.7,92,17.1,105,103.3,202,104.0,171,103.3,141,102.8,141,77.2,122,+0.0,157,-0.4,205,+0.4,111,+1.0,65,+0.1,171,+0.6,138,2.04,49,32.3,158,65.7,45,2018,0.5,19,13,0.59375,32
34,Baylor,B12,19-15,+16.02,111.5,62,95.5,23,66.7,249,-.079,335,+10.02,23,110.9,17,100.9,38,-3.78,282,1,B12,66.7,249,111.5,62,51.8,136,19.8,269,35.5,9,32.2,212,95.5,23,47.7,37,17.2,253,29.7,226,30.2,98,66.7,249,68.3,224,18.1,253,17.3,150,111.5,62,107.9,95,95.5,23,100.5,80,77.9,38,+2.1,13,+2.2,20,+2.0,15,+1.1,55,+1.2,54,-0.9,248,1.61,147,33.3,130,56.6,118,2018,0.8558611333860501,19,15,0.5588235294117647,34
83,Belmont,OVC,24-9,+9.15,112.7,56,103.5,146,66.9,240,-.004,184,-3.22,237,103.1,238,106.4,215,+1.45,116,,OVC,66.9,240,112.7,56,58.8,3,18.1,155,25.2,286,27.9,318,103.5,146,48.9,69,16.9,264,25.7,52,26.8,34,66.9,240,68.5,216,17.5,187,17.6,220,112.7,56,113.5,21,103.5,146,101.0,91,77.4,86,+0.7,83,+0.5,106,+0.9,73,+1.1,57,-0.0,185,+0.4,159,2.03,50,25.4,312,59.6,92,2018,0.7269722357177651,24,9,0.7272727272727273,33
288,Bethune Cookman,MEAC,18-14,-11.05,99.5,262,110.6,288,76.0,3,+.025,112,-13.38,351,97.2,351,110.6,350,-5.09,304,,MEAC,76.0,3,99.5,262,49.5,229,20.3,290,32.9,49,41.2,20,110.6,288,48.6,58,17.6,228,30.5,251,38.2,276,76.0,3,77.4,3,15.2,11,16.1,9,99.5,262,103.5,184,110.6,288,103.0,149,76.5,230,-0.9,284,-1.0,263,-0.8,281,+0.5,106,+1.1,68,-1.5,297,0.76,329,31.4,183,32.9,288,2018,0.2285938594386635,18,14,0.5625,32
297,Binghamton,AE,11-20,-11.93,97.4,307,109.4,262,66.1,280,-.061,316,-6.88,315,101.0,319,107.9,299,-8.65,339,,AE,66.1,280,97.4,307,49.7,219,18.3,168,25.9,264,30.0,277,109.4,262,51.6,218,17.0,260,26.7,80,32.4,156,66.1,280,67.0,287,17.6,198,18.2,315,97.4,307,99.2,275,109.4,262,105.2,212,76.5,220,-0.4,220,-0.1,180,-0.6,258,-0.6,249,+0.0,184,-0.0,187,2.18,26,31.6,178,62.9,69,2018,0.2081482189045261,11,20,0.3548387096774194,31
61,Boise St.,MWC,23-9,+12.90,109.9,82,97.0,42,68.8,141,-.006,192,+2.23,102,106.6,96,104.3,115,-1.95,215,4,MWC,68.8,141,109.9,82,53.8,66,18.9,216,29.4,153,31.0,250,97.0,42,48.8,65,16.4,288,18.4,1,29.5,75,68.8,141,70.4,110,17.4,172,16.8,63,109.9,82,108.2,90,97.0,42,96.9,19,78.0,34,+1.5,32,+1.6,39,+1.4,33,+1.6,22,+1.0,72,+0.2,173,2.07,46,30.9,198,49.4,170,2018,0.807817178348525,23,9,0.71875,32
77,Boston College,ACC,19-16,+10.21,113.1,52,102.9,128,70.2,73,+.004,166,+8.49,48,109.1,53,100.6,28,-7.11,335,5,ACC,70.2,73,113.1,52,52.1,120,17.8,134,29.4,143,30.7,257,102.9,128,51.8,225,17.5,232,26.6,78,27.1,36,70.2,73,70.2,122,16.6,80,17.7,246,113.1,52,107.8,96,102.9,128,105.7,223,78.1,26,+1.5,31,+1.6,36,+1.4,32,+0.8,85,+2.1,12,+0.7,128,1.54,170,16.8,350,52.9,139,2018,0.7478012021473333,19,16,0.5428571428571428,35
258,Boston University,Pat,15-16,-8.21,100.2,255,108.4,240,67.5,208,+.057,58,-5.49,290,102.2,286,107.7,289,-2.35,226,,Pat,67.5,208,100.2,255,52.8,93,20.1,286,28.3,190,32.8,194,108.4,240,52.8,268,20.1,73,29.6,220,30.0,91,67.5,208,68.7,211,17.9,227,17.3,148,100.2,255,101.6,233,108.4,240,105.4,215,77.5,73,-0.1,175,-0.5,219,+0.2,135,+0.7,94,+1.7,31,+1.6,42,1.31,233,37.1,45,49.4,169,2018,0.28810840007012267,15,16,0.4838709677419355,31
232,Bowling Green,MAC,16-16,-6.04,102.0,231,108.1,233,70.0,76,+.066,39,-2.61,214,103.8,199,106.5,224,-4.63,298,,MAC,70.0,76,102.0,231,47.3,318,17.6,125,29.7,138,36.6,82,108.1,233,52.3,245,16.8,271,26.5,73,32.0,142,70.0,76,71.6,61,17.0,119,16.5,30,102.0,231,102.0,225,108.1,233,107.1,250,76.4,232,+0.1,142,+0.6,95,-0.4,224,-0.6,250,-0.0,186,-1.4,289,1.06,291,34.0,109,50.7,154,2018,0.3389526653293678,16,16,0.5,32
124,Bradley,MVC,20-13,+3.98,104.4,184,100.4,84,65.8,292,+.042,73,+1.07,120,104.7,161,103.6,94,-4.52,297,,MVC,65.8,292,104.4,184,48.9,259,20.0,280,31.3,88,37.8,61,100.4,84,47.7,39,20.3,63,29.0,194,35.6,229,65.8,292,66.0,323,17.4,167,18.9,350,104.4,184,101.8,229,100.4,84,98.9,38,76.8,163,+0.1,143,+0.1,150,+0.2,140,+0.9,71,+0.7,96,-1.6,305,1.68,126,32.7,148,69.9,28,2018,0.6104670551419912,20,13,0.6060606060606061,33
267,Brown,Ivy,11-16,-9.16,100.8,246,110.0,274,71.7,33,+.004,167,-5.54,293,102.4,278,108.0,304,-7.07,334,,Ivy,71.7,33,100.8,246,48.5,282,18.4,173,29.4,149,40.4,32,110.0,274,54.4,310,19.3,115,26.7,79,40.0,300,71.7,33,72.5,42,15.7,25,17.4,190,100.8,246,102.6,207,110.0,274,107.1,251,76.1,277,-1.7,339,-1.6,325,-1.8,334,-0.7,258,-0.3,216,+0.7,129,0.93,307,30.3,206,38.0,260,2018,0.26807071101177243,11,16,0.4074074074074074,27
344,Bryant,NEC,3-28,-22.06,98.7,283,120.7,350,70.1,74,-.013,210,-5.30,287,101.9,293,107.2,268,+1.28,124,,NEC,70.1,74,98.7,283,47.9,300,18.2,158,26.2,254,27.8,320,120.7,350,57.6,347,17.8,217,34.1,338,33.0,170,70.1,74,70.9,94,16.5,77,17.3,169,98.7,283,98.4,286,120.7,350,117.1,347,75.7,311,-1.0,301,-1.7,332,-0.3,219,-1.4,316,-1.6,313,-0.4,220,1.48,192,35.3,74,59.0,94,2018,0.08996465330583558,3,28,0.0967741935483871,31
97,Bucknell,Pat,25-10,+7.31,109.5,90,102.2,116,71.4,40,+.006,160,-4.35,268,102.8,260,107.1,264,+5.79,31,14,Pat,71.4,40,109.5,90,53.9,57,17.0,76,27.0,234,42.5,11,102.2,116,47.8,41,17.0,258,27.5,117,34.5,212,71.4,40,72.4,44,16.1,52,17.2,139,109.5,90,110.5,48,102.2,116,99.5,56,77.0,139,+0.8,73,+0.7,88,+0.8,75,+1.0,66,-0.3,221,-1.0,257,2.14,32,35.1,81,77.4,7,2018,0.6885647746137584,25,10,0.7142857142857143,35
67,Buffalo,MAC,27-9,+11.53,114.7,34,103.2,135,72.7,16,+.006,158,-0.06,140,105.1,145,105.2,147,+3.87,62,13,MAC,72.7,16,114.7,34,54.8,29,16.5,44,31.9,71,29.9,280,103.2,135,48.8,66,18.1,193,29.1,202,39.5,297,72.7,16,73.7,20,14.8,5,18.0,291,114.7,34,113.7,17,103.2,135,103.2,154,76.6,211,+0.2,126,+0.1,152,+0.4,112,-1.3,309,-0.4,224,+0.1,183,1.53,173,29.3,229,43.5,226,2018,0.7711804105254045,27,9,0.75,36
20,Butler,BE,21-14,+19.05,116.2,22,97.2,45,67.6,207,-.047,290,+11.21,7,112.0,1,100.8,34,+0.11,154,10,BE,67.6,207,116.2,22,54.0,54,15.7,28,27.6,214,26.1,335,97.2,45,51.9,227,19.5,106,24.6,30,35.3,226,67.6,207,69.5,168,17.5,174,17.1,103,116.2,22,111.3,38,97.2,45,102.4,127,76.7,201,-0.1,167,-0.2,187,+0.1,164,-0.3,217,-0.8,265,+0.6,136,1.65,135,30.3,207,50.4,157,2018,0.886274042093465,21,14,0.6,35
325,Cal Poly,BW,9-22,-14.98,98.2,294,113.2,320,66.2,270,+.051,63,-1.41,175,103.8,201,105.2,148,+0.51,146,,BW,66.2,270,98.2,294,46.6,327,17.4,106,24.7,295,26.7,332,113.2,320,53.2,278,16.3,300,29.5,215,34.6,214,66.2,270,66.9,291,18.6,302,17.4,192,98.2,294,96.8,312,113.2,320,111.3,321,76.5,223,+0.9,63,+0.4,118,+1.4,34,+0.7,92,-1.8,322,-2.1,322,1.13,279,39.1,25,55.4,126,2018,0.16318418918048963,9,22,0.2903225806451613,31
242,Cal St. Bakersfield,WAC,12-18,-6.65,97.3,308,103.9,157,65.3,314,-.024,246,+0.64,127,105.5,124,104.9,132,+4.67,43,,WAC,65.3,314,97.3,308,46.5,329,20.7,305,30.7,112,34.8,133,103.9,157,50.5,154,19.2,120,28.6,174,44.6,339,65.3,314,67.2,272,18.6,309,17.1,127,97.3,308,95.4,327,103.9,157,104.0,179,75.9,288,-0.4,226,+0.9,73,-1.7,330,-0.9,295,-0.8,260,-1.8,310,1.21,257,33.2,133,41.3,242,2018,0.31978849715956204,12,18,0.4,30
162,Cal St. Fullerton,BW,20-12,+0.62,103.7,192,103.1,133,69.6,98,+.097,14,-1.20,167,103.8,204,105.0,139,+2.76,83,15,BW,69.6,98,103.7,192,51.6,141,20.7,307,26.0,258,45.6,2,103.1,133,48.2,44,18.2,185,28.9,192,35.2,224,69.6,98,69.7,153,16.9,109,17.6,224,103.7,192,101.9,228,103.1,133,101.7,109,76.7,197,-1.1,312,-1.2,302,-1.0,298,-1.0,301,+0.1,152,+2.5,11,1.43,201,27.1,279,60.5,87,2018,0.5166766440481666,20,12,0.625,32
330,Cal St. Northridge,BW,6-24,-16.46,96.7,313,113.2,319,65.8,290,-.047,289,-3.23,238,102.8,262,106.0,194,-3.50,275,,BW,65.8,290,96.7,313,47.7,308,18.3,167,23.3,317,28.3,310,113.2,319,52.6,261,16.4,289,32.7,320,32.8,165,65.8,290,66.6,301,18.3,283,17.8,259,96.7,313,96.2,321,113.2,319,110.8,312,75.9,289,-0.2,186,-0.3,193,-0.1,187,-0.1,182,-0.1,195,-3.8,347,1.19,262,26.3,293,36.5,267,2018,0.1404277478384809,6,24,0.2,30
244,California,P12,8-24,-7.27,98.2,296,105.4,181,68.7,154,+.008,155,+5.14,72,108.9,56,103.8,95,-3.08,253,,P12,68.7,154,98.2,296,44.5,343,20.8,314,34.8,13,38.1,56,105.4,181,54.5,312,19.7,91,30.6,255,38.4,282,68.7,154,70.4,109,17.4,168,16.9,81,98.2,296,95.3,329,105.4,181,108.7,278,78.5,11,+2.5,7,+3.2,7,+1.8,20,+1.0,61,+0.1,152,+2.4,20,0.82,324,26.4,292,16.9,344,2018,0.3071028561964946,8,24,0.25,32
218,Campbell,BSth,18-16,-5.01,105.8,155,110.8,294,68.0,184,-.057,307,-7.30,323,100.6,329,107.9,303,-8.04,338,,BSth,68.0,184,105.8,155,54.6,36,17.2,93,20.8,340,34.0,156,110.8,294,52.0,231,17.3,243,26.5,74,32.5,158,68.0,184,68.1,237,17.8,212,17.7,243,105.8,155,107.6,99,110.8,294,105.8,227,75.7,309,-0.8,272,-1.6,330,-0.0,172,-0.7,266,-0.2,205,-2.7,335,1.96,61,25.4,311,82.7,2,2018,0.37027740449385055,18,16,0.5294117647058824,34
131,Canisius,MAAC,21-12,+3.05,107.2,133,104.1,159,68.9,131,-.034,270,-4.82,281,102.4,281,107.2,265,-2.89,247,,MAAC,68.9,131,107.2,133,54.2,46,18.7,189,29.9,134,29.9,278,104.1,159,50.5,151,21.6,22,30.4,249,37.2,261,68.9,131,69.9,143,17.4,165,17.1,116,107.2,133,108.6,81,104.1,159,101.0,92,76.9,161,-0.2,195,-0.1,160,-0.5,236,+0.4,122,+1.9,24,-1.5,300,1.18,264,28.7,246,46.0,209,2018,0.5835731858595191,21,12,0.6363636363636364,33
213,Central Arkansas,Slnd,18-17,-4.41,105.4,164,109.8,268,72.7,17,+.001,174,-5.45,289,100.7,328,106.1,201,-2.23,223,,Slnd,72.7,17,105.4,164,51.7,138,18.3,169,27.2,224,36.1,96,109.8,268,50.9,177,19.0,129,33.1,324,37.9,270,72.7,17,74.2,16,15.9,33,16.4,27,105.4,164,105.5,132,109.8,268,105.6,219,76.2,269,+0.0,159,+1.4,45,-1.4,318,+0.2,139,-1.9,332,-1.5,292,2.16,30,29.6,222,59.7,90,2018,0.3845391413226218,18,17,0.5142857142857142,35
310,Central Connecticut,NEC,14-18,-12.85,98.0,300,110.8,296,64.5,329,+.066,38,-7.33,325,100.9,323,108.2,313,-3.69,281,,NEC,64.5,329,98.0,300,51.0,167,21.8,337,31.1,94,32.6,199,110.8,296,51.2,195,16.6,279,28.3,157,30.1,96,64.5,329,66.4,314,19.3,331,17.0,95,98.0,300,100.1,259,110.8,296,106.3,239,76.8,176,-0.4,223,-0.8,244,+0.0,169,+0.1,166,+0.3,136,+0.3,165,1.49,191,28.9,240,49.0,174,2018,0.19596103399135836,14,18,0.4375,32
168,Central Michigan,MAC,21-15,+0.13,110.1,79,109.9,272,67.6,205,-.022,234,-3.15,233,103.4,226,106.5,231,-9.32,340,,MAC,67.6,205,110.1,79,51.0,166,17.1,80,31.1,95,33.7,164,109.9,272,52.5,257,17.9,212,31.0,276,27.2,40,67.6,205,68.3,223,17.6,190,17.8,257,110.1,79,110.2,54,109.9,272,107.3,254,76.8,185,-0.3,204,-0.2,189,-0.3,221,+0.4,126,+0.6,105,-0.6,237,1.57,159,26.6,290,48.9,176,2018,0.5052270837328118,21,15,0.5833333333333334,36
246,Charleston Southern,BSth,15-16,-7.43,99.4,265,106.8,206,66.5,262,-.019,232,-6.06,299,102.3,282,108.4,320,-1.08,186,,BSth,66.5,262,99.4,265,49.0,257,19.5,256,30.2,126,31.3,240,106.8,206,53.9,295,22.1,12,28.1,150,35.1,218,66.5,262,66.7,298,17.9,244,18.2,319,99.4,265,101.1,241,106.8,206,104.2,184,76.8,165,-1.0,306,-1.2,304,-0.8,281,-0.0,176,+1.1,56,+1.1,88,0.97,301,37.2,44,44.1,223,2018,0.30454089119021527,15,16,0.4838709677419355,31
308,Charlotte,CUSA,6-23,-12.81,99.3,267,112.1,312,71.2,48,-.024,245,+0.17,135,104.6,168,104.4,118,-3.21,262,,CUSA,71.2,48,99.3,267,48.3,285,20.6,301,26.2,251,38.9,45,112.1,312,54.7,317,17.6,227,28.8,181,31.7,135,71.2,48,71.8,57,16.1,46,17.4,180,99.3,267,96.6,314,112.1,312,111.2,320,77.6,65,+0.4,108,+0.3,124,+0.5,107,+1.5,27,+0.1,152,+1.6,47,1.57,160,34.7,87,51.3,149,2018,0.1987179971246902,6,23,0.20689655172413793,29
304,Chattanooga,SC,10-23,-12.53,99.2,271,111.8,304,65.5,308,-.024,243,-3.39,240,103.4,227,106.8,246,-2.10,219,,SC,65.5,308,99.2,271,50.1,201,20.6,300,26.7,242,34.6,136,111.8,304,55.3,327,19.2,121,27.7,127,27.9,46,65.5,308,67.2,274,19.2,327,16.6,45,99.2,271,98.8,283,111.8,304,109.2,286,75.8,306,-0.9,282,+0.2,138,-1.9,336,-1.9,335,-1.9,323,+0.5,143,0.72,334,25.6,306,29.6,309,2018,0.20179779337791212,10,23,0.30303030303030304,33
346,Chicago St.,WAC,3-29,-22.59,96.5,315,119.1,348,72.1,26,-.063,317,+2.85,93,106.1,107,103.3,87,+6.32,26,,WAC,72.1,26,96.5,315,44.6,342,20.9,322,25.5,273,31.6,231,119.1,348,59.1,350,18.2,187,34.6,340,41.2,316,72.1,26,72.8,33,16.9,117,16.0,5,96.5,315,89.7,347,119.1,348,120.8,350,76.6,208,-1.1,313,-1.0,264,-1.2,311,-0.6,242,+0.6,101,+1.2,79,0.92,311,42.0,11,36.6,266,2018,0.08167260130741175,3,29,0.09375,32
4,Cincinnati,Amer,31-5,+26.60,113.4,49,86.8,2,64.5,330,-.019,230,+3.46,87,106.9,89,103.4,90,-4.21,294,2,Amer,64.5,330,113.4,49,51.2,159,17.0,79,38.5,2,36.0,97,86.8,2,43.3,2,21.6,20,28.2,156,26.8,33,64.5,330,66.1,321,17.9,242,18.5,338,113.4,49,112.3,28,86.8,2,87.4,1,77.5,80,+0.8,74,+0.4,121,+1.1,51,+1.0,64,+2.1,12,-1.4,287,2.16,29,34.5,93,65.7,46,2018,0.9558125012781543,31,5,0.8611111111111112,36
14,Clemson,ACC,25-10,+21.65,114.2,44,92.6,7,66.1,274,-.009,203,+10.22,20,110.6,26,100.4,23,-1.91,214,5,ACC,66.1,274,114.2,44,52.9,88,17.4,109,27.2,223,33.5,169,92.6,7,47.2,29,17.4,241,26.3,68,27.2,39,66.1,274,67.5,263,17.7,207,17.9,282,114.2,44,108.5,83,92.6,7,97.1,20,77.4,88,+0.4,107,-0.1,174,+0.9,69,-0.7,264,+0.1,152,+2.5,11,2.06,48,29.0,234,49.8,165,2018,0.9176709445050696,25,10,0.7142857142857143,35
300,Cleveland St.,Horz,12-23,-12.14,97.9,302,110.0,277,67.1,231,+.032,96,-3.64,247,102.8,258,106.5,226,-1.36,192,,Horz,67.1,231,97.9,302,50.6,182,18.9,215,22.1,333,29.4,286,110.0,277,53.0,271,19.5,102,33.2,325,31.0,119,67.1,231,68.9,204,17.5,179,17.6,217,97.9,302,97.7,299,110.0,277,108.7,277,76.7,196,-0.2,179,-0.5,213,+0.1,159,-0.1,190,-0.1,187,-0.0,189,1.52,177,35.7,61,49.5,168,2018,0.20748721958042288,12,23,0.34285714285714286,35
209,Coastal Carolina,SB,14-18,-4.19,101.8,235,105.9,189,67.8,194,-.052,299,-2.25,200,103.5,215,105.8,180,+0.76,142,,SB,67.8,194,101.8,235,49.0,256,22.0,342,34.2,26,38.8,46,105.9,189,49.6,104,18.0,204,28.4,163,40.2,305,67.8,194,68.8,210,18.0,251,17.1,122,101.8,235,101.4,236,105.9,189,103.8,173,76.8,181,-0.1,171,-0.7,233,+0.5,106,-0.7,255,+0.2,150,+0.5,143,1.18,266,32.7,149,50.0,162,2018,0.3883913367511506,14,18,0.4375,32
202,Colgate,Pat,19-14,-3.72,105.0,170,108.7,252,66.6,254,+.030,100,-6.25,303,101.7,298,108.0,305,-2.44,230,,Pat,66.6,254,105.0,170,51.4,150,16.4,41,25.7,266,29.0,298,108.7,252,53.2,277,19.5,105,27.6,120,29.3,70,66.6,254,67.2,279,18.1,262,17.8,265,105.0,170,106.6,111,108.7,252,105.2,211,76.7,195,+0.2,135,-0.5,218,+0.8,76,-0.2,204,-0.8,265,+0.2,171,1.91,68,28.7,248,69.4,30,2018,0.40173007937164285,19,14,0.5757575757575758,33
115,College of Charleston,CAA,26-8,+5.16,108.7,105,103.6,149,64.9,323,+.035,91,-4.06,257,104.8,153,108.9,332,-7.64,337,13,CAA,64.9,323,108.7,105,52.7,94,15.1,16,25.5,276,36.6,84,103.6,149,49.9,120,17.8,219,27.9,139,32.1,144,64.9,323,66.2,320,17.9,239,18.6,341,108.7,105,110.9,46,103.6,149,102.9,146,76.8,171,-0.3,198,-0.1,176,-0.4,229,-0.8,271,+0.7,98,+0.7,131,2.76,1,26.0,301,86.4,1,2018,0.6347447069087736,26,8,0.7647058823529411,34
114,Colorado,P12,17-15,+5.27,104.9,173,99.6,77,67.8,197,+.068,36,+6.26,67,110.1,32,103.8,99,-0.09,160,,P12,67.8,197,104.9,173,50.6,185,20.0,281,29.4,152,33.3,177,99.6,77,49.3,90,15.1,330,26.3,67,34.0,199,67.8,197,69.5,171,17.4,171,17.3,160,104.9,173,102.4,218,99.6,77,104.0,180,77.6,70,+0.9,64,+1.6,38,+0.2,140,+1.2,51,+0.9,79,-0.1,199,1.27,243,39.7,20,33.6,283,2018,0.6447913778377682,17,15,0.53125,32
224,Colorado St.,MWC,11-21,-5.66,102.6,214,108.3,237,69.6,97,+.037,86,+3.92,80,107.1,85,103.2,85,+1.14,129,,MWC,69.6,97,102.6,214,47.5,314,18.8,204,30.6,113,33.8,159,108.3,237,53.7,291,17.4,239,28.1,149,35.9,233,69.6,97,71.4,73,17.8,214,16.1,6,102.6,214,99.5,269,108.3,237,109.9,293,77.4,81,+0.7,82,+1.1,56,+0.3,124,-0.2,199,+0.1,152,+1.8,29,1.16,272,34.2,100,46.5,205,2018,0.34937830759204197,11,21,0.34375,32
231,Columbia,Ivy,8-19,-6.01,107.3,128,113.3,321,70.0,80,-.146,351,-3.50,242,102.7,263,106.2,206,-1.21,188,,Ivy,70.0,80,107.3,128,52.4,109,17.8,135,27.0,233,24.5,346,113.3,321,54.2,303,18.2,188,29.4,209,32.0,143,70.0,80,70.9,95,16.4,66,17.6,222,107.3,128,106.6,115,113.3,321,110.2,300,76.0,283,-0.0,164,+0.5,109,-0.6,255,-0.9,292,-1.8,319,-1.4,285,1.34,228,33.3,128,54.1,133,2018,0.34848142881295174,8,19,0.2962962962962963,27
179,Connecticut,Amer,14-18,-0.43,105.0,171,105.4,178,67.0,236,+.075,26,+5.89,69,107.7,74,101.8,61,+4.87,40,,Amer,67.0,236,105.0,171,47.5,315,18.5,176,29.4,144,32.4,207,105.4,178,51.1,187,18.3,178,32.7,319,33.9,196,67.0,236,67.2,280,17.8,213,17.9,289,105.0,171,100.0,261,105.4,178,107.3,255,77.1,132,+0.4,114,-0.4,209,+1.2,41,-0.1,181,-0.6,252,+1.2,77,1.80,95,28.7,243,33.3,285,2018,0.48907016931470776,14,18,0.4375,32
347,Coppin St.,MEAC,5-27,-23.97,86.5,351,110.5,284,67.1,232,-.026,253,-7.19,321,100.8,325,108.0,307,+5.62,32,,MEAC,67.1,232,86.5,351,43.3,348,20.5,296,22.3,331,27.2,328,110.5,284,49.2,85,17.9,208,31.9,304,37.6,265,67.1,232,69.2,190,18.3,284,16.6,47,86.5,351,86.3,351,110.5,284,106.0,230,76.6,206,-1.0,302,-1.4,318,-0.6,261,+0.2,137,-0.3,217,+1.2,80,0.83,323,40.0,18,17.8,342,2018,0.056464720411684884,5,27,0.15625,32
265,Cornell,Ivy,12-16,-8.90,104.7,177,113.6,324,69.2,117,+.057,57,-3.19,235,103.5,224,106.6,235,-1.84,209,,Ivy,69.2,117,104.7,177,52.5,106,18.5,175,24.4,300,35.1,124,113.6,324,53.3,283,15.7,314,30.3,245,28.8,61,69.2,117,70.3,119,16.7,96,17.6,223,104.7,177,104.1,167,113.6,324,111.8,325,76.6,204,-0.6,249,-1.1,267,-0.1,178,-0.2,205,-0.8,265,+1.4,72,1.24,248,31.5,181,45.2,213,2018,0.28125994012390876,12,16,0.42857142857142855,28
30,Creighton,BE,21-12,+16.91,115.5,25,98.6,58,70.8,57,-.028,259,+9.40,33,110.8,21,101.4,54,-4.20,292,8,BE,70.8,57,115.5,25,57.4,9,15.6,22,22.5,327,26.5,333,98.6,58,50.1,138,15.8,313,24.6,29,24.8,13,70.8,57,72.8,34,15.1,10,17.9,284,115.5,25,113.4,23,98.6,58,102.3,121,77.3,101,+0.4,118,+0.8,77,-0.1,186,-0.8,284,+0.1,152,+2.4,19,1.76,103,35.5,71,52.4,145,2018,0.860481101270381,21,12,0.6363636363636364,33
299,Dartmouth,Ivy,7-20,-12.09,98.5,287,110.6,289,66.8,245,-.043,282,-3.61,246,103.5,218,107.1,262,-2.86,246,,Ivy,66.8,245,98.5,287,51.4,155,20.0,279,24.0,306,32.8,195,110.6,289,54.5,311,18.1,191,27.2,104,25.6,19,66.8,245,67.8,250,18.4,295,17.1,113,98.5,287,99.6,267,110.6,289,109.0,284,77.1,133,-0.5,247,-0.5,222,-0.5,250,-0.1,180,+0.9,84,+1.6,45,1.38,213,30.3,208,39.1,253,2018,0.2087575797881597,7,20,0.25925925925925924,27
43,Davidson,A10,21-12,+14.70,117.0,16,102.3,120,64.5,332,-.063,318,+2.11,104,105.6,116,103.5,91,+1.33,121,12,A10,64.5,332,117.0,16,57.4,10,14.5,7,22.6,324,24.6,343,102.3,120,51.2,193,16.2,303,23.4,18,29.6,79,64.5,332,65.2,332,18.7,314,18.2,320,117.0,16,115.8,9,102.3,120,102.5,130,78.1,24,+0.9,59,+0.9,72,+1.0,65,+0.8,89,+1.6,33,+2.4,18,2.08,43,24.2,328,65.4,49,2018,0.8240511116839799,21,12,0.6363636363636364,33
172,Dayton,A10,14-17,+0.02,108.4,109,108.3,238,66.3,267,-.004,185,+1.36,110,105.6,120,104.2,110,+1.38,118,,A10,66.3,267,108.4,109,55.5,21,20.2,287,25.5,277,31.8,226,108.3,238,54.4,308,18.4,175,27.6,121,29.2,67,66.3,267,67.0,288,18.1,260,17.8,261,108.4,109,106.2,124,108.3,238,108.2,271,76.8,172,-0.5,236,-0.5,214,-0.5,248,+0.2,139,+0.1,175,+0.7,124,1.17,269,24.4,326,25.1,320,2018,0.5026534132117229,14,17,0.45161290322580644,31
99,DePaul,BE,11-20,+7.03,104.5,183,97.5,49,69.8,89,-.103,348,+9.79,28,111.2,12,101.5,56,-4.14,291,,BE,69.8,89,104.5,183,47.9,302,19.4,250,32.9,50,29.4,288,97.5,49,52.0,234,20.2,72,28.1,148,32.3,150,69.8,89,71.2,78,16.7,90,17.2,131,104.5,183,100.6,248,97.5,49,103.0,150,78.4,16,+0.9,65,+1.3,48,+0.5,110,+1.2,42,+2.8,5,+2.1,24,1.61,146,25.1,316,48.4,185,2018,0.6894071155760156,11,20,0.3548387096774194,31
247,Delaware,CAA,14-19,-7.57,102.0,232,109.6,267,65.9,285,+.015,139,-2.54,209,105.0,146,107.6,280,-3.38,267,,CAA,65.9,285,102.0,232,50.3,197,15.8,29,26.0,256,34.4,146,109.6,267,52.9,270,14.9,334,26.2,66,29.6,80,65.9,285,66.5,305,19.3,335,16.9,80,102.0,232,103.5,181,109.6,267,109.5,290,76.6,217,-0.8,270,-0.3,202,-1.2,312,-0.1,192,-0.2,200,+0.7,127,1.54,171,24.1,331,63.1,67,2018,0.3043978195737484,14,19,0.42424242424242425,33
350,Delaware St.,MEAC,4-28,-27.94,90.3,344,118.3,344,64.9,322,-.094,344,-9.20,340,99.6,341,108.8,331,+1.72,111,,MEAC,64.9,322,90.3,344,47.3,319,22.7,345,29.2,159,28.5,305,118.3,344,55.9,333,18.2,190,33.8,335,35.8,232,64.9,322,66.9,292,19.6,342,16.3,15,90.3,344,92.9,337,118.3,344,115.4,342,77.0,134,+0.6,94,+0.5,105,+0.6,96,+0.8,88,+0.5,113,-1.2,265,0.93,306,35.2,78,32.5,291,2018,0.04286074292251165,4,28,0.125,32
210,Denver,Sum,15-15,-4.23,102.6,217,106.8,203,66.4,265,+.026,109,-2.09,194,104.6,169,106.6,236,-3.34,264,,Sum,66.4,265,102.6,217,52.4,108,21.8,336,30.7,111,32.8,193,106.8,203,51.3,196,15.7,317,24.9,35,37.0,258,66.4,265,68.2,230,18.0,250,17.3,157,102.6,217,102.9,200,106.8,203,106.3,237,77.4,84,-0.1,168,+0.2,139,-0.3,217,+0.5,112,+1.0,71,+1.8,32,1.82,89,29.6,223,66.0,44,2018,0.3866585175412338,15,15,0.5,30
319,Detroit,Horz,8-24,-14.20,102.6,215,116.8,342,72.4,21,-.011,208,-2.07,191,103.6,213,105.7,173,+4.64,45,,Horz,72.4,21,102.6,215,49.1,248,18.2,162,27.0,232,31.1,243,116.8,342,56.7,342,17.2,249,31.4,293,37.5,263,72.4,21,74.5,15,16.1,45,16.3,16,102.6,215,101.1,242,116.8,342,115.1,341,76.3,261,+0.3,121,-0.1,160,+0.7,90,-0.5,234,-1.1,292,-1.7,306,1.48,194,35.0,85,48.5,184,2018,0.18381832235054676,8,24,0.25,32
155,Drake,MVC,17-17,+1.09,105.9,152,104.8,171,68.4,169,+.016,134,+2.22,103,105.4,130,103.2,83,-0.38,167,,MVC,68.4,169,105.9,152,50.4,194,17.2,88,23.6,313,32.3,209,104.8,171,51.6,215,16.9,262,27.9,140,24.5,9,68.4,169,69.0,200,17.1,135,17.7,245,105.9,152,103.3,189,104.8,171,104.8,200,75.0,342,-2.4,350,-0.7,238,-4.0,351,-2.8,349,-1.3,299,-0.1,194,2.35,12,30.7,203,72.9,19,2018,0.5299832396320658,17,17,0.5,34
251,Drexel,CAA,13-20,-7.73,103.0,211,110.7,292,69.0,123,+.064,42,-2.16,197,105.4,132,107.5,279,-2.43,229,,CAA,69.0,123,103.0,211,49.5,225,17.3,100,30.7,106,31.8,225,110.7,292,52.2,240,15.6,318,30.7,267,30.6,109,69.0,123,69.8,148,17.4,170,17.1,109,103.0,211,103.9,172,110.7,292,110.8,313,75.7,316,+0.7,86,+0.1,143,+1.2,37,-2.0,337,-1.9,323,-3.1,340,1.87,75,23.2,338,49.0,175,2018,0.3038373517247379,13,20,0.3939393939393939,33
3,Duke,ACC,29-8,+28.86,122.4,3,93.6,9,69.7,93,-.034,271,+10.60,15,110.4,30,99.8,10,+4.09,58,2,ACC,69.7,93,122.4,3,55.9,19,17.5,119,38.8,1,34.6,137,93.6,9,46.4,13,17.3,247,30.0,236,22.3,1,69.7,93,70.6,105,16.3,61,17.8,267,122.4,3,118.7,3,93.6,9,97.7,27,79.1,3,+2.6,6,+1.9,23,+3.2,2,+1.3,33,+2.4,9,+2.6,9,0.89,317,22.3,341,18.7,339,2018,0.9562712508046872,29,8,0.7837837837837838,37
201,Duquesne,A10,16-16,-3.63,104.6,179,108.2,236,66.2,269,-.059,312,-6.22,302,101.2,312,107.4,274,-16.97,350,,A10,66.2,269,104.6,179,49.7,217,17.6,126,33.0,47,35.4,114,108.2,236,50.8,169,18.4,171,28.9,183,36.4,242,66.2,269,66.5,311,18.6,306,17.6,233,104.6,179,106.5,118,108.2,236,103.0,151,76.3,254,-0.9,286,-1.1,267,-0.8,273,-0.6,247,-0.8,265,+0.7,123,1.20,261,29.3,231,44.5,217,2018,0.4039255804772441,16,16,0.5,32
307,East Carolina,Amer,10-20,-12.78,96.7,312,109.5,263,68.7,148,+.026,111,-2.46,203,102.9,257,105.3,155,-16.35,349,,Amer,68.7,148,96.7,312,48.3,287,20.6,303,27.8,207,28.7,303,109.5,263,51.5,207,17.2,250,32.5,315,31.1,120,68.7,148,68.8,206,17.8,215,17.2,136,96.7,312,95.1,330,109.5,263,107.6,262,76.9,147,+0.0,155,+0.3,126,-0.2,201,-0.6,252,+0.1,152,+1.1,92,1.64,139,28.2,258,25.1,319,2018,0.19316441591036068,10,20,0.3333333333333333,30
93,East Tennessee St.,SC,25-9,+7.49,105.3,166,97.8,52,67.6,203,-.000,177,-4.19,262,103.6,214,107.7,292,-1.54,198,,SC,67.6,203,105.3,166,53.8,63,19.7,268,30.7,110,33.1,184,97.8,52,47.1,26,20.6,48,27.7,128,33.4,181,67.6,203,69.4,178,17.1,128,17.5,211,105.3,166,107.2,106,97.8,52,95.8,16,76.2,268,-0.3,205,+1.4,46,-2.0,337,-1.0,300,-0.3,222,-1.2,272,1.27,242,38.3,34,41.4,240,2018,0.7005087561120493,25,9,0.7352941176470589,34
257,Eastern Illinois,OVC,12-19,-8.14,99.0,277,107.1,213,65.5,305,+.009,149,-2.42,202,103.3,230,105.8,179,+2.01,102,,OVC,65.5,305,99.0,277,47.7,309,20.4,293,29.9,135,32.2,213,107.1,213,52.0,235,19.3,117,29.9,234,33.4,177,65.5,305,66.5,312,19.2,329,17.0,93,99.0,277,98.0,293,107.1,213,105.2,209,76.3,252,-0.2,182,-0.1,170,-0.3,218,-0.9,293,-0.8,265,-0.3,210,1.18,265,31.8,174,49.9,163,2018,0.2881479637837294,12,19,0.3870967741935484,31
286,Eastern Kentucky,OVC,11-20,-10.96,101.7,237,112.6,316,68.6,161,+.017,129,-2.50,206,103.2,236,105.7,177,+1.19,126,,OVC,68.6,161,101.7,237,49.8,210,19.1,225,27.1,225,33.4,172,112.6,316,55.3,329,19.1,124,31.9,306,35.0,217,68.6,161,69.2,186,17.8,221,16.9,88,101.7,237,100.8,245,112.6,316,111.1,319,76.5,227,-0.1,176,-0.2,183,-0.1,183,+0.4,120,-0.1,196,-1.6,303,1.24,249,39.6,22,47.0,200,2018,0.2366985323588109,11,20,0.3548387096774194,31
143,Eastern Michigan,MAC,22-13,+2.31,102.3,218,100.0,81,65.1,319,-.006,191,-2.49,205,105.4,126,107.9,302,-2.23,224,,MAC,65.1,319,102.3,218,51.4,152,18.7,197,30.4,118,29.1,292,100.0,81,47.5,32,20.1,74,32.7,318,31.6,131,65.1,319,66.6,304,17.7,205,18.3,330,102.3,218,104.1,166,100.0,81,100.2,73,78.3,21,+1.5,30,+0.8,76,+2.2,8,+2.9,4,+1.8,28,-0.4,221,2.12,40,22.5,340,41.2,244,2018,0.5650059969229453,22,13,0.6285714285714286,35
136,Eastern Washington,BSky,20-15,+2.67,107.3,130,104.6,164,66.5,258,-.004,183,+0.11,136,105.4,133,105.2,152,+6.20,27,,BSky,66.5,258,107.3,130,54.0,55,16.8,68,21.6,336,28.0,317,104.6,164,51.0,181,16.9,265,25.0,38,35.4,228,66.5,258,69.1,194,18.4,290,16.5,32,107.3,130,106.6,110,104.6,164,104.1,182,77.0,136,-0.2,194,+0.1,141,-0.6,265,-0.4,223,+0.2,143,+1.8,30,1.68,123,34.6,90,58.9,96,2018,0.5727496641950817,20,15,0.5714285714285714,35
248,Elon,CAA,14-18,-7.62,103.6,193,111.3,301,67.3,216,+.061,52,-0.95,161,105.3,135,106.3,209,+2.40,88,,CAA,67.3,216,103.6,193,52.3,110,16.7,60,21.7,335,24.0,350,111.3,301,52.5,251,14.2,347,28.9,190,23.6,5,67.3,216,67.8,249,17.7,200,17.8,263,103.6,193,103.1,193,111.3,301,110.8,315,77.0,135,+0.7,80,+0.4,112,+1.0,66,-0.4,218,+0.9,85,-0.7,242,2.31,16,25.0,319,81.4,3,2018,0.30481834484291814,14,18,0.4375,32
134,Evansville,MVC,17-15,+2.85,99.3,266,96.5,32,65.7,295,+.015,138,+1.38,109,105.4,131,104.0,103,-3.48,273,,MVC,65.7,295,99.3,266,48.7,268,20.9,319,24.1,305,34.4,145,96.5,32,49.7,113,20.9,38,26.2,64,33.1,172,65.7,295,65.9,325,19.3,332,17.3,155,99.3,266,96.4,316,96.5,32,97.4,24,77.6,69,-0.4,224,-0.3,194,-0.5,247,+0.3,132,+1.7,30,+2.6,10,1.81,94,35.1,82,35.7,273,2018,0.5814988778993715,17,15,0.53125,32
222,FIU,CUSA,14-18,-5.33,98.4,292,103.7,154,69.0,128,-.039,278,-3.16,234,103.0,250,106.1,199,-6.95,331,,CUSA,69.0,128,98.4,292,47.2,321,15.6,26,25.8,265,36.5,87,103.7,154,50.5,157,19.8,86,27.4,111,34.8,216,69.0,128,69.9,141,17.1,134,17.4,175,98.4,292,98.0,294,103.7,154,101.2,98,76.7,199,-0.5,235,+0.2,131,-1.2,310,+0.2,139,+2.1,18,-2.0,316,0.57,344,28.8,241,23.6,328,2018,0.3535879084183289,14,18,0.4375,32
212,Fairfield,MAAC,17-16,-4.37,102.1,229,106.4,195,70.5,63,+.051,64,-4.52,277,103.0,249,107.5,275,-0.90,183,,MAAC,70.5,63,102.1,229,51.4,153,17.4,104,24.4,302,30.9,252,106.4,195,52.5,254,18.8,144,27.1,101,36.8,251,70.5,63,72.2,51,16.0,40,17.3,161,102.1,229,103.0,195,106.4,195,104.5,195,76.4,239,-0.7,265,-0.7,240,-0.8,272,-0.5,239,+0.2,149,-0.1,200,1.75,105,34.4,96,43.0,229,2018,0.38357350966246895,17,16,0.5151515151515151,33
274,Fairleigh Dickinson,NEC,13-18,-10.16,102.2,222,112.4,315,70.5,66,+.025,113,-5.59,294,102.1,288,107.7,290,+5.93,29,,NEC,70.5,66,102.2,222,49.8,212,19.2,235,30.2,125,30.8,256,112.4,315,51.6,214,19.3,113,35.0,344,35.9,234,70.5,66,71.1,86,17.1,132,17.0,91,102.2,222,102.4,216,112.4,315,108.9,281,75.8,305,-0.3,217,-1.1,267,+0.4,120,-0.3,210,-1.9,323,-2.2,325,1.43,202,25.5,310,47.7,192,2018,0.25086185691613394,13,18,0.41935483870967744,31
22,Florida,SEC,21-13,+18.96,114.5,41,95.5,24,67.1,226,-.059,310,+10.74,13,110.2,31,99.5,4,+4.57,46,6,SEC,67.1,226,114.5,41,50.7,179,14.2,6,28.9,171,32.6,201,95.5,24,48.6,61,20.0,78,30.6,256,32.3,149,67.1,226,68.4,220,16.9,110,18.4,333,114.5,41,109.2,69,95.5,24,100.2,70,76.9,154,+0.2,136,+0.2,136,+0.1,156,+0.4,125,-0.1,198,-0.1,197,2.21,24,28.5,251,40.9,245,2018,0.8895996885388542,21,13,0.6176470588235294,34
341,Florida A&M,MEAC,9-25,-21.21,95.6,325,116.8,341,67.1,230,+.040,78,-7.55,328,101.0,317,108.6,327,+6.38,25,,MEAC,67.1,230,95.6,325,47.2,320,19.5,259,27.6,213,32.1,215,116.8,341,53.6,289,18.7,155,36.6,350,36.2,239,67.1,230,69.5,170,18.1,266,16.7,62,95.6,325,97.1,305,116.8,341,112.5,332,76.4,249,-0.4,227,+0.1,140,-1.0,297,-0.1,186,-1.1,290,-0.2,201,1.57,161,29.4,225,68.8,33,2018,0.09084689635633576,9,25,0.2647058823529412,34
233,Florida Atlantic,CUSA,12-19,-6.10,95.9,321,102.0,112,69.2,119,-.025,248,-0.28,144,104.8,157,105.1,142,-0.38,168,,CUSA,69.2,119,95.9,321,43.8,346,18.3,165,28.5,185,29.0,299,102.0,112,49.2,83,16.5,283,27.5,116,32.6,162,69.2,119,70.3,118,17.0,122,17.2,134,95.9,321,94.4,334,102.0,112,102.1,114,78.1,27,+2.0,18,+2.5,16,+1.5,28,+0.5,107,+0.7,95,+1.3,76,1.58,156,32.7,145,48.8,180,2018,0.329782583829453,12,19,0.3870967741935484,31
127,Florida Gulf Coast,ASun,23-12,+3.47,107.5,124,104.0,158,71.6,35,-.059,313,-6.95,317,102.4,279,109.3,341,-0.65,173,7,ASun,71.6,35,107.5,124,55.3,23,19.5,257,31.3,91,33.4,171,104.0,158,49.9,122,18.9,140,26.8,86,35.1,221,71.6,35,73.4,25,15.9,38,17.0,98,107.5,124,110.5,47,104.0,158,100.0,67,77.3,92,+0.7,84,+0.8,81,+0.6,98,+0.0,171,-0.2,207,+1.5,52,2.14,33,33.7,117,57.7,111,2018,0.5940297224293873,23,12,0.6571428571428571,35
27,Florida St.,ACC,23-12,+17.77,114.3,43,96.5,33,71.2,45,-.029,261,+9.27,36,109.6,45,100.3,20,-6.91,330,9,ACC,71.2,45,114.3,43,53.2,79,17.8,138,32.3,62,37.0,76,96.5,33,48.4,50,19.4,112,29.8,229,32.4,152,71.2,45,72.1,55,16.1,44,17.5,198,114.3,43,109.4,65,96.5,33,99.9,65,78.5,12,+1.3,37,+2.2,19,+0.5,109,+1.2,42,+2.7,6,+1.9,28,1.11,282,34.3,99,47.1,198,2018,0.8750930286614664,23,12,0.6571428571428571,35
292,Fordham,A10,9-22,-11.63,94.5,334,106.1,191,66.0,283,+.009,151,-0.38,147,104.5,171,104.9,134,-5.39,313,,A10,66.0,283,94.5,334,47.9,298,18.5,177,18.8,350,26.9,331,106.1,191,52.3,242,21.1,35,32.8,322,30.4,103,66.0,283,66.8,296,19.1,324,17.1,115,94.5,334,92.5,340,106.1,191,104.9,205,77.2,106,+0.2,140,+0.2,130,+0.1,160,+0.5,109,+0.4,125,+1.0,96,1.10,283,28.1,262,40.3,248,2018,0.20891211149156227,9,22,0.2903225806451613,31
165,Fort Wayne,Sum,18-15,+0.50,107.7,118,107.2,215,72.6,19,-.072,330,-2.49,204,104.4,176,106.9,255,-2.21,221,,Sum,72.6,19,107.7,118,52.9,86,15.6,25,25.6,271,31.7,229,107.2,215,53.8,293,19.8,85,26.6,77,29.7,83,72.6,19,73.6,21,15.7,24,17.0,89,107.7,118,108.2,91,107.2,215,105.7,226,76.6,205,+0.1,149,+0.6,101,-0.4,232,-0.4,219,-1.2,293,+0.5,143,1.79,99,25.4,314,60.1,89,2018,0.5133751479437529,18,15,0.5454545454545454,33
79,Fresno St.,MWC,21-11,+10.07,109.7,85,99.6,76,66.6,252,-.057,306,+0.84,123,105.8,114,105.0,137,-6.31,321,,MWC,66.6,252,109.7,85,54.5,39,17.4,103,26.6,243,38.4,51,99.6,76,49.6,107,18.8,147,24.6,28,39.0,290,66.6,252,68.3,225,17.9,243,17.4,179,109.7,85,109.4,64,99.6,76,100.2,72,77.0,140,-0.2,193,-0.4,203,-0.1,184,+0.9,75,+0.6,107,+0.1,174,2.26,19,26.7,288,61.7,75,2018,0.7522694357564206,21,11,0.65625,32
95,Furman,SC,23-10,+7.41,108.9,99,101.5,104,68.6,156,-.005,188,-4.53,278,103.1,246,107.6,282,-0.73,176,,SC,68.6,156,108.9,99,54.9,28,16.5,50,26.9,238,28.2,312,101.5,104,50.1,139,20.6,49,28.5,168,29.9,89,68.6,156,70.0,136,17.1,136,17.2,146,108.9,99,110.5,50,101.5,104,99.3,50,75.4,331,-1.0,305,-1.2,295,-0.9,292,-1.1,304,-2.4,341,-1.5,292,2.36,10,33.4,124,73.0,18,2018,0.6919537452403534,23,10,0.696969696969697,33
261,Gardner Webb,BSth,14-18,-8.52,97.6,304,106.1,192,67.7,199,+.021,120,-2.87,224,103.1,243,106.0,191,+6.54,23,,BSth,67.7,199,97.6,304,49.1,246,20.1,285,25.2,284,28.0,316,106.1,192,50.4,150,17.1,255,27.3,106,37.3,262,67.7,199,68.2,232,17.3,149,18.1,309,97.6,304,96.9,307,106.1,192,104.6,197,75.6,323,-1.0,303,-0.9,259,-1.1,304,-2.0,338,-0.8,265,-1.2,273,1.21,255,33.9,111,58.4,99,2018,0.27681766339029235,14,18,0.4375,32
220,George Mason,A10,16-17,-5.17,102.1,223,107.3,216,69.1,122,+.117,5,-0.68,152,105.2,142,105.9,184,-3.59,279,,A10,69.1,122,102.1,223,49.1,250,18.2,159,27.9,204,31.8,227,107.3,216,52.1,236,16.1,305,26.7,82,30.8,114,69.1,122,69.6,160,17.9,229,16.8,67,102.1,223,101.4,238,107.3,216,106.9,246,76.0,282,-1.2,317,-1.6,327,-0.8,277,-0.5,240,+0.2,151,-1.3,276,1.59,153,23.4,337,53.4,135,2018,0.3609431083628996,16,17,0.48484848484848486,33
192,George Washington,A10,15-18,-2.66,103.6,196,106.2,193,65.8,288,+.036,90,+0.31,132,105.3,136,105.0,140,+0.16,153,,A10,65.8,288,103.6,196,49.5,224,19.2,239,31.7,78,28.9,300,106.2,193,51.4,202,17.1,256,30.0,238,28.1,49,65.8,288,66.3,316,18.7,311,17.5,213,103.6,196,101.6,235,106.2,193,106.1,233,77.9,39,+0.5,96,-0.1,175,+1.2,41,+1.7,18,+0.9,78,+1.8,35,1.72,109,24.1,332,38.7,258,2018,0.42921663877577027,15,18,0.45454545454545453,33
94,Georgetown,BE,15-15,+7.44,109.7,84,102.3,119,70.5,65,-.046,285,+6.28,66,108.4,67,102.1,69,-17.81,351,,BE,70.5,65,109.7,84,51.8,135,20.7,309,31.3,90,38.3,52,102.3,119,50.8,175,17.0,257,26.0,60,28.3,51,70.5,65,71.7,60,16.3,59,17.4,172,109.7,84,106.4,119,102.3,119,103.7,169,77.9,37,+0.8,75,+0.7,85,+0.8,82,+1.6,21,+0.8,86,+1.6,44,1.30,239,31.3,185,45.7,211,2018,0.6906492786128187,15,15,0.5,30
65,Georgia,SEC,18-15,+11.64,107.5,122,95.9,27,64.4,334,+.010,146,+10.09,22,111.0,15,100.9,37,+0.51,147,,SEC,64.4,334,107.5,122,47.5,313,19.2,234,34.8,14,40.1,34,95.9,27,45.6,7,14.5,342,28.9,184,27.7,44,64.4,334,65.4,331,19.0,321,17.8,260,107.5,122,102.5,213,95.9,27,100.9,88,78.2,22,+0.7,79,+0.3,128,+1.2,41,+2.1,12,+1.1,56,+2.5,17,1.70,118,33.9,112,61.2,80,2018,0.7880357711847998,18,15,0.5454545454545454,33
152,Georgia Southern,SB,21-12,+1.65,105.9,153,104.3,161,68.9,134,+.015,137,-2.52,208,102.9,254,105.4,156,-1.55,199,,SB,68.9,134,105.9,153,49.2,244,16.1,38,30.3,122,38.3,55,104.3,161,49.7,114,20.3,61,31.9,305,35.2,222,68.9,134,69.8,150,16.7,91,17.8,268,105.9,153,105.2,139,104.3,161,101.2,96,76.0,279,-1.0,304,-1.1,267,-1.0,299,-0.7,260,+0.3,138,-1.3,278,2.50,3,32.9,141,77.9,6,2018,0.5436572303197806,21,12,0.6363636363636364,33
101,Georgia St.,SB,24-11,+6.92,108.8,102,101.9,110,66.8,246,-.015,218,-2.51,207,103.4,229,105.9,186,-3.22,263,15,SB,66.8,246,108.8,102,53.9,60,16.7,62,25.6,269,30.9,254,101.9,110,47.1,24,20.6,47,33.4,329,38.6,285,66.8,246,67.4,266,17.7,209,18.1,306,108.8,102,108.2,88,101.9,110,99.0,43,76.7,191,-1.4,327,-1.0,265,-1.8,334,-0.1,191,+0.5,116,+2.0,26,1.68,125,22.0,343,58.3,100,2018,0.6799349843359129,24,11,0.6857142857142857,35
119,Georgia Tech,ACC,13-19,+4.90,103.6,197,98.7,61,66.1,277,-.022,237,+8.11,51,108.8,61,100.6,31,-5.51,316,,ACC,66.1,277,103.6,197,46.9,323,19.2,238,30.8,105,34.8,132,98.7,61,49.2,86,18.9,143,30.6,258,31.8,137,66.1,277,66.5,308,18.2,272,18.0,302,103.6,197,98.6,284,98.7,61,101.9,112,77.6,66,+1.5,29,+0.9,74,+2.2,8,+0.3,128,+0.4,124,+0.1,175,1.52,178,30.1,210,47.8,190,2018,0.6358049849171135,13,19,0.40625,32
10,Gonzaga,WCC,32-5,+23.03,118.1,14,95.1,18,69.4,107,+.009,153,+1.57,108,106.4,102,104.8,128,+3.12,78,4,WCC,69.4,107,118.1,14,57.0,11,16.1,35,33.0,46,32.1,216,95.1,18,47.1,25,17.4,237,23.1,16,29.1,65,69.4,107,69.6,159,16.2,56,18.3,329,118.1,14,118.4,4,95.1,18,95.7,15,78.5,14,+1.4,35,+1.0,64,+1.8,21,+1.3,36,+1.5,36,+2.7,8,1.80,98,28.4,254,46.1,208,2018,0.9235036459228804,32,5,0.8648648648648649,37
295,Grambling St.,SWAC,17-14,-11.71,94.3,336,106.0,190,72.2,25,+.102,9,-9.87,343,98.8,346,108.7,329,+3.07,79,,SWAC,72.2,25,94.3,336,45.6,337,21.0,324,32.0,68,40.7,26,106.0,190,49.1,76,20.2,71,30.5,252,42.9,332,72.2,25,73.4,27,16.6,78,16.4,18,94.3,336,96.9,309,106.0,190,100.3,75,76.5,224,-0.2,191,-0.2,186,-0.3,208,-0.1,185,-0.5,238,-0.5,225,0.94,303,34.1,105,22.0,332,2018,0.20668640551244907,17,14,0.5483870967741935,31
121,Grand Canyon,WAC,22-12,+4.53,102.1,226,97.5,50,69.0,125,-.066,320,-6.92,316,100.0,336,106.9,253,-11.37,346,,WAC,69.0,125,102.1,226,48.5,279,18.8,205,31.7,80,39.1,42,97.5,50,44.3,3,21.5,25,28.3,158,39.2,293,69.0,125,70.3,117,16.8,103,17.3,164,102.1,226,103.4,187,97.5,50,91.4,3,77.7,53,+0.5,100,+0.7,91,+0.3,122,+1.1,54,+0.7,97,+1.8,31,2.07,47,37.3,43,54.3,132,2018,0.6295190275379552,22,12,0.6470588235294118,34
263,Green Bay,Horz,13-20,-8.67,99.9,258,108.6,248,72.2,23,-.028,258,-4.11,259,102.6,273,106.7,238,+0.25,152,,Horz,72.2,23,99.9,258,48.6,274,18.6,182,25.6,270,32.3,208,108.6,248,50.9,178,17.8,218,30.9,274,31.4,127,72.2,23,73.6,23,14.8,6,17.8,273,99.9,258,99.8,263,108.6,248,105.7,224,77.0,138,-0.7,261,-1.1,267,-0.3,220,+0.8,84,+0.2,144,+1.5,52,1.15,276,33.2,134,20.5,336,2018,0.2768241794281826,13,20,0.3939393939393939,33
250,Hampton,MEAC,19-16,-7.68,101.0,243,108.7,251,71.9,28,-.017,223,-11.05,346,99.5,342,110.6,349,+1.01,134,8,MEAC,71.9,28,101.0,243,48.8,267,16.9,71,28.7,176,33.8,160,108.7,251,48.9,68,16.9,266,29.7,225,35.7,231,71.9,28,73.9,17,15.8,32,16.6,41,101.0,243,104.2,164,108.7,251,103.2,157,76.3,260,-0.5,237,-0.1,177,-0.9,291,-0.6,243,-0.8,265,-0.3,209,1.42,207,35.6,67,63.3,63,2018,0.30049965345269314,19,16,0.5428571428571428,35
215,Hartford,AE,19-14,-4.89,102.9,213,107.8,231,66.5,257,+.065,41,-6.02,298,101.2,315,107.2,266,-6.72,327,,AE,66.5,257,102.9,213,52.7,95,18.1,152,24.9,292,31.2,241,107.8,231,51.1,190,18.1,196,28.5,165,33.4,180,66.5,257,67.5,261,19.0,320,16.7,58,102.9,213,103.9,174,107.8,231,104.0,178,76.5,225,+0.5,103,+0.0,157,+0.9,70,+0.0,173,-0.3,219,-2.2,326,1.83,85,24.7,322,71.1,26,2018,0.3693560910988531,19,14,0.5757575757575758,33
141,Harvard,Ivy,18-14,+2.33,100.6,248,98.3,55,65.6,301,-.008,197,-0.97,162,105.4,128,106.4,214,+3.27,77,7,Ivy,65.6,301,100.6,248,50.4,192,20.5,299,26.5,246,27.6,324,98.3,55,49.0,75,18.4,173,23.1,15,35.2,223,65.6,301,66.3,315,18.5,301,17.6,219,100.6,248,100.5,250,98.3,55,98.4,34,77.6,72,+0.6,95,+0.5,107,+0.6,97,+0.4,124,+1.4,44,+0.9,108,1.20,260,32.0,167,61.2,81,2018,0.5661044220012664,18,14,0.5625,32
200,Hawaii,BW,17-13,-3.38,99.1,273,102.5,121,67.9,192,+.034,93,-4.00,254,102.9,256,106.9,250,-3.64,280,,BW,67.9,192,99.1,273,50.1,202,19.5,260,26.3,249,40.8,25,102.5,121,49.9,125,19.9,84,24.5,27,38.7,287,67.9,192,68.5,215,17.8,223,17.6,225,99.1,273,99.6,268,102.5,121,99.5,58,76.0,281,-0.0,160,-0.4,206,+0.4,115,-1.2,308,-0.8,264,-1.9,313,1.46,195,33.7,116,68.3,35,2018,0.40421484125217466,17,13,0.5666666666666667,30
241,High Point,BSth,14-16,-6.51,100.1,257,106.6,199,65.9,287,-.082,338,-6.42,305,101.6,302,108.0,309,-1.82,208,,BSth,65.9,287,100.1,257,49.3,236,19.1,223,30.9,102,34.1,154,106.6,199,50.1,137,20.4,55,28.9,191,40.0,302,65.9,287,66.2,319,18.1,264,18.3,327,100.1,257,101.9,226,106.6,199,102.5,131,75.7,318,-1.8,342,-2.0,344,-1.6,324,-0.4,231,-0.4,231,-1.3,277,1.05,294,36.5,50,39.8,250,2018,0.32662074743935193,14,16,0.4666666666666667,30
157,Hofstra,CAA,19-12,+0.99,111.1,71,110.1,282,68.9,136,+.062,50,-1.80,182,105.4,127,107.2,267,+1.99,103,,CAA,68.9,136,111.1,71,53.2,78,15.6,24,30.6,114,36.5,85,110.1,282,54.2,305,16.3,295,27.5,113,32.5,159,68.9,136,70.1,131,17.1,127,17.4,183,111.1,71,111.7,33,110.1,282,110.0,297,76.4,234,-0.1,178,-0.1,173,-0.2,200,-0.2,195,-1.3,302,-0.0,190,1.55,164,27.9,266,47.8,187,2018,0.5259713569506177,19,12,0.6129032258064516,31
290,Holy Cross,Pat,12-19,-11.36,97.5,306,108.9,256,62.9,346,+.026,108,-6.02,297,101.8,296,107.8,294,-3.43,269,,Pat,62.9,346,97.5,306,52.6,100,19.1,228,19.3,346,29.6,284,108.9,256,51.0,183,20.0,76,32.0,308,33.9,197,62.9,346,63.7,345,19.2,328,18.7,346,97.5,306,99.0,279,108.9,256,105.6,221,75.9,296,-0.5,246,-0.8,245,-0.3,209,+0.7,91,-1.9,333,-2.4,330,0.96,302,31.1,193,32.8,290,2018,0.21897612778638795,12,19,0.3870967741935484,31
18,Houston,Amer,27-8,+20.24,114.6,38,94.4,13,68.4,167,-.015,216,+3.90,81,106.6,95,102.7,75,-3.08,254,6,Amer,68.4,167,114.6,38,53.3,77,17.5,116,33.8,33,32.6,200,94.4,13,45.5,6,19.1,123,25.8,54,41.6,322,68.4,167,68.4,222,17.4,163,17.8,272,114.6,38,111.9,31,94.4,13,94.9,12,75.6,326,-1.3,324,-1.5,323,-1.1,303,-2.2,343,-1.9,323,+0.5,143,1.53,172,34.1,102,46.5,204,2018,0.9029049952345037,27,8,0.7714285714285715,35
333,Houston Baptist,Slnd,6-25,-17.64,98.9,280,116.5,339,73.5,14,-.092,342,-3.59,244,102.5,275,106.1,200,+9.29,7,,Slnd,73.5,14,98.9,280,46.0,334,18.8,211,34.0,29,35.5,110,116.5,339,56.1,336,18.8,148,31.2,287,38.6,286,73.5,14,75.0,11,16.4,68,15.8,2,98.9,280,98.1,291,116.5,339,114.0,339,75.9,292,-0.9,290,-0.4,204,-1.5,322,-1.9,333,-0.8,265,+0.1,179,0.65,340,35.2,77,25.1,318,2018,0.13198813000515708,6,25,0.1935483870967742,31
335,Howard,MEAC,10-23,-19.04,99.4,263,118.5,346,69.9,84,-.039,275,-9.50,341,99.6,340,109.1,338,+2.28,91,,MEAC,69.9,84,99.4,263,48.8,265,18.1,150,29.1,165,34.5,140,118.5,346,53.4,285,18.9,142,35.3,346,38.3,279,69.9,84,71.2,81,17.0,118,17.1,107,99.4,263,101.8,232,118.5,346,112.4,331,76.9,160,-0.8,279,-1.4,317,-0.3,210,+0.7,96,+0.8,90,+0.5,142,0.74,331,30.9,200,26.7,316,2018,0.11698982696836725,10,23,0.30303030303030304,33
284,IUPUI,Horz,11-19,-10.72,98.3,293,109.0,259,66.1,276,+.030,101,-3.20,236,103.2,237,106.4,218,+2.32,89,,Horz,66.1,276,98.3,293,48.0,295,20.5,298,32.0,70,32.9,191,109.0,259,54.6,314,21.2,32,29.3,206,37.8,269,66.1,276,68.3,227,17.9,228,17.5,205,98.3,293,98.4,287,109.0,259,107.5,258,76.1,276,-0.9,292,-1.3,307,-0.5,254,-0.2,203,-1.5,310,-0.1,195,1.62,145,36.0,58,49.9,164,2018,0.2335766627409391,11,19,0.36666666666666664,30
126,Idaho,BSky,22-9,+3.54,109.2,95,105.6,184,65.6,303,+.039,80,-3.98,253,103.1,239,107.1,263,-3.07,252,,BSky,65.6,303,109.2,95,54.7,34,19.4,252,31.1,96,30.4,265,105.6,184,50.2,140,16.1,304,24.1,22,30.2,99,65.6,303,67.6,255,17.3,151,18.6,340,109.2,95,109.7,59,105.6,184,102.4,129,77.1,128,-0.6,253,-1.3,306,+0.1,162,+0.9,79,+0.5,117,+1.5,52,2.37,8,28.7,247,76.5,10,2018,0.5952015884719916,22,9,0.7096774193548387,31
226,Idaho St.,BSky,14-16,-5.70,103.2,204,108.9,257,68.1,181,-.005,186,-3.69,248,103.8,200,107.5,277,-2.39,228,,BSky,68.1,181,103.2,204,55.0,26,18.5,179,19.8,344,34.5,139,108.9,257,52.5,259,16.7,273,28.1,147,31.0,118,68.1,181,70.2,124,18.0,249,16.4,21,103.2,204,104.2,163,108.9,257,107.2,253,76.4,243,+0.6,90,+1.7,30,-0.4,233,-1.2,307,+0.1,152,-2.3,329,1.71,112,26.6,289,58.2,101,2018,0.3501787619282518,14,16,0.4666666666666667,30
102,Illinois,B10,14-18,+6.67,109.6,86,103.0,129,69.9,81,-.093,343,+7.32,58,108.1,71,100.8,35,-3.19,260,,B10,69.9,81,109.6,86,49.8,213,18.8,203,34.0,28,33.1,187,103.0,129,53.3,282,23.2,4,31.3,288,47.9,350,69.9,81,70.5,107,17.9,236,16.5,31,109.6,86,105.1,145,103.0,129,104.3,188,76.9,150,-0.2,185,+0.1,147,-0.5,249,+0.2,159,+0.3,140,+0.5,143,1.30,235,42.7,9,33.7,282,2018,0.6713387884447307,14,18,0.4375,32
182,Illinois Chicago,Horz,20-16,-0.84,100.9,245,101.8,107,72.5,20,-.010,204,-4.11,260,102.7,268,106.8,247,-1.48,197,,Horz,72.5,20,100.9,245,50.6,181,20.8,312,28.8,173,35.3,117,101.8,107,46.7,15,17.2,248,30.4,248,34.2,204,72.5,20,73.6,22,15.6,18,17.2,145,100.9,245,101.6,234,101.8,107,99.4,55,77.1,127,+0.3,119,-0.4,208,+1.1,55,+1.4,31,-0.3,210,-0.2,203,1.59,154,36.2,52,65.4,50,2018,0.47449165665555487,20,16,0.5555555555555556,36
140,Illinois St.,MVC,18-15,+2.39,105.7,157,103.3,139,68.9,138,+.116,6,+4.95,76,106.1,106,101.2,48,+6.60,22,,MVC,68.9,138,105.7,157,49.8,211,18.9,218,26.0,257,33.8,158,103.3,139,49.0,70,18.1,194,31.5,295,38.3,281,68.9,138,69.3,184,16.6,85,18.0,298,105.7,157,100.4,252,103.3,139,104.2,186,77.2,111,+0.3,125,+0.7,84,-0.2,197,+0.9,77,+0.3,132,+0.4,162,0.90,313,35.5,70,31.9,295,2018,0.5656503908843578,18,15,0.5454545454545454,33
342,Incarnate Word,Slnd,7-21,-21.60,93.5,341,115.1,334,69.7,95,-.006,193,-5.52,292,101.2,310,106.7,244,+8.16,12,,Slnd,69.7,95,93.5,341,47.6,312,23.2,348,26.9,236,41.1,22,115.1,334,52.5,258,17.7,223,35.3,347,33.8,193,69.7,95,71.4,68,16.8,105,16.9,83,93.5,341,94.4,333,115.1,334,112.1,329,76.9,155,-0.5,240,-0.8,249,-0.2,191,+0.6,100,+1.4,41,-0.6,234,1.68,124,38.8,29,48.9,177,2018,0.08392623647217948,7,21,0.25,28
71,Indiana,B10,16-15,+10.44,109.4,92,99.0,65,66.6,251,-.025,252,+7.83,54,109.7,44,101.8,62,-2.76,243,,B10,66.6,251,109.4,92,51.1,163,18.2,164,31.8,74,36.4,89,99.0,65,50.8,173,19.7,92,29.4,210,32.2,148,66.6,251,67.6,254,17.4,161,18.2,321,109.4,92,105.2,141,99.0,65,102.8,142,76.8,182,-1.0,294,-1.4,313,-0.6,256,+0.2,158,+0.1,152,+1.3,75,1.83,84,36.2,54,57.7,110,2018,0.7592819693487839,16,15,0.5161290322580645,31
138,Indiana St.,MVC,13-18,+2.63,104.7,176,102.1,113,69.9,82,-.097,346,+3.13,89,105.1,143,102.0,67,+2.05,100,,MVC,69.9,82,104.7,176,49.5,227,20.1,283,27.6,210,34.1,155,102.1,113,51.4,205,19.8,89,23.5,19,42.1,327,69.9,82,70.2,127,16.9,111,17.4,171,104.7,176,100.3,256,102.1,113,101.3,99,75.8,307,-0.8,278,-0.9,261,-0.8,274,-0.7,259,-1.5,308,-1.2,267,1.48,193,32.4,154,41.7,238,2018,0.5717962324189094,13,18,0.41935483870967744,31
137,Iona,MAAC,20-14,+2.63,110.0,80,107.3,218,70.7,58,-.008,196,-2.12,195,103.1,240,105.2,151,+2.14,95,15,MAAC,70.7,58,110.0,80,53.9,59,16.0,33,24.4,301,30.1,272,107.3,218,52.5,250,18.7,151,30.8,270,28.6,60,70.7,58,71.5,65,16.0,41,17.9,276,110.0,80,109.2,73,107.3,218,105.0,206,75.9,297,-0.9,288,-1.4,319,-0.4,226,-0.2,200,-1.1,287,-1.5,291,2.08,45,32.2,163,51.6,148,2018,0.5709663043512255,20,14,0.5882352941176471,34
88,Iowa,B10,14-19,+8.14,116.6,19,108.4,242,70.3,71,-.090,341,+8.23,49,109.2,48,101.0,41,-4.11,290,,B10,70.3,71,116.6,19,54.3,44,18.7,193,34.1,27,35.4,113,108.4,242,53.1,275,15.5,326,28.0,146,28.1,48,70.3,71,71.0,93,15.9,34,18.0,297,116.6,19,111.2,40,108.4,242,110.4,307,78.7,8,+1.9,19,+1.9,27,+2.1,12,+2.5,7,+2.8,4,+0.3,166,1.09,287,38.9,27,63.1,66,2018,0.6981689348351526,14,19,0.42424242424242425,33
103,Iowa St.,B12,13-18,+6.58,109.9,81,103.4,143,68.9,130,-.009,200,+10.71,14,110.5,29,99.7,9,-3.06,251,,B12,68.9,130,109.9,81,49.9,205,17.0,74,29.5,142,29.8,281,103.4,143,51.0,179,16.4,290,30.6,262,26.5,29,68.9,130,69.6,166,16.6,81,17.9,288,109.9,81,103.7,176,103.4,143,107.5,257,77.3,93,+0.2,133,-0.2,185,+0.6,100,+0.8,87,+0.1,177,+1.5,52,1.17,270,30.9,199,24.3,325,2018,0.6684333492975169,13,18,0.41935483870967744,31
337,Jackson St.,SWAC,12-20,-19.60,89.4,348,109.0,260,64.1,338,+.062,46,-10.01,344,99.7,338,109.7,344,+4.32,51,,SWAC,64.1,338,89.4,348,43.0,350,17.3,97,30.7,107,24.9,341,109.0,260,51.8,224,21.4,26,31.7,297,46.6,347,64.1,338,65.1,336,19.2,330,17.6,229,89.4,348,93.3,336,109.0,260,104.5,196,76.3,253,-0.9,285,-1.7,331,-0.1,190,-1.1,303,-0.5,244,+0.9,113,1.25,245,43.0,7,26.8,315,2018,0.09282555364219419,12,20,0.375,32
320,Jacksonville,ASun,15-18,-14.27,94.2,337,108.4,241,68.6,157,+.060,53,-6.82,313,102.3,283,109.1,339,-3.11,256,,ASun,68.6,157,94.2,337,49.0,255,19.2,231,25.9,263,30.0,275,108.4,241,51.9,226,17.8,215,29.7,224,28.4,52,68.6,157,71.4,71,17.1,126,16.6,48,94.2,337,96.2,322,108.4,241,106.7,243,76.7,198,-0.7,260,-0.7,235,-0.7,269,+0.1,167,+0.5,114,+0.2,169,1.17,268,31.5,182,35.2,275,2018,0.1659383570985741,15,18,0.45454545454545453,33
142,Jacksonville St.,OVC,23-13,+2.32,102.3,219,100.0,79,66.2,271,-.005,189,-4.47,275,103.6,211,108.1,312,-9.38,341,,OVC,66.2,271,102.3,219,50.2,198,19.2,237,33.4,42,30.4,267,100.0,79,48.4,52,19.3,116,26.2,63,32.4,155,66.2,271,67.5,258,18.1,267,17.6,221,102.3,219,104.5,157,100.0,79,97.9,30,76.9,149,+0.9,60,+1.7,32,+0.2,140,-1.3,310,-0.5,245,+0.6,140,1.50,187,34.1,103,50.2,159,2018,0.5650059969229453,23,13,0.6388888888888888,36
229,James Madison,CAA,10-22,-5.97,101.4,241,107.4,221,67.9,191,-.025,251,-2.06,190,105.6,119,107.6,286,-0.83,179,,CAA,67.9,191,101.4,241,47.9,299,16.5,48,28.9,168,34.1,153,107.4,221,52.8,269,18.5,166,28.2,151,42.0,326,67.9,191,69.3,182,18.1,263,16.8,69,101.4,241,102.8,204,107.4,221,107.7,263,77.1,125,-0.5,245,-0.6,226,-0.5,244,+0.3,130,+1.4,42,+1.1,95,1.53,175,26.7,287,22.9,330,2018,0.3404922080476082,10,22,0.3125,32
9,Kansas,B12,31-8,+23.49,120.9,5,97.4,47,68.8,144,+.076,23,+12.41,2,111.7,3,99.3,3,+3.55,70,1,B12,68.8,144,120.9,5,57.5,8,16.6,55,29.4,147,27.0,329,97.4,47,49.1,79,18.2,183,31.2,283,24.6,11,68.8,144,70.2,125,16.5,72,17.7,251,120.9,5,115.5,11,97.4,47,102.3,122,77.7,55,+1.1,51,+1.3,49,+0.9,74,+0.2,139,+0.6,103,+1.5,49,1.83,83,20.9,345,46.6,202,2018,0.9231248483487181,31,8,0.7948717948717948,39
42,Kansas St.,B12,25-12,+14.77,110.1,78,95.3,21,65.6,302,+.071,31,+9.39,34,111.0,14,101.6,59,-6.50,324,9,B12,65.6,302,110.1,78,52.6,102,17.1,85,25.9,262,33.8,161,95.3,21,49.1,80,21.6,23,31.9,301,36.8,250,65.6,302,66.5,310,17.9,237,18.2,318,110.1,78,106.5,116,95.3,21,100.4,78,77.1,131,+0.5,101,+0.7,86,+0.3,127,-0.2,208,+0.3,139,+0.4,161,1.57,158,29.8,217,52.7,143,2018,0.8402556116631074,25,12,0.6756756756756757,37
309,Kennesaw St.,ASun,10-20,-12.82,98.9,279,111.8,305,68.5,163,-.023,240,-4.51,276,103.7,206,108.2,314,+2.54,85,,ASun,68.5,163,98.9,279,49.3,240,19.3,241,29.4,146,34.9,129,111.8,305,54.2,302,18.8,150,33.5,331,32.8,167,68.5,163,71.2,84,17.2,144,16.6,49,98.9,279,100.2,257,111.8,305,110.1,298,77.3,97,-0.8,268,-1.1,289,-0.5,238,+0.9,68,+2.1,12,+1.1,93,1.45,197,33.3,131,50.9,151,2018,0.19624561731675455,10,20,0.3333333333333333,30
211,Kent St.,MAC,17-17,-4.34,102.1,227,106.4,194,68.7,152,+.066,40,-1.69,178,104.3,180,106.0,193,-1.86,210,,MAC,68.7,152,102.1,227,48.7,271,18.7,194,31.5,83,32.4,204,106.4,194,51.1,189,18.0,203,30.5,253,33.4,178,68.7,152,70.1,129,17.7,206,16.9,87,102.1,227,102.3,220,106.4,194,105.6,220,76.6,214,+1.2,43,+1.9,26,+0.5,108,-1.7,324,-1.5,307,-0.3,216,1.37,217,29.9,215,62.2,71,2018,0.38357350966246895,17,17,0.5,34
17,Kentucky,SEC,26-11,+20.44,115.8,24,95.4,22,68.8,146,-.008,199,+10.91,12,110.8,22,99.8,11,+4.67,44,5,SEC,68.8,146,115.8,24,51.8,134,18.6,181,35.7,8,44.0,4,95.4,22,46.8,17,16.8,270,31.0,277,32.3,151,68.8,146,69.7,155,16.9,108,17.8,262,115.8,24,109.6,60,95.4,22,100.5,81,78.9,4,+1.6,24,+1.0,63,+2.2,8,+2.6,6,+2.9,3,+1.6,48,0.21,351,29.4,228,11.2,348,2018,0.9027831953408292,26,11,0.7027027027027027,37
259,LIU Brooklyn,NEC,18-17,-8.27,102.3,220,110.6,287,71.6,37,+.012,144,-8.68,336,100.2,334,108.9,333,-6.06,317,16,NEC,71.6,37,102.3,220,52.1,118,19.5,254,29.4,150,38.7,48,110.6,287,50.0,129,16.5,282,29.8,227,31.8,139,71.6,37,72.4,43,16.1,53,17.1,112,102.3,220,104.9,149,110.6,287,105.3,214,75.2,340,-1.3,320,-1.8,336,-0.8,278,-1.0,299,-2.9,348,-1.5,292,1.84,82,24.4,325,47.8,188,2018,0.2896427417657581,18,17,0.5142857142857142,35
66,LSU,SEC,18-15,+11.62,114.8,33,103.2,136,68.7,149,-.018,226,+8.59,46,110.0,35,101.4,53,-2.91,248,3,SEC,68.7,149,114.8,33,54.5,37,16.6,56,29.2,160,32.5,202,103.2,136,52.7,265,19.6,98,31.6,296,32.7,163,68.7,149,69.4,177,17.3,160,17.4,184,114.8,33,111.4,37,103.2,136,107.1,252,76.9,158,+0.7,87,+1.6,40,-0.2,206,-0.4,224,+0.3,131,-0.9,249,1.24,246,33.8,115,48.8,179,2018,0.7729440591063749,18,15,0.5454545454545454,33
156,La Salle,A10,13-19,+1.06,104.9,175,103.8,155,68.9,129,-.072,331,+1.15,115,105.5,121,104.4,117,+2.22,93,,A10,68.9,129,104.9,175,49.0,252,16.5,45,25.5,272,31.0,247,103.8,155,51.6,219,17.5,233,25.3,43,33.7,192,68.9,129,69.1,196,17.4,169,17.5,202,104.9,175,102.8,203,103.8,155,103.7,170,76.3,258,+0.1,144,+0.5,108,-0.2,205,-0.9,290,-1.2,296,-0.8,244,1.98,57,25.6,309,60.2,88,2018,0.5302698790619554,13,19,0.40625,32
275,Lafayette,Pat,10-21,-10.17,101.8,233,112.0,310,68.3,174,-.097,345,-6.55,309,101.5,305,108.1,311,-2.80,244,,Pat,68.3,174,101.8,233,53.3,75,19.3,242,21.0,339,28.8,302,112.0,310,52.0,232,14.7,339,27.2,103,26.0,22,68.3,174,68.7,213,17.5,180,17.6,218,101.8,233,102.8,205,112.0,310,108.1,269,77.2,108,-0.2,183,-0.7,241,+0.3,123,+0.9,74,+0.5,109,+1.2,85,1.37,218,35.6,65,58.2,102,2018,0.2500921612179325,10,21,0.3225806451612903,31
203,Lamar,Slnd,19-14,-3.72,101.6,239,105.3,177,67.8,195,-.059,311,-6.97,318,100.5,331,107.5,276,-1.75,205,,Slnd,67.8,195,101.6,239,48.5,281,17.9,142,31.7,76,36.3,92,105.3,177,51.7,220,21.9,16,27.8,134,38.3,280,67.8,195,69.6,162,17.7,208,16.7,55,101.6,239,103.3,191,105.3,177,100.4,77,75.9,294,-1.3,322,-0.9,260,-1.7,329,+0.2,139,-0.8,263,-1.3,281,1.91,66,26.5,291,71.5,22,2018,0.39858758191011856,19,14,0.5757575757575758,33
235,Lehigh,Pat,16-14,-6.23,105.7,156,111.9,309,70.8,56,+.042,72,-6.82,312,101.2,311,108.0,310,-2.17,220,,Pat,70.8,56,105.7,156,52.9,87,17.4,110,25.2,285,25.8,337,111.9,309,52.3,243,16.0,309,26.9,90,30.7,110,70.8,56,70.8,97,16.4,67,17.6,228,105.7,156,106.7,109,111.9,309,107.7,264,75.6,321,-0.6,255,-0.5,217,-0.8,280,-2.2,344,-1.3,298,-1.1,263,1.77,102,32.6,150,46.1,207,2018,0.3417493284347863,16,14,0.5333333333333333,30
184,Liberty,BSth,22-15,-1.22,103.9,188,105.2,175,63.1,343,-.052,300,-6.70,310,101.7,297,108.4,322,-5.44,314,,BSth,63.1,343,103.9,188,52.8,91,18.2,157,22.8,321,33.7,166,105.2,175,51.4,206,18.1,195,20.5,2,34.5,211,63.1,343,63.4,350,20.0,347,17.8,274,103.9,188,106.4,120,105.2,175,100.9,87,76.4,238,-1.4,328,-1.9,342,-0.9,296,-0.7,256,+0.6,100,+0.9,106,1.73,107,29.4,227,56.3,120,2018,0.4643118847666318,22,15,0.5945945945945946,37
167,Lipscomb,ASun,23-10,+0.43,103.2,203,102.8,125,74.9,5,+.112,7,-4.31,267,103.2,235,107.5,278,+5.84,30,15,ASun,74.9,5,103.2,203,51.5,146,20.0,277,27.4,218,40.6,27,102.8,125,52.0,233,19.9,81,24.3,23,38.4,283,74.9,5,76.5,4,15.3,12,16.1,8,103.2,203,103.4,186,102.8,125,100.9,90,77.3,104,-0.0,163,-0.2,191,+0.2,140,+0.5,118,+1.9,27,+0.1,177,1.66,134,31.0,195,65.4,48,2018,0.5111632071841989,23,10,0.696969696969697,33
296,Little Rock,SB,7-25,-11.91,93.8,338,105.7,185,65.0,320,-.058,308,-1.35,172,104.1,190,105.4,159,-0.37,166,,SB,65.0,320,93.8,338,47.4,316,21.7,334,28.3,193,32.1,214,105.7,185,50.8,171,19.9,82,31.2,285,40.6,307,65.0,320,66.4,313,18.5,300,17.8,269,93.8,338,92.4,341,105.7,185,104.9,202,75.8,304,+0.2,139,+0.4,115,-0.1,176,-0.8,285,-1.7,317,-2.8,337,0.54,346,47.7,1,17.4,343,2018,0.2020452154063155,7,25,0.21875,32
191,Long Beach St.,BW,15-18,-2.62,106.1,147,108.7,254,71.8,30,+.027,107,+1.11,116,104.7,166,103.5,92,+8.21,11,,BW,71.8,30,106.1,147,49.7,218,20.7,310,32.1,65,40.3,33,108.7,254,53.7,290,18.7,156,30.4,247,28.5,58,71.8,30,72.2,49,16.0,39,17.4,178,106.1,147,102.5,212,108.7,254,108.7,279,77.6,67,-0.3,208,-0.8,248,+0.2,140,+1.4,28,+1.0,75,+2.1,23,1.14,277,40.4,16,31.6,299,2018,0.43084311189384494,15,18,0.45454545454545453,33
340,Longwood,BSth,7-26,-20.41,89.6,347,110.0,279,69.1,121,-.039,276,-3.96,252,102.8,261,106.7,243,-0.88,182,,BSth,69.1,121,89.6,347,46.4,330,23.0,346,22.7,323,35.3,119,110.0,279,52.3,244,17.6,224,30.6,257,34.2,205,69.1,121,69.2,187,17.5,175,17.4,176,89.6,347,88.5,349,110.0,279,108.5,275,76.8,174,+0.1,151,-1.1,267,+1.2,41,+0.3,129,-1.0,282,+0.5,143,1.89,71,31.5,180,31.6,300,2018,0.08635794764831495,7,26,0.21212121212121213,33
69,Louisiana Lafayette,SB,27-7,+11.14,112.7,55,101.5,105,70.6,59,+.033,95,-2.59,213,103.5,221,106.1,195,-0.58,172,6,SB,70.6,59,112.7,55,52.7,99,18.3,166,35.9,6,38.0,58,101.5,105,49.1,77,19.6,94,27.9,136,36.1,237,70.6,59,72.1,54,16.9,114,16.7,60,112.7,55,113.0,26,101.5,105,99.0,40,76.7,202,-1.1,315,-1.5,321,-0.8,281,+0.3,133,-0.1,192,+1.4,73,2.15,31,29.9,212,52.7,141,2018,0.7691844976689797,27,7,0.7941176470588235,34
230,Louisiana Monroe,SB,16-16,-6.00,100.5,251,106.5,196,66.1,278,+.042,70,-2.83,221,102.7,264,105.6,170,-3.19,261,,SB,66.1,278,100.5,251,49.9,208,17.8,132,25.2,287,24.3,347,106.5,196,51.4,204,18.6,164,28.7,176,30.7,112,66.1,278,67.0,284,18.0,248,17.9,278,100.5,251,99.9,262,106.5,196,104.4,191,76.5,228,-0.3,218,+0.1,144,-0.8,281,+0.0,172,-0.3,223,-0.6,236,1.36,221,20.9,344,60.6,84,2018,0.33920176071780184,16,16,0.5,32
149,Louisiana Tech,CUSA,17-16,+2.01,106.9,137,104.9,173,67.3,218,-.067,324,-0.37,146,104.1,187,104.5,120,-3.36,265,,CUSA,67.3,218,106.9,137,50.9,170,17.9,143,27.4,219,36.5,88,104.9,173,50.6,164,18.2,184,29.0,198,32.1,146,67.3,218,68.5,217,17.3,157,18.0,293,106.9,137,105.7,130,104.9,173,103.4,161,77.2,118,+0.4,116,+0.4,117,+0.3,125,+0.6,98,+0.4,123,+0.1,181,1.46,196,39.8,19,56.1,123,2018,0.5540856736609239,17,16,0.5151515151515151,33
38,Louisville,ACC,22-14,+15.41,112.2,57,96.8,39,69.7,92,-.005,187,+8.90,42,109.6,46,100.7,32,-2.50,234,2,ACC,69.7,92,112.2,57,51.8,131,16.7,58,28.6,182,31.9,223,96.8,39,47.0,19,18.9,137,31.4,291,29.3,69,69.7,92,69.8,151,15.7,22,18.6,342,112.2,57,107.1,108,96.8,39,99.9,63,78.3,19,+2.0,16,+2.4,18,+1.7,23,+1.7,17,+0.9,83,+0.9,112,1.71,113,31.1,192,54.4,131,2018,0.8452490132560783,22,14,0.6111111111111112,36
31,Loyola Chicago,MVC,32-6,+16.39,111.4,63,95.0,17,65.5,307,+.077,22,+2.48,99,104.8,156,102.3,72,-5.47,315,11,MVC,65.5,307,111.4,63,57.7,7,19.1,227,22.1,332,32.2,210,95.0,17,47.4,31,19.4,108,25.9,58,25.2,15,65.5,307,65.6,329,18.4,285,18.3,326,111.4,63,108.0,93,95.0,17,94.9,11,76.5,229,-1.4,326,-1.2,300,-1.5,323,-0.8,271,+0.8,91,+1.0,98,1.97,59,32.7,147,60.6,85,2018,0.8619260435545009,32,6,0.8421052631578947,38
323,Loyola MD,Pat,9-22,-14.58,96.2,318,110.8,295,68.4,168,+.020,122,-5.37,288,102.6,271,108.0,306,-1.61,201,,Pat,68.4,168,96.2,318,47.8,305,18.9,217,29.1,163,33.3,176,110.8,295,54.4,309,18.7,159,26.4,69,40.4,306,68.4,168,69.4,174,17.6,191,17.2,133,96.2,318,97.6,300,110.8,295,108.2,270,75.3,335,-1.2,318,-1.2,297,-1.3,315,-1.8,332,-1.8,320,-1.2,271,1.73,108,31.9,170,56.7,117,2018,0.16452741920317504,9,22,0.2903225806451613,31
234,Loyola Marymount,WCC,11-20,-6.17,107.2,131,113.4,322,66.9,243,+.012,142,+0.50,130,105.3,137,104.8,126,-2.55,238,,WCC,66.9,243,107.2,131,49.4,230,19.1,226,34.3,22,32.5,203,113.4,322,57.4,346,19.8,88,31.3,289,42.7,331,66.9,243,67.5,256,18.7,313,17.2,141,107.2,131,104.9,148,113.4,322,112.9,333,77.1,130,+1.0,57,+2.8,12,-0.8,281,-0.2,196,-0.8,265,+0.7,130,0.72,333,31.6,177,24.7,321,2018,0.3437585778141452,11,20,0.3548387096774194,31
332,Maine,AE,6-26,-17.46,90.9,342,108.4,239,71.3,41,-.002,181,-2.82,220,103.5,223,106.3,210,-1.56,200,,AE,71.3,41,90.9,342,46.0,333,21.9,338,25.5,275,29.2,291,108.4,239,51.4,201,18.2,189,30.8,269,36.7,249,71.3,41,71.3,77,15.9,37,18.0,294,90.9,342,90.5,345,108.4,239,106.7,241,75.7,310,-1.2,316,-1.9,340,-0.5,242,+0.5,113,-1.6,312,-1.9,314,1.21,256,40.5,15,34.8,278,2018,0.11662532245287076,6,26,0.1875,32
216,Manhattan,MAAC,14-17,-4.95,99.3,269,104.2,160,65.8,291,-.007,194,-4.26,265,103.5,220,107.7,291,-3.79,283,,MAAC,65.8,291,99.3,269,51.6,145,22.7,344,31.0,98,37.6,65,104.2,160,50.1,136,21.6,24,32.1,309,41.0,313,65.8,291,67.5,260,18.4,293,17.3,149,99.3,269,100.7,247,104.2,160,102.1,117,76.4,241,+0.7,78,-0.1,160,+1.5,27,+0.9,72,-1.8,318,-2.6,333,2.25,20,32.4,155,57.9,107,2018,0.36495647960524596,14,17,0.45161290322580644,31
321,Marist,MAAC,6-25,-14.47,98.5,291,112.9,317,69.6,96,-.048,294,-4.24,264,103.4,228,107.6,285,-3.40,268,,MAAC,69.6,96,98.5,291,52.7,97,21.7,333,22.6,325,35.8,103,112.9,317,52.6,262,14.8,336,29.8,228,29.8,87,69.6,96,71.5,66,17.2,139,16.6,40,98.5,291,99.5,270,112.9,317,112.0,327,77.8,45,+0.4,112,-0.1,160,+0.8,79,+0.7,97,+1.1,55,+2.5,11,1.62,143,33.5,119,57.3,114,2018,0.17234072146622964,6,25,0.1935483870967742,31
53,Marquette,BE,21-14,+13.68,119.2,12,105.6,182,69.5,100,+.020,123,+9.99,24,110.9,18,100.9,40,-0.66,174,2,BE,69.5,100,119.2,12,56.8,14,17.3,99,27.6,211,28.8,301,105.6,182,53.8,292,18.1,197,29.6,217,38.9,289,69.5,100,70.4,113,17.1,131,17.3,162,119.2,12,114.4,15,105.6,182,110.3,303,76.6,219,+0.9,58,+0.9,75,+1.0,61,+0.6,101,-2.2,338,-1.5,292,1.51,185,28.4,253,42.7,231,2018,0.8010963051097627,21,14,0.6,35
105,Marshall,CUSA,25-11,+6.53,109.4,93,102.9,126,74.7,6,+.060,54,+0.07,137,105.6,118,105.5,164,-7.00,333,13,CUSA,74.7,6,109.4,93,54.7,31,17.2,91,22.6,326,33.1,186,102.9,126,49.8,118,18.4,174,32.4,312,28.8,63,74.7,6,75.8,7,14.2,3,17.5,208,109.4,93,108.7,80,102.9,126,103.6,167,76.6,203,+0.2,131,-0.1,160,+0.5,105,-0.8,271,+0.3,133,-0.8,246,1.40,208,24.6,324,38.8,257,2018,0.6691653182105651,25,11,0.6944444444444444,36
39,Maryland,B10,19-13,+15.03,114.1,45,99.1,67,66.3,266,-.046,286,+8.18,50,108.8,59,100.6,30,-4.21,293,,B10,66.3,266,114.1,45,54.3,41,20.4,294,31.4,84,37.9,59,99.1,67,47.5,33,16.3,296,28.2,155,24.0,7,66.3,266,66.5,307,18.1,265,18.0,301,114.1,45,109.2,71,99.1,67,100.8,86,77.8,44,+1.3,38,+2.0,22,+0.7,92,+1.6,20,+1.1,56,-0.3,212,1.26,244,29.6,221,48.6,182,2018,0.8349160265873483,19,13,0.59375,32
349,Maryland Eastern Shore,MEAC,7-25,-27.06,90.8,343,117.8,343,65.9,286,-.018,227,-7.58,329,101.0,320,108.5,325,+7.48,18,,MEAC,65.9,286,90.8,343,43.1,349,19.4,253,28.2,196,29.7,283,117.8,343,54.7,316,16.0,307,34.7,342,31.9,141,65.9,286,67.0,286,19.6,343,16.4,28,90.8,343,90.4,346,117.8,343,116.3,346,76.4,236,-0.3,203,-0.3,199,-0.3,207,-0.5,235,-0.3,215,-0.5,225,0.61,343,26.9,285,20.1,338,2018,0.047707512845433134,7,25,0.21875,32
207,Massachusetts,A10,13-20,-4.09,106.4,142,110.5,285,66.4,264,-.013,212,-0.54,149,104.3,182,104.8,129,-3.17,259,,A10,66.4,264,106.4,142,52.5,105,18.6,185,27.2,222,25.1,339,110.5,285,51.5,208,16.5,285,29.7,223,33.2,173,66.4,264,67.4,269,18.5,299,17.4,174,106.4,142,104.8,153,110.5,285,108.8,280,76.3,256,+0.4,117,+1.0,61,-0.3,216,-0.8,283,-1.3,301,-1.2,269,1.13,278,25.6,308,38.9,255,2018,0.3929772955702033,13,20,0.3939393939393939,33
291,McNeese St.,Slnd,12-17,-11.47,100.6,247,112.1,311,70.4,68,-.025,247,-5.05,284,101.5,306,106.5,229,+7.74,14,,Slnd,70.4,68,100.6,247,48.8,264,19.0,221,29.3,155,32.7,196,112.1,311,49.8,115,15.2,329,33.3,328,31.5,130,70.4,68,71.6,63,16.7,95,17.2,135,100.6,247,100.3,255,112.1,311,108.5,274,76.6,210,-0.3,197,-1.1,267,+0.5,103,-1.5,319,-0.5,243,+1.5,52,1.65,138,26.2,297,65.4,47,2018,0.22361037768733355,12,17,0.41379310344827586,29
161,Memphis,Amer,21-13,+0.78,107.5,125,106.7,200,66.6,255,+.135,1,+0.42,131,104.7,164,104.2,112,-6.39,323,,Amer,66.6,255,107.5,125,50.7,180,20.4,295,35.1,11,43.6,5,106.7,200,50.8,172,18.9,138,33.7,333,32.4,154,66.6,255,66.2,318,18.3,282,18.2,324,107.5,125,105.0,146,106.7,200,105.8,228,77.3,98,-0.0,161,-1.1,267,+1.0,62,+0.8,80,+0.1,152,+1.7,37,0.63,341,35.9,59,24.3,324,2018,0.5214621607065124,21,13,0.6176470588235294,34
154,Mercer,SC,19-15,+1.27,111.7,60,110.5,283,64.3,335,-.047,288,-2.86,223,102.9,252,105.8,178,-0.19,161,,SC,64.3,335,111.7,60,54.3,42,18.8,206,31.3,87,35.8,104,110.5,283,53.1,274,16.5,286,24.9,32,33.6,187,64.3,335,65.1,335,19.2,326,17.8,264,111.7,60,112.1,29,110.5,283,107.5,259,76.9,148,-0.1,166,-0.4,207,+0.3,129,+0.4,123,+0.2,146,+0.1,176,2.17,27,36.0,57,74.6,15,2018,0.5310135417352415,19,15,0.5588235294117647,34
37,Miami FL,ACC,22-10,+15.43,112.9,53,97.4,48,67.0,233,+.017,128,+8.08,52,109.1,52,101.0,42,-3.82,284,6,ACC,67.0,233,112.9,53,53.1,84,16.8,64,29.1,164,29.1,296,97.4,48,49.0,71,18.8,145,28.2,154,28.1,47,67.0,233,67.9,246,17.8,222,17.7,241,112.9,53,107.6,98,97.4,48,99.3,47,77.1,129,+1.3,41,+1.6,37,+0.9,68,+0.3,134,+0.6,104,-1.8,312,1.34,227,33.8,113,60.6,86,2018,0.8453095666701088,22,10,0.6875,32
194,Miami OH,MAC,16-18,-2.82,100.2,254,103.0,132,66.7,248,+.022,118,-0.68,151,104.8,150,105.5,165,+1.72,112,,MAC,66.7,248,100.2,254,50.1,200,19.3,243,27.1,229,27.0,330,103.0,132,51.4,203,18.1,192,25.8,56,28.5,55,66.7,248,68.2,229,18.4,291,16.8,73,100.2,254,99.1,276,103.0,132,102.6,134,76.8,178,-0.2,188,-0.5,220,+0.1,163,-0.2,202,-0.1,189,+0.6,134,0.89,316,32.7,146,27.6,313,2018,0.4214194317666514,16,18,0.47058823529411764,34
7,Michigan,B10,33-8,+24.20,114.7,35,90.5,3,64.9,324,+.052,61,+10.32,18,111.4,7,101.1,47,-4.83,301,3,B10,64.9,324,114.7,35,53.9,56,14.0,4,25.5,278,30.7,258,90.5,3,47.7,38,19.5,103,24.9,34,29.9,90,64.9,324,65.6,328,18.6,308,18.0,299,114.7,35,109.8,56,90.5,3,95.9,17,77.8,50,+1.7,23,+2.5,14,+0.8,80,+0.8,82,+1.1,65,-0.4,219,1.67,128,28.6,249,43.3,228,2018,0.9384948809997944,33,8,0.8048780487804879,41
6,Michigan St.,B10,30-5,+25.41,119.2,13,93.8,10,67.0,234,+.038,83,+6.64,62,108.6,63,101.9,65,-5.03,303,3,B10,67.0,234,119.2,13,56.9,12,19.2,236,37.0,4,35.9,100,93.8,10,42.7,1,14.6,341,26.6,76,30.7,111,67.0,234,68.1,238,16.9,115,18.4,335,119.2,13,117.2,7,93.8,10,95.3,13,77.3,95,+0.9,67,+1.0,65,+0.8,83,+1.3,38,+1.0,73,-1.3,283,1.43,203,36.2,53,67.7,36,2018,0.9402420909241176,30,5,0.8571428571428571,35
45,Middle Tennessee,CUSA,25-8,+14.68,111.3,67,96.6,35,66.5,259,+.008,154,+3.58,83,107.5,76,103.9,101,+7.65,15,3,CUSA,66.5,259,111.3,67,53.1,81,18.6,180,30.7,108,30.1,273,96.6,35,49.2,88,19.1,126,22.3,6,40.8,310,66.5,259,67.7,252,18.3,279,17.4,173,111.3,67,109.2,72,96.6,35,98.0,32,76.4,242,+0.3,124,+0.4,113,+0.1,158,-2.4,346,-0.8,265,+0.6,141,1.59,151,34.7,88,48.9,178,2018,0.8360299907986964,25,8,0.7575757575757576,33
196,Milwaukee,Horz,16-17,-3.11,100.3,253,103.4,144,65.7,294,-.023,241,-4.43,274,102.3,285,106.7,241,-2.02,216,,Horz,65.7,294,100.3,253,50.9,172,18.1,149,25.1,288,27.7,321,103.4,144,50.1,133,18.0,202,23.8,20,27.4,42,65.7,294,67.5,257,18.6,304,17.1,120,100.3,253,100.6,249,103.4,144,100.2,71,76.1,275,-0.2,181,-0.3,198,-0.1,174,-0.6,251,-1.6,314,-1.0,255,1.31,234,28.5,252,65.1,51,2018,0.4133699151297985,16,17,0.48484848484848486,33
117,Minnesota,B10,15-17,+5.08,108.7,104,103.7,152,69.8,85,-.020,233,+6.85,61,108.8,60,101.9,66,-5.09,305,,B10,69.8,85,108.7,104,48.7,272,15.5,21,30.0,132,35.1,126,103.7,152,50.5,155,16.0,308,29.5,213,27.1,37,69.8,85,70.3,120,17.0,121,17.4,170,108.7,104,105.2,137,103.7,152,106.0,231,77.6,71,+0.7,77,+0.8,80,+0.7,88,+1.0,63,+0.3,137,+1.0,100,2.14,34,36.7,47,64.0,59,2018,0.6321685668745428,15,17,0.46875,32
108,Mississippi,SEC,12-20,+6.42,111.1,68,104.7,168,70.0,77,-.053,301,+9.62,31,109.7,42,100.0,13,+0.90,139,,SEC,70.0,77,111.1,68,48.3,284,15.9,31,31.3,89,33.8,162,104.7,168,51.5,211,17.3,246,30.7,264,36.9,254,70.0,77,70.7,102,16.3,63,17.7,237,111.1,68,105.5,133,104.7,168,109.0,283,76.8,169,-0.1,172,+0.2,133,-0.4,235,-0.8,271,-0.4,228,+1.5,52,1.70,114,34.4,94,52.9,138,2018,0.664254774126404,12,20,0.375,32
54,Mississippi St.,SEC,25-12,+13.61,110.5,76,96.9,40,67.3,219,+.042,74,+7.03,60,108.5,64,101.5,57,-10.55,345,4,SEC,67.3,219,110.5,76,52.2,113,19.1,230,32.1,64,31.7,230,96.9,40,48.3,45,19.5,101,30.7,266,29.7,84,67.3,219,68.2,234,17.8,218,17.5,195,110.5,76,106.0,126,96.9,40,99.3,48,77.3,102,+1.3,42,+1.6,34,+0.9,72,-0.8,271,+0.5,120,+0.2,168,1.29,240,33.4,123,64.2,56,2018,0.819115148875277,25,12,0.6756756756756757,37
348,Mississippi Valley St.,SWAC,4-28,-24.21,90.3,345,114.5,327,69.4,106,-.032,267,-7.46,327,100.3,332,107.8,295,+7.23,19,,SWAC,69.4,106,90.3,345,42.6,351,19.1,229,30.4,119,29.1,297,114.5,327,54.9,319,19.6,96,31.1,282,39.2,294,69.4,106,69.9,144,17.6,196,17.0,101,90.3,345,91.1,343,114.5,327,110.3,306,75.7,313,-2.3,349,-2.1,348,-2.4,345,-0.8,271,-0.5,240,+0.4,164,0.32,349,45.7,2,11.0,349,2018,0.06119572580110583,4,28,0.125,32
40,Missouri,SEC,20-13,+14.83,111.9,58,97.0,43,65.7,296,-.025,249,+9.55,32,109.8,41,100.2,19,+1.07,132,8,SEC,65.7,296,111.9,58,54.1,51,20.8,313,30.3,121,38.3,54,97.0,43,46.7,16,16.0,306,27.9,137,30.3,102,65.7,296,67.3,271,17.9,246,17.8,270,111.9,58,107.2,107,97.0,43,100.6,82,78.0,35,+1.4,36,+1.6,41,+1.1,53,+1.6,23,+0.3,141,+1.2,82,1.90,70,27.8,270,47.3,196,2018,0.8379818836466519,20,13,0.6060606060606061,33
120,Missouri St.,MVC,18-15,+4.81,108.3,112,103.5,145,65.5,309,-.046,287,+1.05,121,103.9,194,102.9,80,-3.02,250,,MVC,65.5,309,108.3,112,49.4,232,17.5,117,33.1,45,27.3,326,103.5,145,47.5,34,14.8,335,25.8,57,30.4,104,65.5,309,66.0,322,18.2,273,18.3,328,108.3,112,105.1,144,103.5,145,101.5,104,76.9,153,+0.1,141,+0.6,102,-0.3,212,+0.1,161,+0.8,92,-0.7,243,1.82,87,33.0,139,63.0,68,2018,0.627460050401588,18,15,0.5454545454545454,33
183,Monmouth,MAAC,11-20,-1.21,103.5,198,104.7,170,70.0,79,-.112,349,-0.86,158,104.8,155,105.7,174,+5.06,38,,MAAC,70.0,79,103.5,198,52.3,111,20.9,316,26.6,245,44.1,3,104.7,170,51.4,199,18.3,180,26.9,88,41.6,320,70.0,79,71.2,85,16.4,69,17.4,186,103.5,198,102.8,202,104.7,170,104.2,185,77.0,137,-0.1,174,+0.2,135,-0.5,237,-0.0,175,+0.5,115,+0.9,110,1.17,271,44.5,5,34.7,279,2018,0.4669068728500136,11,20,0.3548387096774194,31
72,Montana,BSky,26-8,+10.40,108.8,101,98.4,56,68.0,185,-.000,175,-1.96,186,104.0,192,106.0,192,+2.09,98,14,BSky,68.0,185,108.8,101,51.2,157,17.4,112,33.5,37,38.3,53,98.4,56,48.4,51,21.2,30,26.1,62,41.4,318,68.0,185,69.7,154,16.7,88,17.9,285,108.8,101,108.8,77,98.4,56,96.7,18,76.8,179,-0.2,180,-1.1,267,+0.7,89,+0.5,114,-0.8,265,+0.6,139,2.12,38,25.4,313,58.2,103,2018,0.7604978879618081,26,8,0.7647058823529411,34
270,Montana St.,BSky,13-19,-9.27,102.1,228,111.3,302,69.7,94,+.026,110,-2.85,222,104.5,172,107.4,272,-1.88,212,,BSky,69.7,94,102.1,228,47.8,304,17.1,83,28.7,179,39.0,44,111.3,302,54.9,320,18.4,170,27.8,133,36.3,241,69.7,94,71.4,69,17.2,146,16.6,42,102.1,228,102.5,210,111.3,302,109.9,295,76.0,286,-1.5,333,-2.2,351,-0.8,281,-0.5,236,-0.6,249,-0.1,193,1.95,62,34.3,98,69.5,29,2018,0.270481676133112,13,19,0.40625,32
273,Morehead St.,OVC,8-21,-9.96,99.0,274,109.0,258,68.5,164,-.069,328,-0.74,154,104.7,160,105.5,162,+7.60,16,,OVC,68.5,164,99.0,274,48.2,290,22.1,343,31.1,93,36.7,79,109.0,258,55.2,325,19.9,80,30.0,237,40.9,312,68.5,164,70.2,121,17.5,177,16.8,65,99.0,274,97.2,304,109.0,258,109.7,291,75.4,332,-1.6,337,-2.0,344,-1.1,307,-1.7,327,-1.7,316,-0.5,225,0.49,348,33.0,136,20.4,337,2018,0.24850111947395648,8,21,0.27586206896551724,29
324,Morgan St.,MEAC,13-19,-14.82,96.3,317,111.1,298,68.9,133,-.060,314,-11.95,349,98.6,348,110.5,347,+0.36,149,,MEAC,68.9,133,96.3,317,45.6,336,18.7,201,33.5,38,39.3,37,111.1,298,51.9,228,20.5,51,30.7,263,41.7,323,68.9,133,70.6,104,15.8,29,18.1,308,96.3,317,100.3,254,111.1,298,104.9,203,76.7,200,+0.3,123,+0.1,142,+0.5,104,-0.2,198,+0.0,180,-1.1,264,1.51,181,37.3,42,69.9,27,2018,0.1619123777740885,13,19,0.40625,32
238,Mount St. Mary's,NEC,18-14,-6.36,103.7,191,110.1,281,64.7,325,+.029,103,-8.63,335,100.7,327,109.4,342,-3.44,271,,NEC,64.7,325,103.7,191,54.1,53,16.2,39,20.5,341,29.1,294,110.1,281,51.7,222,20.2,69,35.4,348,27.3,41,64.7,325,66.6,300,18.7,310,17.5,206,103.7,191,106.3,121,110.1,281,106.1,234,75.8,301,-0.3,212,-0.5,221,-0.1,179,+0.2,139,+2.1,12,-6.5,351,1.50,186,23.8,334,44.3,220,2018,0.3343223988235365,18,14,0.5625,32
62,Murray St.,OVC,26-6,+12.19,112.9,54,100.7,93,67.2,222,-.000,176,-3.56,243,102.9,253,106.4,222,-0.99,185,12,OVC,67.2,222,112.9,54,55.0,27,17.6,123,32.9,53,37.3,70,100.7,93,47.2,27,18.0,200,27.6,123,30.5,106,67.2,222,67.6,253,17.5,185,18.1,313,112.9,54,114.3,16,100.7,93,98.6,36,76.3,257,+0.1,148,-0.6,231,+0.8,78,-1.7,326,-0.6,255,-0.4,223,1.81,92,25.8,305,50.1,161,2018,0.7883656062507219,26,6,0.8125,32
46,N.C. State,ACC,21-12,+14.52,116.3,21,101.8,109,71.4,38,-.001,178,+7.71,55,108.6,62,100.9,39,-9.71,342,9,ACC,71.4,38,116.3,21,53.4,74,16.8,63,33.4,40,34.2,148,101.8,109,51.6,216,20.4,57,32.0,307,33.7,189,71.4,38,72.1,56,16.1,51,17.3,156,116.3,21,111.9,30,101.8,109,103.9,177,76.4,235,+0.6,91,+1.4,47,-0.1,185,-1.6,323,-1.2,295,-0.3,207,2.09,42,30.1,209,35.2,276,2018,0.8222072560020954,21,12,0.6363636363636364,33
254,NJIT,ASun,14-16,-7.95,98.6,286,106.6,198,66.9,241,-.024,242,-7.24,322,103.3,231,110.6,348,-2.51,236,,ASun,66.9,241,98.6,286,49.8,209,18.5,174,30.0,131,32.9,192,106.6,198,53.0,273,20.3,67,28.6,169,33.7,191,66.9,241,70.4,111,17.9,230,16.4,24,98.6,286,102.2,222,106.6,198,104.5,193,76.0,287,+0.1,152,+0.7,89,-0.5,253,-1.8,329,-0.8,261,-1.8,308,1.07,289,35.7,63,46.4,206,2018,0.28963840233321864,14,16,0.4666666666666667,30
225,Navy,Pat,20-12,-5.67,98.7,284,104.3,162,65.4,310,+.095,15,-8.20,333,100.8,324,109.0,335,-6.56,325,,Pat,65.4,310,98.7,284,49.6,222,21.2,327,31.7,79,36.2,94,104.3,162,53.2,280,21.3,29,22.2,5,34.0,198,65.4,310,66.7,297,18.5,297,17.7,238,98.7,284,101.0,243,104.3,162,100.0,68,76.3,255,-0.7,257,-1.3,310,-0.0,171,-0.8,271,-0.2,208,-0.2,204,1.81,93,34.0,108,76.7,9,2018,0.34645832200617727,20,12,0.625,32
55,Nebraska,B10,22-11,+13.54,110.6,75,97.1,44,67.4,214,+.055,59,+7.14,59,108.4,66,101.3,50,-3.10,255,5,B10,67.4,214,110.6,75,49.1,247,16.0,34,30.1,130,37.6,67,97.1,44,47.0,22,18.3,177,34.0,337,26.5,30,67.4,214,68.2,231,17.2,140,18.1,307,110.6,75,105.7,129,97.1,44,100.3,74,77.4,82,+0.9,68,+0.6,96,+1.1,57,+0.9,73,+0.8,87,-0.3,208,1.85,77,30.0,211,44.8,215,2018,0.8171348601965933,22,11,0.6666666666666666,33
283,Nebraska Omaha,Sum,9-22,-10.67,104.1,187,114.7,330,69.8,87,+.012,143,+1.80,105,106.9,88,105.1,144,+4.31,52,,Sum,69.8,87,104.1,187,51.3,156,18.0,146,24.9,293,27.3,327,114.7,330,55.8,332,15.7,315,30.7,265,28.2,50,69.8,87,72.5,41,16.8,100,16.6,50,104.1,187,102.1,223,114.7,330,116.0,345,76.1,274,-0.5,244,-0.4,210,-0.6,260,-1.4,314,-0.4,227,-0.5,225,1.06,290,33.0,138,42.2,234,2018,0.2469152598572938,9,22,0.2903225806451613,31
25,Nevada,MWC,29-8,+18.39,120.2,7,101.8,108,69.4,105,-.026,255,+5.13,74,107.0,87,101.8,63,+3.61,67,7,MWC,69.4,105,120.2,7,54.8,30,13.5,1,26.6,244,36.3,93,101.8,108,49.4,99,18.0,205,29.3,204,30.1,97,69.4,105,70.4,116,16.1,48,18.2,317,120.2,7,116.0,8,101.8,108,102.4,126,78.3,20,-0.9,280,-1.9,341,+0.2,140,+2.2,8,+4.0,1,+3.0,7,2.28,17,25.0,318,36.9,265,2018,0.8710965961543158,29,8,0.7837837837837838,37
278,New Hampshire,AE,10-21,-10.35,98.2,297,108.5,244,65.4,313,-.069,327,-4.86,283,102.4,280,107.2,269,-4.07,288,,AE,65.4,313,98.2,297,46.3,331,17.4,113,28.5,186,30.5,260,108.5,244,50.7,168,13.7,349,21.4,3,41.4,317,65.4,313,66.0,324,18.8,316,17.7,250,98.2,297,99.2,273,108.5,244,105.2,210,76.3,259,-0.2,192,-0.7,234,+0.2,140,-0.1,184,-1.9,323,-0.2,205,2.01,54,33.0,135,50.7,152,2018,0.24102731658375667,10,21,0.3225806451612903,31
106,New Mexico,MWC,19-15,+6.52,113.3,51,106.8,204,71.3,42,-.022,236,+2.70,97,105.9,110,103.2,86,+1.41,117,,MWC,71.3,42,113.3,51,53.5,73,16.8,65,26.1,255,34.6,135,106.8,204,54.8,318,22.0,15,31.0,278,40.0,300,71.3,42,72.7,36,16.6,84,16.6,53,113.3,51,109.9,55,106.8,204,106.4,240,77.0,143,+0.5,104,+0.2,132,+0.7,94,+0.3,131,-0.2,206,-0.1,191,1.54,168,40.9,14,25.4,317,2018,0.6636124222746269,19,15,0.5588235294117647,34
60,New Mexico St.,WAC,28-6,+12.92,107.9,116,95.0,16,68.5,165,+.027,106,-1.40,174,104.0,193,105.4,157,+3.70,66,12,WAC,68.5,165,107.9,116,51.6,142,17.4,108,33.8,32,29.1,295,95.0,16,46.0,9,19.0,130,22.5,8,33.0,171,68.5,165,69.9,146,17.2,142,17.5,201,107.9,116,107.5,101,95.0,16,93.2,4,75.4,327,-0.9,289,-0.7,237,-1.1,308,-0.9,294,-1.4,303,-2.7,334,1.35,222,34.6,89,35.8,270,2018,0.8121851627142713,28,6,0.8235294117647058,34
266,New Orleans,Slnd,16-17,-8.95,98.5,288,107.4,223,66.1,279,+.047,67,-4.84,282,101.6,301,106.5,225,+11.06,3,,Slnd,66.1,279,98.5,288,48.7,269,21.9,340,32.8,54,41.4,18,107.4,223,53.2,279,22.3,9,30.9,273,38.3,278,66.1,279,68.0,239,18.1,255,17.3,154,98.5,288,98.9,281,107.4,223,103.9,174,76.7,188,+0.1,146,-0.1,171,+0.3,131,-0.2,201,+1.1,56,-1.6,301,1.01,298,44.8,4,33.4,284,2018,0.2699666490869678,16,17,0.48484848484848486,33
205,Niagara,MAAC,19-14,-3.99,109.5,88,113.5,323,73.7,10,+.090,18,-4.08,258,102.6,269,106.7,242,-3.49,274,,MAAC,73.7,10,109.5,88,50.8,173,15.0,13,30.9,101,38.0,57,113.5,323,52.6,260,15.5,321,31.0,275,29.4,72,73.7,10,74.9,12,15.0,7,17.3,167,109.5,88,110.4,53,113.5,323,111.0,317,75.8,303,-0.8,275,-1.6,326,-0.1,181,-0.6,246,-1.2,294,-1.4,286,2.03,52,33.8,114,72.7,20,2018,0.39828878024035735,19,14,0.5757575757575758,33
185,Nicholls St.,Slnd,21-11,-1.56,103.3,200,104.9,172,73.5,12,+.037,85,-5.69,295,101.9,292,107.6,283,+4.11,57,,Slnd,73.5,12,103.3,200,51.9,130,20.4,291,30.5,117,37.3,71,104.9,172,50.2,141,21.1,34,30.6,259,45.2,342,73.5,12,75.9,6,15.3,13,16.3,14,103.3,200,104.8,152,104.9,172,101.0,93,75.6,320,+0.0,156,+0.5,104,-0.5,243,-1.0,302,-2.9,344,-2.0,320,1.22,253,31.3,188,24.1,326,2018,0.45592554101711363,21,11,0.65625,32
312,Norfolk St.,MEAC,14-19,-13.14,95.4,328,108.6,249,69.0,127,+.002,172,-11.00,345,98.9,344,109.9,345,+0.76,143,,MEAC,69.0,127,95.4,328,49.4,231,21.1,325,31.6,81,31.3,239,108.6,249,50.0,130,20.2,70,29.8,230,43.1,334,69.0,127,71.6,62,16.9,116,16.8,68,95.4,328,99.2,272,108.6,249,103.1,152,77.2,109,+0.2,130,+0.8,82,-0.3,215,+0.0,174,+0.5,110,+1.2,81,0.92,309,32.4,156,32.9,289,2018,0.18387407208411646,14,19,0.42424242424242425,33
8,North Carolina,ACC,26-11,+23.59,120.3,6,96.7,38,71.2,46,-.011,207,+13.26,1,111.6,5,98.3,1,+7.58,17,2,ACC,71.2,46,120.3,6,52.0,124,16.7,61,37.4,3,28.0,315,96.7,38,50.1,135,16.3,301,25.5,48,26.0,23,71.2,46,71.7,59,15.4,14,18.2,323,120.3,6,113.3,24,96.7,38,102.2,120,77.5,78,+0.7,89,+0.1,145,+1.2,41,+1.1,56,+1.0,76,-0.0,188,1.62,142,27.3,277,40.8,246,2018,0.9249312490203411,26,11,0.7027027027027027,37
306,North Carolina A&T,MEAC,20-15,-12.68,98.1,299,110.8,293,69.3,113,+.098,12,-11.80,348,98.7,347,110.5,346,-1.27,189,,MEAC,69.3,113,98.1,299,51.2,160,19.5,258,28.0,200,37.5,68,110.8,293,51.5,212,18.1,199,28.9,189,31.5,128,69.3,113,70.1,133,17.9,241,16.6,51,98.1,299,102.4,215,110.8,293,104.7,198,75.6,324,-1.3,321,-1.3,308,-1.3,314,-1.7,325,-0.8,265,-1.0,256,1.33,229,33.4,120,18.0,341,2018,0.1978156053907756,20,15,0.5714285714285714,35
316,North Carolina Central,MEAC,19-16,-13.41,96.6,314,110.0,276,65.0,321,+.019,126,-12.78,350,98.4,349,111.2,351,-1.47,196,16,MEAC,65.0,321,96.6,314,50.4,189,20.9,315,32.9,52,30.3,269,110.0,276,48.5,57,16.7,274,29.9,231,34.3,207,65.0,321,67.8,248,18.2,278,17.4,181,96.6,314,102.4,217,110.0,276,103.3,158,76.2,264,-0.3,201,-0.3,197,-0.2,204,-0.9,289,-0.8,262,-0.6,235,0.50,347,35.3,75,11.5,347,2018,0.18334176923987514,19,16,0.5428571428571428,35
239,North Dakota,BSky,12-20,-6.41,103.1,207,109.5,265,71.4,39,+.015,135,+1.09,118,106.0,108,104.9,133,+6.47,24,,BSky,71.4,39,103.1,207,51.8,132,17.5,115,19.8,343,35.5,109,109.5,265,56.3,337,19.7,90,29.6,217,34.0,201,71.4,39,73.1,28,15.7,26,17.1,126,103.1,207,101.4,237,109.5,265,111.0,318,76.8,167,-0.7,263,-0.7,236,-0.8,276,-0.8,271,+0.5,119,+1.9,27,1.43,204,27.9,268,42.5,233,2018,0.33345731394034406,12,20,0.375,32
176,North Dakota St.,Sum,15-17,-0.37,105.0,169,105.4,179,66.5,261,-.078,334,-0.09,142,106.3,104,106.4,217,+1.58,113,,Sum,66.5,261,105.0,169,53.7,69,18.4,172,23.0,320,30.4,262,105.4,179,49.6,106,14.5,345,25.2,42,33.5,184,66.5,261,68.4,221,18.4,289,16.9,82,105.0,169,105.2,136,105.4,179,105.7,225,77.7,60,-0.3,202,-0.3,195,-0.3,213,+1.2,42,+2.2,10,+1.5,52,1.82,88,32.5,153,51.1,150,2018,0.48907016931470776,15,17,0.46875,32
282,North Florida,ASun,14-19,-10.65,107.7,121,118.4,345,73.6,11,+.074,29,-0.86,159,104.7,162,105.6,167,+9.82,5,,ASun,73.6,11,107.7,121,53.6,70,19.3,240,25.0,291,27.6,323,118.4,345,53.9,294,13.6,350,35.1,345,23.5,4,73.6,11,75.3,9,16.2,57,15.7,1,107.7,121,104.8,151,118.4,345,117.9,348,75.9,291,-0.7,264,-1.4,314,-0.1,177,-0.3,214,-1.4,304,-1.3,275,0.55,345,33.3,129,27.7,312,2018,0.2517557500644079,14,19,0.42424242424242425,33
146,North Texas,CUSA,20-18,+2.20,105.6,162,103.4,142,67.8,196,-.048,295,-0.69,153,103.5,222,104.1,108,-0.50,170,,CUSA,67.8,196,105.6,162,51.1,164,18.6,184,30.3,124,33.6,168,103.4,142,48.6,60,17.3,244,25.7,51,38.8,288,67.8,196,69.3,181,18.1,268,16.6,54,105.6,162,103.6,178,103.4,142,101.5,105,76.4,244,-0.3,207,-0.1,182,-0.5,240,-1.3,313,+0.1,152,-0.3,215,0.80,327,34.1,106,39.1,254,2018,0.5602345960833478,20,18,0.5263157894736842,38
96,Northeastern,CAA,23-10,+7.34,107.8,117,100.5,86,67.0,237,+.030,99,-1.27,169,106.1,105,107.4,273,+4.09,59,,CAA,67.0,237,107.8,117,56.9,13,19.8,274,25.3,283,35.1,127,100.5,86,49.4,94,17.9,206,25.6,50,33.0,169,67.0,237,67.8,247,18.5,298,17.0,97,107.8,117,108.9,76,100.5,86,101.2,97,77.2,121,-0.5,239,+0.2,137,-1.2,309,+0.2,139,+1.2,53,+1.4,71,1.49,190,31.7,175,56.2,121,2018,0.6913373988710783,23,10,0.696969696969697,33
327,Northern Arizona,BSky,5-27,-16.02,93.5,340,109.5,266,68.6,158,-.030,264,+0.26,133,105.3,140,105.0,141,+3.45,73,,BSky,68.6,158,93.5,340,44.9,340,22.0,341,27.1,230,42.6,10,109.5,266,55.3,328,19.0,131,29.5,216,37.0,260,68.6,158,70.4,115,17.7,202,16.5,37,93.5,340,91.8,342,109.5,266,110.7,310,77.4,85,+0.6,92,-0.1,160,+1.2,38,+0.6,105,+0.2,147,+1.1,94,1.35,223,37.5,38,30.1,307,2018,0.1398452574277853,5,27,0.15625,32
104,Northern Colorado,BSky,26-12,+6.55,107.3,129,100.8,94,72.2,24,-.023,239,-1.73,181,104.4,178,106.1,197,+1.38,119,,BSky,72.2,24,107.3,129,53.8,65,16.8,69,25.4,282,33.8,163,100.8,94,48.8,67,17.4,240,24.4,25,36.8,252,72.2,24,73.4,24,16.4,65,16.6,43,107.3,129,107.4,103,100.8,94,99.4,54,75.9,298,-1.6,334,-0.7,232,-2.4,347,-2.2,342,-0.8,265,+1.5,52,1.55,165,23.7,335,44.1,222,2018,0.672307108839754,26,12,0.6842105263157895,38
249,Northern Illinois,MAC,13-19,-7.66,103.3,201,111.0,297,67.0,235,+.002,173,-1.45,176,104.8,159,106.2,204,-3.54,276,,MAC,67.0,235,103.3,201,49.5,226,17.0,78,28.3,191,33.1,185,111.0,297,54.4,306,17.4,242,28.9,188,33.5,182,67.0,235,68.8,205,17.5,182,17.5,209,103.3,201,103.5,183,111.0,297,110.7,309,76.4,245,-0.0,165,-0.3,192,+0.2,140,-0.2,194,-0.7,259,-1.2,266,0.77,328,32.8,143,30.4,306,2018,0.3043290010007348,13,19,0.40625,32
122,Northern Iowa,MVC,16-16,+4.51,103.2,205,98.7,60,62.7,349,-.032,266,+4.58,78,106.8,92,102.2,71,+6.04,28,,MVC,62.7,349,103.2,205,48.5,280,17.5,122,24.5,298,31.3,238,98.7,60,49.8,116,17.0,261,22.1,4,25.6,17,62.7,349,63.6,347,20.5,349,17.2,137,103.2,205,99.0,280,98.7,60,99.1,44,76.6,207,+0.3,122,+0.5,111,+0.2,140,+0.6,103,-0.7,256,-1.5,299,1.43,205,33.3,132,59.1,93,2018,0.625442700528222,16,16,0.5,32
90,Northern Kentucky,Horz,22-10,+7.93,107.5,123,99.6,75,68.6,159,-.073,332,-4.04,256,102.6,272,106.6,234,+1.95,105,7,Horz,68.6,159,107.5,123,53.8,61,17.6,127,28.0,201,31.0,248,99.6,75,47.1,23,19.2,119,26.8,85,31.8,136,68.6,159,70.2,126,16.8,101,17.6,231,107.5,123,108.3,87,99.6,75,95.6,14,76.2,263,-1.7,340,-2.2,350,-1.1,305,+0.2,139,-0.1,197,+0.5,143,1.74,106,28.2,257,73.4,17,2018,0.7063619411849165,22,10,0.6875,32
85,Northwestern,B10,15-17,+8.57,109.2,96,100.6,90,63.9,340,-.068,326,+8.85,43,109.0,55,100.2,17,-1.90,213,,B10,63.9,340,109.2,96,49.5,228,17.8,139,29.4,151,29.1,293,100.6,90,51.0,180,19.0,134,27.7,129,37.0,259,63.9,340,65.1,334,18.2,274,18.9,349,109.2,96,103.8,175,100.6,90,102.4,125,77.9,36,+0.2,127,-0.6,227,+1.1,58,+1.4,30,+1.4,40,+2.3,21,2.33,13,29.7,218,71.5,21,2018,0.7197720660080693,15,17,0.46875,32
345,Northwestern St.,Slnd,4-25,-22.41,88.3,349,110.7,291,68.9,137,-.080,337,-3.59,245,102.6,270,106.2,203,+7.92,13,,Slnd,68.9,137,88.3,349,44.3,345,24.7,351,32.4,59,33.2,181,110.7,291,54.1,299,19.1,122,34.5,339,40.1,303,68.9,137,71.2,79,17.8,220,16.0,3,88.3,349,86.8,350,110.7,291,110.2,301,76.0,280,-0.2,187,-1.1,267,+0.6,95,-0.7,261,-0.7,257,-2.1,321,1.08,288,43.7,6,29.8,308,2018,0.06914080683845135,4,25,0.13793103448275862,29
35,Notre Dame,ACC,21-15,+15.79,114.9,32,99.1,68,65.4,312,-.058,309,+8.65,45,109.8,39,101.2,49,-1.70,203,1,ACC,65.4,312,114.9,32,51.1,162,14.7,9,31.1,97,31.0,251,99.1,68,49.3,89,16.4,293,28.8,179,22.6,2,65.4,312,66.5,306,18.6,303,17.6,232,114.9,32,110.9,45,99.1,68,102.8,144,77.6,64,+0.4,113,+0.6,103,+0.2,136,+1.2,42,+1.0,70,+1.0,103,1.45,198,28.8,242,53.1,137,2018,0.8456948615719668,21,15,0.5833333333333334,36
175,Oakland,Horz,19-14,-0.23,107.4,126,107.7,226,70.3,72,+.011,145,-4.41,271,102.5,274,106.9,256,+1.24,125,,Horz,70.3,72,107.4,126,52.0,127,18.1,154,28.1,198,35.5,111,107.7,226,50.8,170,16.9,268,28.5,164,27.8,45,70.3,72,72.2,50,17.4,162,16.3,11,107.4,126,107.5,102,107.7,226,104.5,194,76.6,209,-0.6,248,-1.1,290,+0.0,166,+1.0,62,+0.1,173,-1.1,261,2.43,4,27.6,273,61.3,79,2018,0.4919811566062763,19,14,0.5757575757575758,33
193,Ohio,MAC,14-17,-2.74,100.4,252,103.1,134,71.3,44,-.047,292,-1.48,177,104.9,148,106.4,220,-1.72,204,,MAC,71.3,44,100.4,252,51.0,169,18.0,147,22.5,328,30.9,253,103.1,134,49.9,121,18.1,198,26.5,75,30.1,95,71.3,44,72.7,35,16.3,58,16.9,74,100.4,252,100.8,246,103.1,134,101.9,111,77.2,110,-0.5,241,-0.8,250,-0.2,193,+0.2,139,+0.5,118,+2.5,11,1.54,167,29.0,236,43.6,225,2018,0.42429226306827805,14,17,0.45161290322580644,31
16,Ohio St.,B10,25-9,+21.16,116.0,23,94.9,15,67.0,238,+.020,124,+8.75,44,109.8,40,101.1,46,+0.26,151,5,B10,67.0,238,116.0,23,54.1,52,17.1,84,30.2,128,31.1,244,94.9,15,48.7,63,17.9,209,25.2,41,29.5,77,67.0,238,67.9,242,18.1,259,17.3,168,116.0,23,111.3,39,94.9,15,98.5,35,76.7,187,-0.3,206,-0.5,215,-0.1,182,-0.1,189,-0.4,229,+0.8,122,1.75,104,33.3,127,47.7,191,2018,0.9096044326489376,25,9,0.7352941176470589,34
48,Oklahoma,B12,18-14,+14.16,114.6,37,100.5,85,75.5,4,-.008,198,+11.68,5,111.3,11,99.6,6,+2.13,96,10,B12,75.5,4,114.6,37,53.5,71,17.3,101,28.3,192,33.2,182,100.5,85,51.0,184,16.8,272,30.0,235,25.7,21,75.5,4,76.5,5,14.0,2,17.4,182,114.6,37,109.6,62,100.5,85,105.9,229,77.9,40,+1.1,48,+0.6,98,+1.6,25,+0.8,83,+0.9,81,+1.5,52,1.22,254,36.3,51,62.5,70,2018,0.8190368834417978,18,14,0.5625,32
59,Oklahoma St.,B12,21-15,+12.93,111.6,61,98.6,59,68.9,135,-.001,180,+9.22,38,110.6,25,101.4,55,-5.35,311,2,B12,68.9,135,111.6,61,49.8,215,18.1,156,34.2,25,32.2,211,98.6,59,50.0,131,20.3,65,31.1,279,35.6,230,68.9,135,70.8,96,17.5,186,16.4,25,111.6,61,107.3,104,98.6,59,102.8,139,77.8,51,+0.5,102,+1.0,62,-0.1,175,+1.2,42,+2.2,11,+0.5,157,1.88,74,36.2,55,52.7,144,2018,0.8060073462583273,21,15,0.5833333333333334,36
64,Old Dominion,CUSA,25-7,+12.14,108.8,103,96.6,34,64.5,331,+.041,76,-1.27,168,104.4,179,105.6,172,-3.43,270,,CUSA,64.5,331,108.8,103,50.7,177,15.5,20,32.3,60,33.0,188,96.6,34,47.7,36,21.6,19,26.2,65,30.3,101,64.5,331,66.6,302,18.2,277,17.9,283,108.8,103,109.3,67,96.6,34,93.7,5,77.5,77,-0.1,170,-0.2,184,+0.0,170,+0.6,102,+1.4,43,+1.5,50,1.60,149,25.9,303,57.5,112,2018,0.797012315590676,25,7,0.78125,32
236,Oral Roberts,Sum,11-21,-6.24,106.0,150,112.3,314,65.3,315,-.033,268,+2.92,92,107.2,81,104.3,113,+8.44,10,,Sum,65.3,315,106.0,150,48.9,262,19.0,220,35.0,12,24.3,348,112.3,314,54.2,304,15.3,327,30.9,271,31.2,121,65.3,315,67.2,278,18.7,312,17.1,108,106.0,150,103.1,192,112.3,314,114.7,340,76.9,146,+1.1,53,+0.7,92,+1.5,30,+0.9,76,-1.2,297,-1.1,262,1.35,226,31.3,187,30.8,302,2018,0.33985289647095634,11,21,0.34375,32
75,Oregon,P12,23-13,+10.24,111.1,70,100.9,98,67.3,215,+.004,164,+3.50,84,107.9,73,104.4,119,-6.15,318,3,P12,67.3,215,111.1,70,53.3,76,17.1,82,31.0,100,31.7,228,100.9,98,50.3,147,19.0,132,26.8,84,36.3,240,67.3,215,69.7,158,17.1,133,17.8,256,111.1,70,110.5,49,100.9,98,102.5,132,77.8,48,+0.1,145,-0.1,160,+0.3,132,+1.9,15,+1.1,56,+1.7,36,1.66,133,28.9,239,18.2,340,2018,0.7516550584610499,23,13,0.6388888888888888,36
100,Oregon St.,P12,16-16,+6.99,108.2,114,101.3,102,65.5,306,-.083,339,+3.02,91,107.3,78,104.3,114,-7.34,336,,P12,65.5,306,108.2,114,52.1,122,19.4,247,31.8,75,38.7,47,101.3,102,49.6,105,18.6,161,28.7,178,38.2,277,65.5,306,67.4,265,18.2,276,17.5,210,108.2,114,106.6,114,101.3,102,102.9,145,78.6,10,+1.2,44,+1.2,53,+1.2,39,+1.3,39,+1.7,29,+3.5,2,1.67,131,26.2,298,49.5,167,2018,0.6808741578430595,16,16,0.5,32
178,Pacific,WCC,14-18,-0.43,106.6,139,107.0,210,66.3,268,-.016,220,+1.28,111,105.8,112,104.6,123,+1.84,107,,WCC,66.3,268,106.6,139,48.5,277,17.2,86,30.3,120,40.5,28,107.0,210,53.0,272,18.3,181,27.3,105,35.2,225,66.3,268,66.9,294,18.4,286,17.7,248,106.6,139,104.3,160,107.0,210,107.6,260,76.8,166,+0.2,129,+0.9,70,-0.5,239,-0.4,222,-0.3,220,+0.4,160,0.92,310,24.8,321,23.4,329,2018,0.48923386148086645,14,18,0.4375,32
125,Penn,Ivy,24-9,+3.69,103.1,208,99.4,72,68.9,132,+.076,24,-4.15,261,103.7,209,107.8,296,-2.98,249,16,Ivy,68.9,132,103.1,208,52.9,89,16.7,57,23.8,310,33.4,174,99.4,72,47.0,21,16.9,263,22.6,12,31.8,138,68.9,132,70.0,135,17.4,164,17.1,104,103.1,208,104.8,154,99.4,72,97.2,22,76.1,278,-0.7,258,-1.1,267,-0.3,214,-0.6,245,-1.8,321,+0.1,184,1.84,79,28.2,259,64.6,52,2018,0.6035535250808565,24,9,0.7272727272727273,33
19,Penn St.,B10,26-13,+19.18,114.3,42,95.1,19,67.3,217,-.050,296,+7.60,56,109.7,43,102.1,68,-6.36,322,4,B10,67.3,217,114.3,42,52.6,104,17.3,98,31.7,77,31.5,232,95.1,19,48.3,46,19.5,100,28.2,152,32.1,145,67.3,217,67.9,245,18.0,247,17.6,216,114.3,42,109.8,57,95.1,19,97.8,28,77.5,79,+0.7,81,+0.6,99,+0.8,77,-0.1,179,+0.8,93,+1.1,86,2.00,55,27.5,275,75.8,13,2018,0.892335513636671,26,13,0.6666666666666666,39
271,Pepperdine,WCC,6-26,-9.51,105.0,168,114.5,328,67.5,210,-.056,305,+1.09,117,106.3,103,105.2,149,-0.68,175,,WCC,67.5,210,105.0,168,49.5,223,17.2,87,28.5,188,35.2,122,114.5,328,57.0,345,15.5,323,26.4,70,33.5,185,67.5,210,67.5,259,17.8,216,17.7,252,105.0,168,103.3,190,114.5,328,115.5,343,76.4,231,-1.1,309,-1.2,301,-0.9,294,+0.1,160,-0.3,214,+0.5,143,1.04,295,41.0,13,14.6,346,2018,0.26971550923092763,6,26,0.1875,32
227,Pittsburgh,ACC,8-24,-5.76,98.9,278,104.7,166,65.2,318,+.007,156,+9.14,39,110.0,34,100.8,36,-3.57,278,,ACC,65.2,318,98.9,278,48.2,288,20.9,323,23.2,319,31.9,222,104.7,166,50.1,134,15.5,322,33.9,336,31.3,124,65.2,318,65.7,327,19.4,338,17.3,159,98.9,278,93.5,335,104.7,166,109.4,289,77.2,112,+0.0,158,+0.4,120,-0.4,223,+0.2,139,+1.0,74,+0.8,119,0.27,350,35.2,79,8.6,350,2018,0.34177738035617106,8,24,0.25,32
272,Portland,WCC,10-22,-9.66,99.0,275,108.7,253,67.1,228,-.001,179,+1.20,114,106.5,99,105.3,153,+0.61,145,,WCC,67.1,228,99.0,275,50.6,184,18.1,153,19.2,348,34.6,134,108.7,253,52.4,248,15.8,312,31.4,292,33.5,183,67.1,228,67.7,251,18.4,294,17.1,128,99.0,275,97.8,297,108.7,253,110.6,308,77.8,43,+2.1,14,+3.5,6,+0.7,91,-0.2,207,+0.4,128,+0.9,114,0.68,338,31.8,173,20.7,335,2018,0.25446716720077595,10,22,0.3125,32
164,Portland St.,BSky,20-14,+0.56,107.9,115,107.3,217,74.6,7,+.022,115,-0.82,157,104.9,149,105.7,175,+3.30,76,,BSky,74.6,7,107.9,115,49.2,243,16.5,49,34.7,17,33.3,175,107.3,217,55.0,323,22.0,14,30.5,254,43.3,336,74.6,7,75.3,10,15.5,16,16.5,33,107.9,115,107.7,97,107.3,217,106.9,245,75.8,299,-0.3,199,+0.8,78,-1.4,317,-0.8,286,-1.9,331,-1.5,298,0.92,312,35.4,72,37.8,261,2018,0.5160261485152466,20,14,0.5882352941176471,34
269,Prairie View A&M,SWAC,16-18,-9.20,101.4,240,110.6,290,70.8,55,+.010,147,-7.94,330,100.0,337,107.9,301,+10.43,4,,SWAC,70.8,55,101.4,240,48.9,258,18.5,178,31.4,86,39.2,40,110.6,290,52.7,264,22.5,7,32.8,321,47.9,349,70.8,55,72.3,45,17.2,147,16.4,26,101.4,240,102.4,214,110.6,290,105.1,208,76.6,218,-0.5,231,-0.1,178,-0.8,275,-0.6,244,-0.4,234,+0.7,126,0.94,304,31.0,194,35.7,271,2018,0.2691891308342529,16,18,0.47058823529411764,34
334,Presbyterian,BSth,11-21,-17.66,97.8,303,115.5,336,63.4,342,+.062,51,-5.21,286,101.7,300,106.9,251,-3.37,266,,BSth,63.4,342,97.8,303,49.0,251,18.8,213,25.1,289,28.0,314,115.5,336,55.3,326,17.8,216,30.1,241,29.2,66,63.4,342,64.4,343,20.5,348,16.9,78,97.8,303,98.0,295,115.5,336,111.8,323,75.7,312,-1.1,314,-0.2,188,-2.1,340,-0.8,271,-0.1,188,-2.3,328,1.88,73,27.8,269,47.9,186,2018,0.12864660744468875,11,21,0.34375,32
190,Princeton,Ivy,13-16,-2.44,105.3,165,107.8,230,64.5,328,-.055,304,-2.02,188,104.2,186,106.2,202,+1.98,104,,Ivy,64.5,328,105.3,165,53.9,58,16.5,46,22.1,334,26.2,334,107.8,230,52.2,239,16.6,280,24.9,33,32.5,160,64.5,328,65.8,326,18.4,292,18.2,325,105.3,165,105.2,138,107.8,230,106.2,235,76.7,194,-0.3,211,-0.0,158,-0.6,262,-0.0,177,+0.0,178,+0.1,180,1.84,81,31.0,196,52.8,140,2018,0.4329466815252013,13,16,0.4482758620689655,29
63,Providence,BE,21-14,+12.17,108.9,100,96.7,36,67.1,227,+.074,28,+10.58,17,111.6,4,101.1,45,-1.38,193,10,BE,67.1,227,108.9,100,49.6,220,17.4,107,28.9,169,38.6,49,96.7,36,50.3,144,19.0,135,29.0,197,31.8,140,67.1,227,69.5,172,17.3,152,17.3,165,108.9,100,104.3,161,96.7,36,103.1,153,77.7,58,+0.4,115,+0.0,156,+0.7,86,+2.2,10,+1.9,25,-0.5,224,2.25,21,30.5,205,77.3,8,2018,0.7967964744650672,21,14,0.6,35
5,Purdue,B10,30-7,+26.27,122.7,2,96.4,31,67.2,223,+.006,163,+9.02,41,109.1,51,100.1,14,+0.69,144,2,B10,67.2,223,122.7,2,57.7,5,15.8,30,28.0,202,35.6,106,96.4,31,47.0,20,17.7,222,28.0,145,24.2,8,67.2,223,68.0,240,16.6,79,18.8,348,122.7,2,117.8,5,96.4,31,97.1,21,77.7,57,+3.0,3,+5.4,1,+0.7,87,+0.2,136,-0.2,209,-1.6,304,2.31,15,29.8,216,74.4,16,2018,0.9412664822996298,30,7,0.8108108108108109,37
280,Quinnipiac,MAAC,12-21,-10.46,101.7,236,112.2,313,66.5,260,+.079,20,-4.19,263,103.1,245,107.3,270,-3.84,285,,MAAC,66.5,260,101.7,236,50.3,195,19.4,249,27.7,208,37.0,74,112.2,313,53.6,288,16.3,294,28.5,166,30.1,94,66.5,260,67.9,243,18.6,305,16.9,79,101.7,236,102.7,206,112.2,313,110.1,299,77.3,103,-0.8,277,-1.1,292,-0.6,259,+1.2,42,+1.9,26,+1.0,101,0.94,305,28.0,263,28.6,310,2018,0.24417209351013788,12,21,0.36363636363636365,33
170,Radford,BSth,23-13,+0.07,102.9,212,102.9,127,63.0,344,+.063,45,-4.03,255,102.8,259,106.9,249,+3.49,71,16,BSth,63.0,344,102.9,212,49.3,241,18.7,200,32.0,67,31.2,242,102.9,127,50.1,132,20.2,68,28.0,141,31.7,134,63.0,344,63.6,348,19.7,344,18.3,331,102.9,212,103.6,180,102.9,127,101.1,94,74.8,347,-1.6,336,-1.5,320,-1.7,331,-2.6,348,-2.4,339,-2.0,317,1.38,214,33.6,118,64.5,53,2018,0.5,23,13,0.6388888888888888,36
52,Rhode Island,A10,26-8,+13.93,111.1,69,97.2,46,68.4,173,+.063,44,+3.49,85,107.6,75,104.1,107,+3.83,64,7,A10,68.4,173,111.1,69,51.1,161,15.3,18,31.0,99,30.1,274,97.2,46,50.3,146,22.6,6,28.0,143,40.6,308,68.4,173,69.2,191,17.3,153,17.4,185,111.1,69,109.2,68,97.2,46,99.0,41,75.7,317,-1.5,332,-1.1,267,-2.0,338,-1.4,317,+0.1,152,-1.3,284,2.42,6,32.0,168,66.6,41,2018,0.82304127376898,26,8,0.7647058823529411,34
289,Rice,CUSA,7-24,-11.09,99.0,276,110.1,280,67.5,212,-.041,281,+0.21,134,104.2,183,104.0,104,+1.04,133,,CUSA,67.5,212,99.0,276,48.0,296,20.8,311,27.6,212,35.1,123,110.1,280,52.5,256,16.4,292,28.5,167,28.5,59,67.5,212,69.6,161,17.9,234,16.7,59,99.0,276,96.0,323,110.1,280,108.4,273,77.2,113,-0.6,254,-0.8,253,-0.4,234,+0.2,139,+2.1,19,+0.9,105,1.30,238,29.5,224,26.8,314,2018,0.22756785196588508,7,24,0.22580645161290322,31
181,Richmond,A10,12-20,-0.78,107.4,127,108.1,234,67.9,189,-.022,235,+2.75,95,106.6,97,103.8,98,+5.44,34,,A10,67.9,189,107.4,127,52.1,117,16.9,70,23.4,315,29.7,282,108.1,234,55.4,331,19.1,127,28.4,161,31.4,125,67.9,189,68.3,226,17.3,156,18.1,305,107.4,127,104.0,169,108.1,234,109.3,287,75.2,341,-0.9,281,+0.3,127,-2.0,339,-1.0,297,-2.1,335,-3.3,342,1.16,274,22.2,342,50.7,153,2018,0.4813311228504179,12,20,0.375,32
145,Rider,MAAC,22-10,+2.28,109.2,94,106.9,208,73.8,8,+.088,19,-2.78,216,103.1,241,105.9,187,+0.32,150,6,MAAC,73.8,8,109.2,94,52.6,101,17.6,128,33.5,39,42.1,12,106.9,208,52.8,267,20.5,50,28.6,172,36.8,253,73.8,8,74.8,13,15.1,9,17.1,124,109.2,94,108.8,78,106.9,208,104.2,187,76.2,262,-0.3,214,-0.5,216,-0.2,195,-0.3,215,-0.2,201,-1.6,302,0.84,322,32.3,157,35.0,277,2018,0.5608970104589595,22,10,0.6875,32
253,Robert Morris,NEC,16-17,-7.79,94.7,331,102.5,122,69.3,112,+.036,89,-5.74,296,102.7,265,108.5,323,+0.95,137,,NEC,69.3,112,94.7,331,47.4,317,20.9,321,31.2,92,34.3,147,102.5,122,50.5,153,22.3,8,31.2,284,36.2,238,69.3,112,70.8,100,16.8,99,17.3,151,94.7,331,96.9,308,102.5,122,99.5,57,76.2,272,-0.9,287,-1.2,294,-0.7,268,-0.4,225,-1.1,288,+0.1,182,0.81,325,31.1,191,24.3,323,2018,0.2869566249362266,16,17,0.48484848484848486,33
130,Rutgers,B10,15-19,+3.07,99.2,270,96.2,28,66.0,281,-.043,283,+5.58,70,108.2,70,102.6,74,-14.27,348,,B10,66.0,281,99.2,270,43.6,347,17.2,89,33.3,43,30.5,261,96.2,28,48.0,42,20.5,52,29.1,200,30.8,115,66.0,281,66.6,299,18.1,261,17.9,290,99.2,270,95.4,326,96.2,28,97.6,26,78.1,30,+1.5,33,+1.5,42,+1.5,31,+1.6,24,+0.3,134,+1.5,52,1.52,180,31.3,186,61.4,78,2018,0.5873811279272132,15,19,0.4411764705882353,34
318,SIU Edwardsville,OVC,9-21,-13.61,99.4,264,113.0,318,69.2,118,+.069,33,-2.94,226,103.4,225,106.4,219,-1.32,191,,OVC,69.2,118,99.4,264,47.8,307,19.4,248,29.3,158,33.0,190,113.0,318,54.1,301,17.5,234,29.4,212,45.9,344,69.2,118,70.4,112,17.5,178,16.6,52,99.4,264,99.0,278,113.0,318,111.9,326,76.4,233,-1.0,293,-1.2,299,-0.7,271,-0.8,270,+0.4,130,+0.5,158,1.19,263,35.4,73,50.6,156,2018,0.18622768037780266,9,21,0.3,30
84,SMU,Amer,17-16,+8.61,109.5,91,100.9,97,64.3,336,-.102,347,+2.41,100,105.4,129,103.0,81,-3.88,286,,Amer,64.3,336,109.5,91,52.0,125,18.0,145,32.7,56,30.5,259,100.9,97,49.5,102,21.7,18,31.7,299,30.6,108,64.3,336,64.4,342,19.3,334,18.0,296,109.5,91,107.6,100,100.9,97,99.4,53,76.6,212,-0.8,269,-0.8,243,-0.8,281,+0.3,135,+0.6,106,-0.4,218,1.69,121,34.9,86,32.1,293,2018,0.7192285430843669,17,16,0.5151515151515151,33
285,Sacramento St.,BSky,7-25,-10.77,99.8,260,110.6,286,65.6,304,-.067,321,+0.05,139,105.5,122,105.5,163,+3.32,75,,BSky,65.6,304,99.8,260,49.0,253,17.7,131,23.9,307,27.8,319,110.6,286,52.7,266,17.5,230,29.6,219,33.4,179,65.6,304,67.4,268,17.9,245,17.7,242,99.8,260,98.2,288,110.6,286,110.3,304,75.7,314,-0.8,273,-1.4,316,-0.2,203,-0.2,197,-1.0,284,-2.8,336,1.21,259,28.7,245,38.8,256,2018,0.23475620551254103,7,25,0.21875,32
305,Sacred Heart,NEC,10-21,-12.57,96.0,320,108.6,250,68.4,172,-.076,333,-8.04,331,100.9,321,109.0,334,-3.94,287,,NEC,68.4,172,96.0,320,48.5,278,21.5,330,32.5,58,30.0,276,108.6,250,50.8,174,14.6,340,22.6,9,33.0,168,68.4,172,69.3,180,17.5,189,17.1,118,96.0,320,97.9,296,108.6,250,104.3,190,76.2,270,-0.9,291,-1.4,312,-0.5,246,-1.8,328,-0.6,250,+1.0,102,1.63,141,32.9,140,56.2,122,2018,0.19494125637739812,10,21,0.3225806451612903,31
116,Saint Joseph's,A10,16-16,+5.15,105.6,159,100.5,88,70.5,60,-.052,298,+0.77,124,105.3,134,104.6,122,+2.17,94,,A10,70.5,60,105.6,159,48.8,266,13.9,2,23.5,314,34.6,138,100.5,88,49.7,110,16.3,299,24.4,26,24.6,10,70.5,60,71.2,83,16.7,89,17.3,152,105.6,159,103.4,185,100.5,88,100.8,85,77.6,61,+0.8,71,+0.4,119,+1.2,40,+1.2,42,+1.5,37,-0.1,198,1.65,136,26.2,295,41.7,237,2018,0.6385918072057511,16,16,0.5,32
148,Saint Louis,A10,17-16,+2.10,102.1,225,100.0,80,64.1,337,+.003,168,+1.23,113,106.8,91,105.6,171,+1.00,135,,A10,64.1,337,102.1,225,47.1,322,19.5,255,33.9,31,45.8,1,100.0,80,49.3,92,18.3,179,27.0,94,35.1,220,64.1,337,64.7,340,19.4,339,17.6,227,102.1,225,101.1,239,100.0,80,101.3,101,77.2,114,-0.5,243,-1.2,298,+0.2,140,+1.2,41,+0.9,80,+0.8,116,1.58,157,24.6,323,39.4,252,2018,0.5594670032679911,17,16,0.5151515151515151,33
32,Saint Mary's,WCC,30-6,+16.13,119.4,11,103.2,137,63.5,341,+.006,161,-2.12,196,103.8,203,105.9,189,-4.28,296,1,WCC,63.5,341,119.4,11,58.7,4,15.4,19,29.2,162,30.4,268,103.2,137,49.2,82,14.9,333,22.4,7,24.8,12,63.5,341,63.6,346,19.3,333,18.4,334,119.4,11,119.9,2,103.2,137,100.4,76,77.5,74,+1.3,40,+1.8,29,+0.8,81,+1.1,53,-0.6,251,+0.5,143,2.40,7,22.8,339,63.7,62,2018,0.8424828548128729,30,6,0.8333333333333334,36
217,Saint Peter's,MAAC,14-18,-5.00,95.5,326,100.5,89,62.6,350,-.037,273,-4.40,270,103.9,198,108.3,316,-5.37,312,,MAAC,62.6,350,95.5,326,49.2,245,19.6,263,27.1,228,27.3,325,100.5,89,48.4,54,21.3,28,28.9,186,42.3,329,62.6,350,65.2,333,19.4,340,17.6,234,95.5,326,98.1,290,100.5,89,99.3,49,75.2,337,-1.5,331,-1.7,333,-1.3,316,-1.5,318,-1.3,300,-2.0,319,1.05,292,33.3,126,35.5,274,2018,0.3573551760619276,14,18,0.4375,32
204,Sam Houston St.,Slnd,21-15,-3.77,102.1,224,105.9,187,67.2,221,+.040,77,-4.27,266,102.3,284,106.6,232,+4.15,55,,Slnd,67.2,221,102.1,224,48.2,289,18.8,210,32.5,57,34.0,157,105.9,187,51.8,223,20.1,75,27.4,110,37.6,267,67.2,221,68.5,218,17.5,173,17.7,254,102.1,224,102.3,219,105.9,187,102.8,138,75.4,333,-1.8,341,-2.1,347,-1.4,320,-0.3,212,-2.9,344,-0.5,225,1.43,200,34.5,92,44.3,219,2018,0.3964595452709268,21,15,0.5833333333333334,36
298,Samford,SC,10-22,-12.00,107.7,119,119.7,349,71.2,47,-.036,272,-2.09,193,103.5,219,105.6,169,+3.84,63,,SC,71.2,47,107.7,119,54.4,40,19.1,222,24.7,294,30.8,255,119.7,349,57.7,348,18.7,154,34.8,343,28.5,57,71.2,47,71.4,74,16.1,49,17.6,226,107.7,119,106.6,113,119.7,349,117.9,349,75.2,339,-0.8,276,-1.3,305,-0.4,231,-1.3,312,-2.5,342,-2.5,331,1.72,111,33.0,137,61.6,76,2018,0.22884423160500483,10,22,0.3125,32
132,San Diego,WCC,20-14,+3.01,103.6,195,100.6,91,66.9,242,-.014,215,-0.77,156,104.5,175,105.2,150,-2.63,240,,WCC,66.9,242,103.6,195,53.1,83,19.6,261,22.4,330,39.3,38,100.6,91,46.3,11,17.8,213,26.4,72,41.9,325,66.9,242,67.2,277,18.3,281,17.7,244,103.6,195,102.5,208,100.6,91,99.1,45,77.3,100,-0.1,169,-0.4,211,+0.3,130,+1.3,34,-0.2,199,+1.5,52,1.90,69,23.7,336,55.5,125,2018,0.5836872018775285,20,14,0.5882352941176471,34
50,San Diego St.,MWC,22-11,+14.09,110.5,77,96.4,30,68.8,142,-.032,265,+3.46,86,107.2,80,103.8,96,-0.80,177,11,MWC,68.8,142,110.5,77,51.7,140,17.0,77,31.6,82,35.1,125,96.4,30,48.6,59,19.0,136,25.1,39,29.6,78,68.8,142,70.4,114,16.4,64,17.9,281,110.5,77,108.9,75,96.4,30,97.2,23,78.3,18,+2.3,10,+1.6,33,+2.9,5,+1.3,37,+0.9,82,+0.9,109,1.94,63,33.4,121,40.4,247,2018,0.8277632461128437,22,11,0.6666666666666666,33
158,San Francisco,WCC,22-17,+0.97,102.1,230,101.1,99,67.1,225,+.066,37,+0.06,138,106.5,100,106.4,221,-0.33,165,,WCC,67.1,225,102.1,230,49.3,233,17.4,111,28.1,197,29.3,290,101.1,99,49.0,72,16.9,267,25.5,47,36.9,255,67.1,225,67.1,283,18.4,288,17.5,200,102.1,230,101.8,230,101.1,99,102.4,128,77.3,94,+1.0,55,+0.9,71,+1.1,54,+0.3,127,+1.1,66,-0.7,240,1.32,231,35.3,76,64.0,58,2018,0.5282672990439188,22,17,0.5641025641025641,39
301,San Jose St.,MWC,4-26,-12.27,95.4,329,107.7,227,67.1,229,-.030,262,+3.05,90,107.2,82,104.2,109,-0.88,181,,MWC,67.1,229,95.4,329,48.6,273,23.5,349,27.8,206,34.2,149,107.7,227,53.2,281,14.9,332,24.9,36,30.8,116,67.1,229,68.9,203,18.4,287,16.7,56,95.4,329,92.9,338,107.7,227,109.9,294,79.1,2,+1.9,21,+1.8,28,+2.0,14,+2.1,11,+2.5,8,+3.2,3,1.37,216,38.4,32,43.8,224,2018,0.19867177108007722,4,26,0.13333333333333333,30
277,Santa Clara,WCC,11-20,-10.34,99.2,272,109.5,264,64.6,326,+.018,127,-1.33,171,105.2,141,106.6,233,-6.82,328,,WCC,64.6,326,99.2,272,48.6,275,17.2,92,23.7,311,30.2,271,109.5,264,56.6,339,18.9,139,27.1,98,32.4,157,64.6,326,64.9,338,18.5,296,18.6,344,99.2,272,98.5,285,109.5,264,110.3,302,76.9,152,+0.4,110,+0.6,93,+0.1,155,-0.3,213,-0.5,237,+0.5,143,1.97,60,26.3,294,48.6,183,2018,0.2430472156082413,11,20,0.3548387096774194,31
317,Savannah St.,MEAC,15-17,-13.55,100.9,244,114.5,326,82.3,1,+.108,8,-6.81,311,101.2,313,108.0,308,+15.20,2,,MEAC,82.3,1,100.9,244,48.1,294,16.7,59,26.7,241,29.3,289,114.5,326,56.6,341,20.9,42,35.8,349,30.8,117,82.3,1,83.3,1,12.5,1,16.4,29,100.9,244,100.3,253,114.5,326,112.2,330,75.7,315,-1.6,338,-1.6,329,-1.6,327,+0.2,139,-0.6,253,-2.0,318,1.37,220,37.3,41,49.1,173,2018,0.18936887172025307,15,17,0.46875,32
195,Seattle,WAC,20-14,-2.95,103.7,190,106.7,201,67.4,213,+.038,81,-4.43,273,101.9,291,106.4,213,-5.24,308,,WAC,67.4,213,103.7,190,51.0,168,19.6,264,29.8,137,34.5,141,106.7,201,47.2,28,15.5,325,28.0,142,41.0,314,67.4,213,69.4,176,18.1,257,16.6,46,103.7,190,104.4,159,106.7,201,103.9,176,78.7,7,+2.7,5,+4.2,2,+1.2,41,+0.9,70,+1.1,56,+2.1,25,1.64,140,25.0,320,31.9,296,2018,0.4187348797836607,20,14,0.5882352941176471,34
26,Seton Hall,BE,22-12,+18.04,116.9,17,98.8,62,69.5,103,-.028,260,+10.12,21,110.5,27,100.4,24,-0.00,157,8,BE,69.5,103,116.9,17,52.9,90,17.8,133,34.3,23,35.2,121,98.8,62,50.3,143,17.7,221,28.4,160,29.8,86,69.5,103,71.0,92,16.7,94,17.1,111,116.9,17,111.1,41,98.8,62,103.3,160,78.0,31,+1.1,50,+0.9,66,+1.2,36,+1.0,67,+1.3,50,+1.7,38,2.60,2,28.1,261,75.8,12,2018,0.8737515782582119,22,12,0.6470588235294118,34
303,Siena,MAAC,8-24,-12.38,96.5,316,108.9,255,65.7,298,-.015,219,-3.01,232,104.0,191,107.0,257,+0.49,148,,MAAC,65.7,298,96.5,316,48.2,291,21.7,335,31.4,85,36.4,90,108.9,255,50.9,176,15.6,319,29.0,193,42.1,328,65.7,298,67.4,270,19.8,345,16.2,10,96.5,316,97.4,301,108.9,255,108.0,267,76.2,266,-0.3,209,-0.9,258,+0.3,128,-0.9,291,-0.4,232,-1.1,260,0.69,337,41.1,12,33.3,286,2018,0.19937571045515817,8,24,0.25,32
221,South Alabama,SB,14-18,-5.32,96.9,309,102.2,117,70.4,69,-.033,269,-2.98,229,103.0,251,105.9,190,-6.15,319,,SB,70.4,69,96.9,309,48.3,286,20.9,320,25.7,267,37.7,63,102.2,117,47.3,30,18.4,172,29.5,214,38.0,272,70.4,69,71.1,90,16.4,70,17.5,199,96.9,309,96.3,319,102.2,117,99.6,59,76.0,284,-1.2,319,-1.8,339,-0.6,266,+0.1,170,-1.9,323,+0.1,178,0.90,315,29.6,220,41.5,239,2018,0.3515119594784714,14,18,0.4375,32
80,South Carolina,SEC,17-16,+9.91,105.6,161,95.7,25,68.7,153,+.003,169,+9.63,30,109.9,36,100.3,21,+0.89,140,,SEC,68.7,153,105.6,161,46.2,332,19.7,267,33.6,36,42.8,9,95.7,25,49.3,91,21.0,36,27.5,119,43.1,333,68.7,153,69.6,165,17.5,184,17.2,143,105.6,161,99.7,265,95.7,25,99.8,61,77.4,83,+1.5,27,+1.1,59,+2.0,16,-0.4,221,-0.4,225,+0.8,115,1.50,188,35.6,64,31.5,301,2018,0.7562190187783683,17,16,0.5151515151515151,33
343,South Carolina St.,MEAC,10-22,-21.86,96.9,310,118.7,347,70.5,64,+.030,102,-8.97,337,100.1,335,109.1,336,+4.47,49,,MEAC,70.5,64,96.9,310,46.7,326,18.4,171,29.6,139,35.8,101,118.7,347,56.5,338,19.0,133,33.2,326,33.7,190,70.5,64,72.9,31,17.0,125,16.3,12,96.9,310,98.0,292,118.7,347,113.6,335,74.8,344,-0.3,200,-0.9,257,+0.4,118,-2.8,349,-3.9,351,-2.5,331,0.70,336,39.5,23,42.6,232,2018,0.08838000286890212,10,22,0.3125,32
81,South Dakota,Sum,26-9,+9.85,109.0,98,99.2,69,70.9,52,-.048,293,-2.97,228,104.7,165,107.6,287,-1.65,202,,Sum,70.9,52,109.0,98,52.1,119,15.7,27,29.4,145,35.7,105,99.2,69,48.4,53,19.9,83,27.1,96,29.7,82,70.9,52,72.3,47,15.7,23,17.6,230,109.0,98,110.4,51,99.2,69,97.9,29,77.0,141,-0.1,177,+0.2,134,-0.5,252,-0.4,230,+0.1,152,+1.7,40,1.51,182,29.9,213,69.3,31,2018,0.7471394092919874,26,9,0.7428571428571429,35
78,South Dakota St.,Sum,28-7,+10.20,113.8,47,103.6,150,70.5,61,+.097,13,-0.09,141,105.8,113,105.9,188,+3.59,68,12,Sum,70.5,61,113.8,47,54.3,45,14.0,3,24.6,297,35.4,115,103.6,150,50.0,127,14.2,348,23.3,17,25.6,18,70.5,61,72.2,53,16.7,93,16.5,36,113.8,47,113.6,19,103.6,150,103.5,164,76.9,159,+0.2,138,-0.1,160,+0.4,114,+0.8,81,-0.5,242,-0.3,211,1.91,67,26.9,283,63.2,64,2018,0.7464768957448386,28,7,0.8,35
279,South Florida,Amer,10-22,-10.45,98.8,282,109.3,261,64.6,327,-.013,211,-1.73,180,103.6,212,105.3,154,-11.64,347,,Amer,64.6,327,98.8,282,48.0,297,21.4,328,28.8,175,33.1,183,109.3,261,51.1,188,16.5,287,30.6,261,32.6,161,64.6,327,65.4,330,18.9,317,17.8,266,98.8,282,96.4,318,109.3,261,107.7,265,78.0,32,+2.1,12,+3.1,9,+1.1,52,+0.9,69,+0.1,152,+0.8,117,1.84,80,34.1,104,7.6,351,2018,0.23839735975009752,10,22,0.3125,32
256,Southeast Missouri St.,OVC,14-17,-8.11,108.5,107,116.6,340,69.2,116,+.021,121,-4.53,279,101.7,299,106.2,205,-2.47,232,,OVC,69.2,116,108.5,107,54.3,43,18.1,151,26.2,253,37.7,62,116.6,340,55.2,324,17.2,251,29.3,208,34.5,210,69.2,116,69.1,195,16.2,55,18.5,339,108.5,107,108.2,89,116.6,340,113.1,334,76.0,285,-0.5,242,-0.1,172,-0.9,295,-0.6,253,-0.6,254,-1.9,315,0.71,335,30.7,202,37.5,263,2018,0.3040703135539769,14,17,0.45161290322580644,31
199,Southeastern Louisiana,Slnd,22-12,-3.31,102.6,216,105.9,188,65.7,297,+.118,3,-5.11,285,101.6,303,106.7,240,+1.12,130,8,Slnd,65.7,297,102.6,216,51.2,158,19.6,262,29.5,141,35.3,118,105.9,188,49.6,103,20.3,66,33.6,332,29.0,64,65.7,297,68.0,241,18.2,275,17.2,138,102.6,216,102.3,221,105.9,188,102.6,133,74.8,346,-0.7,256,-1.5,322,+0.2,140,-2.1,340,-3.3,350,-3.2,341,2.17,28,35.0,84,54.4,130,2018,0.4099773096543089,22,12,0.6470588235294118,34
326,Southern,SWAC,15-18,-15.51,94.3,335,109.8,269,68.0,187,+.051,62,-11.24,347,98.1,350,109.3,340,+6.62,21,,SWAC,68.0,187,94.3,335,44.3,344,19.3,244,32.9,51,41.5,17,109.8,269,48.8,64,17.4,238,30.1,243,37.6,266,68.0,187,69.2,189,17.9,232,17.2,144,94.3,335,96.8,313,109.8,269,103.5,162,76.8,177,+1.0,56,+1.2,52,+0.8,84,-0.8,271,+0.1,172,-1.4,288,1.38,215,35.8,60,41.4,241,2018,0.1480393272976612,15,18,0.45454545454545453,33
135,Southern Illinois,MVC,20-13,+2.82,106.1,146,103.3,140,66.6,253,+.073,30,+1.27,112,104.5,170,103.3,88,-4.09,289,,MVC,66.6,253,106.1,146,52.2,115,18.7,195,25.9,261,32.4,205,103.3,140,50.5,158,19.9,79,29.0,196,34.1,203,66.6,253,66.8,295,18.6,307,17.4,188,106.1,146,103.3,188,103.3,140,102.1,115,77.3,89,-0.5,233,+0.5,110,-1.4,319,+0.2,139,+1.7,32,+1.8,33,1.51,184,26.8,286,40.3,249,2018,0.5762904766207463,20,13,0.6060606060606061,33
206,Southern Miss,CUSA,16-18,-4.04,105.8,154,109.9,271,65.4,311,+.037,84,+2.40,101,105.3,139,102.9,79,+4.36,50,,CUSA,65.4,311,105.8,154,50.3,196,14.6,8,20.5,342,28.3,307,109.9,271,56.0,334,19.8,87,29.1,201,32.8,166,65.4,311,66.9,293,18.7,315,17.1,129,105.8,154,101.9,227,109.9,271,109.9,296,74.2,350,-2.1,348,-1.0,266,-3.1,350,-3.0,351,-3.0,349,-3.0,338,1.65,137,25.6,307,47.4,195,2018,0.3924002646960632,16,18,0.47058823529411764,34
252,Southern Utah,BSky,13-19,-7.74,102.2,221,110.0,273,71.7,32,+.062,47,-0.45,148,105.8,111,106.3,211,+4.90,39,,BSky,71.7,32,102.2,221,50.4,190,17.4,105,22.7,322,35.9,99,110.0,273,54.6,315,16.6,281,25.9,59,41.5,319,71.7,32,72.9,32,17.1,138,16.0,4,102.2,221,101.8,231,110.0,273,111.0,316,76.5,226,+0.1,154,-0.1,179,+0.2,134,-0.7,262,-0.3,218,-0.7,238,1.50,189,32.8,144,35.7,272,2018,0.3003125620637814,13,19,0.40625,32
68,St. Bonaventure,A10,26-8,+11.21,110.8,74,99.5,74,69.4,104,+.078,21,+2.80,94,107.0,86,104.2,111,+1.17,127,11,A10,69.4,104,110.8,74,51.6,143,16.3,40,29.3,157,40.5,29,99.5,74,49.0,74,20.4,56,29.1,203,38.4,284,69.4,104,69.3,179,16.1,47,18.7,345,110.8,74,109.8,58,99.5,74,100.7,84,76.5,222,-1.0,295,-1.1,291,-0.8,281,-0.7,257,+0.2,148,+1.0,99,2.42,5,24.3,327,64.4,54,2018,0.775049234368637,26,8,0.7647058823529411,34
313,St. Francis NY,NEC,13-18,-13.17,98.7,285,111.8,308,69.2,114,+.022,116,-7.33,324,101.1,316,108.4,321,-2.35,227,,NEC,69.2,114,98.7,285,48.7,270,17.7,130,26.2,252,30.4,263,111.8,308,53.2,276,20.9,39,31.9,300,45.1,341,69.2,114,70.1,132,17.5,176,16.8,71,98.7,285,100.2,258,111.8,308,107.0,249,74.7,349,-1.9,345,-1.4,315,-2.4,344,-2.3,345,-1.5,311,-3.0,339,1.03,296,38.6,31,45.1,214,2018,0.192599633756943,13,18,0.41935483870967744,31
214,St. Francis PA,NEC,18-13,-4.86,106.4,143,111.2,300,68.2,180,+.039,79,-7.41,326,101.3,308,108.7,330,+2.45,87,,NEC,68.2,180,106.4,143,52.8,92,16.5,47,25.7,267,33.4,170,111.2,300,53.6,287,18.6,162,31.1,280,23.4,3,68.2,180,70.1,130,17.3,155,17.1,123,106.4,143,108.4,85,111.2,300,107.6,261,75.4,328,-0.6,250,+0.4,114,-1.6,325,-2.2,341,-1.4,306,-2.1,323,1.52,179,30.9,197,56.7,116,2018,0.3757949534755952,18,13,0.5806451612903226,31
74,St. John's,BE,16-17,+10.31,106.5,141,96.2,29,69.4,110,-.016,221,+11.11,9,111.5,6,100.4,26,+3.05,80,,BE,69.4,110,106.5,141,49.2,242,16.4,43,23.6,312,30.4,264,96.2,29,50.3,145,22.2,10,31.9,303,34.4,209,69.4,110,71.0,91,16.3,60,17.6,235,106.5,141,101.1,240,96.2,29,101.9,110,77.8,47,+0.8,70,+1.4,44,+0.2,140,+1.6,19,+1.3,47,+0.4,163,1.30,237,20.4,347,50.4,158,2018,0.7630961571476986,16,17,0.48484848484848486,33
87,Stanford,P12,19-16,+8.37,107.7,120,99.3,71,70.9,53,+.016,133,+6.29,65,109.1,50,102.8,78,+3.46,72,3,P12,70.9,53,107.7,120,51.9,128,20.6,304,32.8,55,41.6,16,99.3,71,49.7,109,15.9,311,27.0,91,29.2,68,70.9,53,72.2,52,16.9,106,16.6,39,107.7,120,104.2,162,99.3,71,103.0,148,78.3,17,+1.2,45,+0.7,90,+1.7,22,+2.9,5,+1.1,63,+1.3,74,1.60,150,32.1,166,49.2,172,2018,0.7178549342099732,19,16,0.5428571428571428,35
112,Stephen F. Austin,Slnd,28-7,+5.58,104.5,181,99.0,64,71.1,49,+.031,97,-7.16,319,100.6,330,107.8,293,-2.26,225,14,Slnd,71.1,49,104.5,181,53.1,82,20.7,308,32.0,69,40.5,30,99.0,64,49.6,108,25.9,1,28.7,177,50.2,351,71.1,49,72.6,38,16.5,76,16.5,38,104.5,181,106.6,112,99.0,64,94.2,7,76.3,251,-0.8,267,-1.4,311,-0.2,194,+0.5,111,+0.1,176,-1.3,279,1.44,199,38.9,28,68.7,34,2018,0.650621692407958,28,7,0.8,35
314,Stetson,ASun,12-20,-13.27,98.5,289,111.8,306,69.8,86,-.041,280,-6.49,307,102.1,289,108.6,326,-4.23,295,,ASun,69.8,86,98.5,289,48.9,260,14.9,12,23.2,318,25.0,340,111.8,306,54.6,313,18.5,167,27.5,115,37.0,257,69.8,86,72.6,39,15.8,31,17.5,212,98.5,289,100.1,260,111.8,306,108.3,272,74.9,343,-1.0,299,-0.3,201,-1.6,328,-0.7,263,-2.9,347,-3.8,346,2.36,9,31.2,189,66.6,40,2018,0.18899822117477524,12,20,0.375,32
223,Stony Brook,AE,13-19,-5.33,96.8,311,102.1,114,68.4,171,+.009,150,-2.17,198,104.2,184,106.4,216,+1.11,131,,AE,68.4,171,96.8,311,47.9,301,20.0,278,30.5,115,32.0,218,102.1,114,50.5,156,20.8,43,28.2,153,41.8,324,68.4,171,69.2,188,17.2,141,17.4,193,96.8,311,97.3,303,102.1,114,101.5,106,76.6,213,-0.4,222,-0.5,223,-0.2,199,+1.0,59,-0.4,233,-1.0,253,1.15,275,40.2,17,57.8,109,2018,0.3513715365068572,13,19,0.40625,32
41,Syracuse,ACC,23-14,+14.82,107.0,135,92.2,5,62.9,345,+.021,119,+9.81,27,111.3,9,101.5,58,-0.20,163,11,ACC,62.9,345,107.0,135,46.9,324,19.2,232,34.7,16,40.5,31,92.2,5,46.2,10,19.5,104,30.4,246,31.4,126,62.9,345,64.1,344,19.6,341,17.8,255,107.0,135,102.5,211,92.2,5,98.0,31,80.1,1,+2.8,4,+3.7,4,+1.8,19,+3.2,2,+3.2,2,+4.5,1,0.88,318,15.8,351,24.7,322,2018,0.8470942305451479,23,14,0.6216216216216216,37
24,TCU,B12,21-12,+18.47,119.7,9,101.2,100,68.6,160,-.067,322,+9.67,29,110.7,24,101.0,43,-0.82,178,6,B12,68.6,160,119.7,9,56.6,15,17.8,137,34.2,24,34.2,151,101.2,100,52.3,246,17.4,236,26.1,61,30.5,107,68.6,160,70.0,140,17.1,137,17.4,189,119.7,9,115.1,13,101.2,100,106.0,232,78.1,29,+1.1,47,+1.6,35,+0.7,93,+2.0,13,+1.4,46,+0.8,121,1.97,58,29.0,235,69.1,32,2018,0.8733305673799092,21,12,0.6363636363636364,33
86,Temple,Amer,17-16,+8.38,108.3,111,100.0,78,67.6,204,+.028,105,+8.53,47,108.9,57,100.3,22,+9.11,8,5,Amer,67.6,204,108.3,111,49.3,239,15.9,32,27.7,209,25.6,338,100.0,78,49.8,117,18.7,158,32.4,311,31.5,129,67.6,204,67.5,262,17.1,129,18.6,343,108.3,111,102.9,201,100.0,78,103.5,165,78.1,25,+1.6,25,+1.1,55,+2.0,17,+1.3,35,+1.1,67,+1.2,83,2.12,39,26.9,284,61.8,74,2018,0.714420674814789,17,16,0.5151515151515151,33
13,Tennessee,SEC,26-9,+22.27,114.6,36,92.4,6,66.0,282,+.019,125,+11.01,11,111.2,13,100.2,18,+7.10,20,3,SEC,66.0,282,114.6,36,50.8,176,17.9,141,33.4,41,35.5,107,92.4,6,46.7,14,20.4,53,31.1,281,37.6,264,66.0,282,67.0,290,18.1,269,17.7,253,114.6,36,109.6,61,92.4,6,97.4,25,76.8,170,+0.1,153,+0.6,97,-0.5,245,+0.2,139,-0.3,211,+0.0,185,1.62,144,33.9,110,58.9,95,2018,0.9224556662123985,26,9,0.7428571428571429,35
294,Tennessee Martin,OVC,10-21,-11.66,95.5,327,107.2,214,66.1,275,-.019,231,-4.41,272,103.2,234,107.6,288,-2.80,245,,OVC,66.1,275,95.5,327,49.8,214,21.6,331,28.6,181,24.1,349,107.2,214,50.7,167,19.0,128,32.1,310,34.1,202,66.1,275,67.2,273,17.7,201,18.0,304,95.5,327,97.4,302,107.2,214,105.7,222,76.4,246,+0.2,137,-0.6,229,+1.0,67,-0.7,265,-0.5,241,-1.3,280,1.05,293,33.4,122,30.5,304,2018,0.209315720066753,10,21,0.3225806451612903,31
198,Tennessee St.,OVC,15-15,-3.27,97.5,305,100.8,95,65.6,300,+.016,132,-2.98,230,103.5,217,106.5,227,+4.02,60,,OVC,65.6,300,97.5,305,49.3,238,21.9,339,25.5,274,37.8,60,100.8,95,52.7,263,23.3,3,27.7,125,35.4,227,65.6,300,66.6,303,18.1,270,18.0,295,97.5,305,96.8,311,100.8,95,99.9,66,76.7,192,+0.5,97,-0.1,160,+1.1,56,-0.7,269,+0.5,112,-1.3,282,1.59,155,29.4,226,52.7,142,2018,0.40545446268674645,15,15,0.5,30
219,Tennessee Tech,OVC,19-14,-5.06,98.5,290,103.5,147,70.9,54,+.118,4,-2.81,219,104.1,188,106.9,254,-0.53,171,,OVC,70.9,54,98.5,290,49.0,254,19.8,271,28.2,195,37.7,64,103.5,147,51.0,186,20.3,62,30.1,240,36.6,247,70.9,54,71.5,64,16.7,97,16.9,77,98.5,290,99.2,274,103.5,147,102.6,135,76.8,184,-1.1,308,-1.3,309,-0.8,279,-0.1,188,+0.4,121,+1.6,46,2.23,22,27.9,265,61.5,77,2018,0.36136991938295016,19,14,0.5757575757575758,33
36,Texas,B12,19-15,+15.43,109.5,89,94.1,12,65.2,316,-.030,263,+11.77,3,111.4,8,99.6,5,+2.05,99,10,B12,65.2,316,109.5,89,50.0,203,17.0,73,29.4,148,33.0,189,94.1,12,48.3,47,18.0,201,29.1,199,26.2,26,65.2,316,67.0,289,18.0,252,18.0,292,109.5,89,103.7,177,94.1,12,99.2,46,77.7,52,+1.7,22,+1.3,51,+2.1,11,-0.4,229,+0.2,145,+1.5,52,1.39,210,28.9,238,36.0,269,2018,0.851069593916848,19,15,0.5588235294117647,34
29,Texas A&M,SEC,22-13,+16.96,111.3,66,94.4,14,69.5,101,+.014,140,+11.69,4,111.8,2,100.1,15,+5.12,37,7,SEC,69.5,101,111.3,66,51.5,149,19.2,233,34.0,30,32.0,217,94.4,14,46.9,18,15.3,328,27.4,109,27.5,43,69.5,101,70.8,99,16.9,113,17.0,99,111.3,66,105.9,127,94.4,14,99.8,60,78.8,6,+2.0,17,+0.9,66,+3.1,4,+3.3,1,+1.1,64,+1.6,41,1.92,64,35.6,66,61.2,82,2018,0.8692011732490189,22,13,0.6285714285714286,35
311,Texas A&M Corpus Chris,Slnd,11-18,-12.88,94.5,332,107.4,222,68.2,179,-.015,217,-6.14,300,100.9,322,107.1,260,+4.54,48,,Slnd,68.2,179,94.5,332,48.1,293,23.0,347,28.8,174,37.0,73,107.4,222,52.3,241,21.2,31,29.3,207,46.1,345,68.2,179,69.8,149,17.8,224,16.7,57,94.5,332,95.0,331,107.4,222,103.3,159,76.2,267,-0.6,251,-1.1,267,-0.2,192,-0.3,211,-1.0,285,-0.5,232,1.09,286,32.1,164,44.2,221,2018,0.18670804744062955,11,18,0.3793103448275862,29
243,Texas Southern,SWAC,16-20,-6.65,104.6,180,111.2,299,71.7,31,-.010,206,-6.30,304,101.0,318,107.3,271,+17.20,1,16,SWAC,71.7,31,104.6,180,50.5,188,17.2,94,28.5,184,42.9,8,111.2,299,51.2,194,16.2,302,32.5,313,31.2,123,71.7,31,72.6,37,17.2,143,16.3,13,104.6,180,106.0,125,111.2,299,108.6,276,75.8,308,+0.2,132,+2.5,17,-2.1,341,-0.8,271,-0.2,203,-4.6,349,1.37,219,32.9,142,21.5,334,2018,0.3310037949475584,16,20,0.4444444444444444,36
228,Texas St.,SB,15-18,-5.79,99.8,261,105.6,183,62.7,348,+.003,170,-2.99,231,103.1,242,106.1,196,-6.83,329,,SB,62.7,348,99.8,261,48.8,263,20.9,318,31.9,73,36.3,91,105.6,183,51.7,221,19.4,109,27.7,129,30.0,92,62.7,348,64.6,341,19.9,346,17.3,166,99.8,261,99.4,271,105.6,183,103.0,147,76.6,216,-0.2,196,-1.1,267,+0.6,101,+0.1,168,-0.4,235,-0.3,213,0.80,326,35.1,80,47.1,199,2018,0.3430713068153245,15,18,0.45454545454545453,33
11,Texas Tech,B12,27-10,+22.59,113.3,50,90.8,4,66.7,247,-.007,195,+10.31,19,110.7,23,100.4,25,-5.24,309,3,B12,66.7,247,113.3,50,52.0,126,17.9,144,33.0,48,39.3,39,90.8,4,46.3,12,21.8,17,28.6,173,37.9,271,66.7,247,68.3,228,17.9,240,17.5,203,113.3,50,108.5,82,90.8,4,94.5,10,77.6,62,-0.3,213,+0.4,116,-1.1,300,+0.2,139,+2.0,22,+2.5,11,1.83,86,37.9,36,41.3,243,2018,0.9272954759819289,27,10,0.7297297297297297,37
315,The Citadel,SC,11-21,-13.33,101.6,238,114.9,332,77.2,2,+.062,48,-2.58,211,103.5,216,106.1,198,+0.98,136,,SC,77.2,2,101.6,238,49.1,249,18.7,196,27.4,216,32.7,197,114.9,332,56.8,344,19.6,97,33.7,334,30.4,105,77.2,2,78.3,2,14.5,4,16.4,19,101.6,238,100.9,244,114.9,332,113.9,337,74.0,351,-1.9,346,-2.0,343,-1.8,332,-1.5,320,-2.5,343,-6.0,350,1.18,267,39.6,21,57.0,115,2018,0.19549152517292534,11,21,0.34375,32
113,Toledo,MAC,23-11,+5.31,113.9,46,108.6,247,68.4,166,+.049,65,-1.94,185,103.9,195,105.8,183,-1.81,207,,MAC,68.4,166,113.9,46,55.3,22,16.6,53,27.9,205,37.1,72,108.6,247,49.5,101,13.4,351,27.8,135,26.4,28,68.4,166,69.8,147,17.6,197,16.9,84,113.9,46,113.6,18,108.6,247,107.0,248,77.7,56,+1.1,52,+1.1,54,+1.0,64,+1.8,16,+1.3,49,-0.7,241,1.68,122,24.2,330,46.6,203,2018,0.633664214379561,23,11,0.6764705882352942,34
153,Towson,CAA,18-14,+1.29,106.0,151,104.7,167,67.9,188,-.070,329,-2.80,218,104.8,154,107.6,284,-2.22,222,,CAA,67.9,188,106.0,151,51.6,144,18.2,161,34.4,21,35.4,112,104.7,167,50.6,160,18.7,153,27.5,112,39.3,296,67.9,188,68.8,208,17.0,124,18.1,312,106.0,151,107.9,94,104.7,167,103.6,166,77.2,116,-1.0,296,-0.9,254,-1.1,302,+0.2,139,+1.2,52,+2.5,11,1.77,101,32.2,161,71.5,23,2018,0.5354180131948264,18,14,0.5625,32
177,Troy,SB,16-17,-0.37,106.2,145,106.5,197,68.3,175,-.065,319,-1.18,166,103.7,208,104.8,131,+0.04,156,,SB,68.3,175,106.2,145,51.4,151,18.1,148,26.9,237,33.6,167,106.5,197,50.2,142,16.5,284,28.9,185,31.6,132,68.3,175,69.5,169,17.7,203,16.9,86,106.2,145,105.5,131,106.5,197,104.7,199,76.7,186,-0.3,216,-1.1,267,+0.4,119,-0.3,209,-0.2,204,+0.8,118,1.98,56,30.8,201,63.7,61,2018,0.4918906916637101,16,17,0.48484848484848486,33
171,Tulane,Amer,14-17,+0.04,106.9,136,106.9,207,69.0,126,-.018,224,+0.76,125,104.6,167,103.9,100,-6.27,320,,Amer,69.0,126,106.9,136,51.5,148,18.8,207,27.5,215,34.5,142,106.9,207,50.5,151,17.2,252,30.0,239,34.6,213,69.0,126,69.7,157,16.7,86,17.9,280,106.9,136,103.9,173,106.9,207,105.5,217,78.4,15,+0.6,93,+0.1,151,+1.1,59,+1.2,42,+2.7,7,+3.0,6,1.85,76,25.2,315,54.8,127,2018,0.5,14,17,0.45161290322580644,31
110,Tulsa,Amer,19-12,+6.02,108.3,113,102.3,118,67.3,220,+.029,104,+0.68,126,105.5,123,104.8,130,-2.04,217,,Amer,67.3,220,108.3,113,50.7,178,18.7,192,32.0,66,41.6,15,102.3,118,49.5,100,17.9,211,29.6,221,25.3,16,67.3,220,68.1,236,17.9,238,17.5,197,108.3,113,106.5,117,102.3,118,102.7,136,77.0,142,-0.4,225,-0.8,247,-0.0,173,-0.4,228,+1.0,69,+1.1,87,1.67,127,37.4,40,63.2,65,2018,0.6582371119416868,19,12,0.6129032258064516,31
109,UAB,CUSA,20-13,+6.32,109.6,87,103.3,138,67.7,201,-.047,291,-0.93,160,104.5,173,105.4,160,-6.96,332,,CUSA,67.7,201,109.6,87,54.7,32,19.0,219,30.7,109,28.3,309,103.3,138,50.6,161,17.6,225,25.0,37,26.8,35,67.7,201,69.0,198,17.7,204,17.1,110,109.6,87,109.5,63,103.3,138,101.6,108,76.6,215,+0.4,111,+0.1,153,+0.7,85,-0.1,187,-0.4,230,-1.4,290,1.69,119,29.6,219,31.8,298,2018,0.6639172215848357,20,13,0.6060606060606061,33
129,UC Davis,BW,22-11,+3.25,104.1,186,100.9,96,66.5,263,+.041,75,-1.05,164,103.7,205,104.8,127,+4.12,56,7,BW,66.5,263,104.1,186,52.0,123,18.7,191,24.5,299,38.5,50,100.9,96,49.4,98,22.0,13,28.8,182,36.6,246,66.5,263,67.2,281,17.6,194,18.4,332,104.1,186,102.9,198,100.9,96,98.9,39,75.4,329,-0.8,274,-1.1,286,-0.6,263,-1.6,322,+0.0,183,-3.7,345,1.13,281,32.3,160,34.3,281,2018,0.5888113071223827,22,11,0.6666666666666666,33
147,UC Irvine,BW,18-17,+2.11,100.1,256,98.0,53,67.0,239,-.025,250,+1.08,119,105.6,117,104.5,121,+8.99,9,,BW,67.0,239,100.1,256,48.1,292,20.5,297,32.3,61,28.2,311,98.0,53,45.0,5,14.8,337,24.8,31,41.2,315,67.0,239,68.2,233,18.1,254,17.2,130,100.1,256,98.9,282,98.0,53,98.4,33,76.8,180,+1.1,49,+0.9,69,+1.3,35,-0.1,178,-1.1,291,-1.2,270,1.13,280,35.6,68,57.8,108,2018,0.5606561395601994,18,17,0.5142857142857142,35
268,UC Riverside,BW,9-22,-9.17,94.5,333,103.7,153,68.3,177,-.067,323,-1.31,170,103.8,202,105.1,143,+1.76,109,,BW,68.3,177,94.5,333,45.1,338,20.1,282,26.8,240,32.4,206,103.7,153,49.1,78,19.4,111,31.9,302,38.2,275,68.3,177,69.0,199,17.9,235,17.0,96,94.5,333,92.8,339,103.7,153,102.7,137,77.5,76,+1.6,26,+1.9,25,+1.2,50,-0.7,254,+0.1,152,+0.9,107,1.40,209,38.4,33,61.9,73,2018,0.25571200324521964,9,22,0.2903225806451613,31
123,UC Santa Barbara,BW,23-9,+4.27,111.4,64,107.1,212,66.7,250,+.034,92,-3.86,251,101.8,295,105.7,176,-0.86,180,,BW,66.7,250,111.4,64,53.0,85,14.9,11,28.7,180,32.0,219,107.1,212,49.9,123,16.6,278,27.0,93,29.5,76,66.7,250,67.4,264,17.8,225,17.9,279,111.4,64,111.1,42,107.1,212,103.2,156,76.8,168,-0.3,215,-0.8,251,+0.2,140,-0.7,268,+0.1,152,+1.4,70,2.12,37,25.1,317,44.7,216,2018,0.6112786209218862,23,9,0.71875,32
111,UCF,Amer,19-13,+5.62,98.9,281,93.2,8,64.5,333,+.062,49,+2.52,98,106.5,98,104.0,106,-2.50,235,,Amer,64.5,333,98.9,281,47.8,303,20.7,306,28.5,183,43.1,7,93.2,8,45.7,8,18.9,141,28.6,171,26.2,25,64.5,333,65.0,337,18.9,318,18.2,322,98.9,281,96.4,317,93.2,8,94.5,8,78.0,33,+2.4,8,+2.9,10,+1.9,18,-0.5,241,+0.2,142,+1.5,52,1.69,120,32.5,151,37.2,264,2018,0.6643315532284925,19,13,0.59375,32
56,UCLA,P12,21-12,+13.52,115.0,31,101.4,103,70.3,70,-.027,257,+6.42,63,108.1,72,101.7,60,+2.93,81,11,P12,70.3,70,115.0,31,53.7,68,16.6,52,28.5,187,35.5,108,101.4,103,49.1,81,14.5,343,26.9,89,29.7,81,70.3,70,71.4,70,15.9,35,17.6,236,115.0,31,111.1,43,101.4,103,103.8,172,78.8,5,+3.1,2,+2.8,11,+3.5,1,+3.0,3,+0.1,152,+0.6,132,1.53,176,27.3,278,30.7,303,2018,0.8095947206417806,21,12,0.6363636363636364,33
166,UMBC,AE,25-11,+0.50,103.1,206,102.6,124,68.4,170,+.125,2,-4.38,269,102.7,267,107.1,259,-3.55,277,16,AE,68.4,170,103.1,206,52.2,114,17.2,95,25.9,260,30.3,270,102.6,124,51.6,217,20.7,45,28.3,159,30.8,113,68.4,170,68.8,209,17.3,148,17.7,239,103.1,206,104.0,170,102.6,124,101.5,103,75.8,300,+0.1,150,+0.3,129,-0.1,180,-0.5,237,-0.8,265,-3.5,344,2.03,51,28.0,264,71.4,24,2018,0.5139730532863855,25,11,0.6944444444444444,36
276,UMKC,WAC,10-22,-10.32,98.2,295,108.5,246,69.3,111,-.009,201,-0.19,143,104.8,158,105.0,138,+1.93,106,,WAC,69.3,111,98.2,295,47.8,306,18.2,163,21.3,337,34.4,143,108.5,246,52.5,253,20.0,77,33.5,330,42.5,330,69.3,111,71.2,80,16.9,107,16.9,85,98.2,295,95.6,324,108.5,246,108.1,268,74.8,345,-1.6,335,-0.9,255,-2.3,343,-1.8,331,-1.6,315,-3.3,343,0.72,332,34.1,107,33.0,287,2018,0.24102731658375667,10,22,0.3125,32
287,UMass Lowell,AE,12-18,-11.00,103.6,194,114.6,329,71.6,36,+.002,171,-6.84,314,100.8,326,107.6,281,-9.71,343,,AE,71.6,36,103.6,194,52.1,116,18.7,190,26.2,250,39.2,41,114.6,329,55.4,330,20.3,64,32.5,314,33.5,186,71.6,36,71.7,58,16.0,42,17.4,191,103.6,194,104.5,156,114.6,329,110.3,305,75.6,322,-1.8,343,-1.2,303,-2.4,346,-1.6,321,-1.0,283,+0.2,172,2.13,35,24.2,329,56.6,119,2018,0.238581811317228,12,18,0.4,30
187,UNC Asheville,BSth,21-13,-1.91,105.7,158,107.6,225,69.4,108,+.095,16,-3.36,239,103.3,232,106.7,237,+5.59,33,8,BSth,69.4,108,105.7,158,54.6,35,19.4,246,24.1,304,31.3,237,107.6,225,52.5,255,18.5,169,26.8,87,33.9,195,69.4,108,69.1,197,16.5,73,18.5,337,105.7,158,105.5,134,107.6,225,105.5,218,75.9,290,-1.9,344,-1.0,262,-2.8,348,-1.8,329,-0.1,191,+1.2,84,2.22,23,24.1,333,71.2,25,2018,0.4489581257598448,21,13,0.6176470588235294,34
82,UNC Greensboro,SC,27-8,+9.22,104.9,174,95.7,26,65.2,317,-.024,244,-4.57,280,103.7,210,108.2,315,-3.46,272,13,SC,65.2,317,104.9,174,51.7,139,19.8,270,33.7,35,26.0,336,95.7,26,47.6,35,21.4,27,23.9,21,39.3,295,65.2,317,66.2,317,18.1,256,18.1,314,104.9,174,106.3,122,95.7,26,94.0,6,77.2,120,+0.9,62,+0.6,94,+1.2,49,+0.5,115,+0.0,179,-0.5,225,1.77,100,32.5,152,67.4,37,2018,0.7418442048653849,27,8,0.7714285714285715,35
245,UNC Wilmington,CAA,11-21,-7.43,104.3,185,111.7,303,72.0,27,-.023,238,-0.32,145,106.6,94,106.9,252,+2.87,82,,CAA,72.0,27,104.3,185,48.9,261,17.3,102,33.8,34,31.1,245,111.7,303,56.6,340,15.6,320,25.5,46,36.9,256,72.0,27,72.5,40,16.1,43,17.1,106,104.3,185,105.1,143,111.7,303,113.9,338,75.9,293,-1.5,329,-2.0,344,-0.9,293,-1.4,315,+0.0,181,-0.2,202,1.33,230,28.2,260,30.4,305,2018,0.31253994161382176,11,21,0.34375,32
107,UNLV,MWC,20-13,+6.44,111.4,65,104.9,174,72.3,22,-.012,209,+0.86,122,106.0,109,105.1,145,-5.02,302,,MWC,72.3,22,111.4,65,53.5,72,19.1,224,34.5,20,43.4,6,104.9,174,48.7,62,15.5,324,29.9,232,26.2,24,72.3,22,73.7,19,15.6,19,17.1,119,111.4,65,111.0,44,104.9,174,104.3,189,77.2,119,+1.5,28,+2.7,13,+0.4,116,+0.7,93,-0.8,265,-1.0,258,0.92,308,27.0,281,28.5,311,2018,0.6662733637849245,20,13,0.6060606060606061,33
51,USC,P12,24-12,+14.06,114.5,39,100.5,87,67.7,200,-.017,222,+5.12,75,108.2,69,103.1,82,+1.37,120,1,P12,67.7,200,114.5,39,53.8,62,15.3,17,30.1,129,29.9,279,100.5,87,51.0,182,19.2,118,28.9,187,26.6,31,67.7,200,68.7,214,16.3,62,19.0,351,114.5,39,111.6,34,100.5,87,102.3,123,78.2,23,+2.3,9,+1.9,23,+2.6,6,+1.1,52,+0.4,122,+0.6,137,2.35,11,30.6,204,78.9,5,2018,0.8175441375763663,24,12,0.6666666666666666,36
338,USC Upstate,ASun,7-25,-19.77,105.2,167,125.0,351,69.0,124,-.051,297,-3.44,241,103.0,247,106.4,223,+1.76,110,,ASun,69.0,124,105.2,167,50.1,199,16.1,36,27.1,227,21.6,351,125.0,351,59.5,351,15.0,331,30.8,268,36.1,236,69.0,124,71.2,82,17.5,183,16.4,20,105.2,167,104.2,165,125.0,351,122.7,351,76.4,247,-0.6,252,-0.8,246,-0.5,241,+0.1,164,-0.6,247,-0.5,233,1.89,72,26.2,296,66.3,42,2018,0.12098025335285237,7,25,0.21875,32
128,UT Arlington,SB,21-13,+3.37,105.5,163,102.1,115,72.8,15,+.009,152,-1.37,173,104.2,185,105.5,166,-1.20,187,,SB,72.8,15,105.5,163,52.5,107,20.1,284,30.8,104,34.8,131,102.1,115,49.2,84,19.3,114,27.7,126,34.7,215,72.8,15,73.9,18,15.5,17,17.2,132,105.5,163,104.9,150,102.1,115,100.2,69,77.3,91,+2.2,11,+2.5,15,+2.0,13,+1.4,29,-1.0,286,-2.2,324,2.10,41,27.6,274,57.5,113,2018,0.5930816719390721,21,13,0.6176470588235294,34
260,UT Rio Grande Valley,WAC,15-18,-8.47,99.3,268,107.8,229,73.7,9,+.064,43,-2.78,217,102.0,290,104.7,124,-2.47,231,,WAC,73.7,9,99.3,268,44.7,341,17.8,140,28.3,194,41.1,23,107.8,229,51.5,210,20.4,54,30.3,244,45.5,343,73.7,9,75.5,8,15.5,15,16.5,35,99.3,268,97.8,298,107.8,229,104.4,192,76.4,240,-0.0,162,+0.1,149,-0.1,189,-0.3,216,-0.5,246,-1.1,259,1.28,241,45.3,3,62.1,72,2018,0.2799884290051604,15,18,0.45454545454545453,33
240,UTEP,CUSA,11-20,-6.49,98.0,301,104.5,163,67.6,206,-.039,277,-1.14,165,104.3,181,105.4,158,-2.56,239,,CUSA,67.6,206,98.0,301,49.3,237,17.8,136,19.1,349,31.0,249,104.5,163,50.6,159,17.3,245,27.0,95,36.5,244,67.6,206,69.2,185,18.1,258,16.8,64,98.0,301,96.2,320,104.5,163,103.5,163,76.9,157,+0.7,88,+1.3,50,+0.0,165,+0.1,162,-0.1,190,-1.0,254,1.72,110,38.7,30,47.8,189,2018,0.32332670058547386,11,20,0.3548387096774194,31
174,UTSA,CUSA,20-15,-0.09,104.7,178,104.7,169,71.8,29,+.038,82,-1.04,163,103.9,196,104.9,135,+1.32,122,,CUSA,71.8,29,104.7,178,51.1,165,17.1,81,26.5,247,29.6,285,104.7,169,49.4,96,16.3,297,27.3,108,41.6,321,71.8,29,72.9,30,15.7,20,17.4,177,104.7,178,103.5,182,104.7,169,103.9,175,76.4,237,-1.0,300,-0.8,252,-1.1,306,-1.0,298,+0.1,152,+0.9,111,1.16,273,34.4,95,53.9,134,2018,0.5,20,15,0.5714285714285714,35
58,Utah,P12,23-12,+12.99,111.8,59,98.9,63,65.6,299,+.031,98,+6.31,64,109.1,54,102.7,76,-1.28,190,2,P12,65.6,299,111.8,59,54.5,38,17.5,118,24.1,303,34.4,144,98.9,63,48.3,49,17.5,231,28.6,175,28.8,62,65.6,299,67.2,276,19.0,322,16.8,70,111.8,59,108.7,79,98.9,63,101.5,107,77.0,145,+2.1,15,+1.7,31,+2.4,7,+1.0,58,-0.4,236,-3.9,348,1.66,132,34.2,101,48.7,181,2018,0.8037543826832454,23,12,0.6571428571428571,35
139,Utah St.,MWC,17-17,+2.57,107.2,132,104.7,165,66.8,244,-.014,213,+2.74,96,106.7,93,103.9,102,-0.95,184,,MWC,66.8,244,107.2,132,53.2,80,18.8,209,25.4,281,33.2,178,104.7,165,51.9,230,17.6,226,26.4,71,33.3,175,66.8,244,68.8,207,17.1,130,17.9,286,107.2,132,105.2,140,104.7,165,105.3,213,77.6,68,-0.8,271,-1.1,288,-0.6,257,+0.2,139,+2.1,20,+3.2,4,1.10,285,32.1,165,50.2,160,2018,0.5674284715621015,17,17,0.5,34
92,Utah Valley,WAC,23-11,+7.78,110.8,73,103.0,131,68.1,182,-.006,190,-1.94,184,102.4,277,104.4,116,+1.28,123,,WAC,68.1,182,110.8,73,54.2,48,19.8,273,30.9,103,39.0,43,103.0,131,48.1,43,17.4,235,27.5,118,28.5,54,68.1,182,69.8,152,17.9,231,16.7,61,110.8,73,109.3,66,103.0,131,99.3,52,77.7,54,+1.1,46,+2.1,21,+0.2,139,+0.1,163,+0.6,102,+1.5,52,1.54,169,29.1,232,52.0,147,2018,0.6983545365052717,23,11,0.6764705882352942,34
144,VCU,A10,18-15,+2.28,106.1,149,103.8,156,70.9,51,+.015,136,+0.51,129,105.3,138,104.8,125,+1.16,128,,A10,70.9,51,106.1,149,52.6,103,18.7,199,29.0,166,28.1,313,103.8,156,51.5,209,17.8,214,27.0,92,29.4,74,70.9,51,71.3,75,15.9,36,17.8,275,106.1,149,105.3,135,103.8,156,103.8,171,77.2,115,-0.4,230,-1.1,267,+0.2,154,+0.5,108,+1.6,34,+0.7,125,1.35,224,36.1,56,31.8,297,2018,0.5626772860517212,18,15,0.5454545454545454,33
331,VMI,SC,9-21,-17.43,89.9,346,107.4,220,68.8,139,+.024,114,-3.79,249,104.1,189,107.9,298,-2.50,233,,SC,68.8,139,89.9,346,45.7,335,21.4,329,25.4,280,27.7,322,107.4,220,52.1,237,18.8,146,30.4,250,34.2,206,68.8,139,70.0,137,16.9,112,17.3,158,89.9,346,90.8,344,107.4,220,106.8,244,75.4,330,-1.4,325,-0.5,212,-2.2,342,-0.8,288,-2.2,337,-1.2,274,0.76,330,36.6,48,32.4,292,2018,0.11451641271537148,9,21,0.3,30
150,Valparaiso,MVC,15-17,+1.78,103.0,210,101.2,101,69.7,90,-.053,302,+1.62,107,105.0,147,103.4,89,-2.72,241,,MVC,69.7,90,103.0,210,50.8,175,21.2,326,26.8,239,36.7,80,101.2,101,48.4,55,19.5,99,27.9,138,44.1,337,69.7,90,69.6,163,17.5,188,17.0,92,103.0,210,99.7,264,101.2,101,100.4,79,77.3,105,+1.5,34,+3.2,8,-0.3,211,-1.3,311,-0.8,265,+1.5,52,1.22,252,37.1,46,49.2,171,2018,0.550513995365527,15,17,0.46875,32
91,Vanderbilt,SEC,12-20,+7.93,115.3,29,107.3,219,65.8,289,-.080,336,+11.07,10,110.8,20,99.7,8,+4.28,53,,SEC,65.8,289,115.3,29,51.8,133,17.7,129,28.7,177,36.2,95,107.3,219,52.4,247,14.7,338,27.7,132,36.5,245,65.8,289,66.5,309,19.1,325,17.1,125,115.3,29,108.3,86,107.3,219,110.8,311,76.9,156,-0.2,190,-0.1,169,-0.4,230,+0.1,165,-0.7,258,+1.5,52,2.08,44,35.7,62,63.8,60,2018,0.6957098370053344,12,20,0.375,32
76,Vermont,AE,27-8,+10.22,113.8,48,103.5,148,64.1,339,-.009,202,-2.97,227,102.5,276,105.4,161,+4.54,47,6,AE,64.1,339,113.8,48,56.0,18,16.9,72,26.0,259,41.9,14,103.5,148,50.6,163,16.9,269,22.6,11,25.0,14,64.1,339,64.9,339,19.4,337,17.9,277,113.8,48,113.3,25,103.5,148,100.6,83,76.9,151,-0.4,221,-1.1,267,+0.3,126,+0.4,119,-0.4,226,+1.2,78,2.19,25,28.5,250,60.9,83,2018,0.7485728898607844,27,8,0.7714285714285715,35
1,Villanova,BE,36-4,+33.76,127.8,1,94.0,11,68.7,150,-.018,225,+11.31,6,111.3,10,100.0,12,+3.98,61,1,BE,68.7,150,127.8,1,59.5,1,15.0,14,29.6,140,29.4,287,94.0,11,48.5,56,18.2,186,27.1,100,26.7,32,68.7,150,70.0,138,17.9,233,16.6,44,127.8,1,122.7,1,94.0,11,99.3,51,77.3,96,-0.4,228,-1.1,267,+0.2,138,+1.3,32,+0.7,99,+1.5,52,1.80,96,25.9,302,55.9,124,2018,0.9715977975269159,36,4,0.9,40
2,Virginia,ACC,31-3,+29.53,115.2,30,85.6,1,59.4,351,+.048,66,+9.24,37,110.0,33,100.7,33,-0.08,158,1,ACC,59.4,351,115.2,30,52.7,98,14.0,5,27.0,235,24.5,345,85.6,1,44.3,4,20.9,41,25.6,49,26.2,27,59.4,351,60.6,351,20.9,351,18.8,347,115.2,30,110.4,52,85.6,1,88.9,2,77.5,75,+0.2,128,+0.3,125,+0.2,140,+0.5,110,+1.4,38,+1.1,89,1.67,130,29.0,237,58.5,98,2018,0.9681799492082278,31,3,0.9117647058823529,34
33,Virginia Tech,ACC,21-12,+16.03,115.3,28,99.3,70,68.7,147,-.018,229,+7.91,53,109.2,47,101.3,52,-9.76,344,8,ACC,68.7,147,115.3,28,57.7,6,17.0,75,23.9,308,36.5,86,99.3,70,50.4,148,18.6,163,29.4,211,29.4,73,68.7,147,69.9,142,16.1,50,18.4,336,115.3,28,112.4,27,99.3,70,102.1,116,76.8,175,-1.1,307,-0.6,224,-1.6,326,+0.2,139,+1.4,45,+0.5,143,2.27,18,32.0,169,53.4,136,2018,0.8478718629287839,21,12,0.6363636363636364,33
180,Wagner,NEC,23-10,-0.60,103.0,209,103.6,151,67.6,202,+.070,32,-8.35,334,101.2,314,109.5,343,-0.09,159,8,NEC,67.6,202,103.0,209,49.7,216,19.6,265,35.8,7,34.2,150,103.6,151,49.0,73,20.4,59,28.6,170,46.7,348,67.6,202,69.0,202,17.5,181,17.3,153,103.0,209,105.9,128,103.6,151,99.9,64,74.7,348,-2.4,351,-1.7,335,-3.0,349,-1.9,334,-2.9,344,-0.8,245,1.61,148,32.3,159,43.4,227,2018,0.48330722395848696,23,10,0.696969696969697,33
89,Wake Forest,ACC,11-20,+7.94,110.9,72,103.0,130,69.5,102,-.120,350,+9.05,40,109.2,49,100.2,16,-1.40,194,,ACC,69.5,102,110.9,72,50.5,187,18.8,208,30.5,116,31.9,221,103.0,130,51.5,213,17.5,229,27.7,131,39.0,291,69.5,102,69.9,145,17.3,150,17.1,117,110.9,72,105.2,142,103.0,130,106.3,238,77.3,90,+1.9,20,+3.6,5,+0.2,133,-1.2,306,-0.1,193,+0.2,170,1.81,90,35.5,69,54.7,129,2018,0.7005354491316655,11,20,0.3548387096774194,31
98,Washington,P12,21-13,+7.09,106.6,140,99.5,73,69.8,88,+.075,25,+4.75,77,108.3,68,103.5,93,-0.46,169,5,P12,69.8,88,106.6,140,51.7,137,18.6,188,28.9,169,36.7,81,99.5,73,50.7,166,21.1,33,33.3,327,34.4,208,69.8,88,70.7,101,16.5,74,17.7,240,106.6,140,104.4,158,99.5,73,102.2,118,77.4,87,+0.4,105,+0.7,87,+0.2,137,+0.6,104,+1.3,48,-0.0,186,1.67,129,27.9,267,64.3,55,2018,0.6883995123607077,21,13,0.6176470588235294,34
186,Washington St.,P12,12-19,-1.66,108.4,108,110.0,278,68.2,178,+.004,165,+4.41,79,107.2,84,102.8,77,-1.75,206,,P12,68.2,178,108.4,108,54.1,50,19.4,251,24.6,296,24.7,342,110.0,278,53.5,286,16.4,291,31.2,286,28.5,56,68.2,178,69.4,175,17.3,154,17.5,196,108.4,108,104.8,155,110.0,278,111.3,322,76.7,193,-0.1,173,-0.6,225,+0.3,121,-0.4,227,-0.6,248,+0.6,133,1.30,236,28.3,256,36.4,268,2018,0.4579740927838336,12,19,0.3870967741935484,31
159,Weber St.,BSky,20-11,+0.88,106.7,138,105.8,186,67.5,209,+.037,87,-2.94,225,103.9,197,106.8,248,-0.23,164,,BSky,67.5,209,106.7,138,56.1,17,17.4,114,19.3,347,35.0,128,105.8,186,50.0,127,15.9,310,26.7,83,31.7,133,67.5,209,69.5,173,17.0,120,17.8,258,106.7,138,108.0,92,105.8,186,104.1,183,77.2,117,+0.8,69,+0.1,148,+1.6,26,-0.4,220,+0.1,174,+0.5,143,1.55,166,27.0,282,45.6,212,2018,0.524333847507351,20,11,0.6451612903225806,31
12,West Virginia,B12,26-11,+22.44,119.4,10,96.9,41,69.2,120,-.014,214,+10.59,16,109.9,38,99.3,2,-4.72,299,5,B12,69.2,120,119.4,10,50.4,191,16.1,37,37.0,5,31.3,236,96.9,41,49.9,124,23.4,2,30.1,242,44.1,338,69.2,120,70.5,108,17.7,210,16.5,34,119.4,10,113.5,20,96.9,41,99.0,42,77.3,99,+0.5,98,-0.1,181,+1.2,41,+1.0,60,-0.2,202,+0.6,135,1.70,117,35.0,83,49.6,166,2018,0.916918485214245,26,11,0.7027027027027027,37
302,Western Carolina,SC,13-19,-12.30,95.7,323,108.0,232,69.4,109,+.102,10,-0.66,150,105.1,144,105.8,181,+5.22,36,,SC,69.4,109,95.7,323,46.8,325,21.7,332,29.2,161,31.8,224,108.0,232,54.4,307,20.9,40,32.5,316,36.1,235,69.4,109,70.8,98,17.6,193,16.4,23,95.7,323,94.7,332,108.0,232,109.2,285,76.3,250,-1.0,298,-1.6,328,-0.4,227,+0.2,139,-0.3,213,-0.3,206,1.24,247,37.5,39,52.3,146,2018,0.1993281574167173,13,19,0.40625,32
293,Western Illinois,Sum,12-16,-11.65,96.1,319,107.7,228,68.1,183,+.006,159,-2.21,199,104.8,151,107.1,258,-6.56,326,,Sum,68.1,183,96.1,319,49.9,206,18.6,183,18.0,351,28.3,308,107.7,228,51.2,192,14.5,344,27.2,102,29.3,71,68.1,183,69.1,193,17.7,211,17.1,102,96.1,319,95.5,325,107.7,228,107.8,266,76.2,271,+0.2,134,+1.0,60,-0.7,267,-0.5,232,-2.2,336,-0.9,252,1.23,250,27.6,272,57.9,106,2018,0.21239598068429164,12,16,0.42857142857142855,28
47,Western Kentucky,CUSA,27-11,+14.45,114.5,40,100.1,82,68.8,143,-.003,182,+3.72,82,106.9,90,103.2,84,+3.81,65,4,CUSA,68.8,143,114.5,40,54.2,47,16.6,54,29.0,167,40.0,35,100.1,82,49.4,95,17.9,207,29.3,205,23.9,6,68.8,143,69.7,156,17.7,199,17.0,90,114.5,40,111.8,32,100.1,82,101.2,95,76.8,183,-0.3,210,-0.6,230,+0.0,167,-0.6,248,-0.1,194,+1.1,90,1.92,65,20.1,349,16.5,345,2018,0.8242858823862859,27,11,0.7105263157894737,38
188,Western Michigan,MAC,17-15,-2.02,106.2,144,108.2,235,67.8,193,+.010,148,-1.97,187,104.4,177,106.4,212,-2.51,237,,MAC,67.8,193,106.2,144,49.3,235,15.6,23,29.8,136,34.1,152,108.2,235,54.1,298,19.6,95,27.3,107,33.7,188,67.8,193,69.1,192,17.8,217,17.2,142,106.2,144,106.3,123,108.2,235,106.7,242,77.6,63,+0.9,61,+1.5,43,+0.4,117,+0.4,121,+0.3,135,+1.5,51,2.13,36,29.1,233,76.1,11,2018,0.4465652179479705,17,15,0.53125,32
21,Wichita St.,Amer,25-8,+19.03,121.0,4,101.9,111,68.6,162,-.026,254,+5.13,73,107.3,79,102.2,70,+1.55,114,4,Amer,68.6,162,121.0,4,55.1,25,16.5,51,35.4,10,34.8,130,101.9,111,49.4,97,16.3,298,22.6,10,33.2,174,68.6,162,70.0,139,17.0,123,17.4,187,121.0,4,117.4,6,101.9,111,102.2,119,77.8,46,+0.5,99,+0.1,146,+0.9,71,+1.5,26,+1.6,35,+0.9,104,1.81,91,39.2,24,80.2,4,2018,0.8782203174463882,25,8,0.7575757575757576,33
169,William & Mary,CAA,19-12,+0.09,115.3,27,115.2,335,70.0,78,+.098,11,-0.75,155,105.5,125,106.3,207,+3.56,69,,CAA,70.0,78,115.3,27,59.5,2,17.2,90,21.2,338,33.4,173,115.2,335,56.8,343,14.4,346,25.4,44,32.4,153,70.0,78,71.1,89,16.8,102,17.1,121,115.3,27,115.0,14,115.2,335,115.6,344,77.9,41,+0.7,85,+0.8,79,+0.5,102,+0.9,78,+1.4,39,+1.6,43,1.59,152,20.7,346,47.5,194,2018,0.5024945564651643,19,12,0.6129032258064516,31
160,Winthrop,BSth,19-12,+0.85,106.1,148,105.2,176,71.6,34,-.037,274,-5.51,291,101.6,304,107.1,261,+2.13,97,,BSth,71.6,34,106.1,148,54.7,33,19.7,266,26.4,248,35.8,102,105.2,176,49.7,112,18.6,160,27.1,99,32.2,147,71.6,34,71.5,67,15.8,27,18.0,300,106.1,148,107.2,105,105.2,176,101.5,102,75.6,319,-0.5,238,-1.1,267,+0.1,161,-2.5,347,-1.4,305,-0.9,247,1.70,116,28.7,244,47.0,201,2018,0.5244718240568298,19,12,0.6129032258064516,31
70,Wisconsin,B10,15-18,+10.68,109.7,83,99.1,66,62.7,347,-.068,325,+9.89,26,110.9,16,101.0,44,+0.06,155,,B10,62.7,347,109.7,83,50.9,171,16.8,67,28.4,189,32.7,198,99.1,66,51.2,191,18.4,176,27.7,124,30.2,100,62.7,347,63.5,349,20.6,350,17.5,204,109.7,83,105.0,147,99.1,66,103.6,168,77.8,42,+1.3,39,+0.9,66,+1.7,24,+0.5,116,+0.4,129,+1.8,34,0.99,300,27.7,271,34.3,280,2018,0.7628971384721939,15,18,0.45454545454545453,33
163,Wofford,SC,21-13,+0.59,109.1,97,108.5,243,66.1,273,+.043,69,-2.59,212,103.7,207,106.3,208,+2.05,101,,SC,66.1,273,109.1,97,55.2,24,18.2,160,25.0,290,28.5,304,108.5,243,53.3,284,18.7,152,27.1,97,34.0,200,66.1,273,67.1,282,18.3,280,17.5,207,109.1,97,109.0,74,108.5,243,107.0,247,76.4,248,-0.4,229,+0.4,122,-1.2,313,-0.8,271,+0.4,127,-0.9,251,1.35,225,31.6,176,54.7,128,2018,0.5158495077161808,21,13,0.6176470588235294,34
133,Wright St.,Horz,25-10,+2.89,100.6,249,97.7,51,68.3,176,+.074,27,-3.79,250,102.7,266,106.5,228,+2.23,92,14,Horz,68.3,176,100.6,249,48.6,276,18.6,186,28.7,178,35.3,116,97.7,51,48.3,48,21.0,37,25.4,45,29.9,88,68.3,176,69.6,164,17.3,158,17.3,163,100.6,249,100.5,251,97.7,51,94.5,9,76.8,173,+0.4,106,+1.1,57,-0.2,202,-0.5,233,+0.6,108,-0.9,250,1.56,163,29.9,214,41.9,236,2018,0.5833116520024596,25,10,0.7142857142857143,35
118,Wyoming,MWC,20-13,+4.99,105.6,160,100.6,92,73.5,13,+.068,35,+3.44,88,107.2,83,103.8,97,+2.31,90,,MWC,73.5,13,105.6,160,52.1,121,17.6,124,19.5,345,41.2,21,100.6,92,51.0,185,19.1,125,25.7,53,37.8,268,73.5,13,74.7,14,15.0,8,17.2,147,105.6,160,103.0,194,100.6,92,102.1,113,77.8,49,+0.4,109,-0.2,190,+1.1,60,+2.2,8,+2.0,23,-0.1,192,1.84,78,31.9,171,66.1,43,2018,0.6359480514109804,20,13,0.6060606060606061,33
15,Xavier,BE,29-6,+21.51,120.1,8,98.6,57,70.5,62,+.091,17,+9.35,35,109.9,37,100.6,29,+1.84,108,1,BE,70.5,62,120.1,8,55.9,20,17.2,96,30.2,127,41.0,24,98.6,57,49.9,126,15.7,316,23.1,14,25.6,20,70.5,62,72.3,46,16.2,54,17.2,140,120.1,8,115.4,12,98.6,57,102.4,124,78.5,13,+0.9,66,+0.7,83,+1.0,63,+1.5,25,+2.1,17,+3.1,5,2.02,53,31.8,172,64.2,57,2018,0.906227171450295,29,6,0.8285714285714286,35
197,Yale,Ivy,16-15,-3.18,103.8,189,107.0,209,68.8,140,+.042,71,-1.86,183,104.8,152,106.7,239,+1.49,115,,Ivy,68.8,140,103.8,189,52.7,96,18.8,212,25.4,279,31.0,246,107.0,209,52.5,252,17.8,220,26.7,81,33.8,194,68.8,140,70.0,134,17.3,159,17.0,94,103.8,189,104.0,168,107.0,209,106.2,236,76.7,189,-0.2,184,-0.0,159,-0.3,222,-0.1,183,-0.5,239,+0.5,156,1.10,284,32.2,162,58.0,105,2018,0.41358299705835094,16,15,0.5161290322580645,31
322,Youngstown St.,Horz,8-24,-14.56,101.4,242,115.9,338,71.1,50,-.010,205,-1.70,179,103.2,233,104.9,136,+5.26,35,,Horz,71.1,50,101.4,242,47.6,311,19.3,245,34.6,18,28.4,306,115.9,338,58.7,349,19.4,110,29.9,233,39.8,298,71.1,50,73.0,29,16.8,98,16.4,22,101.4,242,99.1,277,115.9,338,113.7,336,76.9,162,-1.3,323,-1.8,337,-0.8,281,+0.7,95,+0.7,94,+1.5,52,1.23,251,31.4,184,38.3,259,2018,0.17696764696162523,8,24,0.25,32
