rk,TEAM,CONF,RECORD,KADJ EM,adjo,adjo.rank,adjd,adjd.rank,adjt,adjt.rank,luck,luck.rank,sos-adjem,sos-adjem.rank,sos-oppo,sos-oppo.rank,sos-oppd,sos-oppd.rank,ncsos-adjem,ncsos-adjem.rank,seed,conference,KADJ T,adjtempo.rank,KADJ O,adjoe.rank,off-efg%,off-efg%.rank,off-to%,off-to%.rank,off-or%,off-or%.rank,off-ftrate,off-ftrate.rank,KADJ D,adjde.rank,def-efg%,def-efg%.rank,def-to%,def-to%.rank,def-or%,def-or%.rank,def-ftrate,def-ftrate.rank,tempo-adj,tempo-adj.rank,tempo-raw,tempo-raw.rank,avg. poss length-offense,avg. poss length-offense.rank,avg. poss length-defense,avg. poss length-defense.rank,off. efficiency-adj,off. efficiency-adj.rank,off. efficiency-raw,off. efficiency-raw.rank,def. efficiency-adj,def. efficiency-adj.rank,def. efficiency-raw,def. efficiency-raw.rank,avghgt,avghgt.rank,effhgt,effhgt.rank,c-hgt,c-hgt.rank,pf-hgt,pf-hgt.rank,sf-hgt,sf-hgt.rank,sg-hgt,sg-hgt.rank,pg-hgt,pg-hgt.rank,EXP,experience.rank,bench,bench.rank,CONTINUITY,continuity.rank,YEAR,BARTHAG,W,L,WIN%,GAMES
126,Air Force,MWC,16-16,+3.43,107.2,95,103.8,182,61.1,325,+.021,131,+4.40,75,105.1,92,100.7,67,-5.72,305,,MWC,61.1,325,107.2,95,54.7,7,18.3,72,17.2,344,38.7,136,103.8,182,49.0,162,20.5,144,33.8,291,32.4,65,61.1,325,62.7,319,18.8,262,19.3,332,107.2,95,103.1,131,103.8,182,104.3,244,77.3,60,-1.0,236,-0.8,262,-0.2,207,+1.0,64,+2.4,9,+2.5,16,1.67,142,32.0,139,70.3,38,2011,0.5916155961258064,16,16,0.5,32
118,Akron,MAC,23-13,+4.09,103.7,163,99.6,94,65.9,144,+.043,74,-1.70,187,102.5,201,104.2,188,-0.43,169,15,MAC,65.9,144,103.7,163,49.7,140,17.4,38,25.9,296,31.2,310,99.6,94,46.7,63,20.6,132,31.1,200,38.7,190,65.9,144,66.7,179,17.2,81,18.5,278,103.7,163,102.6,141,99.6,94,97.8,78,76.6,167,+1.2,84,+1.4,34,-0.2,174,-0.0,173,-0.8,246,-2.5,321,1.89,77,31.5,152,59.6,109,2011,0.6139411914193605,23,13,0.6388888888888888,36
51,Alabama,SEC,25-12,+13.70,104.6,144,90.9,7,63.9,245,-.003,190,+3.28,87,104.8,102,101.5,84,-5.62,302,1,SEC,63.9,245,104.6,144,48.7,187,21.1,235,35.5,29,31.6,305,90.9,7,43.7,6,23.6,24,31.3,204,36.3,136,63.9,245,65.7,229,18.2,199,18.2,245,104.6,144,101.1,187,90.9,7,90.3,4,76.5,187,-0.6,219,-0.5,228,-0.2,176,-0.5,236,-0.5,224,+0.5,113,1.44,201,24.6,301,57.4,128,2011,0.8340228719214953,25,12,0.6756756756756757,37
323,Alabama A&M,SWAC,13-15,-16.65,87.0,339,103.7,179,69.7,26,-.001,186,-13.88,345,93.1,345,107.0,328,+10.19,10,,SWAC,69.7,26,87.0,339,43.6,335,22.6,298,28.3,245,40.9,96,103.7,179,46.8,67,24.0,17,31.9,234,42.2,258,69.7,26,71.2,27,16.7,53,17.0,35,87.0,339,87.9,335,103.7,179,93.1,15,75.1,324,-2.1,296,-0.9,272,-1.2,303,-0.1,208,-2.0,323,-3.4,334,1.80,100,37.0,47,55.5,145,2011,0.11718818869169752,13,15,0.4642857142857143,28
303,Alabama St.,SWAC,17-18,-13.19,92.8,318,106.0,235,63.6,256,+.032,100,-11.26,338,94.9,341,106.1,298,+6.29,31,16,SWAC,63.6,256,92.8,318,44.2,324,23.6,326,34.9,40,45.7,25,106.0,235,46.7,62,23.6,25,31.2,202,52.8,338,63.6,256,66.2,198,18.9,275,17.1,44,92.8,318,92.0,318,106.0,235,96.8,54,76.0,247,-3.0,327,-1.2,296,-1.9,330,-0.0,200,+0.1,148,+1.0,99,0.98,294,45.8,1,48.3,204,2011,0.17807955424003785,17,18,0.4857142857142857,35
243,Albany,AE,16-16,-6.86,101.7,203,108.6,276,59.9,333,+.025,116,-5.94,300,99.2,315,105.1,235,-2.14,211,,AE,59.9,333,101.7,203,49.5,153,20.8,220,32.6,101,29.8,325,108.6,276,47.8,107,17.0,320,31.7,227,27.8,18,59.9,333,61.0,340,19.3,299,19.8,342,101.7,203,101.2,185,108.6,276,102.8,198,76.3,210,+2.6,33,+1.1,49,+1.5,34,-0.4,228,-1.9,320,-1.5,258,1.20,254,26.7,263,44.4,243,2011,0.31975298774199906,16,16,0.5,32
341,Alcorn St.,SWAC,4-24,-25.27,86.2,342,111.5,317,75.7,1,-.019,230,-9.38,328,96.1,338,105.4,256,+12.93,4,,SWAC,75.7,1,86.2,342,40.4,345,21.7,264,23.4,325,46.9,17,111.5,317,49.2,172,19.8,187,37.6,339,42.1,256,75.7,1,77.7,1,14.5,2,16.1,2,86.2,342,84.4,343,111.5,317,103.3,209,75.7,283,-0.7,223,-0.5,228,-0.2,217,-0.3,215,-0.7,242,-1.5,287,0.63,339,45.5,3,45.6,230,2011,0.04928588117275808,4,24,0.14285714285714285,28
173,American,Pat,22-9,-0.64,104.1,156,104.7,205,60.3,331,+.128,5,-6.21,306,101.0,259,107.2,329,-3.55,250,,Pat,60.3,331,104.1,156,50.6,98,18.0,52,28.5,238,37.5,181,104.7,205,47.5,95,16.5,329,23.1,3,37.4,165,60.3,331,62.1,328,20.4,334,18.1,220,104.1,156,104.7,96,104.7,205,100.9,154,77.3,59,-0.9,232,+0.2,145,-1.1,288,+0.7,99,+1.1,76,+2.6,12,1.62,152,22.9,312,63.7,80,2011,0.48348297800815754,22,9,0.7096774193548387,31
212,Appalachian St.,SC,16-15,-4.38,104.7,143,109.0,283,66.0,134,+.044,67,-2.32,209,103.4,160,105.7,276,+5.92,37,,SC,66.0,134,104.7,143,50.5,101,18.9,100,29.1,223,39.2,125,109.0,283,52.4,306,17.8,295,29.4,128,30.7,43,66.0,134,67.8,121,17.5,113,17.5,91,104.7,143,105.0,95,109.0,283,108.0,309,76.2,219,-2.3,303,-1.5,313,-0.8,265,+1.0,80,-0.2,202,+1.5,78,2.12,43,28.8,213,47.9,207,2011,0.38630738474973947,16,15,0.5161290322580645,31
20,Arizona,P10,30-8,+19.65,117.4,12,97.8,67,65.3,170,+.064,32,+7.69,34,107.7,30,100.0,41,-0.36,166,5,P10,65.3,170,117.4,12,54.1,12,18.8,91,32.5,105,43.6,45,97.8,67,48.6,137,18.6,262,26.8,44,36.6,146,65.3,170,67.0,169,18.4,231,17.4,88,117.4,12,112.7,14,97.8,67,99.7,114,77.2,77,+0.0,171,-0.3,210,+0.3,136,+2.0,19,+1.3,50,+0.5,126,1.48,188,36.2,57,74.1,24,2011,0.8909631139543602,30,8,0.7894736842105263,38
139,Arizona St.,P10,12-19,+2.68,104.0,160,101.3,124,62.6,296,-.008,200,+7.28,39,107.2,40,99.9,39,+1.20,121,,P10,62.6,296,104.0,160,50.1,115,19.0,105,25.9,297,29.0,332,101.3,124,49.1,163,20.0,169,31.3,212,39.3,208,62.6,296,64.5,270,17.6,130,19.4,337,104.0,160,98.4,233,101.3,124,103.5,218,77.1,90,+1.0,106,+1.3,36,-0.4,224,+0.2,132,+1.1,73,+2.3,30,1.88,78,34.0,97,51.3,178,2011,0.5750539421569881,12,19,0.3870967741935484,31
113,Arkansas,SEC,18-13,+5.15,106.2,110,101.0,120,66.0,139,+.004,168,+0.19,151,102.1,216,101.9,94,-10.48,338,,SEC,66.0,139,106.2,110,49.5,152,19.2,115,27.5,267,39.4,121,101.0,120,45.6,26,20.8,119,32.5,254,31.5,52,66.0,139,68.1,111,17.4,106,17.9,184,106.2,110,102.0,157,101.0,120,97.4,65,75.9,259,+0.9,114,+0.3,131,+0.6,116,-1.5,312,-1.4,297,+0.5,163,1.67,141,37.9,35,57.0,131,2011,0.6404554120811802,18,13,0.5806451612903226,31
215,Arkansas Little Rock,SB,19-17,-4.53,101.1,215,105.6,229,64.1,236,+.032,98,-3.85,251,102.2,211,106.1,293,+0.85,129,16,SB,64.1,236,101.1,215,47.8,228,17.9,47,26.5,287,42.5,63,105.6,229,50.5,238,20.7,124,29.9,152,45.6,303,64.1,236,64.9,259,18.9,273,18.0,212,101.1,215,101.8,166,105.6,229,103.4,215,74.5,344,-2.4,308,-0.7,248,-1.8,327,-4.0,345,-2.8,333,-1.5,302,1.52,177,39.3,22,55.2,150,2011,0.37735155168305756,19,17,0.5277777777777778,36
338,Arkansas Pine Bluff,SWAC,7-24,-22.25,88.9,334,111.2,311,65.7,151,+.005,167,-7.76,319,96.3,337,104.0,182,+10.84,9,,SWAC,65.7,151,88.9,334,44.9,316,24.3,336,24.7,312,40.1,107,111.2,311,52.4,307,22.4,51,30.9,188,55.4,341,65.7,151,68.4,89,18.3,215,16.6,11,88.9,334,86.3,340,111.2,311,103.3,211,75.4,312,-1.1,246,-0.9,274,-0.2,207,-1.0,256,-2.4,329,-1.5,301,1.27,239,31.8,144,35.7,295,2011,0.07083653702513538,7,24,0.22580645161290322,31
195,Arkansas St.,SB,17-15,-2.73,100.9,217,103.6,177,64.1,239,+.002,178,-3.81,248,101.8,229,105.6,265,+2.06,93,,SB,64.1,239,100.9,217,47.0,267,20.3,185,33.6,79,42.7,56,103.6,177,48.7,144,19.8,188,28.1,81,40.2,231,64.1,239,65.2,250,18.3,216,18.3,257,100.9,217,101.0,190,103.6,177,101.1,161,76.1,244,-0.3,200,-0.5,228,+0.2,155,-0.3,219,-0.4,210,-0.1,190,1.48,189,30.0,189,64.4,71,2011,0.4246568710161936,17,15,0.53125,32
279,Army,Pat,11-19,-10.54,99.5,243,110.0,299,66.9,86,-.030,257,-5.08,282,100.1,295,105.2,247,-5.92,309,,Pat,66.9,86,99.5,243,49.5,148,20.4,196,26.2,290,30.0,323,110.0,299,51.5,284,20.3,158,29.9,157,41.6,250,66.9,86,68.4,92,17.1,76,17.9,172,99.5,243,99.4,215,110.0,299,105.3,263,75.0,333,-4.0,339,-2.1,339,-1.9,331,-0.5,230,-0.4,218,-3.5,335,0.86,315,33.3,108,30.3,321,2011,0.23981185221631576,11,19,0.36666666666666664,30
234,Auburn,SEC,11-20,-5.75,96.9,279,102.7,150,64.4,225,+.002,177,+0.66,140,102.4,205,101.8,91,-11.70,342,,SEC,64.4,225,96.9,279,43.9,330,21.4,245,32.2,120,39.4,119,102.7,150,49.8,208,22.8,42,32.1,245,45.5,301,64.4,225,65.4,242,17.9,176,18.4,272,96.9,279,93.2,306,102.7,150,100.7,148,77.1,93,+1.1,97,+0.4,128,+0.7,105,+1.0,73,+1.4,43,-1.1,253,0.43,345,35.5,71,19.4,339,2011,0.3388272240671964,11,20,0.3548387096774194,31
140,Austin Peay,OVC,20-14,+2.66,103.6,166,100.9,118,66.6,99,-.045,289,-2.58,214,102.0,223,104.6,211,+4.30,54,,OVC,66.6,99,103.6,166,49.5,150,20.9,224,33.8,70,40.4,103,100.9,118,48.7,146,23.3,30,32.8,262,36.8,154,66.6,99,68.3,95,17.4,108,17.7,131,103.6,166,102.8,136,100.9,118,97.6,75,76.5,177,-1.0,239,-0.8,266,-0.2,189,+0.5,117,-0.1,194,+0.5,175,1.31,235,29.8,194,47.6,213,2011,0.5753431289838065,20,14,0.5882352941176471,34
12,BYU,MWC,32-5,+23.22,117.5,11,94.3,29,70.2,17,+.055,46,+7.04,43,106.8,49,99.8,34,+3.59,62,3,MWC,70.2,17,117.5,11,51.6,59,15.1,3,29.2,217,38.1,159,94.3,29,46.7,61,20.2,159,26.4,36,33.6,84,70.2,17,71.6,24,14.8,3,18.8,306,117.5,11,112.2,16,94.3,29,94.8,31,77.5,40,-0.1,183,+0.0,168,-0.2,171,+1.4,39,+1.1,65,+2.5,21,1.94,67,26.1,274,55.6,144,2011,0.9261846663470624,32,5,0.8648648648648649,37
164,Ball St.,MAC,19-13,+0.03,103.4,171,103.3,167,63.6,260,+.028,111,-4.02,255,100.4,285,104.4,202,-1.79,203,,MAC,63.6,260,103.4,171,49.2,166,19.9,162,31.5,142,50.4,2,103.3,167,48.5,134,21.3,89,31.8,233,31.6,53,63.6,260,64.9,255,18.4,235,18.3,252,103.4,171,102.6,144,103.3,167,98.6,97,75.3,317,-3.6,337,-1.5,309,-2.2,339,-2.0,332,-0.5,222,-0.5,218,1.71,124,30.6,179,59.7,108,2011,0.5027817809003909,19,13,0.59375,32
80,Baylor,B12,18-13,+9.04,107.1,99,98.1,74,64.9,192,-.044,288,+3.60,83,104.4,114,100.8,71,-8.92,330,,B12,64.9,192,107.1,99,51.4,67,23.3,322,35.0,37,42.6,58,98.1,74,47.8,110,21.6,75,28.2,83,35.3,113,64.9,192,67.2,162,17.6,121,18.2,237,107.1,99,103.5,120,98.1,74,96.2,46,78.3,5,+3.2,15,+1.5,29,+1.7,25,+2.0,15,+1.8,33,+1.5,69,1.62,153,21.0,330,55.4,147,2011,0.732906534010947,18,13,0.5806451612903226,31
23,Belmont,ASun,30-5,+18.48,112.6,40,94.1,28,68.4,44,-.006,196,-4.71,270,100.5,279,105.2,245,-1.05,184,13,ASun,68.4,44,112.6,40,54.1,11,19.8,152,36.1,19,38.2,153,94.1,28,46.1,42,27.5,2,30.7,177,46.2,308,68.4,44,69.4,52,16.1,26,18.4,261,112.6,40,114.2,10,94.1,28,88.9,2,77.0,101,+0.5,142,+0.3,136,+0.2,154,+1.5,36,+0.3,133,-0.5,205,1.58,162,44.4,4,80.0,9,2011,0.887360832079271,30,5,0.8571428571428571,35
291,Bethune Cookman,MEAC,21-13,-12.02,100.0,234,112.1,322,61.0,327,+.148,1,-9.32,327,97.3,332,106.6,318,+1.56,108,8,MEAC,61.0,327,100.0,234,46.7,276,18.3,73,30.6,169,38.7,138,112.1,322,53.0,320,21.2,97,30.0,159,45.6,304,61.0,327,62.2,327,19.5,308,18.9,313,100.0,234,100.5,195,112.1,322,105.8,273,75.8,273,-2.1,300,-2.0,334,-0.2,207,-1.0,268,+1.1,93,-0.4,196,1.80,102,30.1,186,73.5,29,2011,0.21189454973315794,21,13,0.6176470588235294,34
315,Binghamton,AE,8-23,-15.89,97.7,271,113.6,335,61.6,319,-.040,276,-4.82,276,100.3,290,105.1,236,-0.26,162,,AE,61.6,319,97.7,271,46.8,273,20.2,180,27.9,259,28.3,335,113.6,335,51.5,282,17.9,291,35.9,330,29.3,30,61.6,319,61.5,334,20.9,338,17.8,146,97.7,271,96.2,274,113.6,335,110.3,332,77.0,98,+0.1,165,-0.7,254,+0.8,86,+1.0,60,+0.8,106,+0.5,128,1.69,132,27.6,245,66.6,56,2011,0.150077620957138,8,23,0.25806451612903225,31
83,Boise St.,WAC,22-13,+8.22,108.2,85,100.0,101,67.3,67,-.038,272,+0.02,154,103.0,173,103.0,140,-2.85,233,,WAC,67.3,67,108.2,85,49.5,151,17.4,35,29.1,220,41.7,78,100.0,101,52.2,305,24.9,6,27.1,59,43.7,277,67.3,67,68.2,104,17.2,84,17.8,160,108.2,85,106.4,65,100.0,101,98.0,83,76.6,157,-0.7,226,-1.1,292,+0.4,129,-0.3,222,-0.6,229,+0.5,112,1.46,196,29.1,208,55.9,142,2011,0.7122482884812111,22,13,0.6285714285714286,35
67,Boston College,ACC,21-13,+11.36,116.8,14,105.5,225,62.8,286,+.048,61,+6.90,49,106.8,50,99.9,38,+0.89,126,1,ACC,62.8,286,116.8,14,54.5,8,17.3,34,29.2,218,31.5,307,105.5,225,50.7,248,16.3,332,31.5,219,25.9,4,62.8,286,64.3,278,18.7,258,18.4,262,116.8,14,111.6,22,105.5,225,107.8,305,76.8,140,+0.3,153,+0.3,138,+0.1,162,-0.4,229,-0.3,204,+1.5,78,2.38,19,29.8,193,72.8,31,2011,0.7631720105606552,21,13,0.6176470588235294,34
170,Boston University,AE,21-14,-0.50,103.4,169,103.9,186,62.6,291,+.045,65,-4.62,268,100.5,282,105.1,234,+0.49,147,16,AE,62.6,291,103.4,169,47.3,250,19.0,107,31.6,139,37.3,189,103.9,186,46.0,37,18.2,281,31.2,203,30.2,39,62.6,291,63.1,314,18.3,222,19.6,340,103.4,169,102.7,139,103.9,186,100.0,125,76.0,250,-1.1,249,-1.0,279,-0.2,200,+1.0,68,-1.1,287,-1.5,275,1.61,157,28.0,233,28.1,327,2011,0.48613473959622433,21,14,0.6,35
242,Bowling Green,MAC,14-19,-6.76,97.8,269,104.5,201,64.1,237,+.018,138,-2.70,217,101.5,240,104.2,190,-2.59,221,,MAC,64.1,237,97.8,269,47.1,260,20.6,207,29.0,226,30.7,317,104.5,201,50.9,257,22.9,41,32.4,253,38.6,189,64.1,237,65.8,223,18.2,213,17.9,185,97.8,269,95.7,281,104.5,201,101.6,176,76.2,224,+0.1,164,-0.2,200,+0.3,142,-0.3,216,+0.1,154,-5.5,344,1.35,221,36.5,54,49.0,198,2011,0.3182081483501623,14,19,0.42424242424242425,33
193,Bradley,MVC,12-20,-2.45,101.3,211,103.7,180,65.7,152,-.033,266,+0.67,139,103.5,154,102.9,129,-4.11,268,,MVC,65.7,152,101.3,211,47.2,252,18.5,76,24.5,317,33.0,290,103.7,180,49.7,205,19.4,215,29.0,108,38.3,181,65.7,152,66.1,205,17.4,101,19.2,328,101.3,211,98.0,244,103.7,180,103.1,204,76.9,126,-0.6,215,+0.3,141,-0.8,266,-0.7,250,+1.1,86,+2.1,34,1.72,122,28.7,216,46.8,219,2011,0.4330837162391547,12,20,0.375,32
238,Brown,Ivy,11-17,-6.48,102.9,179,109.4,287,68.0,51,-.028,251,-3.05,232,101.6,232,104.7,217,-4.38,273,,Ivy,68.0,51,102.9,179,50.6,95,17.5,40,19.2,341,35.8,235,109.4,287,50.9,254,15.6,340,26.9,48,30.2,40,68.0,51,69.1,64,17.8,160,16.8,22,102.9,179,101.9,159,109.4,287,106.5,285,76.9,119,+0.4,148,-0.5,238,+0.9,58,+0.4,119,-0.9,249,+1.5,77,1.77,109,31.6,148,64.3,74,2011,0.3308346817894349,11,17,0.39285714285714285,28
305,Bryant,NEC,9-21,-13.81,100.5,225,114.3,339,64.7,208,+.033,92,-1.74,189,102.6,195,104.4,201,+5.04,44,,NEC,64.7,208,100.5,225,49.0,176,20.2,184,26.6,286,31.7,303,114.3,339,53.5,329,18.3,273,33.6,288,35.4,119,64.7,208,67.1,166,17.5,109,18.1,226,100.5,225,98.2,235,114.3,339,112.8,339,76.0,253,-3.4,332,-1.7,328,-1.6,323,-1.0,277,+0.1,149,+1.9,37,1.16,265,26.0,277,34.4,305,2011,0.18547399100949577,9,21,0.3,30
96,Bucknell,Pat,25-9,+6.57,105.8,116,99.2,88,64.5,216,+.068,28,-3.41,239,102.7,187,106.1,299,+1.56,109,14,Pat,64.5,216,105.8,116,50.9,80,17.0,23,23.4,326,34.1,265,99.2,88,45.4,23,17.9,290,26.4,39,35.0,108,64.5,216,66.2,200,18.3,217,17.9,175,105.8,116,105.8,78,99.2,88,96.6,52,76.3,209,-1.4,264,-0.2,207,-1.2,296,+0.5,111,-0.7,240,+0.5,150,2.12,44,27.9,237,73.8,25,2011,0.6771584853770166,25,9,0.7352941176470589,34
115,Buffalo,MAC,20-14,+4.92,104.0,157,99.1,85,65.7,154,-.078,326,-2.12,203,102.2,212,104.3,195,-2.60,223,,MAC,65.7,154,104.0,157,52.5,39,22.9,306,35.7,27,35.9,229,99.1,85,47.4,89,22.5,49,31.0,194,37.8,172,65.7,154,67.3,159,18.6,253,16.9,30,104.0,157,103.9,114,99.1,85,96.2,48,76.5,181,-0.3,198,+0.1,162,-0.3,220,-1.0,262,+0.7,114,+0.5,148,1.18,260,28.6,218,28.2,326,2011,0.6352964166850631,20,14,0.5882352941176471,34
36,Butler,Horz,28-10,+16.46,112.3,43,95.9,46,63.5,262,+.033,94,+6.11,57,106.4,61,100.3,54,+6.67,26,8,Horz,63.5,262,112.3,43,49.8,130,17.0,22,31.6,138,37.9,164,95.9,46,48.1,118,18.9,251,25.8,18,39.0,197,63.5,262,64.6,266,19.3,298,17.9,170,112.3,43,108.2,48,95.9,46,98.3,89,76.3,214,+0.4,149,+0.9,70,-0.5,229,-1.0,281,-1.5,301,+0.5,161,2.10,45,27.6,247,59.5,112,2011,0.8600229528885625,28,10,0.7368421052631579,38
167,Cal Poly,BW,15-15,-0.13,97.9,265,98.0,70,59.6,335,-.001,184,-2.17,205,102.8,186,104.9,230,+0.78,132,,BW,59.6,335,97.9,265,45.5,307,18.9,101,30.7,168,37.0,194,98.0,70,45.1,19,21.8,70,29.8,149,42.4,261,59.6,335,61.5,336,20.2,332,18.5,276,97.9,265,97.0,262,98.0,70,96.1,45,76.6,165,-3.2,330,-2.1,336,-1.2,309,+0.2,140,+1.6,39,+0.5,111,1.54,173,21.2,327,41.5,261,2011,0.4970648624552124,15,15,0.5,30
307,Cal St. Bakersfield,ind,9-19,-14.32,97.1,277,111.4,314,67.3,69,+.038,83,-3.82,249,102.5,198,106.3,308,-2.87,234,,ind,67.3,69,97.1,277,45.0,314,19.4,120,30.6,173,36.0,223,111.4,314,53.0,318,19.6,199,34.3,305,39.6,217,67.3,69,70.0,40,17.6,123,16.8,25,97.1,277,96.5,270,111.4,314,109.7,327,75.9,265,-1.6,277,-0.9,267,-0.7,254,-1.0,286,+0.1,145,-1.5,279,1.76,111,28.3,225,43.7,248,2011,0.17080419914410278,9,19,0.32142857142857145,28
258,Cal St. Fullerton,BW,11-20,-8.53,104.8,138,113.3,332,67.5,64,+.018,137,-3.02,229,101.3,248,104.3,197,-3.29,242,,BW,67.5,64,104.8,138,50.4,105,20.7,210,29.7,203,42.1,72,113.3,332,52.4,308,19.0,247,31.0,191,44.1,284,67.5,64,68.7,76,16.3,36,18.6,288,104.8,138,103.2,129,113.3,332,109.9,328,75.2,319,-1.9,292,-1.8,331,-0.2,202,-2.5,340,-0.9,276,-0.5,222,1.06,283,31.4,155,35.4,298,2011,0.28970194570684155,11,20,0.3548387096774194,31
223,Cal St. Northridge,BW,14-18,-5.08,100.6,223,105.7,230,67.7,57,+.002,175,-1.57,184,102.8,184,104.4,203,+0.95,125,,BW,67.7,57,100.6,223,48.1,214,22.6,295,31.4,146,49.0,8,105.7,230,50.0,220,20.7,128,30.4,170,56.2,342,67.7,57,69.3,58,17.1,80,17.3,65,100.6,223,99.1,224,105.7,230,104.3,245,76.1,230,-1.9,287,-1.0,278,-0.9,271,+0.7,98,-0.9,279,-0.5,217,1.01,288,42.5,6,41.8,260,2011,0.361535622622903,14,18,0.4375,32
75,California,P10,18-15,+10.02,109.9,68,99.8,99,67.5,61,+.036,87,+8.97,24,108.5,22,99.5,25,+6.17,32,4,P10,67.5,61,109.9,68,50.8,84,19.4,130,28.5,240,47.1,16,99.8,99,50.4,235,18.2,279,27.0,52,33.8,87,67.5,61,68.7,77,16.6,45,18.4,260,109.9,68,103.4,121,99.8,99,103.0,201,76.5,172,+0.5,140,-0.3,212,+0.8,67,-0.0,190,+1.1,82,+0.2,181,0.92,306,23.8,309,18.0,341,2011,0.7518737617634754,18,15,0.5454545454545454,33
248,Campbell,ASun,12-19,-7.71,97.8,270,105.5,224,64.0,242,-.060,309,-4.72,271,100.6,275,105.3,250,-5.61,301,,ASun,64.0,242,97.8,270,48.5,195,21.7,262,32.2,118,41.3,84,105.5,224,49.5,189,22.2,57,32.1,242,51.3,337,64.0,242,66.0,213,18.8,265,17.5,98,97.8,270,98.1,241,105.5,224,101.8,180,76.7,151,+0.1,170,+0.1,164,-0.0,164,-1.0,261,+0.1,162,+1.5,60,1.86,83,32.0,141,46.4,222,2011,0.29493327018436866,12,19,0.3870967741935484,31
183,Canisius,MAAC,15-15,-1.61,103.0,177,104.6,202,64.7,207,-.031,261,-3.72,245,100.5,280,104.2,189,-4.79,282,,MAAC,64.7,207,103.0,177,49.1,173,20.6,204,33.2,88,27.4,340,104.6,202,46.6,58,20.5,141,33.0,265,39.4,211,64.7,207,67.5,140,17.9,171,17.5,92,103.0,177,101.6,171,104.6,202,100.0,126,75.8,280,-2.5,310,-1.5,310,-1.0,282,-1.1,296,+0.1,172,+0.5,120,2.34,23,30.7,175,66.7,55,2011,0.4557988169242628,15,15,0.5,30
344,Centenary,Sum,1-29,-29.25,84.0,344,113.2,331,68.7,38,-.021,234,-1.62,186,104.9,98,106.5,315,-1.33,192,,Sum,68.7,38,84.0,344,44.2,327,26.3,345,24.4,318,47.6,12,113.2,331,55.1,340,20.7,126,39.3,343,46.3,309,68.7,38,70.7,33,17.8,156,15.9,1,84.0,344,83.0,344,113.2,331,114.5,341,75.0,332,-2.2,301,-1.5,321,-0.7,251,-1.9,325,-1.9,313,-0.5,241,0.68,338,40.3,21,23.1,333,2011,0.03134351309096122,1,29,0.03333333333333333,30
336,Central Arkansas,Slnd,5-24,-22.05,90.5,330,112.6,326,69.6,27,-.071,319,-5.70,293,100.6,274,106.3,306,-0.79,180,,Slnd,69.6,27,90.5,330,45.5,306,22.4,288,27.1,273,41.5,80,112.6,326,56.2,345,22.2,59,35.7,329,40.4,236,69.6,27,71.9,20,16.3,35,16.8,26,90.5,330,91.5,321,112.6,326,110.2,331,76.0,256,-1.1,240,-0.5,225,-0.6,238,-0.2,213,-0.3,203,-0.5,204,0.87,313,40.8,14,35.6,297,2011,0.0749756652468234,5,24,0.1724137931034483,29
157,Central Connecticut,NEC,19-12,+0.75,100.8,219,100.1,104,66.0,141,-.010,206,-6.22,307,100.1,300,106.3,305,-5.48,296,,NEC,66.0,141,100.8,219,47.9,224,21.2,241,34.1,62,36.1,221,100.1,104,47.1,76,23.2,34,33.0,264,33.4,82,66.0,141,67.9,119,17.6,127,17.7,129,100.8,219,101.7,167,100.1,104,95.7,41,75.5,307,-3.4,334,-2.5,342,-0.9,273,-0.6,245,-1.0,282,-1.5,259,2.22,29,26.9,260,59.6,111,2011,0.5200242085226213,19,12,0.6129032258064516,31
273,Central Michigan,MAC,10-21,-10.04,92.0,323,102.0,133,63.1,276,-.006,198,-2.66,216,101.6,238,104.3,192,-0.60,171,,MAC,63.1,276,92.0,323,43.2,337,21.2,240,31.2,154,33.1,288,102.0,133,50.4,237,22.6,45,28.2,84,52.9,339,63.1,276,64.9,258,20.1,330,16.7,19,92.0,323,90.2,324,102.0,133,98.7,99,75.4,310,-1.3,261,-0.5,242,-0.8,263,-0.4,227,-1.6,303,-2.2,312,0.81,325,32.5,130,46.1,225,2011,0.23386422094586662,10,21,0.3225806451612903,31
211,Charleston Southern,BSth,16-16,-4.37,102.9,180,107.2,252,65.9,147,-.060,308,-3.98,253,100.3,288,104.3,196,+2.44,85,,BSth,65.9,147,102.9,180,48.0,217,21.3,243,35.2,33,32.7,295,107.2,252,50.9,253,21.2,99,32.2,250,36.9,155,65.9,147,67.4,149,17.3,94,17.9,181,102.9,180,102.1,155,107.2,252,102.6,195,75.2,322,-2.1,298,-1.5,313,-0.7,247,-1.7,321,-1.9,317,-0.5,236,1.82,94,26.8,262,62.1,91,2011,0.38442833957191413,16,16,0.5,32
207,Charlotte,A10,10-20,-4.04,101.5,206,105.5,228,63.7,254,-.009,204,+2.41,99,103.8,143,101.4,79,-0.73,177,,A10,63.7,254,101.5,206,47.6,238,21.8,267,29.9,197,37.6,172,105.5,228,49.0,157,17.2,315,29.4,129,31.7,55,63.7,254,65.5,239,18.8,260,17.6,108,101.5,206,97.5,253,105.5,228,104.2,243,76.8,130,+0.9,108,+0.8,75,+0.2,152,+2.0,25,+0.7,110,-1.5,276,1.74,115,25.4,287,53.2,161,2011,0.3906692865786722,10,20,0.3333333333333333,30
266,Chattanooga,SC,16-16,-9.36,99.1,249,108.5,274,68.1,49,+.135,3,-2.41,211,102.8,185,105.2,244,+1.73,102,,SC,68.1,49,99.1,249,48.4,205,21.5,253,28.6,233,41.4,82,108.5,274,53.5,330,17.9,292,25.5,12,33.1,76,68.1,49,70.0,41,16.2,34,17.7,141,99.1,249,97.9,245,108.5,274,107.3,295,77.4,48,-0.1,185,+0.5,113,-0.6,243,+1.0,89,+2.3,11,+1.5,88,1.23,246,33.2,111,58.1,124,2011,0.260737596302188,16,16,0.5,32
343,Chicago St.,GWC,6-26,-28.60,89.8,331,118.4,344,70.1,19,-.005,195,-5.58,290,100.3,291,105.8,283,+4.72,46,,GWC,70.1,19,89.8,331,43.7,334,22.7,299,25.5,303,36.2,218,118.4,344,55.4,342,17.4,311,34.3,306,47.3,320,70.1,19,74.5,7,16.1,27,16.2,4,89.8,331,86.4,338,118.4,344,116.5,345,75.7,288,-1.5,271,-0.3,215,-1.2,293,-0.5,238,-0.5,227,-1.5,300,1.66,146,35.9,64,61.6,94,2011,0.039942084566950184,6,26,0.1875,32
21,Cincinnati,BE,26-9,+19.41,111.1,55,91.7,13,62.6,293,+.040,80,+6.23,55,106.8,48,100.6,64,-9.35,334,6,BE,62.6,293,111.1,55,49.4,157,18.0,53,36.9,10,38.3,150,91.7,13,45.8,31,22.2,56,29.0,109,35.4,118,62.6,293,63.9,295,18.9,272,18.6,289,111.1,55,107.1,57,91.7,13,93.3,18,77.5,39,+2.1,48,+1.6,25,+0.6,112,-0.0,163,+1.1,77,+0.5,121,1.82,95,36.8,49,61.3,97,2011,0.9008715008989183,26,9,0.7428571428571429,35
25,Clemson,ACC,22-12,+18.16,109.6,71,91.5,11,63.9,248,-.087,329,+6.99,45,106.7,53,99.7,33,-2.81,230,12,ACC,63.9,248,109.6,71,50.3,109,20.2,181,32.7,98,38.5,143,91.5,11,45.6,25,23.0,37,28.8,98,34.8,105,63.9,248,65.5,237,17.9,167,18.5,283,109.6,71,104.0,112,91.5,11,92.8,14,75.7,287,+1.2,85,-0.0,174,+1.2,47,-0.7,248,-4.6,345,-2.5,331,1.84,87,26.6,266,63.4,81,2011,0.8885219484507694,22,12,0.6470588235294118,34
68,Cleveland St.,Horz,27-9,+11.06,109.1,74,98.0,72,65.0,185,+.032,101,+1.78,111,104.6,109,102.8,123,+2.34,88,2,Horz,65.0,185,109.1,74,49.2,167,17.4,36,29.5,208,40.7,98,98.0,72,47.1,78,22.1,62,32.2,249,40.4,237,65.0,185,66.0,215,18.3,218,17.9,179,109.1,74,106.2,70,98.0,72,97.3,64,76.4,191,+1.1,99,+0.9,60,+0.1,159,-1.5,311,+0.1,172,+1.5,72,1.88,79,21.5,325,68.6,48,2011,0.7745039753567913,27,9,0.75,36
117,Coastal Carolina,BSth,28-6,+4.52,104.9,134,100.4,110,65.8,149,+.101,12,-6.53,312,99.6,307,106.2,302,-4.21,269,8,BSth,65.8,149,104.9,134,50.6,94,19.5,132,33.6,77,45.0,30,100.4,110,46.0,38,18.5,263,29.0,106,25.9,5,65.8,149,67.5,136,18.1,188,17.4,86,104.9,134,106.1,73,100.4,110,95.5,39,75.6,299,-1.2,256,-0.6,246,-0.6,240,-1.7,320,-0.9,278,+0.5,131,1.32,230,33.2,109,50.1,188,2011,0.6234507781749231,28,6,0.8235294117647058,34
314,Colgate,Pat,7-23,-15.36,97.2,275,112.5,325,66.0,140,-.029,255,-4.39,266,101.2,250,105.6,271,-4.71,278,,Pat,66.0,140,97.2,275,46.8,270,22.8,300,29.2,216,37.4,183,112.5,325,51.4,279,16.8,324,29.5,131,44.8,291,66.0,140,67.6,133,17.9,172,17.2,59,97.2,275,94.9,290,112.5,325,110.6,334,76.0,246,-0.6,216,+0.6,90,-1.2,305,-0.4,225,-0.9,274,+0.5,138,1.57,169,33.9,101,57.2,130,2011,0.15695001559856353,7,23,0.23333333333333334,30
70,College of Charleston,SC,26-11,+10.99,114.5,26,103.5,173,65.9,146,-.014,217,-0.11,155,103.6,150,103.7,169,+4.59,50,6,SC,65.9,146,114.5,26,54.8,6,17.9,46,32.1,125,27.4,341,103.5,173,48.5,132,19.4,211,33.4,280,27.1,11,65.9,146,67.5,139,17.3,91,17.9,177,114.5,26,113.1,13,103.5,173,102.2,188,76.8,139,-0.1,180,-0.5,228,+0.4,131,-1.0,259,+0.1,157,+1.5,58,2.46,14,24.4,303,61.1,99,2011,0.7616118687363892,26,11,0.7027027027027027,37
54,Colorado,B12,24-14,+13.45,117.7,9,104.3,191,66.8,92,-.027,247,+6.15,56,106.5,58,100.3,55,-7.18,320,1,B12,66.8,92,117.7,9,52.5,37,16.9,21,33.0,92,39.3,123,104.3,191,50.6,242,19.3,222,31.3,210,35.7,122,66.8,92,69.1,67,17.1,72,17.6,105,117.7,9,113.7,12,104.3,191,105.3,264,77.5,37,-0.2,188,-0.5,240,+0.3,138,+1.0,63,+2.1,14,+2.6,13,2.28,25,27.5,251,68.8,46,2011,0.8005887311105715,24,14,0.631578947368421,38
77,Colorado St.,MWC,19-13,+9.55,108.6,81,99.1,84,66.1,132,+.002,173,+5.56,64,106.2,67,100.6,66,+0.51,146,3,MWC,66.1,132,108.6,81,51.7,58,20.7,212,29.8,201,42.3,69,99.1,84,49.2,177,20.1,165,29.3,119,38.2,179,66.1,132,67.3,157,17.8,150,17.7,126,108.6,81,104.4,103,99.1,84,101.0,157,76.8,129,-0.5,213,-0.4,217,-0.2,185,-0.1,207,+0.7,111,+2.5,22,1.84,88,36.0,61,72.8,33,2011,0.7412992901302795,19,13,0.59375,32
214,Columbia,Ivy,15-13,-4.50,101.3,209,105.8,231,66.8,90,+.038,82,-4.03,257,102.2,213,106.2,303,-6.31,316,,Ivy,66.8,90,101.3,209,47.6,235,18.4,75,31.0,160,36.4,209,105.8,231,50.7,247,18.5,266,25.7,16,39.5,214,66.8,90,68.4,88,17.1,79,17.9,193,101.3,209,102.5,146,105.8,231,103.5,219,76.4,190,+0.3,154,+0.9,68,-0.5,234,-1.0,292,+0.1,163,+1.5,73,1.32,229,33.1,112,53.1,163,2011,0.3775789178363463,15,13,0.5357142857142857,28
10,Connecticut,BE,32-9,+23.93,115.8,19,91.9,15,64.5,221,+.048,58,+12.78,2,110.1,8,97.4,2,-0.77,179,3,BE,64.5,221,115.8,19,48.2,213,17.2,27,37.2,7,33.8,268,91.9,15,44.5,13,17.3,314,31.7,226,26.8,10,64.5,221,65.4,243,18.1,189,18.7,294,115.8,19,108.7,45,91.9,15,97.5,72,77.5,35,+3.4,12,+1.6,24,+1.8,21,+1.7,31,-0.3,209,+0.5,130,1.07,282,29.1,206,43.7,247,2011,0.9345256530580077,32,9,0.7804878048780488,41
268,Coppin St.,MEAC,16-14,-9.60,98.5,261,108.0,265,68.2,48,+.023,123,-10.64,336,98.0,328,108.6,341,+3.82,60,,MEAC,68.2,48,98.5,261,49.0,174,18.8,95,29.0,225,32.0,301,108.0,265,49.7,202,21.0,105,34.3,307,35.8,127,68.2,48,69.4,54,17.7,145,16.8,27,98.5,261,101.8,165,108.0,265,103.9,234,76.2,228,-1.6,278,-1.4,308,-0.2,202,+0.1,144,-1.0,283,-0.5,227,1.25,241,31.7,145,37.1,286,2011,0.2575275983865563,16,14,0.5333333333333333,30
192,Cornell,Ivy,10-18,-2.42,105.2,127,107.6,259,65.1,179,-.070,317,-0.58,163,102.6,193,103.2,148,+1.44,113,,Ivy,65.1,179,105.2,127,49.6,144,18.2,67,27.0,278,31.1,311,107.6,259,51.3,276,20.8,121,28.7,93,44.3,287,65.1,179,66.1,202,17.7,141,18.3,251,105.2,127,102.6,143,107.6,259,105.6,271,76.5,188,-0.2,193,+0.4,121,-0.6,242,-0.0,192,+0.6,118,+0.8,105,1.00,289,37.9,34,33.0,310,2011,0.43550887284931866,10,18,0.35714285714285715,28
98,Creighton,MVC,23-16,+6.38,109.9,66,103.5,174,63.6,258,-.041,279,+0.21,150,103.6,151,103.4,156,-5.06,287,,MVC,63.6,258,109.9,66,52.9,31,19.0,109,30.0,194,36.0,224,103.5,174,48.8,152,15.1,344,25.5,13,26.3,8,63.6,258,63.5,304,19.7,317,17.8,148,109.9,66,107.8,52,103.5,174,102.4,192,76.5,183,-1.2,252,-0.3,216,-0.9,269,-0.0,167,-0.5,223,+0.5,154,1.46,195,32.0,136,49.1,197,2011,0.6659650047597881,23,16,0.5897435897435898,39
321,Dartmouth,Ivy,5-23,-16.61,90.8,329,107.4,256,65.2,174,-.014,216,-1.34,180,102.9,179,104.3,191,-2.18,212,,Ivy,65.2,174,90.8,329,44.2,325,20.8,219,23.8,324,29.5,328,107.4,256,52.1,302,21.4,86,35.3,323,36.5,145,65.2,174,66.7,176,18.2,206,17.9,168,90.8,329,88.8,331,107.4,256,105.8,275,76.1,239,-2.8,323,-0.9,276,-1.8,329,-0.0,200,-0.1,191,+1.5,78,1.47,192,36.6,52,59.4,113,2011,0.12665538746335053,5,23,0.17857142857142858,28
146,Davidson,SC,18-15,+2.17,105.6,121,103.4,169,67.1,74,-.036,268,-1.77,191,103.6,152,105.4,253,+4.45,53,,SC,67.1,74,105.6,121,49.6,145,21.1,236,34.4,55,36.4,211,103.4,169,48.3,128,18.9,250,28.0,78,50.3,334,67.1,74,68.0,114,17.6,133,17.4,85,105.6,121,105.1,91,103.4,169,102.0,184,77.5,41,+1.2,87,+0.3,130,+0.8,86,+0.8,95,+1.1,56,+1.5,57,1.15,267,35.0,81,55.4,146,2011,0.5602345960833478,18,15,0.5454545454545454,33
97,Dayton,A10,22-14,+6.47,104.8,137,98.3,77,65.2,175,+.062,36,+3.65,82,104.3,117,100.7,68,-0.15,159,3,A10,65.2,175,104.8,137,46.8,272,19.9,157,34.3,57,33.2,284,98.3,77,47.5,96,19.2,228,26.3,31,38.4,183,65.2,175,66.1,207,16.7,51,19.3,334,104.8,137,100.4,197,98.3,77,98.0,81,77.4,57,+2.7,26,+0.9,65,+1.8,20,+1.0,53,-0.7,241,+0.5,163,1.48,190,34.6,89,50.1,187,2011,0.6761954491230732,22,14,0.6111111111111112,36
197,DePaul,BE,7-24,-3.28,103.1,174,106.4,239,68.3,46,-.043,284,+8.56,28,107.6,33,99.0,17,-5.78,306,,BE,68.3,46,103.1,174,47.1,261,19.5,131,27.6,265,33.3,283,106.4,239,54.1,334,22.1,60,37.2,338,39.4,209,68.3,46,69.5,48,18.1,196,16.7,15,103.1,174,96.3,273,106.4,239,109.6,325,76.8,133,+0.6,134,+1.1,51,-0.5,232,+0.3,130,+0.1,182,+1.5,88,1.13,268,31.4,153,39.8,276,2011,0.4103978003193528,7,24,0.22580645161290322,31
196,Delaware,CAA,14-17,-3.10,100.4,228,103.5,171,63.4,266,+.059,42,+1.83,110,105.7,79,103.9,176,+0.09,155,,CAA,63.4,266,100.4,228,47.3,246,18.8,96,26.0,293,40.2,106,103.5,171,46.5,55,14.8,345,29.9,154,41.6,252,63.4,266,63.2,311,19.4,302,18.8,301,100.4,228,99.0,225,103.5,171,104.1,241,75.6,301,-1.6,275,-0.8,260,-0.8,257,-1.4,308,-2.9,338,-1.5,274,2.49,11,29.5,199,65.1,68,2011,0.41345319266838143,14,17,0.45161290322580644,31
306,Delaware St.,MEAC,9-21,-13.99,99.1,247,113.1,329,59.4,337,-.063,312,-5.88,299,99.5,310,105.4,254,+9.37,12,,MEAC,59.4,337,99.1,247,48.5,198,18.1,57,24.6,314,27.6,339,113.1,329,54.2,335,23.9,19,41.9,345,34.6,99,59.4,337,60.9,341,22.1,343,17.3,70,99.1,247,99.1,222,113.1,329,108.7,316,74.8,336,-2.4,306,-1.2,298,-1.2,304,-1.7,323,-2.6,332,-0.5,237,1.08,280,22.1,319,45.2,237,2011,0.17951397315833287,9,21,0.3,30
219,Denver,SB,13-17,-4.70,100.0,236,104.7,203,56.2,345,-.056,304,-4.78,273,101.5,244,106.2,304,-0.33,165,,SB,56.2,345,100.0,236,54.2,10,21.0,230,16.4,345,38.1,155,104.7,203,50.4,231,23.4,28,29.6,138,62.3,344,56.2,345,58.8,344,22.5,344,18.6,292,100.0,236,100.7,193,104.7,203,101.4,168,77.0,102,-1.8,285,-0.6,244,-1.2,297,+1.0,82,+2.1,16,+2.1,35,1.89,75,27.2,255,62.4,88,2011,0.37094084014918643,13,17,0.43333333333333335,30
131,Detroit,Horz,17-16,+3.17,107.0,101,103.8,183,69.7,25,-.022,235,+1.43,123,103.6,153,102.1,100,-0.27,163,,Horz,69.7,25,107.0,101,50.7,91,22.1,279,34.4,53,46.5,20,103.8,183,48.9,153,19.8,189,32.0,239,32.3,61,69.7,25,70.7,34,16.9,59,17.1,41,107.0,101,103.1,130,103.8,183,102.2,186,77.2,82,+2.7,28,+1.9,17,+0.8,101,+1.0,58,-0.5,221,-0.5,201,0.90,310,27.7,242,34.8,302,2011,0.586417002941649,17,16,0.5151515151515151,33
201,Drake,MVC,13-18,-3.50,101.4,207,104.9,211,64.5,220,-.010,205,+0.41,145,103.1,170,102.7,118,-3.32,245,,MVC,64.5,220,101.4,207,49.0,175,18.8,93,22.2,336,38.1,157,104.9,211,50.1,224,20.2,162,30.9,186,36.2,133,64.5,220,65.4,245,18.4,225,18.1,218,101.4,207,98.2,237,104.9,211,103.3,210,77.3,64,+2.7,27,+0.9,67,+1.8,13,+1.1,50,-0.7,237,-0.5,230,1.32,231,36.0,62,49.9,190,2011,0.4036581117846075,13,18,0.41935483870967744,31
93,Drexel,CAA,21-10,+6.82,99.7,239,92.9,20,62.9,281,+.066,29,+0.64,141,105.4,86,104.8,222,+0.53,144,,CAA,62.9,281,99.7,239,45.8,297,18.7,87,36.0,20,40.3,105,92.9,20,43.8,7,15.6,339,21.7,1,37.6,168,62.9,281,63.4,307,19.8,322,17.8,164,99.7,239,100.4,198,92.9,20,93.5,19,76.5,180,-0.7,227,+0.0,169,-0.8,262,-0.0,196,+0.1,146,+1.5,70,1.60,160,25.2,292,57.9,125,2011,0.6926171508133071,21,10,0.6774193548387096,31
2,Duke,ACC,32-5,+28.42,119.7,5,91.3,9,68.6,40,+.017,140,+8.43,30,107.3,36,98.9,15,+3.48,64,1,ACC,68.6,40,119.7,5,53.7,17,17.3,30,33.3,86,37.4,182,91.3,9,44.5,11,20.9,116,31.0,190,29.6,32,68.6,40,70.4,38,16.4,38,17.6,122,119.7,5,114.8,8,91.3,9,91.9,9,77.8,21,+4.0,6,+1.5,27,+2.5,3,+0.7,101,+0.1,168,+1.5,61,2.08,50,29.5,197,58.3,122,2011,0.9574924035352969,32,5,0.8648648648648649,37
55,Duquesne,A10,19-13,+13.36,108.0,89,94.7,34,70.9,11,-.149,344,+2.17,102,104.8,103,102.6,117,-0.08,157,,A10,70.9,11,108.0,89,52.2,44,18.8,88,31.1,158,42.3,66,94.7,34,47.9,115,27.8,1,37.0,334,37.6,167,70.9,11,71.4,26,16.0,23,17.5,100,108.0,89,106.3,67,94.7,34,94.4,27,75.1,325,-2.7,322,-1.7,325,-1.1,285,-0.3,220,-1.9,319,-1.2,254,2.04,58,26.7,264,59.9,107,2011,0.8192535069654718,19,13,0.59375,32
154,East Carolina,CUSA,18-16,+1.41,105.3,126,103.9,184,65.0,188,+.028,109,+2.60,95,104.4,116,101.8,92,-2.85,232,,CUSA,65.0,188,105.3,126,49.3,161,20.8,215,27.9,254,49.4,6,103.9,184,49.5,192,20.5,145,34.0,296,40.3,233,65.0,188,65.5,241,18.3,223,18.1,225,105.3,126,101.8,161,103.9,184,103.9,230,76.9,122,+0.5,138,+0.0,171,+0.5,117,+0.9,94,+0.1,144,-0.5,203,2.14,40,28.6,217,72.8,32,2011,0.5384047042757273,18,16,0.5294117647058824,34
112,East Tennessee St.,ASun,24-12,+5.16,104.1,155,98.9,82,64.3,230,+.030,105,-1.94,196,102.9,180,104.8,226,+7.93,19,,ASun,64.3,230,104.1,155,49.7,135,20.0,168,32.2,116,44.5,32,98.9,82,47.3,84,21.0,107,31.5,221,35.2,111,64.3,230,66.0,216,17.9,170,18.5,277,104.1,155,103.6,117,98.9,82,97.3,63,77.4,52,-0.6,220,-0.5,228,-0.2,199,+2.0,21,+1.8,34,+3.5,5,2.24,27,22.7,314,65.1,67,2011,0.643202560745126,24,12,0.6666666666666666,36
304,Eastern Illinois,OVC,9-20,-13.32,93.1,312,106.4,241,62.7,290,-.016,220,-4.11,260,102.0,222,106.1,296,-1.13,188,,OVC,62.7,290,93.1,312,45.7,302,22.2,282,30.8,165,33.3,282,106.4,241,49.3,183,19.0,245,29.9,155,38.8,195,62.7,290,63.7,300,18.6,247,18.7,296,93.1,312,93.4,300,106.4,241,103.6,223,76.3,212,-0.6,218,-0.5,224,-0.2,196,+0.1,150,-0.4,215,+1.5,78,1.23,244,35.5,73,49.7,192,2011,0.17717421006970085,9,20,0.3103448275862069,29
239,Eastern Kentucky,OVC,15-16,-6.56,102.3,190,108.9,279,60.8,329,-.026,245,-6.28,309,99.5,308,105.8,281,-5.24,290,,OVC,60.8,329,102.3,190,51.1,75,19.9,159,22.5,332,33.6,275,108.9,279,52.0,298,21.9,67,32.9,263,43.0,269,60.8,329,62.4,324,20.0,327,18.4,265,102.3,190,102.4,150,108.9,279,103.7,224,76.8,131,-1.9,290,-1.0,286,-0.9,270,+1.0,82,+2.1,17,+1.5,43,1.73,117,32.8,120,54.7,154,2011,0.32761672908920114,15,16,0.4838709677419355,31
283,Eastern Michigan,MAC,9-22,-10.75,89.5,333,100.3,109,66.1,130,-.107,336,-3.28,236,101.1,256,104.4,200,-1.76,202,,MAC,66.1,130,89.5,333,44.5,320,22.1,278,26.2,289,35.8,232,100.3,109,47.6,100,20.8,120,25.9,21,44.2,286,66.1,130,67.2,161,17.8,159,17.7,137,89.5,333,88.7,332,100.3,109,96.9,58,76.5,176,+0.5,137,+0.7,81,-0.2,198,-0.3,217,+1.1,86,-1.3,255,1.71,123,36.1,60,55.3,148,2011,0.2124598538131268,9,22,0.2903225806451613,31
262,Eastern Washington,BSky,10-20,-9.04,99.1,251,108.1,267,63.7,252,-.031,262,-2.02,199,102.7,191,104.7,216,+1.97,95,,BSky,63.7,252,99.1,251,46.6,280,20.4,191,31.4,144,36.5,206,108.1,267,50.0,217,19.4,213,32.7,259,46.7,315,63.7,252,66.1,208,18.8,267,17.4,75,99.1,251,97.4,254,108.1,267,106.6,288,74.7,339,-0.2,189,-1.0,284,+0.8,85,-3.3,343,-3.9,344,-1.5,302,0.86,317,33.6,104,43.4,252,2011,0.26900753568453833,10,20,0.3333333333333333,30
240,Elon,SC,14-17,-6.60,104.3,152,110.9,307,67.1,72,-.015,219,-3.40,238,102.2,209,105.6,270,+3.76,61,,SC,67.1,72,104.3,152,49.9,123,18.2,64,26.1,292,38.9,131,110.9,307,53.2,323,19.5,204,32.1,243,38.5,188,67.1,72,69.5,51,17.5,111,16.9,33,104.3,152,104.3,104,110.9,307,108.8,317,77.2,80,+1.1,93,-0.2,198,+1.3,40,+1.2,49,+0.1,167,+2.5,22,1.51,185,37.2,38,46.2,224,2011,0.3305692353956936,14,17,0.45161290322580644,31
168,Evansville,MVC,16-16,-0.15,101.9,198,102.1,135,66.2,121,+.044,68,+2.34,101,104.5,110,102.2,102,+1.02,123,,MVC,66.2,121,101.9,198,48.9,181,19.6,138,23.4,327,46.8,18,102.1,135,52.0,297,22.3,54,29.4,120,43.0,267,66.2,121,66.2,197,18.4,226,17.7,135,101.9,198,99.0,227,102.1,135,102.2,187,76.2,222,-1.7,283,-0.8,257,-0.9,279,-0.0,174,-0.2,199,+0.5,159,1.68,140,34.7,88,74.3,23,2011,0.49436298213908597,16,16,0.5,32
286,FIU,SB,11-19,-11.24,100.6,222,111.9,321,68.4,43,-.013,210,-5.59,291,99.9,302,105.5,260,-2.98,237,,SB,68.4,43,100.6,222,48.5,201,21.0,231,29.9,196,49.8,4,111.9,321,51.4,278,21.2,95,35.5,327,42.6,262,68.4,43,69.6,45,16.9,61,17.5,99,100.6,222,100.4,196,111.9,321,107.7,302,75.9,270,-1.3,259,-0.1,190,-1.2,295,-0.6,247,+0.2,138,-1.0,251,1.08,281,35.6,69,36.8,288,2011,0.22719578312779992,11,19,0.36666666666666664,30
104,Fairfield,MAAC,25-8,+5.88,98.7,257,92.8,19,65.2,176,+.042,76,-4.56,267,100.2,294,104.7,218,-5.55,299,6,MAAC,65.2,176,98.7,257,47.2,257,21.4,248,33.5,80,38.9,130,92.8,19,44.6,15,24.2,14,30.0,158,31.5,51,65.2,176,66.1,204,17.9,166,18.3,248,98.7,257,98.1,242,92.8,19,87.7,1,76.2,223,-1.5,267,-0.3,211,-1.2,309,+0.1,154,-0.4,217,-0.5,232,1.66,147,29.3,203,52.1,170,2011,0.6701449079373767,25,8,0.7575757575757576,33
324,Fairleigh Dickinson,NEC,5-24,-16.66,93.2,310,109.8,296,66.1,123,-.025,241,-4.81,275,100.8,264,105.6,269,-2.32,216,,NEC,66.1,123,93.2,310,44.4,323,22.3,283,31.0,159,39.4,122,109.8,296,49.3,182,16.2,334,30.7,180,37.9,174,66.1,123,67.4,150,18.6,251,16.7,20,93.2,310,93.5,299,109.8,296,106.2,280,76.1,234,+0.8,121,-0.0,176,+0.8,64,+0.4,125,-1.9,321,-0.5,207,1.79,105,31.0,165,54.2,157,2011,0.13181592882857893,5,24,0.1724137931034483,29
17,Florida,SEC,29-8,+20.61,115.8,20,95.2,38,62.5,300,+.038,84,+7.73,33,106.8,47,99.1,19,+1.55,110,2,SEC,62.5,300,115.8,20,52.1,46,18.8,94,35.3,31,35.8,236,95.2,38,47.2,79,19.1,237,28.4,90,27.8,17,62.5,300,63.7,299,18.5,239,18.9,310,115.8,20,110.0,31,95.2,38,96.9,59,77.0,99,+3.8,11,+1.0,59,+2.8,1,+1.7,30,+0.1,176,-3.5,337,2.20,32,27.6,246,77.0,17,2011,0.9048808678268012,29,8,0.7837837837837838,37
325,Florida A&M,MEAC,12-20,-18.59,88.5,335,107.1,247,66.4,108,+.006,165,-9.83,330,97.1,333,106.9,326,+1.52,111,,MEAC,66.4,108,88.5,335,43.7,333,24.1,334,32.5,106,40.9,93,107.1,247,47.0,73,20.0,173,34.1,298,39.0,202,66.4,108,67.8,126,18.1,191,17.1,39,88.5,335,89.4,328,107.1,247,100.7,147,75.2,320,-1.5,268,-1.3,304,-0.2,215,-2.0,329,-2.6,331,-1.5,302,1.20,256,40.8,15,46.8,218,2011,0.10031360781614894,12,20,0.375,32
186,Florida Atlantic,SB,21-11,-1.94,102.9,181,104.8,209,62.4,303,+.134,4,-2.90,227,103.0,175,105.9,286,+3.44,65,7,SB,62.4,303,102.9,181,48.6,191,17.3,31,29.6,206,39.5,118,104.8,209,48.2,124,19.1,239,33.4,277,39.8,222,62.4,303,64.2,282,19.3,297,17.9,196,102.9,181,103.2,128,104.8,209,103.2,207,74.6,342,-1.2,254,-0.5,228,-0.8,261,-1.6,316,-2.9,336,-5.5,345,1.84,86,27.6,248,73.0,30,2011,0.4475918309955454,21,11,0.65625,32
285,Florida Gulf Coast,ASun,10-20,-11.11,94.7,300,105.8,232,67.5,62,-.001,185,-3.74,246,101.4,245,105.2,243,-1.99,209,,ASun,67.5,62,94.7,300,45.4,308,23.9,329,33.3,84,42.6,60,105.8,232,52.2,303,21.4,83,31.4,214,35.3,115,67.5,62,69.3,57,16.5,41,17.9,180,94.7,300,93.6,297,105.8,232,103.6,220,76.4,198,-1.0,234,-0.8,261,-0.2,181,-1.1,297,+0.1,176,+1.5,48,0.81,326,33.1,113,38.3,284,2011,0.21846741505122638,10,20,0.3333333333333333,30
35,Florida St.,ACC,23-11,+16.76,104.5,147,87.7,1,66.7,95,-.017,225,+7.01,44,107.1,41,100.1,46,-1.82,204,10,ACC,66.7,95,104.5,147,49.0,177,23.0,313,34.8,41,38.1,158,87.7,1,42.4,1,22.0,66,28.9,104,36.3,137,66.7,95,69.0,68,16.2,31,18.3,249,104.5,147,99.3,218,87.7,1,89.8,3,78.7,3,+2.8,25,+1.6,26,+1.2,46,+1.0,71,+2.5,8,+3.5,2,1.51,182,34.8,85,63.0,85,2011,0.8824200309336206,23,11,0.6764705882352942,34
290,Fordham,A10,7-21,-11.72,98.0,264,109.8,294,66.2,118,+.013,146,+1.20,128,104.0,133,102.8,124,-5.56,300,,A10,66.2,118,98.0,264,45.2,312,21.0,232,33.7,72,30.7,316,109.8,294,49.5,195,15.6,341,32.3,251,35.6,121,66.2,118,67.9,120,18.0,181,17.1,47,98.0,264,94.8,291,109.8,294,109.0,318,77.3,62,+0.3,155,+0.4,120,-0.1,169,-0.0,161,+1.1,80,+1.5,45,1.87,81,20.6,333,55.8,143,2011,0.21291049927637815,7,21,0.25,28
177,Fresno St.,WAC,14-17,-0.97,101.9,196,102.9,156,65.5,162,-.033,265,+0.03,153,103.1,172,103.0,142,-2.83,231,,WAC,65.5,162,101.9,196,47.7,232,20.4,197,32.4,110,39.4,120,102.9,156,50.0,218,20.6,138,28.8,100,39.5,216,65.5,162,67.4,147,17.4,97,18.0,202,101.9,196,99.2,220,102.9,156,101.0,158,77.2,74,+1.0,101,+0.7,85,+0.3,134,+0.2,137,+0.1,147,+1.5,59,1.10,277,39.1,23,32.9,312,2011,0.4719530773831445,14,17,0.45161290322580644,31
142,Furman,SC,22-11,+2.44,105.3,125,102.9,154,62.8,284,+.060,39,-2.59,215,103.0,176,105.6,267,+2.08,92,,SC,62.8,284,105.3,125,51.6,62,20.8,218,32.0,126,41.7,77,102.9,154,47.8,109,19.1,240,29.5,134,41.1,245,62.8,284,63.7,301,19.7,318,17.9,169,105.3,125,106.3,69,102.9,154,101.4,169,76.8,136,+1.2,90,+0.5,108,+0.6,110,-1.5,313,-0.9,262,+0.9,102,2.59,8,32.5,128,80.9,4,2011,0.5658997458937125,22,11,0.6666666666666666,33
270,Gardner Webb,BSth,11-21,-9.79,95.2,295,105.0,214,63.3,271,-.016,223,-1.31,178,102.1,218,103.4,155,+6.82,24,,BSth,63.3,271,95.2,295,46.9,269,22.4,290,28.2,247,31.4,308,105.0,214,51.5,283,21.5,79,26.4,37,39.5,215,63.3,271,65.6,231,18.8,266,17.5,97,95.2,295,92.8,308,105.0,214,102.7,196,75.5,302,-2.9,325,-1.2,299,-1.7,326,-1.4,306,-1.2,288,+0.5,163,0.98,297,33.8,102,41.1,269,2011,0.24475681034528438,11,21,0.34375,32
24,George Mason,CAA,27-7,+18.30,114.1,29,95.8,45,64.5,217,+.028,108,+2.06,105,105.0,93,103.0,135,+0.66,140,8,CAA,64.5,217,114.1,29,53.2,22,16.9,19,30.6,172,38.6,140,95.8,45,46.6,60,20.4,150,29.4,122,32.0,59,64.5,217,64.6,269,18.1,187,19.0,320,114.1,29,111.7,20,95.8,45,95.7,42,76.5,179,-1.9,288,-0.9,273,-0.9,275,-0.0,171,+2.0,28,-0.5,242,1.96,66,28.1,230,80.3,7,2011,0.8818789209537083,27,7,0.7941176470588235,34
175,George Washington,A10,17-14,-0.73,101.3,210,102.0,134,63.6,259,+.073,25,-0.85,168,103.2,168,104.0,181,-5.42,294,,A10,63.6,259,101.3,210,46.8,271,19.8,147,34.3,56,37.6,171,102.0,134,49.8,209,23.2,33,30.9,185,36.3,140,63.6,259,64.8,262,18.6,245,18.2,240,101.3,210,99.6,212,102.0,134,100.9,156,77.7,27,+2.8,23,+1.0,57,+1.8,18,+1.5,37,+0.9,102,+1.5,71,1.37,218,34.6,90,61.0,100,2011,0.4802119350357365,17,14,0.5483870967741935,31
31,Georgetown,BE,21-11,+17.65,114.2,27,96.6,55,63.4,265,+.048,60,+12.51,4,110.2,6,97.7,3,+5.80,39,6,BE,63.4,265,114.2,27,54.1,15,20.9,227,31.7,136,33.4,281,96.6,55,46.8,68,17.7,305,29.9,153,38.0,175,63.4,265,65.1,251,18.1,192,19.1,324,114.2,27,107.3,55,96.6,55,101.6,173,76.9,128,+1.3,80,+0.4,119,+0.8,68,-0.1,210,+0.2,136,+1.5,65,2.29,24,29.5,198,77.9,13,2011,0.872671006508448,21,11,0.65625,32
63,Georgia,SEC,21-12,+12.24,108.2,86,95.9,47,63.5,261,-.003,193,+5.83,61,106.2,65,100.4,58,-0.69,176,10,SEC,63.5,261,108.2,86,49.4,156,20.2,179,34.5,49,36.6,203,95.9,47,44.8,17,18.4,271,29.4,124,34.7,103,63.5,261,64.9,257,18.9,269,18.1,229,108.2,86,103.6,116,95.9,47,96.8,56,76.5,184,+1.8,56,+0.2,147,+1.6,29,+0.6,103,-0.6,232,-0.5,226,2.22,28,25.5,284,61.2,98,2011,0.8002355056616317,21,12,0.6363636363636364,33
328,Georgia Southern,SC,5-27,-19.33,89.7,332,109.0,281,66.0,137,-.064,313,-3.06,233,103.4,159,106.5,313,-3.02,238,,SC,66.0,137,89.7,332,47.9,226,26.0,343,29.1,221,38.2,152,109.0,281,55.5,343,23.0,39,34.2,299,49.5,330,66.0,137,68.1,108,18.7,259,16.3,6,89.7,332,91.0,322,109.0,281,109.3,321,75.5,305,-0.8,228,-1.0,288,+0.3,143,-1.4,307,+0.1,179,-1.5,296,0.92,307,31.5,151,29.7,323,2011,0.09612107697806391,5,27,0.15625,32
217,Georgia St.,CAA,12-19,-4.58,94.9,296,99.5,91,63.7,251,-.031,259,-1.79,192,103.3,164,105.1,233,-10.82,340,,CAA,63.7,251,94.9,296,47.5,241,23.1,315,34.0,64,32.8,294,99.5,91,46.3,45,20.4,148,29.1,111,50.6,336,63.7,251,64.1,285,19.6,313,17.9,195,94.9,296,94.5,294,99.5,91,98.3,90,77.0,115,+0.3,156,+0.5,116,-0.2,184,+0.4,120,+1.4,42,-0.3,194,0.84,323,40.7,17,31.6,317,2011,0.3671784983066902,12,19,0.3870967741935484,31
100,Georgia Tech,ACC,13-18,+6.25,102.3,191,96.0,50,67.8,55,-.092,331,+5.50,66,105.9,73,100.4,57,-3.27,241,,ACC,67.8,55,102.3,191,45.7,300,19.9,163,32.5,104,31.8,302,96.0,50,50.2,228,23.7,21,26.9,45,45.2,295,67.8,55,69.0,69,17.6,126,17.4,79,102.3,191,97.4,258,96.0,50,96.7,53,77.6,32,+0.8,116,+1.5,31,-0.6,244,+1.0,89,+1.9,32,+2.5,22,1.34,227,35.6,70,47.7,212,2011,0.6750152526486782,13,18,0.41935483870967744,31
37,Gonzaga,WCC,25-10,+16.45,112.1,45,95.6,44,66.1,126,-.007,199,+3.82,80,106.4,62,102.6,115,+4.50,51,11,WCC,66.1,126,112.1,45,52.5,38,19.9,156,34.6,45,41.7,76,95.6,44,47.2,82,20.7,123,25.9,22,35.1,109,66.1,126,68.3,98,16.9,58,18.1,219,112.1,45,110.3,27,95.6,44,96.2,47,77.8,22,+4.0,7,+2.5,8,+1.5,33,+1.0,70,+2.5,7,-0.9,249,1.51,186,38.5,30,63.8,79,2011,0.8618823436902502,25,10,0.7142857142857143,35
329,Grambling St.,SWAC,12-21,-19.64,87.4,338,107.0,246,66.1,128,+.045,66,-11.81,341,94.5,343,106.4,309,+3.12,69,,SWAC,66.1,128,87.4,338,42.5,340,22.0,276,27.1,277,38.5,145,107.0,246,47.8,111,21.2,96,29.3,118,47.4,321,66.1,128,69.5,50,17.0,69,17.3,67,87.4,338,86.4,339,107.0,246,96.9,57,75.5,304,+2.2,45,+1.8,18,+0.4,132,-1.7,322,-2.6,330,-4.5,342,0.98,296,35.7,66,36.4,289,2011,0.08892468058518342,12,21,0.36363636363636365,33
158,Green Bay,Horz,14-18,+0.69,104.5,148,103.8,181,64.8,203,+.009,155,+3.56,84,105.3,88,101.7,90,+4.25,55,,Horz,64.8,203,104.5,148,47.8,229,19.7,143,34.1,63,34.3,261,103.8,181,51.8,291,22.1,61,29.0,107,46.1,307,64.8,203,65.9,218,17.5,117,18.9,315,104.5,148,100.9,192,103.8,181,104.7,254,76.0,251,+1.3,78,+2.0,14,-0.7,248,-1.0,275,-0.6,233,-1.5,288,1.39,214,32.0,140,38.6,282,2011,0.5193135502138851,14,18,0.4375,32
208,Hampton,MEAC,24-9,-4.21,94.4,304,98.7,81,66.1,129,+.108,11,-10.70,337,97.4,331,108.1,338,-4.84,283,16,MEAC,66.1,129,94.4,304,45.9,296,18.1,55,27.5,268,41.3,85,98.7,81,43.1,4,22.9,40,33.2,272,36.3,139,66.1,129,67.6,134,17.0,67,18.6,293,94.4,304,96.4,272,98.7,81,91.5,8,77.0,105,-0.1,181,-0.3,209,+0.2,153,-1.0,257,+1.1,93,+1.2,96,1.53,175,25.2,291,62.5,87,2011,0.374665156963566,24,9,0.7272727272727273,33
289,Hartford,AE,11-20,-11.68,92.8,317,104.5,198,63.0,279,-.011,208,-5.69,292,100.1,299,105.8,279,-1.34,195,,AE,63.0,279,92.8,317,45.8,298,19.2,117,25.9,294,23.5,345,104.5,198,51.3,273,25.3,3,32.0,238,38.8,194,63.0,279,63.6,303,19.0,278,18.4,258,92.8,317,92.6,313,104.5,198,99.6,111,76.5,171,-0.2,194,-0.1,184,-0.2,175,+1.1,52,-0.9,252,+0.5,155,2.65,5,20.6,332,62.9,86,2011,0.20334543809374722,11,20,0.3548387096774194,31
71,Harvard,Ivy,23-7,+10.61,112.4,42,101.8,129,63.4,264,+.051,53,-0.28,159,103.7,149,103.9,179,+3.07,71,6,Ivy,63.4,264,112.4,42,54.1,14,20.2,183,29.0,227,42.3,67,101.8,129,49.5,190,19.9,185,27.7,72,26.0,6,63.4,264,64.0,289,19.1,290,18.4,270,112.4,42,110.4,25,101.8,129,100.6,146,76.9,121,-0.2,192,-0.1,189,-0.1,168,+1.0,82,+1.1,74,+1.5,67,1.46,194,21.7,324,58.9,116,2011,0.7575178649528423,23,7,0.7666666666666667,30
163,Hawaii,WAC,19-13,+0.40,100.6,221,100.2,107,66.9,82,+.043,72,-2.20,206,102.1,219,104.3,193,-9.27,333,,WAC,66.9,82,100.6,221,50.7,88,22.9,309,30.9,164,43.7,43,100.2,107,45.0,18,18.8,254,30.1,161,36.7,148,66.9,82,68.7,80,17.7,142,17.2,58,100.6,221,99.7,209,100.2,107,97.9,80,77.7,28,+2.2,44,+1.4,32,+0.8,66,+2.0,18,+1.7,37,-0.6,244,0.94,302,37.0,46,11.4,344,2011,0.5114521951376205,19,13,0.59375,32
308,High Point,BSth,12-19,-14.43,94.5,301,109.0,280,66.8,87,+.084,20,-4.06,258,100.8,266,104.9,228,-0.66,175,,BSth,66.8,87,94.5,301,46.2,293,21.9,271,29.6,205,38.3,149,109.0,280,51.2,270,21.2,94,33.2,271,48.5,328,66.8,87,68.3,100,17.9,169,17.2,55,94.5,301,93.3,301,109.0,280,105.9,278,75.5,309,-2.7,321,-1.7,324,-1.0,283,-1.0,287,-0.3,207,-1.0,250,1.21,249,40.6,18,50.2,186,2011,0.16224712142191627,12,19,0.3870967741935484,31
135,Hofstra,CAA,21-12,+2.89,108.9,77,106.1,236,65.0,187,+.125,6,+1.05,131,104.6,108,103.5,161,+0.78,131,,CAA,65.0,187,108.9,77,49.6,142,15.9,8,26.6,285,35.5,243,106.1,236,50.2,229,19.0,246,33.3,276,35.2,110,65.0,187,64.8,263,17.8,157,19.2,329,108.9,77,106.5,62,106.1,236,106.5,287,76.8,142,-1.2,253,-0.1,183,-1.2,292,-1.0,258,+1.1,86,+1.1,97,1.93,68,24.1,306,34.4,306,2011,0.5743329517507653,21,12,0.6363636363636364,33
228,Holy Cross,Pat,8-21,-5.32,101.6,204,106.9,244,64.7,206,-.150,345,-3.63,244,101.6,237,105.2,248,-0.37,167,,Pat,64.7,206,101.6,204,48.6,189,20.3,188,32.2,112,35.7,239,106.9,244,48.3,131,15.5,343,27.5,66,33.7,86,64.7,206,65.9,221,18.4,232,17.8,156,101.6,204,101.0,189,106.9,244,103.9,231,77.0,116,-0.2,191,+0.2,149,-0.4,222,-0.0,182,+0.7,113,+0.5,116,1.82,91,32.3,131,65.9,62,2011,0.3578338603655292,8,21,0.27586206896551724,29
222,Houston,CUSA,12-18,-5.04,101.4,208,106.4,240,65.5,160,+.006,164,-0.24,157,102.6,192,102.9,131,-7.66,324,,CUSA,65.5,160,101.4,208,51.2,72,22.8,301,28.1,250,41.4,81,106.4,240,48.0,117,19.1,243,34.6,311,40.0,228,65.5,160,66.9,174,17.7,137,18.2,243,101.4,208,98.9,230,106.4,240,104.1,239,76.7,150,+1.1,96,+0.5,97,+0.6,115,-0.6,244,-0.7,243,+0.5,117,1.02,287,27.8,240,40.6,272,2011,0.36504729711919687,12,18,0.4,30
337,Houston Baptist,GWC,5-26,-22.15,91.2,326,113.3,333,70.5,16,+.019,134,-9.97,333,97.9,329,107.8,336,-3.90,259,,GWC,70.5,16,91.2,326,45.2,311,22.3,285,28.1,251,41.6,79,113.3,333,52.6,312,22.3,53,37.1,335,47.6,322,70.5,16,73.7,10,15.5,14,17.0,34,91.2,326,93.1,307,113.3,333,106.4,283,75.9,267,-0.9,231,-1.0,277,+0.1,161,+0.5,114,-1.8,312,-1.5,267,0.96,299,31.7,146,45.1,238,2011,0.07618697957334611,5,26,0.16129032258064516,31
340,Howard,MEAC,6-24,-24.24,87.9,336,112.2,323,64.6,215,+.024,121,-9.19,324,97.7,330,106.9,327,-1.56,199,,MEAC,64.6,215,87.9,336,42.4,341,24.1,333,32.6,102,42.6,61,112.2,323,51.8,294,21.0,102,34.4,308,44.9,293,64.6,215,66.2,199,19.0,281,17.2,60,87.9,336,88.5,333,112.2,323,105.9,277,77.4,53,-0.3,199,-0.1,192,-0.2,172,+2.0,21,+0.8,107,+2.1,32,1.05,284,20.8,331,35.7,296,2011,0.05694940638455964,6,24,0.2,30
176,IPFW,Sum,18-12,-0.87,105.8,114,106.7,243,65.0,183,+.024,120,-4.85,278,102.7,189,107.5,333,-8.06,327,,Sum,65.0,183,105.8,114,52.6,36,18.1,56,26.8,283,35.6,241,106.7,243,51.0,261,20.6,139,26.3,32,48.7,329,65.0,183,67.2,164,17.7,138,18.0,210,105.8,114,108.3,47,106.7,243,104.1,238,76.1,229,-0.8,229,+0.5,111,-1.4,317,-1.0,282,-0.9,250,+0.5,142,2.08,49,32.6,125,62.2,89,2011,0.475666152492649,18,12,0.6,30
122,IUPUI,Sum,19-14,+3.77,111.5,51,107.7,261,61.6,321,+.014,143,+1.10,129,105.6,81,104.5,206,+12.48,5,,Sum,61.6,321,111.5,51,52.0,47,17.8,43,31.3,152,32.3,299,107.7,261,53.7,332,19.1,236,31.5,218,27.7,16,61.6,321,63.2,310,19.8,319,18.4,264,111.5,51,110.2,30,107.7,261,108.3,313,76.6,155,-1.3,258,-1.1,290,-0.2,191,+1.0,76,+1.1,79,+1.5,66,1.62,150,17.9,342,52.9,168,2011,0.5983903197834489,19,14,0.5757575757575758,33
143,Idaho,WAC,18-14,+2.25,104.7,142,102.4,141,63.9,247,+.015,142,-0.72,167,101.8,228,102.5,111,-4.49,274,,WAC,63.9,247,104.7,142,51.9,53,22.3,287,28.8,228,38.0,161,102.4,141,47.4,91,20.2,161,32.0,240,31.7,56,63.9,247,65.6,234,17.8,155,18.9,312,104.7,142,101.6,169,102.4,141,99.8,116,76.1,242,+0.1,167,+0.6,93,-0.5,228,-1.0,283,-2.9,335,-0.5,237,0.85,321,30.1,187,32.2,315,2011,0.5635156686768634,18,14,0.5625,32
302,Idaho St.,BSky,9-20,-13.06,98.4,262,111.4,316,63.9,246,-.002,188,-1.47,181,104.1,130,105.5,262,+3.93,59,,BSky,63.9,246,98.4,262,44.6,318,19.8,149,32.1,123,41.0,91,111.4,316,52.7,315,18.6,259,33.4,278,41.5,249,63.9,246,64.9,256,19.1,292,17.6,123,98.4,262,97.0,260,111.4,316,111.1,337,76.7,145,+1.0,104,+2.1,13,-1.2,291,-0.9,254,-1.6,309,+0.5,163,0.78,329,30.0,191,21.7,335,2011,0.19356732684438024,9,20,0.3103448275862069,29
18,Illinois,B10,20-14,+20.14,113.3,34,93.1,23,64.8,202,-.074,322,+12.29,6,110.6,5,98.3,8,+3.15,68,9,B10,64.8,202,113.3,34,52.9,29,19.4,123,29.8,198,28.2,336,93.1,23,45.7,30,18.5,264,29.9,156,32.7,69,64.8,202,66.4,192,18.1,198,18.1,230,113.3,34,106.5,63,93.1,23,98.4,93,79.1,1,+5.7,1,+2.9,4,+2.8,2,+2.2,8,+1.1,68,+3.5,5,2.38,20,27.5,250,83.5,2,2011,0.905355276873938,20,14,0.5882352941176471,34
254,Illinois Chicago,Horz,7-24,-7.99,96.5,283,104.5,199,64.2,234,-.041,281,+2.95,92,105.0,94,102.0,97,-0.01,156,,Horz,64.2,234,96.5,283,46.4,289,24.7,340,33.6,78,30.7,318,104.5,199,50.6,243,17.9,289,30.3,166,35.4,117,64.2,234,65.7,227,19.1,288,17.4,76,96.5,283,92.8,309,104.5,199,105.5,267,76.8,137,+1.2,82,+0.4,124,+0.8,60,+1.6,35,-1.6,305,-1.5,263,1.47,193,30.4,182,45.6,232,2011,0.2857926608738179,7,24,0.22580645161290322,31
237,Illinois St.,MVC,12-19,-6.01,96.4,284,102.5,142,62.3,307,-.008,201,-2.12,204,102.5,202,104.6,212,-10.49,339,,MVC,62.3,307,96.4,284,47.3,247,21.3,242,28.5,236,33.6,274,102.5,142,49.0,160,18.6,261,25.6,14,34.6,100,62.3,307,62.7,318,18.9,271,19.4,335,96.4,284,96.0,276,102.5,142,100.6,145,76.6,166,+1.6,64,+0.5,108,+1.1,52,-0.5,235,-0.9,268,-0.5,206,0.77,330,42.1,9,40.8,270,2011,0.3305716158418105,12,19,0.3870967741935484,31
82,Indiana,B10,12-20,+8.57,110.3,61,101.7,128,64.6,210,-.141,343,+9.10,20,109.1,15,100.0,42,-9.03,332,,B10,64.6,210,110.3,61,51.6,61,19.8,153,30.1,192,36.9,196,101.7,128,49.6,197,19.8,186,29.4,125,50.2,333,64.6,210,65.6,233,18.4,238,18.0,204,110.3,61,105.5,84,101.7,128,104.5,249,77.3,63,+1.1,98,+0.5,96,+0.5,120,+1.0,82,+2.7,4,+0.2,185,1.68,137,38.2,32,78.8,11,2011,0.7177911332321159,12,20,0.375,32
108,Indiana St.,MVC,20-14,+5.45,102.8,183,97.4,63,65.0,189,+.051,55,+3.40,85,105.8,75,102.4,108,+2.76,79,14,MVC,65.0,189,102.8,183,48.8,184,21.3,244,29.3,213,38.0,162,97.4,63,46.3,47,19.5,210,27.7,74,45.8,305,65.0,189,65.1,252,18.2,205,18.6,286,102.8,183,99.8,207,97.4,63,98.6,96,77.0,111,-1.1,242,-0.5,225,-0.6,239,-0.0,185,+2.1,19,+3.1,8,1.68,134,35.2,76,48.7,199,2011,0.6503391104185903,20,14,0.5882352941176471,34
66,Iona,MAAC,25-12,+11.61,113.6,32,102.0,132,68.3,45,-.086,328,-1.50,182,101.4,247,102.9,132,+1.30,115,,MAAC,68.3,45,113.6,32,54.4,9,18.0,51,32.2,114,36.5,205,102.0,132,49.8,211,21.0,103,27.0,53,34.2,94,68.3,45,69.9,43,16.5,42,17.9,171,113.6,32,111.8,19,102.0,132,98.3,88,75.9,268,-2.6,319,-0.7,253,-1.9,332,-1.0,272,-0.3,206,-0.5,211,1.91,74,27.9,234,64.4,72,2011,0.7753329409432111,25,12,0.6756756756756757,37
88,Iowa,B10,11-20,+7.12,103.9,161,96.8,56,66.6,100,-.117,337,+9.95,15,109.6,12,99.7,32,-4.08,267,,B10,66.6,100,103.9,161,48.1,215,21.5,254,33.8,68,34.5,258,96.8,56,50.0,219,21.5,78,30.3,168,28.0,19,66.6,100,67.5,143,17.0,66,18.7,297,103.9,161,98.6,232,96.8,56,100.3,137,77.7,30,+1.4,73,+0.5,100,+0.8,77,+1.0,69,+3.1,2,+1.5,53,1.55,172,29.5,196,42.9,256,2011,0.6929594997334408,11,20,0.3548387096774194,31
81,Iowa St.,B12,16-16,+8.78,108.1,87,99.4,89,69.0,34,-.095,333,+4.15,78,105.9,71,101.8,93,-9.59,335,,B12,69.0,34,108.1,87,50.6,99,17.4,37,28.4,243,26.4,344,99.4,89,47.6,104,20.4,151,31.5,217,29.2,27,69.0,34,71.0,30,15.9,20,17.8,167,108.1,87,104.5,99,99.4,89,98.0,85,77.1,97,+0.0,175,+1.3,37,-1.3,315,-1.0,267,+0.1,150,+1.5,49,2.06,53,19.9,335,30.6,320,2011,0.7241023979688903,16,16,0.5,32
277,Jackson St.,SWAC,17-15,-10.49,95.7,291,106.1,237,63.2,273,-.002,187,-12.38,343,93.8,344,106.2,300,+7.49,20,,SWAC,63.2,273,95.7,291,47.0,265,22.9,304,32.7,96,42.5,65,106.1,237,50.1,225,25.1,5,27.4,62,53.0,340,63.2,273,66.6,183,19.4,304,16.7,14,95.7,291,95.4,282,106.1,237,95.3,35,77.5,47,+1.0,100,+0.2,152,+0.8,78,+1.0,57,+1.3,49,+0.4,177,1.91,70,34.2,96,64.7,69,2011,0.233906440820244,17,15,0.53125,32
156,Jacksonville,ASun,20-12,+0.82,98.8,253,98.0,73,67.1,77,+.032,97,-3.48,241,100.9,260,104.4,204,+0.65,141,,ASun,67.1,77,98.8,253,45.6,304,21.5,249,35.7,28,38.6,139,98.0,73,46.9,70,23.2,35,29.8,148,45.8,306,67.1,77,67.8,122,17.1,77,18.2,244,98.8,253,97.7,250,98.0,73,94.4,26,75.0,331,-3.4,333,-2.2,341,-1.2,309,-0.5,241,-0.4,213,-2.3,313,1.51,181,35.2,78,48.3,205,2011,0.5233571001258508,20,12,0.625,32
292,Jacksonville St.,OVC,5-25,-12.20,95.9,290,108.1,266,61.4,323,-.078,325,-4.39,265,101.1,255,105.5,261,-2.24,213,,OVC,61.4,323,95.9,290,47.9,225,22.3,286,29.4,210,33.8,269,108.1,266,51.9,296,23.9,18,33.4,279,49.5,331,61.4,323,62.6,320,21.1,342,17.1,42,95.9,290,95.2,284,108.1,266,104.3,246,75.8,272,-3.4,336,-2.1,337,-1.4,316,-1.0,265,+0.0,187,+1.0,100,1.83,90,38.0,33,56.6,134,2011,0.2014697600920248,5,25,0.16666666666666666,30
106,James Madison,CAA,21-12,+5.74,108.3,84,102.6,145,66.7,97,+.022,127,+0.85,135,104.2,125,103.3,153,-1.34,194,,CAA,66.7,97,108.3,84,51.3,69,18.8,97,29.8,200,38.5,142,102.6,145,49.0,161,17.8,298,27.1,60,36.5,141,66.7,97,67.0,172,17.4,99,18.4,271,108.3,84,106.4,64,102.6,145,101.9,181,76.5,174,-0.3,203,+0.4,118,-0.8,259,-0.0,177,+2.1,19,-1.3,256,1.76,112,22.4,317,32.7,313,2011,0.6506216924079581,21,12,0.6363636363636364,33
3,Kansas,B12,35-3,+28.38,118.9,6,90.6,6,68.4,42,+.060,38,+7.75,32,108.2,28,100.5,61,-0.29,164,1,B12,68.4,42,118.9,6,57.0,1,19.1,112,36.4,16,39.3,124,90.6,6,44.5,14,20.3,153,25.7,15,31.9,57,68.4,42,70.0,42,15.6,17,18.6,290,118.9,6,115.7,7,90.6,6,92.3,11,77.1,92,+1.5,70,+0.8,71,+0.6,111,-1.0,284,+1.1,83,+2.5,15,1.71,127,32.0,138,55.2,149,2011,0.9579537297077616,35,3,0.9210526315789473,38
32,Kansas St.,B12,23-11,+17.42,111.1,56,93.6,25,66.4,106,+.010,149,+9.23,19,108.5,21,99.3,21,+0.73,135,5,B12,66.4,106,111.1,56,49.6,143,21.6,257,39.7,5,43.0,51,93.6,25,47.3,85,22.2,58,28.4,88,45.3,299,66.4,106,68.6,82,17.9,175,16.9,31,111.1,56,105.6,83,93.6,25,97.1,60,77.0,114,+1.7,60,+1.2,43,+0.5,119,+0.2,138,+0.3,131,+0.5,140,1.53,176,35.7,65,54.7,155,2011,0.8777296014408797,23,11,0.6764705882352942,34
317,Kennesaw St.,ASun,8-23,-16.36,98.5,258,114.9,340,63.6,255,-.000,181,-3.09,234,100.7,269,103.8,173,-3.39,248,,ASun,63.6,255,98.5,258,46.4,286,21.6,255,32.7,97,35.1,249,114.9,340,52.2,304,17.7,299,37.2,336,32.5,67,63.6,255,66.1,209,19.4,303,16.7,16,98.5,258,95.8,279,114.9,340,112.0,338,77.0,108,+1.8,57,+0.5,108,+1.2,45,+2.7,5,-0.5,226,+0.5,163,1.91,73,21.9,322,61.6,92,2011,0.14540995793022574,8,23,0.25806451612903225,31
99,Kent St.,MAC,25-12,+6.25,105.7,117,99.5,92,66.4,111,+.052,50,+0.43,143,103.5,157,103.0,141,+0.86,127,7,MAC,66.4,111,105.7,117,48.4,206,18.9,99,33.4,83,33.9,267,99.5,92,47.2,81,20.8,117,33.5,284,31.4,50,66.4,111,67.3,158,17.0,65,18.7,298,105.7,117,103.2,124,99.5,92,97.9,79,76.7,153,-1.2,255,+0.5,117,-1.7,325,-1.1,299,+0.1,176,+2.5,22,0.99,293,25.2,290,35.8,294,2011,0.6671101144578343,25,12,0.6756756756756757,37
7,Kentucky,SEC,29-9,+25.82,117.8,8,92.0,16,65.0,184,-.044,285,+9.81,18,108.4,23,98.5,10,+4.46,52,4,SEC,65.0,184,117.8,8,52.3,41,16.1,10,32.9,94,36.1,219,92.0,16,44.2,9,17.9,293,27.0,49,30.1,38,65.0,184,66.6,185,18.3,219,17.8,159,117.8,8,112.4,15,92.0,16,95.4,37,78.4,4,+1.6,66,+0.7,80,+0.8,65,+2.1,9,+2.1,12,+3.5,4,0.83,324,20.2,334,16.7,342,2011,0.9449451271339487,29,9,0.7631578947368421,38
109,LIU Brooklyn,NEC,27-6,+5.43,109.6,72,104.2,190,73.3,4,+.053,49,-6.02,304,99.7,306,105.8,278,-5.31,291,15,NEC,73.3,4,109.6,72,51.9,52,20.1,169,37.0,9,49.7,5,104.2,190,48.3,129,19.9,184,31.1,201,26.2,7,73.3,4,75.1,4,15.1,6,16.6,12,109.6,72,109.5,37,104.2,190,98.9,100,75.1,329,-1.7,281,-1.5,312,-0.2,219,-2.3,338,-2.3,325,-1.5,302,2.05,55,36.4,56,62.1,90,2011,0.6413067487466455,27,6,0.8181818181818182,33
232,LSU,SEC,11-21,-5.68,95.6,293,101.2,123,64.7,204,-.055,301,+1.09,130,103.8,141,102.8,122,-8.78,328,,SEC,64.7,204,95.6,293,45.0,313,21.8,265,29.3,211,37.6,178,101.2,123,46.4,54,19.9,175,33.1,268,40.0,227,64.7,204,66.1,203,18.1,194,17.9,191,95.6,293,93.3,302,101.2,123,99.9,122,77.1,89,+2.6,31,+1.0,58,+1.6,27,+2.4,7,+0.9,105,-2.5,327,0.95,301,35.6,68,38.5,283,2011,0.34194282539814647,11,21,0.34375,32
172,La Salle,A10,15-18,-0.61,106.7,105,107.3,253,70.9,12,+.009,153,+1.21,127,103.8,144,102.6,113,-3.97,262,,A10,70.9,12,106.7,105,49.6,141,21.0,229,34.5,49,32.9,292,107.3,253,50.3,230,18.6,260,33.2,275,35.5,120,70.9,12,72.1,19,15.1,7,18.2,232,106.7,105,103.9,113,107.3,253,106.5,286,77.3,72,+1.3,76,+0.6,94,+0.8,100,+1.0,62,+0.4,127,+0.5,135,1.60,159,30.5,180,39.5,277,2011,0.4838840468426044,15,18,0.45454545454545453,33
225,Lafayette,Pat,13-19,-5.21,103.0,176,108.2,269,64.4,226,-.031,263,-2.94,228,102.0,224,104.9,229,-0.81,182,,Pat,64.4,226,103.0,176,49.7,137,20.1,175,24.7,311,36.5,208,108.2,269,50.9,255,19.7,196,31.6,222,39.9,226,64.4,226,66.5,188,17.6,128,18.1,223,103.0,176,101.3,179,108.2,269,105.6,270,77.1,86,+1.9,51,+0.5,100,+1.4,35,+0.5,107,+1.1,70,+0.5,133,1.65,148,31.9,142,69.7,43,2011,0.362067377754639,13,19,0.40625,32
244,Lamar,Slnd,13-17,-6.91,100.3,231,107.2,250,73.4,3,-.126,341,-6.50,310,100.1,296,106.6,320,-1.25,190,,Slnd,73.4,3,100.3,231,47.3,245,20.1,174,35.0,35,39.8,112,107.2,250,49.9,213,20.0,171,31.9,236,43.9,279,73.4,3,75.1,3,15.1,8,17.1,38,100.3,231,101.8,164,107.2,250,103.1,203,76.1,231,+0.6,135,+0.9,64,-0.3,221,-2.0,334,-0.7,238,+1.5,78,1.13,270,45.6,2,52.2,169,2011,0.31753973029401455,13,17,0.43333333333333335,30
190,Lehigh,Pat,16-15,-2.20,102.7,185,104.9,212,69.9,20,-.029,253,-5.22,286,100.1,297,105.3,251,-3.96,261,,Pat,69.9,20,102.7,185,46.6,278,18.1,54,28.5,239,46.4,21,104.9,212,48.7,143,20.7,125,29.0,105,38.1,177,69.9,20,71.1,29,15.8,19,17.7,138,102.7,185,102.1,153,104.9,212,100.2,132,76.4,197,-0.3,206,+0.4,123,-0.8,258,-1.0,263,-0.8,247,-2.5,318,1.32,232,30.6,178,56.2,137,2011,0.43936314883272776,16,15,0.5161290322580645,31
231,Liberty,BSth,19-13,-5.52,97.6,272,103.1,164,64.6,213,+.087,18,-5.11,284,100.6,273,105.7,277,+1.22,117,,BSth,64.6,213,97.6,272,47.1,259,23.1,317,36.5,13,35.7,238,103.1,164,49.4,187,20.3,155,29.1,113,35.3,114,64.6,213,66.7,180,18.2,208,17.8,149,97.6,272,97.4,256,103.1,164,99.0,101,76.2,226,-2.6,312,-1.1,291,-1.5,319,-1.0,270,+0.1,153,+1.4,92,1.44,202,26.4,268,51.4,177,2011,0.3474080954995692,19,13,0.59375,32
153,Lipscomb,ASun,17-13,+1.56,106.8,102,105.3,220,69.3,32,+.001,180,-1.86,194,101.2,253,103.0,138,+8.14,17,,ASun,69.3,32,106.8,102,51.0,77,21.5,251,31.8,134,40.5,101,105.3,220,50.1,222,19.9,179,30.6,176,39.0,200,69.3,32,71.5,25,16.0,22,17.7,125,106.8,102,104.2,107,105.3,220,101.6,174,77.0,109,-0.1,186,-0.2,206,+0.1,160,-0.7,251,+1.1,93,+3.5,5,2.35,22,34.5,91,74.5,22,2011,0.5405760318254837,17,13,0.5666666666666667,30
94,Long Beach St.,BW,22-12,+6.66,106.7,103,100.1,103,68.7,39,+.060,40,+1.86,109,104.0,132,102.2,101,+12.23,6,7,BW,68.7,39,106.7,103,49.8,132,20.1,173,31.2,156,42.0,74,100.1,103,50.4,233,19.1,242,27.4,63,28.7,23,68.7,39,69.8,44,16.6,43,17.7,140,106.7,103,103.2,125,100.1,103,100.0,127,75.9,261,-0.5,212,-0.5,228,-0.0,167,+1.0,77,-0.9,257,-1.5,297,2.35,21,15.7,344,70.1,40,2011,0.675746399078848,22,12,0.6470588235294118,34
318,Longwood,ind,12-19,-16.42,102.2,192,118.6,345,69.9,22,+.027,113,-4.86,279,100.2,293,105.0,231,-2.28,214,,ind,69.9,22,102.2,192,49.8,129,19.4,128,24.7,310,33.4,278,118.6,345,55.8,344,18.3,276,36.0,332,36.6,147,69.9,22,72.6,13,17.1,71,16.1,3,102.2,192,99.0,226,118.6,345,115.7,344,75.1,328,-5.2,345,-1.9,332,-3.3,345,-2.0,337,-0.9,259,+0.2,184,1.32,233,24.8,299,41.2,266,2011,0.15297116461729435,12,19,0.3870967741935484,31
236,Louisiana Lafayette,SB,14-15,-6.00,98.7,256,104.7,204,67.7,58,+.031,102,-4.75,272,101.6,234,106.4,310,-0.21,161,,SB,67.7,58,98.7,256,47.9,222,21.6,259,33.7,73,44.3,36,104.7,204,48.7,148,20.2,160,29.7,147,46.5,311,67.7,58,69.2,61,17.0,64,17.6,116,98.7,256,99.6,213,104.7,204,101.5,172,75.9,262,-1.3,260,-1.1,289,-0.2,218,-1.0,273,+0.1,166,-1.5,270,1.73,118,40.4,20,38.7,281,2011,0.33655977879695587,14,15,0.4827586206896552,29
326,Louisiana Monroe,SB,7-24,-18.99,94.5,303,113.5,334,61.9,313,-.023,237,-4.09,259,100.7,271,104.8,223,-1.33,193,,SB,61.9,313,94.5,303,46.3,291,23.1,318,30.9,163,33.7,272,113.5,334,54.6,337,19.6,200,31.1,197,41.3,246,61.9,313,63.3,309,20.1,329,17.8,161,94.5,303,92.7,312,113.5,334,109.1,319,76.3,215,-1.4,262,-0.3,213,-1.0,284,-1.0,278,+0.1,164,-0.2,192,0.99,292,28.4,223,24.2,331,2011,0.1084343138378783,7,24,0.22580645161290322,31
245,Louisiana Tech,WAC,12-20,-7.06,95.6,292,102.7,148,65.4,165,-.006,197,-1.32,179,102.1,217,103.4,157,-6.06,310,,WAC,65.4,165,95.6,292,47.2,255,24.5,338,29.5,207,36.3,213,102.7,148,49.0,159,19.9,176,26.1,28,42.8,264,65.4,165,68.2,106,17.7,139,17.4,77,95.6,292,92.8,310,102.7,148,100.2,131,76.1,233,-0.9,233,-0.4,220,-0.6,236,+1.0,89,-1.6,307,-1.5,271,0.90,308,35.3,75,30.8,319,2011,0.30494661775045784,12,20,0.375,32
14,Louisville,BE,25-10,+22.26,111.4,52,89.2,3,66.8,88,-.037,269,+8.77,27,108.3,26,99.5,27,-5.13,289,4,BE,66.8,88,111.4,52,52.7,35,18.8,92,33.7,71,29.9,324,89.2,3,44.5,12,23.3,29,32.2,247,39.8,223,66.8,88,68.4,91,16.2,32,19.1,326,111.4,52,107.1,56,89.2,3,92.8,13,75.9,260,+0.1,168,+0.8,72,-0.7,252,-1.2,302,-0.9,264,-0.8,245,1.23,245,33.6,105,35.9,292,2011,0.9279643587032251,25,10,0.7142857142857143,35
136,Loyola Chicago,Horz,16-15,+2.83,105.9,113,103.1,163,64.4,224,-.064,314,-1.22,174,102.3,208,103.5,160,-8.84,329,,Horz,64.4,224,105.9,113,48.5,196,19.4,129,33.6,76,36.9,197,103.1,163,50.4,236,20.7,127,28.9,102,33.8,88,64.4,224,66.3,195,18.3,214,17.9,188,105.9,113,104.4,102,103.1,163,99.9,120,76.7,149,-0.4,209,-0.9,270,+0.5,118,-0.0,191,-0.4,212,+1.5,88,1.91,72,24.9,297,78.7,12,2011,0.5764342209936522,16,15,0.5161290322580645,31
181,Loyola MD,MAAC,15-15,-1.53,103.4,170,105.0,213,64.8,201,-.025,242,-3.42,240,99.8,304,103.2,150,-4.01,263,,MAAC,64.8,201,103.4,170,47.0,264,20.1,177,34.7,43,37.2,192,105.0,213,49.1,164,20.6,137,29.6,137,39.8,224,64.8,201,66.4,191,18.8,261,17.4,84,103.4,170,101.3,178,105.0,213,100.1,130,76.4,200,+0.9,110,+0.9,61,-0.0,166,-0.4,223,+0.1,170,-0.5,212,1.57,170,30.0,190,58.3,121,2011,0.4559676214797957,15,15,0.5,30
198,Loyola Marymount,WCC,11-21,-3.32,102.1,194,105.4,223,66.2,117,-.100,335,+0.31,147,104.0,135,103.7,166,-3.35,247,,WCC,66.2,117,102.1,194,46.8,274,19.9,154,32.4,109,37.5,179,105.4,223,48.7,142,18.1,284,30.7,178,37.3,163,66.2,117,68.2,103,18.1,190,17.3,69,102.1,194,100.3,201,105.4,223,104.5,253,76.8,141,+1.5,69,+0.1,157,+1.4,37,+0.1,146,+1.1,57,-0.8,247,1.45,197,35.2,79,58.4,120,2011,0.4095528985192516,11,21,0.34375,32
200,Maine,AE,15-15,-3.46,104.8,139,108.2,270,64.7,205,-.056,302,-6.52,311,99.5,311,106.0,289,-1.60,200,,AE,64.7,205,104.8,139,51.4,66,19.7,139,28.2,248,40.5,100,108.2,270,48.6,141,18.2,280,30.1,162,33.2,77,64.7,205,64.8,261,17.7,135,19.1,327,104.8,139,105.1,89,108.2,270,103.1,202,76.3,204,-0.2,187,-1.0,283,+0.8,86,+0.1,148,-0.2,195,-2.5,319,1.97,64,36.9,48,70.1,39,2011,0.4092256697197007,15,15,0.5,30
312,Manhattan,MAAC,6-25,-14.69,96.4,286,111.1,310,62.4,304,+.026,114,-1.50,183,101.6,239,103.1,144,-0.38,168,,MAAC,62.4,304,96.4,286,43.8,331,21.4,247,33.1,89,33.7,273,111.1,310,51.3,275,19.2,231,35.5,326,34.7,102,62.4,304,63.9,294,19.6,312,17.8,153,96.4,286,93.3,304,111.1,310,108.1,311,76.1,243,-1.4,265,-1.3,301,-0.2,215,-0.0,193,-0.4,216,-1.5,260,0.93,304,24.8,298,20.5,338,2011,0.16353854990299602,6,25,0.1935483870967742,31
322,Marist,MAAC,6-27,-16.63,94.8,299,111.4,315,64.8,199,+.008,158,-0.67,165,101.6,233,102.3,103,+1.21,118,,MAAC,64.8,199,94.8,299,44.1,328,22.0,274,25.8,301,36.2,217,111.4,315,49.6,196,16.6,326,33.1,266,37.6,169,64.8,199,66.6,184,18.2,212,17.8,145,94.8,299,90.2,325,111.4,315,108.6,315,76.7,146,+0.2,159,+0.4,125,-0.2,186,+0.5,115,+1.1,71,+0.5,110,1.04,285,40.9,12,47.8,210,2011,0.13521485468329494,6,27,0.18181818181818182,33
26,Marquette,BE,22-15,+18.14,115.5,22,97.3,62,66.2,116,-.058,306,+11.06,9,109.4,13,98.4,9,-5.91,308,11,BE,66.2,116,115.5,22,51.0,76,18.2,59,34.0,65,44.3,37,97.3,62,49.9,214,20.6,134,31.6,224,28.9,25,66.2,116,68.4,90,17.2,87,18.0,199,115.5,22,109.7,35,97.3,62,101.0,159,77.0,104,-0.0,177,-0.2,199,+0.1,158,-0.0,164,+0.6,119,+1.5,52,1.12,272,28.7,215,47.7,211,2011,0.8778174822194909,22,15,0.5945945945945946,37
85,Marshall,CUSA,22-12,+7.99,108.6,83,100.6,114,66.7,96,-.013,211,+1.42,125,104.3,118,102.9,133,-3.20,240,,CUSA,66.7,96,108.6,83,49.7,139,19.7,145,36.5,14,47.4,14,100.6,114,47.0,74,18.1,286,29.5,133,37.9,173,66.7,96,67.7,129,17.6,129,17.9,190,108.6,83,106.2,71,100.6,114,100.1,129,76.9,118,-0.4,208,-0.2,204,-0.2,207,+0.7,97,+1.1,61,-0.6,243,1.55,171,33.2,110,43.4,251,2011,0.7068160505489047,22,12,0.6470588235294118,34
44,Maryland,ACC,19-14,+15.27,109.7,69,94.4,31,69.6,28,-.091,330,+5.82,63,107.3,37,101.5,81,-4.93,285,,ACC,69.6,28,109.7,69,50.9,81,19.0,106,34.4,54,38.9,133,94.4,31,45.6,28,20.9,112,29.7,144,29.6,33,69.6,28,71.8,21,15.3,11,18.0,206,109.7,69,107.0,58,94.4,31,94.5,29,77.3,65,+1.7,58,+1.1,45,+0.6,113,+0.9,92,+0.6,123,+1.5,54,1.57,168,30.0,188,51.7,174,2011,0.8490789578359081,19,14,0.5757575757575758,33
335,Maryland Eastern Shore,MEAC,9-22,-22.02,92.1,322,114.1,338,68.8,36,+.027,112,-8.32,322,98.2,325,106.6,317,+3.29,66,,MEAC,68.8,36,92.1,322,44.2,326,20.3,186,31.3,153,33.7,271,114.1,338,53.3,326,20.9,114,35.1,319,46.6,314,68.8,36,69.6,46,16.9,57,17.4,78,92.1,322,92.7,311,114.1,338,110.4,333,75.3,315,-1.9,289,-1.7,326,-0.2,207,-0.7,249,-1.9,318,-1.5,284,1.45,199,34.4,94,60.7,102,2011,0.07847110924982087,9,22,0.2903225806451613,31
180,Massachusetts,A10,15-15,-1.32,98.4,263,99.7,95,66.5,105,+.044,69,+0.94,132,104.2,124,103.3,152,-1.90,207,,A10,66.5,105,98.4,263,44.5,321,20.2,182,33.7,74,37.3,188,99.7,95,46.7,65,20.0,174,31.1,198,41.8,254,66.5,105,68.3,97,17.1,74,17.8,162,98.4,263,96.2,275,99.7,95,99.5,110,77.5,46,+1.8,54,+0.5,115,+1.3,39,+1.3,42,+1.4,47,+0.7,106,1.61,156,39.0,26,74.8,19,2011,0.4623374645942925,15,15,0.5,30
206,McNeese St.,Slnd,21-12,-3.88,105.5,122,109.4,288,65.1,180,+.083,21,-6.24,308,99.8,305,106.0,290,+1.89,96,8,Slnd,65.1,180,105.5,122,48.7,188,18.2,61,29.9,195,39.0,129,109.4,288,49.7,203,19.9,180,34.0,297,43.2,270,65.1,180,67.5,141,18.4,229,17.1,48,105.5,122,105.1,92,109.4,288,104.9,258,75.8,274,+0.1,166,+0.8,74,-0.7,250,-1.0,271,-1.2,289,-1.5,292,2.13,41,27.1,258,80.1,8,2011,0.3971272767294905,21,12,0.6363636363636364,33
90,Memphis,CUSA,25-10,+6.98,104.5,146,97.6,65,67.6,59,+.117,9,+2.11,104,104.8,100,102.7,121,-4.74,280,12,CUSA,67.6,59,104.5,146,50.4,103,21.9,270,33.1,91,39.6,116,97.6,65,46.8,69,21.1,101,32.7,261,39.2,205,67.6,59,69.4,55,16.8,54,17.9,192,104.5,146,102.9,134,97.6,65,97.7,76,76.8,132,+0.1,162,+0.1,155,-0.0,165,+0.2,133,+0.1,161,+0.5,123,0.77,332,36.1,58,21.7,336,2011,0.6868772139023062,25,10,0.7142857142857143,35
202,Mercer,ASun,15-18,-3.67,101.1,213,104.8,210,65.3,173,-.001,183,-2.52,212,101.0,258,103.5,158,+1.72,103,,ASun,65.3,173,101.1,213,47.6,240,20.4,193,28.3,244,44.0,40,104.8,210,49.5,194,22.5,48,32.2,248,47.6,323,65.3,173,67.3,154,18.1,185,17.8,155,101.1,213,99.1,221,104.8,210,101.4,167,76.3,206,-1.0,238,-0.8,264,-0.2,192,+0.8,96,-0.2,201,-0.5,224,1.35,224,35.9,63,36.9,287,2011,0.3981086648365126,15,18,0.45454545454545453,33
61,Miami FL,ACC,21-15,+12.59,112.8,38,100.2,105,64.4,228,-.050,295,+6.36,54,106.4,63,100.0,44,-1.93,208,2,ACC,64.4,228,112.8,38,51.8,54,20.7,211,34.2,58,38.9,132,100.2,105,47.8,108,18.1,283,29.7,146,37.8,171,64.4,228,66.0,210,18.5,243,17.8,154,112.8,38,107.9,51,100.2,105,101.9,183,77.5,43,+2.0,50,+1.2,42,+0.8,81,+1.6,34,+1.3,52,+1.5,64,1.39,212,24.7,300,64.3,73,2011,0.7961095122685307,21,15,0.5833333333333334,36
188,Miami OH,MAC,16-17,-2.11,105.5,123,107.6,258,62.5,299,+.119,8,+3.35,86,104.9,97,101.6,87,+11.75,7,,MAC,62.5,299,105.5,123,50.1,118,21.9,269,26.4,288,36.3,212,107.6,258,50.6,240,16.3,330,30.5,174,32.0,60,62.5,299,63.9,293,20.1,328,17.2,54,105.5,123,100.3,199,107.6,258,107.9,308,76.6,156,+0.7,128,-0.1,191,+0.8,79,+0.1,145,+1.1,63,+0.0,188,1.36,219,27.8,239,46.7,220,2011,0.4435759881539067,16,17,0.48484848484848486,33
30,Michigan,B10,21-14,+17.69,112.8,39,95.1,37,61.5,322,-.014,218,+12.00,7,110.7,4,98.7,13,-1.19,189,8,B10,61.5,322,112.8,39,52.3,42,16.6,14,23.9,323,26.7,343,95.1,37,48.9,154,19.2,232,27.8,76,30.4,42,61.5,322,61.7,333,19.3,301,19.1,325,112.8,39,106.3,68,95.1,37,100.8,150,77.3,67,-1.1,250,+0.0,167,-1.2,294,+0.7,100,+2.1,19,+3.5,3,1.44,204,19.3,337,46.3,223,2011,0.8768469692702293,21,14,0.6,35
45,Michigan St.,B10,19-15,+15.08,109.5,73,94.4,30,65.0,186,+.010,152,+13.70,1,111.0,2,97.3,1,+6.70,25,10,B10,65.0,186,109.5,73,48.6,190,20.2,178,34.0,67,36.6,201,94.4,30,47.8,112,18.2,278,26.0,24,38.9,196,65.0,186,66.0,214,17.4,100,18.8,308,109.5,73,102.3,152,94.4,30,100.3,133,76.5,169,+0.7,130,+0.5,114,+0.2,148,+0.2,134,-0.1,190,-0.5,199,1.97,65,30.8,171,68.4,49,2011,0.8463700615174216,19,15,0.5588235294117647,34
189,Middle Tennessee,SB,16-16,-2.19,98.5,260,100.7,115,65.6,158,-.071,320,-6.03,305,100.7,270,106.7,323,-2.45,218,,SB,65.6,158,98.5,260,47.4,243,22.4,291,33.1,90,48.3,9,100.7,115,49.1,166,24.4,10,28.3,86,57.6,343,65.6,158,67.1,167,17.5,110,18.0,198,98.5,260,100.1,205,100.7,115,97.4,66,76.5,186,+0.7,127,+0.3,142,+0.5,123,-0.1,211,-1.0,280,-0.5,210,1.38,216,36.6,50,51.7,175,2011,0.43683271599759105,16,16,0.5,32
138,Milwaukee,Horz,19-14,+2.69,104.8,135,102.1,137,65.4,167,+.119,7,+3.12,90,106.0,69,102.9,130,+2.34,87,5,Horz,65.4,167,104.8,135,50.2,114,20.8,221,29.3,212,44.1,39,102.1,137,50.8,249,19.2,229,30.2,165,32.8,71,65.4,167,66.7,178,18.0,182,17.9,176,104.8,135,101.4,177,102.1,137,103.5,217,76.4,193,-0.5,214,-0.1,195,-0.4,225,-1.0,292,+1.1,93,+0.9,101,1.48,191,25.8,279,35.1,300,2011,0.5744821276833275,19,14,0.5757575757575758,33
58,Minnesota,B10,17-14,+13.15,110.5,59,97.4,64,64.9,194,-.018,226,+9.94,16,110.1,7,100.2,50,-0.82,183,,B10,64.9,194,110.5,59,49.9,122,20.3,187,36.7,12,43.7,42,97.4,64,47.3,87,17.7,300,28.9,101,29.3,28,64.9,194,65.5,238,17.9,163,18.6,291,110.5,59,105.2,87,97.4,64,102.7,197,78.2,8,+4.0,8,+2.1,12,+1.8,6,+1.7,29,+1.9,31,+2.2,31,1.68,139,29.4,200,49.3,195,2011,0.8101795198812477,17,14,0.5483870967741935,31
76,Mississippi,SEC,20-14,+9.91,113.0,36,103.1,162,66.0,138,-.042,283,+3.13,89,104.1,127,101.0,74,-2.60,222,5,SEC,66.0,138,113.0,36,50.8,85,18.9,103,33.6,75,34.8,254,103.1,162,48.1,120,19.3,219,28.8,95,39.2,206,66.0,138,67.4,145,17.3,95,18.0,203,113.0,36,109.5,38,103.1,162,102.3,190,76.4,189,+1.4,75,+0.5,100,+0.8,98,-0.0,165,-1.2,293,-1.5,299,2.06,52,28.9,210,51.7,172,2011,0.7416221663239146,20,14,0.5882352941176471,34
133,Mississippi St.,SEC,17-14,+3.09,107.5,93,104.4,194,66.1,124,+.061,37,+1.92,108,103.9,140,101.9,95,-5.51,297,,SEC,66.1,124,107.5,93,50.7,93,19.6,137,27.3,271,35.8,234,104.4,194,47.7,106,16.1,336,30.6,175,27.3,13,66.1,124,67.6,135,17.8,151,17.6,107,107.5,93,103.2,126,104.4,194,103.8,229,77.8,23,+1.4,71,+0.2,148,+1.2,43,+0.3,128,+1.1,53,+2.9,9,1.58,167,33.0,117,41.2,265,2011,0.5833409270373615,17,14,0.5483870967741935,31
309,Mississippi Valley St.,SWAC,13-19,-14.44,93.8,306,108.3,272,71.3,8,+.036,88,-9.18,323,96.3,336,105.5,259,+13.46,3,,SWAC,71.3,8,93.8,306,46.0,295,24.0,332,29.7,204,38.8,135,108.3,272,48.5,133,20.5,142,28.8,97,47.2,319,71.3,8,74.2,9,16.0,25,16.4,7,93.8,306,91.6,320,108.3,272,100.3,134,75.9,266,-1.1,241,-0.1,186,-1.0,280,+0.1,149,-0.4,219,-1.5,272,0.85,318,39.1,24,45.7,228,2011,0.16070209211973935,13,19,0.40625,32
42,Missouri,B12,23-11,+15.54,113.4,33,97.8,68,70.7,14,-.013,213,+6.50,52,106.9,44,100.4,59,-4.76,281,11,B12,70.7,14,113.4,33,51.5,65,16.9,20,31.0,161,34.3,262,97.8,68,49.3,184,24.5,9,34.7,318,40.7,240,70.7,14,72.5,14,15.4,12,17.8,144,113.4,33,109.3,40,97.8,68,98.6,98,76.8,135,+0.9,113,+0.1,161,+0.8,99,-0.3,221,-0.4,220,-1.5,265,1.20,257,37.1,40,56.0,140,2011,0.8457909875994429,23,11,0.6764705882352942,34
69,Missouri St.,MVC,26-9,+11.06,114.0,30,102.9,157,62.0,311,+.025,119,+0.71,137,103.3,163,102.6,116,-1.53,198,3,MVC,62.0,311,114.0,30,51.8,55,16.6,15,31.6,140,38.2,151,102.9,157,49.9,212,17.8,296,24.7,9,34.0,92,62.0,311,62.3,325,19.8,324,18.5,280,114.0,30,111.9,17,102.9,157,101.3,165,76.5,175,+0.7,132,+1.2,40,-0.6,235,-1.0,269,-0.6,235,+1.5,78,2.17,38,22.1,320,74.9,18,2011,0.7646004747042529,26,9,0.7428571428571429,35
281,Monmouth,NEC,9-21,-10.57,94.5,302,105.1,216,62.6,295,-.028,250,-4.34,264,100.7,268,105.1,232,-0.74,178,,NEC,62.6,295,94.5,302,46.5,284,23.0,310,27.8,261,37.9,166,105.1,216,49.2,173,21.0,109,32.5,256,32.9,73,62.6,295,64.1,284,18.4,228,19.0,319,94.5,302,93.3,303,105.1,216,101.1,163,76.0,254,+1.2,88,+0.5,95,+0.6,107,+1.0,79,-2.3,327,-2.1,311,1.82,92,38.6,29,44.8,241,2011,0.2274804353009137,9,21,0.3,30
114,Montana,BSky,21-11,+5.04,101.8,200,96.8,57,62.7,289,+.008,156,-1.98,197,103.5,158,105.4,257,+2.65,82,,BSky,62.7,289,101.8,200,50.2,111,19.4,122,30.2,186,41.4,83,96.8,57,44.7,16,20.3,156,30.1,160,34.9,106,62.7,289,64.2,281,19.0,277,18.5,282,101.8,200,102.4,151,96.8,57,95.0,32,77.8,24,+2.6,36,+3.0,3,-0.5,230,-0.0,178,+0.1,185,+1.5,78,1.17,263,27.2,256,40.7,271,2011,0.6408777273887954,21,11,0.65625,32
250,Montana St.,BSky,13-18,-7.80,100.2,232,108.0,263,64.3,231,+.005,166,-2.72,218,101.7,230,104.4,205,-0.63,173,,BSky,64.3,231,100.2,232,47.2,256,18.8,89,28.5,234,36.1,220,108.0,263,51.2,269,19.9,182,33.2,273,39.2,207,64.3,231,65.5,240,18.8,263,17.7,136,100.2,232,99.2,219,108.0,263,105.2,262,76.8,138,+0.3,157,-0.1,187,+0.4,133,+1.0,59,+2.8,3,-1.8,308,1.70,130,31.0,166,44.7,242,2011,0.29690601308821346,13,18,0.41935483870967744,31
89,Morehead St.,OVC,25-10,+7.01,105.6,119,98.6,80,63.4,267,+.023,125,-2.89,226,102.2,210,105.1,238,+2.66,80,13,OVC,63.4,267,105.6,119,50.4,104,23.2,319,39.9,4,40.4,104,98.6,80,49.2,174,22.7,43,26.0,23,37.4,164,63.4,267,64.0,288,19.1,287,18.2,234,105.6,119,105.0,94,98.6,80,96.5,51,75.7,282,-2.7,320,-0.7,255,-1.9,333,-0.0,200,-0.4,214,-0.5,202,2.03,59,18.6,338,52.9,166,2011,0.68756324667306,25,10,0.7142857142857143,35
247,Morgan St.,MEAC,17-14,-7.30,94.8,298,102.1,136,65.5,164,+.042,77,-9.71,329,98.5,321,108.2,340,+0.61,142,,MEAC,65.5,164,94.8,298,45.6,303,22.5,292,35.8,23,45.4,26,102.1,136,47.5,97,21.4,84,29.2,115,43.9,280,65.5,164,68.2,101,17.9,173,17.1,45,94.8,298,97.8,247,102.1,136,97.5,70,77.3,68,+2.6,37,+0.9,62,+1.7,26,+1.2,46,+0.3,129,-0.3,193,1.66,144,26.2,272,38.7,280,2011,0.29878126242766007,17,14,0.5483870967741935,31
249,Mount St. Mary's,NEC,11-21,-7.75,94.9,297,102.6,146,64.0,244,-.019,229,-2.05,201,101.9,225,103.9,178,+2.88,75,,NEC,64.0,244,94.9,297,46.4,285,22.9,305,27.1,274,36.8,198,102.6,146,47.4,92,20.7,129,34.5,309,38.5,187,64.0,244,65.5,236,18.0,180,18.5,281,94.9,297,92.1,316,102.6,146,100.5,140,75.5,303,-0.2,190,-1.0,285,+0.8,86,-1.9,326,-0.9,273,-0.5,216,1.00,290,31.7,147,34.3,307,2011,0.2896337245775792,11,21,0.34375,32
134,Murray St.,OVC,23-9,+3.01,105.0,131,102.0,131,62.4,301,+.040,81,-5.10,283,100.5,278,105.6,272,-2.62,224,6,OVC,62.4,301,105.0,131,51.3,68,21.5,250,33.2,87,46.3,23,102.0,131,49.1,171,23.7,22,28.9,103,41.4,247,62.4,301,63.8,296,19.4,306,18.1,224,105.0,131,105.1,88,102.0,131,97.4,69,75.3,318,-2.3,302,-1.1,294,-1.1,287,-2.0,335,-1.5,300,+0.5,163,2.18,36,33.9,99,74.5,21,2011,0.5825758824954459,23,9,0.71875,32
87,N.C. State,ACC,15-16,+7.19,109.9,67,102.7,149,65.9,143,-.021,233,+7.05,41,106.6,56,99.5,26,-4.26,270,,ACC,65.9,143,109.9,67,47.8,230,17.8,45,34.0,66,36.0,225,102.7,149,46.8,66,17.3,313,34.0,295,32.3,63,65.9,143,68.0,117,17.6,119,17.7,134,109.9,67,104.0,111,102.7,149,103.8,225,77.3,61,+2.2,46,+0.3,135,+1.8,18,+1.6,33,+0.5,125,-0.5,214,1.23,247,37.2,39,53.0,165,2011,0.6855131807062916,15,16,0.4838709677419355,31
310,NJIT,GWC,15-15,-14.44,92.9,316,107.3,255,65.5,159,+.017,139,-11.33,340,98.1,327,109.4,344,-2.74,229,,GWC,65.5,159,92.9,316,47.9,222,19.1,113,27.1,275,33.2,286,107.3,255,49.7,201,19.6,202,25.9,20,46.5,310,65.5,159,69.0,70,17.3,90,17.3,73,92.9,316,96.5,268,107.3,255,101.7,179,75.7,291,-4.3,341,-1.4,307,-2.9,343,-1.0,290,+0.6,120,+2.5,22,1.79,104,33.4,107,71.4,35,2011,0.16013720719257338,15,15,0.5,30
272,Navy,Pat,11-20,-9.84,93.2,309,103.0,160,69.4,30,-.039,274,-5.00,281,101.6,235,106.6,319,-5.12,288,,Pat,69.4,30,93.2,309,46.3,290,20.5,201,19.5,340,38.7,137,103.0,160,51.1,266,25.2,4,32.7,260,41.7,253,69.4,30,72.3,17,15.6,16,17.2,63,93.2,309,93.2,305,103.0,160,99.9,117,75.6,295,-1.5,270,-0.1,181,-1.4,318,-0.6,246,-1.0,281,-2.5,316,1.81,97,32.7,123,56.1,138,2011,0.2405284352990671,11,20,0.3548387096774194,31
64,Nebraska,B12,19-13,+11.82,104.9,133,93.1,22,62.2,308,-.049,292,+4.21,77,105.6,80,101.4,80,-11.74,343,5,B12,62.2,308,104.9,133,51.0,78,20.6,206,27.9,253,35.2,248,93.1,22,45.6,27,20.1,164,24.3,6,34.4,97,62.2,308,65.2,249,18.6,248,18.1,231,104.9,133,101.5,172,93.1,22,92.6,12,77.5,36,+4.3,4,+2.5,7,+1.7,24,-0.5,242,+1.1,86,+1.3,94,0.93,305,37.0,45,45.4,235,2011,0.7977568729895707,19,13,0.59375,32
160,Nevada,WAC,13-19,+0.44,104.3,151,103.9,185,66.8,94,-.050,297,+1.65,115,104.6,106,103.0,136,+1.68,106,,WAC,66.8,94,104.3,151,48.3,207,20.9,225,32.4,108,42.6,59,103.9,185,48.1,119,18.1,287,30.9,189,41.0,243,66.8,94,68.2,105,17.8,152,17.3,64,104.3,151,101.4,175,103.9,185,104.1,240,77.8,19,+2.1,47,+0.6,91,+1.6,31,+1.8,27,-0.2,196,+0.5,118,0.70,337,33.7,103,14.0,343,2011,0.5110452865149969,13,19,0.40625,32
287,New Hampshire,AE,12-18,-11.39,91.2,327,102.6,144,61.7,317,+.030,106,-5.94,301,100.4,283,106.3,307,-2.71,228,,AE,61.7,317,91.2,327,43.0,338,19.5,133,29.4,209,34.1,264,102.6,144,46.3,46,18.9,249,29.5,132,37.7,170,61.7,317,62.0,330,19.6,310,19.0,318,91.2,327,92.0,319,102.6,144,98.2,87,77.1,96,+2.3,43,+0.5,100,+1.7,22,-0.0,183,+0.1,160,+0.5,125,1.80,101,28.8,211,51.9,171,2011,0.20513484997052076,12,18,0.4,30
47,New Mexico,MWC,22-13,+14.70,111.9,48,97.2,61,64.9,191,-.070,318,+5.15,68,106.2,64,101.1,77,-1.74,201,4,MWC,64.9,191,111.9,48,51.3,70,20.0,164,34.2,60,42.6,62,97.2,61,48.3,130,19.2,227,26.4,34,35.9,129,64.9,191,66.6,182,17.8,158,17.9,187,111.9,48,108.2,49,97.2,61,98.0,84,77.0,100,+2.6,32,+1.2,41,+1.4,36,+1.4,38,+0.1,183,-2.5,314,1.45,198,34.7,87,45.6,231,2011,0.8347401498744691,22,13,0.6285714285714286,35
145,New Mexico St.,WAC,16-17,+2.20,105.5,124,103.3,165,66.5,104,-.024,240,+2.72,94,104.3,122,101.6,85,+4.05,57,,WAC,66.5,104,105.5,124,49.4,159,21.1,234,32.2,115,49.2,7,103.3,165,50.7,246,21.6,76,31.3,205,37.1,159,66.5,104,68.4,87,17.0,70,17.7,142,105.5,124,101.3,180,103.3,165,102.5,194,78.0,10,+3.8,9,+2.0,15,+1.8,9,+1.0,72,+2.1,13,+1.5,62,1.39,213,31.1,160,41.3,264,2011,0.56029173563364,16,17,0.48484848484848486,33
301,Niagara,MAAC,9-23,-13.02,92.2,321,105.2,219,67.1,73,+.021,130,-2.30,207,101.0,257,103.3,151,-1.38,196,,MAAC,67.1,73,92.2,321,42.1,344,20.5,202,27.8,262,39.6,115,105.2,219,49.2,176,23.0,38,38.6,342,38.4,186,67.1,73,68.7,81,16.9,62,17.8,147,92.2,321,89.8,327,105.2,219,102.4,191,75.3,316,-2.6,318,-1.5,319,-1.2,312,-1.0,285,-0.9,260,-0.5,231,1.51,183,26.9,261,33.4,309,2011,0.1799204628317979,9,23,0.28125,32
235,Nicholls St.,Slnd,14-14,-5.82,97.2,274,103.0,159,59.9,332,-.051,298,-4.82,277,101.2,251,106.0,288,+8.48,15,,Slnd,59.9,332,97.2,274,48.8,183,19.8,150,24.6,316,37.4,184,103.0,159,51.1,265,24.6,7,31.3,209,46.6,313,59.9,332,62.6,321,21.0,340,17.3,71,97.2,274,98.2,240,103.0,159,100.0,123,74.8,337,-4.2,340,-2.5,344,-1.7,324,-1.4,309,-1.5,298,-0.5,228,1.81,98,32.9,118,56.0,141,2011,0.33927646745366447,14,14,0.5,28
298,Norfolk St.,MEAC,12-20,-12.65,97.1,276,109.8,295,68.7,37,-.009,202,-7.81,320,98.4,323,106.2,301,+3.08,70,,MEAC,68.7,37,97.1,276,48.5,194,22.6,297,30.4,178,41.0,90,109.8,295,48.5,135,18.3,275,31.3,208,47.9,325,68.7,37,70.6,36,17.6,122,16.6,9,97.1,276,97.6,251,109.8,295,103.9,235,77.4,49,+1.1,95,+0.9,66,+0.2,147,+1.0,74,+2.1,18,+1.5,68,1.77,107,28.1,232,60.4,104,2011,0.19567154196554848,12,20,0.375,32
15,North Carolina,ACC,29-8,+22.18,111.8,49,89.6,5,70.6,15,+.064,33,+11.14,8,109.9,11,98.8,14,+6.01,36,2,ACC,70.6,15,111.8,49,49.1,169,18.2,66,35.9,21,37.9,167,89.6,5,46.2,44,19.7,197,27.9,77,24.8,2,70.6,15,72.9,12,15.2,9,17.8,166,111.8,49,105.8,79,89.6,5,94.1,24,78.7,2,+4.7,2,+2.6,6,+2.2,4,+1.2,48,+1.3,51,+2.5,14,0.86,314,31.2,157,34.8,303,2011,0.9272771441306084,29,8,0.7837837837837838,37
293,North Carolina A&T,MEAC,15-17,-12.29,99.1,248,111.4,312,67.8,54,+.048,59,-7.19,316,98.8,317,106.0,287,+5.30,43,,MEAC,67.8,54,99.1,248,48.3,209,20.8,222,28.7,231,42.9,52,111.4,312,49.4,186,19.3,220,37.2,337,27.3,12,67.8,54,69.4,56,16.4,39,18.0,201,99.1,248,98.8,231,111.4,312,106.8,290,76.1,235,+0.4,152,+0.1,159,+0.3,140,-0.2,212,-0.1,189,-3.5,338,1.34,226,31.4,154,47.3,217,2011,0.20661102533345005,15,17,0.46875,32
313,North Carolina Central,ind,15-15,-15.03,96.0,289,111.0,309,65.6,157,+.088,16,-9.19,325,98.2,326,107.4,332,-9.01,331,,ind,65.6,157,96.0,289,49.8,131,23.2,320,26.7,284,37.6,174,111.0,309,51.0,262,22.2,55,34.2,301,42.9,266,65.6,157,66.7,181,17.7,136,18.0,211,96.0,289,97.4,259,111.0,309,104.9,259,75.8,276,-3.2,328,-1.0,281,-2.2,341,-1.0,290,+0.1,171,+0.7,107,1.34,228,27.2,253,42.4,258,2011,0.15847843495587532,15,15,0.5,30
299,North Dakota,GWC,19-15,-12.82,92.7,319,105.5,226,66.6,102,+.094,14,-10.41,335,98.6,319,109.0,342,-1.07,186,,GWC,66.6,102,92.7,319,47.6,237,20.8,214,26.8,282,42.9,54,105.5,226,49.2,178,19.7,193,26.0,25,42.2,257,66.6,102,68.0,116,18.2,207,16.7,21,92.7,319,96.0,277,105.5,226,100.9,153,75.7,285,-0.7,224,-0.8,265,+0.2,156,-0.9,255,-0.9,255,-2.5,320,0.55,343,31.1,163,34.6,304,2011,0.18430650226432527,19,15,0.5588235294117647,34
162,North Dakota St.,Sum,14-15,+0.40,104.8,136,104.4,197,67.0,81,-.133,342,-2.73,220,104.1,129,106.8,325,+0.80,130,,Sum,67.0,81,104.8,136,50.9,79,18.6,84,32.2,119,39.8,111,104.4,197,49.1,168,18.2,277,29.4,127,38.4,182,67.0,81,68.5,86,17.4,104,17.6,118,104.8,136,106.9,59,104.4,197,103.6,221,77.2,84,+0.1,169,-0.8,258,+0.8,86,+2.0,16,+1.1,67,+1.1,98,1.39,211,36.5,53,41.4,262,2011,0.5109925057047239,14,15,0.4827586206896552,29
220,North Florida,ASun,15-19,-4.79,99.7,238,104.5,200,65.3,171,+.087,17,+1.43,124,102.9,178,101.5,83,+14.80,2,,ASun,65.3,171,99.7,238,49.4,158,24.5,339,29.3,214,42.5,64,104.5,200,48.2,122,21.3,91,39.5,344,39.4,210,65.3,171,67.8,123,17.6,118,17.9,174,99.7,238,94.9,289,104.5,200,104.0,237,75.9,257,-2.6,313,-1.5,310,-1.1,286,-0.0,200,+0.8,109,-0.0,189,1.41,209,32.5,129,61.4,96,2011,0.3680140523427295,15,19,0.4411764705882353,34
174,North Texas,SB,22-11,-0.72,109.0,75,109.8,293,67.1,76,+.044,71,-7.26,317,99.1,316,106.4,312,-6.67,317,,SB,67.1,76,109.0,75,53.1,23,19.6,135,28.3,246,50.0,3,109.8,293,49.1,165,16.1,335,29.1,110,35.8,125,67.1,76,68.4,93,17.4,107,17.5,95,109.0,75,110.0,33,109.8,293,104.5,251,76.0,255,+0.7,129,-0.1,193,+0.8,73,+0.5,108,-3.9,343,-1.5,306,2.61,7,26.0,276,65.7,64,2011,0.47898852169715384,22,11,0.6666666666666666,33
194,Northeastern,CAA,11-20,-2.59,108.8,79,111.4,313,62.6,294,+.023,122,+2.43,98,104.0,131,101.6,88,+2.39,86,,CAA,62.6,294,108.8,79,50.7,92,19.7,141,28.8,229,35.9,228,111.4,313,53.5,328,19.7,191,34.6,313,42.9,265,62.6,294,63.1,315,19.0,282,18.9,314,108.8,79,104.6,98,111.4,313,110.9,336,77.2,76,+2.5,40,+1.8,20,+0.7,104,-0.0,195,+0.1,142,+1.5,55,1.30,236,25.0,295,29.5,324,2011,0.4325182863049921,11,20,0.3548387096774194,31
124,Northern Arizona,BSky,19-13,+3.59,106.0,112,102.4,140,65.0,181,-.068,315,-3.38,237,102.4,206,105.8,280,+0.70,137,,BSky,65.0,181,106.0,112,54.1,13,20.0,166,28.2,249,33.1,287,102.4,140,47.0,72,19.5,203,31.3,213,37.1,161,65.0,181,65.6,230,18.0,184,18.3,255,106.0,112,106.4,66,102.4,140,99.7,112,75.8,277,-1.9,286,-0.7,250,-1.2,301,-0.0,197,+0.1,151,-0.5,197,1.85,85,31.1,159,69.1,45,2011,0.5980513768364333,19,13,0.59375,32
119,Northern Colorado,BSky,21-11,+4.05,106.3,109,102.2,138,66.6,101,+.023,124,-2.41,210,102.4,203,104.8,227,+2.87,76,15,BSky,66.6,101,106.3,109,49.9,126,21.6,260,32.8,95,43.4,46,102.2,138,48.8,151,20.0,167,27.5,67,43.2,271,66.6,101,66.5,186,17.3,88,19.2,331,106.3,109,105.6,81,102.2,138,99.9,121,76.6,164,+0.7,126,-0.5,225,+1.2,48,-0.5,239,-0.9,276,+0.5,122,2.00,61,26.3,270,59.6,110,2011,0.6111946108823881,21,11,0.65625,32
274,Northern Illinois,MAC,9-21,-10.09,99.1,250,109.2,286,67.5,63,-.030,256,-2.83,225,100.8,265,103.6,165,+0.48,148,,MAC,67.5,63,99.1,250,47.1,258,20.6,205,28.5,234,38.5,141,109.2,286,50.0,220,16.7,325,28.7,91,43.0,268,67.5,63,69.2,62,17.0,63,17.6,104,99.1,250,97.5,252,109.2,286,105.8,274,76.0,248,-1.5,269,-1.1,293,-0.4,223,+0.6,102,+0.1,165,+0.2,180,1.36,220,43.9,5,45.5,233,2011,0.246736589565672,9,21,0.3,30
107,Northern Iowa,MVC,20-14,+5.66,109.0,76,103.3,168,59.1,341,+.003,171,+1.58,119,103.9,139,102.3,104,+2.16,90,,MVC,59.1,341,109.0,76,49.8,128,15.5,4,23.2,328,35.5,242,103.3,168,51.6,289,20.5,146,24.8,10,33.8,89,59.1,341,59.5,343,20.6,336,19.2,330,109.0,76,105.9,76,103.3,168,102.1,185,75.9,263,-0.3,202,-0.1,194,-0.2,207,-1.6,317,-0.9,261,+0.5,137,1.87,82,27.4,252,58.1,123,2011,0.6496886278178821,20,14,0.5882352941176471,34
50,Northwestern,B10,20-14,+14.03,116.8,15,102.7,152,62.8,283,+.008,157,+8.91,25,108.6,20,99.7,29,-7.70,325,4,B10,62.8,283,116.8,15,53.5,20,15.8,7,25.1,309,30.1,322,102.7,152,52.5,311,19.7,195,28.0,79,37.1,158,62.8,283,63.4,308,19.4,305,18.1,227,116.8,15,111.8,18,102.7,152,106.4,284,77.0,106,+3.1,17,+1.8,19,+1.4,38,+1.0,78,+1.1,55,-1.5,298,2.25,26,22.9,313,73.8,26,2011,0.8144949261699346,20,14,0.5882352941176471,34
261,Northwestern St.,Slnd,18-14,-8.98,101.1,214,110.1,300,71.1,10,+.101,13,-8.15,321,98.4,322,106.5,314,-6.16,311,,Slnd,71.1,10,101.1,214,49.9,127,22.3,284,35.0,34,50.6,1,110.1,300,50.4,234,24.1,15,38.0,340,47.7,324,71.1,10,74.2,8,15.3,10,17.2,52,101.1,214,101.8,163,110.1,300,104.2,242,75.8,281,-1.5,272,-0.7,252,-0.8,264,-1.2,301,-0.9,270,+0.5,153,1.23,248,38.9,28,60.1,105,2011,0.27275141212608617,18,14,0.5625,32
11,Notre Dame,BE,27-7,+23.25,120.9,3,97.7,66,63.1,277,+.074,24,+9.92,17,108.2,27,98.3,6,-3.83,257,2,BE,63.1,277,120.9,3,53.5,21,16.7,16,31.7,135,45.1,28,97.7,66,46.7,64,15.8,337,26.4,38,25.6,3,63.1,277,64.6,268,19.0,285,17.9,186,120.9,3,114.7,9,97.7,66,100.3,136,78.0,11,+1.6,63,-0.2,205,+1.8,13,+3.0,1,+1.4,45,+1.5,51,1.82,93,21.2,328,57.5,126,2011,0.9205771926624223,27,7,0.7941176470588235,34
56,Oakland,Sum,25-10,+13.31,118.6,7,105.3,221,71.1,9,+.021,129,+2.01,106,106.0,68,104.0,180,+14.82,1,13,Sum,71.1,9,118.6,7,55.8,4,18.5,79,35.4,30,39.0,127,105.3,221,49.5,191,16.5,328,29.9,151,31.2,46,71.1,9,72.5,15,16.1,29,17.0,36,118.6,7,116.9,4,105.3,221,105.6,269,76.7,144,+3.4,13,+2.8,5,+0.6,108,-1.0,276,-0.2,198,-0.8,246,2.02,60,27.9,236,51.1,179,2011,0.7970318023099782,25,10,0.7142857142857143,35
149,Ohio,MAC,19-16,+1.91,107.4,94,105.5,227,67.1,79,-.003,192,-1.76,190,102.1,215,103.9,177,-1.27,191,,MAC,67.1,79,107.4,94,49.8,133,19.1,111,31.3,150,37.3,187,105.5,227,50.7,244,21.9,68,30.8,182,40.0,229,67.1,79,68.1,110,16.6,47,18.4,273,107.4,94,105.4,85,105.5,227,102.8,199,76.9,127,+0.4,146,-0.5,228,+0.9,57,+1.3,43,+1.4,46,-0.5,221,1.51,184,28.8,212,61.6,93,2011,0.5511371080891873,19,16,0.5428571428571428,35
1,Ohio St.,B10,34-3,+33.47,125.0,1,91.5,12,63.8,250,+.031,103,+8.82,26,108.9,17,100.0,45,-4.08,266,1,B10,63.8,250,125.0,1,56.3,3,15.8,6,34.4,52,37.1,193,91.5,12,48.3,126,23.4,27,25.8,17,20.6,1,63.8,250,64.2,283,17.1,78,20.1,345,125.0,1,119.9,1,91.5,12,93.7,21,77.7,31,+0.0,174,+0.2,146,-0.2,183,+1.3,44,+3.1,1,+2.8,10,2.44,16,18.2,339,59.2,114,2011,0.973082960010989,34,3,0.918918918918919,37
144,Oklahoma,B12,14-18,+2.24,104.7,140,102.5,143,64.2,235,+.025,117,+6.90,48,106.7,51,99.8,36,-7.29,321,,B12,64.2,235,104.7,140,50.7,89,20.9,226,24.3,320,36.2,216,102.5,143,50.9,252,20.5,143,29.6,140,38.8,192,64.2,235,65.7,226,18.3,224,18.3,253,104.7,140,99.5,214,102.5,143,103.9,233,77.2,75,-0.3,205,-0.5,241,+0.1,157,+1.0,67,+2.1,15,+1.8,38,1.20,252,23.4,311,31.9,316,2011,0.5607527649679109,14,18,0.4375,32
73,Oklahoma St.,B12,20-14,+10.22,106.7,104,96.5,53,64.5,218,+.041,78,+7.04,42,106.9,43,99.9,40,-2.51,220,3,B12,64.5,218,106.7,104,47.6,239,19.9,155,31.3,151,45.1,29,96.5,53,46.9,71,20.1,166,27.6,69,45.1,294,64.5,218,66.1,201,18.2,210,18.1,215,106.7,104,101.4,176,96.5,53,99.0,103,75.6,296,-0.8,230,-0.7,249,-0.2,179,-0.3,218,-3.5,342,-2.5,325,1.35,223,35.2,77,56.4,136,2011,0.7605138477605495,20,14,0.5882352941176471,34
48,Old Dominion,CAA,27-7,+14.66,110.0,64,95.4,41,60.4,330,+.059,41,+2.38,100,105.2,91,102.8,126,+2.76,78,9,CAA,60.4,330,110.0,64,48.5,200,20.7,209,44.9,1,37.6,175,95.4,41,47.3,86,19.2,226,26.1,26,27.5,15,60.4,330,61.0,339,19.0,284,20.1,344,110.0,64,107.6,53,95.4,41,95.4,38,77.3,71,+0.4,144,+0.0,170,+0.4,126,+1.0,80,-0.1,193,+0.5,119,2.46,13,28.2,227,77.4,16,2011,0.8372109057681284,27,7,0.7941176470588235,34
123,Oral Roberts,Sum,19-16,+3.75,110.2,62,106.4,242,65.8,148,-.027,248,+0.42,144,105.7,78,105.3,249,+5.65,41,,Sum,65.8,148,110.2,62,52.4,40,19.1,110,34.5,51,40.9,92,106.4,242,51.2,271,19.1,241,29.6,139,42.6,263,65.8,148,67.2,160,18.1,195,17.6,111,110.2,62,110.4,26,106.4,242,107.3,297,77.1,94,-0.0,176,+0.1,156,-0.2,178,+0.1,147,+0.1,152,+1.5,63,1.61,158,24.6,302,57.0,132,2011,0.5995403288497918,19,16,0.5428571428571428,35
92,Oregon,P10,21-18,+6.89,106.6,106,99.7,96,66.3,114,+.018,136,+5.54,65,106.6,55,101.0,76,-4.27,272,,P10,66.3,114,106.6,106,48.2,211,17.8,44,28.5,237,30.8,315,99.7,96,51.7,290,22.4,52,30.9,187,35.8,124,66.3,114,67.8,127,17.4,105,17.9,194,106.6,106,102.1,154,99.7,96,101.7,178,74.7,338,-1.7,282,-1.5,323,-0.2,202,-2.0,327,-2.9,334,-2.5,329,1.69,131,30.8,173,44.1,244,2011,0.6834246450286418,21,18,0.5384615384615384,39
159,Oregon St.,P10,11-20,+0.45,102.8,184,102.3,139,69.1,33,-.044,286,+4.69,72,105.5,84,100.8,69,-10.09,337,,P10,69.1,33,102.8,184,47.3,248,21.7,263,31.9,129,43.6,44,102.3,139,53.8,333,23.3,31,31.0,193,37.3,162,69.1,33,70.6,35,17.1,73,17.1,43,102.8,184,98.2,238,102.3,139,103.2,208,77.0,110,+2.4,41,+0.9,63,+1.5,32,-0.0,170,+0.5,124,-3.5,336,1.44,203,37.1,43,50.4,183,2011,0.5140139088698844,11,20,0.3548387096774194,31
147,Pacific,BW,16-15,+2.05,105.6,120,103.6,176,59.4,338,-.061,310,-0.33,162,103.8,145,104.1,185,+4.82,45,,BW,59.4,338,105.6,120,50.6,96,19.0,108,29.1,222,35.0,251,103.6,176,49.3,185,17.0,319,27.5,68,29.3,31,59.4,338,61.4,337,19.1,291,19.6,338,105.6,120,104.3,105,103.6,176,101.9,182,76.3,205,+0.6,133,+0.2,151,+0.4,127,-0.5,234,+0.1,155,-0.5,229,1.71,126,25.2,293,66.8,54,2011,0.5547525532615212,16,15,0.5161290322580645,31
185,Penn,Ivy,13-15,-1.88,101.8,202,103.7,178,63.3,269,+.007,162,-1.09,172,103.5,155,104.6,215,+0.67,139,,Ivy,63.3,269,101.8,202,52.0,48,21.2,238,23.0,329,37.8,168,103.7,178,52.4,310,21.3,88,26.6,41,33.2,79,63.3,269,64.2,280,19.1,289,18.3,256,101.8,202,101.1,186,103.7,178,103.4,213,77.2,79,-0.1,178,-0.4,218,+0.3,137,+2.0,21,+1.1,69,+1.5,75,2.43,17,18.0,340,56.1,139,2011,0.4470349231685129,13,15,0.4642857142857143,28
46,Penn St.,B10,19-15,+14.88,113.1,35,98.3,76,59.4,339,+.037,85,+12.46,5,110.7,3,98.3,5,-0.62,172,10,B10,59.4,339,113.1,35,50.1,119,17.9,49,30.4,177,31.1,312,98.3,76,50.7,245,18.1,285,27.8,75,29.1,26,59.4,339,59.8,342,20.9,337,19.1,322,113.1,35,105.8,80,98.3,76,104.7,255,77.1,95,+1.6,61,+0.5,112,+1.1,50,+0.5,110,-0.7,244,+0.5,158,2.76,2,17.5,343,72.7,34,2011,0.8338075399536835,19,15,0.5588235294117647,34
224,Pepperdine,WCC,12-21,-5.09,104.6,145,109.7,291,65.4,166,+.006,163,+1.44,121,104.5,112,103.0,139,+0.52,145,,WCC,65.4,166,104.6,145,47.0,263,19.6,136,31.8,132,39.7,113,109.7,291,53.3,325,17.7,303,28.8,94,38.2,180,65.4,166,67.3,156,18.0,179,17.5,96,104.6,145,101.5,174,109.7,291,109.4,323,78.0,15,+1.9,53,+0.6,88,+1.3,42,+2.0,14,+1.1,72,+2.5,19,2.20,33,36.1,59,83.1,3,2011,0.3664523116393457,12,21,0.36363636363636365,33
4,Pittsburgh,BE,28-6,+27.08,120.6,4,93.5,24,61.8,315,-.023,236,+8.17,31,107.6,32,99.4,24,-3.68,254,1,BE,61.8,315,120.6,4,52.9,28,18.5,80,41.8,2,43.1,48,93.5,24,45.1,21,17.7,304,26.3,33,32.3,62,61.8,315,63.4,306,18.5,241,19.3,333,120.6,4,116.2,6,93.5,24,95.9,44,77.0,112,+0.9,115,+1.0,54,-0.2,180,+0.5,112,+0.1,143,-0.5,200,1.89,76,32.0,137,80.3,5,2011,0.9491629587102184,28,6,0.8235294117647058,34
101,Portland,WCC,20-12,+6.21,111.5,50,105.3,222,63.1,278,+.052,51,+1.42,126,104.4,115,102.9,134,+1.21,119,,WCC,63.1,278,111.5,50,52.7,34,20.0,165,32.2,112,33.0,289,105.3,222,49.8,206,17.6,306,28.8,99,36.7,151,63.1,278,65.0,254,18.8,264,18.1,222,111.5,50,108.8,44,105.3,222,105.0,260,76.4,192,+1.1,92,+0.7,79,+0.4,130,-2.6,341,-0.9,275,+0.0,187,1.81,96,30.5,181,43.5,250,2011,0.6587948957443902,20,12,0.625,32
267,Portland St.,BSky,14-16,-9.51,104.2,153,113.7,336,66.8,89,+.064,31,-5.54,289,100.8,263,106.4,311,-6.28,315,,BSky,66.8,89,104.2,153,49.9,125,18.3,69,27.4,269,38.4,146,113.7,336,53.4,327,19.1,238,34.6,312,30.0,36,66.8,89,68.5,85,17.5,112,18.2,236,104.2,153,104.3,106,113.7,336,109.6,324,75.4,311,-1.1,245,+0.1,163,-1.2,298,-0.0,187,-1.5,302,-1.5,293,0.97,298,30.1,185,44.8,240,2011,0.2682755035136132,14,16,0.4666666666666667,30
334,Prairie View A&M,SWAC,10-22,-21.68,86.0,343,107.7,260,66.2,119,-.025,243,-10.06,334,95.6,340,105.7,273,+10.89,8,,SWAC,66.2,119,86.0,343,42.2,343,21.7,261,28.7,230,32.3,298,107.7,260,48.9,155,19.9,181,35.3,324,44.5,289,66.2,119,69.2,60,18.1,186,16.6,10,86.0,343,86.1,341,107.7,260,101.6,177,74.1,345,-1.8,284,-1.0,287,-0.7,253,-2.0,336,-3.4,341,-3.5,341,1.76,110,40.7,16,44.0,245,2011,0.069945533063425,10,22,0.3125,32
253,Presbyterian,BSth,13-18,-7.99,101.5,205,109.5,289,59.0,342,+.047,64,-1.70,188,101.8,226,103.5,162,+6.30,30,,BSth,59.0,342,101.5,205,51.5,64,22.1,280,24.0,322,30.5,320,109.5,289,51.4,277,18.1,282,31.6,223,27.3,14,59.0,342,61.5,335,21.0,339,17.6,109,101.5,205,99.1,223,109.5,289,106.7,289,76.2,218,-0.3,201,+0.6,89,-0.9,274,-0.0,206,+1.1,64,-1.5,291,2.21,30,22.5,315,52.9,167,2011,0.29474348876108647,13,18,0.41935483870967744,31
79,Princeton,Ivy,25-7,+9.09,107.2,97,98.1,75,62.6,292,+.091,15,-0.72,166,104.0,136,104.7,219,+0.33,150,13,Ivy,62.6,292,107.2,97,51.9,51,18.7,85,29.1,219,36.6,200,98.1,75,47.1,77,18.4,270,23.9,4,35.4,116,62.6,292,63.9,290,19.0,280,18.7,300,107.2,97,106.2,72,98.1,75,97.8,77,77.9,17,+2.6,34,+0.7,76,+1.8,15,+3.0,2,+2.6,5,-0.5,215,1.92,69,24.2,305,63.2,83,2011,0.735002234165544,25,7,0.78125,32
86,Providence,BE,15-17,+7.25,110.1,63,102.8,153,71.4,7,-.045,290,+6.53,51,106.7,54,100.1,49,-7.82,326,,BE,71.4,7,110.1,63,47.7,231,17.6,41,35.8,24,37.6,176,102.8,153,49.6,199,19.4,216,34.2,302,30.0,37,71.4,7,72.4,16,15.8,18,17.4,81,110.1,63,104.6,97,102.8,153,103.8,228,76.4,196,-1.0,237,-0.1,182,-0.9,278,-0.5,237,+0.1,156,+0.6,109,1.19,258,25.5,283,45.0,239,2011,0.6876042075219322,15,17,0.46875,32
9,Purdue,B10,26-8,+24.79,115.9,18,91.1,8,66.0,136,+.007,161,+10.16,14,108.8,18,98.7,12,+1.21,120,3,B10,66.0,136,115.9,18,50.7,90,15.7,5,30.4,179,34.4,260,91.1,8,46.0,36,21.3,92,27.5,65,30.4,41,66.0,136,66.3,196,17.4,98,18.7,295,115.9,18,109.1,41,91.1,8,93.7,22,76.3,216,+0.5,141,+1.4,35,-0.8,268,-0.0,186,+0.6,116,-2.5,322,2.08,51,28.8,214,58.6,119,2011,0.9409693840573212,26,8,0.7647058823529411,34
165,Quinnipiac,NEC,22-10,+0.00,104.4,149,104.4,195,67.1,78,+.004,169,-7.16,314,98.5,320,105.7,274,-6.25,313,,NEC,67.1,78,104.4,149,47.2,253,18.2,58,39.9,3,35.2,247,104.4,195,47.2,80,19.2,235,24.4,7,46.8,318,67.1,78,68.5,83,17.6,131,17.1,40,104.4,149,105.0,93,104.4,195,98.3,92,74.6,341,-2.6,314,-1.5,313,-1.2,289,-2.9,342,-2.9,339,-1.5,281,1.71,129,30.8,172,55.1,152,2011,0.5,22,10,0.6875,32
331,Radford,BSth,5-24,-20.27,86.7,341,107.0,245,66.5,103,+.008,159,-1.58,185,102.5,199,104.1,184,+8.34,16,,BSth,66.5,103,86.7,341,42.3,342,23.5,325,27.6,266,37.9,165,107.0,245,51.6,288,21.4,82,35.3,325,40.4,234,66.5,103,67.7,132,17.4,103,17.8,151,86.7,341,85.1,342,107.0,245,105.6,268,76.9,117,+1.9,52,+1.5,30,+0.4,128,-0.0,175,+0.2,137,-1.5,266,0.52,344,40.9,13,27.9,328,2011,0.08171186975683156,5,24,0.1724137931034483,29
120,Rhode Island,A10,20-14,+4.00,103.5,167,99.5,93,65.8,150,+.051,54,+1.44,122,104.5,111,103.0,143,+0.77,133,,A10,65.8,150,103.5,167,48.4,202,18.3,68,30.3,185,30.4,321,99.5,93,47.6,101,21.0,104,31.1,199,37.0,157,65.8,150,66.9,173,18.4,236,17.2,57,103.5,167,101.3,181,99.5,93,99.5,107,77.6,33,+2.1,49,+1.0,56,+1.1,53,+2.0,11,-0.6,234,+1.5,78,1.65,149,25.6,282,57.5,127,2011,0.6114141996420984,20,14,0.5882352941176471,34
155,Rice,CUSA,14-18,+0.88,105.2,128,104.3,192,63.5,263,-.062,311,+1.60,118,104.4,113,102.8,127,-1.51,197,,CUSA,63.5,263,105.2,128,48.3,210,19.1,114,30.2,187,42.9,53,104.3,192,52.4,309,20.6,136,26.2,29,45.3,298,63.5,263,64.4,273,19.4,307,17.7,132,105.2,128,102.9,135,104.3,192,104.5,250,76.1,240,+1.1,91,+0.3,137,+0.8,69,-1.6,319,-0.9,256,-0.9,248,2.17,37,32.7,122,74.6,20,2011,0.5246817454589165,14,18,0.4375,32
39,Richmond,A10,29-8,+16.01,112.6,41,96.5,54,62.1,309,+.052,52,+3.11,91,104.8,104,101.7,89,+1.00,124,12,A10,62.1,309,112.6,41,53.1,24,16.3,11,26.9,279,32.3,297,96.5,54,45.1,20,19.5,207,32.2,246,29.3,29,62.1,309,63.6,302,18.2,200,19.6,339,112.6,41,109.0,43,96.5,54,95.8,43,77.4,55,+3.0,19,+1.4,33,+1.6,30,+1.0,66,+0.3,134,+0.5,156,2.63,6,27.2,254,67.2,52,2011,0.8550083567230976,29,8,0.7837837837837838,37
125,Rider,MAAC,23-11,+3.51,107.0,100,103.5,172,67.7,56,+.073,27,-2.56,213,101.2,252,103.7,168,-2.64,225,,MAAC,67.7,56,107.0,100,53.5,19,20.0,167,28.6,232,35.0,252,103.5,172,46.1,40,18.7,258,32.4,252,33.2,78,67.7,56,68.9,73,17.1,75,17.8,157,107.0,100,105.4,86,103.5,172,99.3,104,77.1,88,-0.6,221,-1.5,313,+0.8,86,+2.0,12,+0.9,101,+1.8,39,2.21,31,29.2,205,66.4,59,2011,0.5944658176894444,23,11,0.6764705882352942,34
152,Robert Morris,NEC,18-14,+1.83,103.2,172,101.4,125,63.3,272,+.013,145,-1.28,175,102.5,200,103.8,170,+9.25,13,,NEC,63.3,272,103.2,172,48.0,219,19.9,160,31.8,131,35.4,244,101.4,125,48.3,127,23.1,36,30.4,169,49.7,332,63.3,272,65.6,232,17.9,174,18.4,267,103.2,172,101.6,170,101.4,125,98.4,94,74.5,343,-3.2,329,-2.0,335,-1.2,302,-1.5,314,-2.3,326,-2.5,323,1.11,275,37.1,41,46.0,227,2011,0.5504159051079186,18,14,0.5625,32
78,Rutgers,BE,15-17,+9.49,108.6,82,99.1,86,62.5,297,-.051,299,+8.47,29,107.1,42,98.6,11,-5.31,292,,BE,62.5,297,108.6,82,49.0,180,18.5,81,30.4,181,31.7,304,99.1,86,47.6,99,21.6,72,31.0,192,44.9,292,62.5,297,64.4,274,18.2,203,18.8,305,108.6,82,101.8,162,99.1,86,100.9,152,76.9,123,-0.1,179,-0.9,269,+0.8,86,+1.6,32,+0.3,130,+0.5,136,1.62,151,26.6,265,58.8,117,2011,0.7412992901302795,15,17,0.46875,32
342,SIU Edwardsville,ind,8-21,-26.31,86.9,340,113.2,330,68.3,47,+.054,48,-3.55,243,103.0,177,106.5,316,-2.89,235,,ind,68.3,47,86.9,340,46.6,277,23.9,330,18.6,342,33.4,279,113.2,330,53.6,331,18.5,268,35.2,322,44.4,288,68.3,47,70.3,39,17.2,83,16.9,32,86.9,340,86.5,337,113.2,330,113.1,340,74.9,334,-3.0,326,-0.8,263,-2.2,335,-2.4,339,-1.6,308,-1.5,285,0.84,322,30.7,174,45.4,234,2011,0.045625972282842216,8,21,0.27586206896551724,29
161,SMU,CUSA,20-15,+0.42,103.5,168,103.1,161,59.5,336,-.019,228,-2.79,224,102.0,220,104.8,225,-13.65,345,,CUSA,59.5,336,103.5,168,56.3,2,22.9,307,22.3,335,34.6,256,103.1,161,49.5,193,21.6,74,31.7,225,31.6,54,59.5,336,61.0,338,20.3,333,19.0,321,103.5,168,103.4,122,103.1,161,101.1,162,76.1,236,-1.1,247,+0.1,165,-1.2,290,+0.5,113,-0.9,269,-1.5,280,1.87,80,26.3,269,50.5,182,2011,0.5111307980616107,20,15,0.5714285714285714,35
320,Sacramento St.,BSky,7-21,-16.49,93.5,308,109.9,298,63.3,268,-.028,249,-3.81,247,102.0,221,105.8,282,-3.31,243,,BSky,63.3,268,93.5,308,44.4,322,22.5,293,32.5,103,37.7,170,109.9,298,51.1,264,17.7,302,31.3,211,36.7,149,63.3,268,64.3,276,18.6,250,18.5,279,93.5,308,92.5,314,109.9,298,107.8,306,76.0,252,-1.1,243,-0.9,268,-0.2,193,+0.1,153,+1.1,86,-1.5,286,0.72,334,32.1,132,36.1,291,2011,0.13487700612826584,7,21,0.25,28
264,Sacred Heart,NEC,11-18,-9.35,99.2,245,108.6,275,65.4,168,-.013,212,-5.38,287,99.4,312,104.8,224,-2.67,227,,NEC,65.4,168,99.2,245,48.2,212,22.9,308,31.8,133,37.6,177,108.6,275,51.0,259,22.1,63,32.7,257,40.2,232,65.4,168,67.0,170,18.3,221,17.2,61,99.2,245,98.0,243,108.6,275,102.9,200,74.9,335,-4.8,343,-2.1,338,-2.7,342,-2.0,333,+0.1,172,-1.5,277,0.98,295,30.9,168,31.2,318,2011,0.2609312428990417,11,18,0.3793103448275862,29
187,Saint Joseph's,A10,11-22,-2.07,106.1,111,108.2,268,62.8,285,+.020,133,+4.76,71,105.0,95,100.2,51,+4.65,47,,A10,62.8,285,106.1,111,47.3,249,17.2,29,25.8,298,34.0,266,108.2,268,49.6,200,16.9,323,33.2,274,34.8,104,62.8,285,64.1,287,19.9,326,17.3,74,106.1,111,100.2,202,108.2,268,108.2,312,76.5,182,+0.8,120,-0.0,175,+0.8,96,-0.1,209,-1.9,316,-0.5,209,1.03,286,26.2,271,35.3,299,2011,0.44388929482045175,11,22,0.3333333333333333,33
127,Saint Louis,A10,12-19,+3.42,99.5,244,96.0,51,63.3,270,-.124,339,+3.20,88,105.8,76,102.6,114,+0.69,138,,A10,63.3,270,99.5,244,48.7,185,20.9,223,25.5,302,32.6,296,96.0,51,47.5,94,21.5,77,28.7,92,40.6,238,63.3,270,64.8,264,19.1,293,17.9,182,99.5,244,96.7,266,96.0,51,97.2,61,76.1,232,-0.4,210,+0.3,140,-0.7,249,-1.0,280,-0.9,254,+0.7,108,1.11,276,35.0,82,46.0,226,2011,0.601521493220615,12,19,0.3870967741935484,31
43,Saint Mary's,WCC,25-9,+15.49,117.2,13,101.7,127,64.9,190,-.027,246,+1.46,120,104.7,105,103.2,147,+1.30,116,2,WCC,64.9,190,117.2,13,55.7,5,16.4,13,30.7,167,33.4,280,101.7,127,49.1,167,19.6,201,26.5,40,37.1,160,64.9,190,66.9,175,17.9,165,17.9,183,117.2,13,116.3,5,101.7,127,100.0,128,77.0,107,+0.8,123,+0.5,97,+0.3,144,-0.0,168,+1.1,62,+0.5,152,1.85,84,24.0,307,56.7,133,2011,0.8363514257841784,25,9,0.7352941176470589,34
137,Saint Peter's,MAAC,20-14,+2.73,95.2,294,92.5,18,64.1,240,+.073,26,+0.88,134,103.2,166,102.3,105,+4.62,49,14,MAAC,64.1,240,95.2,294,45.5,305,23.3,321,31.1,157,38.9,133,92.5,18,42.4,2,21.6,73,31.9,235,42.1,255,64.1,240,65.7,228,17.9,177,18.4,263,95.2,294,92.1,317,92.5,18,91.2,7,75.7,286,-2.0,294,-1.4,305,-0.6,237,-0.4,226,-0.1,192,-0.5,223,2.41,18,32.7,124,86.0,1,2011,0.5819710263972215,20,14,0.5882352941176471,34
179,Sam Houston St.,Slnd,18-13,-1.29,103.1,173,104.4,196,65.3,172,-.030,258,-5.21,285,100.5,281,105.7,275,+4.05,58,,Slnd,65.3,172,103.1,173,49.7,138,20.5,199,33.8,69,36.3,214,104.4,196,50.4,232,20.4,149,27.1,57,39.6,219,65.3,172,67.2,163,17.9,178,17.6,115,103.1,173,103.2,127,104.4,196,100.9,151,75.1,327,-3.9,338,-1.7,327,-2.2,334,-2.0,331,-2.0,324,-1.5,273,1.42,207,28.3,224,53.8,159,2011,0.4640376385584733,18,13,0.5806451612903226,31
311,Samford,SC,12-19,-14.50,96.4,285,110.9,308,59.8,334,+.075,23,-4.12,261,101.5,243,105.6,268,-4.05,265,,SC,59.8,334,96.4,285,51.9,49,21.6,258,17.7,343,35.8,233,110.9,308,51.0,258,20.7,131,36.0,333,33.1,75,59.8,334,62.0,329,19.5,309,18.8,307,96.4,285,95.9,278,110.9,308,107.7,303,76.3,202,-0.6,217,-0.5,223,-0.2,187,-0.0,188,-0.4,211,+0.5,163,1.72,119,39.1,25,56.5,135,2011,0.1663928115777739,12,19,0.3870967741935484,31
294,San Diego,WCC,6-24,-12.30,92.9,314,105.2,218,63.6,257,-.029,254,+2.85,93,106.7,52,103.8,174,+1.88,97,,WCC,63.6,257,92.9,314,46.5,281,22.5,294,22.9,330,36.6,202,105.2,218,50.9,256,20.0,170,35.7,328,43.3,273,63.6,257,65.8,225,18.6,252,17.9,178,92.9,314,89.9,326,105.2,218,107.8,304,76.4,195,-0.6,222,+0.6,92,-1.2,313,-0.0,200,+0.0,186,+0.5,149,1.31,234,32.6,126,40.3,274,2011,0.19311332680528764,6,24,0.2,30
8,San Diego St.,MWC,34-3,+24.98,114.1,28,89.1,2,62.3,306,+.059,43,+7.48,38,107.6,31,100.1,48,+4.10,56,2,MWC,62.3,306,114.1,28,50.5,100,17.1,25,36.4,15,31.1,313,89.1,2,44.1,8,19.4,217,27.2,61,28.0,21,62.3,306,63.9,291,18.7,256,18.9,317,114.1,28,110.0,32,89.1,2,92.1,10,77.6,34,+2.8,24,+1.1,50,+1.7,23,+2.0,10,+0.1,141,+0.5,147,2.47,12,25.3,289,80.3,6,2011,0.9450146221273632,34,3,0.918918918918919,37
148,San Francisco,WCC,19-15,+1.99,102.9,178,100.9,116,67.3,68,+.083,22,+2.54,96,105.7,77,103.2,146,+3.05,72,,WCC,67.3,68,102.9,178,49.5,154,20.4,189,29.0,224,38.0,163,100.9,116,47.8,113,16.3,331,27.1,58,34.2,95,67.3,68,68.2,102,17.8,149,17.1,51,102.9,178,99.9,206,100.9,116,102.3,189,76.6,154,+1.2,83,+0.4,127,+0.8,76,+0.1,151,+0.4,128,+0.5,134,1.24,243,26.2,273,49.2,196,2011,0.5561913103511692,19,15,0.5588235294117647,34
178,San Jose St.,WAC,17-16,-1.20,105.1,129,106.3,238,66.2,120,+.054,47,-0.17,156,102.8,183,103.0,137,-5.52,298,,WAC,66.2,120,105.1,129,45.3,310,16.1,9,30.2,188,37.5,180,106.3,238,49.9,215,17.0,321,27.7,73,38.0,176,66.2,120,68.1,109,17.3,89,17.9,173,105.1,129,102.4,149,106.3,238,104.5,252,76.6,163,-1.4,263,-0.5,238,-0.9,276,-0.0,198,+1.1,54,-0.5,208,1.68,136,22.5,316,37.3,285,2011,0.4674063890860582,17,16,0.5151515151515151,33
116,Santa Clara,WCC,24-14,+4.59,107.9,92,103.3,166,66.9,83,+.051,56,+0.50,142,104.8,101,104.3,199,-3.31,244,,WCC,66.9,83,107.9,92,49.1,172,19.9,158,34.9,39,47.6,11,103.3,166,50.6,241,20.3,154,28.2,85,45.2,297,66.9,83,68.1,112,18.0,183,17.2,53,107.9,92,106.6,61,103.3,166,104.0,236,77.2,81,-0.2,195,-0.5,222,+0.2,150,+0.4,118,+1.1,75,+2.1,33,1.77,108,30.7,177,64.4,70,2011,0.6227004630018016,24,14,0.631578947368421,38
263,Savannah St.,ind,12-18,-9.14,91.1,328,100.3,108,62.0,310,+.030,104,-0.26,158,102.1,214,102.4,109,+2.11,91,,ind,62.0,310,91.1,328,43.8,332,23.0,311,26.1,291,35.1,250,100.3,108,46.6,57,22.6,44,33.6,287,48.4,326,62.0,310,63.8,298,19.6,315,17.8,158,91.1,328,87.5,336,100.3,108,97.5,71,74.7,340,-4.8,344,-2.7,345,-2.2,339,-2.0,328,-1.6,304,-2.5,317,0.96,300,25.6,281,18.3,340,2011,0.24854437776121852,12,18,0.4,30
269,Seattle,ind,11-20,-9.70,92.9,315,102.6,147,71.9,6,+.047,63,-2.78,223,102.6,196,105.4,252,-2.51,219,,ind,71.9,6,92.9,315,44.6,319,23.4,323,34.2,61,35.8,230,102.6,147,51.1,267,23.6,23,30.9,184,46.8,316,71.9,6,74.9,5,15.6,15,16.2,5,92.9,315,92.4,315,102.6,147,101.0,160,75.5,308,-1.2,257,-0.8,256,-0.5,231,-3.6,344,-1.9,322,-1.5,278,0.90,309,31.8,143,51.0,180,2011,0.2419323845738594,11,20,0.3548387096774194,31
59,Seton Hall,BE,13-18,+12.93,104.4,150,91.5,10,67.6,60,-.117,338,+10.81,12,109.0,16,98.2,4,+2.97,73,,BE,67.6,60,104.4,150,46.4,288,17.9,50,27.7,264,31.3,309,91.5,10,46.4,52,21.0,110,30.3,167,38.4,184,67.6,60,68.7,78,17.3,93,17.6,120,104.4,150,97.0,261,91.5,10,95.2,33,76.9,124,-0.4,207,-0.2,202,-0.2,195,+1.0,61,+1.5,41,+0.5,132,2.16,39,32.1,135,61.5,95,2011,0.8200583827335493,13,18,0.41935483870967744,31
203,Siena,MAAC,13-18,-3.77,99.1,246,102.9,155,67.9,53,-.005,194,-1.29,176,102.4,204,103.7,167,+1.80,100,,MAAC,67.9,53,99.1,246,45.7,301,20.7,208,34.6,46,33.5,277,102.9,155,48.8,149,19.3,223,30.2,164,31.2,48,67.9,53,68.7,79,16.9,56,18.2,241,99.1,246,97.7,249,102.9,155,100.6,144,76.3,211,+0.8,125,+0.5,100,+0.2,145,-0.0,155,-0.9,248,-1.5,294,1.52,180,28.1,231,48.7,200,2011,0.3934759777392722,13,18,0.41935483870967744,31
295,South Alabama,SB,12-16,-12.45,99.8,237,112.2,324,66.9,84,+.041,79,-6.01,302,99.4,313,105.4,255,-3.69,255,,SB,66.9,84,99.8,237,46.5,283,20.1,171,33.4,82,40.0,110,112.2,324,52.7,314,20.8,122,33.7,290,35.7,123,66.9,84,68.8,74,17.2,85,17.6,112,99.8,237,99.3,216,112.2,324,107.5,301,75.6,294,-2.6,316,-2.5,342,-0.2,207,+1.0,75,+0.9,104,-1.5,257,1.45,200,24.4,304,66.5,57,2011,0.2063906980067519,12,16,0.42857142857142855,28
130,South Carolina,SEC,14-16,+3.20,101.2,212,98.0,69,67.0,80,+.010,151,+5.82,62,106.9,45,101.1,78,-4.56,276,,SEC,67.0,80,101.2,212,45.0,315,19.3,118,35.0,38,27.2,342,98.0,69,47.7,105,21.4,81,34.3,303,39.5,213,67.0,80,68.0,113,17.6,120,17.6,114,101.2,212,97.4,257,98.0,69,99.7,113,76.1,238,+1.3,79,+0.5,100,+0.8,102,+0.5,109,-1.1,286,-2.5,330,1.21,251,33.9,100,43.5,249,2011,0.5913404991396407,14,16,0.4666666666666667,30
327,South Carolina St.,MEAC,10-22,-19.21,91.7,325,110.9,306,66.3,113,-.050,293,-9.90,332,98.3,324,108.2,339,-1.07,185,,MEAC,66.3,113,91.7,325,46.6,279,23.9,331,33.4,81,32.8,293,110.9,306,51.3,274,20.7,130,34.6,314,44.7,290,66.3,113,67.3,155,17.5,115,18.0,214,91.7,325,94.3,295,110.9,306,105.9,276,75.4,313,-1.1,248,-0.5,228,-0.7,246,-1.4,310,-1.5,299,-2.5,326,1.18,261,40.9,11,48.6,201,2011,0.10099433374328151,10,22,0.3125,32
288,South Dakota,GWC,18-15,-11.46,100.1,233,111.5,318,70.9,13,-.031,260,-13.32,344,96.3,335,109.6,345,-7.07,319,,GWC,70.9,13,100.1,233,49.9,124,16.8,18,25.8,299,35.8,237,111.5,318,48.6,139,17.2,316,30.5,172,33.3,81,70.9,13,72.9,11,15.5,13,17.3,66,100.1,233,104.1,110,111.5,318,103.5,216,75.8,279,-1.7,280,+0.1,158,-1.8,328,-0.8,253,-0.9,271,+0.5,129,0.89,311,30.9,169,48.3,206,2011,0.224378305569515,18,15,0.5454545454545454,33
110,South Dakota St.,Sum,19-12,+5.39,115.9,17,110.5,305,67.2,71,-.084,327,-4.03,256,102.6,194,106.7,321,-3.15,239,,Sum,67.2,71,115.9,17,53.8,16,14.3,2,30.9,162,34.9,253,110.5,305,53.2,324,19.7,194,30.7,181,33.9,91,67.2,71,68.8,75,16.1,30,18.5,274,115.9,17,118.2,2,110.5,305,107.3,300,76.7,147,-2.0,295,-0.7,251,-1.3,314,-0.0,200,+1.6,38,+1.6,42,1.67,143,31.2,158,49.4,194,2011,0.6338317556901547,19,12,0.6129032258064516,31
129,South Florida,BE,10-23,+3.34,103.7,162,100.4,111,61.1,326,-.019,231,+10.30,13,109.2,14,98.9,16,+1.65,107,,BE,61.1,326,103.7,162,46.2,292,23.6,327,35.8,26,38.1,156,100.4,111,47.6,103,16.5,327,31.3,207,38.8,193,61.1,326,63.0,317,19.8,323,18.1,217,103.7,162,96.9,263,100.4,111,104.4,247,77.9,16,+3.8,10,+2.0,16,+1.8,8,+1.1,51,+2.1,19,+1.4,93,0.94,303,33.0,116,32.4,314,2011,0.5919201654000733,10,23,0.30303030303030304,33
296,Southeast Missouri St.,OVC,10-22,-12.51,97.8,268,110.3,303,66.1,127,-.020,232,-4.81,274,100.4,284,105.2,242,-3.85,258,,OVC,66.1,127,97.8,268,47.8,227,21.4,246,29.8,199,47.5,13,110.3,303,49.0,158,17.5,307,29.7,143,43.8,278,66.1,127,67.1,168,17.7,140,17.8,150,97.8,268,96.7,265,110.3,303,106.1,279,75.9,264,-0.5,211,-0.0,178,-0.4,227,-1.1,300,-0.9,267,-0.5,220,0.77,331,27.7,244,42.6,257,2011,0.2004935511406157,10,22,0.3125,32
257,Southeastern Louisiana,Slnd,15-14,-8.49,98.8,254,107.3,254,64.6,211,+.066,30,-5.74,295,99.8,303,105.6,266,+4.63,48,,Slnd,64.6,211,98.8,254,46.8,275,19.2,116,28.0,252,37.4,186,107.3,254,51.1,268,20.6,133,31.8,231,40.8,241,64.6,211,67.2,165,18.6,254,17.1,50,98.8,254,98.2,236,107.3,254,103.6,222,75.9,258,-2.5,311,-1.7,329,-0.7,255,-0.6,243,+1.1,86,+0.8,104,1.61,155,29.3,204,63.1,84,2011,0.27906444369720734,15,14,0.5172413793103449,29
345,Southern,SWAC,4-26,-30.44,82.3,345,112.7,328,64.6,214,-.036,267,-11.29,339,94.8,342,106.1,295,+6.37,29,,SWAC,64.6,214,82.3,345,42.8,339,24.5,337,25.2,308,34.4,259,112.7,328,49.2,181,19.5,205,38.0,341,36.7,152,64.6,214,67.8,125,18.7,255,16.8,24,82.3,345,82.2,345,112.7,328,105.4,266,76.6,160,-0.3,197,-0.1,188,-0.2,194,-0.0,176,+1.1,81,+0.9,103,0.89,312,35.1,80,41.2,267,2011,0.02620831690128367,4,26,0.13333333333333333,30
213,Southern Illinois,MVC,13-19,-4.39,97.0,278,101.4,126,63.2,274,+.034,90,+0.74,136,104.3,119,103.6,163,-3.32,246,,MVC,63.2,274,97.0,278,47.1,262,22.6,296,28.4,242,38.4,148,101.4,126,48.8,150,19.3,218,27.0,49,42.3,260,63.2,274,63.8,297,19.2,296,18.2,238,97.0,278,95.2,286,101.4,126,101.3,166,76.5,170,+0.9,107,-0.2,197,+1.1,51,+0.6,104,+1.0,100,-1.0,252,1.17,262,39.0,27,50.8,181,2011,0.3751550116167737,13,19,0.40625,32
74,Southern Miss,CUSA,22-10,+10.21,112.0,46,101.8,130,64.5,222,-.025,244,+1.60,117,103.7,147,102.1,99,-3.56,251,,CUSA,64.5,222,112.0,46,49.7,136,18.2,60,37.1,8,42.7,57,101.8,130,48.6,140,20.0,168,25.9,19,41.0,244,64.5,222,66.4,193,18.9,270,17.4,83,112.0,46,109.4,39,101.8,130,99.9,119,76.5,185,+0.8,124,+0.3,132,+0.5,124,-0.0,179,-1.2,291,+0.5,163,2.05,56,27.9,235,70.8,36,2011,0.7499078387820676,22,10,0.6875,32
260,Southern Utah,Sum,11-19,-8.93,100.6,224,109.5,290,66.3,112,-.013,209,-3.05,231,104.1,128,107.2,330,-4.27,271,,Sum,66.3,112,100.6,224,50.2,113,23.4,324,34.2,59,46.6,19,109.5,290,51.5,281,19.0,244,31.8,230,50.4,335,66.3,112,68.3,99,18.6,244,16.7,17,100.6,224,101.7,168,109.5,290,108.4,314,77.4,56,+0.9,109,+0.6,87,+0.3,141,+0.4,124,+1.1,98,+2.5,22,0.86,316,40.6,19,54.5,156,2011,0.27390861488144386,11,19,0.36666666666666664,30
151,St. Bonaventure,A10,16-15,+1.85,106.6,107,104.7,207,62.8,287,+.029,107,+1.62,116,104.0,137,102.3,106,-0.17,160,,A10,62.8,287,106.6,107,50.8,86,22.0,275,31.9,128,43.8,41,104.7,207,48.2,123,17.1,318,29.7,141,33.9,90,62.8,287,64.8,260,18.1,197,18.6,287,106.6,107,103.3,123,104.7,207,103.9,232,77.5,44,+1.0,102,+0.7,84,+0.3,135,-0.0,166,+2.1,19,+0.5,151,1.42,206,19.4,336,57.3,129,2011,0.5515216112051584,16,15,0.5161290322580645,31
205,St. Francis NY,NEC,15-15,-3.84,98.9,252,102.7,151,65.9,145,-.016,222,-5.52,288,100.6,277,106.1,294,-5.89,307,,NEC,65.9,145,98.9,252,46.1,294,19.8,146,30.3,182,40.1,109,102.7,151,49.2,180,24.5,8,34.6,310,45.5,300,65.9,145,67.5,142,17.8,146,17.7,130,98.9,252,98.9,229,102.7,151,98.1,86,75.4,314,-2.1,297,-1.4,306,-0.8,256,-1.5,315,-1.9,315,+0.5,161,1.91,71,31.2,156,66.8,53,2011,0.3932710456227911,15,15,0.5,30
280,St. Francis PA,NEC,9-21,-10.57,99.6,240,110.1,301,64.9,195,-.016,221,-2.30,208,101.5,242,103.8,172,+2.79,77,,NEC,64.9,195,99.6,240,48.4,204,22.8,303,27.9,257,36.3,215,110.1,301,53.1,322,20.3,152,33.5,285,43.2,272,64.9,195,67.4,148,18.2,209,17.2,62,99.6,240,96.5,267,110.1,301,107.3,299,75.2,323,-1.1,244,-0.9,271,-0.2,201,-0.5,231,-2.4,328,-1.5,295,1.12,271,33.1,114,50.4,184,2011,0.2400128411677602,9,21,0.3,30
41,St. John's,BE,21-12,+15.87,111.2,53,95.3,40,66.0,133,+.047,62,+10.98,10,110.0,10,99.0,18,+1.69,104,6,BE,66.0,133,111.2,53,49.5,147,18.6,82,31.5,143,44.2,38,95.3,40,50.8,251,24.2,12,31.7,228,40.2,230,66.0,133,66.4,190,18.1,193,17.9,189,111.2,53,105.1,90,95.3,40,100.3,135,76.4,199,+0.0,172,-0.8,259,+0.8,86,+0.5,116,+0.1,159,-1.8,310,2.50,10,29.1,207,77.5,15,2011,0.8550110138124987,21,12,0.6363636363636364,33
102,Stanford,P10,15-16,+6.16,104.7,141,98.6,79,64.0,243,-.044,287,+4.44,74,105.2,90,100.8,70,-6.23,312,,P10,64.0,243,104.7,141,49.0,178,20.4,192,31.6,141,37.7,169,98.6,79,49.1,169,21.3,93,27.4,64,36.3,138,64.0,243,65.9,219,17.8,148,18.6,285,104.7,141,100.1,203,98.6,79,98.5,95,77.9,18,+3.0,20,+1.1,46,+1.8,7,+1.2,47,+1.1,60,+0.2,182,1.16,264,31.0,164,43.0,254,2011,0.6660381857658004,15,16,0.4838709677419355,31
209,Stephen F. Austin,Slnd,18-11,-4.26,96.6,282,100.9,117,59.0,343,-.039,275,-9.22,326,98.7,318,107.9,337,-11.54,341,,Slnd,59.0,343,96.6,282,48.6,193,23.1,316,35.0,36,34.8,255,100.9,117,48.6,138,23.6,26,27.0,51,35.2,112,59.0,343,61.9,331,21.0,341,17.5,102,96.6,282,100.1,204,100.9,117,93.6,20,75.2,321,-2.5,309,-1.5,313,-1.0,281,-1.3,303,+0.1,172,-3.3,333,1.35,222,33.5,106,54.8,153,2011,0.3773436053884816,18,11,0.6206896551724138,29
300,Stetson,ASun,8-23,-12.94,96.8,280,109.7,292,65.1,177,+.007,160,-2.74,222,100.9,261,103.6,164,+0.32,152,,ASun,65.1,177,96.8,280,48.0,218,23.8,328,31.4,147,41.2,86,109.7,292,51.5,280,21.5,80,34.6,315,45.2,296,65.1,177,66.7,177,18.2,204,17.5,93,96.8,280,94.7,293,109.7,292,106.2,282,76.7,148,-1.0,235,+0.2,153,-1.2,300,+0.3,131,+0.7,115,+0.5,114,0.79,327,34.7,86,43.9,246,2011,0.19175026143508472,8,23,0.25806451612903225,31
233,Stony Brook,AE,15-17,-5.69,93.7,307,99.4,90,62.3,305,-.037,270,-6.61,313,100.2,292,106.8,324,-4.63,277,,AE,62.3,305,93.7,307,44.1,329,19.4,125,30.6,171,31.0,314,99.4,90,45.3,22,21.3,87,29.4,126,34.7,101,62.3,305,62.4,323,19.0,276,18.9,316,93.7,307,94.7,292,99.4,90,95.3,36,76.3,213,+1.2,86,+0.3,129,+0.8,83,-0.5,233,-0.9,272,+0.5,146,1.40,210,42.3,7,51.6,176,2011,0.3364577085660552,15,17,0.46875,32
13,Syracuse,BE,27-8,+22.49,114.9,24,92.4,17,64.6,212,+.032,99,+9.03,23,108.3,24,99.3,23,-2.31,215,3,BE,64.6,212,114.9,24,52.8,33,18.7,86,34.6,48,36.0,226,92.4,17,45.5,24,21.4,85,31.5,220,29.7,34,64.6,212,66.0,212,16.2,33,19.8,343,114.9,24,110.2,29,92.4,17,95.2,34,78.3,7,+2.5,39,+1.2,39,+1.2,44,+3.0,3,+1.8,35,+2.5,17,1.59,161,26.1,275,50.0,189,2011,0.924579148072612,27,8,0.7714285714285715,35
171,TCU,MWC,11-22,-0.54,102.4,188,102.9,158,65.9,142,-.075,323,+4.32,76,105.3,87,101.0,73,-3.55,249,,MWC,65.9,142,102.4,188,49.3,163,18.8,90,25.9,295,28.7,334,102.9,158,51.6,287,19.5,206,26.1,27,39.0,198,65.9,142,68.0,118,17.9,168,17.5,90,102.4,188,98.3,234,102.9,158,103.4,214,76.5,168,+1.4,72,+0.5,100,+0.8,61,+0.9,93,+0.1,158,-2.5,328,1.37,217,36.6,51,36.3,290,2011,0.48599973617121084,11,22,0.3333333333333333,33
34,Temple,A10,26-8,+16.84,110.5,60,93.7,26,64.2,232,+.014,144,+4.04,79,105.5,82,101.5,82,+5.83,38,7,A10,64.2,232,110.5,60,50.0,120,16.4,12,30.7,166,33.8,270,93.7,26,46.3,49,20.0,172,27.0,54,26.4,9,64.2,232,65.6,235,18.4,230,18.1,216,110.5,60,106.9,60,93.7,26,94.3,25,77.7,26,+1.0,105,+1.1,44,-0.2,188,+0.2,139,+2.1,19,+3.7,1,1.71,128,27.8,238,59.0,115,2011,0.8695004774428459,26,8,0.7647058823529411,34
62,Tennessee,SEC,19-15,+12.41,108.0,90,95.6,43,66.1,131,-.013,214,+9.07,22,108.6,19,99.6,28,+6.45,27,9,SEC,66.1,131,108.0,90,47.6,234,19.8,148,36.3,18,39.7,114,95.6,43,47.9,116,20.9,115,29.4,122,37.5,166,66.1,131,67.4,146,17.2,86,18.4,268,108.0,90,102.7,140,95.6,43,99.5,109,77.5,45,+1.3,81,+0.4,122,+0.8,63,+2.0,17,+1.8,36,+0.1,186,1.68,138,32.9,119,47.8,209,2011,0.8025837363917501,19,15,0.5588235294117647,34
297,Tennessee Martin,OVC,12-21,-12.60,97.5,273,110.1,302,68.0,52,-.002,189,-4.70,269,100.7,267,105.5,258,-2.92,236,,OVC,68.0,52,97.5,273,47.4,244,22.0,273,27.3,272,40.1,108,110.1,302,52.7,313,20.8,118,34.7,317,38.4,185,68.0,52,69.6,47,17.0,68,17.4,87,97.5,273,96.5,271,110.1,302,107.2,294,76.2,227,-2.6,317,-2.0,333,-0.7,245,-1.0,264,+1.1,83,+0.5,115,1.08,279,31.5,150,33.5,308,2011,0.19818584446920784,12,21,0.36363636363636365,33
241,Tennessee St.,OVC,14-16,-6.71,102.1,193,108.8,277,64.1,238,+.022,126,-3.82,250,100.7,272,104.5,208,+2.92,74,,OVC,64.1,238,102.1,193,50.5,102,23.0,312,30.3,184,39.0,128,108.8,277,50.8,250,20.4,147,33.9,292,35.8,126,64.1,238,65.2,248,18.8,268,17.8,143,102.1,193,101.5,173,108.8,277,105.1,261,76.2,220,+0.8,122,-0.0,177,+0.8,70,+0.1,143,-1.6,306,+0.5,163,0.99,291,23.8,308,43.0,255,2011,0.324991993336116,14,16,0.4666666666666667,30
210,Tennessee Tech,OVC,20-13,-4.36,100.9,218,105.2,217,69.8,24,+.058,44,-5.75,296,100.1,298,105.9,285,-7.36,322,,OVC,69.8,24,100.9,218,50.6,97,21.8,266,32.1,123,43.0,50,105.2,217,49.8,210,21.0,108,27.6,70,45.5,302,69.8,24,70.5,37,15.9,21,18.0,209,100.9,218,101.3,183,105.2,217,100.9,155,76.6,161,+0.4,145,+0.2,144,+0.2,149,-0.0,162,-0.9,263,-1.5,261,1.58,166,33.9,98,55.1,151,2011,0.3822677601500012,20,13,0.6060606060606061,33
5,Texas,B12,28-8,+25.93,115.5,21,89.6,4,65.5,161,-.058,307,+7.61,35,107.5,34,99.9,37,+0.60,143,4,B12,65.5,161,115.5,21,50.2,110,17.2,28,35.8,25,43.1,49,89.6,4,42.5,3,18.7,255,28.1,82,30.7,44,65.5,161,68.2,107,17.4,102,17.7,139,115.5,21,109.6,36,89.6,4,91.1,6,76.8,134,+1.0,103,+0.1,154,+0.8,82,+0.4,122,-0.9,251,+0.3,179,1.24,242,26.6,267,49.6,193,2011,0.9488275088054113,28,8,0.7777777777777778,36
49,Texas A&M,B12,24-9,+14.62,110.0,65,95.4,42,60.9,328,+.050,57,+5.43,67,105.9,72,100.5,62,-7.50,323,7,B12,60.9,328,110.0,65,49.3,160,20.4,195,36.3,17,47.3,15,95.4,42,46.6,59,20.9,113,27.7,71,36.9,156,60.9,328,63.2,313,18.9,274,18.8,309,110.0,65,105.8,77,95.4,42,96.3,49,76.9,120,+1.1,94,-0.1,185,+1.2,49,+2.6,6,-0.9,253,-0.5,219,1.58,163,30.3,183,65.8,63,2011,0.8372109057681284,24,9,0.7272727272727273,33
316,Texas A&M Corpus Chris,Slnd,10-21,-16.12,92.9,313,109.1,285,64.5,223,+.043,75,-2.74,221,101.5,241,104.3,194,+5.68,40,,Slnd,64.5,223,92.9,313,47.0,266,26.2,344,31.2,155,40.5,102,109.1,285,51.6,285,19.3,221,31.8,232,35.9,128,64.5,223,66.1,206,18.4,234,17.8,163,92.9,313,90.9,323,109.1,285,106.8,291,77.2,78,+1.8,55,+0.5,97,+1.3,41,-0.0,157,+0.9,103,+0.4,178,2.00,62,31.1,162,53.6,160,2011,0.1360462494245284,10,21,0.3225806451612903,31
333,Texas Pan American,GWC,6-25,-20.94,94.1,305,115.0,341,64.8,198,-.075,324,-7.18,315,100.0,301,107.2,331,+1.68,105,,GWC,64.8,198,94.1,305,48.6,192,23.0,314,24.6,313,42.8,55,115.0,341,55.2,341,21.1,100,31.1,196,46.6,312,64.8,198,68.9,71,17.8,162,16.7,13,94.1,305,95.3,283,115.0,341,110.0,329,75.0,330,-2.8,324,-1.3,302,-1.6,320,-1.0,292,-1.4,295,-1.5,268,1.11,274,34.5,92,40.4,273,2011,0.0905776651139665,6,25,0.1935483870967742,31
276,Texas Southern,SWAC,19-13,-10.37,93.2,311,103.5,175,64.8,197,+.137,2,-9.84,331,96.0,339,105.9,284,+8.93,14,8,SWAC,64.8,197,93.2,311,48.3,208,24.1,335,29.3,215,47.7,10,103.5,175,47.6,102,23.7,20,32.5,255,39.6,218,64.8,197,67.8,124,17.5,114,17.7,127,93.2,311,93.6,298,103.5,175,95.6,40,77.8,25,+0.9,112,+0.1,166,+0.8,71,+2.0,13,+2.3,10,+1.6,41,0.58,340,28.5,221,23.5,332,2011,0.23050272160509166,19,13,0.59375,32
251,Texas St.,Slnd,16-16,-7.96,100.3,230,108.3,271,72.9,5,+.036,86,-7.32,318,100.3,289,107.6,334,-4.90,284,,Slnd,72.9,5,100.3,230,49.3,164,19.4,127,30.5,175,44.9,31,108.3,271,51.6,286,22.0,64,30.8,183,44.0,283,72.9,5,74.7,6,14.9,5,17.0,37,100.3,230,101.9,158,108.3,271,104.4,248,76.1,241,-0.3,204,-0.6,245,+0.3,139,+0.3,127,-0.6,231,-1.5,283,1.58,165,37.6,37,58.6,118,2011,0.2926592032018325,16,16,0.5,32
121,Texas Tech,B12,13-19,+3.83,107.2,96,103.4,170,69.3,31,-.041,282,+5.87,60,106.5,59,100.6,65,-5.01,286,,B12,69.3,31,107.2,96,49.3,162,19.4,124,30.3,183,38.1,160,103.4,170,50.5,239,19.5,208,33.5,283,39.1,204,69.3,31,70.9,31,16.6,46,17.4,82,107.2,96,102.5,148,103.4,170,105.3,265,76.6,158,+0.5,139,+0.3,139,+0.2,146,+2.0,25,-1.0,285,-0.5,237,2.09,47,29.7,195,68.1,50,2011,0.6022981047115137,13,19,0.40625,32
282,The Citadel,SC,10-22,-10.61,100.9,216,111.6,319,61.9,312,-.055,300,-2.08,202,103.1,169,105.2,246,+1.31,114,,SC,61.9,312,100.9,216,47.2,254,19.8,151,31.8,130,29.4,330,111.6,319,53.0,319,16.2,333,28.1,80,31.9,58,61.9,312,63.9,292,19.0,286,18.2,239,100.9,216,99.6,211,111.6,319,110.2,330,75.8,278,-3.4,335,-1.2,300,-2.2,336,-1.6,318,-0.8,245,-0.5,198,3.16,1,22.2,318,73.6,28,2011,0.2388312382960315,10,22,0.3125,32
332,Toledo,MAC,4-28,-20.65,91.9,324,112.6,327,62.8,288,-.037,271,-1.21,173,101.6,236,102.8,125,+1.83,99,,MAC,62.8,288,91.9,324,45.7,299,24.8,341,25.5,304,42.2,70,112.6,327,53.1,321,19.2,225,34.3,304,33.6,85,62.8,288,64.3,275,19.3,300,17.7,133,91.9,324,88.2,334,112.6,327,109.7,326,77.1,87,+1.6,65,+0.6,86,+0.9,56,-0.0,181,+0.5,126,+1.5,76,0.85,320,38.5,31,22.4,334,2011,0.08817554001883338,4,28,0.125,32
278,Towson,CAA,4-26,-10.51,105.8,115,116.3,342,65.1,178,-.069,316,+0.39,146,103.1,171,102.7,119,-3.58,252,,CAA,65.1,178,105.8,115,49.3,165,18.5,77,27.9,255,37.6,173,116.3,342,55.0,338,17.8,297,33.6,286,34.3,96,65.1,178,65.9,220,18.5,242,18.0,207,105.8,115,102.8,137,116.3,342,114.7,342,76.2,221,+0.5,136,-0.2,201,+0.7,103,-0.5,240,-0.9,258,+0.2,183,1.43,205,25.0,296,41.4,263,2011,0.2519650693963777,4,26,0.13333333333333333,30
275,Troy,SB,8-21,-10.19,97.8,266,108.0,264,70.2,18,-.038,273,-2.04,200,102.7,190,104.7,221,+6.07,34,,SB,70.2,18,97.8,266,47.3,251,19.7,142,27.9,256,29.2,331,108.0,264,52.1,301,19.6,198,31.4,216,36.5,144,70.2,18,71.2,28,16.1,28,17.5,103,97.8,266,96.5,269,108.0,264,106.8,292,75.7,289,+0.2,160,+0.4,126,-0.2,182,-1.0,289,-1.7,310,-2.5,315,0.72,336,30.9,170,21.2,337,2011,0.24215947530147391,8,21,0.27586206896551724,29
191,Tulane,CUSA,13-17,-2.34,102.4,189,104.7,206,64.7,209,-.125,340,-0.91,169,102.6,197,103.5,159,-13.09,344,,CUSA,64.7,209,102.4,189,49.2,168,19.3,119,27.8,260,35.9,227,104.7,206,52.0,299,23.3,32,29.1,114,38.2,178,64.7,209,65.9,217,17.6,134,18.8,304,102.4,189,101.2,184,104.7,206,101.5,170,76.4,194,-2.3,304,-1.1,295,-1.2,308,+1.0,82,+0.7,112,+0.5,144,1.69,133,23.6,310,63.3,82,2011,0.43648433132313663,13,17,0.43333333333333335,30
91,Tulsa,CUSA,19-13,+6.92,107.1,98,100.2,106,65.7,153,-.000,182,+2.45,97,104.9,99,102.4,110,+1.44,112,,CUSA,65.7,153,107.1,98,50.1,117,20.4,194,32.0,127,44.4,34,100.2,106,47.4,93,17.7,301,24.6,8,40.9,242,65.7,153,66.5,187,17.9,164,18.1,221,107.1,98,104.2,108,100.2,106,100.5,141,78.0,14,+1.6,67,+1.7,21,-0.2,177,-0.0,169,+2.1,19,+2.7,11,1.34,225,31.1,161,47.8,208,2011,0.6826203313852245,19,13,0.59375,32
65,UAB,CUSA,22-9,+11.64,108.8,78,97.2,60,61.8,314,+.025,118,+2.16,103,104.3,121,102.1,98,-2.02,210,12,CUSA,61.8,314,108.8,78,50.8,87,19.7,140,31.3,149,29.7,326,97.2,60,45.9,34,19.0,248,28.4,87,32.4,66,61.8,314,63.2,312,19.8,321,18.0,197,108.8,78,106.0,75,97.2,60,96.5,50,75.5,306,-1.9,293,-0.3,214,-1.6,322,-0.0,198,-0.3,205,-3.5,340,1.52,178,25.1,294,48.5,203,2011,0.7852482439296429,22,9,0.7096774193548387,31
246,UC Davis,BW,10-20,-7.08,102.8,182,109.9,297,66.4,109,-.094,332,-1.84,193,102.3,207,104.2,187,-0.44,170,,BW,66.4,109,102.8,182,52.9,27,20.1,170,20.9,338,34.5,257,109.9,297,51.8,292,19.4,212,33.1,269,40.7,239,66.4,109,68.3,96,17.8,153,17.1,49,102.8,182,101.0,188,109.9,297,107.0,293,78.0,12,+3.1,16,+1.3,38,+1.8,12,+1.0,56,+2.5,6,+1.9,36,1.72,120,34.9,84,53.2,162,2011,0.3169046863802217,10,20,0.3333333333333333,30
218,UC Irvine,BW,13-19,-4.62,102.6,186,107.2,251,69.8,23,-.048,291,-3.16,235,101.4,246,104.6,213,-4.04,264,,BW,69.8,23,102.6,186,48.1,216,17.5,39,24.1,321,42.1,71,107.2,251,49.7,204,19.4,214,30.1,163,40.4,235,69.8,23,71.6,23,16.0,24,17.5,89,102.6,186,101.3,182,107.2,251,103.8,227,75.1,326,-4.5,342,-1.5,322,-3.0,344,-1.0,292,+0.1,169,+0.5,157,1.78,106,33.1,115,60.7,103,2011,0.37651410493020826,13,19,0.40625,32
265,UC Riverside,BW,12-19,-9.36,97.8,267,107.2,249,64.8,200,+.062,35,-1.00,170,103.5,156,104.5,209,+0.76,134,,BW,64.8,200,97.8,267,46.5,282,20.5,203,30.5,176,32.9,291,107.2,249,51.8,295,19.8,190,30.5,173,39.7,221,64.8,200,66.3,194,18.7,257,17.6,113,97.8,267,95.8,280,107.2,249,106.2,281,75.8,275,-0.1,182,-0.9,275,+0.8,86,+0.2,141,-1.2,290,-0.5,235,0.75,333,28.2,229,0.0,345,2011,0.2581944385577928,12,19,0.3870967741935484,31
132,UC Santa Barbara,BW,18-14,+3.15,103.7,164,100.5,112,64.1,241,+.002,174,+0.29,149,104.1,126,103.9,175,+6.12,33,15,BW,64.1,241,103.7,164,51.6,63,21.8,268,27.3,270,37.3,190,100.5,112,47.3,83,19.9,177,30.7,179,42.3,259,64.1,241,65.4,244,18.4,227,18.3,247,103.7,164,102.1,156,100.5,112,100.6,143,77.0,113,+2.7,30,+3.2,2,-0.5,233,+1.0,82,-0.6,228,+0.5,163,2.13,42,32.8,121,69.9,42,2011,0.5891518936186404,18,14,0.5625,32
105,UCF,CUSA,21-12,+5.87,105.7,118,99.9,100,64.2,233,+.012,147,+0.68,138,103.9,138,103.2,149,-5.63,303,,CUSA,64.2,233,105.7,118,50.3,107,20.8,217,31.6,137,45.8,24,99.9,100,46.4,53,19.5,209,31.0,195,32.7,70,64.2,233,64.6,267,18.2,202,18.7,299,105.7,118,104.4,100,99.9,100,98.0,82,77.1,91,+2.6,35,+0.7,77,+1.8,15,+0.1,152,+1.1,83,-1.8,309,1.62,154,35.0,83,70.0,41,2011,0.6567861803186897,21,12,0.6363636363636364,33
52,UCLA,P10,23-11,+13.57,108.7,80,95.1,36,65.5,163,+.033,95,+6.92,46,107.3,38,100.4,56,+0.26,153,7,P10,65.5,163,108.7,80,50.3,108,22.0,277,34.7,44,44.3,35,95.1,36,46.3,48,18.0,288,29.3,117,33.0,74,65.5,163,67.3,153,19.2,295,16.6,8,108.7,80,103.5,118,95.1,36,97.6,74,77.7,29,+2.9,22,+1.0,55,+1.8,11,-0.0,156,+1.4,48,+0.5,127,1.11,273,27.2,257,51.7,173,2011,0.8230460294522176,23,11,0.6764705882352942,34
339,UMBC,AE,5-25,-22.38,96.0,288,118.3,343,66.9,85,+.026,115,-4.32,263,100.9,262,105.2,241,+0.86,128,,AE,66.9,85,96.0,288,45.3,309,19.6,134,27.1,276,27.9,338,118.3,343,55.1,339,18.4,269,34.0,294,43.4,274,66.9,85,67.4,152,18.2,211,17.6,106,96.0,288,94.1,296,118.3,343,114.9,343,76.1,237,+0.1,163,+0.5,100,-0.4,226,-0.0,189,+0.6,121,-1.5,290,1.71,125,37.7,36,35.8,293,2011,0.08301504838678055,5,25,0.16666666666666666,30
271,UMKC,Sum,16-14,-9.79,101.9,199,111.6,320,63.8,249,+.114,10,-4.96,280,102.7,188,107.7,335,-9.93,336,,Sum,63.8,249,101.9,199,50.9,83,20.8,216,30.2,191,40.9,97,111.6,320,52.9,317,19.2,230,32.7,258,39.1,203,63.8,249,66.4,189,18.3,220,17.6,117,101.9,199,103.0,133,111.6,320,109.3,320,76.2,225,-1.9,291,-1.8,330,-0.2,207,+1.4,40,-1.4,296,+0.5,163,1.68,135,29.0,209,49.7,191,2011,0.26005460557276877,16,14,0.5333333333333333,30
150,UNC Asheville,BSth,20-14,+1.91,101.9,197,100.0,102,67.4,66,-.011,207,-3.97,252,101.1,254,105.1,237,+7.07,22,16,BSth,67.4,66,101.9,197,48.9,182,21.2,239,30.1,193,41.8,75,100.0,102,47.9,114,24.3,11,35.1,321,39.9,225,67.4,66,69.1,65,16.6,44,17.8,165,101.9,197,101.0,191,100.0,102,97.4,67,75.7,293,-3.4,331,-1.2,297,-2.2,338,-1.0,274,-0.6,236,+1.5,78,2.05,57,32.1,134,79.1,10,2011,0.5539022611291893,20,14,0.5882352941176471,34
284,UNC Greensboro,SC,7-24,-10.86,99.6,241,110.4,304,69.5,29,-.031,264,-0.32,161,103.7,146,104.1,183,+10.16,11,,SC,69.5,29,99.6,241,48.0,220,21.1,237,30.2,190,36.5,207,110.4,304,54.2,336,19.9,183,34.2,300,43.5,275,69.5,29,71.7,22,16.7,50,16.9,29,99.6,241,97.8,246,110.4,304,110.8,335,76.3,201,+1.7,59,+0.7,78,+1.0,55,-1.4,305,+0.1,179,-0.5,213,0.85,319,36.4,55,41.1,268,2011,0.23435139515954975,7,24,0.22580645161290322,31
204,UNC Wilmington,CAA,13-18,-3.82,102.0,195,105.9,234,61.8,316,+.002,176,-1.09,171,103.4,161,104.5,207,-5.44,295,,CAA,61.8,316,102.0,195,50.1,116,21.6,256,32.2,117,28.7,333,105.9,234,49.6,198,19.3,224,35.1,320,31.2,49,61.8,316,62.3,326,20.2,331,18.4,266,102.0,195,100.3,200,105.9,234,104.7,256,75.8,271,-1.5,273,+0.1,160,-1.6,321,-1.0,279,+0.0,188,-0.5,234,1.54,174,27.7,243,47.5,216,2011,0.3937662801791512,13,18,0.41935483870967744,31
29,UNLV,MWC,24-9,+17.75,110.6,57,92.9,21,66.4,110,+.003,170,+5.99,58,106.2,66,100.2,52,+1.85,98,8,MWC,66.4,110,110.6,57,50.9,82,18.6,83,32.2,121,39.1,126,92.9,21,46.0,35,24.1,16,29.7,145,39.7,220,66.4,110,67.4,151,17.4,96,18.1,228,110.6,57,106.0,74,92.9,21,93.1,16,77.4,51,+1.4,74,+0.7,82,+0.7,106,-0.5,232,+1.1,93,+2.5,20,1.81,99,30.7,176,70.4,37,2011,0.8813795131151936,24,9,0.7272727272727273,33
57,USC,P10,19-15,+13.29,107.9,91,94.6,33,61.7,318,-.050,294,+7.56,36,107.8,29,100.2,53,+2.66,81,11,P10,61.7,318,107.9,91,49.9,121,18.2,62,28.4,241,35.4,245,94.6,33,46.2,43,18.5,267,26.6,42,36.1,131,61.7,318,64.3,277,19.9,325,17.3,72,107.9,91,102.5,147,94.6,33,97.3,62,75.6,297,+0.9,111,+1.1,52,-0.2,170,-1.3,304,-2.9,340,-4.5,343,1.49,187,21.8,323,45.7,229,2011,0.8194750647066309,19,15,0.5588235294117647,34
319,USC Upstate,ASun,5-25,-16.44,92.6,320,109.1,284,63.0,280,+.016,141,+0.14,152,102.8,182,102.7,120,+8.13,18,,ASun,63.0,280,92.6,320,43.6,336,22.8,302,32.6,100,28.0,337,109.1,284,52.1,300,20.3,157,33.1,267,39.0,199,63.0,280,64.3,279,19.6,311,17.4,80,92.6,320,89.2,329,109.1,284,107.3,296,75.9,269,-2.4,307,-1.5,313,-0.9,277,+1.0,82,+0.2,139,-2.5,324,1.58,164,35.5,72,42.2,259,2011,0.13173311272774918,5,25,0.16666666666666666,30
256,UT Arlington,Slnd,13-16,-8.13,96.7,281,104.8,208,67.1,75,-.072,321,-5.79,297,100.3,287,106.1,297,+0.33,151,,Slnd,67.1,75,96.7,281,50.2,112,25.3,342,31.4,145,33.2,285,104.8,208,48.7,145,22.5,46,33.5,282,46.8,317,67.1,75,69.5,49,17.2,82,17.1,46,96.7,281,97.4,255,104.8,208,100.5,142,76.3,217,-1.2,251,-0.0,179,-1.2,307,-0.0,180,+0.8,108,-0.2,191,0.57,342,42.1,8,29.0,325,2011,0.283927143495045,13,16,0.4482758620689655,29
72,UTEP,CUSA,25-10,+10.39,105.0,132,94.6,32,66.4,107,-.009,203,+0.30,148,103.7,148,103.4,154,-3.76,256,5,CUSA,66.4,107,105.0,132,51.9,50,18.3,71,22.3,334,40.9,95,94.6,32,45.9,33,21.3,90,29.2,116,33.2,80,66.4,107,67.5,137,17.3,92,18.3,250,105.0,132,102.8,138,94.6,32,93.2,17,77.1,85,+0.4,151,+0.2,150,+0.2,151,+1.0,55,+1.1,78,+0.5,141,2.71,3,21.4,326,65.5,65,2011,0.7684328085844717,25,10,0.7142857142857143,35
227,UTSA,Slnd,20-14,-5.32,101.8,201,107.1,248,66.7,98,+.085,19,-5.71,294,100.3,286,106.1,292,-1.85,206,16,Slnd,66.7,98,101.8,201,49.0,179,19.7,144,27.7,263,41.1,89,107.1,248,49.1,170,19.9,178,32.1,241,36.5,142,66.7,98,68.4,94,16.9,60,18.0,213,101.8,201,101.9,160,107.1,248,103.4,212,76.6,159,-0.7,225,-0.5,243,-0.2,190,+0.6,105,+1.1,66,+0.5,143,1.19,259,25.5,285,25.5,330,2011,0.3580913129965308,20,14,0.5882352941176471,34
141,Utah,MWC,13-18,+2.61,103.6,165,101.0,119,67.2,70,+.033,91,+7.53,37,107.2,39,99.7,31,+2.64,83,,MWC,67.2,70,103.6,165,47.7,233,20.1,172,26.9,280,36.7,199,101.0,119,47.4,90,15.7,338,30.4,171,38.7,191,67.2,70,68.5,84,17.7,144,17.2,56,103.6,165,97.7,248,101.0,119,103.8,226,78.1,9,+4.7,3,+3.9,1,+0.8,74,+3.0,4,-0.7,239,+0.5,163,0.57,341,35.3,74,33.0,311,2011,0.5725574898820835,13,18,0.41935483870967744,31
22,Utah St.,WAC,30-4,+19.32,111.2,54,91.8,14,62.4,302,+.033,93,-0.29,160,103.8,142,104.1,186,-2.40,217,12,WAC,62.4,302,111.2,54,52.2,43,18.3,70,32.1,122,43.4,47,91.8,14,43.4,5,18.7,256,24.0,5,34.6,98,62.4,302,64.1,286,19.0,279,18.5,275,111.2,54,110.3,28,91.8,14,90.5,5,76.3,203,-1.6,274,-0.7,247,-0.9,272,-1.0,266,-0.6,230,+1.5,78,2.19,34,30.2,184,67.2,51,2011,0.9006759650559822,30,4,0.8823529411764706,34
255,Utah Valley,GWC,19-11,-8.02,100.8,220,108.8,278,65.3,169,+.011,148,-12.11,342,96.9,334,109.1,343,-4.53,275,,GWC,65.3,169,100.8,220,49.1,170,19.9,161,30.6,174,46.4,22,108.8,278,49.2,179,17.4,310,27.1,56,36.7,153,65.3,169,69.2,63,17.8,154,16.7,18,100.8,220,104.2,109,108.8,278,101.1,164,76.0,249,+0.2,161,+0.3,133,-0.2,197,+0.1,142,-1.7,311,-0.5,233,1.30,237,25.5,286,34.9,301,2011,0.2935324124794959,19,11,0.6333333333333333,30
53,VCU,CAA,28-12,+13.49,112.0,47,98.5,78,65.6,156,+.021,128,+4.79,70,105.8,74,101.0,75,+2.26,89,11,CAA,65.6,156,112.0,47,51.1,74,17.1,24,29.7,202,37.0,195,98.5,78,49.2,174,22.0,65,34.7,316,34.1,93,65.6,156,65.8,222,18.4,237,18.0,205,112.0,47,107.6,54,98.5,78,100.4,138,76.3,208,+0.4,147,+1.0,53,-0.6,241,-0.4,224,+0.6,122,-1.5,282,2.44,15,27.0,259,66.1,61,2011,0.8141321430259054,28,12,0.7,40
199,VMI,BSth,18-13,-3.34,110.6,58,113.9,337,74.7,2,-.016,224,-5.88,298,99.3,314,105.1,240,-1.83,205,,BSth,74.7,2,110.6,58,52.8,32,17.1,26,27.9,258,34.3,263,113.9,337,51.0,260,19.2,233,35.9,331,36.1,132,74.7,2,76.0,2,13.9,1,17.7,124,110.6,58,109.8,34,113.9,337,108.0,310,75.6,298,-1.6,276,-0.4,221,-1.2,299,-0.0,194,-1.0,284,-1.5,289,1.75,114,35.7,67,65.3,66,2011,0.4162689000533759,18,13,0.5806451612903226,31
95,Valparaiso,Horz,23-12,+6.60,106.4,108,99.8,97,66.2,122,+.057,45,+1.78,112,105.0,96,103.2,145,+1.76,101,,Horz,66.2,122,106.4,108,51.8,57,20.4,190,30.2,189,33.5,276,99.8,97,48.6,136,21.2,98,31.4,215,41.6,251,66.2,122,67.5,138,17.8,161,17.5,101,106.4,108,103.7,115,99.8,97,99.9,118,75.6,300,-1.7,279,-1.5,320,-0.2,202,-1.0,288,-0.2,200,-1.5,269,1.76,113,32.6,127,66.5,58,2011,0.6762147085252902,23,12,0.6571428571428571,35
33,Vanderbilt,SEC,23-11,+17.33,116.6,16,99.2,87,66.1,125,-.050,296,+6.66,50,106.5,60,99.8,35,+2.52,84,5,SEC,66.1,125,116.6,16,52.9,30,19.0,104,32.3,111,45.2,27,99.2,87,46.0,39,17.5,308,29.5,134,28.0,20,66.1,125,67.7,130,16.6,49,18.9,311,116.6,16,111.2,24,99.2,87,99.4,106,78.3,6,+3.3,14,+1.7,22,+1.6,28,+0.5,106,+1.1,59,+1.5,47,1.74,116,27.5,249,60.0,106,2011,0.865125455545516,23,11,0.6764705882352942,34
128,Vermont,AE,23-9,+3.36,102.4,187,99.1,83,64.5,219,+.062,34,-6.02,303,99.5,309,105.5,264,+0.26,154,7,AE,64.5,219,102.4,187,49.1,171,21.0,228,35.9,22,37.2,191,99.1,83,44.4,10,18.3,272,27.1,55,28.0,22,64.5,219,65.0,253,19.6,314,17.3,68,102.4,187,102.6,142,99.1,83,93.8,23,76.5,173,+1.6,62,-0.2,203,+1.8,15,+1.0,54,+0.1,140,-2.5,332,1.20,255,30.0,192,39.2,279,2011,0.5930790173693709,23,9,0.71875,32
28,Villanova,BE,21-12,+17.83,114.9,25,97.0,59,65.0,182,-.040,278,+9.07,21,108.3,25,99.3,22,-0.79,181,9,BE,65.0,182,114.9,25,49.5,149,17.9,48,33.3,84,42.3,68,97.0,59,46.3,50,18.3,274,26.9,46,36.5,143,65.0,182,66.0,211,18.5,240,18.0,200,114.9,25,109.1,42,97.0,59,99.0,102,77.3,58,+1.5,68,+0.7,83,+0.8,59,+1.4,41,-0.2,197,+1.5,88,2.06,54,25.4,288,66.1,60,2011,0.8751780329090717,21,12,0.6363636363636364,33
103,Virginia,ACC,16-15,+6.01,104.0,159,98.0,71,59.1,340,+.020,132,+5.95,59,106.0,70,100.0,43,-5.39,293,,ACC,59.1,340,104.0,159,48.5,199,17.7,42,24.6,315,32.0,300,98.0,71,50.2,227,19.7,192,26.7,43,28.8,24,59.1,340,61.8,332,20.5,335,18.2,242,104.0,159,99.6,210,98.0,71,99.8,115,77.0,103,+2.7,29,+2.2,11,+0.5,121,+0.4,126,-1.4,294,-0.5,225,1.20,253,34.3,95,46.5,221,2011,0.6644902828054058,16,15,0.5161290322580645,31
40,Virginia Tech,ACC,22-12,+15.91,109.7,70,93.7,27,63.7,253,-.029,252,+6.40,53,106.5,57,100.1,47,-0.08,158,1,ACC,63.7,253,109.7,70,50.3,106,18.5,78,30.6,170,40.7,99,93.7,27,47.4,88,21.9,69,28.8,96,31.2,47,63.7,253,65.8,224,17.6,124,18.8,303,109.7,70,105.6,82,93.7,27,94.6,30,77.5,38,-0.1,184,-1.0,280,+0.8,96,+1.8,28,+1.6,40,+1.5,44,2.57,9,18.0,341,68.7,47,2011,0.8597226794858487,22,12,0.6470588235294118,34
230,Wagner,NEC,13-17,-5.41,100.4,227,105.9,233,66.3,115,+.028,110,-2.00,198,101.8,227,103.8,171,+3.17,67,,NEC,66.3,115,100.4,227,49.8,134,22.4,289,22.9,331,41.2,87,105.9,233,47.5,98,22.4,50,33.4,281,62.3,345,66.3,115,67.7,131,18.4,233,16.9,28,100.4,227,98.2,239,105.9,233,102.5,193,75.7,284,+0.0,173,+0.8,73,-0.8,260,-1.8,324,-2.9,337,-0.5,237,1.13,269,28.2,226,53.0,164,2011,0.3512999497336085,13,17,0.43333333333333335,30
259,Wake Forest,ACC,8-24,-8.64,100.4,229,109.0,282,68.9,35,+.009,154,+4.92,69,105.5,83,100.6,63,-6.27,314,,ACC,68.9,35,100.4,229,47.6,236,22.0,272,24.4,319,38.4,147,109.0,282,51.2,272,17.4,312,33.6,289,32.4,64,68.9,35,70.9,32,16.4,37,17.5,94,100.4,229,95.2,285,109.0,282,109.4,322,78.0,13,+3.1,18,+2.3,10,+0.8,80,-0.0,160,+1.0,99,+1.5,46,0.72,335,28.5,220,25.9,329,2011,0.279864211617836,8,24,0.25,32
16,Washington,P10,24-11,+21.69,117.7,10,96.0,49,69.9,21,-.099,334,+7.21,40,106.9,46,99.7,30,+1.07,122,7,P10,69.9,21,117.7,10,53.7,18,16.7,17,36.8,11,31.5,306,96.0,49,46.4,51,20.6,135,29.6,136,44.0,281,69.9,21,72.3,18,14.9,4,18.3,254,117.7,10,113.8,11,96.0,49,97.4,68,76.7,152,+2.3,42,+1.7,23,+0.6,109,+2.0,19,+0.1,184,-3.5,339,1.83,89,37.1,42,63.9,78,2011,0.9124237327658726,24,11,0.6857142857142857,35
60,Washington St.,P10,22-13,+12.78,108.1,88,95.3,39,67.4,65,+.002,179,+6.91,47,107.3,35,100.4,60,+0.35,149,2,P10,67.4,65,108.1,88,51.6,60,18.2,63,25.8,300,36.0,222,95.3,39,46.1,41,20.9,111,31.3,206,32.6,68,67.4,65,68.9,72,16.7,52,18.2,233,108.1,88,104.4,101,95.3,39,96.8,55,77.4,50,+0.4,150,-0.1,180,+0.4,125,-0.0,159,+2.1,19,+1.5,56,1.72,121,28.2,228,64.2,75,2011,0.8098921442834882,22,13,0.6285714285714286,35
169,Weber St.,BSky,18-14,-0.21,104.1,154,104.4,193,64.4,227,+.010,150,-1.30,177,103.0,174,104.3,198,+6.42,28,,BSky,64.4,227,104.1,154,51.1,73,19.4,126,25.3,307,35.6,240,104.4,193,48.9,156,17.1,317,26.2,30,39.0,201,64.4,227,65.3,246,17.6,125,19.1,323,104.1,154,103.5,119,104.4,193,103.1,205,77.2,73,+1.2,89,+0.3,134,+0.8,62,+0.4,123,+0.3,135,+1.5,50,1.42,208,31.0,167,45.4,236,2011,0.49172736798559946,18,14,0.5625,32
19,West Virginia,BE,21-12,+20.11,114.9,23,94.8,35,62.5,298,-.018,227,+12.70,3,111.0,1,98.3,7,+7.10,21,5,BE,62.5,298,114.9,23,48.5,197,18.9,98,38.4,6,40.9,94,94.8,35,45.9,32,18.7,257,33.1,270,36.0,130,62.5,298,64.4,272,19.8,320,17.6,110,114.9,23,108.1,50,94.8,35,100.7,149,77.4,54,+0.7,131,-0.1,196,+0.8,75,+0.3,129,+0.3,132,+2.5,22,1.80,103,27.7,241,54.1,158,2011,0.9012656300954169,21,12,0.6363636363636364,33
184,Western Carolina,SC,18-15,-1.81,98.7,255,100.5,113,68.1,50,+.044,70,-2.73,219,103.3,162,106.1,291,+3.51,63,,SC,68.1,50,98.7,255,47.5,242,20.1,176,32.7,99,30.6,319,100.5,113,50.1,223,22.5,47,29.4,121,48.5,327,68.1,50,69.2,59,16.9,55,17.6,119,98.7,255,99.3,217,100.5,113,100.0,124,75.7,290,-2.6,315,-0.5,228,-2.2,337,-1.1,298,+0.1,179,-1.5,264,1.29,238,28.4,222,40.1,275,2011,0.4482269869195809,18,15,0.5454545454545454,33
330,Western Illinois,Sum,7-23,-20.01,87.6,337,107.6,257,61.2,324,+.003,172,-3.54,242,103.2,167,106.7,322,-5.71,304,,Sum,61.2,324,87.6,337,46.4,287,22.1,281,20.4,339,38.1,154,107.6,257,49.9,216,17.9,294,28.4,89,44.1,285,61.2,324,63.0,316,19.6,316,18.2,246,87.6,337,88.8,330,107.6,257,105.6,272,77.3,69,+0.8,117,-0.0,172,+0.8,84,+0.4,121,+2.0,30,+2.5,29,0.78,328,29.3,202,39.3,278,2011,0.08589216180003977,7,23,0.23333333333333334,30
216,Western Kentucky,SB,16-16,-4.57,100.5,226,105.1,215,66.8,93,+.019,135,-4.30,262,101.2,249,105.5,263,+1.98,94,,SB,66.8,93,100.5,226,48.4,203,21.5,252,35.2,32,37.4,185,105.1,215,49.4,188,20.5,140,33.9,293,31.1,45,66.8,93,69.1,66,16.5,40,18.2,235,100.5,226,100.6,194,105.1,215,101.5,171,76.5,178,-2.1,299,-1.0,282,-1.2,306,-0.0,172,+1.1,58,+1.7,40,1.52,179,25.8,280,47.5,214,2011,0.3740976920324982,16,16,0.5,32
166,Western Michigan,MAC,21-13,-0.12,104.0,158,104.1,188,66.8,91,+.043,73,-3.98,254,100.6,276,104.5,210,-0.65,174,,MAC,66.8,91,104.0,158,48.7,186,20.5,200,34.8,42,36.4,209,104.1,188,48.7,147,18.8,253,29.5,130,36.7,150,66.8,91,67.7,128,17.8,147,17.7,128,104.0,158,103.1,132,104.1,188,100.4,139,76.8,143,+0.5,143,-0.4,219,+0.8,86,+0.2,136,-1.9,314,+0.5,175,1.16,266,28.6,219,48.5,202,2011,0.4972369332481247,21,13,0.6176470588235294,34
27,Wichita St.,MVC,29-8,+17.94,113.9,31,95.9,48,64.9,193,-.041,280,+0.89,133,102.9,181,102.0,96,-4.72,279,4,MVC,64.9,193,113.9,31,53.0,25,19.4,121,34.6,47,35.3,246,95.9,48,45.7,29,18.8,252,22.9,2,36.2,134,64.9,193,64.5,271,17.5,116,19.4,336,113.9,31,111.3,23,95.9,48,94.5,28,77.5,42,+1.3,77,+0.9,69,+0.5,122,-0.0,184,+2.1,27,+1.2,95,2.09,46,41.3,10,77.7,14,2011,0.8784860778961558,29,8,0.7837837837837838,37
226,William & Mary,CAA,10-22,-5.31,103.0,175,108.3,273,62.9,282,-.056,303,+1.74,113,104.2,123,102.5,112,-2.65,226,,CAA,62.9,282,103.0,175,52.1,45,20.8,213,21.6,337,35.8,231,108.3,273,50.1,226,15.5,342,29.7,142,29.8,35,62.9,282,63.5,305,19.1,294,18.6,284,103.0,175,99.7,208,108.3,273,107.9,307,77.2,83,+0.8,118,+0.3,143,+0.6,114,-0.0,158,+0.6,117,+0.5,124,1.39,215,37.0,44,50.3,185,2011,0.3596172192829463,10,22,0.3125,32
221,Winthrop,BSth,13-17,-4.85,96.3,287,101.1,122,64.9,196,-.040,277,-3.02,230,101.7,231,104.7,220,+5.41,42,,BSth,64.9,196,96.3,287,44.8,317,18.9,102,30.4,180,36.6,204,101.1,122,48.1,121,21.0,106,29.1,112,39.4,212,64.9,196,67.4,144,17.7,143,17.8,152,96.3,287,95.1,288,101.1,122,98.3,91,76.6,162,+0.8,119,-0.0,173,+0.8,72,+0.2,135,-0.3,208,-1.5,262,1.98,63,31.5,149,69.5,44,2011,0.36369074667306445,13,17,0.43333333333333335,30
6,Wisconsin,B10,25-9,+25.84,122.3,2,96.5,52,56.9,344,-.003,191,+10.81,11,110.0,9,99.2,20,-3.58,253,4,B10,56.9,344,122.3,2,51.8,56,13.4,1,33.0,93,29.5,329,96.5,52,48.2,125,16.9,322,25.3,11,32.9,72,56.9,344,57.3,345,22.9,345,18.8,302,122.3,2,117.7,3,96.5,52,101.6,175,77.8,20,+2.5,38,+1.5,27,+1.0,54,+2.0,21,+2.0,29,+1.5,74,1.66,145,22.0,321,60.9,101,2011,0.9384708872975454,25,9,0.7352941176470589,34
84,Wofford,SC,21-13,+8.17,112.3,44,104.2,189,63.2,275,-.024,239,-0.59,164,104.0,134,104.6,214,+6.96,23,14,SC,63.2,275,112.3,44,53.0,26,18.2,65,32.5,107,42.0,73,104.2,189,49.8,207,20.1,163,31.8,229,41.5,248,63.2,275,64.7,265,18.6,249,18.4,259,112.3,44,111.7,21,104.2,189,103.2,206,75.7,292,-2.3,305,-2.2,340,-0.2,202,-2.0,330,-0.9,266,+0.5,145,2.68,4,21.0,329,73.6,27,2011,0.7028507282500881,21,13,0.6176470588235294,34
111,Wright St.,Horz,19-14,+5.23,105.0,130,99.8,98,61.6,320,-.014,215,+1.73,114,104.6,107,102.9,128,+0.72,136,,Horz,61.6,320,105.0,130,49.6,146,17.3,33,22.4,333,38.5,144,99.8,98,51.8,293,24.2,13,29.8,150,43.5,276,61.6,320,62.6,322,18.6,246,19.7,341,105.0,130,102.5,145,99.8,98,99.4,105,76.9,125,-0.2,196,-0.2,208,-0.0,163,-0.8,252,+1.1,86,+2.5,18,2.19,35,34.4,93,47.5,215,2011,0.6420125492636206,19,14,0.5757575757575758,33
229,Wyoming,MWC,10-21,-5.40,98.5,259,103.9,187,66.0,135,-.056,305,+3.73,81,105.3,89,101.6,86,-6.78,318,,MWC,66.0,135,98.5,259,46.9,268,21.0,233,26.8,281,41.2,88,103.9,187,52.9,316,21.7,71,32.1,244,33.5,83,66.0,135,68.0,115,17.6,132,17.6,121,98.5,259,95.1,287,103.9,187,104.8,257,77.3,66,+2.9,21,+1.1,48,+1.8,5,+1.3,45,+1.4,44,-1.6,307,1.27,240,29.4,201,64.0,76,2011,0.3511969505471993,10,21,0.3225806451612903,31
38,Xavier,A10,24-8,+16.02,112.8,37,96.8,58,64.3,229,+.035,89,+4.49,73,105.4,85,100.9,72,+6.02,35,6,A10,64.3,229,112.8,37,51.2,71,18.4,74,31.3,148,44.5,33,96.8,58,46.5,56,19.2,234,26.4,35,35.0,107,64.3,229,65.3,247,18.2,201,18.4,269,112.8,37,108.7,46,96.8,58,97.5,73,77.3,70,+4.3,5,+2.4,9,+1.8,10,+1.0,65,-0.9,265,+0.5,160,2.09,48,14.0,345,63.9,77,2011,0.8531028540551406,24,8,0.75,32
182,Yale,Ivy,15-13,-1.60,99.5,242,101.1,121,65.7,155,+.033,96,-1.94,195,103.2,165,105.1,239,-1.11,187,,Ivy,65.7,155,99.5,242,49.4,155,20.5,198,25.3,306,39.6,117,101.1,121,47.0,75,17.5,309,26.9,47,36.2,135,65.7,155,67.0,171,19.0,283,16.8,23,99.5,242,99.0,228,101.1,121,99.5,108,76.3,207,+0.3,158,+1.1,47,-0.8,267,-1.0,260,-1.2,292,-0.4,195,1.09,278,26.0,278,43.1,253,2011,0.45426481167235877,15,13,0.5357142857142857,28
252,Youngstown St.,Horz,9-21,-7.96,100.0,235,108.0,262,68.5,41,-.023,238,+1.98,107,104.3,120,102.3,107,-3.92,260,,Horz,68.5,41,100.0,235,47.9,221,17.3,32,25.4,305,29.6,327,108.0,262,51.1,263,18.5,265,32.0,237,44.0,282,68.5,41,69.4,53,16.6,48,18.0,208,100.0,235,96.8,264,108.0,262,107.3,298,76.0,245,-1.4,266,-1.3,303,-0.2,173,-0.2,214,-0.5,225,+0.5,139,1.21,250,32.1,133,29.9,322,2011,0.29213198090311726,9,21,0.3,30
