rk,TEAM,CONF,RECORD,KADJ EM,adjo,adjo.rank,adjd,adjd.rank,adjt,adjt.rank,luck,luck.rank,sos-adjem,sos-adjem.rank,sos-oppo,sos-oppo.rank,sos-oppd,sos-oppd.rank,ncsos-adjem,ncsos-adjem.rank,seed,conference,KADJ T,adjtempo.rank,KADJ O,adjoe.rank,off-efg%,off-efg%.rank,off-to%,off-to%.rank,off-or%,off-or%.rank,off-ftrate,off-ftrate.rank,KADJ D,adjde.rank,def-efg%,def-efg%.rank,def-to%,def-to%.rank,def-or%,def-or%.rank,def-ftrate,def-ftrate.rank,tempo-adj,tempo-adj.rank,tempo-raw,tempo-raw.rank,off. efficiency-adj,off. efficiency-adj.rank,off. efficiency-raw,off. efficiency-raw.rank,def. efficiency-adj,def. efficiency-adj.rank,def. efficiency-raw,def. efficiency-raw.rank,YEAR,BARTHAG,W,L,WIN%,GAMES
36,Air Force,MWC,22-7,+15.42,111.4,47,96.0,43,51.9,326,+.025,101,+0.58,143,103.3,170,102.8,138,-10.49,318,11,MWC,51.9,326,111.4,47,58.2,1,18.9,43,23.4,321,37.2,169,96.0,43,48.6,136,29.6,1,35.9,289,37.8,179,51.9,326,54.1,326,111.4,47,110.4,19,96.0,43,94.0,24,2004,0.8469607675214316,22,7,0.7586206896551724,29
159,Akron,MAC,13-15,-0.45,106.3,104,106.7,233,64.8,202,-.019,215,-0.49,170,103.4,163,103.9,174,-2.33,221,,MAC,64.8,202,106.3,104,52.4,43,21.0,143,31.1,202,46.1,13,106.7,233,49.3,161,19.5,262,37.7,312,34.7,122,64.8,202,67.7,176,106.3,104,104.6,90,106.7,233,105.3,262,2004,0.48920354367333585,13,15,0.4642857142857143,28
29,Alabama,SEC,20-13,+16.50,114.7,17,98.2,67,64.7,207,+.004,161,+11.20,8,109.1,12,97.9,7,+6.59,29,8,SEC,64.7,207,114.7,17,51.6,65,18.7,41,31.3,189,40.8,72,98.2,67,48.3,124,19.6,253,31.8,154,33.7,92,64.7,207,66.1,228,114.7,17,107.3,50,98.2,67,101.6,168,2004,0.8564495412403417,20,13,0.6060606060606061,33
302,Alabama A&M,SWAC,13-17,-16.33,95.3,288,111.6,305,69.6,36,+.038,73,-13.43,323,94.2,323,107.6,316,-1.10,190,,SWAC,69.6,36,95.3,288,46.2,277,22.0,201,30.9,216,41.0,69,111.6,305,49.0,148,21.8,125,34.1,244,43.3,264,69.6,36,72.5,26,95.3,288,96.6,259,111.6,305,101.3,159,2004,0.13994471120895766,13,17,0.43333333333333335,30
266,Alabama St.,SWAC,16-15,-10.72,93.8,295,104.5,180,61.4,304,+.023,108,-12.06,320,94.6,320,106.7,292,+0.53,148,16,SWAC,61.4,304,93.8,295,47.7,228,25.9,318,35.1,64,45.4,16,104.5,180,46.6,51,23.1,62,31.7,151,38.8,206,61.4,304,64.9,262,93.8,295,94.5,279,104.5,180,95.0,37,2004,0.22404363133613678,16,15,0.5161290322580645,31
310,Albany,AE,5-23,-19.86,87.6,317,107.4,247,62.5,284,-.055,274,-9.16,298,97.0,302,106.2,277,-9.44,312,,AE,62.5,284,87.6,317,44.6,304,23.8,287,28.4,278,26.3,321,107.4,247,47.7,98,21.6,149,37.0,304,31.1,46,62.5,284,64.0,290,87.6,317,88.7,315,107.4,247,100.9,149,2004,0.0875869629047803,5,23,0.17857142857142858,28
312,Alcorn St.,SWAC,11-18,-20.96,91.9,304,112.9,315,67.5,105,+.074,27,-11.69,315,94.9,319,106.6,288,-2.24,219,,SWAC,67.5,105,91.9,304,47.8,222,27.2,323,31.2,192,38.9,116,112.9,315,50.5,215,20.0,238,34.7,261,38.3,191,67.5,105,69.9,91,91.9,304,91.9,298,112.9,315,103.8,229,2004,0.08574618922925753,11,18,0.3793103448275862,29
185,American,Pat,18-13,-3.16,102.7,164,105.8,206,63.4,255,-.006,182,-7.56,274,98.2,284,105.7,253,-1.27,198,,Pat,63.4,255,102.7,164,50.5,106,21.2,157,31.9,170,39.1,112,105.8,206,49.5,168,21.6,148,27.8,21,34.5,115,63.4,255,65.1,259,102.7,164,102.8,114,105.8,206,98.8,105,2004,0.41532576792484516,18,13,0.5806451612903226,31
213,Appalachian St.,SC,9-21,-5.05,95.6,284,100.7,114,69.9,29,-.088,309,+0.46,146,104.1,138,103.7,162,+6.40,33,,SC,69.9,29,95.6,284,46.1,278,22.2,211,31.8,172,29.7,302,100.7,114,50.3,212,25.9,13,36.1,291,40.6,232,69.9,29,73.4,17,95.6,284,93.5,291,100.7,114,99.6,120,2004,0.35487253101486255,9,21,0.3,30
32,Arizona,P10,20-10,+16.18,118.5,7,102.3,151,73.0,6,-.072,296,+5.72,63,106.7,55,101.0,80,+4.60,53,9,P10,73.0,6,118.5,7,54.3,14,19.4,59,37.2,27,33.5,252,102.3,151,50.3,209,20.2,229,32.8,196,27.5,16,73.0,6,75.9,4,118.5,7,114.8,4,102.3,151,103.7,227,2004,0.844294873714937,20,10,0.6666666666666666,30
142,Arizona St.,P10,10-17,+1.29,107.6,84,106.3,222,68.5,65,-.049,266,+4.44,89,106.4,65,102.0,110,-2.29,220,,P10,68.5,65,107.6,84,48.5,191,21.0,139,34.1,96,49.7,3,106.3,222,50.4,214,19.6,257,34.0,239,40.9,238,68.5,65,70.7,61,107.6,84,103.7,100,106.3,222,107.4,296,2004,0.5348898720858097,10,17,0.37037037037037035,27
97,Arkansas,SEC,12-16,+6.03,104.6,132,98.6,76,66.1,153,-.067,289,+6.44,46,107.0,42,100.6,70,-6.94,295,,SEC,66.1,153,104.6,132,47.1,248,19.8,81,33.9,104,35.4,211,98.6,76,49.3,162,23.6,45,34.9,269,40.7,234,66.1,153,68.2,151,104.6,132,99.8,186,98.6,76,100.1,127,2004,0.6635894420256166,12,16,0.42857142857142855,28
151,Arkansas Little Rock,SB,17-12,+0.58,101.0,200,100.4,110,65.6,171,-.052,272,-4.51,243,101.3,237,105.8,262,-6.93,294,,SB,65.6,171,101.0,200,46.9,254,22.0,205,36.8,35,48.8,6,100.4,110,48.2,121,23.8,43,32.1,168,42.7,259,65.6,171,67.9,165,101.0,200,101.9,138,100.4,110,96.7,66,2004,0.517123440935017,17,12,0.5862068965517241,29
326,Arkansas Pine Bluff,SWAC,1-26,-36.33,76.2,326,112.5,314,67.3,113,-.013,197,-8.50,289,96.9,304,105.4,242,+7.27,20,,SWAC,67.3,113,76.2,326,39.0,326,26.6,321,23.6,319,26.6,320,112.5,314,46.8,55,18.7,284,38.1,317,46.3,301,67.3,113,70.1,84,76.2,326,75.2,326,112.5,314,106.4,285,2004,0.011203024649609511,1,26,0.037037037037037035,27
160,Arkansas St.,SB,17-11,-0.47,105.8,111,106.3,220,66.0,158,-.017,208,-4.23,237,99.8,259,104.0,176,-7.05,296,,SB,66.0,158,105.8,111,50.2,114,22.6,235,34.3,84,40.2,86,106.3,220,47.5,84,21.7,132,34.7,263,45.0,290,66.0,158,68.4,142,105.8,111,105.0,87,106.3,220,100.9,150,2004,0.4864483677167381,17,11,0.6071428571428571,28
325,Army,Pat,6-21,-30.49,77.9,324,108.4,264,61.8,296,+.001,169,-10.65,311,96.6,306,107.3,307,-13.57,325,,Pat,61.8,296,77.9,324,41.8,323,26.3,320,17.4,326,37.8,149,108.4,264,49.5,169,22.0,118,34.7,262,37.0,163,61.8,296,63.5,300,77.9,324,77.5,324,108.4,264,101.4,163,2004,0.021889307608751157,6,21,0.2222222222222222,27
68,Auburn,SEC,14-14,+10.16,106.3,105,96.1,45,66.4,136,-.097,315,+5.31,79,106.3,70,101.0,84,-6.32,281,,SEC,66.4,136,106.3,105,49.6,134,23.4,264,40.4,4,35.4,212,96.1,45,49.7,177,24.0,31,30.7,114,31.0,45,66.4,136,67.8,173,106.3,105,102.6,119,96.1,45,96.5,61,2004,0.7613460967697543,14,14,0.5,28
103,Austin Peay,OVC,22-10,+5.49,100.1,215,94.6,27,62.1,294,+.070,31,-0.01,153,105.4,97,105.4,236,+14.88,2,,OVC,62.1,294,100.1,215,48.7,186,21.1,149,29.3,256,38.1,142,94.6,27,47.1,62,20.9,185,27.1,12,31.9,53,62.1,294,64.2,282,100.1,215,100.1,177,94.6,27,95.5,45,2004,0.656985768201788,22,10,0.6875,32
35,BYU,MWC,21-9,+15.64,113.0,32,97.4,59,65.9,160,+.020,116,+7.13,37,108.1,19,101.0,78,+6.41,32,12,MWC,65.9,160,113.0,32,54.0,16,20.7,123,32.1,161,43.3,40,97.4,59,51.1,241,21.5,151,25.1,1,35.8,140,65.9,160,65.9,232,113.0,32,108.8,33,97.4,59,100.3,135,2004,0.8466362367481391,21,9,0.7,30
138,Ball St.,MAC,14-15,+1.47,103.3,152,101.9,138,67.1,117,-.013,196,+1.47,134,105.3,98,103.9,172,+6.51,31,,MAC,67.1,117,103.3,152,46.5,268,18.6,35,30.9,213,40.3,83,101.9,138,48.4,131,20.6,205,33.8,233,41.3,242,67.1,117,67.9,166,103.3,152,101.7,142,101.9,138,102.8,196,2004,0.5391503224921478,14,15,0.4827586206896552,29
232,Baylor,B12,8-21,-6.63,102.0,177,108.7,269,61.0,307,+.007,152,+4.01,95,104.9,111,100.9,76,-9.50,313,,B12,61.0,307,102.0,177,47.1,251,23.5,271,34.8,73,35.4,214,108.7,269,53.2,307,21.6,143,38.9,322,30.2,32,61.0,307,63.4,301,102.0,177,97.0,251,108.7,269,109.6,314,2004,0.32483970758498587,8,21,0.27586206896551724,29
105,Belmont,ASun,21-9,+5.22,106.0,107,100.8,117,63.8,241,-.047,264,-5.08,247,101.0,242,106.1,269,+7.27,21,,ASun,63.8,241,106.0,107,54.3,12,21.2,160,26.9,297,34.1,240,100.8,117,48.1,115,23.2,54,33.8,232,32.5,70,63.8,241,66.2,222,106.0,107,106.5,64,100.8,117,97.0,71,2004,0.6407126283916403,21,9,0.7,30
313,Bethune Cookman,MEAC,8-21,-21.96,90.2,309,112.1,311,63.4,260,+.004,159,-11.99,319,94.6,321,106.6,287,-3.79,247,,MEAC,63.4,260,90.2,309,44.8,299,23.6,277,28.3,279,29.9,300,112.1,311,51.6,263,24.1,29,32.2,171,37.0,165,63.4,260,65.2,257,90.2,309,89.6,311,112.1,311,101.5,165,2004,0.0758818865662302,8,21,0.27586206896551724,29
260,Binghamton,AE,14-16,-9.69,91.4,306,101.1,122,63.9,238,+.037,76,-7.82,278,98.1,285,106.0,266,-4.27,255,,AE,63.9,238,91.4,306,45.9,285,25.3,313,33.5,113,38.5,131,101.1,122,46.3,40,23.0,66,30.7,111,37.1,167,63.9,238,65.7,239,91.4,306,91.2,302,101.1,122,94.8,35,2004,0.23867756128151535,14,16,0.4666666666666667,30
166,Birmingham Southern,BSth,20-7,-1.10,107.5,88,108.6,267,63.5,253,+.034,80,-11.72,316,95.5,315,107.2,305,-9.51,314,,BSth,63.5,253,107.5,88,56.3,4,23.5,272,34.4,77,42.6,51,108.6,267,47.8,103,21.6,145,28.7,40,38.9,209,63.5,253,66.0,231,107.5,88,109.1,29,108.6,267,99.0,110,2004,0.47076427681199706,20,7,0.7407407407407407,27
49,Boise St.,WAC,23-10,+13.13,109.6,65,96.5,47,66.7,125,+.028,95,+4.87,83,106.2,74,101.4,94,-0.79,186,,WAC,66.7,125,109.6,65,50.0,120,18.5,30,31.2,193,36.2,188,96.5,47,48.2,118,20.8,192,30.0,83,33.5,89,66.7,125,67.9,167,109.6,65,106.2,69,96.5,47,98.5,97,2004,0.8121261885514813,23,10,0.696969696969697,33
37,Boston College,BE,24-10,+15.42,110.5,55,95.1,34,62.6,282,+.045,64,+7.21,35,106.2,73,99.0,18,-2.14,218,6,BE,62.6,282,110.5,55,49.1,169,20.4,104,37.5,22,44.7,22,95.1,34,45.6,28,20.8,188,34.5,257,27.4,15,62.6,282,64.1,286,110.5,55,104.5,93,95.1,34,97.1,72,2004,0.8488994634135543,24,10,0.7058823529411765,34
127,Boston University,AE,23-6,+3.01,102.5,169,99.5,92,63.4,261,+.115,3,-7.79,277,97.3,297,105.1,225,+0.37,153,,AE,63.4,261,102.5,169,48.3,195,18.4,22,32.2,158,32.8,266,99.5,92,46.2,38,24.0,33,28.6,38,40.6,230,63.4,261,64.6,270,102.5,169,102.2,130,99.5,92,91.7,8,2004,0.5845813822175523,23,6,0.7931034482758621,29
175,Bowling Green,MAC,14-17,-1.71,104.7,128,106.4,228,65.6,174,-.025,227,+0.15,152,103.4,162,103.3,151,-1.64,207,,MAC,65.6,174,104.7,128,50.9,91,23.5,269,30.5,227,43.6,36,106.4,228,48.4,126,18.4,296,31.5,142,50.2,317,65.6,174,67.5,183,104.7,128,102.7,118,106.4,228,105.4,263,2004,0.453825866838337,14,17,0.45161290322580644,31
163,Bradley,MVC,15-16,-0.69,98.6,244,99.3,90,66.8,123,+.066,34,+1.25,139,104.3,130,103.1,143,-2.99,237,,MVC,66.8,123,98.6,244,46.2,275,22.5,230,29.0,266,44.7,20,99.3,90,49.4,167,22.9,74,29.7,70,46.2,300,66.8,123,68.1,158,98.6,244,95.9,264,99.3,90,98.8,106,2004,0.47967257064918334,15,16,0.4838709677419355,31
201,Brown,Ivy,14-13,-4.35,101.8,183,106.2,216,70.4,24,+.032,86,-4.75,245,100.2,253,105.0,216,-0.93,187,,Ivy,70.4,24,101.8,183,51.5,71,21.0,144,24.3,316,32.3,272,106.2,216,50.2,203,22.6,88,32.5,183,33.7,91,70.4,24,71.3,45,101.8,183,99.4,197,106.2,216,101.3,160,2004,0.380692241064178,14,13,0.5185185185185185,27
207,Bucknell,Pat,14-15,-4.69,96.6,273,101.3,125,64.5,211,-.115,321,-6.88,268,98.9,273,105.8,261,-0.23,171,,Pat,64.5,211,96.6,273,51.1,83,24.8,307,31.6,177,41.7,57,101.3,125,47.6,90,22.7,83,27.6,17,41.5,245,64.5,211,64.9,263,96.6,273,98.2,228,101.3,125,94.1,26,2004,0.36671438986190147,14,15,0.4827586206896552,29
109,Buffalo,MAC,17-12,+4.67,107.6,85,102.9,161,69.5,37,-.018,210,-1.87,198,102.9,189,104.7,207,-4.78,263,,MAC,69.5,37,107.6,85,51.8,59,21.0,145,34.2,87,39.7,95,102.9,161,51.7,266,23.1,60,28.6,39,44.8,286,69.5,37,70.9,54,107.6,85,106.3,66,102.9,161,100.7,145,2004,0.6256557699310944,17,12,0.5862068965517241,29
130,Butler,Horz,16-14,+2.77,107.5,87,104.7,184,56.4,324,-.038,250,-0.58,172,102.3,209,102.8,139,+1.04,136,,Horz,56.4,324,107.5,87,49.2,159,17.0,8,28.4,275,28.1,313,104.7,184,50.5,217,21.0,178,28.4,31,43.4,265,56.4,324,57.8,325,107.5,87,105.1,84,104.7,184,102.2,182,2004,0.5752990922894726,16,14,0.5333333333333333,30
206,Cal Poly,BW,11-16,-4.69,101.1,196,105.8,205,69.9,30,-.015,202,-0.63,174,102.9,185,103.6,158,+1.88,113,,BW,69.9,30,101.1,196,49.6,135,21.0,141,27.6,285,35.1,219,105.8,205,49.1,154,21.6,139,36.8,302,38.6,199,69.9,30,70.5,68,101.1,196,98.9,208,105.8,205,103.7,222,2004,0.3722527579880618,11,16,0.4074074074074074,27
210,Cal St. Fullerton,BW,11-17,-4.85,102.9,160,107.8,252,66.5,134,-.023,221,-1.40,190,102.9,191,104.3,190,-1.22,197,,BW,66.5,134,102.9,160,48.1,213,22.6,237,38.3,14,36.1,190,107.8,252,53.3,309,20.8,195,27.1,13,44.1,277,66.5,134,68.0,160,102.9,160,101.1,159,107.8,252,106.0,274,2004,0.3693560910988531,11,17,0.39285714285714285,28
179,Cal St. Northridge,BW,14-16,-2.27,99.7,225,102.0,139,68.1,81,+.001,168,-0.88,182,103.3,172,104.2,188,-1.94,213,,BW,68.1,81,99.7,225,49.2,165,23.6,276,32.4,147,39.5,97,102.0,139,52.9,302,27.4,6,34.8,265,49.2,314,68.1,81,68.3,146,99.7,225,98.3,223,102.0,139,100.8,148,2004,0.43480280840248536,14,16,0.4666666666666667,30
102,California,P10,13-15,+5.51,103.7,147,98.2,68,64.0,237,-.018,213,+5.91,58,107.4,35,101.5,98,+3.39,68,,P10,64.0,237,103.7,147,47.8,221,20.9,136,34.0,101,40.9,70,98.2,68,49.7,176,20.9,184,29.0,48,37.0,162,64.0,237,66.7,201,103.7,147,99.5,196,98.2,68,100.2,132,2004,0.6517414677152014,13,15,0.4642857142857143,28
314,Campbell,ASun,3-24,-22.61,91.7,305,114.3,325,73.1,5,-.009,190,-4.03,234,102.1,215,106.1,272,+0.47,150,,ASun,73.1,5,91.7,305,44.0,313,21.9,198,30.5,229,30.3,293,114.3,325,56.5,326,21.5,150,33.8,234,38.9,207,73.1,5,76.0,3,91.7,305,90.6,306,114.3,325,112.3,323,2004,0.07354294287377625,3,24,0.1111111111111111,27
235,Canisius,MAAC,10-20,-6.68,100.5,209,107.2,242,66.4,135,-.026,229,-2.28,209,102.1,214,104.4,193,+0.71,145,,MAAC,66.4,135,100.5,209,49.4,151,21.1,146,31.5,181,30.0,299,107.2,242,47.3,72,18.4,299,34.9,270,35.9,145,66.4,135,68.7,133,100.5,209,99.2,200,107.2,242,104.0,237,2004,0.3225247828107781,10,20,0.3333333333333333,30
173,Centenary,MCon,16-12,-1.53,102.6,168,104.1,177,63.7,243,+.028,97,-2.52,218,102.7,197,105.2,229,+1.01,137,,MCon,63.7,243,102.6,168,51.6,67,22.5,231,31.1,199,42.3,53,104.1,177,49.8,183,21.8,128,33.9,237,52.6,323,63.7,243,65.9,233,102.6,168,103.1,110,104.1,177,102.4,186,2004,0.4583687338624826,16,12,0.5714285714285714,28
230,Central Connecticut,NEC,14-14,-6.53,101.9,180,108.4,263,64.2,224,-.041,258,-9.42,300,98.6,276,108.1,322,-5.74,278,,NEC,64.2,224,101.9,180,51.5,72,21.9,199,38.0,16,34.6,227,108.4,263,52.9,303,22.5,97,29.5,68,26.4,11,64.2,224,66.4,213,101.9,180,104.7,89,108.4,263,102.8,197,2004,0.3293523557466389,14,14,0.5,28
273,Central Michigan,MAC,6-24,-11.69,97.6,261,109.3,280,70.6,21,-.005,181,+1.68,128,104.8,116,103.1,146,+2.26,101,,MAC,70.6,21,97.6,261,49.3,156,23.4,266,25.2,308,36.0,192,109.3,280,54.6,319,22.7,79,36.2,296,45.1,291,70.6,21,72.6,24,97.6,261,94.2,282,109.3,280,109.4,308,2004,0.213825692624254,6,24,0.2,30
308,Charleston Southern,BSth,6-22,-18.21,90.6,308,108.8,271,61.3,306,-.110,319,-6.96,269,98.8,274,105.8,258,-0.51,178,,BSth,61.3,306,90.6,308,46.7,261,23.9,290,29.1,264,28.4,310,108.8,271,48.9,144,21.3,167,34.3,251,43.6,268,61.3,306,63.0,307,90.6,308,90.0,309,108.8,271,103.0,204,2004,0.10859660769416972,6,22,0.21428571428571427,28
43,Charlotte,CUSA,21-9,+14.25,112.7,34,98.5,73,69.7,33,+.015,131,+5.72,64,105.0,109,99.3,22,+2.66,83,9,CUSA,69.7,33,112.7,34,51.4,76,20.5,112,37.7,21,44.2,26,98.5,73,47.2,71,21.1,174,30.5,100,32.9,73,69.7,33,71.8,36,112.7,34,107.7,45,98.5,73,97.5,81,2004,0.8247313905738708,21,9,0.7,30
145,Chattanooga,SC,19-11,+1.18,111.2,50,110.0,286,66.8,122,+.043,66,-1.81,195,102.0,217,103.8,171,+1.82,115,,SC,66.8,122,111.2,50,54.3,13,22.3,216,34.6,74,39.2,107,110.0,286,55.7,323,20.7,197,29.5,67,29.3,25,66.8,122,71.2,46,111.2,50,109.6,25,110.0,286,107.3,293,2004,0.5311533880264998,19,11,0.6333333333333333,30
234,Chicago St.,MCon,12-20,-6.66,101.7,185,108.4,260,63.2,263,+.054,52,+1.55,131,105.0,110,103.4,154,+8.85,11,,MCon,63.2,263,101.7,185,47.2,246,20.7,121,32.7,137,38.7,118,108.4,260,52.2,285,22.2,109,39.0,325,47.7,308,63.2,263,64.4,280,101.7,185,99.6,191,108.4,260,109.5,309,2004,0.32438133276783965,12,20,0.375,32
16,Cincinnati,CUSA,25-7,+21.56,116.1,13,94.5,26,66.7,127,+.003,163,+5.62,66,105.6,90,100.0,41,-0.28,172,4,CUSA,66.7,127,116.1,13,52.1,53,17.7,13,35.7,53,38.2,140,94.5,26,45.3,21,22.9,73,29.0,49,41.8,246,66.7,127,68.8,132,116.1,13,111.3,16,94.5,26,93.5,20,2004,0.914299428299316,25,7,0.78125,32
107,Clemson,ACC,10-18,+4.93,102.1,176,97.1,55,64.9,198,+.022,110,+13.44,5,110.6,3,97.2,6,-1.35,202,,ACC,64.9,198,102.1,176,47.6,233,26.8,322,39.7,7,42.9,47,97.1,55,48.0,111,19.9,244,32.2,174,33.9,99,64.9,198,68.9,129,102.1,176,94.0,284,97.1,55,102.3,184,2004,0.6404759557785853,10,18,0.35714285714285715,28
283,Cleveland St.,Horz,4-25,-12.53,93.5,297,106.0,210,69.3,42,-.110,320,+1.62,130,104.0,143,102.4,126,+0.23,158,,Horz,69.3,42,93.5,297,45.6,292,24.8,308,32.4,148,38.5,128,106.0,210,50.1,196,20.4,218,35.3,277,39.6,221,69.3,42,70.7,63,93.5,297,90.3,308,106.0,210,106.3,280,2004,0.19108228317648573,4,25,0.13793103448275862,29
242,Coastal Carolina,BSth,14-15,-7.11,98.4,246,105.5,198,66.6,130,-.060,280,-8.13,286,98.0,287,106.2,276,+0.53,149,,BSth,66.6,130,98.4,246,48.8,177,23.0,250,34.4,82,31.5,280,105.5,198,49.0,150,21.0,183,30.5,99,38.4,194,66.6,130,69.0,126,98.4,246,98.9,212,105.5,198,98.7,101,2004,0.3097674506953588,14,15,0.4827586206896552,29
280,Colgate,Pat,15-14,-12.40,99.1,234,111.5,303,64.2,225,+.095,13,-8.26,287,97.3,298,105.5,247,-5.09,266,,Pat,64.2,225,99.1,234,48.0,217,20.1,93,30.4,232,34.8,225,111.5,303,51.9,276,20.4,214,30.4,95,34.1,105,64.2,225,65.6,245,99.1,234,99.6,192,111.5,303,104.5,247,2004,0.20492470204862998,15,14,0.5172413793103449,29
116,College of Charleston,SC,20-9,+3.92,105.5,117,101.6,130,67.7,91,+.017,123,-3.61,230,100.5,249,104.1,184,+1.40,127,,SC,67.7,91,105.5,117,51.4,77,20.4,103,28.5,272,35.9,198,101.6,130,46.9,57,21.6,146,32.0,165,34.3,109,67.7,91,70.7,62,105.5,117,103.6,103,101.6,130,96.4,60,2004,0.6066316463420807,20,9,0.6896551724137931,29
54,Colorado,B12,18-11,+11.77,111.3,48,99.5,93,68.1,80,+.034,83,+8.21,25,108.0,22,99.8,33,-0.15,168,,B12,68.1,80,111.3,48,52.1,52,21.0,140,34.0,102,45.1,19,99.5,93,47.5,81,17.5,315,30.7,110,31.9,52,68.1,80,69.9,90,111.3,48,105.4,81,99.5,93,101.6,169,2004,0.783947998336135,18,11,0.6206896551724138,29
131,Colorado St.,MWC,13-16,+2.63,104.3,142,101.6,133,68.3,67,+.008,150,+5.86,61,106.8,52,100.9,75,+1.09,134,,MWC,68.3,67,104.3,142,49.9,123,24.2,296,30.3,234,49.6,5,101.6,133,47.6,88,18.5,294,31.5,141,49.3,316,68.3,67,68.9,128,104.3,142,99.3,198,101.6,133,103.7,224,2004,0.5748384936159956,13,16,0.4482758620689655,29
267,Columbia,Ivy,10-17,-10.76,95.2,290,105.9,208,67.5,102,-.032,240,-5.62,253,99.9,258,105.5,246,-4.03,249,,Ivy,67.5,102,95.2,290,50.6,99,26.0,319,28.2,281,34.2,238,105.9,208,51.7,265,24.0,39,28.8,44,50.6,320,67.5,102,69.4,111,95.2,290,94.6,278,105.9,208,101.0,153,2004,0.22707071500919745,10,17,0.37037037037037035,27
2,Connecticut,BE,33-6,+28.30,117.8,9,89.5,6,68.2,75,+.012,140,+8.93,18,107.7,27,98.8,14,-2.05,216,2,BE,68.2,75,117.8,9,53.2,25,19.3,55,40.8,3,34.5,233,89.5,6,41.5,1,16.6,322,29.3,57,24.8,5,68.2,75,69.8,94,117.8,9,112.4,10,89.5,6,91.7,7,2004,0.9592861438902202,33,6,0.8461538461538461,39
241,Coppin St.,MEAC,18-14,-7.05,95.0,291,102.0,141,61.7,298,+.041,68,-10.00,307,97.8,293,107.8,319,+5.49,44,,MEAC,61.7,298,95.0,291,47.2,247,22.7,240,31.7,176,39.1,110,102.0,141,47.2,69,23.3,53,28.6,37,38.8,203,61.7,298,63.7,298,95.0,291,95.8,266,102.0,141,94.6,31,2004,0.30627269211327396,18,14,0.5625,32
231,Cornell,Ivy,11-16,-6.57,100.1,213,106.7,232,68.3,68,-.096,314,-6.04,258,99.4,264,105.4,239,-4.15,252,,Ivy,68.3,68,100.1,213,48.1,209,20.8,130,33.0,126,38.6,123,106.7,232,49.9,184,21.6,140,29.4,64,34.4,112,68.3,68,69.6,105,100.1,213,100.3,175,106.7,232,101.3,158,2004,0.32425360092115196,11,16,0.4074074074074074,27
65,Creighton,MVC,20-9,+10.36,108.2,78,97.8,62,63.4,256,+.006,155,+1.13,140,103.5,160,102.3,122,-4.40,258,,MVC,63.4,256,108.2,78,51.0,86,20.5,108,31.0,208,39.9,91,97.8,62,47.6,87,21.4,158,28.0,23,31.2,47,63.4,256,64.1,288,108.2,78,105.5,79,97.8,62,95.4,43,2004,0.7617237201386607,20,9,0.6896551724137931,29
319,Dartmouth,Ivy,3-25,-24.48,87.8,316,112.3,312,62.0,295,-.040,254,-7.17,272,99.2,265,106.4,284,-9.20,309,,Ivy,62.0,295,87.8,316,46.1,279,21.7,186,17.5,325,29.8,301,112.3,312,51.1,242,20.2,226,31.4,134,35.9,146,62.0,295,63.4,302,87.8,316,88.2,318,112.3,312,107.1,292,2004,0.05570902708621518,3,25,0.10714285714285714,28
137,Davidson,SC,17-12,+1.55,103.6,148,102.1,143,66.3,144,+.043,65,-0.03,155,102.8,194,102.9,140,+15.04,1,,SC,66.3,144,103.6,148,49.8,126,24.3,299,32.0,165,37.3,166,102.1,143,49.6,173,20.0,236,28.6,35,32.2,62,66.3,144,70.8,59,103.6,148,100.0,178,102.1,143,100.2,133,2004,0.5418327180186822,17,12,0.5862068965517241,29
74,Dayton,A10,24-9,+9.75,108.1,80,98.4,71,62.2,289,+.084,23,+3.26,106,105.6,91,102.3,124,-1.55,205,10,A10,62.2,289,108.1,80,50.6,102,21.2,158,37.0,31,41.0,68,98.4,71,46.9,56,16.0,324,27.6,19,29.8,28,62.2,289,64.0,291,108.1,80,105.2,82,98.4,71,99.7,121,2004,0.7467178062233497,24,9,0.7272727272727273,33
58,DePaul,CUSA,22-10,+11.36,113.0,33,101.6,132,63.2,267,+.091,17,+5.83,62,106.4,64,100.6,71,-0.62,180,7,CUSA,63.2,267,113.0,33,51.3,80,19.9,87,36.7,37,38.5,133,101.6,132,48.4,128,18.0,308,31.6,144,32.1,58,63.2,267,64.8,265,113.0,33,107.8,43,101.6,132,103.4,214,2004,0.772583905078528,22,10,0.6875,32
150,Delaware,CAA,16-12,+0.62,99.3,231,98.6,79,68.9,56,+.028,96,-1.81,194,101.7,227,103.5,155,-6.37,283,,CAA,68.9,56,99.3,231,48.2,207,22.9,246,32.4,145,38.6,121,98.6,79,45.8,33,22.3,99,30.6,103,45.2,294,68.9,56,71.1,49,99.3,231,97.5,242,98.6,79,95.8,50,2004,0.5203274293508167,16,12,0.5714285714285714,28
251,Delaware St.,MEAC,13-15,-8.46,99.9,219,108.4,262,58.7,320,-.013,195,-8.31,288,97.5,294,105.8,256,+12.46,3,,MEAC,58.7,320,99.9,219,50.3,110,23.8,285,30.1,239,47.4,9,108.4,262,50.1,200,23.0,70,35.2,275,35.8,139,58.7,320,60.5,318,99.9,219,99.9,182,108.4,262,101.3,157,2004,0.28108790541059986,13,15,0.4642857142857143,28
178,Denver,SB,14-13,-2.02,103.9,146,105.9,207,64.8,200,+.021,115,-1.29,186,102.7,199,104.0,177,-1.30,199,,SB,64.8,200,103.9,146,49.4,153,19.8,80,31.0,209,36.4,185,105.9,207,49.8,181,19.5,259,30.4,98,33.2,77,64.8,200,66.7,203,103.9,146,102.5,121,105.9,207,103.6,220,2004,0.44540279170573227,14,13,0.5185185185185185,27
80,Detroit,Horz,19-11,+9.19,106.4,103,97.2,57,59.1,316,-.009,188,-0.14,158,103.8,149,104.0,175,+2.76,80,,Horz,59.1,316,106.4,103,51.4,73,21.5,168,36.5,41,32.3,271,97.2,57,46.9,58,22.8,77,28.4,32,44.2,278,59.1,316,61.5,313,106.4,103,105.0,86,97.2,57,96.3,58,2004,0.738850189883855,19,11,0.6333333333333333,30
155,Drake,MVC,12-16,-0.03,100.9,203,100.9,119,68.2,73,-.012,193,+2.24,119,104.2,137,101.9,109,-2.76,233,,MVC,68.2,73,100.9,203,46.1,280,21.9,195,32.0,164,43.6,37,100.9,119,54.5,318,28.0,2,34.5,258,35.2,130,68.2,73,69.8,95,100.9,203,97.3,248,100.9,119,100.3,134,2004,0.5,12,16,0.42857142857142855,28
99,Drexel,CAA,18-11,+5.78,106.7,100,100.9,118,67.7,95,-.017,206,-1.30,188,102.1,216,103.4,153,-5.62,277,,CAA,67.7,95,106.7,100,52.4,42,18.4,21,24.6,313,36.4,186,100.9,118,47.0,60,20.6,206,29.0,52,36.7,158,67.7,95,69.2,119,106.7,100,104.6,91,100.9,118,97.7,83,2004,0.6553746463854944,18,11,0.6206896551724138,29
1,Duke,ACC,31-6,+32.33,120.8,2,88.5,3,67.7,94,-.028,232,+12.59,7,109.5,7,96.9,4,+2.42,94,1,ACC,67.7,94,120.8,2,53.2,24,19.4,60,38.0,17,41.2,61,88.5,3,44.7,13,24.3,24,35.4,279,32.0,55,67.7,94,69.8,98,120.8,2,113.7,7,88.5,3,92.3,10,2004,0.9728284671515658,31,6,0.8378378378378378,37
146,Duquesne,A10,12-17,+1.01,104.5,136,103.5,169,67.5,104,-.052,271,+2.77,111,104.9,112,102.2,115,-6.28,280,,A10,67.5,104,104.5,136,50.8,92,21.2,155,29.3,257,37.5,159,103.5,169,48.3,125,19.9,245,33.7,230,38.5,196,67.5,104,68.3,147,104.5,136,101.6,150,103.5,169,103.5,216,2004,0.5276163097529948,12,17,0.41379310344827586,29
113,East Carolina,CUSA,13-14,+4.35,104.7,127,100.4,108,65.4,179,-.101,317,+1.63,129,102.7,200,101.0,85,-12.96,323,,CUSA,65.4,179,104.7,127,47.8,225,21.4,165,35.3,62,43.2,41,100.4,108,45.6,27,20.4,220,30.6,105,37.4,174,65.4,179,68.4,141,104.7,127,100.9,163,100.4,108,97.1,74,2004,0.6182848142072542,13,14,0.48148148148148145,27
85,East Tennessee St.,SC,27-6,+8.60,104.4,140,95.8,41,73.2,3,+.016,130,-2.39,214,102.2,210,104.6,201,+0.64,147,13,SC,73.2,3,104.4,140,50.9,89,20.7,124,31.0,206,36.5,182,95.8,41,47.3,75,25.1,16,32.7,191,26.3,8,73.2,3,75.6,6,104.4,140,102.8,115,95.8,41,92.8,15,2004,0.7288153375189119,27,6,0.8181818181818182,33
279,Eastern Illinois,OVC,6-21,-12.32,95.6,285,107.9,253,68.2,77,-.070,295,-2.05,202,104.2,136,106.2,278,+3.22,70,,OVC,68.2,77,95.6,285,48.1,214,23.0,249,31.2,194,31.1,287,107.9,253,52.8,299,20.4,216,30.8,119,47.4,306,68.2,77,69.7,101,95.6,285,95.3,270,107.9,253,107.6,298,2004,0.1991096129933731,6,21,0.2222222222222222,27
197,Eastern Kentucky,OVC,14-15,-4.18,102.2,172,106.4,227,67.2,115,-.050,268,-5.28,249,101.4,233,106.7,291,-6.60,290,,OVC,67.2,115,102.2,172,52.2,47,22.4,223,30.7,222,41.2,59,106.4,227,52.0,279,21.0,182,29.8,74,37.4,172,67.2,115,69.4,110,102.2,172,103.3,109,106.4,227,103.6,219,2004,0.38623886075821806,14,15,0.4827586206896552,29
216,Eastern Michigan,MAC,13-15,-5.17,99.2,232,104.4,179,68.0,87,-.031,237,-0.63,176,103.4,165,104.0,181,-5.10,267,,MAC,68.0,87,99.2,232,49.0,174,23.6,274,32.3,156,47.8,7,104.4,179,51.3,249,21.7,133,30.6,104,41.0,240,68.0,87,70.1,85,99.2,232,98.4,221,104.4,179,103.1,206,2004,0.35719625315884057,13,15,0.4642857142857143,28
125,Eastern Washington,BSky,17-13,+3.09,105.4,118,102.3,150,64.5,215,+.014,133,-0.25,162,103.3,176,103.5,156,+7.22,22,15,BSky,64.5,215,105.4,118,53.0,26,22.1,206,27.3,291,39.2,104,102.3,150,52.1,281,23.1,63,31.4,135,40.0,225,64.5,215,67.0,195,105.4,118,102.7,117,102.3,150,100.8,146,2004,0.5849941125047925,17,13,0.5666666666666667,30
252,Elon,SC,12-18,-8.69,99.0,237,107.7,251,65.4,182,+.012,138,-2.08,203,102.0,219,104.1,183,+2.94,74,,SC,65.4,182,99.0,237,47.8,224,24.2,297,34.0,98,28.3,311,107.7,251,52.9,304,22.7,82,33.1,206,40.6,231,65.4,182,69.3,113,99.0,237,96.6,257,107.7,251,105.0,257,2004,0.27515127485250424,12,18,0.4,30
208,Evansville,MVC,7-22,-4.76,104.7,130,109.4,282,67.5,100,-.062,284,+4.39,91,104.2,132,99.9,36,+4.16,58,,MVC,67.5,100,104.7,130,52.1,51,22.5,226,25.1,309,36.9,175,109.4,282,50.3,210,16.2,323,30.4,97,40.9,237,67.5,100,67.9,170,104.7,130,99.0,205,109.4,282,109.1,307,2004,0.3763698034060349,7,22,0.2413793103448276,29
311,FIU,SB,5-22,-20.85,84.0,321,104.8,186,62.1,291,-.015,201,-1.14,184,103.4,166,104.5,199,-2.69,231,,SB,62.1,291,84.0,321,44.0,314,29.0,324,31.4,185,38.0,144,104.8,186,50.6,223,21.2,169,34.2,247,37.6,176,62.1,291,65.0,261,84.0,321,82.6,321,104.8,186,104.3,244,2004,0.07281540144795788,5,22,0.18518518518518517,27
106,Fairfield,MAAC,19-11,+4.95,102.2,171,97.3,58,62.1,290,+.025,103,-2.12,206,102.9,188,105.0,218,+2.62,87,,MAAC,62.1,290,102.2,171,47.1,249,20.2,98,33.7,111,37.2,168,97.3,58,46.4,45,22.1,116,31.4,139,37.2,169,62.1,290,65.2,256,102.2,171,101.8,140,97.3,58,96.0,53,2004,0.6376146414622095,19,11,0.6333333333333333,30
226,Fairleigh Dickinson,NEC,17-12,-6.23,100.1,214,106.3,225,64.1,229,+.049,58,-8.86,293,99.0,271,107.8,320,-2.01,215,,NEC,64.1,229,100.1,214,48.5,193,17.7,11,29.7,247,27.9,315,106.3,225,49.0,152,22.6,86,33.3,212,43.0,262,64.1,229,66.4,218,100.1,214,102.2,129,106.3,225,101.3,155,2004,0.33378855337413577,17,12,0.5862068965517241,29
25,Florida,SEC,20-11,+18.26,116.9,12,98.6,78,65.9,162,-.023,222,+9.60,13,107.9,24,98.3,11,+0.08,163,5,SEC,65.9,162,116.9,12,55.5,8,21.1,148,29.2,259,35.7,203,98.6,78,47.5,83,19.1,273,30.8,120,36.9,161,65.9,162,68.6,136,116.9,12,110.8,18,98.6,78,100.8,147,2004,0.8762998114231434,20,11,0.6451612903225806,31
256,Florida A&M,MEAC,15-17,-9.35,98.9,239,108.3,257,70.9,15,+.005,156,-9.84,306,96.9,305,106.7,293,+1.67,120,16,MEAC,70.9,15,98.9,239,49.1,171,22.8,245,29.6,251,42.9,48,108.3,257,51.4,251,25.0,18,34.3,253,45.1,292,70.9,15,72.6,25,98.9,239,99.6,193,108.3,257,101.4,164,2004,0.26034945982419205,15,17,0.46875,32
245,Florida Atlantic,ASun,9-19,-7.28,99.9,220,107.2,241,71.1,13,-.187,326,-5.93,256,101.1,240,107.0,304,-3.27,241,,ASun,71.1,13,99.9,220,48.5,190,20.7,119,34.9,68,28.3,312,107.2,241,51.4,255,22.3,104,33.0,203,40.2,228,71.1,13,73.5,16,99.9,220,101.7,147,107.2,241,103.5,217,2004,0.3076656261407285,9,19,0.32142857142857145,28
26,Florida St.,ACC,19-14,+17.48,109.0,74,91.5,14,64.3,221,-.090,310,+10.38,12,109.1,13,98.7,12,-6.81,293,,ACC,64.3,221,109.0,74,51.7,61,22.4,224,32.6,143,33.5,253,91.5,14,47.0,59,23.4,51,31.7,150,35.2,131,64.3,221,67.5,181,109.0,74,103.0,111,91.5,14,94.6,32,2004,0.8821139189756494,19,14,0.5757575757575758,33
262,Fordham,A10,6-22,-9.91,96.5,276,106.4,226,66.4,139,+.014,135,+5.59,67,106.3,68,100.8,74,+3.60,65,,A10,66.4,139,96.5,276,47.0,253,23.6,275,27.9,284,31.3,283,106.4,226,51.9,278,22.6,85,40.9,326,32.0,56,66.4,139,68.2,154,96.5,276,90.7,305,106.4,226,108.4,302,2004,0.2454330997763886,6,22,0.21428571428571427,28
91,Fresno St.,WAC,14-15,+7.09,106.7,99,99.6,97,58.7,319,-.066,287,+5.37,74,105.9,79,100.5,67,+2.19,106,,WAC,58.7,319,106.7,99,49.6,136,21.5,170,34.0,99,33.2,260,99.6,97,47.6,92,15.5,326,26.1,4,31.3,48,58.7,319,60.1,321,106.7,99,102.0,132,99.6,97,100.6,142,2004,0.6882345230692617,14,15,0.4827586206896552,29
164,Furman,SC,17-12,-0.76,101.6,188,102.4,153,66.6,132,-.080,306,-5.34,251,100.3,252,105.6,250,-7.29,298,,SC,66.6,132,101.6,188,51.5,70,21.5,173,30.1,237,35.6,205,102.4,153,47.9,107,21.2,170,28.7,41,33.3,82,66.6,132,70.3,74,101.6,188,102.4,123,102.4,153,97.1,76,2004,0.477466139589217,17,12,0.5862068965517241,29
277,Gardner Webb,ASun,9-20,-12.03,97.2,264,109.3,279,65.8,167,-.031,238,-2.87,221,102.1,212,105.0,217,+7.97,15,,ASun,65.8,167,97.2,264,47.7,230,23.4,268,31.3,191,23.9,326,109.3,279,51.7,267,18.7,286,32.8,195,30.6,38,65.8,167,68.9,130,97.2,264,95.8,265,109.3,279,106.4,281,2004,0.20599377314281234,9,20,0.3103448275862069,29
96,George Mason,CAA,23-10,+6.24,103.0,155,96.8,52,67.5,103,+.093,15,+0.36,148,103.0,183,102.6,136,-0.35,174,,CAA,67.5,103,103.0,155,49.5,140,21.5,169,31.2,197,39.8,92,96.8,52,48.9,146,24.0,38,32.2,172,30.1,30,67.5,103,70.2,81,103.0,155,100.8,166,96.8,52,95.8,49,2004,0.6712718171853839,23,10,0.696969696969697,33
50,George Washington,A10,18-12,+13.08,112.6,35,99.5,94,68.3,69,-.032,239,+5.32,76,105.6,89,100.3,55,+1.78,118,,A10,68.3,69,112.6,35,51.2,81,21.7,185,37.5,23,38.7,119,99.5,94,49.6,175,23.1,58,33.3,213,39.6,220,68.3,69,69.8,97,112.6,35,107.4,49,99.5,94,100.2,130,2004,0.8057091914159685,18,12,0.6,30
124,Georgetown,BE,13-15,+3.10,99.1,235,96.0,44,68.4,66,-.053,273,+2.93,109,104.2,134,101.3,91,-10.85,320,,BE,68.4,66,99.1,235,45.7,290,21.5,174,32.6,140,35.5,207,96.0,44,48.6,134,26.7,9,36.2,293,35.8,141,68.4,66,69.2,118,99.1,235,96.3,262,96.0,44,95.2,42,2004,0.5903673949034925,13,15,0.4642857142857143,28
76,Georgia,SEC,16-14,+9.54,108.1,82,98.5,75,62.3,287,+.029,93,+8.84,20,107.7,30,98.8,16,-5.31,272,,SEC,62.3,287,108.1,82,48.2,206,22.8,243,36.5,40,44.2,24,98.5,75,50.9,232,23.4,52,30.0,84,37.4,173,62.3,287,64.4,277,108.1,82,101.7,146,98.5,75,101.4,162,2004,0.7445022040493732,16,14,0.5333333333333333,30
143,Georgia Southern,SC,21-8,+1.27,100.9,204,99.6,98,72.5,8,-.016,205,-6.46,261,99.6,260,106.1,270,-8.44,307,,SC,72.5,8,100.9,204,48.2,204,20.6,114,33.3,119,37.9,146,99.6,98,49.1,155,26.6,10,31.3,132,48.9,313,72.5,8,76.6,2,100.9,204,101.9,136,99.6,98,94.2,29,2004,0.5372133761476698,21,8,0.7241379310344828,29
134,Georgia St.,ASun,20-9,+1.88,104.5,139,102.6,156,65.5,175,+.040,70,-5.19,248,101.6,229,106.8,294,+6.99,24,,ASun,65.5,175,104.5,139,52.6,39,22.0,202,35.0,67,33.7,249,102.6,156,46.4,42,20.8,187,35.5,280,33.6,90,65.5,175,68.2,150,104.5,139,106.4,65,102.6,156,99.7,122,2004,0.5525588924790468,20,9,0.6896551724137931,29
8,Georgia Tech,ACC,28-10,+24.69,113.5,28,88.8,4,69.1,49,+.008,148,+13.74,3,110.8,2,97.1,5,+0.97,138,3,ACC,69.1,49,113.5,28,52.5,40,20.9,137,31.1,203,38.3,137,88.8,4,43.7,5,22.7,80,33.6,223,40.8,235,69.1,49,71.8,33,113.5,28,105.9,72,88.8,4,92.8,13,2004,0.9438683117218767,28,10,0.7368421052631579,38
7,Gonzaga,WCC,28-3,+25.34,120.8,3,95.5,36,66.6,128,+.013,136,+3.28,105,105.5,94,102.2,116,+7.00,23,2,WCC,66.6,128,120.8,3,56.5,3,19.1,50,37.3,25,41.0,67,95.5,36,44.4,9,18.1,306,28.2,26,28.4,20,66.6,128,69.0,124,120.8,3,117.9,1,95.5,36,95.0,39,2004,0.9371807986179477,28,3,0.9032258064516129,31
299,Grambling St.,SWAC,11-18,-15.43,93.4,298,108.9,272,69.1,48,-.041,257,-10.06,308,95.5,314,105.6,248,+8.52,12,,SWAC,69.1,48,93.4,298,47.8,226,22.2,212,26.9,298,34.2,236,108.9,272,49.9,189,21.0,181,29.3,59,45.2,293,69.1,48,71.5,39,93.4,298,91.9,296,108.9,272,100.5,139,2004,0.1460785307662377,11,18,0.3793103448275862,29
156,Green Bay,Horz,17-11,-0.04,101.7,186,101.7,136,63.1,269,+.105,7,-0.38,167,103.9,145,104.3,192,-2.36,222,,Horz,63.1,269,101.7,186,48.3,199,20.6,116,27.0,295,38.9,115,101.7,136,49.0,153,21.6,147,31.2,129,35.5,134,63.1,269,64.6,271,101.7,186,100.0,181,101.7,136,100.5,141,2004,0.5,17,11,0.6071428571428571,28
268,Hampton,MEAC,13-17,-10.91,98.2,249,109.2,276,68.3,70,-.022,218,-9.42,301,97.0,301,106.4,286,+2.38,96,,MEAC,68.3,70,98.2,249,48.8,178,24.5,302,33.4,115,40.7,73,109.2,276,47.8,101,21.8,129,31.3,131,48.7,312,68.3,70,70.1,82,98.2,249,98.1,233,109.2,276,100.3,138,2004,0.22775862601114205,13,17,0.43333333333333335,30
295,Hartford,AE,12-17,-14.16,95.6,286,109.7,284,64.0,235,+.041,67,-7.12,271,98.2,283,105.3,231,-3.53,244,,AE,64.0,235,95.6,286,46.8,258,23.3,262,32.6,141,31.9,275,109.7,284,51.9,277,21.7,135,30.8,115,43.8,273,64.0,235,65.8,234,95.6,286,94.7,277,109.7,284,103.7,223,2004,0.17049399212468064,12,17,0.41379310344827586,29
307,Harvard,Ivy,4-23,-18.14,90.0,311,108.1,256,70.8,18,-.046,261,-4.46,242,100.1,255,104.6,202,-3.15,239,,Ivy,70.8,18,90.0,311,44.7,302,25.9,317,29.5,252,35.7,202,108.1,256,53.1,306,22.1,114,33.1,208,42.8,260,70.8,18,71.9,31,90.0,311,88.7,316,108.1,256,104.8,254,2004,0.1083853476439308,4,23,0.14814814814814814,27
78,Hawaii,WAC,21-12,+9.27,109.8,62,100.6,113,65.3,184,+.023,107,+4.31,94,105.3,99,101.0,83,-4.46,259,,WAC,65.3,184,109.8,62,51.6,66,19.8,82,34.1,92,30.3,292,100.6,113,48.1,114,20.8,194,36.2,295,33.9,101,65.3,184,66.1,227,109.8,62,106.1,70,100.6,113,101.3,161,2004,0.7323042746905222,21,12,0.6363636363636364,33
255,High Point,BSth,19-11,-9.19,97.9,256,107.1,240,69.3,43,+.107,6,-9.52,304,96.3,308,105.9,263,-1.14,194,,BSth,69.3,43,97.9,256,48.9,175,23.4,267,33.9,106,38.5,129,107.1,240,49.0,147,23.0,67,33.4,217,34.7,120,69.3,43,71.4,42,97.9,256,98.1,231,107.1,240,98.1,90,2004,0.2625244100248524,19,11,0.6333333333333333,30
140,Hofstra,CAA,14-15,+1.42,105.7,113,104.3,178,67.4,107,-.007,183,+1.52,132,102.9,190,101.3,92,+5.24,45,,CAA,67.4,107,105.7,113,48.2,205,22.5,233,39.1,10,34.6,231,104.3,178,50.2,207,21.5,153,29.7,72,39.0,210,67.4,107,70.0,86,105.7,113,101.3,156,104.3,178,101.7,173,2004,0.538258969147294,14,15,0.4827586206896552,29
171,Holy Cross,Pat,13-15,-1.23,96.8,270,98.0,65,63.4,254,-.141,325,-7.92,280,97.4,296,105.3,230,-1.34,200,,Pat,63.4,254,96.8,270,46.4,272,20.9,133,35.0,65,39.4,102,98.0,65,44.6,11,25.9,15,29.4,61,44.2,279,63.4,254,64.5,275,96.8,270,97.2,250,98.0,65,89.7,3,2004,0.4646377451196899,13,15,0.4642857142857143,28
220,Houston,CUSA,9-18,-5.50,93.9,294,99.4,91,61.0,308,+.020,117,+2.28,118,104.6,126,102.3,118,-2.49,227,,CUSA,61.0,308,93.9,294,44.3,310,20.8,131,28.0,283,33.1,261,99.4,91,45.5,26,20.7,198,33.3,214,43.7,272,61.0,308,63.7,299,93.9,294,90.5,307,99.4,91,99.2,113,2004,0.3419537180365806,9,18,0.3333333333333333,27
309,Howard,MEAC,6-22,-19.39,87.4,318,106.8,234,65.9,166,-.083,307,-12.28,321,96.0,311,108.2,325,-5.14,270,,MEAC,65.9,166,87.4,318,44.6,303,23.4,265,30.4,231,31.2,284,106.8,234,47.1,64,23.1,61,31.6,147,50.7,321,65.9,166,66.8,198,87.4,318,89.9,310,106.8,234,98.1,89,2004,0.09068328492732125,6,22,0.21428571428571427,28
286,IPFW,ind,3-25,-12.89,97.8,257,110.7,296,64.4,218,-.038,248,+3.21,107,105.7,87,102.5,130,+4.98,47,,ind,64.4,218,97.8,257,46.9,257,22.2,215,29.9,241,32.1,273,110.7,296,52.3,290,16.9,321,29.8,75,38.6,198,64.4,218,65.7,240,97.8,257,93.2,292,110.7,296,110.8,317,2004,0.19390370773104773,3,25,0.10714285714285714,28
117,IUPUI,MCon,21-11,+3.85,110.7,54,106.9,235,64.5,213,-.017,207,-2.48,217,103.3,171,105.8,259,+2.28,98,,MCon,64.5,213,110.7,54,51.4,75,18.5,27,34.4,81,43.9,31,106.9,235,51.5,259,18.5,295,31.7,152,32.4,67,64.5,213,66.4,217,110.7,54,111.5,14,106.9,235,105.7,268,2004,0.5990948937604207,21,11,0.65625,32
158,Idaho,BW,14-16,-0.31,99.7,224,100.0,103,63.4,258,-.010,191,+0.50,145,104.1,141,103.6,159,+5.91,37,,BW,63.4,258,99.7,224,44.9,297,19.7,78,31.9,169,37.4,164,100.0,103,50.0,190,23.1,59,30.7,109,45.7,297,63.4,258,64.4,279,99.7,224,97.7,238,100.0,103,99.5,117,2004,0.491362895819481,14,16,0.4666666666666667,30
263,Idaho St.,BSky,13-18,-10.15,101.5,189,111.6,306,69.4,39,+.093,16,-1.87,197,101.9,220,103.8,167,+1.96,111,,BSky,69.4,39,101.5,189,50.7,98,18.5,31,21.3,323,33.6,251,111.6,306,52.6,295,22.2,106,38.5,319,35.1,127,69.4,39,72.0,28,101.5,189,98.3,222,111.6,306,108.4,304,2004,0.2514458492234009,13,18,0.41935483870967744,31
13,Illinois,B10,26-7,+22.11,117.8,8,95.7,39,63.5,252,+.055,47,+8.13,26,107.7,28,99.5,26,+2.52,89,5,B10,63.5,252,117.8,8,52.8,33,18.0,15,35.6,56,30.1,297,95.7,39,47.1,65,21.5,156,31.5,140,35.8,144,63.5,252,64.8,266,117.8,8,111.8,12,95.7,39,97.1,75,2004,0.9160119348517943,26,7,0.7878787878787878,33
63,Illinois Chicago,Horz,24-8,+10.39,107.5,86,97.1,54,64.6,208,+.037,78,-0.52,171,103.6,153,104.1,182,-2.97,236,13,Horz,64.6,208,107.5,86,49.5,144,19.0,44,36.7,39,39.0,114,97.1,54,49.5,171,24.7,20,30.7,107,34.4,111,64.6,208,65.8,237,107.5,86,105.6,78,97.1,54,95.5,44,2004,0.7631665124112662,24,8,0.75,32
177,Illinois St.,MVC,10-19,-1.98,101.4,191,103.4,166,61.5,301,-.061,282,+3.35,103,104.8,117,101.4,97,+1.49,124,,MVC,61.5,301,101.4,191,50.0,121,23.0,251,27.3,290,36.0,193,103.4,166,51.3,247,21.1,173,29.4,60,43.2,263,61.5,301,62.9,308,101.4,191,97.6,240,103.4,166,103.7,226,2004,0.44408077939677437,10,19,0.3448275862068966,29
94,Indiana,B10,14-15,+6.81,105.3,120,98.4,72,64.0,234,+.053,53,+8.97,17,109.3,8,100.3,53,+8.13,14,,B10,64.0,234,105.3,120,45.9,284,18.6,33,31.7,175,32.7,268,98.4,72,47.1,66,18.1,307,32.6,184,33.2,78,64.0,234,64.4,278,105.3,120,99.3,199,98.4,72,103.2,210,2004,0.6855475680557471,14,15,0.4827586206896552,29
190,Indiana St.,MVC,9-19,-3.69,97.0,269,100.7,115,59.9,312,-.069,294,+1.72,127,104.2,135,102.5,131,-2.40,225,,MVC,59.9,312,97.0,269,47.2,244,21.4,166,27.1,292,31.7,278,100.7,115,50.0,190,22.3,100,31.6,146,32.0,54,59.9,312,61.6,312,97.0,269,94.0,283,100.7,115,100.5,140,2004,0.39400683648549856,9,19,0.32142857142857145,28
193,Iona,MAAC,11-18,-3.98,101.6,187,105.6,199,69.2,45,-.051,270,-1.75,192,102.3,205,104.1,185,+2.89,75,,MAAC,69.2,45,101.6,187,49.0,173,21.7,183,33.3,117,38.2,141,105.6,199,47.9,106,18.6,287,32.3,175,38.1,186,69.2,45,71.8,32,101.6,187,99.5,194,105.6,199,103.3,211,2004,0.39077145165823346,11,18,0.3793103448275862,29
69,Iowa,B10,16-13,+10.10,106.7,98,96.6,49,68.5,64,-.015,200,+7.21,34,106.7,54,99.5,25,+2.02,110,,B10,68.5,64,106.7,98,51.4,78,22.4,225,31.6,179,47.5,8,96.6,49,46.6,49,19.1,274,28.2,28,33.4,88,68.5,64,69.5,107,106.7,98,101.1,157,96.6,49,98.2,91,2004,0.7583377536300263,16,13,0.5517241379310345,29
64,Iowa St.,B12,20-13,+10.37,109.2,69,98.8,83,69.7,34,+.064,35,+8.62,22,108.1,18,99.5,24,-0.48,176,,B12,69.7,34,109.2,69,50.4,107,20.4,106,34.8,70,36.0,196,98.8,83,49.3,160,21.1,172,34.1,242,30.3,35,69.7,34,71.1,48,109.2,69,103.4,105,98.8,83,102.0,178,2004,0.759686179814819,20,13,0.6060606060606061,33
291,Jackson St.,SWAC,12-17,-13.87,88.4,314,102.2,147,68.2,78,-.008,186,-11.06,312,95.6,313,106.6,290,+3.82,62,,SWAC,68.2,78,88.4,314,43.8,317,23.9,289,29.7,248,42.5,52,102.2,147,45.7,30,27.3,7,33.8,235,52.1,322,68.2,78,70.3,76,88.4,314,89.3,313,102.2,147,92.8,14,2004,0.15866609612200241,12,17,0.41379310344827586,29
289,Jacksonville,ASun,13-15,-13.11,97.2,267,110.3,291,67.6,96,+.103,9,-6.58,262,100.0,256,106.6,289,-9.71,315,,ASun,67.6,96,97.2,267,49.9,122,24.7,306,34.9,69,40.1,87,110.3,291,50.6,222,21.4,161,39.0,324,34.7,118,67.6,96,70.4,70,97.2,267,98.3,224,110.3,291,106.0,277,2004,0.18938949330167654,13,15,0.4642857142857143,28
239,Jacksonville St.,OVC,14-14,-6.96,104.8,126,111.7,308,67.3,111,-.026,228,-7.68,275,99.9,257,107.6,315,-13.61,326,,OVC,67.3,111,104.8,126,52.3,46,19.6,73,31.8,171,37.4,163,111.7,308,50.7,225,20.2,227,34.1,245,44.4,281,67.3,111,69.3,115,104.8,126,106.2,68,111.7,308,107.0,290,2004,0.32447673853747394,14,14,0.5,28
264,James Madison,CAA,7-21,-10.19,99.8,222,110.0,287,64.3,219,-.005,180,-0.46,169,101.5,232,102.0,111,-4.28,257,,CAA,64.3,219,99.8,222,46.6,265,19.3,54,29.6,249,29.1,307,110.0,287,51.8,271,22.3,103,38.1,315,41.8,248,64.3,219,66.7,202,99.8,222,96.9,252,110.0,287,107.0,291,2004,0.2461800999459367,7,21,0.25,28
18,Kansas,B12,24-9,+20.89,112.3,38,91.4,13,69.4,40,+.017,125,+10.39,11,109.2,10,98.8,15,+6.53,30,4,B12,69.4,40,112.3,38,51.6,64,20.6,117,33.8,110,39.4,101,91.4,13,44.3,7,19.6,258,30.8,116,35.8,142,69.4,40,70.9,55,112.3,38,106.0,71,91.4,13,95.6,47,2004,0.9143681829530452,24,9,0.7272727272727273,33
83,Kansas St.,B12,14-14,+8.89,104.6,131,95.7,40,64.9,199,-.080,305,+5.49,71,106.9,47,101.4,95,-8.19,304,,B12,64.9,199,104.6,131,48.5,192,20.7,120,34.4,79,37.0,172,95.7,40,45.4,24,20.0,237,31.4,136,32.5,69,64.9,199,67.4,185,104.6,131,101.7,145,95.7,40,96.5,62,2004,0.7354866004165227,14,14,0.5,28
75,Kent St.,MAC,22-9,+9.68,106.9,97,97.2,56,65.6,172,+.009,145,+0.37,147,104.1,139,103.8,166,+1.51,123,,MAC,65.6,172,106.9,97,51.3,79,19.4,58,32.2,157,32.4,269,97.2,56,47.9,104,23.4,49,30.6,106,38.0,181,65.6,172,66.6,208,106.9,97,106.8,58,97.2,56,96.6,63,2004,0.7491183608567554,22,9,0.7096774193548387,31
10,Kentucky,SEC,27-5,+23.35,113.5,26,90.1,7,66.1,151,+.031,87,+8.97,16,108.3,16,99.3,21,+3.47,67,1,SEC,66.1,151,113.5,26,52.8,32,21.2,153,36.0,49,34.3,234,90.1,7,46.1,36,23.0,71,29.0,53,33.8,96,66.1,151,68.2,153,113.5,26,107.6,46,90.1,7,93.3,19,2004,0.9343277442708715,27,5,0.84375,32
303,LIU Brooklyn,NEC,8-19,-16.60,92.8,302,109.4,281,71.0,14,+.006,153,-9.11,297,98.4,279,107.5,312,-5.40,273,,NEC,71.0,14,92.8,302,48.1,215,24.2,298,30.7,223,39.6,96,109.4,281,47.4,79,18.2,302,32.8,194,32.2,61,71.0,14,73.0,21,92.8,302,94.3,281,109.4,281,103.1,208,2004,0.13096094960778906,8,19,0.2962962962962963,27
70,LSU,SEC,18-11,+10.04,107.0,96,96.9,53,63.6,246,+.054,51,+6.37,49,106.1,77,99.7,29,-4.84,264,,SEC,63.6,246,107.0,96,49.8,128,21.9,197,33.8,109,45.6,15,96.9,53,46.6,52,18.6,292,30.3,92,26.6,12,63.6,246,65.4,250,107.0,96,101.3,155,96.9,53,97.9,85,2004,0.7577195019189078,18,11,0.6206896551724138,29
183,La Salle,A10,10-20,-3.02,103.0,156,106.1,211,64.1,231,-.023,223,+3.36,102,105.2,103,101.8,106,-2.07,217,,A10,64.1,231,103.0,156,46.5,269,20.2,97,31.1,204,36.3,187,106.1,211,51.5,256,20.6,208,35.6,281,34.4,113,64.1,231,65.7,242,103.0,156,98.5,220,106.1,211,106.4,283,2004,0.4155641180137194,10,20,0.3333333333333333,30
218,Lafayette,Pat,18-10,-5.28,106.6,102,111.9,309,68.2,74,+.074,26,-6.81,266,97.8,291,104.6,204,+0.83,142,,Pat,68.2,74,106.6,102,55.3,10,21.7,180,25.9,306,40.6,76,111.9,309,47.7,96,18.6,290,35.3,278,32.1,59,68.2,74,69.2,117,106.6,102,105.7,75,111.9,309,103.7,225,2004,0.36400937699681435,18,10,0.6428571428571429,28
284,Lamar,Slnd,11-18,-12.63,97.2,265,109.8,285,73.5,2,-.041,256,-6.69,263,99.0,270,105.7,251,-0.76,182,,Slnd,73.5,2,97.2,265,45.9,286,19.5,67,32.1,163,34.8,224,109.8,285,51.0,239,24.4,22,37.8,313,33.8,95,73.5,2,76.9,1,97.2,265,97.8,237,109.8,285,104.3,241,2004,0.19754126997615842,11,18,0.3793103448275862,29
240,Lehigh,Pat,20-11,-7.01,97.7,259,104.7,185,63.4,257,+.055,46,-11.50,314,95.4,316,106.9,298,-9.88,316,16,Pat,63.4,257,97.7,259,47.4,238,21.7,184,30.8,219,36.6,180,104.7,185,46.4,44,20.7,196,30.1,87,36.3,152,63.4,257,65.2,255,97.7,259,99.1,202,104.7,185,95.9,51,2004,0.3109306704804825,20,11,0.6451612903225806,31
181,Liberty,BSth,18-15,-2.50,98.3,248,100.8,116,67.5,101,+.000,171,-5.73,254,100.5,248,106.2,279,+5.71,40,16,BSth,67.5,101,98.3,248,48.0,219,22.6,238,35.2,63,33.7,250,100.8,116,47.6,91,21.6,141,32.3,178,34.6,117,67.5,101,69.6,103,98.3,248,98.3,225,100.8,116,96.4,59,2004,0.42829405387153663,18,15,0.5454545454545454,33
306,Lipscomb,ASun,7-21,-17.50,96.8,271,114.3,324,66.2,145,-.032,241,-4.27,239,102.1,213,106.4,283,+2.45,91,,ASun,66.2,145,96.8,271,49.2,162,21.8,189,28.4,276,40.6,77,114.3,324,50.8,229,17.4,317,37.3,307,35.7,137,66.2,145,69.2,116,96.8,271,97.3,247,114.3,324,112.4,324,2004,0.12886123762354812,7,21,0.25,28
294,Long Beach St.,BW,6-21,-14.09,96.2,278,110.3,290,65.3,183,-.008,185,-0.71,177,103.5,155,104.2,189,-1.35,201,,BW,65.3,183,96.2,278,45.8,288,22.6,236,32.2,160,36.0,194,110.3,290,51.1,240,19.7,250,38.7,320,38.7,202,65.3,183,66.4,219,96.2,278,93.9,287,110.3,290,109.6,313,2004,0.17180229404110342,6,21,0.2222222222222222,27
67,Louisiana Lafayette,SB,20-9,+10.23,109.2,68,99.0,85,69.1,52,+.006,154,+0.84,141,103.8,150,103.0,141,+10.92,6,14,SB,69.1,52,109.2,68,52.9,31,20.5,109,34.3,85,34.2,237,99.0,85,49.4,166,24.4,23,38.4,318,31.0,44,69.1,52,70.2,80,109.2,68,107.4,48,99.0,85,99.2,112,2004,0.7554149226169053,20,9,0.6896551724137931,29
275,Louisiana Monroe,Slnd,12-19,-11.86,93.2,300,105.0,191,68.5,63,+.030,91,-3.57,228,101.5,231,105.1,223,+4.64,51,,Slnd,68.5,63,93.2,300,45.5,294,23.8,288,32.3,154,35.0,220,105.0,191,49.8,182,21.4,164,34.2,249,43.6,271,68.5,63,71.8,35,93.2,300,91.9,297,105.0,191,102.1,181,2004,0.20246717365751646,12,19,0.3870967741935484,31
119,Louisiana Tech,WAC,15-15,+3.80,102.6,167,98.8,82,64.9,197,-.018,211,+5.32,77,105.4,96,100.1,42,-1.03,189,,WAC,64.9,197,102.6,167,46.7,263,23.2,258,37.2,28,37.2,170,98.8,82,47.3,76,18.9,277,28.1,25,33.7,93,64.9,197,67.0,192,102.6,167,98.0,234,98.8,82,98.8,104,2004,0.6068317116671175,15,15,0.5,30
19,Louisville,CUSA,20-10,+20.44,107.1,94,86.6,1,67.4,106,-.079,303,+7.09,39,107.0,43,99.9,37,+4.23,57,10,CUSA,67.4,106,107.1,94,48.8,179,19.4,62,31.3,190,36.5,183,86.6,1,43.4,3,24.1,28,30.0,81,37.1,168,67.4,106,69.7,102,107.1,94,103.6,102,86.6,1,87.7,1,2004,0.9200720487759076,20,10,0.6666666666666666,30
191,Loyola Chicago,Horz,9-20,-3.94,101.0,198,104.9,189,69.8,31,+.008,147,+2.92,110,105.3,100,102.3,123,+5.50,43,,Horz,69.8,31,101.0,198,47.6,232,21.8,190,30.7,221,37.3,167,104.9,189,51.4,254,20.5,213,33.0,204,34.6,116,69.8,31,70.6,64,101.0,198,97.6,239,104.9,189,105.7,269,2004,0.39276593348285654,9,20,0.3103448275862069,29
315,Loyola MD,MAAC,1-27,-23.48,89.5,312,113.0,318,66.0,157,-.039,252,-4.17,236,100.9,244,105.1,222,-8.11,303,,MAAC,66.0,157,89.5,312,43.9,316,22.7,242,26.9,296,31.3,282,113.0,318,52.8,300,18.2,303,32.5,181,34.3,108,66.0,157,67.9,168,89.5,312,88.7,317,113.0,318,109.6,311,2004,0.06409091462058747,1,27,0.03571428571428571,28
182,Loyola Marymount,WCC,15-14,-2.81,97.4,263,100.2,105,66.3,143,+.074,28,-0.79,180,104.7,122,105.5,243,-4.28,256,,WCC,66.3,143,97.4,263,47.3,241,21.2,161,30.9,217,30.2,294,100.2,105,48.2,117,22.3,102,35.3,276,40.1,227,66.3,143,69.1,123,97.4,263,96.6,258,100.2,105,99.7,123,2004,0.4192305762903047,15,14,0.5172413793103449,29
204,Maine,AE,20-10,-4.57,99.0,238,103.5,172,65.4,178,+.040,69,-10.14,309,96.2,310,106.3,282,-10.69,319,,AE,65.4,178,99.0,238,50.2,113,22.0,200,26.6,302,40.3,81,103.5,172,44.9,15,19.2,268,28.7,42,30.9,43,65.4,178,66.4,216,99.0,238,99.7,189,103.5,172,94.9,36,2004,0.3749133682698218,20,10,0.6666666666666666,30
48,Manhattan,MAAC,25-6,+13.38,109.1,71,95.7,38,65.0,194,+.012,139,-1.77,193,103.2,177,105.0,220,+1.31,130,12,MAAC,65.0,194,109.1,71,49.4,150,18.2,19,33.0,127,46.3,11,95.7,38,46.2,39,24.0,34,31.6,143,41.9,249,65.0,194,68.1,159,109.1,71,109.1,28,95.7,38,94.2,27,2004,0.8186215022804885,25,6,0.8064516129032258,31
292,Marist,MAAC,6-22,-13.91,93.1,301,107.0,239,64.0,233,-.047,263,-3.62,231,101.7,226,105.3,233,-4.74,262,,MAAC,64.0,233,93.1,301,44.3,309,20.7,127,28.7,270,26.8,319,107.0,239,51.6,262,21.3,165,31.8,157,36.2,148,64.0,233,67.5,182,93.1,301,91.5,300,107.0,239,104.2,239,2004,0.16794269745513424,6,22,0.21428571428571427,28
92,Marquette,CUSA,19-12,+7.03,111.7,44,104.6,182,64.2,223,+.020,118,+3.10,108,104.3,131,101.2,90,-6.50,286,,CUSA,64.2,223,111.7,44,49.6,133,20.5,110,36.9,32,39.9,89,104.6,182,50.3,211,19.8,248,32.1,169,36.6,157,64.2,223,66.8,200,111.7,44,106.8,59,104.6,182,103.1,209,2004,0.6803196728717138,19,12,0.6129032258064516,31
180,Marshall,MAC,12-17,-2.44,101.2,195,103.6,173,68.2,72,+.039,71,+2.29,117,105.4,95,103.1,145,+4.01,60,,MAC,68.2,72,101.2,195,48.3,196,23.6,278,35.5,59,44.0,29,103.6,173,49.0,149,19.6,255,34.6,259,36.2,151,68.2,72,70.2,79,101.2,195,98.6,218,103.6,173,104.8,252,2004,0.43301914665518915,12,17,0.41379310344827586,29
22,Maryland,ACC,20-12,+19.81,110.9,52,91.1,10,71.1,12,-.009,189,+14.09,1,112.1,1,98.0,8,-1.13,192,4,ACC,71.1,12,110.9,52,48.2,208,20.1,94,37.7,20,41.6,58,91.1,10,46.5,47,22.5,95,31.8,155,38.7,200,71.1,12,73.6,15,110.9,52,103.9,97,91.1,10,96.6,64,2004,0.9056564844477418,20,12,0.625,32
322,Maryland Eastern Shore,MEAC,8-21,-24.91,91.0,307,115.9,326,61.4,303,+.057,44,-11.84,317,95.1,318,107.0,301,-3.61,245,,MEAC,61.4,303,91.0,307,43.9,315,22.6,234,28.5,273,36.8,176,115.9,326,50.7,227,20.4,219,33.4,221,48.6,310,61.4,303,64.0,289,91.0,307,90.7,304,115.9,326,106.7,286,2004,0.05833294143939596,8,21,0.27586206896551724,29
184,Massachusetts,A10,10-19,-3.13,103.0,157,106.1,215,66.5,133,-.022,220,+2.04,123,104.3,129,102.3,119,-2.91,235,,A10,66.5,133,103.0,157,49.5,146,22.1,207,34.1,95,32.4,270,106.1,215,50.2,204,19.0,276,34.4,255,31.5,50,66.5,133,68.1,156,103.0,157,98.9,213,106.1,215,105.9,273,2004,0.4155641180137194,10,19,0.3448275862068966,29
238,McNeese St.,Slnd,11-16,-6.92,99.5,229,106.4,229,71.1,11,-.076,301,-4.08,235,100.9,243,105.0,219,+8.24,13,,Slnd,71.1,11,99.5,229,48.1,212,24.0,293,34.2,89,41.1,64,106.4,229,50.2,201,23.1,55,36.2,294,55.9,326,71.1,11,74.2,9,99.5,229,98.9,211,106.4,229,102.7,193,2004,0.3162517487350597,11,16,0.4074074074074074,27
33,Memphis,CUSA,22-8,+16.17,111.8,43,95.6,37,66.6,131,+.012,137,+5.55,69,105.7,86,100.2,48,+1.83,114,7,CUSA,66.6,131,111.8,43,49.4,149,18.6,34,35.5,58,38.3,136,95.6,37,46.6,53,21.6,137,28.8,47,37.3,170,66.6,131,68.3,148,111.8,43,106.3,67,95.6,37,96.2,56,2004,0.8581727336653007,22,8,0.7333333333333333,30
247,Mercer,ASun,12-18,-7.29,103.0,159,110.3,292,67.2,114,+.009,146,-1.91,199,103.0,184,104.9,210,+11.29,5,,ASun,67.2,114,103.0,159,49.4,154,23.8,283,36.3,45,35.5,206,110.3,292,51.8,272,19.0,275,33.6,226,28.9,23,67.2,114,70.3,77,103.0,159,100.7,169,110.3,292,108.4,303,2004,0.312713932558409,12,18,0.4,30
110,Miami FL,BE,14-16,+4.60,107.4,89,102.8,160,65.2,189,-.104,318,+2.44,115,102.8,195,100.3,57,-11.93,321,,BE,65.2,189,107.4,89,49.6,137,21.7,182,34.2,86,30.6,290,102.8,160,50.1,197,24.3,25,33.2,210,40.8,236,65.2,189,67.8,171,107.4,89,102.9,113,102.8,160,100.2,129,2004,0.6232604840006513,14,16,0.4666666666666667,30
122,Miami OH,MAC,18-11,+3.43,104.5,138,101.1,121,58.6,321,+.085,22,+1.50,133,104.6,125,103.1,144,+4.46,54,,MAC,58.6,321,104.5,138,46.9,255,19.7,76,32.0,167,41.1,65,101.1,121,49.4,165,20.7,199,28.3,30,48.1,309,58.6,321,60.5,317,104.5,138,102.1,131,101.1,121,101.0,152,2004,0.5939659259902672,18,11,0.6206896551724138,29
44,Michigan,B10,23-11,+14.14,107.4,91,93.3,19,66.4,138,+.018,122,+5.50,70,106.6,57,101.1,86,-2.38,223,,B10,66.4,138,107.4,91,50.2,117,22.0,204,33.4,116,39.5,99,93.3,19,47.1,67,21.5,157,27.4,14,30.5,37,66.4,138,66.4,215,107.4,91,103.3,107,93.3,19,95.2,41,2004,0.8345896559116696,23,11,0.6764705882352942,34
34,Michigan St.,B10,18-12,+15.66,117.2,11,101.5,129,64.0,232,-.014,198,+8.92,19,107.1,39,98.2,10,+7.60,19,7,B10,64.0,232,117.2,11,55.5,7,21.7,187,30.5,228,38.6,122,101.5,129,51.6,261,21.4,160,30.2,91,44.9,288,64.0,232,64.1,284,117.2,11,109.7,23,101.5,129,103.7,228,2004,0.8394262662345697,18,12,0.6,30
135,Middle Tennessee,SB,17-12,+1.81,103.4,151,101.6,131,65.3,186,+.026,100,-0.74,178,103.1,178,103.8,168,+0.13,160,,SB,65.3,186,103.4,151,49.2,161,20.6,115,30.1,238,43.8,33,101.6,131,49.8,178,21.7,131,29.9,77,45.9,299,65.3,186,66.9,197,103.4,151,101.8,141,101.6,131,100.3,137,2004,0.5503181937733342,17,12,0.5862068965517241,29
62,Milwaukee,Horz,20-11,+10.52,112.2,41,101.7,137,70.4,25,-.024,224,+2.29,116,104.1,140,101.8,107,+6.22,34,,Horz,70.4,25,112.2,41,53.5,22,21.8,191,36.2,46,41.1,63,101.7,137,49.2,158,21.1,175,31.3,133,41.3,243,70.4,25,70.4,71,112.2,41,108.9,32,101.7,137,101.9,174,2004,0.7558279064898621,20,11,0.6451612903225806,31
133,Minnesota,B10,12-18,+2.23,105.2,123,103.0,162,67.3,112,-.034,244,+5.18,81,106.4,67,101.2,89,-2.50,228,,B10,67.3,112,105.2,123,47.7,229,20.0,91,33.8,108,33.8,245,103.0,162,51.2,245,19.5,261,28.5,34,37.5,175,67.3,112,67.6,177,105.2,123,101.4,153,103.0,162,104.6,248,2004,0.5604638033686751,12,18,0.4,30
128,Mississippi,SEC,13-15,+2.99,102.7,163,99.7,100,62.9,274,+.022,112,+6.19,51,106.6,59,100.4,61,-7.42,299,,SEC,62.9,274,102.7,163,49.1,168,19.9,88,26.8,300,33.3,256,99.7,100,49.2,159,22.6,92,30.8,122,50.4,319,62.9,274,64.7,267,102.7,163,97.8,236,99.7,100,101.0,151,2004,0.5844173993260987,13,15,0.4642857142857143,28
14,Mississippi St.,SEC,26-4,+21.74,114.7,18,92.9,17,68.1,82,+.021,114,+6.38,48,106.3,69,99.9,39,-1.89,210,2,SEC,68.1,82,114.7,18,52.2,50,21.2,156,39.7,6,40.6,75,92.9,17,47.1,68,22.9,76,29.7,71,28.9,22,68.1,82,69.8,99,114.7,18,109.0,30,92.9,17,93.8,22,2004,0.9186510449909537,26,4,0.8666666666666667,30
168,Mississippi Valley St.,SWAC,22-7,-1.13,99.4,230,100.5,111,63.8,242,+.050,57,-14.95,326,93.5,326,108.4,326,-3.00,238,,SWAC,63.8,242,99.4,230,45.8,287,18.4,25,36.8,33,29.5,305,100.5,111,43.6,4,27.4,4,33.9,238,43.5,267,63.8,242,66.8,199,99.4,230,102.5,122,100.5,111,88.9,2,2004,0.468401029868747,22,7,0.7586206896551724,29
51,Missouri,B12,16-14,+13.08,113.5,27,100.4,109,65.6,170,-.020,217,+10.44,10,109.2,9,98.7,13,+6.91,27,,B12,65.6,170,113.5,27,50.5,104,20.7,125,38.2,15,37.5,160,100.4,109,49.8,180,18.3,301,29.9,79,38.7,201,65.6,170,67.8,172,113.5,27,107.2,51,100.4,109,104.8,253,2004,0.8038238607400693,16,14,0.5333333333333333,30
194,Monmouth,NEC,21-12,-3.99,98.1,251,102.1,145,66.0,155,+.112,5,-6.71,264,100.6,246,107.3,308,+2.53,88,15,NEC,66.0,155,98.1,251,48.3,198,19.5,65,24.6,312,38.5,132,102.1,145,48.9,145,22.5,94,31.6,149,30.9,42,66.0,155,68.2,149,98.1,251,99.6,190,102.1,145,98.4,96,2004,0.38708033400054576,21,12,0.6363636363636364,33
246,Montana,BSky,10-18,-7.28,99.0,236,106.3,223,67.3,110,-.013,194,-0.97,183,102.9,187,103.9,173,+5.61,41,,BSky,67.3,110,99.0,236,49.5,142,24.1,295,29.6,250,39.9,90,106.3,223,50.1,199,19.5,260,30.0,85,47.1,305,67.3,110,70.3,75,99.0,236,96.9,253,106.3,223,104.3,246,2004,0.3061517240083521,10,18,0.35714285714285715,28
222,Montana St.,BSky,14-13,-5.69,97.1,268,102.8,159,66.0,154,+.010,142,-5.54,252,100.6,247,106.1,274,-6.60,289,,BSky,66.0,154,97.1,268,50.4,109,21.6,177,24.5,314,38.7,120,102.8,159,50.9,234,24.0,35,29.3,58,38.1,182,66.0,154,69.1,122,97.1,268,97.5,243,102.8,159,98.9,109,2004,0.34163743572936467,14,13,0.5185185185185185,27
202,Morehead St.,OVC,16-13,-4.45,107.1,93,111.6,304,66.6,129,+.082,24,-2.22,208,103.9,146,106.1,275,+5.12,46,,OVC,66.6,129,107.1,93,51.5,68,19.6,68,28.2,280,44.1,28,111.6,304,53.7,313,17.4,316,34.1,241,24.9,6,66.6,129,68.9,131,107.1,93,107.7,44,111.6,304,111.3,320,2004,0.38383125810559915,16,13,0.5517241379310345,29
297,Morgan St.,MEAC,11-16,-14.78,96.4,277,111.2,301,68.2,71,+.008,149,-11.24,313,95.2,317,106.4,285,+2.65,85,,MEAC,68.2,71,96.4,277,49.6,138,23.1,254,30.9,212,43.5,38,111.2,301,50.9,235,23.5,46,36.1,292,44.4,282,68.2,71,69.5,106,96.4,277,97.4,244,111.2,301,101.9,175,2004,0.16212815284728194,11,16,0.4074074074074074,27
272,Mount St. Mary's,NEC,10-19,-11.60,96.7,272,108.3,258,64.6,209,-.035,246,-7.98,281,99.0,272,106.9,300,-2.48,226,,NEC,64.6,209,96.7,272,47.0,252,20.2,96,29.9,243,31.8,277,108.3,258,50.6,221,21.6,144,32.2,173,42.1,254,64.6,209,67.5,180,96.7,272,97.3,246,108.3,258,102.7,191,2004,0.21368489325480153,10,19,0.3448275862068966,29
61,Murray St.,OVC,28-6,+10.62,110.5,56,99.9,101,68.7,59,+.064,38,-3.80,233,103.1,180,106.9,296,+1.25,131,12,OVC,68.7,59,110.5,56,54.7,11,19.1,49,34.8,71,35.9,197,99.9,101,48.2,116,20.1,231,27.5,16,30.7,40,68.7,59,70.4,72,110.5,56,112.2,11,99.9,101,98.2,94,2004,0.7612831250423097,28,6,0.8235294117647058,34
9,N.C. State,ACC,21-10,+23.98,119.1,4,95.1,33,62.1,292,-.072,298,+12.81,6,109.5,6,96.7,3,-0.59,179,3,ACC,62.1,292,119.1,4,52.7,34,19.9,90,30.9,214,35.7,204,95.1,33,47.3,74,21.6,142,32.1,170,33.9,102,62.1,292,66.0,229,119.1,4,110.2,21,95.1,33,98.6,100,2004,0.9300785664198008,21,10,0.6774193548387096,31
324,Navy,Pat,5-23,-27.26,81.9,323,109.2,277,66.1,150,-.027,231,-6.00,257,99.2,266,105.2,228,-1.15,195,,Pat,66.1,150,81.9,323,42.6,321,29.1,325,33.3,117,30.0,298,109.2,277,54.1,315,22.6,87,32.7,193,44.6,285,66.1,150,66.6,205,81.9,323,81.6,323,109.2,277,106.7,287,2004,0.03528605332352169,5,23,0.17857142857142858,28
40,Nebraska,B12,18-13,+14.86,113.6,24,98.7,80,62.1,293,-.093,312,+4.56,86,106.3,71,101.7,104,-9.88,317,,B12,62.1,293,113.6,24,53.0,28,20.5,111,36.3,43,37.7,153,98.7,80,45.3,22,18.8,278,30.4,94,34.1,106,62.1,293,63.8,294,113.6,24,110.1,22,98.7,80,98.2,93,2004,0.834364869266286,18,13,0.5806451612903226,31
20,Nevada,WAC,25-9,+20.27,112.3,39,92.0,15,68.7,58,-.039,251,+7.09,38,107.6,32,100.5,66,+4.97,48,10,WAC,68.7,58,112.3,39,49.3,155,18.2,17,35.6,57,41.2,62,92.0,15,45.7,31,20.1,235,28.2,27,33.4,87,68.7,58,69.8,93,112.3,39,107.9,40,92.0,15,94.8,34,2004,0.90828987402628,25,9,0.7352941176470589,34
293,New Hampshire,AE,10-20,-14.06,93.5,296,107.6,249,64.1,228,-.033,242,-8.53,290,96.6,307,105.1,226,-5.94,279,,AE,64.1,228,93.5,296,47.1,250,24.6,305,29.1,261,34.0,242,107.6,249,48.3,122,20.1,230,32.0,163,28.3,19,64.1,228,65.1,258,93.5,296,92.3,293,107.6,249,99.3,115,2004,0.16585671606692018,10,20,0.3333333333333333,30
115,New Mexico,MWC,14-14,+4.19,110.3,59,106.1,213,61.6,299,-.058,278,+2.21,121,104.6,123,102.4,127,-7.44,300,,MWC,61.6,299,110.3,59,51.8,56,19.8,83,28.2,282,40.8,71,106.1,213,51.8,273,18.8,280,28.2,29,36.2,149,61.6,299,63.3,303,110.3,59,107.1,52,106.1,213,105.9,272,2004,0.6097952461046556,14,14,0.5,28
199,New Mexico St.,SB,13-14,-4.28,98.3,247,102.6,157,63.7,244,-.015,203,-1.19,185,103.5,156,104.7,205,+0.08,164,,SB,63.7,244,98.3,247,47.3,239,22.2,214,33.9,107,35.8,201,102.6,157,48.7,138,20.6,207,34.1,243,38.1,183,63.7,244,65.0,260,98.3,247,98.8,214,102.6,157,101.5,166,2004,0.37933778996471706,13,14,0.48148148148148145,27
167,New Orleans,SB,17-14,-1.11,102.6,166,103.7,174,64.8,205,+.085,21,-0.22,161,103.4,161,103.7,161,+2.96,73,,SB,64.8,205,102.6,166,46.5,270,18.7,37,32.7,138,39.1,111,103.7,174,48.8,142,20.0,239,34.8,264,35.0,126,64.8,205,66.6,207,102.6,166,100.3,174,103.7,174,102.8,195,2004,0.469378844477432,17,14,0.5483870967741935,31
104,Niagara,MAAC,22-10,+5.45,111.5,45,106.1,212,69.9,28,-.028,233,-3.24,227,101.7,228,104.9,213,-4.10,250,,MAAC,69.9,28,111.5,45,50.2,115,19.7,74,37.9,18,46.6,10,106.1,212,48.7,140,18.6,291,32.7,190,35.3,132,69.9,28,71.7,37,111.5,45,111.4,15,106.1,212,103.0,202,2004,0.638968344396201,22,10,0.6875,32
317,Nicholls St.,Slnd,6-21,-24.00,90.2,310,114.2,323,66.0,156,-.030,236,-6.46,260,99.5,262,105.9,265,-0.01,165,,Slnd,66.0,156,90.2,310,44.4,306,25.0,309,30.6,225,35.3,215,114.2,323,53.8,314,20.4,217,31.6,145,40.4,229,66.0,156,70.2,78,90.2,310,89.5,312,114.2,323,109.5,310,2004,0.06220467833187009,6,21,0.2222222222222222,27
301,Norfolk St.,MEAC,12-17,-16.07,92.3,303,108.4,261,63.2,266,+.022,109,-13.62,324,94.1,324,107.7,317,-6.34,282,,MEAC,63.2,266,92.3,303,44.2,311,23.7,281,31.4,186,42.9,48,108.4,261,47.7,94,24.0,30,35.0,272,44.6,283,63.2,266,65.7,243,92.3,303,93.7,290,108.4,261,98.3,95,2004,0.1359885422221691,12,17,0.41379310344827586,29
11,North Carolina,ACC,19-11,+23.23,117.4,10,94.1,23,70.9,16,-.091,311,+13.85,2,110.2,4,96.4,2,+2.76,79,6,ACC,70.9,16,117.4,10,51.0,87,20.4,102,38.8,11,39.2,106,94.1,23,50.8,228,23.6,44,32.0,164,33.2,79,70.9,16,73.6,14,117.4,10,109.0,31,94.1,23,99.3,114,2004,0.9271782999314645,19,11,0.6333333333333333,30
323,North Carolina A&T,MEAC,3-25,-26.66,76.8,325,103.4,167,73.1,4,-.069,291,-8.91,294,98.1,286,107.0,303,+6.93,26,,MEAC,73.1,4,76.8,325,40.2,325,29.3,326,30.9,211,37.1,171,103.4,167,51.7,270,27.4,5,37.6,309,55.1,325,73.1,4,74.9,8,76.8,325,77.0,325,103.4,167,98.7,103,2004,0.03167304769546581,3,25,0.10714285714285714,28
214,North Texas,SB,13-15,-5.06,101.1,197,106.2,217,69.0,54,+.025,102,-2.09,204,102.3,206,104.4,195,-3.85,248,,SB,69.0,54,101.1,197,48.2,203,23.3,260,36.1,48,39.0,113,106.2,217,47.4,78,18.5,293,33.0,205,42.1,252,69.0,54,70.8,60,101.1,197,99.8,188,106.2,217,104.0,235,2004,0.3621693701293877,13,15,0.4642857142857143,28
198,Northeastern,AE,19-11,-4.26,103.0,158,107.3,244,72.9,7,+.052,54,-7.86,279,97.2,299,105.0,221,+1.15,133,,AE,72.9,7,103.0,158,48.1,210,19.6,70,31.8,173,40.7,74,107.3,244,50.9,236,24.1,27,33.9,236,34.9,123,72.9,7,73.7,13,103.0,158,102.0,133,107.3,244,99.6,119,2004,0.3845343281896725,19,11,0.6333333333333333,30
186,Northern Arizona,BSky,15-14,-3.33,102.1,175,105.4,197,69.4,38,+.017,127,-3.06,225,102.7,198,105.8,257,-0.15,169,,BSky,69.4,38,102.1,175,51.8,60,22.4,222,26.5,304,37.0,173,105.4,197,49.0,151,18.7,282,30.7,113,38.4,195,69.4,38,72.6,23,102.1,175,101.6,151,105.4,197,103.0,200,2004,0.4095528985192516,15,14,0.5172413793103449,29
223,Northern Illinois,MAC,10-20,-5.89,100.6,208,106.5,231,64.5,214,-.069,292,-0.01,154,103.8,148,103.8,170,+0.80,144,,MAC,64.5,214,100.6,208,49.5,141,23.8,284,34.4,78,43.2,45,106.5,231,48.1,112,17.7,312,32.9,200,44.9,287,64.5,214,67.0,194,100.6,208,98.9,207,106.5,231,105.5,264,2004,0.3417700117103437,10,20,0.3333333333333333,30
84,Northern Iowa,MVC,21-10,+8.78,107.4,92,98.6,77,64.8,201,+.022,111,+2.45,114,103.9,147,101.4,96,-1.91,212,14,MVC,64.8,201,107.4,92,50.6,103,18.8,42,24.4,315,39.1,109,98.6,77,46.5,48,17.2,320,26.6,6,32.2,64,64.8,201,65.5,246,107.4,92,103.7,101,98.6,77,98.2,92,2004,0.7277273659482552,21,10,0.6774193548387096,31
100,Northwestern,B10,14-15,+5.65,106.7,101,101.1,123,59.3,315,+.023,106,+6.62,45,106.8,48,100.2,51,+2.13,108,,B10,59.3,315,106.7,101,50.8,94,18.5,28,22.0,322,32.7,267,101.1,123,52.4,292,23.9,41,37.1,306,28.0,18,59.3,315,60.5,319,106.7,101,101.6,149,101.1,123,103.6,221,2004,0.6502132882789875,14,15,0.4827586206896552,29
259,Northwestern St.,Slnd,11-17,-9.61,95.7,281,105.3,196,72.5,9,-.057,277,-4.61,244,101.2,239,105.8,254,+6.66,28,,Slnd,72.5,9,95.7,281,46.2,276,21.9,193,32.3,155,38.2,139,105.3,196,47.8,100,20.3,224,31.7,153,44.3,280,72.5,9,75.8,5,95.7,281,95.3,271,105.3,196,101.6,167,2004,0.24986285024759697,11,17,0.39285714285714285,28
52,Notre Dame,BE,19-13,+13.03,113.4,29,100.4,107,64.6,210,-.024,225,+7.27,33,107.1,40,99.8,32,-4.15,251,,BE,64.6,210,113.4,29,49.3,157,15.2,2,30.3,233,34.6,230,100.4,107,47.7,95,17.4,318,32.6,185,27.0,14,64.6,210,65.4,249,113.4,29,107.9,41,100.4,107,103.1,205,2004,0.8022204813503785,19,13,0.59375,32
165,Oakland,MCon,13-17,-0.98,104.3,141,105.3,193,69.0,55,-.079,304,-0.09,156,104.6,124,104.7,206,+7.61,18,,MCon,69.0,55,104.3,141,48.2,200,18.4,23,30.8,220,37.8,151,105.3,193,50.9,231,22.9,75,33.0,202,42.1,253,69.0,55,71.3,43,104.3,141,102.4,125,105.3,193,104.0,231,2004,0.4725940808664352,13,17,0.43333333333333335,30
188,Ohio,MAC,10-20,-3.41,101.2,194,104.6,181,64.3,222,-.058,279,-0.14,157,103.7,151,103.8,169,-1.49,203,,MAC,64.3,222,101.2,194,46.9,256,22.2,213,32.1,162,43.2,43,104.6,181,50.2,206,20.7,200,32.6,189,38.3,193,64.3,222,65.7,238,101.2,194,98.9,209,104.6,181,103.4,213,2004,0.40612324550142953,10,20,0.3333333333333333,30
148,Ohio St.,B10,14-16,+0.71,107.9,83,107.2,243,62.8,277,+.056,45,+4.63,85,105.1,106,100.4,64,-2.79,234,,B10,62.8,277,107.9,83,49.2,164,22.4,220,37.3,26,43.2,42,107.2,243,52.1,282,20.2,225,30.1,88,39.8,222,62.8,277,64.1,287,107.9,83,102.2,128,107.2,243,106.9,288,2004,0.5187035616768051,14,16,0.4666666666666667,30
56,Oklahoma,B12,20-11,+11.61,104.5,137,92.9,16,63.6,247,+.059,43,+6.68,43,107.0,41,100.4,59,-6.56,287,,B12,63.6,247,104.5,137,46.7,262,19.6,71,34.4,83,36.1,189,92.9,16,47.3,73,26.5,11,33.3,214,42.6,258,63.6,247,65.5,247,104.5,137,99.8,187,92.9,16,93.9,23,2004,0.7946407749563529,20,11,0.6451612903225806,31
4,Oklahoma St.,B12,31-4,+27.37,118.5,6,91.1,11,64.8,203,+.029,92,+7.56,31,107.7,29,100.1,44,-5.55,274,2,B12,64.8,203,118.5,6,55.4,9,19.7,79,36.1,47,39.2,103,91.1,11,45.9,35,21.8,124,30.5,101,34.7,121,64.8,203,66.6,206,118.5,6,114.1,6,91.1,11,93.6,21,2004,0.9536459713697316,31,4,0.8857142857142857,35
101,Old Dominion,CAA,17-12,+5.57,104.6,135,99.0,84,69.1,53,-.019,214,+0.66,142,103.0,182,102.4,125,+2.85,78,,CAA,69.1,53,104.6,135,49.9,125,21.2,159,34.5,76,34.0,241,99.0,84,47.7,93,21.3,166,30.1,89,32.7,71,69.1,53,71.3,44,104.6,135,101.7,143,99.0,84,96.8,68,2004,0.6531178673048804,17,12,0.5862068965517241,29
141,Oral Roberts,MCon,17-11,+1.30,109.4,66,108.1,255,68.1,83,+.007,151,-1.83,196,103.5,154,105.4,237,+2.26,100,,MCon,68.1,83,109.4,66,53.7,20,20.4,107,29.8,244,38.4,135,108.1,255,53.2,308,19.2,270,28.0,22,36.8,159,68.1,83,70.6,67,109.4,66,108.8,34,108.1,255,106.2,278,2004,0.5343142009434779,17,11,0.6071428571428571,28
79,Oregon,P10,18-13,+9.21,110.9,51,101.7,135,67.6,97,+.026,99,+6.38,47,106.7,56,100.3,52,+2.41,95,,P10,67.6,97,110.9,51,53.9,18,21.4,164,29.5,253,37.7,154,101.7,135,49.6,174,18.8,279,33.1,207,34.9,124,67.6,97,69.5,108,110.9,51,106.6,62,101.7,135,104.0,232,2004,0.7302553112406103,18,13,0.5806451612903226,31
149,Oregon St.,P10,12-16,+0.66,102.8,162,102.1,144,67.6,99,+.003,164,+3.89,98,105.7,88,101.8,105,-5.14,269,,P10,67.6,99,102.8,162,46.0,281,19.1,51,32.3,152,33.5,254,102.1,144,52.9,305,23.0,65,31.8,156,34.7,119,67.6,99,70.6,65,102.8,162,98.6,217,102.1,144,102.7,192,2004,0.519633704461656,12,16,0.42857142857142855,28
82,Pacific,BW,25-8,+8.93,108.6,76,99.7,99,63.6,249,+.096,12,+0.28,150,103.4,164,103.1,147,+3.56,66,12,BW,63.6,249,108.6,76,52.7,36,21.3,163,28.9,268,45.2,18,99.7,99,45.8,32,19.4,263,32.3,176,28.6,21,63.6,249,64.6,273,108.6,76,105.9,73,99.7,99,98.6,99,2004,0.727765667893855,25,8,0.7575757575757576,33
73,Penn,Ivy,17-10,+9.80,109.0,75,99.2,88,63.6,248,-.072,297,-2.36,212,101.8,224,104.2,187,+5.82,39,,Ivy,63.6,248,109.0,75,53.2,23,20.4,105,31.5,182,34.9,223,99.2,88,47.7,97,20.9,186,28.8,45,30.4,36,63.6,248,64.6,272,109.0,75,108.2,37,99.2,88,96.0,54,2004,0.7471394092919874,17,10,0.6296296296296297,27
227,Penn St.,B10,9-19,-6.35,97.2,266,103.5,171,62.8,279,+.055,48,+5.91,57,106.9,46,101.0,79,-0.78,185,,B10,62.8,279,97.2,266,44.7,301,24.3,300,34.1,93,32.8,265,103.5,171,50.2,202,17.8,311,32.3,177,25.8,7,62.8,279,63.3,304,97.2,266,91.6,299,103.5,171,105.8,271,2004,0.3269064314844684,9,19,0.32142857142857145,28
129,Pepperdine,WCC,15-16,+2.93,113.7,22,110.8,298,69.3,41,-.001,175,+2.22,120,104.7,119,102.5,132,+2.89,76,,WCC,69.3,41,113.7,22,51.5,69,16.9,7,31.6,180,36.8,177,110.8,298,54.7,320,21.4,159,33.4,222,39.8,223,69.3,41,71.0,52,113.7,22,110.2,20,110.8,298,110.9,318,2004,0.5737386208635982,15,16,0.4838709677419355,31
5,Pittsburgh,BE,31-5,+25.91,114.1,20,88.2,2,59.7,314,-.028,235,+5.97,56,106.4,63,100.5,65,-8.20,305,3,BE,59.7,314,114.1,20,50.8,97,19.4,57,39.2,9,37.9,145,88.2,2,43.1,2,19.7,249,32.9,197,23.7,3,59.7,314,60.6,316,114.1,20,109.7,24,88.2,2,90.5,5,2004,0.9507754475350586,31,5,0.8611111111111112,36
162,Portland,WCC,11-17,-0.63,105.0,125,105.6,200,65.9,163,+.004,158,+3.54,100,105.8,81,102.3,120,+5.83,38,,WCC,65.9,163,105.0,125,49.2,158,18.4,24,23.5,320,35.0,221,105.6,200,52.3,289,21.5,155,34.1,240,45.0,289,65.9,163,68.5,138,105.0,125,100.7,168,105.6,200,106.3,279,2004,0.48362404849118756,11,17,0.39285714285714285,28
211,Portland St.,BSky,11-16,-4.90,96.6,274,101.5,128,65.3,185,-.065,286,-2.15,207,102.8,193,105.0,215,+2.19,105,,BSky,65.3,185,96.6,274,48.3,194,24.5,304,32.8,135,43.8,35,101.5,128,47.8,102,19.3,265,25.5,3,41.8,247,65.3,185,68.6,137,96.6,274,96.0,263,101.5,128,98.9,108,2004,0.36146283348040836,11,16,0.4074074074074074,27
321,Prairie View A&M,SWAC,7-20,-24.63,89.2,313,113.8,321,66.4,137,+.063,39,-9.40,299,96.3,309,105.7,252,+5.59,42,,SWAC,66.4,137,89.2,313,42.7,320,23.1,255,31.4,184,45.3,17,113.8,321,51.8,275,21.3,168,33.4,220,42.0,251,66.4,137,69.2,120,89.2,313,89.2,314,113.8,321,105.2,261,2004,0.05727248093841995,7,20,0.25925925925925924,27
108,Princeton,Ivy,20-8,+4.86,106.3,106,101.4,127,56.4,325,+.033,85,-4.32,240,100.2,254,104.6,200,-0.07,166,14,Ivy,56.4,325,106.3,106,53.8,19,21.4,167,29.1,262,35.0,222,101.4,127,46.3,41,20.7,201,27.6,18,38.3,192,56.4,325,58.0,324,106.3,106,105.1,83,101.4,127,97.3,79,2004,0.6324426615159905,20,8,0.7142857142857143,28
24,Providence,BE,20-9,+18.32,112.3,40,93.9,21,65.0,196,+.003,165,+8.80,21,107.9,25,99.1,19,+4.05,59,5,BE,65.0,196,112.3,40,52.2,49,22.4,221,35.6,55,34.7,226,93.9,21,47.5,82,22.0,119,35.0,273,29.4,27,65.0,196,66.1,225,112.3,40,106.7,60,93.9,21,97.1,73,2004,0.886738414450359,20,9,0.6896551724137931,29
57,Purdue,B10,17-14,+11.60,104.6,133,93.0,18,62.7,280,-.066,288,+5.31,78,106.9,44,101.6,99,-2.70,232,,B10,62.7,280,104.6,133,47.3,242,20.3,101,33.6,112,37.9,148,93.0,18,45.1,18,21.6,138,32.6,186,32.3,65,62.7,280,63.8,295,104.6,133,100.7,167,93.0,18,94.7,33,2004,0.7944166742655313,17,14,0.5483870967741935,31
300,Quinnipiac,NEC,9-20,-15.58,98.2,250,113.8,320,69.8,32,-.067,290,-9.49,303,98.3,282,107.8,318,-4.97,265,,NEC,69.8,32,98.2,250,48.2,202,19.7,77,27.4,289,30.1,296,113.8,320,53.4,311,21.0,180,31.4,138,46.6,304,69.8,32,71.8,34,98.2,250,99.9,185,113.8,320,107.5,297,2004,0.15505160954320293,9,20,0.3103448275862069,29
288,Radford,BSth,12-16,-13.01,96.0,279,109.0,275,65.9,164,-.010,192,-8.95,296,97.2,300,106.1,273,-5.62,276,,BSth,65.9,164,96.0,279,46.5,271,19.6,69,28.9,269,37.5,161,109.0,275,50.6,224,22.5,93,33.4,219,39.3,217,65.9,164,68.0,162,96.0,279,96.6,254,109.0,275,101.7,171,2004,0.18839140717886857,12,16,0.42857142857142855,28
86,Rhode Island,A10,20-14,+8.48,105.2,122,96.7,51,64.4,217,+.003,162,+2.69,112,105.2,104,102.5,129,+0.47,152,,A10,64.4,217,105.2,122,46.8,259,21.1,150,42.1,1,34.6,228,96.7,51,46.1,37,20.1,232,31.6,148,36.6,156,64.4,217,66.5,211,105.2,122,102.8,116,96.7,51,96.6,65,2004,0.7248949703667689,20,14,0.5882352941176471,34
71,Rice,WAC,22-11,+9.83,109.0,73,99.2,89,68.1,79,+.070,30,+5.14,82,105.5,93,100.3,56,-0.78,184,,WAC,68.1,79,109.0,73,51.4,74,22.3,217,32.2,159,41.8,56,99.2,89,49.5,172,22.7,81,32.1,166,32.2,63,68.1,79,70.0,88,109.0,73,103.9,96,99.2,89,98.6,98,2004,0.7471394092919874,22,11,0.6666666666666666,33
38,Richmond,A10,20-13,+15.07,105.9,109,90.9,9,62.7,281,-.060,281,+6.95,41,107.2,37,100.2,50,+7.66,17,11,A10,62.7,281,105.9,109,46.2,274,19.9,86,32.7,139,36.1,191,90.9,9,44.5,10,22.7,84,32.9,201,39.1,213,62.7,281,64.3,281,105.9,109,100.4,172,90.9,9,92.4,11,2004,0.8527651669719921,20,13,0.6060606060606061,33
224,Rider,MAAC,17-14,-6.17,100.0,217,106.1,214,63.8,240,+.095,14,-5.34,250,100.7,245,106.0,268,-6.68,292,,MAAC,63.8,240,100.0,217,47.8,223,18.7,40,30.3,235,31.8,276,106.1,214,47.4,77,19.2,269,32.9,199,33.1,75,63.8,240,66.5,212,100.0,217,100.8,164,106.1,214,102.0,180,2004,0.3360523430480303,17,14,0.5483870967741935,31
270,Robert Morris,NEC,14-15,-11.50,101.4,190,112.9,317,62.8,278,+.061,41,-8.05,283,99.5,261,107.6,313,+1.05,135,,NEC,62.8,278,101.4,190,52.4,45,20.5,113,24.8,310,33.9,243,112.9,317,50.8,230,17.3,319,30.7,112,30.8,41,62.8,278,65.4,252,101.4,190,103.9,95,112.9,317,108.1,301,2004,0.2252310886844959,14,15,0.4827586206896552,29
72,Rutgers,BE,20-13,+9.83,106.0,108,96.2,46,66.0,159,+.046,63,+6.66,44,106.8,51,100.1,46,+0.32,155,,BE,66.0,159,106.0,108,47.5,235,20.9,138,32.9,131,37.9,147,96.2,46,46.4,43,19.7,251,30.6,102,33.4,84,66.0,159,66.6,209,106.0,108,100.6,171,96.2,46,98.1,87,2004,0.7531738749252729,20,13,0.6060606060606061,33
136,SMU,WAC,12-18,+1.72,105.2,121,103.5,170,62.4,286,+.001,170,+6.16,53,106.1,76,100.0,40,+2.44,92,,WAC,62.4,286,105.2,121,48.9,176,22.2,210,31.0,210,33.7,247,103.5,170,50.6,220,20.8,191,37.0,305,29.0,24,62.4,286,64.5,274,105.2,121,99.0,204,103.5,170,104.9,256,2004,0.5467020716244514,12,18,0.4,30
203,Sacramento St.,BSky,13-15,-4.57,98.6,245,103.2,164,69.2,44,-.018,212,-3.02,223,102.1,211,105.2,227,+0.28,157,,BSky,69.2,44,98.6,245,46.4,273,20.1,92,31.1,200,37.6,156,103.2,164,49.3,163,22.6,91,32.9,198,45.4,296,69.2,44,71.0,53,98.6,245,97.8,235,103.2,164,100.3,136,2004,0.3718304130381415,13,15,0.4642857142857143,28
282,Sacred Heart,NEC,12-15,-12.44,97.9,255,110.4,293,71.9,10,+.055,49,-9.79,305,97.8,292,107.6,314,-5.57,275,,NEC,71.9,10,97.9,255,48.2,201,21.8,188,33.0,129,31.1,286,110.4,293,52.4,293,21.8,127,32.5,182,39.5,219,71.9,10,73.9,12,97.9,255,99.2,201,110.4,293,104.0,236,2004,0.20070703758474825,12,15,0.4444444444444444,27
3,Saint Joseph's,A10,30-2,+27.66,118.9,5,91.2,12,66.1,148,+.060,42,+6.99,40,107.1,38,100.1,43,+8.86,10,1,A10,66.1,148,118.9,5,56.1,5,16.9,5,27.6,286,33.7,248,91.2,12,44.4,8,24.0,36,34.9,271,33.4,85,66.1,148,67.7,175,118.9,5,114.3,5,91.2,12,92.1,9,2004,0.9547877469539494,30,2,0.9375,32
87,Saint Louis,CUSA,19-13,+8.21,103.5,150,95.3,35,61.3,305,+.031,89,+5.49,72,105.9,80,100.4,60,-1.49,204,,CUSA,61.3,305,103.5,150,48.8,180,19.6,72,23.7,318,37.8,150,95.3,35,47.2,70,22.2,107,28.8,43,32.1,57,61.3,305,63.2,305,103.5,150,99.1,203,95.3,35,95.1,40,2004,0.7209604439961715,19,13,0.59375,32
59,Saint Mary's,WCC,19-12,+10.92,110.5,57,99.6,95,66.3,141,-.083,308,+1.47,135,105.5,92,104.0,178,+1.19,132,,WCC,66.3,141,110.5,57,52.5,41,22.9,248,37.4,24,44.2,27,99.6,95,47.1,61,19.9,242,31.8,158,35.5,135,66.3,141,69.6,104,110.5,57,108.5,36,99.6,95,99.5,116,2004,0.7675116599870216,19,12,0.6129032258064516,31
161,Saint Peter's,MAAC,17-12,-0.51,108.1,81,108.6,268,67.8,90,+.069,32,-2.35,211,102.3,207,104.6,203,+0.21,159,,MAAC,67.8,90,108.1,81,48.7,185,18.1,16,31.5,183,38.5,124,108.6,268,51.3,248,21.9,121,37.6,310,39.4,218,67.8,90,69.9,89,108.1,81,106.9,56,108.6,268,106.0,276,2004,0.4867358996240037,17,12,0.5862068965517241,29
271,Sam Houston St.,Slnd,13-15,-11.53,97.4,262,108.9,273,70.6,22,-.004,177,-6.99,270,98.6,277,105.6,249,-0.13,167,,Slnd,70.6,22,97.4,262,48.8,181,23.4,263,30.6,226,38.5,126,108.9,273,49.9,188,20.7,202,38.0,314,38.3,190,70.6,22,74.2,10,97.4,262,97.4,245,108.9,273,104.8,250,2004,0.21696456215929466,13,15,0.4642857142857143,28
257,Samford,OVC,12-16,-9.45,98.9,241,108.3,259,58.8,318,+.030,90,-0.58,173,104.8,115,105.4,241,+11.40,4,,OVC,58.8,318,98.9,241,55.9,6,23.0,252,18.3,324,31.2,285,108.3,259,52.6,296,17.5,314,30.1,86,26.9,13,58.8,318,60.7,315,98.9,241,98.6,219,108.3,259,108.5,305,2004,0.26034945982419205,12,16,0.42857142857142855,28
281,San Diego,WCC,4-26,-12.41,100.0,218,112.4,313,69.9,27,-.047,262,+3.31,104,105.7,85,102.4,128,+2.86,77,,WCC,69.9,27,100.0,218,51.6,63,25.6,315,26.3,305,35.4,213,112.4,313,56.4,324,18.6,289,30.2,90,31.5,49,69.9,27,71.1,47,100.0,218,95.1,272,112.4,313,113.2,325,2004,0.20680740000347805,4,26,0.13333333333333333,30
111,San Diego St.,MWC,14-16,+4.49,105.0,124,100.6,112,66.9,120,-.035,245,+5.88,59,108.0,21,102.2,114,+2.26,102,,MWC,66.9,120,105.0,124,47.2,243,18.6,36,33.1,124,28.7,309,100.6,112,51.7,264,22.2,108,31.9,159,38.1,184,66.9,120,68.4,143,105.0,124,101.5,152,100.6,112,103.1,207,2004,0.6206464705716769,14,16,0.4666666666666667,30
174,San Francisco,WCC,17-14,-1.61,100.1,216,101.7,134,65.1,192,+.138,1,+2.10,122,105.3,101,103.2,148,+1.79,117,,WCC,65.1,192,100.1,216,47.6,234,23.2,259,33.9,105,33.3,258,101.7,134,51.5,258,23.1,57,32.7,192,43.6,270,65.1,192,66.9,196,100.1,216,95.6,268,101.7,134,102.0,179,2004,0.45453528043895003,17,14,0.5483870967741935,31
243,San Jose St.,WAC,6-23,-7.14,99.2,233,106.3,224,60.9,309,-.062,283,+3.89,97,105.1,105,101.2,88,-6.68,291,,WAC,60.9,309,99.2,233,47.5,236,19.8,85,26.5,303,29.7,303,106.3,224,51.2,244,22.1,113,34.3,254,48.6,311,60.9,309,62.8,309,99.2,233,94.4,280,106.3,224,106.9,289,2004,0.31110387947703977,6,23,0.20689655172413793,29
157,Santa Clara,WCC,16-16,-0.13,101.8,182,102.0,140,61.4,302,+.035,79,+2.02,124,105.8,84,103.7,165,+3.18,71,,WCC,61.4,302,101.8,182,47.7,231,20.9,134,32.5,144,34.3,235,102.0,140,51.2,243,20.1,233,30.8,121,32.1,60,61.4,302,63.9,293,101.8,182,100.0,180,102.0,140,102.9,199,2004,0.49435745069344805,16,16,0.5,32
316,Savannah St.,ind,4-24,-23.73,85.3,320,109.0,274,70.9,17,+.015,132,-2.04,201,102.9,186,104.9,214,-1.56,206,,ind,70.9,17,85.3,320,40.4,324,24.0,294,32.4,149,27.9,314,109.0,274,50.5,216,21.4,163,37.5,308,54.3,324,70.9,17,73.2,18,85.3,320,82.0,322,109.0,274,107.3,295,2004,0.056279780157948704,4,24,0.14285714285714285,28
27,Seton Hall,BE,21-10,+17.35,112.3,37,95.0,31,65.4,180,-.004,178,+7.85,29,107.2,36,99.4,23,-1.14,193,8,BE,65.4,180,112.3,37,51.0,84,19.0,45,32.3,153,34.6,229,95.0,31,45.0,16,19.3,266,31.0,127,34.1,107,65.4,180,67.0,193,112.3,37,106.8,57,95.0,31,97.3,80,2004,0.8725743887559811,21,10,0.6774193548387096,31
212,Siena,MAAC,14-16,-5.03,100.7,206,105.7,202,67.1,116,+.034,82,-2.61,219,101.9,221,104.5,198,+2.24,104,,MAAC,67.1,116,100.7,206,44.7,300,21.1,152,39.4,8,35.2,217,105.7,202,48.7,137,19.2,271,27.4,15,42.5,257,67.1,116,69.7,100,100.7,206,99.5,195,105.7,202,102.4,187,2004,0.36417714779759625,14,16,0.4666666666666667,30
187,South Alabama,SB,12-16,-3.39,103.1,154,106.4,230,63.0,273,-.039,253,-0.35,166,102.4,203,102.7,137,+1.36,129,,SB,63.0,273,103.1,154,48.5,189,20.3,100,31.8,174,27.8,316,106.4,230,52.2,286,24.2,26,38.1,316,43.0,261,63.0,273,65.3,253,103.1,154,99.9,183,106.4,230,104.2,240,2004,0.4103978003193528,12,16,0.42857142857142855,28
39,South Carolina,SEC,23-11,+15.02,109.7,64,94.7,28,65.5,176,-.000,172,+6.15,54,105.8,82,99.6,28,-8.05,302,10,SEC,65.5,176,109.7,64,49.2,160,19.3,53,32.9,130,35.4,210,94.7,28,44.7,12,23.8,42,34.6,260,32.7,72,65.5,176,67.1,188,109.7,64,103.3,106,94.7,28,92.8,16,2004,0.844343365363148,23,11,0.6764705882352942,34
219,South Carolina St.,MEAC,18-11,-5.32,101.0,201,106.3,221,65.5,177,+.019,121,-11.89,318,95.6,312,107.5,311,+4.45,55,,MEAC,65.5,177,101.0,201,49.5,145,23.7,282,35.4,61,43.4,39,106.3,221,50.0,192,23.9,40,29.1,55,41.4,244,65.5,177,67.4,184,101.0,201,102.4,126,106.3,221,96.9,69,2004,0.35705603641806866,18,11,0.6206896551724138,29
217,South Florida,CUSA,7-20,-5.21,99.7,226,104.9,187,63.5,250,-.044,259,+4.40,90,104.7,120,100.3,54,+0.47,151,,CUSA,63.5,250,99.7,226,47.3,240,23.1,257,29.2,260,38.7,117,104.9,187,48.0,110,18.0,309,34.2,250,33.9,103,63.5,250,65.5,248,99.7,226,93.8,289,104.9,187,105.1,260,2004,0.3578561757385786,7,20,0.25925925925925924,27
221,Southeast Missouri St.,OVC,11-16,-5.66,107.4,90,113.1,319,63.5,251,-.048,265,-2.94,222,102.8,192,105.8,255,+1.45,126,,OVC,63.5,251,107.4,90,51.6,62,18.4,26,29.1,263,33.4,255,113.1,319,54.4,317,19.9,243,33.3,214,33.9,100,63.5,251,65.7,241,107.4,90,107.0,53,113.1,319,110.4,316,2004,0.35555940406169084,11,16,0.4074074074074074,27
192,Southeastern Louisiana,Slnd,20-9,-3.96,101.4,192,105.3,194,66.2,147,+.021,113,-8.86,292,98.0,288,106.9,297,-4.27,254,,Slnd,66.2,147,101.4,192,49.4,152,18.7,38,31.1,205,44.2,25,105.3,194,50.3,208,22.1,115,27.7,20,39.0,212,66.2,147,70.1,83,101.4,192,103.0,112,105.3,194,98.8,107,2004,0.3931682883328826,20,9,0.6896551724137931,29
290,Southern,SWAC,12-16,-13.49,96.6,275,110.0,288,68.0,84,-.078,302,-13.33,322,93.7,325,107.0,302,-3.38,243,,SWAC,68.0,84,96.6,275,47.9,220,22.5,227,34.1,97,37.5,158,110.0,288,50.1,198,25.9,14,35.6,283,46.4,303,68.0,84,70.8,58,96.6,275,98.1,230,110.0,288,98.7,102,2004,0.18334176923987514,12,16,0.42857142857142855,28
42,Southern Illinois,MVC,25-5,+14.33,109.1,70,94.8,29,65.2,188,+.046,62,+2.54,113,105.1,107,102.5,134,+2.25,103,9,MVC,65.2,188,109.1,70,49.5,139,17.7,10,33.9,103,30.4,291,94.8,29,47.4,80,25.0,17,31.9,160,38.8,205,65.2,188,66.6,204,109.1,70,106.7,61,94.8,29,94.5,30,2004,0.834200985055922,25,5,0.8333333333333334,30
176,Southern Miss,CUSA,13-15,-1.72,100.5,210,102.2,146,64.1,226,+.054,50,+3.43,101,104.0,142,100.6,69,-3.23,240,,CUSA,64.1,226,100.5,210,45.5,293,21.0,142,31.9,168,38.0,143,102.2,146,50.1,193,18.3,300,26.8,10,33.8,98,64.1,226,66.3,221,100.5,210,94.9,275,102.2,146,101.9,177,2004,0.45192387894239794,13,15,0.4642857142857143,28
261,Southern Utah,MCon,10-18,-9.85,100.7,207,110.5,294,62.5,285,-.004,179,-0.34,165,104.5,128,104.9,211,+4.79,49,,MCon,62.5,285,100.7,207,54.2,15,24.0,292,24.6,311,40.2,85,110.5,294,53.4,310,22.3,98,36.5,299,37.6,177,62.5,285,63.8,296,100.7,207,98.7,216,110.5,294,111.2,319,2004,0.25578327335894946,10,18,0.35714285714285715,28
95,Southwest Missouri St.,MVC,19-14,+6.48,105.6,116,99.1,86,63.2,265,-.026,230,+1.31,138,103.4,167,102.1,113,-4.18,253,,MVC,63.2,265,105.6,116,48.0,216,22.5,228,35.8,52,49.8,2,99.1,86,47.9,108,21.9,120,26.8,9,41.0,239,63.2,265,64.2,283,105.6,116,101.8,139,99.1,86,97.2,77,2004,0.6749331278015295,19,14,0.5757575757575758,33
254,St. Bonaventure,A10,7-21,-8.95,100.8,205,109.7,283,69.1,50,+.037,75,+5.56,68,106.5,62,101.0,82,+2.66,84,,A10,69.1,50,100.8,205,45.7,291,18.5,29,29.7,246,25.4,325,109.7,283,52.2,287,20.3,222,38.8,321,38.9,208,69.1,50,70.6,66,100.8,205,95.6,267,109.7,283,112.0,322,2004,0.27427764109503305,7,21,0.25,28
244,St. Francis NY,NEC,15-13,-7.22,98.0,254,105.2,192,68.6,62,-.015,204,-10.16,310,98.0,289,108.2,323,-8.40,306,,NEC,68.6,62,98.0,254,50.5,105,21.1,151,28.5,274,30.6,289,105.2,192,48.2,119,22.5,96,30.8,117,45.7,298,68.6,62,70.8,57,98.0,254,100.2,176,105.2,192,98.1,88,2004,0.3067618347986011,15,13,0.5357142857142857,28
269,St. Francis PA,NEC,13-15,-11.10,100.3,211,111.4,302,63.6,245,+.048,60,-8.95,295,98.4,278,107.4,310,-2.64,230,,NEC,63.6,245,100.3,211,48.8,182,20.7,128,31.2,195,38.5,125,111.4,302,53.5,312,22.0,117,34.2,248,26.3,9,63.6,245,65.8,235,100.3,211,101.9,137,111.4,302,106.4,282,2004,0.23022188068801294,13,15,0.4642857142857143,28
200,St. John's,BE,6-21,-4.31,98.9,240,103.2,163,65.0,195,-.017,209,+7.54,32,106.8,49,99.3,20,+0.34,154,,BE,65.0,195,98.9,240,43.4,318,22.3,218,37.0,30,26.9,317,103.2,163,49.9,186,20.8,189,36.5,301,37.1,166,65.0,195,66.4,214,98.9,240,92.2,294,103.2,163,105.6,266,2004,0.38002654293761107,6,21,0.2222222222222222,27
12,Stanford,P10,30-2,+22.52,111.9,42,89.3,5,64.5,212,+.051,56,+3.76,99,105.9,78,102.2,117,-1.79,209,1,P10,64.5,212,111.9,42,52.7,35,20.9,132,36.7,38,36.7,178,89.3,5,44.0,6,21.4,162,27.1,11,33.1,76,64.5,212,67.3,186,111.9,42,109.6,26,89.3,5,90.0,4,2004,0.9305033719341447,30,2,0.9375,32
139,Stephen F. Austin,Slnd,21-9,+1.45,99.6,227,98.2,66,63.4,259,-.075,299,-9.43,302,98.4,280,107.8,321,-9.43,311,,Slnd,63.4,259,99.6,227,49.8,127,19.8,84,31.1,201,33.1,262,98.2,66,48.9,143,27.5,3,29.6,69,50.3,318,63.4,259,67.1,190,99.6,227,102.2,127,98.2,66,91.4,6,2004,0.5406087103151854,21,9,0.7,30
274,Stetson,ASun,12-15,-11.74,95.6,283,107.4,245,65.1,190,+.099,11,-3.77,232,102.5,201,106.3,280,+10.04,7,,ASun,65.1,190,95.6,283,44.3,308,20.8,129,34.2,88,37.0,174,107.4,245,52.1,283,23.0,69,36.9,303,35.1,128,65.1,190,68.5,139,95.6,283,96.6,256,107.4,245,105.7,270,2004,0.2077643034979749,12,15,0.4444444444444444,27
296,Stony Brook,AE,10-20,-14.69,95.4,287,110.1,289,64.0,236,+.016,129,-8.12,285,97.0,303,105.1,224,-7.24,297,,AE,64.0,236,95.4,287,46.6,266,22.7,239,31.1,198,38.5,127,110.1,289,50.9,233,20.5,212,30.7,108,35.7,136,64.0,236,64.7,269,95.4,287,94.9,276,110.1,289,102.3,183,2004,0.16136991777325804,10,20,0.3333333333333333,30
30,Syracuse,BE,23-8,+16.34,113.1,31,96.7,50,65.7,169,+.086,19,+7.88,27,107.4,34,99.6,27,-4.61,261,5,BE,65.7,169,113.1,31,50.2,116,18.3,20,37.7,19,36.6,179,96.7,50,45.2,19,19.3,264,36.4,297,35.3,133,65.7,169,67.5,179,113.1,31,107.6,47,96.7,50,99.8,124,2004,0.8583409492158289,23,8,0.7419354838709677,31
154,TCU,CUSA,12-17,+0.08,102.9,161,102.8,158,66.1,149,-.001,173,+3.94,96,104.9,113,101.0,77,-0.22,170,,CUSA,66.1,149,102.9,161,47.2,245,21.5,172,31.0,207,40.5,80,102.8,158,49.8,179,20.4,221,31.9,162,34.5,114,66.1,149,68.0,164,102.9,161,98.2,227,102.8,158,103.3,212,2004,0.5027953041065872,12,17,0.41379310344827586,29
90,Temple,A10,15-14,+7.23,109.8,63,102.5,155,60.1,311,+.011,141,+6.05,55,106.2,72,100.2,49,+6.95,25,,A10,60.1,311,109.8,63,44.1,312,14.1,1,35.4,60,33.3,257,102.5,155,51.4,250,21.9,122,32.6,188,32.5,68,60.1,311,61.7,311,109.8,63,104.3,94,102.5,155,104.0,234,2004,0.688083334235213,15,14,0.5172413793103449,29
89,Tennessee,SEC,15-14,+7.30,108.5,77,101.2,124,66.1,152,+.020,119,+7.83,30,107.6,31,99.8,34,-6.49,285,,SEC,66.1,152,108.5,77,49.1,167,21.7,181,35.7,54,43.2,44,101.2,124,49.3,164,19.2,272,32.5,180,33.7,94,66.1,152,68.3,145,108.5,77,103.7,98,101.2,124,103.9,230,2004,0.6901864867579632,15,14,0.5172413793103449,29
253,Tennessee Martin,OVC,10-18,-8.87,99.6,228,108.5,265,68.9,57,-.045,260,-1.94,200,103.5,158,105.4,240,+4.72,50,,OVC,68.9,57,99.6,228,48.6,187,21.8,192,32.8,134,33.3,259,108.5,265,51.5,260,19.8,246,34.4,256,37.0,164,68.9,57,71.0,50,99.6,228,98.7,215,108.5,265,107.3,294,2004,0.2720469096359243,10,18,0.35714285714285715,28
265,Tennessee St.,OVC,7-21,-10.29,103.6,149,113.9,322,66.3,140,-.051,269,-0.74,179,104.6,127,105.3,234,+7.82,16,,OVC,66.3,140,103.6,149,48.0,218,16.9,6,27.5,288,25.5,324,113.9,322,56.4,325,22.8,78,37.6,311,49.2,315,66.3,140,69.0,127,103.6,149,100.9,162,113.9,322,113.8,326,2004,0.25161626027605805,7,21,0.25,28
236,Tennessee Tech,OVC,13-15,-6.76,104.2,143,111.0,299,67.7,93,+.002,166,-2.62,220,103.3,173,105.9,264,+2.27,99,,OVC,67.7,93,104.2,143,50.8,95,20.2,99,32.3,151,29.0,308,111.0,299,54.4,316,18.7,283,30.9,125,38.8,204,67.7,93,70.3,73,104.2,143,105.0,85,111.0,299,110.1,315,2004,0.3258516821128301,13,15,0.4642857142857143,28
17,Texas,B12,25-8,+21.54,115.6,16,94.1,22,64.7,206,+.038,72,+9.27,14,109.1,11,99.8,35,+0.80,143,3,B12,64.7,206,115.6,16,49.7,129,17.0,9,41.8,2,35.5,208,94.1,22,44.8,14,20.2,228,30.0,82,38.6,197,64.7,206,67.7,174,115.6,16,111.6,13,94.1,22,97.7,84,2004,0.9142325934917236,25,8,0.7575757575757576,33
189,Texas A&M,B12,7-21,-3.58,105.6,114,109.2,278,66.8,121,-.131,324,+4.45,88,105.2,102,100.7,73,-13.03,324,,B12,66.8,121,105.6,114,46.6,264,21.1,147,38.4,13,37.6,155,109.2,278,54.8,321,19.3,267,29.5,65,44.0,275,66.8,121,69.1,121,105.6,114,101.9,135,109.2,278,109.0,306,2004,0.4047984115280084,7,21,0.25,28
215,Texas A&M Corpus Chris,ind,15-11,-5.13,102.4,170,107.5,248,67.6,98,+.033,84,-4.41,241,100.3,251,104.8,208,-2.39,224,,ind,67.6,98,102.4,170,49.7,132,24.4,301,36.0,50,38.3,138,107.5,248,51.8,274,22.3,101,28.5,33,36.8,160,67.6,98,69.9,92,102.4,170,100.3,173,107.5,248,102.6,190,2004,0.36379101081615517,15,11,0.5769230769230769,26
250,Texas Pan American,ind,14-14,-8.19,95.3,289,103.5,168,68.0,86,+.061,40,-2.31,210,103.1,179,105.4,238,-0.69,181,,ind,68.0,86,95.3,289,44.6,305,21.6,175,33.2,123,41.0,66,103.5,168,50.1,194,22.6,89,33.4,218,43.8,274,68.0,86,70.0,87,95.3,289,95.0,274,103.5,168,103.0,201,2004,0.2790395560038285,14,14,0.5,28
298,Texas Southern,SWAC,14-15,-15.39,87.9,315,103.3,165,69.2,46,+.004,157,-13.94,325,94.3,322,108.2,324,-5.29,271,,SWAC,69.2,46,87.9,315,44.8,298,25.3,312,32.3,150,53.0,1,103.3,165,45.3,20,21.7,134,30.4,96,35.8,143,69.2,46,72.1,27,87.9,315,90.9,303,103.3,165,92.9,17,2004,0.1351077795600967,14,15,0.4827586206896552,29
258,Texas St.,Slnd,13-15,-9.46,101.7,184,111.2,300,63.0,271,-.040,255,-6.72,265,99.1,268,105.8,260,+3.38,69,,Slnd,63.0,271,101.7,184,49.7,130,21.5,171,33.3,120,33.8,246,111.2,300,49.9,185,20.1,234,32.4,179,45.3,295,63.0,271,66.3,220,101.7,184,101.9,134,111.2,300,105.6,267,2004,0.26366896340545176,13,15,0.4642857142857143,28
28,Texas Tech,B12,23-11,+17.11,111.4,46,94.3,24,66.7,126,+.010,143,+8.29,24,108.4,15,100.1,47,+2.29,97,8,B12,66.7,126,111.4,46,49.7,131,17.8,14,31.2,196,35.5,209,94.3,24,48.6,135,24.4,21,34.9,267,30.2,31,66.7,126,69.0,125,111.4,46,105.9,74,94.3,24,97.0,70,2004,0.8717398685934945,23,11,0.6764705882352942,34
318,The Citadel,SC,6-22,-24.04,86.7,319,110.8,297,63.2,264,+.002,167,-2.36,213,101.3,238,103.6,160,-1.75,208,,SC,63.2,264,86.7,319,42.1,322,25.4,314,29.1,265,26.1,322,110.8,297,52.8,301,21.6,136,34.2,246,40.0,224,63.2,264,67.2,187,86.7,319,83.8,319,110.8,297,108.0,299,2004,0.05621905988140156,6,22,0.21428571428571427,28
112,Toledo,MAC,20-11,+4.36,109.0,72,104.7,183,69.6,35,+.115,2,+1.39,137,104.7,121,103.3,152,+6.00,35,,MAC,69.6,35,109.0,72,52.9,30,20.6,118,31.3,187,37.5,162,104.7,183,51.0,238,21.5,152,33.6,225,46.4,302,69.6,35,71.7,38,109.0,72,106.6,63,104.7,183,104.9,255,2004,0.6136926152502605,20,11,0.6451612903225806,31
278,Towson,CAA,8-21,-12.15,94.7,292,106.9,236,64.3,220,+.024,105,-1.52,191,101.7,225,103.2,149,-9.13,308,,CAA,64.3,220,94.7,292,44.4,307,22.9,247,30.4,230,36.5,184,106.9,236,50.1,195,20.3,223,35.6,285,39.0,211,64.3,220,66.2,224,94.7,292,92.0,295,106.9,236,104.3,245,2004,0.19883877194799784,8,21,0.27586206896551724,29
88,Troy St.,ASun,24-7,+7.82,113.5,25,105.7,203,68.0,85,+.017,124,-5.00,246,101.1,241,106.1,271,+3.83,61,,ASun,68.0,85,113.5,25,52.7,37,15.3,3,35.0,66,26.1,323,105.7,203,50.5,218,24.0,37,35.6,286,26.4,10,68.0,85,71.5,40,113.5,25,115.0,3,105.7,203,101.9,176,2004,0.693976532843028,24,7,0.7741935483870968,31
225,Tulane,CUSA,11-17,-6.21,97.8,258,104.0,176,66.8,124,+.009,144,+1.41,136,103.0,181,101.6,102,-12.62,322,,CUSA,66.8,124,97.8,258,46.0,282,23.8,286,33.0,125,36.5,181,104.0,176,45.4,25,18.1,305,34.8,266,39.3,216,66.8,124,69.4,109,97.8,258,93.9,286,104.0,176,101.3,156,2004,0.3302924381155265,11,17,0.39285714285714285,28
153,Tulsa,WAC,9-20,+0.16,102.2,174,102.0,142,67.0,119,-.099,316,+5.87,60,106.6,61,100.7,72,+2.74,82,,WAC,67.0,119,102.2,174,49.0,172,19.1,47,25.3,307,32.8,264,102.0,142,47.8,99,20.0,240,33.7,227,38.1,185,67.0,119,68.4,144,102.2,174,98.1,232,102.0,142,103.0,203,2004,0.5056314972492603,9,20,0.3103448275862069,29
46,UAB,CUSA,22-10,+13.63,108.1,79,94.5,25,70.7,20,+.019,120,+5.34,75,105.8,83,100.4,62,+1.60,122,9,CUSA,70.7,20,108.1,79,49.5,143,18.2,18,30.2,236,32.9,263,94.5,25,48.0,109,27.2,8,35.7,287,44.6,284,70.7,20,72.8,22,108.1,79,103.5,104,94.5,25,95.0,38,2004,0.8243720686445714,22,10,0.6875,32
209,UC Irvine,BW,11-17,-4.79,101.4,193,106.2,218,61.5,300,+.034,81,-0.32,164,103.4,168,103.7,163,+1.88,112,,BW,61.5,300,101.4,193,50.6,100,25.1,311,32.4,146,43.9,32,106.2,218,48.4,127,18.6,288,31.0,126,38.2,188,61.5,300,62.7,310,101.4,193,99.0,206,106.2,218,104.3,242,2004,0.37007695212065467,11,17,0.39285714285714285,28
196,UC Riverside,BW,11-17,-4.12,101.9,181,106.0,209,64.8,204,-.007,184,-0.20,160,103.3,169,103.5,157,+3.78,63,,BW,64.8,204,101.9,181,49.1,170,20.7,126,26.6,301,35.8,199,106.0,209,51.5,257,21.5,154,33.8,231,41.9,250,64.8,204,66.2,223,101.9,181,99.9,184,106.0,209,105.0,258,2004,0.3884951335926849,11,17,0.39285714285714285,28
121,UC Santa Barbara,BW,16-12,+3.45,101.9,178,98.5,74,63.1,270,-.034,243,-1.30,187,103.6,152,104.9,212,+1.67,121,,BW,63.1,270,101.9,178,50.3,112,22.5,232,34.4,80,40.3,84,98.5,74,48.8,141,23.0,68,29.1,56,37.8,180,63.1,270,64.4,276,101.9,178,101.4,154,98.5,74,96.8,67,2004,0.5963445673494566,16,12,0.5714285714285714,28
98,UCF,ASun,25-6,+5.91,103.3,153,97.4,60,62.6,283,+.087,18,-5.87,255,101.4,234,107.2,306,-3.79,246,14,ASun,62.6,283,103.3,153,51.9,54,22.7,241,36.7,36,29.6,304,97.4,60,45.9,34,23.1,56,29.8,76,36.2,150,62.6,283,65.8,236,103.3,153,105.4,80,97.4,60,94.2,28,2004,0.6629187429713583,25,6,0.8064516129032258,31
144,UCLA,P10,11-17,+1.24,102.7,165,101.4,126,63.2,262,+.017,126,+5.71,65,106.9,45,101.2,87,+2.42,93,,P10,63.2,262,102.7,165,50.4,108,23.1,253,32.8,132,35.2,218,101.4,126,49.1,157,18.4,298,31.2,130,33.4,83,63.2,262,66.0,230,102.7,165,98.9,210,101.4,126,104.0,238,2004,0.536559336426158,11,17,0.39285714285714285,28
285,UMBC,AE,7-21,-12.88,94.1,293,107.0,237,63.0,272,-.130,323,-7.34,273,98.0,290,105.3,235,-1.98,214,,AE,63.0,272,94.1,293,45.0,296,21.6,176,34.0,100,31.5,281,107.0,237,48.1,113,21.8,126,33.2,209,41.1,241,63.0,272,63.7,297,94.1,293,94.0,285,107.0,237,99.6,118,2004,0.1858183279465287,7,21,0.25,28
147,UMKC,MCon,15-14,+0.72,105.7,112,105.0,190,65.8,168,-.069,293,-4.24,238,102.0,218,106.3,281,-4.53,260,,MCon,65.8,168,105.7,112,50.2,118,17.7,12,29.8,245,38.5,130,105.0,190,50.7,226,23.1,64,33.7,228,38.2,187,65.8,168,68.2,152,105.7,112,106.9,55,105.0,190,101.6,170,2004,0.5190937707790199,15,14,0.5172413793103449,29
305,UNC Asheville,BSth,9-20,-17.15,93.4,299,110.6,295,65.1,191,+.027,98,-3.58,229,100.4,250,104.0,179,+9.62,8,,BSth,65.1,191,93.4,299,45.8,289,22.3,219,29.4,254,26.8,318,110.6,295,52.5,294,21.0,179,35.9,288,29.9,29,65.1,191,67.6,178,93.4,299,91.3,301,110.6,295,106.4,284,2004,0.12522763311196927,9,20,0.3103448275862069,29
229,UNC Greensboro,SC,11-17,-6.52,102.2,173,108.7,270,67.0,118,-.036,247,-3.08,226,101.4,235,104.4,196,+0.08,162,,SC,67.0,118,102.2,173,50.9,90,23.1,256,32.6,142,30.8,288,108.7,270,50.5,219,21.0,177,36.5,300,33.3,81,67.0,118,71.4,41,102.2,173,100.8,165,108.7,270,105.0,259,2004,0.3297996523313584,11,17,0.39285714285714285,28
120,UNC Wilmington,CAA,15-15,+3.66,98.7,243,95.0,32,59.8,313,-.064,285,+0.29,149,103.3,174,103.0,142,+2.50,90,,CAA,59.8,313,98.7,243,46.7,260,20.7,122,29.2,258,33.9,244,95.0,32,47.5,85,24.9,19,30.9,124,38.3,189,59.8,313,63.2,306,98.7,243,96.4,261,95.0,32,93.0,18,2004,0.608114297275683,15,15,0.5,30
77,UNLV,MWC,18-13,+9.35,110.3,58,100.9,120,69.1,51,-.009,187,+5.18,80,106.2,75,101.0,81,+0.12,161,,MWC,69.1,51,110.3,58,53.0,27,21.6,179,29.0,267,42.8,50,100.9,120,48.7,139,20.7,203,34.3,252,34.0,104,69.1,51,69.4,112,110.3,58,105.7,77,100.9,120,102.4,185,2004,0.735819252135345,18,13,0.5806451612903226,31
132,USC,P10,13-15,+2.32,104.6,134,102.3,148,70.3,26,+.086,20,+6.21,50,107.9,26,101.6,103,+3.17,72,,P10,70.3,26,104.6,134,48.7,184,20.2,95,31.6,178,37.3,165,102.3,148,52.2,284,21.9,123,31.2,128,44.1,276,70.3,26,73.2,19,104.6,134,100.6,170,102.3,148,105.5,265,2004,0.5635764075231735,13,15,0.4642857142857143,28
205,UT Arlington,Slnd,17-12,-4.64,103.9,145,108.5,266,65.4,181,+.024,104,-6.83,267,98.7,275,105.5,245,+2.63,86,,Slnd,65.4,181,103.9,145,50.0,119,23.6,273,34.1,94,49.6,4,108.5,266,50.2,205,20.5,210,30.9,123,34.9,125,65.4,181,68.6,135,103.9,145,103.3,108,108.5,266,102.6,189,2004,0.3779650238507539,17,12,0.5862068965517241,29
41,UTEP,WAC,24-8,+14.69,112.5,36,97.8,61,68.2,76,+.046,61,+4.31,92,104.2,133,99.9,38,-6.38,284,13,WAC,68.2,76,112.5,36,52.7,38,19.3,56,29.9,242,44.6,23,97.8,61,47.9,105,22.1,112,33.2,211,29.4,26,68.2,76,69.3,114,112.5,36,109.3,27,97.8,61,97.7,82,2004,0.8334571160560825,24,8,0.75,32
248,UTSA,Slnd,19-14,-7.69,98.0,253,105.7,201,68.7,61,+.103,8,-7.71,276,99.1,267,106.8,295,-5.14,268,16,Slnd,68.7,61,98.0,253,48.3,197,23.5,270,32.7,136,42.1,55,105.7,201,48.4,130,21.1,171,32.6,187,33.0,74,68.7,61,70.9,56,98.0,253,98.2,226,105.7,201,100.6,143,2004,0.2952896218924452,19,14,0.5757575757575758,33
45,Utah,MWC,24-9,+14.13,110.1,60,96.0,42,58.8,317,+.064,36,+4.45,87,106.8,50,102.3,121,-0.97,188,11,MWC,58.8,317,110.1,60,53.0,29,22.2,208,35.9,51,34.5,232,96.0,42,45.7,29,17.6,313,25.3,2,34.3,110,58.8,317,60.3,320,110.1,60,106.9,54,96.0,42,96.1,55,2004,0.8286329860093219,24,9,0.7272727272727273,33
47,Utah St.,BW,25-4,+13.60,115.9,15,102.3,149,58.2,322,+.037,77,-3.05,224,101.4,236,104.4,194,-3.29,242,,BW,58.2,322,115.9,15,56.5,2,21.2,162,37.2,29,42.1,54,102.3,149,48.2,120,19.6,256,29.0,51,21.9,1,58.2,322,59.3,323,115.9,15,115.3,2,102.3,149,97.9,86,2004,0.8077425294564766,25,4,0.8620689655172413,29
81,VCU,CAA,23-8,+9.09,105.6,115,96.5,48,64.4,216,+.076,25,-0.29,163,102.3,208,102.6,135,+0.29,156,13,CAA,64.4,216,105.6,115,53.6,21,23.7,280,34.5,75,36.0,195,96.5,48,45.4,23,20.4,215,29.0,53,31.6,51,64.4,216,67.9,169,105.6,115,103.7,99,96.5,48,94.1,25,2004,0.738140613684742,23,8,0.7419354838709677,31
320,VMI,BSth,6-22,-24.63,83.3,322,108.0,254,64.1,227,+.014,134,-6.23,259,99.1,269,105.3,232,+0.84,140,,BSth,64.1,227,83.3,322,43.3,319,25.7,316,26.8,299,30.1,295,108.0,254,51.0,237,21.1,176,36.0,290,33.8,97,64.1,227,66.1,226,83.3,322,82.6,320,108.0,254,103.5,218,2004,0.04804632165156644,6,22,0.21428571428571427,28
152,Valparaiso,MCon,18-13,+0.53,100.1,212,99.6,96,69.2,47,+.068,33,-1.31,189,104.7,118,106.0,267,+0.85,139,15,MCon,69.2,47,100.1,212,48.5,188,22.2,209,32.0,166,43.0,46,99.6,96,46.8,54,18.4,297,30.3,93,43.6,269,69.2,47,71.0,51,100.1,212,100.0,179,99.6,96,100.0,126,2004,0.5143926477811774,18,13,0.5806451612903226,31
23,Vanderbilt,SEC,23-10,+18.64,113.6,23,95.0,30,65.0,193,-.002,176,+7.87,28,108.0,23,100.1,45,-6.57,288,6,SEC,65.0,193,113.6,23,51.9,55,18.7,39,30.7,224,35.2,216,95.0,30,47.6,86,22.1,111,30.0,80,32.4,66,65.0,193,67.1,191,113.6,23,108.8,35,95.0,30,97.2,78,2004,0.8865802461114781,23,10,0.696969696969697,33
172,Vermont,AE,22-9,-1.37,101.0,199,102.4,154,63.9,239,+.113,4,-8.08,284,97.4,295,105.5,244,-2.50,229,15,AE,63.9,239,101.0,199,48.1,211,19.0,46,30.9,215,31.7,279,102.4,154,48.5,132,19.6,254,26.8,8,24.4,4,63.9,239,65.3,254,101.0,199,100.9,161,102.4,154,95.5,46,2004,0.4605046402902997,22,9,0.7096774193548387,31
53,Villanova,BE,18-17,+12.43,110.8,53,98.3,70,65.3,187,-.050,267,+9.22,15,108.2,17,99.0,17,+4.61,52,,BE,65.3,187,110.8,53,51.0,88,23.3,261,36.3,44,39.1,108,98.3,70,47.1,63,19.6,252,31.9,161,40.7,233,65.3,187,66.6,210,110.8,53,104.6,92,98.3,70,101.7,172,2004,0.7984414278326866,18,17,0.5142857142857142,35
66,Virginia,ACC,18-13,+10.27,109.3,67,99.1,87,68.7,60,+.100,10,+10.68,9,108.8,14,98.1,9,-7.81,301,,ACC,68.7,60,109.3,67,49.9,124,19.5,63,30.0,240,40.5,79,99.1,87,48.3,123,20.8,190,38.9,323,36.4,153,68.7,60,71.9,30,109.3,67,102.6,120,99.1,87,103.5,215,2004,0.7552145871149707,18,13,0.5806451612903226,31
123,Virginia Tech,BE,15-14,+3.16,101.9,179,98.8,81,66.3,142,+.052,55,+4.31,93,104.9,114,100.5,68,-9.42,310,,BE,66.3,142,101.9,179,45.2,295,19.2,52,34.8,72,38.4,134,98.8,81,52.3,291,26.1,12,33.7,229,39.3,215,66.3,142,68.0,161,101.9,179,97.2,249,98.8,81,99.1,111,2004,0.5878985538433299,15,14,0.5172413793103449,29
276,Wagner,NEC,13-16,-11.92,95.7,282,107.6,250,65.9,165,+.074,29,-7.98,282,99.4,263,107.4,309,+0.84,141,,NEC,65.9,165,95.7,282,46.6,267,22.8,244,36.4,42,40.0,88,107.6,250,48.4,129,15.7,325,28.1,24,23.6,2,65.9,165,68.2,155,95.7,282,97.6,241,107.6,250,102.7,194,2004,0.20622585505822535,13,16,0.4482758620689655,29
15,Wake Forest,ACC,21-10,+21.69,121.6,1,99.9,102,70.4,23,-.019,216,+13.52,4,109.6,5,96.1,1,+1.79,116,4,ACC,70.4,23,121.6,1,53.9,17,19.5,66,36.8,34,44.7,21,99.9,102,51.4,252,22.9,72,32.1,166,39.2,214,70.4,23,73.0,20,121.6,1,112.5,9,99.9,102,102.9,198,2004,0.9055544358467851,21,10,0.6774193548387096,31
60,Washington,P10,19-12,+10.78,113.1,30,102.3,152,73.5,1,+.031,88,+6.16,52,106.6,58,100.4,63,+2.14,107,8,P10,73.5,1,113.1,30,51.8,57,19.7,75,33.0,128,41.2,60,102.3,152,51.7,268,22.1,110,33.6,224,40.1,226,73.5,1,75.4,7,113.1,30,107.9,39,102.3,152,104.3,243,2004,0.7602719726984605,19,12,0.6129032258064516,31
126,Washington St.,P10,13-16,+3.04,100.9,202,97.9,63,56.5,323,-.014,199,+5.37,73,106.7,53,101.4,93,-1.90,211,,P10,56.5,323,100.9,202,46.0,283,19.9,89,28.7,271,29.2,306,97.9,63,51.3,246,23.4,50,29.0,50,36.4,154,56.5,323,59.5,322,100.9,202,96.5,260,97.9,63,100.1,128,2004,0.5859163062252635,13,16,0.4482758620689655,29
170,Weber St.,BSky,15-14,-1.17,105.9,110,107.0,238,61.7,297,-.024,226,-2.11,205,102.3,204,104.5,197,+1.76,119,,BSky,61.7,297,105.9,110,51.1,82,20.9,135,31.3,188,46.3,12,107.0,238,52.7,298,19.8,247,26.7,7,33.4,86,61.7,297,64.1,285,105.9,110,104.9,88,107.0,238,104.7,249,2004,0.4703258655619096,15,14,0.5172413793103449,29
93,West Virginia,BE,17-14,+6.81,107.0,95,100.2,104,62.3,288,+.064,37,+6.80,42,106.6,60,99.8,31,+0.71,146,,BE,62.3,288,107.0,95,50.6,101,19.5,64,27.0,294,34.2,239,100.2,104,48.5,133,21.8,130,36.4,298,27.8,17,62.3,288,64.0,292,107.0,95,101.7,144,100.2,104,102.5,188,2004,0.6802883870257487,17,14,0.5483870967741935,31
237,Western Carolina,SC,13-15,-6.88,98.0,252,104.9,188,67.9,89,-.028,234,-2.48,216,101.6,230,104.0,180,-1.13,191,,SC,67.9,89,98.0,252,49.2,163,25.1,310,29.3,255,45.7,14,104.9,188,49.9,187,23.5,47,35.6,284,35.2,129,67.9,89,71.9,29,98.0,252,96.6,255,104.9,188,101.1,154,2004,0.3137898511140385,13,15,0.4642857142857143,28
304,Western Illinois,MCon,3-25,-17.12,95.8,280,112.9,316,67.3,109,-.057,276,-0.87,181,104.0,144,104.8,209,+1.46,125,,MCon,67.3,109,95.8,280,49.5,147,24.5,303,23.8,317,43.8,34,112.9,316,55.0,322,20.8,193,35.6,282,33.2,80,67.3,109,69.8,96,95.8,280,93.9,288,112.9,316,111.9,321,2004,0.1313861987274499,3,25,0.10714285714285714,28
118,Western Kentucky,SB,15-13,+3.80,111.2,49,107.4,246,66.2,146,-.056,275,+0.57,144,102.5,202,101.9,108,+5.96,36,,SB,66.2,146,111.2,49,52.2,48,21.9,194,39.8,5,39.8,93,107.4,246,52.1,280,20.5,211,28.8,46,43.5,266,66.2,146,68.0,163,111.2,49,107.8,42,107.4,246,104.8,251,2004,0.598653373707603,15,13,0.5357142857142857,28
31,Western Michigan,MAC,26-5,+16.29,114.3,19,98.0,64,65.6,173,+.037,74,-0.63,175,103.5,157,104.1,186,-1.21,196,11,MAC,65.6,173,114.3,19,51.8,58,19.1,48,38.6,12,39.7,94,98.0,64,49.1,156,24.0,32,29.5,66,37.6,178,65.6,173,68.4,140,114.3,19,113.7,8,98.0,64,95.9,52,2004,0.8543804962615732,26,5,0.8387096774193549,31
55,Wichita St.,MVC,21-11,+11.64,109.9,61,98.3,69,65.9,161,-.075,300,+1.87,125,103.5,159,101.6,100,-0.76,183,,MVC,65.9,161,109.9,61,52.4,44,22.0,203,30.8,218,39.2,105,98.3,69,45.0,17,18.7,285,26.6,5,36.5,155,65.9,161,67.1,189,109.9,61,105.7,76,98.3,69,96.3,57,2004,0.7829240829185068,21,11,0.65625,32
233,William & Mary,CAA,7-21,-6.66,105.4,119,112.0,310,67.7,92,-.094,313,-0.15,159,101.9,223,102.0,112,-0.50,177,,CAA,67.7,92,105.4,119,48.8,183,21.9,196,34.2,90,39.5,98,112.0,310,52.3,288,18.1,304,31.4,137,35.9,147,67.7,92,70.4,69,105.4,119,101.1,158,112.0,310,108.1,300,2004,0.33215226677039744,7,21,0.25,28
228,Winthrop,BSth,16-12,-6.36,99.8,221,106.2,219,62.8,275,+.017,128,-8.63,291,98.3,281,106.9,299,+1.36,128,,BSth,62.8,275,99.8,221,47.7,227,21.2,154,34.2,91,37.5,157,106.2,219,51.7,269,23.5,48,30.8,118,42.4,256,62.8,275,64.7,268,99.8,221,100.9,160,106.2,219,99.8,125,2004,0.3285405971254578,16,12,0.5714285714285714,28
6,Wisconsin,B10,25-7,+25.74,116.0,14,90.3,8,60.7,310,-.001,174,+8.34,23,108.0,20,99.7,30,+3.63,64,6,B10,60.7,310,116.0,14,50.3,111,16.0,4,33.5,114,40.5,78,90.3,8,46.6,50,22.6,90,28.6,36,30.2,33,60.7,310,61.1,314,116.0,14,111.3,17,90.3,8,92.7,12,2004,0.9468592500934613,25,7,0.78125,32
287,Wofford,SC,9-20,-12.98,98.7,242,111.7,307,70.7,19,+.028,94,+0.24,151,102.7,196,102.5,133,+9.27,9,,SC,70.7,19,98.7,242,50.8,93,24.0,291,27.1,293,35.8,200,111.7,307,52.7,297,19.9,241,35.2,274,42.2,255,70.7,19,74.0,11,98.7,242,95.5,269,111.7,307,109.6,312,2004,0.19420497335530787,9,20,0.3103448275862069,29
169,Wright St.,Horz,14-14,-1.15,104.2,144,105.3,195,63.1,268,+.048,59,-0.46,168,103.3,175,103.7,164,-0.35,175,,Horz,63.1,268,104.2,144,49.4,148,19.4,61,27.5,287,40.3,82,105.3,195,50.4,213,17.8,310,29.9,78,30.7,39,63.1,268,64.8,264,104.2,144,102.4,124,105.3,195,104.0,233,2004,0.46984543107745314,14,14,0.5,28
114,Wyoming,MWC,11-17,+4.34,104.7,129,100.3,106,68.0,88,-.123,322,+4.78,84,106.4,66,101.6,101,-0.34,173,,MWC,68.0,88,104.7,129,49.1,166,21.6,178,33.3,121,39.5,100,100.3,106,47.6,89,18.8,281,29.4,62,35.7,138,68.0,88,68.6,134,104.7,129,101.6,148,100.3,106,100.6,144,2004,0.6209857575219058,11,17,0.39285714285714285,28
21,Xavier,A10,26-11,+20.16,113.8,21,93.6,20,64.1,230,-.022,219,+7.19,36,107.5,33,100.3,58,+2.75,81,7,A10,64.1,230,113.8,21,51.0,85,18.5,32,33.2,122,37.8,152,93.6,20,46.5,46,20.5,209,29.7,73,30.3,34,64.1,230,65.7,244,113.8,21,108.1,38,93.6,20,95.8,48,2004,0.9044121616445318,26,11,0.7027027027027027,37
195,Yale,Ivy,12-15,-4.07,99.7,223,103.8,175,62.8,276,-.038,249,-2.41,215,101.9,222,104.3,191,+4.35,56,,Ivy,62.8,276,99.7,223,50.8,96,22.5,229,28.4,277,32.0,274,103.8,175,49.5,170,20.7,204,29.4,63,37.3,171,62.8,276,65.4,251,99.7,223,98.1,229,103.8,175,100.2,131,2004,0.3861669069624802,12,15,0.4444444444444444,27
249,Youngstown St.,Horz,8-20,-8.13,97.6,260,105.8,204,67.3,108,+.004,160,+1.77,126,105.0,108,103.3,150,+2.03,109,,Horz,67.3,108,97.6,260,47.4,237,23.7,279,32.8,133,44.0,30,105.8,204,51.4,253,22.3,105,34.9,268,47.6,307,67.3,108,68.1,157,97.6,260,95.0,273,105.8,204,106.0,275,2004,0.2833834851707918,8,20,0.2857142857142857,28
