rk,TEAM,CONF,RECORD,KADJ EM,adjo,adjo.rank,adjd,adjd.rank,adjt,adjt.rank,luck,luck.rank,sos-adjem,sos-adjem.rank,sos-oppo,sos-oppo.rank,sos-oppd,sos-oppd.rank,ncsos-adjem,ncsos-adjem.rank,seed,conference,KADJ T,adjtempo.rank,KADJ O,adjoe.rank,off-efg%,off-efg%.rank,off-to%,off-to%.rank,off-or%,off-or%.rank,off-ftrate,off-ftrate.rank,KADJ D,adjde.rank,def-efg%,def-efg%.rank,def-to%,def-to%.rank,def-or%,def-or%.rank,def-ftrate,def-ftrate.rank,tempo-adj,tempo-adj.rank,tempo-raw,tempo-raw.rank,off. efficiency-adj,off. efficiency-adj.rank,off. efficiency-raw,off. efficiency-raw.rank,def. efficiency-adj,def. efficiency-adj.rank,def. efficiency-raw,def. efficiency-raw.rank,YEAR,BARTHAG,W,L,WIN%,GAMES
181,Air Force,MWC,9-19,-1.64,103.8,149,105.5,214,54.2,327,-.015,196,+4.29,89,105.6,89,101.3,88,-0.76,178,,MWC,54.2,327,103.8,149,55.3,7,23.0,249,21.9,326,40.4,97,105.5,214,52.0,272,25.3,19,38.7,306,52.3,318,54.2,327,55.8,327,103.8,149,99.5,190,105.5,214,106.8,283,2002,0.4534310382894552,9,19,0.32142857142857145,28
227,Akron,MAC,9-21,-5.94,105.2,130,111.2,295,65.6,251,-.026,220,+1.27,130,105.2,104,103.9,190,-1.37,198,,MAC,65.6,251,105.2,130,50.7,101,21.2,152,30.2,277,45.2,24,111.2,295,52.7,287,19.4,273,37.0,274,37.3,149,65.6,251,66.7,260,105.2,130,102.7,128,111.2,295,110.8,313,2002,0.34572786224557367,9,21,0.3,30
22,Alabama,SEC,27-8,+18.73,114.0,24,95.3,32,68.0,170,+.076,21,+8.59,29,107.1,46,98.5,15,-1.56,206,2,SEC,68.0,170,114.0,24,49.2,152,20.0,79,40.2,12,40.8,84,95.3,32,46.0,41,22.0,123,34.9,196,33.3,85,68.0,170,69.8,171,114.0,24,108.2,42,95.3,32,96.0,56,2002,0.8869982129037852,27,8,0.7714285714285715,35
262,Alabama A&M,SWAC,17-10,-9.53,92.2,304,101.7,136,79.0,1,+.002,166,-18.64,327,92.6,327,111.2,327,-15.04,326,,SWAC,79.0,1,92.2,304,45.3,294,21.1,144,38.3,41,35.4,222,101.7,136,48.4,137,30.7,1,39.2,313,46.9,301,79.0,1,81.6,1,92.2,304,97.8,220,101.7,136,90.7,4,2002,0.24457241538769842,17,10,0.6296296296296297,27
272,Alabama St.,SWAC,18-12,-12.62,90.1,312,102.7,159,63.1,305,+.081,14,-14.95,326,95.6,324,110.6,326,-5.12,276,,SWAC,63.1,305,90.1,312,47.3,236,24.0,280,34.3,150,45.7,18,102.7,159,45.7,34,22.0,129,32.2,83,30.3,38,63.1,305,68.2,223,90.1,312,94.9,264,102.7,159,94.0,26,2002,0.18164270236821187,18,12,0.6,30
314,Albany,AE,8-20,-20.29,87.0,321,107.3,244,62.7,308,+.039,78,-9.59,300,98.0,292,107.6,302,-4.06,255,,AE,62.7,308,87.0,321,44.0,309,22.2,197,31.2,252,23.3,327,107.3,244,50.2,210,22.4,108,34.6,180,38.9,187,62.7,308,63.7,311,87.0,321,89.0,315,107.3,244,101.1,171,2002,0.0822783510369459,8,20,0.2857142857142857,28
252,Alcorn St.,SWAC,20-10,-8.71,100.1,213,108.8,268,73.0,23,+.097,8,-14.53,325,95.0,325,109.6,325,+2.59,101,16,SWAC,73.0,23,100.1,213,50.7,100,22.6,220,39.5,23,40.5,94,108.8,268,48.7,150,21.6,158,33.3,125,35.1,106,73.0,23,76.1,16,100.1,213,103.4,116,108.8,268,99.9,139,2002,0.27719285486176426,20,10,0.6666666666666666,30
206,American,Pat,18-12,-4.01,101.0,198,105.1,209,62.9,306,+.057,42,-7.70,282,98.3,286,106.0,263,-3.16,239,,Pat,62.9,306,101.0,198,52.3,51,24.0,281,30.0,279,36.8,179,105.1,209,47.9,109,21.5,163,30.8,44,34.0,93,62.9,306,65.3,290,101.0,198,100.2,175,105.1,209,98.0,86,2002,0.3875540781767068,18,12,0.6,30
229,Appalachian St.,SC,8-18,-6.25,102.1,181,108.3,263,72.6,28,-.006,182,+0.94,136,103.1,173,102.2,117,+2.60,99,,SC,72.6,28,102.1,181,47.9,213,22.4,211,33.3,185,41.5,73,108.3,263,53.0,290,21.4,166,34.4,175,38.6,180,72.6,28,75.7,17,102.1,181,98.2,210,108.3,263,106.9,286,2002,0.33671834008102947,8,18,0.3076923076923077,26
13,Arizona,P10,24-10,+20.54,119.3,2,98.8,82,71.1,59,+.079,15,+14.22,1,111.3,1,97.1,3,+17.56,1,3,P10,71.1,59,119.3,2,52.2,55,19.0,33,35.3,120,44.6,30,98.8,82,49.2,168,18.3,306,36.0,241,28.5,17,71.1,59,73.5,50,119.3,2,111.0,16,98.8,82,105.0,250,2002,0.8973621580925029,24,10,0.7058823529411765,34
69,Arizona St.,P10,14-15,+10.54,108.6,78,98.1,69,71.7,47,-.090,312,+7.95,40,108.5,23,100.5,68,-8.11,308,,P10,71.7,47,108.6,78,49.6,137,20.5,103,37.9,50,39.4,119,98.1,69,50.9,239,24.0,42,29.1,15,54.6,324,71.7,47,73.4,51,108.6,78,104.4,100,98.1,69,100.1,147,2002,0.7630304832339747,14,15,0.4827586206896552,29
57,Arkansas,SEC,14-15,+12.56,108.8,76,96.2,39,71.9,44,-.062,290,+11.25,8,108.3,24,97.1,4,+4.83,60,,SEC,71.9,44,108.8,76,50.1,117,19.1,41,29.3,290,33.6,257,96.2,39,48.5,138,26.6,7,40.3,322,50.9,311,71.9,44,73.5,46,108.8,76,100.7,162,96.2,39,98.6,98,2002,0.8046229863704732,14,15,0.4827586206896552,29
97,Arkansas Little Rock,SB,16-11,+5.75,106.8,105,101.1,124,69.1,126,-.063,292,-1.30,190,100.7,236,102.0,108,-4.07,256,,SB,69.1,126,106.8,105,52.5,41,22.6,217,33.6,172,40.5,95,101.1,124,48.7,148,24.5,33,32.3,94,36.8,138,69.1,126,70.1,156,106.8,105,103.8,112,101.1,124,96.4,64,2002,0.6526594362547523,16,11,0.5925925925925926,27
324,Arkansas Pine Bluff,SWAC,2-26,-28.85,82.2,326,111.1,294,75.5,5,-.014,195,-7.86,284,100.1,245,107.9,306,+12.22,6,,SWAC,75.5,5,82.2,326,40.5,327,23.4,257,29.5,288,34.0,249,111.1,294,53.1,296,25.2,20,42.9,327,42.1,254,75.5,5,80.2,2,82.2,326,82.7,325,111.1,294,105.8,270,2002,0.030334454416856137,2,26,0.07142857142857142,28
141,Arkansas St.,SB,13-16,+2.13,105.2,129,103.1,165,64.2,289,-.135,326,-1.64,194,101.8,217,103.4,165,-3.55,249,,SB,64.2,289,105.2,129,50.3,111,21.5,174,38.1,45,31.4,297,103.1,165,45.9,39,21.0,186,35.4,218,36.4,134,64.2,289,66.7,261,105.2,129,104.0,108,103.1,165,99.1,112,2002,0.557712865863173,13,16,0.4482758620689655,29
289,Army,Pat,10-16,-15.11,95.4,280,110.5,289,68.0,172,+.047,65,-8.92,295,97.5,302,106.5,282,-8.67,313,,Pat,68.0,172,95.4,280,47.1,244,21.5,170,29.2,292,39.8,116,110.5,289,49.4,181,21.9,137,35.1,204,42.6,263,68.0,172,68.8,194,95.4,280,95.4,258,110.5,289,103.3,219,2002,0.15580545330811468,10,16,0.38461538461538464,26
88,Auburn,SEC,12-16,+6.61,98.6,238,92.0,12,70.1,90,-.049,269,+8.17,35,107.0,49,98.9,21,-6.31,293,,SEC,70.1,90,98.6,238,47.0,250,25.2,309,35.2,121,37.9,160,92.0,12,44.9,15,23.7,49,37.6,286,36.9,140,70.1,90,71.3,105,98.6,238,92.2,298,92.0,12,93.4,19,2002,0.6892790325814641,12,16,0.42857142857142855,28
197,Austin Peay,OVC,11-18,-2.98,99.4,221,102.4,151,67.3,198,-.037,247,+0.02,154,104.4,124,104.4,207,+10.17,11,,OVC,67.3,198,99.4,221,49.4,144,21.2,149,29.7,284,40.2,101,102.4,151,49.5,186,21.1,181,34.1,162,31.0,51,67.3,198,69.9,163,99.4,221,98.1,214,102.4,151,102.5,199,2002,0.4153363895518056,11,18,0.3793103448275862,29
63,BYU,MWC,17-12,+11.55,109.2,72,97.7,63,65.4,261,-.045,263,+5.74,68,106.7,52,101.0,79,+3.23,84,,MWC,65.4,261,109.2,72,51.7,63,20.6,111,28.8,295,45.5,20,97.7,63,47.2,78,19.1,285,29.3,17,38.6,181,65.4,261,65.3,287,109.2,72,105.3,84,97.7,63,99.1,113,2002,0.7824011398700131,17,12,0.5862068965517241,29
55,Ball St.,MAC,23-12,+12.66,113.3,32,100.6,117,69.1,130,+.012,135,+3.72,98,105.8,83,102.1,112,+8.95,15,,MAC,69.1,130,113.3,32,52.5,44,17.9,15,31.7,237,36.5,191,100.6,117,48.9,156,19.7,255,32.7,106,35.1,107,69.1,130,70.1,155,113.3,32,110.4,20,100.6,117,101.6,178,2002,0.7969273088487782,23,12,0.6571428571428571,35
106,Baylor,B12,12-16,+4.69,108.2,80,103.5,178,68.3,160,-.090,313,+4.22,93,106.0,78,101.7,103,-6.92,297,,B12,68.3,160,108.2,80,50.7,99,19.8,61,32.5,215,32.2,285,103.5,178,50.2,211,22.5,104,38.9,310,29.0,22,68.3,160,70.8,124,108.2,80,104.9,90,103.5,178,103.6,225,2002,0.6249734083410348,12,16,0.42857142857142855,28
217,Belmont,ASun,11-17,-5.00,108.8,75,113.8,311,65.2,268,-.025,216,-2.66,215,102.6,194,105.2,239,+8.69,17,,ASun,65.2,268,108.8,75,55.9,4,24.1,287,32.5,216,32.1,287,113.8,311,53.1,300,19.6,260,39.2,312,32.6,73,65.2,268,67.1,253,108.8,75,107.1,55,113.8,311,111.8,321,2002,0.3736221820722929,11,17,0.39285714285714285,28
285,Bethune Cookman,MEAC,12-17,-14.58,94.8,284,109.4,279,69.3,118,+.038,81,-10.27,306,96.8,316,107.1,294,-1.44,201,,MEAC,69.3,118,94.8,284,47.6,220,24.2,289,32.9,199,45.4,22,109.4,279,48.2,122,20.9,193,36.0,240,44.0,278,69.3,118,70.9,121,94.8,284,95.6,254,109.4,279,102.6,202,2002,0.16147730665935975,12,17,0.41379310344827586,29
292,Binghamton,AE,9-19,-15.37,92.7,302,108.1,256,67.2,203,-.059,286,-10.68,310,97.4,306,108.1,309,-6.96,298,,AE,67.2,203,92.7,302,46.8,259,23.0,247,31.1,255,34.5,238,108.1,256,49.9,199,22.3,113,34.2,164,35.5,114,67.2,203,68.6,205,92.7,302,94.2,277,108.1,256,100.6,159,2002,0.14586410616301945,9,19,0.32142857142857145,28
297,Birmingham Southern,BSth,11-14,-16.20,94.4,288,110.6,291,62.4,310,+.029,97,-12.54,320,94.7,326,107.3,298,-8.19,309,,BSth,62.4,310,94.4,288,47.9,209,24.3,292,33.5,175,36.3,197,110.6,291,47.7,99,20.9,196,31.2,53,46.1,297,62.4,310,64.4,306,94.4,288,95.1,261,110.6,291,100.3,151,2002,0.13927092160007798,11,14,0.44,25
188,Boise St.,WAC,12-17,-2.21,98.2,243,100.4,110,65.2,270,+.016,121,+2.30,115,104.4,126,102.1,113,-3.11,238,,WAC,65.2,270,98.2,243,46.5,266,21.4,165,30.4,271,32.5,277,100.4,110,49.5,184,24.3,34,33.3,121,53.7,322,65.2,270,65.8,284,98.2,243,93.9,282,100.4,110,99.5,128,2002,0.436643909114361,12,17,0.41379310344827586,29
71,Boston College,BE,20-12,+9.97,109.4,70,99.4,91,69.1,128,+.040,75,+6.41,58,105.3,102,98.9,22,-2.77,230,11,BE,69.1,128,109.4,70,47.4,229,19.7,60,37.4,66,40.6,88,99.4,91,47.5,91,22.6,99,37.9,294,42.3,260,69.1,128,70.5,134,109.4,70,103.3,117,99.4,91,99.6,131,2002,0.7507050181356063,20,12,0.625,32
194,Boston University,AE,22-10,-2.74,101.3,192,104.0,187,64.5,282,+.102,7,-9.18,299,97.5,305,106.6,284,+0.25,154,16,AE,64.5,282,101.3,192,48.1,201,19.7,58,34.9,131,36.8,178,104.0,187,45.5,26,19.9,247,32.0,80,37.2,148,64.5,282,64.9,293,101.3,192,102.0,141,104.0,187,97.1,72,2002,0.4249460578430119,22,10,0.6875,32
60,Bowling Green,MAC,23-9,+11.76,111.3,46,99.6,94,66.6,221,+.021,111,+2.13,118,105.6,90,103.5,170,+0.85,142,,MAC,66.6,221,111.3,46,54.1,13,20.7,113,31.2,251,46.0,15,99.6,94,47.9,107,21.2,180,31.1,50,52.3,317,66.6,221,66.4,273,111.3,46,109.4,27,99.6,94,100.1,146,2002,0.7819849806383596,23,9,0.71875,32
212,Bradley,MVC,9-20,-4.59,95.3,281,99.9,99,63.3,298,-.046,266,+0.99,135,104.6,117,103.6,180,+0.92,140,,MVC,63.3,298,95.3,281,43.4,314,22.0,186,32.7,210,41.8,66,99.9,99,48.1,120,20.2,232,28.8,11,43.9,277,63.3,298,64.5,303,95.3,281,93.0,290,99.9,99,99.7,135,2002,0.36769721337378625,9,20,0.3103448275862069,29
205,Brown,Ivy,16-10,-3.69,105.9,115,109.6,284,72.7,25,+.058,41,-7.00,274,98.3,284,105.3,241,-8.54,312,,Ivy,72.7,25,105.9,115,50.7,98,20.0,81,31.5,242,42.3,56,109.6,284,51.1,244,22.9,74,34.7,188,35.5,115,72.7,25,72.2,81,105.9,115,105.2,86,109.6,284,102.4,197,2002,0.40253001038288966,16,10,0.6153846153846154,26
269,Bucknell,Pat,13-16,-11.27,94.5,286,105.8,221,65.5,258,+.060,39,-7.65,281,97.5,303,105.2,237,-5.13,277,,Pat,65.5,258,94.5,286,48.2,195,24.9,304,31.4,246,42.0,59,105.8,221,47.3,83,22.0,127,33.3,125,37.9,164,65.5,258,66.1,277,94.5,286,93.1,288,105.8,221,98.3,93,2002,0.21434466685284342,13,16,0.4482758620689655,29
184,Buffalo,MAC,12-18,-1.84,99.6,219,101.4,129,67.7,187,-.034,243,+0.14,152,104.8,115,104.6,217,-3.47,248,,MAC,67.7,187,99.6,219,47.6,221,22.8,235,35.7,107,39.1,131,101.4,129,50.4,220,21.5,159,32.2,86,43.4,272,67.7,187,68.3,217,99.6,219,98.3,207,101.4,129,101.5,177,2002,0.4486873736368084,12,18,0.4,30
28,Butler,Horz,26-6,+17.63,111.9,41,94.3,27,62.1,316,-.051,276,-1.43,192,103.0,179,104.5,212,-4.63,268,,Horz,62.1,316,111.9,41,53.3,24,15.9,1,29.7,285,33.2,266,94.3,27,48.3,131,24.9,26,28.1,8,36.2,124,62.1,316,62.5,316,111.9,41,111.0,17,94.3,27,91.1,6,2002,0.8773886972595571,26,6,0.8125,32
159,Cal Poly,BW,14-12,-0.06,102.5,173,102.6,156,68.3,161,+.006,158,-1.98,200,101.6,222,103.6,175,-4.26,260,,BW,68.3,161,102.5,173,48.5,186,20.1,85,32.6,211,32.9,272,102.6,156,49.9,197,23.2,69,34.6,182,39.1,193,68.3,161,67.6,236,102.5,173,100.7,160,102.6,156,99.1,116,2002,0.49719651867435477,14,12,0.5384615384615384,26
284,Cal St. Fullerton,BW,4-22,-14.32,94.8,283,109.1,273,65.6,254,-.056,282,-0.45,174,102.8,189,103.3,158,-1.27,197,,BW,65.6,254,94.8,283,45.3,296,22.6,222,30.6,267,40.0,104,109.1,273,52.3,277,21.8,146,35.7,230,40.8,232,65.6,254,66.3,274,94.8,283,91.7,302,109.1,273,107.6,294,2002,0.16579901494407806,4,22,0.15384615384615385,26
182,Cal St. Northridge,BW,11-16,-1.66,98.7,235,100.4,108,69.8,94,-.011,190,+1.50,128,104.1,135,102.6,128,+7.00,27,,BW,69.8,94,98.7,235,46.2,277,23.2,254,34.1,159,40.5,93,100.4,108,49.1,164,27.4,2,37.3,283,57.9,327,69.8,94,70.2,147,98.7,235,95.6,252,100.4,108,99.6,130,2002,0.45106006887434713,11,16,0.4074074074074074,27
37,California,P10,23-9,+16.03,109.8,66,93.7,25,66.6,220,+.088,12,+7.89,42,107.9,36,100.0,53,-5.85,285,6,P10,66.6,220,109.8,66,50.2,115,19.0,36,32.8,204,36.2,202,93.7,25,48.1,119,24.8,29,35.8,236,38.8,186,66.6,220,68.6,204,109.8,66,103.9,109,93.7,25,95.8,54,2002,0.8609816087169365,23,9,0.71875,32
301,Campbell,ASun,7-19,-16.73,100.9,199,117.6,325,68.4,158,+.053,53,-4.25,240,101.8,215,106.1,267,-1.82,211,,ASun,68.4,158,100.9,199,48.9,170,21.4,168,33.0,198,35.3,223,117.6,325,53.3,304,18.1,310,40.4,323,32.9,77,68.4,158,69.3,180,100.9,199,100.0,181,117.6,325,115.1,325,2002,0.14662387706651597,7,19,0.2692307692307692,26
257,Canisius,MAAC,10-20,-9.09,96.5,270,105.6,217,66.2,236,-.058,283,-4.76,245,99.6,254,104.4,205,-1.46,203,,MAAC,66.2,236,96.5,270,43.9,310,18.8,31,32.5,217,30.6,305,105.6,217,46.8,64,21.2,177,36.0,245,42.3,259,66.2,236,68.3,215,96.5,270,95.5,256,105.6,217,100.2,148,2002,0.26185938631525796,10,20,0.3333333333333333,30
209,Centenary,ind,10-13,-4.40,101.4,189,105.8,223,65.6,257,-.031,237,-3.27,225,101.4,225,104.7,218,-0.16,160,,ind,65.6,257,101.4,189,49.1,154,20.9,130,32.0,231,38.5,141,105.8,223,50.3,218,23.5,58,35.5,221,47.8,304,65.6,257,68.8,192,101.4,189,100.1,177,105.8,223,102.0,186,2002,0.3802492493536447,10,13,0.43478260869565216,23
150,Central Connecticut,NEC,27-5,+0.93,100.6,202,99.7,96,64.0,291,+.137,3,-11.95,318,97.4,307,109.3,323,-4.99,271,14,NEC,64.0,291,100.6,202,49.7,131,22.1,194,39.0,31,39.2,127,99.7,96,46.5,56,21.4,165,30.8,43,25.0,3,64.0,291,67.2,250,100.6,202,104.6,96,99.7,96,93.0,14,2002,0.5258134489172733,27,5,0.84375,32
204,Central Michigan,MAC,8-19,-3.52,101.6,185,105.1,210,67.9,175,-.062,289,+2.61,112,106.2,71,103.6,177,+7.44,26,,MAC,67.9,175,101.6,185,49.5,138,22.7,229,33.1,194,47.8,7,105.1,210,53.1,294,21.5,160,33.0,113,41.6,246,67.9,175,68.7,197,101.6,185,99.8,183,105.1,210,106.8,284,2002,0.40383994848058735,8,19,0.2962962962962963,27
278,Charleston Southern,BSth,10-17,-13.46,90.7,310,104.2,191,67.3,199,+.016,122,-6.83,270,98.6,277,105.4,244,+7.76,24,,BSth,67.3,199,90.7,310,47.0,252,26.6,321,32.2,225,38.6,140,104.2,191,48.2,128,22.5,103,32.3,87,53.4,321,67.3,199,69.5,179,90.7,310,89.6,312,104.2,191,99.2,119,2002,0.1685862775429186,10,17,0.37037037037037035,27
40,Charlotte,CUSA,18-12,+15.73,114.2,23,98.5,77,66.8,214,-.008,185,+9.23,22,107.3,43,98.1,9,+6.48,36,9,CUSA,66.8,214,114.2,23,51.1,86,19.8,64,35.7,106,35.6,214,98.5,77,47.3,86,19.5,269,32.4,95,33.5,88,66.8,214,68.3,214,114.2,23,107.0,57,98.5,77,100.0,143,2002,0.8456378349082714,18,12,0.6,30
138,Chattanooga,SC,14-14,+2.36,103.7,151,101.3,127,69.2,119,-.012,193,+1.23,131,103.6,155,102.4,120,+4.69,63,,SC,69.2,119,103.7,151,48.1,202,22.4,209,37.5,62,33.9,252,101.3,127,47.6,93,19.7,257,33.7,148,29.2,23,69.2,119,71.7,89,103.7,151,100.5,169,101.3,127,99.9,142,2002,0.5669162837608452,14,14,0.5,28
320,Chicago St.,MCon,1-26,-24.56,89.5,315,114.1,313,69.5,105,-.027,227,+0.41,148,103.9,140,103.5,172,-0.16,161,,MCon,69.5,105,89.5,315,43.3,316,26.3,319,36.0,90,34.9,232,114.1,313,56.0,324,19.9,244,36.3,258,39.8,210,69.5,105,71.8,86,89.5,315,86.0,321,114.1,313,113.5,324,2002,0.05772421378603205,1,26,0.037037037037037035,27
2,Cincinnati,CUSA,31-4,+30.19,118.1,7,87.9,3,67.4,194,+.002,165,+6.58,57,106.3,66,99.7,42,+3.48,80,1,CUSA,67.4,194,118.1,7,51.7,64,17.1,12,37.7,53,40.5,92,87.9,3,41.6,1,21.2,172,31.3,59,30.4,40,67.4,194,68.4,211,118.1,7,113.2,6,87.9,3,87.2,1,2002,0.9675892359527916,31,4,0.8857142857142857,35
132,Clemson,ACC,13-17,+2.94,107.3,99,104.4,196,69.4,115,-.038,251,+4.80,82,105.7,84,100.9,77,-9.30,315,,ACC,69.4,115,107.3,99,48.7,180,21.1,145,38.6,37,36.5,189,104.4,196,50.8,235,19.0,289,31.3,58,36.3,126,69.4,115,72.5,68,107.3,99,102.2,138,104.4,196,104.1,235,2002,0.5781267454499266,13,17,0.43333333333333335,30
193,Cleveland St.,Horz,12-16,-2.66,97.6,253,100.3,103,68.7,145,-.035,244,-1.20,186,103.8,144,105.0,231,-5.91,286,,Horz,68.7,145,97.6,253,49.4,143,23.8,277,33.4,176,39.8,114,100.3,103,46.9,67,22.0,130,35.8,234,36.2,122,68.7,145,69.2,182,97.6,253,96.8,240,100.3,103,98.7,99,2002,0.42218398124430795,12,16,0.42857142857142855,28
306,Coastal Carolina,BSth,8-20,-18.19,95.9,278,114.1,314,72.2,37,+.029,98,-8.04,285,97.7,301,105.7,255,+1.55,124,,BSth,72.2,37,95.9,278,45.8,285,23.7,271,33.3,184,44.8,28,114.1,314,51.6,262,23.3,65,39.4,315,46.8,300,72.2,37,73.9,35,95.9,278,94.1,278,114.1,314,105.9,272,2002,0.11937662119895255,8,20,0.2857142857142857,28
223,Colgate,Pat,15-11,-5.62,101.8,184,107.4,248,66.9,210,+.043,70,-8.56,290,98.1,288,106.7,285,-6.21,291,,Pat,66.9,210,101.8,184,48.9,167,19.3,44,31.5,244,42.5,53,107.4,248,50.3,215,22.3,112,32.0,78,41.8,247,66.9,210,68.2,222,101.8,184,102.6,129,107.4,248,101.0,167,2002,0.35073138034756357,15,11,0.5769230769230769,26
79,College of Charleston,SC,20-8,+8.41,105.0,132,96.6,46,62.1,315,-.041,256,-3.20,224,101.0,231,104.2,200,-6.60,296,,SC,62.1,315,105.0,132,47.9,214,19.8,62,36.8,75,39.2,128,96.6,46,42.6,3,19.6,261,34.6,183,29.4,24,62.1,315,65.1,291,105.0,132,104.3,101,96.6,46,92.4,10,2002,0.7228992096865495,20,8,0.7142857142857143,28
87,Colorado,B12,14-14,+6.78,111.3,45,104.6,201,71.9,43,-.027,226,+6.35,60,106.7,54,100.3,64,-8.44,310,,B12,71.9,43,111.3,45,50.4,108,19.7,54,38.4,40,36.1,204,104.6,201,49.8,195,16.4,326,31.1,52,27.8,14,71.9,43,74.4,27,111.3,45,107.2,50,104.6,201,105.5,261,2002,0.6712812386906108,14,14,0.5,28
125,Colorado St.,MWC,11-18,+3.34,103.8,150,100.5,113,66.5,224,-.110,319,+4.28,91,106.2,73,101.9,106,-0.49,172,,MWC,66.5,224,103.8,150,51.8,62,25.8,314,34.3,149,46.1,14,100.5,113,49.8,194,20.9,190,29.6,22,56.5,326,66.5,224,67.2,247,103.8,150,100.4,173,100.5,113,100.9,165,2002,0.5918322030871483,11,18,0.3793103448275862,29
239,Columbia,Ivy,10-16,-6.93,91.2,308,98.1,70,59.3,323,-.035,245,-3.96,234,101.0,230,105.0,229,-2.58,226,,Ivy,59.3,323,91.2,308,49.2,149,27.5,327,26.9,314,41.2,77,98.1,70,46.6,58,20.2,233,27.3,6,33.1,83,59.3,323,60.2,323,91.2,308,90.9,307,98.1,70,94.4,31,2002,0.30180371899321085,10,16,0.38461538461538464,26
18,Connecticut,BE,27-7,+19.36,112.2,38,92.8,18,68.7,143,+.063,31,+8.18,34,107.3,44,99.1,26,+1.72,118,2,BE,68.7,143,112.2,38,52.1,56,22.0,191,39.7,18,39.1,129,92.8,18,43.0,4,20.1,234,36.2,255,30.7,43,68.7,143,71.4,100,112.2,38,107.0,58,92.8,18,95.1,44,2002,0.8987232305673459,27,7,0.7941176470588235,34
315,Coppin St.,MEAC,5-24,-21.03,88.0,319,109.0,270,64.3,285,-.062,291,-8.42,288,98.4,283,106.8,288,-0.24,164,,MEAC,64.3,285,88.0,319,41.6,321,24.7,299,35.4,117,33.9,251,109.0,270,52.1,275,21.8,145,34.7,186,30.1,33,64.3,285,65.9,281,88.0,319,87.7,317,109.0,270,104.0,234,2002,0.0786286313131332,5,24,0.1724137931034483,29
303,Cornell,Ivy,4-22,-17.45,89.2,318,106.6,236,65.1,273,-.030,236,-2.45,212,101.7,221,104.1,195,-0.99,189,,Ivy,65.1,273,89.2,318,44.5,308,22.7,231,27.1,313,26.0,325,106.6,236,49.9,198,19.6,262,30.7,42,39.7,208,65.1,273,64.8,299,89.2,318,87.0,319,106.6,236,103.4,220,2002,0.11412025731440403,4,22,0.15384615384615385,26
59,Creighton,MVC,23-9,+11.82,111.3,47,99.5,92,66.9,213,+.029,99,+1.39,129,104.8,113,103.4,167,+0.94,138,12,MVC,66.9,213,111.3,47,52.7,35,20.6,109,35.7,110,36.9,175,99.5,92,49.7,190,22.9,75,30.2,32,36.9,141,66.9,213,67.9,230,111.3,47,109.0,31,99.5,92,98.9,106,2002,0.783947998336135,23,9,0.71875,32
304,Dartmouth,Ivy,8-18,-17.66,100.2,212,117.8,326,62.5,309,+.037,83,-6.32,263,98.5,278,104.8,225,-9.51,317,,Ivy,62.5,309,100.2,212,52.7,36,20.5,102,21.5,327,27.7,321,117.8,326,53.0,292,19.8,251,38.1,296,35.0,105,62.5,309,62.2,320,100.2,212,99.1,195,117.8,326,112.1,322,2002,0.13459457910461592,8,18,0.3076923076923077,26
119,Davidson,SC,18-10,+3.70,101.5,187,97.8,64,65.1,271,+.142,1,+1.80,125,104.2,131,102.4,124,+9.42,13,13,SC,65.1,271,101.5,187,48.8,173,22.6,221,32.2,224,34.2,241,97.8,64,44.3,9,19.3,276,33.4,131,37.1,145,65.1,271,68.7,202,101.5,187,98.1,212,97.8,64,98.1,89,2002,0.6051674741202323,18,10,0.6428571428571429,28
42,Dayton,A10,21-11,+15.53,112.9,35,97.4,60,66.6,222,-.042,259,+2.83,107,104.5,122,101.7,99,+1.32,130,,A10,66.6,222,112.9,35,51.0,90,20.3,90,40.2,13,39.4,123,97.4,60,45.1,20,18.6,299,29.4,19,34.0,92,66.6,222,66.6,267,112.9,35,109.3,28,97.4,60,95.6,51,2002,0.8453095666701088,21,11,0.65625,32
170,DePaul,CUSA,9-19,-0.96,100.4,206,101.4,128,71.3,54,-.043,260,+6.90,53,107.1,47,100.2,63,-0.92,185,,CUSA,71.3,54,100.4,206,46.1,278,22.8,236,35.8,96,35.5,216,101.4,128,48.7,151,19.4,274,34.2,163,34.1,95,71.3,54,74.0,34,100.4,206,95.7,250,101.4,128,103.5,222,2002,0.4715370141045805,9,19,0.32142857142857145,28
155,Delaware,CAA,14-16,+0.32,102.7,167,102.4,152,66.4,229,-.027,222,-0.02,156,102.5,196,102.5,127,+2.76,95,,CAA,66.4,229,102.7,167,47.3,233,20.0,72,33.4,180,30.4,306,102.4,152,47.5,90,19.1,282,30.3,33,41.2,239,66.4,229,67.0,255,102.7,167,99.4,191,102.4,152,99.8,137,2002,0.5084097442861252,14,16,0.4666666666666667,30
242,Delaware St.,MEAC,15-13,-7.34,99.6,218,106.9,238,62.8,307,+.010,145,-9.99,302,97.1,311,107.1,293,-2.52,225,,MEAC,62.8,307,99.6,218,47.8,218,20.0,77,31.2,250,32.3,282,106.9,238,48.3,130,23.5,55,40.1,321,33.0,80,62.8,307,64.9,294,99.6,218,100.7,164,106.9,238,99.4,126,2002,0.3071634674272134,15,13,0.5357142857142857,28
256,Denver,SB,7-20,-9.06,99.0,231,108.1,257,66.0,240,-.085,306,-1.06,184,102.0,210,103.1,151,-4.22,259,,SB,66.0,240,99.0,231,48.5,185,19.0,35,24.9,324,26.8,324,108.1,257,53.5,308,20.0,241,28.2,9,39.7,207,66.0,240,66.8,259,99.0,231,96.5,246,108.1,257,104.8,249,2002,0.26673058981461645,7,20,0.25925925925925924,27
102,Detroit,Horz,18-13,+5.01,104.0,145,99.0,86,63.3,300,+.051,56,+2.37,114,105.0,108,102.6,135,+3.02,88,,Horz,63.3,300,104.0,145,47.6,225,18.1,18,35.1,124,32.3,281,99.0,86,44.9,17,17.3,322,31.5,65,39.6,205,63.3,300,64.8,300,104.0,145,100.9,158,99.0,86,99.2,122,2002,0.6379822143649735,18,13,0.5806451612903226,31
175,Drake,MVC,14-15,-1.41,107.1,101,108.5,264,64.5,283,+.030,94,-0.17,164,103.5,158,103.7,183,-1.52,204,,MVC,64.5,283,107.1,101,52.4,48,20.2,87,28.1,308,40.4,100,108.5,264,53.2,302,18.6,298,29.0,13,28.0,15,64.5,283,65.8,283,107.1,101,104.8,92,108.5,264,107.3,290,2002,0.46273106461439145,14,15,0.4827586206896552,29
176,Drexel,CAA,14-14,-1.45,104.4,138,105.9,224,70.4,78,+.016,124,-1.41,191,102.0,211,103.4,164,-1.04,192,,CAA,70.4,78,104.4,138,46.5,268,18.2,20,35.8,98,37.7,164,105.9,224,48.6,142,19.8,250,35.8,238,30.5,41,70.4,78,71.4,103,104.4,138,101.9,145,105.9,224,102.6,201,2002,0.4590782044742309,14,14,0.5,28
1,Duke,ACC,31-4,+34.19,121.0,1,86.8,1,74.5,8,-.027,223,+9.87,18,109.1,13,99.2,31,+6.66,34,1,ACC,74.5,8,121.0,1,56.3,2,18.6,26,34.5,144,41.0,80,86.8,1,46.1,43,25.7,12,34.1,160,32.1,64,74.5,8,76.8,9,121.0,1,115.7,2,86.8,1,89.7,2,2002,0.9785451274185974,31,4,0.8857142857142857,35
225,Duquesne,A10,9-19,-5.85,99.3,227,105.1,211,66.5,227,+.001,170,+4.83,81,106.5,62,101.6,98,+2.78,94,,A10,66.5,227,99.3,227,47.2,239,23.6,260,31.5,243,36.5,190,105.1,211,49.4,180,20.5,219,37.7,291,41.2,240,66.5,227,67.2,249,99.3,227,94.1,279,105.1,211,106.9,285,2002,0.3423549849365352,9,19,0.32142857142857145,28
183,East Carolina,CUSA,10-18,-1.78,102.3,178,104.1,189,65.0,274,+.037,82,+5.93,64,104.9,112,98.9,24,-0.65,177,,CUSA,65.0,274,102.3,178,44.8,302,22.0,188,33.6,173,36.1,205,104.1,189,51.6,261,20.5,226,33.4,132,31.4,56,65.0,274,66.5,270,102.3,178,94.9,266,104.1,189,104.6,245,2002,0.45002084325909736,10,18,0.35714285714285715,28
89,East Tennessee St.,SC,15-10,+6.60,106.2,112,99.6,95,73.7,14,-.022,211,-0.28,169,102.4,198,102.7,137,+2.71,96,,SC,73.7,14,106.2,112,48.7,179,22.2,202,37.6,54,42.0,61,99.6,95,48.4,134,25.1,24,36.1,254,39.2,196,73.7,14,76.3,14,106.2,112,102.8,125,99.6,95,97.0,69,2002,0.6765282361504416,15,10,0.6,25
233,Eastern Illinois,OVC,12-16,-6.39,102.2,180,108.6,266,70.6,70,+.056,44,-1.26,187,103.8,143,105.1,234,+5.33,49,,OVC,70.6,70,102.2,180,47.5,226,20.5,104,32.0,232,39.4,120,108.6,266,51.4,252,19.5,267,34.5,178,38.7,183,70.6,70,73.1,56,102.2,180,99.7,186,108.6,266,107.9,297,2002,0.3321433522106155,12,16,0.42857142857142855,28
295,Eastern Kentucky,OVC,4-20,-15.71,93.4,298,109.1,272,70.2,84,+.011,137,-2.46,213,103.9,141,106.4,280,+2.93,92,,OVC,70.2,84,93.4,298,44.6,304,22.1,195,34.0,162,31.0,300,109.1,272,50.7,230,20.1,237,36.3,261,47.4,303,70.2,84,74.0,33,93.4,298,93.5,285,109.1,272,108.4,305,2002,0.14346601752787635,4,20,0.16666666666666666,24
307,Eastern Michigan,MAC,5-24,-18.22,97.1,260,115.3,321,67.7,181,+.016,120,+0.02,155,104.5,123,104.5,209,-4.21,258,,MAC,67.7,181,97.1,260,46.5,265,23.8,275,32.9,201,47.0,9,115.3,321,54.8,319,17.5,319,35.3,217,30.0,32,67.7,181,68.5,207,97.1,260,94.8,267,115.3,321,115.2,326,2002,0.1217828230492201,5,24,0.1724137931034483,29
158,Eastern Washington,BSky,15-13,-0.02,100.2,209,100.2,102,68.9,139,+.053,52,-0.92,182,103.0,178,104.0,192,+6.97,29,,BSky,68.9,139,100.2,209,52.5,40,24.8,302,26.2,319,47.9,6,100.2,102,51.0,241,24.1,39,31.2,57,42.9,267,68.9,139,69.8,169,100.2,209,97.5,229,100.2,102,98.4,96,2002,0.5,15,13,0.5357142857142857,28
281,Elon,BSth,11-16,-13.55,91.1,309,104.7,205,72.1,40,+.048,63,-8.35,287,97.8,295,106.1,268,+5.87,42,,BSth,72.1,40,91.1,309,43.4,313,23.6,263,35.5,114,36.6,187,104.7,205,50.4,221,26.9,5,37.6,289,48.7,308,72.1,40,73.9,40,91.1,309,91.0,306,104.7,205,98.9,104,2002,0.16796413023050732,11,16,0.4074074074074074,27
265,Evansville,MVC,7-21,-9.89,98.0,248,107.9,255,69.2,124,+.004,161,+0.88,139,105.2,103,104.4,204,+0.17,155,,MVC,69.2,124,98.0,248,50.5,105,24.0,283,28.2,307,38.2,151,107.9,255,52.6,284,19.4,271,31.0,49,46.4,298,69.2,124,69.2,186,98.0,248,96.5,247,107.9,255,109.1,310,2002,0.2484810152107089,7,21,0.25,28
234,FIU,SB,9-20,-6.56,96.4,271,103.0,163,64.4,284,-.011,191,-0.59,177,103.0,180,103.6,179,-3.01,235,,SB,64.4,284,96.4,271,46.7,261,23.4,258,35.8,101,30.8,303,103.0,163,51.7,265,26.1,9,34.9,198,42.1,255,64.4,284,66.7,263,96.4,271,93.7,283,103.0,163,100.6,160,2002,0.318307225220336,9,20,0.3103448275862069,29
208,Fairfield,MAAC,12-17,-4.30,99.1,228,103.4,177,71.9,45,-.055,280,-4.00,235,99.8,251,103.8,185,-2.28,220,,MAAC,71.9,45,99.1,228,48.1,203,24.6,296,35.0,127,44.5,32,103.4,177,47.2,82,22.0,128,34.8,192,38.1,170,71.9,45,73.1,57,99.1,228,97.5,230,103.4,177,99.2,121,2002,0.3802544189364445,12,17,0.41379310344827586,29
318,Fairleigh Dickinson,NEC,4-25,-22.73,93.5,297,116.3,324,70.4,79,-.103,317,-11.35,316,96.9,315,108.2,314,-6.00,289,,NEC,70.4,79,93.5,297,49.1,155,24.3,291,30.6,269,40.0,105,116.3,324,51.9,270,21.6,150,40.1,319,36.1,121,70.4,79,72.5,69,93.5,297,95.4,257,116.3,324,108.2,302,2002,0.07519948535622736,4,25,0.13793103448275862,29
7,Florida,SEC,22-9,+24.72,115.1,19,90.4,8,69.6,103,-.073,300,+9.11,23,108.1,29,99.0,25,-0.56,173,5,SEC,69.6,103,115.1,19,53.1,26,20.5,105,38.5,38,36.2,203,90.4,8,46.3,51,25.2,22,33.1,114,34.6,100,69.6,103,71.6,92,115.1,19,110.2,21,90.4,8,91.6,9,2002,0.9414701661694742,22,9,0.7096774193548387,31
280,Florida A&M,MEAC,9-19,-13.50,93.8,294,107.3,243,69.4,112,-.019,202,-6.80,269,98.6,276,105.4,243,+11.51,9,,MEAC,69.4,112,93.8,294,45.7,286,24.9,303,34.6,140,39.8,113,107.3,243,48.6,143,23.6,52,38.8,308,51.4,314,69.4,112,70.9,114,93.8,294,92.7,292,107.3,243,102.3,192,2002,0.17561643734678029,9,19,0.32142857142857145,28
191,Florida Atlantic,ASun,18-12,-2.50,99.6,220,102.1,142,70.2,82,+.060,38,-4.94,247,101.9,213,106.9,289,-4.52,267,15,ASun,70.2,82,99.6,220,46.6,264,20.8,122,39.8,17,30.9,301,102.1,142,49.5,183,25.3,18,37.7,290,37.6,157,70.2,82,71.3,104,99.6,220,100.5,168,102.1,142,99.1,114,2002,0.4292059846045421,18,12,0.6,30
121,Florida St.,ACC,12-17,+3.54,105.8,116,102.3,149,68.3,162,-.054,279,+7.79,44,107.9,35,100.1,58,-9.04,314,,ACC,68.3,162,105.8,116,47.8,217,22.9,241,40.6,10,34.1,245,102.3,149,50.6,228,21.7,147,34.7,185,34.3,99,68.3,162,71.4,102,105.8,116,100.6,166,102.3,149,103.1,212,2002,0.5955289250070906,12,17,0.41379310344827586,29
214,Fordham,A10,8-20,-4.78,99.3,223,104.1,190,74.7,6,+.022,110,+4.74,83,105.7,88,100.9,76,+4.36,70,,A10,74.7,6,99.3,223,48.4,190,26.1,316,40.2,11,35.2,226,104.1,190,49.3,175,21.4,169,38.1,298,38.5,178,74.7,6,74.7,23,99.3,223,94.8,268,104.1,190,105.5,260,2002,0.367519351015262,8,20,0.2857142857142857,28
82,Fresno St.,WAC,19-15,+7.82,104.4,140,96.5,45,72.4,32,-.025,218,+4.84,80,106.1,76,101.3,85,+5.93,40,,WAC,72.4,32,104.4,140,49.9,123,21.0,139,31.3,248,36.6,185,96.5,45,45.7,33,20.1,235,34.2,165,28.7,18,72.4,32,72.8,63,104.4,140,100.6,167,96.5,45,96.8,65,2002,0.7119547298041018,19,15,0.5588235294117647,34
171,Furman,SC,13-14,-1.01,100.2,211,101.2,125,65.8,247,+.021,112,-0.34,171,102.9,184,103.2,157,-1.90,213,,SC,65.8,247,100.2,211,47.4,227,19.9,70,31.9,233,32.2,284,101.2,125,48.3,132,22.2,119,33.4,134,39.2,194,65.8,247,68.1,226,100.2,211,98.0,216,101.2,125,99.5,127,2002,0.47148060548805376,13,14,0.48148148148148145,27
195,Gardner Webb,ind,13-8,-2.84,101.4,188,104.3,193,73.6,17,+.077,18,-4.20,238,100.6,240,104.8,224,+2.08,109,,ind,73.6,17,101.4,188,49.9,122,21.5,172,32.4,219,35.5,217,104.3,193,47.1,75,20.5,224,35.3,216,35.4,112,73.6,17,76.6,11,101.4,188,100.7,165,104.3,193,98.9,105,2002,0.41963300670308107,13,8,0.6190476190476191,21
133,George Mason,CAA,19-10,+2.67,104.7,135,102.1,143,67.8,178,+.078,17,-1.69,197,101.2,228,102.9,142,-0.92,186,,CAA,67.8,178,104.7,135,48.1,198,20.4,93,34.4,145,37.7,163,102.1,143,46.6,59,21.6,153,36.4,263,27.2,10,67.8,178,68.2,221,104.7,135,102.3,137,102.1,143,97.8,84,2002,0.5717962324189094,19,10,0.6551724137931034,29
200,George Washington,A10,12-16,-3.19,102.7,169,105.9,225,70.7,67,+.089,10,+3.96,96,105.3,101,101.3,89,+1.81,115,,A10,70.7,67,102.7,169,46.4,271,22.5,214,33.7,169,43.6,41,105.9,225,50.8,234,21.4,164,37.6,288,44.0,279,70.7,67,70.9,115,102.7,169,97.9,219,105.9,225,105.8,269,2002,0.4126900056788616,12,16,0.42857142857142855,28
36,Georgetown,BE,18-11,+16.13,110.6,54,94.5,29,71.1,60,-.094,314,+5.32,74,105.0,107,99.7,44,-10.20,323,,BE,71.1,60,110.6,54,49.0,160,21.4,164,39.0,30,44.5,33,94.5,29,44.3,10,22.7,91,36.5,265,32.4,69,71.1,60,73.8,42,110.6,54,105.8,72,94.5,29,93.5,20,2002,0.859263094698985,18,11,0.6206896551724138,29
25,Georgia,SEC,22-9,+18.44,116.7,9,98.3,73,69.2,121,-.021,206,+9.87,17,108.1,30,98.2,12,+3.30,83,3,SEC,69.2,121,116.7,9,50.1,118,19.9,69,39.5,22,36.3,201,98.3,73,48.8,153,20.9,192,36.3,259,28.9,20,69.2,121,70.4,136,116.7,9,109.1,29,98.3,73,101.0,168,2002,0.8779542905913483,22,9,0.7096774193548387,31
136,Georgia Southern,SC,14-12,+2.55,107.0,103,104.5,199,74.4,9,-.051,274,-2.18,206,100.9,232,103.1,150,-5.57,284,,SC,74.4,9,107.0,103,50.1,116,20.8,124,39.2,26,37.3,167,104.5,199,49.4,176,22.6,96,31.9,75,38.0,166,74.4,9,76.4,13,107.0,103,104.7,93,104.5,199,99.4,123,2002,0.5675544514134907,14,12,0.5384615384615384,26
135,Georgia St.,ASun,19-11,+2.60,107.8,90,105.2,212,69.6,100,+.009,147,-3.40,227,102.8,187,106.2,275,+5.05,55,,ASun,69.6,100,107.8,90,52.1,58,20.4,95,36.0,91,35.4,220,105.2,212,46.9,69,18.6,300,38.5,301,31.0,50,69.6,100,70.3,144,107.8,90,108.3,40,105.2,212,103.3,218,2002,0.569733793058238,19,11,0.6333333333333333,30
70,Georgia Tech,ACC,15-16,+10.50,111.1,50,100.6,116,70.5,74,-.022,212,+8.63,27,108.0,33,99.4,35,+0.93,139,,ACC,70.5,74,111.1,50,49.8,126,21.0,136,36.8,74,32.9,271,100.6,116,51.6,259,22.0,134,33.5,137,42.4,261,70.5,74,73.5,49,111.1,50,104.2,106,100.6,116,103.8,230,2002,0.7579920000429128,15,16,0.4838709677419355,31
24,Gonzaga,WCC,28-4,+18.51,115.6,18,97.1,53,68.5,155,+.049,61,+1.12,133,103.7,147,102.6,130,+4.04,75,6,WCC,68.5,155,115.6,18,52.8,34,19.7,55,38.2,42,44.3,35,97.1,53,44.6,12,18.7,297,29.4,18,31.6,59,68.5,155,71.0,111,115.6,18,112.1,9,97.1,53,93.9,25,2002,0.8813772739811933,28,4,0.875,32
309,Grambling St.,SWAC,8-19,-18.91,97.3,257,116.2,323,74.0,12,+.006,157,-10.17,304,97.9,293,108.1,307,+13.81,3,,SWAC,74.0,12,97.3,257,48.3,192,21.8,182,34.4,146,32.6,276,116.2,323,50.5,224,16.4,327,35.0,200,47.0,302,74.0,12,78.5,6,97.3,257,98.7,200,116.2,323,111.0,314,2002,0.11492330238980561,8,19,0.2962962962962963,27
207,Green Bay,Horz,9-21,-4.25,105.3,126,109.6,283,62.3,311,-.118,324,-0.25,168,103.6,156,103.8,188,-6.02,290,,Horz,62.3,311,105.3,126,54.3,12,22.7,227,29.8,281,40.6,86,109.6,283,52.4,280,20.0,242,34.0,159,38.4,177,62.3,311,62.6,315,105.3,126,103.8,110,109.6,283,108.1,300,2002,0.38692047276912717,9,21,0.3,30
116,Hampton,MEAC,25-7,+3.99,109.9,64,105.9,227,69.1,127,+.013,133,-8.67,291,98.3,285,107.0,292,+0.87,141,15,MEAC,69.1,127,109.9,64,53.4,23,20.9,127,39.4,25,42.0,60,105.9,227,48.2,127,21.5,161,36.0,242,32.1,63,69.1,127,70.2,149,109.9,64,111.7,12,105.9,227,99.4,124,2002,0.6050064064466488,25,7,0.78125,32
274,Hartford,AE,14-18,-12.84,91.9,305,104.7,206,65.5,259,+.050,59,-8.88,294,98.1,290,106.9,291,-2.44,222,,AE,65.5,259,91.9,305,44.6,305,24.6,298,38.1,49,36.7,183,104.7,206,46.1,44,19.9,248,33.9,154,41.2,237,65.5,259,65.6,286,91.9,305,92.1,299,104.7,206,98.8,103,2002,0.18248846937075788,14,18,0.4375,32
235,Harvard,Ivy,14-12,-6.73,94.4,287,101.1,123,67.5,190,+.057,43,-7.12,278,99.2,269,106.3,276,-9.58,318,,Ivy,67.5,190,94.4,287,47.1,246,23.6,266,34.2,158,27.0,322,101.1,123,49.0,162,25.2,23,30.5,37,37.2,147,67.5,190,67.5,240,94.4,287,94.2,275,101.1,123,95.1,42,2002,0.3124813631024254,14,12,0.5384615384615384,26
51,Hawaii,WAC,26-6,+13.15,110.3,58,97.2,55,65.6,253,+.007,154,-0.72,178,102.8,188,103.5,173,-9.70,319,10,WAC,65.6,253,110.3,58,52.0,61,18.2,21,31.3,249,39.9,109,97.2,55,46.2,48,22.0,126,34.8,194,34.3,98,65.6,253,67.2,246,110.3,58,107.5,44,97.2,55,94.7,35,2002,0.8106105066983236,26,6,0.8125,32
302,High Point,BSth,9-19,-17.03,96.7,265,113.7,310,67.1,205,+.017,117,-9.04,296,96.8,317,105.8,259,+1.06,133,,BSth,67.1,205,96.7,265,45.7,287,22.6,218,34.3,152,35.0,228,113.7,310,51.6,260,19.2,280,35.6,226,38.2,173,67.1,205,69.7,174,96.7,265,95.6,253,113.7,310,106.3,277,2002,0.13442065104537887,9,19,0.32142857142857145,28
221,Hofstra,CAA,12-20,-5.44,94.8,282,100.3,104,70.8,66,+.027,100,-0.07,158,102.1,208,102.2,116,+2.50,102,,CAA,70.8,66,94.8,282,43.3,315,24.6,297,37.5,61,39.9,108,100.3,104,45.2,23,19.6,265,32.5,97,38.2,172,70.8,66,71.8,87,94.8,282,91.4,303,100.3,104,97.7,83,2002,0.3433147233178614,12,20,0.375,32
162,Holy Cross,Pat,18-15,-0.24,98.1,245,98.4,75,62.2,313,-.048,268,-6.40,264,99.5,261,105.9,262,-3.38,246,16,Pat,62.2,313,98.1,245,44.9,299,22.1,193,37.6,56,46.3,13,98.4,75,48.2,125,23.3,64,27.8,7,36.5,135,62.2,313,64.3,308,98.1,245,97.8,221,98.4,75,92.7,12,2002,0.4912222691406607,18,15,0.5454545454545454,33
104,Houston,CUSA,17-15,+4.99,108.7,77,103.7,182,66.0,239,+.064,28,+6.12,63,106.2,68,100.1,59,+1.53,125,,CUSA,66.0,239,108.7,77,51.4,73,23.0,246,35.6,113,47.9,5,103.7,182,48.6,144,18.0,312,35.2,210,31.5,57,66.0,239,68.8,193,108.7,77,103.5,114,103.7,182,105.1,253,2002,0.6321685668745428,17,15,0.53125,32
224,Howard,MEAC,18-13,-5.68,101.8,183,107.5,250,70.0,91,+.030,96,-10.16,303,97.3,309,107.4,300,-3.21,240,,MEAC,70.0,91,101.8,183,48.1,200,17.9,16,31.7,236,35.0,230,107.5,250,51.0,243,24.2,36,33.6,145,41.0,236,70.0,91,72.4,72,101.8,183,103.2,121,107.5,250,100.5,156,2002,0.34829809473538326,18,13,0.5806451612903226,31
291,IPFW,ind,3-21,-15.26,97.0,261,112.3,303,74.1,11,-.033,240,-0.37,173,103.1,172,103.5,168,+0.58,147,,ind,74.1,11,97.0,261,48.1,197,22.3,205,28.5,301,35.6,215,112.3,303,54.6,316,22.0,125,37.3,282,44.9,285,74.1,11,75.0,22,97.0,261,94.7,269,112.3,303,110.0,311,2002,0.15652385986681394,3,21,0.125,24
169,IUPUI,MCon,13-15,-0.96,102.3,177,103.3,171,69.4,117,-.014,194,-0.15,162,104.2,130,104.4,206,+1.61,121,,MCon,69.4,117,102.3,177,49.6,133,20.7,116,34.0,160,38.0,156,103.3,171,49.2,169,20.6,217,35.4,220,31.0,48,69.4,117,70.5,132,102.3,177,102.0,143,103.3,171,103.0,211,2002,0.4720619833635061,13,15,0.4642857142857143,28
277,Idaho,BW,8-19,-13.40,92.3,303,105.7,220,59.3,324,+.062,32,-1.26,188,102.3,202,103.6,176,-4.43,265,,BW,59.3,324,92.3,303,42.0,319,21.9,184,33.0,197,32.4,279,105.7,220,53.5,309,22.1,122,31.9,74,30.9,45,59.3,324,59.9,324,92.3,303,89.8,310,105.7,220,104.2,237,2002,0.1737975619968095,8,19,0.2962962962962963,27
267,Idaho St.,BSky,8-17,-10.74,96.6,267,107.3,246,69.0,135,+.015,129,-4.08,236,101.5,224,105.6,250,-3.26,243,,BSky,69.0,135,96.6,267,47.3,238,20.7,115,28.9,294,34.9,231,107.3,246,53.1,299,22.8,78,31.4,62,43.0,268,69.0,135,70.3,142,96.6,267,95.6,251,107.3,246,103.8,232,2002,0.23004202128103218,8,17,0.32,25
8,Illinois,B10,26-9,+23.21,115.7,17,92.5,16,68.5,153,+.016,123,+10.60,11,109.7,9,99.1,29,+6.78,32,4,B10,68.5,153,115.7,17,53.6,20,20.8,123,35.5,115,44.6,29,92.5,16,47.6,94,22.0,133,31.7,69,38.8,185,68.5,153,70.2,145,115.7,17,110.0,23,92.5,16,96.4,63,2002,0.9291435916650641,26,9,0.7428571428571429,35
118,Illinois Chicago,Horz,18-14,+3.85,108.9,74,105.0,208,67.5,191,+.040,74,+1.84,124,104.1,136,102.2,118,+0.66,145,15,Horz,67.5,191,108.9,74,49.8,128,18.5,25,32.8,207,42.2,58,105.0,208,50.3,216,21.2,174,35.2,211,44.9,287,67.5,191,68.5,209,108.9,74,105.4,82,105.0,208,104.5,243,2002,0.6033399815256446,18,14,0.5625,32
140,Illinois St.,MVC,17-14,+2.14,103.1,159,100.9,121,66.1,237,+.072,22,+2.03,121,105.3,100,103.3,160,+5.00,58,,MVC,66.1,237,103.1,159,49.1,159,21.3,158,30.2,276,32.7,273,100.9,121,52.5,281,22.6,97,31.7,70,31.6,58,66.1,237,66.4,272,103.1,159,100.3,174,100.9,121,101.3,173,2002,0.5616961938545599,17,14,0.5483870967741935,31
6,Indiana,B10,25-12,+24.80,114.0,26,89.2,5,65.6,255,-.049,270,+14.11,2,110.8,2,96.7,2,+13.53,4,5,B10,65.6,255,114.0,26,52.2,53,20.6,110,32.9,200,37.3,168,89.2,5,45.8,35,21.4,168,33.2,117,31.4,55,65.6,255,65.9,280,114.0,26,105.9,68,89.2,5,95.1,45,2002,0.9438080977786131,25,12,0.6756756756756757,37
228,Indiana St.,MVC,6-22,-6.13,98.4,241,104.5,200,64.1,290,-.042,258,+2.19,116,105.5,93,103.3,163,+5.52,45,,MVC,64.1,290,98.4,241,47.2,241,20.1,84,27.8,309,37.5,166,104.5,200,50.0,202,19.6,264,36.1,252,31.0,49,64.1,290,64.5,304,98.4,241,95.3,260,104.5,200,104.8,248,2002,0.33365899192322745,6,22,0.21428571428571427,28
218,Iona,MAAC,13-17,-5.07,98.5,239,103.6,179,70.9,63,-.018,199,-3.91,233,100.4,241,104.4,203,-1.38,200,,MAAC,70.9,63,98.5,239,47.9,208,25.1,307,37.1,71,45.5,21,103.6,179,45.4,25,22.0,132,35.5,225,48.3,305,70.9,63,72.9,61,98.5,239,96.6,243,103.6,179,98.3,94,2002,0.3588108824013312,13,17,0.43333333333333335,30
46,Iowa,B10,19-16,+13.66,110.4,57,96.8,51,69.0,134,-.060,288,+8.62,28,108.3,25,99.7,41,+1.48,127,,B10,69.0,134,110.4,57,51.1,87,22.4,210,37.4,64,44.5,34,96.8,51,48.4,135,21.2,179,30.1,28,39.3,199,69.0,134,69.0,189,110.4,57,105.2,85,96.8,51,99.0,108,2002,0.8193316778404902,19,16,0.5428571428571428,35
113,Iowa St.,B12,12-19,+4.16,108.1,85,103.9,185,65.2,267,-.115,321,+4.72,85,105.9,81,101.1,83,-7.22,302,,B12,65.2,267,108.1,85,49.2,148,21.7,177,34.2,154,47.7,8,103.9,185,48.7,149,17.7,317,30.8,45,33.3,86,65.2,267,67.4,242,108.1,85,103.2,118,103.9,185,103.1,213,2002,0.6119983526051502,12,19,0.3870967741935484,31
293,Jackson St.,SWAC,9-19,-15.44,96.9,262,112.4,304,69.8,98,-.050,272,-11.12,313,96.4,318,107.5,301,+6.96,30,,SWAC,69.8,98,96.9,262,48.1,196,20.0,73,30.6,268,39.9,112,112.4,304,48.6,141,20.7,212,39.1,311,45.2,289,69.8,98,73.3,52,96.9,262,97.9,218,112.4,304,105.1,252,2002,0.15362852921241107,9,19,0.32142857142857145,28
185,Jacksonville,ASun,16-12,-1.98,98.7,236,100.7,118,66.7,217,-.021,209,-5.92,255,101.3,226,107.3,297,-4.74,270,,ASun,66.7,217,98.7,236,48.8,177,24.1,285,41.1,6,34.0,248,100.7,118,46.8,65,22.8,77,33.6,143,36.9,139,66.7,217,68.3,219,98.7,236,100.9,157,100.7,118,96.1,59,2002,0.44257949263904817,16,12,0.5714285714285714,28
245,Jacksonville St.,ASun,13-16,-7.92,101.5,186,109.4,280,66.2,234,-.027,225,-7.24,280,99.5,259,106.8,287,-17.64,327,,ASun,66.2,234,101.5,186,49.0,164,23.2,255,38.7,36,39.9,110,109.4,280,51.8,267,21.6,151,33.2,115,42.0,253,66.2,234,67.6,238,101.5,186,102.6,130,109.4,280,103.9,233,2002,0.29693229368034374,13,16,0.4482758620689655,29
173,James Madison,CAA,14-15,-1.21,106.4,110,107.6,253,65.8,245,-.036,246,-2.91,221,99.9,248,102.9,139,-7.07,300,,CAA,65.8,245,106.4,110,47.4,230,19.1,38,37.5,57,38.2,148,107.6,253,46.9,66,17.0,324,33.3,123,38.3,174,65.8,245,67.3,244,106.4,110,103.8,111,107.6,253,102.9,209,2002,0.4678012921095311,14,15,0.4827586206896552,29
4,Kansas,B12,33-4,+28.99,118.7,5,89.7,6,77.3,3,+.022,109,+10.66,10,110.3,4,99.6,40,+8.32,23,1,B12,77.3,3,118.7,5,54.5,9,20.4,98,41.2,4,35.2,225,89.7,6,45.9,38,20.6,213,32.5,101,29.4,25,77.3,3,78.6,5,118.7,5,114.0,4,89.7,6,94.9,38,2002,0.9616345849197511,33,4,0.8918918918918919,37
120,Kansas St.,B12,13-16,+3.67,104.0,146,100.3,105,65.9,244,-.005,179,+5.86,66,107.8,39,101.9,107,-5.37,279,,B12,65.9,244,104.0,146,48.8,176,21.0,138,33.3,181,38.0,158,100.3,105,47.4,88,19.7,256,36.1,249,37.2,146,65.9,244,68.4,212,104.0,146,100.1,179,100.3,105,102.9,210,2002,0.6026669431629741,13,16,0.4482758620689655,29
14,Kent St.,MAC,29-6,+20.39,116.7,8,96.4,42,64.7,278,+.008,150,+3.11,104,106.0,77,102.9,141,+2.99,90,10,MAC,64.7,278,116.7,8,52.0,60,16.5,6,38.1,48,35.7,210,96.4,42,47.0,72,20.7,210,31.5,63,36.5,136,64.7,278,65.3,289,116.7,8,114.9,3,96.4,42,97.4,77,2002,0.9000386309000277,29,6,0.8285714285714286,35
10,Kentucky,SEC,22-10,+22.21,113.4,29,91.2,9,68.0,169,-.029,230,+12.97,3,110.1,6,97.1,5,+6.75,33,4,SEC,68.0,169,113.4,29,49.6,132,20.2,88,41.2,5,31.8,292,91.2,9,46.9,70,22.7,87,34.6,181,32.2,66,68.0,169,70.4,138,113.4,29,105.8,70,91.2,9,96.1,58,2002,0.9245240277659467,22,10,0.6875,32
321,LIU Brooklyn,NEC,5-22,-24.88,97.5,255,122.3,327,74.4,10,+.004,160,-8.84,293,98.4,282,107.2,296,+0.74,143,,NEC,74.4,10,97.5,255,48.0,204,19.7,52,30.0,280,29.9,311,122.3,327,56.9,325,19.5,270,39.3,314,36.4,133,74.4,10,76.6,10,97.5,255,97.4,231,122.3,327,117.7,327,2002,0.0687415102875307,5,22,0.18518518518518517,27
66,LSU,SEC,18-15,+11.10,105.4,123,94.3,28,64.9,275,-.048,267,+6.88,54,106.4,65,99.5,38,-9.97,321,,SEC,64.9,275,105.4,123,51.4,77,22.5,213,33.4,177,34.1,244,94.3,28,47.4,89,22.1,120,31.8,72,29.7,29,64.9,275,67.4,243,105.4,123,100.7,163,94.3,28,95.0,40,2002,0.7824049424331558,18,15,0.5454545454545454,33
147,La Salle,A10,15-17,+1.32,103.9,147,102.6,157,66.0,242,+.034,87,+3.26,101,104.5,121,101.2,84,+1.97,112,,A10,66.0,242,103.9,147,45.9,281,22.2,199,39.7,20,33.0,270,102.6,157,47.1,74,20.9,195,37.6,287,33.1,82,66.0,242,66.4,271,103.9,147,99.2,194,102.6,157,102.1,188,2002,0.5361359122912612,15,17,0.46875,32
238,Lafayette,Pat,14-14,-6.83,102.7,168,109.6,281,70.3,81,+.009,148,-7.06,277,98.2,287,105.2,240,-3.07,236,,Pat,70.3,81,102.7,168,53.2,25,21.9,185,25.6,321,40.5,90,109.6,281,49.5,185,21.9,142,36.2,257,38.9,189,70.3,81,70.0,161,102.7,168,102.4,136,109.6,281,102.7,206,2002,0.32130293854323155,14,14,0.5,28
247,Lamar,Slnd,15-14,-8.02,98.4,242,106.4,230,69.6,104,+.063,29,-6.68,268,98.5,279,105.1,235,-4.35,263,,Slnd,69.6,104,98.4,242,48.2,193,21.5,173,30.3,274,40.6,89,106.4,230,46.2,50,18.1,309,33.2,119,33.7,90,69.6,104,71.5,98,98.4,242,97.8,222,106.4,230,100.0,144,2002,0.28927765121008703,15,14,0.5172413793103449,29
298,Lehigh,Pat,4-23,-16.21,93.1,299,109.3,276,70.2,85,-.113,320,-6.98,273,98.9,274,105.9,261,-5.16,278,,Pat,70.2,85,93.1,299,47.8,216,23.8,274,27.3,312,36.3,198,109.3,276,51.3,248,21.7,148,31.1,51,42.8,264,70.2,85,70.6,128,93.1,299,92.3,297,109.3,276,103.1,214,2002,0.1364780613007262,4,23,0.14814814814814814,27
322,Liberty,BSth,3-24,-25.14,85.6,323,110.7,293,72.7,27,+.010,144,-8.27,286,98.1,289,106.4,279,-1.00,190,,BSth,72.7,27,85.6,323,44.9,300,27.3,326,33.3,181,38.3,145,110.7,293,51.5,256,22.9,76,36.1,250,44.9,286,72.7,27,74.0,32,85.6,323,85.6,322,110.7,293,104.6,246,2002,0.049402326407454684,3,24,0.1111111111111111,27
310,Lipscomb,ind,4-21,-19.34,93.6,296,112.9,308,69.2,123,+.010,142,-5.02,250,100.8,235,105.8,258,-0.21,162,,ind,69.2,123,93.6,296,47.6,223,23.8,276,27.6,311,39.3,125,112.9,308,52.0,273,19.1,281,36.5,266,44.6,283,69.2,123,72.6,67,93.6,296,92.7,293,112.9,308,108.2,301,2002,0.10377847803446358,4,21,0.16,25
177,Long Beach St.,BW,12-17,-1.48,102.9,162,104.4,197,70.2,83,-.021,210,+0.75,142,103.6,153,102.9,140,+5.14,51,,BW,70.2,83,102.9,162,51.3,83,22.9,242,31.7,238,34.5,237,104.4,197,52.5,283,22.4,110,34.6,184,37.8,162,70.2,83,70.4,137,102.9,162,100.1,176,104.4,197,103.5,221,2002,0.4584886784930587,12,17,0.41379310344827586,29
107,Louisiana Lafayette,SB,19-11,+4.63,99.7,217,95.0,31,70.6,69,+.054,48,+0.17,151,102.6,195,102.4,122,-1.04,193,,SB,70.6,69,99.7,217,47.1,245,22.8,238,36.3,84,39.9,111,95.0,31,44.0,6,22.4,107,35.7,231,38.0,167,70.6,69,71.0,113,99.7,217,96.7,241,95.0,31,93.2,16,2002,0.6353692276342898,19,11,0.6333333333333333,30
187,Louisiana Monroe,Slnd,19-12,-2.00,99.9,216,101.9,140,70.1,87,+.138,2,-2.89,219,100.6,237,103.5,169,+10.94,10,,Slnd,70.1,87,99.9,216,47.9,210,21.7,178,34.2,157,33.8,255,101.9,140,47.0,73,20.7,209,36.3,262,31.9,61,70.1,87,71.6,95,99.9,216,97.7,225,101.9,140,99.2,120,2002,0.4432565232738356,19,12,0.6129032258064516,31
64,Louisiana Tech,WAC,20-10,+11.43,110.0,61,98.6,79,66.3,231,+.002,167,+3.23,102,104.0,139,100.8,74,+3.66,77,,WAC,66.3,231,110.0,61,48.5,188,20.3,92,37.6,55,43.3,45,98.6,79,46.6,60,17.7,316,27.2,5,40.4,224,66.3,231,67.6,237,110.0,61,105.1,87,98.6,79,97.5,78,2002,0.7787169017484439,20,10,0.6666666666666666,30
61,Louisville,CUSA,19-13,+11.74,108.1,84,96.4,44,72.6,29,+.008,149,+6.99,52,106.7,51,99.7,45,+1.75,117,,CUSA,72.6,29,108.1,84,48.6,182,20.0,78,35.2,122,36.3,199,96.4,44,47.9,110,23.3,66,35.0,199,44.2,280,72.6,29,74.0,30,108.1,84,102.0,142,96.4,44,96.9,68,2002,0.7887373142142003,19,13,0.59375,32
126,Loyola Chicago,Horz,17-13,+3.20,103.5,153,100.3,106,69.5,107,+.010,146,-0.59,176,104.1,134,104.7,220,-3.88,254,,Horz,69.5,107,103.5,153,45.8,283,20.6,108,40.0,16,38.7,139,100.3,106,49.7,189,22.2,116,31.9,76,45.9,294,69.5,107,70.2,148,103.5,153,102.5,132,100.3,106,99.7,136,2002,0.5893231575532576,17,13,0.5666666666666667,30
313,Loyola MD,MAAC,5-23,-20.27,86.7,322,106.9,240,65.7,250,+.015,126,-5.57,254,99.3,266,104.8,226,-9.34,316,,MAAC,65.7,250,86.7,322,41.5,322,23.7,268,29.7,283,45.7,19,106.9,240,49.3,171,22.0,131,35.9,239,35.0,104,65.7,250,67.8,233,86.7,322,85.2,323,106.9,240,101.5,174,2002,0.08252233564529941,5,23,0.17857142857142858,28
264,Loyola Marymount,WCC,8-20,-9.86,99.1,230,109.0,269,68.8,142,+.014,132,-0.22,166,103.4,162,103.6,182,-3.25,242,,WCC,68.8,142,99.1,230,45.5,292,21.1,143,30.7,265,36.6,186,109.0,269,51.4,251,19.5,266,34.0,158,39.3,201,68.8,142,70.6,126,99.1,230,96.6,245,109.0,269,107.1,288,2002,0.250675648339912,8,20,0.2857142857142857,28
283,Maine,AE,12-18,-13.91,94.2,289,108.1,258,63.1,304,+.007,153,-10.39,308,97.7,300,108.1,310,-7.20,301,,AE,63.1,304,94.2,289,49.7,130,25.2,310,34.3,148,39.4,122,108.1,258,46.4,53,17.8,315,36.0,244,24.6,2,63.1,304,64.9,295,94.2,289,96.4,248,108.1,258,101.0,169,2002,0.17039643727877474,12,18,0.4,30
112,Manhattan,MAAC,20-9,+4.18,104.6,137,100.4,111,68.9,141,-.018,198,-6.27,260,98.4,280,104.7,219,-7.83,306,,MAAC,68.9,141,104.6,137,49.0,161,21.6,175,37.5,58,44.0,38,100.4,111,46.6,57,26.4,8,35.2,205,53.1,320,68.9,141,71.3,107,104.6,137,104.6,95,100.4,111,93.5,21,2002,0.6156879624405117,20,9,0.6896551724137931,29
117,Marist,MAAC,19-9,+3.98,106.7,107,102.8,160,68.4,157,-.059,285,-5.53,253,99.2,268,104.7,221,-4.28,261,,MAAC,68.4,157,106.7,107,49.9,121,16.8,8,28.2,306,38.9,135,102.8,160,48.0,113,23.1,71,31.2,56,37.7,160,68.4,157,70.1,153,106.7,107,105.8,69,102.8,160,96.3,60,2002,0.6054465726748108,19,9,0.6785714285714286,28
11,Marquette,CUSA,26-7,+21.47,113.4,30,91.9,11,64.6,281,+.006,155,+5.41,72,105.5,92,100.1,60,-2.87,233,5,CUSA,64.6,281,113.4,30,52.0,59,20.5,99,39.6,21,39.1,130,91.9,11,46.0,40,25.0,25,33.6,141,33.7,89,64.6,281,67.2,248,113.4,30,108.7,36,91.9,11,90.8,5,2002,0.9181546359248037,26,7,0.7878787878787878,33
166,Marshall,MAC,15-15,-0.55,110.0,63,110.5,290,69.6,102,+.037,84,+1.70,126,105.0,110,103.3,159,+1.59,122,,MAC,69.6,102,110.0,63,53.6,18,20.7,112,32.5,214,35.8,207,110.5,290,51.8,268,17.3,321,36.0,246,34.6,102,69.6,102,70.3,140,110.0,63,107.4,46,110.5,290,111.3,317,2002,0.4869643835806446,15,15,0.5,30
3,Maryland,ACC,32-4,+29.25,119.2,4,89.9,7,73.7,15,+.025,104,+9.88,16,109.1,11,99.3,33,+1.62,120,1,ACC,73.7,15,119.2,4,53.0,29,18.3,23,36.1,87,41.5,72,89.9,7,44.9,14,20.5,225,33.6,140,30.9,46,73.7,15,75.0,21,119.2,4,113.2,5,89.9,7,94.3,30,2002,0.9624643309539131,32,4,0.8888888888888888,36
296,Maryland Eastern Shore,MEAC,11-18,-16.02,98.8,234,114.9,319,64.3,286,+.043,68,-8.50,289,97.7,298,106.2,274,+2.10,108,,MEAC,64.3,286,98.8,234,44.8,303,19.4,46,35.8,97,33.5,259,114.9,319,51.2,247,21.0,187,37.5,285,48.7,307,64.3,286,65.9,279,98.8,234,98.2,208,114.9,319,107.9,299,2002,0.14980991825942241,11,18,0.3793103448275862,29
127,Massachusetts,A10,13-16,+3.17,102.0,182,98.8,83,64.3,288,+.002,164,+5.05,77,107.1,48,102.0,110,+6.49,35,,A10,64.3,288,102.0,182,48.0,206,22.3,204,35.0,126,28.3,318,98.8,83,45.9,37,18.5,302,34.8,191,45.9,295,64.3,288,65.3,288,102.0,182,98.3,206,98.8,83,100.8,163,2002,0.5906286766681517,13,16,0.4482758620689655,29
100,McNeese St.,Slnd,20-9,+5.39,103.2,157,97.8,66,66.2,235,+.023,108,-4.60,244,99.6,258,104.2,197,+12.81,5,14,Slnd,66.2,235,103.2,157,49.1,156,23.0,244,37.5,63,40.2,102,97.8,66,46.0,42,22.7,90,33.4,128,40.4,222,66.2,235,68.8,196,103.2,157,101.4,150,97.8,66,92.5,11,2002,0.6497770094271743,20,9,0.6896551724137931,29
33,Memphis,CUSA,27-9,+16.69,112.5,37,95.8,35,70.8,65,-.008,186,+3.63,99,104.9,111,101.3,86,-1.69,208,,CUSA,70.8,65,112.5,37,49.8,125,19.7,53,42.6,1,40.8,82,95.8,35,43.7,5,20.7,211,35.2,207,38.1,169,70.8,65,72.8,62,112.5,37,108.8,33,95.8,35,95.3,47,2002,0.8638851916969804,27,9,0.75,36
294,Mercer,ASun,5-23,-15.61,96.2,275,111.8,301,68.5,152,-.028,229,-1.29,189,103.7,149,105.0,230,+9.82,12,,ASun,68.5,152,96.2,275,46.9,253,23.1,252,35.4,119,31.7,294,111.8,301,52.4,279,18.1,311,34.9,197,34.0,94,68.5,152,69.8,170,96.2,275,94.4,274,111.8,301,111.1,316,2002,0.15081215825470679,5,23,0.17857142857142858,28
39,Miami FL,BE,24-8,+15.77,110.5,56,94.7,30,69.1,129,+.017,118,+5.75,67,105.0,109,99.3,32,-5.03,273,5,BE,69.1,129,110.5,56,49.2,151,20.0,80,33.2,189,35.6,213,94.7,30,45.5,30,24.1,38,36.6,267,34.6,101,69.1,129,70.8,125,110.5,56,104.5,98,94.7,30,93.9,24,2002,0.8550123675919146,24,8,0.75,32
139,Miami OH,MAC,13-18,+2.15,105.4,124,103.3,169,60.5,321,-.004,176,+4.99,79,107.6,40,102.6,133,+8.76,16,,MAC,60.5,321,105.4,124,46.6,263,19.5,48,35.8,95,33.6,258,103.3,169,52.5,282,20.3,227,30.6,40,40.4,225,60.5,321,61.6,322,105.4,124,101.6,147,103.3,169,105.9,273,2002,0.5576032267371915,13,18,0.41935483870967744,31
128,Michigan,B10,11-18,+3.15,105.4,122,102.3,150,65.6,256,-.038,249,+8.26,32,108.2,27,100.0,52,-0.43,168,,B10,65.6,256,105.4,122,49.1,157,21.2,155,31.4,245,31.9,290,102.3,150,52.7,285,21.0,189,35.4,219,32.8,74,65.6,256,66.5,269,105.4,122,100.4,172,102.3,150,105.9,271,2002,0.5849941125047925,11,18,0.3793103448275862,29
32,Michigan St.,B10,19-12,+16.86,113.0,34,96.2,38,63.3,297,-.026,219,+9.76,19,108.5,21,98.7,19,+1.51,126,10,B10,63.3,297,113.0,34,51.6,69,23.0,248,39.1,27,34.7,235,96.2,38,45.5,28,17.2,323,29.8,25,32.4,70,63.3,297,64.9,297,113.0,34,107.0,59,96.2,38,98.8,101,2002,0.8642470882755019,19,12,0.6129032258064516,31
202,Middle Tennessee,SB,13-15,-3.38,96.8,264,100.2,101,66.1,238,+.040,73,-0.91,181,102.7,190,103.6,174,-2.79,231,,SB,66.1,238,96.8,264,50.2,113,25.1,306,30.9,260,28.2,320,100.2,101,48.2,123,21.9,140,33.5,136,29.6,28,66.1,238,67.9,232,96.8,264,94.5,273,100.2,101,98.3,92,2002,0.40203484111037396,13,15,0.4642857142857143,28
93,Milwaukee,Horz,13-13,+6.28,104.8,133,98.5,78,71.5,52,-.088,309,+1.98,123,105.5,96,103.5,171,+5.89,41,,Horz,71.5,52,104.8,133,51.5,71,19.9,67,31.2,253,29.4,314,98.5,78,50.3,214,23.9,43,33.3,122,36.3,129,71.5,52,71.9,85,104.8,133,102.7,127,98.5,78,98.0,87,2002,0.6710566633556803,13,13,0.5,26
43,Minnesota,B10,18-13,+14.54,113.5,28,99.0,85,68.9,137,-.045,264,+7.29,49,107.4,42,100.1,55,+1.34,129,,B10,68.9,137,113.5,28,52.5,43,21.0,135,38.2,43,34.7,234,99.0,85,48.6,145,22.8,80,34.5,176,41.4,242,68.9,137,68.9,190,113.5,28,108.7,37,99.0,85,100.8,161,2002,0.8280477995834975,18,13,0.5806451612903226,31
34,Mississippi,SEC,19-11,+16.68,113.3,31,96.7,48,64.7,279,-.040,253,+7.32,48,105.9,80,98.6,16,-6.23,292,9,SEC,64.7,279,113.3,31,53.1,27,22.7,226,34.8,136,42.4,54,96.7,48,48.1,114,23.3,62,32.1,82,40.5,227,64.7,279,67.0,254,113.3,31,106.9,60,96.7,48,96.3,62,2002,0.8607935129483598,19,11,0.6333333333333333,30
26,Mississippi St.,SEC,27-8,+18.25,111.4,43,93.1,20,67.9,174,+.107,6,+8.93,25,106.7,56,97.7,6,-0.96,187,3,SEC,67.9,174,111.4,43,52.9,33,23.6,265,39.1,28,39.3,126,93.1,20,46.4,54,22.1,121,31.9,77,28.9,21,67.9,174,69.8,166,111.4,43,104.3,103,93.1,20,94.8,37,2002,0.8873257395136724,27,8,0.7714285714285715,35
282,Mississippi Valley St.,SWAC,11-16,-13.67,101.1,195,114.8,318,69.4,116,-.041,254,-12.87,322,96.4,320,109.2,322,+2.60,100,,SWAC,69.4,116,101.1,195,48.8,178,18.0,17,34.2,155,25.1,326,114.8,318,52.3,278,23.2,70,41.7,326,39.0,190,69.4,116,73.6,45,101.1,195,104.0,107,114.8,318,107.1,287,2002,0.18824784978104428,11,16,0.4074074074074074,27
29,Missouri,B12,24-12,+17.49,116.2,12,98.7,81,70.1,89,-.010,189,+7.92,41,108.0,34,100.0,54,-0.39,166,12,B12,70.1,89,116.2,12,53.0,30,20.0,71,39.7,19,31.5,295,98.7,81,49.3,172,20.0,239,33.4,130,36.2,125,70.1,89,71.3,106,116.2,12,112.5,8,98.7,81,101.8,182,2002,0.867280068519982,24,12,0.6666666666666666,36
231,Monmouth,NEC,18-12,-6.33,96.6,266,103.0,162,65.7,249,+.097,9,-8.74,292,99.4,265,108.1,312,+6.88,31,,NEC,65.7,249,96.6,266,52.1,57,23.2,253,28.3,305,36.4,194,103.0,162,48.3,133,23.4,59,33.5,138,37.0,143,65.7,249,68.7,200,96.6,266,98.4,205,103.0,162,98.2,91,2002,0.32350120214093997,18,12,0.6,30
210,Montana,BSky,14-15,-4.51,102.4,176,106.9,239,68.5,156,+.053,51,-1.95,199,103.2,168,105.2,236,+0.44,150,15,BSky,68.5,156,102.4,176,51.4,76,21.2,148,28.6,299,43.5,43,106.9,239,50.6,227,19.3,277,33.7,146,41.5,244,68.5,156,69.9,164,102.4,176,101.7,146,106.9,239,105.6,266,2002,0.37881482881253986,14,15,0.4827586206896552,29
131,Montana St.,BSky,18-10,+2.97,107.4,97,104.4,198,63.5,295,+.054,50,-2.30,208,102.2,207,104.5,211,+1.71,119,,BSky,63.5,295,107.4,97,54.5,11,21.7,176,28.7,297,41.8,65,104.4,198,53.1,295,22.9,73,32.3,90,27.1,8,63.5,295,65.1,292,107.4,97,106.1,64,104.4,198,101.8,181,2002,0.5807373037732154,18,10,0.6428571428571429,28
168,Morehead St.,OVC,15-11,-0.91,105.5,121,106.4,233,68.1,168,+.072,23,-3.35,226,103.1,174,106.4,281,+4.35,72,,OVC,68.1,168,105.5,121,52.9,32,20.9,129,30.4,273,37.1,170,106.4,233,53.6,311,21.9,136,32.5,99,28.7,19,68.1,168,70.9,120,105.5,121,105.6,77,106.4,233,105.3,256,2002,0.47559735909773604,15,11,0.5769230769230769,26
316,Morgan St.,MEAC,3-25,-21.23,90.0,313,111.3,296,70.1,86,-.019,203,-6.60,267,99.6,255,106.2,273,+4.42,68,,MEAC,70.1,86,90.0,313,46.2,274,24.7,300,31.3,247,33.2,267,111.3,296,52.7,286,22.4,111,36.6,269,50.0,309,70.1,86,71.7,90,90.0,313,90.3,308,111.3,296,106.3,276,2002,0.07996480963007958,3,25,0.10714285714285714,28
326,Morris Brown,ind,4-23,-29.95,85.1,324,115.1,320,67.6,188,+.044,67,-2.92,222,101.2,229,104.2,196,+0.32,152,,ind,67.6,188,85.1,324,41.4,323,26.3,320,31.0,256,38.0,153,115.1,320,54.0,313,20.8,204,38.4,299,40.3,218,67.6,188,70.0,158,85.1,324,80.7,326,115.1,320,111.7,319,2002,0.03009893677123568,4,23,0.14814814814814814,27
325,Mount St. Mary's,NEC,3-24,-29.36,85.1,325,114.5,316,67.0,207,+.019,113,-10.50,309,97.7,299,108.2,313,-2.14,219,,NEC,67.0,207,85.1,325,40.9,324,22.7,228,33.3,186,35.9,206,114.5,316,54.3,315,23.9,45,41.6,325,39.2,197,67.0,207,70.1,154,85.1,325,87.1,318,114.5,316,107.9,298,2002,0.03190400947776355,3,24,0.1111111111111111,27
146,Murray St.,OVC,17-13,+1.35,106.8,106,105.5,215,69.2,122,+.017,115,-1.74,198,103.2,170,104.9,228,+3.98,76,14,OVC,69.2,122,106.8,106,49.0,162,20.0,74,40.6,9,29.0,316,105.5,215,50.5,222,21.0,185,32.6,104,41.3,241,69.2,122,72.0,83,106.8,106,106.2,63,105.5,215,103.7,228,2002,0.5351519622502152,17,13,0.5666666666666667,30
21,N.C. State,ACC,23-11,+19.15,113.2,33,94.0,26,67.5,193,+.012,136,+8.27,31,108.6,20,100.4,65,-5.56,283,7,ACC,67.5,193,113.2,33,52.5,46,19.1,37,31.0,258,38.9,134,94.0,26,48.8,155,23.6,53,30.6,41,40.3,219,67.5,193,69.7,175,113.2,33,108.4,39,94.0,26,97.1,71,2002,0.8944860287057994,23,11,0.6764705882352942,34
270,Navy,Pat,9-20,-11.52,94.1,291,105.6,216,70.8,64,-.089,311,-6.30,262,99.9,249,106.2,272,-3.27,244,,Pat,70.8,64,94.1,291,45.9,282,25.3,311,37.1,72,42.3,55,105.6,216,51.6,263,25.2,21,32.2,84,54.7,325,70.8,64,71.0,112,94.1,291,94.9,265,105.6,216,100.3,150,2002,0.20982945273800688,9,20,0.3103448275862069,29
103,Nebraska,B12,13-15,+5.00,105.8,118,100.8,119,66.5,225,-.019,201,+5.16,75,106.6,59,101.4,90,-6.47,295,,B12,66.5,225,105.8,118,47.3,234,16.4,5,28.8,296,33.3,263,100.8,119,49.8,196,20.9,191,33.6,144,31.3,53,66.5,225,68.7,201,105.8,118,101.4,151,100.8,119,102.3,196,2002,0.6356978771970029,13,15,0.4642857142857143,28
123,Nevada,WAC,16-13,+3.41,103.9,148,100.5,115,71.6,50,+.034,88,+2.04,120,104.1,137,102.0,111,-1.95,215,,WAC,71.6,50,103.9,148,45.5,291,20.9,125,36.6,77,55.8,1,100.5,115,47.7,97,21.2,176,30.9,47,41.9,249,71.6,50,72.5,70,103.9,148,100.1,178,100.5,115,99.2,118,2002,0.5945044885648122,16,13,0.5517241379310345,29
287,New Hampshire,AE,10-17,-14.87,96.9,263,111.8,300,70.5,73,+.017,116,-9.70,301,97.5,304,107.2,295,-0.11,158,,AE,70.5,73,96.9,263,46.3,272,23.6,261,32.8,202,45.0,27,111.8,300,50.6,226,18.5,301,32.7,107,36.3,127,70.5,73,70.9,116,96.9,263,96.9,237,111.8,300,106.2,275,2002,0.1618036956844954,10,17,0.37037037037037035,27
92,New Mexico,MWC,16-14,+6.36,110.3,59,103.9,184,66.5,226,-.023,213,+3.77,97,105.9,79,102.1,114,-2.86,232,,MWC,66.5,226,110.3,59,50.4,110,19.0,34,37.2,68,41.4,74,103.9,184,50.9,236,19.3,278,29.5,20,40.5,228,66.5,226,67.2,251,110.3,59,107.1,54,103.9,184,103.7,229,2002,0.6653911496089499,16,14,0.5333333333333333,30
96,New Mexico St.,SB,18-11,+5.87,109.3,71,103.4,176,68.3,159,-.029,231,-0.48,175,102.6,192,103.1,153,+0.97,137,,SB,68.3,159,109.3,71,50.6,103,21.2,154,37.3,67,37.5,165,103.4,176,50.2,212,21.8,144,34.3,171,37.5,151,68.3,159,70.4,139,109.3,71,106.5,61,103.4,176,100.8,164,2002,0.6543354808523479,18,11,0.6206896551724138,29
172,New Orleans,SB,14-14,-1.15,98.4,240,99.5,93,68.0,173,+.042,71,-0.93,183,102.2,206,103.1,149,-0.65,176,,SB,68.0,173,98.4,240,48.1,199,25.6,313,34.5,143,51.3,2,99.5,93,47.9,108,20.8,200,32.1,81,30.2,37,68.0,173,69.2,184,98.4,240,95.0,262,99.5,93,97.3,76,2002,0.46808254443626035,14,14,0.5,28
180,Niagara,MAAC,18-14,-1.64,106.6,109,108.2,260,69.5,109,+.024,106,-4.34,242,99.6,256,103.9,191,-1.71,209,,MAAC,69.5,109,106.6,109,49.1,158,22.1,196,38.7,34,41.4,75,108.2,260,50.2,208,20.7,208,32.0,79,43.5,273,69.5,109,71.1,109,106.6,109,104.3,105,108.2,260,102.3,194,2002,0.45727312794173874,18,14,0.5625,32
323,Nicholls St.,Slnd,1-25,-26.22,87.1,320,113.3,309,68.9,138,-.070,295,-2.56,214,100.9,233,103.4,166,+12.19,7,,Slnd,68.9,138,87.1,320,40.9,325,21.3,162,28.4,304,29.4,315,113.3,309,57.0,326,23.3,63,40.0,318,39.1,192,68.9,138,70.8,123,87.1,320,83.3,324,113.3,309,111.4,318,2002,0.046340239823792075,1,25,0.038461538461538464,26
288,Norfolk St.,MEAC,10-19,-15.02,93.7,295,108.7,267,70.5,75,+.063,30,-6.29,261,99.2,270,105.5,246,+8.67,18,,MEAC,70.5,75,93.7,295,46.5,267,22.5,216,32.1,230,35.7,211,108.7,267,48.3,129,19.8,252,36.1,251,35.9,119,70.5,75,72.2,80,93.7,295,93.0,291,108.7,267,102.7,204,2002,0.15346533300614706,10,19,0.3448275862068966,29
137,North Carolina,ACC,8-20,+2.53,105.8,119,103.2,168,70.0,92,-.065,294,+11.37,7,110.1,8,98.7,17,+1.79,116,,ACC,70.0,92,105.8,119,50.5,107,22.7,232,30.8,262,35.7,212,103.2,168,51.3,250,17.5,318,35.2,209,30.7,44,70.0,92,72.7,66,105.8,119,99.0,196,103.2,168,108.5,306,2002,0.5710506745618338,8,20,0.2857142857142857,28
271,North Carolina A&T,MEAC,10-17,-11.86,92.8,301,104.7,204,70.4,77,+.024,105,-7.02,276,99.5,262,106.5,283,+7.00,28,,MEAC,70.4,77,92.8,301,44.9,301,25.0,305,35.9,94,43.1,48,104.7,204,49.6,187,22.6,100,32.5,100,40.6,229,70.4,77,72.4,73,92.8,301,92.4,296,104.7,204,99.6,132,2002,0.19980660827868238,10,17,0.37037037037037035,27
161,North Texas,SB,13-14,-0.21,108.1,83,108.3,262,72.0,42,+.012,134,+0.69,144,103.1,176,102.4,121,+2.42,104,,SB,72.0,42,108.1,83,49.6,134,20.9,128,35.1,123,45.8,17,108.3,262,50.6,225,20.2,229,37.1,275,39.8,209,72.0,42,73.1,58,108.1,83,104.9,89,108.3,262,106.4,280,2002,0.4946859656821791,13,14,0.48148148148148145,27
279,Northeastern,AE,7-21,-13.50,98.1,247,111.6,298,72.3,34,-.129,325,-9.17,298,97.0,312,106.2,271,-3.24,241,,AE,72.3,34,98.1,247,47.4,228,20.5,101,32.8,206,30.0,309,111.6,298,53.7,312,26.9,6,38.5,302,51.2,313,72.3,34,72.4,75,98.1,247,97.7,226,111.6,298,103.1,216,2002,0.1850143133992024,7,21,0.25,28
220,Northern Arizona,BSky,12-14,-5.36,96.3,273,101.7,135,67.3,196,+.026,102,-3.69,231,102.3,201,106.0,265,-0.78,180,,BSky,67.3,196,96.3,273,48.8,172,23.7,267,30.7,264,41.0,81,101.7,135,49.2,166,18.7,295,27.1,3,37.3,150,67.3,196,68.3,218,96.3,273,96.0,249,101.7,135,99.2,117,2002,0.348093887134817,12,14,0.46153846153846156,26
186,Northern Illinois,MAC,12-16,-2.00,105.6,120,107.6,251,72.1,38,-.007,184,-0.24,167,104.8,114,105.0,232,-1.93,214,,MAC,72.1,38,105.6,120,51.3,84,23.0,245,38.1,47,37.3,169,107.6,251,51.3,249,20.9,197,35.7,232,52.5,319,72.1,38,73.2,54,105.6,120,104.6,97,107.6,251,107.3,292,2002,0.44626675641329494,12,16,0.42857142857142855,28
178,Northern Iowa,MVC,14-15,-1.49,108.2,82,109.7,285,66.9,212,+.055,45,+1.22,132,104.2,129,103.0,147,+3.10,87,,MVC,66.9,212,108.2,82,51.3,81,18.7,29,28.7,298,38.3,146,109.7,285,54.6,317,22.6,98,35.6,227,35.3,109,66.9,212,66.6,265,108.2,82,105.4,81,109.7,285,108.9,308,2002,0.4604994829998018,14,15,0.4827586206896552,29
90,Northwestern,B10,16-13,+6.55,99.9,215,93.4,21,61.6,317,+.036,85,+5.74,69,106.1,75,100.4,66,-5.39,280,,B10,61.6,317,99.9,215,49.2,153,21.1,142,26.5,316,38.0,155,93.4,21,46.7,61,24.2,37,35.3,213,29.8,30,61.6,317,63.0,313,99.9,215,95.0,263,93.4,21,94.2,28,2002,0.6843209316384156,16,13,0.5517241379310345,29
240,Northwestern St.,Slnd,12-18,-7.13,100.5,203,107.6,252,70.6,72,-.006,181,-3.64,230,100.4,242,104.0,193,+5.49,46,,Slnd,70.6,72,100.5,203,46.9,254,22.0,190,34.9,130,39.4,121,107.6,252,49.0,161,20.8,198,36.5,264,43.5,274,70.6,72,72.7,65,100.5,203,98.2,209,107.6,252,103.3,217,2002,0.31323820023802973,12,18,0.4,30
19,Notre Dame,BE,21-11,+19.27,116.1,14,96.8,52,68.6,149,-.087,307,+7.33,47,105.4,98,98.1,8,-1.55,205,8,BE,68.6,149,116.1,14,51.5,72,18.6,27,35.7,108,34.0,247,96.8,52,45.1,19,19.7,258,33.6,142,26.5,5,68.6,149,70.6,131,116.1,14,109.1,30,96.8,52,96.1,57,2002,0.8900014869856125,21,11,0.65625,32
143,Oakland,MCon,16-13,+1.91,107.6,95,105.7,219,70.3,80,+.033,91,-0.10,160,104.2,132,104.3,201,+3.38,81,,MCon,70.3,80,107.6,95,50.4,109,19.6,51,35.4,116,41.5,69,105.7,219,53.6,310,25.3,17,37.2,280,37.0,142,70.3,80,70.3,143,107.6,95,105.4,83,105.7,219,104.3,240,2002,0.5510418742401553,16,13,0.5517241379310345,29
115,Ohio,MAC,17-11,+4.09,108.2,79,104.2,192,67.8,176,+.033,89,+0.07,153,105.7,85,105.6,251,-2.00,216,,MAC,67.8,176,108.2,79,54.0,16,20.5,106,33.1,195,43.6,42,104.2,192,50.7,231,20.8,203,33.8,150,35.5,116,67.8,176,68.9,191,108.2,79,108.9,32,104.2,192,104.5,244,2002,0.6066366389880844,17,11,0.6071428571428571,28
17,Ohio St.,B10,24-8,+19.76,116.4,11,96.6,47,66.8,215,+.005,159,+7.51,46,106.6,58,99.1,27,-1.26,196,4,B10,66.8,215,116.4,11,53.6,17,19.7,56,35.7,105,46.7,11,96.6,47,49.3,170,22.5,105,31.5,64,36.4,131,66.8,215,66.5,268,116.4,11,110.7,18,96.6,47,97.3,75,2002,0.8951272927516192,24,8,0.75,32
5,Oklahoma,B12,31-5,+26.04,114.9,20,88.9,4,66.5,228,+.043,69,+8.77,26,109.0,15,100.2,62,-0.45,169,2,B12,66.5,228,114.9,20,49.5,140,17.0,11,40.1,14,31.4,296,88.9,4,44.9,16,23.2,68,31.7,68,42.2,257,66.5,228,69.1,187,114.9,20,111.3,13,88.9,4,92.8,13,2002,0.9502788696041179,31,5,0.8611111111111112,36
38,Oklahoma St.,B12,23-9,+15.80,107.9,88,92.1,13,66.0,241,+.047,64,+7.11,51,107.8,38,100.7,73,+0.53,149,7,B12,66.0,241,107.9,88,49.3,147,22.1,192,41.5,3,38.0,157,92.1,13,45.5,27,22.8,82,33.2,116,30.1,35,66.0,241,68.7,199,107.9,88,103.7,113,92.1,13,93.3,17,2002,0.8606613954771486,23,9,0.71875,32
164,Old Dominion,CAA,13-16,-0.43,102.5,175,102.9,161,64.8,277,-.072,298,-2.11,204,101.7,218,103.8,189,-3.79,252,,CAA,64.8,277,102.5,175,46.0,280,20.1,83,38.2,44,33.3,262,102.9,161,47.2,80,22.6,94,34.0,157,44.2,281,64.8,277,66.6,266,102.5,175,100.5,170,102.9,161,99.6,133,2002,0.488804194444682,13,16,0.4482758620689655,29
109,Oral Roberts,MCon,17-13,+4.33,105.4,125,101.0,122,69.4,111,-.076,304,-3.40,228,102.3,204,105.7,253,-2.50,223,,MCon,69.4,111,105.4,125,51.3,80,20.0,75,32.1,228,42.7,51,101.0,122,45.5,29,20.6,218,33.9,153,40.9,234,69.4,111,71.1,110,105.4,125,105.7,75,101.0,122,97.5,79,2002,0.620196976278627,17,13,0.5666666666666667,30
9,Oregon,P10,26-9,+22.97,119.2,3,96.3,40,71.1,61,-.041,255,+8.15,36,108.1,31,99.9,50,-3.30,245,2,P10,71.1,61,119.2,3,56.2,3,18.5,24,33.9,164,41.6,68,96.3,40,47.8,100,20.2,228,32.6,102,32.5,72,71.1,61,73.5,47,119.2,3,115.8,1,96.3,40,98.1,88,2002,0.9208057941348156,26,9,0.7428571428571429,35
124,Oregon St.,P10,10-17,+3.36,103.4,155,100.0,100,61.3,318,-.050,273,+8.00,38,108.7,17,100.7,72,-5.42,281,,P10,61.3,318,103.4,155,51.4,74,22.3,208,25.6,322,37.0,173,100.0,100,48.9,157,19.0,286,35.0,201,29.9,31,61.3,318,64.8,298,103.4,155,98.7,201,100.0,100,103.5,224,2002,0.5949579700232226,10,17,0.37037037037037035,27
98,Pacific,BW,18-10,+5.74,109.6,69,103.8,183,65.2,265,+.002,163,-1.13,185,101.9,214,103.0,144,+0.42,151,,BW,65.2,265,109.6,69,52.2,52,19.5,50,29.3,289,40.5,96,103.8,183,47.7,98,18.3,307,30.1,29,37.6,156,65.2,265,64.7,301,109.6,69,107.4,45,103.8,183,100.4,155,2002,0.6514164365772749,18,10,0.6428571428571429,28
58,Penn,Ivy,25-7,+12.23,110.2,60,98.0,68,65.6,252,-.019,200,-2.38,210,101.9,212,104.3,202,+0.99,136,11,Ivy,65.6,252,110.2,60,55.7,5,19.7,57,26.7,315,35.8,207,98.0,68,46.7,63,21.4,170,31.6,67,30.4,39,65.6,252,65.7,285,110.2,60,109.6,24,98.0,68,95.1,43,2002,0.794013250837742,25,7,0.78125,32
198,Penn St.,B10,7-21,-3.16,99.3,225,102.4,153,67.7,180,-.032,238,+8.23,33,108.0,32,99.8,46,-2.03,217,,B10,67.7,180,99.3,225,46.2,275,22.5,215,29.3,291,31.0,299,102.4,153,53.2,303,21.9,135,35.3,214,46.7,299,67.7,180,68.4,210,99.3,225,93.1,289,102.4,153,105.6,267,2002,0.41252833327182237,7,21,0.25,28
62,Pepperdine,WCC,21-9,+11.72,111.1,49,99.3,89,72.4,33,+.061,35,+3.96,95,105.7,87,101.7,102,+11.94,8,10,WCC,72.4,33,111.1,49,51.2,85,19.4,45,33.9,163,33.7,256,99.3,89,47.5,92,23.0,72,37.1,276,41.4,243,72.4,33,73.9,37,111.1,49,107.1,51,99.3,89,99.8,138,2002,0.7843635851056918,21,9,0.7,30
16,Pittsburgh,BE,29-6,+19.94,112.1,39,92.2,15,63.8,293,+.000,172,+3.12,103,103.7,150,100.6,71,-12.06,325,3,BE,63.8,293,112.1,39,52.6,38,21.1,140,38.8,33,38.0,154,92.2,15,44.2,8,22.0,124,30.5,39,31.3,54,63.8,293,66.1,276,112.1,39,107.3,47,92.2,15,90.4,3,2002,0.9044311104155663,29,6,0.8285714285714286,35
258,Portland,WCC,6-24,-9.16,97.3,259,106.4,232,73.1,22,-.027,228,+0.26,149,103.3,167,103.0,145,-1.86,212,,WCC,73.1,22,97.3,259,46.9,255,23.1,251,30.8,261,40.1,103,106.4,232,49.9,201,20.5,221,36.7,271,42.9,266,73.1,22,74.7,25,97.3,259,94.2,276,106.4,232,105.1,254,2002,0.2634379242074765,6,24,0.2,30
249,Portland St.,BSky,11-16,-8.10,104.6,136,112.7,305,69.1,131,+.083,13,-0.80,180,102.8,186,103.6,181,+4.81,61,,BSky,69.1,131,104.6,136,55.3,8,22.2,200,22.1,325,32.3,283,112.7,305,55.4,323,21.7,149,34.7,187,40.1,217,69.1,131,70.9,119,104.6,136,101.3,152,112.7,305,111.1,315,2002,0.2978122637485162,11,16,0.4074074074074074,27
319,Prairie View A&M,SWAC,9-19,-23.35,89.6,314,112.9,307,73.9,13,+.076,20,-11.27,315,97.4,308,108.6,317,+4.98,59,,SWAC,73.9,13,89.6,314,47.4,232,26.9,324,34.4,147,38.2,152,112.9,307,49.8,193,17.9,313,37.2,279,35.9,118,73.9,13,78.4,7,89.6,314,91.1,305,112.9,307,107.3,291,2002,0.06548587700581238,9,19,0.32142857142857145,28
145,Princeton,Ivy,15-12,+1.47,103.7,152,102.2,147,57.7,325,+.023,107,-0.75,179,101.8,216,102.5,126,+4.72,62,,Ivy,57.7,325,103.7,152,53.4,22,22.9,243,25.9,320,33.0,269,102.2,147,49.4,177,22.7,86,31.2,55,42.9,265,57.7,325,58.9,325,103.7,152,100.7,161,102.2,147,99.0,109,2002,0.5417922721858826,15,12,0.5555555555555556,27
94,Providence,BE,15-16,+6.19,102.9,165,96.7,49,71.1,58,-.050,271,+4.43,88,104.2,133,99.7,43,-4.68,269,,BE,71.1,58,102.9,165,46.5,269,21.7,180,34.3,153,38.2,147,96.7,49,48.7,146,27.4,3,37.2,278,45.3,290,71.1,58,73.0,60,102.9,165,96.8,239,96.7,49,95.0,41,2002,0.6714297580120074,15,16,0.4838709677419355,31
83,Purdue,B10,13-18,+7.60,109.8,67,102.2,144,68.0,171,-.059,287,+8.98,24,108.2,28,99.2,30,+5.07,54,,B10,68.0,171,109.8,67,51.1,88,21.7,179,33.0,196,40.8,83,102.2,144,52.9,289,22.7,88,35.1,203,32.3,68,68.0,171,68.6,206,109.8,67,103.2,119,102.2,144,104.3,239,2002,0.6952716248956942,13,18,0.41935483870967744,31
259,Quinnipiac,NEC,14-16,-9.27,100.8,200,110.1,287,74.5,7,-.045,265,-11.13,314,96.9,314,108.1,308,-5.06,274,,NEC,74.5,7,100.8,200,51.4,75,20.1,82,33.2,191,36.9,177,110.1,287,51.0,242,20.5,220,30.2,31,43.6,275,74.5,7,75.7,18,100.8,200,103.4,115,110.1,287,102.9,208,2002,0.26602534476517203,14,16,0.4666666666666667,30
196,Radford,BSth,14-16,-2.88,98.0,249,100.9,120,69.8,97,-.104,318,-6.96,272,98.9,273,105.9,260,+4.34,73,,BSth,69.8,97,98.0,249,48.5,184,24.2,290,36.4,80,40.4,98,100.9,120,46.1,45,21.9,143,30.5,36,36.7,137,69.8,97,71.2,108,98.0,249,97.7,224,100.9,120,94.4,33,2002,0.41693504330693326,14,16,0.4666666666666667,30
237,Rhode Island,A10,8-20,-6.80,97.6,254,104.4,194,64.7,280,+.061,34,+5.02,78,106.7,57,101.6,97,+3.62,79,,A10,64.7,280,97.6,254,43.1,318,20.7,117,34.0,161,34.2,242,104.4,194,51.5,258,20.9,194,34.2,167,33.9,91,64.7,280,66.7,264,97.6,254,92.7,294,104.4,194,106.4,278,2002,0.3154956526185487,8,20,0.2857142857142857,28
203,Rice,WAC,10-19,-3.43,98.0,250,101.4,130,67.7,183,-.051,277,+0.85,140,103.5,159,102.7,136,-4.17,257,,WAC,67.7,183,98.0,250,46.8,260,24.1,286,33.8,166,38.5,142,101.4,130,46.2,49,18.8,293,32.3,91,42.4,262,67.7,183,69.2,183,98.0,250,94.7,270,101.4,130,100.4,153,2002,0.40318430828049245,10,19,0.3448275862068966,29
80,Richmond,A10,22-14,+8.31,104.1,144,95.8,34,60.8,319,+.069,24,+4.71,86,106.2,70,101.5,92,+5.10,53,,A10,60.8,319,104.1,144,47.2,242,16.3,4,26.2,318,31.9,289,95.8,34,47.8,102,23.7,48,37.2,281,26.9,6,60.8,319,62.4,318,104.1,144,99.8,185,95.8,34,97.7,82,2002,0.72222531119217,22,14,0.6111111111111112,36
154,Rider,MAAC,17-11,+0.35,100.2,207,99.9,98,68.5,154,-.033,241,-6.01,257,99.2,267,105.2,238,-5.02,272,,MAAC,68.5,154,100.2,207,48.3,191,21.1,146,33.2,188,31.9,291,99.9,98,46.7,62,22.8,81,30.9,46,37.5,152,68.5,154,70.0,160,100.2,207,100.0,180,99.9,98,93.6,22,2002,0.5086198420036451,17,11,0.6071428571428571,28
290,Robert Morris,NEC,12-18,-15.17,99.3,224,114.5,317,65.8,248,+.026,101,-10.30,307,98.0,291,108.3,315,+1.21,131,,NEC,65.8,248,99.3,224,50.1,119,22.6,224,33.4,179,33.4,261,114.5,317,52.1,274,19.8,249,34.8,193,37.9,165,65.8,248,68.8,195,99.3,224,100.9,159,114.5,317,107.8,296,2002,0.1627460529571273,12,18,0.4,30
105,Rutgers,BE,18-13,+4.87,98.0,251,93.1,19,69.6,101,+.038,80,+2.78,108,103.7,146,101.0,78,-9.89,320,,BE,69.6,101,98.0,251,45.2,297,23.4,259,37.4,65,39.0,133,93.1,19,44.0,7,25.4,14,37.9,293,38.1,168,69.6,101,71.9,84,98.0,251,93.6,284,93.1,19,91.5,8,2002,0.64333597918415,18,13,0.5806451612903226,31
108,SMU,WAC,15-14,+4.44,107.6,94,103.2,167,67.7,182,-.025,217,+2.91,105,104.5,118,101.6,96,+2.29,106,,WAC,67.7,182,107.6,94,48.8,174,19.7,59,35.4,118,46.8,10,103.2,167,48.9,158,18.7,296,32.3,88,31.1,52,67.7,182,69.5,176,107.6,94,104.3,102,103.2,167,102.2,191,2002,0.6177822646665978,15,14,0.5172413793103449,29
276,Sacramento St.,BSky,7-19,-13.03,96.6,269,109.6,282,73.3,19,-.076,303,-6.94,271,99.4,264,106.3,278,-10.20,324,,BSky,73.3,19,96.6,269,47.0,249,21.8,181,32.6,213,40.6,85,109.6,282,53.4,307,24.8,27,36.9,273,45.7,293,73.3,19,73.9,41,96.6,269,96.6,244,109.6,282,104.2,238,2002,0.1896979079053571,7,19,0.2692307692307692,26
299,Sacred Heart,NEC,8-20,-16.60,96.3,272,112.9,306,71.7,49,-.074,302,-10.98,312,97.7,296,108.7,318,-3.55,250,,NEC,71.7,49,96.3,272,47.3,235,22.2,198,38.1,46,33.5,260,112.9,306,48.9,159,19.0,287,35.5,223,42.3,258,71.7,49,74.5,26,96.3,272,98.7,202,112.9,306,105.0,251,2002,0.13837023075217889,8,20,0.2857142857142857,28
68,Saint Joseph's,A10,19-12,+10.81,114.4,22,103.6,180,67.7,184,-.009,187,+4.73,84,106.4,63,101.7,101,+5.02,56,,A10,67.7,184,114.4,22,52.6,39,17.6,14,34.8,133,34.6,236,103.6,180,50.2,213,17.9,314,32.3,89,32.9,76,67.7,184,68.3,220,114.4,22,111.0,15,103.6,180,105.3,258,2002,0.7577499724132333,19,12,0.6129032258064516,31
86,Saint Louis,CUSA,15-16,+6.91,98.1,244,91.2,10,65.3,262,-.023,214,+5.90,65,106.4,64,100.5,69,+2.38,105,,CUSA,65.3,262,98.1,244,47.6,224,22.8,237,29.2,293,34.3,239,91.2,10,46.2,47,24.5,31,34.2,168,40.3,221,65.3,262,67.2,252,98.1,244,93.4,286,91.2,10,93.1,15,2002,0.6981962810067891,15,16,0.4838709677419355,31
226,Saint Mary's,WCC,8-20,-5.85,91.3,307,97.1,54,65.2,269,-.043,261,+1.08,134,104.4,125,103.3,161,+1.02,135,,WCC,65.2,269,91.3,307,43.1,317,24.6,294,34.7,139,39.7,118,97.1,54,47.8,101,25.3,16,33.4,129,50.6,310,65.2,269,66.9,257,91.3,307,89.0,314,97.1,54,96.8,66,2002,0.32997640892890634,8,20,0.2857142857142857,28
308,Saint Peter's,MAAC,4-24,-18.57,93.0,300,111.6,299,71.2,57,+.008,151,-2.42,211,100.6,239,103.0,143,-0.29,165,,MAAC,71.2,57,93.0,300,45.7,288,26.0,315,35.9,92,35.0,227,111.6,299,53.4,306,21.6,157,35.0,202,37.7,161,71.2,57,72.7,64,93.0,300,89.6,311,111.6,299,106.8,282,2002,0.10941818204670255,4,24,0.14285714285714285,28
201,Sam Houston St.,Slnd,14-14,-3.21,100.2,210,103.4,173,72.7,26,-.042,257,-5.09,251,99.8,250,104.9,227,+4.35,71,,Slnd,72.7,26,100.2,210,48.8,171,23.7,270,35.8,100,44.2,36,103.4,173,44.9,18,19.9,243,35.2,208,41.8,248,72.7,26,74.4,28,100.2,210,99.4,192,103.4,173,97.5,80,2002,0.41059096621111807,14,14,0.5,28
179,Samford,ASun,15-14,-1.49,102.5,172,104.0,186,56.8,326,+.011,139,-2.89,220,103.1,171,106.0,266,+6.02,39,,ASun,56.8,326,102.5,172,57.5,1,25.1,308,25.0,323,30.8,302,104.0,186,49.4,178,19.7,254,33.8,149,27.1,7,56.8,326,58.8,326,102.5,172,102.5,134,104.0,186,102.2,189,2002,0.4583285984953037,15,14,0.5172413793103449,29
101,San Diego,WCC,14-13,+5.21,107.7,92,102.5,154,68.9,140,-.071,297,+0.90,137,103.5,160,102.6,131,+2.61,98,,WCC,68.9,140,107.7,92,48.9,165,20.0,76,36.5,78,45.8,16,102.5,154,51.2,246,22.8,85,29.6,21,43.3,271,68.9,140,70.5,135,107.7,92,104.7,94,102.5,154,100.6,158,2002,0.6385550252131655,14,13,0.5185185185185185,27
74,San Diego St.,MWC,21-12,+9.29,106.9,104,97.6,62,70.0,93,+.055,46,+5.64,70,106.7,53,101.1,82,+0.67,144,13,MWC,70.0,93,106.9,104,50.9,93,21.5,169,35.0,129,39.8,115,97.6,62,48.2,124,20.8,207,31.4,60,44.7,284,70.0,93,70.9,118,106.9,104,102.7,126,97.6,62,99.6,134,2002,0.7401383459344151,21,12,0.6363636363636364,33
156,San Francisco,WCC,12-15,+0.21,102.9,164,102.7,158,67.8,179,-.027,221,+0.61,145,103.6,154,103.0,146,+0.56,148,,WCC,67.8,179,102.9,164,48.0,205,20.5,107,32.2,223,37.0,174,102.7,158,46.1,46,18.3,305,34.3,173,39.9,213,67.8,179,70.2,150,102.9,164,100.0,182,102.7,158,101.6,179,2002,0.5055931536638585,12,15,0.4444444444444444,27
251,San Jose St.,WAC,9-20,-8.43,98.7,237,107.1,241,63.2,302,+.050,58,+2.40,113,103.9,142,101.5,91,-4.30,262,,WAC,63.2,302,98.7,237,46.0,279,21.3,156,32.4,220,38.2,149,107.1,241,53.1,297,19.2,279,29.0,12,38.6,182,63.2,302,64.4,307,98.7,237,94.6,271,107.1,241,106.4,279,2002,0.2810422951108372,9,20,0.3103448275862069,29
211,Santa Clara,WCC,12-15,-4.55,101.1,196,105.6,218,66.3,232,+.069,25,-0.04,157,103.3,166,103.3,162,-0.22,163,,WCC,66.3,232,101.1,196,46.8,258,21.0,134,32.3,221,39.4,124,105.6,218,50.0,202,18.2,308,30.3,34,31.6,60,66.3,232,67.9,228,101.1,196,97.3,234,105.6,218,104.4,241,2002,0.37735155168305756,12,15,0.4444444444444444,27
327,Savannah St.,ind,2-24,-31.15,78.1,327,109.2,274,66.4,230,-.021,207,-5.21,252,100.3,244,105.5,247,-0.64,175,,ind,66.4,230,78.1,327,40.7,326,26.7,322,27.8,310,28.2,319,109.2,274,50.0,204,20.8,205,40.1,320,39.8,211,66.4,230,70.1,157,78.1,327,76.7,327,109.2,274,106.5,281,2002,0.020740739438570428,2,24,0.07692307692307693,26
84,Seton Hall,BE,11-18,+7.18,105.0,131,97.9,67,68.6,148,-.100,316,+7.88,43,106.2,72,98.3,13,+2.02,111,,BE,68.6,148,105.0,131,46.2,276,21.3,159,35.7,104,30.2,308,97.9,67,46.9,68,22.8,84,38.1,297,38.3,176,68.6,148,71.5,97,105.0,131,97.9,217,97.9,67,98.8,102,2002,0.6910768957706321,11,18,0.3793103448275862,29
174,Siena,MAAC,17-19,-1.21,100.8,201,102.0,141,66.5,223,-.070,296,-4.14,237,100.1,246,104.2,199,-0.42,167,16,MAAC,66.5,223,100.8,201,47.8,215,21.5,171,31.0,257,36.9,176,102.0,141,45.5,31,20.8,202,31.7,71,40.9,235,66.5,223,69.2,185,100.8,201,98.8,199,102.0,141,97.0,70,2002,0.46602835386648744,17,19,0.4722222222222222,36
255,South Alabama,SB,5-21,-9.00,96.0,277,105.0,207,66.8,216,-.117,322,-0.08,159,102.1,209,102.2,115,+0.65,146,,SB,66.8,216,96.0,277,49.5,141,26.1,317,30.4,272,32.3,280,105.0,207,49.3,173,22.8,83,35.5,222,54.3,323,66.8,216,68.5,208,96.0,277,92.1,301,105.0,207,102.3,193,2002,0.2629794612294479,5,21,0.19230769230769232,26
20,South Carolina,SEC,21-15,+19.18,107.0,102,87.9,2,65.3,263,-.074,301,+10.28,14,108.5,22,98.2,11,-0.78,179,,SEC,65.3,263,107.0,102,49.2,150,20.7,114,33.3,181,33.3,264,87.9,2,48.2,126,27.0,4,33.3,124,29.4,26,65.3,263,67.3,245,107.0,102,100.9,155,87.9,2,91.3,7,2002,0.9056151481877729,21,15,0.5833333333333334,36
266,South Carolina St.,MEAC,14-15,-10.49,96.2,274,106.7,237,68.1,165,+.109,5,-7.00,275,99.7,253,106.7,286,+6.42,37,,MEAC,68.1,165,96.2,274,45.6,290,22.3,207,39.4,24,43.3,46,106.7,237,48.9,160,22.6,93,36.6,268,40.4,223,68.1,165,70.6,130,96.2,274,96.7,242,106.7,237,102.2,190,2002,0.2330254923949101,14,15,0.4827586206896552,29
73,South Florida,CUSA,19-13,+9.43,107.9,87,98.4,76,71.8,46,+.018,114,+5.41,71,105.8,82,100.4,67,-0.10,157,,CUSA,71.8,46,107.9,87,51.1,89,22.3,203,37.7,52,37.8,161,98.4,76,50.3,217,23.9,44,33.4,133,37.5,153,71.8,46,74.2,29,107.9,87,102.9,124,98.4,76,99.0,110,2002,0.7426689090537864,19,13,0.59375,32
273,Southeast Missouri St.,OVC,4-22,-12.66,101.4,190,114.0,312,67.4,195,-.117,323,-2.78,217,103.0,182,105.7,256,-0.89,184,,OVC,67.4,195,101.4,190,51.3,78,21.3,161,26.3,317,36.7,182,114.0,312,53.2,301,18.3,304,36.7,270,33.2,84,67.4,195,69.8,167,101.4,190,101.0,154,114.0,312,112.2,323,2002,0.20637083123114516,4,22,0.15384615384615385,26
300,Southeastern Louisiana,Slnd,6-20,-16.65,89.3,317,105.9,226,60.5,322,-.005,177,-6.10,258,99.0,272,105.1,233,-2.69,229,,Slnd,60.5,322,89.3,317,45.3,295,24.1,288,28.4,302,36.4,193,105.9,226,48.7,147,21.3,171,32.3,93,51.1,312,60.5,322,63.0,314,89.3,317,88.5,316,105.9,226,99.9,141,2002,0.12339365930703261,6,20,0.23076923076923078,26
317,Southern,SWAC,7-19,-21.56,93.9,292,115.5,322,72.5,30,-.003,174,-12.68,321,96.4,319,109.1,321,+2.67,97,,SWAC,72.5,30,93.9,292,47.9,211,20.8,120,32.8,205,26.8,323,115.5,322,53.3,305,22.2,117,40.4,324,38.9,188,72.5,30,77.1,8,93.9,292,97.0,236,115.5,322,109.0,309,2002,0.08463603403101691,7,19,0.2692307692307692,26
49,Southern Illinois,MVC,28-8,+13.45,109.2,73,95.7,33,70.6,71,+.034,86,+2.11,119,105.2,105,103.1,148,+3.16,86,11,MVC,70.6,71,109.2,73,51.3,79,19.4,47,36.2,86,41.6,67,95.7,33,45.4,24,21.6,152,32.4,96,42.1,256,70.6,71,70.5,133,109.2,73,107.1,53,95.7,33,95.5,49,2002,0.8201806368367662,28,8,0.7777777777777778,36
165,Southern Miss,CUSA,9-17,-0.45,97.7,252,98.1,71,64.3,287,-.052,278,+4.29,90,105.3,99,101.0,81,-2.51,224,,CUSA,64.3,287,97.7,252,44.5,306,22.8,239,32.8,203,37.9,159,98.1,71,48.8,154,22.4,106,33.9,152,39.4,202,64.3,287,66.9,258,97.7,252,92.1,300,98.1,71,99.0,107,2002,0.4882554640509495,9,17,0.34615384615384615,26
215,Southern Utah,MCon,9-16,-4.82,100.4,204,105.2,213,63.5,294,-.037,248,-0.29,170,103.5,161,103.8,186,+3.17,85,,MCon,63.5,294,100.4,204,51.6,70,24.0,282,30.4,270,31.3,298,105.2,213,50.6,229,25.5,13,38.7,305,44.5,282,63.5,294,64.5,305,100.4,204,98.1,213,105.2,213,103.5,223,2002,0.3688711675257818,9,16,0.36,25
114,Southwest Missouri St.,MVC,17-15,+4.15,107.2,100,103.0,164,65.1,272,-.064,293,-0.34,172,103.8,145,104.1,194,-1.81,210,,MVC,65.1,272,107.2,100,50.5,106,20.9,131,36.3,85,37.0,172,103.0,164,49.7,191,19.4,275,29.2,16,38.1,171,65.1,272,65.8,282,107.2,100,105.9,67,103.0,164,101.9,185,2002,0.6129248548127847,17,15,0.53125,32
230,Southwest Texas St.,Slnd,11-16,-6.26,100.2,208,106.5,234,70.5,76,-.038,252,-4.57,243,100.0,247,104.6,215,+4.67,64,,Slnd,70.5,76,100.2,208,50.9,92,24.6,295,32.3,222,45.0,26,106.5,234,51.1,245,23.3,61,35.3,215,48.4,306,70.5,76,73.5,48,100.2,208,99.5,189,106.5,234,101.9,183,2002,0.33153887717192715,11,16,0.4074074074074074,27
78,St. Bonaventure,A10,17-13,+8.59,116.1,13,107.5,249,71.5,53,-.030,235,+4.46,87,105.5,97,101.0,80,+5.85,43,,A10,71.5,53,116.1,13,51.3,82,16.1,2,31.6,239,36.5,192,107.5,249,57.7,327,25.4,15,38.4,300,31.0,47,71.5,53,71.4,99,116.1,13,111.9,10,107.5,249,108.4,304,2002,0.7078680190968826,17,13,0.5666666666666667,30
254,St. Francis NY,NEC,18-11,-8.96,100.4,205,109.4,278,73.6,16,+.031,93,-13.24,324,96.2,321,109.5,324,-7.89,307,,NEC,73.6,16,100.4,205,52.5,42,22.7,225,34.6,141,42.0,62,109.4,278,50.5,223,22.5,101,34.2,169,45.6,291,73.6,16,76.1,15,100.4,205,104.4,99,109.4,278,101.3,172,2002,0.2714536479294261,18,11,0.6206896551724138,29
305,St. Francis PA,NEC,6-21,-17.99,89.4,316,107.3,247,65.3,264,-.073,299,-9.16,297,99.4,263,108.6,316,+5.00,57,,NEC,65.3,264,89.4,316,45.4,293,22.9,240,32.2,226,36.7,180,107.3,247,51.7,266,22.2,118,32.7,108,27.7,13,65.3,264,67.9,229,89.4,316,92.5,295,107.3,247,102.5,198,2002,0.10920946002978998,6,21,0.2222222222222222,27
76,St. John's,BE,20-12,+9.06,102.7,170,93.6,24,69.1,125,+.089,11,+6.40,59,106.5,61,100.1,57,-0.79,181,9,BE,69.1,125,102.7,170,43.7,312,20.9,126,38.4,39,41.5,70,93.6,24,47.2,79,25.7,11,36.3,260,42.0,252,69.1,125,71.6,91,102.7,170,97.3,233,93.6,24,95.2,46,2002,0.7440240633051051,20,12,0.625,32
15,Stanford,P10,20-10,+20.32,116.6,10,96.3,41,69.5,106,-.020,205,+10.33,13,110.2,5,99.8,48,+2.11,107,8,P10,69.5,106,116.6,10,50.8,97,18.9,32,40.1,15,44.6,31,96.3,41,47.3,85,17.0,325,29.1,14,37.1,144,69.5,106,71.4,101,116.6,10,111.9,11,96.3,41,100.3,152,2002,0.9002253505349966,20,10,0.6666666666666666,30
261,Stephen F. Austin,Slnd,12-15,-9.40,93.9,293,103.3,170,63.1,303,+.015,125,-6.55,266,99.1,271,105.7,254,-3.11,237,,Slnd,63.1,303,93.9,293,46.8,256,23.8,273,35.6,112,38.4,143,103.3,170,48.1,117,22.2,115,31.6,66,42.0,250,63.1,303,66.0,278,93.9,293,94.0,281,103.3,170,97.7,81,2002,0.2502685782275828,12,15,0.4444444444444444,27
268,Stetson,ASun,9-16,-11.01,98.1,246,109.1,271,72.3,35,+.055,47,-3.42,229,102.9,185,106.3,277,+8.97,14,,ASun,72.3,35,98.1,246,46.4,270,22.3,206,37.9,51,34.1,246,109.1,271,54.7,318,23.8,46,37.8,292,35.3,110,72.3,35,73.2,53,98.1,246,97.5,228,109.1,271,107.6,293,2002,0.22755100808634748,9,16,0.36,25
312,Stony Brook,AE,6-22,-20.04,91.5,306,111.5,297,65.8,246,+.001,168,-7.78,283,97.8,294,105.6,252,-0.79,182,,AE,65.8,246,91.5,306,45.0,298,25.4,312,31.9,234,33.8,254,111.5,297,50.1,207,21.9,138,39.8,316,36.0,120,65.8,246,67.7,234,91.5,306,90.1,309,111.5,297,104.5,242,2002,0.09335135451956794,6,22,0.21428571428571427,28
56,Syracuse,BE,23-13,+12.61,106.1,114,93.5,22,69.4,114,-.005,178,+6.13,62,105.6,91,99.5,36,-1.37,199,,BE,69.4,114,106.1,114,49.5,139,21.2,153,36.5,79,29.5,313,93.5,22,45.8,36,25.7,10,38.0,295,39.5,204,69.4,114,70.9,122,106.1,114,101.5,149,93.5,22,94.2,29,2002,0.8105882508336517,23,13,0.6388888888888888,36
110,TCU,CUSA,14-15,+4.23,110.0,62,105.8,222,76.5,4,-.029,232,+2.85,106,104.6,116,101.8,105,-2.37,221,,CUSA,76.5,4,110.0,62,47.9,212,16.5,7,34.7,138,36.6,188,105.8,222,50.2,209,19.0,288,35.7,229,34.2,97,76.5,4,79.1,4,110.0,62,106.1,65,105.8,222,105.6,263,2002,0.610090639713941,14,15,0.4827586206896552,29
48,Temple,A10,19-15,+13.57,114.0,25,100.4,112,62.2,312,-.038,250,+8.04,37,107.5,41,99.5,39,+14.74,2,,A10,62.2,312,114.0,25,49.3,146,16.1,3,34.8,135,28.7,317,100.4,112,49.3,174,20.1,236,35.2,206,30.1,36,62.2,312,63.8,310,114.0,25,108.3,41,100.4,112,103.1,215,2002,0.8116728527920701,19,15,0.5588235294117647,34
54,Tennessee,SEC,15-16,+12.67,110.9,52,98.2,72,66.7,219,-.044,262,+12.03,5,108.6,18,96.6,1,+5.36,48,,SEC,66.7,219,110.9,52,50.6,102,23.0,250,36.4,81,36.3,195,98.2,72,48.2,121,18.9,291,33.9,151,32.2,67,66.7,219,68.7,203,110.9,52,102.5,131,98.2,72,102.0,187,2002,0.8019712930833851,15,16,0.4838709677419355,31
246,Tennessee Martin,OVC,11-14,-7.93,99.4,222,107.3,245,71.3,55,+.077,19,-2.87,218,102.7,191,105.5,248,+2.49,103,,OVC,71.3,55,99.4,222,46.8,257,19.5,49,32.8,208,40.5,91,107.3,245,51.5,255,24.0,41,38.6,303,43.7,276,71.3,55,73.7,43,99.4,222,99.0,197,107.3,245,105.2,255,2002,0.2932855133395763,11,14,0.44,25
236,Tennessee St.,OVC,9-17,-6.77,103.2,156,110.0,286,72.7,24,-.034,242,-2.01,201,103.4,163,105.4,245,+4.11,74,,OVC,72.7,24,103.2,156,52.4,47,22.2,201,30.8,263,32.4,278,110.0,286,55.4,321,24.6,30,38.9,309,51.8,316,72.7,24,75.3,20,103.2,156,102.5,133,110.0,286,108.3,303,2002,0.32435429842214053,9,17,0.34615384615384615,26
72,Tennessee Tech,OVC,24-7,+9.44,109.9,65,100.4,109,67.2,204,+.003,162,-2.73,216,103.4,164,106.1,270,+3.00,89,,OVC,67.2,204,109.9,65,54.1,14,22.7,230,39.0,32,43.8,40,100.4,109,49.2,167,21.6,155,32.3,92,27.7,12,67.2,204,69.3,181,109.9,65,110.6,19,100.4,109,99.4,125,2002,0.7387920246348236,24,7,0.7741935483870968,31
27,Texas,B12,22-12,+17.69,116.0,15,98.3,74,68.5,150,-.021,208,+10.18,15,109.1,14,98.9,23,+5.30,50,6,B12,68.5,150,116.0,15,50.0,120,19.2,42,41.0,7,38.8,137,98.3,74,49.8,192,20.2,231,34.2,165,34.8,103,68.5,150,70.3,141,116.0,15,109.6,26,98.3,74,102.3,195,2002,0.870344805603051,22,12,0.6470588235294118,34
213,Texas A&M,B12,8-22,-4.73,97.4,256,102.2,145,68.2,163,+.011,138,+7.72,45,108.3,26,100.6,70,-0.61,174,,B12,68.2,163,97.4,256,45.6,289,24.4,293,33.8,167,32.2,286,102.2,145,50.9,240,19.1,283,31.2,54,40.5,226,68.2,163,70.1,152,97.4,256,91.4,304,102.2,145,105.7,268,2002,0.365119319898245,8,22,0.26666666666666666,30
248,Texas A&M Corpus Chris,ind,10-15,-8.08,101.3,193,109.3,277,73.5,18,-.009,188,-4.99,249,99.8,252,104.8,223,-0.85,183,,ind,73.5,18,101.3,193,47.2,243,22.0,187,35.9,93,43.2,47,109.3,277,54.1,314,23.4,60,32.6,105,40.3,220,73.5,18,75.5,19,101.3,193,99.8,184,109.3,277,103.8,231,2002,0.2943988165022598,10,15,0.4,25
167,Texas Pan American,ind,16-10,-0.62,101.1,197,101.7,137,71.7,48,+.051,57,-3.70,232,102.4,197,106.1,269,-1.05,194,,ind,71.7,48,101.1,197,52.5,45,23.6,264,32.6,212,41.5,71,101.7,137,50.8,232,23.6,51,32.2,85,39.5,203,71.7,48,73.9,36,101.1,197,101.6,148,101.7,137,98.6,97,2002,0.4829946774201638,16,10,0.6153846153846154,26
311,Texas Southern,SWAC,11-17,-19.56,94.6,285,114.1,315,67.8,177,+.079,16,-11.68,317,97.1,310,108.8,319,+6.24,38,,SWAC,67.8,177,94.6,285,46.7,262,24.1,284,33.9,165,36.7,181,114.1,315,53.1,298,19.8,253,35.8,235,33.0,78,67.8,177,72.3,78,94.6,285,95.5,255,114.1,315,107.8,295,2002,0.1038365789104643,11,17,0.39285714285714285,28
31,Texas Tech,B12,23-9,+17.24,114.6,21,97.4,59,69.8,96,+.061,36,+6.69,55,106.8,50,100.2,61,-0.13,159,6,B12,69.8,96,114.6,21,50.2,114,17.0,10,34.5,142,38.4,144,97.4,59,47.1,76,21.0,188,36.8,272,23.9,1,69.8,96,72.4,71,114.6,21,108.8,35,97.4,59,98.1,90,2002,0.8664754391768702,23,9,0.71875,32
151,The Citadel,SC,13-12,+0.66,105.3,127,104.6,203,67.0,208,-.027,224,-2.03,202,100.6,238,102.6,132,-6.40,294,,SC,67.0,208,105.3,127,47.3,237,21.3,157,35.7,111,42.8,50,104.6,203,47.9,104,20.6,216,32.6,103,51.7,315,67.0,208,69.5,178,105.3,127,102.2,140,104.6,203,100.1,145,2002,0.5191664729705535,13,12,0.52,25
153,Toledo,MAC,16-14,+0.40,99.1,229,98.7,80,66.2,233,+.068,26,+1.51,127,106.3,67,104.8,222,+5.12,52,,MAC,66.2,233,99.1,229,49.7,129,24.7,301,35.0,128,40.6,87,98.7,80,48.6,140,22.8,79,34.2,170,43.1,270,66.2,233,67.5,241,99.1,229,98.2,211,98.7,80,100.2,149,2002,0.5116258270207925,16,14,0.5333333333333333,30
275,Towson,CAA,11-18,-12.90,90.4,311,103.3,172,66.7,218,+.113,4,-2.35,209,100.8,234,103.2,154,-6.00,288,,CAA,66.7,218,90.4,311,45.8,284,26.7,323,31.6,240,34.1,243,103.3,172,47.9,106,20.8,201,36.2,256,29.6,27,66.7,218,67.9,227,90.4,311,86.2,320,103.3,172,100.6,157,2002,0.17740616348642457,11,18,0.3793103448275862,29
157,Troy St.,ASun,18-10,+0.15,104.2,143,104.1,188,69.1,133,+.044,66,-4.96,248,102.4,200,107.3,299,+1.39,128,,ASun,69.1,133,104.2,143,52.3,50,18.6,28,30.2,278,30.0,310,104.1,188,51.9,271,24.8,28,36.0,243,32.1,65,69.1,133,69.9,162,104.2,143,105.8,71,104.1,188,101.7,180,2002,0.5027604138368448,18,10,0.6428571428571429,28
129,Tulane,CUSA,13-15,+3.07,104.8,134,101.7,134,69.2,120,+.041,72,+6.18,61,105.7,86,99.5,37,+2.96,91,,CUSA,69.2,120,104.8,134,49.0,163,22.8,233,35.7,109,32.0,288,101.7,134,50.9,237,21.9,141,35.8,233,32.9,75,69.2,120,71.6,93,104.8,134,98.8,198,101.7,134,102.8,207,2002,0.5854784448876179,13,15,0.4642857142857143,28
41,Tulsa,WAC,26-7,+15.59,116.0,16,100.4,107,69.5,110,+.001,169,+2.03,122,103.7,151,101.7,100,-1.44,202,12,WAC,69.5,110,116.0,16,54.0,15,18.1,19,32.5,218,36.3,200,100.4,107,48.1,118,21.1,183,31.8,73,33.0,79,69.5,110,70.9,117,116.0,16,112.5,7,100.4,107,98.0,85,2002,0.8403617068456333,26,7,0.7878787878787878,33
95,UAB,CUSA,13-17,+6.18,102.5,171,96.4,43,67.7,185,-.143,327,+2.74,110,104.5,119,101.8,104,-2.90,234,,CUSA,67.7,185,102.5,171,47.7,219,20.8,121,33.6,171,35.4,221,96.4,43,47.6,96,22.7,92,32.9,110,39.3,200,67.7,185,70.2,146,102.5,171,99.4,193,96.4,43,95.4,48,2002,0.6694283841581895,13,17,0.43333333333333335,30
91,UC Irvine,BW,20-11,+6.47,108.0,86,101.5,133,64.9,276,+.015,131,-0.11,161,103.0,181,103.1,152,+1.85,114,,BW,64.9,276,108.0,86,52.6,37,21.8,183,34.2,156,42.2,57,101.5,133,47.6,95,19.9,246,29.7,24,37.9,163,64.9,276,64.9,296,108.0,86,105.6,76,101.5,133,99.1,115,2002,0.6712475432503479,20,11,0.6451612903225806,31
253,UC Riverside,BW,7-18,-8.86,99.0,232,107.9,254,67.3,197,-.020,204,+0.70,143,103.3,165,102.6,129,+4.39,69,,BW,67.3,197,99.0,232,48.2,194,23.9,279,33.2,192,35.0,229,107.9,254,49.5,182,19.0,290,35.5,223,39.9,212,67.3,197,67.5,239,99.0,232,95.4,259,107.9,254,105.5,262,2002,0.270916471577982,7,18,0.28,25
77,UC Santa Barbara,BW,19-11,+8.87,108.2,81,99.3,90,63.4,296,-.058,284,+0.45,146,103.1,175,102.6,134,+3.37,82,14,BW,63.4,296,108.2,81,51.6,68,21.2,151,32.1,229,41.1,79,99.3,90,45.1,21,18.5,303,29.6,23,39.2,198,63.4,296,63.4,312,108.2,81,105.7,73,99.3,90,97.1,73,2002,0.7285170411347909,19,11,0.6333333333333333,30
149,UCF,ASun,16-12,+0.98,104.4,139,103.4,174,69.7,99,-.080,305,-5.92,256,101.7,220,107.6,303,-2.67,228,,ASun,69.7,99,104.4,139,53.0,31,21.3,160,33.7,170,34.3,240,103.4,174,48.1,115,21.6,156,35.6,228,37.5,154,69.7,99,70.6,127,104.4,139,107.1,52,103.4,174,99.9,140,2002,0.5276428356959445,16,12,0.5714285714285714,28
35,UCLA,P10,21-12,+16.34,113.7,27,97.3,58,68.1,167,+.048,62,+12.00,6,110.1,7,98.1,10,+8.58,20,8,P10,68.1,167,113.7,27,53.0,28,21.4,163,36.0,88,33.9,250,97.3,58,49.6,188,19.4,272,33.3,120,28.2,16,68.1,167,69.8,168,113.7,27,106.5,62,97.3,58,102.7,205,2002,0.857085451260041,21,12,0.6363636363636364,33
243,UMBC,NEC,20-9,-7.37,96.1,276,103.4,175,70.6,68,+.062,33,-12.91,323,96.2,322,109.1,320,-5.93,287,,NEC,70.6,68,96.1,276,47.6,222,20.4,96,34.3,151,41.2,76,103.4,175,47.1,77,23.5,56,34.8,195,37.6,158,70.6,68,72.4,74,96.1,276,99.6,188,103.4,175,94.9,39,2002,0.30111795175766665,20,9,0.6896551724137931,29
163,UMKC,MCon,17-11,-0.33,101.2,194,101.5,132,60.7,320,+.040,77,-4.31,241,102.6,193,106.9,290,-7.22,303,,MCon,60.7,320,101.2,194,46.2,273,17.2,13,32.8,209,29.8,312,101.5,132,48.1,116,23.6,54,36.1,253,35.6,117,60.7,320,61.9,321,101.2,194,102.5,135,101.5,132,99.5,129,2002,0.49149070198432293,17,11,0.6071428571428571,28
263,UNC Asheville,BSth,12-14,-9.70,98.9,233,108.6,265,68.5,151,+.051,55,-7.14,279,98.4,281,105.6,249,+4.52,67,,BSth,68.5,151,98.9,233,49.3,145,23.7,272,31.6,241,43.9,39,108.6,265,48.4,136,21.5,162,38.8,307,36.2,123,68.5,151,71.5,96,98.9,233,96.9,238,108.6,265,102.6,200,2002,0.2542703731298354,12,14,0.46153846153846156,26
111,UNC Greensboro,SC,20-11,+4.21,103.1,160,98.8,84,68.6,147,+.054,49,-1.66,195,101.5,223,103.2,155,-3.80,253,,SC,68.6,147,103.1,160,50.3,112,22.6,219,31.1,254,41.2,78,98.8,84,47.0,71,22.7,89,34.0,155,33.0,81,68.6,147,71.6,94,103.1,160,100.5,171,98.8,84,95.7,53,2002,0.6200877139124944,20,11,0.6451612903225806,31
65,UNC Wilmington,CAA,23-10,+11.32,107.4,98,96.1,37,63.9,292,-.003,173,+0.83,141,103.2,169,102.4,119,+4.56,65,13,CAA,63.9,292,107.4,98,49.6,135,18.8,30,33.2,190,36.3,196,96.1,37,46.3,52,24.0,40,34.5,177,36.4,132,63.9,292,64.6,302,107.4,98,104.3,104,96.1,37,94.4,32,2002,0.7821883653877411,23,10,0.696969696969697,33
81,UNLV,MWC,21-11,+8.26,109.7,68,101.5,131,72.4,31,+.068,27,+4.23,92,105.5,95,101.3,87,-1.04,191,,MWC,72.4,31,109.7,68,50.8,96,19.3,43,30.7,266,44.1,37,101.5,131,51.9,269,23.7,50,35.8,236,38.3,175,72.4,31,72.4,76,109.7,68,105.7,74,101.5,131,101.9,184,2002,0.7095998749472436,21,11,0.65625,32
12,USC,P10,22-10,+20.67,112.8,36,92.1,14,70.1,88,-.051,275,+9.30,21,109.2,10,99.9,51,+1.89,113,4,P10,70.1,88,112.8,36,48.9,166,16.8,9,36.4,82,33.3,265,92.1,14,48.5,139,23.7,47,32.5,98,39.1,191,70.1,88,71.7,88,112.8,36,107.3,48,92.1,14,95.9,55,2002,0.9114545743106787,22,10,0.6875,32
250,UT Arlington,Slnd,11-15,-8.37,102.2,179,110.6,292,72.1,39,+.007,152,-4.92,246,99.5,260,104.4,208,+3.64,78,,Slnd,72.1,39,102.2,179,48.5,189,20.8,118,35.8,99,43.5,44,110.6,292,52.1,276,21.9,139,33.0,112,45.1,288,72.1,39,73.9,39,102.2,179,100.9,156,110.6,292,105.3,257,2002,0.2873341710102008,11,15,0.4230769230769231,26
189,UTEP,WAC,9-22,-2.36,101.3,191,103.7,181,67.7,186,-.087,308,+2.72,111,105.2,106,102.4,123,+1.06,134,,WAC,67.7,186,101.3,191,48.6,181,22.4,212,29.5,286,42.7,52,103.7,181,49.1,163,20.5,223,34.5,179,46.1,296,67.7,186,69.7,173,101.3,191,97.7,227,103.7,181,103.6,226,2002,0.4330837162391547,9,22,0.2903225806451613,31
160,UTSA,Slnd,19-10,-0.18,103.0,161,103.2,166,72.2,36,+.001,171,-6.45,265,98.9,275,105.3,242,-0.45,170,,Slnd,72.2,36,103.0,161,47.4,231,19.8,63,37.2,69,50.7,3,103.2,166,47.9,111,21.6,154,30.9,48,38.7,184,72.2,36,73.9,38,103.0,161,103.2,120,103.2,166,96.9,67,2002,0.49442311993247196,19,10,0.6551724137931034,29
45,Utah,MWC,19-9,+14.08,111.4,44,97.3,57,62.1,314,+.010,140,+5.38,73,106.2,74,100.8,75,+1.57,123,12,MWC,62.1,314,111.4,44,54.5,10,21.0,137,29.5,287,42.0,63,97.3,57,48.8,152,20.8,199,28.5,10,41.2,238,62.1,314,62.5,317,111.4,44,107.2,49,97.3,57,98.4,95,2002,0.8258183178599918,19,9,0.6785714285714286,28
75,Utah St.,BW,22-8,+9.17,106.3,111,97.2,56,63.3,301,-.025,215,-2.19,207,102.3,203,104.5,213,-1.62,207,,BW,63.3,301,106.3,111,50.9,91,22.0,189,37.5,59,37.1,171,97.2,56,44.8,13,20.2,230,30.2,30,27.1,9,63.3,301,62.3,319,106.3,111,105.5,79,97.2,56,94.0,27,2002,0.7367583647664006,22,8,0.7333333333333333,30
122,VCU,CAA,21-11,+3.53,102.9,166,99.3,88,70.9,62,+.010,143,-2.17,205,100.3,243,102.5,125,-2.09,218,,CAA,70.9,62,102.9,166,48.5,187,20.9,132,31.8,235,38.8,136,99.3,88,41.9,2,19.1,284,36.1,248,35.3,108,70.9,62,72.3,79,102.9,166,99.7,187,99.3,88,94.5,34,2002,0.6009772927183717,21,11,0.65625,32
241,VMI,SC,7-18,-7.23,99.3,226,106.5,235,77.7,2,+.015,127,+2.14,117,103.7,148,101.6,94,+8.62,19,,SC,77.7,2,99.3,226,47.2,240,23.4,256,33.3,187,30.6,304,106.5,235,52.8,288,24.5,32,39.9,317,43.0,269,77.7,2,79.7,3,99.3,226,94.6,272,106.5,235,106.1,274,2002,0.3089584261384467,7,18,0.28,25
47,Valparaiso,MCon,24-8,+13.63,111.5,42,97.8,65,68.7,144,-.032,239,-1.66,196,102.9,183,104.6,216,+2.05,110,13,MCon,68.7,144,111.5,42,51.6,67,19.1,40,36.0,89,38.2,150,97.8,65,48.0,112,24.2,35,34.3,174,32.5,71,68.7,144,70.0,159,111.5,42,110.0,22,97.8,65,94.7,36,2002,0.8187126994640574,24,8,0.75,32
85,Vanderbilt,SEC,17-15,+7.14,107.6,93,100.5,114,69.1,132,+.060,37,+8.44,30,107.2,45,98.8,20,-3.40,247,,SEC,69.1,132,107.6,93,52.3,49,22.6,223,29.8,282,32.7,275,100.5,114,50.8,233,22.3,114,34.3,172,39.7,206,69.1,132,70.6,129,107.6,93,101.2,153,100.5,114,102.7,203,2002,0.6867617997619703,17,15,0.53125,32
190,Vermont,AE,21-8,-2.41,105.8,117,108.2,259,68.1,166,+.026,103,-12.20,319,95.9,323,108.1,311,-7.01,299,,AE,68.1,166,105.8,117,49.8,124,20.1,86,40.6,8,32.7,274,108.2,259,50.4,219,22.4,109,31.4,61,27.6,11,68.1,166,68.3,216,105.8,117,108.8,34,108.2,259,98.7,100,2002,0.43586654461621543,21,8,0.7241379310344828,29
52,Villanova,BE,19-13,+13.14,106.7,108,93.5,23,67.3,201,-.055,281,+6.67,56,106.5,60,99.8,47,-4.50,266,,BE,67.3,201,106.7,108,51.7,65,26.2,318,37.5,60,40.4,99,93.5,23,45.2,22,20.5,222,32.8,109,32.0,62,67.3,201,68.4,213,106.7,108,102.0,144,93.5,23,95.5,50,2002,0.8203450242784909,19,13,0.59375,32
53,Virginia,ACC,17-12,+12.92,112.0,40,99.1,87,69.4,113,-.017,197,+7.99,39,107.9,37,99.9,49,-3.62,251,,ACC,69.4,113,112.0,40,50.8,95,21.2,147,38.7,35,39.9,107,99.1,87,49.4,179,21.4,167,33.2,118,34.2,96,69.4,113,74.0,31,112.0,40,107.0,56,99.1,87,100.9,166,2002,0.8033315883315697,17,12,0.5862068965517241,29
142,Virginia Tech,BE,10-18,+2.10,104.3,142,102.2,146,67.3,202,-.098,315,+4.00,94,104.1,138,100.1,56,-5.08,275,,BE,67.3,202,104.3,142,48.6,183,27.2,325,42.5,2,35.3,224,102.2,146,47.4,87,19.9,245,34.0,156,40.1,216,67.3,202,70.2,151,104.3,142,98.5,204,102.2,146,100.8,162,2002,0.5582114276618593,10,18,0.35714285714285715,28
199,Wagner,NEC,19-10,-3.17,103.1,158,106.2,229,73.3,20,+.017,119,-10.18,305,97.7,297,107.9,305,+0.11,156,,NEC,73.3,20,103.1,158,52.2,54,20.3,91,32.1,227,31.8,293,106.2,229,49.9,200,23.5,57,34.7,190,36.3,128,73.3,20,76.5,12,103.1,158,105.5,80,106.2,229,99.1,111,2002,0.4156432730403554,19,10,0.6551724137931034,29
30,Wake Forest,ACC,21-13,+17.35,118.6,6,101.3,126,69.5,108,+.006,156,+11.24,9,109.1,12,97.9,7,+5.85,44,7,ACC,69.5,108,118.6,6,53.5,21,19.9,66,36.7,76,35.4,219,101.3,126,50.1,206,19.5,268,34.1,161,33.4,87,69.5,108,73.1,59,118.6,6,111.2,14,101.3,126,104.7,247,2002,0.8597488859755924,21,13,0.6176470588235294,34
99,Washington,P10,10-18,+5.44,105.3,128,99.8,97,71.3,56,+.010,141,+12.07,4,110.8,3,98.7,18,+7.59,25,,P10,71.3,56,105.3,128,48.9,168,23.7,269,34.9,132,39.7,117,99.8,97,49.1,165,18.9,292,37.2,277,40.9,233,71.3,56,73.1,55,105.3,128,97.8,223,99.8,97,105.6,264,2002,0.649517775213777,10,18,0.35714285714285715,28
216,Washington St.,P10,6-21,-4.94,104.3,141,109.3,275,69.8,95,-.088,310,+9.36,20,108.6,19,99.3,34,-7.27,304,,P10,69.8,95,104.3,141,47.1,247,21.4,167,33.2,193,38.7,138,109.3,275,55.3,320,20.0,240,33.7,147,36.4,130,69.8,95,72.1,82,104.3,141,97.3,232,109.3,275,111.8,320,2002,0.3685394096184759,6,21,0.2222222222222222,27
144,Weber St.,BSky,16-11,+1.76,106.1,113,104.4,195,68.1,164,-.011,192,-2.94,223,101.2,227,104.2,198,+2.81,93,,BSky,68.1,164,106.1,113,50.9,94,20.4,94,33.5,174,42.9,49,104.4,195,53.0,293,22.5,102,25.2,1,42.0,251,68.1,164,68.7,198,106.1,113,105.0,88,104.4,195,100.4,154,2002,0.5463049988207127,16,11,0.5925925925925926,27
192,West Virginia,BE,7-20,-2.62,103.4,154,106.1,228,72.0,41,-.029,234,+7.12,50,106.2,69,99.1,28,-0.46,171,,BE,72.0,41,103.4,154,47.0,248,23.9,278,39.1,29,33.1,268,106.1,228,50.9,238,21.2,175,38.7,304,37.5,155,72.0,41,73.6,44,103.4,154,97.1,235,106.1,228,107.2,289,2002,0.4264288502041619,7,20,0.25925925925925924,27
232,Western Carolina,SC,8-16,-6.37,100.0,214,106.4,231,71.6,51,-.005,180,-1.51,193,102.2,205,103.7,184,-4.36,264,,SC,71.6,51,100.0,214,48.0,207,23.6,262,33.7,168,36.7,184,106.4,231,50.1,205,21.1,184,37.4,284,35.4,111,71.6,51,74.7,24,100.0,214,98.0,215,106.4,231,104.2,236,2002,0.32884645624176184,8,16,0.3333333333333333,24
260,Western Illinois,MCon,10-16,-9.31,102.5,174,111.8,302,68.7,146,+.015,128,-4.25,239,101.7,219,106.0,264,-8.54,311,,MCon,68.7,146,102.5,174,48.8,175,20.5,100,33.4,178,35.7,209,111.8,302,51.6,264,19.7,259,33.5,139,41.6,245,68.7,146,69.9,165,102.5,174,102.2,139,111.8,302,108.7,307,2002,0.26918513958412965,10,16,0.38461538461538464,26
44,Western Kentucky,SB,26-4,+14.51,110.5,55,96.0,36,67.5,192,+.060,40,+0.23,150,103.1,177,102.8,138,+0.29,153,9,SB,67.5,192,110.5,55,53.6,19,20.8,119,36.3,83,34.8,233,96.0,36,47.2,81,22.6,95,29.8,26,35.5,113,67.5,192,69.1,188,110.5,55,108.7,38,96.0,36,93.4,18,2002,0.8344741360655998,26,4,0.8666666666666667,30
130,Western Michigan,MAC,17-13,+3.00,107.6,96,104.6,202,66.9,211,+.030,95,-0.17,163,104.4,127,104.5,214,+1.10,132,,MAC,66.9,211,107.6,96,49.4,142,19.1,39,35.7,103,33.8,253,104.6,202,53.0,291,23.2,67,33.4,135,45.7,292,66.9,211,68.2,225,107.6,96,105.5,78,104.6,202,103.7,227,2002,0.5805877448969532,17,13,0.5666666666666667,30
152,Wichita St.,MVC,15-15,+0.61,107.8,89,107.2,242,66.9,209,-.007,183,-0.19,165,103.6,157,103.8,187,-1.21,195,,MVC,66.9,209,107.8,89,51.7,66,22.8,234,37.2,70,46.4,12,107.2,242,51.5,254,20.6,214,32.9,111,39.2,195,66.9,209,67.6,235,107.8,89,106.0,66,107.2,242,105.6,265,2002,0.5160410464108274,15,15,0.5,30
222,William & Mary,CAA,9-19,-5.62,96.6,268,102.2,148,65.4,260,-.029,233,+0.43,147,103.6,152,103.2,156,+4.54,66,,CAA,65.4,260,96.6,268,44.5,307,21.4,166,34.8,134,35.5,218,102.2,148,47.3,84,17.5,320,29.8,27,40.8,231,65.4,260,66.7,262,96.6,268,94.1,280,102.2,148,101.1,170,2002,0.3434271222299255,9,19,0.32142857142857145,28
219,Winthrop,BSth,17-12,-5.31,97.3,258,102.6,155,65.9,243,+.038,79,-10.73,311,97.0,313,107.7,304,-0.98,188,16,BSth,65.9,243,97.3,258,47.0,251,21.2,150,34.7,137,40.0,106,102.6,155,45.6,32,21.2,173,30.5,37,40.7,230,65.9,243,68.2,224,97.3,258,98.7,203,102.6,155,95.7,52,2002,0.3520710939568293,17,12,0.5862068965517241,29
50,Wisconsin,B10,18-13,+13.22,110.7,53,97.5,61,63.3,299,+.049,60,+10.57,12,108.9,16,98.3,14,+8.49,22,8,B10,63.3,299,110.7,53,49.8,127,19.8,65,31.0,259,39.0,132,97.5,61,51.5,253,21.1,182,30.5,35,30.5,42,63.3,299,64.0,309,110.7,53,103.0,123,97.5,61,101.5,175,2002,0.8115589512213516,18,13,0.5806451612903226,31
244,Wofford,SC,7-18,-7.70,94.1,290,101.8,138,67.3,200,+.015,130,+2.76,109,104.3,128,101.5,93,+8.52,21,,SC,67.3,200,94.1,290,41.9,320,18.2,22,28.6,300,30.3,307,101.8,138,47.9,105,20.8,206,35.3,212,38.5,179,67.3,200,69.7,172,94.1,290,89.5,313,101.8,138,101.5,176,2002,0.28812689908976563,7,18,0.28,25
134,Wright St.,Horz,17-11,+2.67,110.9,51,108.3,261,65.2,266,+.033,90,-2.09,203,102.4,199,104.5,210,-7.70,305,,Horz,65.2,266,110.9,51,55.6,6,19.9,68,28.4,303,45.2,25,108.3,261,51.5,257,19.6,263,34.7,189,30.1,34,65.2,266,66.2,275,110.9,51,109.6,25,108.3,261,105.4,259,2002,0.5677858190901393,17,11,0.6071428571428571,28
67,Wyoming,MWC,22-9,+11.01,107.8,91,96.7,50,69.0,136,+.032,92,+3.51,100,105.5,94,102.0,109,-5.47,282,11,MWC,69.0,136,107.8,91,49.6,136,20.4,97,35.8,102,48.6,4,96.7,50,46.4,55,18.7,294,26.7,2,37.6,159,69.0,136,69.5,177,107.8,91,104.9,91,96.7,50,97.2,74,2002,0.7772373544263274,22,9,0.7096774193548387,31
23,Xavier,A10,26-6,+18.60,111.2,48,92.6,17,67.0,206,+.051,54,+5.09,76,106.7,55,101.6,95,+5.37,47,7,A10,67.0,206,111.2,48,50.5,104,20.2,89,36.8,73,45.3,23,92.6,17,44.4,11,20.0,238,33.4,127,26.3,4,67.0,206,67.0,256,111.2,48,107.7,43,92.6,17,93.7,23,2002,0.8913857114624982,26,6,0.8125,32
148,Yale,Ivy,21-10,+1.09,102.9,163,101.8,139,73.1,21,+.040,76,-6.19,259,99.6,257,105.8,257,-10.05,322,,Ivy,73.1,21,102.9,163,48.9,169,21.0,133,35.0,125,41.9,64,101.8,139,47.8,103,21.2,178,27.2,4,40.1,215,73.1,21,72.4,77,102.9,163,103.1,122,101.8,139,96.3,61,2002,0.530859898809546,21,10,0.6774193548387096,31
286,Youngstown St.,Horz,4-23,-14.67,95.7,279,110.3,288,67.5,189,-.003,175,+0.89,138,104.5,120,103.6,178,-2.58,227,,Horz,67.5,189,95.7,279,43.9,311,21.1,141,30.2,275,37.8,162,110.3,288,55.4,322,20.6,215,36.0,247,40.0,214,67.5,189,67.9,231,95.7,279,93.3,287,110.3,288,110.7,312,2002,0.16344240300788684,4,23,0.14814814814814814,27
