rk,TEAM,CONF,RECORD,KADJ EM,adjo,adjo.rank,adjd,adjd.rank,adjt,adjt.rank,luck,luck.rank,sos-adjem,sos-adjem.rank,sos-oppo,sos-oppo.rank,sos-oppd,sos-oppd.rank,ncsos-adjem,ncsos-adjem.rank,seed,conference,KADJ T,adjtempo.rank,KADJ O,adjoe.rank,off-efg%,off-efg%.rank,off-to%,off-to%.rank,off-or%,off-or%.rank,off-ftrate,off-ftrate.rank,KADJ D,adjde.rank,def-efg%,def-efg%.rank,def-to%,def-to%.rank,def-or%,def-or%.rank,def-ftrate,def-ftrate.rank,tempo-adj,tempo-adj.rank,tempo-raw,tempo-raw.rank,off. efficiency-adj,off. efficiency-adj.rank,off. efficiency-raw,off. efficiency-raw.rank,def. efficiency-adj,def. efficiency-adj.rank,def. efficiency-raw,def. efficiency-raw.rank,avghgt,avghgt.rank,effhgt,effhgt.rank,c-hgt,c-hgt.rank,pf-hgt,pf-hgt.rank,sf-hgt,sf-hgt.rank,sg-hgt,sg-hgt.rank,pg-hgt,pg-hgt.rank,EXP,experience.rank,bench,bench.rank,CONTINUITY,continuity.rank,YEAR,BARTHAG,W,L,WIN%,GAMES
156,Air Force,MWC,16-14,+1.18,100.9,210,99.7,90,56.3,338,-.007,191,+0.17,150,102.8,198,102.6,135,-10.09,334,,MWC,56.3,338,100.9,210,52.1,80,21.1,186,17.4,340,45.5,16,99.7,90,48.6,110,22.2,97,28.6,74,35.4,146,56.3,338,58.1,338,100.9,210,98.1,232,99.7,90,97.6,66,77.1,86,-0.5,204,-0.5,218,-0.1,194,+0.6,115,+1.3,46,+1.7,33,1.02,281,19.4,336,28.2,316,2008,0.5343430587845854,16,14,0.5333333333333333,30
76,Akron,MAC,24-11,+10.48,110.9,56,100.4,101,62.8,269,-.009,193,+0.39,148,103.0,188,102.6,131,-4.22,275,6,MAC,62.8,269,110.9,56,51.9,91,19.5,84,32.0,135,39.2,93,100.4,101,49.9,168,24.8,14,33.3,259,36.9,177,62.8,269,64.5,269,110.9,56,108.9,48,100.4,101,98.4,75,76.2,211,-0.4,196,-0.9,265,+0.5,115,-0.4,202,-0.7,241,+0.5,167,1.97,45,33.5,100,68.8,47,2008,0.7583888991921343,24,11,0.6857142857142857,35
86,Alabama,SEC,17-16,+9.20,110.9,55,101.7,130,66.7,114,-.055,296,+5.70,75,107.2,58,101.5,91,-2.55,228,,SEC,66.7,114,110.9,55,51.4,111,18.4,42,36.0,29,33.5,250,101.7,130,50.2,182,20.1,205,29.9,122,33.9,118,66.7,114,69.1,98,110.9,55,107.6,65,101.7,130,104.2,221,77.1,91,+0.2,153,-0.1,176,+0.4,131,+2.1,18,+1.9,27,+0.8,98,1.59,134,31.4,158,71.2,37,2008,0.7302553112406103,17,16,0.5151515151515151,33
318,Alabama A&M,SWAC,14-15,-16.72,89.4,331,106.2,215,68.2,72,+.012,143,-14.24,341,94.6,341,108.9,335,+4.87,46,,SWAC,68.2,72,89.4,331,43.4,335,22.0,235,30.6,188,39.1,95,106.2,215,47.4,61,25.3,9,34.2,278,40.5,252,68.2,72,70.7,55,89.4,331,90.8,324,106.2,215,96.1,45,76.6,135,-0.6,210,+0.7,87,-1.3,296,+0.1,165,+1.6,34,+1.1,91,1.39,194,33.3,104,59.8,89,2008,0.12128266164198602,14,15,0.4827586206896552,29
206,Alabama St.,SWAC,20-11,-4.55,102.0,193,106.5,222,64.3,200,-.034,257,-13.98,340,94.8,339,108.8,332,+5.71,35,8,SWAC,64.3,200,102.0,193,50.8,132,18.4,38,32.9,108,32.5,263,106.5,222,46.2,29,17.6,318,29.0,88,38.4,205,64.3,200,66.5,187,102.0,193,105.8,98,106.5,222,97.6,65,77.4,45,+1.0,102,+0.5,115,+0.5,110,+1.4,47,+1.0,82,+0.3,173,1.45,174,35.7,64,38.0,277,2008,0.3783682432789785,20,11,0.6451612903225806,31
176,Albany,AE,15-15,-1.82,103.1,181,104.9,196,63.4,245,-.063,310,-5.85,279,100.2,287,106.1,261,-2.33,221,,AE,63.4,245,103.1,181,49.0,201,21.4,201,34.6,58,36.1,188,104.9,196,49.4,145,18.8,283,23.6,2,41.0,263,63.4,245,65.2,240,103.1,181,103.5,139,104.9,196,100.2,123,76.9,107,+2.0,58,+0.3,123,+1.7,23,+1.5,42,+0.3,122,-1.2,235,2.03,36,32.1,140,58.5,104,2008,0.45040278079486995,15,15,0.5,30
339,Alcorn St.,SWAC,7-24,-24.83,93.5,311,118.3,341,67.8,84,+.018,125,-11.56,334,96.2,334,107.7,316,+1.39,113,,SWAC,67.8,84,93.5,311,46.8,281,23.3,291,29.5,231,36.2,185,118.3,341,54.9,326,19.7,236,32.4,227,46.4,323,67.8,84,70.8,52,93.5,311,94.2,290,118.3,341,110.0,321,76.6,141,-1.3,250,-0.8,260,-0.5,229,-0.5,209,+1.3,71,+1.1,92,1.08,270,37.5,39,44.0,226,2008,0.06264860322740846,7,24,0.22580645161290322,31
150,American,Pat,21-12,+1.67,107.9,102,106.3,218,60.4,319,+.045,66,-4.23,240,99.9,295,104.1,173,-2.17,216,15,Pat,60.4,319,107.9,102,52.4,65,21.7,217,30.4,195,41.4,46,106.3,218,47.8,73,19.2,262,27.5,42,39.0,216,60.4,319,61.2,323,107.9,102,106.2,90,106.3,218,101.7,160,75.1,325,-0.5,202,+0.0,159,-0.5,226,+0.7,108,-2.7,336,-2.3,316,1.45,175,25.9,279,40.3,257,2008,0.5428459736546085,21,12,0.6363636363636364,33
141,Appalachian St.,SC,18-13,+2.41,105.8,137,103.4,167,65.3,159,+.003,160,-0.75,170,103.6,162,104.4,185,+1.15,118,,SC,65.3,159,105.8,137,54.5,18,21.7,221,29.7,221,36.0,195,103.4,167,47.8,74,18.2,304,32.0,204,31.1,65,65.3,159,67.3,163,105.8,137,105.0,111,103.4,167,102.0,172,76.2,206,+0.7,124,-0.3,192,+0.9,68,-0.2,194,-0.7,245,-1.3,253,1.40,187,35.1,70,53.2,156,2008,0.5655883449900259,18,13,0.5806451612903226,31
23,Arizona,P10,19-15,+19.14,116.4,12,97.3,63,63.5,239,-.079,326,+12.72,1,110.3,1,97.6,1,+8.75,12,10,P10,63.5,239,116.4,12,53.9,30,18.4,41,26.1,304,40.4,64,97.3,63,48.7,114,18.4,296,31.5,182,30.4,52,63.5,239,64.7,262,116.4,12,109.1,45,97.3,63,102.6,184,76.7,127,+1.2,94,+0.2,131,+0.9,83,+0.7,107,+1.3,54,-0.2,182,1.18,249,21.9,323,48.9,191,2008,0.8870730093818756,19,15,0.5588235294117647,34
49,Arizona St.,P10,21-13,+13.62,110.2,66,96.6,53,61.2,305,+.010,150,+6.79,56,107.4,54,100.6,64,-9.79,333,1,P10,61.2,305,110.2,66,53.7,34,19.6,88,27.1,283,40.1,73,96.6,53,48.4,99,21.4,146,31.1,168,32.1,83,61.2,305,61.0,325,110.2,66,107.6,64,96.6,53,99.5,105,76.6,140,-1.1,233,-0.0,163,-1.1,279,-0.3,198,+0.8,97,+1.7,47,1.16,255,26.4,270,48.6,195,2008,0.819765388492076,21,13,0.6176470588235294,34
40,Arkansas,SEC,23-12,+15.19,111.4,53,96.2,48,66.5,119,+.008,153,+7.19,52,108.4,25,101.2,82,-0.61,164,9,SEC,66.5,119,111.4,53,51.9,86,21.7,219,36.7,21,37.9,132,96.2,48,48.4,100,20.7,176,30.5,139,35.6,153,66.5,119,69.1,97,111.4,53,107.0,75,96.2,48,98.7,85,77.4,44,+4.6,4,+2.1,18,+2.5,2,+0.4,126,-0.7,239,+0.7,133,2.33,10,31.1,171,87.9,4,2008,0.8438327354811836,23,12,0.6571428571428571,35
193,Arkansas Little Rock,SB,20-11,-3.28,95.0,295,98.3,72,64.7,186,+.092,10,-5.46,267,101.0,263,106.5,281,-9.11,328,,SB,64.7,186,95.0,295,47.6,258,24.5,316,34.9,52,48.9,2,98.3,72,46.5,38,22.9,63,26.3,19,45.0,316,64.7,186,66.9,176,95.0,295,95.9,270,98.3,72,94.4,26,76.7,133,-0.5,207,-1.0,276,+0.4,125,+1.5,36,+0.8,95,+0.7,139,0.97,292,40.2,15,31.2,305,2008,0.40306941066291263,20,11,0.6451612903225806,31
329,Arkansas Pine Bluff,SWAC,13-18,-19.61,87.7,335,107.3,244,62.7,273,+.025,113,-13.22,338,95.3,338,108.5,331,+2.98,78,,SWAC,62.7,273,87.7,335,44.2,327,20.9,174,26.2,300,30.1,306,107.3,244,46.0,27,18.4,293,29.0,84,39.1,219,62.7,273,65.5,225,87.7,335,89.8,330,107.3,244,98.0,71,76.5,166,+0.1,161,-0.2,177,+0.2,145,-0.5,211,+0.6,111,-1.3,243,2.23,17,34.2,85,59.3,94,2008,0.0895104023786708,13,18,0.41935483870967744,31
270,Arkansas St.,SB,10-20,-10.29,104.9,146,115.2,335,64.1,207,-.022,220,-2.61,211,102.8,196,105.4,227,-2.60,232,,SB,64.1,207,104.9,146,51.3,114,20.6,159,29.5,228,31.8,279,115.2,335,56.9,337,21.6,137,35.6,307,39.9,239,64.1,207,65.6,221,104.9,146,104.3,126,115.2,335,113.4,340,75.8,260,-1.6,267,-1.5,314,-0.1,199,-0.5,207,-0.7,221,-0.3,219,0.93,298,34.0,88,47.7,201,2008,0.25405223581080655,10,20,0.3333333333333333,30
264,Army,Pat,14-16,-9.47,89.3,332,98.8,81,62.9,268,+.073,29,-6.08,283,100.6,275,106.7,289,-9.38,332,,Pat,62.9,268,89.3,332,48.0,244,23.5,301,24.9,315,30.0,308,98.8,81,48.8,118,26.6,5,31.3,175,43.3,302,62.9,268,64.6,265,89.3,332,90.5,326,98.8,81,95.2,32,74.8,331,-3.5,324,-1.6,315,-1.9,318,-1.5,308,-1.7,299,-1.3,262,1.39,190,28.7,230,59.6,91,2008,0.23819420294019678,14,16,0.4666666666666667,30
149,Auburn,SEC,14-16,+1.92,109.8,70,107.8,248,65.1,172,+.008,152,+3.75,98,105.7,95,101.9,102,-8.97,327,,SEC,65.1,172,109.8,70,52.5,62,20.1,118,30.6,189,31.5,285,107.8,248,55.8,334,22.2,100,31.8,194,28.1,28,65.1,172,67.5,158,109.8,70,105.8,96,107.8,248,108.1,295,76.6,142,-1.1,241,-0.5,230,-0.7,246,+0.1,149,+1.3,59,+1.7,49,2.42,7,18.7,338,72.7,28,2008,0.5526547982309823,14,16,0.4666666666666667,30
168,Austin Peay,OVC,24-11,-0.30,104.6,159,104.9,195,65.5,155,+.086,16,-6.35,291,102.5,204,108.8,333,+5.19,42,15,OVC,65.5,155,104.6,159,51.7,98,18.1,28,29.2,246,44.4,19,104.9,195,54.1,319,23.9,35,30.5,140,32.6,90,65.5,155,67.2,166,104.6,159,107.9,61,104.9,195,103.2,201,75.3,312,-4.2,331,-3.1,340,-1.1,286,+1.1,86,+0.6,110,-2.3,312,2.42,8,23.6,311,81.5,10,2008,0.4917668483881069,24,11,0.6857142857142857,35
35,BYU,MWC,27-8,+15.76,107.4,112,91.7,12,67.8,83,+.027,106,+1.47,129,104.2,139,102.7,139,-4.23,276,8,MWC,67.8,83,107.4,112,53.3,42,20.1,113,28.2,267,37.4,142,91.7,12,43.4,5,19.3,260,24.6,3,31.0,61,67.8,83,69.8,80,107.4,112,105.3,106,91.7,12,91.0,6,77.6,31,+1.9,64,+1.9,25,-0.0,167,+0.7,105,+0.3,136,+2.7,17,1.27,229,26.4,269,41.1,249,2008,0.8602580304624567,27,8,0.7714285714285715,35
234,Ball St.,MAC,6-24,-7.21,95.7,288,102.9,156,61.1,308,-.048,289,+1.36,132,104.1,142,102.7,140,+4.12,52,,MAC,61.1,308,95.7,288,44.1,329,19.2,67,28.0,272,35.6,202,102.9,156,52.0,261,22.2,101,29.7,113,33.6,112,61.1,308,61.9,315,95.7,288,92.5,308,102.9,156,102.5,180,73.8,341,-5.8,340,-3.7,341,-2.0,332,-2.9,338,-1.7,312,-2.3,306,1.37,204,29.0,221,28.0,317,2008,0.30275721596747945,6,24,0.2,30
41,Baylor,B12,21-11,+14.82,115.7,19,100.9,113,70.1,24,-.028,242,+7.58,46,106.9,64,99.3,25,-4.83,286,11,B12,70.1,24,115.7,19,51.9,89,17.0,14,30.2,201,35.9,198,100.9,113,48.3,96,19.1,269,30.6,143,39.5,229,70.1,24,71.0,48,115.7,19,110.1,33,100.9,113,102.3,177,76.3,189,+0.7,122,+1.6,32,-1.0,264,-2.1,329,-1.7,301,-1.3,259,2.23,16,32.8,118,81.3,11,2008,0.8283549591417766,21,11,0.65625,32
129,Belmont,ASun,25-9,+3.53,109.7,71,106.2,216,68.6,53,+.075,25,-5.21,262,100.9,265,106.1,268,+0.51,133,15,ASun,68.6,53,109.7,71,53.2,43,20.3,139,31.6,154,33.8,243,106.2,216,51.9,257,22.0,109,29.8,115,35.6,154,68.6,53,71.4,38,109.7,71,109.6,39,106.2,216,102.5,181,76.3,186,-1.4,258,-0.4,210,-1.1,284,-0.9,276,+0.3,169,+2.4,25,1.76,97,40.4,14,62.8,71,2008,0.5921572334028996,25,9,0.7352941176470589,34
324,Bethune Cookman,MEAC,11-21,-18.40,92.1,322,110.5,303,57.8,336,-.010,197,-12.00,336,95.8,336,107.8,321,-6.51,310,,MEAC,57.8,336,92.1,322,48.5,220,24.6,319,29.6,225,42.0,37,110.5,303,49.2,133,23.2,56,37.8,335,38.8,214,57.8,336,59.1,337,92.1,322,94.2,288,110.5,303,101.8,165,75.4,298,-4.4,334,-3.0,337,-1.4,303,-0.0,183,+0.3,160,-1.3,240,0.84,306,32.5,129,39.8,262,2008,0.10962115707147153,11,21,0.34375,32
224,Binghamton,AE,14-16,-5.89,100.0,224,105.9,211,62.3,283,-.018,212,-5.84,277,101.5,242,107.4,309,-3.08,246,,AE,62.3,283,100.0,224,48.6,216,20.8,169,32.4,123,31.3,288,105.9,211,50.4,195,22.0,111,33.8,270,40.0,242,62.3,283,64.5,270,100.0,224,101.9,167,105.9,211,102.7,188,75.5,296,-0.2,177,-0.1,173,-0.1,206,-1.3,293,-1.7,309,+0.7,151,1.52,153,29.4,212,55.6,131,2008,0.34091074525078047,14,16,0.4666666666666667,30
126,Boise St.,WAC,25-9,+3.89,108.7,84,104.8,191,70.7,19,+.085,17,-2.64,212,103.3,177,105.9,252,-3.36,256,14,WAC,70.7,19,108.7,84,57.1,3,20.8,170,29.4,233,39.7,82,104.8,191,50.3,193,19.4,250,28.4,67,33.6,110,70.7,19,72.2,26,108.7,84,109.4,43,104.8,191,103.2,200,76.8,115,+0.6,129,+0.1,139,+0.4,124,+2.1,22,-0.4,203,+0.7,151,1.71,107,24.2,304,52.8,159,2008,0.6035280576556286,25,9,0.7352941176470589,34
105,Boston College,ACC,14-17,+6.37,108.9,81,102.6,149,64.2,203,-.015,204,+7.87,42,107.9,42,100.0,51,-4.02,273,,ACC,64.2,203,108.9,81,50.9,127,22.0,236,33.4,87,39.7,83,102.6,149,49.6,154,17.7,317,34.4,290,28.8,37,64.2,203,68.2,126,108.9,81,103.3,146,102.6,149,105.3,255,77.5,40,+3.1,28,+2.1,19,+1.0,60,+1.1,73,-0.7,217,+1.7,61,1.30,220,32.9,115,50.0,183,2008,0.6649226055334346,14,17,0.45161290322580644,31
226,Boston University,AE,14-17,-6.08,97.2,263,103.3,163,63.1,257,+.010,149,-4.37,242,101.9,224,106.3,273,+0.53,132,,AE,63.1,257,97.2,263,47.2,269,21.2,189,30.1,210,32.7,260,103.3,163,50.2,184,22.3,93,30.5,142,42.0,280,63.1,257,64.6,266,97.2,263,97.3,247,103.3,163,100.5,128,76.3,188,-0.8,224,-0.3,203,-0.5,227,-0.9,244,+0.3,153,-0.3,187,1.16,253,31.1,167,57.7,113,2008,0.3318196234208686,14,17,0.45161290322580644,31
204,Bowling Green,MAC,13-17,-4.30,100.5,217,104.8,194,63.7,229,+.050,54,+0.84,143,103.9,152,103.1,147,-0.86,172,,MAC,63.7,229,100.5,217,48.7,213,22.7,271,31.7,151,35.0,217,104.8,194,46.7,41,18.4,292,34.7,299,38.0,199,63.7,229,64.9,258,100.5,217,97.3,244,104.8,194,103.8,210,77.0,93,-2.1,300,-0.3,196,-1.8,315,+0.1,165,+2.3,17,+2.5,23,0.88,303,27.1,258,42.1,240,2008,0.38182610699776026,13,17,0.43333333333333335,30
87,Bradley,MVC,21-17,+9.05,111.8,50,102.7,152,68.5,60,-.022,221,+5.32,80,105.6,98,100.3,56,+0.54,131,,MVC,68.5,60,111.8,50,52.3,72,20.2,119,29.5,232,36.4,176,102.7,152,51.0,218,21.2,154,33.1,254,37.8,192,68.5,60,68.5,115,111.8,50,106.5,85,102.7,152,103.4,204,75.8,253,-1.4,257,-0.4,211,-1.1,280,+1.1,86,-1.7,294,-1.3,277,1.57,140,28.0,247,42.6,236,2008,0.7263821052105717,21,17,0.5526315789473685,38
134,Brown,Ivy,19-10,+3.07,108.9,82,105.8,207,61.1,309,+.042,73,-4.49,245,102.1,218,106.6,283,+0.79,125,,Ivy,61.1,309,108.9,82,55.8,7,20.2,121,22.4,330,47.1,6,105.8,207,51.3,235,20.0,215,28.4,64,25.9,12,61.1,309,62.4,310,108.9,82,109.6,41,105.8,207,102.7,185,76.0,229,-1.8,275,-0.7,254,-1.1,283,-1.9,315,-0.7,222,+1.7,61,2.15,28,22.9,317,59.0,97,2008,0.5822737467463144,19,10,0.6551724137931034,29
241,Bucknell,Pat,12-19,-7.46,95.8,285,103.3,166,62.2,286,+.048,60,-2.53,209,101.8,230,104.3,183,-1.12,178,,Pat,62.2,286,95.8,285,49.3,186,24.5,315,28.0,273,36.9,160,103.3,166,48.1,85,21.3,149,32.0,208,40.6,253,62.2,286,63.8,289,95.8,285,94.8,280,103.3,166,100.3,124,75.8,242,+0.1,159,+1.5,41,-1.4,300,-1.4,300,-1.1,273,+0.7,151,1.24,234,38.3,32,47.2,204,2008,0.29591872704365824,12,19,0.3870967741935484,31
181,Buffalo,MAC,10-20,-2.46,100.6,216,103.1,159,71.2,15,-.104,337,+0.96,141,103.7,157,102.8,141,-2.09,212,,MAC,71.2,15,100.6,216,45.7,314,22.2,246,35.5,37,30.7,300,103.1,159,50.2,180,22.2,98,31.8,195,49.6,334,71.2,15,71.7,34,100.6,216,96.9,256,103.1,159,101.8,166,76.0,234,-0.2,183,+0.6,96,-0.9,259,-1.3,295,-0.7,242,+0.9,95,1.08,269,42.1,6,48.9,192,2008,0.4298919432888362,10,20,0.3333333333333333,30
20,Butler,Horz,30-4,+19.97,116.2,14,96.2,47,59.5,328,+.002,161,+2.79,110,104.3,133,101.5,90,+5.43,40,7,Horz,59.5,328,116.2,14,54.1,25,16.6,10,28.5,260,36.7,164,96.2,47,48.0,83,22.7,70,30.7,150,32.6,88,59.5,328,60.2,329,116.2,14,112.8,11,96.2,47,95.4,36,75.8,247,-1.5,266,-1.5,309,-0.1,207,-2.2,331,-0.7,250,+1.2,86,2.24,15,27.0,260,70.5,40,2008,0.8977214720600692,30,4,0.8823529411764706,34
267,Cal Poly,BW,12-18,-9.83,95.1,294,105.0,198,65.2,165,+.057,44,-1.16,180,103.4,172,104.5,195,+3.36,72,,BW,65.2,165,95.1,294,46.0,309,19.7,91,26.9,288,33.1,256,105.0,198,51.8,254,21.2,155,28.8,79,38.0,197,65.2,165,67.0,172,95.1,294,93.9,295,105.0,198,103.9,213,75.8,244,-0.4,191,-1.0,275,+0.6,105,-0.4,204,-0.7,214,-0.3,215,1.78,90,35.6,65,58.9,99,2008,0.24252956674079787,12,18,0.4,30
320,Cal St. Bakersfield,ind,8-21,-17.31,96.7,270,114.0,327,65.2,164,-.004,182,-5.85,278,101.2,258,107.0,299,-5.61,297,,ind,65.2,164,96.7,270,46.2,300,20.1,111,33.0,102,31.6,283,114.0,327,55.2,327,20.8,173,34.0,274,31.8,74,65.2,164,67.3,161,96.7,270,97.7,239,114.0,327,110.8,329,75.5,285,-1.9,283,-0.6,250,-1.3,295,-1.4,296,-0.6,212,-1.3,251,0.00,339,36.3,51,0.0,0,2008,0.13093373419114698,8,21,0.27586206896551724,29
88,Cal St. Fullerton,BW,24-9,+8.47,112.3,45,103.9,176,71.6,12,-.010,195,-3.95,236,101.5,243,105.5,230,-3.01,244,14,BW,71.6,12,112.3,45,54.2,22,18.4,39,32.2,131,32.3,266,103.9,176,52.7,283,23.4,49,29.0,86,32.9,94,71.6,12,72.5,22,112.3,45,112.5,15,103.9,176,100.3,126,74.0,337,-4.6,336,-3.0,338,-1.6,308,-4.2,341,-2.7,337,-2.8,319,1.99,44,31.9,143,60.9,82,2008,0.7097287618893856,24,9,0.7272727272727273,33
131,Cal St. Northridge,BW,20-10,+3.43,102.2,189,98.7,78,72.2,10,+.023,115,-3.53,233,102.5,205,106.0,259,-1.94,207,,BW,72.2,10,102.2,189,52.2,74,21.5,208,30.8,178,32.6,261,98.7,78,47.8,77,24.3,24,30.2,128,51.1,335,72.2,10,74.7,9,102.2,189,103.4,143,98.7,78,95.8,42,76.0,232,+0.8,114,+0.1,145,+0.7,99,-0.2,192,-1.7,302,-1.5,291,1.66,119,33.8,93,49.1,188,2008,0.5988648179599224,20,10,0.6666666666666666,30
67,California,P10,17-16,+11.51,115.8,18,104.3,184,67.8,82,-.013,200,+10.85,4,109.2,7,98.4,7,-2.47,226,4,P10,67.8,82,115.8,18,52.3,69,19.2,65,33.0,103,36.2,186,104.3,184,51.9,255,17.1,331,30.2,131,33.1,98,67.8,82,68.6,111,115.8,18,109.9,36,104.3,184,108.4,300,77.6,35,+2.9,29,+1.9,24,+1.0,65,+1.7,28,+0.3,123,-0.7,229,1.30,224,26.6,266,45.3,219,2008,0.7690263920212483,17,16,0.5151515151515151,33
288,Campbell,ASun,10-20,-12.69,96.1,280,108.8,269,68.5,61,-.051,293,-7.61,310,100.7,273,108.3,327,-8.83,324,,ASun,68.5,61,96.1,280,48.1,240,22.9,279,32.4,119,42.9,28,108.8,269,52.8,286,21.9,116,31.4,177,41.2,266,68.5,61,71.6,35,96.1,280,98.7,224,108.8,269,104.9,245,76.2,200,-2.2,303,-1.2,298,-1.1,289,-0.4,200,+1.3,71,+2.0,31,1.46,172,27.7,250,44.3,224,2008,0.1935036163474124,10,20,0.3333333333333333,30
305,Canisius,MAAC,6-25,-15.08,95.0,297,110.1,294,64.0,214,-.065,313,-1.98,193,103.2,180,105.1,217,-2.19,217,,MAAC,64.0,214,95.0,297,46.6,289,24.0,308,32.3,124,27.9,325,110.1,294,50.2,181,18.0,307,36.0,318,40.7,258,64.0,214,66.6,183,95.0,297,93.2,303,110.1,294,109.9,320,75.2,317,-1.7,269,-1.5,305,-0.2,214,+0.3,133,-1.9,318,-1.3,285,0.67,320,39.1,20,36.2,286,2008,0.15493737297655238,6,25,0.1935483870967742,31
273,Centenary,Sum,10-21,-10.57,99.9,229,110.5,302,67.4,94,+.014,133,-0.28,158,104.2,140,104.4,189,+1.53,106,,Sum,67.4,94,99.9,229,49.3,185,21.5,212,25.1,313,37.9,130,110.5,302,53.7,310,21.8,123,35.4,306,46.7,326,67.4,94,69.6,83,99.9,229,97.3,249,110.5,302,109.3,315,75.6,276,+1.5,78,+0.1,142,+1.4,36,-1.9,324,-0.7,243,-1.3,282,1.29,225,28.7,228,56.1,125,2008,0.23871687495769023,10,21,0.3225806451612903,31
279,Central Arkansas,Slnd,14-16,-11.66,94.2,306,105.8,210,65.1,175,+.028,102,-6.19,285,99.5,301,105.7,241,-6.95,313,,Slnd,65.1,175,94.2,306,43.5,332,21.8,224,31.8,148,41.1,50,105.8,210,48.1,87,20.2,203,30.8,156,39.2,222,65.1,175,68.1,131,94.2,306,93.0,306,105.8,210,100.0,116,75.5,288,-0.0,169,+0.5,102,-0.6,232,-1.9,319,-1.5,288,-0.3,214,0.93,297,26.5,268,46.1,213,2008,0.20825123978136156,14,16,0.4666666666666667,30
201,Central Connecticut,NEC,14-16,-3.96,104.3,163,108.3,257,62.5,278,-.070,319,-6.62,294,100.5,280,107.1,305,-3.13,250,,NEC,62.5,278,104.3,163,51.7,96,21.6,215,33.9,74,29.2,315,108.3,257,51.4,239,20.1,207,32.4,226,22.3,2,62.5,278,65.3,233,104.3,163,105.3,104,108.3,257,103.4,205,74.5,335,-5.2,338,-2.5,332,-2.7,338,-2.9,336,-1.7,313,+0.7,151,1.33,210,26.4,271,36.9,284,2008,0.3934606346981584,14,16,0.4666666666666667,30
178,Central Michigan,MAC,14-17,-2.06,103.1,180,105.2,201,67.9,79,+.082,20,+2.54,113,104.3,128,101.8,95,+7.64,25,,MAC,67.9,79,103.1,180,49.2,190,22.4,256,33.1,99,38.8,110,105.2,201,51.4,240,24.4,23,34.5,291,60.5,341,67.9,79,69.3,92,103.1,180,99.5,215,105.2,201,104.8,240,75.1,322,-1.4,253,-0.6,238,-0.8,255,-1.4,303,-2.7,332,-1.3,280,1.90,54,41.2,10,67.2,58,2008,0.4422871341368269,14,17,0.45161290322580644,31
316,Charleston Southern,BSth,10-20,-16.55,99.1,237,115.6,337,68.3,65,+.004,157,-4.82,254,102.1,216,106.9,297,-3.55,263,,BSth,68.3,65,99.1,237,49.2,194,20.3,133,29.3,241,26.2,333,115.6,337,54.5,323,17.2,328,32.3,220,35.8,155,68.3,65,70.7,54,99.1,237,99.3,217,115.6,337,113.2,339,75.8,246,-0.7,219,-0.3,198,-0.4,222,-0.5,210,-0.5,210,-1.3,261,0.95,295,37.2,46,36.0,287,2008,0.14540870289941457,10,20,0.3333333333333333,30
84,Charlotte,A10,20-14,+9.53,104.6,160,95.1,36,66.8,111,-.006,185,+5.77,74,107.1,60,101.4,86,+2.45,83,6,A10,66.8,111,104.6,160,47.4,262,20.4,147,31.9,140,41.2,47,95.1,36,49.0,122,23.8,38,30.9,161,41.1,265,66.8,111,68.8,107,104.6,160,100.7,187,95.1,36,97.1,57,75.8,251,+0.0,164,-0.5,231,+0.5,113,+0.7,106,-2.4,325,-2.3,304,1.05,276,31.8,146,23.5,324,2008,0.7493160160296233,20,14,0.5882352941176471,34
158,Chattanooga,SC,18-13,+0.89,102.4,184,101.5,127,72.0,11,+.049,57,+0.07,154,104.3,135,104.2,178,+5.82,34,,SC,72.0,11,102.4,184,51.6,100,24.7,320,34.1,68,46.8,7,101.5,127,50.0,171,19.9,225,27.0,31,29.3,43,72.0,11,72.7,16,102.4,184,101.2,176,101.5,127,101.1,141,76.2,205,+1.8,69,+0.9,78,+0.9,77,+1.1,57,-1.9,316,-2.3,308,1.40,188,29.6,206,44.5,222,2008,0.5253584770498537,18,13,0.5806451612903226,31
263,Chicago St.,ind,11-17,-9.36,102.3,185,111.6,315,70.9,18,+.028,101,+2.04,122,105.5,102,103.4,157,+6.87,28,,ind,70.9,18,102.3,185,49.9,166,22.5,262,29.5,230,29.7,311,111.6,315,53.2,300,20.5,187,37.2,331,36.5,170,70.9,18,72.3,23,102.3,185,98.0,233,111.6,315,111.0,331,73.8,339,-3.9,327,+0.1,141,-4.0,341,-2.9,339,-4.4,340,-3.3,331,1.16,254,31.4,157,33.1,298,2008,0.26881740968627676,11,17,0.39285714285714285,28
102,Cincinnati,BE,13-19,+6.58,104.8,152,98.2,70,63.5,241,-.006,186,+9.65,11,109.0,13,99.3,27,+1.57,105,,BE,63.5,241,104.8,152,47.1,275,20.7,164,33.5,85,32.8,258,98.2,70,49.2,134,18.0,309,28.1,54,46.1,321,63.5,241,65.2,237,104.8,152,98.3,228,98.2,70,102.6,182,77.1,88,+1.2,93,+1.1,55,+0.1,154,-0.1,186,+0.7,102,+1.7,55,1.18,248,32.8,120,58.8,101,2008,0.6787529796281706,13,19,0.40625,32
16,Clemson,ACC,24-10,+22.03,114.0,35,91.9,15,68.0,78,-.044,280,+9.53,15,109.3,5,99.8,42,+0.31,137,5,ACC,68.0,78,114.0,35,51.9,90,19.8,100,39.4,7,30.6,301,91.9,15,48.1,84,24.2,27,33.0,248,33.8,116,68.0,78,70.9,50,114.0,35,109.5,42,91.9,15,95.7,38,77.3,58,+0.9,104,+0.4,121,+0.6,107,+1.1,75,+1.3,53,+2.7,15,2.05,34,32.3,134,71.7,34,2008,0.9226008089449758,24,10,0.7058823529411765,34
103,Cleveland St.,Horz,21-13,+6.58,103.3,177,96.7,55,64.7,182,+.035,88,+3.23,105,105.5,100,102.3,119,+3.54,68,6,Horz,64.7,182,103.3,177,47.6,259,21.2,193,33.2,95,39.1,96,96.7,55,47.7,71,21.6,136,29.0,83,43.3,300,64.7,182,65.5,227,103.3,177,100.0,204,96.7,55,97.6,63,76.1,223,-1.7,271,-0.2,178,-1.5,307,-0.9,278,+0.3,164,+1.2,87,1.17,252,36.1,57,39.7,263,2008,0.6811964591518617,21,13,0.6176470588235294,34
286,Coastal Carolina,BSth,13-15,-12.35,99.1,235,111.5,309,63.7,232,+.097,8,-5.01,259,102.5,206,107.5,311,-2.71,234,,BSth,63.7,232,99.1,235,50.1,157,19.4,79,28.9,254,29.6,312,111.5,309,52.4,273,17.6,319,31.5,184,27.4,19,63.7,232,65.7,217,99.1,235,100.8,182,111.5,309,109.7,317,75.8,255,-3.3,323,-2.2,330,-1.1,289,-0.9,256,+0.7,101,+0.7,114,1.80,85,31.2,165,52.9,158,2008,0.20492470204862998,13,15,0.4642857142857143,28
192,Colgate,Pat,18-14,-3.20,98.1,249,101.3,124,63.9,219,+.038,83,-5.71,274,100.2,286,105.9,255,-6.27,305,,Pat,63.9,219,98.1,249,50.0,160,23.7,304,32.0,136,37.9,131,101.3,124,46.9,46,21.9,113,33.0,250,35.5,150,63.9,219,65.8,214,98.1,249,98.4,226,101.3,124,97.2,58,76.3,193,-2.3,305,-1.0,280,-1.3,298,-0.9,260,+0.3,154,+2.1,28,1.53,150,32.6,123,38.2,275,2008,0.40874908254426706,18,14,0.5625,32
166,College of Charleston,SC,16-17,-0.21,106.7,124,106.9,232,65.8,143,-.024,231,-1.06,177,103.9,153,104.9,206,+3.37,71,,SC,65.8,143,106.7,124,52.7,57,20.1,116,29.6,226,27.3,327,106.9,232,49.8,164,17.3,325,31.2,171,26.6,14,65.8,143,67.7,148,106.7,124,105.7,101,106.9,232,105.2,253,76.6,144,+0.7,125,-0.3,194,+0.9,75,-0.9,235,-0.7,244,+0.7,137,0.94,296,27.2,257,34.7,294,2008,0.4946163113651932,16,17,0.48484848484848486,33
125,Colorado,B12,12-20,+4.29,104.7,155,100.4,100,60.9,313,-.066,315,+8.94,30,107.5,46,98.6,11,-2.23,218,,B12,60.9,313,104.7,155,50.7,138,20.7,165,25.3,312,35.0,218,100.4,100,49.8,165,20.1,206,31.2,173,33.6,109,60.9,313,62.5,308,104.7,155,98.0,235,100.4,100,102.9,192,76.5,154,-2.5,313,-1.5,312,-1.1,282,+1.1,86,+1.9,29,+1.7,60,2.15,27,24.9,292,52.2,163,2008,0.6182848142072542,12,20,0.375,32
265,Colorado St.,MWC,7-25,-9.76,101.8,195,111.6,314,63.6,235,-.043,276,+4.67,91,105.0,111,100.3,58,+0.88,122,,MWC,63.6,235,101.8,195,48.6,218,20.5,149,24.6,318,28.6,318,111.6,314,51.8,252,16.3,338,33.6,263,34.6,134,63.6,235,64.5,268,101.8,195,96.6,258,111.6,314,112.5,336,76.2,195,+1.7,71,+2.6,9,-0.9,261,-1.8,313,-0.7,250,+0.7,144,0.60,328,33.7,95,8.3,334,2008,0.2578877925377337,7,25,0.21875,32
262,Columbia,Ivy,14-15,-9.20,97.3,262,106.5,221,61.9,291,+.028,103,-6.83,296,99.9,294,106.8,290,-4.72,281,,Ivy,61.9,291,97.3,262,48.8,208,21.6,213,26.2,302,34.3,232,106.5,221,48.5,102,19.0,278,28.4,66,40.8,260,61.9,291,63.2,298,97.3,262,98.1,231,106.5,221,101.6,155,76.3,182,-0.3,187,-0.1,171,-0.2,212,-0.7,230,+0.8,100,+0.5,166,2.16,26,38.5,29,72.5,31,2008,0.2613470535656895,14,15,0.4827586206896552,29
27,Connecticut,BE,24-9,+18.90,115.2,22,96.3,49,67.1,101,-.001,170,+7.67,45,107.7,45,100.0,49,-1.27,179,4,BE,67.1,101,115.2,22,50.6,139,19.2,69,38.4,11,48.1,4,96.3,49,44.2,8,16.8,333,30.7,152,23.5,5,67.1,101,70.1,67,115.2,22,109.8,37,96.3,49,97.6,62,78.5,3,+5.2,2,+3.7,1,+1.5,34,-0.9,236,+0.7,105,+1.7,40,1.60,132,25.7,282,84.5,6,2008,0.8870360055026333,24,9,0.7272727272727273,33
298,Coppin St.,MEAC,16-21,-14.41,92.4,321,106.8,230,62.9,261,+.065,36,-7.38,306,98.1,321,105.5,229,+7.87,18,16,MEAC,62.9,261,92.4,321,43.5,333,21.8,229,29.7,222,36.6,170,106.8,230,50.4,196,24.4,22,37.2,333,39.9,241,62.9,261,63.9,288,92.4,321,90.6,325,106.8,230,102.2,173,76.1,214,-1.4,251,-1.3,301,-0.1,190,-0.9,242,+0.5,117,+1.6,74,1.48,167,38.5,30,53.0,157,2008,0.15901759247979486,16,21,0.43243243243243246,37
123,Cornell,Ivy,22-6,+4.41,110.1,69,105.7,206,67.9,80,+.086,15,-6.93,298,99.1,314,106.0,257,-3.59,264,14,Ivy,67.9,80,110.1,69,55.4,9,19.8,97,27.1,285,33.8,244,105.7,206,49.1,131,20.7,177,29.2,97,34.6,135,67.9,80,68.9,105,110.1,69,109.8,38,105.7,206,99.8,113,76.5,153,+0.8,112,+0.7,91,+0.2,147,+1.1,58,-0.9,267,-0.3,210,1.23,238,33.9,90,51.5,171,2008,0.6151512410584664,22,6,0.7857142857142857,28
74,Creighton,MVC,22-11,+10.80,108.7,85,97.9,68,65.5,156,+.049,58,+5.22,85,106.1,88,100.8,72,-2.82,242,3,MVC,65.5,156,108.7,85,51.6,102,20.8,173,31.7,153,33.3,255,97.9,68,48.2,89,22.4,87,29.9,119,36.7,175,65.5,156,65.8,208,108.7,85,104.9,116,97.9,68,98.4,76,76.0,231,-0.7,220,-0.2,185,-0.5,230,-1.1,284,-0.7,235,-0.3,188,1.14,259,44.3,4,34.1,296,2008,0.7691326792225583,22,11,0.6666666666666666,33
313,Dartmouth,Ivy,10-18,-15.91,92.4,320,108.3,258,64.6,192,-.000,168,-7.02,301,100.0,292,107.1,303,-6.17,303,,Ivy,64.6,192,92.4,320,45.9,310,21.0,177,29.3,242,27.2,329,108.3,258,52.6,278,21.7,131,30.8,157,41.3,270,64.6,192,66.4,191,92.4,320,93.2,304,108.3,258,104.2,220,75.5,286,+0.2,151,+0.9,74,-0.7,247,-2.9,335,-1.1,272,-0.3,221,1.57,138,38.8,23,63.2,67,2008,0.13872156815766137,10,18,0.35714285714285715,28
11,Davidson,SC,29-7,+23.61,117.0,9,93.4,24,66.2,133,-.036,260,+3.36,102,105.2,105,101.8,97,+14.93,1,10,SC,66.2,133,117.0,9,54.1,27,16.7,11,31.3,156,26.3,332,93.4,24,49.3,141,24.0,33,26.4,20,37.3,186,66.2,133,67.6,153,117.0,9,113.7,10,93.4,24,94.0,21,77.2,70,+1.1,99,-0.5,218,+1.6,31,+1.6,30,+0.3,141,+2.7,17,1.95,46,30.8,180,90.2,2,2008,0.9302638732935377,29,7,0.8055555555555556,36
60,Dayton,A10,23-11,+12.08,111.8,51,99.7,91,61.6,296,+.055,48,+5.31,81,106.5,76,101.2,83,-0.78,168,3,A10,61.6,296,111.8,51,52.7,56,20.5,150,34.3,65,42.3,32,99.7,91,50.6,203,20.0,211,27.0,30,33.1,99,61.6,296,62.0,314,111.8,51,108.0,60,99.7,91,101.4,148,76.8,113,+1.5,82,+1.0,66,+0.5,111,-0.5,208,+0.3,143,+1.3,82,2.02,39,32.8,119,75.3,19,2008,0.7887284240481283,23,11,0.6764705882352942,34
114,DePaul,BE,11-19,+5.28,111.8,49,106.6,224,65.7,147,-.031,251,+9.36,20,108.6,20,99.3,23,+1.30,115,,BE,65.7,147,111.8,49,49.6,178,17.2,15,30.8,180,30.8,298,106.6,224,53.5,306,19.3,258,34.9,301,28.3,31,65.7,147,68.5,116,111.8,49,105.7,100,106.6,224,109.8,318,77.3,59,+2.8,34,+1.5,34,+1.2,50,+0.7,104,+1.0,85,+0.7,116,1.68,115,31.0,173,47.8,198,2008,0.6336070470732168,11,19,0.36666666666666664,30
207,Delaware,CAA,14-17,-4.57,97.7,256,102.3,142,64.9,177,+.056,47,-0.86,173,101.7,234,102.6,129,+1.63,103,,CAA,64.9,177,97.7,256,46.1,303,20.7,161,25.8,308,40.3,69,102.3,142,49.3,139,22.0,108,34.2,279,35.3,144,64.9,177,65.8,210,97.7,256,94.4,286,102.3,142,99.4,102,76.2,208,-0.6,214,-0.7,255,+0.1,157,+0.6,114,+0.3,124,-1.3,278,1.44,177,25.5,285,41.6,243,2008,0.3707283839068497,14,17,0.45161290322580644,31
275,Delaware St.,MEAC,14-16,-11.16,101.3,201,112.5,324,55.5,339,+.039,81,-6.23,286,99.3,309,105.5,235,+12.36,6,,MEAC,55.5,339,101.3,201,48.3,233,18.3,33,30.3,200,25.8,335,112.5,324,54.4,321,21.8,122,35.9,316,36.1,164,55.5,339,56.9,341,101.3,201,101.0,181,112.5,324,108.7,307,75.7,271,-2.0,292,-2.0,326,-0.1,199,+0.8,100,-2.7,329,-1.3,284,0.86,305,29.5,209,24.0,322,2008,0.23041518763797708,14,16,0.4666666666666667,30
233,Denver,SB,11-19,-7.16,98.4,247,105.5,205,55.2,340,-.042,274,-1.93,192,102.9,194,104.8,199,-0.58,162,,SB,55.2,340,98.4,247,53.7,37,23.9,305,20.8,336,38.1,126,105.5,205,50.9,214,22.3,92,33.9,272,40.4,249,55.2,340,57.0,339,98.4,247,97.0,255,105.5,205,104.3,225,76.0,233,-1.5,265,-0.9,264,-0.7,244,+0.1,138,-1.5,287,-0.3,216,0.61,327,24.5,296,18.8,327,2008,0.3097674506953588,11,19,0.36666666666666664,30
251,Detroit,Horz,7-23,-8.32,100.7,212,109.0,273,60.3,321,-.061,305,+1.91,123,104.2,138,102.3,122,-0.65,165,,Horz,60.3,321,100.7,212,48.5,221,20.3,136,27.9,275,25.6,336,109.0,273,53.4,303,20.3,197,30.1,127,39.3,227,60.3,321,60.7,328,100.7,212,96.3,262,109.0,273,109.0,309,75.5,278,-1.3,248,-0.5,218,-0.8,258,+0.1,165,-2.2,322,-1.3,285,1.39,189,32.2,137,46.6,211,2008,0.28683126143209475,7,23,0.23333333333333334,30
17,Drake,MVC,28-5,+21.46,120.0,4,98.5,76,62.9,262,+.011,145,+4.89,88,105.5,101,100.6,65,+0.11,142,5,MVC,62.9,262,120.0,4,52.6,58,18.0,25,35.1,46,35.2,212,98.5,76,50.4,197,23.7,41,31.6,188,23.9,6,62.9,262,63.2,300,120.0,4,115.2,4,98.5,76,97.9,69,75.7,264,-1.5,260,-0.5,228,-1.1,275,-1.9,327,-0.7,253,+0.7,110,1.65,121,22.9,316,43.1,233,2008,0.9064046161356544,28,5,0.8484848484848485,33
257,Drexel,CAA,12-20,-8.68,90.8,326,99.4,84,64.4,199,+.015,128,-2.48,207,102.1,217,104.6,196,-2.45,223,,CAA,64.4,199,90.8,326,45.6,316,23.3,292,26.1,305,37.5,140,99.4,84,47.3,57,21.4,145,30.7,149,34.8,138,64.4,199,65.9,207,90.8,326,88.9,333,99.4,84,97.0,54,75.8,250,+1.4,84,+0.3,127,+1.1,58,-0.6,218,-1.7,303,-0.7,230,1.42,181,28.2,241,53.6,150,2008,0.2610212155098062,12,20,0.375,32
6,Duke,ACC,28-6,+26.40,116.3,13,89.9,7,71.5,13,-.006,189,+10.06,8,109.1,9,99.0,18,+3.36,73,2,ACC,71.5,13,116.3,13,53.6,38,18.1,29,32.3,127,40.9,53,89.9,7,47.6,68,24.5,17,32.0,205,31.9,77,71.5,13,74.1,13,116.3,13,112.1,17,89.9,7,93.6,18,77.0,95,-0.4,198,+0.2,130,-0.7,242,+0.1,147,+1.6,35,+1.7,48,1.67,116,28.8,225,67.5,55,2008,0.9507791203025293,28,6,0.8235294117647058,34
79,Duquesne,A10,17-13,+9.97,108.9,80,99.0,83,73.4,5,-.086,332,+1.74,124,105.0,110,103.2,152,-3.00,243,,A10,73.4,5,108.9,80,51.8,95,20.8,168,34.9,54,39.5,87,99.0,83,48.2,91,24.1,30,35.7,313,36.0,162,73.4,5,75.8,3,108.9,80,108.1,56,99.0,83,98.4,77,76.2,204,+1.6,75,+1.5,35,+0.0,163,-0.1,187,-0.7,249,+0.0,176,1.80,87,39.2,19,51.1,174,2008,0.7495224674791585,17,13,0.5666666666666667,30
225,East Carolina,CUSA,11-19,-6.08,103.8,172,109.9,287,65.2,161,-.036,263,+1.09,139,103.5,165,102.5,125,-3.11,247,,CUSA,65.2,161,103.8,172,48.6,215,21.0,182,29.4,234,40.8,55,109.9,287,50.5,200,19.2,265,38.8,338,42.8,290,65.2,161,66.4,192,103.8,172,100.6,191,109.9,287,109.5,316,76.2,207,+0.2,152,+0.3,128,-0.0,169,-0.2,193,-0.1,186,-0.3,220,1.30,221,35.2,69,61.9,80,2008,0.34147989607414736,11,19,0.36666666666666664,30
174,East Tennessee St.,ASun,19-13,-1.38,103.9,170,105.3,202,71.3,14,+.066,34,-3.07,223,102.0,220,105.1,212,+3.82,62,,ASun,71.3,14,103.9,170,50.9,130,21.2,190,32.2,129,36.3,180,105.3,202,51.2,227,23.3,52,34.6,293,37.7,189,71.3,14,74.2,12,103.9,170,103.9,131,105.3,202,103.2,202,76.3,184,-0.3,186,-0.0,160,-0.3,216,-0.7,227,-0.7,234,+1.7,73,1.60,131,31.3,159,47.8,200,2008,0.46159529572427277,19,13,0.59375,32
325,Eastern Illinois,OVC,7-22,-18.41,95.7,287,114.1,329,61.6,299,-.024,229,-8.81,323,100.1,290,108.9,334,-3.89,270,,OVC,61.6,299,95.7,287,49.2,192,22.5,258,29.9,217,32.2,271,114.1,329,52.2,265,18.3,302,30.8,155,41.3,269,61.6,299,62.9,302,95.7,287,98.4,227,114.1,329,109.2,313,76.5,157,+0.1,163,-0.2,180,+0.2,144,+0.1,159,+0.2,174,+1.2,84,1.68,113,38.5,27,72.5,30,2008,0.11687569609824586,7,22,0.2413793103448276,29
278,Eastern Kentucky,OVC,14-16,-11.48,97.6,258,109.1,274,60.0,323,+.026,109,-7.78,311,101.1,261,108.9,336,+2.47,82,,OVC,60.0,323,97.6,258,52.0,83,20.4,145,23.3,328,26.1,334,109.1,274,55.3,330,23.5,45,32.1,212,33.5,108,60.0,323,62.5,309,97.6,258,100.2,199,109.1,274,105.4,258,76.8,117,-0.5,203,-0.9,263,+0.4,133,+1.5,35,+1.5,36,+0.7,131,1.83,75,25.2,288,65.6,61,2008,0.21738768942039946,14,16,0.4666666666666667,30
182,Eastern Michigan,MAC,14-17,-2.48,104.7,154,107.2,242,62.4,281,-.000,169,-1.21,182,103.1,183,104.3,181,-1.79,199,,MAC,62.4,281,104.7,154,50.3,152,22.3,252,33.2,93,40.4,66,107.2,242,50.8,211,21.1,157,31.5,187,40.6,254,62.4,281,64.1,280,104.7,154,103.2,147,107.2,242,105.4,260,75.8,252,-0.9,227,-0.5,234,-0.4,223,-1.0,281,-0.8,264,-0.3,198,1.27,230,35.2,68,57.3,117,2008,0.4325715284378985,14,17,0.45161290322580644,31
248,Eastern Washington,BSky,11-19,-8.11,96.3,275,104.4,188,64.0,215,-.032,252,-2.47,206,102.5,207,104.9,203,+5.02,43,,BSky,64.0,215,96.3,275,46.9,279,20.6,157,26.2,303,31.8,277,104.4,188,52.8,291,22.3,90,30.9,163,38.8,211,64.0,215,65.4,228,96.3,275,94.7,283,104.4,188,102.6,183,75.3,305,-2.3,306,+0.1,144,-2.4,335,-1.9,321,-0.2,191,-0.3,194,0.78,311,31.5,152,23.3,325,2008,0.2831772441854462,11,19,0.36666666666666664,30
184,Elon,SC,14-19,-2.63,98.0,250,100.6,105,61.8,292,+.001,164,+0.21,149,104.3,124,104.1,172,+4.35,51,,SC,61.8,292,98.0,250,47.6,257,20.2,123,27.7,279,28.4,320,100.6,105,49.2,135,20.3,199,30.9,162,40.5,250,61.8,292,64.0,285,98.0,250,96.8,257,100.6,105,100.7,133,76.4,170,-0.3,189,-0.3,195,-0.1,171,-0.2,196,+0.3,164,+1.5,77,1.76,95,31.6,148,50.9,176,2008,0.4252825008039049,14,19,0.42424242424242425,33
217,Evansville,MVC,9-21,-5.47,98.8,240,104.3,185,62.8,271,-.044,282,+3.48,100,105.6,96,102.2,114,-7.24,316,,MVC,62.8,271,98.8,240,46.8,280,21.6,216,26.3,299,38.4,121,104.3,185,52.5,276,21.0,164,32.2,218,39.3,225,62.8,271,62.7,304,98.8,240,95.0,278,104.3,185,105.2,252,75.6,273,-1.2,244,-0.2,181,-1.1,285,-0.7,228,-1.3,283,-0.3,218,1.30,222,31.6,149,42.2,239,2008,0.34909986322143477,9,21,0.3,30
260,FIU,SB,9-20,-8.94,93.0,314,102.0,135,66.3,127,-.041,271,-1.33,184,103.6,163,104.9,204,-0.94,175,,SB,66.3,127,93.0,314,48.2,239,26.7,334,30.9,175,40.6,60,102.0,135,50.6,201,20.8,172,28.8,78,44.4,311,66.3,127,68.8,106,93.0,314,92.2,312,102.0,135,101.7,162,76.9,104,+2.7,37,+2.3,16,+0.4,120,+1.1,65,-1.3,282,-0.6,226,1.28,226,37.2,45,52.0,165,2008,0.25687146867785504,9,20,0.3103448275862069,29
210,Fairfield,MAAC,14-16,-4.97,105.2,143,110.1,296,60.5,317,+.073,30,-1.15,179,103.1,181,104.3,180,+2.24,91,,MAAC,60.5,317,105.2,143,49.9,165,21.4,206,35.3,44,38.5,117,110.1,296,52.3,267,19.9,224,34.7,298,35.5,151,60.5,317,62.6,307,105.2,143,103.3,145,110.1,296,108.5,302,76.5,159,+0.9,108,-0.1,169,+0.9,72,+1.6,29,-1.3,280,-0.3,207,1.52,155,30.4,193,61.3,81,2008,0.37202342329656923,14,16,0.4666666666666667,30
303,Fairleigh Dickinson,NEC,8-20,-14.81,99.9,227,114.7,333,67.6,88,-.001,171,-4.79,252,100.8,270,105.6,239,+2.38,86,,NEC,67.6,88,99.9,227,49.0,198,19.9,104,24.8,316,37.2,152,114.7,333,52.9,293,17.2,329,36.9,327,28.3,30,67.6,88,69.6,84,99.9,227,100.2,200,114.7,333,112.1,335,75.5,280,-2.8,317,-0.8,257,-2.0,322,-0.9,265,+0.3,158,-1.9,295,1.22,243,20.5,334,41.0,252,2008,0.1695628080107517,8,20,0.2857142857142857,28
38,Florida,SEC,24-12,+15.37,115.9,16,100.5,104,65.0,176,-.042,273,+3.13,107,105.1,108,102.0,103,-9.31,330,2,SEC,65.0,176,115.9,16,55.3,10,18.3,35,33.8,78,31.2,290,100.5,104,50.1,177,19.5,248,26.7,27,29.1,41,65.0,176,67.6,151,115.9,16,114.3,7,100.5,104,99.7,110,77.2,65,+2.4,44,+1.1,56,+1.3,43,+2.1,12,-1.7,293,-0.3,211,0.58,331,27.5,254,18.2,328,2008,0.8374744128612959,24,12,0.6666666666666666,36
301,Florida A&M,MEAC,15-17,-14.71,94.3,305,109.0,272,65.6,153,+.075,27,-9.96,327,97.0,328,106.9,296,+5.87,33,,MEAC,65.6,153,94.3,305,47.2,272,21.7,220,27.1,284,31.5,286,109.0,272,51.8,253,22.6,76,35.6,309,33.0,97,65.6,153,67.0,173,94.3,305,93.9,296,109.0,272,103.0,194,74.4,336,-2.0,290,-0.2,190,-1.7,313,-3.3,340,-1.7,314,-4.3,334,1.31,218,29.1,219,48.9,193,2008,0.15896262816178644,15,17,0.46875,32
223,Florida Atlantic,SB,15-18,-5.88,102.7,182,108.6,264,68.6,51,+.029,98,-4.02,238,101.2,256,105.2,224,-5.96,302,,SB,68.6,51,102.7,182,51.1,119,22.7,272,28.7,256,53.4,1,108.6,264,51.6,247,19.6,246,28.3,62,37.5,188,68.6,51,70.3,63,102.7,182,101.5,174,108.6,264,105.4,259,76.7,126,+0.5,134,-0.5,218,+1.0,64,+0.2,134,+1.7,32,+0.7,126,1.21,245,34.4,80,53.3,154,2008,0.34470831950905184,15,18,0.45454545454545453,33
307,Florida Gulf Coast,ASun,10-21,-15.29,94.5,302,109.8,286,67.5,90,+.035,90,-5.51,269,99.9,296,105.4,226,+1.68,101,,ASun,67.5,90,94.5,302,47.6,255,25.2,325,33.1,98,34.2,234,109.8,286,53.5,307,24.1,31,35.0,304,36.4,168,67.5,90,69.9,74,94.5,302,93.3,300,109.8,286,104.6,235,77.2,67,+0.9,110,+0.5,116,+0.4,128,+0.3,132,+0.3,126,+0.7,107,0.21,337,31.2,166,0.0,0,2008,0.1511386818354344,10,21,0.3225806451612903,31
59,Florida St.,ACC,19-15,+12.26,108.7,83,96.4,50,64.8,181,-.035,258,+8.51,34,108.4,26,99.9,47,-1.40,183,3,ACC,64.8,181,108.7,83,50.4,144,21.8,227,31.8,145,35.9,197,96.4,50,49.3,144,22.6,74,32.2,219,34.6,133,64.8,181,68.1,132,108.7,83,103.6,137,96.4,50,99.1,91,76.8,120,-0.8,222,+0.7,84,-1.5,306,-0.9,269,+0.3,132,+1.7,57,2.28,14,24.3,301,69.2,45,2008,0.7991490388467769,19,15,0.5588235294117647,34
159,Fordham,A10,12-17,+0.69,103.2,178,102.5,147,61.8,294,-.029,246,+5.01,87,106.6,73,101.6,94,-1.06,177,,A10,61.8,294,103.2,178,48.7,214,19.7,93,29.2,244,36.0,192,102.5,147,51.0,216,20.4,194,30.3,133,34.1,122,61.8,294,64.4,275,103.2,178,99.8,207,102.5,147,104.1,217,77.1,89,-0.6,212,-0.5,218,-0.1,209,+0.1,157,+1.3,49,+2.7,10,3.02,1,21.1,329,85.6,5,2008,0.5195574233339618,12,17,0.41379310344827586,29
190,Fresno St.,WAC,13-19,-3.02,98.8,242,101.8,132,66.6,115,-.096,335,-2.72,213,103.1,185,105.8,246,-2.46,224,,WAC,66.6,115,98.8,242,48.4,229,16.9,13,21.3,335,29.0,317,101.8,132,49.1,129,19.1,267,28.0,48,30.3,51,66.6,115,68.7,108,98.8,242,98.7,225,101.8,132,99.5,106,76.5,151,+2.9,32,+0.9,76,+1.9,13,-0.2,189,+1.3,64,-1.3,275,2.02,37,28.7,231,55.5,132,2008,0.4148396765916553,13,19,0.40625,32
291,Furman,SC,7-23,-13.31,95.3,291,108.6,265,64.0,218,+.006,154,-0.40,161,104.0,150,104.4,186,+0.05,145,,SC,64.0,218,95.3,291,47.3,266,21.4,203,23.7,324,29.4,313,108.6,265,52.9,296,18.9,279,31.5,180,28.8,38,64.0,218,65.7,216,95.3,291,93.5,299,108.6,265,108.5,303,76.5,158,+0.5,133,+0.6,98,-0.1,174,-1.3,294,-0.7,233,+1.7,61,0.63,324,40.6,12,25.4,321,2008,0.18207106719613975,7,23,0.23333333333333334,30
188,Gardner Webb,ASun,16-16,-2.97,103.6,174,106.6,225,70.1,23,-.037,265,-5.49,268,100.4,282,105.9,251,+1.90,99,,ASun,70.1,23,103.6,174,51.0,126,20.6,156,30.1,208,35.9,196,106.6,225,47.5,63,20.0,213,33.5,262,43.9,306,70.1,23,73.8,14,103.6,174,102.8,154,106.6,225,101.6,157,75.2,318,-2.9,320,-1.0,278,-1.9,319,-1.9,320,-0.7,238,-0.1,178,0.89,300,29.5,207,45.3,218,2008,0.41865891865477256,16,16,0.5,32
80,George Mason,CAA,23-11,+9.68,110.7,58,101.0,117,61.6,300,-.010,196,-0.57,166,102.6,203,103.2,150,+2.28,89,12,CAA,61.6,300,110.7,58,52.3,71,18.4,36,30.9,174,39.8,81,101.0,117,47.5,66,18.1,306,25.9,12,27.0,17,61.6,300,63.0,301,110.7,58,109.0,46,101.0,117,98.2,73,76.2,198,-1.8,276,-0.8,259,-1.0,267,+0.1,165,+1.3,58,+0.7,148,2.31,11,24.3,300,71.9,33,2008,0.7416549882217324,23,11,0.6764705882352942,34
171,George Washington,A10,9-17,-1.10,100.9,207,102.0,138,63.4,246,-.057,299,+5.51,79,107.4,55,101.9,100,-0.23,155,,A10,63.4,246,100.9,207,47.2,268,22.3,251,33.2,94,31.1,293,102.0,138,49.5,148,19.8,231,32.9,244,38.2,202,63.4,246,65.2,239,100.9,207,97.3,246,102.0,138,104.3,227,76.8,110,+0.6,126,-0.3,199,+0.9,67,+0.6,116,+0.6,112,-1.8,294,1.31,217,34.3,82,40.4,256,2008,0.4688670314812936,9,17,0.34615384615384615,26
7,Georgetown,BE,28-6,+25.56,115.2,21,89.7,6,60.5,316,+.029,99,+8.48,35,108.2,31,99.8,39,-2.72,235,2,BE,60.5,316,115.2,21,56.8,4,21.3,194,31.8,147,34.2,237,89.7,6,42.0,1,18.9,281,30.8,154,36.0,163,60.5,316,62.1,312,115.2,21,111.3,23,89.7,6,93.0,13,77.9,24,+4.3,8,+2.3,14,+1.9,14,+0.1,146,+1.3,55,+1.7,56,2.09,31,33.1,108,73.3,26,2008,0.9467122268766609,28,6,0.8235294117647058,34
91,Georgia,SEC,17-17,+8.08,104.3,166,96.2,45,64.7,183,-.032,253,+7.55,47,108.5,22,101.0,75,-4.10,274,14,SEC,64.7,183,104.3,166,47.8,251,21.3,198,35.8,32,31.8,276,96.2,45,48.1,86,18.7,284,30.2,132,33.6,111,64.7,183,66.9,177,104.3,166,100.8,183,96.2,45,100.0,117,77.2,66,+3.4,21,+1.5,35,+1.8,21,-1.1,287,-0.7,226,+1.7,61,1.84,72,29.9,201,45.8,215,2008,0.7170109787556455,17,17,0.5,34
128,Georgia Southern,SC,20-12,+3.82,106.0,133,102.2,140,69.0,43,+.019,123,-0.34,160,104.1,145,104.4,187,+3.83,61,,SC,69.0,43,106.0,133,49.9,164,19.7,95,35.1,47,34.2,233,102.2,140,50.3,191,21.9,118,30.6,146,41.2,268,69.0,43,70.6,57,106.0,133,104.9,117,102.2,140,101.1,140,75.7,263,-1.5,264,-0.9,266,-0.6,239,-1.1,283,-1.2,275,-1.3,273,1.54,145,29.4,211,54.6,143,2008,0.6034438350432998,20,12,0.625,32
252,Georgia St.,CAA,9-21,-8.47,98.3,248,106.8,231,62.2,287,-.016,210,-2.80,215,101.4,251,104.2,177,-5.32,294,,CAA,62.2,287,98.3,248,47.9,250,22.9,277,34.1,69,32.3,268,106.8,231,52.3,270,20.9,169,28.4,65,43.0,295,62.2,287,63.3,294,98.3,248,96.6,259,106.8,231,103.7,209,76.8,119,+0.1,160,-0.6,236,+0.6,104,+1.1,74,+1.2,77,+0.7,130,1.33,214,34.2,84,48.0,197,2008,0.27813333169186216,9,21,0.3,30
53,Georgia Tech,ACC,15-17,+13.10,114.5,31,101.4,125,68.6,54,-.077,325,+11.47,2,109.5,3,98.0,4,+6.56,30,,ACC,68.6,54,114.5,31,52.8,52,21.0,176,32.9,107,38.2,125,101.4,125,51.2,231,21.8,124,33.4,261,48.7,330,68.6,54,71.8,30,114.5,31,107.2,72,101.4,125,105.2,250,77.3,57,+0.6,131,+0.2,134,+0.4,132,+1.1,81,+1.5,38,+1.2,83,1.60,133,37.3,43,43.7,227,2008,0.8017503080500514,15,17,0.46875,32
25,Gonzaga,WCC,25-8,+19.05,114.5,30,95.5,41,65.9,140,-.029,245,+2.57,112,104.0,147,101.5,89,+7.71,22,7,WCC,65.9,140,114.5,30,54.5,19,20.6,155,33.9,76,39.7,85,95.5,41,45.7,21,21.0,165,27.4,38,32.1,82,65.9,140,68.0,138,114.5,30,110.7,29,95.5,41,92.7,12,78.4,7,+4.6,5,+2.3,17,+2.3,4,+1.5,40,+2.3,11,+2.7,9,1.42,182,32.9,116,60.3,87,2008,0.8895996885388542,25,8,0.7575757575757576,33
338,Grambling St.,SWAC,7-19,-24.32,90.9,325,115.2,334,68.4,64,+.019,120,-13.25,339,94.7,340,107.9,322,+11.62,7,,SWAC,68.4,64,90.9,325,46.6,290,22.8,275,29.9,216,31.4,287,115.2,334,48.2,92,15.7,341,32.1,210,42.2,284,68.4,64,70.4,59,90.9,325,92.3,311,115.2,334,107.3,290,75.8,245,-1.9,285,-1.2,297,-0.8,253,+0.1,178,+0.3,140,-1.6,293,1.30,223,34.0,87,46.9,206,2008,0.06154524258415195,7,19,0.2692307692307692,26
145,Green Bay,Horz,15-15,+2.02,107.1,118,105.1,199,65.4,157,+.019,121,+2.27,117,104.7,116,102.4,124,+2.54,81,,Horz,65.4,157,107.1,118,51.1,122,20.0,110,29.6,227,35.5,204,105.1,199,50.2,186,19.4,252,33.1,255,36.6,171,65.4,157,66.0,202,107.1,118,104.1,130,105.1,199,104.9,246,77.2,69,+2.7,36,+0.5,102,+2.2,5,+1.1,68,+0.4,119,-1.3,255,1.77,92,31.2,161,59.6,92,2008,0.5539845103348646,15,15,0.5,30
212,Hampton,MEAC,18-12,-5.15,94.4,303,99.6,87,66.5,123,+.012,140,-9.14,324,97.6,326,106.8,291,+2.03,97,,MEAC,66.5,123,94.4,303,46.1,307,24.6,318,38.9,8,46.3,11,99.6,87,44.3,10,25.2,11,35.6,308,37.8,191,66.5,123,67.5,155,94.4,303,95.8,271,99.6,87,92.1,9,76.1,227,+1.4,85,+0.0,156,+1.4,38,-1.4,299,-0.7,253,-1.2,236,1.55,143,32.6,124,58.4,106,2008,0.3505454352569694,18,12,0.6,30
245,Hartford,AE,18-16,-7.73,102.4,183,110.1,295,66.5,120,+.116,2,-5.23,263,100.5,279,105.8,244,-2.54,227,,AE,66.5,120,102.4,183,53.5,40,21.3,197,22.4,329,38.4,119,110.1,295,53.0,297,23.0,62,35.7,312,34.5,131,66.5,120,68.7,109,102.4,183,102.5,158,110.1,295,106.7,286,75.5,281,-2.4,308,-1.8,323,-0.7,241,-1.6,310,-1.4,286,-1.3,238,1.53,149,28.9,224,58.8,100,2008,0.30284707673870276,18,16,0.5294117647058824,34
280,Harvard,Ivy,8-22,-11.73,99.7,230,111.5,310,67.0,105,-.095,334,-4.91,256,100.6,277,105.5,231,-1.90,204,,Ivy,67.0,105,99.7,230,49.7,175,22.5,260,28.0,269,37.0,159,111.5,310,52.1,263,19.7,242,32.6,236,29.2,42,67.0,105,68.6,110,99.7,230,99.4,216,111.5,310,108.0,294,75.7,267,-0.4,199,-0.5,216,+0.1,158,-1.9,325,-0.2,189,-0.3,200,1.47,170,31.0,176,55.2,137,2008,0.21646658590023773,8,22,0.26666666666666666,30
231,Hawaii,WAC,11-19,-7.02,102.2,188,109.2,275,66.8,108,-.054,295,-3.48,231,101.6,239,105.1,214,-4.96,287,,WAC,66.8,108,102.2,188,49.0,200,20.1,114,29.6,223,34.9,221,109.2,275,53.2,301,23.2,55,36.4,323,45.9,320,66.8,108,68.9,103,102.2,188,102.0,164,109.2,275,106.0,274,78.1,12,+0.7,119,+0.6,97,+0.1,153,+1.1,71,+3.3,2,+2.7,7,1.39,193,22.9,315,49.1,187,2008,0.3182408550360929,11,19,0.36666666666666664,30
187,High Point,BSth,17-14,-2.76,103.3,176,106.0,212,61.9,290,-.077,324,-6.36,292,100.5,281,106.8,293,-2.78,241,,BSth,61.9,290,103.3,176,52.1,79,20.5,151,31.8,149,26.6,331,106.0,212,48.8,116,19.7,234,31.7,192,35.3,145,61.9,290,64.4,273,103.3,176,104.4,125,106.0,212,101.5,152,75.2,315,-3.6,325,-1.6,316,-2.0,323,-1.0,280,-1.7,295,-1.3,279,1.62,127,26.2,275,50.1,182,2008,0.42635956103191747,17,14,0.5483870967741935,31
214,Hofstra,CAA,12-18,-5.17,97.9,255,103.0,158,67.2,98,-.001,172,-2.29,200,101.5,246,103.7,162,-1.97,208,,CAA,67.2,98,97.9,255,48.0,241,23.3,294,32.2,130,35.0,219,103.0,158,47.0,48,18.6,288,28.9,81,38.6,207,67.2,98,68.2,129,97.9,255,95.8,272,103.0,158,99.8,112,76.9,105,+1.2,91,+0.8,82,+0.5,119,-0.5,213,+1.3,66,+0.7,108,1.53,148,28.4,235,38.7,272,2008,0.35801316334748207,12,18,0.4,30
170,Holy Cross,Pat,15-14,-1.03,101.3,204,102.3,143,59.6,327,-.014,202,-2.88,216,101.5,244,104.4,188,-0.82,170,,Pat,59.6,327,101.3,204,48.5,219,25.5,331,40.1,5,40.5,63,102.3,143,48.0,81,22.3,95,29.9,121,42.8,289,59.6,327,61.0,324,101.3,204,100.0,206,102.3,143,98.5,80,77.8,26,+4.6,6,+2.5,10,+2.1,8,+2.1,13,+1.1,80,-0.3,190,1.54,144,33.2,106,56.4,123,2008,0.4717881187567937,15,14,0.5172413793103449,29
71,Houston,CUSA,24-10,+11.28,114.2,33,102.9,155,69.1,42,-.044,281,-0.90,174,102.2,211,103.1,148,-8.84,325,,CUSA,69.1,42,114.2,33,49.8,171,15.2,3,30.8,184,33.6,247,102.9,155,49.0,124,22.4,84,31.7,189,38.8,212,69.1,42,70.8,53,114.2,33,111.8,20,102.9,155,99.4,99,76.5,156,-2.5,311,-0.8,261,-1.7,311,-0.9,252,+1.0,83,+2.2,26,1.47,171,34.0,89,42.0,241,2008,0.7682092310248646,24,10,0.7058823529411765,34
336,Howard,MEAC,6-26,-23.29,85.9,339,109.2,277,62.6,276,-.027,239,-7.55,308,99.1,315,106.6,288,-0.60,163,,MEAC,62.6,276,85.9,339,45.9,311,27.0,337,28.4,261,36.0,191,109.2,277,49.9,169,18.4,291,34.7,297,30.6,54,62.6,276,66.2,197,85.9,339,86.1,335,109.2,277,106.2,280,78.0,19,+0.7,121,-0.0,164,+0.7,100,+1.1,86,+2.7,7,+3.7,1,0.74,316,35.4,67,30.5,309,2008,0.059526146501546064,6,26,0.1875,32
198,IPFW,Sum,13-18,-3.85,100.5,218,104.4,186,65.6,151,-.006,187,+1.56,128,105.0,109,103.5,158,+13.11,3,,Sum,65.6,151,100.5,218,50.6,142,20.2,122,17.9,339,39.0,103,104.4,186,50.0,174,18.5,290,30.7,148,37.2,182,65.6,151,67.1,170,100.5,218,98.2,230,104.4,186,105.1,249,76.6,137,-1.1,239,-1.1,290,-0.1,204,+0.1,151,+1.4,40,+1.7,51,1.42,184,31.7,147,52.4,161,2008,0.3922587775916321,13,18,0.41935483870967744,31
66,IUPUI,Sum,26-7,+11.68,116.5,11,104.8,192,60.9,312,-.019,218,-3.00,220,102.9,191,105.9,253,-1.34,181,,Sum,60.9,312,116.5,11,57.2,2,18.7,48,31.7,150,36.0,194,104.8,192,50.8,210,22.1,103,32.8,242,33.3,104,60.9,312,63.3,295,116.5,11,117.1,1,104.8,192,102.3,179,75.9,241,-2.0,291,-1.0,274,-1.0,269,+1.1,81,+0.5,116,-1.3,270,1.83,73,22.7,319,49.7,185,2008,0.7715583109964516,26,7,0.7878787878787878,33
292,Idaho,WAC,8-21,-13.40,96.3,276,109.7,285,64.2,205,-.004,181,-1.81,190,103.2,179,105.0,209,-2.76,240,,WAC,64.2,205,96.3,276,47.9,248,23.1,286,30.3,197,30.5,302,109.7,285,52.6,279,20.7,175,32.9,245,47.7,328,64.2,205,66.1,199,96.3,276,94.5,285,109.7,285,108.2,298,77.3,55,+1.9,63,+0.6,95,+1.3,48,+2.1,8,+1.3,63,+1.1,88,0.80,308,37.2,47,35.1,293,2008,0.1826893542194463,8,21,0.27586206896551724,29
295,Idaho St.,BSky,12-19,-14.07,95.8,286,109.9,288,60.0,324,+.092,11,-1.07,178,103.4,171,104.5,190,+7.47,26,,BSky,60.0,324,95.8,286,47.5,260,23.1,284,29.1,249,35.4,206,109.9,288,51.0,219,18.8,282,34.5,292,40.7,256,60.0,324,61.7,317,95.8,286,94.2,291,109.9,288,110.1,322,78.1,13,+1.5,79,+1.3,46,+0.2,142,+1.6,31,+3.3,4,+3.4,5,1.18,251,30.6,187,41.7,242,2008,0.17093091344225345,12,19,0.3870967741935484,31
51,Illinois,B10,16-19,+13.47,107.5,111,94.0,29,61.0,310,-.119,341,+9.61,12,108.4,27,98.8,13,+3.40,70,,B10,61.0,310,107.5,111,48.8,209,21.3,195,36.1,28,36.5,174,94.0,29,45.8,24,19.8,232,28.0,50,37.2,184,61.0,310,61.8,316,107.5,111,101.2,179,94.0,29,96.9,52,77.6,34,+3.6,17,+2.0,23,+1.6,27,+0.0,182,+0.3,142,+2.7,22,1.59,136,28.3,237,56.0,127,2008,0.823937372204251,16,19,0.45714285714285713,35
113,Illinois Chicago,Horz,18-15,+5.34,104.8,149,99.5,85,65.7,148,-.015,207,+2.20,119,104.0,149,101.8,96,+4.11,53,,Horz,65.7,148,104.8,149,50.3,151,19.8,98,28.5,258,32.4,265,99.5,85,48.6,111,19.9,226,28.6,73,26.1,13,65.7,148,65.6,222,104.8,149,101.8,168,99.5,85,99.4,101,76.4,177,+1.7,73,+1.5,40,+0.2,146,+0.1,161,-0.7,258,-1.3,272,1.13,262,38.5,26,38.4,274,2008,0.6449251082260662,18,15,0.5454545454545454,33
58,Illinois St.,MVC,25-10,+12.37,106.2,129,93.9,27,62.5,279,+.043,68,+4.12,93,106.5,77,102.4,123,-1.52,189,2,MVC,62.5,279,106.2,129,52.2,73,20.0,108,30.2,203,33.9,242,93.9,27,46.5,33,22.1,104,29.4,104,35.4,147,62.5,279,62.7,305,106.2,129,103.8,134,93.9,27,95.8,40,75.6,277,+1.8,67,+0.9,69,+0.9,92,-0.9,266,-0.8,263,-3.3,328,1.02,282,31.9,144,49.1,189,2008,0.8046442202857433,25,10,0.7142857142857143,35
29,Indiana,B10,25-8,+18.43,114.6,29,96.1,44,66.2,134,+.037,85,+6.28,64,106.6,75,100.3,59,-2.30,219,8,B10,66.2,134,114.6,29,52.3,68,19.8,101,35.0,50,41.9,38,96.1,44,47.3,60,19.3,255,27.2,33,31.0,62,66.2,134,67.0,174,114.6,29,110.6,32,96.1,44,96.6,51,77.4,43,+1.2,97,+0.2,138,+1.0,62,+0.6,117,+2.3,22,+1.7,38,1.09,268,24.1,305,44.1,225,2008,0.8833633038033986,25,8,0.7575757575757576,33
132,Indiana St.,MVC,15-16,+3.20,105.9,136,102.7,150,64.3,201,+.041,75,+6.27,65,106.9,66,100.6,62,+2.21,93,,MVC,64.3,201,105.9,136,47.6,256,19.4,80,28.0,271,36.6,173,102.7,150,51.2,229,21.6,138,32.5,231,41.3,272,64.3,201,63.8,290,105.9,136,100.3,198,102.7,150,104.7,239,75.3,314,-1.9,280,-0.5,218,-1.4,302,-0.9,262,-1.2,277,-1.3,247,1.86,62,32.5,126,67.3,56,2008,0.5873099943211385,15,16,0.4838709677419355,31
219,Iona,MAAC,12-20,-5.70,95.2,293,100.9,112,66.3,128,-.026,236,-2.49,208,103.0,187,105.5,234,-0.45,158,,MAAC,66.3,128,95.2,293,48.6,217,25.1,324,32.4,120,34.0,241,100.9,112,49.3,143,23.9,37,31.5,181,47.2,327,66.3,128,69.0,100,95.2,293,94.8,281,100.9,112,99.4,104,76.3,185,-1.8,279,-0.0,165,-1.8,314,-0.9,271,+0.3,144,+1.4,79,0.98,291,31.2,163,31.7,302,2008,0.33878243058169705,12,20,0.375,32
146,Iowa,B10,13-19,+2.01,98.8,241,96.8,56,58.8,331,-.023,222,+4.88,89,106.3,82,101.4,87,-7.20,315,,B10,58.8,331,98.8,241,50.0,163,25.2,326,27.9,276,36.0,190,96.8,56,46.4,31,19.0,277,27.6,45,30.5,53,58.8,331,59.5,334,98.8,241,94.2,292,96.8,56,97.6,64,78.1,16,+4.2,10,+2.7,8,+1.5,33,+2.1,17,-0.0,182,+0.7,123,0.99,289,31.9,145,54.9,139,2008,0.5585259945480295,13,19,0.40625,32
124,Iowa St.,B12,14-18,+4.38,101.7,196,97.4,66,64.1,212,-.015,206,+8.14,40,107.5,47,99.3,29,-4.74,282,,B12,64.1,212,101.7,196,46.8,282,19.9,102,26.4,297,33.5,251,97.4,66,47.2,53,17.9,311,29.7,111,27.8,23,64.1,212,65.2,241,101.7,196,96.0,267,97.4,66,99.8,111,78.5,5,+4.0,11,+2.0,20,+2.0,9,+2.3,6,+1.9,28,+1.7,43,1.22,240,30.0,197,40.2,259,2008,0.6217099797357226,14,18,0.4375,32
315,Jackson St.,SWAC,14-20,-16.17,93.0,316,109.2,276,70.0,25,+.040,79,-11.87,335,96.2,333,108.1,324,+2.20,94,,SWAC,70.0,25,93.0,316,45.7,315,22.0,237,31.2,166,42.0,35,109.2,276,51.5,243,22.0,107,32.4,224,40.1,246,70.0,25,72.3,24,93.0,316,95.1,276,109.2,276,102.2,176,76.1,217,-0.4,194,-0.3,201,-0.1,170,+1.1,91,+0.9,93,-2.8,318,1.38,197,31.1,170,51.9,166,2008,0.1362622262334502,14,20,0.4117647058823529,34
211,Jacksonville,ASun,18-13,-5.02,102.1,192,107.1,238,66.1,136,+.089,14,-5.98,281,100.0,291,106.0,260,+5.48,37,,ASun,66.1,136,102.1,192,49.0,199,23.3,293,37.1,18,43.2,25,107.1,238,51.5,245,22.6,78,32.9,247,36.7,174,66.1,136,69.4,89,102.1,192,101.9,166,107.1,238,103.1,197,75.5,283,-1.1,237,-1.1,288,-0.1,199,+1.2,55,-2.1,320,-1.3,285,1.22,241,31.2,162,51.7,169,2008,0.365906658321617,18,13,0.5806451612903226,31
326,Jacksonville St.,OVC,7-22,-18.47,97.4,261,115.8,338,67.3,96,-.081,329,-10.53,328,99.1,312,109.7,341,-10.29,336,,OVC,67.3,96,97.4,261,51.1,121,20.5,148,26.9,287,32.8,259,115.8,338,52.7,284,19.8,230,38.3,337,39.9,240,67.3,96,69.7,81,97.4,261,100.6,190,115.8,338,110.2,324,73.9,338,-2.0,289,+0.1,148,-2.0,330,-2.8,333,-4.7,341,-5.3,340,0.79,309,30.5,191,35.7,289,2008,0.12026309641295402,7,22,0.2413793103448276,29
216,James Madison,CAA,13-17,-5.33,103.9,171,109.3,280,68.6,55,-.029,244,-3.45,230,101.6,240,105.0,208,-8.35,322,,CAA,68.6,55,103.9,171,51.0,124,23.5,297,35.1,48,40.7,56,109.3,280,54.0,317,23.1,58,34.2,275,39.5,232,68.6,55,70.2,66,103.9,171,103.1,152,109.3,280,105.3,254,76.3,191,-1.5,263,-0.9,267,-0.6,238,-0.9,248,+0.3,134,+0.7,109,1.85,68,28.2,239,62.4,74,2008,0.35831702906878815,13,17,0.43333333333333335,30
1,Kansas,B12,37-3,+35.21,120.9,2,85.7,1,66.8,109,+.012,138,+9.57,14,109.2,8,99.6,35,-1.41,184,1,B12,66.8,109,120.9,2,56.6,5,19.1,60,36.3,26,36.4,178,85.7,1,44.3,9,21.9,115,26.6,26,31.0,64,66.8,109,68.5,120,120.9,2,116.6,2,85.7,1,89.5,4,77.0,99,+2.4,43,+1.6,33,+0.9,93,-2.1,330,-0.7,253,-0.3,191,2.23,18,29.4,213,82.6,7,2008,0.9812434159333008,37,3,0.925,40
26,Kansas St.,B12,21-12,+18.90,114.2,34,95.3,40,69.7,33,-.049,290,+9.09,27,108.0,38,98.9,14,-2.73,237,11,B12,69.7,33,114.2,34,49.5,180,20.7,160,41.1,2,37.4,143,95.3,40,48.3,97,22.4,86,29.1,94,38.3,204,69.7,33,71.7,32,114.2,34,108.1,59,95.3,40,95.9,43,77.3,54,+1.6,76,+0.9,77,+0.7,103,+0.1,143,+0.5,115,+1.7,44,0.99,288,32.2,138,28.4,315,2008,0.8890029663802482,21,12,0.6363636363636364,33
311,Kennesaw St.,ASun,10-20,-15.60,94.4,304,110.0,291,68.2,71,+.000,166,-8.52,319,98.1,322,106.6,285,-5.41,295,,ASun,68.2,71,94.4,304,46.3,299,24.3,314,35.4,40,36.2,184,110.0,291,52.5,274,26.6,4,41.3,341,41.7,278,68.2,71,71.9,29,94.4,304,94.6,284,110.0,291,103.5,206,77.2,62,+0.3,145,-0.6,249,+0.9,88,+1.4,44,+2.3,15,+0.7,103,1.19,247,32.5,128,50.7,179,2008,0.14694046121229629,10,20,0.3333333333333333,30
55,Kent St.,MAC,28-7,+13.04,107.8,105,94.8,34,65.1,171,+.075,26,+1.03,140,103.5,166,102.5,127,-0.11,151,9,MAC,65.1,171,107.8,105,51.9,87,22.3,249,33.6,83,41.2,48,94.8,34,46.5,35,24.4,21,33.2,257,37.9,193,65.1,171,65.3,231,107.8,105,105.3,107,94.8,34,94.2,23,76.0,237,-1.8,274,-1.0,282,-0.7,251,+0.6,122,-0.3,199,-1.3,254,1.73,101,32.2,139,55.5,134,2008,0.814246839735233,28,7,0.8,35
78,Kentucky,SEC,18-13,+10.01,107.8,104,97.8,67,62.4,282,+.010,147,+6.74,57,107.4,50,100.7,67,-3.13,249,11,SEC,62.4,282,107.8,104,52.7,54,23.1,285,30.8,181,41.1,49,97.8,67,45.1,18,19.2,266,31.0,166,42.1,281,62.4,282,65.7,219,107.8,104,103.2,150,97.8,67,98.5,81,77.9,23,+1.9,61,+0.5,102,+1.4,37,+1.5,41,+1.1,79,+2.7,17,1.51,162,28.8,226,53.8,149,2008,0.7539071728292134,18,13,0.5806451612903226,31
213,LIU Brooklyn,NEC,15-15,-5.17,100.6,215,105.8,209,69.4,37,-.024,227,-7.44,307,99.4,308,106.8,292,-6.90,312,,NEC,69.4,37,100.6,215,46.1,308,18.3,32,33.3,90,39.3,92,105.8,209,49.8,163,19.9,219,28.2,57,28.0,25,69.4,37,71.1,44,100.6,215,101.5,172,105.8,209,100.5,127,75.2,320,-4.2,333,-2.1,329,-2.0,325,-2.0,328,-1.7,305,+0.7,151,1.10,265,27.3,256,27.1,319,2008,0.3590292390317691,15,15,0.5,30
115,LSU,SEC,13-18,+5.20,104.9,148,99.7,89,65.6,152,-.080,328,+6.41,61,106.9,65,100.4,60,-1.03,176,,SEC,65.6,152,104.9,148,48.3,230,20.3,134,30.0,214,29.3,314,99.7,89,47.8,75,19.3,254,34.7,295,28.0,26,65.6,152,68.0,141,104.9,148,100.2,201,99.7,89,101.3,146,78.7,2,+3.6,14,+2.5,10,+1.1,57,+1.1,67,+2.6,9,+1.7,34,1.04,278,23.4,312,28.9,314,2008,0.6421438242614214,13,18,0.41935483870967744,31
147,La Salle,A10,15-17,+1.93,107.4,113,105.5,204,68.9,45,-.004,178,+3.33,103,105.6,97,102.3,120,-2.17,215,,A10,68.9,45,107.4,113,51.2,116,22.3,248,34.6,59,37.3,145,105.5,204,51.8,251,19.1,274,29.1,92,33.5,107,68.9,45,71.0,49,107.4,113,103.8,133,105.5,204,105.7,268,77.1,79,-1.0,229,-0.9,271,-0.1,177,+1.1,69,+2.3,12,+2.1,30,1.84,70,33.0,112,71.3,35,2008,0.5511371080891873,15,17,0.46875,32
185,Lafayette,Pat,15-15,-2.64,106.5,126,109.2,278,68.6,56,-.036,262,-4.88,255,99.2,311,104.1,170,-4.96,288,,Pat,68.6,56,106.5,126,53.2,44,23.4,295,33.2,92,41.9,39,109.2,278,50.2,187,23.9,34,36.9,329,41.2,267,68.6,56,69.6,85,106.5,126,105.0,113,109.2,278,103.3,203,75.5,290,-2.1,296,-1.0,285,-1.1,276,-0.5,216,-0.7,246,-0.3,196,2.21,21,32.4,132,65.5,62,2008,0.4285144108088674,15,15,0.5,30
160,Lamar,Slnd,19-11,+0.56,108.1,96,107.6,246,69.9,30,-.003,175,-4.57,246,99.1,313,103.7,161,+1.45,109,,Slnd,69.9,30,108.1,96,52.5,64,20.3,138,31.0,172,36.6,168,107.6,246,54.0,315,25.5,8,34.2,280,38.6,208,69.9,30,72.6,18,108.1,96,106.1,91,107.6,246,102.3,178,75.1,321,-1.8,277,-1.7,322,-0.1,199,-0.6,220,-2.7,330,-2.3,314,1.05,277,33.5,101,49.4,186,2008,0.5133255648197459,19,11,0.6333333333333333,30
250,Lehigh,Pat,14-15,-8.26,96.6,273,104.8,193,64.2,206,+.025,111,-6.99,299,98.8,317,105.8,247,-9.38,331,,Pat,64.2,206,96.6,273,46.1,305,20.2,120,27.4,281,37.3,146,104.8,193,48.9,119,21.2,156,29.4,102,37.3,187,64.2,206,65.0,254,96.6,273,97.2,251,104.8,193,99.1,90,75.5,284,-0.4,197,+0.3,129,-0.7,243,-1.9,326,-2.5,326,-3.3,322,1.24,236,32.5,126,56.9,119,2008,0.2815142402269039,14,15,0.4827586206896552,29
205,Liberty,BSth,16-16,-4.55,103.6,173,108.2,255,62.3,284,-.063,309,-6.02,282,101.8,233,107.8,319,-3.33,253,,BSth,62.3,284,103.6,173,54.6,14,20.3,137,24.3,320,30.7,299,108.2,255,51.3,233,19.6,244,29.7,112,35.0,141,62.3,284,65.1,247,103.6,173,105.4,102,108.2,255,104.8,244,75.7,268,-1.9,284,-0.8,262,-1.1,273,+0.1,152,-1.7,298,-0.1,181,1.82,82,20.3,335,50.9,175,2008,0.37763316583975504,16,16,0.5,32
197,Lipscomb,ASun,15-16,-3.59,101.3,203,104.9,197,66.2,132,-.077,323,-6.32,290,99.8,298,106.1,263,-2.59,229,,ASun,66.2,132,101.3,203,50.1,156,20.7,166,30.3,198,41.0,52,104.9,197,48.6,108,19.9,218,28.1,53,38.5,206,66.2,132,69.5,88,101.3,203,101.2,177,104.9,197,99.2,96,77.1,81,-0.9,225,-0.6,245,-0.3,217,-0.9,243,+1.3,66,+3.7,3,1.47,168,33.1,109,54.0,146,2008,0.4009297373691843,15,16,0.4838709677419355,31
304,Long Beach St.,BW,6-25,-14.88,96.3,277,111.2,306,62.9,267,-.082,330,-3.03,222,102.2,214,105.2,222,-3.44,259,,BW,62.9,267,96.3,277,49.3,183,24.0,310,25.6,310,35.2,210,111.2,306,52.9,292,19.1,268,32.6,235,31.4,70,62.9,267,65.4,229,96.3,277,95.0,277,111.2,306,108.5,305,75.8,262,+0.2,149,+1.2,48,-0.9,263,-0.6,222,-0.3,200,-3.3,324,0.64,322,34.5,76,3.7,336,2008,0.16051331398765686,6,25,0.1935483870967742,31
327,Longwood,ind,9-22,-18.61,97.9,253,116.5,340,66.5,122,-.009,194,-4.68,247,99.9,297,104.5,193,-1.94,206,,ind,66.5,122,97.9,253,45.2,318,22.5,263,32.8,110,31.8,278,116.5,340,56.3,335,23.1,59,32.5,232,39.3,228,66.5,122,70.3,64,97.9,253,94.1,293,116.5,340,110.7,328,75.8,249,-1.5,259,-1.4,304,-0.1,196,-0.6,219,+0.1,178,-1.3,258,1.51,161,30.2,195,52.3,162,2008,0.11916467607627215,9,22,0.2903225806451613,31
195,Louisiana Lafayette,SB,15-15,-3.42,97.6,260,101.0,116,63.5,238,+.035,89,-2.34,202,103.4,170,105.8,245,+2.16,96,,SB,63.5,238,97.6,260,47.7,254,21.8,228,33.0,105,38.8,109,101.0,116,47.9,78,23.1,57,35.8,314,45.0,314,63.5,238,65.3,235,97.6,260,98.0,234,101.0,116,100.1,121,76.7,128,-0.1,175,-0.6,237,+0.4,126,+1.5,37,+2.6,10,-1.1,233,0.90,299,46.7,1,37.0,283,2008,0.4028041219800275,15,15,0.5,30
269,Louisiana Monroe,SB,10-21,-10.02,102.1,191,112.1,319,65.1,170,-.031,250,+1.14,137,103.8,155,102.7,137,+10.35,10,,SB,65.1,170,102.1,191,49.3,184,22.9,276,30.4,196,40.3,67,112.1,319,52.8,285,19.7,240,37.6,334,38.7,209,65.1,170,66.7,180,102.1,191,99.3,218,112.1,319,111.3,333,73.8,340,-6.1,341,-3.1,339,-3.0,340,-1.9,323,-2.4,324,-3.3,329,1.69,111,29.3,215,78.6,14,2008,0.25453991015372984,10,21,0.3225806451612903,31
328,Louisiana Tech,WAC,6-24,-19.10,93.3,312,112.4,322,63.2,254,-.003,177,-4.94,257,101.2,257,106.1,265,-9.31,329,,WAC,63.2,254,93.3,312,45.0,321,18.7,53,22.0,332,31.2,289,112.4,322,54.7,325,22.0,110,34.6,294,35.5,149,63.2,254,65.8,209,93.3,312,92.4,309,112.4,322,108.9,308,74.7,334,-4.9,337,-2.8,336,-2.0,331,-1.5,307,-1.7,300,-1.5,292,0.78,312,28.6,233,26.1,320,2008,0.10509959197883431,6,24,0.2,30
8,Louisville,BE,27-9,+25.41,113.1,40,87.7,4,65.3,160,-.057,300,+9.34,21,108.4,28,99.0,17,+0.79,126,3,BE,65.3,160,113.1,40,53.1,45,20.2,129,32.4,121,36.5,175,87.7,4,44.0,7,21.2,153,29.0,87,33.4,105,65.3,160,67.1,169,113.1,40,107.3,67,87.7,4,91.2,7,76.7,122,+1.5,77,+0.7,86,+0.8,97,-0.8,233,-0.7,248,-1.3,249,1.83,77,32.7,121,75.5,18,2008,0.9490700070671076,27,9,0.75,36
199,Loyola Chicago,Horz,12-19,-3.88,100.1,220,104.0,178,60.3,322,+.037,86,+2.28,116,104.3,127,102.0,109,+1.49,108,,Horz,60.3,322,100.1,220,44.5,324,19.4,76,31.1,168,32.2,270,104.0,178,50.9,215,21.0,162,31.7,190,35.9,159,60.3,322,60.7,327,100.1,220,96.5,260,104.0,178,104.4,229,77.2,63,+0.5,135,-0.5,218,+0.9,81,+2.1,9,+0.7,104,+1.7,61,1.59,135,32.4,133,52.6,160,2008,0.39184964281476037,12,19,0.3870967741935484,31
163,Loyola MD,MAAC,19-14,+0.08,108.1,99,108.0,253,64.7,185,+.052,52,-3.03,221,101.9,226,104.9,202,-3.35,254,,MAAC,64.7,185,108.1,99,50.4,145,21.5,210,34.0,72,38.9,106,108.0,253,48.2,95,18.4,297,32.1,211,44.1,307,64.7,185,67.3,164,108.1,99,106.3,88,108.0,253,104.9,247,75.4,304,-2.5,312,-0.6,248,-1.9,317,-2.7,332,-1.7,308,-0.1,180,1.79,88,26.9,263,65.2,64,2008,0.5026607802553996,19,14,0.5757575757575758,33
332,Loyola Marymount,WCC,5-26,-22.33,91.2,324,113.6,326,68.2,70,+.066,33,-0.71,167,102.0,222,102.7,136,-1.57,193,,WCC,68.2,70,91.2,324,45.2,319,25.7,333,26.9,289,37.1,154,113.6,326,55.3,328,20.4,190,32.6,237,40.6,255,68.2,70,70.4,60,91.2,324,86.7,334,113.6,326,110.6,327,76.8,116,+0.8,117,+0.9,72,-0.2,211,-0.9,245,+0.7,108,-0.2,183,0.64,323,37.9,34,31.8,301,2008,0.07407404927506937,5,26,0.16129032258064516,31
322,Maine,AE,7-23,-17.82,92.6,318,110.4,301,66.3,130,-.034,255,-5.33,264,100.5,278,105.9,250,-2.59,230,,AE,66.3,130,92.6,318,46.6,291,26.9,336,32.3,125,40.0,78,110.4,301,50.3,194,19.4,251,31.0,164,35.0,142,66.3,130,68.5,119,92.6,318,91.1,322,110.4,301,105.5,262,78.1,11,+0.5,137,+0.0,155,+0.4,121,+2.1,22,+3.2,6,+3.7,2,1.10,267,36.1,58,38.8,270,2008,0.11691839409331665,7,23,0.23333333333333334,30
238,Manhattan,MAAC,12-19,-7.41,101.8,194,109.3,279,66.0,139,-.061,307,-4.72,249,100.6,276,105.4,225,-8.85,326,,MAAC,66.0,139,101.8,194,48.5,226,20.2,131,31.3,157,38.8,108,109.3,279,53.6,308,22.7,71,31.5,185,42.8,292,66.0,139,68.1,133,101.8,194,101.6,171,109.3,279,104.1,219,76.1,219,-2.8,319,-1.8,324,-1.1,292,+0.1,165,+0.7,107,+1.5,78,1.16,257,40.4,13,59.1,96,2008,0.3062962240876047,12,19,0.3870967741935484,31
148,Marist,MAAC,18-14,+1.92,106.3,128,104.4,187,63.3,250,+.018,126,-0.41,162,103.4,173,103.8,164,+4.00,59,,MAAC,63.3,250,106.3,128,52.1,82,20.3,142,32.4,122,35.8,199,104.4,187,47.2,56,18.3,303,30.4,136,35.9,158,63.3,250,65.7,218,106.3,128,104.9,119,104.4,187,102.8,189,76.3,187,-0.1,173,-0.5,218,+0.4,129,+1.1,81,+0.9,90,-1.3,267,1.52,152,30.6,186,31.1,306,2008,0.5516672894616095,18,14,0.5625,32
14,Marquette,BE,25-10,+22.16,115.3,20,93.1,21,66.6,118,-.027,240,+8.62,32,107.9,41,99.3,26,-6.37,307,6,BE,66.6,118,115.3,20,50.6,141,18.4,37,36.6,23,37.5,138,93.1,21,46.3,30,23.5,46,31.3,174,41.0,262,66.6,118,68.5,117,115.3,20,110.0,34,93.1,21,94.3,25,75.8,243,+0.4,142,+0.7,85,-0.4,219,-0.9,246,-2.3,323,-3.3,321,2.21,20,30.7,184,81.9,8,2008,0.9212481230506315,25,10,0.7142857142857143,35
139,Marshall,CUSA,16-14,+2.56,106.2,130,103.6,171,62.9,265,-.007,190,+1.62,126,103.6,161,102.0,107,-1.85,202,,CUSA,62.9,265,106.2,130,47.0,277,19.1,63,35.3,43,43.5,24,103.6,171,50.9,212,21.5,139,30.4,138,39.0,215,62.9,265,64.0,286,106.2,130,103.4,142,103.6,171,103.0,195,75.7,265,-2.1,297,-1.0,287,-1.1,278,-0.7,225,-0.5,209,+0.7,151,1.27,228,31.5,154,48.6,194,2008,0.5707833612242298,16,14,0.5333333333333333,30
63,Maryland,ACC,19-15,+11.99,107.1,116,95.1,38,69.9,26,-.044,279,+7.39,49,106.6,74,99.2,22,-2.75,239,5,ACC,69.9,26,107.1,116,50.9,131,23.2,288,32.8,112,37.5,139,95.1,38,44.4,12,19.4,253,32.8,241,30.9,58,69.9,26,72.1,27,107.1,116,101.3,175,95.1,38,96.3,48,77.9,22,+0.7,118,-0.5,218,+1.2,52,+1.6,33,+1.3,41,+2.7,8,1.39,191,21.4,325,48.1,196,2008,0.7968288346543387,19,15,0.5588235294117647,34
340,Maryland Eastern Shore,MEAC,4-28,-28.29,86.1,338,114.4,332,67.1,102,-.004,180,-8.45,317,97.8,325,106.2,272,+0.24,139,,MEAC,67.1,102,86.1,338,39.4,341,21.9,230,32.9,109,37.8,134,114.4,332,53.4,305,22.3,94,39.1,340,40.7,257,67.1,102,68.5,113,86.1,338,85.6,336,114.4,332,108.6,306,75.8,248,-0.4,195,-0.3,204,-0.1,181,-0.4,205,-3.7,339,-1.3,285,1.04,279,35.1,71,41.0,253,2008,0.03667822722544457,4,28,0.125,32
52,Massachusetts,A10,25-11,+13.10,110.5,63,97.3,65,74.6,3,+.005,156,+5.26,83,107.3,57,102.0,108,+0.21,141,2,A10,74.6,3,110.5,63,51.4,113,17.6,18,29.4,236,38.6,115,97.3,65,47.6,69,19.6,245,31.8,193,37.9,196,74.6,3,75.7,4,110.5,63,107.3,68,97.3,65,99.7,109,77.3,51,+2.0,60,+1.0,62,+0.9,69,+3.1,2,+0.1,180,+0.7,142,1.91,49,24.2,302,43.4,229,2008,0.8119895791704556,25,11,0.6944444444444444,36
236,McNeese St.,Slnd,13-16,-7.26,96.6,272,103.8,175,65.2,163,+.004,158,-2.46,205,100.8,272,103.3,154,+4.78,48,,Slnd,65.2,163,96.6,272,46.1,304,25.3,328,35.4,41,34.1,239,103.8,175,45.8,25,18.1,305,29.7,114,41.0,264,65.2,163,67.9,142,96.6,272,93.3,301,103.8,175,100.1,120,76.6,145,-0.1,171,-0.0,162,-0.1,196,+1.3,52,+0.9,86,-1.3,263,1.80,86,27.4,255,69.3,43,2008,0.3043426249465671,13,16,0.4482758620689655,29
2,Memphis,CUSA,38-2,+31.51,118.0,6,86.5,2,68.1,76,+.012,141,+5.83,72,107.0,62,101.1,79,+5.45,39,1,CUSA,68.1,76,118.0,6,52.8,53,16.5,8,37.6,16,40.4,65,86.5,2,43.4,6,21.9,119,26.9,29,31.7,73,68.1,76,69.9,72,118.0,6,113.8,8,86.5,2,88.1,2,77.9,25,+2.3,50,+0.9,68,+1.3,44,+2.1,22,+2.7,8,+0.8,99,1.89,56,31.4,156,71.2,38,2008,0.9726474632459725,38,2,0.95,40
281,Mercer,ASun,11-19,-11.85,97.6,257,109.5,283,70.9,17,-.046,287,-8.20,316,99.6,300,107.8,320,-3.75,267,,ASun,70.9,17,97.6,257,48.0,246,20.2,127,33.1,96,35.0,220,109.5,283,49.0,121,18.5,289,35.8,315,28.3,29,70.9,17,74.7,10,97.6,257,100.0,203,109.5,283,104.2,222,76.6,139,-1.1,238,-1.1,289,-0.1,191,+1.4,46,-0.0,183,-0.3,189,1.56,141,29.2,218,63.0,69,2008,0.21031277164447368,11,19,0.36666666666666664,30
37,Miami FL,ACC,23-11,+15.38,112.5,44,97.1,61,65.8,145,-.003,176,+7.78,44,106.7,70,98.9,16,-5.55,296,7,ACC,65.8,145,112.5,44,49.2,189,19.0,55,34.8,55,39.1,97,97.1,61,47.0,47,20.2,200,32.1,213,35.4,148,65.8,145,68.3,125,112.5,44,107.2,71,97.1,61,98.9,89,76.9,108,+1.3,88,+0.1,149,+1.2,49,-0.9,237,-0.3,197,+0.7,106,1.83,78,34.8,74,62.9,70,2008,0.844609912911407,23,11,0.6764705882352942,34
81,Miami OH,MAC,17-16,+9.63,108.4,90,98.7,79,58.0,335,-.038,266,+6.42,60,106.4,79,100.0,50,+13.46,2,,MAC,58.0,335,108.4,90,51.5,109,19.7,90,29.2,243,31.0,295,98.7,79,48.6,107,20.1,208,31.5,186,30.9,57,58.0,335,59.2,336,108.4,90,103.4,141,98.7,79,100.9,138,76.7,131,-0.6,209,-0.6,244,+0.0,161,+1.1,61,+0.3,127,-0.1,177,1.54,146,24.2,303,57.8,111,2008,0.7461240553341358,17,16,0.5151515151515151,33
137,Michigan,B10,10-22,+2.70,104.4,162,101.7,129,64.1,210,-.037,264,+9.46,17,107.9,39,98.5,9,+4.56,49,,B10,64.1,210,104.4,162,45.8,312,19.8,99,32.0,138,28.4,319,101.7,129,51.5,242,20.6,182,34.0,273,27.5,21,64.1,210,64.0,284,104.4,162,97.8,238,101.7,129,105.4,257,77.4,47,+2.7,39,+1.5,35,+1.2,55,+1.5,39,+0.8,98,-0.5,225,0.86,304,31.6,150,29.1,312,2008,0.5747669499547398,10,22,0.3125,32
19,Michigan St.,B10,27-9,+21.15,115.8,17,94.7,33,63.3,253,+.032,94,+8.71,31,108.2,32,99.5,32,+0.59,128,5,B10,63.3,253,115.8,17,52.5,60,20.7,163,38.0,13,33.4,253,94.7,33,46.0,26,18.4,298,29.5,108,33.2,102,63.3,253,64.1,282,115.8,17,110.7,28,94.7,33,97.7,68,76.8,118,+2.8,33,+1.5,35,+1.3,47,-0.9,275,-1.7,297,+0.7,151,1.90,55,30.0,199,71.3,36,2008,0.9099669534296149,27,9,0.75,36
165,Middle Tennessee,SB,17-15,-0.16,104.9,145,105.1,200,62.1,288,+.065,37,-0.54,165,104.6,119,105.1,215,+3.67,66,,SB,62.1,288,104.9,145,51.6,101,21.4,205,27.9,278,41.4,43,105.1,200,51.7,250,20.3,198,29.5,106,46.4,324,62.1,288,64.8,259,104.9,145,103.2,148,105.1,200,106.2,278,76.7,123,-1.8,273,-0.0,166,-1.7,312,+0.1,165,+0.3,157,+0.7,100,1.37,203,23.2,313,57.8,112,2008,0.4945240268226476,17,15,0.53125,32
167,Milwaukee,Horz,14-16,-0.26,100.7,214,100.9,114,67.0,104,+.035,91,+2.19,120,104.3,123,102.2,113,+4.10,55,,Horz,67.0,104,100.7,214,44.8,322,18.3,31,31.2,163,35.6,201,100.9,114,50.5,199,19.3,259,25.8,11,36.5,169,67.0,104,67.3,162,100.7,214,97.3,243,100.9,114,101.4,147,75.5,279,-1.9,282,-1.7,318,-0.2,213,-1.2,288,-0.7,250,+1.0,93,1.52,157,34.5,79,58.2,108,2008,0.4942958805283199,14,16,0.4666666666666667,30
70,Minnesota,B10,20-14,+11.34,108.4,89,97.1,60,65.1,169,-.025,233,+5.28,82,105.5,99,100.2,55,-6.47,308,4,B10,65.1,169,108.4,89,50.2,155,21.2,192,34.0,71,34.9,222,97.1,60,48.5,103,24.3,26,31.4,179,39.5,231,65.1,169,65.4,230,108.4,89,104.3,127,97.1,60,97.1,55,76.9,106,+2.2,52,+0.5,102,+1.7,24,+0.6,111,-0.1,188,+0.7,124,1.86,63,38.2,33,62.0,78,2008,0.7800567659092978,20,14,0.5882352941176471,34
50,Mississippi,SEC,24-11,+13.49,114.2,32,100.7,108,69.3,40,+.010,146,+5.66,78,106.7,69,101.0,76,-2.47,225,2,SEC,69.3,40,114.2,32,52.0,85,18.4,40,37.9,14,30.0,307,100.7,108,49.5,149,19.3,261,28.8,80,34.4,128,69.3,40,71.2,43,114.2,32,110.8,27,100.7,108,102.0,170,76.7,125,+0.7,123,-0.3,206,+1.0,61,+1.1,77,-0.8,260,-0.3,221,1.14,258,27.1,259,42.3,238,2008,0.8094997906862514,24,11,0.6857142857142857,35
33,Mississippi St.,SEC,23-11,+16.77,108.2,92,91.5,11,66.6,117,-.043,278,+6.22,66,108.1,35,101.8,98,-1.48,187,8,SEC,66.6,117,108.2,92,52.2,77,21.1,184,33.6,84,39.0,104,91.5,11,42.5,3,17.5,322,29.0,85,28.0,27,66.6,117,69.0,99,108.2,92,104.9,115,91.5,11,94.3,24,77.1,84,-1.2,242,+0.1,143,-1.3,297,-0.7,226,+1.3,66,+2.7,13,1.66,117,21.2,328,60.4,85,2008,0.8730154172679387,23,11,0.6764705882352942,34
306,Mississippi Valley St.,SWAC,17-16,-15.21,91.9,323,107.1,236,63.0,259,+.115,3,-11.00,332,96.7,331,107.7,315,+13.04,4,16,SWAC,63.0,259,91.9,323,43.4,334,21.0,179,30.7,186,40.3,68,107.1,236,49.8,166,22.4,85,33.1,253,36.9,178,63.0,259,65.0,252,91.9,323,91.5,318,107.1,236,101.3,145,75.3,309,-1.3,249,-0.6,239,-0.7,250,-0.6,223,-1.0,269,-3.3,323,1.62,126,30.0,198,45.6,216,2008,0.1467637398144124,17,16,0.5151515151515151,33
54,Missouri,B12,16-16,+13.04,113.3,38,100.2,98,69.3,39,-.105,338,+8.57,33,107.1,59,98.6,10,-0.90,173,,B12,69.3,39,113.3,38,50.7,137,17.7,21,29.6,224,30.8,297,100.2,98,48.8,115,22.9,64,34.2,276,42.9,293,69.3,39,71.5,37,113.3,38,106.7,84,100.2,98,100.1,122,77.2,77,+1.3,89,-0.0,161,+1.3,45,+1.1,90,+0.3,152,+1.7,37,1.89,59,38.5,28,73.4,25,2008,0.8042412516204355,16,16,0.5,32
89,Missouri St.,MVC,17-16,+8.39,108.2,95,99.8,92,65.1,173,-.063,311,+4.86,90,105.8,92,100.9,73,+1.60,104,,MVC,65.1,173,108.2,95,51.6,103,22.1,239,34.2,67,34.8,225,99.8,92,49.6,157,22.5,81,29.8,117,35.2,143,65.1,173,64.7,263,108.2,95,103.5,138,99.8,92,99.9,114,75.7,266,-2.8,316,-1.7,321,-1.1,286,-0.9,274,-0.7,232,+0.9,97,1.53,151,31.6,151,51.7,168,2008,0.7169437218114858,17,16,0.5151515151515151,33
309,Monmouth,NEC,7-24,-15.45,93.0,315,108.5,260,60.3,320,-.023,223,-5.08,261,101.1,260,106.2,270,-1.98,209,,NEC,60.3,320,93.0,315,47.0,276,22.2,243,22.3,331,30.8,296,108.5,260,50.3,188,22.5,82,36.3,320,42.8,291,60.3,320,63.3,297,93.0,315,92.4,310,108.5,260,104.3,224,75.1,324,-2.5,310,-0.5,235,-2.0,320,-1.6,311,-0.7,224,-1.3,264,1.03,280,31.2,164,35.5,291,2008,0.14520280544321243,7,24,0.22580645161290322,31
196,Montana,BSky,14-16,-3.52,106.9,121,110.4,300,62.2,285,-.080,327,-3.97,237,101.9,227,105.8,249,+2.41,85,,BSky,62.2,285,106.9,121,54.4,20,19.1,61,26.8,291,33.6,245,110.4,300,51.2,230,18.0,308,30.0,123,36.4,166,62.2,285,63.2,299,106.9,121,107.2,73,110.4,300,106.7,285,77.1,90,+2.7,38,+1.1,54,+1.6,29,-0.9,249,+0.3,159,+1.7,45,1.88,61,26.3,274,57.6,115,2008,0.4084231977806592,14,16,0.4666666666666667,30
230,Montana St.,BSky,15-15,-6.95,104.8,150,111.8,317,66.4,125,+.015,129,-4.18,239,101.3,253,105.5,233,-0.33,156,,BSky,66.4,125,104.8,150,50.7,136,20.2,125,30.5,192,37.6,136,111.8,317,52.2,266,20.0,209,29.0,89,44.2,309,66.4,125,68.4,121,104.8,150,105.0,112,111.8,317,107.5,291,76.2,212,+0.1,157,+0.5,99,-0.4,221,-1.9,318,-0.3,202,+0.7,136,1.23,239,34.4,81,50.8,177,2008,0.32222516239356475,15,15,0.5,30
287,Morehead St.,OVC,15-15,-12.64,95.3,292,107.9,250,62.6,274,+.093,9,-7.16,303,101.8,231,109.0,338,+8.74,13,,OVC,62.6,274,95.3,292,47.9,249,22.5,257,31.3,158,40.0,79,107.9,250,55.5,331,22.7,68,25.3,8,44.4,310,62.6,274,64.5,271,95.3,292,97.9,237,107.9,250,105.5,264,75.8,258,-4.2,332,-2.1,328,-2.0,328,-0.5,212,+0.3,139,+1.1,89,0.79,310,26.4,272,37.2,282,2008,0.19340843813945105,15,15,0.5,30
169,Morgan St.,MEAC,22-11,-1.01,100.0,222,101.0,118,64.7,188,+.015,131,-9.48,325,98.3,320,107.7,317,+1.01,119,8,MEAC,64.7,188,100.0,222,47.4,263,19.4,82,36.9,20,37.6,135,101.0,118,45.7,23,21.7,129,29.7,110,43.1,298,64.7,188,65.1,248,100.0,222,102.3,161,101.0,118,94.5,28,75.6,274,-0.4,192,+0.5,118,-0.8,257,-0.9,279,-2.6,328,-2.3,307,1.25,233,28.1,243,42.8,235,2008,0.4714239730867646,22,11,0.6666666666666666,33
173,Mount St. Mary's,NEC,19-15,-1.32,99.3,233,100.6,106,66.1,138,+.014,135,-5.35,265,101.6,241,106.9,295,-0.05,148,16,NEC,66.1,138,99.3,233,49.8,170,20.8,172,28.3,263,38.7,112,100.6,106,47.2,52,21.2,152,31.9,202,38.0,198,66.1,138,68.5,114,99.3,233,100.7,188,100.6,106,98.3,74,75.6,272,-0.1,174,-0.3,202,+0.2,141,-0.3,197,-1.7,296,-2.3,311,1.51,163,31.3,160,72.6,29,2008,0.4626753395379576,19,15,0.5588235294117647,34
202,Murray St.,OVC,18-13,-3.97,104.3,164,108.3,256,63.8,227,-.023,226,-8.80,321,100.8,271,109.6,340,+4.03,57,,OVC,63.8,227,104.3,164,54.3,21,21.5,211,31.1,169,37.2,148,108.3,256,49.6,155,19.9,220,31.5,183,41.7,277,63.8,227,66.1,198,104.3,164,108.6,51,108.3,256,104.1,218,76.0,228,-3.0,321,-0.9,272,-2.0,326,+0.1,177,-0.2,190,+1.7,61,1.02,283,32.9,114,55.2,135,2008,0.3934606346981584,18,13,0.5806451612903226,31
110,N.C. State,ACC,15-16,+5.65,107.6,110,101.9,134,62.7,272,+.043,71,+9.18,24,108.6,19,99.4,30,-1.93,205,,ACC,62.7,272,107.6,110,51.2,115,23.2,287,29.3,240,46.6,10,101.9,134,47.5,64,16.4,337,34.7,296,26.7,15,62.7,272,66.1,201,107.6,110,101.5,173,101.9,134,104.6,234,78.7,1,+3.5,20,+1.0,63,+2.4,3,+3.1,1,+3.3,1,+2.0,32,1.55,142,31.9,142,62.4,75,2008,0.6515660611426936,15,16,0.4838709677419355,31
341,NJIT,ind,0-29,-32.79,77.2,341,110.0,293,69.7,31,-.025,235,-5.53,270,102.2,212,107.7,318,-3.13,251,,ind,69.7,31,77.2,341,40.2,340,27.6,339,27.9,277,40.1,72,110.0,293,53.7,309,20.2,201,31.0,165,45.8,318,69.7,31,71.3,42,77.2,341,78.2,340,110.0,293,108.1,296,76.4,180,-0.2,182,+0.0,154,-0.2,215,-0.9,240,+0.5,114,-0.6,227,0.66,321,32.7,122,32.9,299,2008,0.01675880852167259,0,29,0.0,29
200,Navy,Pat,16-14,-3.92,101.5,199,105.4,203,73.3,6,-.069,317,-8.48,318,97.3,327,105.7,242,-11.64,339,,Pat,73.3,6,101.5,199,48.3,234,21.4,207,30.6,191,34.5,229,105.4,203,48.5,105,24.7,15,33.7,267,43.5,304,73.3,6,74.6,11,101.5,199,101.2,178,105.4,203,97.1,56,77.1,82,-0.5,205,+0.3,126,-0.8,256,+0.1,140,+1.3,62,+2.7,11,1.73,103,28.1,245,53.9,148,2008,0.3932684132503912,16,14,0.5333333333333333,30
39,Nebraska,B12,20-13,+15.31,108.0,101,92.7,19,61.6,297,-.042,272,+6.19,69,106.4,81,100.2,54,-12.71,340,3,B12,61.6,297,108.0,101,51.2,117,20.4,146,30.7,185,38.6,116,92.7,19,47.3,59,23.7,40,27.8,47,32.0,81,61.6,297,63.9,287,108.0,101,103.7,136,92.7,19,93.2,14,75.1,326,+0.2,150,+1.9,26,-1.6,309,-1.2,289,-2.7,334,-4.3,336,1.20,246,33.3,105,53.5,151,2008,0.8528048743766113,20,13,0.6060606060606061,33
101,Nevada,WAC,21-12,+6.59,108.5,88,101.9,133,67.2,97,+.013,136,+0.09,153,104.8,113,104.7,198,+5.58,36,,WAC,67.2,97,108.5,88,53.0,48,19.9,105,31.3,161,36.9,162,101.9,133,47.5,65,17.3,327,30.3,135,32.1,84,67.2,97,69.2,94,108.5,88,107.7,62,101.9,133,101.7,161,78.4,6,+4.0,12,+3.2,5,+0.8,95,+0.4,129,+1.6,33,+3.7,4,1.22,242,28.2,240,39.0,267,2008,0.672985589125222,21,12,0.6363636363636364,33
276,New Hampshire,AE,9-20,-11.35,97.2,264,108.5,263,65.1,168,-.050,291,-6.18,284,100.9,267,107.1,304,-4.43,278,,AE,65.1,168,97.2,264,47.1,274,19.6,89,29.1,250,33.5,249,108.5,263,52.8,288,21.9,114,28.7,76,39.1,218,65.1,168,66.5,188,97.2,264,98.8,222,108.5,263,104.8,241,76.1,220,-2.3,307,-0.3,200,-2.0,321,-1.9,322,-0.7,225,+1.7,61,1.28,227,23.9,309,23.8,323,2008,0.2201549194521691,9,20,0.3103448275862069,29
32,New Mexico,MWC,24-9,+17.08,111.1,54,94.0,30,64.4,196,-.046,285,+1.13,138,104.0,148,102.9,143,-3.87,269,5,MWC,64.4,196,111.1,54,54.1,28,17.9,23,30.1,207,40.2,71,94.0,30,47.8,72,23.6,42,24.7,4,41.3,271,64.4,196,66.0,203,111.1,54,110.0,35,94.0,30,92.2,10,76.5,147,+0.5,136,+0.5,111,-0.1,184,+1.1,70,+0.2,173,-2.3,299,1.45,173,36.9,49,58.6,103,2008,0.8723683101157474,24,9,0.7272727272727273,33
100,New Mexico St.,WAC,21-14,+6.85,108.1,97,101.3,122,69.7,32,-.060,304,-2.20,196,103.5,167,105.7,240,+4.00,58,,WAC,69.7,32,108.1,97,52.4,66,21.9,231,40.6,4,39.0,105,101.3,122,49.6,156,21.3,148,28.2,59,33.2,101,69.7,32,72.5,20,108.1,97,108.1,58,101.3,122,98.7,84,77.3,52,+2.2,51,+1.3,45,+0.9,71,+0.4,127,+0.7,103,+0.4,169,1.76,94,33.1,110,49.8,184,2008,0.6785592582582028,21,14,0.6,35
179,New Orleans,SB,19-13,-2.07,104.7,158,106.7,228,68.2,73,+.048,61,-3.36,227,101.8,229,105.2,220,-5.63,299,,SB,68.2,73,104.7,158,49.5,181,17.4,17,27.3,282,36.8,163,106.7,228,51.7,249,21.5,140,32.0,206,40.3,247,68.2,73,68.9,104,104.7,158,104.9,118,106.7,228,104.0,215,75.2,319,-2.1,298,+0.5,112,-2.6,337,-0.9,269,-2.1,321,-1.3,256,2.06,33,34.1,86,55.5,133,2008,0.44581278465274227,19,13,0.59375,32
135,Niagara,MAAC,19-10,+2.92,106.7,125,103.7,172,69.9,29,+.025,112,-2.32,201,102.8,199,105.1,216,+0.21,140,,MAAC,69.9,29,106.7,125,46.8,285,18.6,46,35.8,31,44.3,20,103.7,172,49.2,132,21.4,143,35.0,303,35.9,161,69.9,29,71.5,36,106.7,125,106.8,80,103.7,172,101.8,164,75.3,308,-2.2,302,-0.4,207,-1.9,316,-2.9,337,-0.7,253,+0.7,145,1.41,186,17.4,340,40.5,254,2008,0.5812651202163392,19,10,0.6551724137931034,29
242,Nicholls St.,Slnd,10-21,-7.52,94.9,299,102.4,146,64.8,180,-.045,283,-0.72,168,102.8,200,103.5,159,+7.30,27,,Slnd,64.8,180,94.9,299,47.8,253,25.3,327,28.0,270,35.4,205,102.4,146,53.2,299,26.7,2,34.2,277,43.3,301,64.8,180,68.0,137,94.9,299,91.8,314,102.4,146,101.1,142,76.0,230,-0.4,201,-0.4,212,-0.1,186,+0.1,136,-0.8,259,-1.3,260,1.57,139,34.5,77,51.5,170,2008,0.29427216698315584,10,21,0.3225806451612903,31
290,Norfolk St.,MEAC,16-15,-13.04,97.0,267,110.0,292,68.7,49,+.057,43,-12.79,337,95.4,337,108.2,325,-7.47,317,,MEAC,68.7,49,97.0,267,48.3,236,21.3,200,34.8,56,29.8,310,110.0,292,49.5,152,22.6,77,34.4,289,44.9,313,68.7,49,69.5,87,97.0,267,99.6,211,110.0,292,101.5,149,76.5,165,+0.3,148,+1.1,52,-0.9,260,+0.1,165,-1.7,292,+0.7,151,1.81,83,24.5,297,53.3,153,2008,0.19056425587956985,16,15,0.5161290322580645,31
3,North Carolina,ACC,36-3,+30.22,122.1,1,91.9,14,72.5,9,+.050,55,+10.18,7,108.0,36,97.8,2,+1.50,107,1,ACC,72.5,9,122.1,1,53.0,49,18.7,51,41.3,1,38.0,128,91.9,14,48.2,90,20.6,179,27.2,34,25.7,11,72.5,9,75.4,5,122.1,1,116.2,3,91.9,14,95.3,34,77.3,56,+0.9,106,+0.5,102,+0.4,130,+1.1,77,+2.2,25,+1.4,80,1.69,109,30.4,194,66.6,60,2008,0.9633005094518708,36,3,0.9230769230769231,39
308,North Carolina A&T,MEAC,15-16,-15.38,96.1,281,111.5,311,67.3,95,+.091,12,-7.58,309,98.8,318,106.4,277,+12.90,5,,MEAC,67.3,95,96.1,281,50.4,146,24.9,322,29.1,247,42.1,34,111.5,311,51.4,238,19.3,257,33.1,252,31.6,72,67.3,95,68.3,123,96.1,281,95.7,273,111.5,311,105.9,272,76.0,236,-0.3,188,-0.3,193,-0.1,188,-0.4,203,-2.5,327,-0.3,221,1.62,125,37.4,40,66.7,59,2008,0.1532537963304018,15,16,0.4838709677419355,31
334,North Carolina Central,ind,4-26,-23.17,85.3,340,108.5,262,68.3,66,+.032,93,+5.67,77,106.6,72,100.9,74,+7.81,20,,ind,68.3,66,85.3,340,41.5,338,28.5,341,26.2,301,31.8,280,108.5,262,53.9,311,20.9,170,38.9,339,39.3,223,68.3,66,71.0,47,85.3,340,77.1,341,108.5,262,112.0,334,75.4,299,-2.5,309,-1.4,303,-1.0,270,-0.9,277,-1.3,281,-1.1,234,0.00,339,30.2,196,0.0,0,2008,0.05915480672893396,4,26,0.13333333333333333,30
136,North Dakota St.,Sum,16-13,+2.88,107.0,120,104.1,181,67.0,106,-.065,314,-2.23,198,103.5,168,105.8,243,+1.44,110,,Sum,67.0,106,107.0,120,51.9,92,19.8,96,30.5,194,40.1,74,104.1,181,49.4,147,18.4,295,26.9,28,36.7,173,67.0,106,69.2,96,107.0,120,107.6,66,104.1,181,102.0,171,76.5,160,-0.5,206,-0.5,232,-0.1,173,+0.1,150,+1.3,44,-0.3,212,2.17,25,26.1,276,69.6,41,2008,0.5783451815254982,16,13,0.5517241379310345,29
337,North Florida,ASun,3-26,-23.54,86.3,337,109.9,289,64.4,197,-.061,306,-5.56,272,100.0,293,105.5,236,+1.95,98,,ASun,64.4,197,86.3,337,42.8,336,24.1,312,29.3,239,36.2,182,109.9,289,50.7,208,20.8,174,34.8,300,52.7,338,64.4,197,68.5,118,86.3,337,85.5,337,109.9,289,106.1,275,76.7,132,-0.7,217,-0.7,251,-0.1,187,+1.5,34,-0.9,265,-0.3,204,1.51,160,36.3,53,41.6,244,2008,0.05841320645068819,3,26,0.10344827586206896,29
133,North Texas,SB,20-11,+3.11,105.9,135,102.8,153,68.0,77,-.024,228,-3.74,234,102.8,195,106.6,284,-1.79,200,,SB,68.0,77,105.9,135,51.9,93,21.4,202,34.7,57,40.5,62,102.8,153,48.9,120,19.8,233,28.3,60,39.1,220,68.0,77,69.6,82,105.9,135,107.3,70,102.8,153,100.6,132,76.3,194,+1.2,92,+0.3,124,+0.9,94,-0.7,224,-0.4,204,-1.3,266,1.49,165,36.3,55,49.0,190,2008,0.5845946341363429,20,11,0.6451612903225806,31
153,Northeastern,CAA,14-17,+1.42,103.2,179,101.7,131,61.4,302,-.043,277,+0.95,142,103.5,169,102.5,128,+7.70,23,,CAA,61.4,302,103.2,179,46.7,286,20.1,117,32.2,132,36.4,177,101.7,131,49.5,153,21.8,125,31.4,178,34.0,120,61.4,302,62.7,303,103.2,179,100.5,194,101.7,131,100.8,134,78.2,9,+2.1,54,+0.2,135,+1.9,14,+0.9,97,+2.3,17,-1.2,237,1.25,232,23.7,310,44.4,223,2008,0.5419952853972051,14,17,0.45161290322580644,31
152,Northern Arizona,BSky,21-11,+1.43,105.6,139,104.2,183,66.2,135,+.048,59,-4.70,248,101.6,238,106.3,275,-0.79,169,,BSky,66.2,135,105.6,139,54.6,15,22.3,253,28.2,266,46.7,8,104.2,183,50.1,175,19.8,227,25.7,10,37.9,195,66.2,135,67.5,154,105.6,139,105.8,97,104.2,183,101.2,144,76.8,121,+0.6,127,+0.9,73,-0.3,218,-0.9,258,+0.3,156,+2.1,29,1.38,200,37.8,35,41.4,246,2008,0.538295299341839,21,11,0.65625,32
235,Northern Colorado,BSky,13-16,-7.22,100.0,221,107.3,243,67.7,85,-.011,198,-4.78,251,101.3,252,106.1,264,-1.42,185,,BSky,67.7,85,100.0,221,48.9,205,23.2,290,32.2,133,42.1,33,107.3,243,52.3,271,22.1,102,28.6,72,39.1,217,67.7,85,68.0,135,100.0,221,99.7,208,107.3,243,103.2,199,74.9,328,-1.5,262,-1.5,309,-0.1,183,-1.3,291,-1.9,317,-2.3,313,0.77,313,41.4,8,37.4,281,2008,0.30783246644495144,13,16,0.4482758620689655,29
266,Northern Illinois,MAC,6-22,-9.81,96.9,269,106.7,227,69.4,36,-.015,205,+1.59,127,103.9,154,102.3,121,+4.06,56,,MAC,69.4,36,96.9,269,46.4,296,25.4,329,32.5,118,36.6,169,106.7,227,52.6,281,20.4,189,31.2,172,44.9,312,69.4,36,70.3,62,96.9,269,93.1,305,106.7,227,106.6,284,76.5,161,+0.8,115,-0.1,174,+0.9,88,+0.1,179,+0.3,169,-0.8,231,0.58,330,38.3,31,29.3,311,2008,0.24825721594126202,6,22,0.21428571428571427,28
121,Northern Iowa,MVC,18-14,+4.62,105.9,134,101.3,121,59.2,329,+.041,74,+3.86,95,104.9,112,101.0,77,-3.31,252,,MVC,59.2,329,105.9,134,49.9,167,19.6,87,24.3,319,43.5,23,101.3,121,47.2,55,16.8,334,26.2,17,30.3,49,59.2,329,60.0,332,105.9,134,101.2,180,101.3,121,100.8,135,76.7,134,+1.3,87,+1.4,43,-0.1,192,+0.0,181,+0.8,99,-0.3,209,1.43,180,33.7,97,54.7,142,2008,0.6249709491882953,18,14,0.5625,32
191,Northwestern,B10,8-22,-3.20,105.3,142,108.5,261,61.0,311,-.059,302,+8.25,39,107.4,52,99.1,21,-3.39,257,,B10,61.0,311,105.3,142,51.5,107,17.7,20,17.2,341,23.8,339,108.5,261,56.8,336,24.3,25,35.9,317,39.3,226,61.0,311,61.5,320,105.3,142,98.8,223,108.5,261,111.0,330,75.8,257,-1.7,268,-0.5,228,-1.2,294,+0.1,165,+0.1,177,-1.3,276,1.39,195,29.8,205,59.7,90,2008,0.41477196942941463,8,22,0.26666666666666666,30
253,Northwestern St.,Slnd,15-18,-8.60,98.5,245,107.1,241,72.6,8,+.090,13,-2.35,203,101.0,264,103.3,155,+4.81,47,,Slnd,72.6,8,98.5,245,48.5,224,25.0,323,31.4,155,34.4,231,107.1,241,52.8,290,23.3,53,32.7,238,46.5,325,72.6,8,75.1,6,98.5,245,94.4,287,107.1,241,104.4,228,76.2,201,+0.8,111,+0.2,136,+0.7,102,+1.2,54,-0.7,215,-2.3,309,0.95,294,44.5,3,45.4,217,2008,0.2763531467338824,15,18,0.45454545454545453,33
24,Notre Dame,BE,25-8,+19.07,114.6,26,95.6,43,69.5,35,+.042,72,+6.88,54,107.5,48,100.6,66,-7.02,314,5,BE,69.5,35,114.6,26,52.2,78,18.2,30,34.0,70,34.1,240,95.6,43,46.7,40,17.1,330,28.7,77,23.0,4,69.5,35,70.8,51,114.6,26,111.3,22,95.6,43,97.7,67,77.2,71,+2.9,30,+0.9,75,+1.9,12,+2.5,4,-0.7,236,-1.3,269,1.52,158,22.9,314,65.4,63,2008,0.8894034752395373,25,8,0.7575757575757576,33
142,Oakland,Sum,17-14,+2.39,111.7,52,109.3,281,67.1,100,-.016,209,-0.33,159,104.6,118,104.9,205,+6.76,29,,Sum,67.1,100,111.7,52,49.2,191,19.2,66,40.6,3,41.4,45,109.3,281,53.9,312,20.7,178,33.3,260,34.8,137,67.1,100,68.9,102,111.7,52,110.6,31,109.3,281,109.1,312,76.8,111,+2.3,48,+1.8,27,+0.5,117,-0.9,241,+0.9,87,-0.3,213,1.72,106,32.8,117,57.9,110,2008,0.562123230665694,17,14,0.5483870967741935,31
95,Ohio,MAC,20-13,+7.55,109.7,73,102.1,139,63.2,255,+.019,119,+2.40,114,104.3,134,101.9,101,+3.06,75,,MAC,63.2,255,109.7,73,51.5,105,22.2,247,34.4,63,39.4,89,102.1,139,51.6,246,22.5,80,29.1,93,34.9,140,63.2,255,64.0,283,109.7,73,105.8,99,102.1,139,101.6,159,76.4,172,-0.0,170,-0.2,184,+0.2,149,+0.1,137,-1.4,284,+0.7,151,1.76,98,28.8,227,50.5,181,2008,0.6954367715958791,20,13,0.6060606060606061,33
31,Ohio St.,B10,24-13,+17.79,110.2,65,92.4,18,64.0,217,-.027,241,+8.35,36,108.6,18,100.3,57,+4.38,50,1,B10,64.0,217,110.2,65,52.5,61,20.5,152,31.9,143,28.1,323,92.4,18,45.3,20,20.5,186,34.3,281,22.1,1,64.0,217,64.7,264,110.2,65,106.0,92,92.4,18,95.7,39,78.2,8,+3.5,18,+2.4,12,+1.1,59,+2.1,18,+1.2,76,+1.7,61,1.33,212,23.9,308,38.0,276,2008,0.8834952692609404,24,13,0.6486486486486487,37
44,Oklahoma,B12,23-12,+14.47,109.5,74,95.1,37,63.1,256,+.077,23,+9.45,18,108.3,30,98.9,15,-0.55,161,6,B12,63.1,256,109.5,74,50.1,159,19.5,85,32.5,117,38.7,111,95.1,37,47.0,49,19.7,238,27.4,40,30.3,50,63.1,256,64.8,261,109.5,74,103.5,140,95.1,37,97.9,70,78.0,18,+3.2,25,+2.0,21,+1.2,54,+1.9,25,+2.3,23,-1.3,241,1.61,128,28.1,244,63.2,68,2008,0.8349948906415342,23,12,0.6571428571428571,35
75,Oklahoma St.,B12,17-16,+10.78,109.1,77,98.4,73,64.2,204,-.030,249,+9.94,10,108.6,21,98.6,12,-0.76,167,5,B12,64.2,204,109.1,77,49.7,176,21.0,181,30.8,177,38.4,122,98.4,73,50.1,176,24.1,29,31.9,199,44.1,308,64.2,204,66.6,182,109.1,77,102.8,155,98.4,73,100.8,136,77.7,30,+1.7,72,+1.2,47,+0.5,114,+1.5,43,+3.3,4,+0.6,163,1.34,209,24.7,295,46.6,210,2008,0.7662178842157572,17,16,0.5151515151515151,33
118,Old Dominion,CAA,18-16,+4.90,106.5,127,101.6,128,63.0,258,-.034,256,+0.83,144,102.8,197,102.0,106,+5.29,41,,CAA,63.0,258,106.5,127,48.3,235,20.0,107,36.5,25,27.3,328,101.6,128,47.8,76,21.0,163,32.4,223,30.3,48,63.0,258,64.1,279,106.5,127,102.8,153,101.6,128,99.1,94,77.2,74,+3.7,13,+2.8,6,+0.9,91,+0.6,118,-0.2,193,+1.7,61,1.48,166,37.4,41,57.7,114,2008,0.6322000435858455,18,16,0.5294117647058824,34
77,Oral Roberts,Sum,24-9,+10.27,104.7,153,94.5,31,63.6,236,+.032,95,-0.01,156,105.4,103,105.4,228,+8.75,11,13,Sum,63.6,236,104.7,153,49.9,168,19.0,57,32.3,126,40.6,59,94.5,31,44.8,16,20.4,192,29.5,107,29.6,45,63.6,236,65.0,251,104.7,153,104.8,120,94.5,31,95.1,31,77.2,64,+2.5,42,+1.0,65,+1.5,32,+1.8,26,+0.6,109,-0.3,193,1.90,52,32.3,135,62.0,79,2008,0.7647214932385462,24,9,0.7272727272727273,33
36,Oregon,P10,18-14,+15.66,118.8,5,103.1,160,65.8,144,-.035,259,+10.56,5,108.9,14,98.4,6,+0.11,143,9,P10,65.8,144,118.8,5,55.8,8,18.3,34,29.1,248,36.7,167,103.1,160,50.3,190,16.2,340,29.8,116,34.4,129,65.8,144,67.5,160,118.8,5,111.9,19,103.1,160,106.8,289,76.2,209,+0.8,113,+0.7,90,+0.1,151,+1.5,38,+1.5,39,-5.3,339,2.39,9,24.9,291,69.3,44,2008,0.8361741844525608,18,14,0.5625,32
246,Oregon St.,P10,6-25,-7.91,95.3,290,103.3,164,65.1,174,-.051,294,+7.87,43,108.7,16,100.8,71,-11.14,338,,P10,65.1,174,95.3,290,41.6,337,18.5,44,31.9,141,26.8,330,103.3,164,52.7,282,19.9,221,30.8,153,39.6,235,65.1,174,65.8,213,95.3,290,90.9,323,103.3,164,107.6,292,77.8,27,+2.5,41,+1.7,30,+0.8,98,+1.1,77,+1.3,60,+2.7,14,1.06,273,38.9,21,39.0,269,2008,0.28353638590700236,6,25,0.1935483870967742,31
143,Pacific,BW,21-10,+2.36,107.1,117,104.7,190,63.7,231,+.046,63,-4.38,244,101.2,254,105.6,238,-3.77,268,,BW,63.7,231,107.1,117,56.1,6,22.5,259,30.9,176,44.0,21,104.7,190,50.3,192,19.8,229,26.6,24,36.8,176,63.7,231,65.8,212,107.1,117,108.1,57,104.7,190,100.9,139,76.5,163,+0.2,154,-0.4,209,+0.6,106,+0.1,144,+0.2,175,+0.1,175,1.05,274,34.9,73,35.8,288,2008,0.5647922313220054,21,10,0.6774193548387096,31
289,Penn,Ivy,13-18,-12.72,96.1,282,108.8,268,68.4,62,+.078,22,-5.54,271,100.9,268,106.5,279,-2.73,236,,Ivy,68.4,62,96.1,282,47.4,264,22.2,244,29.8,218,40.1,75,108.8,268,52.2,264,20.4,191,30.9,159,40.1,245,68.4,62,70.2,65,96.1,282,96.1,266,108.8,268,105.8,270,77.2,72,+0.4,141,-0.2,186,+0.6,108,+0.1,145,+1.3,43,+1.5,76,0.73,317,39.3,18,31.6,303,2008,0.1935036163474124,13,18,0.41935483870967744,31
130,Penn St.,B10,15-16,+3.48,107.7,107,104.2,182,63.5,242,+.030,97,+6.66,59,106.2,83,99.6,34,-4.80,283,,B10,63.5,242,107.7,107,48.3,231,19.3,70,33.7,82,32.1,274,104.2,182,51.9,256,20.6,180,31.1,170,29.1,40,63.5,242,63.3,296,107.7,107,101.7,170,104.2,182,105.0,248,76.2,199,+0.2,156,+0.8,83,-0.6,234,-0.0,184,-0.3,196,-0.3,202,1.66,120,38.9,22,46.7,209,2008,0.5938563959115136,15,16,0.4838709677419355,31
227,Pepperdine,WCC,11-21,-6.39,99.9,228,106.3,219,72.7,7,-.008,192,+1.33,133,104.0,151,102.6,133,+3.35,74,,WCC,72.7,7,99.9,228,46.5,292,22.4,254,30.0,213,35.1,213,106.3,219,55.6,333,24.9,12,35.7,311,32.1,85,72.7,7,74.9,8,99.9,228,96.1,265,106.3,219,105.6,267,76.7,129,+0.6,130,+0.1,140,+0.4,123,+0.6,120,+0.3,120,+0.7,122,0.52,333,33.0,111,5.3,335,2008,0.328693657000926,11,21,0.34375,32
22,Pittsburgh,BE,27-10,+19.91,116.5,10,96.6,54,63.9,221,+.027,104,+9.52,16,107.8,44,98.3,5,-1.69,197,4,BE,63.9,221,116.5,10,50.8,135,18.0,26,38.1,12,36.1,187,96.6,54,47.9,79,20.5,184,31.1,169,28.6,35,63.9,221,65.5,223,116.5,10,110.9,26,96.6,54,99.3,98,76.0,235,-1.1,236,-1.0,286,-0.1,189,-1.1,286,-0.7,228,-1.3,250,1.85,67,29.2,217,46.0,214,2008,0.8960507372233355,27,10,0.7297297297297297,37
268,Portland,WCC,9-22,-9.88,98.9,239,108.8,267,62.6,275,-.046,286,-1.27,183,102.1,215,103.4,156,-1.45,186,,WCC,62.6,275,98.9,239,48.2,238,23.0,283,31.3,160,29.1,316,108.8,267,52.3,269,19.0,275,27.0,32,41.6,276,62.6,275,65.3,234,98.9,239,95.9,268,108.8,267,106.2,277,77.5,41,+1.8,68,+0.7,88,+1.1,56,+1.1,92,+0.6,113,+0.7,111,0.70,319,36.4,50,33.5,297,2008,0.25027913887243153,9,22,0.2903225806451613,31
112,Portland St.,BSky,23-10,+5.40,108.6,87,103.2,161,66.3,126,+.062,41,-3.50,232,102.7,202,106.2,271,+3.95,60,16,BSky,66.3,126,108.6,87,54.9,11,21.3,199,33.4,89,37.2,150,103.2,161,51.0,217,22.1,106,29.4,105,34.3,126,66.3,126,67.2,165,108.6,87,108.3,55,103.2,161,101.5,151,75.3,310,+1.2,95,+1.1,53,+0.1,159,-0.6,217,-1.4,285,-4.9,338,1.32,216,37.6,38,40.0,261,2008,0.6425684278163952,23,10,0.696969696969697,33
331,Prairie View A&M,SWAC,8-22,-21.82,89.8,329,111.6,313,69.4,38,-.014,203,-10.71,329,97.0,329,107.7,314,+7.80,21,,SWAC,69.4,38,89.8,329,47.2,273,25.5,330,30.2,204,39.4,90,111.6,313,51.1,224,21.0,166,35.1,305,51.2,336,69.4,38,72.6,19,89.8,329,90.0,329,111.6,313,105.8,269,76.4,181,-0.6,211,+0.2,133,-0.8,252,-0.9,250,-0.5,208,+1.7,61,0.73,318,38.7,24,37.7,279,2008,0.07590271780804385,8,22,0.26666666666666666,30
293,Presbyterian,ind,5-25,-13.62,97.6,259,111.2,307,58.5,332,-.056,298,+6.20,68,106.1,87,99.9,45,+6.20,32,,ind,58.5,332,97.6,259,50.0,161,24.0,309,23.4,326,25.5,337,111.2,307,57.8,339,21.7,130,34.3,282,31.3,66,58.5,332,60.7,326,97.6,259,91.5,317,111.2,307,112.6,337,74.8,332,-4.5,335,-2.5,334,-2.0,332,-0.9,268,-0.8,262,-3.3,326,0.16,338,35.7,62,0.0,0,2008,0.18239447109705303,5,25,0.16666666666666666,30
312,Princeton,Ivy,6-23,-15.68,93.2,313,108.9,271,58.8,330,-.039,267,-4.37,243,101.7,236,106.1,262,-0.39,157,,Ivy,58.8,330,93.2,313,49.2,193,23.0,281,25.6,311,28.3,322,108.9,271,51.9,258,20.1,204,29.5,109,42.3,285,58.8,330,60.1,331,93.2,313,93.7,298,108.9,271,106.2,276,77.0,92,-1.1,240,-0.6,247,-0.5,228,+1.1,81,+1.3,52,+2.7,12,1.82,80,29.1,220,53.4,152,2008,0.14303024132555317,6,23,0.20689655172413793,29
85,Providence,BE,15-16,+9.40,110.1,68,100.8,109,66.3,131,-.025,232,+9.20,23,109.1,10,99.9,46,+0.87,123,,BE,66.3,131,110.1,68,51.5,106,20.8,171,35.0,51,32.3,267,100.8,109,50.3,189,21.9,117,34.3,288,37.1,181,66.3,131,68.2,127,110.1,68,105.3,105,100.8,109,104.8,243,77.1,87,+1.8,65,+0.5,113,+1.3,41,+0.8,101,-0.7,218,+0.7,118,2.02,41,29.5,208,55.2,136,2008,0.7339746552348281,15,16,0.4838709677419355,31
30,Purdue,B10,25-9,+18.30,110.5,60,92.2,16,66.9,107,-.025,234,+6.41,62,106.2,86,99.7,36,-3.61,265,6,B10,66.9,107,110.5,60,48.9,203,18.5,43,31.3,162,37.1,156,92.2,16,49.1,127,25.6,7,28.3,61,42.6,288,66.9,107,66.2,194,110.5,60,104.8,121,92.2,16,93.2,15,77.4,46,+2.3,49,+0.3,122,+1.9,18,+0.1,158,+1.3,61,+1.7,36,0.74,315,32.6,125,39.2,266,2008,0.8891548270367543,25,9,0.7352941176470589,34
237,Quinnipiac,NEC,15-15,-7.37,104.8,151,112.2,321,66.6,116,+.025,110,-7.16,302,99.3,310,106.4,278,-5.23,292,,NEC,66.6,116,104.8,151,51.2,118,21.0,178,33.9,75,33.4,254,112.2,321,50.9,213,17.5,321,28.0,48,37.2,183,66.6,116,68.6,112,104.8,151,105.3,108,112.2,321,106.3,282,75.5,282,-1.4,254,-0.2,189,-1.1,293,+0.1,165,-1.0,268,-3.3,327,1.38,198,36.0,60,35.6,290,2008,0.3133215736316894,15,15,0.5,30
297,Radford,BSth,10-20,-14.36,95.9,283,110.2,298,68.2,68,+.026,107,-2.97,218,103.0,186,106.0,258,+0.29,138,,BSth,68.2,68,95.9,283,47.2,271,23.5,298,30.5,193,41.1,51,110.2,298,52.6,277,18.0,310,31.9,201,39.6,233,68.2,68,69.8,78,95.9,283,95.3,274,110.2,298,110.3,325,76.2,213,-0.2,181,-0.3,205,+0.1,156,+0.8,102,+0.9,92,-2.3,310,1.24,235,30.9,178,56.6,120,2008,0.16820598247594948,10,20,0.3333333333333333,30
72,Rhode Island,A10,21-12,+11.20,115.1,24,103.9,177,69.6,34,-.059,303,+3.50,99,105.7,94,102.2,116,-1.83,201,6,A10,69.6,34,115.1,24,53.1,46,19.2,68,36.3,27,39.2,94,103.9,177,49.5,150,20.5,183,32.8,243,33.6,114,69.6,34,71.8,31,115.1,24,112.2,16,103.9,177,103.6,208,77.2,75,-0.1,176,-0.3,197,+0.2,150,+0.9,95,+0.3,135,+2.5,24,2.19,22,30.7,182,80.1,12,2008,0.7644588927771312,21,12,0.6363636363636364,33
302,Rice,CUSA,3-27,-14.74,86.7,336,101.5,126,65.2,167,-.002,173,+3.30,104,105.9,91,102.6,130,+2.34,87,,CUSA,65.2,167,86.7,336,41.2,339,27.3,338,32.8,113,39.1,98,101.5,126,48.5,104,22.5,83,33.2,258,43.0,297,65.2,167,67.7,146,86.7,336,82.8,339,101.5,126,102.2,175,77.0,101,+2.1,56,+0.4,119,+1.6,26,+0.9,96,+0.0,181,+0.4,170,1.26,231,37.7,36,41.0,250,2008,0.14034149520676079,3,27,0.1,30
151,Richmond,A10,16-15,+1.48,101.4,200,99.9,93,61.5,301,+.103,6,+3.46,101,106.2,85,102.7,138,-2.06,211,,A10,61.5,301,101.4,200,50.6,143,21.2,188,23.4,327,30.1,305,99.9,93,50.7,207,24.5,16,32.4,225,45.3,317,61.5,301,64.4,274,101.4,200,97.2,250,99.9,93,100.6,129,77.4,48,+1.1,100,+0.5,99,+0.5,109,+1.1,63,+2.3,14,+0.7,125,1.38,199,29.9,202,56.4,124,2008,0.5427427140928625,16,15,0.5161290322580645,31
122,Rider,MAAC,23-11,+4.62,108.2,94,103.6,169,68.7,48,+.010,148,-3.33,226,101.7,235,105.1,211,-3.96,271,,MAAC,68.7,48,108.2,94,54.8,12,20.5,153,32.7,114,38.6,114,103.6,169,49.1,128,20.0,214,28.0,52,30.8,55,68.7,48,70.5,58,108.2,94,108.7,50,103.6,169,100.1,119,77.2,78,+2.4,45,+2.0,22,+0.4,127,-0.9,238,+0.9,91,+0.5,168,1.89,57,26.1,278,62.6,72,2008,0.622366834160245,23,11,0.6764705882352942,34
144,Robert Morris,NEC,26-8,+2.27,103.3,175,101.1,119,69.0,44,+.076,24,-7.01,300,99.5,306,106.5,282,-3.12,248,8,NEC,69.0,44,103.3,175,53.0,47,23.0,282,33.7,81,27.7,326,101.1,119,50.0,172,26.0,6,30.1,126,39.1,221,69.0,44,71.4,39,103.3,175,104.7,122,101.1,119,95.3,33,74.9,327,-4.1,329,-1.6,317,-2.5,336,-1.8,312,-1.7,304,-0.3,205,1.99,43,29.3,214,60.4,86,2008,0.5615766741297147,26,8,0.7647058823529411,34
183,Rutgers,BE,11-20,-2.52,96.2,278,98.8,80,64.6,190,+.022,117,+5.88,71,106.7,71,100.8,70,-8.11,320,,BE,64.6,190,96.2,278,44.7,323,22.1,241,30.0,211,34.6,226,98.8,80,47.7,70,18.6,287,31.8,198,27.4,18,64.6,190,67.6,149,96.2,278,91.2,321,98.8,80,100.6,131,77.2,61,+3.2,24,+1.4,44,+1.8,19,-0.8,231,-0.7,237,+0.9,96,1.73,105,30.6,188,52.2,164,2008,0.42392413702980397,11,20,0.3548387096774194,31
283,SMU,CUSA,10-20,-12.04,95.0,296,107.0,234,64.5,194,+.054,50,-0.07,157,103.0,190,103.0,146,-10.17,335,,CUSA,64.5,194,95.0,296,47.4,265,23.2,289,26.1,306,35.0,214,107.0,234,51.0,221,19.9,222,32.2,215,29.8,47,64.5,194,67.0,171,95.0,296,91.7,315,107.0,234,105.2,251,78.0,20,+4.3,7,+2.7,7,+1.6,28,+0.1,153,+2.3,17,+0.7,102,1.57,137,29.4,210,41.5,245,2008,0.20295168651056306,10,20,0.3333333333333333,30
333,Sacramento St.,BSky,4-24,-22.44,90.0,328,112.4,323,68.7,50,+.001,163,-2.16,195,103.7,159,105.8,248,+5.00,44,,BSky,68.7,50,90.0,328,44.2,328,21.0,180,26.7,292,32.3,269,112.4,323,57.5,338,23.4,47,38.3,336,42.5,287,68.7,50,70.3,61,90.0,328,89.5,331,112.4,323,111.2,332,76.1,224,-2.3,304,-1.7,320,-0.6,231,+0.1,155,+0.9,88,+0.7,138,1.08,271,33.8,91,30.9,307,2008,0.07202950763163561,4,24,0.14285714285714285,28
209,Sacred Heart,NEC,18-14,-4.74,101.7,197,106.4,220,67.9,81,+.043,70,-6.52,293,100.1,289,106.6,287,-2.31,220,,NEC,67.9,81,101.7,197,50.3,153,20.2,126,29.7,220,27.9,324,106.4,220,50.2,185,23.3,54,33.6,264,40.9,261,67.9,81,69.8,77,101.7,197,102.4,159,106.4,220,101.5,150,76.7,124,-0.7,216,-0.6,242,-0.1,193,+0.8,99,+1.8,30,+0.7,113,2.11,29,31.1,169,54.2,144,2008,0.3729574298388383,18,14,0.5625,32
45,Saint Joseph's,A10,21-13,+14.32,115.1,25,100.8,110,64.0,216,-.069,318,+5.81,73,106.9,63,101.1,78,+1.34,114,11,A10,64.0,216,115.1,25,54.6,17,19.0,59,30.8,179,39.7,84,100.8,110,50.6,205,20.9,168,31.7,191,33.3,103,64.0,216,65.0,253,115.1,25,111.9,18,100.8,110,102.8,190,78.5,4,+3.1,26,+1.0,60,+2.1,6,+1.3,51,+2.3,13,+1.7,41,2.17,24,18.0,339,73.8,23,2008,0.8213651567740479,21,13,0.6176470588235294,34
157,Saint Louis,A10,16-15,+0.95,100.9,206,100.0,95,58.4,333,+.067,32,+4.19,92,106.4,80,102.2,117,-1.53,190,,A10,58.4,333,100.9,206,48.9,202,20.3,132,21.9,334,36.2,183,100.0,95,48.6,106,17.8,312,26.6,25,31.3,67,58.4,333,59.8,333,100.9,206,97.1,254,100.0,95,101.6,158,75.8,259,-0.4,200,+1.0,67,-1.4,301,+0.1,165,-0.0,184,-2.3,302,2.45,5,27.9,248,74.5,22,2008,0.5257364909069402,16,15,0.5161290322580645,31
42,Saint Mary's,WCC,25-7,+14.66,109.2,76,94.6,32,66.4,124,+.030,96,+0.11,151,103.4,174,103.3,153,+2.34,88,10,WCC,66.4,124,109.2,76,52.5,63,19.3,72,35.0,49,39.3,91,94.6,32,44.6,14,20.9,167,29.9,120,30.9,56,66.4,124,68.3,124,109.2,76,109.1,44,94.6,32,92.5,11,76.6,138,+2.0,59,+1.1,59,+0.9,76,-0.9,239,+0.8,94,-1.1,232,1.52,156,32.9,113,59.2,95,2008,0.8389614868662757,25,7,0.78125,32
277,Saint Peter's,MAAC,6-24,-11.42,94.8,300,106.2,217,67.1,103,-.050,292,-3.37,228,103.0,189,106.3,276,-4.80,284,,MAAC,67.1,103,94.8,300,46.8,284,22.7,273,33.4,88,30.2,304,106.2,217,49.6,158,19.9,223,33.7,268,38.8,213,67.1,103,69.3,90,94.8,300,95.9,269,106.2,217,104.5,230,75.4,300,-1.8,278,-1.2,295,-0.7,240,+0.7,109,-1.1,274,-2.3,303,1.42,183,32.2,136,42.9,234,2008,0.21317724607802846,6,24,0.2,30
138,Sam Houston St.,Slnd,23-8,+2.70,96.5,274,93.8,26,67.6,87,+.022,116,-5.37,266,99.5,303,104.9,201,-2.60,231,,Slnd,67.6,87,96.5,274,47.8,252,22.6,267,32.6,115,39.0,100,93.8,26,44.4,13,22.3,91,26.5,21,37.9,194,67.6,87,69.8,75,96.5,274,96.2,263,93.8,26,88.5,3,75.4,303,-1.3,246,-1.2,300,-0.1,196,-1.3,290,-2.7,331,-1.3,271,1.83,76,33.3,103,54.0,147,2008,0.5808707076147591,23,8,0.7419354838709677,31
299,Samford,OVC,14-16,-14.41,96.9,268,111.4,308,54.6,341,+.083,19,-7.81,312,101.2,255,109.0,339,+2.17,95,,OVC,54.6,341,96.9,268,54.6,13,22.7,269,22.0,333,31.7,281,111.4,308,51.3,237,18.4,299,32.0,207,28.8,36,54.6,341,56.9,340,96.9,268,99.7,209,111.4,308,108.1,297,77.1,80,+1.3,90,+0.9,71,+0.3,135,+0.1,160,+2.3,17,+0.7,105,1.52,154,28.4,234,41.4,247,2008,0.16747212310556286,14,16,0.4666666666666667,30
120,San Diego,WCC,22-14,+4.64,101.6,198,97.0,59,63.0,260,+.045,65,+1.43,131,104.3,125,102.9,144,+2.61,80,13,WCC,63.0,260,101.6,198,49.2,187,22.0,234,30.3,199,35.6,203,97.0,59,49.0,125,22.9,65,29.3,100,34.0,121,63.0,260,65.2,242,101.6,198,98.8,220,97.0,59,96.4,49,75.8,254,-1.2,243,-1.1,294,-0.1,179,-1.4,301,+0.3,164,+0.7,135,1.39,196,28.3,238,56.5,122,2008,0.6301416174849848,22,14,0.6111111111111112,36
92,San Diego St.,MWC,20-13,+7.99,104.9,147,96.9,57,64.1,211,-.006,188,+3.21,106,104.5,120,101.2,84,-1.49,188,7,MWC,64.1,211,104.9,147,49.1,197,20.6,154,30.9,173,36.7,166,96.9,57,50.6,202,22.5,79,24.8,5,33.0,96,64.1,211,65.3,232,104.9,147,100.8,185,96.9,57,96.1,46,76.5,149,-0.8,223,-0.8,258,-0.1,172,+1.4,50,+0.7,106,-2.3,300,1.42,185,31.0,175,38.5,273,2008,0.7134648509279621,20,13,0.6060606060606061,33
254,San Francisco,WCC,10-21,-8.63,99.1,236,107.7,247,65.9,141,-.042,275,-0.72,169,102.9,193,103.6,160,+0.65,127,,WCC,65.9,141,99.1,236,48.3,232,22.5,261,31.8,146,32.1,273,107.7,247,54.5,322,23.7,39,32.5,230,41.7,279,65.9,141,67.6,150,99.1,236,97.1,253,107.7,247,106.0,273,77.3,50,-0.4,193,-0.6,240,+0.2,143,+2.1,18,+1.2,78,+2.7,16,1.07,272,24.1,306,31.3,304,2008,0.2774729029410774,10,21,0.3225806451612903,31
259,San Jose St.,WAC,13-19,-8.83,97.9,254,106.7,229,66.7,112,+.065,35,-2.39,204,103.6,164,106.0,256,-1.27,180,,WAC,66.7,112,97.9,254,46.5,293,22.1,242,36.7,22,37.5,141,106.7,229,51.5,244,17.8,315,29.3,101,31.3,68,66.7,112,68.0,136,97.9,254,97.7,240,106.7,229,105.3,256,77.2,76,+0.9,107,-0.1,167,+1.0,66,+0.1,141,+2.3,17,+1.1,90,0.76,314,32.0,141,30.9,308,2008,0.27094012605015133,13,19,0.40625,32
155,Santa Clara,WCC,15-16,+1.34,100.9,208,99.6,86,59.7,325,-.065,312,-0.53,164,103.3,175,103.9,166,+0.59,129,,WCC,59.7,325,100.9,208,54.1,26,25.7,332,29.0,252,37.1,153,99.6,86,48.2,93,20.0,210,27.2,37,33.4,106,59.7,325,61.6,319,100.9,208,99.7,210,99.6,86,98.9,88,77.0,97,+2.1,55,+1.2,51,+0.9,74,+0.5,124,+0.1,179,-0.3,217,1.85,69,26.6,267,41.2,248,2008,0.5372133761476698,15,16,0.4838709677419355,31
285,Savannah St.,ind,13-18,-12.29,88.1,334,100.4,99,66.3,129,+.050,53,-3.29,225,101.9,225,105.2,221,-0.55,160,,ind,66.3,129,88.1,334,44.3,326,28.5,340,30.6,190,37.0,157,100.4,99,48.8,117,24.9,13,32.8,240,54.2,339,66.3,129,68.0,140,88.1,334,83.8,338,100.4,99,98.2,72,75.4,302,-1.0,230,-0.6,243,-0.4,220,-0.4,201,-0.3,201,-2.6,317,1.30,219,41.3,9,55.6,130,2008,0.18198874448541377,13,18,0.41935483870967744,31
107,Seton Hall,BE,17-15,+6.00,110.5,62,104.5,189,69.2,41,+.040,76,+5.69,76,106.5,78,100.8,69,-5.30,293,,BE,69.2,41,110.5,62,48.0,245,16.8,12,30.8,181,36.7,165,104.5,189,51.1,225,21.1,159,37.2,332,39.3,224,69.2,41,71.1,46,110.5,62,105.9,94,104.5,189,106.3,281,76.1,216,-1.8,272,-0.7,252,-1.1,289,+0.1,139,-0.8,261,-0.3,186,1.92,48,24.4,298,68.8,46,2008,0.6552115612545523,17,15,0.53125,32
93,Siena,MAAC,23-11,+7.99,108.6,86,100.7,107,67.6,86,+.036,87,-1.41,186,104.1,144,105.5,232,+3.69,65,13,MAAC,67.6,86,108.6,86,50.9,128,15.7,5,29.2,245,36.6,172,100.7,107,51.5,241,24.0,32,36.0,319,25.7,10,67.6,86,69.9,73,108.6,86,108.8,49,100.7,107,100.3,125,75.5,297,-1.4,256,-0.9,273,-0.5,225,-0.9,251,-1.2,276,-2.3,305,1.83,74,28.0,246,68.5,48,2008,0.7044427462924381,23,11,0.6764705882352942,34
65,South Alabama,SB,26-7,+11.80,112.6,42,100.8,111,64.8,178,-.002,174,-2.07,194,103.1,182,105.2,219,+0.90,121,10,SB,64.8,178,112.6,42,53.9,29,20.3,141,37.3,17,46.0,13,100.8,111,48.4,98,20.0,216,28.1,55,31.0,60,64.8,178,66.6,186,112.6,42,112.6,14,100.8,111,98.5,79,75.9,240,+0.5,132,-0.4,214,+0.9,83,+0.4,130,-1.5,289,-1.3,265,1.73,102,24.8,293,40.2,258,2008,0.7812710137949554,26,7,0.7878787878787878,33
106,South Carolina,SEC,14-18,+6.10,109.1,79,103.0,157,64.7,184,-.086,331,+6.41,63,108.0,37,101.6,92,-2.69,233,,SEC,64.7,184,109.1,79,50.4,147,15.3,4,28.8,255,22.6,340,103.0,157,51.1,226,21.8,120,35.7,310,27.5,20,64.7,184,67.7,145,109.1,79,106.3,89,103.0,157,104.8,242,75.3,311,+0.0,165,-0.9,269,+0.9,88,+0.1,135,-1.7,307,-2.3,315,1.39,192,26.3,273,45.0,221,2008,0.6596338375571583,14,18,0.4375,32
317,South Carolina St.,MEAC,13-20,-16.61,95.5,289,112.1,320,70.3,21,+.057,45,-10.71,330,96.9,330,107.7,313,-5.12,290,,MEAC,70.3,21,95.5,289,48.0,242,24.1,311,35.8,33,36.3,179,112.1,320,49.4,146,19.2,264,34.3,283,39.6,236,70.3,21,72.2,25,95.5,289,96.4,261,112.1,320,104.2,223,75.3,306,-2.1,294,-1.1,291,-1.0,266,-1.4,302,-1.1,271,-0.1,179,1.00,286,37.4,42,39.0,268,2008,0.1366911565401227,13,20,0.3939393939393939,33
274,South Dakota St.,Sum,8-21,-10.66,99.0,238,109.6,284,64.5,195,-.066,316,-3.37,229,103.1,184,106.5,280,-5.70,300,,Sum,64.5,195,99.0,238,48.4,228,23.0,280,35.6,36,37.1,155,109.6,284,51.0,220,16.8,335,29.3,98,40.7,259,64.5,195,65.7,220,99.0,238,99.6,212,109.6,284,108.3,299,76.3,190,-1.4,252,-1.3,302,-0.1,185,+0.8,103,+0.2,176,-1.3,245,1.10,266,27.0,261,37.7,280,2008,0.23689989926462088,8,21,0.27586206896551724,29
111,South Florida,BE,12-19,+5.41,107.4,114,102.0,136,63.4,243,-.098,336,+6.71,58,106.7,68,100.0,53,-0.93,174,,BE,63.4,243,107.4,114,48.8,207,20.0,106,33.8,77,43.0,27,102.0,136,48.7,113,18.3,301,31.8,197,33.9,117,63.4,243,66.8,179,107.4,114,102.3,162,102.0,136,103.1,198,77.1,83,+1.0,103,+0.7,93,+0.3,137,+0.1,164,+1.3,47,+0.7,101,0.83,307,25.8,280,41.0,251,2008,0.6441115854744981,12,19,0.3870967741935484,31
310,Southeast Missouri St.,OVC,12-19,-15.56,96.1,279,111.7,316,74.4,4,+.040,77,-8.03,314,100.9,269,108.9,337,+1.23,116,,OVC,74.4,4,96.1,279,50.2,154,23.5,300,31.2,165,39.5,88,111.7,316,51.2,232,19.7,239,32.9,246,43.9,305,74.4,4,75.0,7,96.1,279,98.8,221,111.7,316,107.9,293,76.4,175,-0.2,184,+0.4,120,-0.7,248,+0.1,156,+0.3,149,+0.4,171,0.96,293,46.4,2,50.7,178,2008,0.15059845427368546,12,19,0.3870967741935484,31
208,Southeastern Louisiana,Slnd,17-13,-4.59,95.9,284,100.5,103,64.1,213,+.002,162,-4.98,258,99.5,302,104.5,192,-0.17,153,,Slnd,64.1,213,95.9,284,49.7,174,24.5,317,29.4,237,42.3,31,100.5,103,46.4,32,21.4,144,30.2,130,36.7,172,64.1,213,67.6,152,95.9,284,94.7,282,100.5,103,94.8,29,76.2,210,-0.2,179,-0.2,179,-0.1,195,+1.4,45,+1.8,31,-3.1,320,0.62,326,26.7,264,27.7,318,2008,0.36846792313276117,17,13,0.5666666666666667,30
314,Southern,SWAC,11-19,-16.09,90.0,327,106.1,213,63.3,252,-.026,237,-11.33,333,96.7,332,108.0,323,+7.97,16,,SWAC,63.3,252,90.0,327,45.1,320,22.1,238,26.4,298,41.8,40,106.1,213,48.4,101,20.4,193,30.5,141,32.7,91,63.3,252,66.4,189,90.0,327,91.4,319,106.1,213,98.6,82,76.4,173,-0.6,215,-0.6,241,-0.0,168,-0.1,185,-0.2,194,+1.7,61,1.14,260,40.8,11,67.3,57,2008,0.1309503157128944,11,19,0.36666666666666664,30
62,Southern Illinois,MVC,18-15,+12.04,105.7,138,93.7,25,61.1,307,-.033,254,+7.38,50,107.4,56,100.0,48,+8.06,15,4,MVC,61.1,307,105.7,138,48.4,227,21.8,226,32.0,139,40.7,58,93.7,25,49.3,137,24.5,20,26.3,18,48.8,331,61.1,307,61.6,318,105.7,138,100.5,195,93.7,25,96.2,47,76.4,169,-0.1,172,-1.0,281,+0.9,83,-0.9,259,+0.3,138,+1.7,54,2.22,19,25.1,289,67.9,53,2008,0.7999252264228981,18,15,0.5454545454545454,33
98,Southern Miss,CUSA,19-14,+6.98,108.3,91,101.3,123,63.3,249,-.030,248,+3.04,109,105.1,107,102.1,110,-1.58,194,,CUSA,63.3,249,108.3,91,47.5,261,18.8,54,34.4,62,48.6,3,101.3,123,49.9,170,19.1,273,26.1,14,43.2,299,63.3,249,65.9,206,108.3,91,104.9,114,101.3,123,102.0,169,76.5,162,+1.4,83,+1.1,57,+0.3,136,-0.9,264,+0.3,147,+0.7,128,1.35,208,26.9,262,59.5,93,2008,0.6831780439545955,19,14,0.5757575757575758,33
220,Southern Utah,Sum,11-19,-5.82,102.2,187,108.0,252,64.7,187,+.027,105,-1.39,185,104.2,136,105.6,237,+1.64,102,,Sum,64.7,187,102.2,187,50.3,149,23.6,302,33.0,101,46.0,12,108.0,252,53.9,314,21.7,127,30.9,158,42.4,286,64.7,187,67.2,168,102.2,187,100.6,189,108.0,252,106.8,287,76.4,178,-1.9,287,-1.2,296,-0.8,254,+0.6,113,+1.0,84,+0.5,165,0.55,332,37.7,37,19.1,326,2008,0.3464241239017589,11,19,0.36666666666666664,30
218,St. Bonaventure,A10,8-22,-5.58,104.7,156,110.2,299,64.8,179,-.058,301,+2.25,118,104.7,114,102.5,126,-3.98,272,,A10,64.8,179,104.7,156,48.5,223,21.2,191,30.0,215,34.9,224,110.2,299,52.9,295,19.3,256,32.1,209,32.8,92,64.8,179,66.4,190,104.7,156,100.4,197,110.2,299,109.3,314,77.6,33,+2.2,53,+0.9,70,+1.2,51,+0.8,98,+1.3,66,+0.7,119,1.69,110,21.0,330,46.8,208,2008,0.3569161002295322,8,22,0.26666666666666666,30
296,St. Francis NY,NEC,7-22,-14.19,92.8,317,107.0,233,67.4,92,-.017,211,-6.30,288,100.9,266,107.2,308,-4.27,277,,NEC,67.4,92,92.8,317,46.1,306,22.6,266,33.1,97,32.4,264,107.0,233,53.0,298,22.2,96,29.1,94,34.1,123,67.4,92,70.0,70,92.8,317,94.0,294,107.0,233,102.7,187,74.7,333,-2.8,315,-1.7,319,-1.1,286,-1.1,285,-0.9,266,-3.3,332,1.51,159,26.1,277,67.8,54,2008,0.1628198045707988,7,22,0.2413793103448276,29
319,St. Francis PA,NEC,6-23,-17.22,97.1,266,114.3,331,60.9,314,-.036,261,-5.57,273,100.4,283,105.9,254,-0.69,166,,NEC,60.9,314,97.1,266,46.5,294,22.7,270,30.8,181,38.2,124,114.3,331,53.4,304,18.4,294,31.0,167,33.0,95,60.9,314,63.6,291,97.1,266,97.3,245,114.3,331,110.4,326,75.7,269,-0.6,208,-0.5,233,-0.1,199,+0.6,121,-2.8,338,-1.3,285,1.60,130,27.5,253,76.1,17,2008,0.13290894227383457,6,23,0.20689655172413793,29
140,St. John's,BE,11-19,+2.44,98.6,243,96.2,46,63.9,224,-.011,199,+8.27,38,108.1,33,99.9,43,-1.57,192,,BE,63.9,224,98.6,243,45.8,313,22.6,268,31.7,152,35.0,215,96.2,46,49.5,151,21.6,135,28.3,63,40.3,248,63.9,224,66.3,193,98.6,243,93.3,302,96.2,46,99.9,115,76.8,112,+1.8,66,+0.5,114,+1.3,40,+1.0,93,-0.3,198,-2.3,298,1.36,206,34.5,78,36.5,285,2008,0.5703751448712854,11,19,0.36666666666666664,30
12,Stanford,P10,28-8,+22.75,113.6,36,90.9,10,63.4,248,+.040,78,+9.32,22,109.1,11,99.7,37,-6.32,306,3,P10,63.4,248,113.6,36,49.8,169,18.6,45,38.7,10,39.6,86,90.9,10,44.3,11,17.4,324,26.5,23,32.8,93,63.4,248,64.2,278,113.6,36,108.9,47,90.9,10,94.5,27,78.0,17,+5.5,1,+3.5,2,+1.9,11,+1.1,62,+0.8,96,+1.5,75,1.89,58,34.8,75,88.2,3,2008,0.9284832271516352,28,8,0.7777777777777778,36
96,Stephen F. Austin,Slnd,26-6,+7.53,107.6,109,100.1,96,57.6,337,+.029,100,-5.90,280,98.6,319,104.5,194,-4.99,289,7,Slnd,57.6,337,107.6,109,51.1,120,18.0,24,31.0,171,40.6,61,100.1,96,45.1,19,21.7,134,29.8,118,34.4,130,57.6,337,61.3,321,107.6,109,106.7,83,100.1,96,93.6,20,74.8,330,+0.4,139,+0.5,102,-0.1,210,-0.6,221,-2.7,333,-5.3,341,1.35,207,24.7,294,46.5,212,2008,0.6965422491403602,26,6,0.8125,32
271,Stetson,ASun,16-16,-10.29,93.7,308,104.0,179,64.5,193,+.069,31,-8.05,315,99.4,307,107.4,310,-3.53,262,,ASun,64.5,193,93.7,308,46.9,278,23.7,303,31.2,164,41.4,42,104.0,179,49.3,142,23.3,51,32.2,217,43.4,303,64.5,193,67.8,144,93.7,308,94.9,279,104.0,179,99.4,100,76.1,221,-1.9,281,-1.0,277,-0.9,262,+0.6,112,-0.1,185,-1.3,239,1.44,176,35.7,63,73.6,24,2008,0.2315879916251258,16,16,0.5,32
300,Stony Brook,AE,7-23,-14.60,92.5,319,107.1,235,62.4,280,-.076,322,-6.84,297,100.3,284,107.1,306,-6.73,311,,AE,62.4,280,92.5,319,43.5,331,20.7,167,33.7,80,31.2,291,107.1,235,50.6,206,23.0,60,34.3,287,40.0,243,62.4,280,64.3,276,92.5,319,94.2,289,107.1,235,102.7,186,75.3,307,-3.2,322,-1.1,293,-2.0,327,-2.9,334,-1.6,291,-0.3,221,1.47,169,33.2,107,47.2,203,2008,0.15638506399148674,7,23,0.23333333333333334,30
47,Syracuse,BE,21-14,+14.12,112.6,43,98.4,75,69.9,27,-.026,238,+7.96,41,107.8,43,99.9,44,+2.25,90,1,BE,69.9,27,112.6,43,52.7,55,21.6,214,37.0,19,42.0,36,98.4,75,49.2,136,19.8,228,30.4,137,29.5,44,69.9,27,72.9,15,112.6,43,107.7,63,98.4,75,101.6,156,77.6,37,+3.5,19,+0.5,102,+3.0,1,+2.1,10,+0.3,121,+0.7,147,0.59,329,20.7,333,15.9,330,2008,0.824944130177651,21,14,0.6,35
177,TCU,MWC,14-16,-1.87,100.7,213,102.5,148,66.7,113,-.018,214,+0.09,152,101.9,223,101.8,99,-13.31,341,,MWC,66.7,113,100.7,213,46.3,297,20.2,124,30.2,205,35.0,216,102.5,148,52.4,272,23.9,36,28.5,69,36.9,179,66.7,113,68.3,122,100.7,213,97.6,241,102.5,148,99.5,107,76.1,222,+0.3,143,+0.0,157,+0.3,138,-1.5,309,-1.1,270,+0.7,149,1.37,201,41.7,7,55.2,138,2008,0.44923910671772105,14,16,0.4666666666666667,30
57,Temple,A10,21-13,+12.37,112.8,41,100.4,102,63.6,233,-.018,213,+6.08,70,107.4,53,101.3,85,+3.73,64,12,A10,63.6,233,112.8,41,54.1,23,18.7,50,26.5,295,35.3,209,100.4,102,49.1,130,19.1,272,30.6,144,31.8,75,63.6,233,65.5,224,112.8,41,108.6,52,100.4,102,103.1,196,77.0,96,+0.8,116,+1.8,28,-1.0,271,+1.1,77,+2.3,16,-0.3,184,1.86,65,24.3,299,55.9,129,2008,0.792362055367979,21,13,0.6176470588235294,34
13,Tennessee,SEC,31-5,+22.17,116.2,15,94.0,28,70.7,20,+.110,4,+9.58,13,109.4,4,99.8,41,+7.64,24,2,SEC,70.7,20,116.2,15,52.4,67,18.1,27,35.7,35,38.0,127,94.0,28,49.1,126,24.5,19,33.2,256,39.6,234,70.7,20,72.5,21,116.2,15,111.5,21,94.0,28,97.4,60,77.0,98,+1.8,70,+0.8,81,+0.9,80,-0.3,199,+0.3,161,+2.7,17,2.02,38,33.8,91,68.2,50,2008,0.9196948158673867,31,5,0.8611111111111112,36
247,Tennessee Martin,OVC,17-16,-8.10,106.1,132,114.2,330,68.1,75,+.026,108,-7.99,313,100.2,288,108.2,326,+4.93,45,,OVC,68.1,75,106.1,132,51.0,123,19.3,74,31.9,142,33.6,246,114.2,330,52.8,287,18.7,286,33.8,271,28.4,32,68.1,75,70.0,71,106.1,132,106.8,76,114.2,330,109.0,310,76.1,215,+0.1,158,+0.1,147,+0.0,164,-0.9,261,-0.4,206,+1.4,81,0.27,336,30.7,181,12.0,332,2008,0.3002628738238217,17,16,0.5151515151515151,33
229,Tennessee St.,OVC,15-17,-6.76,104.1,168,110.8,305,68.6,58,-.019,216,-6.32,289,102.1,219,108.4,330,+10.98,9,,OVC,68.6,58,104.1,168,53.0,50,19.4,78,30.2,202,32.1,272,110.8,305,55.3,329,22.6,75,30.7,151,45.8,319,68.6,58,69.8,76,104.1,168,106.8,77,110.8,305,108.4,301,75.5,293,-2.1,299,+0.0,153,-2.2,334,-0.9,271,-1.7,310,-1.3,257,1.83,79,30.6,189,37.7,278,2008,0.32798557331320805,15,17,0.46875,32
249,Tennessee Tech,OVC,13-19,-8.17,99.9,225,108.1,254,69.9,28,-.086,333,-7.20,304,101.1,259,108.3,329,+3.02,76,,OVC,69.9,28,99.9,225,49.7,173,22.7,274,35.4,42,45.6,15,108.1,254,52.0,260,21.0,161,30.1,125,34.8,139,69.9,28,71.9,28,99.9,225,101.8,169,108.1,254,103.9,211,77.0,94,+1.5,80,+0.5,102,+0.9,82,+0.0,180,+0.3,131,+1.7,39,1.86,64,25.4,286,54.1,145,2008,0.2875729510985492,13,19,0.40625,32
9,Texas,B12,31-7,+25.09,120.6,3,95.5,42,63.9,222,+.044,67,+10.37,6,108.4,29,98.0,3,+0.04,146,2,B12,63.9,222,120.6,3,51.5,108,14.1,1,35.4,38,32.0,275,95.5,42,45.7,22,17.7,316,31.9,203,31.0,63,63.9,222,65.2,236,120.6,3,114.3,6,95.5,42,99.2,95,75.5,287,+2.0,57,+0.8,80,+1.2,53,-1.0,282,-2.7,335,-1.3,281,1.66,118,16.2,341,72.8,27,2008,0.9360495544842043,31,7,0.8157894736842105,38
21,Texas A&M,B12,25-11,+19.93,112.3,46,92.3,17,61.8,295,+.004,159,+8.28,37,107.4,51,99.1,20,-5.13,291,9,B12,61.8,295,112.3,46,51.9,88,19.0,56,33.5,86,41.7,41,92.3,17,45.0,17,17.5,323,25.3,7,26.8,16,61.8,295,64.5,267,112.3,46,107.1,74,92.3,17,94.1,22,78.1,15,+3.6,15,+1.8,29,+1.8,20,+0.4,128,+1.3,51,+2.2,27,1.89,60,31.1,168,56.6,121,2008,0.9051231934344741,25,11,0.6944444444444444,36
272,Texas A&M Corpus Chris,Slnd,9-20,-10.42,96.7,271,107.1,240,63.6,234,+.020,118,-2.54,210,101.6,237,104.2,175,+0.98,120,,Slnd,63.6,234,96.7,271,46.5,295,26.7,335,37.7,15,40.8,54,107.1,240,48.0,82,18.9,280,32.8,239,45.0,315,63.6,234,66.7,181,96.7,271,95.2,275,107.1,240,104.3,226,78.2,10,+4.3,9,+2.3,15,+2.0,10,+2.2,7,+1.2,74,+1.2,85,0.63,325,38.7,25,16.0,329,2008,0.23600286174383261,9,20,0.3103448275862069,29
244,Texas Pan American,ind,18-13,-7.73,105.5,140,113.2,325,62.6,277,-.005,183,-9.72,326,97.8,324,107.5,312,-4.81,285,,ind,62.6,277,105.5,140,53.8,33,18.7,52,24.0,323,40.2,70,113.2,325,54.6,324,22.4,89,32.4,228,34.5,132,62.6,277,66.9,175,105.5,140,106.8,79,113.2,325,106.5,283,74.9,329,-1.5,261,-1.5,305,-0.1,182,-1.4,304,-1.7,311,-1.3,274,1.68,114,22.0,322,58.4,107,2008,0.3078649361361853,18,13,0.5806451612903226,31
335,Texas Southern,SWAC,7-25,-23.21,88.3,333,111.5,312,67.4,93,+.001,165,-8.75,320,97.8,323,106.6,286,+6.29,31,,SWAC,67.4,93,88.3,333,44.5,325,21.7,222,25.0,314,30.3,303,111.5,312,52.3,268,21.8,126,36.7,325,34.3,127,67.4,93,69.8,79,88.3,333,89.3,332,111.5,312,106.2,279,75.5,295,-5.7,339,-2.6,335,-3.0,339,-0.9,271,+0.3,150,+1.7,35,0.47,334,30.7,185,14.0,331,2008,0.06399765391667112,7,25,0.21875,32
261,Texas St.,Slnd,13-16,-9.08,100.9,209,110.0,290,78.0,1,+.015,130,-6.26,287,98.9,316,105.2,218,-8.65,323,,Slnd,78.0,1,100.9,209,47.2,270,21.5,209,34.5,61,43.0,26,110.0,290,53.9,313,23.5,44,33.6,265,56.9,340,78.0,1,79.8,1,100.9,209,100.0,205,110.0,290,104.7,237,76.4,176,+0.4,138,-0.3,191,+0.7,101,+0.5,123,-1.2,278,-0.3,195,0.99,287,43.7,5,51.9,167,2008,0.2703140032346351,13,16,0.4482758620689655,29
83,Texas Tech,B12,16-15,+9.60,107.7,108,98.1,69,67.6,89,+.014,134,+9.40,19,108.5,23,99.1,19,+0.33,136,,B12,67.6,89,107.7,108,50.1,158,20.4,144,23.6,325,46.7,9,98.1,69,51.0,222,23.0,61,32.6,234,34.3,125,67.6,89,69.2,93,107.7,108,100.5,192,98.1,69,101.6,153,76.3,192,+0.1,162,+0.7,92,-0.6,237,-0.9,247,-0.7,220,-0.3,203,1.75,99,29.0,222,46.8,207,2008,0.7452933678105399,16,15,0.5161290322580645,31
330,The Citadel,SC,6-24,-20.95,94.9,298,115.9,339,62.1,289,-.023,225,+0.82,145,104.6,117,103.8,165,+4.11,54,,SC,62.1,289,94.9,298,48.2,237,19.1,62,19.9,338,18.9,341,115.9,339,58.3,341,19.7,235,34.3,285,31.9,76,62.1,289,64.1,281,94.9,298,92.7,307,115.9,339,117.0,341,75.4,301,-4.1,330,-2.1,327,-2.0,329,-1.9,316,-0.7,231,+0.7,112,0.31,335,25.6,283,11.8,333,2008,0.0912143924586792,6,24,0.2,30
221,Toledo,MAC,11-19,-5.85,94.1,307,99.9,94,64.3,202,+.084,18,+3.89,94,106.0,89,102.1,111,+7.92,17,,MAC,64.3,202,94.1,307,45.4,317,23.5,299,27.9,274,37.6,137,99.9,94,52.1,262,25.3,10,36.4,322,32.4,87,64.3,202,65.8,211,94.1,307,90.3,327,99.9,94,101.6,154,76.6,146,-2.0,288,-0.9,268,-1.1,277,+0.1,163,+1.3,45,+1.7,42,1.32,215,22.1,321,34.4,295,2008,0.3345151173843999,11,19,0.36666666666666664,30
240,Towson,CAA,13-18,-7.45,99.2,234,106.7,226,65.5,154,+.039,80,-2.97,219,101.4,250,104.4,184,-4.45,279,,CAA,65.5,154,99.2,234,46.8,283,17.2,16,26.7,293,29.9,309,106.7,226,50.4,198,20.5,188,30.9,160,36.3,165,65.5,154,66.6,185,99.2,234,97.3,248,106.7,226,102.9,193,76.1,225,-0.8,221,-0.9,270,+0.2,148,-0.1,188,-0.4,207,+0.7,140,1.05,275,33.6,99,39.6,264,2008,0.3019232608629135,13,18,0.41935483870967744,31
239,Troy,SB,12-19,-7.42,104.5,161,111.9,318,70.2,22,-.030,247,-1.83,191,103.2,178,105.1,213,-3.63,266,,SB,70.2,22,104.5,161,48.7,211,17.7,19,26.5,296,31.6,284,111.9,318,54.2,320,21.7,132,36.9,327,27.8,22,70.2,22,71.7,33,104.5,161,103.2,149,111.9,318,110.1,323,76.5,155,+0.0,167,+0.1,151,-0.1,178,-0.2,195,-0.1,187,+0.6,164,0.99,290,39.4,17,35.4,292,2008,0.3128533346047093,12,19,0.3870967741935484,31
164,Tulane,CUSA,17-15,-0.13,102.1,190,102.2,141,63.5,240,+.074,28,+1.68,125,104.3,130,102.6,134,-1.87,203,,CUSA,63.5,240,102.1,190,48.9,204,22.1,240,29.8,219,43.5,22,102.2,141,46.9,45,19.9,217,33.7,266,37.8,190,63.5,240,65.9,205,102.1,190,99.0,219,102.2,141,101.8,167,76.5,167,-0.9,228,-1.5,305,+0.5,112,+1.1,64,+2.2,26,-1.3,268,1.84,71,35.0,72,69.5,42,2008,0.4971855410035983,17,15,0.53125,32
82,Tulsa,CUSA,25-14,+9.63,106.2,131,96.6,52,64.6,191,+.019,124,+1.24,134,104.2,137,103.0,145,-8.17,321,,CUSA,64.6,191,106.2,131,50.4,148,22.3,250,35.9,30,38.0,129,96.6,52,46.0,28,17.8,313,27.2,36,31.5,71,64.6,191,66.2,195,106.2,131,104.2,128,96.6,52,96.6,50,76.7,130,-0.2,180,+0.5,117,-0.7,245,-1.5,306,+0.3,164,+0.7,121,1.43,179,30.9,177,47.3,202,2008,0.7483010664824947,25,14,0.6410256410256411,39
61,UAB,CUSA,23-11,+12.07,110.7,57,98.6,77,66.8,110,+.017,127,+2.74,111,104.3,126,101.6,93,-1.59,195,5,CUSA,66.8,110,110.7,57,52.2,76,20.2,128,31.1,170,39.0,101,98.6,77,46.8,44,19.7,241,28.6,71,37.1,180,66.8,110,68.1,130,110.7,57,106.7,82,98.6,77,97.0,53,76.2,196,+1.5,81,+0.2,132,+1.3,46,+1.1,66,-0.6,211,-4.3,335,1.63,124,35.9,61,30.4,310,2008,0.7910315630023312,23,11,0.6764705882352942,34
321,UC Davis,BW,9-22,-17.65,97.9,252,115.6,336,62.9,263,+.012,142,-2.92,217,101.9,228,104.8,200,-3.36,255,,BW,62.9,263,97.9,252,51.0,125,23.5,296,20.7,337,34.1,238,115.6,336,55.6,332,20.5,185,36.6,324,31.9,79,62.9,263,64.5,272,97.9,252,96.1,264,115.6,336,113.1,338,77.2,68,+0.9,105,+0.0,158,+0.9,79,+2.3,5,+1.3,56,+1.0,94,1.37,202,27.9,249,43.7,228,2008,0.12884854793730757,9,22,0.2903225806451613,31
161,UC Irvine,BW,18-16,+0.48,104.2,167,103.8,173,62.8,270,-.028,243,-2.21,197,102.3,210,104.5,191,+0.57,130,,BW,62.8,270,104.2,167,51.6,104,19.4,75,24.1,321,33.5,248,103.8,173,53.3,302,22.7,72,27.4,39,37.2,185,62.8,270,64.9,255,104.2,167,103.7,135,103.8,173,101.7,163,75.5,294,-1.1,235,-1.0,283,-0.1,175,-0.5,214,-1.7,306,-0.7,228,1.61,129,33.4,102,58.4,105,2008,0.5110559035484966,18,16,0.5294117647058824,34
294,UC Riverside,BW,9-21,-13.65,93.7,310,107.3,245,61.8,293,+.023,114,-1.52,187,102.7,201,104.3,179,+1.41,112,,BW,61.8,293,93.7,310,46.1,302,24.9,321,30.1,206,39.1,99,107.3,245,52.8,289,21.1,160,26.1,16,43.0,296,61.8,293,64.3,277,93.7,310,91.6,316,107.3,245,105.4,261,75.6,275,-2.8,318,-0.8,256,-2.0,324,-1.4,297,-0.7,227,+0.7,115,1.21,244,25.1,290,29.0,313,2008,0.17384758739964,9,21,0.3,30
117,UC Santa Barbara,BW,23-9,+4.93,102.3,186,97.3,64,65.2,162,+.062,40,-3.76,235,102.4,209,106.1,266,-3.52,260,7,BW,65.2,162,102.3,186,52.0,84,20.9,175,26.8,290,34.6,228,97.3,64,49.8,167,26.6,3,32.3,221,42.2,282,65.2,162,67.8,143,102.3,186,102.4,160,97.3,64,95.0,30,76.8,114,+1.9,62,-0.1,168,+1.9,14,+1.2,56,-0.7,216,+0.7,149,2.00,42,28.4,236,68.2,49,2008,0.6402093420725851,23,9,0.71875,32
97,UCF,CUSA,16-15,+7.11,109.1,78,102.0,137,64.1,208,-.106,339,+1.20,135,103.8,156,102.6,132,-0.15,152,,CUSA,64.1,208,109.1,78,51.7,97,20.0,109,31.8,144,37.2,149,102.0,137,48.2,88,21.3,150,32.4,229,42.2,283,64.1,208,66.6,184,109.1,78,107.3,69,102.0,137,100.9,137,76.3,183,+0.2,155,+1.2,49,-1.0,265,-0.9,257,-1.6,290,+0.7,151,1.74,100,29.8,204,72.1,32,2008,0.6843550627312801,16,15,0.5161290322580645,31
4,UCLA,P10,35-4,+29.94,118.0,7,88.1,5,64.1,209,+.047,62,+10.03,9,109.3,6,99.3,24,-1.63,196,1,P10,64.1,209,118.0,7,52.2,75,18.6,47,38.8,9,37.3,147,88.1,5,46.5,37,21.7,133,25.0,6,25.6,9,64.1,209,65.1,246,118.0,7,112.7,13,88.1,5,91.3,8,77.6,36,+2.3,47,+0.9,79,+1.5,35,+1.1,59,+1.3,48,+0.7,117,1.68,112,21.7,324,57.0,118,2008,0.9664450176889079,35,4,0.8974358974358975,39
127,UMBC,AE,24-9,+3.86,113.2,39,109.3,282,63.7,230,+.057,46,-4.31,241,100.7,274,105.0,207,+2.68,79,15,AE,63.7,230,113.2,39,51.4,110,14.7,2,30.7,187,33.4,252,109.3,282,50.2,183,19.0,276,33.0,251,28.6,34,63.7,230,64.8,260,113.2,39,112.8,12,109.3,282,105.8,271,75.1,323,-1.7,270,-0.1,170,-1.6,310,-0.9,255,+0.3,151,-3.3,330,2.62,4,20.9,331,40.0,260,2008,0.599453216566029,24,9,0.7272727272727273,33
258,UMKC,Sum,11-21,-8.72,100.0,223,108.7,266,65.9,142,+.011,144,-0.81,171,104.4,121,105.2,223,+0.84,124,,Sum,65.9,142,100.0,223,48.0,247,20.4,143,28.2,264,35.3,207,108.7,266,54.0,316,22.0,112,31.8,196,51.2,337,65.9,142,67.2,167,100.0,223,99.5,214,108.7,266,109.1,311,76.5,168,-0.3,185,-0.2,187,-0.0,165,+0.1,154,+0.3,172,+0.7,151,1.64,122,36.2,56,43.2,232,2008,0.27700865627111443,11,21,0.34375,32
172,UNC Asheville,BSth,23-10,-1.21,107.2,115,108.4,259,64.4,198,+.100,7,-5.78,275,101.1,262,106.9,294,-1.34,182,8,BSth,64.4,198,107.2,115,53.8,32,19.1,64,30.0,212,37.8,133,108.4,259,49.7,161,16.2,339,30.1,124,22.4,3,64.4,198,67.5,159,107.2,115,108.4,53,108.4,259,105.5,265,77.2,73,+3.6,16,+3.3,3,+0.3,140,+1.0,94,-0.7,230,+0.7,143,2.30,12,25.4,287,68.0,52,2008,0.4680395946511007,23,10,0.696969696969697,33
99,UNC Greensboro,SC,19-12,+6.96,108.1,98,101.2,120,64.6,189,+.014,132,+0.04,155,104.1,141,104.1,169,+3.59,67,,SC,64.6,189,108.1,98,52.6,59,21.2,187,32.6,116,40.1,76,101.2,120,50.1,179,21.7,128,34.3,286,24.3,7,64.6,189,66.2,196,108.1,98,106.7,81,101.2,120,100.6,130,75.2,316,-4.0,328,-2.5,332,-1.5,305,+0.1,165,+1.2,75,-1.3,283,2.43,6,25.5,284,77.5,15,2008,0.6810315914195592,19,12,0.6129032258064516,31
162,UNC Wilmington,CAA,20-13,+0.35,108.2,93,107.9,249,66.5,121,+.060,42,-2.79,214,101.4,248,104.2,176,-5.62,298,,CAA,66.5,121,108.2,93,53.7,35,22.2,245,33.1,100,32.5,262,107.9,249,49.7,162,17.8,314,30.2,129,31.9,78,66.5,121,67.5,156,108.2,93,106.8,78,107.9,249,104.7,238,77.0,102,+1.4,86,+1.1,58,+0.3,139,+0.1,162,+1.3,57,+0.2,174,1.78,89,21.2,327,47.8,199,2008,0.5079817425692316,20,13,0.6060606060606061,33
48,UNLV,MWC,27-8,+13.71,110.2,67,96.5,51,63.9,223,+.081,21,+3.10,108,104.3,131,101.2,81,-0.86,171,8,MWC,63.9,223,110.2,67,48.5,225,16.1,7,28.2,265,33.0,257,96.5,51,46.5,36,22.2,99,30.6,145,32.6,89,63.9,223,65.5,226,110.2,67,105.1,109,96.5,51,95.4,35,76.5,150,-1.0,232,-1.0,279,-0.1,176,+1.1,76,-0.4,205,-0.3,185,1.24,237,26.6,265,40.5,255,2008,0.8215185313320176,27,8,0.7714285714285715,35
28,USC,P10,21-12,+18.67,110.5,59,91.9,13,65.2,166,-.005,184,+11.18,3,109.7,2,98.5,8,+0.40,134,6,P10,65.2,166,110.5,59,53.3,41,21.8,225,29.0,251,38.7,113,91.9,13,44.8,15,19.5,247,33.7,269,27.9,24,65.2,166,65.8,215,110.5,59,103.9,132,91.9,13,95.8,41,77.7,29,+1.1,98,+1.0,64,+0.1,152,+1.1,81,+3.3,2,-1.3,244,0.89,302,20.7,332,45.1,220,2008,0.8927952442036942,21,12,0.6363636363636364,33
284,USC Upstate,ASun,7-23,-12.15,93.7,309,105.8,208,63.4,247,-.062,308,-1.21,181,102.9,192,104.1,171,+8.17,14,,ASun,63.4,247,93.7,309,46.2,301,22.5,264,27.1,286,37.0,158,105.8,208,51.3,236,22.7,69,34.9,302,40.5,251,63.4,247,67.5,157,93.7,309,91.4,320,105.8,208,104.1,216,75.7,270,-0.7,218,+0.3,125,-1.1,274,-1.4,298,-1.2,279,-3.3,325,0.00,339,32.5,131,0.0,0,2008,0.19834000810952798,7,23,0.23333333333333334,30
180,UT Arlington,Slnd,21-12,-2.31,101.3,202,103.6,170,68.6,57,+.045,64,-4.81,253,99.5,304,104.3,182,-5.90,301,16,Slnd,68.6,57,101.3,202,52.3,70,23.9,307,31.3,159,41.4,44,103.6,170,47.4,62,20.3,195,29.1,91,38.7,210,68.6,57,71.1,45,101.3,202,100.5,193,103.6,170,98.6,83,75.3,313,-1.9,286,-0.4,215,-1.5,304,-1.9,317,-2.1,319,-1.3,248,2.08,32,34.2,83,81.6,9,2008,0.4358097890557045,21,12,0.6363636363636364,33
108,UTEP,CUSA,19-14,+5.74,106.7,123,100.9,115,70.9,16,-.013,201,+1.46,130,103.6,160,102.2,115,-3.53,261,,CUSA,70.9,16,106.7,123,48.8,206,17.8,22,29.5,229,45.7,14,100.9,115,49.3,140,22.9,66,29.3,99,49.0,332,70.9,16,72.7,17,106.7,123,104.1,129,100.9,115,99.2,97,77.5,38,+2.4,46,+1.4,42,+1.0,63,+1.4,49,+1.3,42,-1.3,246,1.14,261,31.0,172,42.4,237,2008,0.6553746463854944,19,14,0.5757575757575758,33
282,UTSA,Slnd,13-17,-11.88,94.6,301,106.5,223,63.4,244,+.063,39,-2.28,199,101.5,245,103.8,163,+2.44,84,,Slnd,63.4,244,94.6,301,46.6,287,22.6,265,27.6,280,40.7,57,106.5,223,54.1,318,26.8,1,36.9,326,41.5,275,63.4,244,65.1,243,94.6,301,92.1,313,106.5,223,103.9,212,76.4,171,+0.6,128,-0.4,208,+0.9,70,-0.9,267,+1.3,64,+0.7,120,0.89,301,31.0,174,43.3,231,2008,0.2038170279020715,13,17,0.43333333333333335,30
64,Utah,MWC,18-15,+11.94,110.2,64,98.3,71,62.9,266,-.111,340,+5.24,84,106.0,90,100.8,68,+2.23,92,,MWC,62.9,266,110.2,64,53.9,31,19.4,81,26.0,307,31.1,292,98.3,71,47.6,67,17.6,320,22.3,1,39.5,230,62.9,266,63.5,292,110.2,64,106.5,86,98.3,71,99.1,93,77.3,53,+5.1,3,+3.3,4,+1.8,22,+0.7,110,-0.2,195,+0.7,151,1.78,91,30.9,179,62.5,73,2008,0.7882047691931234,18,15,0.5454545454545454,33
109,Utah St.,WAC,24-11,+5.70,114.6,28,108.9,270,62.9,264,+.038,82,-3.25,224,101.8,232,105.0,210,-3.06,245,7,WAC,62.9,264,114.6,28,57.4,1,21.3,196,33.0,104,36.9,161,108.9,270,50.0,173,17.3,326,30.6,147,28.9,39,62.9,264,65.0,250,114.6,28,113.7,9,108.9,270,105.5,266,76.2,203,-0.9,226,+0.1,146,-1.0,268,-1.5,305,+0.3,164,-2.2,296,1.53,147,27.6,251,43.3,230,2008,0.6426086264037646,24,11,0.6857142857142857,35
215,Utah Valley St.,ind,15-14,-5.22,105.0,144,110.2,297,60.6,315,-.045,284,-6.71,295,100.2,285,107.0,298,-0.53,159,,ind,60.6,315,105.0,144,52.1,81,21.1,183,32.3,128,31.7,282,110.2,297,50.7,209,20.8,171,33.0,249,34.0,119,60.6,315,64.9,256,105.0,144,106.0,93,110.2,297,104.6,233,76.4,179,-2.1,293,-1.5,313,-0.6,233,+0.6,119,-0.7,219,+0.7,104,1.18,250,29.8,203,51.3,172,2008,0.36450353337656916,15,14,0.5172413793103449,29
68,VCU,CAA,24-8,+11.45,104.7,157,93.2,22,63.6,237,-.041,270,-1.67,189,102.4,208,104.0,168,+2.99,77,4,CAA,63.6,237,104.7,157,49.6,177,20.1,115,33.0,106,40.0,77,93.2,22,42.1,2,22.4,88,30.3,134,38.0,200,63.6,237,65.0,249,104.7,157,103.2,151,93.2,22,90.1,5,75.9,238,-0.4,190,-0.4,213,+0.0,162,-0.9,263,+0.3,148,-1.3,252,1.44,178,33.7,96,55.9,128,2008,0.7921676092530568,24,8,0.75,32
255,VMI,BSth,14-15,-8.65,105.4,141,114.1,328,77.7,2,-.040,269,-7.36,305,99.7,299,107.0,300,-8.07,319,,BSth,77.7,2,105.4,141,50.8,133,18.7,49,28.5,259,28.3,321,114.1,328,57.9,340,23.4,48,37.1,330,30.9,59,77.7,2,79.0,2,105.4,141,105.4,103,114.1,328,108.5,304,75.5,291,-3.6,326,-2.3,331,-1.3,299,+0.1,165,+0.3,128,-0.3,208,1.90,51,30.5,192,60.0,88,2008,0.28657129845424667,14,15,0.4827586206896552,29
119,Valparaiso,Horz,22-14,+4.70,107.9,103,103.2,162,65.7,149,+.049,56,+2.15,121,104.3,132,102.1,112,+0.35,135,,Horz,65.7,149,107.9,103,52.9,51,19.5,86,24.8,317,34.6,227,103.2,162,49.6,159,18.3,300,27.6,44,38.1,201,65.7,149,65.9,204,107.9,103,104.7,123,103.2,162,102.9,191,76.6,136,+0.0,166,+0.1,150,-0.0,166,-0.8,234,-0.7,223,+0.7,127,1.90,53,28.6,232,78.8,13,2008,0.6253136811912244,22,14,0.6111111111111112,36
56,Vanderbilt,SEC,26-8,+12.65,112.3,47,99.6,88,68.2,67,+.110,5,+5.20,86,107.4,49,102.2,118,-1.70,198,4,SEC,68.2,67,112.3,47,54.1,24,19.7,94,28.9,253,38.3,123,99.6,88,49.7,160,20.2,202,32.5,233,32.0,80,68.2,67,71.3,41,112.3,47,109.6,40,99.6,88,102.2,174,77.5,39,+2.6,40,+1.0,61,+1.6,30,+2.1,14,+0.9,89,+0.7,134,1.82,81,28.7,229,54.7,140,2008,0.7990126034434295,26,8,0.7647058823529411,34
175,Vermont,AE,16-15,-1.73,101.0,205,102.7,151,68.8,47,-.055,297,-5.82,276,101.4,249,107.2,307,-3.43,258,,AE,68.8,47,101.0,205,50.9,129,21.1,185,31.1,167,37.4,144,102.7,151,47.3,58,20.6,181,29.0,90,41.5,274,68.8,47,70.1,68,101.0,205,102.6,157,102.7,151,99.4,103,75.8,261,-2.1,295,-1.0,284,-1.1,281,-0.2,191,-0.7,240,-1.3,242,1.81,84,30.7,183,60.5,84,2008,0.4521584574882939,16,15,0.5161290322580645,31
46,Villanova,BE,22-13,+14.21,109.2,75,95.0,35,68.1,74,+.037,84,+9.14,25,108.9,15,99.8,38,-2.40,222,12,BE,68.1,74,109.2,75,49.1,196,20.3,135,34.3,64,38.9,107,95.0,35,51.1,223,23.3,50,29.2,96,46.4,322,68.1,74,69.6,86,109.2,75,104.5,124,95.0,35,100.0,118,77.1,85,+0.3,146,-0.2,183,+0.5,116,+1.1,72,+0.3,129,+1.7,52,1.11,264,37.3,44,51.2,173,2008,0.8322974444388969,22,13,0.6285714285714286,35
90,Virginia,ACC,17-16,+8.11,110.5,61,102.4,145,68.4,63,-.024,230,+6.21,67,106.8,67,100.6,63,-6.23,304,,ACC,68.4,63,110.5,61,50.3,150,19.3,71,34.2,66,35.3,208,102.4,145,51.9,259,18.7,285,27.2,35,33.2,100,68.4,63,71.3,40,110.5,61,106.4,87,102.4,145,103.9,214,76.9,103,+1.2,96,-0.2,182,+1.4,39,+1.2,53,+1.1,81,+0.7,141,2.19,23,32.5,130,57.5,116,2008,0.7058849602767256,17,16,0.5151515151515151,33
34,Virginia Tech,ACC,21-14,+16.29,107.1,119,90.8,8,65.8,146,-.048,288,+7.41,48,107.9,40,100.5,61,-0.09,150,1,ACC,65.8,146,107.1,119,48.8,210,20.6,158,33.8,79,39.0,102,90.8,8,46.5,34,21.1,158,27.6,43,33.7,115,65.8,146,68.1,134,107.1,119,102.3,163,90.8,8,93.5,17,77.3,60,+0.3,144,-0.6,246,+0.9,83,+2.1,16,+2.2,24,-2.3,297,1.37,205,29.0,223,38.7,271,2008,0.8697434659066978,21,14,0.6,35
228,Wagner,NEC,23-8,-6.44,97.1,265,103.6,168,67.4,91,+.226,1,-8.81,322,99.5,305,108.3,328,-7.79,318,,NEC,67.4,91,97.1,265,49.2,188,21.7,218,36.5,24,36.2,181,103.6,168,47.1,50,19.5,249,28.2,58,34.2,124,67.4,91,70.0,69,97.1,265,99.5,213,103.6,168,98.8,87,76.1,226,-2.6,314,-1.9,325,-0.7,249,+0.4,125,+0.3,137,+0.7,146,2.93,2,19.3,337,71.1,39,2008,0.3218782496863461,23,8,0.7419354838709677,31
73,Wake Forest,ACC,17-13,+10.82,107.7,106,96.9,58,68.8,46,-.016,208,+6.85,55,106.2,84,99.3,28,-4.68,280,,ACC,68.8,46,107.7,106,48.5,222,19.9,103,33.3,91,34.2,235,96.9,58,49.3,138,24.1,28,32.2,216,36.4,167,68.8,46,70.6,56,107.7,106,101.9,165,96.9,58,97.4,61,76.8,109,+3.3,22,+1.7,31,+1.7,25,-0.7,229,+0.3,161,-0.3,199,1.01,284,31.5,155,53.2,155,2008,0.7712187502896183,17,13,0.5666666666666667,30
69,Washington,P10,16-17,+11.36,109.7,72,98.4,74,68.6,59,-.070,320,+9.10,26,108.7,17,99.6,33,-1.56,191,,P10,68.6,59,109.7,72,50.0,161,19.7,92,39.7,6,34.2,236,98.4,74,51.3,234,21.5,142,27.5,41,39.7,238,68.6,59,69.3,91,109.7,72,105.0,110,98.4,74,101.9,168,76.5,152,+0.7,120,-0.2,188,+0.9,83,+0.1,142,-0.7,213,-0.3,201,1.76,96,36.3,54,54.7,141,2008,0.7773255622070413,16,17,0.48484848484848486,33
10,Washington St.,P10,26-9,+24.32,115.1,23,90.8,9,58.3,334,-.004,179,+8.99,29,109.0,12,100.0,52,-6.51,309,4,P10,58.3,334,115.1,23,53.7,36,16.6,9,25.7,309,38.5,118,90.8,9,46.7,43,21.3,151,27.7,46,28.4,33,58.3,334,59.4,335,115.1,23,111.0,25,90.8,9,93.6,19,77.7,28,+2.9,31,+1.5,35,+1.3,42,+2.1,15,+0.3,130,+1.7,59,2.82,3,21.4,326,76.7,16,2008,0.9386088616449292,26,9,0.7428571428571429,35
186,Weber St.,BSky,16-14,-2.72,99.6,231,102.4,144,63.9,220,+.012,139,-5.06,260,102.0,221,107.0,301,+0.04,147,,BSky,63.9,220,99.6,231,51.6,99,23.9,306,26.6,294,44.9,18,102.4,144,50.1,178,20.0,212,26.0,13,38.3,203,63.9,220,65.2,238,99.6,231,100.8,184,102.4,144,99.6,108,75.9,239,+0.9,109,+0.5,102,+0.3,134,-0.9,254,-0.2,192,-4.1,333,1.12,263,35.5,66,62.3,76,2008,0.4209603510898483,16,14,0.5333333333333333,30
18,West Virginia,BE,26-11,+21.29,114.6,27,93.3,23,63.8,228,-.019,217,+9.00,28,108.5,24,99.5,31,-1.98,210,7,BE,63.8,228,114.6,27,51.4,112,16.1,6,32.8,111,36.6,171,93.3,23,48.0,80,22.6,73,28.1,56,39.7,237,63.8,228,66.1,200,114.6,27,111.2,24,93.3,23,95.9,44,77.9,21,+1.6,74,+0.6,94,+0.9,78,+2.1,11,+0.3,125,+2.7,17,1.64,123,22.2,320,68.0,51,2008,0.9140970446711391,26,11,0.7027027027027027,37
243,Western Carolina,SC,10-21,-7.58,98.6,244,106.1,214,63.3,251,-.040,268,-0.50,163,104.1,143,104.6,197,+1.44,111,,SC,63.3,251,98.6,244,46.3,298,21.7,223,34.9,53,24.2,338,106.1,214,51.6,248,21.8,121,32.3,222,42.9,294,63.3,251,65.1,245,98.6,244,97.1,252,106.1,214,105.5,263,77.0,100,+0.4,140,-0.5,218,+0.8,96,+1.4,48,+0.3,146,+1.7,46,1.33,213,36.3,52,60.6,83,2008,0.30088775592259864,10,21,0.3225806451612903,31
256,Western Illinois,Sum,12-18,-8.66,98.4,246,107.1,237,66.1,137,+.006,155,-1.58,188,104.7,115,106.3,274,-0.08,149,,Sum,66.1,137,98.4,246,46.6,288,20.3,140,29.4,238,42.5,29,107.1,237,51.2,228,19.7,243,31.9,200,49.4,333,66.1,137,68.0,139,98.4,246,98.0,236,107.1,237,106.8,288,76.6,143,-0.2,178,-0.1,172,-0.1,208,+0.3,131,+0.3,133,+0.7,129,1.71,108,33.8,94,39.5,265,2008,0.27402325769232744,12,18,0.4,30
43,Western Kentucky,SB,29-7,+14.60,111.9,48,97.3,62,68.2,69,-.021,219,-0.85,172,103.3,176,104.2,174,+1.69,100,12,SB,68.2,69,111.9,48,53.5,39,20.1,112,35.4,39,36.0,193,97.3,62,47.2,54,24.5,18,32.2,214,48.7,329,68.2,69,69.2,95,111.9,48,110.7,30,97.3,62,95.5,37,76.4,174,-0.6,213,-0.1,175,-0.5,224,-0.2,190,+0.3,171,-0.3,197,2.02,40,39.5,16,75.0,20,2008,0.8331024121469108,29,7,0.8055555555555556,36
94,Western Michigan,MAC,20-12,+7.92,108.1,100,100.2,97,63.8,226,-.023,224,+0.60,146,103.7,158,103.1,149,+3.78,63,,MAC,63.8,226,108.1,100,49.7,172,21.9,232,34.0,73,47.6,5,100.2,97,46.7,42,19.2,263,28.0,51,41.5,273,63.8,226,64.9,257,108.1,100,105.9,95,100.2,97,98.7,86,75.5,292,-2.2,301,-1.1,292,-1.1,272,-0.4,206,-0.7,257,-2.3,301,2.05,35,33.6,98,92.6,1,2008,0.7053109764291792,20,12,0.625,32
154,Wichita St.,MVC,11-20,+1.41,104.3,165,102.8,154,60.5,318,-.070,321,+3.82,96,105.8,93,102.0,104,-2.09,213,,MVC,60.5,318,104.3,165,47.3,267,22.4,255,35.8,34,37.2,151,102.8,154,50.6,204,19.1,271,25.5,9,35.8,156,60.5,318,61.2,322,104.3,165,100.4,196,102.8,154,103.6,207,76.2,197,-1.0,231,-1.5,309,+0.4,122,+0.1,148,+1.3,73,+0.4,172,1.00,285,31.5,153,32.8,300,2008,0.5415512263594173,11,20,0.3548387096774194,31
189,William & Mary,CAA,17-16,-2.99,100.3,219,103.3,165,61.4,303,+.053,51,-1.04,176,102.2,213,103.2,151,-2.13,214,,CAA,61.4,303,100.3,219,48.7,212,20.7,162,28.3,262,31.0,294,103.3,165,49.0,123,22.1,105,34.3,284,35.6,152,61.4,303,62.0,313,100.3,219,98.2,229,103.3,165,101.1,143,78.1,14,+2.8,35,+0.7,89,+2.1,7,+3.0,3,+1.3,50,+2.9,6,1.91,50,27.5,252,64.7,66,2008,0.41607079300305094,17,16,0.5151515151515151,33
323,Winston Salem St.,ind,12-18,-18.20,89.7,330,107.9,251,65.6,150,+.009,151,-10.92,331,96.1,335,107.0,302,-10.32,337,,ind,65.6,150,89.7,330,43.8,330,22.9,278,32.2,134,34.5,230,107.9,251,48.6,112,23.6,43,36.4,321,35.9,157,65.6,150,68.2,128,89.7,330,90.1,328,107.9,251,99.1,92,75.5,289,-1.3,245,-1.2,299,-0.1,204,-1.3,292,-0.7,247,-0.3,206,1.16,256,29.9,200,65.0,65,2008,0.10674376951067219,12,18,0.4,30
104,Winthrop,BSth,22-12,+6.38,99.5,232,93.1,20,61.6,298,-.000,167,-1.01,175,105.1,106,106.1,267,+7.81,19,13,BSth,61.6,298,99.5,232,49.6,179,19.4,77,32.0,137,35.7,200,93.1,20,46.6,39,22.8,67,26.1,15,33.6,113,61.6,298,63.5,293,99.5,232,100.7,186,93.1,20,93.3,16,75.8,256,-1.3,247,-0.7,253,-0.6,235,-0.9,253,-1.9,315,-1.3,285,1.50,164,30.5,190,50.6,180,2008,0.6823428935695295,22,12,0.6470588235294118,34
5,Wisconsin,B10,31-5,+26.68,113.5,37,86.8,3,61.1,306,+.043,69,+7.35,51,107.1,61,99.8,40,-0.19,154,3,B10,61.1,306,113.5,37,50.6,140,19.0,58,35.3,45,39.9,80,86.8,3,43.4,4,21.4,147,26.5,22,25.4,8,61.1,306,62.2,311,113.5,37,108.4,54,86.8,3,87.8,1,77.4,42,+3.3,23,+2.4,13,+0.9,73,-1.9,314,+0.3,161,+1.7,50,1.73,104,22.8,318,58.7,102,2008,0.9562386486347344,31,5,0.8611111111111112,36
203,Wofford,SC,16-16,-4.05,106.7,122,110.8,304,61.2,304,+.034,92,+1.17,136,104.0,146,102.9,142,+11.09,8,,SC,61.2,304,106.7,122,49.2,195,19.3,73,30.1,209,38.4,120,110.8,304,52.9,294,16.9,332,31.4,176,32.2,86,61.2,304,62.7,306,106.7,122,103.4,144,110.8,304,109.9,319,76.1,218,+0.0,168,+0.1,152,-0.1,180,-0.8,232,-0.7,229,+0.7,132,1.85,66,36.9,48,62.2,77,2008,0.3932635333928632,16,16,0.5,32
116,Wright St.,Horz,21-10,+5.04,104.0,169,98.9,82,59.7,326,+.064,38,+0.47,147,104.4,122,103.9,167,+0.07,144,,Horz,59.7,326,104.0,169,51.9,94,20.2,130,28.5,257,35.2,211,98.9,82,48.2,94,19.7,237,28.7,75,29.6,46,59.7,326,60.2,330,104.0,169,102.6,156,98.9,82,98.5,78,76.5,148,-1.1,234,-0.5,216,-0.6,236,-0.5,215,+1.3,66,+1.7,53,1.33,211,24.0,307,47.1,205,2008,0.6406621217531676,21,10,0.6774193548387096,31
194,Wyoming,MWC,12-18,-3.32,100.8,211,104.1,180,68.6,52,-.018,215,+2.35,115,104.3,129,102.0,105,-2.74,238,,MWC,68.6,52,100.8,211,49.3,182,24.2,313,28.1,268,45.1,17,104.1,180,48.6,109,16.7,336,28.9,82,35.9,160,68.6,52,69.0,101,100.8,211,97.5,242,104.1,180,104.6,236,77.6,32,+3.1,27,+1.2,50,+1.9,14,+1.6,32,+0.3,145,+1.7,58,1.76,93,25.8,281,59.0,98,2008,0.4084306883157817,12,18,0.4,30
15,Xavier,A10,30-7,+22.05,117.3,8,95.2,39,63.8,225,+.054,49,+6.94,53,108.1,34,101.2,80,+3.50,69,3,A10,63.8,225,117.3,8,54.6,16,19.5,83,34.5,60,42.4,30,95.2,39,47.1,51,19.1,270,28.5,70,31.4,69,63.8,225,65.1,244,117.3,8,114.7,5,95.2,39,97.3,59,76.5,164,+1.0,101,+0.5,99,+0.5,118,+1.8,27,+1.5,37,-4.3,337,2.29,13,29.3,216,56.0,126,2008,0.9168791696017372,30,7,0.8108108108108109,37
232,Yale,Ivy,13-15,-7.15,99.9,226,107.1,239,65.4,158,+.019,122,-4.77,250,101.4,247,106.2,269,+1.17,117,,Ivy,65.4,158,99.9,226,50.8,134,21.9,233,29.4,235,36.0,189,107.1,239,52.5,275,21.5,141,29.4,103,40.0,244,65.4,158,66.8,178,99.9,226,100.0,202,107.1,239,104.5,232,77.3,49,+0.3,147,+0.2,137,+0.1,155,+2.1,18,+0.4,118,+1.7,61,2.11,30,36.0,59,74.9,21,2008,0.30995646114577075,13,15,0.4642857142857143,28
222,Youngstown St.,Horz,9-21,-5.88,97.9,251,103.8,174,67.2,99,+.013,137,+3.76,97,105.2,104,101.4,88,+5.45,38,,Horz,67.2,99,97.9,251,48.0,243,21.4,204,24.1,322,34.9,223,103.8,174,52.6,280,20.3,196,28.5,68,34.6,136,67.2,99,67.7,147,97.9,251,93.7,297,103.8,174,104.5,231,76.2,202,-1.4,255,-1.5,305,+0.0,160,+1.1,60,+0.3,155,-0.3,192,1.93,47,28.2,242,58.1,109,2008,0.33783137943725866,9,21,0.3,30
