rk,TEAM,CONF,RECORD,KADJ EM,adjo,adjo.rank,adjd,adjd.rank,adjt,adjt.rank,luck,luck.rank,sos-adjem,sos-adjem.rank,sos-oppo,sos-oppo.rank,sos-oppd,sos-oppd.rank,ncsos-adjem,ncsos-adjem.rank,seed,conference,KADJ T,adjtempo.rank,KADJ O,adjoe.rank,off-efg%,off-efg%.rank,off-to%,off-to%.rank,off-or%,off-or%.rank,off-ftrate,off-ftrate.rank,KADJ D,adjde.rank,def-efg%,def-efg%.rank,def-to%,def-to%.rank,def-or%,def-or%.rank,def-ftrate,def-ftrate.rank,tempo-adj,tempo-adj.rank,tempo-raw,tempo-raw.rank,avg. poss length-offense,avg. poss length-offense.rank,avg. poss length-defense,avg. poss length-defense.rank,off. efficiency-adj,off. efficiency-adj.rank,off. efficiency-raw,off. efficiency-raw.rank,def. efficiency-adj,def. efficiency-adj.rank,def. efficiency-raw,def. efficiency-raw.rank,avghgt,avghgt.rank,effhgt,effhgt.rank,c-hgt,c-hgt.rank,pf-hgt,pf-hgt.rank,sf-hgt,sf-hgt.rank,sg-hgt,sg-hgt.rank,pg-hgt,pg-hgt.rank,EXP,experience.rank,bench,bench.rank,CONTINUITY,continuity.rank,YEAR,BARTHAG,W,L,WIN%,GAMES
152,Abilene Christian,Slnd,27-7,+1.35,103.4,196,102.0,121,66.1,256,+.123,5,-8.67,341,100.0,326,108.7,336,-4.75,295,15,Slnd,66.1,256,103.4,196,51.9,117,17.3,97,27.0,218,34.0,150,102.0,121,49.8,132,23.3,9,28.5,188,38.3,299,66.1,256,66.5,295,18.2,255,17.7,234,103.4,196,105.8,110,102.0,121,97.6,48,75.9,299,-0.8,277,-0.9,271,-0.7,260,-0.9,295,-0.9,272,-1.2,275,2.27,16,30.0,186,61.7,73,2019,0.5391123560393929,27,7,0.7941176470588235,34
243,Air Force,MWC,14-18,-7.06,100.6,252,107.7,242,66.6,235,+.030,103,-1.62,182,102.9,230,104.5,160,-4.14,280,,MWC,66.6,235,100.6,252,51.3,141,19.3,233,23.2,321,28.3,294,107.7,242,53.5,300,17.8,221,24.1,18,28.6,67,66.6,235,67.3,265,18.6,299,17.2,112,100.6,252,98.8,275,107.7,242,105.7,242,77.2,126,-0.9,291,-2.0,340,+0.2,145,+0.3,113,+1.1,56,+2.1,30,1.06,285,33.4,92,50.9,155,2019,0.31340049413833065,14,18,0.4375,32
108,Akron,MAC,17-16,+5.87,100.0,259,94.1,22,66.2,254,-.105,344,+1.16,110,105.4,104,104.3,149,-5.43,310,,MAC,66.2,254,100.0,259,48.2,285,17.3,93,25.1,277,27.7,304,94.1,22,45.5,13,19.1,134,29.9,251,30.6,117,66.2,254,68.5,206,18.2,260,17.0,78,100.0,259,99.4,264,94.1,22,94.0,11,76.3,249,-0.3,222,+0.3,128,-1.0,287,+0.2,125,+1.3,41,-3.4,349,1.49,181,24.7,299,41.7,226,2019,0.6680413374063978,17,16,0.5151515151515151,33
64,Alabama,SEC,18-16,+10.68,108.2,103,97.5,58,68.7,117,+.024,114,+10.10,33,109.7,24,99.6,37,+3.89,62,1,SEC,68.7,117,108.2,103,50.3,192,19.5,248,31.5,77,38.0,47,97.5,58,48.9,90,16.9,274,28.0,165,29.6,87,68.7,117,69.8,128,16.8,84,17.6,205,108.2,103,102.5,185,97.5,58,102.3,154,77.9,39,+0.3,126,-0.0,161,+0.7,97,+1.1,65,+2.0,16,+1.5,54,1.81,94,34.3,76,65.8,59,2019,0.7680767859149149,18,16,0.5294117647058824,34
344,Alabama A&M,SWAC,5-27,-22.17,87.0,350,109.1,264,65.7,282,-.044,283,-8.03,333,99.3,337,107.3,274,+0.26,153,,SWAC,65.7,282,87.0,350,45.7,338,22.5,333,27.8,196,25.0,332,109.1,264,53.7,308,20.9,44,31.9,305,38.8,308,65.7,282,67.6,250,18.4,277,17.4,166,87.0,350,88.8,347,109.1,264,104.9,214,75.8,313,-1.0,304,-1.5,322,-0.6,240,-0.0,174,-1.8,332,-1.4,282,0.84,324,36.6,45,38.1,262,2019,0.06893898955932809,5,27,0.15625,32
328,Alabama St.,SWAC,12-19,-15.77,95.2,323,110.9,300,67.2,196,+.024,117,-6.59,300,99.9,328,106.5,231,+12.25,2,,SWAC,67.2,196,95.2,323,46.1,333,20.9,315,31.6,75,37.4,57,110.9,300,53.0,286,21.2,35,32.3,317,36.9,277,67.2,196,68.4,209,18.2,256,17.4,167,95.2,323,95.3,322,110.9,300,106.2,252,75.4,339,-1.3,321,-1.0,277,-1.5,330,-1.0,301,-0.9,268,-2.8,340,1.17,259,35.6,57,62.8,67,2019,0.1473594838023327,12,19,0.3870967741935484,31
279,Albany,AE,12-20,-9.86,98.4,285,108.3,253,65.9,270,-.066,319,-7.01,307,100.2,324,107.2,272,-5.46,311,,AE,65.9,270,98.4,285,49.3,239,20.9,312,27.3,211,32.5,196,108.3,253,52.1,243,18.5,164,28.3,178,30.2,107,65.9,270,66.3,302,18.8,314,17.6,209,98.4,285,99.3,267,108.3,253,103.2,174,76.7,192,-0.1,192,-0.3,211,+0.0,181,-0.6,244,-0.2,202,+0.5,137,0.71,338,25.4,289,18.5,336,2019,0.24928298655824785,12,20,0.375,32
349,Alcorn St.,SWAC,10-21,-24.07,89.3,348,113.4,330,65.8,276,+.031,101,-7.71,326,99.1,341,106.8,249,+8.36,7,,SWAC,65.8,276,89.3,348,45.7,339,24.1,348,30.1,110,30.5,251,113.4,330,52.7,269,18.2,188,31.5,293,36.5,268,65.8,276,67.4,255,18.5,288,17.4,150,89.3,348,89.3,346,113.4,330,108.2,288,76.8,173,-0.5,241,+0.4,118,-1.4,323,-0.8,268,+1.1,56,+0.6,126,1.31,223,34.5,75,38.4,259,2019,0.0602235311404074,10,21,0.3225806451612903,31
200,American,Pat,15-15,-3.12,102.1,220,105.2,182,66.6,233,-.119,351,-7.64,323,100.5,317,108.1,317,-10.80,350,,Pat,66.6,233,102.1,220,53.2,68,18.7,190,26.1,243,35.8,92,105.2,182,48.2,53,17.7,225,27.4,143,34.8,229,66.6,233,67.7,245,18.8,309,16.8,43,102.1,220,104.6,143,105.2,182,100.1,99,77.3,100,-0.4,223,+0.1,152,-0.8,267,+1.0,67,+0.7,100,+1.4,76,1.73,112,26.4,273,62.7,68,2019,0.4148450482787961,15,15,0.5,30
206,Appalachian St.,SB,11-21,-3.53,106.2,142,109.7,274,71.6,28,-.083,334,+1.03,116,105.3,112,104.3,152,+5.33,35,,SB,71.6,28,106.2,142,51.4,135,17.8,125,25.8,254,37.0,66,109.7,274,53.8,314,17.4,249,29.7,247,34.1,218,71.6,28,73.2,26,16.1,43,16.9,51,106.2,142,104.7,141,109.7,274,110.2,314,77.0,140,+0.7,79,-0.0,161,+1.4,31,-0.1,191,-0.2,198,-0.2,196,2.03,53,34.8,69,71.6,26,2019,0.40784276659710034,11,21,0.34375,32
94,Arizona,P12,17-15,+7.35,105.5,153,98.2,63,66.7,227,-.013,222,+5.62,63,107.8,56,102.2,77,+3.27,81,,P12,66.7,227,105.5,153,49.0,256,16.7,59,28.4,175,33.3,177,98.2,63,50.9,176,20.3,66,25.9,75,35.0,235,66.7,227,68.6,197,17.6,173,17.7,229,105.5,153,102.4,187,98.2,63,99.8,90,76.9,148,+0.5,99,+0.6,104,+0.5,118,+0.8,80,+0.4,128,-1.6,292,1.54,159,34.1,80,23.5,319,2019,0.695212868721036,17,15,0.53125,32
57,Arizona St.,P12,23-11,+11.55,109.7,73,98.2,64,70.8,47,+.051,59,+5.56,65,107.3,64,101.7,66,+1.55,112,11,P12,70.8,47,109.7,73,50.6,174,18.7,188,31.7,70,43.8,3,98.2,64,48.5,72,19.0,137,26.9,114,38.6,304,70.8,47,72.4,44,16.4,55,16.9,52,109.7,73,105.8,111,98.2,64,99.9,94,77.6,66,+0.4,113,-0.4,224,+1.2,43,+1.8,25,+1.1,56,+0.3,153,1.37,206,26.5,265,34.3,282,2019,0.7813492025227722,23,11,0.6764705882352942,34
54,Arkansas,SEC,18-16,+12.92,110.1,66,97.2,53,70.4,57,-.048,291,+8.48,46,108.2,52,99.7,41,+0.09,159,5,SEC,70.4,57,110.1,66,51.0,160,18.3,160,28.3,178,38.4,41,97.2,53,49.4,112,22.5,16,34.8,347,41.7,332,70.4,57,71.7,55,15.9,29,17.8,254,110.1,66,103.9,151,97.2,53,100.2,101,77.5,76,+0.6,94,+1.0,62,+0.1,171,+0.2,125,+0.7,91,+1.5,56,0.60,342,31.6,146,19.5,334,2019,0.8073855550107464,18,16,0.5294117647058824,34
313,Arkansas Pine Bluff,SWAC,13-19,-13.14,96.6,308,109.7,273,65.3,296,+.023,122,-6.92,304,99.2,339,106.1,217,+5.90,27,,SWAC,65.3,296,96.6,308,48.4,280,22.1,328,29.1,143,42.4,9,109.7,273,51.6,212,19.7,96,30.7,270,45.0,347,65.3,296,66.9,281,18.5,294,17.7,233,96.6,308,95.9,317,109.7,273,104.7,207,77.2,113,-0.3,219,-0.1,183,-0.5,236,+0.2,125,+1.2,52,+1.3,80,1.16,262,33.4,93,51.8,143,2019,0.1880910270183183,13,19,0.40625,32
254,Arkansas St.,SB,13-19,-7.80,102.4,210,110.2,285,68.3,140,+.086,14,-0.66,159,104.8,136,105.4,193,+0.59,138,,SB,68.3,140,102.4,210,47.2,309,19.3,236,33.7,30,37.9,50,110.2,285,51.6,211,17.1,266,29.9,253,43.7,345,68.3,140,69.7,130,17.3,145,17.3,144,102.4,210,101.7,213,110.2,285,110.3,315,76.3,247,-0.2,198,-0.7,252,+0.3,138,-0.6,252,-1.1,296,-0.4,224,1.03,296,32.0,133,51.7,146,2019,0.3006473544019528,13,19,0.40625,32
242,Army,Pat,13-19,-6.89,96.3,312,103.2,147,69.8,75,-.028,252,-4.73,266,103.3,205,108.1,316,-4.89,297,,Pat,69.8,75,96.3,312,49.6,227,16.5,50,21.6,340,24.3,341,103.2,147,53.3,295,18.7,154,22.9,8,28.4,61,69.8,75,71.4,64,15.8,27,17.7,241,96.3,312,98.6,278,103.2,147,102.1,149,75.4,338,-0.7,272,-0.3,213,-1.1,302,-2.8,351,-2.5,349,-0.5,235,2.02,55,35.9,55,72.9,20,2019,0.3109233393803103,13,19,0.40625,32
11,Auburn,SEC,30-10,+25.00,120.9,6,95.9,36,67.9,155,+.008,162,+12.23,11,110.7,3,98.5,20,+2.63,96,5,SEC,67.9,155,120.9,6,54.4,34,16.8,63,31.6,73,30.9,240,95.9,36,51.7,219,24.6,2,32.9,326,36.3,264,67.9,155,68.7,185,16.6,74,18.5,335,120.9,6,113.9,9,95.9,36,100.0,95,76.6,208,+0.1,152,-0.3,209,+0.5,112,+0.1,156,-0.2,203,-1.4,283,1.97,65,31.4,151,64.4,63,2019,0.9348725701167432,30,10,0.75,40
128,Austin Peay,OVC,22-11,+4.29,111.1,55,106.8,226,69.0,105,-.009,207,-3.60,241,103.3,204,106.9,258,+1.40,115,,OVC,69.0,105,111.1,55,52.9,81,16.6,55,32.3,52,34.7,128,106.8,226,52.5,258,20.8,52,30.0,257,34.2,220,69.0,105,71.2,76,17.3,146,16.5,19,111.1,55,111.6,26,106.8,226,104.5,203,75.9,302,-1.9,349,-2.1,347,-1.8,341,-0.1,181,-0.2,199,-0.5,235,1.52,167,32.5,120,59.6,85,2019,0.6115748480914691,22,11,0.6666666666666666,33
86,BYU,WCC,19-13,+7.72,112.0,46,104.3,162,70.9,44,+.027,106,+2.93,91,106.0,85,103.1,102,-0.12,166,,WCC,70.9,44,112.0,46,52.8,88,15.3,17,23.8,307,39.9,25,104.3,162,50.7,167,17.6,230,27.0,115,35.4,242,70.9,44,71.9,49,16.4,54,17.5,181,112.0,46,108.8,57,104.3,162,104.5,202,77.2,108,+0.2,137,-0.1,186,+0.6,102,+1.3,46,+0.6,109,-0.3,212,2.11,44,35.4,60,69.3,39,2019,0.6940487349988443,19,13,0.59375,32
133,Ball St.,MAC,16-17,+3.91,102.5,209,98.6,72,70.3,59,-.088,337,+1.65,99,105.0,126,103.4,106,-0.54,177,,MAC,70.3,59,102.5,209,51.8,122,20.2,287,27.5,204,37.6,53,98.6,72,47.2,29,17.9,215,28.7,202,30.3,111,70.3,59,71.5,60,16.0,33,17.7,226,102.5,209,102.1,202,98.6,72,99.0,66,77.2,115,+0.2,139,-0.3,216,+0.8,80,+0.5,100,+0.1,157,+0.9,98,2.47,8,28.3,226,67.9,47,2019,0.6097122114913459,16,17,0.48484848484848486,33
35,Baylor,B12,20-14,+16.48,115.3,20,98.8,75,65.2,297,-.029,255,+10.49,28,108.8,43,98.3,18,-4.04,276,9,B12,65.2,297,115.3,20,51.2,147,19.7,258,37.9,2,32.3,202,98.8,75,49.1,105,18.6,162,29.4,232,36.5,267,65.2,297,66.5,297,18.3,265,17.9,277,115.3,20,107.9,70,98.8,75,101.6,133,76.9,152,+0.0,161,+0.1,148,-0.0,186,-0.8,267,+0.1,157,+1.1,85,1.26,235,34.9,66,29.8,299,2019,0.8552094208622124,20,14,0.5882352941176471,34
49,Belmont,OVC,27-6,+14.09,115.6,18,101.5,117,71.3,34,+.025,113,-1.98,194,103.6,183,105.6,198,+3.78,63,11,OVC,71.3,34,115.6,18,57.6,3,15.2,16,25.3,269,28.5,291,101.5,117,48.7,83,16.0,315,25.0,41,27.4,39,71.3,34,74.0,16,15.9,28,16.6,29,115.6,18,116.1,6,101.5,117,100.1,97,77.5,84,+1.5,23,+1.8,23,+1.2,43,-0.3,215,-0.1,188,+0.6,120,1.56,154,26.9,255,48.6,172,2019,0.8169602823749168,27,6,0.8181818181818182,33
306,Bethune Cookman,MEAC,14-17,-11.92,93.6,332,105.5,191,72.2,18,-.030,256,-10.94,351,98.7,344,109.7,352,-2.00,219,,MEAC,72.2,18,93.6,332,48.3,283,21.5,322,33.5,33,37.1,63,105.5,191,47.8,41,19.7,97,31.5,294,36.6,272,72.2,18,73.6,20,16.4,56,16.7,30,93.6,332,97.2,303,105.5,191,100.2,102,76.5,224,+0.0,165,-0.0,161,+0.0,175,+0.6,92,+0.1,155,-2.6,336,1.02,299,37.5,36,46.1,190,2019,0.20159962019308933,14,17,0.45161290322580644,31
332,Binghamton,AE,10-23,-16.74,96.1,316,112.9,322,65.8,273,+.003,175,-4.87,272,100.7,310,105.6,196,-3.26,256,,AE,65.8,273,96.1,316,49.5,233,18.5,179,20.9,344,24.3,340,112.9,322,52.3,252,16.8,284,31.7,299,25.2,14,65.8,273,66.6,291,18.4,279,17.6,218,96.1,316,94.8,325,112.9,322,108.9,296,75.9,295,-1.1,311,-0.0,161,-2.1,349,-1.5,324,-0.4,226,-0.4,225,1.85,88,21.7,334,39.9,247,2019,0.135544329480192,10,23,0.30303030303030304,33
139,Boise St.,MWC,13-20,+3.13,107.4,116,104.2,161,65.5,286,-.192,353,+0.09,135,104.0,171,103.9,127,+0.47,141,,MWC,65.5,286,107.4,116,53.9,46,17.3,92,23.5,314,31.8,218,104.2,161,51.8,221,18.5,170,24.4,20,33.6,204,65.5,286,66.4,298,17.9,217,18.6,339,107.4,116,106.5,98,104.2,161,102.6,162,77.9,41,+1.1,54,+1.4,41,+0.8,79,+1.1,61,+0.8,80,+1.1,89,1.55,157,28.7,216,51.0,154,2019,0.586096744957116,13,20,0.3939393939393939,33
127,Boston College,ACC,14-17,+4.52,107.2,119,102.7,138,67.3,192,+.019,132,+6.58,58,107.3,65,100.7,53,-6.95,332,,ACC,67.3,192,107.2,119,48.5,274,17.5,111,28.6,167,35.0,110,102.7,138,48.4,69,16.6,295,31.5,292,29.4,84,67.3,192,68.4,210,17.2,130,18.1,304,107.2,119,101.9,207,102.7,138,104.9,216,77.5,77,+1.3,33,+1.5,37,+1.2,43,+0.2,122,-0.1,184,+0.5,134,1.98,60,28.5,220,66.4,53,2019,0.6208523334374628,14,17,0.45161290322580644,31
231,Boston University,Pat,15-18,-5.96,104.4,176,110.4,288,66.3,247,-.025,246,-4.84,269,102.5,250,107.3,276,-4.47,290,,Pat,66.3,247,104.4,176,53.4,60,18.8,204,28.6,168,24.8,336,110.4,288,54.6,329,18.2,183,25.1,45,32.5,169,66.3,247,67.7,246,18.0,233,17.8,258,104.4,176,105.6,117,110.4,288,107.3,273,77.8,43,+0.4,120,+0.0,155,+0.7,90,+1.6,30,+1.2,48,+1.6,53,1.16,261,36.2,53,48.0,178,2019,0.34465333451761954,15,18,0.45454545454545453,33
105,Bowling Green,MAC,22-12,+6.04,108.4,99,102.3,132,70.5,54,+.035,94,+1.13,113,105.3,115,104.2,143,-4.56,293,,MAC,70.5,54,108.4,99,50.5,177,16.5,52,30.7,92,34.9,116,102.3,132,50.8,173,17.8,220,24.8,32,31.1,129,70.5,54,72.6,38,16.8,83,16.3,9,108.4,99,106.6,95,102.3,132,102.0,145,76.9,149,-0.1,191,+0.2,139,-0.5,226,+0.2,151,-0.3,216,+1.0,93,1.78,101,30.7,171,63.4,65,2019,0.6606207667880867,22,12,0.6470588235294118,34
161,Bradley,MVC,20-15,+0.09,101.5,234,101.4,113,65.3,292,+.035,93,-1.66,183,102.6,242,104.3,147,-3.94,272,15,MVC,65.3,292,101.5,234,49.7,219,18.8,199,26.7,233,36.3,80,101.4,113,47.6,38,18.4,172,26.7,102,35.6,246,65.3,292,65.9,314,17.9,218,18.8,347,101.5,234,100.2,246,101.4,113,99.1,70,76.7,185,+0.3,134,+0.7,90,-0.1,200,+0.5,103,+0.5,115,-1.9,307,2.26,17,28.4,222,71.3,28,2019,0.5028338782134372,20,15,0.5714285714285714,35
153,Brown,Ivy,20-12,+1.24,99.6,269,98.4,68,71.1,36,+.027,107,-2.49,212,102.5,248,105.0,177,-5.66,317,,Ivy,71.1,36,99.6,269,50.4,185,20.3,294,24.5,290,36.7,74,98.4,68,48.0,46,21.0,42,27.5,149,31.3,133,71.1,36,72.0,46,16.2,47,17.2,117,99.6,269,98.8,273,98.4,68,95.5,22,76.2,264,-2.0,350,-2.2,351,-1.8,341,-0.2,195,+0.3,138,+1.0,92,1.85,86,30.5,175,76.4,11,2019,0.5347925914399023,20,12,0.625,32
327,Bryant,NEC,10-20,-15.64,99.5,273,115.1,343,67.6,176,+.026,109,-7.78,330,100.3,319,108.0,315,-2.84,242,,NEC,67.6,176,99.5,273,49.0,255,18.4,165,26.6,235,36.8,71,115.1,343,54.9,331,18.6,161,30.2,261,35.4,243,67.6,176,69.2,162,18.3,264,16.6,28,99.5,273,100.9,229,115.1,343,111.1,327,75.4,336,-1.4,331,-1.1,295,-1.6,333,-2.8,352,-1.9,338,+0.5,137,1.67,125,27.9,238,36.1,276,2019,0.1577716791730602,10,20,0.3333333333333333,30
145,Bucknell,Pat,21-12,+1.85,105.8,149,103.9,156,70.7,48,+.052,57,-3.13,225,103.3,206,106.4,230,+2.68,95,,Pat,70.7,48,105.8,149,53.0,74,17.3,94,25.8,257,33.9,156,103.9,156,49.2,108,16.6,292,27.6,154,32.4,165,70.7,48,71.3,71,16.1,38,17.9,284,105.8,149,106.8,91,103.9,156,102.4,158,77.1,131,+0.1,146,-0.0,172,+0.3,139,-0.6,249,+0.1,157,+1.6,49,1.59,144,29.6,197,53.1,131,2019,0.551911919276402,21,12,0.6363636363636364,33
22,Buffalo,MAC,32-4,+19.85,115.2,21,95.4,31,73.6,11,+.056,50,+3.14,89,105.5,100,102.4,82,+1.15,121,6,MAC,73.6,11,115.2,21,53.3,62,15.9,26,31.9,62,32.7,190,95.4,31,47.3,32,20.3,67,27.0,119,31.9,151,73.6,11,74.4,10,14.4,4,18.0,286,115.2,21,112.5,17,95.4,31,95.2,19,76.5,221,-0.1,182,-0.2,191,+0.0,176,-1.6,327,-0.4,222,+0.5,136,2.16,32,28.4,223,78.6,7,2019,0.8974124008633543,32,4,0.8888888888888888,36
72,Butler,BE,16-17,+9.24,111.3,53,102.1,123,66.0,263,-.043,280,+7.74,53,108.6,47,100.8,56,+3.30,80,5,BE,66.0,263,111.3,53,52.1,109,16.1,30,25.7,259,25.2,330,102.1,123,52.7,273,18.9,141,27.6,152,36.3,265,66.0,263,67.0,279,18.4,285,17.8,248,111.3,53,106.8,92,102.1,123,105.2,227,76.8,169,+0.4,111,+1.3,43,-0.5,228,-0.6,251,-0.9,272,+0.6,125,1.70,118,31.5,147,72.4,22,2019,0.729518323866888,16,17,0.48484848484848486,33
197,Cal Baptist,WAC,16-15,-2.82,106.1,144,108.9,258,67.9,156,-.070,324,-3.47,237,102.4,253,105.9,208,-5.65,316,,WAC,67.9,156,106.1,144,51.2,144,18.0,139,28.8,163,32.4,200,108.9,258,48.8,85,15.1,339,28.9,211,39.6,319,67.9,156,68.8,181,17.0,101,18.1,310,106.1,144,106.7,94,108.9,258,105.7,243,76.3,243,+0.4,116,+0.5,111,+0.3,137,-1.6,332,-0.9,272,-0.6,250,0.40,349,30.1,184,0.0,0,2019,0.4256670482492346,16,15,0.5161290322580645,31
334,Cal Poly,BW,6-23,-17.86,97.0,303,114.9,342,66.2,255,-.068,321,-4.11,258,101.8,279,105.9,206,-2.60,238,,BW,66.2,255,97.0,303,47.2,310,17.0,71,26.1,245,25.8,324,114.9,342,52.6,263,15.6,325,31.4,290,38.1,297,66.2,255,66.7,288,18.3,266,17.9,265,97.0,303,96.6,311,114.9,342,111.8,334,76.7,191,+0.5,103,+0.8,83,+0.2,155,-0.1,180,+0.9,74,-2.4,329,1.24,240,34.5,74,52.9,133,2019,0.12482196709092831,6,23,0.20689655172413793,29
226,Cal St. Bakersfield,WAC,18-16,-5.13,102.6,207,107.7,243,65.2,303,+.072,28,-2.04,199,103.5,198,105.5,195,-2.69,240,,WAC,65.2,303,102.6,207,46.6,326,19.0,216,37.9,3,29.2,277,107.7,243,51.3,201,20.1,79,29.6,240,52.5,352,65.2,303,67.3,260,19.0,322,17.0,72,102.6,207,102.2,193,107.7,243,106.1,250,75.8,306,-0.9,287,-0.9,274,-0.8,276,-0.6,247,-0.8,257,-1.9,305,1.35,215,32.1,132,58.5,95,2019,0.36403720450320354,18,16,0.5294117647058824,34
210,Cal St. Fullerton,BW,16-18,-4.15,98.3,286,102.5,134,69.9,72,+.003,176,-1.70,184,103.6,192,105.3,189,+7.12,15,,BW,69.9,72,98.3,286,49.1,253,19.1,220,24.6,287,38.5,38,102.5,134,48.3,63,16.8,282,26.7,103,35.7,248,69.9,72,69.7,131,16.5,71,18.0,290,98.3,286,98.0,293,102.5,134,101.2,125,76.8,166,-0.9,286,-0.8,261,-1.0,288,-0.8,281,+0.1,157,+2.5,18,2.44,10,27.3,251,83.2,3,2019,0.3819815809203595,16,18,0.47058823529411764,34
253,Cal St. Northridge,BW,13-21,-7.74,104.8,170,112.5,318,70.9,43,-.018,232,-4.63,263,101.7,282,106.3,225,-4.09,279,,BW,70.9,43,104.8,170,51.5,134,16.6,57,28.4,176,31.8,216,112.5,318,51.6,210,17.1,267,32.5,319,32.2,159,70.9,43,72.0,47,17.1,109,16.5,21,104.8,170,105.1,128,112.5,318,109.6,307,75.3,343,-0.1,189,-0.1,176,-0.2,201,-1.0,303,-1.8,334,-4.3,352,0.54,345,22.4,325,20.3,332,2019,0.3067529620063982,13,21,0.38235294117647056,34
241,California,P12,8-23,-6.84,103.5,192,110.3,286,66.6,234,+.037,89,+4.76,73,106.7,75,102.0,72,-0.07,164,,P12,66.6,234,103.5,192,48.6,272,16.4,48,23.3,317,34.8,126,110.3,286,56.9,348,20.5,62,31.4,289,36.1,260,66.6,234,68.4,207,18.6,298,16.8,44,103.5,192,99.8,254,110.3,286,112.3,337,77.4,92,+1.1,55,+1.8,22,+0.3,133,+0.3,116,+0.4,124,+0.0,173,1.19,255,25.0,294,44.0,210,2019,0.3248060811637192,8,23,0.25806451612903225,31
181,Campbell,BSth,20-13,-1.49,108.3,101,109.8,278,65.7,281,+.023,118,-3.79,248,103.6,193,107.4,277,-2.06,221,8,BSth,65.7,281,108.3,101,52.8,86,14.8,13,23.6,309,31.1,234,109.8,278,54.6,327,19.5,103,28.9,213,36.0,258,65.7,281,67.2,269,17.7,189,18.2,318,108.3,101,109.7,42,109.8,278,108.1,286,75.1,347,-1.7,340,-1.9,339,-1.4,326,-0.9,289,-0.9,264,-3.4,348,2.16,33,21.6,335,54.8,116,2019,0.4605355558334559,20,13,0.6060606060606061,33
282,Canisius,MAAC,15-17,-9.91,101.6,230,111.5,307,67.7,169,+.115,6,-5.56,282,100.9,305,106.4,229,+3.49,72,,MAAC,67.7,169,101.6,230,50.5,179,18.6,181,27.0,219,31.4,227,111.5,307,53.6,302,20.5,60,31.9,308,36.9,279,67.7,169,68.5,203,17.5,171,17.7,223,101.6,230,101.7,212,111.5,307,107.2,269,76.5,216,-0.5,234,-1.0,277,+0.1,165,+0.2,125,+1.2,47,-2.0,314,1.49,177,31.7,141,60.1,83,2019,0.2555396250370071,15,17,0.46875,32
302,Central Arkansas,Slnd,14-19,-11.44,99.9,262,111.4,304,70.5,53,+.019,133,-4.84,270,101.0,303,105.8,205,+7.72,9,,Slnd,70.5,53,99.9,262,49.1,249,19.7,259,24.5,288,34.2,147,111.4,304,51.9,227,18.0,209,30.9,276,34.3,223,70.5,53,71.5,61,16.2,44,17.5,183,99.9,262,98.5,281,111.4,304,107.3,275,77.6,67,+1.4,28,+2.1,12,+0.7,95,+0.7,85,+1.7,32,-1.2,272,1.35,217,29.2,204,54.3,120,2019,0.22217903044191892,14,19,0.42424242424242425,33
321,Central Connecticut,NEC,11-20,-14.89,97.2,301,112.1,313,69.1,101,+.006,166,-6.28,293,101.4,287,107.7,295,+2.69,94,,NEC,69.1,101,97.2,301,47.0,318,19.8,264,29.6,123,34.1,149,112.1,313,53.0,284,18.1,196,29.9,254,37.2,281,69.1,101,70.0,117,17.2,127,17.4,171,97.2,301,98.4,283,112.1,313,109.0,297,77.0,135,-0.4,227,-0.9,273,+0.1,162,+0.7,84,-0.2,197,+1.5,56,0.96,308,30.2,180,45.9,195,2019,0.16244640631467425,11,20,0.3548387096774194,31
129,Central Michigan,MAC,23-12,+4.27,110.4,63,106.1,206,71.3,33,+.022,126,-0.39,150,103.7,182,104.1,133,-10.08,348,,MAC,71.3,33,110.4,63,51.4,138,16.2,37,31.0,88,40.0,24,106.1,206,50.2,149,18.7,156,33.1,333,28.8,72,71.3,33,72.7,33,16.1,37,16.9,53,110.4,63,108.7,59,106.1,206,104.4,199,75.8,307,-1.4,332,-2.0,340,-0.9,281,-0.5,241,-1.2,308,-0.4,222,1.58,146,19.1,349,51.6,149,2019,0.6122721066385227,23,12,0.6571428571428571,35
123,Charleston,CAA,24-9,+4.87,108.5,93,103.7,153,65.4,289,+.019,130,-3.87,251,104.9,129,108.8,340,+0.03,160,,CAA,65.4,289,108.5,93,54.2,37,15.6,19,25.6,262,33.5,173,103.7,153,52.1,241,19.1,133,25.9,71,26.4,23,65.4,289,66.1,311,18.1,245,18.6,336,108.5,93,111.2,31,103.7,153,102.9,166,76.4,238,-0.0,175,-0.2,200,+0.2,145,-1.4,318,-0.8,259,+0.0,174,2.18,30,29.1,206,54.6,118,2019,0.6272302272688575,24,9,0.7272727272727273,33
160,Charleston Southern,BSth,18-16,+0.17,101.1,246,101.0,105,69.5,87,-.085,335,-3.22,228,103.5,197,106.7,247,+4.00,59,,BSth,69.5,87,101.1,246,49.8,214,18.0,140,29.1,145,27.0,312,101.0,105,50.9,178,21.0,41,27.7,157,31.2,131,69.5,87,70.3,105,16.9,92,17.4,146,101.1,246,102.9,175,101.0,105,100.0,96,76.4,237,-1.0,302,-1.2,296,-0.8,268,-0.6,254,+0.1,154,+0.3,158,1.27,231,33.8,85,59.2,90,2019,0.502845095700323,18,16,0.5294117647058824,34
297,Charlotte,CUSA,8-21,-11.16,95.6,319,106.8,224,64.5,325,-.005,196,-1.81,188,102.3,261,104.1,135,-0.19,171,,CUSA,64.5,325,95.6,319,48.1,288,22.0,327,22.2,334,36.3,77,106.8,224,51.3,202,17.9,213,26.4,94,32.6,173,64.5,325,65.8,317,19.5,340,17.3,134,95.6,319,93.1,332,106.8,224,104.6,205,77.2,109,+0.6,88,+0.3,126,+0.9,75,+0.5,101,-0.3,209,+0.6,121,1.44,193,32.9,107,40.7,238,2019,0.21856838097709702,8,21,0.27586206896551724,29
266,Chattanooga,SC,12-20,-8.29,101.5,237,109.7,275,66.1,258,+.025,112,+0.34,129,105.4,108,105.0,183,-2.06,220,,SC,66.1,258,101.5,237,51.5,132,19.1,222,24.6,286,24.2,343,109.7,275,52.9,280,15.4,329,28.4,185,31.6,143,66.1,258,68.7,189,18.9,318,16.2,6,101.5,237,100.1,247,109.7,275,110.5,316,75.8,309,+0.0,162,+0.9,78,-0.8,266,-1.2,311,-1.9,338,-2.0,313,0.72,337,36.3,50,13.3,345,2019,0.29040012505275636,12,20,0.375,32
351,Chicago St.,WAC,3-29,-28.26,90.4,340,118.6,351,70.1,65,-.012,218,+2.70,92,105.4,105,102.7,94,+5.20,37,,WAC,70.1,65,90.4,340,44.1,346,22.5,334,22.2,333,33.0,184,118.6,351,57.7,352,16.7,289,34.1,339,33.8,209,70.1,65,71.1,77,17.1,111,17.1,84,90.4,340,84.3,353,118.6,351,120.2,353,76.8,172,-0.0,179,-0.2,195,+0.1,167,+0.1,155,+0.3,136,-0.5,232,0.81,328,32.7,114,37.2,268,2019,0.042193058412147565,3,29,0.09375,32
29,Cincinnati,Amer,28-7,+17.50,112.3,42,94.8,28,63.4,338,+.050,64,+5.12,67,107.1,66,102.0,73,-2.85,243,7,Amer,63.4,338,112.3,42,49.0,258,16.0,28,37.4,4,37.6,55,94.8,28,48.6,75,20.8,50,29.3,227,30.5,115,63.4,338,64.9,337,19.2,334,18.3,328,112.3,42,109.5,46,94.8,28,96.2,34,76.8,162,+0.5,100,+1.0,65,+0.0,174,+0.2,125,+0.7,99,-1.8,300,1.68,121,30.3,178,58.4,96,2019,0.8752449094131236,28,7,0.8,35
36,Clemson,ACC,20-14,+16.14,108.0,106,91.8,14,66.2,252,-.066,320,+8.49,45,108.2,53,99.7,40,+0.82,134,2,ACC,66.2,252,108.0,106,50.7,172,19.7,257,27.8,197,33.5,170,91.8,14,47.6,37,19.8,95,24.5,23,30.0,101,66.2,252,67.3,264,17.7,195,18.1,309,108.0,106,102.3,188,91.8,14,94.9,15,78.0,36,+0.5,98,+0.1,153,+1.0,64,+1.0,69,+1.1,56,+2.6,12,2.23,23,26.2,279,61.8,71,2019,0.86633878531687,20,14,0.5882352941176471,34
278,Cleveland St.,Horz,10-21,-9.70,101.9,223,111.6,309,69.1,103,-.041,276,-1.93,192,105.1,125,107.0,263,+0.24,154,,Horz,69.1,103,101.9,223,51.5,129,18.5,170,26.3,240,31.7,222,111.6,309,51.6,213,16.8,278,33.0,332,34.0,216,69.1,103,71.2,72,16.6,73,17.2,121,101.9,223,102.4,186,111.6,309,111.5,331,76.8,179,+0.2,141,-0.0,173,+0.5,115,+0.5,104,-1.2,305,-0.1,180,1.00,301,37.9,33,41.3,234,2019,0.26005460557276877,10,21,0.3225806451612903,31
154,Coastal Carolina,SB,17-17,+1.03,106.8,132,105.7,197,69.8,76,-.071,326,-0.98,165,105.2,119,106.2,220,-0.54,176,,SB,69.8,76,106.8,132,51.8,121,19.5,250,32.7,47,39.4,30,105.7,197,51.0,184,18.0,203,28.6,197,42.3,336,69.8,76,71.0,84,17.1,120,16.9,65,106.8,132,107.3,79,105.7,197,105.5,240,77.1,128,-0.3,218,-0.8,270,+0.2,143,+0.4,109,+0.6,105,+1.1,86,0.83,326,37.0,42,43.6,212,2019,0.5297298610034449,17,17,0.5,34
126,Colgate,Pat,24-11,+4.60,110.5,60,105.9,201,66.4,237,+.012,148,-3.83,250,102.4,254,106.3,223,+0.84,131,15,Pat,66.4,237,110.5,60,55.9,12,19.3,238,30.2,104,28.4,292,105.9,201,50.7,165,17.8,219,27.1,122,28.2,57,66.4,237,67.5,253,18.0,240,17.6,220,110.5,60,110.6,36,105.9,201,103.3,175,77.7,58,+1.1,51,+0.8,86,+1.4,28,+1.6,28,+0.4,118,+0.1,169,1.65,128,26.8,257,59.0,92,2019,0.6198668441569654,24,11,0.6857142857142857,35
63,Colorado,P12,23-13,+10.75,106.8,131,96.1,39,68.1,147,-.028,254,+2.29,95,106.0,87,103.7,116,-4.96,300,4,P12,68.1,147,106.8,131,51.0,159,19.0,219,30.7,97,37.2,62,96.1,39,48.4,65,17.4,247,23.6,15,31.1,127,68.1,147,69.4,145,17.2,131,17.6,204,106.8,131,105.4,120,96.1,39,97.0,42,77.2,116,+0.3,129,+0.3,129,+0.3,131,+1.4,36,+0.0,176,-0.1,188,1.10,271,31.4,152,46.5,189,2019,0.7710128269908266,23,13,0.6388888888888888,36
180,Colorado St.,MWC,12-20,-1.39,107.6,112,109.0,261,67.1,204,-.111,349,-0.21,145,104.7,141,104.9,173,-1.91,217,,MWC,67.1,204,107.6,112,54.4,32,17.0,73,23.9,305,31.9,213,109.0,261,53.0,285,16.1,312,27.1,127,29.5,85,67.1,204,68.9,176,17.2,134,17.7,228,107.6,112,107.0,88,109.0,261,109.1,298,76.4,231,+0.5,107,+1.6,31,-0.7,259,-0.2,196,-0.7,250,-2.0,316,1.78,99,23.5,313,42.3,217,2019,0.46290249919196136,12,20,0.375,32
215,Columbia,Ivy,10-18,-4.55,101.9,222,106.5,218,67.6,178,-.060,308,-1.28,171,103.2,214,104.4,156,-3.74,265,,Ivy,67.6,178,101.9,222,51.5,130,18.0,141,24.3,295,22.4,351,106.5,218,52.1,237,18.9,146,27.2,131,38.1,298,67.6,178,68.9,175,17.4,152,17.9,261,101.9,222,100.6,238,106.5,218,104.9,215,76.4,239,-0.7,266,-0.3,220,-1.0,295,-0.2,192,+0.0,178,-0.8,256,1.18,257,34.2,77,42.0,222,2019,0.37571877655496067,10,18,0.35714285714285715,28
98,Connecticut,Amer,16-17,+6.78,109.0,85,102.2,129,68.6,122,-.070,323,+3.79,79,105.6,98,101.8,67,-5.70,318,,Amer,68.6,122,109.0,85,51.0,157,18.5,178,32.3,54,32.7,189,102.2,129,49.6,125,20.0,83,30.2,262,39.2,312,68.6,122,69.6,134,17.3,149,17.2,108,109.0,85,105.5,119,102.2,129,102.1,151,76.8,168,+0.6,91,+0.4,114,+0.8,86,-1.3,312,-0.3,210,+0.3,156,1.98,63,33.2,99,46.8,186,2019,0.6771677856756231,16,17,0.48484848484848486,33
342,Coppin St.,MEAC,8-25,-20.33,88.9,349,109.3,266,70.2,60,+.010,155,-7.78,329,99.6,333,107.4,280,+7.64,10,,MEAC,70.2,60,88.9,349,45.4,341,23.2,344,26.0,250,37.7,52,109.3,266,50.2,152,16.8,283,28.8,209,33.6,205,70.2,60,71.8,54,17.1,110,16.7,32,88.9,349,88.6,348,109.3,266,105.3,233,77.3,102,-0.2,207,-0.2,194,-0.3,217,+1.2,48,+1.0,70,+0.6,124,1.20,250,32.9,106,54.2,123,2019,0.08504308972257606,8,25,0.24242424242424243,33
221,Cornell,Ivy,15-16,-4.99,99.9,264,104.9,179,67.9,154,+.074,27,-0.41,151,104.0,169,104.4,154,-1.38,198,,Ivy,67.9,154,99.9,264,51.1,154,19.0,212,18.9,352,33.9,155,104.9,179,50.5,162,17.5,239,29.0,218,26.8,26,67.9,154,68.7,186,17.2,133,17.9,266,99.9,264,98.1,290,104.9,179,104.1,192,76.8,170,-0.6,251,-1.0,277,-0.2,207,+0.6,96,-0.7,252,+1.3,78,1.92,78,31.1,160,72.2,24,2019,0.36316922699619475,15,16,0.4838709677419355,31
55,Creighton,BE,20-15,+12.67,112.0,47,99.3,83,68.7,118,-.034,261,+8.07,48,109.0,41,100.9,58,+5.14,38,2,BE,68.7,118,112.0,47,56.2,7,18.6,183,24.7,282,29.0,280,99.3,83,52.8,275,19.1,132,26.8,110,27.9,49,68.7,118,70.2,111,16.9,97,17.4,155,112.0,47,108.1,67,99.3,83,103.4,180,76.8,161,-0.8,280,+0.2,140,-1.8,341,-0.4,224,+0.3,137,+1.8,38,1.31,225,26.5,269,39.9,246,2019,0.7996427356571708,20,15,0.5714285714285714,35
218,Dartmouth,Ivy,11-19,-4.70,103.4,194,108.1,250,65.9,271,-.109,347,-2.04,200,102.7,239,104.7,171,-5.46,312,,Ivy,65.9,271,103.4,194,51.7,124,17.6,114,24.0,304,24.8,335,108.1,250,53.0,282,15.9,317,24.9,38,27.9,50,65.9,271,67.3,266,19.0,321,17.0,73,103.4,194,102.7,180,108.1,250,106.2,251,76.3,251,-1.0,301,-1.2,302,-0.7,262,-0.8,266,-0.5,230,+0.7,117,1.36,211,30.1,183,59.0,91,2019,0.3749133682698221,11,19,0.36666666666666664,30
85,Davidson,A10,24-10,+7.78,108.2,102,100.4,98,64.7,319,+.054,55,+0.66,123,104.6,142,103.9,128,+2.06,101,4,A10,64.7,319,108.2,102,53.1,73,16.7,60,23.3,316,28.3,293,100.4,98,48.3,61,16.7,288,24.8,35,30.0,97,64.7,319,65.8,315,18.5,290,18.1,303,108.2,102,106.3,104,100.4,98,99.7,84,77.8,50,-0.2,208,+0.6,96,-1.1,303,+0.2,125,+2.1,13,+3.0,6,1.50,172,21.0,337,51.8,144,2019,0.7027484659050033,24,10,0.7058823529411765,34
62,Dayton,A10,21-12,+11.27,112.1,43,100.8,103,64.7,322,-.047,289,+1.24,108,104.4,153,103.1,103,+1.49,114,5,A10,64.7,322,112.1,43,56.1,8,18.8,197,26.9,226,32.1,207,100.8,103,47.9,43,16.7,285,27.4,146,23.8,5,64.7,322,66.1,310,18.5,287,18.1,308,112.1,43,109.0,53,100.8,103,99.1,71,76.8,171,+0.1,148,-0.3,214,+0.6,106,+0.0,165,-0.9,272,+0.5,130,1.56,152,21.5,336,56.6,100,2019,0.7723993597013095,21,12,0.6363636363636364,33
118,DePaul,BE,19-17,+5.02,111.7,49,106.7,223,70.1,64,-.018,229,+3.33,86,105.6,96,102.3,80,-8.64,342,,BE,70.1,64,111.7,49,52.7,90,18.8,203,32.7,48,36.1,84,106.7,223,53.2,292,17.7,224,25.6,60,30.9,125,70.1,64,71.3,68,16.9,94,17.0,69,111.7,49,108.9,54,106.7,223,106.6,263,78.2,27,+0.9,64,-0.0,161,+1.8,11,+1.2,48,+2.1,12,+1.8,42,1.98,62,25.2,291,46.0,191,2019,0.6287011590384723,19,17,0.5277777777777778,36
265,Delaware,CAA,17-16,-8.28,104.9,165,113.2,328,63.3,341,+.080,22,-4.86,271,103.6,194,108.4,327,-6.35,326,,CAA,63.3,341,104.9,165,53.3,65,17.2,88,24.2,301,31.2,231,113.2,328,52.8,277,14.9,344,28.8,210,28.6,68,63.3,341,64.0,348,20.0,346,17.8,252,104.9,165,107.1,85,113.2,328,111.7,332,77.3,99,-0.0,178,+0.4,117,-0.5,232,-0.1,177,+0.6,103,+1.9,37,1.52,165,24.4,304,47.8,180,2019,0.2940676685262626,17,16,0.5151515151515151,33
352,Delaware St.,MEAC,6-25,-29.31,84.5,352,113.8,333,69.7,77,+.008,161,-9.71,348,98.2,346,107.9,309,+0.84,130,,MEAC,69.7,77,84.5,352,40.0,353,19.0,213,27.8,199,25.5,327,113.8,333,52.4,254,18.9,148,31.6,296,39.2,313,69.7,77,71.8,52,17.1,114,16.5,14,84.5,352,85.6,352,113.8,333,108.4,290,75.7,316,-1.3,327,-1.4,315,-1.2,312,-0.6,255,-0.8,256,-1.4,285,0.80,329,28.3,228,27.2,308,2019,0.03157068933398855,6,25,0.1935483870967742,31
312,Denver,Sum,8-22,-13.05,99.9,261,113.0,325,67.1,203,-.062,314,-3.42,235,103.7,181,107.1,268,-1.11,190,,Sum,67.1,203,99.9,261,50.2,198,19.7,260,26.4,238,26.2,320,113.0,325,56.5,345,15.7,320,22.9,9,28.3,60,67.1,203,68.7,187,17.7,191,17.5,193,99.9,261,99.5,262,113.0,325,112.1,336,77.5,78,-0.0,176,-0.5,235,+0.5,119,+0.7,89,+0.6,104,+2.1,31,1.64,133,39.4,18,41.8,224,2019,0.1951309800869193,8,22,0.26666666666666666,30
233,Detroit,Horz,11-20,-6.11,106.5,138,112.6,320,68.6,125,-.011,215,+0.26,132,105.3,117,105.0,180,+5.34,34,,Horz,68.6,125,106.5,138,49.7,222,16.3,42,29.3,133,31.0,237,112.6,320,54.4,323,19.8,89,36.4,352,32.7,176,68.6,125,70.2,108,16.9,95,17.7,243,106.5,138,104.7,140,112.6,320,113.2,342,76.6,197,-0.3,211,-0.7,256,+0.2,145,+0.5,97,-1.4,314,+0.5,137,1.21,247,33.0,104,17.9,338,2019,0.3451307195446919,11,20,0.3548387096774194,31
135,Drake,MVC,24-10,+3.76,106.5,137,102.8,139,69.3,94,+.081,21,-1.58,179,102.4,256,104.0,131,+0.47,140,,MVC,69.3,94,106.5,137,53.3,63,19.1,221,24.3,297,32.6,191,102.8,139,48.7,81,16.8,281,26.0,77,29.4,81,69.3,94,69.2,161,17.5,168,17.4,158,106.5,137,104.9,134,102.8,139,100.4,107,76.3,246,-0.7,268,-0.1,188,-1.2,314,-0.7,264,-0.6,238,+0.2,161,1.13,264,30.3,177,17.3,339,2019,0.6002809258094841,24,10,0.7058823529411765,34
251,Drexel,CAA,13-19,-7.57,105.6,151,113.2,327,69.1,102,+.004,170,-3.15,226,104.6,143,107.7,301,-1.56,205,,CAA,69.1,102,105.6,151,51.3,139,16.6,58,29.2,141,30.6,244,113.2,327,55.6,337,14.6,347,26.3,88,30.3,108,69.1,102,69.5,143,17.9,220,17.0,71,105.6,151,107.4,78,113.2,327,112.9,341,76.6,206,+0.8,76,+0.2,132,+1.3,35,-1.4,320,-0.9,263,-0.5,231,1.04,292,23.0,315,30.0,298,2019,0.3101914010234648,13,19,0.40625,32
4,Duke,ACC,32-6,+30.62,120.0,7,89.3,6,72.1,20,+.018,134,+12.85,7,110.7,4,97.8,11,+5.08,40,1,ACC,72.1,20,120.0,7,53.6,53,17.5,112,35.6,14,33.2,179,89.3,6,45.0,9,19.4,111,29.5,238,24.0,8,72.1,20,73.1,27,15.5,16,17.5,172,120.0,7,113.1,15,89.3,6,93.0,8,78.7,11,+1.0,60,+1.2,49,+0.8,85,+2.2,12,+3.6,2,+1.5,56,0.33,351,28.1,232,21.8,327,2019,0.9676462903525638,32,6,0.8421052631578947,38
173,Duquesne,A10,19-13,-0.90,104.6,171,105.5,190,69.8,73,+.055,53,-2.80,216,101.8,278,104.6,164,-7.26,334,,A10,69.8,73,104.6,171,49.9,209,19.8,265,31.8,64,35.0,111,105.5,190,49.9,139,21.6,30,35.1,350,31.9,152,69.8,73,70.3,101,16.8,86,17.5,176,104.6,171,103.2,166,105.5,190,101.7,138,75.9,305,-0.7,267,-0.4,223,-1.0,293,-0.3,221,-0.9,267,-2.2,322,0.94,312,32.1,131,19.6,333,2019,0.4753886270408688,19,13,0.59375,32
264,East Carolina,Amer,10-21,-8.24,98.7,282,106.9,227,68.1,148,-.006,200,+0.74,121,103.6,189,102.8,98,-12.17,352,,Amer,68.1,148,98.7,282,46.1,331,18.9,207,28.2,185,35.6,99,106.9,227,51.0,183,19.4,107,31.0,280,41.8,333,68.1,148,69.8,126,17.1,115,17.5,194,98.7,282,95.1,323,106.9,227,105.2,226,76.6,201,-1.3,323,-1.6,328,-1.0,290,+0.2,150,+0.6,107,+0.7,108,1.05,287,31.9,137,42.5,214,2019,0.2854059588018653,10,21,0.3225806451612903,31
80,East Tennessee St.,SC,24-10,+8.48,109.9,67,101.4,115,67.2,201,+.011,153,-1.29,172,105.4,110,106.6,241,-2.21,229,,SC,67.2,201,109.9,67,54.6,29,20.0,280,37.0,5,29.9,264,101.4,115,52.6,266,20.5,59,23.9,17,30.5,114,67.2,201,69.6,138,17.6,180,17.1,91,109.9,67,110.8,34,101.4,115,101.1,118,76.5,217,+0.4,123,+1.2,47,-0.5,234,-0.9,292,-1.1,299,-0.2,203,0.61,341,34.8,70,20.6,331,2019,0.716207045883779,24,10,0.7058823529411765,34
307,Eastern Illinois,OVC,14-18,-11.94,100.0,258,112.0,312,66.9,214,+.094,12,-4.91,273,102.7,237,107.6,293,-4.00,274,,OVC,66.9,214,100.0,258,49.6,223,18.8,202,29.2,136,28.7,285,112.0,312,53.6,305,18.4,175,30.5,266,33.1,192,66.9,214,69.1,170,17.6,175,17.1,104,100.0,258,100.9,231,112.0,312,110.7,321,76.0,283,-0.7,269,-0.2,196,-1.2,309,-0.4,225,-0.4,228,-1.7,297,0.44,347,29.9,189,20.7,329,2019,0.21361353586143483,14,18,0.4375,32
235,Eastern Kentucky,OVC,13-18,-6.23,99.8,266,106.0,204,76.6,2,+.012,151,-1.72,185,103.9,175,105.6,199,+0.83,133,,OVC,76.6,2,99.8,266,47.8,300,18.2,154,27.3,209,32.6,193,106.0,204,53.2,291,21.5,31,31.1,282,39.7,320,76.6,2,78.8,2,14.7,7,16.0,4,99.8,266,99.3,266,106.0,204,105.1,223,76.0,293,+0.1,153,-0.1,185,+0.3,136,-1.3,315,-0.9,272,-2.3,325,1.46,188,34.9,65,40.1,244,2019,0.3333403792420068,13,18,0.41935483870967744,31
159,Eastern Michigan,MAC,15-17,+0.47,103.4,195,103.0,144,62.9,345,-.006,198,+4.92,71,107.1,67,102.2,76,+8.22,8,,MAC,62.9,345,103.4,195,48.5,275,20.8,309,34.4,21,33.9,154,103.0,144,50.8,170,20.1,77,34.9,348,32.0,155,62.9,345,65.2,329,19.0,320,18.2,315,103.4,195,99.2,268,103.0,144,105.2,225,78.1,32,+2.2,6,+1.6,29,+2.7,2,+2.7,5,-0.8,255,+0.2,163,2.33,12,21.9,332,67.7,49,2019,0.5111415801766698,15,17,0.46875,32
237,Eastern Washington,BSky,16-18,-6.36,101.3,242,107.6,240,67.8,163,+.026,111,-4.74,267,103.0,223,107.8,305,+7.19,14,,BSky,67.8,163,101.3,242,50.3,189,17.1,76,24.6,285,27.0,313,107.6,240,52.5,256,16.6,294,23.6,14,34.8,231,67.8,163,69.3,156,17.7,197,17.0,80,101.3,242,102.1,201,107.6,240,106.0,248,76.5,220,-0.6,257,-1.2,299,-0.0,188,-0.5,242,+0.4,120,-0.3,210,1.32,222,42.6,6,53.5,129,2019,0.33317856488883335,16,18,0.47058823529411764,34
309,Elon,CAA,11-21,-12.41,99.0,277,111.4,306,68.0,150,-.002,185,-4.37,261,104.3,156,108.7,337,-3.99,273,,CAA,68.0,150,99.0,277,52.0,115,18.4,167,22.3,331,24.3,342,111.4,306,53.6,301,15.2,334,28.2,175,29.4,82,68.0,150,68.4,215,17.6,174,17.7,235,99.0,277,100.7,233,111.4,306,111.8,335,77.2,110,+0.1,150,+0.2,137,+0.0,178,-0.1,190,+0.8,88,+1.2,82,1.85,87,32.2,128,50.4,159,2019,0.2047143135104602,11,21,0.34375,32
227,Evansville,MVC,11-21,-5.20,99.7,268,104.9,177,69.5,86,-.061,311,-0.25,147,103.1,215,103.4,109,+1.87,104,,MVC,69.5,86,99.7,268,49.4,236,18.4,163,18.9,351,37.5,56,104.9,177,50.0,143,17.1,264,26.2,84,37.5,285,69.5,86,70.4,100,17.5,161,17.1,83,99.7,268,97.2,304,104.9,177,103.0,168,76.5,211,-0.6,248,-0.7,250,-0.5,231,+0.2,125,+0.9,73,-1.3,279,0.75,335,32.4,124,41.0,235,2019,0.3578561757385786,11,21,0.34375,32
204,FIU,CUSA,20-14,-3.41,102.4,211,105.8,198,77.6,1,+.115,7,-1.01,166,102.1,274,103.1,101,-2.20,227,,CUSA,77.6,1,102.4,211,48.9,259,17.7,120,25.7,258,38.0,48,105.8,198,53.1,289,23.4,7,34.3,342,35.3,240,77.6,1,79.0,1,14.1,1,16.6,24,102.4,211,99.6,260,105.8,198,103.2,172,76.0,291,-1.0,305,-1.2,297,-0.8,278,+0.2,125,-0.4,224,-2.0,318,0.94,311,34.0,82,48.4,174,2019,0.40718040675017875,20,14,0.5882352941176471,34
301,Fairfield,MAAC,9-22,-11.43,96.0,317,107.5,235,67.8,160,-.094,341,-8.07,335,99.5,336,107.5,286,-3.01,250,,MAAC,67.8,160,96.0,317,50.7,169,20.7,306,26.1,246,23.9,346,107.5,235,52.6,259,21.4,33,28.9,215,40.1,325,67.8,160,68.0,229,17.4,155,18.1,312,96.0,317,98.0,291,107.5,235,102.5,159,76.3,253,-0.9,285,-0.7,253,-1.0,291,-1.6,328,-0.5,231,+1.1,87,1.10,274,33.1,101,47.6,184,2019,0.2139731276547965,9,22,0.2903225806451613,31
211,Fairleigh Dickinson,NEC,21-14,-4.22,106.5,139,110.7,295,66.8,223,+.040,81,-8.16,338,99.5,335,107.7,296,-1.86,215,16,NEC,66.8,223,106.5,139,54.2,39,19.7,261,29.5,126,35.7,98,110.7,295,52.0,228,20.2,71,33.2,334,29.4,83,66.8,223,67.9,237,18.2,263,17.1,98,106.5,139,107.6,74,110.7,295,105.6,241,76.2,273,-0.2,201,-1.0,277,+0.6,105,-1.1,306,-1.1,298,-0.7,252,2.13,39,20.1,345,69.3,38,2019,0.3905961964063007,21,14,0.6,35
26,Florida,SEC,20-16,+18.30,110.5,61,92.2,16,62.9,344,-.063,315,+12.00,14,110.7,6,98.7,23,+5.12,39,10,SEC,62.9,344,110.5,61,49.8,218,17.9,134,30.7,96,29.9,263,92.2,16,48.1,49,22.4,17,32.2,313,33.6,206,62.9,344,64.6,340,18.5,291,18.8,346,110.5,61,103.8,154,92.2,16,97.4,46,77.3,106,-0.3,217,-0.1,182,-0.5,235,+0.2,125,+1.0,72,+1.7,44,1.68,124,31.6,143,52.7,136,2019,0.8891548270367543,20,16,0.5555555555555556,36
318,Florida A&M,MEAC,12-19,-13.89,89.4,347,103.3,148,64.9,314,-.007,201,-7.17,312,100.0,327,107.1,270,+4.97,43,,MEAC,64.9,314,89.4,347,49.1,245,24.6,352,27.9,194,31.1,233,103.3,148,48.5,70,21.7,25,32.4,318,40.5,328,64.9,314,67.3,262,19.1,330,16.9,66,89.4,347,91.0,339,103.3,148,99.1,69,76.8,183,+0.3,131,+1.2,48,-0.6,249,-0.7,260,-0.7,251,+0.5,137,1.23,245,32.9,109,29.3,304,2019,0.15950148139843368,12,19,0.3870967741935484,31
162,Florida Atlantic,CUSA,17-16,+0.03,99.9,263,99.9,91,67.4,188,-.052,298,-1.32,174,103.0,227,104.3,151,-1.40,199,,CUSA,67.4,188,99.9,263,47.9,298,20.6,303,29.0,149,28.6,287,99.9,91,48.2,55,18.1,192,25.4,52,31.4,137,67.4,188,69.6,135,17.1,116,17.7,227,99.9,263,98.6,277,99.9,91,97.9,50,77.2,125,+1.3,38,+1.1,52,+1.4,30,+0.4,111,-1.0,291,-0.2,205,0.69,339,38.2,29,15.3,343,2019,0.5,17,16,0.5151515151515151,33
213,Florida Gulf Coast,ASun,14-18,-4.52,101.6,233,106.1,207,67.9,152,-.003,187,-0.94,164,103.5,196,104.5,159,+3.72,65,,ASun,67.9,152,101.6,233,52.6,95,21.3,319,25.7,260,31.9,211,106.1,207,52.1,236,19.2,124,30.9,275,27.4,37,67.9,152,70.5,97,17.2,136,17.1,94,101.6,233,99.8,253,106.1,207,105.2,224,76.8,174,-0.0,174,+0.1,149,-0.1,197,+0.1,160,+1.1,56,-1.3,278,1.49,179,39.7,15,31.5,294,2019,0.37791842446797735,14,18,0.4375,32
14,Florida St.,ACC,29-8,+22.39,112.8,36,90.4,10,68.6,121,+.046,70,+10.46,30,109.8,20,99.3,33,+0.93,128,4,ACC,68.6,121,112.8,36,50.5,180,18.9,210,32.8,43,35.8,89,90.4,10,47.2,30,20.3,69,27.0,117,35.7,247,68.6,121,69.4,147,17.3,142,17.6,208,112.8,36,106.6,96,90.4,10,95.8,29,78.7,10,+2.0,10,+3.2,5,+0.8,82,+1.5,33,+1.5,34,+2.2,27,1.93,76,38.0,31,61.8,72,2019,0.9272894199601484,29,8,0.7837837837837838,37
260,Fordham,A10,12-20,-8.00,96.7,306,104.7,168,65.2,304,-.075,329,-4.76,268,101.1,299,105.9,207,-11.88,351,,A10,65.2,304,96.7,306,46.8,322,16.4,45,25.1,274,24.5,338,104.7,168,49.5,118,19.1,130,28.0,167,36.9,278,65.2,304,66.0,312,19.2,335,17.4,156,96.7,306,97.1,305,104.7,168,100.9,115,75.9,301,+0.0,171,-0.6,244,+0.6,104,-0.3,211,-2.0,344,-2.4,330,1.08,279,29.0,208,16.0,341,2019,0.2861644991920324,12,20,0.375,32
71,Fresno St.,MWC,23-9,+9.36,108.4,100,99.0,77,67.9,157,-.011,216,-2.03,198,103.6,195,105.6,197,-5.21,304,,MWC,67.9,157,108.4,100,54.5,30,18.2,150,27.4,207,30.2,256,99.0,77,48.5,74,19.5,106,25.4,51,35.0,234,67.9,157,69.4,148,17.0,107,17.6,215,108.4,100,109.2,49,99.0,77,97.4,45,76.5,218,-0.7,274,-0.7,255,-0.8,265,-0.6,246,-0.3,218,+0.8,103,1.90,79,27.5,247,36.2,275,2019,0.739456331218068,23,9,0.71875,32
59,Furman,SC,25-8,+11.52,108.9,89,97.4,57,66.6,230,+.016,142,-1.18,169,105.2,122,106.4,227,-2.58,236,3,SC,66.6,230,108.9,89,55.4,17,18.4,169,28.7,165,24.9,334,97.4,57,47.9,45,20.1,80,30.0,256,24.2,10,66.6,230,68.1,225,17.4,159,17.9,272,108.9,89,109.5,45,97.4,57,96.8,40,76.1,278,-0.2,195,-1.0,277,+0.7,100,+0.8,78,-2.5,350,-1.5,289,1.45,191,21.8,333,45.1,200,2019,0.7830354378407053,25,8,0.7575757575757576,33
163,Gardner Webb,BSth,23-12,-0.04,107.8,109,107.8,245,67.4,189,+.070,29,-3.55,239,103.2,210,106.8,248,-4.07,278,16,BSth,67.4,189,107.8,109,54.8,26,17.0,74,22.4,330,38.3,42,107.8,245,50.5,160,18.2,180,31.2,286,27.6,42,67.4,189,68.2,223,17.2,139,18.4,331,107.8,109,107.9,69,107.8,245,105.5,238,75.2,345,-2.2,352,-3.0,353,-1.5,329,-0.9,290,-1.0,295,-1.4,287,1.49,180,26.2,278,59.3,88,2019,0.5,23,12,0.6571428571428571,35
156,George Mason,A10,18-15,+0.56,104.6,173,104.0,157,67.7,167,+.023,121,-1.58,180,102.3,265,103.8,125,-3.39,258,,A10,67.7,167,104.6,173,50.1,199,18.9,208,29.0,150,34.2,146,104.0,157,50.2,148,18.2,179,27.2,133,30.6,121,67.7,167,68.1,224,17.4,158,17.9,275,104.6,173,102.1,195,104.0,157,101.0,117,75.6,322,-1.3,328,-1.7,332,-0.9,285,-0.8,268,-1.0,293,-1.8,299,2.15,35,35.6,59,68.8,42,2019,0.5165328466102174,18,15,0.5454545454545454,33
293,George Washington,A10,9-24,-10.81,95.4,321,106.2,211,67.2,197,-.009,208,-0.58,154,102.9,229,103.5,110,-2.14,224,,A10,67.2,197,95.4,321,45.8,337,18.2,155,23.4,315,32.6,195,106.2,211,51.2,196,17.1,262,28.5,189,30.2,106,67.2,197,67.4,257,17.8,208,17.9,273,95.4,321,92.9,333,106.2,211,104.8,212,76.5,214,-0.5,242,-0.5,237,-0.5,229,-0.5,237,-0.3,205,+0.3,152,1.07,281,31.0,165,29.7,300,2019,0.22560024760410677,9,24,0.2727272727272727,33
100,Georgetown,BE,19-14,+6.45,108.9,90,102.5,133,71.9,25,+.040,83,+4.98,70,107.7,61,102.7,90,-4.53,292,3,BE,71.9,25,108.9,90,51.0,163,17.9,135,29.1,147,38.2,43,102.5,133,50.1,144,16.3,305,26.1,82,30.3,109,71.9,25,73.2,25,15.5,17,17.5,180,108.9,90,105.8,113,102.5,133,104.4,200,77.4,95,+0.8,71,+0.7,87,+0.9,73,+1.5,32,-0.3,214,-0.1,185,1.51,169,35.2,62,45.9,193,2019,0.667416461868978,19,14,0.5757575757575758,33
132,Georgia,SEC,11-21,+4.13,106.1,143,102.0,120,68.4,134,-.077,331,+8.92,42,109.1,39,100.1,46,-1.70,210,,SEC,68.4,134,106.1,143,50.0,204,22.4,332,32.7,45,41.2,16,102.0,120,48.5,71,15.5,327,31.0,278,29.9,96,68.4,134,70.4,99,17.0,105,17.1,93,106.1,143,100.4,242,102.0,120,105.3,229,78.2,26,+1.7,15,+1.6,26,+1.7,12,+0.9,74,+1.1,56,+1.6,52,1.49,178,38.3,26,61.4,75,2019,0.6114012590712673,11,21,0.34375,32
103,Georgia Southern,SB,21-12,+6.33,108.5,94,102.2,128,73.2,14,-.009,209,+0.77,120,105.5,102,104.7,166,+4.60,49,,SB,73.2,14,108.5,94,54.3,36,18.6,186,27.5,203,34.9,118,102.2,128,51.4,204,20.0,84,28.7,201,31.3,134,73.2,14,74.3,12,15.1,9,17.5,189,108.5,94,107.3,80,102.2,128,102.4,157,75.5,325,-1.0,306,-1.0,293,-1.0,294,-0.8,268,-2.1,346,-1.4,286,1.75,106,31.1,162,46.0,192,2019,0.6655024346024264,21,12,0.6363636363636364,33
124,Georgia St.,SB,24-10,+4.85,107.7,111,102.8,143,70.0,69,+.143,2,+1.09,115,105.2,121,104.1,137,+3.50,70,14,SB,70.0,69,107.7,111,53.7,49,16.4,44,23.0,324,35.4,102,102.8,143,50.3,155,21.0,43,33.8,338,30.9,126,70.0,69,71.0,83,16.5,70,17.4,165,107.7,111,105.8,114,102.8,143,103.4,178,76.6,209,-1.9,348,-2.1,346,-1.7,335,-0.4,222,+0.4,130,+2.5,18,2.21,26,22.7,322,71.2,30,2019,0.6307623419899336,24,10,0.7058823529411765,34
115,Georgia Tech,ACC,14-18,+5.26,101.7,228,96.5,43,66.8,225,-.023,242,+8.04,49,107.7,60,99.7,38,-4.96,301,,ACC,66.8,225,101.7,228,49.2,242,21.0,316,25.3,270,34.3,142,96.5,43,45.6,15,18.7,155,31.7,302,34.8,228,66.8,225,68.2,222,17.8,198,17.8,257,101.7,228,95.4,320,96.5,43,97.9,51,77.5,79,+0.8,74,-0.0,161,+1.6,17,+0.5,99,+1.2,46,-0.0,179,1.09,275,33.5,89,44.8,203,2019,0.6464725010041571,14,18,0.4375,32
2,Gonzaga,WCC,33-4,+32.85,124.5,1,91.6,12,70.2,62,-.001,180,+4.46,75,106.9,69,102.5,87,+1.87,105,1,WCC,70.2,62,124.5,1,59.0,1,14.9,14,31.5,76,35.3,103,91.6,12,44.2,7,19.0,138,26.8,106,25.9,20,70.2,62,71.4,66,14.7,6,19.0,350,124.5,1,122.6,1,91.6,12,90.8,4,78.2,25,+0.6,86,+0.1,144,+1.1,56,+1.5,31,+1.7,28,+2.5,18,2.25,20,23.4,314,55.3,110,2019,0.9715032926375413,33,4,0.8918918918918919,37
268,Grambling St.,SWAC,17-17,-8.56,95.9,318,104.4,165,69.6,82,-.044,282,-9.51,346,98.2,347,107.7,298,+3.90,61,,SWAC,69.6,82,95.9,318,50.0,205,22.1,330,25.8,256,43.0,6,104.4,165,45.1,10,18.0,206,29.4,233,42.3,337,69.6,82,70.4,98,16.9,88,17.4,151,95.9,318,97.3,301,104.4,165,97.5,47,77.7,59,+1.4,30,+1.6,30,+1.1,58,+2.2,15,-0.1,182,-0.5,235,1.27,232,36.2,51,53.5,127,2019,0.273562472083488,17,17,0.5,34
111,Grand Canyon,WAC,20-14,+5.49,107.6,113,102.1,124,67.8,162,-.038,269,-0.81,162,104.1,164,104.9,172,-0.13,167,,WAC,67.8,162,107.6,113,51.4,137,17.3,91,29.0,151,33.7,164,102.1,124,49.9,137,19.3,114,25.7,66,29.7,90,67.8,162,69.3,151,17.1,118,17.5,186,107.6,113,107.1,87,102.1,124,99.7,85,78.5,17,+1.4,31,+1.0,66,+1.7,13,+1.9,21,+2.2,9,+1.8,43,1.56,155,35.9,56,41.4,232,2019,0.6464294692693785,20,14,0.5882352941176471,34
185,Green Bay,Horz,21-17,-1.56,104.9,166,106.5,219,73.2,13,+.080,23,-0.59,155,105.4,109,106.0,212,+7.58,11,,Horz,73.2,13,104.9,166,51.5,131,17.2,87,26.4,237,33.9,157,106.5,219,52.1,239,18.8,151,31.4,288,32.3,161,73.2,13,75.4,7,14.9,8,17.2,109,104.9,166,104.9,135,106.5,219,107.2,271,77.3,103,-0.8,279,-0.9,272,-0.7,261,+1.2,48,+1.2,45,+1.5,56,1.37,207,31.6,145,48.0,177,2019,0.4565893460992657,21,17,0.5526315789473685,38
170,Hampton,BSth,18-17,-0.85,107.4,115,108.2,251,71.3,32,-.091,339,-3.87,252,103.0,225,106.9,255,-1.77,212,,BSth,71.3,32,107.4,115,48.9,262,14.6,8,28.1,189,34.8,123,108.2,251,50.8,172,16.3,308,26.6,99,35.9,254,71.3,32,72.2,45,16.7,78,16.8,41,107.4,115,108.4,61,108.2,251,105.9,247,76.2,263,-0.9,289,-0.9,275,-0.8,268,+0.0,168,-0.8,258,-0.4,226,2.24,21,24.3,306,77.5,10,2019,0.4786770356688786,18,17,0.5142857142857142,35
194,Hartford,AE,18-15,-2.32,108.5,95,110.8,297,66.7,228,-.008,205,-5.42,279,101.3,291,106.7,245,+0.53,139,,AE,66.7,228,108.5,95,54.2,41,17.8,124,25.3,266,33.1,182,110.8,297,52.6,260,19.3,113,31.0,279,29.9,94,66.7,228,67.7,247,18.3,272,17.4,153,108.5,95,108.5,60,110.8,297,106.4,258,75.9,296,-0.3,216,-1.0,277,+0.4,129,-0.6,250,-0.8,262,-2.5,332,2.83,2,14.8,353,75.0,15,2019,0.43998303333353445,18,15,0.5454545454545454,33
114,Harvard,Ivy,19-12,+5.32,105.7,150,100.4,99,67.3,193,+.048,66,+2.50,93,105.4,107,102.9,99,+3.40,75,6,Ivy,67.3,193,105.7,150,53.3,64,22.6,335,28.8,161,31.6,224,100.4,99,50.2,150,17.5,238,23.3,13,33.8,210,67.3,193,68.4,216,18.0,237,17.3,126,105.7,150,102.5,182,100.4,99,100.6,113,77.6,70,+1.0,59,+0.9,75,+1.1,61,+1.2,59,+0.5,117,+0.2,162,1.53,161,40.9,10,66.4,56,2019,0.6437300851860389,19,12,0.6129032258064516,31
201,Hawaii,BW,18-13,-3.12,103.7,188,106.8,225,66.3,243,-.005,194,-6.27,291,100.9,306,107.1,269,-5.32,306,,BW,66.3,243,103.7,188,52.3,101,17.6,115,26.9,224,31.2,232,106.8,225,50.8,175,17.4,244,24.7,29,32.9,184,66.3,243,67.3,263,18.0,229,18.1,300,103.7,188,105.1,129,106.8,225,102.1,146,76.6,198,+1.0,58,+1.0,63,+1.0,67,-1.1,307,+0.1,157,-1.9,308,1.79,97,27.9,240,60.5,77,2019,0.41611513397514444,18,13,0.5806451612903226,31
223,High Point,BSth,16-15,-5.00,99.7,267,104.7,169,63.7,333,+.019,131,-3.82,249,103.7,180,107.6,288,-2.67,239,,BSth,63.7,333,99.7,267,49.1,250,20.4,297,34.1,24,33.8,159,104.7,169,50.3,153,16.3,307,25.5,59,29.1,75,63.7,333,64.7,339,19.1,331,18.0,294,99.7,267,101.5,216,104.7,169,103.2,170,75.8,314,-1.7,343,-1.7,333,-1.7,336,-0.7,256,-0.2,204,-0.9,265,1.50,171,30.9,167,55.9,108,2019,0.3629149692829242,16,15,0.5161290322580645,31
93,Hofstra,CAA,27-8,+7.37,116.4,17,109.0,262,67.5,181,+.017,139,-5.59,285,102.4,255,108.0,314,-6.41,327,7,CAA,67.5,181,116.4,17,55.9,11,13.8,3,26.8,228,37.7,51,109.0,262,52.1,235,18.3,178,29.9,252,25.0,13,67.5,181,68.0,232,16.9,89,19.0,349,116.4,17,118.8,2,109.0,262,105.2,228,76.2,275,-0.4,233,+0.3,124,-1.2,308,-0.8,265,-1.3,311,-0.3,220,1.94,74,22.4,327,62.1,70,2019,0.6803484311109813,27,8,0.7714285714285715,35
239,Holy Cross,Pat,16-17,-6.81,101.2,244,108.0,248,63.6,336,+.067,31,-3.74,247,103.2,209,107.0,261,-2.20,228,,Pat,63.6,336,101.2,244,52.7,91,16.1,33,20.6,346,23.1,349,108.0,248,53.8,313,22.1,21,32.9,330,26.8,29,63.6,336,65.0,332,18.1,246,19.1,352,101.2,244,102.1,197,108.0,248,105.7,244,75.9,303,-0.4,226,-0.5,236,-0.2,209,+0.4,110,-1.9,337,-2.5,333,1.78,100,17.3,351,82.0,4,2019,0.3212848510066108,16,17,0.48484848484848486,33
12,Houston,Amer,33-4,+24.13,115.3,19,91.2,11,66.1,260,+.039,86,+4.45,76,105.7,92,101.3,62,-4.16,283,3,Amer,66.1,260,115.3,19,52.1,106,16.5,51,34.4,22,31.6,225,91.2,11,42.5,1,18.2,185,26.0,76,37.3,282,66.1,260,67.2,274,18.1,244,17.8,256,115.3,19,112.1,21,91.2,11,91.3,5,76.2,271,-1.0,299,-0.7,251,-1.2,311,-0.6,245,-1.1,301,+0.5,137,1.56,151,33.5,91,53.8,125,2019,0.9368227067022936,33,4,0.8918918918918919,37
281,Houston Baptist,Slnd,12-18,-9.88,103.0,201,112.9,324,73.9,9,-.038,268,-5.81,286,101.1,298,106.9,260,+6.35,25,,Slnd,73.9,9,103.0,201,49.6,228,19.5,246,33.8,28,42.4,10,112.9,324,55.7,340,20.2,72,29.6,241,35.7,250,73.9,9,74.1,14,15.9,32,16.5,18,103.0,201,104.0,150,112.9,324,109.4,305,76.1,277,-0.9,293,-0.1,179,-1.7,339,-0.9,291,-0.9,272,+0.0,171,1.30,228,37.9,32,59.5,87,2019,0.2581904489499077,12,18,0.4,30
305,Howard,MEAC,17-17,-11.89,102.0,221,113.9,334,71.3,31,+.017,138,-9.37,345,97.8,350,107.2,271,-0.38,175,,MEAC,71.3,31,102.0,221,48.5,277,16.8,66,29.2,139,33.8,161,113.9,334,51.8,222,19.8,86,33.4,336,37.8,289,71.3,31,73.4,22,16.4,60,16.8,38,102.0,221,103.5,159,113.9,334,106.6,262,77.6,71,+0.2,143,-0.3,218,+0.7,92,+1.2,48,+1.5,36,+0.7,118,1.56,153,26.6,263,58.8,93,2019,0.21942802848979828,17,17,0.5,34
191,IUPUI,Horz,16-17,-2.07,103.8,186,105.8,200,68.9,111,-.066,318,-3.11,224,103.9,173,107.0,264,-3.74,266,,Horz,68.9,111,103.8,186,50.2,196,19.6,255,34.3,23,35.2,104,105.8,200,52.6,262,19.6,100,27.7,157,33.2,195,68.9,111,70.8,88,17.2,138,17.0,67,103.8,186,104.9,133,105.8,200,104.3,198,76.9,150,+0.4,118,+0.8,84,+0.0,184,-0.2,193,-0.6,237,+0.5,132,1.50,174,31.2,157,48.3,175,2019,0.4453511076932452,16,17,0.48484848484848486,33
348,Idaho,BSky,5-27,-23.78,95.2,324,118.9,352,65.4,290,-.036,265,-6.99,306,102.3,263,109.3,347,-3.53,262,,BSky,65.4,290,95.2,324,50.3,188,19.9,269,24.2,299,28.2,296,118.9,352,53.7,309,13.4,353,32.0,310,33.1,190,65.4,290,66.9,283,18.0,234,18.0,297,95.2,324,98.2,288,118.9,352,117.1,351,76.9,153,-0.1,180,-0.1,181,+0.0,182,-0.8,285,-0.1,183,+1.5,56,0.45,346,38.4,25,9.9,347,2019,0.07199216300539889,5,27,0.15625,32
329,Idaho St.,BSky,11-19,-16.18,102.2,216,118.4,350,66.8,221,+.067,32,-5.30,277,102.5,247,107.8,306,+7.29,13,,BSky,66.8,221,102.2,216,52.0,112,17.6,119,25.8,255,28.8,282,118.4,350,56.1,343,15.0,340,29.8,248,30.6,118,66.8,221,68.6,196,17.9,225,17.2,122,102.2,216,104.5,144,118.4,350,116.5,349,76.9,154,-0.2,205,+0.0,160,-0.5,230,+0.8,81,+0.7,97,-0.5,234,1.62,137,31.3,155,54.7,117,2019,0.15550301917069093,11,19,0.36666666666666664,30
84,Illinois,B10,12-21,+7.97,109.1,83,101.1,108,70.6,52,-.052,297,+12.16,13,109.6,25,97.5,7,+3.39,76,,B10,70.6,52,109.1,83,49.6,230,18.3,161,29.1,148,29.5,272,101.1,108,52.2,245,21.7,24,31.9,307,42.4,338,70.6,52,71.0,85,17.4,156,16.8,35,109.1,83,101.1,226,101.1,108,105.3,232,76.8,176,-0.6,245,+0.2,136,-1.3,320,+0.2,125,-0.0,180,+0.7,112,0.93,316,30.9,166,40.6,240,2019,0.7059469330933372,12,21,0.36363636363636365,33
196,Illinois Chicago,Horz,16-16,-2.78,100.8,249,103.5,152,70.0,68,-.002,184,-2.20,207,104.9,134,107.1,266,+0.31,149,,Horz,70.0,68,100.8,249,53.3,66,20.0,278,24.9,279,27.7,303,103.5,152,48.3,60,17.6,234,30.4,265,42.0,334,70.0,68,71.7,57,16.4,59,17.3,145,100.8,249,102.2,192,103.5,152,103.4,179,76.6,210,+0.1,151,-0.8,264,+1.0,66,-0.2,203,-0.2,195,-1.1,271,1.71,114,26.4,272,57.3,99,2019,0.42458422847019217,16,16,0.5,32
205,Illinois St.,MVC,17-16,-3.45,101.4,240,104.8,175,66.7,226,+.084,17,-0.60,156,103.1,220,103.7,117,+1.02,125,,MVC,66.7,226,101.4,240,49.1,252,18.4,166,26.0,247,28.6,286,104.8,175,51.3,200,18.1,190,26.1,80,32.8,178,66.7,226,67.6,248,16.9,90,18.6,337,101.4,240,99.6,261,104.8,175,103.1,169,76.9,146,-0.5,238,-0.1,180,-0.8,268,+0.9,73,+0.7,101,-0.0,175,1.65,129,32.0,134,60.2,80,2019,0.40630108787742014,17,16,0.5151515151515151,33
346,Incarnate Word,Slnd,6-25,-23.06,97.5,298,120.6,353,64.9,313,-.066,317,-5.40,278,101.3,293,106.7,242,+4.25,53,,Slnd,64.9,313,97.5,298,51.9,119,24.1,350,23.1,322,34.8,121,120.6,353,59.3,353,19.7,98,32.8,325,39.1,311,64.9,313,66.6,292,19.3,338,17.1,89,97.5,298,96.4,312,120.6,353,117.0,350,75.4,335,-1.7,339,-2.0,340,-1.3,321,-1.4,317,-0.7,248,-1.6,293,0.74,336,38.0,30,37.8,264,2019,0.07978958142932804,6,25,0.1935483870967742,31
52,Indiana,B10,19-16,+13.73,109.1,82,95.4,32,66.9,215,-.034,262,+10.62,27,109.4,28,98.8,25,-1.57,207,1,B10,66.9,215,109.1,82,51.0,162,17.9,133,28.1,187,34.6,131,95.4,32,48.2,57,18.1,195,28.1,169,29.2,78,66.9,215,68.4,214,17.2,132,18.3,327,109.1,82,102.9,173,95.4,32,98.3,57,77.7,62,+0.3,130,+0.1,146,+0.5,114,+1.3,44,+1.2,50,+1.2,83,1.38,202,29.5,199,51.5,150,2019,0.8239211047244581,19,16,0.5428571428571428,35
208,Indiana St.,MVC,15-16,-3.99,101.4,239,105.4,188,68.9,106,+.026,110,-0.04,140,102.7,240,102.7,93,+3.10,88,,MVC,68.9,106,101.4,239,48.6,270,18.6,182,23.7,308,35.8,91,105.4,188,51.5,208,19.4,110,27.2,138,38.0,294,68.9,106,69.1,165,17.5,167,17.4,160,101.4,239,98.5,280,105.4,188,103.2,173,76.3,255,-0.5,239,-0.6,241,-0.3,218,-0.2,207,-0.6,243,-0.9,266,1.52,166,33.9,83,50.7,156,2019,0.39056693342850707,15,16,0.4838709677419355,31
198,Iona,MAAC,17-16,-2.88,106.9,129,109.7,276,70.6,51,-.024,245,-6.27,290,100.5,314,106.8,251,+0.44,144,16,MAAC,70.6,51,106.9,129,53.0,75,17.3,99,25.2,272,36.8,68,109.7,276,52.3,251,18.6,163,30.8,271,28.5,66,70.6,51,71.4,67,16.3,53,17.6,213,106.9,129,107.7,73,109.7,276,106.0,249,76.8,164,+0.5,96,+0.7,94,+0.4,124,+0.4,105,-0.5,232,-1.0,268,1.81,95,22.8,318,29.3,303,2019,0.42620816016238156,17,16,0.5151515151515151,33
37,Iowa,B10,23-12,+16.02,117.4,15,101.3,111,69.5,84,+.050,63,+10.64,26,108.9,42,98.3,16,-6.49,329,10,B10,69.5,84,117.4,15,52.7,92,17.2,81,29.8,114,42.3,12,101.3,111,51.5,207,18.3,176,29.4,231,28.8,73,69.5,84,70.0,121,16.3,50,18.2,319,117.4,15,110.5,39,101.3,111,104.5,204,78.4,21,+1.3,39,+1.1,57,+1.5,26,+1.6,29,+2.2,8,+1.3,77,1.76,104,32.1,129,72.4,21,2019,0.8450450756086427,23,12,0.6571428571428571,35
15,Iowa St.,B12,23-12,+22.09,118.9,9,96.8,47,67.7,171,-.063,316,+10.78,23,109.3,29,98.5,21,-1.56,206,6,B12,67.7,171,118.9,9,54.8,25,16.3,39,28.3,180,30.0,262,96.8,47,48.4,67,18.8,152,30.1,258,23.6,4,67.7,171,68.5,199,16.6,75,18.5,333,118.9,9,112.3,19,96.8,47,99.6,81,77.7,64,-0.3,209,+0.1,143,-0.7,256,+0.3,117,+1.9,18,+2.5,16,1.57,150,22.2,328,31.7,293,2019,0.9141043705923604,23,12,0.6571428571428571,35
319,Jackson St.,SWAC,13-19,-14.40,90.2,341,104.6,167,65.1,307,+.007,165,-8.62,340,99.1,340,107.7,299,+4.97,42,,SWAC,65.1,307,90.2,341,44.6,344,20.3,293,28.5,172,34.3,143,104.6,167,49.1,103,20.8,49,26.8,109,43.9,346,65.1,307,67.2,271,19.1,328,17.4,147,90.2,341,91.3,337,104.6,167,98.2,56,75.5,324,-1.2,318,-2.0,340,-0.5,233,-0.3,219,-0.9,269,-2.6,338,0.80,331,32.5,118,15.4,342,2019,0.15403313735849233,13,19,0.40625,32
247,Jacksonville,ASun,12-20,-7.41,99.1,276,106.5,216,70.9,42,-.056,303,-3.47,238,102.5,251,105.9,210,-4.21,285,,ASun,70.9,42,99.1,276,49.6,225,19.9,274,28.3,177,30.5,250,106.5,216,52.2,248,18.1,191,27.4,141,28.8,74,70.9,42,72.5,40,15.9,30,17.4,164,99.1,276,98.8,274,106.5,216,104.0,188,75.7,318,-1.1,313,-1.4,318,-0.8,279,-0.3,214,-1.0,292,-2.0,319,1.08,277,31.9,138,46.8,187,2019,0.30403030075249887,12,20,0.375,32
110,Jacksonville St.,OVC,24-9,+5.81,105.4,157,99.6,86,67.6,173,+.003,174,-4.25,259,102.2,266,106.5,234,+0.10,158,,OVC,67.6,173,105.4,157,50.6,176,18.8,196,33.0,42,30.2,257,99.6,86,48.7,80,20.4,63,25.6,61,30.1,103,67.6,173,70.5,94,17.3,144,16.9,48,105.4,157,106.0,109,99.6,86,96.0,32,76.0,290,-0.7,263,-1.2,301,-0.1,192,-1.8,338,-1.0,294,-0.0,177,1.62,138,31.3,154,52.7,135,2019,0.6572144685360242,24,9,0.7272727272727273,33
285,James Madison,CAA,14-19,-10.03,101.1,247,111.1,302,65.2,301,+.056,51,-4.09,257,104.8,137,108.9,342,-3.78,268,,CAA,65.2,301,101.1,247,50.3,194,18.8,194,30.1,107,33.4,175,111.1,302,52.9,278,16.4,302,29.3,229,34.0,217,65.2,301,65.5,323,18.8,313,18.0,289,101.1,247,103.6,156,111.1,302,110.6,320,77.6,65,-0.5,240,-0.8,260,-0.2,206,+0.2,125,+1.4,37,+3.5,3,1.57,149,20.5,342,67.9,46,2019,0.2526201532693761,14,19,0.42424242424242425,33
17,Kansas,B12,26-10,+21.57,113.9,27,92.3,17,70.1,66,+.076,26,+14.13,1,111.8,1,97.7,8,+10.36,4,4,B12,70.1,66,113.9,27,52.6,93,18.8,200,30.1,109,32.5,198,92.3,17,47.8,42,18.2,189,27.9,163,27.8,47,70.1,66,70.6,91,15.8,26,18.2,321,113.9,27,106.2,105,92.3,17,98.7,60,77.5,75,+0.6,95,+0.6,97,+0.5,116,+0.2,125,+1.7,30,+0.5,133,1.45,192,32.0,135,28.3,306,2019,0.9182033343654598,26,10,0.7222222222222222,36
20,Kansas St.,B12,25-9,+20.06,108.4,98,88.4,3,63.4,339,+.049,65,+10.22,32,109.3,31,99.1,29,-0.96,186,4,B12,63.4,339,108.4,98,49.3,238,17.4,107,28.5,170,30.6,247,88.4,3,48.2,59,22.8,12,25.7,63,30.7,123,63.4,339,64.9,336,18.7,306,18.4,329,108.4,98,101.4,219,88.4,3,92.0,7,76.6,199,+0.1,158,+0.6,105,-0.4,222,-0.8,282,-0.2,191,-0.1,190,2.56,5,28.6,218,81.0,5,2019,0.9125755091467586,25,9,0.7352941176470589,34
339,Kennesaw St.,ASun,6-26,-18.91,92.0,338,110.9,299,68.2,144,+.040,84,+0.93,119,104.3,159,103.3,105,+3.94,60,,ASun,68.2,144,92.0,338,40.9,352,19.0,217,29.2,140,30.1,259,110.9,299,53.7,311,17.1,265,30.8,273,27.7,45,68.2,144,70.5,93,17.7,184,16.6,23,92.0,338,88.1,349,110.9,299,109.4,303,77.5,80,+0.4,110,-0.3,212,+1.2,55,+1.4,41,+1.2,49,-0.1,186,1.24,244,33.1,103,46.9,185,2019,0.10445616610936408,6,26,0.1875,32
143,Kent St.,MAC,22-11,+2.38,109.9,69,107.5,236,67.5,183,+.129,3,+1.25,107,104.8,135,103.5,113,-4.15,282,,MAC,67.5,183,109.9,69,49.6,226,16.4,47,33.2,37,31.8,217,107.5,236,52.7,274,19.0,140,30.6,267,35.9,253,67.5,183,69.1,171,17.8,204,17.3,133,109.9,69,107.6,76,107.5,236,106.8,266,75.9,300,-0.7,262,-0.6,240,-0.8,264,-1.0,299,-1.8,331,-0.5,235,1.71,113,29.6,194,46.8,188,2019,0.5631411493096008,22,11,0.6666666666666666,33
8,Kentucky,SEC,30-7,+27.57,117.6,14,90.1,8,65.6,284,+.033,98,+11.32,19,110.7,5,99.4,34,+1.75,107,2,SEC,65.6,284,117.6,14,53.0,76,18.6,184,36.8,8,41.9,14,90.1,8,46.6,22,17.9,212,25.5,55,26.8,28,65.6,284,67.2,270,18.1,247,17.8,250,117.6,14,112.2,20,90.1,8,95.3,20,78.1,34,+0.9,65,+0.6,95,+1.1,57,+0.9,71,+1.3,39,+2.1,29,1.03,298,28.3,227,21.8,326,2019,0.9553507915512741,30,7,0.8108108108108109,37
263,LIU Brooklyn,NEC,16-16,-8.20,98.3,290,106.5,217,70.8,45,-.013,221,-8.97,342,99.8,332,108.7,338,-5.97,321,,NEC,70.8,45,98.3,290,50.7,171,20.1,282,28.3,181,34.4,139,106.5,217,48.2,58,18.5,167,29.5,237,35.4,241,70.8,45,71.9,48,16.5,64,17.1,88,98.3,290,101.1,225,106.5,217,101.2,126,76.2,267,+0.2,144,-0.2,190,+0.5,113,-0.2,202,-2.6,351,-0.5,235,2.00,57,20.4,343,63.5,64,2019,0.2846745498075602,16,16,0.5,32
19,LSU,SEC,28-7,+20.22,117.7,12,97.5,59,70.0,67,+.063,36,+10.02,35,109.3,30,99.3,32,+2.77,92,3,SEC,70.0,67,117.7,12,51.2,149,17.9,138,36.8,9,37.1,64,97.5,59,49.9,135,20.1,78,30.8,272,33.1,193,70.0,67,70.5,96,17.2,126,17.0,79,117.7,12,111.5,28,97.5,59,101.2,124,77.2,124,+0.7,78,+1.5,36,-0.1,196,-0.2,198,+1.1,56,-0.4,227,0.99,303,29.4,200,33.6,286,2019,0.8970895333600326,28,7,0.8,35
228,La Salle,A10,10-21,-5.39,100.0,257,105.4,189,68.9,108,-.040,274,-0.24,146,103.6,188,103.8,124,+0.30,150,,A10,68.9,108,100.0,257,47.2,311,20.2,286,28.9,158,28.5,290,105.4,189,51.3,199,19.8,90,28.9,216,41.3,329,68.9,108,69.5,142,17.8,207,16.9,60,100.0,257,97.5,300,105.4,189,104.0,189,76.3,245,+0.0,170,-0.2,201,+0.2,142,-0.8,287,-1.4,316,-0.2,201,1.46,185,36.9,43,44.0,209,2019,0.35324328845909175,10,21,0.3225806451612903,31
298,Lafayette,Pat,10-20,-11.27,101.6,231,112.9,323,68.9,109,+.004,169,-4.66,264,102.4,257,107.1,267,-3.86,271,,Pat,68.9,109,101.6,231,52.5,98,18.6,187,22.2,332,24.4,339,112.9,323,54.6,328,15.3,332,26.8,107,31.2,130,68.9,109,70.0,118,17.6,179,17.1,85,101.6,231,102.5,183,112.9,323,111.0,326,76.8,182,-0.3,212,-0.7,257,+0.2,158,-0.2,200,-0.1,181,+0.5,137,1.54,160,39.6,16,69.7,36,2019,0.22920992666076925,10,20,0.3333333333333333,30
217,Lamar,Slnd,20-13,-4.66,103.3,197,107.9,247,68.3,141,+.009,157,-7.68,324,100.6,313,108.3,322,+1.97,102,,Slnd,68.3,141,103.3,197,49.4,237,20.0,276,36.2,11,42.3,11,107.9,247,52.0,229,19.8,92,27.6,153,35.6,244,68.3,141,69.9,123,17.1,117,17.3,135,103.3,197,105.5,118,107.9,247,103.4,181,75.8,310,-0.8,275,-1.0,277,-0.6,241,-0.3,217,-1.7,329,-1.6,290,1.76,105,36.5,48,34.1,284,2019,0.3772995369981984,20,13,0.6060606060606061,33
169,Lehigh,Pat,20-11,-0.79,108.9,91,109.7,272,71.6,29,+.083,19,-4.34,260,102.3,262,106.6,239,-1.50,201,,Pat,71.6,29,108.9,91,56.3,6,18.5,173,23.5,312,34.9,114,109.7,272,50.2,147,15.6,324,27.4,148,30.5,113,71.6,29,72.5,41,16.1,39,17.1,105,108.9,91,109.5,47,109.7,272,106.6,261,77.0,136,+0.6,90,+0.5,113,+0.7,94,-1.0,298,-0.5,233,+1.5,56,2.06,48,27.5,248,74.0,17,2019,0.47896932052020563,20,11,0.6451612903225806,31
58,Liberty,ASun,29-7,+11.54,111.1,54,99.6,87,62.3,349,+.009,158,-3.27,230,102.5,245,105.8,203,-3.20,252,12,ASun,62.3,349,111.1,54,55.9,10,17.2,82,25.3,268,26.7,315,99.6,87,48.9,91,20.4,65,26.4,92,32.7,175,62.3,349,64.9,335,20.1,348,17.2,107,111.1,54,111.2,30,99.6,87,96.7,38,75.7,315,-1.5,334,-1.7,334,-1.3,316,-0.5,232,-0.3,211,-1.6,295,2.09,46,30.6,172,70.9,32,2019,0.7784382122940857,29,7,0.8055555555555556,36
45,Lipscomb,ASun,29-8,+14.55,111.7,50,97.2,49,73.3,12,-.013,220,+0.08,136,103.9,178,103.8,122,+6.56,19,5,ASun,73.3,12,111.7,50,54.8,24,17.8,123,26.0,249,36.3,79,97.2,49,48.3,64,19.6,102,23.8,16,27.9,48,73.3,12,74.3,11,15.5,15,17.1,92,111.7,50,110.2,40,97.2,49,96.0,31,76.4,227,-0.4,225,-0.7,254,-0.1,189,+0.1,162,+0.4,126,-1.7,296,2.45,9,34.1,78,76.2,13,2019,0.8318826220659467,29,8,0.7837837837837838,37
222,Little Rock,SB,10-21,-4.99,100.0,260,105.0,180,70.4,55,-.149,352,-1.96,193,104.3,157,106.3,224,-2.51,233,,SB,70.4,55,100.0,260,54.4,33,22.6,337,24.3,298,42.5,8,105.0,180,52.3,249,19.4,108,27.4,144,40.3,326,70.4,55,72.7,34,16.5,66,16.8,37,100.0,260,100.6,237,105.0,180,104.3,196,76.2,261,+0.6,85,+0.2,131,+1.1,62,+0.2,153,-1.5,320,-2.9,342,0.96,310,35.6,58,26.3,312,2019,0.3632960121360733,10,21,0.3225806451612903,31
225,Long Beach St.,BW,15-19,-5.08,101.3,243,106.3,214,71.5,30,+.051,58,-0.77,160,104.3,160,105.0,181,+5.59,29,,BW,71.5,30,101.3,243,47.6,302,19.0,215,28.9,157,40.8,19,106.3,214,51.1,191,18.9,142,33.0,331,30.2,104,71.5,30,72.6,36,16.1,42,17.0,75,101.3,243,99.9,251,106.3,214,105.4,235,77.4,93,+0.0,166,-0.3,219,+0.4,128,+0.7,88,+0.6,102,+1.5,55,1.50,170,35.0,63,72.3,23,2019,0.36492365514339764,15,19,0.4411764705882353,34
256,Longwood,BSth,16-18,-7.83,99.5,274,107.3,233,67.2,195,-.023,241,-5.51,280,102.7,238,108.2,319,-9.95,347,,BSth,67.2,195,99.5,274,52.4,99,20.4,298,24.5,289,33.6,169,107.3,233,50.5,161,17.4,246,25.2,47,33.7,208,67.2,195,68.3,218,17.5,170,17.9,276,99.5,274,101.7,214,107.3,233,104.3,195,76.6,202,-0.2,202,-1.0,277,+0.6,107,+0.1,157,-0.6,247,-0.1,192,1.36,210,38.3,27,45.5,198,2019,0.29568800676971246,16,18,0.47058823529411764,34
178,Louisiana,SB,19-13,-1.21,106.7,133,107.9,246,72.1,21,+.085,16,-1.41,177,104.6,145,106.0,213,-1.50,202,,SB,72.1,21,106.7,133,50.8,167,17.4,102,29.1,144,35.0,109,107.9,246,53.2,293,20.0,82,32.0,309,36.8,275,72.1,21,74.1,15,16.1,36,16.7,31,106.7,133,106.7,93,107.9,246,107.5,276,75.7,319,-1.1,312,-1.4,319,-0.8,268,-1.5,325,-0.9,272,-1.0,267,1.77,103,28.8,211,51.2,153,2019,0.4678910702757006,19,13,0.59375,32
140,Louisiana Monroe,SB,19-16,+2.90,112.5,40,109.6,271,66.3,244,-.057,305,-2.39,211,103.4,201,105.8,201,-4.02,275,,SB,66.3,244,112.5,40,54.0,45,16.2,35,26.9,225,35.8,93,109.6,271,52.9,279,17.4,248,29.0,219,28.4,65,66.3,244,69.1,169,18.2,252,16.9,46,112.5,40,112.1,22,109.6,271,107.9,281,76.2,269,-1.3,324,-1.5,326,-1.0,296,-0.8,268,-0.4,220,+0.7,116,1.68,123,20.6,340,37.2,269,2019,0.5745237341209137,19,16,0.5428571428571428,35
141,Louisiana Tech,CUSA,20-13,+2.88,105.0,163,102.1,126,65.4,288,-.046,287,-2.19,206,102.1,272,104.3,150,-4.19,284,,CUSA,65.4,288,105.0,163,49.8,217,17.0,70,29.4,130,35.9,87,102.1,126,49.3,110,19.2,121,28.8,208,30.2,105,65.4,288,67.5,251,17.8,201,17.9,270,105.0,163,104.1,149,102.1,126,99.4,76,76.4,241,-0.6,250,-1.3,307,+0.1,169,-0.5,233,+0.1,157,-0.7,254,1.29,229,28.1,234,50.4,160,2019,0.5798329531259888,20,13,0.6060606060606061,33
23,Louisville,ACC,20-14,+19.35,113.7,28,94.4,24,67.2,199,-.060,309,+11.95,16,110.4,10,98.4,19,+5.36,32,7,ACC,67.2,199,113.7,28,50.9,165,17.4,106,29.2,137,34.9,115,94.4,24,46.8,25,16.1,313,25.9,74,32.0,156,67.2,199,68.3,217,17.6,183,17.5,175,113.7,28,107.6,75,94.4,24,98.8,62,76.8,181,+0.6,87,+1.3,44,-0.1,190,-0.1,189,-0.9,272,-0.5,233,2.18,29,33.3,97,36.7,273,2019,0.8946605865400631,20,14,0.5882352941176471,34
131,Loyola Chicago,MVC,20-14,+4.18,104.2,180,100.0,97,62.7,346,-.019,233,-1.58,181,102.5,249,104.1,134,-1.81,214,7,MVC,62.7,346,104.2,180,55.1,21,18.8,195,19.9,348,32.0,209,100.0,97,51.1,185,20.5,58,21.7,1,23.9,7,62.7,346,63.6,350,18.9,317,18.9,348,104.2,180,102.8,178,100.0,97,96.6,36,76.7,196,-0.6,247,-0.3,206,-0.9,282,-0.8,268,+0.4,127,+0.8,105,1.79,98,28.1,233,54.5,119,2019,0.6161248727653276,20,14,0.5882352941176471,34
270,Loyola MD,Pat,11-21,-8.72,101.8,226,110.5,291,68.5,128,-.028,251,-3.65,243,103.6,185,107.3,273,-1.64,209,,Pat,68.5,128,101.8,226,51.6,128,19.5,249,27.9,193,33.6,166,110.5,291,55.6,338,20.5,57,29.6,244,32.3,162,68.5,128,70.3,106,17.5,162,17.0,68,101.8,226,103.0,172,110.5,291,109.3,301,75.8,311,-1.7,338,-1.0,277,-2.3,351,-0.8,268,+0.2,150,-1.2,276,1.38,203,31.9,136,59.8,84,2019,0.2802821887628259,11,21,0.34375,32
134,Loyola Marymount,WCC,22-12,+3.84,103.6,191,99.8,90,62.7,347,+.066,33,+0.10,134,104.3,154,104.2,146,-5.47,313,,WCC,62.7,347,103.6,191,49.5,235,19.3,237,29.4,129,36.7,73,99.8,90,49.6,123,21.6,27,27.2,135,36.2,262,62.7,347,64.3,343,20.1,349,17.5,185,103.6,191,101.9,208,99.8,90,99.0,65,77.5,74,+2.0,11,+4.0,2,-0.1,193,+0.1,163,-0.9,272,+0.5,129,1.36,209,32.6,116,68.6,43,2019,0.6058128192835385,22,12,0.6470588235294118,34
338,Maine,AE,5-27,-18.68,93.3,335,111.9,311,64.0,329,-.058,306,-3.05,222,102.1,273,105.1,188,+1.22,119,,AE,64.0,329,93.3,335,48.6,273,22.1,329,25.9,251,25.6,326,111.9,311,55.3,336,19.1,127,27.2,134,38.6,305,64.0,329,64.4,341,19.8,342,17.5,190,93.3,335,92.3,336,111.9,311,109.3,300,76.8,160,-0.2,203,-1.0,277,+0.6,109,+1.2,60,+1.3,40,-1.9,309,1.20,251,27.2,253,41.5,231,2019,0.11002034145894762,5,27,0.15625,32
323,Manhattan,MAAC,11-21,-15.15,89.6,346,104.8,172,61.8,351,+.021,127,-8.07,336,100.2,323,108.3,321,-4.31,288,,MAAC,61.8,351,89.6,346,47.3,307,24.1,349,30.7,98,33.2,180,104.8,172,50.9,177,23.5,6,30.3,264,45.6,348,61.8,351,62.7,351,19.0,326,19.3,353,89.6,346,91.3,338,104.8,172,99.8,91,76.4,235,-0.2,200,-0.6,243,+0.2,145,+0.1,164,-1.2,307,-0.5,235,0.80,330,44.6,3,22.9,321,2019,0.14160386691310248,11,21,0.34375,32
276,Marist,MAAC,12-19,-9.52,100.2,254,109.8,277,64.5,323,-.054,301,-7.43,319,100.2,320,107.7,294,-2.95,247,,MAAC,64.5,323,100.2,254,52.3,102,18.9,209,24.3,294,32.2,206,109.8,277,53.0,281,19.3,112,26.8,105,35.9,255,64.5,323,65.5,322,19.1,329,17.9,260,100.2,254,102.0,205,109.8,277,104.7,210,76.3,254,-0.8,282,-0.5,234,-1.2,307,-0.9,293,+0.1,157,-0.2,199,2.23,24,37.1,41,71.2,29,2019,0.25881016996768313,12,19,0.3870967741935484,31
33,Marquette,BE,24-10,+16.52,113.2,32,96.7,45,68.8,116,+.010,154,+6.77,57,107.4,63,100.7,51,+0.29,151,5,BE,68.8,116,113.2,32,53.5,58,19.3,239,29.4,131,35.1,106,96.7,45,46.3,18,16.6,297,26.1,81,35.9,252,68.8,116,70.7,90,16.9,91,17.4,149,113.2,32,108.1,66,96.7,45,97.3,44,77.9,42,+0.8,73,+0.1,145,+1.5,22,+2.7,4,+1.8,24,-0.9,262,1.90,80,27.6,245,56.3,103,2019,0.8595722521615191,24,10,0.7058823529411765,34
157,Marshall,CUSA,23-14,+0.56,106.9,128,106.3,213,74.3,5,+.125,4,-1.27,170,103.0,228,104.2,145,+1.56,111,,CUSA,74.3,5,106.9,128,51.9,118,15.9,27,22.9,325,30.5,248,106.3,213,52.0,233,20.8,51,32.3,315,32.4,164,74.3,5,76.0,4,14.4,3,17.3,132,106.9,128,104.8,137,106.3,213,105.0,219,76.4,234,-0.6,256,-0.1,174,-1.2,310,-0.8,268,+0.4,123,-0.4,230,2.20,27,25.3,290,71.5,27,2019,0.516176383967778,23,14,0.6216216216216216,37
24,Maryland,B10,23-11,+19.29,113.4,31,94.1,21,66.0,264,-.004,189,+10.75,24,109.8,18,99.1,30,-4.92,299,6,B10,66.0,264,113.4,31,51.4,136,19.3,234,34.1,25,32.8,186,94.1,21,45.9,16,14.1,352,24.8,37,26.6,25,66.0,264,66.5,293,18.6,300,17.7,225,113.4,31,107.1,86,94.1,21,98.8,61,77.8,47,+1.3,37,+1.0,66,+1.6,21,+0.6,93,+1.9,20,-0.1,189,1.18,256,24.7,298,44.3,207,2019,0.895245499910568,23,11,0.6764705882352942,34
353,Maryland Eastern Shore,MEAC,7-25,-29.42,85.4,351,114.8,340,63.1,343,+.024,115,-7.72,327,99.8,331,107.5,282,+5.31,36,,MEAC,63.1,343,85.4,351,43.5,350,20.7,307,22.8,327,28.3,295,114.8,340,54.4,324,19.0,139,31.6,297,36.6,271,63.1,343,65.3,327,19.8,344,17.2,115,85.4,351,85.9,351,114.8,340,111.2,328,75.5,328,-1.3,322,-1.7,331,-0.9,280,-2.0,342,-1.8,333,-0.0,178,1.37,204,36.2,52,23.2,320,2019,0.03222609678259003,7,25,0.21875,32
236,Massachusetts,A10,11-21,-6.29,102.9,203,109.2,265,67.3,191,-.061,310,-1.88,189,102.8,234,104.7,167,-4.87,296,,A10,67.3,191,102.9,203,51.1,153,20.1,284,31.5,80,31.3,228,109.2,265,51.2,193,16.8,279,27.1,125,41.4,330,67.3,191,68.4,213,17.8,203,17.6,214,102.9,203,102.5,184,109.2,265,107.1,268,76.3,248,-0.0,173,+0.7,88,-0.8,263,-0.8,268,-0.9,270,-0.8,257,1.58,147,41.1,9,39.2,254,2019,0.33550971719459427,11,21,0.34375,32
331,McNeese St.,Slnd,9-22,-16.74,98.1,292,114.9,341,66.3,246,-.047,290,-6.32,295,101.2,295,107.5,284,+4.75,46,,Slnd,66.3,246,98.1,292,49.7,220,21.3,321,29.7,120,38.8,37,114.9,341,54.2,321,17.7,226,31.9,304,29.3,80,66.3,246,67.4,254,18.7,301,17.1,96,98.1,292,99.8,256,114.9,341,112.3,338,76.3,259,-0.8,284,-0.2,204,-1.4,325,-1.6,331,-0.9,272,+1.5,56,1.86,83,33.2,100,30.6,295,2019,0.13969080487501112,9,22,0.2903225806451613,31
56,Memphis,Amer,22-14,+11.78,109.2,81,97.4,54,74.2,7,-.032,258,+4.41,77,106.0,86,101.6,65,+0.01,162,3,Amer,74.2,7,109.2,81,51.1,155,19.7,262,33.2,40,37.3,59,97.4,54,48.6,76,21.3,34,30.9,277,37.5,286,74.2,7,75.3,8,15.2,10,16.9,63,109.2,81,105.4,122,97.4,54,98.2,55,75.8,312,-0.2,199,-0.3,217,-0.1,191,-0.5,235,-1.1,304,-3.2,345,1.43,196,32.1,130,56.1,106,2019,0.7883621165203823,22,14,0.6111111111111112,36
199,Mercer,SC,11-20,-3.06,103.4,193,106.5,220,66.8,224,-.113,350,+1.10,114,106.1,80,105.0,179,+1.13,123,,SC,66.8,224,103.4,193,51.0,161,19.3,235,28.8,162,35.7,97,106.5,220,52.7,272,20.1,81,32.3,316,34.7,227,66.8,224,68.6,192,17.9,221,17.3,137,103.4,193,103.0,171,106.5,220,106.6,265,76.8,180,-0.9,295,+0.2,138,-2.0,345,-0.8,268,+0.4,122,+1.9,34,1.04,294,28.7,217,32.2,290,2019,0.4158798587879656,11,20,0.3548387096774194,31
75,Miami FL,ACC,14-18,+9.03,109.9,68,100.8,104,67.0,208,-.072,327,+8.03,50,108.1,54,100.1,45,-3.50,261,,ACC,67.0,208,109.9,68,50.7,170,16.9,68,26.0,248,30.8,242,100.8,104,52.0,230,19.8,94,29.7,246,22.7,2,67.0,208,68.5,200,18.3,268,16.8,36,109.9,68,104.1,148,100.8,104,103.6,184,76.2,266,+1.1,50,+1.0,66,+1.2,41,+0.0,171,-0.6,244,-4.6,353,2.18,31,19.6,348,49.2,168,2019,0.7298721105694324,14,18,0.4375,32
148,Miami OH,MAC,15-17,+1.62,104.8,169,103.2,146,66.3,245,-.025,247,+3.13,90,105.7,94,102.5,88,-0.36,174,,MAC,66.3,245,104.8,169,48.6,271,18.7,191,30.0,111,34.7,129,103.2,146,51.1,189,16.7,287,25.3,49,33.9,212,66.3,245,68.0,231,18.9,319,16.5,15,104.8,169,102.1,199,103.2,146,104.3,197,76.6,203,-0.5,237,-0.8,267,-0.1,194,+0.1,159,+0.9,78,-1.2,274,1.34,218,33.0,105,60.2,81,2019,0.5441166197432573,15,17,0.46875,32
6,Michigan,B10,30-7,+28.32,114.5,24,86.2,2,64.8,317,-.001,181,+11.27,20,109.2,35,98.0,12,-5.42,309,2,B10,64.8,317,114.5,24,51.6,127,13.9,5,24.7,284,27.5,308,86.2,2,44.1,6,18.0,210,24.8,34,24.1,9,64.8,317,65.1,330,18.5,286,18.7,341,114.5,24,106.9,89,86.2,2,89.6,3,77.7,56,+1.3,35,+2.5,11,+0.2,145,+1.2,58,+1.1,55,-0.4,229,1.13,265,18.2,350,51.3,151,2019,0.9632049688841307,30,7,0.8108108108108109,37
3,Michigan St.,B10,32-7,+30.81,121.0,5,90.2,9,66.9,211,+.001,177,+13.67,2,110.6,7,96.9,1,+3.24,82,2,B10,66.9,211,121.0,5,55.2,20,18.5,175,33.9,26,33.6,167,90.2,9,43.9,4,14.9,343,26.4,91,27.5,41,66.9,211,67.9,238,17.2,135,18.4,332,121.0,5,113.3,14,90.2,9,95.0,17,77.5,73,-0.1,185,-0.6,238,+0.4,130,+1.3,42,+2.1,11,+0.4,151,1.70,119,29.6,195,48.8,171,2019,0.9670179270142026,32,7,0.8205128205128205,39
246,Middle Tennessee,CUSA,11-21,-7.28,98.3,288,105.6,193,67.6,175,+.013,146,+1.70,98,104.1,166,102.4,83,+10.01,5,,CUSA,67.6,175,98.3,288,46.7,325,22.8,343,32.3,53,29.6,271,105.6,193,50.8,171,17.5,241,28.1,170,34.2,221,67.6,175,69.1,166,17.6,176,17.3,128,98.3,288,94.0,328,105.6,193,104.7,209,76.4,233,-0.6,253,-0.7,249,-0.5,239,-0.6,248,-0.9,272,+0.7,114,1.08,278,22.8,319,14.9,344,2019,0.30495869009899584,11,21,0.34375,32
296,Milwaukee,Horz,9-22,-11.00,98.6,283,109.6,269,66.1,259,+.016,141,-2.66,215,103.8,179,106.5,236,-2.18,226,,Horz,66.1,259,98.6,283,48.1,289,18.0,144,26.7,231,28.2,297,109.6,269,51.7,216,15.3,333,28.3,176,36.3,263,66.1,259,68.7,184,17.8,212,17.5,191,98.6,283,99.2,269,109.6,269,108.5,291,77.1,134,+0.1,154,-1.0,277,+1.2,43,+1.0,68,+0.2,143,-0.1,191,1.24,241,30.8,169,22.3,323,2019,0.22858642124172293,9,22,0.2903225806451613,31
46,Minnesota,B10,22-14,+14.35,111.4,52,97.0,48,67.4,186,+.086,15,+12.18,12,110.2,15,98.0,13,-2.91,244,10,B10,67.4,186,111.4,52,48.2,286,17.1,79,31.4,82,41.6,15,97.0,48,49.5,121,16.9,275,28.4,186,28.2,56,67.4,186,67.8,242,17.8,199,17.6,217,111.4,52,103.4,160,97.0,48,102.1,150,78.5,19,+1.1,52,+1.1,51,+1.0,63,+1.9,19,+1.8,23,+2.5,15,2.13,41,24.6,301,45.6,197,2019,0.8308675153308951,22,14,0.6111111111111112,36
50,Mississippi,SEC,20-13,+13.98,113.2,33,99.2,80,68.5,131,-.007,203,+8.69,43,109.1,38,100.4,49,-1.11,191,8,SEC,68.5,131,113.2,33,53.1,72,18.2,151,30.2,103,30.9,239,99.2,80,51.0,180,20.5,61,29.3,225,33.5,203,68.5,131,69.2,164,17.5,160,17.4,163,113.2,33,108.3,63,99.2,80,102.4,155,76.9,155,+0.5,101,+0.8,80,+0.2,145,-0.2,206,-0.9,266,+0.5,128,1.43,194,28.2,229,52.5,138,2019,0.8202745572826506,20,13,0.6060606060606061,33
21,Mississippi St.,SEC,23-11,+20.04,117.7,13,97.6,61,67.8,161,-.038,270,+10.09,34,110.1,17,100.0,44,+2.22,100,5,SEC,67.8,161,117.7,13,54.6,27,19.2,229,34.7,19,32.6,192,97.6,61,50.3,156,19.5,105,29.6,243,32.1,158,67.8,161,68.5,205,17.8,200,17.5,177,117.7,13,112.0,23,97.6,61,101.9,144,77.7,57,+2.0,8,+1.6,34,+2.5,3,-0.1,188,+0.5,111,-0.1,182,2.14,37,29.9,188,73.9,18,2019,0.8959960839619416,23,11,0.6764705882352942,34
350,Mississippi Valley St.,SWAC,6-26,-24.63,89.9,344,114.5,338,69.2,96,-.018,230,-6.27,292,99.9,329,106.1,219,+6.46,22,,SWAC,69.2,96,89.9,344,41.9,351,18.5,172,28.4,174,33.7,163,114.5,338,54.1,318,17.5,235,31.7,299,32.0,154,69.2,96,70.2,107,17.6,178,16.9,61,89.9,344,89.6,344,114.5,338,111.4,330,75.5,330,-1.0,307,+0.1,154,-2.1,347,-1.7,333,-0.9,272,-1.9,302,0.85,323,40.4,13,50.0,163,2019,0.05832748527374124,6,26,0.1875,32
68,Missouri,SEC,15-17,+9.78,107.0,127,97.2,51,64.8,318,-.017,227,+9.53,37,109.8,21,100.2,47,+0.39,146,,SEC,64.8,318,107.0,127,50.5,181,21.0,318,31.9,61,29.8,267,97.2,51,49.4,115,18.1,193,25.7,65,38.0,296,64.8,318,66.1,309,19.1,332,17.5,196,107.0,127,101.0,227,97.2,51,101.8,141,77.5,72,+0.8,69,+1.0,66,+0.7,93,-0.0,172,+0.5,113,+1.5,56,1.45,190,36.0,54,38.4,258,2019,0.751133803504304,15,17,0.46875,32
171,Missouri St.,MVC,16-16,-0.85,103.1,199,104.0,158,65.4,287,-.021,236,-1.74,186,102.8,233,104.6,162,-1.90,216,,MVC,65.4,287,103.1,199,51.2,148,18.2,152,25.4,265,36.9,67,104.0,158,53.5,299,21.8,23,25.3,48,35.0,233,65.4,287,66.3,303,18.9,316,17.6,200,103.1,199,102.0,204,104.0,158,101.7,136,77.4,89,-0.3,210,-0.4,225,-0.2,202,-0.1,187,+1.1,56,+2.6,13,1.68,122,24.3,305,29.6,301,2019,0.47503269695881073,16,16,0.5,32
295,Monmouth,MAAC,14-21,-10.89,93.2,336,104.1,160,67.5,185,+.047,67,-5.05,275,102.5,246,107.6,290,+3.30,79,,MAAC,67.5,185,93.2,336,45.8,335,20.6,302,29.1,146,40.3,22,104.1,160,51.1,190,21.2,39,28.7,198,43.2,341,67.5,185,68.5,201,17.4,157,18.0,295,93.2,336,94.0,327,104.1,160,102.1,148,77.1,129,+0.0,168,-0.1,178,+0.1,168,-0.3,212,+0.1,157,+1.6,47,1.39,201,39.2,20,62.6,69,2019,0.21892381163627916,14,21,0.4,35
137,Montana,BSky,26-9,+3.53,107.4,114,103.9,155,66.9,220,+.059,45,-6.07,288,102.4,259,108.4,328,+4.03,58,15,BSky,66.9,220,107.4,114,56.0,9,17.4,103,27.6,202,31.4,226,103.9,155,50.0,142,19.3,119,25.0,42,37.3,283,66.9,220,68.4,212,17.1,122,18.1,313,107.4,114,110.6,37,103.9,155,101.1,123,76.2,262,-0.9,297,-1.3,310,-0.6,242,-0.7,259,-0.9,272,+0.6,127,2.78,3,26.7,261,73.0,19,2019,0.5941166230268505,26,9,0.7428571428571429,35
250,Montana St.,BSky,15-17,-7.57,107.8,108,115.4,346,70.0,70,+.008,160,-6.49,297,102.2,270,108.7,333,+3.49,71,,BSky,70.0,70,107.8,108,53.4,59,17.1,78,26.2,242,34.9,117,115.4,346,57.1,350,17.2,255,26.6,100,28.3,58,70.0,70,71.5,63,16.7,79,17.3,136,107.8,108,109.4,48,115.4,346,112.4,339,76.9,159,-0.1,183,+0.4,116,-0.6,244,+0.3,121,+0.3,132,-0.2,202,2.26,18,28.5,219,56.3,104,2019,0.3135753022312206,15,17,0.46875,32
245,Morehead St.,OVC,13-20,-7.27,102.7,205,110.0,280,67.2,200,+.060,42,-0.12,141,104.9,131,105.0,176,+5.35,33,,OVC,67.2,200,102.7,205,48.4,281,17.2,89,27.8,195,33.9,153,110.0,280,52.5,257,17.7,227,31.7,298,28.4,63,67.2,200,70.3,103,17.1,124,17.1,95,102.7,205,101.3,220,110.0,280,109.6,306,75.6,321,-1.3,329,-2.0,340,-0.6,248,-0.9,296,-2.0,341,-0.5,235,1.66,126,26.6,264,76.4,12,2019,0.31223633969050935,13,20,0.3939393939393939,33
333,Morgan St.,MEAC,9-21,-17.85,92.8,337,110.7,296,72.1,22,-.074,328,-12.93,353,97.3,352,110.2,353,-0.83,182,,MEAC,72.1,22,92.8,337,43.7,349,17.9,136,31.8,65,34.3,140,110.7,296,53.3,296,23.9,5,35.1,351,39.9,323,72.1,22,73.6,19,15.7,22,17.3,129,92.8,337,96.1,316,110.7,296,103.2,171,74.9,349,-1.8,345,-1.5,323,-2.1,346,-2.5,348,-2.0,342,-1.3,281,1.43,197,37.2,40,50.7,157,2019,0.11625959317169704,9,21,0.3,30
324,Mount St. Mary's,NEC,9-22,-15.28,94.8,326,110.1,282,67.1,202,-.012,217,-5.56,283,102.3,264,107.8,307,+4.78,45,,NEC,67.1,202,94.8,326,47.9,296,19.0,218,25.1,275,33.9,151,110.1,282,52.1,240,17.8,223,31.5,291,34.8,230,67.1,202,69.4,144,17.7,187,17.0,74,94.8,326,96.3,313,110.1,282,108.1,285,75.5,326,-0.2,206,-0.5,233,-0.0,187,-0.9,294,-1.5,323,-3.5,351,0.35,350,25.9,284,6.5,350,2019,0.15179057469188165,9,22,0.2903225806451613,31
51,Murray St.,OVC,28-5,+13.83,112.5,41,98.6,73,69.4,89,+.054,54,-3.32,233,103.1,222,106.4,228,-1.13,192,12,OVC,69.4,89,112.5,41,54.8,23,17.2,86,32.0,58,33.5,171,98.6,73,46.5,21,19.3,115,30.7,268,27.4,38,69.4,89,71.2,75,16.5,63,17.3,140,112.5,41,113.9,10,98.6,73,96.8,41,77.2,111,-0.1,188,-0.6,239,+0.3,135,-0.1,179,+0.1,157,+2.2,26,1.05,289,26.5,268,42.1,220,2019,0.8200435454224665,28,5,0.8484848484848485,33
41,N.C. State,ACC,24-12,+14.98,113.1,34,98.1,62,71.0,39,-.004,190,+5.84,62,106.8,72,101.0,60,-12.35,353,2,ACC,71.0,39,113.1,34,52.0,110,17.3,90,36.0,13,28.5,289,98.1,62,49.4,114,21.6,28,28.8,205,38.8,306,71.0,39,71.8,51,16.1,35,17.4,169,113.1,34,110.0,41,98.1,62,98.6,59,76.7,187,-0.5,235,+0.4,119,-1.3,315,+0.2,125,+0.5,112,-0.2,207,2.12,43,34.8,68,39.8,248,2019,0.8370278055452449,24,12,0.6666666666666666,36
183,NJIT,ASun,22-13,-1.54,101.8,227,103.3,149,66.9,216,+.084,18,-4.07,256,102.0,275,106.0,215,-4.15,281,,ASun,66.9,216,101.8,227,50.7,173,17.1,77,21.9,337,38.4,40,103.3,149,49.0,96,17.9,211,27.2,132,29.7,91,66.9,216,69.0,173,18.1,249,16.9,47,101.8,227,101.7,211,103.3,149,100.2,103,75.5,327,+0.4,108,+0.9,76,-0.0,185,-2.3,346,-1.7,330,-3.3,347,1.74,108,26.0,283,69.8,35,2019,0.4580454745089674,22,13,0.6285714285714286,35
280,Navy,Pat,12-19,-9.88,97.3,299,107.2,230,66.9,212,+.061,40,-2.97,219,103.4,203,106.3,226,-1.16,193,,Pat,66.9,212,97.3,299,46.8,323,20.7,304,31.8,66,30.5,252,107.2,230,52.1,244,16.6,293,25.5,55,29.7,92,66.9,212,68.2,219,17.6,181,17.6,202,97.3,299,97.5,299,107.2,230,106.2,253,76.1,280,-0.7,258,-1.4,317,+0.1,164,-0.8,283,-1.3,313,-0.3,213,1.25,236,32.3,125,44.7,205,2019,0.247066666624428,12,19,0.3870967741935484,31
47,Nebraska,B10,19-17,+14.35,113.5,30,99.1,79,66.4,238,-.046,288,+12.55,9,109.7,22,97.2,4,-0.17,168,4,B10,66.4,238,113.5,30,49.2,243,14.3,6,28.5,169,33.0,183,99.1,79,48.1,52,19.3,118,32.1,312,30.0,100,66.4,238,67.2,268,17.8,211,18.0,287,113.5,30,105.8,115,99.1,79,101.4,129,77.2,120,+0.4,115,-0.1,177,+0.9,71,+1.2,48,+0.3,140,-0.4,223,2.13,38,27.2,252,57.6,98,2019,0.8263883696678633,19,17,0.5277777777777778,36
164,Nebraska Omaha,Sum,21-11,-0.20,110.2,65,110.4,289,67.9,153,+.109,9,-3.64,242,103.9,177,107.5,283,+2.52,97,,Sum,67.9,153,110.2,65,54.4,35,13.5,2,24.8,280,24.1,344,110.4,289,55.0,334,16.8,280,25.6,62,27.1,33,67.9,153,69.8,127,17.7,196,17.0,70,110.2,65,111.4,29,110.4,289,109.7,308,76.7,188,+0.2,140,-0.7,258,+1.2,43,+0.2,148,-0.6,240,-0.5,235,1.99,58,20.6,341,66.3,57,2019,0.49478713215286546,21,11,0.65625,32
27,Nevada,MWC,29-5,+18.18,114.0,26,95.9,35,69.3,91,+.033,99,+1.42,103,105.4,111,103.9,130,+1.79,106,7,MWC,69.3,91,114.0,26,53.7,51,14.6,10,27.2,215,40.8,17,95.9,35,47.7,39,19.2,126,24.8,36,28.0,52,69.3,91,70.7,89,16.4,61,17.7,237,114.0,26,113.4,12,95.9,35,94.9,16,78.2,29,+0.8,72,+1.1,59,+0.6,108,+2.2,12,+4.1,1,-1.1,270,3.40,1,19.7,346,50.4,161,2019,0.8795592887550407,29,5,0.8529411764705882,34
345,New Hampshire,AE,5-24,-23.05,84.4,353,107.5,237,65.6,283,-.015,225,-6.31,294,101.5,284,107.9,308,-4.90,298,,AE,65.6,283,84.4,353,44.0,348,18.4,168,21.6,341,21.9,353,107.5,237,51.5,206,16.9,276,24.7,31,38.0,292,65.6,283,66.1,308,18.7,305,17.8,249,84.4,353,85.9,350,107.5,237,104.8,213,76.0,287,-1.2,319,-1.3,311,-1.2,306,-0.2,199,-0.9,288,-0.4,221,1.07,283,39.9,14,36.9,271,2019,0.05829808016818667,5,24,0.1724137931034483,29
188,New Mexico,MWC,14-18,-1.85,104.1,183,105.9,202,72.8,15,-.028,253,+0.26,131,104.3,158,104.0,132,-0.25,173,,MWC,72.8,15,104.1,183,49.5,232,19.4,240,29.0,153,39.3,32,105.9,202,51.6,215,18.2,186,28.2,174,37.1,280,72.8,15,74.1,13,15.7,23,16.7,34,104.1,183,102.0,206,105.9,202,104.8,211,78.6,14,+1.6,20,+1.1,54,+2.1,10,+2.3,10,+1.6,33,+1.6,50,1.17,260,36.5,47,37.6,265,2019,0.4508720977226788,14,18,0.4375,32
53,New Mexico St.,WAC,30-5,+13.62,113.0,35,99.3,84,65.9,269,+.042,79,-3.44,236,102.8,235,106.2,222,-3.22,254,12,WAC,65.9,269,113.0,35,54.1,43,17.8,128,36.9,7,34.5,134,99.3,84,48.9,89,18.9,144,22.0,2,32.6,172,65.9,269,68.0,233,18.7,302,17.2,123,113.0,35,113.6,11,99.3,84,95.7,27,75.5,332,-0.6,252,-1.2,300,+0.0,183,-1.1,308,-1.9,335,-2.4,331,1.20,248,49.5,1,40.3,243,2019,0.8155201441332676,30,5,0.8571428571428571,35
262,New Orleans,Slnd,19-14,-8.10,97.0,302,105.1,181,68.6,126,+.077,25,-7.17,313,100.8,307,108.0,313,+6.43,24,,Slnd,68.6,126,97.0,302,48.0,295,21.8,325,32.8,44,36.0,86,105.1,181,50.0,140,22.5,15,34.2,340,40.4,327,68.6,126,69.3,157,17.6,177,17.2,113,97.0,302,98.3,285,105.1,181,101.8,139,76.5,212,-0.9,296,-0.8,266,-1.1,299,-0.8,268,+0.8,79,+0.5,149,0.93,317,35.3,61,48.9,170,2019,0.28448644363746756,19,14,0.5757575757575758,33
315,Niagara,MAAC,13-19,-13.52,101.8,225,115.3,345,69.7,81,+.031,100,-9.03,343,98.5,345,107.5,281,-7.85,339,,MAAC,69.7,81,101.8,225,49.2,244,17.3,98,27.1,216,33.3,176,115.3,345,53.4,298,16.2,310,26.2,86,25.3,15,69.7,81,70.2,113,16.6,72,17.8,259,101.8,225,103.2,167,115.3,345,108.4,289,75.4,337,-0.8,278,-1.4,314,-0.2,208,-2.2,345,-1.3,310,-1.9,304,1.95,70,34.1,81,60.5,76,2019,0.1927772591617861,13,19,0.40625,32
310,Nicholls St.,Slnd,14-17,-12.85,98.7,281,111.6,308,68.5,129,-.005,193,-7.45,320,101.2,297,108.6,332,+3.23,83,,Slnd,68.5,129,98.7,281,50.2,197,17.2,85,23.5,311,21.9,352,111.6,308,51.0,179,18.1,194,33.6,337,36.0,256,68.5,129,69.9,122,17.0,108,17.5,178,98.7,281,100.7,234,111.6,308,107.6,277,76.0,289,-0.3,220,+0.0,158,-0.7,257,-0.7,257,-0.7,249,-2.1,321,0.87,321,29.8,190,25.3,313,2019,0.19582189985102894,14,17,0.45161290322580644,31
244,Norfolk St.,MEAC,22-14,-7.23,98.5,284,105.7,196,69.2,98,+.059,46,-9.60,347,98.0,348,107.6,287,+1.35,116,8,MEAC,69.2,98,98.5,284,49.6,224,20.3,291,27.4,208,38.2,44,105.7,196,49.2,107,20.7,53,28.9,214,42.6,339,69.2,98,70.8,87,16.5,68,17.7,244,98.5,284,100.0,248,105.7,196,99.1,72,76.3,244,-1.2,314,-1.3,305,-1.1,301,-0.3,213,-0.4,227,+0.7,113,1.73,110,34.9,67,54.3,121,2019,0.3076122725224094,22,14,0.6111111111111112,36
284,North Alabama,ASun,10-22,-10.02,95.3,322,105.3,184,68.4,135,+.006,167,+1.16,111,104.7,140,103.5,112,+7.06,17,,ASun,68.4,135,95.3,322,44.5,345,19.3,231,27.3,210,30.8,241,105.3,184,52.6,265,17.2,259,25.1,43,38.0,293,68.4,135,70.5,92,17.7,192,16.0,2,95.3,322,92.5,334,105.3,184,105.5,237,74.7,352,-1.4,330,-0.6,242,-2.2,350,-2.8,353,-2.9,353,-2.2,324,0.00,353,25.0,296,0.0,0,2019,0.24094391168302784,10,22,0.3125,32
7,North Carolina,ACC,29-7,+27.69,119.7,8,92.0,15,74.3,6,+.024,116,+12.60,8,110.7,2,98.1,15,+5.69,28,1,ACC,74.3,6,119.7,8,52.9,80,17.2,84,35.3,16,30.2,255,92.0,15,48.9,92,18.3,177,22.9,7,28.4,64,74.3,6,75.8,5,14.6,5,17.3,131,119.7,8,112.7,16,92.0,15,96.7,37,78.5,18,+0.9,62,+0.2,135,+1.7,16,+1.9,20,+1.7,27,+2.9,7,1.65,127,26.3,274,59.2,89,2019,0.9537702995737042,29,7,0.8055555555555556,36
300,North Carolina A&T,MEAC,19-13,-11.32,96.8,305,108.1,249,65.7,279,+.099,11,-10.75,350,97.9,349,108.7,335,+3.32,77,,MEAC,65.7,279,96.8,305,51.1,156,19.4,244,27.1,217,31.1,236,108.1,249,48.8,84,20.7,54,34.7,345,32.0,153,65.7,279,67.5,252,19.0,325,16.8,39,96.8,305,100.0,249,108.1,249,101.9,143,75.9,298,-0.5,243,-0.8,263,-0.3,214,-1.5,323,-1.3,309,-0.8,261,1.12,268,39.4,19,30.6,296,2019,0.2193065741879348,19,13,0.59375,32
303,North Carolina Central,MEAC,18-16,-11.55,97.8,295,109.3,267,65.3,291,-.008,206,-11.84,352,97.0,353,108.9,343,+1.19,120,16,MEAC,65.3,291,97.8,295,49.9,210,22.7,340,34.8,18,33.5,172,109.3,267,49.9,133,17.5,236,26.9,112,31.4,136,65.3,291,66.9,280,18.2,254,17.9,282,97.8,295,101.2,223,109.3,267,101.6,134,76.4,225,+0.1,155,-0.2,202,+0.4,126,-1.2,309,-0.7,253,-0.2,197,1.46,186,31.0,163,48.3,176,2019,0.21780976932560997,18,16,0.5294117647058824,34
271,North Dakota,Sum,12-18,-8.76,97.6,297,106.3,212,69.7,79,-.046,286,-3.26,229,104.9,128,108.2,318,+1.51,113,,Sum,69.7,79,97.6,297,51.3,142,17.9,137,21.0,343,27.2,310,106.3,212,52.5,255,17.3,253,25.4,53,30.0,99,69.7,79,71.1,80,16.9,96,17.0,81,97.6,297,99.3,265,106.3,212,106.5,260,77.0,145,-0.1,186,-0.0,161,-0.2,203,-1.2,310,+0.1,157,+2.0,33,1.64,134,29.1,205,55.0,111,2019,0.27250312785363745,12,18,0.4,30
202,North Dakota St.,Sum,19-16,-3.20,107.4,117,110.6,292,65.0,312,+.064,34,-2.85,217,104.8,138,107.6,292,+3.23,84,16,Sum,65.0,312,107.4,117,53.5,55,15.7,23,20.7,345,32.2,204,110.6,292,53.6,306,14.4,351,25.9,70,26.5,24,65.0,312,66.5,296,19.2,336,17.1,90,107.4,117,108.1,65,110.6,292,110.7,322,76.6,207,-0.4,224,+0.1,151,-0.8,268,+0.2,152,+0.1,157,-0.7,255,1.05,288,36.6,46,47.7,182,2019,0.4163831227997185,19,16,0.5428571428571428,35
167,North Florida,ASun,16-17,-0.69,104.1,182,104.8,173,71.9,24,+.015,143,+1.59,101,103.9,172,102.4,81,+10.41,3,,ASun,71.9,24,104.1,182,52.1,107,21.7,324,29.4,132,25.3,329,104.8,173,48.1,50,16.9,271,32.8,324,30.6,120,71.9,24,73.3,23,16.0,34,16.9,45,104.1,182,100.5,241,104.8,173,104.2,194,77.0,141,-0.6,246,-1.3,308,+0.2,145,+1.9,22,-0.4,221,+0.5,137,1.65,130,29.0,209,78.1,8,2019,0.48074186738460184,16,17,0.48484848484848486,33
158,North Texas,CUSA,21-12,+0.53,99.8,265,99.3,82,65.3,294,-.007,204,-3.97,255,101.1,300,105.1,186,-9.49,346,,CUSA,65.3,294,99.8,265,49.2,241,20.1,283,30.7,93,27.7,305,99.3,82,47.4,33,19.8,88,24.4,19,37.7,288,65.3,294,67.4,258,18.3,275,17.4,148,99.8,265,99.8,258,99.3,82,94.7,13,75.3,344,-1.9,347,-0.1,184,-3.6,353,-1.8,339,-1.4,315,-0.9,264,1.32,221,29.8,191,61.6,74,2019,0.5144359970140849,21,12,0.6363636363636364,33
89,Northeastern,CAA,23-11,+7.59,111.0,58,103.4,151,66.2,253,+.050,61,-0.63,157,106.3,78,106.9,259,+6.45,23,13,CAA,66.2,253,111.0,58,56.5,5,16.6,56,22.7,328,34.3,141,103.4,151,52.1,238,16.7,286,24.6,26,27.8,46,66.2,253,66.3,304,18.8,312,17.6,219,111.0,58,111.9,24,103.4,151,105.1,221,76.9,151,+0.3,132,+0.6,108,+0.0,180,+0.3,118,-0.8,254,+0.5,137,2.09,45,26.8,258,66.2,58,2019,0.6933101035640145,23,11,0.6764705882352942,34
304,Northern Arizona,BSky,10-21,-11.83,100.8,250,112.6,319,68.5,130,-.036,266,-6.40,296,102.2,268,108.6,331,-0.02,163,,BSky,68.5,130,100.8,250,50.3,193,17.0,72,25.8,253,33.8,162,112.6,319,55.0,333,16.6,296,26.4,93,29.7,89,68.5,130,70.0,120,17.5,164,17.4,152,100.8,250,103.3,163,112.6,319,109.8,312,77.3,105,+0.0,163,-0.2,203,+0.3,134,-0.3,218,+1.0,67,+1.5,56,0.59,343,33.3,95,21.9,325,2019,0.21872898620504452,10,21,0.3225806451612903,31
193,Northern Colorado,BSky,21-11,-2.27,102.6,206,104.9,178,66.5,236,+.050,60,-7.99,332,101.4,288,109.4,348,-1.59,208,,BSky,66.5,236,102.6,206,52.9,78,18.4,164,27.8,198,34.8,122,104.9,178,51.4,203,18.6,157,25.8,68,28.1,54,66.5,236,68.4,211,18.2,262,17.3,124,102.6,206,106.5,100,104.9,178,101.7,137,76.2,260,-0.7,259,-0.3,210,-1.0,289,-1.6,330,-0.9,265,+0.9,95,1.84,89,28.7,215,44.0,211,2019,0.43660546339862105,21,11,0.65625,32
136,Northern Illinois,MAC,17-17,+3.72,109.0,86,105.3,185,65.9,267,-.071,325,+1.49,102,104.7,139,103.2,104,-2.13,223,,MAC,65.9,267,109.0,86,52.6,94,17.1,80,27.2,214,26.5,316,105.3,185,51.9,226,17.8,222,26.8,104,39.1,310,65.9,267,67.6,249,17.7,188,17.9,262,109.0,86,107.2,83,105.3,185,105.1,220,76.8,165,+0.0,164,-0.4,229,+0.5,121,-0.4,227,+0.7,96,-0.3,214,1.70,120,30.9,168,69.3,37,2019,0.5980018414786984,17,17,0.5,34
177,Northern Iowa,MVC,16-18,-1.15,101.5,235,102.7,136,64.4,327,+.004,168,+0.29,130,103.1,221,102.8,95,+3.42,73,,MVC,64.4,327,101.5,235,48.9,261,17.9,132,23.2,319,27.6,307,102.7,136,51.1,186,18.2,184,23.1,12,32.4,168,64.4,327,65.1,331,18.5,293,18.6,340,101.5,235,98.1,289,102.7,136,101.1,122,77.0,137,+0.1,149,+0.7,92,-0.5,224,-0.4,230,+0.3,133,+0.9,97,1.48,182,30.1,182,41.6,227,2019,0.466260559527902,16,18,0.47058823529411764,34
96,Northern Kentucky,Horz,26-9,+7.14,109.4,76,102.3,130,68.2,143,-.001,182,-3.37,234,103.6,186,107.0,262,-2.57,235,14,Horz,68.2,143,109.4,76,54.6,28,17.8,130,30.6,99,34.8,125,102.3,130,49.1,106,18.4,173,26.0,78,35.2,236,68.2,143,69.3,152,16.8,82,18.0,296,109.4,76,110.5,38,102.3,130,100.5,110,77.1,127,+0.5,97,+0.6,101,+0.5,120,+0.8,75,-0.3,208,-0.1,193,1.73,111,28.2,230,42.2,218,2019,0.6838807394819649,26,9,0.7428571428571429,35
74,Northwestern,B10,13-19,+9.06,102.9,204,93.8,19,66.0,265,-.111,348,+8.94,41,108.3,50,99.4,35,-6.10,323,,B10,66.0,265,102.9,204,46.6,327,16.1,34,24.1,302,30.2,258,93.8,19,46.7,23,17.9,216,26.3,90,34.0,215,66.0,265,66.8,285,17.9,219,18.1,311,102.9,204,97.6,298,93.8,19,96.6,35,78.8,9,+0.3,128,-0.1,175,+0.7,96,+2.2,12,+3.5,3,+3.3,5,2.52,7,25.8,286,48.4,173,2019,0.7436100128498285,13,19,0.40625,32
341,Northwestern St.,Slnd,11-20,-19.81,90.1,342,110.0,279,68.6,124,+.069,30,-6.78,302,100.8,309,107.6,289,+3.74,64,,Slnd,68.6,124,90.1,342,44.7,343,22.7,338,28.9,155,33.6,168,110.0,279,51.2,192,19.5,104,34.8,346,36.5,266,68.6,124,69.6,133,17.5,172,17.1,106,90.1,342,90.7,340,110.0,279,106.4,256,76.1,276,-0.1,190,-1.0,277,+0.8,87,-0.3,216,-0.3,212,-2.6,337,1.28,230,43.5,4,59.5,86,2019,0.0915427035377188,11,20,0.3548387096774194,31
97,Notre Dame,ACC,14-19,+6.95,108.0,105,101.1,107,65.2,298,-.055,302,+7.73,54,108.0,55,100.3,48,-5.59,315,,ACC,65.2,298,108.0,105,46.2,329,13.9,4,29.0,154,30.1,261,101.1,107,49.0,97,16.4,300,31.1,283,21.8,1,65.2,298,66.4,299,18.4,282,17.8,251,108.0,105,103.1,170,101.1,107,104.1,191,78.2,31,+1.1,48,+1.1,53,+1.1,59,+1.2,48,+0.8,87,+2.5,18,1.07,282,25.1,293,39.3,252,2019,0.681189285069481,14,19,0.42424242424242425,33
187,Oakland,Horz,16-17,-1.77,107.8,107,109.6,268,68.7,119,-.002,183,-2.07,201,104.9,132,106.9,256,+1.63,110,,Horz,68.7,119,107.8,107,54.2,40,18.5,174,25.6,261,35.7,96,109.6,268,53.0,283,17.2,261,32.5,321,28.0,51,68.7,119,69.9,125,18.3,274,16.4,10,107.8,107,109.2,50,109.6,268,110.5,318,77.0,139,+0.7,83,+0.9,77,+0.4,123,-0.2,201,+0.2,148,-0.3,217,0.83,325,22.9,316,7.5,348,2019,0.45253417996792317,16,17,0.48484848484848486,33
184,Ohio,MAC,14-17,-1.55,98.9,278,100.5,101,69.2,95,+.062,38,+3.39,85,106.8,74,103.4,108,+0.70,136,,MAC,69.2,95,98.9,278,48.6,269,20.0,281,28.2,183,33.2,181,100.5,101,50.8,174,18.4,174,27.4,147,31.2,132,69.2,95,71.1,78,17.2,137,16.6,26,98.9,278,95.9,318,100.5,101,103.3,176,77.8,45,+0.4,114,-0.4,226,+1.2,43,+1.7,27,+0.7,98,+1.8,40,1.35,214,27.7,244,40.4,242,2019,0.4539911147845098,14,17,0.45161290322580644,31
44,Ohio St.,B10,20-15,+14.66,109.1,84,94.4,25,65.8,274,+.013,147,+11.68,17,110.4,8,98.8,24,-2.95,246,11,B10,65.8,274,109.1,84,50.3,191,18.7,193,27.6,201,33.7,165,94.4,25,48.3,62,18.2,187,25.9,69,31.8,149,65.8,274,66.7,286,18.4,276,17.7,238,109.1,84,102.8,177,94.4,25,99.2,74,76.7,194,-0.4,230,-0.3,208,-0.5,237,-0.8,288,+0.1,157,+1.0,94,1.55,156,31.2,156,44.2,208,2019,0.8408175851638855,20,15,0.5714285714285714,35
32,Oklahoma,B12,20-14,+16.94,111.1,57,94.1,23,68.6,123,+.023,119,+13.27,3,110.3,11,97.1,2,+7.44,12,9,B12,68.6,123,111.1,57,50.4,183,17.0,69,25.8,252,31.3,230,94.1,23,47.5,35,17.3,254,28.0,164,23.1,3,68.6,123,69.3,154,16.4,58,18.4,330,111.1,57,102.2,191,94.1,23,98.8,64,77.4,91,+0.7,80,+0.6,102,+0.8,83,+0.2,124,+1.0,68,+0.3,155,2.25,19,31.1,161,52.0,140,2019,0.8710006632686736,20,14,0.5882352941176471,34
83,Oklahoma St.,B12,12-20,+8.16,109.5,75,101.3,110,66.1,261,-.010,211,+13.12,5,110.4,9,97.3,5,+5.41,31,,B12,66.1,261,109.5,75,50.1,201,18.0,145,26.4,239,30.6,246,101.3,110,50.3,154,17.6,228,29.4,230,31.5,138,66.1,261,67.2,273,18.2,257,17.7,232,109.5,75,100.6,236,101.3,110,106.6,264,77.8,44,+0.2,142,+0.3,123,+0.1,173,+0.7,87,+1.1,56,+2.9,8,1.23,246,20.9,338,30.1,297,2019,0.709949457174192,12,20,0.375,32
113,Old Dominion,CUSA,26-9,+5.45,101.4,238,96.0,38,64.5,324,+.058,49,-2.15,203,102.5,244,104.7,165,-6.06,322,14,CUSA,64.5,324,101.4,238,47.1,313,17.8,127,32.1,56,28.9,281,96.0,38,45.6,14,18.5,168,24.8,33,32.4,166,64.5,324,65.5,324,18.9,315,17.9,271,101.4,238,100.4,244,96.0,38,93.1,9,77.6,69,+0.5,102,+1.4,40,-0.4,219,+0.4,108,+1.3,43,+1.2,84,1.88,82,28.1,231,54.9,114,2019,0.6523389655350568,26,9,0.7428571428571429,35
290,Oral Roberts,Sum,11-21,-10.54,103.7,189,114.2,336,66.9,219,+.013,145,-1.30,173,105.5,99,106.8,253,+4.08,56,,Sum,66.9,219,103.7,189,52.2,103,20.4,296,29.8,115,26.1,321,114.2,336,54.1,319,14.5,348,27.1,129,32.7,177,66.9,219,68.5,204,17.7,186,17.6,203,103.7,189,103.6,157,114.2,336,114.2,344,77.7,60,+0.7,81,+0.1,142,+1.2,43,+2.3,9,+0.8,82,-0.1,194,0.94,315,40.5,11,26.5,311,2019,0.24802648057098012,11,21,0.34375,32
28,Oregon,P12,25-13,+17.86,109.5,74,91.7,13,64.2,328,-.048,292,+5.47,66,107.7,59,102.3,78,+0.43,145,12,P12,64.2,328,109.5,74,52.0,116,17.7,121,29.6,125,29.4,274,91.7,13,46.4,19,20.9,47,28.8,206,33.9,213,64.2,328,65.3,326,19.0,323,18.1,301,109.5,74,106.6,97,91.7,13,94.4,12,78.5,16,+1.6,18,+1.1,58,+2.2,6,+2.5,8,+1.2,44,+1.7,45,1.54,158,32.4,123,47.8,181,2019,0.8849459910508107,25,13,0.6578947368421053,38
81,Oregon St.,P12,18-13,+8.33,111.7,48,103.4,150,65.7,280,-.040,272,+3.33,87,105.5,101,102.1,74,-3.48,260,,P12,65.7,280,111.7,48,52.2,104,18.3,159,30.8,91,36.8,69,103.4,150,50.2,146,17.6,232,29.0,220,33.5,202,65.7,280,67.2,272,18.0,236,17.9,280,111.7,48,108.3,64,103.4,150,103.3,177,78.6,13,+1.9,12,+2.6,9,+1.3,34,+0.7,86,+1.9,19,+2.4,24,2.04,50,24.6,300,66.4,55,2019,0.7084638568763775,18,13,0.5806451612903226,31
216,Pacific,WCC,14-18,-4.56,100.0,256,104.6,166,65.1,308,+.045,71,+1.38,104,105.9,88,104.5,161,-3.81,269,,WCC,65.1,308,100.0,256,47.7,301,19.6,252,26.8,229,40.5,21,104.6,166,54.2,320,19.2,122,23.1,11,42.2,335,65.1,308,66.2,306,18.8,311,17.9,264,100.0,256,98.2,287,104.6,166,105.5,239,76.3,250,-1.1,310,-1.1,294,-1.1,297,-0.3,210,-0.2,196,+0.1,168,1.37,208,39.4,17,52.5,139,2019,0.3735086731372802,14,18,0.4375,32
130,Penn,Ivy,19-12,+4.21,104.1,181,99.9,94,66.9,217,+.020,128,+0.03,137,103.6,190,103.5,114,+0.37,148,,Ivy,66.9,217,104.1,181,52.6,97,18.3,162,24.8,281,28.1,300,99.9,94,49.1,101,19.0,136,26.2,87,25.5,16,66.9,217,68.6,194,17.9,222,17.1,100,104.1,181,101.8,210,99.9,94,97.9,52,75.9,294,+0.1,147,-0.2,199,+0.5,117,-2.1,344,-2.0,343,-0.5,235,1.99,59,22.5,324,51.6,148,2019,0.6162346065783124,19,12,0.6129032258064516,31
43,Penn St.,B10,14-18,+14.89,109.4,77,94.5,27,67.6,172,-.102,343,+12.43,10,110.2,16,97.7,9,+4.05,57,,B10,67.6,172,109.4,77,47.5,303,18.1,148,31.9,60,32.3,203,94.5,27,49.9,138,19.6,99,26.3,89,34.1,219,67.6,172,68.1,226,17.3,150,18.2,320,109.4,77,101.2,222,94.5,27,99.5,80,77.2,118,+0.4,117,-0.2,189,+1.0,68,-0.0,175,+0.3,139,+0.9,99,1.63,136,25.0,295,49.0,169,2019,0.8433974351057613,14,18,0.4375,32
151,Pepperdine,WCC,16-18,+1.43,107.0,124,105.6,194,70.3,58,-.057,304,-0.19,144,104.1,161,104.3,153,-7.00,333,,WCC,70.3,58,107.0,124,52.0,113,18.0,147,24.9,278,35.7,95,105.6,194,53.9,316,20.9,48,29.5,236,35.7,251,70.3,58,70.5,95,16.2,45,18.2,323,107.0,124,105.6,116,105.6,194,105.1,222,76.1,279,-0.7,271,-0.8,269,-0.6,243,-0.3,220,-0.6,245,-1.3,280,1.32,220,26.5,271,45.9,194,2019,0.5377928611994492,16,18,0.47058823529411764,34
101,Pittsburgh,ACC,14-19,+6.35,104.9,168,98.5,70,67.0,206,-.094,340,+6.77,56,107.7,58,101.0,59,-9.10,344,,ACC,67.0,206,104.9,168,47.9,297,19.6,256,32.1,57,42.3,13,98.5,70,47.7,40,21.2,36,32.8,323,32.9,185,67.0,206,68.6,198,17.0,106,18.0,292,104.9,168,100.9,230,98.5,70,99.8,89,77.2,112,-0.3,214,+0.2,133,-0.8,268,+0.0,169,+0.1,153,+2.5,18,1.05,290,32.5,121,36.9,270,2019,0.6734731886073863,14,19,0.42424242424242425,33
326,Portland,WCC,7-25,-15.64,94.6,329,110.2,283,66.8,222,-.011,214,-0.17,142,103.6,191,103.7,119,-7.78,337,,WCC,66.8,222,94.6,329,47.3,308,19.9,272,20.3,347,39.0,35,110.2,283,51.8,223,16.3,303,30.1,259,34.6,226,66.8,222,67.8,240,18.1,248,17.4,162,94.6,329,92.3,335,110.2,283,108.9,295,77.5,83,+1.4,26,+1.6,28,+1.2,42,-0.1,182,-0.1,190,+0.7,115,1.19,254,30.5,176,67.1,52,2019,0.14737325710441285,7,25,0.21875,32
286,Portland St.,BSky,16-16,-10.21,101.9,224,112.1,314,69.1,104,+.046,69,-7.48,321,101.4,289,108.8,341,-1.55,203,,BSky,69.1,104,101.9,224,46.9,319,19.4,241,38.7,1,37.3,60,112.1,314,53.7,310,18.8,150,28.5,191,43.3,343,69.1,104,70.2,110,17.3,141,17.1,101,101.9,224,104.4,147,112.1,314,108.6,293,75.7,320,-0.3,213,-0.8,259,+0.2,145,-1.0,302,-2.6,352,-1.6,291,0.78,332,39.0,21,42.1,219,2019,0.2502849779497432,16,16,0.5,32
209,Prairie View A&M,SWAC,22-13,-4.13,102.1,219,106.2,210,71.1,38,+.061,39,-7.85,331,98.8,343,106.7,243,+6.15,26,16,SWAC,71.1,38,102.1,219,49.0,254,17.4,101,29.6,121,43.1,5,106.2,210,51.2,194,24.7,1,34.3,341,46.2,349,71.1,38,72.5,43,16.7,76,16.9,64,102.1,219,103.3,164,106.2,210,100.3,106,75.2,346,-1.9,346,-2.0,340,-1.7,337,-2.1,343,-1.6,326,-0.5,235,0.97,306,31.1,159,35.4,279,2019,0.3887021592680498,22,13,0.6285714285714286,35
179,Presbyterian,BSth,20-16,-1.32,109.3,78,110.7,293,67.8,166,-.043,281,-3.96,254,102.8,232,106.8,252,-1.18,194,,BSth,67.8,166,109.3,78,53.4,61,14.7,11,25.3,267,30.5,249,110.7,293,53.4,297,17.9,217,27.4,142,33.1,191,67.8,166,68.6,195,17.7,194,17.5,173,109.3,78,111.0,33,110.7,293,107.9,280,75.3,341,-0.9,292,-0.4,228,-1.4,327,-1.7,336,-1.5,322,-2.4,327,1.51,168,27.8,241,48.0,179,2019,0.463473781803201,20,16,0.5555555555555556,36
175,Princeton,Ivy,16-12,-1.06,98.9,279,100.0,96,67.6,177,+.101,10,+0.16,133,104.3,155,104.2,142,-1.24,195,,Ivy,67.6,177,98.9,279,47.0,317,17.8,131,24.3,296,29.8,266,100.0,96,49.7,131,17.2,256,24.7,28,28.6,69,67.6,177,69.5,140,17.4,153,17.3,142,98.9,279,96.9,308,100.0,96,100.1,100,76.4,226,-0.3,215,-0.3,215,-0.3,215,+0.0,166,-0.6,246,-0.8,259,1.62,139,34.5,73,54.3,122,2019,0.4682425845596967,16,12,0.5714285714285714,28
79,Providence,BE,18-16,+8.65,105.0,164,96.3,41,67.9,158,-.018,231,+6.14,60,108.5,48,102.4,84,-2.58,237,4,BE,67.9,158,105.0,164,48.0,290,18.7,189,31.8,69,39.1,34,96.3,41,49.7,129,20.2,74,28.3,177,32.8,180,67.9,158,68.8,183,17.5,166,17.5,197,105.0,164,102.0,203,96.3,41,99.7,88,78.2,28,+0.5,104,+0.6,107,+0.4,125,+1.3,43,+2.1,15,+2.5,17,1.48,183,34.1,79,53.2,130,2019,0.7300070532483346,18,16,0.5294117647058824,34
9,Purdue,B10,26-10,+26.81,122.5,4,95.6,34,65.9,268,-.015,224,+13.16,4,110.3,13,97.1,3,+4.09,55,3,B10,65.9,268,122.5,4,53.6,54,15.8,24,34.5,20,29.9,265,95.6,34,49.0,95,18.6,158,27.0,116,31.7,146,65.9,268,65.9,313,17.9,214,18.7,343,122.5,4,114.6,8,95.6,34,100.5,109,78.3,24,+1.7,14,+3.4,4,+0.0,177,+1.2,48,+1.9,17,+0.7,111,1.49,176,27.6,246,42.5,216,2019,0.9453852959822671,26,10,0.7222222222222222,36
192,Purdue Fort Wayne,Sum,18-15,-2.17,106.8,130,109.0,260,71.6,26,-.002,186,-3.69,245,104.1,162,107.8,304,+0.03,161,,Sum,71.6,26,106.8,130,55.8,13,16.8,61,23.1,323,26.9,314,109.0,260,54.0,317,17.1,263,28.6,193,25.0,12,71.6,26,73.0,28,15.4,13,17.6,207,106.8,130,108.8,58,109.0,260,108.6,294,77.0,142,+0.1,157,+0.8,81,-0.7,252,+0.2,125,+0.2,142,+0.2,160,2.23,22,30.5,174,50.4,162,2019,0.44164600568197515,18,15,0.5454545454545454,33
234,Quinnipiac,MAAC,16-15,-6.21,105.5,154,111.7,310,66.9,218,-.026,248,-9.26,344,99.0,342,108.2,320,-7.91,340,,MAAC,66.9,218,105.5,154,52.8,87,19.4,242,29.8,116,37.3,58,111.7,310,50.7,169,15.7,322,29.3,228,27.0,32,66.9,218,67.4,256,18.7,307,17.4,168,105.5,154,107.2,84,111.7,310,105.4,234,76.9,157,-1.3,326,-1.8,335,-0.8,268,+1.1,62,+0.8,90,+1.1,90,1.36,213,30.2,181,60.1,82,2019,0.34147766568318433,16,15,0.5161290322580645,31
122,Radford,BSth,22-11,+4.88,109.3,79,104.4,164,64.4,326,-.007,202,-0.84,163,104.5,148,105.3,191,+6.99,18,,BSth,64.4,326,109.3,79,52.7,89,16.4,46,29.7,118,27.0,311,104.4,164,51.9,225,18.0,204,24.9,39,30.7,122,64.4,326,65.8,320,19.1,327,17.7,239,109.3,79,108.9,55,104.4,164,104.1,190,75.1,348,-1.6,336,-1.5,324,-1.6,332,-1.7,334,-1.9,338,-1.8,301,2.15,36,26.5,267,71.0,31,2019,0.6288922010536702,22,11,0.6666666666666666,33
142,Rhode Island,A10,18-15,+2.44,103.8,185,101.4,112,67.5,180,+.018,136,+0.51,124,103.1,216,102.6,89,-2.15,225,,A10,67.5,180,103.8,185,47.4,306,17.8,129,31.5,79,36.8,70,101.4,112,48.7,78,20.2,73,28.0,166,35.7,249,67.5,180,68.1,227,17.9,223,17.5,179,103.8,185,100.6,239,101.4,112,99.0,67,76.4,229,-0.4,229,-1.0,277,+0.2,144,+0.1,158,+0.3,131,-1.6,294,1.26,234,22.7,321,35.2,280,2019,0.566851837794691,18,15,0.5454545454545454,33
248,Rice,CUSA,13-19,-7.45,103.2,198,110.7,294,70.1,63,+.000,178,-2.19,205,101.3,290,103.5,111,+0.38,147,,CUSA,70.1,63,103.2,198,50.0,207,18.9,206,26.7,230,38.4,39,110.7,294,51.6,214,14.9,342,24.5,24,30.6,119,70.1,63,71.5,62,16.8,87,16.9,50,103.2,198,101.1,224,110.7,294,107.3,274,77.8,52,+0.3,135,-0.4,230,+0.9,69,+1.4,40,+1.0,69,+1.8,41,1.12,267,33.9,84,24.2,318,2019,0.30857658162458906,13,19,0.40625,32
203,Richmond,A10,13-20,-3.31,107.0,125,110.3,287,65.9,266,-.088,338,-2.99,220,101.3,292,104.3,148,-7.82,338,,A10,65.9,266,107.0,125,54.1,42,15.3,18,19.1,350,30.7,243,110.3,287,53.1,288,18.5,165,29.9,250,28.7,71,65.9,266,66.5,294,18.1,251,18.3,326,107.0,125,105.4,121,110.3,287,106.4,257,76.5,219,+0.5,105,+0.8,85,+0.2,159,-0.5,239,+0.8,84,-2.8,341,1.24,242,25.1,292,49.9,164,2019,0.4135488919355901,13,20,0.3939393939393939,33
212,Rider,MAAC,16-15,-4.44,101.5,236,105.9,203,73.9,8,-.032,259,-7.09,309,100.6,312,107.7,300,-0.18,169,,MAAC,73.9,8,101.5,236,50.6,175,18.0,146,30.7,95,39.9,26,105.9,203,53.7,307,22.8,13,27.4,145,36.0,257,73.9,8,74.0,17,15.6,21,16.9,55,101.5,236,103.4,161,105.9,203,101.5,131,76.5,213,-0.0,177,-0.4,232,+0.4,127,-0.5,234,-0.5,235,-0.3,219,1.94,75,33.5,88,80.6,6,2019,0.3803602991150186,16,15,0.5161290322580645,31
269,Robert Morris,NEC,18-17,-8.72,96.1,314,104.9,176,66.3,250,+.034,95,-8.21,339,101.2,296,109.4,350,-1.33,197,,NEC,66.3,250,96.1,314,48.8,264,20.9,314,30.1,108,32.2,205,104.9,176,52.2,246,22.2,18,27.8,161,38.5,303,66.3,250,67.7,244,17.9,216,17.9,269,96.1,314,98.8,276,104.9,176,101.1,120,76.0,282,-0.4,231,-1.0,277,+0.2,157,-2.0,341,-1.1,300,+0.0,170,1.65,131,32.2,126,51.9,142,2019,0.2674479764539137,18,17,0.5142857142857142,35
78,Rutgers,B10,14-17,+8.76,105.6,152,96.8,46,67.7,170,-.020,234,+10.22,31,109.2,33,99.0,26,-5.10,303,,B10,67.7,170,105.6,152,47.0,315,19.1,224,33.4,34,31.7,221,96.8,46,49.2,109,17.4,245,27.0,118,32.4,166,67.7,170,68.0,230,17.5,169,17.9,268,105.6,152,98.9,272,96.8,46,100.5,108,78.8,6,+1.7,16,+1.9,18,+1.5,24,+1.4,38,+1.8,22,+3.5,3,1.12,266,38.4,24,38.1,263,2019,0.7311825903137232,14,17,0.45161290322580644,31
330,SIU Edwardsville,OVC,10-21,-16.21,96.9,304,113.1,326,69.7,80,+.033,97,-5.03,274,102.6,241,107.7,297,-5.41,308,,OVC,69.7,80,96.9,304,46.8,321,18.7,192,28.5,171,34.6,132,113.1,326,56.6,347,18.9,147,28.5,187,39.3,316,69.7,80,71.4,65,16.9,93,16.9,49,96.9,304,98.0,292,113.1,326,111.3,329,75.5,331,-1.0,298,-1.3,306,-0.6,250,-1.5,322,-1.0,290,-2.2,323,0.98,305,32.6,117,44.3,206,2019,0.1445727836471431,10,21,0.3225806451612903,31
107,SMU,Amer,15-17,+5.98,112.7,38,106.7,221,65.0,310,-.070,322,+3.48,83,105.3,116,101.8,69,-5.79,319,,Amer,65.0,310,112.7,38,51.2,145,16.6,54,33.4,35,27.8,301,106.7,221,50.0,140,17.5,240,31.6,295,29.5,86,65.0,310,66.2,305,18.4,283,18.0,285,112.7,38,108.9,56,106.7,221,106.5,259,77.2,123,+0.5,106,-0.3,207,+1.2,43,+0.6,94,+0.4,125,-0.0,176,1.95,69,24.4,303,45.5,199,2019,0.6522955731442494,15,17,0.46875,32
274,Sacramento St.,BSky,15-16,-9.44,96.6,309,106.0,205,68.1,146,-.011,212,-7.71,325,101.7,281,109.4,349,-2.45,232,,BSky,68.1,146,96.6,309,48.7,267,19.1,223,28.2,184,33.5,174,106.0,205,52.6,264,21.4,32,27.1,123,36.8,276,68.1,146,69.2,163,17.5,163,17.6,206,96.6,309,99.8,255,106.0,205,102.5,161,76.4,236,-1.0,300,-1.3,304,-0.7,253,+0.3,114,-0.3,213,-0.3,216,1.77,102,25.8,285,50.4,158,2019,0.2558037823107451,15,16,0.4838709677419355,31
240,Sacred Heart,NEC,15-17,-6.81,104.2,179,111.0,301,72.0,23,-.062,313,-8.08,337,100.4,318,108.5,329,-1.76,211,,NEC,72.0,23,104.2,179,51.7,125,19.9,270,31.8,68,38.1,46,111.0,301,51.8,224,16.5,299,27.0,120,31.3,135,72.0,23,73.5,21,16.4,62,16.4,11,104.2,179,106.9,90,111.0,301,106.3,254,76.0,284,-0.4,228,+0.3,127,-1.1,298,-2.7,350,-1.0,289,+0.5,137,1.24,239,31.5,149,40.8,237,2019,0.3258516821128301,15,17,0.46875,32
189,Saint Joseph's,A10,14-19,-1.89,105.4,159,107.2,231,68.5,127,-.012,219,+0.48,127,103.2,212,102.7,92,+0.44,143,,A10,68.5,127,105.4,159,48.0,294,13.4,1,22.0,336,31.7,223,107.2,231,51.7,217,15.7,321,24.4,21,27.1,34,68.5,127,68.6,193,16.9,99,18.0,298,105.4,159,102.1,198,107.2,231,105.4,236,76.4,230,+0.4,119,+0.3,120,+0.4,122,+1.1,64,-1.5,325,-2.4,328,1.60,143,26.2,277,40.6,239,2019,0.4514691340569689,14,19,0.42424242424242425,33
106,Saint Louis,A10,23-13,+6.02,102.2,214,96.2,40,66.4,239,+.044,74,+0.49,126,104.4,150,103.9,129,-1.44,200,13,A10,66.4,239,102.2,214,46.7,324,19.2,230,36.0,12,39.4,29,96.2,40,46.9,27,19.3,117,25.1,44,33.5,200,66.4,239,66.9,282,18.3,267,17.7,230,102.2,214,99.8,257,96.2,40,95.5,25,76.8,178,-0.6,255,-1.0,276,-0.2,212,+0.0,167,+0.1,157,+0.8,101,1.97,67,20.2,344,55.0,112,2019,0.6672507438174615,23,13,0.6388888888888888,36
31,Saint Mary's,WCC,22-12,+17.31,114.7,23,97.4,55,62.7,348,-.045,285,+3.66,82,106.6,76,103.0,100,-0.90,183,11,WCC,62.7,348,114.7,23,53.8,48,16.3,41,31.1,85,29.1,278,97.4,55,48.9,86,16.3,304,23.0,10,29.1,76,62.7,348,64.2,345,20.3,350,17.3,125,114.7,23,112.4,18,97.4,55,99.5,78,77.8,54,+1.3,41,+1.3,42,+1.2,40,+1.4,34,+0.2,149,+0.5,131,1.11,270,24.0,308,35.6,278,2019,0.8676316687722555,22,12,0.6470588235294118,34
316,Saint Peter's,MAAC,10-22,-13.63,94.7,327,108.3,252,63.2,342,-.013,223,-7.49,322,100.8,308,108.3,323,-2.54,234,,MAAC,63.2,342,94.7,327,48.7,266,23.3,346,29.9,113,34.8,124,108.3,252,51.2,195,18.7,153,27.8,162,38.5,301,63.2,342,64.2,344,19.8,343,17.8,247,94.7,327,96.2,314,108.3,252,104.6,206,76.3,242,-1.2,317,-1.2,298,-1.2,313,-0.7,261,+1.0,71,-0.2,204,1.10,272,26.2,280,42.0,221,2019,0.17607082149078332,10,22,0.3125,32
176,Sam Houston St.,Slnd,21-12,-1.09,106.1,145,107.2,229,66.3,249,+.022,124,-5.57,284,101.0,302,106.6,238,+3.15,86,8,Slnd,66.3,249,106.1,145,51.8,123,18.3,156,29.7,117,26.0,323,107.2,229,51.2,197,21.2,38,28.6,195,43.3,342,66.3,249,67.9,239,17.8,202,17.7,246,106.1,145,106.3,103,107.2,229,102.7,163,75.3,342,-1.8,344,-1.8,336,-1.7,338,-1.3,313,-2.1,345,-0.5,235,1.43,195,31.6,142,38.1,260,2019,0.47038138385008954,21,12,0.6363636363636364,33
144,Samford,SC,17-16,+1.88,106.6,136,104.7,170,69.2,99,-.076,330,-2.24,208,104.6,144,106.8,250,-6.13,324,,SC,69.2,99,106.6,136,54.1,44,19.3,232,28.1,188,33.9,158,104.7,170,49.6,127,18.1,197,31.2,285,28.3,59,69.2,99,71.3,70,16.4,57,17.2,120,106.6,136,107.3,81,104.7,170,103.8,186,76.9,156,+1.3,34,+1.9,17,+0.7,89,-0.1,184,-0.2,200,-2.0,315,1.27,233,22.1,329,22.0,324,2019,0.5515216112051584,17,16,0.5151515151515151,33
90,San Diego,WCC,21-15,+7.58,105.9,147,98.3,67,66.9,213,-.006,199,+3.27,88,106.1,82,102.8,96,-0.09,165,6,WCC,66.9,213,105.9,147,52.4,100,18.8,201,24.1,303,32.4,199,98.3,67,49.6,122,17.5,237,22.0,3,37.3,284,66.9,213,67.9,236,18.0,239,17.4,157,105.9,147,103.2,168,98.3,67,99.5,79,77.1,132,-0.2,197,-0.2,197,-0.2,204,-0.1,178,+0.2,147,+1.6,48,2.53,6,21.9,331,70.9,33,2019,0.7019119576529587,21,15,0.5833333333333334,36
125,San Diego St.,MWC,21-13,+4.83,103.9,184,99.0,78,66.7,229,+.056,52,+1.20,109,105.3,113,104.1,139,-0.94,185,,MWC,66.7,229,103.9,184,49.9,208,18.3,157,28.9,158,35.2,105,99.0,78,48.2,54,18.8,149,28.4,182,33.3,196,66.7,229,68.7,191,17.2,128,18.0,291,103.9,184,102.9,174,99.0,78,99.6,82,77.8,53,+1.2,43,+1.0,66,+1.5,25,+1.2,48,+0.3,135,+0.7,109,1.97,64,27.9,236,62.8,66,2019,0.6354232108655725,21,13,0.6176470588235294,34
67,San Francisco,WCC,21-10,+9.93,112.0,45,102.1,125,66.6,232,-.022,240,-0.52,152,104.1,163,104.6,163,-6.75,331,,WCC,66.6,232,112.0,45,53.5,56,15.1,15,28.9,156,30.9,238,102.1,125,48.9,87,17.2,257,25.0,40,30.5,116,66.6,232,67.8,241,17.5,165,18.1,307,112.0,45,111.0,32,102.1,125,99.9,93,77.5,87,+1.5,22,+1.5,38,+1.6,18,+0.1,154,+0.2,145,-0.3,208,2.02,54,28.4,224,67.2,51,2019,0.7435077386804146,21,10,0.6774193548387096,31
343,San Jose St.,MWC,4-27,-21.99,92.0,339,114.0,335,69.3,92,-.021,235,-1.41,176,103.6,184,105.0,185,-4.97,302,,MWC,69.3,92,92.0,339,46.0,334,21.9,326,27.4,206,34.8,120,114.0,335,56.1,342,15.4,328,28.7,199,26.9,30,69.3,92,71.2,73,17.3,148,16.5,22,92.0,339,90.6,341,114.0,335,114.4,345,78.9,5,+2.2,4,+1.8,25,+2.7,1,+2.2,11,+1.7,25,+1.8,39,0.55,344,37.3,39,26.6,310,2019,0.0782970171244268,4,27,0.12903225806451613,31
186,Santa Clara,WCC,16-15,-1.77,102.1,217,103.9,154,66.3,242,+.059,47,-0.65,158,104.4,152,105.0,178,-9.38,345,,WCC,66.3,242,102.1,217,51.6,126,20.5,299,24.2,300,33.9,152,103.9,154,49.1,104,16.3,306,28.3,179,35.2,237,66.3,242,67.1,275,18.5,292,17.0,76,102.1,217,99.9,252,103.9,154,103.8,185,78.0,35,+1.2,46,+1.2,50,+1.2,38,+1.4,35,+1.5,35,+0.8,106,1.01,300,22.4,326,18.8,335,2019,0.4499244410658541,16,15,0.5161290322580645,31
340,Savannah St.,MEAC,11-20,-19.45,96.6,307,116.1,347,74.9,3,+.061,41,-10.05,349,97.7,351,107.7,302,+4.58,50,,MEAC,74.9,3,96.6,307,48.0,291,19.9,271,28.0,190,25.2,331,116.1,347,53.8,312,19.3,116,34.6,344,33.3,198,74.9,3,77.6,3,14.1,2,17.1,99,96.6,307,96.9,309,116.1,347,110.9,325,76.0,285,-0.8,283,-1.4,316,-0.2,211,-0.4,223,-1.9,336,-0.1,181,0.66,340,29.3,203,18.4,337,2019,0.10769150678514659,11,20,0.3548387096774194,31
190,Seattle,WAC,18-15,-1.99,100.8,248,102.8,142,67.2,198,-.040,273,-5.06,276,102.3,260,107.4,279,-8.81,343,,WAC,67.2,198,100.8,248,49.1,248,17.5,113,29.3,134,34.3,144,102.8,142,46.7,24,15.8,318,26.5,97,38.5,300,67.2,198,68.9,180,18.3,273,17.2,111,100.8,248,102.9,176,102.8,142,99.7,87,76.7,189,-0.2,194,+0.1,150,-0.4,221,+0.1,161,-0.2,201,-0.1,183,1.31,224,27.9,239,26.8,309,2019,0.4437539550007873,18,15,0.5454545454545454,33
60,Seton Hall,BE,20-14,+11.50,109.0,87,97.5,60,69.1,100,+.023,120,+8.54,44,109.2,36,100.7,52,+3.58,68,10,BE,69.1,100,109.0,87,49.9,211,17.5,108,29.5,128,34.5,135,97.5,60,49.6,128,19.8,93,29.2,221,32.8,181,69.1,100,70.1,116,16.5,65,17.9,267,109.0,87,104.4,146,97.5,60,101.5,130,78.2,30,+1.6,17,+2.0,14,+1.2,39,+1.1,63,+0.9,77,+1.5,56,1.71,116,23.9,309,37.6,266,2019,0.7828237431282175,20,14,0.5882352941176471,34
267,Siena,MAAC,17-16,-8.38,100.7,251,109.1,263,60.6,352,+.060,43,-7.41,318,100.5,316,107.9,310,-1.93,218,,MAAC,60.6,352,100.7,251,51.5,133,15.6,20,23.6,310,24.7,337,109.1,263,52.6,261,18.0,205,28.6,192,27.3,36,60.6,352,61.3,352,21.5,353,17.9,279,100.7,251,103.1,169,109.1,263,105.3,231,78.7,12,+1.1,53,-0.0,161,+2.2,6,+2.9,3,+1.7,26,+2.3,25,0.88,319,22.1,330,29.5,302,2019,0.2846789170116455,17,16,0.5151515151515151,33
214,South Alabama,SB,17-17,-4.52,103.1,200,107.7,241,66.3,241,+.012,150,-3.70,246,102.9,231,106.6,237,-8.18,341,,SB,66.3,241,103.1,200,52.9,79,19.5,245,25.5,264,35.1,107,107.7,241,52.1,234,19.6,101,31.9,306,36.6,269,66.3,241,68.4,208,18.0,231,17.3,141,103.1,200,103.4,162,107.7,241,105.8,245,76.4,228,-1.1,309,-1.9,338,-0.2,210,-0.4,228,-0.9,272,+1.5,56,2.08,47,24.2,307,68.1,45,2019,0.3770761271294265,17,17,0.5,34
70,South Carolina,SEC,16-16,+9.55,108.1,104,98.6,71,70.2,61,+.022,125,+10.48,29,109.5,26,99.0,27,+2.26,99,,SEC,70.2,61,108.1,104,48.3,282,19.2,227,31.8,67,36.2,83,98.6,71,49.5,117,20.3,68,31.1,281,39.6,318,70.2,61,71.1,79,15.8,25,18.2,317,108.1,104,100.8,232,98.6,71,102.8,165,77.8,49,+1.4,27,+1.1,55,+1.7,14,+1.2,48,+0.7,95,+0.1,166,1.61,141,31.2,158,49.5,166,2019,0.7422761775536296,16,16,0.5,32
337,South Carolina St.,MEAC,8-26,-18.50,98.3,287,116.8,348,67.0,209,-.037,267,-7.77,328,99.2,338,106.9,257,+6.50,20,,MEAC,67.0,209,98.3,287,47.2,312,20.8,311,31.5,78,39.7,27,116.8,348,56.4,344,20.4,64,30.2,263,40.0,324,67.0,209,68.9,178,18.0,230,17.4,159,98.3,287,98.3,286,116.8,348,110.8,324,75.9,297,-0.1,184,-1.0,277,+0.8,78,-0.4,229,-1.4,319,-2.5,334,1.37,205,36.4,49,54.9,115,2019,0.12099418811333602,8,26,0.23529411764705882,34
229,South Dakota,Sum,13-17,-5.61,100.6,253,106.2,209,67.0,210,-.048,293,-3.89,253,104.1,165,108.0,312,-0.58,178,,Sum,67.0,210,100.6,253,50.1,202,16.1,32,21.5,342,35.8,90,106.2,209,51.8,220,17.4,242,25.5,57,35.2,239,67.0,210,68.2,220,18.0,238,17.3,127,100.6,253,101.8,209,106.2,209,105.0,218,76.0,292,-1.6,335,-2.2,349,-1.0,286,-0.4,226,-0.2,192,-0.6,249,1.82,93,23.8,312,51.9,141,2019,0.34910484416290805,13,17,0.43333333333333335,30
92,South Dakota St.,Sum,24-9,+7.46,112.7,37,105.3,183,71.0,40,-.034,263,-5.84,287,102.5,252,108.3,324,-4.58,294,7,Sum,71.0,40,112.7,37,58.5,2,16.3,40,23.9,306,31.9,214,105.3,183,50.2,151,15.6,323,22.7,6,23.8,6,71.0,40,72.8,31,16.1,41,16.9,59,112.7,37,115.9,7,105.3,183,101.4,127,76.8,177,-0.3,221,-0.1,187,-0.5,238,-0.4,231,-0.6,242,+1.5,56,2.06,49,16.8,352,57.7,97,2019,0.6859029265362627,24,9,0.7272727272727273,33
99,South Florida,Amer,24-14,+6.63,102.6,208,95.9,37,67.5,184,-.024,244,+0.44,128,104.9,133,104.4,155,-7.43,335,,Amer,67.5,184,102.6,208,49.1,251,22.6,336,36.3,10,48.1,1,95.9,37,48.4,68,21.9,22,26.8,108,43.1,340,67.5,184,69.1,167,17.9,215,17.1,102,102.6,208,101.5,217,95.9,37,95.5,24,77.8,51,+1.6,19,+1.9,15,+1.3,37,+1.4,37,-0.4,219,+0.5,137,1.09,276,31.3,153,21.3,328,2019,0.6849506362094541,24,14,0.631578947368421,38
308,Southeast Missouri St.,OVC,10-21,-12.22,97.8,294,110.0,281,67.6,174,-.033,260,-3.66,244,103.2,213,106.8,254,-3.01,249,,OVC,67.6,174,97.8,294,50.4,187,20.1,285,25.5,263,29.2,276,110.0,281,52.7,271,17.4,243,28.3,180,33.5,201,67.6,174,70.1,115,16.3,48,18.1,306,97.8,294,98.6,279,110.0,281,108.5,292,76.4,232,-0.2,193,-0.4,231,+0.1,166,+0.2,125,+0.0,177,-1.9,311,0.81,327,38.2,28,38.5,257,2019,0.20556129520222627,10,21,0.3225806451612903,31
232,Southeastern Louisiana,Slnd,17-16,-6.07,99.5,272,105.5,192,65.3,295,+.009,156,-7.22,314,100.5,315,107.8,303,+1.97,103,,Slnd,65.3,295,99.5,272,50.4,184,24.1,351,32.5,51,37.2,61,105.5,192,50.2,145,20.9,46,28.2,173,39.3,315,65.3,295,67.1,278,18.7,303,17.2,114,99.5,272,99.5,263,105.5,192,101.1,119,76.0,286,-0.2,204,-0.7,246,+0.2,145,+0.7,90,-1.4,318,-2.8,339,1.82,92,29.5,198,42.7,213,2019,0.3377442069930491,17,16,0.5151515151515151,33
335,Southern,SWAC,7-25,-17.91,94.2,330,112.1,315,65.7,277,-.082,333,-6.92,305,99.8,330,106.7,246,+7.11,16,,SWAC,65.7,277,94.2,330,48.9,263,23.2,345,30.1,106,34.6,133,112.1,315,54.9,332,22.2,20,32.9,328,50.5,351,65.7,277,68.1,228,18.3,271,17.2,116,94.2,330,94.6,326,112.1,315,108.0,282,76.0,288,-0.7,264,-0.8,262,-0.6,245,-1.3,316,-0.6,241,-0.8,258,0.96,309,40.5,12,25.2,314,2019,0.11913278234948325,7,25,0.21875,32
146,Southern Illinois,MVC,17-15,+1.79,104.6,172,102.8,140,65.8,275,-.010,210,-1.12,168,103.0,226,104.1,138,+0.46,142,,MVC,65.8,275,104.6,172,52.8,85,20.9,313,28.9,160,32.0,210,102.8,140,49.6,126,19.1,131,29.2,223,25.6,18,65.8,275,66.7,287,18.4,281,17.7,236,104.6,172,102.6,181,102.8,140,100.5,111,76.8,175,-0.7,270,+0.3,121,-1.7,340,+0.2,125,-0.4,225,+1.5,56,2.21,25,28.1,235,71.8,25,2019,0.5497397620092541,17,15,0.53125,32
120,Southern Miss,CUSA,20-13,+4.93,107.1,121,102.2,127,64.8,316,-.005,197,+0.02,138,103.4,202,103.4,107,+2.48,98,,CUSA,64.8,316,107.1,121,53.1,70,15.7,22,22.9,326,24.0,345,102.2,127,49.0,99,19.4,109,28.1,172,29.9,93,64.8,316,66.2,307,18.5,295,18.0,293,107.1,121,104.8,138,102.2,127,99.7,86,74.7,351,-2.0,351,-1.5,325,-2.6,352,-2.5,347,-1.5,324,-2.3,326,2.28,14,23.8,311,67.4,50,2019,0.6314773610175843,20,13,0.6060606060606061,33
273,Southern Utah,BSky,17-17,-9.40,96.4,311,105.8,199,71.2,35,+.044,75,-7.01,308,102.4,258,109.4,351,+0.95,127,,BSky,71.2,35,96.4,311,50.2,195,19.0,214,23.2,318,39.4,31,105.8,199,50.4,157,16.9,273,24.7,30,38.0,291,71.2,35,72.5,42,17.1,113,16.2,7,96.4,311,99.9,250,105.8,199,103.6,183,77.4,90,+0.6,92,+0.4,115,+0.7,91,+1.3,47,+0.7,94,-0.1,187,0.96,307,28.7,214,39.9,245,2019,0.2554012481030468,17,17,0.5,34
121,St. Bonaventure,A10,18-16,+4.92,102.1,218,97.2,50,64.0,330,-.044,284,-0.36,148,103.4,200,103.8,121,-1.25,196,,A10,64.0,330,102.1,218,48.3,284,18.6,185,29.2,138,28.2,298,97.2,50,47.2,28,19.8,87,28.7,200,31.5,139,64.0,330,65.0,334,19.3,337,17.9,263,102.1,218,100.2,245,97.2,50,95.1,18,77.2,114,-0.1,181,+0.8,82,-0.9,283,+0.2,125,+0.8,83,+1.1,88,1.07,280,31.6,144,36.5,274,2019,0.6377456987152735,18,16,0.5294117647058824,34
275,St. Francis NY,NEC,17-16,-9.50,96.1,315,105.6,195,68.3,138,+.045,72,-8.05,334,101.0,304,109.0,344,-3.82,270,,NEC,68.3,138,96.1,315,48.5,276,17.6,117,26.9,223,28.6,288,105.6,195,48.9,88,19.2,123,28.5,190,39.3,314,68.3,138,69.5,139,18.1,243,16.6,25,96.1,315,99.1,270,105.6,195,101.6,135,75.3,340,-1.0,303,-0.7,248,-1.4,322,-0.7,258,-1.4,317,-3.3,346,1.45,189,34.5,72,41.5,228,2019,0.252732021633259,17,16,0.5151515151515151,33
261,St. Francis PA,NEC,18-15,-8.04,105.5,155,113.5,332,68.4,137,+.083,20,-7.34,317,101.1,301,108.4,326,+6.49,21,8,NEC,68.4,137,105.5,155,48.8,265,17.5,110,33.6,31,34.9,112,113.5,332,53.8,315,17.0,269,28.6,194,31.8,148,68.4,137,70.3,102,16.7,80,17.6,201,105.5,155,106.2,106,113.5,332,109.7,310,75.5,329,-0.7,273,+0.0,157,-1.5,328,-1.5,326,-1.5,321,-2.0,317,2.19,28,29.4,202,68.3,44,2019,0.30141755664514086,18,15,0.5454545454545454,33
88,St. John's,BE,21-13,+7.61,108.6,92,101.0,106,70.8,46,+.060,44,+5.00,68,106.9,70,101.9,71,-6.49,330,11,BE,70.8,46,108.6,92,51.8,120,14.3,7,21.8,338,29.5,273,101.0,106,50.7,168,21.2,37,29.4,234,39.7,322,70.8,46,72.6,37,15.4,12,17.9,274,108.6,92,105.3,125,101.0,106,102.2,153,76.6,200,-1.3,325,-1.6,327,-1.0,292,+0.2,125,+0.8,86,+0.6,123,1.98,61,19.7,347,55.6,109,2019,0.6972708129927352,21,13,0.6176470588235294,34
112,Stanford,P12,15-16,+5.47,103.7,187,98.2,66,69.9,71,-.027,250,+4.39,78,106.8,71,102.4,86,+0.83,132,,P12,69.9,71,103.7,187,51.1,152,20.8,310,30.0,112,36.1,85,98.2,66,47.9,44,17.2,260,28.3,181,32.9,182,69.9,71,71.8,53,17.1,121,16.5,17,103.7,187,100.5,240,98.2,66,99.8,92,79.2,3,+2.0,9,+1.8,20,+2.2,6,+3.0,2,+2.3,7,+2.5,14,1.05,291,33.8,86,45.0,201,2019,0.6517414677152014,15,16,0.4838709677419355,31
311,Stephen F. Austin,Slnd,14-16,-12.94,95.5,320,108.4,254,68.8,112,+.036,91,-6.71,301,101.6,283,108.3,325,+3.55,69,,Slnd,68.8,112,95.5,320,48.4,279,20.5,300,29.3,135,36.2,82,108.4,254,52.6,267,21.6,29,32.9,329,36.1,259,68.8,112,69.2,159,17.3,147,17.5,182,95.5,320,97.9,295,108.4,254,105.3,230,77.3,97,+0.1,159,-0.4,227,+0.5,111,+1.2,48,+0.8,81,+0.3,154,1.31,226,28.8,213,42.5,215,2019,0.18891568976150158,14,16,0.4666666666666667,30
325,Stetson,ASun,7-24,-15.46,97.9,293,113.3,329,68.8,113,-.054,300,-2.89,218,101.8,277,104.7,169,-2.74,241,,ASun,68.8,113,97.9,293,45.5,340,17.6,116,27.9,192,25.0,333,113.3,329,54.5,325,18.0,207,32.0,311,33.0,189,68.8,113,71.0,82,16.9,98,17.0,77,97.9,293,95.4,321,113.3,329,110.8,323,76.7,184,+0.0,160,+0.5,112,-0.4,220,-0.5,243,-0.4,223,+0.5,137,0.77,333,41.2,8,33.2,288,2019,0.1570868470804484,7,24,0.22580645161290322,31
166,Stony Brook,AE,24-9,-0.42,99.5,271,99.9,95,69.3,90,+.058,48,-6.81,303,100.2,321,107.0,265,-3.31,257,,AE,69.3,90,99.5,271,48.1,287,20.7,305,33.2,38,35.4,101,99.9,95,46.0,17,18.6,160,26.1,79,36.2,261,69.3,90,69.4,149,16.8,85,17.8,255,99.5,271,101.0,228,99.9,95,94.8,14,76.3,258,-0.9,288,-0.3,221,-1.4,324,+0.2,125,-0.2,193,-1.0,269,0.98,304,28.5,221,45.7,196,2019,0.48846742648298985,24,9,0.7272727272727273,33
39,Syracuse,ACC,20-14,+15.13,110.5,59,95.3,30,66.1,257,-.004,188,+9.40,38,108.6,46,99.2,31,+0.17,156,8,ACC,66.1,257,110.5,59,49.6,229,18.5,177,30.2,105,36.8,72,95.3,30,48.0,48,23.1,10,33.4,335,34.3,222,66.1,257,67.1,277,17.8,206,17.9,281,110.5,59,103.8,152,95.3,30,98.0,53,79.4,1,+2.3,3,+3.0,7,+1.7,15,+1.4,39,+2.9,4,+4.0,1,1.94,73,26.9,256,69.9,34,2019,0.8457743317215644,20,14,0.5882352941176471,34
40,TCU,B12,23-14,+15.04,110.3,64,95.2,29,68.9,107,+.020,129,+9.66,36,109.1,37,99.5,36,-0.99,187,1,B12,68.9,107,110.3,64,52.1,105,19.2,226,31.1,84,31.7,219,95.2,29,48.4,66,18.6,159,28.7,203,27.7,44,68.9,107,69.2,160,17.7,185,17.2,118,110.3,64,104.8,139,95.2,29,99.4,77,77.1,133,+0.8,75,+0.9,74,+0.6,103,+0.4,107,-0.3,215,-0.4,228,1.96,68,20.8,339,53.6,126,2019,0.8446282321609726,23,14,0.6216216216216216,37
69,Temple,Amer,23-10,+9.72,109.2,80,99.5,85,68.9,110,+.064,35,+4.55,74,106.3,77,101.8,68,-1.07,188,11,Amer,68.9,110,109.2,80,49.9,212,15.6,21,26.9,227,32.5,197,99.5,85,50.6,164,20.6,56,29.2,222,33.9,211,68.9,110,70.2,112,17.0,104,17.5,192,109.2,80,105.1,131,99.5,85,100.6,112,78.1,33,+1.0,56,+1.1,56,+1.0,65,+1.8,24,+1.1,56,+1.3,79,1.97,66,26.2,276,68.9,40,2019,0.74455304442948,23,10,0.696969696969697,33
10,Tennessee,SEC,31-6,+26.24,122.7,3,96.5,42,67.8,164,+.034,96,+10.69,25,109.7,23,99.0,28,+0.92,129,2,SEC,67.8,164,122.7,3,55.3,18,15.8,25,31.6,72,33.3,178,96.5,42,48.1,51,18.0,208,30.2,260,34.9,232,67.8,164,69.1,168,17.1,123,17.7,240,122.7,3,116.5,5,96.5,42,100.2,104,77.8,46,+0.4,109,+1.0,72,-0.1,199,+1.1,66,+1.2,51,+1.9,36,2.28,15,25.4,288,83.5,2,2019,0.9406038385802914,31,6,0.8378378378378378,37
289,Tennessee Martin,OVC,12-19,-10.35,104.9,167,115.3,344,68.5,132,+.009,159,-3.28,232,103.2,208,106.5,235,-0.94,184,,OVC,68.5,132,104.9,167,50.4,186,18.9,205,31.6,74,26.4,317,115.3,344,57.1,351,19.3,120,34.6,343,27.2,35,68.5,132,70.3,104,17.1,112,17.1,86,104.9,167,105.2,126,115.3,344,114.2,343,75.4,333,-0.7,265,-0.8,265,-0.6,246,-1.9,340,-1.6,327,-2.1,320,1.35,216,32.7,113,33.9,285,2019,0.2521658945606635,12,19,0.3870967741935484,31
292,Tennessee St.,OVC,9-21,-10.73,98.9,280,109.6,270,69.4,88,-.062,312,-2.00,195,103.1,218,105.1,187,+4.44,51,,OVC,69.4,88,98.9,280,49.1,247,22.7,339,28.7,166,36.2,81,109.6,270,54.3,322,20.3,70,28.4,184,54.0,353,69.4,88,72.6,39,17.0,102,16.2,8,98.9,280,97.1,306,109.6,270,108.1,284,75.4,334,-1.3,320,-1.3,303,-1.3,317,-0.8,286,-1.1,297,-2.5,334,0.88,320,37.7,34,34.8,281,2019,0.2348053158949762,9,21,0.3,30
320,Tennessee Tech,OVC,8-23,-14.87,89.9,345,104.7,171,68.3,139,-.042,278,-3.15,227,104.4,151,107.5,285,+1.15,122,,OVC,68.3,139,89.9,345,46.1,332,22.8,342,27.9,191,36.3,78,104.7,171,51.1,187,19.2,125,32.9,327,33.2,194,68.3,139,71.9,50,17.9,224,15.4,1,89.9,345,89.9,343,104.7,171,106.3,255,76.9,147,+0.9,63,+0.9,73,+0.9,72,-0.1,183,-0.8,260,-0.3,215,0.94,314,26.3,275,25.0,315,2019,0.14771785882235658,8,23,0.25806451612903225,31
25,Texas,B12,21-16,+19.11,113.5,29,94.4,26,64.7,320,-.080,332,+11.96,15,110.3,12,98.3,17,+4.98,41,2,B12,64.7,320,113.5,29,50.9,166,16.2,36,28.1,186,29.7,270,94.4,26,48.7,79,18.9,145,29.5,239,29.7,88,64.7,320,66.3,301,18.4,284,17.9,278,113.5,29,106.1,107,94.4,26,99.2,75,77.5,81,+1.3,42,+1.0,64,+1.5,23,-0.3,209,+0.0,179,+1.0,91,1.92,77,31.8,139,56.5,102,2019,0.8927371935564714,21,16,0.5675675675675675,37
91,Texas A&M,SEC,14-18,+7.49,107.2,120,99.7,89,67.4,187,-.021,238,+9.37,39,109.0,40,99.7,39,-0.19,170,,SEC,67.4,187,107.2,120,49.3,240,20.0,279,32.7,46,34.2,145,99.7,89,49.3,111,18.5,171,32.5,320,27.0,31,67.4,187,69.4,146,17.8,209,16.9,62,107.2,120,101.3,221,99.7,89,103.4,182,77.4,88,+0.2,145,-0.2,198,+0.5,110,+0.5,102,+0.5,116,+1.9,35,1.24,243,32.7,112,24.3,317,2019,0.6972214870097728,14,18,0.4375,32
287,Texas A&M Corpus Chris,Slnd,14-18,-10.25,94.6,328,104.8,174,64.9,315,-.011,213,-6.16,289,101.2,294,107.4,278,+3.40,74,,Slnd,64.9,315,94.6,328,47.9,299,22.3,331,31.1,83,29.8,268,104.8,174,48.6,77,20.1,76,27.5,150,41.7,331,64.9,315,66.4,300,18.8,308,17.6,210,94.6,328,95.8,319,104.8,174,100.9,116,76.2,274,-0.6,249,-0.3,205,-0.9,284,-1.1,305,-0.9,272,-0.1,184,1.50,175,33.2,98,40.5,241,2019,0.23549166604002786,14,18,0.4375,32
195,Texas Southern,SWAC,24-14,-2.35,105.2,161,107.5,238,74.7,4,+.063,37,-6.57,299,99.6,334,106.1,218,+12.53,1,,SWAC,74.7,4,105.2,161,50.8,168,19.8,266,32.5,49,40.8,18,107.5,238,51.6,209,19.9,85,31.7,301,32.6,174,74.7,4,75.7,6,15.6,20,16.4,13,105.2,161,105.1,130,107.5,238,102.8,164,76.3,257,+0.0,167,+0.7,91,-0.7,254,-0.1,176,-1.2,306,-1.5,288,1.62,140,37.5,35,16.5,340,2019,0.4381393651179933,24,14,0.631578947368421,38
138,Texas St.,SB,24-10,+3.53,102.4,212,98.8,76,65.1,306,+.022,123,-3.08,223,103.4,199,106.5,233,-5.93,320,,SB,65.1,306,102.4,212,50.0,205,19.6,253,33.2,39,34.4,138,98.8,76,48.5,73,20.7,55,24.6,25,39.5,317,65.1,306,67.9,234,18.3,270,17.2,110,102.4,212,103.6,158,98.8,76,96.7,39,76.2,268,-0.6,254,-1.4,312,+0.1,163,-0.2,197,-0.8,261,-0.8,260,1.46,184,28.3,225,56.1,105,2019,0.601465411853317,24,10,0.7058823529411765,34
5,Texas Tech,B12,31-7,+30.03,114.1,25,84.1,1,66.6,231,+.004,171,+11.18,21,109.8,19,98.7,22,-5.39,307,3,B12,66.6,231,114.1,25,53.5,57,17.8,122,27.5,205,32.9,185,84.1,1,43.0,2,22.8,14,28.6,196,36.7,273,66.6,231,67.3,261,18.3,269,17.6,216,114.1,25,107.8,71,84.1,1,87.7,1,77.1,130,-0.2,196,+0.3,125,-0.7,258,+0.0,170,+0.1,157,+1.6,46,1.83,90,24.9,297,35.8,277,2019,0.9709227247957195,31,7,0.8157894736842105,38
257,The Citadel,SC,12-18,-7.83,106.7,134,114.5,337,73.6,10,+.028,105,+1.00,118,105.4,103,104.4,157,+0.62,137,,SC,73.6,10,106.7,134,52.0,114,17.3,95,25.1,276,25.7,325,114.5,337,56.6,346,16.9,277,31.8,303,31.7,145,73.6,10,74.7,9,15.7,24,16.7,33,106.7,134,105.3,124,114.5,337,115.8,348,75.8,308,-1.7,342,-2.2,350,-1.1,305,-0.5,238,-0.9,271,-0.3,209,2.02,56,29.9,187,53.5,128,2019,0.30759924216174933,12,18,0.4,30
61,Toledo,MAC,25-8,+11.29,109.8,70,98.5,69,67.8,165,+.044,76,+0.70,122,104.9,130,104.2,141,-4.05,277,6,MAC,67.8,165,109.8,70,53.1,71,17.4,104,28.2,182,26.1,322,98.5,69,46.8,26,15.4,330,25.7,67,26.8,27,67.8,165,69.5,141,17.8,213,16.9,58,109.8,70,109.0,52,98.5,69,97.8,49,77.5,82,+1.3,40,+1.6,27,+0.9,76,+0.3,120,+0.7,93,-0.2,206,2.30,13,26.8,259,67.8,48,2019,0.7771173173544969,25,8,0.7575757575757576,33
291,Towson,CAA,10-22,-10.67,100.2,255,110.9,298,63.5,337,-.049,295,-4.61,262,103.9,176,108.5,330,-4.29,287,,CAA,63.5,337,100.2,255,48.0,292,18.8,198,35.1,17,28.1,299,110.9,298,52.0,231,15.2,335,27.3,140,33.0,187,63.5,337,64.0,347,19.6,341,18.2,322,100.2,255,102.2,194,110.9,298,109.9,313,77.4,94,+0.4,122,-0.0,161,+0.8,88,-0.3,208,+0.9,76,+1.5,56,0.94,313,35.0,64,22.5,322,2019,0.2374342274792611,10,22,0.3125,32
249,Troy,SB,12-18,-7.49,102.9,202,110.4,290,67.0,207,+.053,56,-0.57,153,104.5,149,105.0,182,+0.97,126,,SB,67.0,207,102.9,202,51.0,164,19.9,267,27.3,212,31.7,220,110.4,290,52.6,268,17.0,270,31.1,284,32.8,179,67.0,207,69.3,153,17.4,151,17.3,143,102.9,202,102.1,200,110.4,290,109.4,304,76.7,190,-0.4,232,-1.0,277,+0.2,160,-0.2,204,-0.2,194,+0.7,110,1.63,135,27.4,250,54.9,113,2019,0.30809219453977615,12,18,0.4,30
283,Tulane,Amer,4-27,-9.99,97.3,300,107.3,232,69.7,78,-.042,277,+3.75,80,106.0,84,102.3,79,-3.76,267,,Amer,69.7,78,97.3,300,47.1,314,21.0,317,27.0,220,32.8,188,107.3,232,50.6,163,15.1,338,30.8,274,31.6,141,69.7,78,71.7,56,17.0,103,16.8,42,97.3,300,93.5,331,107.3,232,108.2,287,79.0,4,+1.4,32,+0.6,98,+2.1,9,+1.9,17,+2.7,5,+3.6,2,1.20,249,32.8,110,44.7,204,2019,0.24507740986186402,4,27,0.12903225806451613,31
119,Tulsa,Amer,18-14,+4.94,105.4,158,100.4,100,68.8,114,+.040,82,+3.45,84,105.8,91,102.4,85,-2.97,248,,Amer,68.8,114,105.4,158,51.2,143,18.0,142,23.2,320,43.4,4,100.4,100,48.2,56,17.6,231,29.3,226,30.4,112,68.8,114,69.7,132,16.5,69,18.1,305,105.4,158,102.1,196,100.4,100,101.1,121,76.6,205,-1.2,316,-1.3,309,-1.1,300,-0.2,194,+0.6,110,+0.9,100,1.71,117,34.6,71,56.5,101,2019,0.6361991247822404,18,14,0.5625,32
147,UAB,CUSA,20-15,+1.70,107.1,123,105.4,187,65.2,299,-.021,237,-1.93,191,101.7,280,103.6,115,-5.23,305,,CUSA,65.2,299,107.1,123,50.4,182,16.8,62,30.6,100,31.8,215,105.4,187,49.4,113,17.9,214,26.2,83,31.6,140,65.2,299,66.6,289,19.2,333,17.1,103,107.1,123,104.7,142,105.4,187,101.8,142,76.8,163,+0.3,133,+0.7,93,-0.1,198,-0.8,284,-0.4,229,+0.8,104,1.33,219,26.7,260,41.5,230,2019,0.5458716296653582,20,15,0.5714285714285714,35
252,UC Davis,BW,11-20,-7.61,96.5,310,104.1,159,65.9,272,-.043,279,-1.91,190,103.1,217,105.0,184,+4.75,47,,BW,65.9,272,96.5,310,49.0,257,19.9,275,22.1,335,29.7,269,104.1,159,52.8,276,21.1,40,27.7,160,37.7,287,65.9,272,66.6,290,17.7,193,18.5,334,96.5,310,95.1,324,104.1,159,102.1,147,75.6,323,-0.6,244,+0.0,156,-1.1,304,-1.7,335,-0.6,239,-2.9,343,1.86,84,33.5,87,64.5,62,2019,0.29487924803661325,11,20,0.3548387096774194,31
73,UC Irvine,BW,31-6,+9.16,107.4,118,98.2,65,65.3,293,+.110,8,-3.28,231,102.5,243,105.8,204,+1.25,117,13,BW,65.3,293,107.4,118,51.3,140,17.5,109,33.7,29,28.7,284,98.2,65,44.1,5,16.6,291,27.1,121,32.9,186,65.3,293,65.8,316,18.4,278,18.3,325,107.4,118,107.8,72,98.2,65,95.5,23,76.7,186,+1.1,49,+0.6,99,+1.6,20,-1.3,314,-1.1,303,-0.2,200,2.03,51,41.5,7,68.8,41,2019,0.736890811512964,31,6,0.8378378378378378,37
322,UC Riverside,BW,10-23,-15.09,98.3,289,113.4,331,63.3,340,-.023,243,-3.55,240,102.2,267,105.8,202,-2.25,230,,BW,63.3,340,98.3,289,51.1,151,20.3,292,25.3,271,22.9,350,113.4,331,54.5,326,16.0,316,26.4,95,33.3,199,63.3,340,64.1,346,20.0,347,17.2,119,98.3,289,97.8,296,113.4,331,110.5,319,77.6,68,+2.1,7,+3.5,3,+0.8,84,+0.2,125,-0.3,206,-0.3,218,0.99,302,33.1,102,28.9,305,2019,0.16201385812935062,10,23,0.30303030303030304,33
172,UC Santa Barbara,BW,22-10,-0.86,105.3,160,106.1,208,64.7,321,+.035,92,-7.31,316,101.4,286,108.7,339,-7.68,336,,BW,64.7,321,105.3,160,50.3,190,16.8,65,33.2,41,39.5,28,106.1,208,49.7,130,16.6,298,26.2,85,32.4,163,64.7,321,65.6,321,19.0,324,17.6,221,105.3,160,108.4,62,106.1,208,102.4,156,77.2,121,+0.2,138,+0.2,130,+0.2,141,+0.6,95,+0.7,92,+0.1,167,1.19,253,29.1,207,20.6,330,2019,0.4782539258378109,22,10,0.6875,32
34,UCF,Amer,24-9,+16.51,112.1,44,95.6,33,65.0,309,+.011,152,+4.99,69,105.9,90,100.9,57,-3.71,264,9,Amer,65.0,309,112.1,44,52.9,77,17.6,118,29.5,127,45.3,2,95.6,33,45.4,12,18.0,201,29.6,242,29.2,77,65.0,309,67.1,276,17.9,227,18.1,299,112.1,44,107.3,82,95.6,33,95.8,30,78.8,8,+3.9,1,+6.4,1,+1.4,29,+0.4,106,+0.1,156,+1.5,56,2.39,11,26.6,262,49.4,167,2019,0.8618823436902502,24,9,0.7272727272727273,33
102,UCLA,P12,17-16,+6.34,109.0,88,102.7,137,72.5,17,+.007,163,+5.61,64,107.8,57,102.2,75,+3.60,66,,P12,72.5,17,109.0,88,52.0,111,18.9,211,30.7,94,38.2,45,102.7,137,49.6,124,15.0,341,27.1,130,27.6,43,72.5,17,73.7,18,15.3,11,17.5,184,109.0,88,105.1,127,102.7,137,104.7,208,79.3,2,+2.5,2,+2.7,8,+2.4,5,+3.1,1,+1.7,31,+2.7,10,0.89,318,37.3,37,44.8,202,2019,0.6647782561565012,17,16,0.5151515151515151,33
230,UMBC,AE,21-13,-5.75,96.2,313,102.0,119,65.0,311,+.078,24,-7.09,310,100.2,322,107.3,275,-4.48,291,,AE,65.0,311,96.2,313,48.4,278,18.3,158,24.5,292,31.1,235,102.0,119,51.4,205,23.0,11,24.4,22,32.9,183,65.0,311,65.0,333,17.9,226,19.0,351,96.2,313,97.3,302,102.0,119,97.1,43,77.4,96,+0.3,136,+0.6,100,-0.1,195,+0.4,112,+0.4,129,+1.5,56,1.50,173,30.1,185,40.9,236,2019,0.337769552098774,21,13,0.6176470588235294,34
238,UMKC,WAC,11-21,-6.45,101.1,245,107.6,239,66.3,248,-.052,299,-0.17,143,105.1,124,105.3,190,+1.22,118,,WAC,66.3,248,101.1,245,49.8,216,17.2,83,23.5,313,32.4,201,107.6,239,53.6,303,20.9,45,32.3,314,36.7,274,66.3,248,68.2,221,18.0,232,17.5,187,101.1,245,99.7,259,107.6,239,107.2,272,76.2,270,+0.3,125,+0.3,122,+0.3,132,-0.5,236,+0.1,157,-3.4,350,1.18,258,31.8,140,47.7,183,2019,0.3281485186441688,11,21,0.34375,32
258,UMass Lowell,AE,15-17,-7.86,104.5,174,112.4,317,69.8,74,-.026,249,-6.57,298,100.1,325,106.7,244,-4.46,289,,AE,69.8,74,104.5,174,53.7,50,19.6,251,27.0,222,34.1,148,112.4,317,52.0,232,17.8,218,29.8,249,32.6,171,69.8,74,70.9,86,16.3,49,17.6,212,104.5,174,105.3,123,112.4,317,107.2,270,76.6,204,-1.1,308,-1.4,321,-0.7,251,-0.2,205,+0.8,89,+0.5,135,1.43,198,30.2,179,39.4,251,2019,0.30193847763320014,15,17,0.46875,32
347,UNC Asheville,BSth,4-27,-23.64,93.3,333,117.0,349,61.9,350,-.032,257,-0.79,161,105.2,118,106.0,216,+4.41,52,,BSth,61.9,350,93.3,333,46.2,330,23.4,347,27.7,200,26.3,318,117.0,349,55.7,339,18.2,182,37.1,353,33.7,207,61.9,350,63.9,349,20.7,351,17.1,87,93.3,333,90.6,342,117.0,349,117.1,352,77.3,104,+0.1,156,-0.0,161,+0.2,156,+0.2,125,+0.4,119,+1.5,56,0.24,352,31.0,164,6.8,349,2019,0.0689411650776226,4,27,0.12903225806451613,31
87,UNC Greensboro,SC,29-7,+7.63,106.4,141,98.8,74,67.8,159,+.167,1,-0.37,149,105.7,95,106.0,214,-3.22,253,1,SC,67.8,159,106.4,141,51.2,146,17.1,75,31.4,81,30.6,245,98.8,74,51.0,181,22.2,19,29.7,245,32.2,160,67.8,159,69.3,158,16.7,77,18.2,324,106.4,141,106.4,101,98.8,74,99.6,83,76.5,223,+0.7,82,+0.5,110,+0.8,81,-1.4,319,-1.1,302,-0.5,235,1.95,71,33.4,94,60.4,78,2019,0.7010371744368149,29,7,0.8055555555555556,36
272,UNC Wilmington,CAA,10-23,-9.31,105.4,156,114.7,339,69.3,93,-.034,264,-2.17,204,105.4,106,107.6,291,+1.74,109,,CAA,69.3,93,105.4,156,50.5,178,18.5,171,31.7,71,32.8,187,114.7,339,56.0,341,14.5,349,26.6,101,31.9,150,69.3,93,69.8,129,17.0,100,17.8,253,105.4,156,106.3,102,114.7,339,115.1,347,76.7,193,-0.8,276,-1.6,329,+0.0,179,+0.3,119,-0.3,207,+0.9,96,1.53,162,32.8,111,39.6,250,2019,0.2744004062983861,10,23,0.30303030303030304,33
165,UNLV,MWC,17-14,-0.29,106.1,146,106.4,215,67.5,182,+.014,144,-2.28,210,103.1,219,105.4,192,-3.42,259,,MWC,67.5,182,106.1,146,49.5,231,18.6,180,35.5,15,34.9,113,106.4,215,51.0,182,17.6,229,27.7,156,31.6,142,67.5,182,68.9,174,16.8,81,18.2,316,106.1,146,105.8,112,106.4,215,104.0,187,77.5,85,+0.9,67,+1.1,60,+0.7,98,+0.8,76,-0.1,185,+0.7,119,1.52,164,29.6,196,33.4,287,2019,0.491883060703753,17,14,0.5483870967741935,31
82,USC,P12,16-17,+8.25,109.8,72,101.5,118,69.6,83,-.096,342,+3.68,81,105.6,97,101.9,70,-2.26,231,,P12,69.6,83,109.8,72,52.8,83,16.5,49,27.0,221,27.6,306,101.5,118,49.1,102,18.1,199,29.9,255,30.0,102,69.6,83,71.0,81,16.5,67,17.7,245,109.8,72,106.0,108,101.5,118,101.4,128,78.8,7,+2.2,5,+1.9,19,+2.5,4,+1.9,18,+1.2,53,+2.5,18,1.82,91,26.1,282,49.5,165,2019,0.7117543770726763,16,17,0.48484848484848486,33
336,USC Upstate,BSth,6-26,-18.10,93.3,334,111.4,305,68.0,149,-.049,294,-3.01,221,103.6,187,106.6,240,-1.56,204,,BSth,68.0,149,93.3,334,47.4,305,19.9,273,24.7,283,25.4,328,111.4,305,53.1,287,18.2,181,31.3,287,38.9,309,68.0,149,69.6,137,18.2,261,16.5,20,93.3,334,93.9,329,111.4,305,109.7,311,75.9,304,-0.7,261,-0.7,247,-0.7,255,-0.6,253,-0.9,272,-1.9,310,1.58,148,43.1,5,39.8,249,2019,0.11516523217725597,6,26,0.1875,32
150,UT Arlington,SB,17-16,+1.45,101.3,241,99.9,93,66.3,251,+.038,87,+1.15,112,105.0,127,103.9,126,+5.43,30,,SB,66.3,251,101.3,241,47.0,316,20.3,295,31.1,86,34.5,136,99.9,93,48.0,47,18.1,198,28.0,168,38.0,295,66.3,251,68.5,202,18.2,259,17.0,82,101.3,241,98.4,284,99.9,93,100.1,98,74.5,353,-2.3,353,-2.4,352,-2.1,348,-1.8,337,-2.2,347,-3.0,344,0.40,348,38.6,22,5.1,351,2019,0.5399254031751427,17,16,0.5151515151515151,33
182,UT Rio Grande Valley,WAC,20-17,-1.50,99.6,270,101.1,109,70.4,56,+.026,108,-2.13,202,102.8,236,104.9,174,-1.07,189,,WAC,70.4,56,99.6,270,46.3,328,18.0,143,26.5,236,42.7,7,101.1,109,50.5,159,24.3,3,32.6,322,43.5,344,70.4,56,71.3,69,16.3,51,17.5,195,99.6,270,97.9,294,101.1,109,98.4,58,76.2,272,+0.0,169,-0.2,193,+0.2,145,-0.7,262,-1.3,312,-1.2,273,1.20,252,32.5,119,39.2,253,2019,0.4571301264981075,20,17,0.5405405405405406,37
299,UTEP,CUSA,8-21,-11.31,90.1,343,101.4,114,68.0,151,-.086,336,-2.55,213,102.2,269,104.7,170,-1.81,213,,CUSA,68.0,151,90.1,343,45.8,336,22.7,341,26.6,234,34.6,130,101.4,114,49.4,116,19.0,135,27.1,128,33.0,188,68.0,151,69.6,136,17.1,119,17.7,231,90.1,343,89.4,345,101.4,114,99.0,68,76.3,256,-0.1,187,+0.2,134,-0.4,223,-0.8,268,+0.2,144,-1.9,306,0.87,322,26.5,266,32.1,291,2019,0.20444212740409018,8,21,0.27586206896551724,29
149,UTSA,CUSA,17-15,+1.54,105.8,148,104.3,163,72.1,19,-.017,226,+0.50,125,103.2,211,102.7,91,+4.13,54,,CUSA,72.1,19,105.8,148,49.5,234,16.4,43,26.1,244,26.2,319,104.3,163,49.5,119,18.1,200,28.4,183,35.6,245,72.1,19,72.9,29,16.2,46,16.9,54,105.8,148,102.7,179,104.3,163,101.8,140,76.2,265,-0.9,294,-1.4,313,-0.5,227,-1.4,321,+0.1,157,+0.3,157,1.85,85,23.8,310,65.7,60,2019,0.5409605769952366,17,15,0.53125,32
109,Utah,P12,17-14,+5.85,114.8,22,108.9,257,66.4,240,+.031,102,+4.80,72,106.1,81,101.3,63,-0.80,181,,P12,66.4,240,114.8,22,55.0,22,19.2,228,31.0,87,35.5,100,108.9,257,52.3,250,14.7,346,27.1,125,32.5,170,66.4,240,67.7,243,18.2,258,17.3,138,114.8,22,110.6,35,108.9,257,109.7,309,78.3,23,+1.7,13,+2.5,10,+0.9,70,+1.8,26,+0.8,85,+1.5,56,1.31,227,32.2,127,38.1,261,2019,0.6472006116499422,17,14,0.5483870967741935,31
38,Utah St.,MWC,28-7,+15.41,112.6,39,97.2,52,68.1,145,+.012,149,+0.02,139,104.5,147,104.4,158,+0.81,135,8,MWC,68.1,145,112.6,39,53.9,47,18.1,149,32.0,59,36.7,75,97.2,52,46.5,20,17.3,252,22.3,5,34.3,224,68.1,145,69.9,124,17.1,125,17.3,130,112.6,39,111.6,27,97.2,52,95.8,28,77.9,38,+0.6,93,+1.0,61,+0.1,170,+0.7,82,+2.1,13,+1.6,51,1.42,200,30.6,173,51.7,147,2019,0.8443972203901187,28,7,0.8,35
104,Utah Valley,WAC,25-10,+6.22,108.5,96,102.3,131,68.8,115,+.037,88,-2.03,197,103.9,174,105.9,211,-0.24,172,,WAC,68.8,115,108.5,96,55.5,16,20.2,289,28.3,179,40.2,23,102.3,131,49.0,100,16.7,290,26.6,98,29.2,79,68.8,115,70.0,119,17.2,129,17.3,139,108.5,96,109.0,51,102.3,131,101.5,132,77.7,63,+1.6,21,+1.8,21,+1.3,36,+0.2,149,+0.6,106,+0.3,159,1.25,238,31.5,148,37.3,267,2019,0.6629941216013087,25,10,0.7142857142857143,35
42,VCU,A10,25-8,+14.89,104.3,177,89.5,7,68.4,136,+.007,164,+1.37,105,105.2,120,103.8,123,+3.60,67,8,A10,68.4,136,104.3,177,50.1,203,20.0,277,31.0,89,35.7,94,89.5,7,43.5,3,23.3,8,30.7,269,36.6,270,68.4,136,68.9,177,16.1,40,18.7,342,104.3,177,102.3,189,89.5,7,89.1,2,77.5,86,-0.5,236,-0.7,245,-0.3,213,+0.8,77,+1.8,21,+1.4,75,1.53,163,38.6,23,51.8,145,2019,0.8531941885577908,25,8,0.7575757575757576,33
288,VMI,SC,11-21,-10.30,102.4,213,112.7,321,71.6,27,+.018,135,+1.02,117,105.9,89,104.9,175,-0.65,180,,SC,71.6,27,102.4,213,50.1,200,16.5,53,21.7,339,29.2,275,112.7,321,56.9,349,16.9,272,27.6,155,32.0,157,71.6,27,72.9,30,15.6,19,17.5,174,102.4,213,100.4,243,112.7,321,115.0,346,76.0,281,-0.9,290,-0.2,192,-1.6,331,-0.8,268,+0.1,151,-1.4,284,1.11,269,27.5,249,52.8,134,2019,0.24932956461474112,11,21,0.34375,32
220,Valparaiso,MVC,15-18,-4.89,98.2,291,103.1,145,65.2,300,+.003,172,-2.02,196,102.1,271,104.1,136,-3.65,263,,MVC,65.2,300,98.2,291,48.9,260,20.2,288,26.7,232,32.1,208,103.1,145,49.9,136,18.9,143,27.1,124,31.7,144,65.2,300,65.4,325,18.7,304,18.2,314,98.2,291,96.8,310,103.1,145,100.6,114,77.0,138,+1.4,29,+3.1,6,-0.3,216,-1.1,304,-0.1,186,-0.7,253,1.46,187,33.5,90,51.2,152,2019,0.3635540494390386,15,18,0.45454545454545453,33
155,Vanderbilt,SEC,9-23,+0.81,102.2,215,101.4,116,67.3,194,-.109,346,+9.34,40,109.3,32,99.9,43,-2.95,245,,SEC,67.3,194,102.2,215,48.6,268,20.5,301,29.0,152,40.6,20,101.4,116,49.5,120,16.4,301,29.3,224,33.3,197,67.3,194,68.9,179,17.8,210,17.1,97,102.2,215,97.7,297,101.4,116,104.9,217,78.5,15,+1.2,45,+1.0,66,+1.4,27,+2.6,7,+2.1,10,+1.5,56,1.06,286,32.7,115,36.8,272,2019,0.5225780715643078,9,23,0.28125,32
76,Vermont,AE,27-7,+8.86,108.5,97,99.6,88,65.5,285,+.043,77,-5.55,281,100.7,311,106.2,221,+3.20,85,13,AE,65.5,285,108.5,97,52.6,96,16.8,64,27.3,213,35.9,88,99.6,88,48.7,82,19.1,129,22.2,4,27.5,40,65.5,285,65.8,319,18.6,296,17.9,283,108.5,97,109.7,44,99.6,88,95.3,21,76.5,222,-1.5,333,-2.1,348,-0.8,268,+0.3,115,+0.2,146,+0.8,107,1.42,199,33.3,96,41.7,225,2019,0.7279530903640756,27,7,0.7941176470588235,34
30,Villanova,BE,26-10,+17.33,116.5,16,99.2,81,63.6,335,+.044,73,+8.00,51,108.8,44,100.8,55,+3.32,78,6,BE,63.6,335,116.5,16,53.2,67,16.9,67,30.3,102,34.4,137,99.2,81,50.4,158,18.0,202,27.7,159,28.2,55,63.6,335,65.3,328,19.4,339,17.5,188,116.5,16,111.9,25,99.2,81,102.5,160,77.9,40,+0.4,112,-0.3,222,+1.2,43,+2.0,16,+0.3,134,+2.1,28,1.95,72,24.5,302,38.6,256,2019,0.863969985766211,26,10,0.7222222222222222,36
1,Virginia,ACC,35-3,+34.22,123.4,2,89.2,5,59.4,353,+.050,62,+11.18,22,109.2,34,98.1,14,-3.24,255,1,ACC,59.4,353,123.4,2,55.2,19,14.7,12,30.4,101,29.1,279,89.2,5,44.7,8,17.4,250,25.4,50,26.3,21,59.4,353,60.6,353,21.0,352,18.8,344,123.4,2,116.6,4,89.2,5,91.8,6,77.2,119,+1.2,47,+1.3,45,+1.1,60,+1.3,45,+0.3,141,-2.0,312,1.74,107,22.9,317,60.2,79,2019,0.9766224921810968,35,3,0.9210526315789473,38
13,Virginia Tech,ACC,26-9,+24.07,118.1,11,94.0,20,63.7,334,-.005,195,+8.47,47,108.3,49,99.9,42,-6.26,325,4,ACC,63.7,334,118.1,11,55.6,14,17.3,100,29.6,122,31.9,212,94.0,20,49.0,98,21.6,26,27.2,136,26.3,22,63.7,334,64.4,342,18.8,310,18.8,345,118.1,11,113.4,13,94.0,20,95.7,26,77.0,144,-0.7,260,+0.0,159,-1.3,318,+0.2,125,+0.9,75,+0.8,102,2.16,34,22.7,320,56.0,107,2019,0.9324359748694212,26,9,0.7428571428571429,35
314,Wagner,NEC,13-17,-13.51,93.9,331,107.5,234,63.8,332,+.043,78,-7.24,315,101.4,285,108.7,334,-0.63,179,,NEC,63.8,332,93.9,331,44.0,347,20.8,308,33.4,36,33.8,160,107.5,234,51.1,188,19.8,91,28.9,212,46.5,350,63.8,332,65.8,318,18.5,289,18.1,302,93.9,331,96.1,315,107.5,234,104.2,193,75.7,317,-1.7,341,-1.4,320,-1.9,344,-1.6,329,+0.1,157,-0.6,251,1.59,145,32.9,108,58.6,94,2019,0.17429399192171172,13,17,0.43333333333333335,30
174,Wake Forest,ACC,11-20,-0.93,104.4,175,105.3,186,67.6,179,+.040,85,+7.92,52,108.3,51,100.4,50,-6.46,328,,ACC,67.6,179,104.4,175,44.8,342,19.4,243,33.8,27,37.6,54,105.3,186,53.3,294,16.1,314,27.3,139,35.2,238,67.6,179,68.7,188,17.4,154,17.6,211,104.4,175,98.5,282,105.3,186,109.2,299,77.7,55,+1.3,36,+1.4,39,+1.2,43,+0.9,72,+1.3,42,-0.3,211,1.25,237,29.7,192,31.9,292,2019,0.47534175667782985,11,20,0.3548387096774194,31
48,Washington,P12,27-9,+14.28,107.7,110,93.5,18,66.0,262,+.088,13,+6.06,61,107.6,62,101.5,64,+2.73,93,9,P12,66.0,262,107.7,110,52.1,108,19.8,263,29.2,142,34.7,127,93.5,18,47.5,34,24.2,4,35.0,349,34.0,214,66.0,262,67.3,267,17.3,143,18.6,338,107.7,110,103.3,165,93.5,18,96.0,33,77.3,107,-0.0,172,+0.2,141,-0.2,205,+0.7,83,+1.4,38,+0.1,164,2.71,4,26.1,281,90.1,1,2019,0.8356159556797206,27,9,0.75,36
207,Washington St.,P12,11-21,-3.79,106.4,140,110.2,284,70.6,50,-.059,307,+1.63,100,105.3,114,103.7,118,-10.53,349,,P12,70.6,50,106.4,140,52.8,82,19.2,225,25.2,273,30.3,254,110.2,284,54.7,330,17.0,268,29.5,235,28.4,62,70.6,50,71.6,58,15.9,31,17.4,154,106.4,140,104.4,145,110.2,284,110.5,317,77.2,122,+0.3,127,-0.0,161,+0.7,101,+0.8,79,+0.6,108,-0.2,198,1.03,295,37.3,38,38.8,255,2019,0.4004596711502082,11,21,0.34375,32
224,Weber St.,BSky,18-15,-5.03,101.7,229,106.7,222,71.1,37,-.022,239,-7.14,311,102.0,276,109.1,345,+0.17,157,,BSky,71.1,37,101.7,229,53.2,69,16.0,29,19.1,349,37.1,65,106.7,222,49.0,94,15.8,319,26.9,111,30.9,124,71.1,37,72.8,32,15.5,18,17.7,224,101.7,229,104.9,136,106.7,222,103.0,167,77.0,143,+0.8,70,+0.1,147,+1.6,19,-1.0,297,-0.5,236,+0.5,137,1.89,81,29.7,193,54.0,124,2019,0.3654169043770076,18,15,0.5454545454545454,33
95,West Virginia,B12,15-21,+7.15,109.8,71,102.7,135,70.6,49,+.018,137,+11.60,18,109.4,27,97.8,10,+0.18,155,,B12,70.6,49,109.8,71,47.5,304,21.3,320,36.9,6,38.9,36,102.7,135,52.4,253,18.5,166,28.7,204,38.0,290,70.6,49,71.6,59,17.6,182,16.0,3,109.8,71,101.6,215,102.7,135,106.8,267,78.0,37,+0.9,61,+0.7,89,+1.2,43,+2.6,6,+1.7,29,-0.5,235,1.06,284,45.2,2,41.4,233,2019,0.6832518902072904,15,21,0.4166666666666667,36
277,Western Carolina,SC,7-25,-9.58,101.6,232,111.2,303,69.5,85,-.051,296,+2.11,96,106.8,73,104.7,168,+4.68,48,,SC,69.5,85,101.6,232,53.6,52,25.1,353,28.4,173,34.8,119,111.2,303,55.3,335,14.7,345,25.7,64,39.7,321,69.5,85,71.2,74,17.8,205,16.1,5,101.6,232,98.9,271,111.2,303,112.5,340,76.3,252,-1.2,315,-1.8,337,-0.6,247,-0.7,263,-0.1,187,+0.6,122,1.14,263,27.8,242,34.1,283,2019,0.2614783871738466,7,25,0.21875,32
294,Western Illinois,Sum,10-21,-10.86,97.6,296,108.5,256,67.3,190,-.106,345,-4.66,265,104.5,146,109.2,346,-5.47,314,,Sum,67.3,190,97.6,296,49.8,215,16.3,38,22.6,329,23.2,347,108.5,256,52.2,247,14.5,350,25.5,58,28.1,53,67.3,190,69.1,172,18.1,250,16.5,16,97.6,296,100.7,235,108.5,256,107.7,279,76.7,195,+0.7,77,+1.9,16,-0.5,225,-0.1,185,-1.6,328,-0.5,235,1.74,109,25.7,287,64.6,61,2019,0.22837039207002555,10,21,0.3225806451612903,31
116,Western Kentucky,CUSA,20-14,+5.20,105.1,162,99.9,92,67.7,168,-.000,179,+1.26,106,104.1,167,102.8,97,+4.87,44,,CUSA,67.7,168,105.1,162,49.9,213,19.6,254,29.6,124,37.9,49,99.9,92,48.9,93,18.5,169,28.1,171,25.6,17,67.7,168,68.8,182,17.7,190,17.4,161,105.1,162,102.3,190,99.9,92,99.2,73,77.7,61,+1.0,57,+1.8,24,+0.2,140,+0.5,98,+0.5,114,+1.2,81,1.61,142,22.6,323,41.5,229,2019,0.6418815093395511,20,14,0.5882352941176471,34
255,Western Michigan,MAC,8-24,-7.82,99.2,275,107.0,228,69.2,97,-.039,271,+2.43,94,106.2,79,103.7,120,-3.16,251,,MAC,69.2,97,99.2,275,48.0,293,21.7,323,29.7,119,36.7,76,107.0,228,52.1,242,15.2,336,27.6,151,29.9,95,69.2,97,70.2,109,18.0,241,16.4,12,99.2,275,97.1,307,107.0,228,108.0,283,76.9,158,+0.4,121,+2.1,13,-1.3,319,-0.0,173,-0.5,234,+0.1,165,1.04,293,30.8,170,27.3,307,2019,0.29516183336980784,8,24,0.25,32
66,Wichita St.,Amer,22-15,+10.10,106.6,135,96.5,44,68.3,142,+.036,90,+6.24,59,107.0,68,100.7,54,+3.07,90,6,Amer,68.3,142,106.6,135,46.9,320,17.4,105,32.5,49,28.8,283,96.5,44,47.6,36,17.6,233,26.9,113,38.8,307,68.3,142,69.3,155,18.1,242,16.9,56,106.6,135,101.5,218,96.5,44,98.8,63,77.3,101,+1.2,44,+1.6,33,+0.9,74,-0.1,186,+0.1,152,-0.2,195,0.76,334,31.5,150,11.1,346,2019,0.7585444110892509,22,15,0.5945945945945946,37
219,William & Mary,CAA,14-17,-4.79,103.6,190,108.4,255,68.6,120,+.029,104,-2.25,209,105.7,93,107.9,311,+3.09,89,,CAA,68.6,120,103.6,190,54.4,31,18.2,153,24.4,293,31.3,229,108.4,255,52.7,270,15.6,326,25.9,71,30.0,98,68.6,120,68.7,190,17.2,140,18.0,288,103.6,190,105.0,132,108.4,255,109.4,302,77.8,48,+0.4,124,+0.6,106,+0.2,161,+0.2,123,+1.1,54,+2.9,9,1.36,212,26.5,270,53.0,132,2019,0.3726549624347489,14,17,0.45161290322580644,31
168,Winthrop,BSth,18-12,-0.74,107.0,126,107.8,244,72.7,16,+.016,140,-2.61,214,103.3,207,105.9,209,+1.75,108,,BSth,72.7,16,107.0,126,54.2,38,20.2,290,28.7,164,30.4,253,107.8,244,51.3,198,15.4,331,25.5,54,30.3,110,72.7,16,73.3,24,15.5,14,17.4,170,107.0,126,107.5,77,107.8,244,105.8,246,74.8,350,-1.7,337,-1.7,330,-1.7,334,-2.5,349,-2.4,348,-1.9,303,1.65,132,32.4,122,66.4,54,2019,0.47859771665977224,18,12,0.6,30
16,Wisconsin,B10,23-11,+21.94,110.4,62,88.5,4,63.9,331,-.018,228,+12.97,6,110.3,14,97.3,6,+3.14,87,5,B10,63.9,331,110.4,62,51.1,150,14.6,9,24.5,291,27.3,309,88.5,4,45.2,11,17.2,258,26.5,96,25.8,19,63.9,331,64.8,338,19.9,345,17.5,198,110.4,62,103.8,153,88.5,4,93.5,10,77.3,98,+1.5,25,+1.6,32,+1.4,33,-0.5,240,+0.1,157,+0.0,172,2.03,52,27.9,237,75.5,14,2019,0.9270840749241518,23,11,0.6764705882352942,34
18,Wofford,SC,30-5,+20.69,118.1,10,97.4,56,65.7,278,+.046,68,+1.82,97,106.0,83,104.2,144,+8.37,6,7,SC,65.7,278,118.1,10,57.5,4,16.1,31,31.8,63,27.8,302,97.4,56,49.9,134,19.1,128,25.2,46,31.8,147,65.7,278,67.9,235,18.6,297,17.5,199,118.1,10,117.3,3,97.4,56,98.1,54,76.8,167,+0.9,66,+0.6,103,+1.2,54,-0.8,268,-0.1,189,-0.9,263,2.13,40,28.9,210,74.5,16,2019,0.9016871957176111,30,5,0.8571428571428571,35
117,Wright St.,Horz,21-14,+5.02,107.1,122,102.0,122,65.2,305,-.040,275,-1.35,175,105.1,123,106.5,232,+2.95,91,7,Horz,65.2,305,107.1,122,51.0,158,17.3,96,30.8,90,35.1,108,102.0,122,53.1,290,20.1,75,25.9,73,28.6,70,65.2,305,67.3,259,18.2,253,17.7,242,107.1,122,108.0,68,102.0,122,102.2,152,76.5,215,+0.6,84,+1.2,46,+0.1,172,-1.0,300,+0.1,157,-1.8,298,1.71,115,27.7,243,52.6,137,2019,0.6367039878639266,21,14,0.6,35
317,Wyoming,MWC,8-24,-13.86,95.1,325,108.9,259,68.4,133,+.003,173,-1.50,178,104.0,168,105.5,194,-4.27,286,,MWC,68.4,133,95.1,325,49.1,246,19.9,268,15.9,353,39.1,33,108.9,259,51.7,218,17.4,251,28.8,207,34.4,225,68.4,133,70.2,114,18.0,228,16.6,27,95.1,325,93.6,330,108.9,259,107.7,278,78.5,20,+0.9,68,+0.9,79,+0.9,77,+1.8,23,+2.6,6,+2.0,32,1.10,273,29.4,201,25.0,316,2019,0.17389615224082908,8,24,0.25,32
65,Xavier,BE,19-16,+10.60,111.1,56,100.5,102,65.2,302,-.004,192,+7.48,55,108.7,45,101.2,61,+1.04,124,3,BE,65.2,302,111.1,56,52.8,84,19.5,247,32.2,55,32.6,194,100.5,102,50.7,166,16.2,309,27.2,137,24.9,11,65.2,302,66.9,284,18.4,280,17.6,222,111.1,56,106.5,99,100.5,102,104.4,201,78.3,22,+1.5,24,+1.5,35,+1.4,32,+1.0,70,+1.1,56,+2.6,11,1.80,96,28.8,212,41.9,223,2019,0.760083827449551,19,16,0.5428571428571428,35
77,Yale,Ivy,22-8,+8.79,111.6,51,102.8,141,71.0,41,+.041,80,-1.10,167,103.0,224,104.2,140,-2.09,222,14,Ivy,71.0,41,111.6,51,55.6,15,17.8,126,26.3,241,30.1,260,102.8,141,47.3,31,15.2,337,24.6,27,31.1,128,71.0,41,72.6,35,16.3,52,16.8,40,111.6,51,109.7,43,102.8,141,100.2,105,77.2,117,+0.6,89,+0.5,109,+0.7,99,+0.6,91,-0.3,217,+0.4,150,2.12,42,27.1,254,77.7,9,2019,0.7200199389773868,22,8,0.7333333333333333,30
259,Youngstown St.,Horz,12-20,-7.97,104.3,178,112.3,316,67.0,205,-.004,191,-1.79,187,104.0,170,105.8,200,+0.28,152,,Horz,67.0,205,104.3,178,49.7,221,18.5,176,33.5,32,23.2,348,112.3,316,53.6,304,16.1,311,28.9,217,38.5,302,67.0,205,69.3,150,18.0,235,16.9,57,104.3,178,103.6,155,112.3,316,111.7,333,76.4,240,-0.8,281,-0.8,268,-0.8,277,+0.2,125,+0.4,121,-1.3,277,1.03,297,36.6,44,32.5,289,2019,0.2994582937320181,12,20,0.375,32
