rk,TEAM,CONF,RECORD,KADJ EM,adjo,adjo.rank,adjd,adjd.rank,adjt,adjt.rank,luck,luck.rank,sos-adjem,sos-adjem.rank,sos-oppo,sos-oppo.rank,sos-oppd,sos-oppd.rank,ncsos-adjem,ncsos-adjem.rank,seed,conference,KADJ T,adjtempo.rank,KADJ O,adjoe.rank,off-efg%,off-efg%.rank,off-to%,off-to%.rank,off-or%,off-or%.rank,off-ftrate,off-ftrate.rank,KADJ D,adjde.rank,def-efg%,def-efg%.rank,def-to%,def-to%.rank,def-or%,def-or%.rank,def-ftrate,def-ftrate.rank,tempo-adj,tempo-adj.rank,tempo-raw,tempo-raw.rank,off. efficiency-adj,off. efficiency-adj.rank,off. efficiency-raw,off. efficiency-raw.rank,def. efficiency-adj,def. efficiency-adj.rank,def. efficiency-raw,def. efficiency-raw.rank,avghgt,avghgt.rank,effhgt,effhgt.rank,c-hgt,c-hgt.rank,pf-hgt,pf-hgt.rank,sf-hgt,sf-hgt.rank,sg-hgt,sg-hgt.rank,pg-hgt,pg-hgt.rank,EXP,experience.rank,bench,bench.rank,CONTINUITY,continuity.rank,YEAR,BARTHAG,W,L,WIN%,GAMES
230,Air Force,MWC,10-21,-5.70,98.6,237,104.3,203,57.8,339,-.090,332,+2.30,111,104.9,94,102.6,155,-12.06,342,,MWC,57.8,339,98.6,237,50.9,96,22.1,266,22.2,335,42.3,34,104.3,203,49.8,205,18.9,257,28.8,81,41.4,277,57.8,339,59.3,338,98.6,237,96.5,262,104.3,203,105.2,256,77.6,39,-0.7,200,-0.6,231,-0.1,194,+1.0,54,+2.6,12,+2.3,34,1.33,195,27.3,249,53.8,151,2009,0.3438235470954172,10,21,0.3225806451612903,31
95,Akron,MAC,23-13,+6.90,102.9,163,96.0,51,64.8,190,-.014,204,-1.60,192,100.9,246,102.5,147,-1.83,205,13,MAC,64.8,190,102.9,163,48.1,207,20.5,189,31.4,154,36.2,182,96.0,51,45.5,33,25.9,6,35.5,306,45.7,319,64.8,190,64.8,250,102.9,163,101.2,171,96.0,51,93.0,13,76.3,189,+1.5,86,+0.2,134,+1.3,43,+1.6,31,-1.0,274,-2.3,310,1.19,229,36.5,49,48.1,207,2009,0.6895911723773366,23,13,0.6388888888888888,36
100,Alabama,SEC,18-14,+6.63,105.9,113,99.3,93,67.5,81,-.016,217,+4.06,85,105.2,85,101.2,91,-7.19,308,,SEC,67.5,81,105.9,113,47.8,219,20.6,193,36.0,39,38.4,121,99.3,93,46.7,66,19.6,208,34.4,286,31.7,67,67.5,81,70.4,45,105.9,113,102.4,149,99.3,93,100.0,135,76.8,117,+1.5,85,+0.6,97,+1.0,57,+1.0,57,-0.4,216,-1.4,295,1.74,98,38.3,26,44.2,235,2009,0.6770005222314078,18,14,0.5625,32
334,Alabama A&M,SWAC,8-19,-20.67,86.0,341,106.7,252,70.2,21,-.012,200,-12.18,342,96.1,334,108.3,343,+9.37,19,,SWAC,70.2,21,86.0,341,42.8,336,22.1,263,29.5,226,39.5,83,106.7,252,49.6,188,24.5,11,36.8,323,42.0,286,70.2,21,71.6,28,86.0,341,89.0,332,106.7,252,100.6,150,75.1,326,-3.5,332,-2.5,342,-1.1,295,-0.2,215,-0.9,237,-1.5,296,1.46,163,33.0,118,49.4,193,2009,0.07725442051867966,8,19,0.2962962962962963,27
200,Alabama St.,SWAC,22-10,-2.97,100.7,214,103.6,184,63.6,249,+.025,104,-11.71,340,95.4,339,107.2,333,+9.21,20,16,SWAC,63.6,249,100.7,214,51.1,90,19.0,90,31.9,144,35.9,191,103.6,184,43.3,4,18.9,258,33.7,272,33.8,115,63.6,249,66.4,171,100.7,214,103.6,128,103.6,184,95.9,52,77.5,47,+1.5,87,+1.5,34,-0.1,164,+0.0,154,+1.1,68,+2.7,20,1.58,132,32.9,123,52.7,163,2009,0.41909183792091936,22,10,0.6875,32
246,Albany,AE,15-16,-6.99,97.3,261,104.3,199,64.3,217,+.046,59,-4.91,267,100.3,266,105.2,254,-3.46,244,,AE,64.3,217,97.3,261,45.5,298,22.8,292,37.4,23,34.4,219,104.3,199,49.2,167,18.6,278,23.9,4,43.5,301,64.3,217,65.4,210,97.3,261,97.4,241,104.3,199,100.4,143,76.9,100,+1.2,94,+0.7,87,+0.6,105,+1.4,38,-0.7,228,+0.7,145,1.16,245,37.8,34,40.6,259,2009,0.3102539592718058,15,16,0.4838709677419355,31
340,Alcorn St.,SWAC,6-25,-26.40,92.1,313,118.5,344,72.4,9,-.050,296,-10.26,331,96.5,331,106.7,325,+2.94,92,,SWAC,72.4,9,92.1,313,44.8,315,18.9,80,23.5,332,36.1,185,118.5,344,53.5,323,18.9,252,38.9,338,37.5,199,72.4,9,74.9,8,92.1,313,92.2,309,118.5,344,112.0,338,76.1,223,-2.0,292,-1.0,281,-1.0,272,-1.0,283,+1.1,86,+0.9,93,1.54,143,30.2,188,47.3,213,2009,0.052230871996316944,6,25,0.1935483870967742,31
112,American,Pat,24-8,+4.70,105.3,123,100.6,125,60.7,319,+.093,8,-6.34,295,97.6,317,104.0,204,+0.55,141,14,Pat,60.7,319,105.3,123,53.7,26,20.7,200,30.0,207,31.9,286,100.6,125,45.2,31,20.2,172,26.6,24,35.9,161,60.7,319,61.5,322,105.3,123,104.6,106,100.6,125,94.9,33,74.9,334,-1.1,242,-0.3,196,-0.9,263,-0.5,230,-2.9,338,-2.3,321,2.38,12,21.3,328,68.9,41,2009,0.6283403254369962,24,8,0.75,32
260,Appalachian St.,SC,13-18,-8.10,101.5,203,109.6,296,69.7,26,-.005,175,-5.31,277,101.1,239,106.4,312,+2.23,104,,SC,69.7,26,101.5,203,51.3,78,23.9,319,35.2,51,41.1,48,109.6,296,51.4,277,16.7,331,26.1,19,40.4,261,69.7,26,70.9,35,101.5,203,102.8,143,109.6,296,107.1,292,76.0,227,+0.3,150,+0.6,92,-0.3,224,-1.2,299,-0.9,264,+0.8,96,1.07,268,37.3,36,44.9,228,2009,0.29256608948058344,13,18,0.41935483870967744,31
37,Arizona,P10,21-14,+15.96,117.7,6,101.8,147,64.9,187,+.018,119,+11.33,6,109.0,10,97.7,8,+2.34,100,12,P10,64.9,187,117.7,6,53.0,39,19.3,102,33.8,78,37.5,149,101.8,147,50.9,253,18.0,303,33.1,251,25.1,6,64.9,187,64.8,251,117.7,6,110.9,22,101.8,147,106.3,275,76.9,115,+2.5,34,+1.7,26,+0.8,91,+1.6,30,+0.3,130,-1.3,283,1.62,125,17.7,340,53.1,158,2009,0.8414401103990877,21,14,0.6,35
15,Arizona St.,P10,25-10,+23.03,118.2,5,95.2,42,59.1,334,-.018,223,+10.14,18,108.9,13,98.8,29,-2.04,207,6,P10,59.1,334,118.2,5,56.4,2,18.6,67,28.4,256,38.7,107,95.2,42,46.8,71,19.3,227,28.4,65,30.9,50,59.1,334,60.3,332,118.2,5,113.6,8,95.2,42,99.1,112,76.4,174,-2.8,317,-0.7,241,-2.1,328,-1.0,262,+0.1,184,+1.7,64,2.20,23,18.8,338,83.3,7,2009,0.9233372681296589,25,10,0.7142857142857143,35
127,Arkansas,SEC,14-16,+3.20,105.1,128,101.9,149,68.6,52,-.040,276,+3.85,86,105.1,91,101.2,96,-7.75,316,,SEC,68.6,52,105.1,128,49.3,157,19.1,97,32.4,122,37.3,155,101.9,149,51.2,266,20.6,149,29.3,112,31.7,65,68.6,52,71.7,26,105.1,128,102.4,150,101.9,149,102.0,187,76.0,229,+1.7,72,+0.6,105,+1.2,47,-1.1,296,-1.9,312,-0.3,219,0.60,334,26.3,272,19.1,333,2009,0.5879709978901531,14,16,0.4666666666666667,30
148,Arkansas Little Rock,SB,23-8,+1.24,99.9,224,98.7,84,64.9,186,+.144,2,-4.49,258,100.4,262,104.8,243,-2.91,228,,SB,64.9,186,99.9,224,50.0,130,22.4,276,32.8,109,44.9,15,98.7,84,45.4,32,20.9,129,29.2,101,40.4,262,64.9,186,65.6,204,99.9,224,100.1,193,98.7,84,95.5,47,76.3,199,-0.6,196,-0.9,262,+0.3,141,+0.8,96,-1.6,299,+0.7,145,1.40,179,33.0,122,60.4,95,2009,0.5346878134254941,23,8,0.7419354838709677,31
302,Arkansas Pine Bluff,SWAC,13-18,-13.77,88.0,338,101.7,145,69.7,30,+.082,17,-6.85,305,98.5,299,105.4,265,+15.60,1,,SWAC,69.7,30,88.0,338,43.6,329,26.5,343,34.0,70,36.7,166,101.7,145,48.0,115,23.0,38,32.3,224,52.3,342,69.7,30,71.6,27,88.0,338,87.1,337,101.7,145,97.9,91,76.1,215,-0.8,223,-0.8,245,-0.1,188,-0.5,229,-0.9,240,-0.3,186,0.68,326,32.8,124,20.9,330,2009,0.15923372474486563,13,18,0.41935483870967744,31
225,Arkansas St.,SB,13-17,-5.23,95.9,279,101.1,134,64.3,215,-.069,316,-3.42,237,102.0,207,105.5,269,-0.01,158,,SB,64.3,215,95.9,279,46.3,281,20.0,159,31.3,160,33.4,244,101.1,134,47.6,100,19.7,200,27.9,58,32.1,73,64.3,215,64.9,240,95.9,279,96.9,251,101.1,134,98.4,99,76.4,184,-1.2,249,-0.8,256,-0.4,227,+0.7,97,+0.3,136,-1.3,251,0.81,309,39.0,22,30.0,316,2009,0.3526872997917917,13,17,0.43333333333333335,30
290,Army,Pat,11-19,-12.46,88.3,337,100.7,128,62.8,270,-.033,264,-8.81,321,97.2,324,106.0,303,-9.41,331,,Pat,62.8,270,88.3,337,46.7,262,22.7,290,22.1,336,29.2,326,100.7,128,48.4,133,26.4,3,32.5,232,38.4,221,62.8,270,63.7,279,88.3,337,89.1,331,100.7,128,94.4,25,74.6,339,-3.6,334,-1.2,301,-2.4,340,-2.0,330,-2.5,332,-0.3,231,1.48,158,39.0,21,69.9,34,2009,0.1807661363662904,11,19,0.36666666666666664,30
59,Auburn,SEC,24-12,+12.46,106.8,102,94.3,37,68.3,60,-.032,259,+3.54,91,104.7,96,101.2,95,-7.27,310,1,SEC,68.3,60,106.8,102,50.4,110,18.5,61,29.8,214,37.6,147,94.3,37,48.0,119,23.0,41,29.0,93,37.0,192,68.3,60,70.0,57,106.8,102,103.9,122,94.3,37,94.7,32,76.0,231,-1.3,258,-0.8,249,-0.5,238,-1.0,271,-0.4,215,+1.7,64,1.99,52,27.7,238,39.5,266,2009,0.8071321973300062,24,12,0.6666666666666666,36
184,Austin Peay,OVC,19-14,-1.64,107.4,94,109.0,291,66.7,106,+.056,41,-2.35,207,102.3,191,104.7,235,+4.92,53,,OVC,66.7,106,107.4,94,52.9,43,19.3,106,30.5,189,37.4,151,109.0,291,52.3,299,19.5,215,31.5,193,39.6,247,66.7,106,68.3,104,107.4,94,107.7,59,109.0,291,108.1,307,76.4,188,-1.9,287,-1.2,298,-0.7,252,+1.0,86,+1.1,69,+0.7,139,1.91,67,29.9,198,52.6,165,2009,0.45758752656970497,19,14,0.5757575757575758,33
21,BYU,MWC,25-8,+20.10,114.0,28,93.9,35,69.0,41,-.046,285,+4.57,79,105.4,76,100.9,82,+0.39,145,8,MWC,69.0,41,114.0,28,54.8,10,16.5,11,26.3,298,35.2,202,93.9,35,45.9,41,19.9,188,23.9,3,36.3,172,69.0,41,68.8,86,114.0,28,111.2,21,93.9,35,94.2,22,77.2,63,+2.1,52,+1.6,28,+0.4,120,+1.0,52,+0.6,115,-1.3,250,1.51,150,24.5,305,44.7,229,2009,0.9029668102206836,25,8,0.7575757575757576,33
240,Ball St.,MAC,14-17,-6.50,95.2,286,101.7,144,60.6,320,+.026,101,-4.45,257,99.0,289,103.5,187,-2.20,211,,MAC,60.6,320,95.2,286,45.4,302,20.7,201,30.2,201,38.4,116,101.7,144,46.5,54,19.0,248,29.1,95,38.0,214,60.6,320,60.8,329,95.2,286,94.0,292,101.7,144,97.0,77,75.5,299,-2.7,316,-1.1,284,-1.7,316,+0.0,192,-1.9,318,-0.3,187,1.08,265,32.7,126,46.7,221,2009,0.3187451348192383,14,17,0.45161290322580644,31
33,Baylor,B12,24-15,+16.38,116.5,14,100.1,115,65.8,152,-.017,219,+10.57,11,108.6,18,98.0,11,-2.35,218,3,B12,65.8,152,116.5,14,53.8,22,18.6,63,29.6,224,38.5,115,100.1,115,49.3,174,19.7,199,31.4,189,36.4,175,65.8,152,68.0,114,116.5,14,110.7,24,100.1,115,103.9,229,76.2,203,+0.8,113,+1.8,22,-1.0,271,-3.0,340,-1.9,315,-0.3,218,2.77,5,22.0,324,76.7,16,2009,0.8512955070019019,24,15,0.6153846153846154,39
115,Belmont,ASun,20-13,+4.25,106.6,106,102.4,164,69.1,39,-.047,286,-3.83,246,101.3,228,105.2,255,+2.46,97,,ASun,69.1,39,106.6,106,52.9,44,20.2,166,31.1,170,33.9,235,102.4,164,49.8,203,21.9,83,32.0,210,36.4,176,69.1,39,70.6,42,106.6,106,108.1,53,102.4,164,99.3,118,76.6,146,+0.2,155,+0.3,131,-0.1,169,-1.1,293,+0.1,176,+0.8,97,1.99,50,27.2,253,65.6,58,2009,0.613550930187709,20,13,0.6060606060606061,33
287,Bethune Cookman,MEAC,17-16,-11.76,89.5,333,101.3,136,59.8,329,+.012,138,-10.45,333,96.1,333,106.6,322,-2.18,210,,MEAC,59.8,329,89.5,333,43.2,333,22.2,271,34.7,59,38.4,119,101.3,136,47.8,107,23.5,23,27.5,46,47.9,329,59.8,329,61.4,324,89.5,333,91.5,315,101.3,136,94.3,23,76.2,210,-2.8,320,-1.4,313,-1.4,306,-1.0,282,+1.1,84,+2.7,16,0.44,341,37.9,31,20.3,331,2009,0.19399625428785175,17,16,0.5151515151515151,33
177,Binghamton,AE,23-9,-0.98,102.3,181,103.3,178,67.2,91,+.130,3,-5.64,282,99.6,281,105.3,259,-4.08,253,15,AE,67.2,91,102.3,181,49.4,155,19.4,113,29.8,216,40.8,54,103.3,178,46.6,63,21.5,103,34.3,281,41.6,278,67.2,91,66.9,146,102.3,181,103.0,139,103.3,178,99.6,122,75.5,303,-3.1,327,-1.2,302,-1.9,321,-1.0,281,+0.1,149,+0.0,172,1.08,264,25.6,286,41.0,256,2009,0.4720619833635061,23,9,0.71875,32
151,Boise St.,WAC,19-13,+0.97,103.1,161,102.1,154,68.7,51,+.091,12,-0.24,167,104.1,115,104.4,223,-3.56,248,,WAC,68.7,51,103.1,161,52.4,57,20.9,210,27.2,279,29.5,323,102.1,154,49.6,189,18.3,291,31.5,194,36.1,169,68.7,51,69.7,66,103.1,161,102.2,155,102.1,154,102.7,203,76.4,185,+1.6,79,+0.7,90,+0.9,70,-1.0,260,-1.9,321,+0.7,145,0.99,286,34.5,85,38.2,270,2009,0.5279923638110213,19,13,0.59375,32
74,Boston College,ACC,22-12,+11.20,113.2,33,102.0,150,65.3,172,+.038,74,+6.40,56,106.6,51,100.2,67,-5.57,292,7,ACC,65.3,172,113.2,33,49.7,145,19.3,104,39.2,8,36.6,170,102.0,150,47.4,92,18.3,293,36.4,317,34.7,135,65.3,172,67.4,129,113.2,33,109.5,34,102.0,150,104.1,235,77.4,58,+1.1,100,+0.4,110,+0.7,95,+1.0,61,+0.3,128,+1.7,64,1.64,119,29.7,200,56.6,124,2009,0.7681881348117037,22,12,0.6470588235294118,34
171,Boston University,AE,17-13,-0.59,104.4,141,104.9,212,62.7,275,+.003,157,-5.22,276,100.0,272,105.2,256,-3.11,235,,AE,62.7,275,104.4,141,50.5,105,20.3,177,31.7,149,35.1,203,104.9,212,48.3,128,20.2,169,33.2,257,32.1,75,62.7,275,63.1,291,104.4,141,104.6,108,104.9,212,100.9,158,77.2,72,-0.0,169,+0.0,159,-0.1,168,+1.0,69,+0.3,134,+1.1,83,1.91,68,20.7,330,68.5,45,2009,0.48626716487798116,17,13,0.5666666666666667,30
142,Bowling Green,MAC,19-14,+1.79,102.5,175,100.7,129,62.5,287,-.010,193,-1.76,198,100.3,263,102.1,131,-4.43,264,8,MAC,62.5,287,102.5,175,48.4,199,20.0,154,31.6,152,31.0,301,100.7,129,44.9,24,19.0,250,30.4,152,35.9,162,62.5,287,62.5,307,102.5,175,100.2,189,100.7,129,97.5,83,77.0,92,-0.7,207,+0.0,160,-0.7,253,+0.0,192,+2.1,24,+2.7,18,2.01,48,29.6,203,76.9,15,2009,0.550760893282279,19,14,0.5757575757575758,33
120,Bradley,MVC,21-15,+3.95,104.9,134,101.0,133,64.7,198,+.046,60,+1.45,122,104.2,108,102.8,161,-0.67,178,,MVC,64.7,198,104.9,134,49.9,134,22.0,257,32.2,134,44.5,19,101.0,133,49.6,194,22.4,57,33.1,249,34.6,134,64.7,198,65.0,235,104.9,134,102.9,141,101.0,133,101.3,170,75.7,271,-0.6,197,+0.9,71,-1.5,308,-1.0,270,-1.9,314,-0.3,228,0.89,298,29.2,212,36.0,291,2009,0.6072340665171435,21,15,0.5833333333333334,36
303,Brown,Ivy,9-19,-13.78,95.3,284,109.1,292,64.2,222,-.015,211,-5.86,286,98.7,296,104.6,231,-2.29,215,,Ivy,64.2,222,95.3,284,48.4,200,21.6,248,23.6,331,37.9,134,109.1,292,51.5,278,16.0,340,25.3,12,25.0,5,64.2,222,64.4,265,95.3,284,95.2,276,109.1,292,104.8,248,77.5,50,+0.0,167,-0.3,198,+0.3,135,+1.0,62,+2.5,15,+1.7,53,1.82,81,16.8,342,60.2,98,2009,0.1743359991937386,9,19,0.32142857142857145,28
333,Bryant,ind,8-21,-20.61,94.0,296,114.6,340,61.0,314,+.027,96,-6.04,289,98.5,303,104.5,228,-4.14,256,,ind,61.0,314,94.0,296,46.3,280,21.1,220,24.9,316,30.8,306,114.6,340,53.2,321,20.6,148,35.4,305,35.5,154,61.0,314,62.3,312,94.0,296,92.7,301,114.6,340,109.0,318,76.0,230,-2.9,321,-1.8,330,-1.1,296,+0.0,155,+0.5,122,+1.7,62,0.00,344,35.0,77,0.0,0,2009,0.09289741284458583,8,21,0.27586206896551724,29
293,Bucknell,Pat,7-23,-13.02,93.4,305,106.4,248,67.3,87,-.029,248,-4.02,251,99.1,287,103.2,172,+0.09,152,,Pat,67.3,87,93.4,305,44.5,321,19.9,149,24.6,320,29.9,319,106.4,248,46.5,56,16.2,337,28.6,69,40.3,258,67.3,87,68.6,97,93.4,305,91.3,317,106.4,248,101.6,175,76.1,218,-0.8,222,-0.1,180,-0.8,257,+0.3,126,-0.7,226,+0.7,143,1.14,248,22.7,319,47.3,214,2009,0.1826323819060675,7,23,0.23333333333333334,30
119,Buffalo,MAC,21-12,+3.96,102.6,174,98.6,82,64.6,201,+.036,77,+0.07,158,101.5,222,101.4,106,+1.97,109,,MAC,64.6,201,102.6,174,46.4,269,21.0,215,37.3,24,35.4,199,98.6,82,48.7,142,22.2,67,25.7,16,36.3,170,64.6,201,65.1,231,102.6,174,99.4,207,98.6,82,95.6,48,76.2,206,-0.5,185,+0.2,136,-0.7,247,-1.0,275,-0.2,205,+1.7,63,1.87,73,37.2,38,70.0,33,2009,0.6123774343488187,21,12,0.6363636363636364,33
38,Butler,Horz,26-6,+15.78,110.3,62,94.5,38,62.8,274,-.014,206,+2.51,105,103.0,159,100.5,73,+6.15,39,9,Horz,62.8,274,110.3,62,51.7,69,20.0,155,30.8,177,43.5,24,94.5,38,44.6,17,20.2,173,27.7,50,34.0,121,62.8,274,62.9,297,110.3,62,106.7,79,94.5,38,93.3,15,76.1,219,+0.5,135,-0.5,211,+0.9,72,-1.0,287,-1.2,281,+0.7,145,0.65,331,25.8,277,28.8,320,2009,0.855443183668523,26,6,0.8125,32
269,Cal Poly,BW,7-21,-9.52,97.6,252,107.1,261,65.1,179,-.100,337,-3.07,223,102.7,177,105.7,288,-5.44,288,,BW,65.1,179,97.6,252,46.5,267,17.5,28,26.6,291,30.5,308,107.1,261,52.0,292,19.4,223,31.8,201,30.4,46,65.1,179,66.0,187,97.6,252,98.4,226,107.1,261,106.5,281,76.2,214,-1.6,270,-1.0,271,-0.6,243,-0.2,213,-0.4,212,-0.3,184,1.70,111,28.5,221,58.0,112,2009,0.25574876823561954,7,21,0.25,28
272,Cal St. Bakersfield,ind,8-21,-9.69,100.1,221,109.8,299,64.8,193,+.011,141,-1.00,176,103.1,157,104.1,208,-0.86,182,,ind,64.8,193,100.1,221,45.1,307,19.4,117,32.7,115,36.0,189,109.8,299,52.1,294,20.8,138,36.5,319,37.3,196,64.8,193,65.7,200,100.1,221,98.5,223,109.8,299,108.9,317,75.5,302,-3.2,329,-1.2,296,-2.1,334,-1.0,280,+0.1,148,-1.3,265,0.85,304,32.1,139,48.5,202,2009,0.25661356568974375,8,21,0.27586206896551724,29
201,Cal St. Fullerton,BW,15-17,-3.24,105.6,121,108.8,287,67.2,90,+.017,121,-1.14,181,102.9,168,104.0,205,+0.94,129,,BW,67.2,90,105.6,121,49.9,135,18.8,73,30.6,186,32.5,276,108.8,287,51.8,285,21.4,109,37.1,329,33.2,98,67.2,90,68.6,98,105.6,121,104.6,107,108.8,287,107.6,296,75.2,320,-1.4,262,-0.5,216,-1.0,270,-1.4,304,-1.6,295,-0.3,226,0.88,300,28.4,226,20.2,332,2009,0.41500588749520756,15,17,0.46875,32
108,Cal St. Northridge,BW,17-14,+5.18,102.2,182,97.0,64,71.8,12,-.045,283,+0.26,154,104.0,123,103.7,194,+5.14,50,15,BW,71.8,12,102.2,182,51.6,70,24.2,325,34.5,62,34.4,220,97.0,64,48.5,137,23.5,25,30.9,160,42.5,289,71.8,12,71.7,25,102.2,182,101.7,163,97.0,64,97.5,84,76.4,183,+0.3,148,+0.4,116,-0.1,165,+0.0,185,-0.0,188,-1.3,278,1.55,142,41.4,9,46.7,220,2009,0.6457793920066907,17,14,0.5483870967741935,31
30,California,P10,22-11,+17.37,116.8,11,99.4,96,66.0,140,+.001,162,+9.17,33,108.0,30,98.8,30,-3.54,246,7,P10,66.0,140,116.8,11,54.0,21,17.8,36,31.1,169,34.3,225,99.4,96,49.0,159,18.2,297,29.3,110,33.0,93,66.0,140,66.3,172,116.8,11,111.8,14,99.4,96,102.3,196,77.0,94,+0.8,114,+0.7,85,+0.1,154,+1.0,65,+1.4,49,-0.8,243,1.76,93,27.0,257,51.5,173,2009,0.8647219830090052,22,11,0.6666666666666666,33
242,Campbell,ASun,14-16,-6.61,96.0,276,102.6,169,68.7,49,-.053,300,-5.94,288,101.0,242,106.9,330,-5.18,284,,ASun,68.7,49,96.0,276,47.6,224,22.6,286,33.7,83,39.9,73,102.6,169,50.4,230,22.1,76,30.6,153,40.5,264,68.7,49,72.2,16,96.0,276,98.5,224,102.6,169,99.6,125,76.4,180,-1.5,265,-0.4,208,-1.1,294,+0.3,132,+0.7,106,+1.7,54,1.22,217,39.4,18,42.8,239,2009,0.3176414494164385,14,16,0.4666666666666667,30
237,Canisius,MAAC,11-20,-6.13,93.9,300,100.0,111,66.5,117,-.018,224,-0.64,174,101.6,219,102.2,138,-0.32,166,,MAAC,66.5,117,93.9,300,45.3,303,23.3,304,31.8,147,33.9,232,100.0,111,44.3,13,18.6,275,32.9,245,40.7,265,66.5,117,68.4,102,93.9,300,90.7,321,100.0,111,97.8,88,75.8,257,-0.7,206,-1.0,278,+0.3,136,+0.4,119,-1.6,296,-1.3,288,1.57,135,27.5,242,68.1,48,2009,0.32655505373431226,11,20,0.3548387096774194,31
249,Centenary,Sum,8-23,-7.30,95.9,281,103.2,177,66.0,138,-.048,291,+1.41,123,105.5,72,104.1,210,+6.48,37,,Sum,66.0,138,95.9,281,47.0,245,19.7,139,23.9,328,31.9,285,103.2,177,51.1,258,23.0,39,36.2,316,49.6,336,66.0,138,67.7,126,95.9,281,94.6,285,103.2,177,104.8,247,74.9,333,-1.1,241,-0.3,202,-0.8,261,-3.0,341,-1.4,291,-1.3,284,1.62,123,32.3,131,54.6,143,2009,0.3007617682583972,8,23,0.25806451612903225,31
318,Central Arkansas,Slnd,10-19,-17.11,94.3,294,111.4,314,64.6,202,+.027,98,-2.87,216,100.4,261,103.2,176,-1.63,198,,Slnd,64.6,202,94.3,294,42.9,335,20.7,199,28.5,253,43.8,22,111.4,314,51.2,265,18.1,300,34.3,282,38.3,219,64.6,202,66.0,184,94.3,294,91.7,313,111.4,314,108.7,315,75.9,240,+0.7,121,+0.1,152,+0.6,99,-0.9,257,-1.4,290,-0.3,191,1.18,232,36.5,52,44.3,234,2009,0.12826013140650547,10,19,0.3448275862068966,29
288,Central Connecticut,NEC,13-17,-11.95,97.7,250,109.7,297,63.6,250,+.033,83,-7.70,312,99.5,282,107.2,336,-3.03,232,,NEC,63.6,250,97.7,250,48.7,184,21.5,233,32.6,118,32.9,265,109.7,297,51.4,276,20.2,174,34.8,296,27.1,13,63.6,250,64.5,260,97.7,250,99.8,198,109.7,297,105.0,253,75.6,281,-3.5,331,-2.5,341,-1.1,278,-0.6,237,+0.1,146,+0.7,129,1.35,189,25.0,297,69.0,39,2009,0.20878746629704997,13,17,0.43333333333333335,30
252,Central Michigan,MAC,12-19,-7.71,99.0,233,106.7,255,62.5,283,-.024,237,-5.01,270,98.5,300,103.5,189,-2.04,208,,MAC,62.5,283,99.0,233,47.3,235,22.1,262,33.2,96,37.8,139,106.7,255,50.0,212,23.4,26,32.7,239,57.4,343,62.5,283,63.1,294,99.0,233,97.5,238,106.7,255,101.4,171,75.8,250,-2.8,318,-0.8,250,-2.0,323,-1.0,288,-0.1,192,-0.3,182,1.16,244,31.2,158,44.6,233,2009,0.29705422776402496,12,19,0.3870967741935484,31
310,Charleston Southern,BSth,9-20,-15.63,96.5,270,112.1,322,65.0,183,-.005,176,-5.47,280,100.1,270,105.5,274,+1.08,125,,BSth,65.0,183,96.5,270,47.8,216,19.5,120,29.7,223,26.7,340,112.1,322,52.3,301,16.2,335,27.7,53,33.5,105,65.0,183,66.7,157,96.5,270,97.1,246,112.1,322,108.2,308,76.3,198,+1.2,96,+1.4,44,-0.1,210,+0.3,124,-0.5,218,-0.3,211,1.16,242,33.8,103,58.2,111,2009,0.15145228408062714,9,20,0.3103448275862069,29
140,Charlotte,A10,11-20,+1.84,103.9,149,102.0,151,65.5,158,-.095,335,+3.64,90,105.1,90,101.5,107,+1.63,114,,A10,65.5,158,103.9,149,46.9,255,19.0,89,32.4,123,32.8,269,102.0,151,49.6,187,22.1,72,34.4,285,41.1,270,65.5,158,66.9,145,103.9,149,100.6,181,102.0,151,103.0,216,76.6,143,+0.6,130,-0.2,189,+0.8,92,+1.4,42,+2.1,20,-2.3,317,1.05,270,29.9,196,56.0,132,2009,0.5528629455071038,11,20,0.3548387096774194,31
213,Chattanooga,SC,18-17,-4.04,104.3,142,108.4,283,69.5,33,+.041,69,-3.37,235,102.1,200,105.5,270,+12.40,7,16,SC,69.5,33,104.3,142,50.4,108,21.5,230,31.2,163,46.3,8,108.4,283,52.7,310,18.9,251,31.3,184,31.0,54,69.5,33,71.3,31,104.3,142,103.6,127,108.4,283,107.0,290,76.5,154,+0.8,115,+0.3,118,+0.5,115,+1.0,67,+0.1,164,-0.1,175,1.69,112,27.6,241,60.4,96,2009,0.39093055414417827,18,17,0.5142857142857142,35
233,Chicago St.,ind,19-13,-6.02,106.0,112,112.0,321,74.2,3,+.015,127,-10.50,334,96.7,328,107.2,334,-2.74,224,,ind,74.2,3,106.0,112,51.3,80,19.8,142,36.3,36,37.7,141,112.0,321,52.9,316,22.5,55,31.9,205,45.0,317,74.2,3,75.3,6,106.0,112,107.7,61,112.0,321,104.9,250,74.5,341,-1.7,275,-0.6,234,-1.1,286,-2.4,334,-1.6,298,-3.3,332,2.04,42,26.0,274,81.4,9,2009,0.34678814773744787,19,13,0.59375,32
86,Cincinnati,BE,18-14,+8.72,108.7,83,100.0,108,63.5,254,+.032,86,+8.11,42,106.8,50,98.7,27,-2.26,213,,BE,63.5,254,108.7,83,48.4,197,20.4,180,38.5,11,30.3,311,100.0,108,47.3,88,18.8,268,32.7,242,35.4,150,63.5,254,65.2,225,108.7,83,103.2,136,100.0,108,102.1,191,77.2,70,+1.0,105,+0.5,108,+0.5,112,+1.0,58,+1.1,82,+1.7,57,1.24,212,34.0,102,40.4,260,2009,0.7229913437288855,18,14,0.5625,32
23,Clemson,ACC,23-9,+19.62,116.4,16,96.7,61,67.9,67,-.024,236,+6.19,60,105.4,77,99.2,43,-4.45,266,7,ACC,67.9,67,116.4,16,52.8,48,19.9,148,38.9,10,31.5,290,96.7,61,48.3,126,24.0,15,34.1,280,32.5,79,67.9,67,70.2,52,116.4,16,111.4,20,96.7,61,96.1,56,76.7,135,-0.7,199,-0.6,233,-0.1,166,+1.0,77,+0.1,158,-2.3,304,1.84,75,30.9,171,66.9,51,2009,0.8940050552287278,23,9,0.71875,32
66,Cleveland St.,Horz,26-11,+11.96,105.3,124,93.3,29,63.7,243,+.009,145,+3.76,88,104.6,100,100.9,81,+7.07,33,13,Horz,63.7,243,105.3,124,46.9,257,18.8,72,32.2,133,36.7,167,93.3,29,46.5,57,24.0,14,32.1,214,37.6,203,63.7,243,64.6,255,105.3,124,101.1,173,93.3,29,93.4,16,76.2,208,-0.7,203,+0.0,158,-0.7,249,-0.6,242,-0.6,222,+0.7,106,2.07,36,25.8,279,51.0,180,2009,0.8008193325544082,26,11,0.7027027027027027,37
284,Coastal Carolina,BSth,11-20,-11.55,96.1,275,107.6,269,66.2,132,-.049,293,-5.77,285,100.2,268,106.0,300,-1.58,194,,BSth,66.2,132,96.1,275,49.5,150,23.4,309,33.8,80,31.5,292,107.6,269,50.3,227,20.3,168,33.0,247,34.4,131,66.2,132,68.3,106,96.1,275,97.5,240,107.6,269,104.2,237,76.0,237,-2.1,300,-1.1,286,-1.1,293,-1.0,266,+0.1,166,+0.7,115,1.76,90,30.2,189,55.4,135,2009,0.21418852662901208,11,20,0.3548387096774194,31
309,Colgate,Pat,10-20,-15.10,90.7,328,105.8,234,60.9,316,+.006,150,-7.14,308,98.0,312,105.2,253,-7.13,306,,Pat,60.9,316,90.7,328,45.3,304,22.7,288,25.7,311,37.9,131,105.8,234,46.4,52,18.8,266,33.4,261,34.4,132,60.9,316,62.4,310,90.7,328,90.1,326,105.8,234,100.7,154,75.7,277,-2.0,290,-0.9,264,-1.1,277,-2.0,328,-0.9,257,+1.0,86,1.10,256,30.9,168,37.8,280,2009,0.14542778543879595,10,20,0.3333333333333333,30
147,College of Charleston,SC,27-9,+1.40,110.0,66,108.6,285,66.2,130,+.085,14,-6.68,300,100.2,269,106.9,329,-5.89,298,,SC,66.2,130,110.0,66,54.1,19,18.0,44,32.2,132,32.0,284,108.6,285,49.6,195,19.1,241,35.2,301,27.9,15,66.2,130,68.7,91,110.0,66,112.1,13,108.6,285,105.4,259,76.4,177,+0.6,129,-0.5,216,+1.0,55,-2.2,331,-0.9,266,+0.7,130,2.08,35,29.6,202,92.9,1,2009,0.5367593116030934,27,9,0.75,36
178,Colorado,B12,9-22,-1.00,101.2,210,102.2,157,61.6,310,-.098,336,+6.34,57,106.2,60,99.9,56,-8.22,323,,B12,61.6,310,101.2,210,51.3,82,21.2,223,18.9,342,39.6,82,102.2,157,52.6,308,21.9,84,33.3,259,37.9,209,61.6,310,64.0,269,101.2,210,96.8,252,102.2,157,104.8,246,76.9,114,-0.8,213,-0.1,174,-0.7,251,+0.0,149,+0.3,133,+2.7,23,1.09,261,21.6,326,41.9,247,2009,0.47176043701581416,9,22,0.2903225806451613,31
181,Colorado St.,MWC,9-22,-1.37,107.0,100,108.4,282,66.4,123,-.057,308,+5.13,70,105.3,81,100.2,65,+0.65,137,,MWC,66.4,123,107.0,100,48.5,196,19.6,129,29.3,232,38.6,108,108.4,282,55.3,339,19.9,186,30.0,132,38.8,231,66.4,123,66.8,156,107.0,100,102.1,159,108.4,282,109.5,326,76.2,209,+0.5,137,+0.2,143,+0.3,142,-0.8,251,-0.9,250,+0.9,92,1.10,257,35.8,64,51.6,172,2009,0.4626965877402918,9,22,0.2903225806451613,31
280,Columbia,Ivy,12-16,-10.85,90.9,326,101.7,146,64.2,225,-.024,238,-9.19,324,97.3,323,106.5,318,-9.33,330,,Ivy,64.2,225,90.9,326,45.1,306,21.5,241,28.5,254,34.9,208,101.7,146,46.2,48,22.6,51,29.6,118,40.0,254,64.2,225,64.9,244,90.9,326,92.8,300,101.7,146,95.2,42,76.4,164,-2.0,295,-0.1,177,-2.0,324,-1.0,288,+0.1,142,+2.7,23,1.17,237,36.5,50,44.0,237,2009,0.21567108547472313,12,16,0.42857142857142855,28
2,Connecticut,BE,31-5,+29.25,116.0,17,86.8,3,67.1,96,+.024,107,+10.37,13,109.0,11,98.6,24,-1.68,200,1,BE,67.1,96,116.0,17,51.3,81,18.1,48,40.1,5,46.4,6,86.8,3,42.4,2,16.2,336,27.3,43,19.5,1,67.1,96,68.5,100,116.0,17,111.8,15,86.8,3,91.3,7,78.2,12,+5.7,2,+4.3,2,+1.4,32,-0.6,235,+0.1,154,+1.7,51,2.55,6,25.5,289,82.6,8,2009,0.965603917460248,31,5,0.8611111111111112,36
267,Coppin St.,MEAC,13-19,-9.12,98.4,242,107.6,268,64.5,214,+.005,151,-4.90,265,98.2,308,103.1,171,+13.05,6,,MEAC,64.5,214,98.4,242,45.8,290,18.7,71,28.1,264,31.1,299,107.6,268,50.8,250,23.9,16,39.3,342,31.4,60,64.5,214,65.2,223,98.4,242,96.3,268,107.6,268,102.8,211,76.2,212,-1.5,268,-0.2,195,-1.3,301,-1.0,272,+0.1,168,+0.7,111,1.61,127,36.1,60,47.8,212,2009,0.26349760632145974,13,19,0.40625,32
107,Cornell,Ivy,21-10,+5.23,108.5,85,103.3,179,65.4,162,-.005,174,-5.58,281,99.0,291,104.6,232,-0.50,175,14,Ivy,65.4,162,108.5,85,53.5,29,19.4,114,29.9,209,32.4,278,103.3,179,46.5,58,19.8,194,29.2,98,33.9,119,65.4,162,66.3,175,108.5,85,108.5,50,103.3,179,97.7,87,77.4,56,+1.6,81,+1.4,41,+0.2,148,+1.0,68,-0.2,203,-0.3,188,1.73,101,28.5,224,61.3,89,2009,0.637561783206106,21,10,0.6774193548387096,31
68,Creighton,MVC,27-8,+11.79,111.9,43,100.1,112,67.0,98,+.050,54,+0.97,136,102.3,192,101.4,103,-2.51,220,1,MVC,67.0,98,111.9,43,51.6,71,17.9,37,27.2,278,39.8,74,100.1,112,48.0,114,23.5,22,32.3,227,37.6,201,67.0,98,67.2,138,111.9,43,108.8,44,100.1,112,97.6,86,75.7,278,-1.1,239,+0.4,114,-1.5,307,-1.0,274,-0.9,265,+0.7,140,1.13,249,42.6,3,64.7,66,2009,0.7827072436355446,27,8,0.7714285714285715,35
314,Dartmouth,Ivy,9-19,-16.08,92.8,309,108.8,288,64.5,212,+.022,113,-7.93,315,97.5,321,105.4,266,-7.42,314,,Ivy,64.5,212,92.8,309,44.9,312,20.6,197,28.1,263,31.2,295,108.8,288,50.4,229,20.3,161,30.4,147,42.9,294,64.5,212,65.3,219,92.8,309,92.7,302,108.8,288,102.9,213,76.5,153,+0.8,116,+0.3,127,+0.5,107,+0.0,148,-0.9,261,-0.3,185,1.37,186,42.3,4,49.9,189,2009,0.13832836031794127,9,19,0.32142857142857145,28
64,Davidson,SC,27-8,+12.06,105.1,129,93.1,26,70.0,23,+.003,153,-3.79,245,102.8,172,106.6,319,+8.47,23,6,SC,70.0,23,105.1,129,50.1,121,16.6,13,33.1,100,33.1,259,93.1,26,45.0,28,23.4,28,28.8,82,41.4,274,70.0,23,70.8,39,105.1,129,108.7,47,93.1,26,92.3,10,77.5,46,+0.4,142,-0.0,168,+0.4,124,+2.0,19,+1.5,43,+0.7,103,1.53,144,30.4,182,45.6,223,2009,0.8012679660685175,27,8,0.7714285714285715,35
78,Dayton,A10,27-8,+10.23,103.3,156,93.0,25,64.5,210,+.107,5,+2.34,110,104.9,93,102.6,152,-4.57,269,11,A10,64.5,210,103.3,156,47.0,252,20.2,168,36.8,28,38.1,126,93.0,25,45.6,36,21.9,82,28.6,73,36.9,189,64.5,210,65.4,213,103.3,156,101.5,167,93.0,25,93.1,14,77.0,88,+2.3,41,+1.4,43,+1.0,56,-0.2,216,+0.1,151,+0.9,89,1.44,169,39.6,16,55.1,140,2009,0.7699334830424057,27,8,0.7714285714285715,35
206,DePaul,BE,9-24,-3.72,102.0,190,105.8,233,64.6,205,-.016,215,+9.38,32,108.4,22,99.0,35,-2.32,217,,BE,64.6,205,102.0,190,45.5,299,18.4,55,30.7,181,31.7,288,105.8,233,51.8,286,19.1,245,36.9,326,25.7,8,64.6,205,66.2,179,102.0,190,96.7,256,105.8,233,109.6,327,77.2,68,+4.0,11,+1.7,27,+2.3,7,+0.7,98,-0.9,251,+0.7,141,1.19,226,29.3,210,48.6,197,2009,0.3963627476389118,9,24,0.2727272727272727,33
211,Delaware,CAA,13-19,-3.98,102.7,170,106.6,251,67.0,99,-.011,196,-1.93,203,100.3,265,102.2,137,-4.68,272,,CAA,67.0,99,102.7,170,47.8,217,18.7,69,26.6,293,37.9,136,106.6,251,49.3,173,18.9,254,31.4,188,34.3,127,67.0,99,67.7,123,102.7,170,99.8,201,106.6,251,102.9,212,75.3,312,-2.0,293,-1.0,274,-1.1,274,+0.0,173,-2.2,326,-1.3,287,1.94,59,17.8,339,69.2,38,2009,0.39445566247188174,13,19,0.40625,32
316,Delaware St.,MEAC,8-24,-16.53,97.1,267,113.6,333,58.2,337,-.056,307,-4.66,262,98.4,304,103.1,169,+11.78,8,,MEAC,58.2,337,97.1,267,48.1,208,24.0,321,31.4,158,26.8,339,113.6,333,50.8,248,19.8,192,37.8,333,37.5,200,58.2,337,60.1,333,97.1,267,94.2,290,113.6,333,108.6,314,75.5,295,-2.5,309,-1.9,335,-0.5,239,+0.0,157,-1.3,284,-1.3,276,1.44,166,29.7,201,56.2,130,2009,0.14126358198318303,8,24,0.25,32
204,Denver,SB,15-16,-3.50,102.7,168,106.2,243,56.1,344,-.034,269,-5.11,272,101.1,238,106.2,309,-2.26,214,,SB,56.1,344,102.7,168,57.0,1,21.5,238,16.8,344,36.1,184,106.2,243,49.4,177,22.2,69,32.7,241,49.3,334,56.1,344,57.4,343,102.7,168,104.0,119,106.2,243,103.2,220,76.7,138,-1.4,264,-0.4,207,-1.1,273,+0.3,121,+1.1,86,+0.5,156,0.99,285,27.5,244,40.2,261,2009,0.40482805958905976,15,16,0.4838709677419355,31
270,Detroit,Horz,7-23,-9.54,91.4,319,101.0,132,63.9,233,-.004,171,+2.95,100,103.9,125,101.0,85,+1.60,116,,Horz,63.9,233,91.4,319,45.0,310,25.9,341,30.7,183,39.2,94,101.0,132,50.3,226,21.6,99,30.0,133,45.8,321,63.9,233,64.0,270,91.4,319,87.5,335,101.0,132,101.5,172,76.8,119,+2.1,51,+1.2,52,+0.9,64,+1.7,28,-2.1,325,-1.6,299,1.17,240,39.9,15,50.2,186,2009,0.24075166555649175,7,23,0.23333333333333334,30
141,Drake,MVC,17-16,+1.80,102.4,179,100.6,123,62.9,269,-.032,263,+0.60,144,103.3,148,102.7,159,-4.76,276,,MVC,62.9,269,102.4,179,49.2,160,19.9,151,27.1,281,40.5,61,100.6,123,49.2,166,20.1,177,28.8,78,28.2,16,62.9,269,62.7,303,102.4,179,101.5,166,100.6,123,99.7,127,75.5,304,-1.2,245,-0.5,216,-0.8,256,-1.6,313,-1.9,319,-0.3,214,1.77,89,29.9,195,52.8,161,2009,0.5508105617694885,17,16,0.5151515151515151,33
132,Drexel,CAA,15-14,+2.65,98.6,239,95.9,50,63.0,267,-.002,167,-0.14,165,102.4,190,102.5,146,+3.49,77,,CAA,63.0,267,98.6,239,41.6,342,19.3,107,38.2,20,39.0,99,95.9,50,43.7,6,17.6,316,29.8,126,39.9,251,63.0,267,63.7,275,98.6,239,96.3,267,95.9,50,95.3,45,75.0,328,-0.7,205,-0.2,191,-0.5,233,-2.4,333,-2.9,337,-1.3,286,1.62,124,28.0,231,61.5,88,2009,0.5791538220203286,15,14,0.5172413793103449,29
10,Duke,ACC,30-7,+24.31,117.5,7,93.2,28,66.3,127,+.053,47,+10.23,15,108.5,19,98.3,17,+3.18,84,2,ACC,66.3,127,117.5,7,50.5,106,17.3,21,37.0,27,41.3,46,93.2,28,47.8,108,23.3,31,30.7,156,31.0,56,66.3,127,69.3,72,117.5,7,111.4,19,93.2,28,95.2,38,77.6,41,+2.0,62,+0.9,69,+1.0,54,+0.5,108,+2.1,26,+2.2,36,2.05,39,31.8,144,73.5,23,2009,0.9348955578030179,30,7,0.8108108108108109,37
85,Duquesne,A10,21-13,+8.95,115.2,18,106.2,244,68.9,47,+.009,146,+2.83,101,103.7,131,100.9,83,-3.06,233,7,A10,68.9,47,115.2,18,54.5,15,19.0,86,30.3,199,37.4,153,106.2,244,52.1,296,22.1,74,34.3,284,33.8,117,68.9,47,70.2,54,115.2,18,110.9,23,106.2,244,105.5,262,76.0,228,-2.3,304,-1.2,300,-1.1,282,+0.0,174,+0.7,107,-0.3,195,1.52,145,23.6,314,39.9,264,2009,0.7181846933674336,21,13,0.6176470588235294,34
215,East Carolina,CUSA,13-17,-4.19,110.4,61,114.6,339,64.7,199,-.020,229,+2.18,113,104.1,117,101.9,124,+0.06,154,,CUSA,64.7,199,110.4,61,51.5,75,17.8,35,29.1,237,36.5,178,114.6,339,51.0,254,14.5,343,34.3,283,34.5,133,64.7,199,65.9,190,110.4,61,107.9,56,114.6,339,114.6,343,76.2,204,-0.7,204,+0.4,113,-1.1,281,+0.0,177,+0.8,97,-0.3,207,1.22,216,22.4,322,41.3,253,2009,0.3942736249310023,13,17,0.43333333333333335,30
105,East Tennessee St.,ASun,23-11,+5.67,106.4,108,100.7,126,69.6,31,-.048,289,-4.73,263,100.2,267,105.0,246,-1.26,189,16,ASun,69.6,31,106.4,108,50.7,103,18.7,70,31.1,168,39.5,86,100.7,126,48.0,116,22.4,59,30.6,154,32.4,78,69.6,31,72.1,18,106.4,108,107.0,72,100.7,126,96.8,72,76.9,110,-0.5,188,-0.5,210,-0.1,190,+0.0,151,+1.6,38,+1.7,59,1.71,105,28.0,232,51.0,178,2009,0.6532118522625522,23,11,0.6764705882352942,34
268,Eastern Illinois,OVC,12-18,-9.29,97.5,257,106.8,258,61.6,308,-.010,191,-3.90,247,102.9,167,106.8,327,-2.55,221,,OVC,61.6,308,97.5,257,48.8,181,20.2,167,29.8,218,32.7,271,106.8,258,50.5,238,18.8,264,31.4,187,33.6,107,61.6,308,63.1,293,97.5,257,99.9,197,106.8,258,106.1,269,76.0,238,-2.4,307,-0.4,204,-2.1,330,-0.5,234,-0.5,221,+1.1,84,1.33,192,26.9,262,37.9,278,2009,0.2596643540308174,12,18,0.4,30
155,Eastern Kentucky,OVC,18-13,+0.90,112.6,38,111.7,318,59.4,331,-.031,256,-4.50,259,101.3,232,105.8,291,-2.32,216,,OVC,59.4,331,112.6,38,56.2,3,17.9,38,29.8,220,28.4,331,111.7,318,53.0,318,22.7,49,39.1,340,31.4,59,59.4,331,61.5,321,112.6,38,114.3,7,111.7,318,108.5,313,76.5,159,-1.1,237,-1.4,315,+0.4,125,+0.0,187,+2.1,26,+1.2,81,1.47,162,33.7,106,47.9,210,2009,0.5230555413334407,18,13,0.5806451612903226,31
308,Eastern Michigan,MAC,8-24,-14.97,90.2,329,105.1,221,61.2,313,+.001,161,-1.70,196,100.6,252,102.3,141,+3.45,79,,MAC,61.2,313,90.2,329,43.8,327,24.6,328,31.4,157,34.7,210,105.1,221,50.5,239,20.7,143,30.9,161,33.1,95,61.2,313,62.2,314,90.2,329,87.4,336,105.1,221,102.7,206,76.7,137,+0.1,163,-0.1,178,+0.2,151,+1.0,60,+0.9,95,-1.3,255,0.98,287,36.2,59,38.2,272,2009,0.14702184148932676,8,24,0.25,32
253,Eastern Washington,BSky,12-18,-7.74,97.7,251,105.4,226,63.6,251,+.051,51,-0.57,172,103.6,139,104.1,211,+5.81,43,,BSky,63.6,251,97.7,251,47.0,251,19.3,105,27.7,272,30.4,310,105.4,226,51.6,281,19.0,247,27.8,54,43.6,303,63.6,251,64.5,262,97.7,251,96.9,249,105.4,226,105.0,252,75.2,322,+0.6,131,+0.1,155,+0.5,116,-1.5,310,-1.4,285,-4.3,338,1.11,255,35.3,71,50.2,187,2009,0.2947546614136061,12,18,0.4,30
291,Elon,SC,11-20,-12.50,94.9,289,107.4,265,63.9,229,+.027,97,-3.70,244,103.0,160,106.7,324,+6.18,38,,SC,63.9,229,94.9,289,48.4,198,20.2,172,25.8,310,33.3,248,107.4,265,52.5,303,19.3,229,30.9,164,36.8,185,63.9,229,65.9,192,94.9,289,96.8,253,107.4,265,107.7,301,75.8,251,-0.9,231,-0.5,216,-0.5,234,-1.1,297,-1.5,293,-1.3,263,1.63,122,36.4,55,57.0,122,2009,0.1941964849685121,11,20,0.3548387096774194,31
128,Evansville,MVC,17-14,+3.10,102.7,171,99.6,98,66.5,116,+.016,126,+1.36,125,103.6,137,102.2,136,-4.22,259,,MVC,66.5,116,102.7,171,47.7,222,19.4,112,27.7,271,45.3,14,99.6,98,50.2,221,22.2,66,29.1,96,35.6,157,66.5,116,66.8,151,102.7,171,99.8,199,99.6,98,98.9,108,75.9,242,-1.3,255,+0.3,123,-1.6,313,+0.0,203,-1.9,305,-0.3,223,2.12,30,25.0,296,66.5,53,2009,0.5872174981832339,17,14,0.5483870967741935,31
266,FIU,SB,13-20,-8.84,97.3,262,106.1,240,64.2,221,+.049,55,-1.44,188,103.3,149,104.7,237,+3.95,69,,SB,64.2,221,97.3,262,47.4,231,22.3,274,30.5,192,38.9,100,106.1,240,50.5,234,18.9,253,31.5,191,36.1,165,64.2,221,65.1,230,97.3,262,95.9,270,106.1,240,105.4,260,76.4,181,+2.4,38,+1.5,35,+0.9,85,-0.5,228,-1.6,297,-1.3,267,1.18,234,40.0,14,44.0,236,2009,0.2697866778447555,13,20,0.3939393939393939,33
173,Fairfield,MAAC,17-15,-0.77,103.2,158,104.0,191,63.6,246,+.080,19,+0.28,150,101.3,229,101.1,87,+3.26,83,,MAAC,63.6,246,103.2,158,47.9,213,19.7,137,31.4,159,36.1,186,104.0,191,48.7,146,19.2,237,32.1,218,33.2,99,63.6,246,66.0,188,103.2,158,99.2,210,104.0,191,101.7,179,76.4,168,+1.1,101,+0.7,81,+0.4,127,+0.5,111,-1.1,277,-0.5,235,2.01,49,37.7,35,69.5,36,2009,0.4778136957873989,17,15,0.53125,32
335,Fairleigh Dickinson,NEC,7-23,-21.55,91.4,320,112.9,329,67.8,68,+.041,70,-6.23,294,99.9,275,106.1,308,+2.32,102,,NEC,67.8,68,91.4,320,45.7,292,24.0,320,30.2,205,42.5,31,112.9,329,53.0,320,20.3,163,38.0,335,31.9,69,67.8,68,68.6,96,91.4,320,91.5,316,112.9,329,109.3,322,75.5,297,-0.8,215,+0.0,162,-0.8,259,-3.0,339,-1.9,320,-0.1,178,1.35,190,25.6,284,23.9,327,2009,0.0809539752537216,7,23,0.23333333333333334,30
35,Florida,SEC,25-11,+16.16,115.1,21,98.9,88,65.8,151,-.076,326,+2.61,104,104.0,122,101.4,104,-8.15,321,1,SEC,65.8,151,115.1,21,54.6,14,17.4,25,31.0,172,30.0,315,98.9,88,50.5,237,21.6,100,29.9,129,29.9,35,65.8,151,68.7,95,115.1,21,112.4,12,98.9,88,98.4,98,77.1,79,+2.2,46,+0.3,125,+1.9,18,+2.3,8,-0.3,208,-3.3,329,1.47,160,28.0,233,61.0,90,2009,0.8512525417706269,25,11,0.6944444444444444,36
330,Florida A&M,MEAC,10-21,-19.87,90.7,327,110.5,307,66.2,134,+.083,15,-6.76,303,97.9,314,104.6,234,+5.00,52,,MEAC,66.2,134,90.7,327,44.9,313,20.1,164,24.0,327,32.7,272,110.5,307,51.1,260,22.3,61,38.2,336,39.1,236,66.2,134,66.9,147,90.7,327,90.5,323,110.5,307,105.7,265,74.6,340,-3.0,326,-1.2,295,-1.8,319,-1.4,307,-1.6,294,-4.3,336,1.49,156,36.2,58,49.9,191,2009,0.09357297735289163,10,21,0.3225806451612903,31
285,Florida Atlantic,SB,6-26,-11.58,101.5,204,113.1,332,64.1,227,-.075,324,-1.00,177,102.7,176,103.7,193,+2.45,99,,SB,64.1,227,101.5,204,46.3,278,18.6,64,30.8,178,33.0,260,113.1,332,50.5,233,16.5,333,34.9,299,38.2,217,64.1,227,65.2,227,101.5,204,100.1,192,113.1,332,111.3,334,75.7,272,-2.0,291,-1.1,293,-0.9,266,-1.1,294,-1.9,310,-0.3,210,1.32,197,26.5,268,41.1,255,2009,0.22366126817076093,6,26,0.1875,32
295,Florida Gulf Coast,ASun,11-20,-13.17,92.3,312,105.5,227,69.2,38,+.026,103,-4.75,264,100.5,259,105.2,257,-0.28,164,,ASun,69.2,38,92.3,312,45.6,295,24.5,327,28.3,260,43.5,26,105.5,227,49.3,175,21.4,112,34.4,287,40.7,266,69.2,38,70.9,37,92.3,312,92.2,310,105.5,227,102.1,188,75.5,305,-1.4,263,-0.3,203,-1.1,290,-2.0,324,-0.9,245,-2.1,301,0.48,340,34.1,97,17.8,335,2009,0.1769472932041843,11,20,0.3548387096774194,31
39,Florida St.,ACC,25-10,+15.76,105.9,116,90.1,7,65.9,148,+.066,28,+10.01,21,109.2,6,99.2,42,+0.60,140,5,ACC,65.9,148,105.9,116,49.2,163,22.7,291,33.7,84,39.2,93,90.1,7,44.7,19,22.0,77,33.2,255,35.7,159,65.9,148,68.0,113,105.9,116,100.2,190,90.1,7,94.9,34,78.9,1,+5.1,4,+2.6,9,+2.5,2,+2.3,10,+2.6,13,+2.7,17,1.56,140,36.5,48,37.3,282,2009,0.8650769109381948,25,10,0.7142857142857143,35
321,Fordham,A10,3-25,-18.68,93.2,308,111.9,319,66.7,108,-.014,205,+1.76,117,103.4,147,101.6,112,-5.05,282,,A10,66.7,108,93.2,308,43.2,334,17.9,39,26.0,304,31.0,302,111.9,319,55.1,338,21.1,123,38.0,334,41.1,269,66.7,108,67.8,117,93.2,308,90.4,325,111.9,319,113.0,339,76.7,136,+0.7,122,+1.0,59,-0.3,223,+1.0,80,+1.5,45,-0.1,177,0.52,339,36.0,61,18.0,334,2009,0.10881859474610904,3,25,0.10714285714285714,28
207,Fresno St.,WAC,13-21,-3.78,99.7,227,103.5,182,66.5,115,-.043,279,-0.15,166,103.7,134,103.8,199,-3.00,230,,WAC,66.5,115,99.7,227,50.2,119,20.9,209,28.9,239,36.5,177,103.5,182,49.2,169,19.6,206,33.1,252,30.9,51,66.5,115,66.6,161,99.7,227,99.3,209,103.5,182,103.5,223,77.6,37,+1.9,63,+0.5,107,+1.4,36,+1.0,53,+1.1,59,+1.3,80,0.78,314,26.5,267,17.7,336,2009,0.39408615311507295,13,21,0.38235294117647056,34
327,Furman,SC,6-24,-19.21,91.3,321,110.5,305,63.8,237,-.026,240,-3.91,248,102.8,171,106.7,323,+4.26,64,,SC,63.8,237,91.3,321,45.3,305,21.1,218,27.3,275,34.1,231,110.5,305,53.6,325,19.3,228,32.1,214,44.5,311,63.8,237,64.9,246,91.3,321,92.8,298,110.5,305,110.2,331,77.0,93,+3.1,17,+1.0,61,+2.1,10,-0.1,208,-0.9,241,+0.3,161,1.20,223,39.4,19,63.9,71,2009,0.10020540018367,6,24,0.2,30
232,Gardner Webb,BSth,13-17,-5.90,101.6,200,107.5,267,68.5,54,-.050,295,-3.32,234,101.4,223,104.8,238,+10.36,14,,BSth,68.5,54,101.6,200,49.1,166,20.0,157,31.7,151,31.5,289,107.5,267,51.2,263,19.3,231,32.1,212,38.4,223,68.5,54,71.0,34,101.6,200,101.4,168,107.5,267,105.8,266,75.2,318,-4.0,340,-1.9,334,-2.1,335,-1.0,273,-1.1,278,-0.3,194,1.32,196,29.4,207,57.3,119,2009,0.3431824399542431,13,17,0.43333333333333335,30
89,George Mason,CAA,22-11,+8.04,104.6,136,96.6,59,62.2,294,-.011,197,-0.25,168,102.7,175,102.9,165,-0.25,162,7,CAA,62.2,294,104.6,136,49.8,141,18.2,51,33.0,103,33.0,262,96.6,59,45.6,34,20.0,185,28.7,75,29.8,34,62.2,294,63.2,289,104.6,136,103.8,123,96.6,59,95.2,37,75.8,255,-1.0,235,-0.9,266,-0.1,200,+0.0,186,-0.3,209,-1.3,259,1.68,116,27.1,255,48.4,204,2009,0.7140212710934711,22,11,0.6666666666666666,33
187,George Washington,A10,10-18,-2.17,102.2,183,104.4,205,63.0,265,-.066,314,+1.40,124,104.0,121,102.6,151,-3.17,236,,A10,63.0,265,102.2,183,49.4,154,21.9,255,30.9,176,38.5,114,104.4,205,47.7,101,18.0,308,33.3,260,37.5,198,63.0,265,64.6,257,102.2,183,100.4,185,104.4,205,104.4,240,76.5,156,+1.6,78,+0.1,146,+1.5,29,+0.0,143,+0.1,156,-1.1,246,1.58,134,35.9,63,63.3,75,2009,0.4390725351818446,10,18,0.35714285714285715,28
31,Georgetown,BE,16-15,+16.96,111.1,51,94.2,36,62.7,277,-.106,340,+11.11,7,108.7,16,97.6,5,+2.49,96,6,BE,62.7,277,111.1,51,53.0,41,21.6,246,31.0,171,41.9,41,94.2,36,45.9,40,21.6,98,35.4,304,33.3,102,62.7,277,64.3,266,111.1,51,106.0,88,94.2,36,97.5,82,77.6,43,+4.0,13,+2.0,15,+1.9,16,+0.2,133,+0.7,104,+1.7,58,1.37,184,27.1,256,42.7,240,2009,0.8696220240767456,16,15,0.5161290322580645,31
198,Georgia,SEC,12-20,-2.95,95.4,283,98.3,76,68.1,64,-.005,177,+4.82,75,105.0,92,100.2,64,-5.86,297,,SEC,68.1,64,95.4,283,46.3,275,24.1,322,32.2,136,29.9,318,98.3,76,48.2,125,20.3,165,31.5,190,28.3,18,68.1,64,70.4,46,95.4,283,91.1,318,98.3,76,98.5,101,76.8,120,+1.7,76,+0.5,109,+1.2,46,-0.5,233,-0.9,236,-0.3,196,1.09,262,38.3,27,50.3,185,2009,0.41474769823407887,12,20,0.375,32
307,Georgia Southern,SC,8-22,-14.75,98.0,248,112.7,327,68.9,48,-.016,216,-3.06,221,103.1,156,106.1,307,+9.54,17,,SC,68.9,48,98.0,248,48.9,173,20.5,186,29.7,222,30.0,316,112.7,327,54.2,330,19.3,226,36.4,318,42.8,291,68.9,48,70.6,40,98.0,248,99.0,213,112.7,327,111.9,337,75.8,258,-1.3,254,-1.0,268,-0.3,222,-0.8,248,+0.1,174,-0.7,237,0.79,313,41.1,11,36.4,288,2009,0.16696904904367074,8,22,0.26666666666666666,30
228,Georgia St.,CAA,12-20,-5.60,98.7,236,104.3,201,60.1,325,-.031,254,-0.08,163,102.0,210,102.0,129,-0.79,179,,CAA,60.1,325,98.7,236,46.8,259,19.6,128,28.7,246,30.0,314,104.3,201,50.0,214,20.4,156,31.8,204,35.2,146,60.1,325,61.1,327,98.7,236,95.6,273,104.3,201,102.5,201,76.7,140,+0.6,128,-0.4,205,+0.9,79,+0.9,90,-0.4,211,+0.7,126,1.67,117,33.1,116,47.9,211,2009,0.34645832200617727,12,20,0.375,32
98,Georgia Tech,ACC,12-19,+6.73,100.4,218,93.7,32,70.5,19,-.107,341,+7.67,50,107.3,45,99.6,50,-4.44,265,,ACC,70.5,19,100.4,218,47.9,214,22.6,285,33.7,87,35.6,195,93.7,32,47.1,80,21.5,104,30.4,149,38.0,216,70.5,19,72.9,11,100.4,218,96.2,269,93.7,32,96.5,63,77.7,30,+2.8,26,+0.9,72,+1.9,20,+0.0,165,+1.1,70,+1.7,46,1.25,211,30.2,187,49.9,190,2009,0.6887402018626507,12,19,0.3870967741935484,31
8,Gonzaga,WCC,28-6,+24.51,117.5,8,93.0,24,67.1,97,+.003,156,+4.63,78,105.1,89,100.5,74,+10.61,13,4,WCC,67.1,97,117.5,8,55.2,6,16.1,7,29.5,229,35.5,197,93.0,24,44.2,10,20.9,132,29.2,100,29.6,29,67.1,97,68.2,110,117.5,8,114.8,5,93.0,24,92.1,8,78.5,8,+5.0,5,+3.0,5,+1.9,13,+1.0,73,+0.6,111,-0.3,181,2.01,47,27.0,260,69.2,37,2009,0.9363831676511888,28,6,0.8235294117647058,34
341,Grambling St.,SWAC,6-23,-27.10,89.8,330,116.9,343,61.8,303,-.015,210,-10.00,330,96.6,329,106.6,320,+4.77,56,,SWAC,61.8,303,89.8,330,45.9,288,22.4,278,27.3,277,33.1,256,116.9,343,52.9,317,18.6,273,34.5,288,36.1,163,61.8,303,64.6,258,89.8,330,90.0,327,116.9,343,110.7,333,74.9,331,-2.2,301,-1.1,289,-1.1,289,-0.8,254,-1.9,313,-2.8,324,0.97,288,38.0,30,44.9,227,2009,0.0459597533511437,6,23,0.20689655172413793,29
79,Green Bay,Horz,22-11,+10.16,112.9,36,102.7,170,65.0,182,-.018,222,+0.55,145,102.8,169,102.3,140,-0.86,181,,Horz,65.0,182,112.9,36,51.6,73,18.8,76,32.0,141,38.6,112,102.7,170,47.9,110,22.1,75,35.8,310,38.0,215,65.0,182,65.3,220,112.9,36,110.3,25,102.7,170,101.1,162,76.8,123,+2.8,27,+0.6,97,+2.2,8,+1.2,47,-0.2,200,-1.3,264,2.49,8,30.3,186,75.4,17,2009,0.7481818895975825,22,11,0.6666666666666666,33
275,Hampton,MEAC,16-16,-9.99,86.3,339,96.3,55,63.5,257,+.029,94,-8.77,320,97.0,325,105.7,289,-1.64,199,,MEAC,63.5,257,86.3,339,41.9,341,25.2,337,35.0,54,37.6,144,96.3,55,44.6,18,25.4,9,34.5,289,35.4,149,63.5,257,64.6,256,86.3,339,87.6,334,96.3,55,89.9,4,75.3,314,-0.7,209,-0.9,267,+0.2,147,-2.3,332,-1.9,311,-0.7,238,1.17,239,41.8,7,58.7,107,2009,0.22082841488112429,16,16,0.5,32
313,Hartford,AE,7-26,-15.94,92.1,314,108.0,279,63.4,259,-.019,227,-2.62,213,101.5,220,104.2,216,+1.31,122,,AE,63.4,259,92.1,314,47.0,249,20.9,214,21.3,338,28.2,333,108.0,279,52.6,305,21.4,106,32.3,223,45.2,318,63.4,259,64.9,245,92.1,314,92.3,308,108.0,279,106.9,288,75.9,244,-0.6,192,-0.1,176,-0.5,235,-1.6,314,-0.9,235,-0.8,242,1.77,86,25.2,293,62.3,85,2009,0.13806595305141525,7,26,0.21212121212121213,33
254,Harvard,Ivy,14-14,-7.76,102.4,180,110.1,302,65.1,177,+.041,68,-6.38,296,98.0,311,104.4,226,-2.98,229,,Ivy,65.1,177,102.4,180,52.3,62,21.0,216,24.6,321,42.2,35,110.1,302,51.3,268,21.3,115,33.2,254,32.9,92,65.1,177,64.4,263,102.4,180,102.1,156,110.1,302,104.5,242,76.0,226,-1.2,250,-1.0,276,-0.3,217,-1.4,308,+0.1,176,+0.9,90,1.77,87,36.3,56,51.6,170,2009,0.30284707673870276,14,14,0.5,28
214,Hawaii,WAC,13-17,-4.17,97.2,265,101.3,138,63.9,232,-.030,252,-3.56,242,101.9,211,105.5,273,-9.88,336,,WAC,63.9,232,97.2,265,45.9,289,23.8,315,38.5,14,44.8,16,101.3,138,48.2,124,21.0,127,31.1,176,39.3,240,63.9,232,65.0,237,97.2,265,98.0,229,101.3,138,99.9,131,78.2,14,+2.8,28,+0.8,75,+1.9,17,+3.0,2,+0.9,96,+2.7,23,0.64,333,32.0,140,23.5,328,2009,0.3834026329048434,13,17,0.43333333333333335,30
306,High Point,BSth,9-21,-14.72,91.0,324,105.7,231,63.5,253,-.027,243,-5.92,287,100.6,254,106.5,316,-2.21,212,,BSth,63.5,253,91.0,324,46.1,287,23.9,318,33.9,76,27.4,336,105.7,231,49.6,193,20.1,179,33.6,270,35.2,148,63.5,253,66.4,167,91.0,324,92.4,305,105.7,231,102.7,207,76.9,102,+1.1,103,+1.6,30,-0.5,237,-0.8,252,+0.1,161,+2.0,38,0.92,295,29.4,208,42.2,244,2009,0.1516044767578972,9,21,0.3,30
169,Hofstra,CAA,21-11,-0.56,97.9,249,98.4,80,67.0,102,+.148,1,-1.39,187,102.0,209,103.4,181,-1.72,202,,CAA,67.0,102,97.9,249,44.0,325,21.7,250,37.7,22,38.1,127,98.4,80,45.0,27,19.6,210,28.1,61,45.7,320,67.0,102,67.8,118,97.9,249,96.5,261,98.4,80,96.6,66,77.2,69,+2.0,57,+1.2,49,+0.8,90,+0.1,139,+0.7,103,+0.7,104,1.31,200,42.0,5,63.3,76,2009,0.48535820565699656,21,11,0.65625,32
182,Holy Cross,Pat,18-14,-1.39,98.7,235,100.1,114,64.5,213,-.027,244,-6.38,297,98.5,302,104.9,244,-1.59,195,,Pat,64.5,213,98.7,235,47.2,236,23.8,316,38.4,17,37.3,156,100.1,114,47.9,113,23.0,40,25.1,10,48.5,331,64.5,213,65.2,221,98.7,235,98.8,217,100.1,114,94.6,30,77.4,54,+2.9,23,+1.0,62,+1.9,15,+0.5,115,+0.1,150,+0.8,95,1.51,152,34.8,80,57.1,121,2009,0.459594672879908,18,14,0.5625,32
70,Houston,CUSA,21-12,+11.49,109.2,76,97.7,69,68.5,55,-.038,272,+1.63,118,104.2,113,102.5,149,-4.81,277,,CUSA,68.5,55,109.2,76,47.0,250,13.7,2,31.4,155,36.5,176,97.7,69,46.4,51,21.5,102,33.5,265,32.5,81,68.5,55,69.8,62,109.2,76,107.6,62,97.7,69,97.2,78,76.9,103,-0.6,194,+1.0,65,-1.6,310,+0.0,192,+1.1,57,-0.8,241,0.99,284,22.6,320,32.8,308,2009,0.7824011398700131,21,12,0.6363636363636364,33
319,Houston Baptist,ind,5-25,-18.16,95.9,280,114.1,336,70.3,20,-.051,297,+0.44,147,103.5,140,103.0,168,+3.77,71,,ind,70.3,20,95.9,280,46.9,256,21.5,240,26.0,303,32.4,279,114.1,336,55.0,337,19.2,238,35.7,309,39.7,249,70.3,20,72.0,20,95.9,280,93.7,293,114.1,336,114.4,342,75.1,324,-0.2,179,-0.2,188,-0.1,191,-0.7,244,-1.3,282,-4.5,340,0.74,318,35.0,78,0.0,0,2009,0.11937662119895255,5,25,0.16666666666666666,30
329,Howard,MEAC,8-23,-19.82,90.9,325,110.8,310,65.4,166,+.000,165,-8.45,317,96.9,326,105.4,263,-1.59,196,,MEAC,65.4,166,90.9,325,47.2,237,23.3,303,24.2,323,40.8,55,110.8,310,50.5,236,19.8,193,34.7,292,34.0,120,65.4,166,66.7,159,90.9,325,91.1,319,110.8,310,104.8,249,77.4,57,+0.4,141,+0.1,147,+0.3,144,+1.0,80,+1.6,39,+2.3,32,1.63,121,35.7,65,72.9,25,2009,0.09307805962364073,8,23,0.25806451612903225,31
216,IPFW,Sum,13-17,-4.29,102.5,177,106.8,257,65.3,170,+.024,108,+0.72,141,104.1,116,103.4,182,+7.31,28,,Sum,65.3,170,102.5,177,49.4,151,19.6,125,24.1,326,36.4,179,106.8,257,51.5,280,18.8,265,31.3,180,37.0,194,65.3,170,65.1,228,102.5,177,99.9,196,106.8,257,106.6,285,76.2,202,-0.8,225,-0.7,238,-0.2,216,+0.0,172,+0.4,123,+0.7,134,1.18,233,27.7,237,41.6,250,2009,0.3840024694154396,13,17,0.43333333333333335,30
175,IUPUI,Sum,16-14,-0.79,103.8,150,104.6,209,61.2,312,-.008,186,-1.12,180,103.9,124,105.0,249,+3.39,81,,Sum,61.2,312,103.8,150,51.8,66,19.8,145,29.5,227,35.0,205,104.6,209,53.4,322,21.7,93,28.7,76,28.9,23,61.2,312,61.4,325,103.8,150,103.8,124,104.6,209,104.3,239,75.9,248,-1.6,272,-1.4,320,-0.1,211,+1.0,86,-1.8,302,-2.3,311,1.40,177,30.9,169,49.4,192,2009,0.47794128296460475,16,14,0.5333333333333333,30
160,Idaho,WAC,17-16,+0.25,104.4,140,104.1,195,62.4,290,+.017,124,+0.50,146,103.5,142,103.0,166,-0.42,173,,WAC,62.4,290,104.4,140,51.5,74,19.1,93,26.3,299,40.0,70,104.1,195,49.6,186,20.5,152,33.6,269,36.3,173,62.4,290,63.4,286,104.4,140,102.5,147,104.1,195,103.6,225,77.0,97,-0.1,172,-0.1,173,-0.1,178,+0.0,183,+1.1,67,+2.7,19,0.54,337,25.5,288,16.1,338,2009,0.5082726320144005,17,16,0.5151515151515151,33
193,Idaho St.,BSky,13-19,-2.64,102.7,167,105.4,225,62.6,281,-.027,242,+1.48,121,104.7,98,103.2,174,+11.13,11,,BSky,62.6,281,102.7,167,50.3,115,20.1,161,29.8,219,38.2,123,105.4,225,49.4,178,18.8,267,30.9,162,44.3,307,62.6,281,62.5,305,102.7,167,101.2,170,105.4,225,106.5,284,78.1,19,+2.7,30,+1.8,20,+0.8,88,+2.0,19,+1.8,33,+0.7,105,1.63,120,38.0,29,74.8,21,2009,0.4259410902217393,13,19,0.40625,32
25,Illinois,B10,24-10,+18.72,106.8,104,88.1,4,62.8,271,+.001,164,+7.96,45,106.5,55,98.6,23,-3.36,239,5,B10,62.8,271,106.8,104,51.1,89,18.8,75,27.4,274,22.5,344,88.1,4,44.2,11,21.3,116,30.1,141,26.7,12,62.8,271,63.1,292,106.8,104,101.8,162,88.1,4,90.2,5,77.7,34,+3.9,14,+2.9,6,+1.0,53,-0.3,217,+0.1,162,+2.5,31,1.79,82,25.7,281,64.5,68,2009,0.9014625682340923,24,10,0.7058823529411765,34
129,Illinois Chicago,Horz,16-15,+3.01,105.6,120,102.6,167,65.1,178,-.022,232,+1.33,126,102.6,179,101.3,98,+0.23,147,,Horz,65.1,178,105.6,120,46.5,266,19.6,124,34.5,64,32.2,281,102.6,167,47.6,99,19.6,212,31.1,172,32.7,84,65.1,178,65.4,216,105.6,120,102.0,161,102.6,167,101.1,163,76.7,134,+1.8,70,+2.0,17,-0.2,214,+0.0,158,-1.5,292,-0.3,224,1.57,136,24.9,298,58.3,109,2009,0.5821085039256702,16,15,0.5161290322580645,31
60,Illinois St.,MVC,24-10,+12.44,109.0,78,96.5,58,64.2,223,-.038,273,+1.10,131,103.1,153,102.0,130,-4.41,263,5,MVC,64.2,223,109.0,78,52.1,64,19.1,94,31.7,150,34.3,224,96.5,58,46.9,72,19.5,214,24.9,8,31.0,55,64.2,223,64.2,267,109.0,78,107.6,63,96.5,58,95.9,53,75.7,279,-0.8,212,-0.5,216,-0.3,220,-1.0,285,-0.1,191,-1.0,244,1.23,214,23.9,310,48.9,195,2009,0.8023038348133458,24,10,0.7058823529411765,34
209,Indiana,B10,6-25,-3.92,99.1,231,103.0,174,65.4,164,-.030,253,+11.49,3,109.1,9,97.6,7,+4.29,63,,B10,65.4,164,99.1,231,47.9,215,26.4,342,30.4,193,37.4,152,103.0,174,54.6,334,21.1,125,32.2,221,36.5,177,65.4,164,65.1,229,99.1,231,91.1,320,103.0,174,108.0,306,76.6,145,-1.0,233,+0.1,153,-1.1,275,+0.4,118,+0.6,114,+0.1,168,0.11,342,32.0,141,3.9,341,2009,0.39081331124959234,6,25,0.1935483870967742,31
203,Indiana St.,MVC,11-21,-3.36,102.6,172,105.9,237,63.3,261,+.007,149,+2.67,103,103.8,128,101.1,89,-0.54,177,,MVC,63.3,261,102.6,172,48.5,195,21.6,245,27.9,268,35.1,204,105.9,237,49.9,209,19.3,232,32.7,240,42.3,288,63.3,261,63.3,288,102.6,172,98.0,228,105.9,237,106.4,278,76.3,196,-1.7,277,+0.4,112,-2.1,327,+0.0,203,-0.9,242,+0.7,124,1.17,236,30.3,183,35.2,298,2009,0.4099773096543089,11,21,0.34375,32
195,Iona,MAAC,12-19,-2.73,96.0,277,98.7,85,63.8,236,-.065,311,-1.20,182,101.1,235,102.3,142,+0.03,156,,MAAC,63.8,236,96.0,277,47.0,254,23.4,307,29.9,210,47.3,3,98.7,85,47.9,111,23.0,43,28.5,67,41.4,275,63.8,236,64.9,242,96.0,277,94.3,288,98.7,85,96.2,57,76.1,216,+1.0,106,+1.4,37,-0.4,230,-1.5,309,-0.9,262,-0.3,193,1.25,210,41.5,8,41.3,252,2009,0.4209261334601592,12,19,0.3870967741935484,31
87,Iowa,B10,15-17,+8.44,108.6,84,100.2,116,57.6,341,-.055,303,+7.89,47,107.6,37,99.7,53,-3.27,237,,B10,57.6,341,108.6,84,53.0,40,20.9,208,26.3,297,33.8,239,100.2,116,49.8,202,18.9,261,28.9,88,32.0,71,57.6,341,57.0,344,108.6,84,104.3,116,100.2,116,102.8,208,77.1,80,-0.7,201,-0.6,232,-0.1,195,+1.0,74,+2.1,18,+1.7,42,0.82,308,35.0,75,37.9,276,2009,0.7162197814074677,15,17,0.46875,32
113,Iowa St.,B12,15-17,+4.60,102.5,176,97.9,71,63.7,239,-.017,221,+5.50,67,106.3,58,100.8,79,-8.10,319,,B12,63.7,239,102.5,176,50.0,125,18.3,52,21.1,339,28.3,332,97.9,71,47.2,84,16.2,338,26.1,20,28.5,20,63.7,239,65.3,218,102.5,176,99.1,212,97.9,71,99.9,134,77.9,26,+2.8,29,+2.0,14,+0.7,93,+0.0,169,+1.1,75,+1.8,41,1.04,273,31.5,151,55.3,138,2009,0.6290251253888529,15,17,0.46875,32
247,Jackson St.,SWAC,18-15,-7.10,98.1,247,105.2,222,67.8,69,+.059,38,-8.50,318,97.6,320,106.1,305,+13.97,3,,SWAC,67.8,69,98.1,247,47.1,239,22.1,265,34.6,60,42.9,27,105.2,222,49.8,198,21.2,119,31.1,175,40.1,257,67.8,69,70.3,50,98.1,247,99.4,208,105.2,222,100.1,138,76.6,150,-0.9,230,-1.0,275,+0.1,160,-0.2,214,+0.6,112,+1.7,64,1.59,131,26.9,264,57.3,118,2009,0.30926168795252806,18,15,0.5454545454545454,33
122,Jacksonville,ASun,18-14,+3.87,108.2,88,104.4,206,66.2,129,-.071,319,-3.19,227,100.5,255,103.7,195,+4.84,54,8,ASun,66.2,129,108.2,88,50.1,122,20.7,202,39.0,9,40.6,58,104.4,206,51.0,255,22.7,48,28.8,80,42.1,287,66.2,129,68.2,109,108.2,88,107.5,65,104.4,206,100.2,141,75.6,286,-0.9,227,-0.8,251,-0.1,201,+0.9,92,-1.1,279,-1.3,289,2.10,32,32.2,133,80.4,12,2009,0.6013622637769706,18,14,0.5625,32
256,Jacksonville St.,OVC,11-17,-7.87,100.4,217,108.3,280,64.3,219,-.033,265,-2.65,214,103.4,146,106.0,304,+3.07,88,,OVC,64.3,219,100.4,217,48.0,209,19.9,152,33.7,85,40.6,59,108.3,280,52.1,293,19.3,233,31.1,174,37.7,206,64.3,219,66.9,143,100.4,217,102.0,160,108.3,280,107.8,302,74.9,330,-2.5,310,-0.8,255,-1.6,314,-2.0,326,+0.1,176,-4.0,334,1.19,230,31.8,145,54.2,147,2009,0.2950371371372241,11,17,0.39285714285714285,28
133,James Madison,CAA,21-15,+2.42,105.8,118,103.3,180,65.9,146,+.027,100,-1.83,199,101.6,217,103.4,186,-4.69,273,,CAA,65.9,146,105.8,118,51.2,87,20.5,185,28.9,240,37.3,157,103.3,180,47.8,109,19.4,222,32.4,230,33.4,104,65.9,146,66.9,148,105.8,118,104.4,113,103.3,180,101.3,168,76.9,106,-1.1,238,-1.4,320,+0.4,128,+0.5,112,+1.1,71,+0.7,99,1.76,91,27.9,234,48.3,205,2009,0.568320265103599,21,15,0.5833333333333334,36
14,Kansas,B12,27-8,+23.83,114.5,23,90.7,11,67.2,93,-.013,202,+8.83,37,107.9,32,99.1,39,+1.55,117,3,B12,67.2,93,114.5,23,53.4,32,21.6,243,35.4,45,39.5,85,90.7,11,44.0,8,18.9,255,27.3,41,35.0,143,67.2,93,69.4,71,114.5,23,109.8,30,90.7,11,94.0,19,76.6,142,+2.5,36,+1.9,19,+0.6,101,-1.0,284,+1.1,86,-0.3,215,0.66,330,25.5,290,15.0,339,2009,0.9358181586834424,27,8,0.7714285714285715,35
51,Kansas St.,B12,22-12,+14.18,109.4,72,95.2,40,67.4,84,-.019,228,+5.84,63,106.2,62,100.3,71,-8.12,320,4,B12,67.4,84,109.4,72,48.5,192,19.9,150,41.5,2,42.2,36,95.2,40,47.5,96,23.8,20,29.7,122,48.8,333,67.4,84,69.1,77,109.4,72,106.9,74,95.2,40,95.9,51,76.7,126,+3.0,22,+1.6,32,+1.4,34,+0.2,137,-0.5,219,+0.7,133,1.02,280,36.9,43,36.6,285,2009,0.8318584212188086,22,12,0.6470588235294118,34
337,Kennesaw St.,ASun,7-22,-23.44,89.6,331,113.0,331,61.6,311,+.007,148,-7.19,309,98.3,307,105.5,277,-12.22,343,,ASun,61.6,311,89.6,331,43.8,326,21.7,249,32.3,127,23.0,343,113.0,331,52.8,314,23.1,37,39.0,339,41.7,279,61.6,311,63.7,277,89.6,331,90.5,322,113.0,331,107.7,300,75.7,263,+0.6,127,+0.7,83,-0.1,197,-3.1,343,-1.9,322,+0.7,145,0.96,291,24.8,300,39.0,267,2009,0.06486554479521481,7,22,0.2413793103448276,29
124,Kent St.,MAC,19-15,+3.47,103.2,157,99.7,103,66.1,135,-.031,257,-1.00,178,100.9,247,101.9,126,+0.13,150,,MAC,66.1,135,103.2,157,48.5,190,18.9,79,30.6,185,34.5,217,99.7,103,46.5,55,23.3,33,32.5,234,41.8,282,66.1,135,66.2,178,103.2,157,100.8,176,99.7,103,96.4,62,76.1,222,-0.2,174,+0.4,111,-0.6,240,-0.3,219,-0.9,239,-0.3,199,1.56,138,33.3,112,51.6,171,2009,0.5979153439321114,19,15,0.5588235294117647,34
48,Kentucky,SEC,22-14,+14.62,107.8,91,93.2,27,66.6,111,-.073,321,+5.14,69,106.5,56,101.4,101,-5.74,295,4,SEC,66.6,111,107.8,91,53.4,33,23.8,317,33.1,97,40.1,67,93.2,27,44.9,26,19.9,187,29.2,103,33.3,101,66.6,111,70.3,51,107.8,91,105.4,94,93.2,27,94.5,27,78.7,3,+1.6,77,+0.7,88,+0.9,59,+3.0,4,+2.9,11,+3.7,4,1.20,222,28.6,218,50.0,188,2009,0.8420544429214373,22,14,0.6111111111111112,36
243,LIU Brooklyn,NEC,16-14,-6.74,100.6,215,107.4,263,67.4,83,-.035,271,-10.91,337,96.3,332,107.2,335,-8.17,322,,NEC,67.4,83,100.6,215,46.4,273,19.0,88,34.2,67,42.5,30,107.4,263,49.0,157,19.2,236,28.0,59,32.4,77,67.4,83,67.7,125,100.6,215,103.4,133,107.4,263,99.9,132,75.2,321,-3.8,337,-1.3,304,-2.6,343,-2.5,335,-0.9,266,+0.7,101,1.31,199,27.3,248,65.9,56,2009,0.32034405197404686,16,14,0.5333333333333333,30
46,LSU,SEC,27-8,+14.86,111.5,47,96.6,60,66.1,136,+.075,22,+3.50,92,104.6,101,101.1,86,-8.66,327,8,SEC,66.1,136,111.5,47,49.9,136,17.5,26,36.3,35,35.4,200,96.6,60,45.6,35,18.8,263,27.8,56,35.1,145,66.1,136,68.3,105,111.5,47,108.8,45,96.6,60,96.2,59,77.7,31,+0.5,138,+0.3,117,+0.1,156,+2.0,19,+2.3,16,+1.5,74,2.28,20,24.4,307,66.3,55,2009,0.8388406687171129,27,8,0.7714285714285715,35
106,La Salle,A10,18-13,+5.35,105.9,115,100.5,121,66.7,107,-.009,189,+1.08,132,103.0,163,101.9,128,-3.46,245,,A10,66.7,107,105.9,115,48.9,172,20.3,176,34.5,63,39.8,76,100.5,121,48.4,131,18.4,288,27.7,51,32.8,87,66.7,107,67.7,124,105.9,115,103.6,130,100.5,121,100.1,140,78.3,11,+0.3,146,-0.0,167,+0.3,132,+2.0,19,+3.1,7,+5.4,1,1.82,80,29.4,205,58.3,110,2009,0.6460866545710205,18,13,0.5806451612903226,31
317,Lafayette,Pat,8-22,-17.09,95.1,287,112.2,323,68.4,57,+.032,84,-6.61,299,97.6,318,104.2,220,-6.17,301,,Pat,68.4,57,95.1,287,47.4,233,24.1,323,28.6,252,34.2,227,112.2,323,52.7,309,21.9,87,34.0,277,37.5,197,68.4,57,68.7,89,95.1,287,94.6,286,112.2,323,106.2,273,76.0,225,+0.2,151,-0.1,181,+0.3,134,-1.3,302,+0.1,174,-0.3,203,1.10,258,32.0,142,27.6,323,2009,0.12993074087546508,8,22,0.26666666666666666,30
210,Lamar,Slnd,15-15,-3.96,100.4,220,104.4,204,66.4,120,+.032,85,-0.08,162,102.5,184,102.6,150,+5.62,47,,Slnd,66.4,120,100.4,220,46.4,274,19.4,109,30.2,203,42.8,28,104.4,204,49.7,196,18.7,272,28.8,79,38.0,213,66.4,120,69.0,80,100.4,220,98.7,220,104.4,204,104.3,238,74.9,332,-0.8,224,-0.8,246,-0.1,172,-1.3,303,-2.9,340,-2.3,315,0.87,303,31.4,152,37.1,284,2009,0.38953294485800893,15,15,0.5,30
265,Lehigh,Pat,15-14,-8.84,93.9,298,102.8,171,66.0,141,-.016,214,-10.40,332,94.9,342,105.3,262,-11.69,341,,Pat,66.0,141,93.9,298,43.4,331,19.4,118,30.2,204,38.9,101,102.8,171,44.8,23,19.6,209,26.7,28,34.4,129,66.0,141,66.5,166,93.9,298,95.0,279,102.8,171,93.4,17,75.8,260,-0.4,182,+0.1,151,-0.5,236,-1.0,278,-2.2,328,-2.3,309,1.52,148,31.5,150,62.7,82,2009,0.2608834013112104,15,14,0.5172413793103449,29
196,Liberty,BSth,23-12,-2.79,105.2,126,108.0,274,65.1,175,+.069,24,-5.43,278,100.0,271,105.4,267,+3.14,86,,BSth,65.1,175,105.2,126,52.6,53,19.1,95,27.8,270,36.2,183,108.0,274,50.7,244,20.3,162,33.9,275,26.1,9,65.1,175,67.2,137,105.2,126,106.3,81,108.0,274,104.0,234,76.2,213,-4.4,342,-2.3,340,-2.1,332,-0.8,255,+1.1,86,+2.3,35,1.31,198,23.4,315,31.3,312,2009,0.42504880570177644,23,12,0.6571428571428571,35
158,Lipscomb,ASun,17-14,+0.44,105.5,122,105.1,217,67.7,74,-.102,338,-6.98,307,98.7,297,105.7,285,-5.04,281,,ASun,67.7,74,105.5,122,52.6,52,22.5,283,36.2,37,45.7,11,105.1,217,47.8,106,18.5,283,28.9,85,32.1,74,67.7,74,69.8,60,105.5,122,106.2,84,105.1,217,99.2,115,77.2,66,+0.7,125,+0.2,139,+0.5,113,+0.0,176,+1.1,84,+3.7,5,1.45,164,32.1,137,58.9,105,2009,0.5109194542562718,17,14,0.5483870967741935,31
168,Long Beach St.,BW,15-15,-0.51,104.5,138,105.0,216,65.9,147,+.048,56,+0.43,148,104.2,110,103.8,197,+4.73,57,,BW,65.9,147,104.5,138,51.3,83,20.5,187,29.0,238,37.6,142,105.0,216,51.7,283,19.6,207,30.1,137,38.7,227,65.9,147,66.8,150,104.5,138,103.4,132,105.0,216,105.1,254,75.5,300,-0.6,193,-0.5,225,-0.1,189,-0.6,238,-0.1,194,-2.5,323,1.33,191,35.2,72,40.0,263,2009,0.4862802684481473,15,15,0.5,30
311,Longwood,ind,17-14,-15.67,96.8,269,112.4,326,73.8,5,+.089,13,-12.40,344,95.2,341,107.6,340,-5.99,299,,ind,73.8,5,96.8,269,47.5,230,19.1,98,28.3,259,32.1,282,112.4,326,52.3,300,26.1,5,38.2,337,44.8,313,73.8,5,76.0,3,96.8,269,97.7,235,112.4,326,103.0,214,75.1,323,-2.6,313,-1.6,322,-1.1,285,-2.7,337,-0.9,266,+0.7,108,1.23,215,30.6,180,41.7,248,2009,0.15209092859004814,17,14,0.5483870967741935,31
259,Louisiana Lafayette,SB,10-20,-8.03,97.3,260,105.4,224,66.0,142,-.046,284,-2.30,206,102.2,196,104.5,230,+4.41,60,,SB,66.0,142,97.3,260,47.0,253,20.3,174,30.2,202,33.6,242,105.4,224,50.7,247,20.9,131,33.1,253,46.7,325,66.0,142,67.0,140,97.3,260,96.7,257,105.4,224,104.0,230,77.6,38,+1.8,69,+0.3,122,+1.5,30,+3.0,4,-0.4,213,-1.3,258,1.03,276,41.8,6,57.1,120,2009,0.2850430846596129,10,20,0.3333333333333333,30
292,Louisiana Monroe,SB,10-20,-12.94,97.1,266,110.1,301,67.3,85,+.056,43,-2.54,210,100.5,257,103.0,167,+0.72,135,,SB,67.3,85,97.1,266,44.8,314,22.2,272,30.5,188,40.2,63,110.1,301,51.6,282,18.9,262,32.0,211,39.4,242,67.3,85,67.8,121,97.1,266,94.6,283,110.1,301,107.1,291,75.8,262,-0.5,186,-0.9,265,+0.4,121,-2.0,321,-0.2,206,-2.5,322,0.72,320,36.3,57,21.6,329,2009,0.19078026277221344,10,20,0.3333333333333333,30
163,Louisiana Tech,WAC,15-18,-0.00,101.3,207,101.3,139,62.5,286,-.035,270,-1.48,189,102.6,180,104.0,207,-6.49,305,,WAC,62.5,286,101.3,207,49.7,144,23.4,305,33.8,79,42.4,32,101.3,139,48.7,144,20.6,150,29.9,130,33.4,103,62.5,286,63.6,283,101.3,207,100.3,187,101.3,139,99.4,119,77.7,28,+4.0,12,+2.2,11,+1.8,26,+1.2,48,+1.1,63,-0.1,176,1.15,247,30.8,174,31.9,311,2009,0.5,15,18,0.45454545454545453,33
5,Louisville,BE,31-6,+26.06,111.2,49,85.2,2,66.9,103,+.068,25,+9.57,27,108.6,17,99.0,37,-0.19,161,1,BE,66.9,103,111.2,49,52.7,49,19.7,135,33.3,95,31.4,294,85.2,2,44.3,12,22.9,44,30.6,155,30.2,40,66.9,103,69.1,79,111.2,49,107.0,73,85.2,2,89.5,3,77.1,84,+3.0,20,+0.6,95,+2.5,3,+1.8,26,+0.1,172,+0.1,171,2.18,25,31.1,162,65.4,61,2009,0.9553312036904119,31,6,0.8378378378378378,37
229,Loyola Chicago,Horz,14-18,-5.69,99.9,225,105.6,228,63.8,238,+.046,57,-0.50,171,101.6,218,102.1,133,-6.04,300,,Horz,63.8,238,99.9,225,45.0,309,19.9,153,33.9,73,32.7,273,105.6,228,49.6,185,21.6,96,34.8,293,33.7,109,63.8,238,64.7,253,99.9,225,97.0,247,105.6,228,103.2,221,76.8,122,+0.3,147,-0.3,199,+0.6,102,+1.3,44,-0.1,193,+1.7,64,1.79,84,37.8,32,56.1,131,2009,0.3456716656153171,14,18,0.4375,32
221,Loyola MD,MAAC,12-20,-5.05,102.8,166,107.8,272,65.6,156,+.007,147,+0.08,157,101.7,214,101.6,113,+3.71,73,,MAAC,65.6,156,102.8,166,44.1,324,19.4,111,33.1,98,36.5,174,107.8,272,48.5,136,19.6,203,34.9,297,49.7,337,65.6,156,67.8,116,102.8,166,98.8,216,107.8,272,105.3,258,75.1,325,-3.4,330,-1.3,305,-2.1,337,-2.0,323,-0.9,260,-0.3,208,1.39,182,34.1,96,41.5,251,2009,0.36675542504712844,12,20,0.375,32
323,Loyola Marymount,WCC,3-28,-18.69,89.2,335,107.9,273,64.2,224,+.005,152,+2.45,106,104.6,99,102.2,135,+2.45,98,,WCC,64.2,224,89.2,335,39.9,343,22.0,258,28.8,243,34.2,226,107.9,273,54.3,331,21.2,118,36.8,324,34.2,124,64.2,224,65.8,195,89.2,335,85.8,339,107.9,273,109.4,325,76.5,162,+0.1,164,-0.1,171,+0.1,155,+0.7,101,+1.1,81,-0.4,234,0.74,317,25.0,294,26.8,325,2009,0.10076765068228546,3,28,0.0967741935483871,31
296,Maine,AE,9-21,-13.17,97.6,253,110.8,311,64.3,218,-.022,233,-5.11,273,99.8,277,104.9,245,-4.12,255,,AE,64.3,218,97.6,253,47.5,227,22.4,279,29.8,212,39.8,77,110.8,311,49.9,211,19.1,243,36.5,320,31.6,62,64.3,218,64.9,241,97.6,253,97.2,244,110.8,311,106.5,280,77.0,99,-1.3,252,-1.2,299,-0.1,180,+1.0,59,+1.1,61,+0.9,88,1.58,133,26.5,265,56.6,125,2009,0.1886560230759209,9,21,0.3,30
191,Manhattan,MAAC,16-14,-2.42,97.6,254,100.0,109,65.4,167,+.016,125,-4.01,250,99.2,285,103.3,177,-7.27,311,,MAAC,65.4,167,97.6,254,44.6,319,20.1,162,32.6,116,44.5,18,100.0,109,48.6,138,21.3,117,26.6,25,39.6,248,65.4,167,66.8,154,97.6,254,96.5,259,100.0,109,95.7,50,76.7,131,-1.4,259,-1.3,306,-0.1,206,+0.0,167,+1.1,78,+2.7,22,1.94,61,33.0,120,75.3,19,2009,0.4306092251491775,16,14,0.5333333333333333,30
251,Marist,MAAC,10-23,-7.65,94.5,291,102.1,155,66.8,104,-.056,306,-1.38,186,100.5,258,101.9,125,-2.39,219,,MAAC,66.8,104,94.5,291,47.1,241,21.9,254,22.6,334,33.9,233,102.1,155,46.2,45,18.0,306,29.4,113,42.0,285,66.8,104,68.9,83,94.5,291,91.5,314,102.1,155,98.9,109,75.6,284,-1.7,280,-0.9,258,-0.8,258,-1.0,267,-1.3,283,-1.3,291,1.01,281,35.0,76,28.5,322,2009,0.291200999041564,10,23,0.30303030303030304,33
19,Marquette,BE,25-10,+21.02,117.1,9,96.1,52,67.5,78,-.014,203,+8.22,41,107.8,34,99.5,49,-4.95,279,6,BE,67.5,78,117.1,9,51.2,85,16.5,12,33.8,77,45.4,12,96.1,52,50.9,252,21.2,120,28.9,84,30.1,38,67.5,78,69.2,76,117.1,9,112.7,11,96.1,52,99.5,121,75.6,290,-2.4,305,-1.7,325,-0.7,248,-1.0,264,-2.6,334,-3.3,326,2.78,4,25.5,287,74.2,22,2009,0.9066032163801072,25,10,0.7142857142857143,35
154,Marshall,CUSA,15-17,+0.92,107.2,98,106.3,246,64.6,204,+.003,154,+3.46,93,105.2,84,101.8,120,+2.90,93,,CUSA,64.6,204,107.2,98,48.5,189,19.4,110,32.0,140,41.3,44,106.3,246,54.4,332,20.6,151,27.8,55,44.7,312,64.6,204,65.7,199,107.2,98,104.2,117,106.3,246,107.9,305,75.6,283,-1.8,285,-1.7,328,-0.1,206,-0.1,209,-0.1,190,-1.3,274,1.73,102,31.2,159,46.9,218,2009,0.5242200490846189,15,17,0.46875,32
55,Maryland,ACC,21-14,+13.55,110.0,67,96.4,56,66.3,126,+.039,72,+9.61,26,108.3,24,98.7,28,-3.29,238,10,ACC,66.3,126,110.0,67,47.0,246,17.4,22,32.6,117,28.0,334,96.4,56,48.1,123,21.9,81,35.9,311,30.2,39,66.3,126,68.7,94,110.0,67,103.8,125,96.4,56,100.0,136,77.4,53,-0.7,202,-1.3,310,+0.6,98,+2.0,19,+2.1,21,+2.7,11,1.56,141,28.0,230,65.5,60,2009,0.8201999700783205,21,14,0.6,35
342,Maryland Eastern Shore,MEAC,7-23,-27.77,89.2,336,116.9,342,63.5,256,+.060,34,-12.24,343,93.7,344,105.9,298,-9.51,332,,MEAC,63.5,256,89.2,336,42.1,339,24.8,335,38.5,15,44.0,21,116.9,342,50.6,241,20.3,164,37.4,331,40.0,255,63.5,256,64.7,254,89.2,336,90.5,324,116.9,342,107.8,303,75.5,298,-1.7,282,-1.6,324,-0.1,203,+0.6,107,-2.5,331,-1.3,291,0.59,335,35.1,74,28.7,321,2009,0.04269521234529586,7,23,0.23333333333333334,30
138,Massachusetts,A10,12-18,+2.22,105.1,130,102.9,172,68.4,59,-.039,274,+4.83,74,105.7,69,100.9,80,+4.34,62,,A10,68.4,59,105.1,130,50.5,107,19.7,134,26.3,296,28.8,328,102.9,172,50.0,213,18.6,276,32.8,243,29.5,27,68.4,59,69.9,59,105.1,130,100.9,175,102.9,172,104.6,245,76.8,121,+2.0,60,+1.1,58,+0.9,60,-0.6,239,-0.1,196,+0.7,132,1.83,77,28.6,220,56.5,126,2009,0.5605213766616202,12,18,0.4,30
231,McNeese St.,Slnd,11-18,-5.88,94.1,295,100.0,110,64.8,195,-.088,331,-3.45,238,100.7,250,104.1,214,-1.13,187,,Slnd,64.8,195,94.1,295,46.4,271,23.5,311,33.5,92,32.7,274,100.0,110,44.4,14,17.4,320,30.4,150,31.6,63,64.8,195,66.0,182,94.1,295,93.5,296,100.0,110,96.5,65,77.0,98,+1.8,71,+1.8,21,-0.1,196,+0.5,114,+0.8,99,-1.3,254,1.21,221,27.5,243,47.2,215,2009,0.3319586625936022,11,18,0.3793103448275862,29
4,Memphis,CUSA,33-4,+28.67,112.8,37,84.2,1,65.9,145,-.009,190,+4.73,77,105.5,73,100.8,78,+4.19,67,2,CUSA,65.9,145,112.8,37,50.1,123,18.1,50,36.7,29,39.9,71,84.2,1,41.4,1,21.8,88,27.9,57,35.5,153,65.9,145,68.2,107,112.8,37,109.8,29,84.2,1,85.5,1,78.8,2,+2.9,24,+1.0,63,+1.9,14,+2.0,18,+3.1,4,+4.7,2,1.96,56,26.5,266,48.4,203,2009,0.9665229949906089,33,4,0.8918918918918919,37
218,Mercer,ASun,17-15,-4.40,105.2,127,109.6,295,67.4,82,+.062,32,-2.47,208,100.9,248,103.3,179,+7.40,27,,ASun,67.4,82,105.2,127,49.0,169,21.5,234,35.2,49,38.7,106,109.6,295,49.9,208,18.0,307,32.1,213,33.8,116,67.4,82,70.1,56,105.2,127,103.7,126,109.6,295,106.2,270,76.5,158,+0.1,161,-0.8,254,+0.9,75,+0.9,94,-0.8,230,-0.3,192,1.68,115,32.2,136,54.7,142,2009,0.3843318204994284,17,15,0.53125,32
42,Miami FL,ACC,19-13,+15.30,111.2,50,95.9,48,64.3,216,-.048,290,+9.10,35,108.1,29,98.9,34,-4.21,258,4,ACC,64.3,216,111.2,50,49.3,158,19.3,108,36.6,30,38.2,124,95.9,48,46.2,44,18.5,282,30.4,151,31.0,53,64.3,216,66.4,169,111.2,50,107.3,68,95.9,48,98.8,104,77.1,78,+1.4,90,+0.0,164,+1.4,38,+0.9,93,+0.1,155,+1.6,70,2.16,27,35.3,70,72.5,28,2009,0.8458323596084254,19,13,0.59375,32
91,Miami OH,MAC,17-13,+7.38,103.5,154,96.2,53,60.4,322,-.005,178,+2.44,107,102.5,185,100.0,60,+10.25,15,,MAC,60.4,322,103.5,154,48.8,179,21.3,225,28.0,265,34.6,213,96.2,53,46.9,77,21.4,107,29.2,102,33.6,108,60.4,322,61.6,320,103.5,154,98.9,214,96.2,53,94.5,28,77.2,64,+1.0,107,-0.5,216,+1.4,31,+1.4,41,+2.1,19,+0.3,160,1.69,113,31.1,163,55.9,133,2009,0.6987044026492494,17,13,0.5666666666666667,30
47,Michigan,B10,21-14,+14.75,112.2,40,97.5,67,62.5,285,+.014,132,+11.39,5,108.5,20,97.1,3,+0.63,139,10,B10,62.5,285,112.2,40,50.3,117,17.5,27,27.3,276,28.4,330,97.5,67,49.0,158,20.8,135,31.9,208,29.8,33,62.5,285,62.2,313,112.2,40,105.4,93,97.5,67,101.2,167,76.1,220,-0.8,214,+0.1,148,-0.9,265,+0.4,117,-0.1,197,-0.8,240,1.09,260,35.6,66,63.2,77,2009,0.8340977819988115,21,14,0.6,35
9,Michigan St.,B10,31-7,+24.37,114.3,26,89.9,6,66.5,112,+.091,11,+12.33,2,109.4,5,97.1,2,+5.81,42,2,B10,66.5,112,114.3,26,49.8,139,20.6,195,40.2,4,41.0,50,89.9,6,47.2,85,19.8,190,24.3,6,36.5,178,66.5,112,66.8,153,114.3,26,108.0,55,89.9,6,95.2,41,76.7,132,+2.2,45,+0.8,77,+1.4,37,-0.5,226,-0.9,272,-0.3,183,1.83,76,36.4,54,64.9,64,2009,0.94055838958543,31,7,0.8157894736842105,38
164,Middle Tennessee,SB,18-14,-0.07,104.5,139,104.6,208,63.3,262,-.044,282,-4.20,253,102.2,198,106.4,310,-3.38,240,,SB,63.3,262,104.5,139,48.5,191,17.9,41,33.0,105,38.9,102,104.6,208,51.1,262,21.4,108,27.3,40,44.9,315,63.3,262,65.2,222,104.5,139,106.2,86,104.6,208,101.8,183,76.5,160,-2.6,314,-1.0,280,-1.6,312,+0.0,192,+2.1,24,+2.7,14,2.32,16,24.7,301,60.9,91,2009,0.4972501470755953,18,14,0.5625,32
153,Milwaukee,Horz,17-14,+0.93,104.6,137,103.7,186,66.6,110,+.064,31,+1.24,128,102.6,178,101.4,102,+1.37,120,,Horz,66.6,110,104.6,137,46.2,285,18.9,83,32.3,128,34.5,218,103.7,186,46.8,70,17.0,325,30.1,135,33.7,111,66.6,110,66.8,155,104.6,137,100.5,183,103.7,186,102.1,189,76.0,236,-2.0,296,-1.0,273,-1.1,298,-1.0,288,+0.1,171,+1.7,55,1.29,203,29.3,209,38.0,275,2009,0.5248237037264357,17,14,0.5483870967741935,31
40,Minnesota,B10,22-11,+15.43,108.1,90,92.6,21,64.5,211,+.031,89,+8.44,38,107.4,43,98.9,33,-4.18,257,10,B10,64.5,211,108.1,90,49.6,149,21.6,247,33.9,75,34.5,216,92.6,21,47.0,78,22.7,47,31.0,168,36.1,167,64.5,211,63.9,273,108.1,90,102.9,140,92.6,21,96.3,61,77.1,83,+1.7,73,+1.4,38,+0.3,145,+0.3,123,+0.3,132,+0.7,123,1.04,274,40.8,12,50.8,181,2009,0.8556755278447962,22,11,0.6666666666666666,33
92,Mississippi,SEC,16-15,+7.19,111.4,48,104.2,196,66.3,128,-.001,166,+6.06,62,105.4,80,99.3,46,+0.06,155,,SEC,66.3,128,111.4,48,49.2,165,19.1,96,34.1,69,34.2,229,104.2,196,48.9,154,17.4,321,33.7,271,36.9,190,66.3,128,68.4,103,111.4,48,106.2,87,104.2,196,105.2,255,77.7,29,+2.4,39,+0.6,97,+1.8,27,+1.0,76,+3.1,10,+0.3,159,0.70,323,32.0,143,29.1,317,2009,0.6831692209838344,16,15,0.5161290322580645,31
69,Mississippi St.,SEC,23-13,+11.55,107.8,92,96.2,54,67.2,95,-.004,170,+4.96,72,105.3,82,100.3,70,-3.07,234,13,SEC,67.2,95,107.8,92,50.0,129,19.8,140,30.4,196,41.1,49,96.2,54,44.7,20,18.9,259,32.4,229,29.5,28,67.2,95,69.9,58,107.8,92,103.6,129,96.2,54,97.3,81,77.2,71,+1.7,74,+0.3,120,+1.3,39,-0.4,221,+0.1,159,+2.7,30,1.19,228,27.0,259,48.9,196,2009,0.7873885405964457,23,13,0.6388888888888888,36
325,Mississippi Valley St.,SWAC,7-25,-18.88,94.0,297,112.9,328,66.3,124,-.048,292,-6.40,298,98.6,298,105.0,248,+11.74,9,,SWAC,66.3,124,94.0,297,43.7,328,21.5,239,30.9,175,32.8,268,112.9,328,54.8,335,22.3,65,33.4,263,52.2,341,66.3,124,68.8,88,94.0,297,92.5,304,112.9,328,108.4,312,75.8,256,-1.0,232,-0.9,259,-0.1,184,+0.5,113,+0.1,169,-1.3,285,0.97,289,32.7,127,35.6,295,2009,0.10842910364227683,7,25,0.21875,32
6,Missouri,B12,31-7,+24.81,116.6,13,91.8,17,70.9,15,+.031,87,+7.96,44,106.4,57,98.4,20,-3.76,251,3,B12,70.9,15,116.6,13,52.8,47,16.0,6,33.3,94,36.6,172,91.8,17,46.4,53,24.7,10,32.8,244,39.9,253,70.9,15,72.8,14,116.6,13,111.7,18,91.8,17,92.8,12,77.9,25,+2.0,58,+0.1,149,+1.9,20,+1.5,37,+1.1,58,+3.0,10,1.82,79,36.8,46,47.1,217,2009,0.9399175982427365,31,7,0.8157894736842105,38
197,Missouri St.,MVC,11-20,-2.83,99.4,230,102.3,159,62.2,296,-.043,281,+1.60,119,103.7,133,102.1,132,-2.60,223,,MVC,62.2,296,99.4,230,46.2,283,20.8,206,29.3,231,38.0,128,102.3,159,49.8,200,20.9,133,29.8,125,43.1,296,62.2,296,62.4,309,99.4,230,96.9,250,102.3,159,101.8,182,76.4,171,+0.1,159,+0.2,135,-0.1,187,+0.0,160,-0.3,210,+0.7,122,1.16,246,35.2,73,43.9,238,2009,0.4180674092513573,11,20,0.3548387096774194,31
326,Monmouth,NEC,8-23,-19.10,93.9,299,113.0,330,64.0,228,-.006,182,-7.88,314,98.5,301,106.4,314,-5.01,280,,NEC,64.0,228,93.9,299,47.0,248,22.4,277,28.3,258,33.3,248,113.0,330,51.3,274,19.6,211,33.2,256,36.7,180,64.0,228,65.4,209,93.9,299,95.1,278,113.0,330,107.5,294,76.3,190,+1.2,95,-0.0,170,+1.2,44,-0.1,212,-1.9,307,-1.3,261,1.08,267,34.2,95,57.8,114,2009,0.10628046850193082,8,23,0.25806451612903225,31
172,Montana,BSky,17-12,-0.70,104.1,147,104.8,210,61.9,301,+.030,93,-3.52,240,102.1,204,105.6,280,+1.78,112,,BSky,61.9,301,104.1,147,50.9,94,18.5,62,25.5,313,37.1,160,104.8,210,47.5,98,17.6,318,31.5,192,39.5,244,61.9,301,62.4,308,104.1,147,104.5,111,104.8,210,103.0,217,77.8,27,+2.1,54,+1.7,25,+0.4,129,+0.0,146,+0.7,102,+2.7,23,1.71,106,32.2,135,51.1,174,2009,0.48074186738460184,17,12,0.5862068965517241,29
236,Montana St.,BSky,15-17,-6.11,100.9,211,107.0,260,64.8,194,+.058,39,-0.69,175,103.4,143,104.1,212,+3.27,82,,BSky,64.8,194,100.9,211,47.1,244,20.4,182,32.7,112,39.9,72,107.0,260,52.0,291,17.8,314,27.6,49,36.1,168,64.8,194,64.5,261,100.9,211,100.3,186,107.0,260,106.2,271,77.1,77,+0.8,112,+0.3,119,+0.5,111,+1.0,66,+1.4,48,+0.5,155,0.80,312,33.0,121,35.5,297,2009,0.3373697948745803,15,17,0.46875,32
157,Morehead St.,OVC,20-16,+0.76,102.0,189,101.3,137,65.3,169,+.015,128,-1.90,200,103.6,138,105.5,268,+3.49,76,16,OVC,65.3,169,102.0,189,47.8,218,23.1,299,38.5,16,42.3,33,101.3,137,48.8,153,18.4,287,27.0,34,38.7,228,65.3,169,66.9,144,102.0,189,102.4,151,101.3,137,101.7,176,75.9,249,-4.1,341,-2.0,338,-2.1,333,+0.0,188,+1.4,46,+0.2,162,1.22,219,23.8,311,52.8,162,2009,0.5197880649642634,20,16,0.5555555555555556,36
150,Morgan St.,MEAC,23-12,+0.99,100.1,222,99.1,91,65.5,159,+.031,88,-7.43,311,98.2,309,105.7,286,+4.82,55,15,MEAC,65.5,159,100.1,222,46.4,270,19.2,100,37.3,25,33.2,255,99.1,91,44.8,22,22.6,52,30.7,157,41.7,281,65.5,159,66.3,173,100.1,222,100.6,182,99.1,91,93.7,18,75.5,292,-1.6,271,-0.0,166,-1.6,309,+0.0,192,+0.5,120,-1.9,300,1.66,118,20.4,332,44.7,232,2009,0.5288336780433234,23,12,0.6571428571428571,35
145,Mount St. Mary's,NEC,19-14,+1.54,101.4,205,99.9,106,63.9,230,-.091,333,-6.13,292,100.3,264,106.4,315,+3.61,74,,NEC,63.9,230,101.4,205,49.4,153,19.8,143,34.0,71,34.3,223,99.9,106,46.9,73,22.0,80,31.9,206,35.2,147,63.9,230,65.4,211,101.4,205,103.2,135,99.9,106,96.0,55,75.9,243,-1.6,273,-1.4,317,-0.2,215,+0.3,120,+1.1,77,-2.3,314,2.16,29,24.6,303,72.6,27,2009,0.5427427140928625,19,14,0.5757575757575758,33
131,Murray St.,OVC,19-12,+2.76,103.1,160,100.3,118,62.4,291,-.028,245,-3.03,219,103.0,165,106.0,302,+5.35,49,,OVC,62.4,291,103.1,160,48.7,185,19.8,144,36.0,41,39.7,80,100.3,118,48.4,135,21.3,114,29.7,124,39.9,252,62.4,291,64.1,268,103.1,160,104.9,103,100.3,118,99.2,114,76.2,207,-1.1,236,-0.6,237,-0.5,231,-0.9,258,+0.1,182,+1.7,52,1.51,151,31.0,165,50.7,183,2009,0.5785045684010497,19,12,0.6129032258064516,31
81,N.C. State,ACC,16-14,+9.84,113.5,30,103.6,185,63.0,266,-.060,310,+5.74,65,106.0,65,100.2,66,-10.96,340,,ACC,63.0,266,113.5,30,53.8,24,21.5,231,34.4,65,37.8,137,103.6,185,48.0,117,16.6,332,31.6,199,28.3,17,63.0,266,65.9,189,113.5,30,109.4,36,103.6,185,104.4,241,78.2,16,+3.0,21,+0.6,97,+2.4,4,+2.0,13,+2.6,14,+0.9,87,1.88,71,39.6,17,60.9,92,2009,0.7406891173660558,16,14,0.5333333333333333,30
344,NJIT,ind,1-30,-35.20,71.5,344,106.7,254,64.6,200,-.028,247,-10.64,335,97.6,319,108.3,344,-7.98,317,,ind,64.6,200,71.5,344,38.5,344,27.0,344,25.7,312,30.6,307,106.7,254,49.1,163,21.4,110,31.2,179,45.0,316,64.6,200,66.4,168,71.5,344,74.9,344,106.7,254,101.2,166,76.0,234,-1.4,261,-0.5,227,-0.9,264,-1.0,279,+1.1,86,-0.0,174,0.94,292,34.2,94,45.0,226,2009,0.009915190318698846,1,30,0.03225806451612903,31
224,Navy,Pat,19-11,-5.20,98.7,234,103.9,190,68.7,50,+.042,66,-9.11,322,96.5,330,105.6,279,-7.18,307,,Pat,68.7,50,98.7,234,47.4,232,19.2,101,25.8,307,38.0,129,103.9,190,46.2,47,20.0,184,28.5,66,38.7,229,68.7,50,69.7,65,98.7,234,99.6,205,103.9,190,96.3,60,76.5,151,-0.8,218,+0.9,73,-1.7,315,+0.0,192,+0.3,129,+0.7,120,2.16,28,22.6,321,60.6,94,2009,0.3565303610923163,19,11,0.6333333333333333,30
63,Nebraska,B12,18-13,+12.21,103.5,153,91.3,15,62.9,268,-.032,262,+6.32,58,106.6,52,100.3,69,-8.47,325,6,B12,62.9,268,103.5,153,50.2,120,17.7,32,20.1,341,38.2,125,91.3,15,49.5,183,26.9,1,31.3,183,39.5,245,62.9,268,64.0,271,103.5,153,100.7,179,91.3,15,94.0,20,73.8,344,-5.2,344,-2.6,343,-2.6,344,-2.0,327,-2.6,333,-4.3,337,1.52,147,31.6,148,69.7,35,2009,0.8088166732550696,18,13,0.5806451612903226,31
103,Nevada,WAC,21-13,+6.07,105.8,117,99.8,104,66.3,125,+.002,159,+1.04,135,104.2,109,103.2,173,+2.94,91,,WAC,66.3,125,105.8,117,46.6,264,17.6,29,32.9,106,40.0,69,99.8,104,47.5,95,19.6,204,29.9,127,41.3,272,66.3,125,66.8,152,105.8,117,104.2,118,99.8,104,100.1,139,77.6,35,+0.8,119,+0.2,138,+0.6,103,+1.6,34,+1.5,41,+3.7,9,1.12,253,29.8,199,42.0,245,2009,0.6618158700986015,21,13,0.6176470588235294,34
261,New Hampshire,AE,14-16,-8.46,97.2,264,105.6,230,62.1,300,+.043,62,-5.14,274,99.9,274,105.1,251,-5.08,283,,AE,62.1,300,97.2,264,45.0,308,20.3,175,32.4,121,31.4,293,105.6,230,48.9,155,18.6,279,26.2,21,48.7,332,62.1,300,62.7,302,97.2,264,96.4,264,105.6,230,102.1,190,75.9,245,-1.9,288,-0.9,257,-1.1,287,-1.0,276,+0.1,173,+0.7,112,1.92,64,31.2,157,68.9,42,2009,0.27824010749784533,14,16,0.4666666666666667,30
43,New Mexico,MWC,22-12,+15.29,112.2,41,96.9,62,64.8,196,-.054,302,+4.56,80,105.9,66,101.3,100,+0.48,142,3,MWC,64.8,196,112.2,41,52.7,50,18.4,56,30.0,208,46.0,10,96.9,62,47.5,97,20.8,137,24.3,5,47.9,330,64.8,196,66.6,162,112.2,41,109.9,27,96.9,62,98.1,95,77.5,49,+0.5,132,+0.1,145,+0.4,130,+1.0,71,+2.2,17,+1.7,47,1.75,97,32.2,134,52.2,166,2009,0.8436894777085159,22,12,0.6470588235294118,34
125,New Mexico St.,WAC,17-15,+3.31,109.4,73,106.0,239,69.1,40,-.020,231,+0.85,139,103.6,136,102.7,158,+0.17,149,,WAC,69.1,40,109.4,73,52.5,55,18.6,66,31.5,153,37.7,140,106.0,239,48.8,150,20.7,142,36.9,325,35.4,152,69.1,40,70.2,53,109.4,73,108.0,54,106.0,239,105.5,261,77.0,90,+1.6,83,+1.6,29,-0.1,179,+0.0,178,+0.1,152,+1.7,56,0.70,322,27.0,258,30.3,315,2009,0.5897847583907914,17,15,0.53125,32
282,New Orleans,SB,11-19,-11.32,91.8,317,103.1,175,65.4,163,+.068,26,-4.30,256,101.4,225,105.7,287,-4.56,268,,SB,65.4,163,91.8,317,47.1,242,22.6,284,25.9,306,40.8,53,103.1,175,50.2,218,21.7,94,32.4,231,34.4,130,65.4,163,66.3,174,91.8,317,92.6,303,103.1,175,100.5,147,76.2,200,-0.7,198,+0.6,94,-1.2,300,-1.0,269,-0.3,207,+0.1,169,0.64,332,37.3,37,29.1,318,2009,0.2083332496596121,11,19,0.36666666666666664,30
75,Niagara,MAAC,26-9,+10.62,109.2,75,98.6,81,68.4,58,+.003,158,-1.57,190,100.9,244,102.5,148,-0.27,163,3,MAAC,68.4,58,109.2,75,47.6,226,18.4,59,38.4,18,41.2,47,98.6,81,45.7,37,23.2,34,36.7,322,32.8,90,68.4,58,70.3,47,109.2,75,107.5,66,98.6,81,95.2,40,75.7,267,-1.2,248,-0.3,200,-0.9,267,-1.4,305,-0.9,256,-0.3,217,1.43,172,20.3,334,58.6,108,2009,0.7639146578445798,26,9,0.7428571428571429,35
167,Nicholls St.,Slnd,20-11,-0.46,101.9,192,102.3,162,59.1,332,+.043,63,-4.14,252,99.2,286,103.3,178,-1.27,190,,Slnd,59.1,332,101.9,192,53.7,25,22.5,280,26.0,302,40.2,62,102.3,162,51.3,270,26.2,4,30.1,138,46.2,323,59.1,332,61.7,319,101.9,192,101.0,174,102.3,162,98.3,96,75.3,315,-2.1,298,-2.0,337,-0.1,203,+0.7,99,-2.4,330,-0.3,231,1.75,96,24.5,304,59.2,104,2009,0.48873842328848477,20,11,0.6451612903225806,31
304,Norfolk St.,MEAC,14-18,-13.91,97.5,256,111.4,315,70.0,24,+.012,139,-10.67,336,95.2,340,105.9,296,-4.47,267,,MEAC,70.0,24,97.5,256,47.7,221,20.6,196,33.0,104,37.5,148,111.4,315,49.9,210,23.0,42,34.9,298,43.2,299,70.0,24,69.7,67,97.5,256,98.1,227,111.4,315,103.2,218,76.0,233,-2.0,289,+0.1,157,-2.1,326,-0.4,223,-1.0,273,+0.7,145,1.26,207,24.2,308,55.0,141,2009,0.17760454903174341,14,18,0.4375,32
1,North Carolina,ACC,34-4,+31.14,123.2,1,92.1,18,72.9,6,-.011,195,+9.91,24,108.2,27,98.3,15,+1.06,126,1,ACC,72.9,6,123.2,1,52.8,45,16.5,10,38.0,21,39.8,75,92.1,18,46.6,62,20.4,160,30.1,140,25.4,7,72.9,6,75.8,4,123.2,1,117.2,1,92.1,18,95.2,44,77.2,67,+1.8,68,+1.0,67,+0.9,84,+0.3,122,+1.1,62,+0.2,163,2.35,13,27.4,247,67.7,50,2009,0.965965132997727,34,4,0.8947368421052632,38
299,North Carolina A&T,MEAC,16-16,-13.45,91.5,318,105.0,214,69.7,27,+.054,46,-9.55,325,96.1,335,105.6,282,+0.71,136,,MEAC,69.7,27,91.5,318,47.5,229,25.3,338,32.2,135,31.0,300,105.0,214,48.1,121,23.5,24,35.5,308,33.8,114,69.7,27,70.2,55,91.5,318,92.3,307,105.0,214,97.9,89,76.7,125,+1.4,88,+0.2,140,+1.2,45,+1.5,36,-0.9,271,-3.3,325,0.66,329,32.1,138,31.1,314,2009,0.1704210920903107,16,16,0.5,32
343,North Carolina Central,ind,4-27,-28.86,85.6,342,114.5,338,69.0,43,-.015,212,-4.55,261,100.0,273,104.5,229,+5.90,41,,ind,69.0,43,85.6,342,42.0,340,23.8,314,24.7,319,30.8,305,114.5,338,55.8,343,22.8,45,41.4,343,41.2,271,69.0,43,71.9,22,85.6,342,83.5,342,114.5,338,111.5,336,74.2,343,-3.8,336,-1.4,314,-2.4,339,-2.0,329,-3.3,343,-4.3,335,0.68,327,36.4,53,38.5,269,2009,0.03405172127953376,4,27,0.12903225806451613,31
61,North Dakota St.,Sum,26-7,+12.29,114.3,25,102.0,152,67.5,79,-.009,187,-1.60,193,103.1,154,104.7,236,+2.21,105,14,Sum,67.5,79,114.3,25,54.2,17,16.7,14,30.7,180,37.3,154,102.0,152,49.8,206,18.2,296,25.1,11,29.7,31,67.5,79,67.6,127,114.3,25,114.5,6,102.0,152,100.7,152,76.9,116,+0.5,133,+0.2,137,+0.3,137,+0.0,144,+1.9,31,-0.3,205,3.05,2,27.2,254,85.7,5,2009,0.7873990456168295,26,7,0.7878787878787878,33
332,North Florida,ASun,8-22,-20.03,89.3,334,109.4,294,62.1,298,+.015,131,-4.27,255,100.5,256,104.8,239,-0.46,174,,ASun,62.1,298,89.3,334,44.2,323,23.1,300,25.9,305,32.8,267,109.4,294,50.2,222,20.2,176,36.0,312,46.9,326,62.1,298,64.8,247,89.3,334,86.3,338,109.4,294,107.1,293,76.2,211,-1.5,267,-1.4,315,-0.1,198,+0.1,140,+0.1,176,+0.7,142,1.22,220,33.2,114,37.8,279,2009,0.08829700185001098,8,22,0.26666666666666666,30
152,North Texas,SB,20-12,+0.95,109.0,79,108.0,277,68.1,65,+.036,76,-3.27,231,102.1,199,105.4,264,+0.89,131,,SB,68.1,65,109.0,79,48.8,178,17.7,30,32.7,113,48.5,2,108.0,277,50.6,240,17.3,322,28.9,90,43.9,306,68.1,65,69.3,74,109.0,79,109.3,38,108.0,277,106.3,276,75.5,301,+0.8,118,-0.1,186,+0.9,74,-0.3,218,-3.9,344,-1.3,291,1.28,205,34.0,98,53.0,159,2009,0.5264731043752254,20,12,0.625,32
97,Northeastern,CAA,19-13,+6.84,106.4,107,99.6,99,59.7,330,+.023,111,+2.28,112,103.4,144,101.1,88,+6.72,35,,CAA,59.7,330,106.4,107,49.2,162,20.0,156,31.2,164,38.5,113,99.6,99,48.1,122,22.4,58,31.0,166,38.5,224,59.7,330,60.4,331,106.4,107,102.5,148,99.6,99,98.8,105,77.9,24,+2.2,48,+0.3,129,+1.9,20,+0.5,109,+2.1,26,-1.3,248,2.30,19,25.7,282,89.2,2,2009,0.6812450038584432,19,13,0.59375,32
239,Northern Arizona,BSky,8-19,-6.47,101.8,195,108.3,281,62.2,297,-.132,344,+0.28,151,104.3,106,104.0,206,+9.85,16,,BSky,62.2,297,101.8,195,53.6,28,22.2,270,28.1,262,30.9,304,108.3,281,55.7,342,20.2,175,27.3,39,34.9,141,62.2,297,62.5,304,101.8,195,101.7,164,108.3,281,108.3,310,76.4,182,-0.9,228,-0.8,253,-0.1,173,+0.0,175,+0.1,170,+1.7,43,1.33,194,37.1,40,51.1,175,2009,0.32920275756658945,8,19,0.2962962962962963,27
202,Northern Colorado,BSky,14-18,-3.34,103.3,155,106.7,253,66.5,118,-.075,325,-2.86,215,102.4,189,105.3,258,-0.38,168,,BSky,66.5,118,103.3,155,52.4,60,22.7,289,28.7,248,44.7,17,106.7,253,53.8,327,20.2,171,27.1,36,36.1,164,66.5,118,67.0,142,103.3,155,104.4,115,106.7,253,105.3,257,74.4,342,-0.5,191,-1.1,285,+0.5,106,-3.0,342,-3.1,341,-2.3,320,1.03,277,37.0,42,51.7,169,2009,0.4079579650484932,14,18,0.4375,32
289,Northern Illinois,MAC,10-20,-12.27,94.6,290,106.9,259,68.9,46,-.049,294,-6.05,291,99.0,290,105.1,250,-7.50,315,,MAC,68.9,46,94.6,290,47.7,223,23.2,301,31.3,161,40.2,65,106.9,259,50.4,232,22.4,60,32.2,222,43.2,297,68.9,46,68.8,87,94.6,290,94.7,282,106.9,259,102.4,198,76.2,205,+1.3,92,+0.8,78,+0.5,117,-1.0,292,-2.3,329,-1.3,256,0.72,319,36.8,44,39.7,265,2009,0.19691032941724318,10,20,0.3333333333333333,30
83,Northern Iowa,MVC,23-11,+9.70,110.6,59,100.9,131,60.8,318,+.051,50,+3.10,98,104.7,97,101.6,114,+1.88,110,12,MVC,60.8,318,110.6,59,51.6,72,18.4,60,26.7,290,41.9,39,100.9,131,48.7,141,16.9,327,25.6,15,31.8,68,60.8,318,61.3,326,110.6,59,107.8,58,100.9,131,102.2,193,76.3,195,+1.5,84,+1.6,31,-0.1,182,-1.6,315,-0.9,255,+0.8,94,1.16,243,30.7,178,46.7,219,2009,0.7418462856370565,23,11,0.6764705882352942,34
65,Northwestern,B10,17-14,+12.01,111.7,45,99.7,102,60.2,324,-.029,250,+7.92,46,106.6,54,98.6,26,-5.83,296,5,B10,60.2,324,111.7,45,52.6,51,17.7,34,24.4,322,29.4,325,99.7,102,49.6,191,24.3,12,33.9,274,36.5,179,60.2,324,59.9,335,111.7,45,105.7,90,99.7,102,101.1,164,77.3,61,+3.1,18,+1.1,53,+1.9,25,+1.4,40,+1.3,52,-1.3,269,2.10,31,27.8,236,65.8,57,2009,0.7870085074890655,17,14,0.5483870967741935,31
315,Northwestern St.,Slnd,11-20,-16.18,91.8,316,108.0,275,74.8,2,+.062,33,-2.93,217,100.6,251,103.6,190,-2.17,209,,Slnd,74.8,2,91.8,316,43.3,332,24.7,331,35.0,53,37.8,138,108.0,275,52.5,304,21.5,101,33.4,262,46.4,324,74.8,2,76.4,2,91.8,316,89.8,328,108.0,275,106.3,274,75.6,280,-1.4,260,-1.3,309,-0.1,175,+0.5,116,-1.8,303,-2.3,316,0.83,306,45.8,1,54.5,145,2009,0.13366121468312994,11,20,0.3548387096774194,31
41,Notre Dame,BE,21-15,+15.38,115.0,22,99.6,100,67.2,94,-.034,267,+9.93,23,107.5,42,97.6,6,-3.71,250,2,BE,67.2,94,115.0,22,50.0,131,13.7,1,29.2,234,27.0,338,99.6,100,47.8,105,14.3,344,28.9,86,27.2,14,67.2,94,68.1,111,115.0,22,109.9,28,99.6,100,103.0,215,76.7,128,+2.2,47,+0.3,126,+1.9,20,+1.8,27,-1.9,317,-0.3,221,2.40,11,20.0,336,85.4,6,2009,0.8393439166881416,21,15,0.5833333333333334,36
102,Oakland,Sum,23-13,+6.36,114.2,27,107.8,271,64.8,192,+.026,102,+0.27,152,104.1,118,103.8,198,+7.23,31,,Sum,64.8,192,114.2,27,54.2,18,19.0,87,33.7,88,36.3,181,107.8,271,51.2,267,18.5,286,33.0,248,28.4,19,64.8,192,65.4,217,114.2,27,113.0,10,107.8,271,107.5,295,77.3,62,+4.1,9,+2.1,12,+1.9,12,-0.6,236,-1.9,304,-0.3,229,1.79,83,25.0,295,52.9,160,2009,0.6599893696831084,23,13,0.6388888888888888,36
170,Ohio,MAC,15-17,-0.58,101.8,194,102.4,165,65.1,181,-.023,235,-0.48,170,101.4,227,101.9,123,+1.14,123,,MAC,65.1,181,101.8,194,49.8,140,21.9,252,27.1,283,39.1,98,102.4,165,50.6,243,22.6,50,30.1,136,40.5,263,65.1,181,64.9,239,101.8,194,99.6,206,102.4,165,100.1,137,76.9,105,-1.3,257,-1.2,303,-0.1,203,+1.0,63,+1.8,35,+0.7,117,1.77,85,26.4,270,54.5,144,2009,0.48311117797826447,15,17,0.46875,32
34,Ohio St.,B10,22-11,+16.34,113.3,32,96.9,63,62.5,284,+.042,67,+9.46,30,107.7,36,98.2,14,-3.41,241,8,B10,62.5,284,113.3,32,54.8,12,20.9,211,27.1,280,38.3,122,96.9,63,47.7,103,20.5,155,32.3,225,24.6,4,62.5,284,61.7,318,113.3,32,107.2,70,96.9,63,99.6,124,78.1,18,+2.3,43,+1.4,40,+0.9,66,+2.0,15,+3.1,8,+2.3,33,0.81,310,24.8,299,33.3,304,2009,0.8579218758387179,22,11,0.6666666666666666,33
7,Oklahoma,B12,30-6,+24.59,118.3,4,93.7,33,66.6,109,+.018,120,+9.49,29,108.3,25,98.9,31,+0.46,143,2,B12,66.6,109,118.3,4,55.2,5,19.7,132,36.2,38,46.5,5,93.7,33,45.8,38,18.1,301,29.6,117,28.8,21,66.6,109,69.1,78,118.3,4,113.4,9,93.7,33,97.3,80,77.7,32,+2.1,50,+1.4,39,+0.7,94,+1.7,29,+1.6,40,-1.3,247,1.93,63,20.0,337,65.6,59,2009,0.9358927959272076,30,6,0.8333333333333334,36
26,Oklahoma St.,B12,23-12,+18.33,116.4,15,98.1,73,69.3,36,-.003,169,+10.46,12,108.8,15,98.4,19,-0.28,165,8,B12,69.3,36,116.4,15,54.0,20,16.7,15,26.2,300,39.4,89,98.1,73,50.2,219,20.4,159,29.3,108,41.3,273,69.3,36,72.0,19,116.4,15,111.8,16,98.1,73,102.7,204,75.6,282,-2.6,312,-1.9,332,-0.7,250,+1.0,80,-2.1,324,-1.3,280,1.96,57,23.4,316,68.3,47,2009,0.877290611235032,23,12,0.6571428571428571,35
93,Old Dominion,CAA,25-10,+7.02,105.0,132,98.0,72,62.2,295,+.043,64,-2.52,209,101.4,226,103.9,201,-8.55,326,,CAA,62.2,295,105.0,132,48.6,187,19.2,99,38.5,13,32.5,275,98.0,72,47.4,93,20.1,180,27.7,52,26.4,11,62.2,295,62.7,299,105.0,132,105.0,101,98.0,72,95.4,46,77.4,55,+1.6,80,+0.7,84,+0.9,86,+1.0,70,+1.5,44,+1.5,71,1.37,185,31.0,164,59.9,100,2009,0.6885647746137584,25,10,0.7142857142857143,35
90,Oral Roberts,Sum,16-15,+7.85,103.0,162,95.2,41,67.6,77,-.111,342,+1.78,116,105.2,88,103.4,180,+13.25,4,,Sum,67.6,77,103.0,162,48.7,182,20.6,192,33.7,86,41.0,51,95.2,41,47.5,94,20.3,166,28.9,87,35.0,142,67.6,77,68.2,108,103.0,162,102.1,158,95.2,41,96.2,58,76.3,192,-0.1,171,-0.1,172,-0.1,185,-0.0,206,-1.2,280,-0.3,233,1.23,213,30.4,181,35.5,296,2009,0.7121018206406038,16,15,0.5161290322580645,31
159,Oregon,P10,8-23,+0.43,104.2,143,103.8,188,68.2,63,+.018,118,+12.58,1,110.6,1,98.0,13,+5.57,48,,P10,68.2,63,104.2,143,46.9,258,21.2,221,30.5,191,37.9,132,103.8,188,54.9,336,21.0,128,34.0,276,43.5,302,68.2,63,68.7,90,104.2,143,97.1,245,103.8,188,110.3,332,75.5,307,+0.1,162,+0.2,142,-0.1,193,+1.0,78,-0.2,201,-5.3,343,1.17,238,38.1,28,46.6,222,2009,0.5110559035484966,8,23,0.25806451612903225,31
111,Oregon St.,P10,18-18,+4.91,106.1,111,101.2,135,57.4,343,+.068,27,+9.11,34,108.3,26,99.2,41,-6.43,304,,P10,57.4,343,106.1,111,52.8,46,21.5,232,25.8,308,30.2,312,101.2,135,51.9,289,19.5,217,31.3,181,29.4,25,57.4,343,58.9,341,106.1,111,100.7,178,101.2,135,106.3,277,77.3,60,+1.1,104,+1.4,42,-0.3,219,-1.0,261,+0.6,116,+2.7,23,1.52,149,30.1,190,69.0,40,2009,0.6326861488204545,18,18,0.5,36
110,Pacific,BW,21-13,+4.92,108.8,80,103.9,189,58.5,335,-.026,241,-1.91,201,102.4,186,104.3,221,-0.41,171,,BW,58.5,335,108.8,80,53.8,23,19.6,127,31.8,146,35.3,201,103.9,189,49.8,199,20.3,167,28.5,68,34.9,140,58.5,335,60.0,334,108.8,80,108.6,49,103.9,189,102.3,194,77.0,95,+1.2,93,+0.1,156,+1.2,48,+0.9,91,+1.8,36,+0.6,154,1.36,188,39.1,20,62.7,81,2009,0.6294709878259808,21,13,0.6176470588235294,34
273,Penn,Ivy,10-18,-9.70,96.1,274,105.8,235,67.2,88,-.032,258,-5.05,271,99.1,288,104.1,215,+0.34,146,,Ivy,67.2,88,96.1,274,47.1,243,20.7,203,26.8,288,38.9,103,105.8,235,49.8,207,21.2,121,30.4,148,39.8,250,67.2,88,67.9,115,96.1,274,95.8,271,105.8,235,101.3,169,76.7,127,-0.0,168,-0.5,211,+0.4,123,+0.3,129,-0.9,238,+0.7,119,1.04,272,29.9,194,54.2,146,2009,0.24864466878843958,10,18,0.35714285714285715,28
57,Penn St.,B10,27-11,+12.91,111.8,44,98.9,87,61.8,304,+.080,18,+6.15,61,105.2,86,99.0,38,-9.92,337,2,B10,61.8,304,111.8,44,51.2,84,17.1,16,30.7,182,33.9,234,98.9,87,49.2,170,18.0,305,25.9,17,23.1,2,61.8,304,61.9,316,111.8,44,106.8,77,98.9,87,100.3,142,76.1,224,-0.4,183,+0.3,124,-0.7,255,-0.6,240,-0.9,246,-0.3,225,2.02,45,26.1,273,75.1,20,2009,0.8037543826832454,27,11,0.7105263157894737,38
294,Pepperdine,WCC,9-23,-13.04,92.7,310,105.7,232,66.5,113,+.040,71,+2.36,108,104.2,107,101.9,127,+3.17,85,,WCC,66.5,113,92.7,310,42.7,337,22.9,297,32.5,119,27.5,335,105.7,232,51.9,290,19.7,198,32.5,235,37.2,195,66.5,113,67.8,119,92.7,310,88.4,333,105.7,232,106.7,287,77.5,48,+1.7,75,+0.7,80,+0.9,71,+1.1,49,+1.1,66,+1.9,40,0.71,321,43.0,2,33.3,305,2009,0.18105459084094133,9,23,0.28125,32
3,Pittsburgh,BE,31-5,+28.96,121.2,2,92.3,19,65.2,174,-.012,201,+10.11,19,108.1,28,98.0,12,+0.79,132,1,BE,65.2,174,121.2,2,52.9,42,18.0,43,41.8,1,33.0,261,92.3,19,46.5,59,18.7,269,27.2,37,30.2,42,65.2,174,67.0,141,121.2,2,115.8,3,92.3,19,96.8,70,76.4,186,-0.8,216,-0.7,242,-0.1,186,+0.2,135,+0.8,98,-1.3,271,1.90,70,29.2,211,64.0,70,2009,0.9582166601552811,31,5,0.8611111111111112,36
109,Portland,WCC,19-13,+5.01,107.3,97,102.3,160,64.6,209,-.006,181,+0.27,153,103.0,158,102.8,160,+0.64,138,,WCC,64.6,209,107.3,97,53.6,27,21.1,219,31.4,156,32.8,270,102.3,160,49.1,161,20.4,157,29.0,91,47.7,328,64.6,209,65.8,193,107.3,97,105.3,95,102.3,160,101.1,161,76.4,167,+2.3,44,+1.2,50,+1.1,50,+0.0,166,-0.6,224,-2.3,313,1.19,225,31.3,153,72.5,29,2009,0.6338497641865856,19,13,0.59375,32
118,Portland St.,BSky,23-10,+4.04,109.2,77,105.1,219,64.8,191,+.025,105,-3.32,233,101.5,221,104.8,242,-0.00,157,13,BSky,64.8,191,109.2,77,53.5,30,19.6,130,32.3,130,29.8,322,105.1,219,51.0,256,21.3,113,30.9,165,32.6,82,64.8,191,65.7,198,109.2,77,109.1,41,105.1,219,102.5,200,75.2,317,-0.5,187,-1.0,277,+0.5,114,-0.4,225,-0.9,244,-5.1,341,1.61,126,34.4,89,51.0,179,2009,0.6082807217363565,23,10,0.696969696969697,33
286,Prairie View A&M,SWAC,17-16,-11.72,94.4,292,106.1,241,67.0,100,+.013,137,-9.82,328,97.4,322,107.3,338,+10.94,12,,SWAC,67.0,100,94.4,292,46.3,282,20.8,205,31.8,148,39.4,88,106.1,241,49.8,197,22.3,63,33.4,264,40.4,260,67.0,100,70.3,49,94.4,292,96.6,258,106.1,241,99.8,129,74.7,338,-2.8,319,-1.1,283,-1.8,318,-2.8,338,-1.9,316,-3.3,328,0.89,299,29.1,215,29.0,319,2009,0.20690698204600794,17,16,0.5151515151515151,33
255,Presbyterian,BSth,12-17,-7.84,93.7,301,101.6,142,60.4,323,+.044,61,-2.58,212,101.6,216,104.2,218,+9.42,18,,BSth,60.4,323,93.7,301,48.1,206,24.8,332,28.6,250,36.0,188,101.6,142,49.2,171,20.7,141,29.7,120,32.5,80,60.4,323,63.7,278,93.7,301,92.3,306,101.6,142,99.7,126,75.4,308,-3.8,338,-1.8,329,-2.1,331,-0.5,232,+1.1,86,-1.3,282,1.22,218,21.2,329,59.2,103,2009,0.28274794399649705,12,17,0.41379310344827586,29
264,Princeton,Ivy,13-14,-8.72,95.5,282,104.3,198,57.6,342,-.034,268,-9.17,323,96.7,327,105.9,297,-8.95,329,,Ivy,57.6,342,95.5,282,50.0,125,22.0,256,24.1,324,30.0,317,104.3,198,44.7,21,19.5,218,29.0,92,42.8,293,57.6,342,59.0,339,95.5,282,97.0,248,104.3,198,97.2,79,76.7,130,+2.0,61,+0.6,97,+1.4,33,-0.1,210,+0.8,100,-0.3,200,0.87,302,34.5,88,35.7,294,2009,0.2662624714692576,13,14,0.48148148148148145,27
77,Providence,BE,19-14,+10.26,111.0,54,100.7,127,72.1,11,+.034,79,+7.68,49,107.2,47,99.5,47,-4.69,275,5,BE,72.1,11,111.0,54,50.6,104,19.6,126,35.4,46,39.5,87,100.7,127,50.5,235,20.0,182,34.7,291,29.1,24,72.1,11,73.3,10,111.0,54,106.2,83,100.7,127,104.0,232,76.6,147,+1.4,89,+0.7,86,+0.7,96,+1.0,80,+0.4,124,-1.3,273,3.07,1,28.4,228,65.1,63,2009,0.7539739916543836,19,14,0.5757575757575758,33
18,Purdue,B10,27-10,+21.84,110.5,60,88.7,5,65.9,144,-.012,199,+8.94,36,107.2,46,98.3,16,-5.45,289,5,B10,65.9,144,110.5,60,50.0,125,17.2,19,28.4,257,33.2,254,88.7,5,44.1,9,22.0,78,29.3,111,31.3,57,65.9,144,65.5,207,110.5,60,104.5,110,88.7,5,90.6,6,76.8,124,+2.4,40,+1.2,51,+1.2,49,+0.0,179,+1.1,65,-2.3,308,1.71,108,30.0,193,78.8,13,2009,0.9260260775436997,27,10,0.7297297297297297,37
279,Quinnipiac,NEC,15-16,-10.81,97.2,263,108.0,278,64.6,206,+.027,99,-9.85,329,98.1,310,107.9,342,-9.86,335,,NEC,64.6,206,97.2,263,47.1,240,21.5,235,40.0,6,36.9,162,108.0,278,49.5,182,20.0,183,29.3,109,36.8,183,64.6,206,65.6,206,97.2,263,100.5,184,108.0,278,102.3,197,75.7,270,-0.8,219,-0.5,228,-0.3,218,-0.5,231,-1.7,301,-0.3,213,1.08,263,29.9,197,41.2,254,2009,0.22940995216614365,15,16,0.4838709677419355,31
176,Radford,BSth,21-12,-0.86,101.2,208,102.1,153,69.2,37,+.076,21,-4.54,260,101.0,243,105.5,271,+8.71,22,16,BSth,69.2,37,101.2,208,49.8,138,22.2,273,34.5,61,42.8,29,102.1,153,46.9,75,16.7,330,26.9,30,30.1,37,69.2,37,71.9,21,101.2,208,101.3,169,102.1,153,99.8,128,76.9,108,+1.9,65,+1.1,57,+0.8,87,+0.6,105,+1.1,79,-2.3,319,1.98,55,22.7,318,62.8,79,2009,0.47456681038493703,21,12,0.6363636363636364,33
62,Rhode Island,A10,23-11,+12.26,113.7,29,101.5,141,67.7,76,-.043,278,+3.16,96,104.9,95,101.7,115,+0.22,148,6,A10,67.7,76,113.7,29,53.2,38,18.6,65,36.3,34,34.1,230,101.5,141,50.7,246,20.7,146,30.2,143,33.9,118,67.7,76,69.3,73,113.7,29,111.7,17,101.5,141,102.4,199,77.1,85,+2.3,42,+1.2,48,+1.1,51,+0.0,152,+0.2,137,-2.3,305,1.98,53,30.3,185,57.8,115,2009,0.7867261040159141,23,11,0.6764705882352942,34
235,Rice,CUSA,10-22,-6.10,100.4,219,106.5,249,63.5,258,+.010,144,+3.12,97,105.6,71,102.5,143,+1.80,111,,CUSA,63.5,258,100.4,219,48.9,171,19.9,146,25.1,314,33.3,251,106.5,249,50.4,231,17.8,312,33.5,267,37.0,193,63.5,258,65.1,232,100.4,219,97.5,239,106.5,249,108.8,316,76.3,191,+1.1,98,+0.8,79,+0.3,140,-1.0,268,-0.9,259,+0.7,109,1.61,128,30.6,179,48.6,199,2009,0.33664039602023843,10,22,0.3125,32
114,Richmond,A10,20-16,+4.43,106.8,103,102.4,163,63.9,234,-.034,266,+1.08,133,103.7,132,102.6,154,-1.47,193,,A10,63.9,234,106.8,103,51.8,67,17.7,31,26.5,294,33.3,248,102.4,163,48.6,139,21.9,86,35.0,300,42.8,292,63.9,234,65.8,196,106.8,103,105.2,98,102.4,163,102.1,192,77.7,33,+2.6,31,+1.3,45,+1.3,41,+1.4,43,+2.1,22,+0.7,135,1.72,103,25.6,285,62.5,83,2009,0.6186492601567796,20,16,0.5555555555555556,36
179,Rider,MAAC,19-13,-1.25,105.1,131,106.3,247,67.8,70,+.055,45,-3.18,226,99.3,283,102.5,144,-6.21,302,,MAAC,67.8,70,105.1,131,50.3,114,19.7,136,30.4,195,33.1,257,106.3,247,49.4,176,19.7,201,31.6,198,35.1,144,67.8,70,69.3,75,105.1,131,103.1,138,106.3,247,101.6,173,76.5,152,-1.2,246,-1.3,307,+0.1,159,-1.0,259,+0.6,108,+0.3,158,1.94,60,25.6,283,70.6,30,2009,0.4674063890860582,19,13,0.59375,32
146,Robert Morris,NEC,24-11,+1.49,102.0,187,100.6,122,66.0,139,+.055,44,-7.27,310,99.3,284,106.5,317,+0.44,144,15,NEC,66.0,139,102.0,187,53.4,31,22.0,261,30.8,179,36.7,165,100.6,122,48.8,147,23.2,35,30.0,131,39.6,246,66.0,139,67.4,132,102.0,187,104.4,114,100.6,122,96.5,64,75.8,253,-1.9,286,-0.7,243,-1.2,299,-1.0,277,+0.1,186,-0.3,197,1.76,92,34.4,92,65.4,62,2009,0.5396506653088574,24,11,0.6857142857142857,35
149,Rutgers,BE,11-21,+1.13,98.6,241,97.4,66,64.2,220,-.074,322,+6.25,59,106.2,63,99.9,57,-10.09,339,,BE,64.2,220,98.6,241,46.3,279,22.8,294,33.0,101,32.1,283,97.4,66,46.0,43,17.6,317,30.7,158,32.8,91,64.2,220,66.3,176,98.6,241,94.9,280,97.4,66,99.6,123,77.1,82,+3.8,15,+1.4,36,+2.3,6,-0.3,220,-0.5,220,+0.7,114,1.56,139,32.6,128,56.4,127,2009,0.535146461948593,11,21,0.34375,32
300,SIU Edwardsville,ind,3-12,-13.72,91.2,323,104.9,213,69.5,34,+.028,95,+4.45,81,105.9,67,101.4,105,+4.45,59,,ind,69.5,34,91.2,323,45.0,311,23.4,310,18.7,343,29.9,321,104.9,213,51.3,275,19.7,202,36.1,314,41.4,276,69.5,34,72.3,15,91.2,323,85.6,340,104.9,213,107.8,304,75.9,241,+0.0,166,+1.1,54,-1.1,292,-1.2,300,-1.4,287,+0.7,145,0.04,343,34.6,83,0.0,0,2009,0.1666642780319565,3,12,0.2,15
205,SMU,CUSA,9-21,-3.52,101.6,199,105.1,218,63.6,247,-.069,317,+3.24,95,104.4,104,101.2,94,-3.41,242,,CUSA,63.6,247,101.6,199,48.6,188,22.5,281,33.6,89,31.2,297,105.1,218,48.8,152,18.6,280,32.0,209,33.8,113,63.6,247,64.9,238,101.6,199,97.8,234,105.1,218,105.8,267,77.3,59,+5.3,3,+2.9,7,+2.4,5,+1.6,33,-0.9,263,-0.3,212,0.97,290,34.6,84,37.2,283,2009,0.40383994848058735,9,21,0.3,30
339,Sacramento St.,BSky,2-27,-24.88,89.6,332,114.5,337,63.6,245,+.017,123,-1.65,194,103.1,152,104.8,241,+0.09,153,,BSky,63.6,245,89.6,332,45.4,301,22.5,282,24.1,325,35.4,198,114.5,337,55.6,341,18.3,294,33.5,266,35.7,160,63.6,245,63.5,285,89.6,332,89.4,330,114.5,337,114.1,341,76.6,148,+0.9,111,-0.0,169,+0.9,83,+0.2,136,+0.1,160,+0.2,166,1.11,254,34.8,79,33.2,306,2009,0.05625164435019877,2,27,0.06896551724137931,29
186,Sacred Heart,NEC,17-14,-2.13,103.9,148,106.0,238,68.0,66,-.058,309,-8.56,319,98.4,306,106.9,331,-3.69,249,,NEC,68.0,66,103.9,148,55.2,7,22.8,293,31.2,166,26.0,342,106.0,238,48.7,143,21.1,122,32.3,226,34.3,126,68.0,66,68.7,93,103.9,148,106.2,85,106.0,238,100.7,153,75.7,264,-2.5,308,-1.4,312,-1.1,291,-0.5,227,+0.1,153,+0.1,170,2.05,40,30.8,177,48.0,209,2009,0.44272321635463974,17,14,0.5483870967741935,31
99,Saint Joseph's,A10,17-15,+6.71,105.7,119,99.0,90,63.9,231,-.041,277,+3.00,99,104.2,114,101.2,93,+1.78,113,,A10,63.9,231,105.7,119,48.7,183,19.9,147,30.7,184,40.2,64,99.0,90,47.3,87,18.6,277,32.1,217,29.7,30,63.9,231,65.5,208,105.7,119,102.3,152,99.0,90,99.2,116,77.0,96,+0.2,157,+0.3,121,-0.2,213,+0.0,159,-0.6,225,-0.3,180,2.34,15,15.2,343,62.4,84,2009,0.6798490079087505,17,15,0.53125,32
143,Saint Louis,A10,18-14,+1.75,101.8,193,100.1,113,60.0,326,+.038,73,+0.24,155,102.7,173,102.5,145,-7.19,309,,A10,60.0,326,101.8,193,48.4,201,20.0,158,28.6,251,38.6,111,100.1,113,46.8,69,18.2,298,27.4,44,34.2,123,60.0,326,61.0,328,101.8,193,99.6,203,100.1,113,99.1,113,75.8,259,-1.7,281,-0.4,209,-1.3,303,-1.0,265,-0.1,195,-1.3,270,2.01,46,28.4,227,48.6,198,2009,0.548265441511172,18,14,0.5625,32
56,Saint Mary's,WCC,28-7,+13.36,110.6,58,97.2,65,66.5,114,+.083,16,+1.81,115,103.6,135,101.8,121,+1.62,115,2,WCC,66.5,114,110.6,58,49.6,147,18.3,53,38.2,19,39.7,79,97.2,65,46.2,46,18.2,299,27.2,38,29.8,32,66.5,114,66.9,149,110.6,58,108.7,48,97.2,65,96.8,73,77.2,73,+2.2,49,+1.2,47,+0.9,79,+1.3,45,-0.9,234,+0.7,144,2.07,37,33.1,115,66.8,52,2009,0.8153594117277545,28,7,0.8,35
271,Saint Peter's,MAAC,11-19,-9.56,93.6,303,103.2,176,62.6,279,+.024,109,-3.67,243,99.7,278,103.4,185,-8.82,328,,MAAC,62.6,279,93.6,303,44.4,322,23.2,302,33.5,90,38.4,117,103.2,176,47.4,91,24.2,13,36.1,315,43.8,305,62.6,279,64.6,259,93.6,303,91.9,312,103.2,176,98.9,107,75.5,306,-1.7,276,-1.6,323,-0.1,206,-1.1,295,-0.9,243,-0.3,222,1.20,224,27.4,245,52.6,164,2009,0.24548442825115432,11,19,0.36666666666666664,30
123,Sam Houston St.,Slnd,18-12,+3.64,107.3,95,103.7,187,66.1,137,-.065,312,-1.21,183,102.3,194,103.5,188,+4.34,61,,Slnd,66.1,137,107.3,95,51.0,92,20.8,207,33.8,81,42.0,38,103.7,187,50.4,228,20.8,134,31.2,178,47.3,327,66.1,137,68.9,82,107.3,95,106.2,82,103.7,187,101.9,185,75.0,327,-3.2,328,-1.1,292,-2.1,329,-2.0,319,-1.9,306,-1.3,260,0.77,316,29.1,214,34.3,302,2009,0.5968735856456453,18,12,0.6,30
250,Samford,SC,16-16,-7.34,101.4,206,108.8,286,57.8,338,+.017,122,-5.67,283,101.1,237,106.8,326,+3.13,87,,SC,57.8,338,101.4,206,55.0,9,21.3,224,20.8,340,35.5,196,108.8,286,50.8,249,22.5,56,37.2,330,30.4,43,57.8,338,59.6,336,101.4,206,102.7,144,108.8,286,105.9,268,76.5,161,-0.9,226,-0.8,248,-0.1,177,+0.3,130,+0.3,131,+0.7,145,1.50,154,32.3,130,62.8,80,2009,0.30788201514750685,16,16,0.5,32
162,San Diego,WCC,16-16,+0.11,98.4,243,98.3,75,62.1,299,+.015,129,+1.53,120,103.8,129,102.2,139,+4.25,65,,WCC,62.1,299,98.4,243,47.6,225,20.4,179,26.8,287,33.1,258,98.3,75,47.7,102,22.2,70,31.8,200,39.0,235,62.1,299,62.7,301,98.4,243,95.6,272,98.3,75,98.1,94,76.6,149,+0.3,149,-0.1,183,+0.4,131,+0.0,170,+0.1,157,+1.4,76,1.74,99,35.4,69,67.9,49,2009,0.502923200296057,16,16,0.5,32
36,San Diego St.,MWC,26-10,+16.05,109.4,71,93.3,30,61.8,305,+.020,117,+5.59,66,105.6,70,100.0,61,-1.71,201,1,MWC,61.8,305,109.4,71,49.9,132,19.7,133,35.4,47,33.4,245,93.3,30,46.9,74,22.6,54,31.1,169,33.1,96,61.8,305,62.9,295,109.4,71,105.8,89,93.3,30,95.1,36,76.4,169,+0.2,152,-0.2,190,+0.4,122,+1.0,64,-0.6,223,-1.3,277,2.35,14,34.4,91,68.5,44,2009,0.8618443805699451,26,10,0.7222222222222222,36
244,San Francisco,WCC,11-19,-6.93,104.1,146,111.0,312,64.6,208,+.033,81,+1.88,114,103.4,145,101.5,108,+3.72,72,,WCC,64.6,208,104.1,146,49.1,167,19.6,122,28.0,266,39.7,78,111.0,312,53.6,326,19.5,216,32.9,246,36.8,184,64.6,208,66.0,181,104.1,146,100.1,191,111.0,312,109.8,329,76.7,139,-0.5,184,-0.9,261,+0.5,118,+0.3,125,+0.7,105,+2.0,39,1.19,227,34.0,99,36.6,286,2009,0.323430790684598,11,19,0.36666666666666664,30
192,San Jose St.,WAC,13-17,-2.64,101.6,196,104.2,197,66.2,133,+.014,133,+0.61,143,103.5,141,102.9,164,-1.59,197,,WAC,66.2,133,101.6,196,47.9,212,21.4,228,34.0,72,36.8,164,104.2,197,51.0,257,19.0,249,31.8,203,30.9,49,66.2,133,66.4,170,101.6,196,99.8,200,104.2,197,103.9,228,77.5,51,-0.3,180,+0.6,97,-0.8,260,+0.0,192,+1.5,42,+3.7,5,1.52,146,32.3,132,70.5,31,2009,0.42785971711334403,13,17,0.43333333333333335,30
137,Santa Clara,WCC,16-17,+2.25,101.6,197,99.3,94,63.7,241,-.051,298,+1.10,130,103.8,130,102.7,156,+0.99,128,,WCC,63.7,241,101.6,197,51.4,77,24.7,330,31.2,164,37.5,150,99.3,94,46.7,65,18.0,302,28.6,70,38.0,212,63.7,241,65.0,234,101.6,197,99.2,211,99.3,94,99.0,111,76.9,111,+0.7,124,+0.7,82,-0.0,163,+0.0,164,+0.1,167,+0.9,91,1.17,241,34.4,90,33.3,303,2009,0.5654538640417058,16,17,0.48484848484848486,33
312,Savannah St.,ind,15-14,-15.76,86.0,340,101.8,148,63.4,260,+.122,4,-6.14,293,99.7,280,105.8,293,-0.90,184,,ind,63.4,260,86.0,340,43.5,330,25.8,340,28.2,261,34.3,221,101.8,148,49.6,190,25.4,8,31.1,173,44.8,314,63.4,260,65.0,233,86.0,340,85.1,341,101.8,148,98.7,103,75.7,269,-1.2,244,-1.1,288,-0.1,183,-0.4,222,-0.9,270,-1.3,266,1.44,167,33.5,108,56.7,123,2009,0.12568935773557868,15,14,0.5172413793103449,29
76,Seton Hall,BE,17-15,+10.30,110.7,57,100.4,119,67.7,75,-.025,239,+8.26,40,106.6,53,98.3,18,-5.48,290,,BE,67.7,75,110.7,57,48.8,177,17.2,20,30.3,200,33.4,247,100.4,119,47.7,104,20.8,136,39.1,341,44.3,308,67.7,75,69.5,69,110.7,57,105.0,100,100.4,119,102.8,209,75.8,252,+0.4,140,+1.0,64,-0.6,242,-4.0,344,-1.9,322,-0.3,216,1.85,74,20.6,331,50.3,184,2009,0.7545649065467149,17,15,0.53125,32
67,Siena,MAAC,27-8,+11.93,110.3,63,98.4,78,70.7,16,+.031,90,+0.91,138,102.4,188,101.5,109,+7.27,29,9,MAAC,70.7,16,110.3,63,51.0,93,18.1,49,32.4,124,35.7,194,98.4,78,49.2,168,22.8,46,32.5,236,24.4,3,70.7,16,71.8,24,110.3,63,106.9,76,98.4,78,96.9,76,76.4,176,-2.2,302,-1.1,290,-1.1,280,-1.0,263,+0.7,101,+0.7,128,2.44,10,20.2,335,73.2,24,2009,0.7879940009784646,27,8,0.7714285714285715,35
180,South Alabama,SB,20-13,-1.28,102.8,165,104.1,194,63.2,264,+.037,75,-4.92,269,101.7,215,106.6,321,-5.67,294,,SB,63.2,264,102.8,165,51.2,86,20.8,204,36.5,32,41.8,42,104.1,194,46.7,64,16.4,334,29.3,105,33.5,106,63.2,264,65.4,214,102.8,165,105.3,97,104.1,194,102.3,195,75.3,311,-1.0,234,-0.9,260,-0.1,174,+0.1,141,-2.8,335,-1.3,289,1.30,202,33.3,111,58.7,106,2009,0.46393370832322606,20,13,0.6060606060606061,33
71,South Carolina,SEC,21-10,+11.44,107.3,96,95.9,49,72.6,8,-.012,198,+2.80,102,104.4,105,101.6,111,-9.84,334,3,SEC,72.6,8,107.3,96,50.3,116,18.0,45,32.8,108,33.7,240,95.9,49,48.0,118,25.7,7,35.5,307,36.7,182,72.6,8,74.1,9,107.3,96,105.0,99,95.9,49,95.2,43,75.6,289,+0.3,143,-0.6,236,+0.9,79,-2.0,320,-1.4,289,-2.3,318,2.20,24,29.1,213,80.5,11,2009,0.7844365986140892,21,10,0.6774193548387096,31
276,South Carolina St.,MEAC,17-14,-10.24,96.4,272,106.6,250,68.5,56,-.014,207,-11.92,341,93.9,343,105.8,294,-4.07,252,,MEAC,68.5,56,96.4,272,48.8,180,25.0,336,36.4,33,37.6,143,106.6,250,47.2,82,18.5,284,28.3,64,32.3,76,68.5,56,68.7,92,96.4,272,97.8,233,106.6,250,98.0,92,75.6,288,-2.9,323,-1.0,269,-1.9,322,+0.0,192,-0.9,247,-0.3,198,1.47,161,31.3,154,53.2,156,2009,0.23927852060960858,17,14,0.5483870967741935,31
212,South Dakota St.,Sum,13-20,-4.00,104.9,135,108.9,289,64.6,207,-.043,280,-0.01,160,104.1,119,104.1,209,+2.66,94,,Sum,64.6,207,104.9,135,50.7,102,19.1,92,32.1,138,33.4,246,108.9,289,52.2,298,17.3,323,30.0,134,32.8,88,64.6,207,64.7,252,104.9,135,104.4,112,108.9,289,109.2,321,75.7,268,-2.1,297,-1.4,311,-0.7,246,+0.0,192,-0.8,231,-0.5,236,1.74,100,30.8,176,68.4,46,2009,0.3940406287193942,13,20,0.3939393939393939,33
136,South Florida,BE,9-22,+2.30,101.5,202,99.2,92,60.9,317,-.056,305,+10.30,14,107.7,35,97.4,4,+3.04,89,,BE,60.9,317,101.5,202,44.7,318,19.5,119,32.1,137,34.9,206,99.2,92,47.2,83,17.5,319,33.6,268,37.7,208,60.9,317,62.5,306,101.5,202,94.6,284,99.2,92,103.2,219,77.6,42,+0.9,109,+1.2,46,-0.3,221,+0.0,188,+1.2,54,+1.7,44,1.42,173,30.3,184,53.9,149,2009,0.5655183464051693,9,22,0.2903225806451613,31
336,Southeast Missouri St.,OVC,3-27,-21.81,95.0,288,116.8,341,69.7,28,-.017,218,-3.10,224,102.8,170,105.9,295,-1.74,203,,OVC,69.7,28,95.0,288,47.0,247,21.6,244,27.6,273,36.5,175,116.8,341,52.8,311,16.1,339,37.0,328,34.3,125,69.7,28,70.9,36,95.0,288,95.2,275,116.8,341,115.6,344,75.8,254,-1.7,279,-1.1,291,-0.6,241,+0.0,156,-1.9,308,-1.3,262,1.05,271,27.2,251,36.4,289,2009,0.08504136619065798,3,27,0.1,30
199,Southeastern Louisiana,Slnd,13-17,-2.97,100.5,216,103.5,181,65.1,180,-.112,343,-1.22,184,100.9,245,102.1,134,+5.95,40,,Slnd,65.1,180,100.5,216,50.1,124,20.2,170,28.9,241,32.9,264,103.5,181,47.0,79,19.5,220,32.1,216,43.0,295,65.1,180,67.3,133,100.5,216,98.6,222,103.5,181,100.8,155,77.1,81,+0.1,165,-0.1,182,+0.2,150,+0.9,89,+1.1,76,+2.7,15,1.08,266,34.5,87,47.2,216,2009,0.4162322834728271,13,17,0.43333333333333335,30
331,Southern,SWAC,8-23,-19.91,91.2,322,111.2,313,64.8,197,-.039,275,-11.51,339,96.0,337,107.5,339,-0.10,160,,SWAC,64.8,197,91.2,322,45.6,296,24.8,334,33.5,91,37.9,130,111.2,313,50.7,245,19.1,242,29.7,123,32.0,72,64.8,197,67.2,136,91.2,322,93.1,297,111.2,313,103.6,226,76.4,173,-1.1,243,-1.1,287,-0.1,199,+0.3,131,+0.1,143,+0.7,98,1.70,110,37.1,41,64.7,67,2009,0.09277880517001887,8,23,0.25806451612903225,31
156,Southern Illinois,MVC,13-18,+0.81,102.2,184,101.4,140,63.7,244,-.015,208,+4.13,84,105.4,78,101.3,97,+5.10,51,,MVC,63.7,244,102.2,184,47.9,211,22.7,287,29.1,236,38.4,118,101.4,140,49.1,160,21.8,91,31.5,195,49.6,335,63.7,244,63.9,272,102.2,184,98.6,221,101.4,140,102.8,210,76.4,172,+0.3,144,+0.2,132,+0.1,158,-0.8,253,-0.0,189,-0.3,206,1.38,183,35.5,67,36.1,290,2009,0.5225780715643078,13,18,0.41935483870967744,31
144,Southern Miss,CUSA,15-17,+1.58,106.7,105,105.1,220,62.4,288,-.018,225,+4.27,83,105.2,87,100.9,84,+1.04,127,,CUSA,62.4,288,106.7,105,46.6,265,15.0,4,28.5,255,39.1,97,105.1,220,51.3,272,18.4,289,27.5,47,41.0,267,62.4,288,63.7,276,106.7,105,102.6,145,105.1,220,106.5,283,75.7,273,-2.5,311,-0.1,175,-2.5,342,-1.0,288,+0.1,165,+0.7,138,2.52,7,17.5,341,72.8,26,2009,0.5433290780108827,15,17,0.46875,32
227,Southern Utah,Sum,11-20,-5.39,102.1,186,107.5,266,62.7,276,-.048,287,+0.06,159,104.5,103,104.4,225,+3.44,80,,Sum,62.7,276,102.1,186,50.8,99,23.0,298,29.3,233,39.4,90,107.5,266,54.0,328,20.5,154,28.6,70,38.8,232,62.7,276,62.9,296,102.1,186,102.1,157,107.5,266,107.6,297,76.4,166,-2.0,294,+0.0,161,-2.1,325,+0.0,192,+0.1,163,+0.2,167,0.69,325,23.2,317,27.4,324,2009,0.35601824680028443,11,20,0.3548387096774194,31
188,St. Bonaventure,A10,15-15,-2.22,98.6,240,100.8,130,70.1,22,+.034,78,-1.04,179,102.1,202,103.1,170,-7.34,313,,A10,70.1,22,98.6,240,49.2,164,23.4,308,32.8,107,37.0,161,100.8,130,47.2,81,19.2,234,29.4,116,39.1,238,70.1,22,71.2,32,98.6,240,97.3,243,100.8,130,98.8,106,77.5,45,+1.0,108,+0.8,76,+0.1,153,+0.0,147,+1.7,37,+1.7,45,0.67,328,31.7,147,14.3,340,2009,0.43689540314525366,15,15,0.5,30
301,St. Francis NY,NEC,10-20,-13.74,96.0,278,109.7,298,66.2,131,+.021,114,-6.75,301,98.7,294,105.5,272,-1.83,204,,NEC,66.2,131,96.0,278,49.6,146,22.9,296,27.8,269,33.6,241,109.7,298,49.1,164,20.8,139,34.6,290,44.5,310,66.2,131,67.4,131,96.0,278,96.8,254,109.7,298,104.6,243,75.2,319,-1.2,251,-1.2,297,-0.1,192,-1.2,301,-0.7,229,-3.3,331,1.49,157,33.6,107,45.4,224,2009,0.17739262544998208,10,20,0.3333333333333333,30
328,St. Francis PA,NEC,6-23,-19.29,94.4,293,113.7,334,62.3,292,-.016,213,-6.05,290,99.7,279,105.8,292,+1.09,124,,NEC,62.3,292,94.4,293,48.4,202,24.2,326,29.8,213,34.7,212,113.7,334,53.5,324,19.5,213,32.1,219,38.6,225,62.3,292,64.4,264,94.4,293,95.1,277,113.7,334,109.4,323,75.0,329,-2.2,303,-1.8,331,-0.4,229,-0.1,207,-3.2,342,-1.3,294,2.08,33,31.3,155,63.0,78,2009,0.10533941345993698,6,23,0.20689655172413793,29
121,St. John's,BE,16-18,+3.88,102.7,169,98.8,86,65.4,165,+.001,163,+6.51,55,106.3,59,99.8,54,-9.60,333,,BE,65.4,165,102.7,169,46.2,284,21.8,251,36.6,31,37.2,158,98.8,86,50.2,220,20.6,147,29.6,119,35.5,155,65.4,165,66.7,158,102.7,169,98.8,218,98.8,86,100.8,157,76.9,112,-0.2,177,-0.1,185,-0.1,171,+1.0,56,+1.3,50,-2.3,306,1.05,269,24.6,302,55.7,134,2009,0.6095014067405687,16,18,0.47058823529411764,34
52,Stanford,P10,20-14,+14.13,112.5,39,98.3,77,67.5,80,-.022,234,+7.65,52,107.6,38,99.9,58,-4.87,278,,P10,67.5,80,112.5,39,52.5,56,18.4,58,29.8,217,33.5,243,98.3,77,51.8,287,21.8,89,30.3,145,32.8,89,67.5,80,67.3,135,112.5,39,108.4,51,98.3,77,101.8,184,76.9,101,+0.8,120,-0.2,187,+0.9,62,-0.7,245,+0.4,125,+1.4,75,2.08,34,25.9,276,53.1,157,2009,0.8251570712396182,20,14,0.5882352941176471,34
101,Stephen F. Austin,Slnd,24-8,+6.52,97.0,268,90.4,9,62.4,289,+.053,49,-1.98,204,101.9,212,103.9,202,+4.63,58,14,Slnd,62.4,289,97.0,268,47.3,234,17.4,24,24.8,317,29.0,327,90.4,9,42.8,3,21.8,90,26.7,27,38.3,218,62.4,289,64.8,248,97.0,268,96.5,263,90.4,9,88.2,2,74.8,336,+0.2,154,+0.6,97,-0.3,225,+0.0,181,-1.7,300,-7.5,344,1.95,58,27.2,252,70.4,32,2009,0.6921877421265292,24,8,0.75,32
257,Stetson,ASun,13-17,-7.87,96.2,273,104.0,193,67.2,92,+.015,130,-2.56,211,100.8,249,103.4,183,+14.92,2,,ASun,67.2,92,96.2,273,44.7,316,20.1,165,31.9,145,29.9,320,104.0,193,50.1,215,21.0,126,31.3,182,39.3,241,67.2,92,68.8,84,96.2,273,94.2,289,104.0,193,100.8,156,76.1,221,-1.7,278,-0.6,235,-1.1,284,+0.5,110,-0.8,232,-1.3,252,2.30,18,34.5,86,88.5,3,2009,0.289758398895362,13,17,0.43333333333333335,30
190,Stony Brook,AE,16-14,-2.36,98.2,245,100.6,124,62.8,273,-.069,318,-7.87,313,97.7,316,105.6,278,-9.94,338,,AE,62.8,273,98.2,245,46.1,286,19.4,116,31.0,174,35.7,193,100.6,124,48.8,149,23.4,27,27.0,32,36.9,188,62.8,273,63.2,290,98.2,245,98.9,215,100.6,124,94.7,31,76.0,235,-1.2,247,-0.5,230,-0.7,245,-0.7,247,-0.9,266,+1.7,64,0.54,338,33.1,117,17.0,337,2009,0.43102277242941556,16,14,0.5333333333333333,30
16,Syracuse,BE,28-10,+22.21,117.0,10,94.8,39,69.7,29,+.024,106,+11.46,4,108.4,21,97.0,1,+0.77,133,3,BE,69.7,29,117.0,10,54.4,16,20.5,190,34.2,68,39.3,92,94.8,39,46.7,67,18.7,270,34.1,278,26.2,10,69.7,29,71.2,33,117.0,10,108.9,43,94.8,39,98.4,100,77.1,86,+0.7,123,+0.6,95,+0.1,152,+0.0,163,+2.1,29,+0.7,131,1.98,54,23.7,312,57.3,117,2009,0.9183136468482701,28,10,0.7368421052631579,38
126,TCU,MWC,14-17,+3.23,103.5,152,100.3,117,62.8,272,-.019,226,+5.35,68,105.5,75,100.1,63,-0.40,170,,MWC,62.8,272,103.5,152,48.0,210,20.5,188,27.0,286,38.6,109,100.3,117,51.7,284,21.6,97,25.9,18,37.7,207,62.8,272,63.6,282,103.5,152,98.8,219,100.3,117,101.1,165,76.4,178,+0.3,145,+0.0,163,+0.3,139,+0.0,142,-0.4,217,-1.3,257,1.09,259,27.8,235,35.7,293,2009,0.5893231575532576,14,17,0.45161290322580644,31
50,Temple,A10,22-12,+14.38,109.9,68,95.5,43,63.5,255,-.005,173,+6.68,54,106.9,49,100.3,68,+7.22,32,11,A10,63.5,255,109.9,68,51.1,88,18.9,78,31.9,143,28.7,329,95.5,43,46.3,49,17.9,309,27.5,45,30.4,47,63.5,255,64.9,243,109.9,68,105.7,91,95.5,43,98.0,93,78.2,15,+2.1,56,+1.8,24,+0.3,143,+0.0,161,+2.1,29,+4.3,3,1.94,62,24.1,309,66.4,54,2009,0.8341200579178487,22,12,0.6470588235294118,34
32,Tennessee,SEC,21-13,+16.48,115.1,20,98.7,83,67.7,72,-.032,261,+9.40,31,107.9,31,98.5,21,+9.15,21,9,SEC,67.7,72,115.1,20,50.9,95,18.3,54,36.0,40,36.7,169,98.7,83,50.6,242,20.7,145,28.9,83,36.8,186,67.7,72,71.3,29,115.1,20,109.4,37,98.7,83,101.7,181,78.6,5,+2.0,59,+0.9,68,+1.1,52,+3.0,4,+3.5,2,+2.7,13,1.40,176,33.8,104,42.2,243,2009,0.8541761744266095,21,13,0.6176470588235294,34
117,Tennessee Martin,OVC,22-10,+4.20,108.5,86,104.3,200,68.3,61,+.013,135,-5.21,275,101.2,234,106.4,311,-4.28,260,,OVC,68.3,61,108.5,86,50.3,111,18.1,46,35.1,52,31.1,298,104.3,200,50.2,223,21.9,85,34.1,279,36.8,187,68.3,61,69.8,64,108.5,86,109.7,31,104.3,200,101.7,178,76.0,232,-0.3,181,-0.4,206,+0.1,157,-1.7,317,-0.9,254,+1.5,73,1.12,252,31.5,149,59.4,101,2009,0.6115913505935126,22,10,0.6875,32
274,Tennessee St.,OVC,12-18,-9.86,101.6,198,111.4,316,68.6,53,+.059,37,-3.04,220,102.1,203,105.1,252,-0.39,169,,OVC,68.6,53,101.6,198,49.7,142,22.1,269,33.0,102,39.3,91,111.4,316,51.9,288,18.9,256,35.2,302,38.8,233,68.6,53,70.5,43,101.6,198,101.1,172,111.4,316,109.9,330,75.7,276,+0.5,134,-0.5,211,+0.9,69,+0.3,127,-2.2,327,-1.3,279,0.92,294,31.1,161,42.2,242,2009,0.25750755959838867,12,18,0.4,30
238,Tennessee Tech,OVC,12-18,-6.35,98.1,246,104.4,207,71.4,13,-.078,329,-3.40,236,103.0,161,106.4,313,-1.05,186,,OVC,71.4,13,98.1,246,49.3,159,21.6,242,32.3,131,33.3,252,104.4,207,50.1,216,22.2,71,34.8,294,44.4,309,71.4,13,72.9,12,98.1,246,100.2,188,104.4,207,103.4,222,76.4,165,+0.8,117,+0.3,128,+0.5,110,-1.1,298,-0.9,249,+1.1,82,1.04,275,41.1,10,39.0,268,2009,0.32832148678827555,12,18,0.4,30
22,Texas,B12,23-12,+19.65,112.2,42,92.5,20,65.4,160,-.048,288,+10.16,17,109.2,8,99.0,36,+2.01,108,7,B12,65.4,160,112.2,42,48.5,194,18.4,57,38.5,12,38.6,110,92.5,20,46.0,42,19.8,195,30.2,142,36.7,181,65.4,160,67.5,128,112.2,42,106.9,75,92.5,20,96.8,71,76.1,217,+2.1,53,+1.6,33,+0.5,108,-2.0,325,-1.9,309,-0.3,230,2.27,21,28.5,222,68.6,43,2009,0.9020625636571508,23,12,0.6571428571428571,35
45,Texas A&M,B12,24-10,+15.01,113.1,35,98.1,74,63.9,235,+.053,48,+7.85,48,107.1,48,99.3,45,-4.30,261,9,B12,63.9,235,113.1,35,50.4,109,18.9,81,35.3,48,46.5,4,98.1,74,48.8,151,18.0,304,27.3,42,30.1,36,63.9,235,66.2,177,113.1,35,107.5,64,98.1,74,101.1,160,77.6,40,+2.6,33,+1.0,60,+1.5,28,+1.0,50,+1.1,73,+1.1,85,1.60,129,31.2,160,59.4,102,2009,0.8370278055452449,24,10,0.7058823529411765,34
161,Texas A&M Corpus Chris,Slnd,18-15,+0.20,100.0,223,99.8,105,66.4,121,+.033,82,+0.81,140,102.6,181,101.7,119,+7.27,30,,Slnd,66.4,121,100.0,223,46.8,260,24.1,324,34.8,58,41.7,43,99.8,105,48.3,127,21.7,92,30.1,139,38.6,226,66.4,121,68.8,85,100.0,223,96.3,266,99.8,105,98.3,97,78.4,9,+4.3,8,+2.1,13,+2.2,9,+2.4,7,+1.8,34,+1.7,49,0.77,315,37.8,33,45.1,225,2009,0.5057555034502785,18,15,0.5454545454545454,33
322,Texas Pan American,ind,10-17,-18.68,93.7,302,112.3,325,62.6,280,+.001,160,-8.35,316,97.7,315,106.1,306,+2.99,90,,ind,62.6,280,93.7,302,48.6,186,22.1,268,27.0,284,39.6,81,112.3,325,54.1,329,20.9,130,27.5,48,39.5,243,62.6,280,65.8,194,93.7,302,94.5,287,112.3,325,105.7,264,75.5,294,-2.1,299,-1.4,317,-0.7,244,-1.5,311,-0.9,252,-0.3,190,0.58,336,30.8,175,24.0,326,2009,0.11082218684599816,10,17,0.37037037037037035,27
320,Texas Southern,SWAC,7-25,-18.64,93.2,307,111.9,320,66.8,105,-.031,255,-6.75,302,98.8,293,105.5,276,+11.48,10,,SWAC,66.8,105,93.2,307,49.3,156,24.6,329,30.5,190,40.0,68,111.9,320,52.1,295,21.5,105,36.7,321,51.3,339,66.8,105,68.4,101,93.2,307,93.7,295,111.9,320,107.6,298,76.6,144,-0.5,189,-1.0,270,+0.4,119,-0.8,250,+1.1,92,+1.3,79,1.44,168,32.8,125,36.4,287,2009,0.10881859474610904,7,25,0.21875,32
208,Texas St.,Slnd,14-16,-3.89,102.4,178,106.3,245,73.9,4,-.078,328,-3.07,222,101.3,230,104.4,224,-3.55,247,,Slnd,73.9,4,102.4,178,49.7,143,21.4,227,32.3,126,38.8,105,106.3,245,51.1,259,22.0,79,29.7,121,57.7,344,73.9,4,75.8,5,102.4,178,102.2,153,106.3,245,103.7,227,76.4,170,+0.1,160,-0.5,226,+0.6,97,+1.2,46,-0.7,227,-0.3,189,1.43,171,36.5,51,63.5,74,2009,0.39416129429277347,14,16,0.4666666666666667,30
94,Texas Tech,B12,14-19,+7.01,109.3,74,102.3,161,71.4,14,-.017,220,+10.65,10,109.2,7,98.6,22,+1.39,119,,B12,71.4,14,109.3,74,50.3,113,19.6,123,25.8,309,37.6,145,102.3,161,50.3,224,17.7,315,31.6,197,41.7,280,71.4,14,72.9,13,109.3,74,102.9,142,102.3,161,106.9,289,76.4,187,+1.9,67,+0.9,70,+0.9,58,-0.6,241,-1.1,275,-0.3,227,1.44,170,30.8,172,55.2,139,2009,0.6816027744046784,14,19,0.42424242424242425,33
194,The Citadel,SC,20-13,-2.72,102.6,173,105.3,223,61.7,307,+.042,65,-6.82,304,100.4,260,107.2,337,-4.10,254,,SC,61.7,307,102.6,173,50.7,101,19.7,138,29.1,235,34.2,228,105.3,223,48.3,129,18.3,292,28.6,74,36.1,166,61.7,307,62.7,298,102.6,173,104.5,109,105.3,223,102.5,202,75.7,265,-2.9,322,-1.0,282,-1.8,320,-0.9,256,-0.4,214,+0.7,100,1.69,114,28.5,223,63.8,72,2009,0.4258708857180283,20,13,0.6060606060606061,33
298,Toledo,MAC,7-25,-13.31,92.6,311,105.9,236,64.9,188,+.010,142,+0.34,149,102.1,205,101.7,118,+5.74,44,,MAC,64.9,188,92.6,311,46.5,268,25.5,339,30.4,197,33.8,238,105.9,236,49.5,184,20.7,140,34.8,295,35.6,158,64.9,188,65.0,236,92.6,311,89.5,329,105.9,236,104.2,236,76.7,129,+0.9,110,+0.9,74,+0.0,162,+0.0,162,+0.1,183,+0.2,164,1.75,95,27.7,239,53.5,153,2009,0.17604586982851503,7,25,0.21875,32
258,Towson,CAA,12-22,-7.99,101.2,209,109.2,293,65.7,154,+.030,92,-0.01,161,101.3,233,101.3,99,-1.23,188,,CAA,65.7,154,101.2,209,45.7,294,19.3,103,32.3,125,34.8,209,109.2,293,49.5,181,19.1,240,36.1,313,34.9,139,65.7,154,65.6,202,101.2,209,97.8,232,109.2,293,106.6,286,76.9,113,+0.5,136,-0.5,216,+0.9,73,+2.2,11,-0.2,202,-0.3,202,1.00,283,31.8,146,37.9,277,2009,0.29422607665736433,12,22,0.35294117647058826,34
183,Troy,SB,19-13,-1.42,108.8,81,110.2,303,69.9,25,+.065,29,-4.21,254,101.4,224,105.6,283,-2.80,226,,SB,69.9,25,108.8,81,53.3,34,17.2,18,28.7,247,31.0,303,110.2,303,53.0,319,19.3,225,31.9,207,29.5,26,69.9,25,71.3,30,108.8,81,109.1,40,110.2,303,108.3,309,75.6,285,-0.7,210,+0.6,93,-1.3,304,-2.0,322,-0.9,253,-0.8,239,1.02,279,35.9,62,38.2,271,2009,0.4633075889872032,19,13,0.59375,32
174,Tulane,CUSA,14-17,-0.78,98.6,238,99.4,95,64.6,203,-.010,192,+0.95,137,104.2,111,103.2,175,-4.57,270,,CUSA,64.6,203,98.6,238,46.4,272,20.5,184,30.6,187,36.9,163,99.4,95,49.3,172,22.3,64,31.1,170,41.9,283,64.6,203,65.6,203,98.6,238,96.7,255,99.4,95,99.9,130,76.3,193,-0.5,190,-1.4,317,+0.9,79,+1.6,35,+1.2,55,-1.3,281,1.71,107,25.3,292,61.6,87,2009,0.4767842554365499,14,17,0.45161290322580644,31
58,Tulsa,CUSA,25-11,+12.75,106.2,110,93.4,31,64.1,226,+.060,36,+4.88,73,105.4,79,100.5,72,+2.32,101,4,CUSA,64.1,226,106.2,110,50.0,125,21.5,236,32.8,110,41.3,45,93.4,31,43.6,5,16.8,328,25.4,14,37.9,211,64.1,226,65.2,224,106.2,110,102.2,154,93.4,31,94.6,29,78.1,21,+2.5,35,+2.3,10,+0.2,149,+0.6,106,+1.1,64,+3.7,5,1.75,94,28.5,225,60.3,97,2009,0.8141155070145445,25,11,0.6944444444444444,36
53,UAB,CUSA,22-12,+13.73,109.4,70,95.7,47,66.4,122,-.009,188,+5.04,71,106.2,61,101.2,92,+3.87,70,7,CUSA,66.4,122,109.4,70,51.3,79,16.4,9,26.6,292,34.6,215,95.7,47,47.9,112,20.2,170,27.0,33,30.4,45,66.4,122,67.3,134,109.4,70,106.5,80,95.7,47,96.9,75,76.3,197,-0.8,220,-0.5,211,-0.4,228,+1.0,80,+0.3,135,-3.3,327,2.91,3,20.4,333,60.8,93,2009,0.8232632680475152,22,12,0.6470588235294118,34
220,UC Davis,BW,13-19,-4.81,105.2,125,110.0,300,69.4,35,-.056,304,-3.53,241,101.3,231,104.8,240,-5.62,293,,BW,69.4,35,105.2,125,53.2,37,20.2,169,23.3,333,37.9,135,110.0,300,52.4,302,18.6,274,28.6,72,40.1,256,69.4,35,69.6,68,105.2,125,104.9,102,110.0,300,106.5,282,77.6,44,+1.9,64,-0.0,165,+1.9,20,+3.2,1,+1.1,80,+0.4,157,2.06,38,25.9,275,62.3,86,2009,0.37446797247810215,13,19,0.40625,32
217,UC Irvine,BW,12-19,-4.39,104.1,145,108.5,284,62.7,278,-.005,179,-1.69,195,102.5,182,104.2,219,-0.42,172,,BW,62.7,278,104.1,145,49.4,152,17.7,33,24.7,318,31.9,287,108.5,284,52.2,297,18.3,295,30.2,144,37.9,210,62.7,278,63.8,274,104.1,145,102.6,146,108.5,284,107.6,299,75.4,310,-1.3,256,-0.2,194,-1.1,276,-0.7,246,-1.4,288,-1.3,275,1.12,251,30.0,192,48.1,206,2009,0.38317837503644003,12,19,0.3870967741935484,31
219,UC Riverside,BW,17-13,-4.68,97.5,258,102.2,156,59.9,328,+.096,6,-3.28,232,102.3,193,105.6,281,-4.69,274,,BW,59.9,328,97.5,258,48.2,205,21.5,229,32.3,129,30.5,309,102.2,156,51.1,261,22.1,73,26.7,26,33.7,110,59.9,328,60.4,330,97.5,258,98.4,225,102.2,156,100.5,148,76.4,179,-1.5,269,-0.7,240,-0.8,262,+0.0,188,+0.4,127,+0.7,127,1.18,235,38.5,24,49.3,194,2009,0.3678591885073524,17,13,0.5666666666666667,30
165,UC Santa Barbara,BW,16-15,-0.09,99.8,226,99.9,107,65.0,185,-.006,183,-1.37,185,103.0,162,104.4,222,+0.90,130,,BW,65.0,185,99.8,226,49.8,137,22.9,295,32.0,139,39.5,83,99.9,107,51.3,269,23.9,17,29.3,107,39.3,239,65.0,185,65.8,197,99.8,226,99.6,204,99.9,107,99.3,117,77.1,76,+2.4,37,+1.1,56,+1.3,40,-0.0,205,+0.6,109,+1.4,78,1.50,155,40.4,13,41.7,249,2009,0.4971207126083598,16,15,0.5161290322580645,31
135,UCF,CUSA,17-14,+2.32,105.9,114,103.6,183,65.9,143,+.022,112,+1.06,134,104.5,102,103.4,184,-3.01,231,,CUSA,65.9,143,105.9,114,50.3,112,20.9,212,33.4,93,34.7,211,103.6,183,50.3,225,20.4,158,32.4,228,42.0,284,65.9,143,67.1,139,105.9,114,104.6,105,103.6,183,104.0,231,76.2,201,+1.1,99,+0.6,105,+0.6,104,+0.0,171,+0.1,185,-1.6,298,1.25,209,37.2,39,41.0,257,2009,0.5627957046064141,17,14,0.5483870967741935,31
12,UCLA,P10,26-9,+23.93,119.5,3,95.6,44,65.3,171,-.030,251,+8.42,39,107.6,39,99.1,40,-3.43,243,6,P10,65.3,171,119.5,3,54.8,11,18.1,47,34.8,57,31.2,296,95.6,44,49.8,201,23.7,21,29.1,94,35.6,156,65.3,171,65.7,201,119.5,3,115.0,4,95.6,44,97.9,90,77.0,89,+0.4,139,+0.1,154,+0.3,133,+1.0,79,+1.1,56,+0.7,137,1.99,51,30.0,191,44.7,230,2009,0.9286510777247042,26,9,0.7428571428571429,35
262,UMBC,AE,15-17,-8.56,101.9,191,110.5,306,63.6,248,+.092,9,-3.24,230,100.6,253,103.8,200,-0.89,183,,AE,63.6,248,101.9,191,46.3,277,15.0,3,26.7,289,33.8,236,110.5,306,51.5,279,17.8,311,30.9,163,30.9,52,63.6,248,63.4,287,101.9,191,100.8,177,110.5,306,108.3,311,75.9,246,-1.1,240,-0.2,193,-0.9,268,+1.0,80,+2.1,23,-3.3,333,2.31,17,14.2,344,57.9,113,2009,0.2825655190081523,15,17,0.46875,32
281,UMKC,Sum,7-24,-10.90,99.4,229,110.4,304,65.5,157,-.003,168,-0.14,164,104.0,120,104.2,217,+2.12,106,,Sum,65.5,157,99.4,229,45.8,291,19.4,115,30.3,198,34.9,207,110.4,304,52.8,312,18.7,271,30.8,159,46.0,322,65.5,157,66.6,164,99.4,229,97.9,230,110.4,304,109.8,328,75.7,274,-2.9,324,-2.0,336,-0.9,269,+0.0,182,+0.6,117,+0.2,165,0.92,293,38.6,23,35.0,299,2009,0.23022924282794194,7,24,0.22580645161290322,31
263,UNC Asheville,BSth,15-16,-8.64,102.1,185,110.7,309,67.7,71,+.065,30,-3.50,239,101.1,236,104.6,233,+13.06,5,,BSth,67.7,71,102.1,185,50.3,118,22.3,275,29.8,211,36.6,171,110.7,309,52.6,306,19.8,197,37.0,327,34.8,137,67.7,71,70.4,44,102.1,185,100.0,194,110.7,309,109.1,319,76.7,133,-1.8,284,-1.7,327,-0.1,206,+0.2,138,+0.1,140,+2.7,23,1.13,250,28.2,229,34.8,301,2009,0.28292109978610297,15,16,0.4838709677419355,31
324,UNC Greensboro,SC,5-25,-18.85,93.5,304,112.3,324,64.9,189,-.028,246,-3.24,229,102.7,174,106.0,301,+4.24,66,,SC,64.9,189,93.5,304,44.7,317,22.0,260,33.1,99,36.5,173,112.3,324,51.3,273,17.9,310,37.6,332,34.8,136,64.9,189,66.0,186,93.5,304,93.7,294,112.3,324,111.4,335,75.8,261,-1.6,274,-0.9,263,-0.7,254,+0.0,168,+0.5,118,-1.1,245,1.41,175,36.6,47,50.7,182,2009,0.10842383797090915,5,25,0.16666666666666666,30
305,UNC Wilmington,CAA,7-25,-14.59,99.1,232,113.7,335,70.6,17,+.030,91,+0.63,142,103.2,150,102.6,153,-0.08,159,,CAA,70.6,17,99.1,232,48.3,203,18.9,82,23.7,330,29.4,324,113.7,335,57.3,344,19.0,246,32.6,237,32.0,70,70.6,17,72.2,17,99.1,232,96.5,260,113.7,335,113.9,340,75.3,313,-3.6,335,-2.2,339,-1.4,305,-1.0,286,+0.1,138,-0.3,209,1.02,278,34.7,82,35.8,292,2009,0.17072602175836865,7,25,0.21875,32
73,UNLV,MWC,21-11,+11.29,106.9,101,95.6,45,65.1,176,+.010,143,+4.73,76,105.5,74,100.8,77,-1.30,191,5,MWC,65.1,176,106.9,101,49.2,161,17.4,23,27.0,285,37.9,133,95.6,45,48.4,130,23.2,36,29.9,128,34.4,128,65.1,176,66.1,180,106.9,101,103.1,137,95.6,45,96.8,69,76.3,194,-0.8,217,-0.7,244,-0.1,181,+0.0,180,+0.5,121,+0.7,125,1.39,181,25.7,280,53.2,155,2009,0.7832642878839536,21,11,0.65625,32
27,USC,P10,22-13,+18.26,110.0,65,91.8,16,63.7,242,-.032,260,+10.81,9,110.5,2,99.7,51,+0.74,134,10,P10,63.7,242,110.0,65,50.8,98,21.0,217,35.9,42,42.2,37,91.8,16,46.3,50,19.8,196,29.4,115,32.7,83,63.7,242,65.2,226,110.0,65,104.7,104,91.8,16,97.6,85,78.6,4,+1.9,66,+1.0,66,+0.9,63,+2.0,12,+3.1,9,-0.3,179,1.77,88,22.1,323,54.0,148,2009,0.8889423336609645,22,13,0.6285714285714286,35
283,USC Upstate,ASun,9-21,-11.44,93.4,306,104.8,211,62.6,282,-.029,249,-2.03,205,102.1,201,104.1,213,+7.64,25,,ASun,62.6,282,93.4,306,45.5,297,23.5,312,31.0,173,32.9,265,104.8,211,48.4,134,19.2,239,33.8,273,32.8,86,62.6,282,65.4,215,93.4,306,91.9,311,104.8,211,103.5,224,77.0,91,+4.0,10,+4.1,3,-0.1,202,+0.6,104,+0.6,113,-2.3,312,1.01,282,29.4,206,53.6,152,2009,0.210092505571332,9,21,0.3,30
139,UT Arlington,Slnd,16-14,+2.05,109.4,69,107.4,264,69.0,44,-.105,339,-1.58,191,102.0,208,103.6,191,+2.24,103,,Slnd,69.0,44,109.4,69,52.5,54,18.9,84,30.0,206,35.7,192,107.4,264,51.3,271,19.1,244,29.3,106,43.2,298,69.0,44,70.3,48,109.4,69,109.0,42,107.4,264,105.6,263,74.7,337,-3.6,333,-1.1,294,-2.4,341,-2.5,336,-2.9,336,-1.3,272,1.92,65,26.9,263,48.5,200,2009,0.5528476596430203,16,14,0.5333333333333333,30
82,UTEP,CUSA,23-14,+9.84,108.2,89,98.4,79,70.5,18,+.003,155,+4.30,82,106.0,64,101.7,116,+2.52,95,,CUSA,70.5,18,108.2,89,46.8,261,17.1,17,32.0,142,46.4,7,98.4,79,48.6,140,20.1,178,28.0,60,43.8,304,70.5,18,70.8,38,108.2,89,105.5,92,98.4,79,100.6,149,78.5,6,+4.8,7,+2.8,8,+2.0,11,+2.0,16,+3.1,6,+0.7,110,1.59,130,27.4,246,60.0,99,2009,0.7487236198502413,23,14,0.6216216216216216,37
189,UTSA,Slnd,19-13,-2.26,102.0,188,104.3,202,68.9,45,+.056,40,-2.94,218,101.0,241,104.0,203,-4.67,271,,Slnd,68.9,45,102.0,188,48.2,204,18.8,77,28.8,245,39.1,96,104.3,202,52.6,307,23.3,32,31.0,167,30.2,41,68.9,45,69.8,61,102.0,188,101.6,165,104.3,202,101.7,180,74.8,335,-2.4,306,-1.3,308,-1.1,297,-0.8,249,-1.1,276,-4.3,339,0.70,324,34.0,100,31.2,313,2009,0.43624068077006894,19,13,0.59375,32
28,Utah,MWC,24-10,+17.80,110.8,56,92.9,23,65.0,184,+.013,136,+7.29,53,107.9,33,100.6,75,+6.96,34,5,MWC,65.0,184,110.8,56,54.6,13,20.6,198,26.5,295,39.2,95,92.9,23,45.1,29,15.9,341,22.4,1,36.3,174,65.0,184,65.4,212,110.8,56,107.4,67,92.9,23,96.8,74,78.2,17,+4.9,6,+4.3,1,+0.6,100,+1.0,86,+1.2,53,+0.7,118,2.49,9,21.7,325,81.2,10,2009,0.8835345750407456,24,10,0.7058823529411765,34
44,Utah St.,WAC,30-5,+15.12,116.7,12,101.6,143,60.0,327,+.046,58,-0.47,169,103.2,151,103.6,192,-2.77,225,11,WAC,60.0,327,116.7,12,55.7,4,17.9,40,34.9,55,37.6,146,101.6,143,47.3,90,17.0,326,27.0,35,30.4,44,60.0,327,61.4,323,116.7,12,117.0,2,101.6,143,100.5,146,76.5,155,+1.2,97,+0.3,130,+0.9,68,-0.4,224,-0.1,198,-2.3,302,0.88,301,23.6,313,42.6,241,2009,0.8311043861773302,30,5,0.8571428571428571,35
185,Utah Valley,ind,17-11,-2.01,104.1,144,106.2,242,60.5,321,-.054,301,-9.80,327,97.9,313,107.7,341,-5.41,287,,ind,60.5,321,104.1,144,53.2,35,19.7,131,29.7,221,38.4,120,106.2,242,46.6,60,16.7,329,26.5,23,38.9,234,60.5,321,62.3,311,104.1,144,108.7,46,106.2,242,99.4,120,77.1,75,+0.2,153,-0.3,201,+0.5,109,+0.2,134,+1.1,60,+1.7,48,1.41,174,33.0,119,41.9,246,2009,0.44283121366265554,17,11,0.6071428571428571,28
54,VCU,CAA,24-10,+13.62,110.1,64,96.4,57,65.8,150,-.073,320,+0.23,156,102.9,166,102.7,157,+3.46,78,11,CAA,65.8,150,110.1,64,52.0,65,18.7,68,30.4,194,36.7,168,96.4,57,44.9,25,21.1,124,31.4,185,37.7,205,65.8,150,66.0,185,110.1,64,108.1,52,96.4,57,95.2,39,75.6,287,-1.5,266,+0.1,150,-1.6,311,-1.5,312,+0.1,176,-1.3,268,1.50,153,26.9,261,56.3,128,2009,0.8217358690835227,24,10,0.7058823529411765,34
166,VMI,BSth,24-8,-0.44,108.5,87,108.9,290,80.1,1,+.074,23,-6.92,306,98.4,305,105.3,261,-0.50,176,,BSth,80.1,1,108.5,87,52.3,63,16.2,8,25.1,315,32.9,263,108.9,290,55.6,340,26.5,2,41.8,344,30.6,48,80.1,1,81.5,1,108.5,87,109.6,32,108.9,290,104.0,233,75.4,309,-4.7,343,-2.6,344,-2.1,336,+0.0,192,+0.1,141,-0.3,220,1.87,72,27.3,250,55.4,136,2009,0.4894219898272564,24,8,0.75,32
226,Valparaiso,Horz,9-22,-5.27,99.7,228,105.0,215,63.2,263,-.074,323,+3.85,87,103.8,127,100.0,59,+5.71,45,,Horz,63.2,263,99.7,228,47.5,228,23.5,313,29.4,230,36.1,187,105.0,215,50.9,251,22.2,68,33.1,250,50.3,338,63.2,263,63.6,280,99.7,228,94.1,291,105.0,215,104.6,244,76.5,157,+0.2,156,+0.6,97,-0.4,226,-0.7,243,+1.1,92,+1.4,77,1.40,180,26.4,269,40.1,262,2009,0.35534211360438545,9,22,0.2903225806451613,31
80,Vanderbilt,SEC,19-12,+10.01,107.6,93,97.6,68,65.3,173,-.011,194,+3.25,94,103.9,126,100.6,76,-6.22,303,,SEC,65.3,173,107.6,93,50.8,97,22.0,259,32.8,111,43.8,23,97.6,68,45.8,39,17.8,313,28.2,62,31.7,64,65.3,173,67.7,122,107.6,93,104.0,120,97.6,68,96.7,67,78.4,10,+3.3,16,+2.0,16,+1.3,42,+1.6,32,+1.1,72,+3.7,8,0.90,296,32.5,129,37.4,281,2009,0.754312488760639,19,12,0.6129032258064516,31
84,Vermont,AE,24-9,+9.10,108.7,82,99.6,101,69.0,42,-.020,230,-5.47,279,99.8,276,105.3,260,-5.33,285,,AE,69.0,42,108.7,82,53.2,36,20.6,194,31.3,162,45.3,13,99.6,101,46.9,76,22.6,53,32.6,238,36.3,171,69.0,42,69.0,81,108.7,82,109.4,35,99.6,101,95.0,35,75.7,275,-1.7,283,-0.5,216,-1.3,302,+0.0,188,-0.9,258,-1.3,253,2.18,26,28.6,219,63.7,73,2009,0.732126947261731,24,9,0.7272727272727273,33
13,Villanova,BE,30-8,+23.89,114.4,24,90.5,10,68.3,62,+.021,116,+9.99,22,108.9,14,98.9,32,-5.37,286,3,BE,68.3,62,114.4,24,50.8,100,18.8,74,35.2,50,41.9,40,90.5,10,47.3,89,21.4,111,27.0,31,38.8,230,68.3,62,69.5,70,114.4,24,110.0,26,90.5,10,96.0,54,77.0,87,-0.1,170,-0.5,211,+0.4,126,+1.0,75,+0.1,139,+1.7,50,2.23,22,29.0,216,88.4,4,2009,0.936733278618508,30,8,0.7894736842105263,38
104,Virginia,ACC,10-18,+5.77,103.5,151,97.8,70,67.2,89,-.066,313,+9.75,25,108.4,23,98.6,25,-2.58,222,,ACC,67.2,89,103.5,151,46.3,276,20.5,191,32.7,114,32.2,280,97.8,70,49.1,162,19.5,219,31.4,186,34.9,138,67.2,89,70.6,41,103.5,151,97.9,231,97.8,70,101.6,174,77.6,36,+2.6,32,+1.8,23,+0.8,89,+1.0,55,+1.3,51,+0.7,113,1.25,208,35.5,68,48.0,208,2009,0.6573350949809752,10,18,0.35714285714285715,28
72,Virginia Tech,ACC,19-15,+11.37,110.9,55,99.5,97,65.4,168,-.007,184,+8.01,43,107.5,40,99.5,48,-2.87,227,2,ACC,65.4,168,110.9,55,49.0,168,19.1,91,33.8,82,40.9,52,99.5,97,48.0,120,18.4,290,30.4,146,33.1,97,65.4,168,67.8,120,110.9,55,105.3,96,99.5,97,102.7,205,77.2,65,-0.6,195,-0.5,229,-0.1,176,+2.0,19,+1.8,32,-2.3,303,1.72,104,30.8,173,77.5,14,2009,0.7768528233605211,19,15,0.5588235294117647,34
277,Wagner,NEC,16-14,-10.42,97.6,255,108.0,276,66.5,119,+.056,42,-11.18,338,95.9,338,107.1,332,-13.35,344,,NEC,66.5,119,97.6,255,51.5,76,22.1,264,28.6,249,36.4,180,108.0,276,49.8,204,21.7,95,31.2,177,35.4,151,66.5,119,67.4,130,97.6,255,99.6,202,108.0,276,101.0,159,76.4,175,-2.9,325,-1.9,333,-1.1,279,+0.3,128,+0.1,144,+1.5,72,2.05,41,30.9,170,51.1,177,2009,0.23786544993084258,16,14,0.5333333333333333,30
24,Wake Forest,ACC,24-7,+18.88,111.6,46,92.7,22,72.8,7,+.051,52,+7.66,51,107.5,41,99.9,55,-4.35,262,4,ACC,72.8,7,111.6,46,52.4,58,20.9,213,34.9,56,43.5,25,92.7,22,45.2,30,20.5,153,29.2,97,32.7,85,72.8,7,75.1,7,111.6,46,107.7,60,92.7,22,94.2,21,78.2,13,+6.0,1,+3.0,4,+2.9,1,+0.0,145,+0.6,110,+0.7,107,1.70,109,29.4,204,75.3,18,2009,0.8941503872013031,24,7,0.7741935483870968,31
17,Washington,P10,26-9,+22.09,113.1,34,91.0,14,72.2,10,-.005,180,+10.18,16,109.4,4,99.2,44,+0.09,151,4,P10,72.2,10,113.1,34,48.8,175,20.0,160,40.5,3,44.3,20,91.0,14,46.7,68,20.0,181,28.9,89,33.3,100,72.2,10,71.8,23,113.1,34,107.9,57,91.0,14,95.7,49,75.2,316,-0.7,211,-0.7,239,-0.1,167,+1.4,39,-2.9,339,-3.3,330,1.91,66,31.0,166,57.7,116,2009,0.9241592095462168,26,9,0.7428571428571429,35
49,Washington St.,P10,17-16,+14.58,105.0,133,90.4,8,57.6,340,-.076,327,+10.04,20,109.8,3,99.7,52,-1.96,206,7,P10,57.6,340,105.0,133,48.8,174,19.0,85,26.0,301,27.0,337,90.4,8,44.6,15,17.3,324,23.3,2,33.7,112,57.6,340,58.6,342,105.0,133,100.7,180,90.4,8,94.4,24,78.0,23,+2.1,55,+0.7,89,+1.4,35,+2.0,14,+3.3,3,+1.7,61,1.91,69,25.8,278,51.1,176,2009,0.8483521741307534,17,16,0.5151515151515151,33
116,Weber St.,BSky,21-10,+4.20,103.2,159,99.0,89,67.0,101,+.078,20,-1.93,202,103.1,155,105.0,247,+4.01,68,8,BSky,67.0,101,103.2,159,55.1,8,21.4,226,21.6,337,40.7,57,99.0,89,48.4,132,19.9,189,25.3,13,37.0,191,67.0,101,66.6,163,103.2,159,103.5,131,99.0,89,98.7,102,75.5,296,-0.2,175,-0.1,184,-0.1,170,+0.0,184,+0.1,145,-5.3,342,0.81,311,27.7,240,38.0,274,2009,0.617231439792797,21,10,0.6774193548387096,31
11,West Virginia,BE,23-12,+24.21,115.1,19,90.9,13,63.7,240,-.067,315,+10.95,8,108.9,12,98.0,10,+2.11,107,6,BE,63.7,240,115.1,19,48.5,193,17.9,42,39.8,7,35.9,190,90.9,13,46.6,61,23.3,30,29.4,114,38.4,222,63.7,240,65.6,205,115.1,19,109.6,33,90.9,13,94.5,26,78.5,7,+1.1,102,+0.2,144,+0.9,67,+3.0,3,+4.3,1,+2.7,12,1.45,165,25.5,291,52.1,167,2009,0.9378754034180101,23,12,0.6571428571428571,35
241,Western Carolina,SC,16-15,-6.58,100.7,212,107.3,262,67.7,73,+.051,53,-4.92,268,101.9,213,106.8,328,+5.69,46,,SC,67.7,73,100.7,212,49.6,148,20.4,181,35.8,43,32.4,277,107.3,262,54.5,333,23.3,29,32.1,220,52.1,340,67.7,73,68.5,99,100.7,212,103.3,134,107.3,262,106.2,272,76.8,118,-0.2,176,-0.5,216,+0.2,146,+0.0,150,+1.1,94,-1.3,249,1.27,206,33.7,105,48.5,201,2009,0.32518314663577413,16,15,0.5161290322580645,31
297,Western Illinois,Sum,9-20,-13.20,97.4,259,110.6,308,58.5,336,+.021,115,-3.24,228,102.5,183,105.7,290,-7.29,312,,Sum,58.5,336,97.4,259,48.9,170,21.2,222,27.1,282,30.2,313,110.6,308,52.8,315,19.8,191,33.2,258,42.8,290,58.5,336,59.5,337,97.4,259,97.5,237,110.6,308,109.4,324,75.5,293,-4.0,339,-1.7,326,-2.3,338,-1.6,316,+0.1,176,+0.7,121,1.37,187,28.7,217,35.0,300,2009,0.1882258480784812,9,20,0.3103448275862069,29
88,Western Kentucky,SB,25-9,+8.10,111.1,52,103.0,173,65.6,155,+.092,10,-0.60,173,102.2,197,102.8,162,+6.63,36,12,SB,65.6,155,111.1,52,52.4,59,19.8,141,37.3,26,33.8,237,103.0,173,49.5,180,19.6,205,28.7,77,31.3,58,65.6,155,66.5,165,111.1,52,109.2,39,103.0,173,101.7,177,76.5,163,-0.8,221,+0.2,133,-1.1,288,-0.1,211,+0.1,147,+1.7,60,1.40,178,24.4,306,44.7,231,2009,0.7048642158183199,25,9,0.7352941176470589,34
248,Western Michigan,MAC,10-21,-7.26,98.3,244,105.6,229,63.6,252,-.087,330,-3.95,249,98.9,292,102.8,163,-1.37,192,,MAC,63.6,252,98.3,244,45.5,300,20.3,178,28.8,242,40.1,66,105.6,229,47.3,86,18.5,285,29.2,99,39.1,237,63.6,252,63.6,281,98.3,244,96.4,265,105.6,229,100.4,144,75.7,266,-0.9,229,+0.2,141,-1.1,283,-1.4,306,-1.4,286,-1.5,297,2.03,44,33.2,113,64.8,65,2009,0.30495869009899584,10,21,0.3225806451612903,31
134,Wichita St.,MVC,17-17,+2.39,102.8,164,100.4,120,62.3,293,-.004,172,+2.35,109,104.2,112,101.8,122,-0.36,167,,MVC,62.3,293,102.8,164,48.8,176,22.1,267,34.4,66,33.2,253,100.4,120,50.2,217,20.7,144,25.0,9,40.4,259,62.3,293,62.7,300,102.8,164,100.0,195,100.4,120,100.5,145,76.6,141,-0.1,173,-0.2,192,+0.1,161,+0.6,103,+1.4,47,-0.3,201,0.90,297,34.0,101,32.3,310,2009,0.5675019029970217,17,17,0.5,34
234,William & Mary,CAA,10-20,-6.08,96.5,271,102.5,166,60.9,315,-.094,334,-1.72,197,102.0,206,103.8,196,-5.49,291,,CAA,60.9,315,96.5,271,47.2,238,21.9,253,29.5,228,31.5,291,102.5,166,48.7,145,19.4,221,29.3,104,31.7,66,60.9,315,62.1,315,96.5,271,95.3,274,102.5,166,100.6,151,77.4,52,+1.6,82,+0.6,91,+0.9,61,+1.0,72,+1.1,83,+2.1,37,1.57,137,33.5,109,53.9,150,2009,0.33321547550474295,10,20,0.3333333333333333,30
338,Winston Salem St.,ind,8-22,-23.92,83.9,343,107.8,270,67.3,86,+.011,140,-9.64,326,96.0,336,105.7,284,-8.08,318,,ind,67.3,86,83.9,343,42.4,338,24.8,333,28.8,244,34.3,222,107.8,270,51.2,264,23.8,19,35.3,303,43.4,300,67.3,86,68.0,112,83.9,343,83.2,343,107.8,270,99.9,133,75.6,291,-2.7,315,-1.0,272,-1.7,317,-1.8,318,-0.9,248,+0.7,153,1.30,201,34.7,81,51.8,168,2009,0.05302553606579814,8,22,0.26666666666666666,30
278,Winthrop,BSth,11-19,-10.61,92.0,315,102.6,168,61.7,306,+.033,80,-3.11,225,102.4,187,105.5,275,+7.54,26,,BSth,61.7,306,92.0,315,44.6,320,20.5,183,31.1,167,26.4,341,102.6,168,48.8,148,19.3,224,31.5,196,37.6,202,61.7,306,64.8,249,92.0,315,92.8,299,102.6,168,102.0,186,75.9,239,-0.7,208,-1.0,279,+0.3,138,+0.7,100,-0.2,204,+0.0,173,0.84,305,38.4,25,38.1,273,2009,0.22199681373402189,11,19,0.36666666666666664,30
29,Wisconsin,B10,20-13,+17.62,113.3,31,95.7,46,59.1,333,-.052,299,+9.51,28,107.3,44,97.8,9,+1.32,121,12,B10,59.1,333,113.3,31,49.9,133,16.0,5,29.8,215,34.6,214,95.7,46,48.9,156,19.3,230,24.5,7,34.1,122,59.1,333,58.9,340,113.3,31,107.2,71,95.7,46,99.0,110,76.9,107,+0.7,126,-0.3,197,+0.9,76,+1.8,25,-0.2,199,+0.7,136,1.83,78,26.4,271,64.2,69,2009,0.8745102573164305,20,13,0.6060606060606061,33
222,Wofford,SC,16-14,-5.14,106.3,109,111.4,317,61.9,302,+.060,35,-4.90,266,101.0,240,105.9,299,+3.50,75,,SC,61.9,302,106.3,109,51.1,91,20.1,163,33.9,74,38.9,104,111.4,317,52.8,313,19.2,235,31.1,171,28.9,22,61.9,302,63.5,284,106.3,109,106.7,78,111.4,317,109.1,320,75.9,247,-1.3,253,-0.8,252,-0.5,232,+0.6,102,-0.8,233,-0.3,204,1.19,231,33.4,110,56.2,129,2009,0.36844036959936755,16,14,0.5333333333333333,30
96,Wright St.,Horz,20-13,+6.90,100.7,213,93.8,34,61.6,309,+.014,134,+1.26,127,103.0,164,101.7,117,+1.42,118,,Horz,61.6,309,100.7,213,46.7,263,19.5,121,28.0,267,40.6,60,93.8,34,44.6,16,23.8,18,31.8,202,37.7,204,61.6,309,61.8,317,100.7,213,97.3,242,93.8,34,92.2,9,76.9,104,-0.2,178,-0.1,179,-0.2,212,+0.0,153,+0.5,119,+2.7,23,1.29,204,36.8,45,55.4,137,2009,0.6934462985522202,20,13,0.6060606060606061,33
130,Wyoming,MWC,19-14,+2.98,107.0,99,104.0,192,69.5,32,+.094,7,+3.71,89,105.2,83,101.5,110,-8.43,324,,MWC,69.5,32,107.0,99,51.7,68,20.2,171,23.9,329,54.4,1,104.0,192,49.6,192,15.2,342,26.8,29,31.5,61,69.5,32,69.8,63,107.0,99,103.9,121,104.0,192,106.4,279,78.1,22,+2.9,25,+2.0,18,+0.9,65,+2.3,9,+1.1,74,+2.7,21,2.04,43,21.6,327,32.9,307,2009,0.5810380780648243,19,14,0.5757575757575758,33
20,Xavier,A10,27-8,+20.24,111.0,53,90.8,12,65.8,149,-.008,185,+5.81,64,105.8,68,100.0,62,+7.97,24,4,A10,65.8,149,111.0,53,52.4,61,21.5,237,35.7,44,46.1,9,90.8,12,43.7,7,18.5,281,26.2,22,33.0,94,65.8,149,66.7,160,111.0,53,107.3,69,90.8,12,92.4,11,78.1,20,+3.0,19,+1.1,55,+1.9,18,+2.0,17,+3.1,5,+0.7,116,1.48,159,31.2,156,53.4,154,2009,0.9097031310413203,27,8,0.7714285714285715,35
245,Yale,Ivy,13-15,-6.95,95.3,285,102.2,158,65.4,161,-.015,209,-5.77,284,98.7,295,104.5,227,-0.95,185,,Ivy,65.4,161,95.3,285,47.7,220,23.4,306,29.6,225,40.8,56,102.2,158,49.5,179,22.3,62,28.3,63,38.4,220,65.4,161,65.9,191,95.3,285,94.7,281,102.2,158,96.8,68,76.9,109,+1.3,91,+0.4,115,+0.9,76,+1.0,51,+0.0,187,-2.3,307,1.33,193,34.3,93,40.7,258,2009,0.30919798319365516,13,15,0.4642857142857143,28
223,Youngstown St.,Horz,11-19,-5.19,101.5,201,106.7,256,65.7,153,+.023,110,+1.16,129,102.3,195,101.1,90,-0.86,180,,Horz,65.7,153,101.5,201,45.7,293,20.3,173,32.5,120,37.1,159,106.7,256,49.2,165,18.9,260,32.5,233,41.0,268,65.7,153,66.0,183,101.5,201,97.6,236,106.7,256,105.0,251,77.1,74,+0.1,158,-0.8,247,+0.9,76,+0.9,95,+0.4,126,+0.7,102,0.83,307,31.0,167,32.5,309,2009,0.36018365087338744,11,19,0.36666666666666664,30
