rk,TEAM,CONF,RECORD,KADJ EM,adjo,adjo.rank,adjd,adjd.rank,adjt,adjt.rank,luck,luck.rank,sos-adjem,sos-adjem.rank,sos-oppo,sos-oppo.rank,sos-oppd,sos-oppd.rank,ncsos-adjem,ncsos-adjem.rank,seed,conference,KADJ T,adjtempo.rank,KADJ O,adjoe.rank,off-efg%,off-efg%.rank,off-to%,off-to%.rank,off-or%,off-or%.rank,off-ftrate,off-ftrate.rank,KADJ D,adjde.rank,def-efg%,def-efg%.rank,def-to%,def-to%.rank,def-or%,def-or%.rank,def-ftrate,def-ftrate.rank,tempo-adj,tempo-adj.rank,tempo-raw,tempo-raw.rank,avg. poss length-offense,avg. poss length-offense.rank,avg. poss length-defense,avg. poss length-defense.rank,off. efficiency-adj,off. efficiency-adj.rank,off. efficiency-raw,off. efficiency-raw.rank,def. efficiency-adj,def. efficiency-adj.rank,def. efficiency-raw,def. efficiency-raw.rank,avghgt,avghgt.rank,effhgt,effhgt.rank,c-hgt,c-hgt.rank,pf-hgt,pf-hgt.rank,sf-hgt,sf-hgt.rank,sg-hgt,sg-hgt.rank,pg-hgt,pg-hgt.rank,EXP,experience.rank,bench,bench.rank,CONTINUITY,continuity.rank,YEAR,BARTHAG,W,L,WIN%,GAMES
131,Abilene Christian,WAC,25-11,+3.38,104.1,157,100.7,128,70.3,37,+.040,92,-2.21,197,100.6,263,102.8,148,-2.82,246,,WAC,70.3,37,104.1,157,48.4,252,17.7,122,27.9,175,39.3,8,100.7,128,52.0,264,27.9,1,30.9,288,49.1,358,70.3,37,71.1,47,16.6,54,17.2,99,104.1,157,102.5,166,100.7,128,97.0,59,74.3,358,-1.9,355,-1.7,344,-2.1,355,-2.8,357,-3.2,358,-3.7,352,2.43,43,33.8,110,65.1,66,2022,0.5943242915071725,25,11,0.6944444444444444,36
269,Air Force,MWC,11-18,-8.48,95.5,306,104.0,208,63.2,342,+.068,48,+1.53,117,103.5,130,102.0,119,-8.80,348,,MWC,63.2,342,95.5,306,50.9,132,21.5,335,19.6,353,26.8,277,104.0,208,51.5,244,20.3,71,29.4,232,38.9,334,63.2,342,63.4,347,20.3,354,17.3,110,95.5,306,92.9,334,104.0,208,104.3,246,77.0,166,-1.1,313,-0.3,206,-1.8,350,-0.2,208,+0.8,76,+1.7,46,1.04,343,30.1,196,35.4,266,2022,0.2727839558758522,11,18,0.3793103448275862,29
126,Akron,MAC,24-10,+3.62,105.6,121,102.0,158,62.1,352,+.013,147,-5.13,270,100.7,255,105.8,280,-4.48,283,13,MAC,62.1,352,105.6,121,52.5,66,17.8,130,28.9,152,39.3,7,102.0,158,49.1,132,17.5,227,26.4,102,26.2,74,62.1,352,63.7,343,19.2,333,18.4,329,105.6,121,107.4,55,102.0,158,99.9,124,76.4,252,+0.1,150,-0.0,169,+0.3,126,-0.8,273,-2.0,343,-0.1,188,1.17,324,26.0,283,54.3,132,2022,0.5984194796345683,24,10,0.7058823529411765,34
28,Alabama,SEC,19-14,+16.57,115.2,16,98.6,92,71.9,11,-.022,229,+12.58,2,109.4,2,96.9,10,+10.15,10,6,SEC,71.9,11,115.2,16,51.3,112,19.8,271,35.3,12,32.9,99,98.6,92,49.8,169,17.9,203,30.5,272,34.8,288,71.9,11,73.3,10,15.4,11,17.4,131,115.2,16,108.5,44,98.6,92,104.3,241,77.1,147,+0.0,167,+0.6,102,-0.6,252,+0.2,132,-0.2,186,+0.8,111,1.65,239,29.7,210,44.8,211,2022,0.8568515643677548,19,14,0.5757575757575758,33
314,Alabama A&M,SWAC,12-18,-13.50,87.3,355,100.8,130,66.6,212,+.034,108,-8.49,347,97.8,349,106.3,303,+2.23,98,,SWAC,66.6,212,87.3,355,41.3,358,19.6,259,28.7,157,33.5,81,100.8,130,46.3,29,19.6,99,31.0,291,28.6,134,66.6,212,68.4,162,17.8,212,17.3,123,87.3,355,88.7,354,100.8,130,96.2,45,76.6,227,-0.1,184,-0.4,217,+0.2,155,+0.6,101,-1.4,318,-0.6,245,1.72,230,27.3,257,72.6,36,2022,0.16062828226796647,12,18,0.4,30
311,Alabama St.,SWAC,10-21,-13.19,97.1,283,110.3,308,69.4,62,-.002,179,-6.05,295,98.3,340,104.4,227,+10.52,7,,SWAC,69.4,62,97.1,283,47.7,277,21.6,337,29.5,130,36.9,36,110.3,308,50.4,193,19.5,102,33.6,345,33.8,267,69.4,62,71.2,45,16.7,62,17.1,68,97.1,283,96.2,290,110.3,308,105.5,264,76.7,219,-0.4,227,-1.2,295,+0.3,123,+0.6,92,-0.5,245,-0.6,249,1.11,335,37.2,50,39.9,229,2022,0.18757888610667753,10,21,0.3225806451612903,31
286,Albany,AE,13-18,-10.47,92.2,341,102.7,172,65.2,282,+.042,86,-6.07,296,100.2,281,106.3,299,-0.63,175,,AE,65.2,282,92.2,341,46.2,319,18.7,205,26.1,245,25.0,316,102.7,172,50.7,210,20.6,48,27.2,125,31.8,225,65.2,282,65.8,292,18.1,254,18.1,303,92.2,341,93.9,325,102.7,172,99.7,122,77.5,92,-0.4,224,-0.2,196,-0.6,248,-0.4,232,+0.8,76,+3.1,6,2.38,63,34.9,86,39.3,235,2022,0.2243841460525855,13,18,0.41935483870967744,31
265,Alcorn St.,SWAC,17-17,-8.09,97.3,279,105.4,231,67.8,128,+.128,4,-3.83,238,99.4,313,103.3,167,+14.22,2,,SWAC,67.8,128,97.3,279,45.8,332,20.4,300,31.9,58,32.4,108,105.4,231,50.7,209,19.1,129,27.9,170,36.7,313,67.8,128,69.0,123,18.5,287,16.6,19,97.3,279,95.9,298,105.4,231,102.5,201,75.9,317,-0.5,229,-1.2,295,+0.2,129,-0.3,216,-2.5,353,-1.4,296,1.83,195,40.3,21,24.8,318,2022,0.2850430846596129,17,17,0.5,34
331,American,Pat,10-22,-16.20,94.4,323,110.6,317,64.9,291,+.003,167,-7.56,331,99.3,316,106.9,322,-3.92,271,,Pat,64.9,291,94.4,323,49.6,193,20.3,295,25.1,280,25.6,305,110.6,317,53.3,314,17.4,234,29.0,224,28.9,144,64.9,291,65.6,301,19.7,347,16.8,30,94.4,323,96.2,292,110.6,317,107.4,291,76.7,216,+0.2,131,-0.2,177,+0.7,85,+0.1,173,-0.0,169,-1.9,321,1.64,244,30.2,192,54.8,125,2022,0.13927092160007798,10,22,0.3125,32
166,Appalachian St.,SB,19-15,+0.26,101.0,211,100.8,129,64.5,317,+.015,142,-1.01,166,102.6,169,103.6,181,+7.01,21,,SB,64.5,317,101.0,211,48.4,256,16.0,41,26.3,237,27.6,262,100.8,129,49.8,170,17.9,212,26.0,83,21.7,12,64.5,317,65.0,328,19.4,338,17.4,128,101.0,211,100.2,210,100.8,129,100.2,138,76.4,256,-0.1,186,+0.2,146,-0.5,243,-1.2,319,-0.7,260,-0.5,231,2.46,38,21.1,341,83.6,1,2022,0.5056984667174566,19,15,0.5588235294117647,34
5,Arizona,P12,33-4,+25.96,118.6,7,92.6,21,72.2,9,+.048,75,+6.45,70,105.9,70,99.5,58,-0.78,180,1,P12,72.2,9,118.6,7,55.6,15,18.3,173,34.7,15,34.9,54,92.6,21,44.4,8,17.4,231,28.6,203,24.0,37,72.2,9,72.7,19,15.1,4,17.9,270,118.6,7,114.7,6,92.6,21,93.3,18,79.4,2,+3.2,1,+3.5,4,+3.0,1,+1.5,33,+1.9,16,+2.6,10,1.34,306,29.2,220,47.0,193,2022,0.9451050365109147,33,4,0.8918918918918919,37
97,Arizona St.,P12,14-17,+7.94,101.2,207,93.2,27,67.3,168,+.005,162,+9.71,22,107.4,39,97.7,17,+8.35,18,,P12,67.3,168,101.2,207,47.1,294,17.3,105,24.9,285,21.2,356,93.2,27,46.3,31,19.6,100,30.3,267,32.3,237,67.3,168,68.0,175,17.5,169,17.6,191,101.2,207,94.5,314,93.2,27,97.3,65,76.8,197,+0.2,130,+0.1,151,+0.3,116,-0.6,256,-1.1,296,+0.3,159,1.74,221,33.2,127,22.9,325,2022,0.7205188853078083,14,17,0.45161290322580644,31
18,Arkansas,SEC,28-9,+19.46,109.9,53,90.4,11,70.7,28,+.038,99,+9.08,27,107.5,33,98.4,28,-2.78,245,4,SEC,70.7,28,109.9,53,48.6,247,16.9,69,29.6,127,37.2,31,90.4,11,47.5,67,20.5,57,25.3,66,31.9,229,70.7,28,71.9,31,16.4,45,16.9,50,109.9,53,104.9,112,90.4,11,94.3,26,76.8,203,-0.3,210,+0.2,143,-0.8,272,+1.1,50,+0.3,139,-1.8,319,2.32,70,22.7,324,31.5,292,2022,0.9043270811098756,28,9,0.7567567567567568,37
352,Arkansas Pine Bluff,SWAC,7-24,-21.52,97.8,269,119.3,358,67.1,185,+.009,153,-3.84,240,98.8,331,102.6,134,+12.05,5,,SWAC,67.1,185,97.8,269,46.6,309,19.7,270,25.0,282,33.6,80,119.3,358,55.5,351,18.7,149,36.2,357,34.6,283,67.1,185,68.9,125,17.2,126,17.4,129,97.8,269,93.8,326,119.3,358,114.6,354,76.4,269,-1.3,337,-1.1,290,-1.6,339,-0.9,286,+0.1,157,+0.5,140,2.15,113,36.5,63,23.1,324,2022,0.09235255544396269,7,24,0.22580645161290322,31
181,Arkansas St.,SB,18-11,-1.12,99.9,238,101.0,133,68.3,110,+.065,52,-3.35,229,100.8,245,104.2,211,-5.87,315,,SB,68.3,110,99.9,238,49.3,210,20.6,311,29.4,135,34.5,64,101.0,133,49.2,136,19.2,124,28.4,195,28.1,117,68.3,110,68.9,128,16.9,86,17.8,218,99.9,238,99.8,220,101.0,133,99.2,104,75.9,328,-0.6,258,-0.8,264,-0.4,230,-2.8,356,-1.2,302,-0.3,219,1.43,285,27.4,253,79.5,12,2022,0.46855790405256226,18,11,0.6206896551724138,29
295,Army,Pat,15-16,-11.12,96.5,295,107.6,272,68.8,89,+.025,124,-8.42,345,98.6,335,107.1,331,-3.99,274,,Pat,68.8,89,96.5,295,48.8,230,18.9,220,29.8,122,32.1,118,107.6,272,52.8,295,19.4,113,27.3,132,22.9,22,68.8,89,69.2,106,15.9,26,18.6,347,96.5,295,98.9,245,107.6,272,102.8,207,75.4,348,-0.3,214,+0.1,159,-0.7,261,-2.5,354,-2.2,347,-2.4,337,1.53,272,29.5,212,48.6,179,2022,0.22233806622977756,15,16,0.4838709677419355,31
12,Auburn,SEC,28-6,+23.20,112.7,25,89.5,9,70.1,42,-.021,226,+8.35,41,106.9,52,98.6,35,+3.70,62,2,SEC,70.1,42,112.7,25,49.9,178,16.7,66,33.6,28,31.6,132,89.5,9,44.1,6,20.0,83,28.9,220,34.2,279,70.1,42,71.3,42,16.8,71,16.7,27,112.7,25,108.0,47,89.5,9,92.6,10,77.5,87,+2.8,4,+3.0,8,+2.5,2,+1.0,65,-2.2,348,-1.4,299,1.34,309,34.9,84,33.4,279,2022,0.9340506813284958,28,6,0.8235294117647058,34
291,Austin Peay,OVC,12-17,-10.83,94.8,318,105.6,235,64.6,313,+.066,50,-2.16,194,100.7,247,102.9,151,+6.69,23,,OVC,64.6,313,94.8,318,46.6,311,21.3,328,29.5,129,25.7,302,105.6,235,52.5,285,20.9,38,30.4,269,36.1,304,64.6,313,65.8,291,18.8,306,17.5,149,94.8,318,93.8,328,105.6,235,104.0,236,76.9,175,+0.5,102,+0.9,77,+0.2,134,-0.2,202,+0.2,154,-1.2,287,1.56,262,37.5,46,35.0,268,2022,0.22431015120577844,12,17,0.41379310344827586,29
58,BYU,WCC,24-11,+12.94,110.1,50,97.2,70,68.0,118,+.026,120,+5.01,85,105.0,86,100.0,73,+5.74,31,,WCC,68.0,118,110.1,50,51.8,93,18.4,175,30.6,92,27.2,271,97.2,70,47.7,76,15.0,335,22.5,14,31.1,204,68.0,118,69.4,100,17.6,186,16.7,29,110.1,50,106.0,89,97.2,70,98.4,91,76.8,199,-1.0,307,-1.2,304,-0.8,272,+0.5,109,+0.1,159,+0.5,133,1.97,165,34.0,106,51.7,159,2022,0.8073855550107464,24,11,0.6857142857142857,35
267,Ball St.,MAC,14-17,-8.39,101.4,203,109.8,302,69.9,46,+.021,134,-5.40,277,100.8,240,106.2,297,-5.98,317,,MAC,69.9,46,101.4,203,51.3,110,19.5,254,26.8,219,38.1,16,109.8,302,52.4,279,17.2,250,28.2,182,32.8,246,69.9,46,71.7,35,16.5,47,16.9,46,101.4,203,103.0,155,109.8,302,107.4,289,76.4,254,+0.1,152,-0.2,198,+0.5,101,-1.9,342,-1.2,311,+0.3,159,0.90,348,26.4,274,29.1,302,2022,0.28592559702177633,14,17,0.45161290322580644,31
4,Baylor,B12,27-7,+27.04,118.0,8,91.0,13,67.4,163,+.004,163,+10.96,13,107.4,36,96.5,7,-1.89,216,1,B12,67.4,163,118.0,8,52.8,57,17.9,138,36.3,7,29.0,220,91.0,13,47.8,78,23.0,14,28.8,212,27.7,106,67.4,163,68.6,144,17.1,108,17.7,203,118.0,8,111.6,20,91.0,13,92.7,11,77.6,81,+1.1,54,+0.4,131,+1.9,18,+1.7,24,-0.9,282,+0.3,159,1.80,205,33.6,115,38.3,247,2022,0.9520285442846662,27,7,0.7941176470588235,34
200,Bellarmine,ASun,20-13,-2.48,107.9,81,110.4,312,62.0,353,+.113,10,-1.46,178,103.2,143,104.7,242,+12.84,4,,ASun,62.0,353,107.9,81,53.3,38,15.0,18,22.4,328,22.1,348,110.4,312,54.4,337,17.7,220,30.5,274,30.2,178,62.0,353,63.3,348,19.1,327,18.6,348,107.9,81,107.2,59,110.4,312,110.8,335,76.1,304,-1.0,311,-1.1,283,-1.0,308,-1.6,335,-0.2,186,-0.4,227,2.42,47,22.5,328,71.0,42,2022,0.43452551533573713,20,13,0.6060606060606061,33
86,Belmont,OVC,25-8,+9.43,108.5,76,99.0,104,68.9,80,+.066,51,-1.97,189,101.5,214,103.5,173,+5.30,38,,OVC,68.9,80,108.5,76,55.7,8,16.8,67,24.4,295,25.9,300,99.0,104,49.4,151,20.9,40,27.8,164,23.5,29,68.9,80,69.9,83,15.9,30,18.2,308,108.5,76,109.1,32,99.0,104,96.5,51,77.1,154,+0.1,145,+1.0,69,-0.8,267,+0.5,112,-0.1,181,+0.0,184,2.00,153,27.8,246,76.8,20,2022,0.7414941049259192,25,8,0.7575757575757576,33
333,Bethune Cookman,SWAC,9-21,-16.68,93.1,335,109.8,300,65.8,251,+.039,97,-6.67,315,97.7,352,104.4,228,+3.23,77,,SWAC,65.8,251,93.1,335,45.4,337,19.8,272,27.8,179,28.8,228,109.8,300,51.5,242,20.4,65,30.9,284,35.5,296,65.8,251,67.2,230,18.3,269,17.1,88,93.1,335,92.2,340,109.8,300,104.3,244,76.1,307,-1.6,346,-1.3,309,-1.8,349,-0.5,245,-0.3,220,-0.4,220,2.10,129,33.5,120,0.0,0,2022,0.13040949392976617,9,21,0.3,30
290,Binghamton,AE,12-17,-10.76,94.9,316,105.6,236,67.1,182,-.004,187,-6.47,311,100.5,265,107.0,327,-3.08,252,,AE,67.1,182,94.9,316,48.8,231,18.8,213,26.7,230,23.2,341,105.6,236,49.9,174,15.9,305,27.1,124,30.1,175,67.1,182,67.2,229,17.8,208,17.7,212,94.9,316,97.1,278,105.6,236,103.7,230,76.7,206,-0.5,239,-0.3,209,-0.7,259,-0.4,226,-0.2,186,+0.5,141,2.00,157,37.0,54,49.4,170,2022,0.22642678798132623,12,17,0.41379310344827586,29
39,Boise St.,MWC,27-8,+15.14,107.5,86,92.4,20,64.4,318,+.029,116,+5.47,79,104.8,95,99.3,54,+0.55,141,8,MWC,64.4,318,107.5,86,50.7,136,18.5,187,30.6,94,35.2,51,92.4,20,48.3,100,20.2,75,22.4,11,25.9,65,64.4,318,64.8,333,18.7,294,18.4,332,107.5,86,103.1,152,92.4,20,93.2,17,78.5,15,+0.5,103,+0.4,124,+0.7,82,+2.1,11,+2.5,9,+1.9,33,2.41,51,27.0,263,64.1,70,2022,0.8507739878777668,27,8,0.7714285714285715,35
114,Boston College,ACC,13-20,+4.55,104.5,146,100.0,120,64.9,294,-.080,334,+5.61,78,105.7,75,100.1,80,-6.99,330,,ACC,64.9,294,104.5,146,47.8,273,17.9,140,30.0,107,29.6,200,100.0,120,51.5,250,18.7,151,25.7,72,31.5,218,64.9,294,65.5,310,18.5,284,17.9,250,104.5,146,100.9,203,100.0,120,102.2,188,77.5,96,+1.1,52,+1.4,41,+0.9,63,-0.6,254,-0.5,239,+1.3,69,1.74,224,26.2,277,30.7,296,2022,0.6239138790580117,13,20,0.3939393939393939,33
218,Boston University,Pat,22-13,-3.99,105.4,128,109.4,294,65.1,286,+.043,84,-7.88,338,97.8,351,105.7,273,-4.55,286,,Pat,65.1,286,105.4,128,51.9,91,18.3,170,31.0,77,28.8,229,109.4,294,50.9,218,16.5,288,24.3,42,29.0,145,65.1,286,65.0,326,18.4,279,18.2,314,105.4,128,106.7,67,109.4,294,103.2,214,77.5,89,+0.2,133,+0.4,130,+0.1,161,+0.4,121,+0.7,101,+1.3,69,2.47,35,29.8,208,75.1,25,2022,0.3945192299139287,22,13,0.6285714285714286,35
284,Bowling Green,MAC,13-18,-10.22,102.8,178,113.0,343,72.8,3,-.011,201,-5.50,282,101.1,224,106.6,310,-8.17,344,,MAC,72.8,3,102.8,178,48.6,241,16.5,55,29.9,117,31.9,125,113.0,343,53.5,321,17.3,241,30.7,279,30.8,196,72.8,3,73.7,7,15.6,15,17.0,55,102.8,178,104.9,113,113.0,343,111.0,336,77.2,129,-0.6,256,-0.9,265,-0.3,221,+0.9,76,+0.3,143,+1.4,61,2.16,112,40.5,17,46.5,200,2022,0.25200858326480896,13,18,0.41935483870967744,31
96,Bradley,MVC,17-14,+7.99,104.8,141,96.8,64,67.2,176,-.090,343,+1.21,120,103.7,128,102.5,131,-2.27,228,,MVC,67.2,176,104.8,141,51.1,125,19.9,279,31.9,60,27.3,268,96.8,64,46.9,44,18.2,183,23.3,23,30.2,180,67.2,176,67.7,199,16.8,78,18.6,345,104.8,141,103.1,154,96.8,64,95.8,39,78.0,48,+1.2,46,+0.8,90,+1.6,25,+0.5,113,-0.0,170,+2.3,18,1.65,241,33.1,129,35.2,267,2022,0.7136500276316426,17,14,0.5483870967741935,31
204,Brown,Ivy,13-16,-2.75,100.3,230,103.0,182,67.3,165,-.047,288,-0.92,162,103.0,154,103.9,203,+2.98,83,,Ivy,67.3,165,100.3,230,49.4,204,19.1,231,28.2,168,31.6,134,103.0,182,51.1,231,19.5,105,28.2,181,33.2,252,67.3,165,69.1,112,16.9,88,17.4,137,100.3,230,100.1,217,103.0,182,102.2,186,76.5,247,-1.0,305,-0.7,246,-1.4,330,+0.1,152,+0.3,147,-0.7,253,1.74,223,34.5,97,0.0,0,2022,0.4242189209178438,13,16,0.4482758620689655,29
189,Bryant,NEC,22-10,-1.32,103.8,160,105.1,223,72.6,4,+.112,11,-8.47,346,98.0,345,106.5,307,+0.01,156,16,NEC,72.6,4,103.8,160,49.6,191,19.0,226,32.9,41,32.7,102,105.1,223,47.6,70,16.6,283,31.6,313,25.2,50,72.6,4,72.5,21,16.3,37,16.9,47,103.8,160,105.1,106,105.1,223,101.1,160,76.9,174,-1.3,329,-1.3,307,-1.2,319,+0.1,152,+1.0,65,+1.3,65,2.51,30,26.9,267,62.1,80,2022,0.4642778325644706,22,10,0.6875,32
336,Bucknell,Pat,9-23,-17.09,99.9,237,117.0,356,67.7,136,+.039,98,-6.27,307,100.4,271,106.7,315,-1.51,201,,Pat,67.7,136,99.9,237,52.8,56,19.3,243,21.9,340,28.3,239,117.0,356,53.8,329,13.8,352,30.0,257,22.9,24,67.7,136,68.2,169,17.5,168,17.6,169,99.9,237,101.8,183,117.0,356,113.8,352,78.0,50,+1.6,22,+1.4,34,+1.8,19,+0.4,122,+0.2,151,+1.1,90,1.58,256,28.8,230,50.6,165,2022,0.1397883626835477,9,23,0.28125,32
130,Buffalo,MAC,19-11,+3.39,106.9,98,103.5,192,71.0,20,-.033,251,-3.45,230,101.8,201,105.2,257,+5.36,37,,MAC,71.0,20,106.9,98,51.6,99,18.6,197,37.0,6,25.6,304,103.5,192,48.2,90,15.8,309,27.9,167,29.4,161,71.0,20,72.1,25,15.8,23,17.6,162,106.9,98,108.7,36,103.5,192,101.9,178,77.2,136,+0.2,138,+0.1,157,+0.2,128,+0.1,152,+1.1,62,-0.4,228,2.52,28,25.7,290,62.7,77,2022,0.5918709894708604,19,11,0.6333333333333333,30
121,Butler,BE,14-19,+3.89,102.6,187,98.7,95,63.9,334,+.008,156,+10.49,16,108.2,15,97.7,16,+2.00,106,,BE,63.9,334,102.6,187,47.1,295,18.2,164,27.1,205,30.2,179,98.7,95,49.9,173,17.1,256,27.4,141,30.2,179,63.9,334,64.9,330,19.4,343,17.5,148,102.6,187,95.9,296,98.7,95,103.4,221,77.0,172,-0.3,215,-0.4,219,-0.2,209,-0.2,204,-0.5,234,+1.3,69,1.95,173,33.0,132,63.7,72,2022,0.6096067094716004,14,19,0.42424242424242425,33
225,Cal Baptist,WAC,18-16,-4.41,98.8,256,103.2,186,67.4,156,-.008,195,-5.02,267,99.7,306,104.7,243,-9.44,351,,WAC,67.4,156,98.8,256,49.9,174,20.4,303,28.0,171,36.8,37,103.2,186,48.2,91,17.4,235,27.7,162,33.8,265,67.4,156,68.7,137,17.0,95,17.8,244,98.8,256,99.5,227,103.2,186,99.9,125,77.4,100,-0.6,248,-0.8,257,-0.4,231,+0.1,152,+1.8,18,+1.5,55,1.54,269,26.3,276,57.4,110,2022,0.37728939924325167,18,16,0.5294117647058824,34
308,Cal Poly,BW,7-21,-12.72,93.0,336,105.8,240,64.6,314,-.034,253,-3.31,227,100.2,279,103.5,179,-2.70,240,,BW,64.6,314,93.0,336,46.1,322,22.6,352,27.3,195,36.3,41,105.8,240,48.1,84,17.0,261,26.9,118,36.8,315,64.6,314,65.0,325,18.7,296,17.8,238,93.0,336,92.0,342,105.8,240,103.2,213,77.0,161,-0.5,236,-0.7,252,-0.3,217,+1.1,50,+1.6,32,-1.4,302,1.34,305,29.3,219,38.8,242,2022,0.18498424242747363,7,21,0.25,28
276,Cal St. Bakersfield,BW,8-19,-9.11,97.5,275,106.6,255,64.4,319,-.052,297,-2.22,199,100.8,243,103.0,160,+0.64,138,,BW,64.4,319,97.5,275,44.4,350,18.0,147,32.0,57,29.5,203,106.6,255,51.4,241,20.1,77,26.1,90,48.0,357,64.4,319,64.6,336,19.3,335,17.9,259,97.5,275,96.0,295,106.6,255,104.0,235,76.2,287,-1.0,310,-1.4,321,-0.6,253,-0.4,228,+0.4,128,-1.6,308,1.81,200,40.6,16,49.6,168,2022,0.26382962633559565,8,19,0.2962962962962963,27
154,Cal St. Fullerton,BW,21-11,+1.47,104.1,152,102.7,173,66.1,242,+.047,77,-2.99,214,100.5,267,103.5,174,-3.84,270,15,BW,66.1,242,104.1,152,48.9,227,17.9,135,29.1,148,34.8,55,102.7,173,51.1,229,20.2,74,28.2,184,25.7,62,66.1,242,66.4,267,18.0,233,18.1,291,104.1,152,103.5,142,102.7,173,100.0,131,76.4,255,-0.8,278,-1.5,323,-0.1,204,-1.1,314,-0.7,265,+0.8,108,2.35,66,27.1,261,51.9,157,2022,0.538848634675784,21,11,0.65625,32
332,Cal St. Northridge,BW,7-23,-16.20,93.9,328,110.2,305,64.9,293,+.029,118,-1.64,182,101.0,230,102.6,140,+0.71,136,,BW,64.9,293,93.9,328,44.4,349,18.5,194,26.8,220,29.6,202,110.2,305,51.9,260,19.9,86,33.0,338,36.5,310,64.9,293,65.2,317,18.8,315,17.7,196,93.9,328,91.6,344,110.2,305,108.0,306,76.2,285,-1.2,326,-1.7,341,-0.8,272,-0.5,239,-1.1,299,+0.5,145,2.16,110,39.5,26,25.3,317,2022,0.1369608577649206,7,23,0.23333333333333334,30
142,California,P12,12-20,+2.38,100.5,222,98.2,84,64.1,330,-.048,291,+6.07,73,105.8,73,99.7,66,-2.67,239,,P12,64.1,330,100.5,222,46.9,299,17.1,94,25.3,271,25.3,311,98.2,84,47.5,65,14.7,340,23.4,24,31.5,216,64.1,330,65.0,329,19.5,345,17.2,103,100.5,222,96.3,288,98.2,84,100.7,149,78.6,11,+1.8,17,+1.3,45,+2.2,5,+2.3,6,+0.8,95,+1.6,48,2.25,86,31.1,164,60.1,91,2022,0.5661701855491134,12,20,0.375,32
213,Campbell,BSth,16-13,-3.46,100.7,217,104.2,210,62.4,345,-.046,286,-5.83,288,98.7,332,104.5,235,-1.02,185,,BSth,62.4,345,100.7,217,51.3,114,16.4,49,22.2,333,26.3,286,104.2,210,50.6,202,18.3,175,26.1,88,27.6,101,62.4,345,63.1,349,19.4,341,18.4,335,100.7,217,101.5,188,104.2,210,100.0,126,75.5,345,-0.9,293,-1.0,281,-0.8,291,-1.0,307,-1.6,326,-2.7,343,2.66,16,21.7,336,82.7,4,2022,0.4030163028194739,16,13,0.5517241379310345,29
258,Canisius,MAAC,11-21,-7.80,97.4,277,105.2,224,68.2,114,+.045,79,-1.29,175,102.0,192,103.3,166,+0.57,140,,MAAC,68.2,114,97.4,277,45.4,336,16.9,74,28.0,172,30.2,180,105.2,224,51.5,249,17.8,215,26.3,101,32.2,235,68.2,114,69.3,104,17.1,118,16.7,28,97.4,277,96.3,289,105.2,224,103.9,233,77.8,65,+0.3,123,+0.4,127,+0.3,120,+0.3,131,+1.8,18,+1.3,66,2.30,77,32.3,144,73.7,31,2022,0.2919511631682725,11,21,0.34375,32
319,Central Arkansas,ASun,11-20,-14.14,98.7,257,112.9,341,71.9,12,+.098,21,-1.20,171,103.0,152,104.2,217,+8.37,17,,ASun,71.9,12,98.7,257,48.2,262,18.8,215,26.2,242,23.1,342,112.9,341,54.8,343,16.4,295,30.9,286,29.8,171,71.9,12,72.8,16,15.7,19,17.1,79,98.7,257,97.0,279,112.9,341,113.6,350,77.7,77,-0.3,216,-1.2,295,+0.5,99,+2.0,18,+0.6,113,+1.5,58,1.18,321,31.0,171,46.5,201,2022,0.17569348448914093,11,20,0.3548387096774194,31
346,Central Connecticut,NEC,8-24,-19.71,91.5,347,111.2,326,64.6,315,+.032,113,-6.39,310,99.7,304,106.1,296,-1.44,200,,NEC,64.6,315,91.5,347,46.0,327,20.6,308,26.3,240,29.1,214,111.2,326,52.9,300,18.8,146,31.8,317,28.8,139,64.6,315,66.2,273,18.8,314,17.2,97,91.5,347,92.3,338,111.2,326,107.5,294,75.3,350,-1.3,330,-1.8,345,-0.8,272,-1.8,338,-2.1,345,-1.7,312,1.16,325,36.6,61,46.5,199,2022,0.09600693940960482,8,24,0.25,32
318,Central Michigan,MAC,7-23,-13.77,96.2,299,110.0,304,67.5,149,-.001,176,-1.74,184,103.4,134,105.1,254,+2.93,84,,MAC,67.5,149,96.2,299,47.8,275,19.6,263,25.4,269,30.5,166,110.0,304,53.0,305,16.6,281,31.3,302,36.1,305,67.5,149,68.8,132,17.4,159,17.3,114,96.2,299,95.6,302,110.0,304,111.0,337,77.1,152,+0.8,69,+1.8,28,-0.1,194,+0.2,140,-0.5,230,-0.7,253,1.92,175,24.1,308,14.6,337,2022,0.17630474914713007,7,23,0.23333333333333334,30
144,Charleston,CAA,17-15,+2.27,104.7,142,102.4,163,73.5,2,-.035,257,-0.75,158,103.0,153,103.8,193,+1.38,124,,CAA,73.5,2,104.7,142,50.3,160,20.9,320,35.6,10,30.4,171,102.4,163,51.2,234,19.1,130,25.0,58,37.6,325,73.5,2,74.3,2,15.6,14,16.6,21,104.7,142,104.4,123,102.4,163,102.0,181,77.2,138,-0.2,206,-0.3,205,-0.2,208,+0.7,86,+0.3,141,+0.5,136,1.42,291,38.3,37,18.5,332,2022,0.5635156686768634,17,15,0.53125,32
347,Charleston Southern,BSth,6-25,-19.94,92.3,340,112.2,338,68.9,81,-.002,178,-3.74,235,100.6,262,104.3,226,+0.38,143,,BSth,68.9,81,92.3,340,46.1,323,21.5,334,26.3,236,28.4,237,112.2,338,55.3,350,17.4,236,25.7,70,30.0,172,68.9,81,69.8,86,17.1,105,17.2,100,92.3,340,91.5,345,112.2,338,110.0,328,76.3,278,-0.7,267,-0.7,256,-0.6,250,-1.3,321,-0.9,277,+0.2,177,1.44,284,31.8,152,23.9,321,2022,0.09576025608728221,6,25,0.1935483870967742,31
201,Charlotte,CUSA,17-14,-2.52,104.9,139,107.4,267,65.5,266,+.095,24,-1.24,172,102.4,174,103.7,185,-0.27,165,,CUSA,65.5,266,104.9,139,52.9,54,17.2,99,22.7,320,28.0,250,107.4,267,52.6,288,16.9,265,25.6,69,26.5,81,65.5,266,66.6,261,18.2,265,17.7,197,104.9,139,104.7,120,107.4,267,107.1,283,77.4,101,+0.2,137,+0.7,95,-0.3,218,+0.2,138,+1.2,59,+0.5,135,2.02,148,25.1,299,32.0,290,2022,0.4326970421706236,17,14,0.5483870967741935,31
67,Chattanooga,SC,27-8,+11.51,109.0,69,97.5,76,64.7,304,+.007,158,+0.46,131,105.1,85,104.7,240,+1.74,111,13,SC,64.7,304,109.0,69,52.2,75,17.0,78,32.7,44,26.8,276,97.5,76,49.4,146,18.1,188,26.2,97,27.8,108,64.7,304,65.5,307,18.9,318,17.8,230,109.0,69,110.2,26,97.5,76,99.1,102,77.0,159,-0.6,254,-0.6,238,-0.5,246,+0.2,141,+1.0,69,+0.3,157,2.23,90,26.2,278,69.0,49,2022,0.7828237431282175,27,8,0.7714285714285715,35
340,Chicago St.,WAC,7-25,-17.64,95.5,308,113.1,344,65.6,257,+.040,90,-2.01,191,100.4,272,102.4,130,-5.14,300,,WAC,65.6,257,95.5,308,45.8,331,22.1,346,31.5,70,29.3,210,113.1,344,53.7,328,18.7,153,32.1,327,38.5,333,65.6,257,66.9,248,18.2,264,17.3,119,95.5,308,92.8,335,113.1,344,110.6,332,75.7,338,-0.9,292,-0.6,234,-1.3,322,-1.5,328,-1.9,341,-1.1,279,1.55,264,35.2,78,6.1,344,2022,0.1250798206591055,7,25,0.21875,32
101,Cincinnati,Amer,18-15,+7.24,104.6,145,97.3,75,67.6,143,-.051,295,+2.81,106,103.3,137,100.5,94,-5.61,309,,Amer,67.6,143,104.6,145,46.9,301,15.2,24,30.1,105,29.6,198,97.3,75,45.0,13,17.9,204,29.6,242,34.5,282,67.6,143,68.5,151,17.1,101,17.9,256,104.6,145,101.0,201,97.3,75,96.7,54,77.4,107,+1.7,19,+2.4,16,+1.0,59,+0.2,135,-0.8,273,-0.7,253,2.17,105,35.6,71,52.1,154,2022,0.6967697234029889,18,15,0.5454545454545454,33
71,Clemson,ACC,17-16,+11.36,110.1,49,98.8,101,66.3,227,-.083,335,+6.77,66,107.0,51,100.2,86,-0.41,169,,ACC,66.3,227,110.1,49,52.4,70,16.4,50,25.8,260,29.8,191,98.8,101,49.7,164,16.9,266,24.1,40,29.1,151,66.3,227,66.7,259,17.7,199,18.1,300,110.1,49,106.8,64,98.8,101,102.0,182,76.4,259,+0.1,147,+0.3,133,-0.1,193,-1.2,317,-0.5,244,-1.3,290,1.95,172,34.9,85,49.1,174,2022,0.7764941548009819,17,16,0.5151515151515151,33
197,Cleveland St.,Horz,20-11,-1.98,103.3,168,105.3,227,67.8,127,-.015,207,-7.97,340,99.2,321,107.1,334,+0.26,150,,Horz,67.8,127,103.3,168,53.2,43,19.6,262,33.9,20,36.1,45,105.3,227,49.4,145,21.9,28,31.8,319,34.2,278,67.8,127,68.6,148,16.8,70,18.2,311,103.3,168,106.9,61,105.3,227,101.3,165,76.9,184,-1.0,308,-0.5,228,-1.5,337,-0.9,288,+0.8,76,+1.7,44,2.87,2,26.4,275,67.2,55,2022,0.44509121883660063,20,11,0.6451612903225806,31
155,Coastal Carolina,SB,19-14,+1.30,102.6,186,101.3,142,67.0,191,-.078,332,-2.90,212,100.6,258,103.5,177,+1.52,118,,SB,67.0,191,102.6,186,49.9,180,20.3,296,32.7,43,31.1,147,101.3,142,46.5,35,17.4,232,28.7,207,25.5,54,67.0,191,67.1,233,17.2,123,18.3,327,102.6,186,102.2,172,101.3,142,98.1,79,78.2,34,+0.4,119,-0.0,171,+0.8,73,+1.1,50,+2.5,10,+1.9,29,2.21,98,23.9,311,42.2,224,2022,0.5365950693210183,19,14,0.5757575757575758,33
117,Colgate,Pat,23-12,+4.41,108.2,78,103.8,201,67.2,177,-.076,329,-7.40,327,99.3,317,106.7,316,+2.10,101,14,Pat,67.2,177,108.2,78,55.6,12,17.0,82,26.7,224,26.3,287,103.8,201,48.9,124,16.0,304,25.1,61,24.1,39,67.2,177,67.5,207,17.7,201,17.6,166,108.2,78,110.7,25,103.8,201,99.6,118,77.1,155,+0.6,85,+1.3,48,+0.0,183,-0.0,183,-0.5,229,-0.2,207,2.45,41,23.9,309,80.0,11,2022,0.6171401263834715,23,12,0.6571428571428571,35
79,Colorado,P12,21-12,+10.64,106.5,108,95.9,48,67.4,160,+.041,89,+5.01,86,105.5,79,100.5,93,-7.62,339,,P12,67.4,160,106.5,108,50.4,158,19.7,267,30.0,111,34.6,59,95.9,48,48.1,83,17.5,226,24.4,45,27.0,91,67.4,160,68.4,160,17.1,113,18.0,274,106.5,108,103.0,157,95.9,48,97.7,70,78.3,27,+1.4,36,+1.1,65,+1.7,22,+2.2,7,+0.6,116,+1.3,69,1.26,317,33.9,108,37.0,256,2022,0.7695281024424094,21,12,0.6363636363636364,33
46,Colorado St.,MWC,25-6,+14.45,112.9,24,98.4,89,65.4,270,+.121,6,+5.02,84,104.9,88,99.9,72,-2.32,230,6,MWC,65.4,270,112.9,24,54.8,19,15.2,23,21.8,341,29.6,199,98.4,89,50.1,180,18.5,160,25.1,59,25.6,57,65.4,270,65.8,290,17.5,165,18.9,354,112.9,24,109.5,30,98.4,89,99.6,119,76.1,303,-0.8,285,-0.7,245,-1.0,307,-0.2,210,-1.6,323,-0.7,253,2.01,151,31.7,155,77.0,19,2022,0.8293190858857844,25,6,0.8064516129032258,31
351,Columbia,Ivy,4-22,-21.02,93.2,334,114.2,348,69.5,58,-.004,186,-4.16,248,100.9,234,105.1,253,-7.91,341,,Ivy,69.5,58,93.2,334,48.5,248,21.5,333,27.5,186,26.1,294,114.2,348,54.8,344,16.4,293,28.8,211,25.1,49,69.5,58,70.7,55,16.8,74,16.9,44,93.2,334,93.8,327,114.2,348,112.0,345,77.2,127,-0.1,175,-0.2,192,+0.1,163,+0.7,90,+0.1,163,+0.9,106,1.13,330,41.3,12,0.0,0,2022,0.08811740954912592,4,22,0.15384615384615385,26
22,Connecticut,BE,23-10,+18.55,113.8,22,95.3,43,64.8,300,-.038,269,+7.39,59,105.7,77,98.3,24,-3.58,262,5,BE,64.8,300,113.8,22,49.6,192,17.3,102,37.7,2,30.5,168,95.3,43,46.0,26,18.0,199,27.6,150,31.7,223,64.8,300,66.8,257,17.8,215,18.1,299,113.8,22,109.5,31,95.3,43,96.2,44,78.2,38,+1.0,61,-0.2,177,+2.2,5,+1.4,39,+2.0,15,+0.6,124,2.15,114,27.6,251,73.9,28,2022,0.884958332878333,23,10,0.696969696969697,33
300,Coppin St.,MEAC,9-23,-11.71,92.0,344,103.7,198,72.2,8,-.017,214,-3.28,226,99.9,294,103.2,162,+5.50,34,,MEAC,72.2,8,92.0,344,46.0,326,19.5,250,20.1,351,34.6,61,103.7,198,49.3,141,20.3,69,32.0,324,28.1,116,72.2,8,74.0,5,15.4,7,17.1,84,92.0,344,90.6,348,103.7,198,101.1,162,76.5,245,-1.2,328,-1.6,332,-0.9,296,-0.9,287,-0.2,204,+1.3,69,1.13,331,37.3,48,27.2,310,2022,0.2015386016715771,9,23,0.28125,32
193,Cornell,Ivy,15-11,-1.62,103.4,166,105.0,221,71.7,16,+.041,87,-2.86,209,102.0,191,104.8,248,-1.64,203,,Ivy,71.7,16,103.4,166,53.5,34,19.6,261,26.1,247,32.2,115,105.0,221,51.0,226,18.1,189,28.2,180,31.3,208,71.7,16,72.9,12,14.8,3,18.0,278,103.4,166,104.2,127,105.0,221,104.2,238,77.1,156,-0.2,205,-0.3,207,-0.1,202,-0.5,249,-0.2,186,+1.7,43,1.81,203,45.5,4,0.0,0,2022,0.4559676214797957,15,11,0.5769230769230769,26
50,Creighton,BE,23-12,+13.78,105.9,112,92.2,19,67.2,178,+.086,28,+9.11,25,107.5,34,98.4,27,-0.67,178,9,BE,67.2,178,105.9,112,50.6,145,20.4,302,28.4,165,26.7,279,92.2,19,44.9,12,15.5,327,28.5,201,20.8,4,67.2,178,68.1,172,17.9,223,17.3,116,105.9,112,100.2,213,92.2,19,96.5,49,78.2,32,+1.4,29,+2.7,13,+0.2,134,+1.6,29,+1.4,42,+0.5,132,1.33,310,23.7,312,12.4,341,2022,0.831059372610814,23,12,0.6571428571428571,35
199,Dartmouth,Ivy,9-16,-2.43,98.6,259,101.1,136,64.7,310,-.122,357,-1.28,174,103.2,144,104.5,232,+2.63,92,,Ivy,64.7,310,98.6,259,48.2,260,17.4,111,23.7,303,24.5,326,101.1,136,50.8,215,19.2,127,26.9,116,28.4,127,64.7,310,66.4,270,18.4,282,17.4,132,98.6,259,98.6,256,101.1,136,101.0,158,76.3,275,-1.1,314,-1.3,314,-0.8,272,-0.7,272,-0.9,285,+0.6,123,2.43,45,31.2,161,0.0,0,2022,0.4285065640798064,9,16,0.36,25
40,Davidson,A10,27-7,+14.85,116.8,11,101.9,155,64.7,307,-.020,221,+1.72,115,102.7,164,100.9,104,-1.98,219,10,A10,64.7,307,116.8,11,55.7,10,14.8,16,23.6,307,32.5,106,101.9,155,49.5,155,16.7,275,22.4,9,28.0,109,64.7,307,65.6,299,18.4,274,18.1,290,116.8,11,113.3,11,101.9,155,100.5,142,78.0,44,+1.1,58,+0.6,104,+1.5,29,+1.5,30,+1.5,37,+0.2,175,1.89,182,24.6,303,63.4,74,2022,0.8277006232943995,27,7,0.7941176470588235,34
45,Dayton,A10,24-11,+14.46,109.1,68,94.6,39,63.1,344,-.039,270,+2.07,112,103.7,127,101.6,114,-1.86,215,1,A10,63.1,344,109.1,68,53.9,26,19.1,232,30.1,106,30.5,167,94.6,39,46.9,39,17.1,255,23.5,29,23.7,32,63.1,344,64.4,340,18.7,299,18.4,336,109.1,68,107.2,58,94.6,39,94.7,29,77.9,54,+1.1,50,+0.6,100,+1.7,23,+1.4,38,+1.2,53,-0.2,202,0.26,358,31.0,172,29.8,299,2022,0.8375329362232221,24,11,0.6857142857142857,35
103,DePaul,BE,15-16,+6.74,106.9,97,100.2,122,68.8,91,-.025,237,+6.63,69,105.9,69,99.3,55,-7.91,340,,BE,68.8,91,106.9,97,48.8,236,17.4,108,31.7,63,33.4,86,100.2,122,48.8,117,16.8,274,28.5,200,26.0,69,68.8,91,70.4,70,16.9,81,17.1,89,106.9,97,103.0,156,100.2,122,102.5,200,78.2,39,+1.2,47,+1.3,44,+1.0,62,+1.4,34,+1.7,27,+0.5,137,2.22,94,30.5,184,28.3,306,2022,0.6779451992483505,15,16,0.4838709677419355,31
141,Delaware,CAA,22-13,+2.64,107.0,94,104.3,213,66.7,204,+.038,101,-1.57,181,102.3,179,103.8,199,-3.75,268,15,CAA,66.7,204,107.0,94,53.4,36,18.3,172,26.7,225,34.5,62,104.3,213,49.6,162,18.5,164,31.3,300,29.1,150,66.7,204,67.6,204,17.9,228,17.6,182,107.0,94,106.9,62,104.3,213,103.6,229,77.2,140,+0.5,106,+0.4,120,+0.6,96,-0.1,191,-0.3,216,+0.4,147,2.08,132,24.3,304,64.8,67,2022,0.5729533234018952,22,13,0.6285714285714286,35
356,Delaware St.,MEAC,2-26,-24.29,86.2,356,110.5,314,68.4,105,-.118,354,-6.08,298,98.2,343,104.2,218,-0.81,181,,MEAC,68.4,105,86.2,356,45.0,344,25.6,357,27.0,213,32.4,110,110.5,314,51.1,230,19.3,117,34.7,354,34.2,277,68.4,105,70.5,66,17.3,146,16.5,12,86.2,356,85.8,356,110.5,314,107.5,292,76.4,267,+1.2,48,+3.2,7,-0.8,289,-2.5,353,-1.8,336,-1.0,271,1.42,288,38.7,33,59.9,93,2022,0.05437346504458771,2,26,0.07142857142857142,28
294,Denver,Sum,11-21,-11.08,99.8,242,110.9,322,66.4,222,-.046,285,-5.58,283,101.9,196,107.5,341,-4.80,295,,Sum,66.4,222,99.8,242,52.7,58,18.6,195,23.7,304,32.0,122,110.9,322,52.4,281,16.5,287,28.1,176,32.2,236,66.4,222,67.9,184,18.4,280,17.0,65,99.8,242,102.8,160,110.9,322,108.9,316,77.0,171,-0.2,189,-0.4,216,+0.1,169,-0.6,260,+0.0,164,+0.9,104,1.34,304,36.2,66,14.2,338,2022,0.22920632029226207,11,21,0.34375,32
236,Detroit Mercy,Horz,14-16,-5.57,105.6,124,111.2,325,64.9,296,-.019,216,-4.37,253,100.9,238,105.3,259,+3.93,55,,Horz,64.9,296,105.6,124,52.6,62,17.9,133,27.9,176,22.8,346,111.2,325,54.4,338,19.0,136,29.7,244,30.5,189,64.9,296,65.5,308,18.7,300,17.8,240,105.6,124,106.6,69,111.2,325,108.6,312,76.9,182,+0.3,127,+0.2,140,+0.3,127,+0.1,149,-1.0,295,+0.0,182,2.67,14,30.9,174,47.8,185,2022,0.3556653161005239,14,16,0.4666666666666667,30
278,Dixie St.,WAC,13-18,-9.26,95.6,305,104.9,219,71.4,17,+.032,112,-0.40,151,102.2,182,102.6,137,-1.27,196,,WAC,71.4,17,95.6,305,46.5,312,21.0,321,27.0,214,35.2,52,104.9,219,50.8,217,17.9,208,28.9,214,30.6,191,71.4,17,72.8,15,15.3,6,17.6,165,95.6,305,93.5,331,104.9,219,103.9,234,76.4,253,-0.4,219,-1.1,284,+0.3,121,+1.1,50,-0.9,279,-2.0,326,1.51,276,34.0,104,71.0,43,2022,0.25585995674568235,13,18,0.41935483870967744,31
84,Drake,MVC,25-11,+9.48,108.8,73,99.3,113,66.2,228,-.006,192,+0.69,129,103.7,126,103.0,156,-4.51,284,,MVC,66.2,228,108.8,73,51.4,108,15.9,38,30.2,104,27.3,267,99.3,113,49.3,143,19.3,114,25.9,81,33.5,260,66.2,228,66.0,281,18.1,251,18.2,305,108.8,73,108.6,41,99.3,113,99.2,103,76.4,260,-0.6,255,-0.7,250,-0.5,242,+0.1,151,-0.7,261,-0.9,269,2.45,40,32.2,145,71.7,40,2022,0.7409105010252797,25,11,0.6944444444444444,36
153,Drexel,CAA,15-14,+1.52,104.5,147,102.9,176,66.4,220,-.063,312,-1.07,168,103.4,136,104.4,229,+0.97,132,,CAA,66.4,220,104.5,147,52.0,81,16.4,51,25.6,264,25.4,309,102.9,176,50.4,195,16.2,297,26.1,87,26.1,70,66.4,220,67.8,192,18.1,259,17.3,122,104.5,147,105.1,109,102.9,176,102.5,199,76.6,231,-0.5,242,-0.3,200,-0.8,272,-0.2,207,-0.6,254,+0.2,179,2.32,69,35.9,69,55.8,119,2022,0.5442435861093654,15,14,0.5172413793103449,29
8,Duke,ACC,32-7,+25.15,121.1,1,95.9,49,67.3,172,-.010,199,+8.22,42,107.8,24,99.6,63,-4.58,288,2,ACC,67.3,172,121.1,1,55.7,9,15.0,21,31.6,66,28.6,232,95.9,49,47.1,50,15.7,316,29.2,227,19.0,2,67.3,172,68.1,171,17.6,179,17.6,171,121.1,1,117.2,5,95.9,49,99.4,111,78.4,25,+2.0,11,+2.1,24,+1.9,14,+0.7,85,+1.4,48,+1.0,95,0.96,347,23.2,314,39.8,231,2022,0.9360203821022389,32,7,0.8205128205128205,39
280,Duquesne,A10,6-24,-9.85,98.8,255,108.7,281,65.9,248,-.047,287,+1.64,116,103.2,146,101.5,112,-4.07,277,,A10,65.9,248,98.8,255,45.4,341,16.9,68,29.2,144,21.9,349,108.7,281,54.0,333,19.0,138,31.6,312,21.9,14,65.9,248,66.8,252,17.9,229,17.9,265,98.8,255,95.9,297,108.7,281,108.4,308,77.1,153,-0.2,203,-0.7,241,+0.2,134,+0.5,106,+0.4,129,+0.2,176,0.68,355,32.2,146,22.4,327,2022,0.25008046692007546,6,24,0.2,30
179,East Carolina,Amer,15-15,-0.86,102.7,183,103.5,191,67.7,138,+.074,41,+1.11,123,102.2,181,101.1,107,-8.14,342,,Amer,67.7,138,102.7,183,47.2,291,18.7,204,27.6,183,33.5,82,103.5,191,50.5,197,18.5,159,28.5,197,31.0,200,67.7,138,68.8,133,17.4,150,17.2,95,102.7,183,99.0,241,103.5,191,102.4,194,78.2,35,+1.2,49,+1.0,72,+1.3,39,+1.4,35,+1.6,34,+0.8,109,1.58,255,32.5,139,54.0,135,2022,0.4777062409846421,15,15,0.5,30
186,East Tennessee St.,SC,15-17,-1.25,107.7,83,108.9,286,65.3,272,+.021,138,+1.07,124,105.2,84,104.1,210,+4.22,48,,SC,65.3,272,107.7,83,51.8,97,17.0,80,30.6,93,21.7,353,108.9,286,53.1,308,16.6,285,31.1,296,26.1,72,65.3,272,66.0,285,18.1,257,18.0,286,107.7,83,106.8,63,108.9,286,110.4,330,76.5,239,+0.1,142,-0.2,177,+0.5,105,+0.1,152,-1.8,337,-0.7,253,1.59,249,22.2,330,49.4,169,2022,0.46818675315347424,15,17,0.46875,32
357,Eastern Illinois,OVC,5-26,-25.72,83.2,357,108.9,285,64.7,305,-.000,174,-3.53,231,100.7,251,104.2,215,-2.12,225,,OVC,64.7,305,83.2,357,44.2,351,24.3,356,20.8,346,31.2,142,108.9,285,53.4,316,18.4,167,32.7,334,24.2,40,64.7,305,66.3,271,19.5,346,16.5,10,83.2,357,82.1,357,108.9,285,107.6,296,76.5,244,-0.2,200,-0.3,208,-0.1,195,-0.6,261,-0.9,276,-0.3,218,1.39,299,39.2,28,24.4,320,2022,0.0432890809676009,5,26,0.16129032258064516,31
260,Eastern Kentucky,ASun,13-18,-7.95,101.2,206,109.2,291,70.9,24,-.120,355,-6.22,303,100.1,284,106.3,301,-5.62,310,,ASun,70.9,24,101.2,206,48.4,253,15.6,35,28.7,155,21.7,352,109.2,291,54.6,341,22.3,21,31.8,318,28.1,113,70.9,24,71.7,34,16.5,48,17.0,61,101.2,206,103.3,146,109.2,291,105.3,258,76.0,313,-0.5,245,-0.8,258,-0.3,220,-0.5,237,-1.9,340,-1.3,292,1.56,261,31.4,157,60.0,92,2022,0.29422607665736433,13,18,0.41935483870967744,31
316,Eastern Michigan,MAC,10-21,-13.60,93.7,330,107.4,265,69.2,68,+.025,122,-3.56,233,101.9,198,105.4,266,+0.31,146,,MAC,69.2,68,93.7,330,48.2,261,19.2,235,23.3,311,29.8,188,107.4,265,51.6,251,16.9,269,28.4,191,29.3,157,69.2,68,70.5,60,17.1,117,16.6,20,93.7,330,94.9,308,107.4,265,106.3,272,77.3,111,+0.4,113,+0.8,89,+0.1,166,-0.3,222,+0.1,161,+1.3,69,1.65,240,35.0,83,25.7,315,2022,0.17231436283002458,10,21,0.3225806451612903,31
217,Eastern Washington,BSky,18-16,-3.86,104.1,156,107.9,278,69.7,52,-.000,173,-5.21,272,101.1,225,106.3,300,+3.05,81,,BSky,69.7,52,104.1,156,52.9,53,18.5,184,25.3,273,32.9,98,107.9,278,50.4,192,15.6,321,26.0,84,31.5,213,69.7,52,70.6,59,16.4,40,17.7,194,104.1,156,105.8,95,107.9,278,105.8,268,78.4,20,+0.2,140,+0.1,155,+0.2,134,+1.6,28,+2.8,2,+2.4,15,1.42,290,21.1,340,11.3,342,2022,0.3983587607490589,18,16,0.5294117647058824,34
247,Elon,CAA,10-22,-6.58,99.9,236,106.5,252,65.8,253,-.055,305,+2.23,110,104.6,102,102.3,125,+8.96,12,,CAA,65.8,253,99.9,236,49.0,225,19.9,278,25.4,268,25.9,301,106.5,252,50.6,206,16.6,282,28.8,208,43.8,353,65.8,253,67.0,244,18.4,277,17.1,81,99.9,236,97.3,273,106.5,252,108.4,309,76.4,270,-0.6,262,-0.6,233,-0.7,257,-0.2,209,-1.2,302,-0.3,214,1.98,163,34.6,94,60.7,89,2022,0.3239416582592019,10,22,0.3125,32
321,Evansville,MVC,6-24,-14.19,92.6,339,106.8,256,64.1,329,-.065,317,+2.11,111,104.2,111,102.1,122,-2.55,236,,MVC,64.1,329,92.6,339,47.0,297,17.2,96,14.2,358,24.6,325,106.8,256,56.1,352,17.9,210,22.1,6,31.0,201,64.1,329,64.3,341,20.8,357,16.5,14,92.6,339,89.2,353,106.8,256,108.6,311,76.2,289,-0.1,174,-1.0,278,+0.9,64,-1.0,304,-0.3,219,-2.3,330,2.13,123,34.8,88,61.1,84,2022,0.16237105648150701,6,24,0.2,30
275,FIU,CUSA,15-17,-8.80,97.3,278,106.1,248,66.7,201,+.050,72,-4.64,258,101.3,220,105.9,288,-11.13,358,,CUSA,66.7,201,97.3,278,49.9,173,20.1,289,27.0,210,24.6,324,106.1,248,50.2,184,18.5,162,29.8,250,31.4,211,66.7,201,68.0,176,17.2,122,17.8,235,97.3,278,98.9,246,106.1,248,103.6,226,76.0,311,+0.1,159,+1.1,56,-1.0,306,-0.4,227,-0.3,218,-4.0,357,1.52,275,36.7,58,47.5,187,2022,0.2697866778447555,15,17,0.46875,32
206,Fairfield,MAAC,15-18,-2.85,100.6,220,103.5,190,64.3,323,-.072,325,-3.75,236,100.5,266,104.3,220,-7.06,332,,MAAC,64.3,323,100.6,220,49.3,213,16.9,72,27.5,187,26.6,282,103.5,190,48.1,88,17.0,263,27.9,166,31.2,207,64.3,323,65.1,320,18.4,281,17.5,154,100.6,220,101.1,198,103.5,190,100.7,148,77.0,169,+0.0,162,+0.2,149,-0.1,197,-0.0,181,+0.8,76,-0.8,266,2.27,84,31.4,158,83.1,3,2022,0.4190139379143839,15,18,0.45454545454545453,33
345,Fairleigh Dickinson,NEC,4-22,-19.70,94.8,317,114.5,350,69.6,54,-.051,296,-5.36,275,99.9,292,105.3,260,+5.54,33,,NEC,69.6,54,94.8,317,46.4,317,19.4,246,27.8,180,27.8,255,114.5,350,53.8,331,18.2,185,34.2,351,34.1,273,69.6,54,70.4,68,16.7,60,17.3,124,94.8,317,94.5,315,114.5,350,111.3,341,76.1,301,-1.0,297,-0.8,260,-1.1,313,-1.1,315,-0.7,264,-0.4,226,0.90,349,40.9,15,34.4,274,2022,0.10236099489167762,4,22,0.15384615384615385,26
59,Florida,SEC,20-14,+12.67,110.2,47,97.6,77,65.4,267,-.018,215,+7.60,54,106.0,68,98.4,29,-2.33,231,,SEC,65.4,267,110.2,47,49.6,194,18.5,192,31.5,69,33.8,75,97.6,77,49.4,149,21.8,29,32.5,333,30.3,183,65.4,267,66.9,251,16.9,91,18.6,350,110.2,47,104.8,115,97.6,77,99.0,98,77.3,117,+0.5,104,+1.1,55,-0.1,199,-0.0,187,-0.2,186,+0.9,100,2.52,29,34.7,91,39.3,236,2022,0.8015997777399148,20,14,0.5882352941176471,34
309,Florida A&M,SWAC,13-17,-12.73,94.9,315,107.6,274,65.5,264,+.097,23,-6.24,304,98.0,346,104.3,222,+8.87,13,,SWAC,65.5,264,94.9,315,45.9,330,18.8,212,25.9,256,29.7,196,107.6,274,48.2,94,18.4,165,34.1,350,38.9,335,65.5,264,66.8,253,17.6,188,18.2,316,94.9,315,94.4,318,107.6,274,102.3,189,76.9,173,-0.3,211,-0.2,177,-0.4,236,-0.8,278,+0.4,132,+0.9,98,2.74,8,21.5,337,78.7,16,2022,0.1908703388438588,13,17,0.43333333333333335,30
129,Florida Atlantic,CUSA,19-15,+3.49,105.4,129,101.9,154,67.5,152,-.108,349,-3.06,216,101.6,207,104.7,237,-6.79,325,,CUSA,67.5,152,105.4,129,53.2,42,19.5,251,31.1,76,28.7,230,101.9,154,50.7,208,19.4,106,25.9,78,32.0,232,67.5,152,68.6,143,17.6,181,17.2,93,105.4,129,106.8,65,101.9,154,100.1,136,76.3,280,+0.5,112,+1.3,43,-0.4,237,-2.1,348,-1.7,332,-0.5,233,1.12,333,32.6,137,53.6,140,2022,0.5958885634664061,19,15,0.5588235294117647,34
208,Florida Gulf Coast,ASun,22-12,-2.96,104.4,148,107.4,266,70.2,40,+.072,45,-6.07,297,100.2,282,106.2,298,-5.85,314,,ASun,70.2,40,104.4,148,53.3,40,18.9,221,29.9,121,29.1,216,107.4,266,50.5,200,15.8,313,27.4,142,24.0,36,70.2,40,70.1,80,17.0,99,17.2,96,104.4,148,106.6,68,107.4,266,104.3,243,76.3,273,+0.8,74,+1.5,31,+0.1,172,+0.1,150,-0.8,270,-3.9,356,2.46,37,28.7,233,44.8,209,2022,0.4192626962267847,22,12,0.6470588235294118,34
105,Florida St.,ACC,17-14,+6.20,105.3,130,99.1,106,67.8,129,+.075,38,+7.96,46,109.1,5,101.1,108,+0.04,155,,ACC,67.8,129,105.3,130,49.0,224,18.1,153,31.6,67,30.3,176,99.1,106,52.2,274,20.9,39,31.0,292,30.4,186,67.8,129,68.6,142,16.9,85,18.0,275,105.3,130,102.7,163,99.1,106,104.3,242,79.7,1,+2.6,5,+3.9,2,+1.3,42,+1.9,19,+2.7,6,+3.7,1,1.63,245,44.7,5,38.8,244,2022,0.6677144105672963,17,14,0.5483870967741935,31
173,Fordham,A10,16-16,-0.43,94.7,321,95.1,41,67.6,139,+.017,140,-0.61,156,103.7,125,104.3,225,-7.43,336,,A10,67.6,139,94.7,321,45.7,333,18.9,216,27.2,203,29.7,192,95.1,41,48.0,80,19.6,97,26.3,99,30.4,188,67.6,139,68.6,141,18.1,260,16.6,17,94.7,321,94.8,309,95.1,41,95.6,35,76.5,238,+0.0,161,+0.1,163,+0.0,182,-0.5,248,-0.5,232,-1.2,288,2.00,155,27.0,264,26.9,312,2022,0.4878843351948644,16,16,0.5,32
73,Fresno St.,MWC,23-13,+11.14,105.5,126,94.4,37,61.8,355,-.052,299,+1.32,118,103.1,149,101.8,116,-4.07,276,,MWC,61.8,355,105.5,126,51.1,122,17.6,118,27.2,202,31.3,140,94.4,37,47.7,77,19.4,111,23.0,20,27.2,95,61.8,355,62.4,355,19.2,334,18.8,353,105.5,126,104.0,131,94.4,37,93.7,23,77.7,69,+1.5,27,+3.0,9,-0.1,190,+0.1,152,+1.0,71,-0.2,204,1.76,214,27.4,254,73.5,32,2022,0.7821864329051283,23,13,0.6388888888888888,36
74,Furman,SC,22-12,+11.02,113.9,20,102.9,174,64.8,297,-.072,326,-0.23,145,104.0,116,104.3,221,+1.26,127,,SC,64.8,297,113.9,20,55.6,11,15.7,37,27.4,190,23.3,340,102.9,174,51.5,248,19.1,128,28.2,185,24.6,42,64.8,297,65.6,302,17.8,205,18.5,339,113.9,20,114.2,8,102.9,174,102.9,210,75.1,354,-1.5,343,-1.3,305,-1.7,346,-2.2,350,-2.3,349,-1.5,307,2.18,103,24.2,305,59.4,96,2022,0.7627791755991136,22,12,0.6470588235294118,34
167,Gardner Webb,BSth,18-13,+0.22,96.6,293,96.4,58,67.4,155,-.029,244,-4.14,247,101.5,213,105.6,272,+2.79,88,,BSth,67.4,155,96.6,293,49.9,175,20.0,284,26.9,215,28.5,235,96.4,58,45.5,18,19.0,135,26.3,98,36.3,307,67.4,155,68.3,165,17.2,125,17.8,227,96.6,293,98.7,250,96.4,58,95.3,33,76.0,312,-0.8,277,-0.6,236,-0.9,299,-0.4,233,-0.9,284,-1.7,315,1.67,234,29.3,217,55.4,122,2022,0.505958269299161,18,13,0.5806451612903226,31
113,George Mason,A10,14-16,+4.84,105.9,115,101.1,135,64.8,298,-.108,348,+1.81,114,103.9,119,102.1,121,-1.26,194,,A10,64.8,298,105.9,115,53.0,50,18.0,145,24.9,284,29.1,212,101.1,135,49.6,157,17.2,246,23.9,34,29.6,166,64.8,298,66.5,266,17.7,204,18.3,324,105.9,115,104.0,132,101.1,135,100.7,147,77.3,114,+0.1,154,-0.1,173,+0.3,125,+1.8,23,+0.4,130,-0.6,248,2.23,92,19.4,351,32.4,284,2022,0.6302825057332802,14,16,0.4666666666666667,30
226,George Washington,A10,12-18,-4.46,99.3,248,103.8,203,68.9,83,+.043,83,+0.45,132,103.0,155,102.5,133,-3.98,273,,A10,68.9,83,99.3,248,48.9,228,17.9,137,23.2,315,26.0,297,103.8,203,49.6,156,18.0,195,31.1,295,29.3,158,68.9,83,69.7,92,17.3,139,17.2,105,99.3,248,96.9,281,103.8,203,103.4,222,77.2,131,+0.6,90,+0.8,86,+0.4,110,-0.9,290,-0.2,207,+1.3,69,1.84,194,26.4,273,32.6,282,2022,0.3752674664251689,12,18,0.4,30
175,Georgetown,BE,6-25,-0.48,104.9,140,105.4,228,70.1,43,-.110,351,+8.39,40,106.5,56,98.1,22,-1.94,218,,BE,70.1,43,104.9,140,46.2,321,18.8,211,32.3,54,29.0,219,105.4,228,53.6,325,18.0,198,29.9,251,27.6,102,70.1,43,71.0,49,16.9,79,16.9,45,104.9,140,99.5,229,105.4,228,108.7,313,77.8,64,+1.2,43,+2.5,15,-0.1,189,+0.4,123,+1.6,33,-0.3,212,1.34,308,27.3,256,34.9,269,2022,0.48633243367844975,6,25,0.1935483870967742,31
219,Georgia,SEC,6-26,-3.99,106.7,100,110.6,318,68.6,99,-.024,232,+8.00,45,105.7,74,97.7,19,-2.35,232,,SEC,68.6,99,106.7,100,50.2,167,20.7,312,25.8,258,39.0,9,110.6,318,54.6,339,15.7,318,30.1,261,24.1,38,68.6,99,69.8,85,17.4,148,16.8,35,106.7,100,100.0,218,110.6,318,112.4,349,77.6,84,+0.7,76,+1.2,51,+0.3,118,-0.3,223,+0.5,121,+1.5,56,1.88,185,31.1,165,5.8,345,2022,0.39823188855764313,6,26,0.1875,32
253,Georgia Southern,SB,13-16,-7.30,96.1,302,103.4,188,66.0,245,+.038,102,-1.87,186,100.8,244,102.7,142,-0.51,172,,SB,66.0,245,96.1,302,47.8,272,21.3,327,28.6,158,31.6,133,103.4,188,48.3,98,18.9,141,31.2,299,35.6,298,66.0,245,66.4,268,17.8,211,18.1,301,96.1,302,94.8,310,103.4,188,100.8,152,76.8,196,-0.7,270,-1.4,318,-0.0,186,-0.3,217,+0.4,136,+0.5,142,2.54,25,40.4,19,66.0,62,2022,0.30111795175766665,13,16,0.4482758620689655,29
150,Georgia St.,SB,18-11,+1.60,101.5,202,99.9,119,67.3,169,+.062,54,-0.97,163,101.2,223,102.1,123,+2.05,105,16,SB,67.3,169,101.5,202,44.7,345,16.6,58,32.5,47,30.4,172,99.9,119,50.0,177,22.1,24,31.0,290,33.2,255,67.3,169,68.1,173,17.1,107,18.3,321,101.5,202,99.5,230,99.9,119,98.7,97,75.9,326,-0.3,218,+0.1,156,-0.8,286,-0.9,290,-1.4,314,-2.4,340,2.21,97,32.7,136,75.7,23,2022,0.5455545206588457,18,11,0.6206896551724138,29
156,Georgia Tech,ACC,12-20,+1.20,100.4,225,99.2,110,68.0,117,-.021,227,+6.42,71,107.0,50,100.6,97,-6.33,320,,ACC,68.0,117,100.4,225,49.6,195,18.9,223,25.0,281,25.0,318,99.2,110,50.1,183,18.8,147,28.2,179,31.5,214,68.0,117,68.6,149,17.4,152,17.5,151,100.4,225,97.0,280,99.2,110,102.6,205,77.6,78,-0.1,177,-0.4,210,+0.2,134,+1.0,69,+1.7,25,+0.9,103,1.99,162,28.4,239,52.3,149,2022,0.5345145765818572,12,20,0.375,32
1,Gonzaga,WCC,28-4,+30.95,120.7,3,89.7,10,72.5,5,-.039,271,+4.24,93,104.6,101,100.3,89,-2.88,248,1,WCC,72.5,5,120.7,3,58.7,2,15.6,34,29.1,146,30.6,161,89.7,10,43.1,1,16.2,298,23.4,25,22.7,21,72.5,5,73.8,6,14.6,2,17.8,223,120.7,3,118.1,2,89.7,10,89.8,5,78.7,7,+2.1,8,+2.2,19,+2.0,11,+1.3,41,+1.5,41,+1.8,40,1.57,259,25.7,288,42.9,220,2022,0.9681277901899245,28,4,0.875,32
303,Grambling St.,SWAC,12-20,-12.31,93.7,331,106.0,245,69.3,66,+.034,105,-4.46,256,98.6,336,103.0,161,+10.22,9,,SWAC,69.3,66,93.7,331,44.6,346,19.9,280,27.4,191,33.4,88,106.0,245,48.9,121,19.3,118,31.4,308,40.8,346,69.3,66,70.5,61,16.6,53,17.3,107,93.7,331,92.3,339,106.0,245,102.5,202,77.2,130,+0.3,124,+0.2,147,+0.5,104,+0.8,80,-0.4,223,+0.3,159,2.40,54,35.5,76,46.5,198,2022,0.1949093335412283,12,20,0.375,32
93,Grand Canyon,WAC,23-8,+8.11,104.7,143,96.5,62,65.5,265,+.009,154,-3.55,232,99.7,303,103.3,169,-7.00,331,,WAC,65.5,265,104.7,143,49.9,179,19.2,237,34.9,14,31.0,151,96.5,62,43.5,3,18.6,155,28.4,190,33.0,249,65.5,265,66.9,249,17.8,218,17.6,189,104.7,143,104.8,117,96.5,62,92.3,9,76.4,268,+0.4,117,+0.2,141,+0.6,92,-0.8,281,-1.5,319,-1.5,304,2.28,81,32.3,142,42.5,222,2022,0.7186743136766632,23,8,0.7419354838709677,31
343,Green Bay,Horz,5-25,-18.52,91.9,345,110.4,313,64.7,311,-.116,352,-6.48,312,99.9,291,106.4,305,+2.81,87,,Horz,64.7,311,91.9,345,46.5,314,19.9,282,26.7,227,32.0,120,110.4,313,53.0,303,18.2,184,28.6,202,31.7,221,64.7,311,65.0,327,19.4,344,17.5,145,91.9,345,94.2,319,110.4,313,107.2,287,76.5,240,-0.6,249,-1.2,295,+0.0,181,-0.7,269,-0.1,179,-0.2,205,0.52,356,35.5,75,37.6,251,2022,0.10820538675333373,5,25,0.16666666666666666,30
326,Hampton,BSth,9-19,-15.02,90.6,350,105.6,237,69.1,73,+.070,47,-5.46,280,99.0,324,104.5,231,-3.05,250,,BSth,69.1,73,90.6,350,44.2,352,18.2,160,22.0,336,36.6,39,105.6,237,47.3,61,16.6,280,31.5,310,37.9,329,69.1,73,69.0,120,17.3,145,17.9,252,90.6,350,90.5,349,105.6,237,101.5,167,77.5,86,+0.7,79,+1.5,30,-0.1,196,+0.1,152,+0.9,74,+0.5,129,2.01,149,31.9,151,43.9,217,2022,0.1465590644654578,9,19,0.32142857142857145,28
282,Hartford,AE,12-20,-10.05,101.1,210,111.2,324,67.2,174,-.050,294,-7.77,334,98.9,328,106.7,313,-5.32,301,,AE,67.2,174,101.1,210,53.3,39,18.1,159,23.8,302,27.6,259,111.2,324,51.6,252,16.5,290,28.4,193,28.9,142,67.2,174,67.1,238,18.8,309,16.8,34,101.1,210,103.8,136,111.2,324,107.1,284,76.2,293,-0.9,296,-0.7,249,-1.2,320,-0.9,290,-0.6,248,-0.4,221,2.72,10,29.8,206,57.9,105,2022,0.25067172794766296,12,20,0.375,32
228,Harvard,Ivy,13-13,-4.68,97.8,270,102.4,164,67.2,180,-.045,284,-4.11,245,101.2,221,105.3,262,-4.77,294,,Ivy,67.2,180,97.8,270,49.5,199,17.4,115,25.2,274,24.5,328,102.4,164,52.1,271,20.7,46,23.8,33,32.6,243,67.2,180,68.9,130,17.2,121,17.4,138,97.8,270,99.3,234,102.4,164,100.0,127,77.5,88,-1.1,315,-1.5,328,-0.7,255,+1.1,50,+2.6,7,+1.4,64,1.77,211,35.4,77,0.0,0,2022,0.3708517440385825,13,13,0.5,26
169,Hawaii,BW,17-11,+0.06,101.6,199,101.5,148,65.2,280,-.010,198,-4.44,255,99.8,296,104.3,223,-5.40,302,,BW,65.2,280,101.6,199,50.4,155,19.7,269,29.1,147,32.5,107,101.5,148,46.9,42,15.9,307,25.1,60,31.7,219,65.2,280,65.5,303,18.5,283,18.3,328,101.6,199,102.3,170,101.5,148,98.4,88,77.5,93,+1.3,40,+1.4,35,+1.2,45,+1.4,37,+0.3,145,-1.8,318,1.63,246,30.2,189,40.2,228,2022,0.5028310876491126,17,11,0.6071428571428571,28
242,High Point,BSth,14-18,-6.16,98.4,262,104.5,215,66.5,216,-.025,236,-3.83,239,100.7,252,104.5,233,+3.96,53,,BSth,66.5,216,98.4,262,48.9,226,19.5,252,27.4,192,33.9,70,104.5,215,49.5,154,17.7,218,30.2,264,35.3,293,66.5,216,67.1,237,18.7,301,16.8,38,98.4,262,98.1,258,104.5,215,102.8,206,75.4,349,-1.6,349,-1.3,308,-2.0,354,-1.7,336,-1.0,291,-2.0,325,1.59,252,25.2,296,52.7,145,2022,0.33365899192322745,14,18,0.4375,32
120,Hofstra,CAA,21-11,+3.97,108.8,72,104.9,218,69.0,77,+.060,59,+0.21,139,103.9,117,103.7,190,+5.38,36,,CAA,69.0,77,108.8,72,53.4,35,14.7,13,23.3,313,21.7,351,104.9,218,54.4,336,20.4,63,26.9,117,26.3,77,69.0,77,70.1,78,16.9,83,17.4,125,108.8,72,108.8,34,104.9,218,105.3,259,75.9,319,-1.0,299,-0.6,229,-1.4,331,-1.9,343,-0.6,253,-0.7,250,2.29,78,28.0,244,31.6,291,2022,0.6034339353741969,21,11,0.65625,32
349,Holy Cross,Pat,9-22,-20.07,91.2,348,111.3,327,67.1,184,+.059,60,-8.18,342,99.0,325,107.2,336,-4.08,278,,Pat,67.1,184,91.2,348,45.1,343,18.2,165,27.3,198,28.6,233,111.3,327,53.2,310,17.6,225,29.4,234,30.8,195,67.1,184,67.0,241,17.5,166,18.4,330,91.2,348,94.1,323,111.3,327,107.7,300,76.1,302,-1.8,353,-2.5,354,-1.1,310,+0.1,152,+1.4,44,-2.1,327,1.16,326,32.5,138,44.6,213,2022,0.09191237883125923,9,22,0.2903225806451613,31
2,Houston,Amer,32-6,+27.70,116.8,10,89.1,8,63.6,338,-.012,203,+5.89,75,105.5,81,99.6,62,+0.18,154,5,Amer,63.6,338,116.8,10,53.1,47,16.9,77,37.7,3,29.0,221,89.1,8,43.3,2,21.7,30,28.0,173,34.7,287,63.6,338,65.1,322,18.9,322,17.8,236,116.8,10,113.7,10,89.1,8,89.4,3,77.4,99,+0.6,86,+0.5,114,+0.8,77,-0.2,203,+0.7,100,+0.5,139,2.25,87,26.5,271,23.4,322,2022,0.9574295977822064,32,6,0.8421052631578947,38
337,Houston Baptist,Slnd,11-18,-17.14,95.2,311,112.3,339,68.8,92,-.002,180,-8.68,352,99.7,305,108.4,354,-1.16,189,,Slnd,68.8,92,95.2,311,48.8,232,20.7,314,29.3,142,37.8,21,112.3,339,55.3,349,19.1,131,27.3,134,37.8,328,68.8,92,70.9,51,18.0,243,15.8,3,95.2,311,97.9,262,112.3,339,109.6,324,76.3,279,-1.0,301,-1.0,274,-1.0,300,-0.7,262,-1.2,302,+0.4,148,1.79,206,29.0,224,39.3,238,2022,0.13013902709770056,11,18,0.3793103448275862,29
234,Howard,MEAC,16-13,-5.45,100.3,232,105.7,238,70.4,35,-.058,307,-8.66,350,96.1,357,104.7,244,-2.37,233,,MEAC,70.4,35,100.3,232,50.4,154,20.7,313,28.0,173,36.2,42,105.7,238,49.4,150,23.5,10,34.5,353,33.9,270,70.4,35,72.3,23,16.9,82,16.5,11,100.3,232,101.5,187,105.7,238,99.1,100,76.7,221,+0.2,136,+0.6,103,-0.2,213,-0.2,206,-0.1,182,-1.5,305,1.95,171,25.2,295,49.4,171,2022,0.35364603487284885,16,13,0.5517241379310345,29
358,IUPUI,Horz,3-26,-31.57,79.4,358,110.9,323,62.3,346,-.055,304,-7.84,336,99.6,310,107.5,340,-4.70,291,,Horz,62.3,346,79.4,358,42.4,356,26.1,358,30.0,109,24.9,322,110.9,323,52.8,294,20.6,52,33.0,339,37.5,323,62.3,346,63.1,350,20.0,351,17.7,198,79.4,358,81.5,358,110.9,323,108.6,310,76.4,271,-0.5,233,+0.8,80,-1.8,350,-0.5,243,-0.2,185,-1.4,293,1.65,237,31.5,156,41.0,227,2022,0.020989890532764077,3,26,0.10344827586206896,29
324,Idaho,BSky,9-22,-14.60,99.2,250,113.8,347,70.0,45,-.028,243,-4.97,266,100.9,235,105.9,289,+2.09,102,,BSky,70.0,45,99.2,250,50.2,165,18.5,190,23.3,312,33.8,74,113.8,347,54.6,340,14.5,341,26.4,103,33.9,268,70.0,45,70.8,52,17.4,155,16.4,8,99.2,250,100.6,206,113.8,347,112.2,346,75.7,339,-1.6,348,-0.9,271,-2.2,357,-1.4,327,-1.5,322,-0.3,213,1.65,238,33.3,122,22.0,328,2022,0.17093689296647266,9,22,0.2903225806451613,31
339,Idaho St.,BSky,7-23,-17.54,93.9,329,111.4,328,63.9,333,-.038,268,-4.94,264,101.0,229,105.9,290,+1.54,117,,BSky,63.9,333,93.9,329,47.4,286,21.1,322,27.6,185,33.0,95,111.4,328,53.2,312,16.7,278,27.5,149,35.2,292,63.9,333,65.6,300,19.4,340,16.9,49,93.9,329,94.6,311,111.4,328,109.4,320,77.3,116,-0.7,272,-1.0,276,-0.4,238,-0.0,185,+0.8,76,+2.4,13,1.65,242,37.3,49,75.8,22,2022,0.12289301174795529,7,23,0.23333333333333334,30
20,Illinois,B10,23-10,+18.75,112.0,30,93.3,29,67.2,179,+.033,110,+10.44,17,109.0,7,98.6,34,+1.39,123,4,B10,67.2,179,112.0,30,52.5,67,18.1,154,33.1,38,32.0,121,93.3,29,46.0,25,15.5,325,26.6,110,28.2,120,67.2,179,67.9,182,18.1,258,17.3,117,112.0,30,108.7,35,93.3,29,98.1,78,77.3,119,+1.6,21,+2.2,20,+1.1,51,-0.8,276,-1.1,297,+0.3,159,2.27,85,28.6,236,57.4,111,2022,0.8909814716478067,23,10,0.696969696969697,33
287,Illinois Chicago,Horz,14-16,-10.52,99.4,246,109.9,303,69.2,67,+.059,62,-7.43,328,98.9,327,106.3,304,+0.62,139,,Horz,69.2,67,99.4,246,51.1,120,17.2,97,25.0,283,22.9,345,109.9,303,51.6,254,16.9,270,27.2,130,34.2,275,69.2,67,69.0,121,17.3,140,17.6,188,99.4,246,102.0,176,109.9,303,105.7,267,76.4,266,-1.2,322,-1.5,325,-0.8,290,-0.2,201,-0.2,186,-0.2,193,2.15,117,32.3,143,28.6,305,2022,0.2396105937563006,14,16,0.4666666666666667,30
191,Illinois St.,MVC,13-20,-1.50,105.0,137,106.5,251,68.0,119,-.103,347,+0.42,133,103.2,147,102.7,146,-5.48,305,,MVC,68.0,119,105.0,137,51.8,96,19.6,257,28.6,160,31.3,139,106.5,251,50.9,219,17.4,237,29.8,249,31.9,228,68.0,119,68.6,150,16.5,50,18.4,333,105.0,137,104.4,122,106.5,251,106.5,273,77.8,59,+0.9,68,+0.7,96,+1.1,52,+0.9,73,+1.4,45,+0.3,158,1.94,174,29.0,225,49.1,175,2022,0.4593093632224843,13,20,0.3939393939393939,33
353,Incarnate Word,Slnd,7-25,-21.92,94.8,319,116.7,355,64.6,312,-.008,194,-6.39,309,100.5,268,106.9,320,+1.05,129,,Slnd,64.6,312,94.8,319,48.4,254,20.1,290,22.6,324,27.4,264,116.7,355,56.8,357,18.1,193,32.7,335,30.0,174,64.6,312,67.8,195,18.8,316,16.7,24,94.8,319,95.9,299,116.7,355,114.6,355,76.2,297,-0.2,202,+0.5,113,-1.0,301,-1.9,343,-1.1,298,-0.5,235,1.56,260,30.6,180,46.1,203,2022,0.08392866738809988,7,25,0.21875,32
48,Indiana,B10,21-14,+14.04,107.0,95,92.9,24,67.2,175,-.020,223,+8.51,38,108.1,17,99.6,64,-6.23,319,12,B10,67.2,175,107.0,95,50.6,148,17.2,101,27.1,205,33.5,83,92.9,24,46.2,27,17.7,219,25.2,64,30.7,194,67.2,175,67.8,191,17.5,176,17.9,267,107.0,95,103.2,149,92.9,24,96.4,48,78.0,46,+0.6,96,+0.3,138,+0.9,65,+1.0,66,+1.5,40,+1.6,50,1.41,295,31.0,168,49.2,173,2022,0.8354848661636979,21,14,0.6,35
230,Indiana St.,MVC,11-20,-4.78,98.3,264,103.0,181,69.2,69,-.066,319,+2.52,108,104.5,103,102.0,118,-0.13,159,,MVC,69.2,69,98.3,264,50.6,147,19.2,233,17.3,357,26.4,285,103.0,181,51.7,255,15.8,310,22.5,13,26.2,73,69.2,69,69.2,109,17.1,102,17.6,178,98.3,264,96.5,285,103.0,181,104.2,239,76.8,185,-0.9,295,-1.1,289,-0.8,272,+0.2,137,+0.6,117,+0.6,121,1.08,338,31.0,167,24.5,319,2022,0.3688608118622295,11,20,0.3548387096774194,31
89,Iona,MAAC,25-8,+8.95,108.0,80,99.0,105,69.2,71,-.006,191,-0.97,164,101.7,203,102.7,144,+3.66,65,,MAAC,69.2,71,108.0,80,50.7,137,17.9,136,31.8,61,37.3,29,99.0,105,46.6,37,19.0,137,29.8,246,33.8,266,69.2,71,70.2,76,16.4,42,17.9,249,108.0,80,106.4,77,99.0,105,97.0,60,77.4,102,+1.0,62,+0.4,128,+1.6,24,-0.8,277,+0.3,142,+0.6,120,2.15,115,30.4,188,49.1,176,2022,0.7311825903137232,25,8,0.7575757575757576,33
13,Iowa,B10,26-10,+22.72,120.5,4,97.8,80,69.7,53,-.061,309,+7.31,61,107.1,45,99.8,69,-6.82,326,5,B10,69.7,53,120.5,4,53.3,41,13.0,3,32.3,51,30.0,182,97.8,80,49.7,165,19.2,123,30.0,258,26.3,78,69.7,53,70.3,72,15.8,22,18.2,318,120.5,4,117.4,4,97.8,80,100.9,156,77.5,91,+0.6,95,-0.2,177,+1.3,40,+1.7,25,+0.1,160,-0.2,196,1.70,231,38.4,35,48.6,178,2022,0.9168531901480718,26,10,0.7222222222222222,36
43,Iowa St.,B12,22-13,+14.63,103.1,171,88.5,5,66.3,226,+.049,74,+11.25,11,108.1,16,96.9,11,-6.84,327,11,B12,66.3,226,103.1,171,49.1,222,20.4,304,28.4,163,27.1,272,88.5,5,48.0,81,24.6,6,28.3,186,36.7,314,66.3,226,67.2,225,17.8,213,17.7,209,103.1,171,96.9,282,88.5,5,92.2,8,76.5,242,-0.3,207,-0.4,215,-0.1,201,-0.9,290,-0.0,171,-0.7,253,2.21,95,27.2,258,13.3,340,2022,0.8527096945475979,22,13,0.6285714285714286,35
277,Jackson St.,SWAC,11-19,-9.20,93.3,332,102.5,165,63.7,337,-.002,181,-4.29,252,99.7,308,104.0,207,+10.93,6,,SWAC,63.7,337,93.3,332,45.3,342,19.9,277,31.4,72,26.5,284,102.5,165,47.7,74,18.4,168,27.9,169,36.6,312,63.7,337,65.9,288,18.7,297,17.7,195,93.3,332,92.4,337,102.5,165,98.7,96,76.4,257,-0.9,289,-1.6,335,-0.2,206,+0.2,134,-0.6,251,-0.5,236,2.23,89,33.5,117,52.9,143,2022,0.2532239731826497,11,19,0.36666666666666664,30
164,Jacksonville,ASun,21-10,+0.49,100.2,233,99.7,116,61.5,356,+.047,78,-5.37,276,101.6,209,107.0,324,-3.25,256,,ASun,61.5,356,100.2,233,48.6,243,18.6,201,33.6,26,30.5,165,99.7,116,47.2,52,16.5,292,23.5,28,30.8,197,61.5,356,62.3,356,20.2,353,18.1,296,100.2,233,102.8,162,99.7,116,97.8,73,77.0,158,+0.3,125,+0.0,166,+0.6,89,+0.2,139,-0.7,263,+0.2,174,1.59,250,32.9,134,32.4,285,2022,0.514378255817215,21,10,0.6774193548387096,31
148,Jacksonville St.,ASun,21-11,+1.97,105.1,134,103.2,184,65.1,283,-.005,189,-4.68,261,100.6,256,105.3,261,-0.23,161,15,ASun,65.1,283,105.1,134,53.6,31,19.7,268,28.2,166,32.1,119,103.2,184,48.1,89,17.1,259,27.1,122,21.6,11,65.1,283,66.2,277,19.0,325,17.1,83,105.1,134,106.2,83,103.2,184,100.4,140,76.5,236,+0.5,101,+1.0,70,+0.1,173,-1.9,341,-0.9,278,-0.3,217,2.46,39,26.9,268,74.1,26,2022,0.5522583043603776,21,11,0.65625,32
227,James Madison,CAA,15-14,-4.66,102.6,185,107.3,264,68.8,87,+.076,36,-0.97,165,102.8,161,103.8,194,-0.08,158,,CAA,68.8,87,102.6,185,51.1,124,17.7,126,25.9,255,30.6,160,107.3,264,53.3,315,20.6,51,31.5,311,27.5,99,68.8,87,69.5,95,16.2,35,18.3,325,102.6,185,102.2,173,107.3,264,106.6,274,76.1,299,-0.9,288,-1.6,333,-0.2,210,-0.7,267,-1.0,289,-0.7,253,1.42,286,35.5,74,56.4,116,2022,0.3740003112294563,15,14,0.5172413793103449,29
3,Kansas,B12,34-6,+27.49,119.2,6,91.7,17,69.3,65,+.041,88,+12.60,1,108.0,20,95.4,1,+4.13,49,1,B12,69.3,65,119.2,6,53.8,29,17.2,100,32.9,40,32.3,112,91.7,17,45.8,23,18.1,194,28.4,196,27.7,104,69.3,65,69.5,94,16.4,43,18.0,280,119.2,6,111.4,21,91.7,17,96.2,43,77.1,141,+0.2,135,-0.0,170,+0.5,106,+0.6,93,+0.2,152,-0.3,215,2.10,128,24.8,301,70.4,45,2022,0.9533017287319482,34,6,0.85,40
61,Kansas St.,B12,14-17,+12.60,109.6,57,97.0,66,66.6,213,-.092,344,+11.66,8,107.3,41,95.7,2,-4.37,282,,B12,66.6,213,109.6,57,49.4,207,16.9,71,25.2,275,29.6,201,97.0,66,49.5,153,19.8,90,28.3,187,32.0,231,66.6,213,67.5,208,17.6,184,17.9,264,109.6,57,101.6,185,97.0,66,99.3,110,75.7,335,-0.1,178,+1.1,53,-1.3,325,-1.0,309,-1.6,324,-3.4,350,1.77,210,28.9,226,54.8,127,2022,0.802889649363811,14,17,0.45161290322580644,31
223,Kennesaw St.,ASun,13-18,-4.32,104.7,144,109.0,288,66.2,232,-.116,353,-2.13,193,102.2,183,104.3,224,+6.36,25,,ASun,66.2,232,104.7,144,51.8,92,17.4,114,28.7,154,29.7,193,109.0,288,53.1,306,18.2,186,27.9,171,35.3,294,66.2,232,67.3,222,17.8,219,17.8,222,104.7,144,104.8,118,109.0,288,107.5,293,75.9,325,-1.2,327,-1.3,311,-1.1,314,-0.9,290,+0.0,167,-2.0,324,1.99,159,31.8,153,73.8,29,2022,0.38630738474973947,13,18,0.41935483870967744,31
151,Kent St.,MAC,23-11,+1.58,101.6,198,100.0,121,66.0,243,+.056,66,-3.56,234,102.4,175,105.9,291,+0.30,147,,MAC,66.0,243,101.6,198,49.8,182,18.5,189,30.8,85,32.6,105,100.0,121,49.0,128,19.5,101,26.4,106,36.4,308,66.0,243,67.4,219,17.9,222,17.8,232,101.6,198,103.3,144,100.0,121,99.2,106,76.3,283,-0.2,188,+0.7,94,-1.0,304,-1.4,325,-1.6,325,-0.2,201,1.89,181,28.5,237,54.5,129,2022,0.545509575933012,23,11,0.6764705882352942,34
6,Kentucky,SEC,26-8,+25.72,120.0,5,94.3,36,67.5,150,-.043,279,+8.88,30,106.5,58,97.6,14,-2.72,242,2,SEC,67.5,150,120.0,5,53.1,44,16.7,61,37.7,4,28.0,248,94.3,36,46.9,43,17.5,229,24.9,56,25.4,53,67.5,150,69.3,105,16.9,89,17.7,206,120.0,5,114.1,9,94.3,36,95.9,41,76.8,188,+0.5,105,-0.2,177,+1.1,50,+0.4,124,-0.1,174,-1.9,322,1.87,186,27.5,252,30.7,297,2022,0.9411228914022046,26,8,0.7647058823529411,34
235,LIU,NEC,16-14,-5.51,99.7,244,105.2,225,72.4,6,+.033,109,-6.86,317,98.8,330,105.7,274,+7.68,19,,NEC,72.4,6,99.7,244,48.4,250,18.5,186,30.6,96,30.4,173,105.2,225,48.6,112,18.1,191,29.8,247,29.8,170,72.4,6,72.8,17,15.8,24,17.1,80,99.7,244,100.6,205,105.2,225,101.6,171,77.1,143,+0.3,128,-0.3,203,+0.8,75,+0.9,71,-0.4,228,-0.1,189,2.15,116,22.0,332,60.9,87,2022,0.3503450912956609,16,14,0.5333333333333333,30
21,LSU,SEC,22-12,+18.65,107.3,89,88.7,6,68.6,101,-.052,298,+9.10,26,107.2,44,98.1,21,-1.21,191,6,SEC,68.6,101,107.3,89,49.3,209,20.7,315,33.9,21,33.4,89,88.7,6,45.1,14,25.1,3,30.9,289,37.8,326,68.6,101,70.5,64,16.3,39,17.6,186,107.3,89,102.1,175,88.7,6,89.8,4,77.7,68,+0.7,77,+0.8,78,+0.6,86,+0.4,116,+0.7,107,+1.3,69,1.19,320,31.2,160,29.7,300,2022,0.899279156764078,22,12,0.6470588235294118,34
229,La Salle,A10,11-19,-4.68,98.9,254,103.6,195,67.2,173,-.005,190,+0.14,140,103.0,151,102.9,152,-10.37,353,,A10,67.2,173,98.9,254,47.8,274,18.6,198,29.0,149,25.1,314,103.6,195,50.0,179,16.8,273,27.4,139,31.0,203,67.2,173,68.2,168,17.6,185,17.5,141,98.9,254,97.6,268,103.6,195,103.4,219,77.2,139,+0.7,78,+0.6,105,+0.8,69,+0.2,136,+0.4,126,-1.0,275,1.74,222,29.9,201,58.5,101,2022,0.3696023649141458,11,19,0.36666666666666664,30
323,Lafayette,Pat,10-20,-14.41,97.1,282,111.5,330,64.8,303,-.041,275,-7.88,337,100.3,276,108.2,351,-0.24,163,,Pat,64.8,303,97.1,282,50.6,146,16.5,54,22.3,332,20.9,357,111.5,330,53.7,326,17.2,244,30.0,259,25.8,63,64.8,303,65.7,298,18.3,272,18.1,289,97.1,282,100.2,212,111.5,330,108.7,315,78.1,41,+1.4,31,+2.4,18,+0.5,100,+2.1,11,-0.5,243,+1.3,69,1.54,268,22.5,327,54.7,128,2022,0.16934774480030623,10,20,0.3333333333333333,30
350,Lamar,WAC,2-27,-20.15,92.0,343,112.2,337,66.1,240,-.065,315,-1.86,185,100.8,239,102.7,143,-1.00,184,,WAC,66.1,240,92.0,343,44.5,348,21.7,340,30.0,110,26.2,293,112.2,337,52.9,299,17.9,211,31.9,322,38.5,332,66.1,240,67.4,217,18.1,256,17.2,98,92.0,343,90.3,350,112.2,337,109.9,327,75.9,320,-0.6,251,-0.4,211,-0.8,270,-0.9,303,-1.9,342,-1.1,281,1.64,243,45.8,3,30.2,298,2022,0.09256710441933154,2,27,0.06896551724137931,29
302,Lehigh,Pat,13-19,-12.07,98.1,265,110.2,306,68.1,116,-.015,209,-8.72,353,98.0,347,106.7,317,-5.47,304,,Pat,68.1,116,98.1,265,52.1,78,19.2,236,21.5,343,25.1,312,110.2,306,49.3,142,14.7,339,26.4,105,31.8,224,68.1,116,68.2,167,17.7,193,17.3,118,98.1,265,99.6,226,110.2,306,104.7,249,77.6,79,+0.1,144,+0.4,123,-0.1,200,+0.5,108,+0.8,76,+1.8,42,1.69,232,37.8,41,67.2,54,2022,0.2079116684573212,13,19,0.40625,32
124,Liberty,ASun,22-11,+3.83,104.9,138,101.1,139,65.3,273,-.034,254,-5.08,269,100.7,250,105.8,281,-0.64,176,,ASun,65.3,273,104.9,138,55.5,16,18.0,146,22.2,334,28.4,238,101.1,139,48.3,102,17.1,257,22.8,18,31.4,210,65.3,273,66.0,284,18.7,298,17.6,183,104.9,138,107.6,52,101.1,139,98.4,89,76.2,292,-0.7,264,-1.5,326,+0.2,134,+0.9,77,-0.2,202,-3.2,349,1.85,190,25.0,300,59.2,98,2022,0.6045165190900341,22,11,0.6666666666666666,33
264,Lipscomb,ASun,14-19,-8.09,102.3,192,110.3,311,69.2,70,+.013,148,-3.10,219,101.3,218,104.4,230,+3.25,76,,ASun,69.2,70,102.3,192,52.3,73,19.0,225,22.7,321,33.9,72,110.3,311,51.5,245,14.1,345,28.0,174,22.7,19,69.2,70,70.5,62,16.7,61,17.4,126,102.3,192,102.0,177,110.3,311,109.0,318,76.7,218,-0.3,212,-0.6,230,-0.0,185,-1.9,340,-0.2,186,+1.3,68,1.07,341,33.6,114,54.4,131,2022,0.2961114952847868,14,19,0.42424242424242425,33
328,Little Rock,SB,9-19,-15.18,96.9,286,112.1,336,66.7,205,+.075,39,-0.21,144,102.1,184,102.3,127,+3.90,57,,SB,66.7,205,96.9,286,47.9,270,20.3,298,23.5,308,32.3,113,112.1,336,56.3,355,20.0,84,30.6,278,31.0,199,66.7,205,66.8,256,18.1,249,17.6,180,96.9,286,94.1,324,112.1,336,111.1,338,77.2,137,-0.1,185,+0.1,162,-0.4,224,+0.1,152,+1.2,57,+0.1,180,1.76,215,41.8,11,36.5,259,2022,0.15766758175638126,9,19,0.32142857142857145,28
160,Long Beach St.,BW,20-13,+0.77,103.3,169,102.6,166,70.9,23,+.109,14,-0.00,141,102.5,173,102.5,132,+6.47,24,,BW,70.9,23,103.3,169,48.8,235,17.9,141,27.1,204,38.1,19,102.6,166,52.1,269,19.9,85,27.2,126,27.7,105,70.9,23,70.8,53,15.4,9,18.5,341,103.3,169,101.1,199,102.6,166,102.5,198,76.4,262,-0.5,234,-0.2,197,-0.7,263,-0.1,195,-1.2,310,-0.6,243,1.75,218,29.1,223,37.1,255,2022,0.5195384455304767,20,13,0.6060606060606061,33
145,Longwood,BSth,26-7,+2.22,105.9,114,103.7,199,66.1,236,+.115,7,-7.31,326,98.7,334,106.0,292,-7.20,334,14,BSth,66.1,236,105.9,114,51.3,113,18.7,208,33.6,25,35.3,50,103.7,199,51.3,236,20.1,79,24.4,46,26.5,82,66.1,236,67.2,232,17.7,194,18.2,317,105.9,114,108.1,45,103.7,199,99.2,105,75.6,343,-1.5,342,-2.2,350,-0.8,271,-1.7,337,-1.8,338,-0.5,232,2.06,139,35.1,79,55.8,118,2022,0.5600638222650327,26,7,0.7878787878787878,33
183,Louisiana,SB,16-15,-1.15,101.5,200,102.6,169,69.6,56,-.022,230,-2.63,205,100.4,274,103.0,155,-2.11,224,,SB,69.6,56,101.5,200,48.7,238,21.9,342,33.6,27,35.6,48,102.6,169,46.9,41,18.3,172,27.6,157,35.5,295,69.6,56,70.1,79,17.2,127,17.0,58,101.5,200,99.5,228,102.6,169,99.3,107,77.1,151,+1.8,16,+1.8,25,+1.7,20,+0.0,178,-1.5,321,-1.4,300,1.23,319,42.5,7,31.2,294,2022,0.46904961108277554,16,15,0.5161290322580645,31
268,Louisiana Monroe,SB,13-18,-8.40,101.0,212,109.4,292,67.7,131,+.005,161,-2.17,195,100.7,254,102.8,150,+1.34,125,,SB,67.7,131,101.0,212,50.2,164,18.9,224,24.7,288,26.0,296,109.4,292,52.9,297,19.4,110,33.4,343,34.7,285,67.7,131,69.1,114,17.4,158,17.2,104,101.0,212,99.0,242,109.4,292,107.8,302,76.7,208,-0.1,183,-0.8,262,+0.6,98,+0.5,114,-0.3,210,-1.1,276,1.87,188,26.1,282,57.8,108,2022,0.28521484203552244,13,18,0.41935483870967744,31
100,Louisiana Tech,CUSA,24-10,+7.30,105.6,123,98.3,85,68.5,102,+.025,123,-0.51,153,102.9,159,103.4,171,+0.48,142,,CUSA,68.5,102,105.6,123,51.9,90,16.9,70,26.0,251,31.2,144,98.3,85,48.2,95,19.3,116,28.2,183,28.1,115,68.5,102,69.6,93,17.1,104,17.4,127,105.6,123,105.6,99,98.3,85,98.3,86,76.1,309,-1.3,336,-1.4,316,-1.3,323,-1.6,332,-0.2,186,-0.1,187,1.17,322,25.9,286,52.0,155,2022,0.6950413099010042,24,10,0.7058823529411765,34
127,Louisville,ACC,13-19,+3.59,103.0,173,99.4,114,67.0,188,+.001,171,+7.52,55,107.6,29,100.1,78,+1.52,119,,ACC,67.0,188,103.0,173,48.8,234,18.0,143,27.3,197,25.1,315,99.4,114,50.4,189,16.3,296,24.8,54,30.0,173,67.0,188,67.5,206,16.7,66,18.6,344,103.0,173,98.8,248,99.4,114,103.3,217,76.8,187,+0.6,89,+0.7,97,+0.6,95,-0.2,205,-0.5,237,-1.1,283,2.17,107,42.0,10,28.7,304,2022,0.6008802239221478,13,19,0.40625,32
29,Loyola Chicago,MVC,25-8,+16.52,108.6,75,92.1,18,64.7,308,+.012,149,+3.12,105,104.7,98,101.6,113,+3.15,79,10,MVC,64.7,308,108.6,75,55.6,14,18.5,185,25.1,278,31.5,135,92.1,18,46.9,45,20.1,81,24.0,36,28.9,141,64.7,308,65.5,305,17.7,196,18.6,351,108.6,75,108.6,43,92.1,18,92.8,12,76.8,202,-0.5,231,-1.1,293,+0.2,134,+0.9,79,-0.4,225,-0.5,238,2.54,26,32.5,140,69.5,48,2022,0.8693426766879341,25,8,0.7575757575757576,33
271,Loyola MD,Pat,14-16,-8.58,96.4,297,104.9,220,64.6,316,-.037,265,-8.62,349,98.8,329,107.4,339,-4.70,290,,Pat,64.6,316,96.4,297,50.4,157,18.2,163,25.2,277,25.0,321,104.9,220,51.4,238,20.8,44,26.1,86,30.7,192,64.6,316,65.9,289,18.7,302,17.5,152,96.4,297,99.7,222,104.9,220,100.3,139,77.3,120,+1.1,55,+0.8,81,+1.4,38,-0.9,290,+0.7,104,-0.3,211,1.73,226,25.8,287,49.2,172,2022,0.27452881847442506,14,16,0.4666666666666667,30
203,Loyola Marymount,WCC,11-18,-2.71,105.8,118,108.5,280,65.9,249,-.003,183,+3.53,101,104.5,104,100.9,105,+1.89,108,,WCC,65.9,249,105.8,118,51.9,89,19.2,234,24.4,294,31.1,146,108.5,280,54.7,342,18.1,192,27.3,135,31.9,227,65.9,249,67.4,216,18.5,286,17.0,52,105.8,118,101.8,182,108.5,280,109.7,325,76.7,222,-1.3,335,-1.8,347,-0.8,272,+0.6,97,-0.8,269,+1.3,69,2.23,93,27.7,248,55.5,121,2022,0.42805380648731584,11,18,0.3793103448275862,29
354,Maine,AE,6-23,-22.06,92.2,342,114.3,349,66.2,229,-.048,290,-5.75,286,99.9,290,105.7,276,+1.33,126,,AE,66.2,229,92.2,342,46.9,302,19.4,248,24.0,297,20.4,358,114.3,349,54.9,346,18.3,174,30.5,275,32.8,248,66.2,229,66.2,276,18.0,240,18.0,283,92.2,342,91.9,343,114.3,349,111.3,340,76.8,192,-0.2,194,+0.3,134,-0.7,258,-0.4,234,+0.7,103,-0.6,247,1.29,314,40.4,18,35.5,264,2022,0.07791894136348217,6,23,0.20689655172413793,29
257,Manhattan,MAAC,15-15,-7.73,100.5,224,108.2,279,68.6,97,+.097,22,-3.27,224,100.0,285,103.3,168,-6.38,321,,MAAC,68.6,97,100.5,224,48.3,258,20.5,307,30.0,113,41.4,3,108.2,279,52.2,273,19.9,87,30.9,287,34.7,284,68.6,97,69.2,108,17.3,136,17.3,112,100.5,224,99.6,224,108.2,279,105.5,265,77.4,97,-0.4,220,-0.2,189,-0.6,249,+0.1,152,+1.6,29,+1.4,60,2.94,1,34.4,100,67.1,56,2022,0.29964858044223786,15,15,0.5,30
207,Marist,MAAC,14-16,-2.88,100.8,215,103.7,200,66.2,233,-.048,292,-4.13,246,100.5,270,104.6,236,-7.54,338,,MAAC,66.2,233,100.8,215,50.4,156,18.2,166,26.5,234,25.0,320,103.7,200,48.3,105,16.8,272,27.3,133,28.5,128,66.2,233,66.9,247,17.6,190,18.2,310,100.8,215,101.4,191,103.7,200,100.6,144,76.0,310,-1.4,341,-1.7,340,-1.2,318,-1.0,306,-1.0,292,+0.3,159,1.99,161,40.2,22,63.7,73,2022,0.41916958954699385,14,16,0.4666666666666667,30
56,Marquette,BE,19-13,+13.06,109.2,64,96.2,55,70.9,25,+.021,137,+9.50,23,107.3,40,97.8,20,+4.04,51,9,BE,70.9,25,109.2,64,52.1,77,17.2,95,22.5,325,26.2,292,96.2,55,47.0,46,18.9,140,31.6,314,29.5,165,70.9,25,71.6,37,15.1,5,18.3,326,109.2,64,102.8,159,96.2,55,99.4,112,77.9,57,+0.5,110,+0.3,139,+0.7,84,+1.0,68,+0.6,109,+2.0,27,0.87,350,34.6,95,16.1,335,2022,0.8111721603977113,19,13,0.59375,32
238,Marshall,CUSA,12-21,-5.74,101.2,205,106.9,258,72.3,7,-.017,212,-0.07,142,103.1,148,103.2,163,-0.77,179,,CUSA,72.3,7,101.2,205,49.4,206,18.1,155,27.3,199,24.3,329,106.9,258,52.0,268,17.8,214,28.1,177,28.3,122,72.3,7,72.8,14,15.4,8,17.5,156,101.2,205,100.1,215,106.9,258,106.8,277,78.4,18,+1.3,41,+1.4,42,+1.2,43,+1.3,44,+1.3,51,+2.3,18,1.23,318,30.5,183,69.8,47,2022,0.3474780675478135,12,21,0.36363636363636365,33
83,Maryland,B10,15-17,+10.06,109.4,61,99.3,112,66.6,211,-.035,259,+9.02,28,108.5,10,99.5,57,-0.52,173,,B10,66.6,211,109.4,61,49.4,208,16.9,76,27.3,196,33.9,71,99.3,112,50.2,185,16.0,302,27.6,155,24.6,41,66.6,211,67.4,213,18.1,247,17.5,147,109.4,61,104.4,124,99.3,112,104.2,240,77.9,53,+1.0,66,+0.8,92,+1.2,46,+2.2,8,+1.7,26,-1.0,273,2.20,101,24.2,306,44.8,210,2022,0.7528649971975789,15,17,0.46875,32
313,Maryland Eastern Shore,MEAC,11-16,-13.21,89.7,353,102.9,177,67.9,126,+.021,136,-5.49,281,98.3,342,103.8,192,+5.06,39,,MEAC,67.9,126,89.7,353,45.4,340,22.0,343,27.3,200,31.0,153,102.9,177,51.0,223,23.8,8,29.9,254,35.8,302,67.9,126,69.7,87,17.5,173,16.7,25,89.7,353,89.4,352,102.9,177,98.2,82,75.7,336,-2.2,356,-2.7,357,-1.8,350,-1.3,322,-0.3,212,-0.2,200,2.18,104,37.9,40,0.0,0,2022,0.17096563330270445,11,16,0.4074074074074074,27
185,Massachusetts,A10,15-17,-1.22,111.8,33,113.0,342,69.1,76,+.052,70,+1.21,121,102.0,190,100.8,102,-2.64,237,,A10,69.1,76,111.8,33,51.3,115,16.6,57,29.3,137,32.8,100,113.0,342,55.2,348,18.0,197,29.7,245,29.3,156,69.1,76,69.2,107,17.0,92,17.7,211,111.8,33,108.0,46,113.0,342,111.8,343,76.2,286,-0.1,176,-0.3,199,+0.1,165,-0.5,247,-1.7,330,-1.2,289,2.13,121,29.8,204,38.1,248,2022,0.46934425779399047,15,17,0.46875,32
310,McNeese St.,Slnd,11-22,-12.97,97.7,273,110.7,319,69.6,55,-.042,278,-5.44,279,100.2,283,105.6,270,+4.80,43,,Slnd,69.6,55,97.7,273,48.6,246,22.0,345,33.3,34,37.5,27,110.7,319,52.0,265,17.8,213,28.9,218,40.2,342,69.6,55,72.7,18,16.5,49,16.6,15,97.7,273,98.0,259,110.7,319,107.0,282,77.6,80,+0.1,155,+1.1,61,-0.9,293,+0.1,152,+1.2,52,+1.9,30,1.58,257,39.0,30,20.5,329,2022,0.19207144387298253,11,22,0.3333333333333333,33
24,Memphis,Amer,22-11,+17.23,111.2,38,94.0,33,69.9,49,-.028,242,+7.43,57,106.4,59,99.0,46,+4.46,45,9,Amer,69.9,49,111.2,38,52.3,71,22.5,351,37.4,5,37.8,23,94.0,33,46.6,38,20.4,60,30.9,285,33.2,253,69.9,49,71.0,50,16.6,56,17.1,87,111.2,38,105.9,92,94.0,33,96.6,53,77.8,63,+1.4,33,+1.0,75,+1.9,17,+1.8,21,+1.7,28,-2.1,328,1.73,225,42.0,9,51.2,161,2022,0.8735158636845128,22,11,0.6666666666666666,33
196,Mercer,SC,16-17,-1.81,105.6,122,107.4,268,64.7,309,+.023,128,+0.38,134,104.9,89,104.5,234,+1.46,121,,SC,64.7,309,105.6,122,53.0,48,18.3,171,24.7,289,29.4,206,107.4,268,53.0,304,15.9,308,27.0,120,28.6,132,64.7,309,65.5,306,18.9,317,17.5,158,105.6,122,105.7,98,107.4,268,109.0,317,77.4,103,-0.1,187,+0.1,158,-0.4,233,+1.1,50,+0.6,111,+0.7,114,2.07,134,25.2,297,39.3,237,2022,0.45155970426826764,16,17,0.48484848484848486,33
299,Merrimack,NEC,14-16,-11.55,94.2,325,105.7,239,62.2,350,+.060,56,-7.61,333,99.0,322,106.6,311,-1.80,210,,NEC,62.2,350,94.2,325,48.6,242,18.5,188,22.5,326,26.0,298,105.7,239,49.1,133,22.6,19,36.2,356,33.9,269,62.2,350,63.5,346,18.5,285,19.0,356,94.2,325,95.1,306,105.7,239,101.6,168,75.6,342,-1.0,306,-1.4,317,-0.7,254,+0.0,179,-2.5,354,-2.3,331,2.07,138,25.4,293,83.2,2,2022,0.2100499792296575,14,16,0.4666666666666667,30
41,Miami FL,ACC,26-11,+14.80,113.9,19,99.1,107,67.7,134,+.088,27,+8.63,35,107.5,35,98.8,42,+0.38,144,10,ACC,67.7,134,113.9,19,53.3,37,14.0,7,22.4,329,28.8,226,99.1,107,52.5,284,20.4,59,30.3,268,24.8,45,67.7,134,67.9,185,17.4,151,17.9,262,113.9,19,108.6,42,99.1,107,103.5,223,76.7,212,+0.3,121,+0.6,108,+0.1,158,-0.0,184,-0.5,241,-1.4,301,2.03,147,18.1,354,38.8,241,2022,0.8321163974979917,26,11,0.7027027027027027,37
266,Miami OH,MAC,14-18,-8.17,103.5,164,111.7,333,67.7,132,-.043,280,-4.95,265,100.8,241,105.8,279,-3.73,267,,MAC,67.7,132,103.5,164,50.3,162,15.0,20,26.0,252,23.7,336,111.7,333,53.5,323,18.0,201,30.2,266,30.4,185,67.7,132,68.9,127,17.6,180,17.1,66,103.5,164,106.0,90,111.7,333,109.4,321,75.0,355,-0.8,281,-1.4,319,-0.2,214,-2.2,349,-2.4,351,-3.6,351,2.39,59,33.5,119,77.1,18,2022,0.293837482110504,14,18,0.4375,32
27,Michigan,B10,19-15,+16.61,113.9,21,97.2,74,66.7,203,-.019,217,+12.15,4,109.8,1,97.7,18,+6.27,27,11,B10,66.7,203,113.9,21,52.1,76,17.3,103,31.0,80,29.4,208,97.2,74,49.7,168,14.7,337,24.0,38,25.6,61,66.7,203,67.5,212,17.6,182,17.9,269,113.9,21,107.5,53,97.2,74,103.1,212,78.2,33,+2.9,3,+3.4,5,+2.3,3,+2.2,9,-1.9,339,+0.3,159,1.40,296,23.1,316,38.7,245,2022,0.8609648414095411,19,15,0.5588235294117647,34
42,Michigan St.,B10,23-13,+14.76,111.9,31,97.1,67,67.5,147,+.052,69,+10.93,14,109.4,4,98.5,32,+3.91,56,7,B10,67.5,147,111.9,31,52.0,86,18.8,209,30.7,90,29.9,186,97.1,67,48.1,82,15.3,330,27.1,123,28.3,126,67.5,147,67.9,187,17.0,94,18.3,320,111.9,31,106.5,73,97.1,67,102.1,185,78.6,12,+1.4,32,+1.2,49,+1.6,26,+2.5,5,+1.9,17,+0.9,97,1.79,207,35.1,81,47.1,192,2022,0.8363666391873553,23,13,0.6388888888888888,36
92,Middle Tennessee,CUSA,26-11,+8.22,106.6,103,98.4,88,67.1,186,-.014,205,-1.41,176,102.5,171,103.9,205,-1.24,192,,CUSA,67.1,186,106.6,103,51.4,106,18.9,219,30.0,108,34.2,67,98.4,88,47.2,55,20.3,68,29.2,228,36.5,311,67.1,186,67.9,180,17.7,202,17.4,140,106.6,103,106.3,80,98.4,88,97.4,68,76.9,181,-0.8,276,-1.1,294,-0.4,234,+0.6,95,+0.0,166,+0.6,126,1.39,298,37.2,51,34.0,276,2022,0.7151421679337259,26,11,0.7027027027027027,37
335,Milwaukee,Horz,10-22,-17.04,91.7,346,108.8,283,66.8,196,-.047,289,-8.13,341,99.4,314,107.5,342,-3.67,265,,Horz,66.8,196,91.7,346,47.7,279,19.6,258,25.9,257,28.0,249,108.8,283,47.5,66,14.9,336,30.1,263,29.1,154,66.8,196,67.8,193,17.3,135,18.1,288,91.7,346,95.2,304,108.8,283,105.1,256,77.7,74,+1.1,60,+1.4,37,+0.7,80,-0.3,214,+0.8,97,+1.0,96,1.57,258,36.7,59,45.7,205,2022,0.12277899789061962,10,22,0.3125,32
109,Minnesota,B10,13-17,+5.18,107.1,93,101.9,153,65.1,285,+.006,159,+8.87,31,107.8,25,98.9,44,-3.69,266,,B10,65.1,285,107.1,93,50.7,138,14.0,6,17.7,356,23.6,337,101.9,153,51.2,232,15.8,311,27.6,151,23.3,26,65.1,285,65.4,314,18.6,293,17.8,241,107.1,93,101.8,181,101.9,153,105.4,262,77.6,83,+0.1,146,+0.2,144,+0.1,175,-0.5,241,+0.8,76,+2.5,11,2.56,21,18.5,353,7.9,343,2022,0.6393091518757915,13,17,0.43333333333333335,30
108,Mississippi,SEC,13-19,+6.02,105.7,119,99.7,117,65.2,278,-.070,322,+7.43,58,106.2,66,98.8,39,-1.80,211,,SEC,65.2,278,105.7,119,49.6,198,18.0,149,26.7,228,28.7,231,99.7,117,51.4,239,19.4,112,26.6,109,28.0,112,65.2,278,67.0,240,17.9,230,17.6,174,105.7,119,100.5,207,99.7,117,101.7,173,77.6,85,+1.4,37,+2.1,22,+0.7,81,+0.4,117,+0.5,124,-0.5,241,2.00,154,32.8,135,43.9,216,2022,0.6619622563643709,13,19,0.40625,32
49,Mississippi St.,SEC,18-16,+13.86,109.7,56,95.8,46,65.6,259,-.087,341,+7.96,47,106.3,61,98.3,25,-1.63,202,,SEC,65.6,259,109.7,56,49.6,190,19.6,260,34.1,18,38.1,18,95.8,46,49.6,161,19.4,108,25.7,71,28.3,123,65.6,259,66.6,262,18.2,262,17.7,204,109.7,56,104.9,114,95.8,46,98.3,87,78.0,47,+1.1,59,+0.7,93,+1.4,35,+2.1,11,+0.2,150,+0.7,118,1.76,216,31.3,159,39.7,232,2022,0.826080093205906,18,16,0.5294117647058824,34
355,Mississippi Valley St.,SWAC,2-26,-22.53,92.7,338,115.3,351,70.8,27,-.100,345,-6.26,306,97.9,348,104.2,213,+4.98,40,,SWAC,70.8,27,92.7,338,44.5,347,18.1,156,23.5,309,31.4,138,115.3,351,56.7,356,20.8,43,33.9,347,36.5,309,70.8,27,72.6,20,17.1,110,15.5,1,92.7,338,90.8,347,115.3,351,111.9,344,74.8,357,-1.3,331,-1.0,273,-1.6,341,-2.8,358,-3.0,357,-2.4,333,1.09,336,37.4,47,34.2,275,2022,0.07523361713693547,2,26,0.07142857142857142,28
137,Missouri,SEC,12-21,+3.01,104.1,153,101.1,138,65.6,260,-.020,219,+10.34,18,107.1,47,96.7,8,+2.07,103,,SEC,65.6,260,104.1,153,47.1,296,21.6,339,31.4,73,29.9,185,101.1,138,50.8,216,17.9,206,29.6,239,35.6,299,65.6,260,67.1,234,17.9,232,17.6,164,104.1,153,96.1,293,101.1,138,104.8,251,77.2,128,-0.5,246,-0.7,254,-0.4,226,+0.2,142,+1.0,72,+1.4,62,1.72,229,27.7,247,19.7,330,2022,0.5832869171784447,12,21,0.36363636363636365,33
70,Missouri St.,MVC,23-11,+11.40,113.2,23,101.7,151,67.1,181,-.040,273,+0.77,127,103.8,123,103.0,159,-3.01,249,,MVC,67.1,181,113.2,23,54.6,21,15.5,28,25.8,261,27.7,257,101.7,151,48.8,116,15.7,317,24.0,37,28.0,111,67.1,181,67.8,194,17.9,220,17.5,146,113.2,23,112.3,17,101.7,151,101.6,170,77.0,160,+0.3,122,+0.1,160,+0.6,87,-0.3,212,-0.4,227,+0.3,159,2.05,142,25.4,292,58.5,102,2022,0.7741652685765354,23,11,0.6764705882352942,34
158,Monmouth,MAAC,21-13,+1.12,102.6,188,101.4,145,66.2,234,+.076,37,-0.59,155,102.0,188,102.6,135,+3.83,60,,MAAC,66.2,234,102.6,188,47.5,285,17.3,106,29.4,134,36.9,35,101.4,145,47.3,62,17.8,217,27.9,165,33.6,263,66.2,234,67.1,236,17.2,129,18.4,337,102.6,188,101.3,195,101.4,145,99.6,116,77.1,142,+1.0,65,+1.4,39,+0.6,88,-0.3,218,-0.6,250,-0.1,192,2.73,9,23.6,313,53.7,138,2022,0.5337724184649656,21,13,0.6176470588235294,34
248,Montana,BSky,18-14,-6.67,100.2,234,106.8,257,65.3,274,+.026,121,-7.47,329,100.6,261,108.0,349,-6.67,324,,BSky,65.3,274,100.2,234,50.2,163,15.7,36,18.1,355,38.5,13,106.8,257,51.8,258,19.1,132,26.8,114,42.8,350,65.3,274,66.9,250,18.0,245,17.7,200,100.2,234,103.3,143,106.8,257,103.8,231,76.7,211,-0.0,172,-0.2,177,+0.1,171,-1.2,320,-0.5,235,+0.5,128,1.75,220,29.6,211,68.2,52,2022,0.3244091780527548,18,14,0.5625,32
138,Montana St.,BSky,27-8,+2.94,104.3,150,101.4,143,67.5,153,+.085,29,-6.02,294,101.6,208,107.6,345,-1.34,199,14,BSky,67.5,153,104.3,150,53.6,30,18.6,200,26.8,221,39.9,4,101.4,143,49.1,135,18.2,180,23.5,26,36.0,303,67.5,153,68.9,126,18.0,238,17.0,59,104.3,150,107.7,51,101.4,143,99.7,123,76.7,205,+0.2,139,-0.5,223,+0.8,71,+1.1,64,+1.4,46,-3.8,354,1.75,219,30.8,177,73.2,34,2022,0.5803669932969189,27,8,0.7714285714285715,35
118,Morehead St.,OVC,23-11,+4.35,103.4,165,99.1,108,64.8,301,+.024,126,-3.08,217,100.7,248,103.8,195,+3.68,63,,OVC,64.8,301,103.4,165,52.4,69,20.4,299,30.7,89,29.0,222,99.1,108,46.5,36,17.3,238,29.5,238,23.7,31,64.8,301,65.9,286,18.3,270,17.9,273,103.4,165,103.6,140,99.1,108,96.9,57,77.2,126,-0.3,209,+0.5,111,-1.1,311,-0.4,236,+0.2,155,+2.3,18,1.58,254,26.6,270,52.0,156,2022,0.6197455810635556,23,11,0.6764705882352942,34
292,Morgan St.,MEAC,13-15,-10.97,94.4,322,105.4,230,71.9,13,-.021,225,-7.30,324,96.9,356,104.2,216,+1.87,109,,MEAC,71.9,13,94.4,322,46.1,325,21.2,326,31.4,71,31.0,149,105.4,230,51.2,233,23.2,13,29.9,255,43.7,352,71.9,13,74.1,4,16.0,32,16.4,6,94.4,322,94.2,322,105.4,230,100.0,128,76.3,277,-0.8,273,-0.2,195,-1.3,321,-1.0,308,-1.0,294,+0.3,159,2.67,13,39.9,25,58.0,104,2022,0.21967728744239426,13,15,0.4642857142857143,28
246,Mount St. Mary's,NEC,14-16,-6.56,96.1,301,102.6,170,63.3,341,-.036,261,-7.30,325,99.2,319,106.5,308,+0.27,149,,NEC,63.3,341,96.1,301,48.6,244,20.1,286,31.0,79,26.3,289,102.6,170,48.6,110,18.9,144,29.1,225,26.2,75,63.3,341,64.9,331,18.8,313,17.9,263,96.1,301,98.6,254,102.6,170,99.7,120,77.3,118,+0.7,82,-0.2,177,+1.5,31,+0.8,84,+1.2,56,-1.5,306,2.16,111,30.9,175,67.6,53,2022,0.32024217409533334,14,16,0.4666666666666667,30
36,Murray St.,OVC,31-3,+15.42,111.5,34,96.1,52,66.1,241,+.074,43,-3.09,218,101.1,227,104.2,212,+4.29,47,7,OVC,66.1,241,111.5,34,52.6,61,17.1,90,35.3,11,32.4,111,96.1,52,48.1,85,20.4,62,25.7,73,26.0,67,66.1,241,67.5,211,17.8,216,17.7,213,111.5,34,112.5,16,96.1,52,93.2,16,76.6,230,+0.1,160,+0.3,132,-0.2,215,-0.3,219,-0.9,287,-0.5,237,1.59,251,25.7,289,55.2,123,2022,0.8467462036695983,31,3,0.9117647058823529,34
128,N.C. State,ACC,11-21,+3.55,109.6,59,106.0,246,66.9,192,-.076,330,+6.72,67,107.0,49,100.3,88,-3.18,253,,ACC,66.9,192,109.6,59,48.0,267,14.5,11,30.2,103,29.1,215,106.0,246,53.5,319,18.3,173,31.1,298,29.4,164,66.9,192,67.9,188,17.2,133,17.9,254,109.6,59,105.8,93,106.0,246,109.3,319,77.7,67,+0.7,80,+1.2,52,+0.2,134,+1.1,63,+0.3,146,+1.2,89,1.38,300,26.1,279,42.5,223,2022,0.5948568253460638,11,21,0.34375,32
342,NJIT,AE,11-18,-18.31,89.4,354,107.7,275,66.0,244,+.092,25,-7.03,320,100.0,286,107.0,329,-6.65,323,,AE,66.0,244,89.4,354,46.5,315,18.7,206,23.2,314,31.0,154,107.7,275,51.0,225,16.7,279,27.9,168,27.0,92,66.0,244,66.6,263,18.5,288,17.3,120,89.4,354,92.5,336,107.7,275,105.3,260,77.1,148,+0.1,156,+0.0,168,+0.1,160,-0.5,240,+0.7,99,+0.3,155,2.39,58,30.9,173,50.5,166,2022,0.10511573904736259,11,18,0.3793103448275862,29
184,Navy,Pat,21-11,-1.19,95.3,310,96.5,60,64.7,306,+.037,103,-6.87,318,100.3,277,107.1,335,+3.83,59,,Pat,64.7,306,95.3,310,47.5,282,19.9,276,33.8,22,30.8,158,96.5,60,47.3,56,20.4,64,24.8,53,31.7,220,64.7,306,64.5,338,18.9,321,18.0,285,95.3,310,98.7,251,96.5,60,93.3,19,76.4,261,-1.5,345,-1.8,346,-1.3,324,-0.7,264,+0.5,119,+0.5,138,2.34,68,39.1,29,72.3,38,2022,0.46408650915501665,21,11,0.65625,32
140,Nebraska,B10,10-22,+2.83,105.8,117,102.9,178,71.2,19,-.057,306,+8.56,37,107.8,23,99.3,51,-3.49,259,,B10,71.2,19,105.8,117,50.3,159,17.1,93,20.7,348,33.3,92,102.9,178,51.5,247,18.3,178,31.4,307,29.4,163,71.2,19,72.0,28,15.7,18,17.5,161,105.8,117,100.4,209,102.9,178,107.3,288,77.7,70,+1.0,63,+0.5,117,+1.5,30,+1.0,67,+0.4,138,+0.5,143,1.42,287,32.4,141,37.8,250,2022,0.5792311726743754,10,22,0.3125,32
344,Nebraska Omaha,Sum,5-25,-18.66,97.8,271,116.4,353,69.9,50,-.055,303,-2.18,196,104.4,107,106.6,309,+3.56,68,,Sum,69.9,50,97.8,271,49.3,212,19.3,242,24.6,291,28.3,240,116.4,353,56.3,354,14.7,338,30.0,256,37.4,321,69.9,50,71.3,43,16.6,52,17.1,71,97.8,271,97.9,265,116.4,353,118.7,358,76.7,210,-0.5,241,-0.9,268,-0.2,205,+0.1,152,-0.5,236,+0.3,159,1.82,198,36.9,56,32.5,283,2022,0.11896777761507427,5,25,0.16666666666666666,30
115,Nevada,MWC,13-18,+4.55,106.6,107,102.0,156,70.2,41,-.035,258,+6.90,64,106.2,64,99.3,56,+4.11,50,,MWC,70.2,41,106.6,107,50.6,144,18.4,182,24.5,292,32.0,124,102.0,156,52.4,280,18.3,171,26.1,85,29.7,167,70.2,41,70.7,56,15.9,27,18.0,282,106.6,107,101.5,189,102.0,156,104.8,252,78.5,14,+1.8,12,+2.8,10,+0.8,70,+1.1,50,+1.2,55,+1.6,51,1.89,183,26.5,272,67.0,57,2022,0.6241669922981372,13,18,0.41935483870967744,31
243,New Hampshire,AE,15-13,-6.32,103.0,172,109.4,293,62.3,348,-.022,228,-8.32,344,98.6,337,106.9,321,-2.53,235,,AE,62.3,348,103.0,172,50.9,129,14.8,17,27.9,174,25.4,310,109.4,293,50.4,194,14.0,348,21.9,5,26.7,83,62.3,348,62.9,352,20.1,352,17.8,225,103.0,172,106.2,82,109.4,293,105.1,255,76.9,183,-0.8,274,-0.7,247,-0.8,288,-0.1,197,-0.0,172,+1.3,69,2.13,120,22.8,321,75.7,24,2022,0.3333122915187842,15,13,0.5357142857142857,28
161,New Mexico,MWC,13-19,+0.73,106.6,106,105.9,243,70.9,22,-.040,274,+4.72,88,104.8,91,100.1,79,+1.60,115,,MWC,70.9,22,106.6,106,49.4,205,16.1,43,24.0,298,32.8,101,105.9,243,52.0,266,18.0,200,29.0,223,35.5,297,70.9,22,71.2,46,16.7,69,17.0,57,106.6,106,102.5,167,105.9,243,106.9,280,76.8,195,+0.6,99,+1.2,50,-0.1,198,-0.4,230,-1.2,302,-0.4,223,1.47,280,27.1,260,16.5,334,2022,0.5189321894275745,13,19,0.40625,32
80,New Mexico St.,WAC,27-7,+10.61,107.1,92,96.5,61,66.1,238,+.085,30,+1.21,122,102.5,172,101.3,109,+3.48,71,12,WAC,66.1,238,107.1,92,52.0,83,20.8,319,32.4,48,34.7,58,96.5,61,45.2,15,16.8,271,25.8,74,28.3,124,66.1,238,67.7,198,18.6,292,17.1,74,107.1,92,104.1,128,96.5,61,95.8,38,78.1,43,+0.4,115,+0.7,98,+0.2,134,+1.3,40,+1.1,61,+2.2,25,2.03,146,31.0,166,48.2,182,2022,0.7682631122067018,27,7,0.7941176470588235,34
270,New Orleans,Slnd,18-14,-8.50,97.0,284,105.5,232,72.2,10,+.038,100,-8.87,354,99.8,300,108.7,356,-3.61,263,,Slnd,72.2,10,97.0,284,49.4,203,19.3,238,26.0,249,42.0,1,105.5,232,50.1,182,19.7,95,30.8,283,32.8,247,72.2,10,74.6,1,15.4,10,16.5,13,97.0,284,101.2,196,105.5,232,102.2,187,76.1,306,+0.7,84,+0.4,121,+0.9,67,-1.1,311,-1.8,335,-2.8,346,1.89,179,28.9,227,45.4,207,2022,0.27567856333310664,18,14,0.5625,32
190,Niagara,MAAC,14-16,-1.47,100.3,229,101.8,152,64.3,322,-.044,282,-2.23,200,101.5,211,103.8,191,-1.26,193,,MAAC,64.3,322,100.3,229,49.3,214,16.7,63,23.1,317,28.1,246,101.8,152,48.2,93,17.1,253,27.1,121,28.8,138,64.3,322,65.2,318,19.3,336,17.6,168,100.3,229,99.6,225,101.8,152,100.0,129,76.2,290,-0.5,237,-0.7,248,-0.3,219,-1.6,331,-0.2,186,-1.0,274,2.40,53,27.6,250,46.8,195,2022,0.45742566579949956,14,16,0.4666666666666667,30
205,Nicholls St.,Slnd,21-12,-2.79,100.8,216,103.6,197,69.8,51,+.021,135,-7.59,332,100.0,287,107.6,344,+0.37,145,,Slnd,69.8,51,100.8,216,52.1,79,17.3,104,29.7,124,21.6,354,103.6,197,48.3,97,19.7,93,30.7,280,36.3,306,69.8,51,72.1,27,15.6,16,17.5,155,100.8,216,104.0,130,103.6,197,100.9,154,76.9,180,-0.0,169,+0.4,125,-0.5,240,-0.8,274,-0.2,186,+0.8,112,2.37,65,30.8,176,32.1,288,2022,0.4218732545500733,21,12,0.6363636363636364,33
176,Norfolk St.,MEAC,24-7,-0.49,102.1,195,102.6,167,66.8,198,+.128,5,-10.02,357,95.5,358,105.5,267,-4.18,279,16,MEAC,66.8,198,102.1,195,50.9,130,20.1,291,30.3,101,38.3,14,102.6,167,46.0,24,18.5,161,27.8,163,33.6,262,66.8,198,70.2,77,17.3,142,17.0,54,102.1,195,102.9,158,102.6,167,95.3,32,76.6,226,-0.7,268,-1.3,310,-0.1,192,+0.5,105,-1.2,301,+0.4,150,2.45,42,31.8,154,38.5,246,2022,0.4859587211199753,24,7,0.7741935483870968,31
315,North Alabama,ASun,9-21,-13.57,90.2,351,103.8,202,67.7,135,-.064,313,-3.34,228,102.5,170,105.9,286,+3.90,58,,ASun,67.7,135,90.2,351,43.2,355,17.0,88,25.5,265,23.8,334,103.8,202,50.2,187,18.9,143,29.9,252,40.0,341,67.7,135,69.4,98,17.2,119,17.1,85,90.2,351,91.3,346,103.8,202,103.0,211,75.3,352,-0.6,260,-0.1,174,-1.2,317,-1.5,330,-2.6,355,-2.8,347,1.12,332,38.9,32,51.1,162,2022,0.16589278374479227,9,21,0.3,30
16,North Carolina,ACC,29-10,+20.13,114.4,18,94.3,35,70.2,39,+.072,46,+9.90,19,109.0,8,99.1,47,+3.79,61,8,ACC,70.2,39,114.4,18,51.5,105,16.4,53,31.9,59,30.3,175,94.3,35,48.6,114,13.6,356,21.6,2,21.4,8,70.2,39,70.3,71,17.0,96,17.1,75,114.4,18,109.6,29,94.3,35,100.1,132,78.3,31,+1.5,25,+1.1,67,+2.0,13,+2.6,4,+1.0,67,-0.1,191,1.76,212,19.8,348,58.9,100,2022,0.9022103300056861,29,10,0.7435897435897436,39
289,North Carolina A&T,BSth,12-20,-10.76,96.8,288,107.6,273,67.4,159,+.023,127,-3.19,222,100.5,269,103.7,184,+2.74,89,,BSth,67.4,159,96.8,288,46.6,310,18.3,169,29.2,145,28.2,245,107.6,273,50.9,220,20.1,80,31.3,304,37.8,327,67.4,159,67.7,197,17.8,210,17.6,173,96.8,288,96.4,287,107.6,273,104.3,245,76.8,190,-0.2,195,+0.4,129,-0.7,266,-0.1,189,-1.0,290,+0.7,113,2.23,91,37.1,52,39.6,233,2022,0.22857113052775407,12,20,0.375,32
285,North Carolina Central,MEAC,16-15,-10.34,96.7,289,107.0,259,67.6,141,+.044,82,-6.17,300,97.4,354,103.6,182,+2.14,100,,MEAC,67.6,141,96.7,289,47.7,278,23.7,354,32.6,45,37.8,24,107.0,259,50.5,199,22.1,23,30.6,276,43.5,351,67.6,141,70.4,67,16.8,77,17.1,78,96.7,289,95.3,303,107.0,259,100.8,150,75.9,323,-1.0,300,-0.6,231,-1.3,326,-2.3,352,-1.2,302,+0.2,178,2.40,52,33.7,112,13.4,339,2022,0.237945309888376,16,15,0.5161290322580645,31
348,North Dakota,Sum,6-25,-19.95,96.6,294,116.5,354,67.4,164,-.020,222,-5.68,285,102.1,187,107.8,347,-5.97,316,,Sum,67.4,164,96.6,294,47.2,290,17.5,117,26.8,222,31.6,128,116.5,354,56.3,353,13.7,354,25.8,76,30.5,190,67.4,164,69.1,115,17.8,207,16.9,43,96.6,294,99.2,235,116.5,354,115.6,356,76.5,237,-0.9,294,-0.2,177,-1.7,345,-0.9,290,-0.5,238,+1.3,69,1.48,278,36.5,62,36.5,258,2022,0.10394926277666454,6,25,0.1935483870967742,31
152,North Dakota St.,Sum,23-10,+1.54,102.9,174,101.4,144,66.4,221,+.101,17,-5.42,278,102.8,162,108.2,353,-1.84,214,,Sum,66.4,221,102.9,174,51.8,94,17.0,81,24.8,287,33.4,85,101.4,144,47.6,68,12.7,358,23.1,21,25.5,55,66.4,221,68.0,178,18.3,267,17.1,76,102.9,174,106.0,88,101.4,144,101.6,169,78.2,36,+1.4,35,+1.4,36,+1.4,37,+0.6,100,+1.7,24,+1.1,94,1.35,302,30.7,179,82.2,6,2022,0.5421180405676088,23,10,0.696969696969697,33
272,North Florida,ASun,11-20,-8.63,97.2,280,105.8,241,67.7,133,+.003,166,+1.24,119,103.8,120,102.6,138,+14.05,3,,ASun,67.7,133,97.2,280,48.1,263,21.6,338,25.2,276,30.4,174,105.8,241,48.8,119,16.7,277,36.9,358,28.7,137,67.7,133,68.5,155,17.4,149,17.5,159,97.2,280,94.5,316,105.8,241,106.8,278,77.2,132,+0.3,126,+0.3,136,+0.4,112,+0.3,125,-0.4,226,+0.7,116,0.76,353,38.3,36,62.2,78,2022,0.27389142415223683,11,20,0.3548387096774194,31
57,North Texas,CUSA,25-7,+12.98,105.8,116,92.8,22,59.3,358,+.001,170,+0.26,136,103.8,122,103.5,180,+4.85,41,,CUSA,59.3,358,105.8,116,51.4,109,18.6,199,31.5,68,37.5,25,92.8,22,46.3,28,19.5,103,25.2,63,32.7,245,59.3,358,60.3,357,21.2,358,18.2,315,105.8,116,105.9,91,92.8,22,93.0,14,75.9,318,-0.6,257,-0.3,201,-0.9,294,-1.1,310,-1.6,327,-1.2,286,2.04,144,20.7,343,47.7,186,2022,0.8187192976857661,25,7,0.78125,32
255,Northeastern,CAA,9-22,-7.65,97.0,285,104.6,216,64.4,320,-.064,314,-0.92,161,103.8,121,104.8,245,-0.05,157,,CAA,64.4,320,97.0,285,50.1,168,21.2,325,26.3,235,30.6,163,104.6,216,51.7,257,15.7,320,23.7,31,25.6,59,64.4,320,65.4,311,19.1,328,17.7,201,97.0,285,97.6,269,104.6,216,104.8,250,78.4,24,-0.4,221,-1.2,295,+0.4,108,+2.1,11,+2.8,5,+3.0,7,2.11,126,29.8,202,61.9,82,2022,0.2957800586631273,9,22,0.2903225806451613,31
334,Northern Arizona,BSky,9-23,-16.91,95.5,307,112.4,340,65.1,284,+.007,157,-5.18,271,101.6,210,106.8,318,+0.20,153,,BSky,65.1,284,95.5,307,47.9,269,20.5,306,28.9,150,27.7,256,112.4,340,53.0,301,13.8,351,23.7,30,34.1,271,65.1,284,67.2,226,18.8,312,16.9,40,95.5,307,96.6,283,112.4,340,110.7,333,77.4,104,+0.2,134,-0.3,204,+0.8,76,+2.0,17,+1.0,70,-1.4,297,1.08,337,29.7,209,51.4,160,2022,0.1331045542630299,9,23,0.28125,32
216,Northern Colorado,BSky,22-16,-3.82,107.7,84,111.5,329,69.6,57,+.100,19,-3.84,241,101.5,212,105.4,264,+7.40,20,,BSky,69.6,57,107.7,84,56.2,7,17.1,91,21.9,338,30.8,157,111.5,329,52.9,296,13.8,349,24.6,49,30.1,176,69.6,57,70.5,65,16.7,64,17.3,113,107.7,84,108.7,39,111.5,329,109.8,326,76.6,225,+0.2,132,-0.1,172,+0.6,97,-0.3,213,-0.7,267,-1.1,277,2.64,19,21.8,334,54.8,126,2022,0.4016096802165512,22,16,0.5789473684210527,38
297,Northern Illinois,MAC,9-21,-11.34,92.8,337,104.1,209,67.0,189,+.001,169,-2.89,211,102.3,176,105.2,258,+0.73,135,,MAC,67.0,189,92.8,337,47.2,289,19.8,275,24.3,296,33.1,94,104.1,209,50.6,203,19.7,96,29.4,233,40.7,344,67.0,189,68.6,147,17.4,154,17.4,134,92.8,337,93.0,333,104.1,209,103.6,228,76.3,276,-0.3,217,-0.7,255,+0.1,176,-1.1,312,-0.9,286,-0.5,239,2.31,72,30.8,178,60.9,86,2022,0.21058357545184173,9,21,0.3,30
91,Northern Iowa,MVC,20-12,+8.45,110.6,43,102.2,162,67.3,170,+.040,91,+4.16,95,104.7,96,100.6,96,+4.37,46,,MVC,67.3,170,110.6,43,53.0,49,16.2,45,20.8,345,33.2,93,102.2,162,53.9,332,17.9,205,21.8,4,22.7,20,67.3,170,67.6,202,17.4,160,17.9,271,110.6,43,107.0,60,102.2,162,103.5,224,76.2,284,-1.7,351,-1.8,348,-1.5,336,-0.8,282,+0.8,76,-0.2,199,1.44,283,27.0,262,78.8,15,2022,0.7126658289897992,20,12,0.625,32
198,Northern Kentucky,Horz,20-12,-2.09,100.9,214,103.0,180,64.1,327,-.004,185,-7.97,339,99.6,311,107.6,343,-4.51,285,,Horz,64.1,327,100.9,214,49.5,200,19.9,281,36.0,8,26.6,280,103.0,180,49.5,152,21.1,36,31.0,294,25.0,47,64.1,327,65.1,323,17.9,231,18.7,352,100.9,214,104.5,121,103.0,180,99.6,115,75.8,331,-1.0,298,-1.0,277,-0.9,295,-0.5,244,-0.9,280,-2.4,336,1.67,233,28.2,242,66.0,61,2022,0.44105310030082084,20,12,0.625,32
87,Northwestern,B10,15-16,+9.38,106.6,101,97.2,73,67.7,137,-.077,331,+7.86,51,107.8,22,100.0,74,-11.01,357,,B10,67.7,137,106.6,101,49.0,223,14.1,8,25.7,262,25.1,313,97.2,73,50.8,212,19.3,115,25.3,67,34.8,289,67.7,137,68.7,138,17.1,111,17.7,192,106.6,101,103.7,138,97.2,73,101.2,163,77.5,95,+1.2,44,+0.8,81,+1.6,28,-0.8,279,-0.4,224,+1.3,69,1.89,178,38.9,31,68.3,51,2022,0.7429956545477898,15,16,0.4838709677419355,31
330,Northwestern St.,Slnd,9-23,-15.42,98.4,263,113.8,346,71.2,18,-.060,308,-4.65,260,100.7,249,105.4,263,+6.27,26,,Slnd,71.2,18,98.4,263,49.5,202,20.1,292,27.8,182,25.0,319,113.8,346,53.2,309,17.1,258,32.2,331,34.1,272,71.2,18,73.5,8,16.7,59,15.8,4,98.4,263,97.7,266,113.8,346,112.3,348,75.8,333,-0.2,191,-0.6,239,+0.3,122,-0.2,200,-1.4,316,-3.9,355,1.14,329,42.9,6,52.5,147,2022,0.15814176536149563,9,23,0.28125,32
38,Notre Dame,ACC,24-11,+15.25,112.4,28,97.2,69,65.6,258,+.017,141,+7.81,52,107.1,48,99.3,53,+2.70,90,11,ACC,65.6,258,112.4,28,54.0,25,15.6,31,22.1,335,27.3,269,97.2,69,49.0,130,15.1,333,24.7,51,22.2,16,65.6,258,65.8,295,18.2,263,18.1,298,112.4,28,108.0,48,97.2,69,100.6,145,78.1,42,+0.5,111,+0.5,112,+0.4,111,+0.3,126,+1.8,18,+2.6,9,1.85,191,22.9,319,70.5,44,2022,0.8416920599461135,24,11,0.6857142857142857,35
188,Oakland,Horz,20-12,-1.31,102.9,175,104.2,211,67.4,158,+.022,132,-4.65,259,101.4,217,106.0,295,+8.53,16,,Horz,67.4,158,102.9,175,49.1,219,18.0,150,30.7,88,34.0,69,104.2,211,50.2,186,20.5,56,33.4,342,21.5,9,67.4,158,68.7,139,18.0,246,16.9,41,102.9,175,105.0,111,104.2,211,101.3,166,76.4,264,-1.3,332,-1.9,349,-0.7,264,+0.9,74,+0.6,114,-1.7,314,1.07,340,13.7,357,53.3,142,2022,0.46396841830109875,20,12,0.625,32
134,Ohio,MAC,25-10,+3.12,104.2,151,101.1,137,67.6,145,+.034,107,-5.85,289,100.8,242,106.7,314,-4.56,287,,MAC,67.6,145,104.2,151,50.6,142,15.4,27,27.1,208,31.5,136,101.1,137,50.0,178,20.4,61,25.9,82,28.0,110,67.6,145,69.0,122,17.1,116,17.6,175,104.2,151,106.6,70,101.1,137,98.3,84,76.4,265,+0.1,151,-1.0,272,+1.2,46,-0.1,194,-2.2,346,-0.8,267,2.06,140,23.0,318,50.7,164,2022,0.5859682724054315,25,10,0.7142857142857143,35
31,Ohio St.,B10,20-12,+16.24,115.5,13,99.3,111,65.0,289,-.017,213,+9.83,20,108.3,13,98.4,30,+2.31,96,7,B10,65.0,289,115.5,13,54.3,23,17.1,89,29.3,138,33.4,87,99.3,111,47.6,69,15.5,328,28.7,206,29.1,153,65.0,289,65.1,321,18.9,319,17.8,245,115.5,13,111.0,23,99.3,111,103.2,215,77.2,125,-0.2,201,-0.7,243,+0.2,132,+0.8,81,+0.5,120,+0.6,127,1.86,189,34.7,89,44.7,212,2022,0.8504248400078259,20,12,0.625,32
30,Oklahoma,B12,19-16,+16.48,111.0,40,94.6,38,65.1,287,-.054,302,+11.73,7,107.5,31,95.8,3,-2.04,222,1,B12,65.1,287,111.0,40,54.8,20,22.0,344,25.7,263,27.4,265,94.6,38,49.4,147,20.3,67,26.2,94,26.4,80,65.1,287,66.2,274,17.9,227,18.1,297,111.0,40,102.8,161,94.6,38,97.3,66,76.9,178,+0.4,118,+0.5,118,+0.3,117,-1.2,316,-0.3,213,+0.5,144,2.42,46,29.3,218,32.3,286,2022,0.8627755110122429,19,16,0.5428571428571428,35
34,Oklahoma St.,B12,15-15,+15.60,103.8,161,88.2,4,67.6,142,-.074,327,+11.80,5,108.2,14,96.4,6,+0.26,151,,B12,67.6,142,103.8,161,48.0,265,21.4,332,32.3,52,33.0,96,88.2,4,45.7,21,22.8,17,31.4,306,31.2,205,67.6,142,68.9,129,16.6,58,18.1,294,103.8,161,96.5,286,88.2,4,92.9,13,77.7,72,+0.1,149,+0.0,165,+0.2,133,+0.1,152,+1.5,39,+1.8,36,1.75,217,37.1,53,65.3,64,2022,0.8667910029524188,15,15,0.5,30
194,Old Dominion,CUSA,13-19,-1.69,100.9,213,102.6,168,64.3,321,-.078,333,-0.35,150,102.9,160,103.2,165,-1.07,188,,CUSA,64.3,321,100.9,213,46.9,298,18.4,180,32.4,50,34.3,66,102.6,168,49.7,167,17.1,252,27.3,138,29.4,160,64.3,321,65.8,297,18.0,242,18.2,309,100.9,213,100.1,216,102.6,168,102.1,184,76.4,251,-0.6,263,-1.5,324,+0.2,134,+0.3,130,-0.7,258,-0.9,268,1.84,193,22.8,322,47.2,191,2022,0.4521117245284053,13,19,0.40625,32
165,Oral Roberts,Sum,19-12,+0.34,109.5,60,109.1,290,70.3,36,-.027,239,-4.80,262,102.6,168,107.4,338,+2.98,82,,Sum,70.3,36,109.5,60,53.9,27,13.3,5,26.6,232,23.0,343,109.1,290,51.1,227,12.7,357,24.7,50,24.8,44,70.3,36,71.7,33,15.6,13,17.9,257,109.5,60,112.5,15,109.1,290,107.6,297,75.6,340,-1.3,338,-2.2,350,-0.5,245,-0.8,284,-2.3,350,-0.7,253,1.99,160,29.5,213,64.5,69,2022,0.5105199594690946,19,12,0.6129032258064516,31
82,Oregon,P12,20-15,+10.33,110.0,52,99.6,115,67.9,123,+.014,146,+7.47,56,106.3,63,98.8,40,+3.17,78,,P12,67.9,123,110.0,52,51.1,121,17.1,92,29.9,116,29.7,197,99.6,115,49.6,160,19.2,125,31.1,297,29.1,152,67.9,123,68.4,163,17.2,128,17.8,221,110.0,52,105.1,108,99.6,115,102.3,192,78.1,40,+1.3,39,+1.8,26,+0.8,72,+1.1,61,+0.7,105,+1.5,57,2.30,75,28.3,240,28.1,308,2022,0.7580758709984836,20,15,0.5714285714285714,35
233,Oregon St.,P12,3-28,-5.36,105.4,127,110.8,320,66.6,210,-.108,350,+8.12,44,106.5,57,98.3,26,+1.69,112,,P12,66.6,210,105.4,127,49.2,217,18.2,162,26.2,241,27.6,261,110.8,320,55.0,347,17.5,228,34.0,348,29.1,149,66.6,210,67.8,190,17.6,183,17.9,253,105.4,127,98.9,244,110.8,320,113.8,353,78.4,19,+1.8,15,+2.4,17,+1.2,44,+0.8,83,+1.1,64,+1.8,41,2.10,127,34.6,92,47.3,189,2022,0.3601789378401029,3,28,0.0967741935483871,31
293,Pacific,WCC,8-22,-10.97,95.0,314,106.0,244,68.2,115,-.048,293,-0.31,149,103.3,140,103.6,183,-3.43,258,,WCC,68.2,115,95.0,314,46.2,320,17.4,109,22.6,323,32.3,114,106.0,244,54.9,345,18.7,148,22.6,15,28.1,118,68.2,115,69.3,103,17.3,143,17.4,136,95.0,314,93.8,329,106.0,244,105.7,266,76.6,229,-1.0,309,-1.3,306,-0.8,272,+0.6,96,-0.1,175,-0.2,195,1.81,201,34.9,87,35.6,263,2022,0.2209798607177186,8,22,0.26666666666666666,30
211,Penn,Ivy,12-16,-3.34,106.2,111,109.5,295,67.6,140,+.031,114,+0.98,125,103.4,133,102.4,129,+6.82,22,,Ivy,67.6,140,106.2,111,51.3,116,17.0,83,25.4,270,24.1,331,109.5,295,52.1,270,15.3,329,28.0,175,28.8,140,67.6,140,69.0,116,17.9,221,16.8,36,106.2,111,103.7,137,109.5,295,108.7,314,76.8,189,-1.1,320,-1.4,322,-0.8,272,-0.1,193,+0.5,118,+1.2,88,1.45,282,36.9,55,0.0,0,2022,0.4129205241022635,12,16,0.42857142857142855,28
88,Penn St.,B10,14-17,+9.31,105.3,131,96.0,50,62.0,354,-.037,263,+9.40,24,109.4,3,100.0,76,-2.83,247,,B10,62.0,354,105.3,131,50.5,151,18.6,196,28.5,162,21.8,350,96.0,50,48.3,101,13.7,353,24.1,39,26.2,76,62.0,354,62.8,353,20.4,356,17.6,172,105.3,131,101.4,190,96.0,50,102.0,180,76.6,232,-0.3,208,-0.2,191,-0.4,228,-0.9,289,+0.4,131,-0.7,253,2.70,11,23.9,310,45.4,206,2022,0.7433302365546508,14,17,0.45161290322580644,31
279,Pepperdine,WCC,7-25,-9.70,97.4,276,107.1,261,69.9,48,-.023,231,+3.31,103,104.1,112,100.8,103,-0.66,177,,WCC,69.9,48,97.4,276,47.5,284,20.4,301,26.3,239,23.9,333,107.1,261,52.7,292,18.0,196,31.0,293,31.5,215,69.9,48,71.3,40,15.9,25,17.6,176,97.4,276,93.6,330,107.1,261,108.1,307,77.5,90,+0.7,83,+0.1,154,+1.2,49,+0.7,88,+0.8,96,-0.0,186,1.36,301,35.1,80,35.8,261,2022,0.2512845921764847,7,25,0.21875,32
195,Pittsburgh,ACC,11-21,-1.76,99.7,243,101.5,147,64.0,332,+.050,73,+7.00,63,107.5,30,100.5,91,+0.30,148,,ACC,64.0,332,99.7,243,46.7,308,21.2,324,30.5,98,39.4,6,101.5,147,52.0,267,16.5,286,26.1,92,29.4,162,64.0,332,64.2,342,19.4,339,17.9,272,99.7,243,95.7,300,101.5,147,106.2,271,78.3,30,+1.0,64,+0.6,107,+1.4,36,+1.3,43,+1.6,36,+1.9,34,1.87,187,27.9,245,28.3,307,2022,0.4487380245695442,11,21,0.34375,32
180,Portland,WCC,19-15,-0.89,102.7,182,103.6,196,69.1,74,+.045,80,-1.91,188,102.0,193,103.9,201,-6.58,322,,WCC,69.1,74,102.7,182,50.0,172,18.4,176,23.9,299,33.4,91,103.6,196,49.7,163,17.4,233,27.7,160,26.0,68,69.1,74,71.1,48,17.1,112,16.8,37,102.7,182,101.7,184,103.6,196,102.4,195,77.7,73,+0.1,141,-0.3,202,+0.6,90,+0.7,89,+1.1,63,+1.6,49,0.82,352,23.1,317,0.2,346,2022,0.4749360382945378,19,15,0.5588235294117647,34
256,Portland St.,BSky,14-17,-7.69,95.7,304,103.4,187,71.0,21,-.015,211,-6.57,313,101.5,216,108.0,348,-0.22,160,,BSky,71.0,21,95.7,304,47.1,293,17.0,84,26.1,244,31.6,129,103.4,187,52.7,290,23.3,11,31.8,320,39.4,339,71.0,21,71.6,36,15.8,20,17.6,177,95.7,304,99.0,239,103.4,187,101.8,175,76.7,209,-0.1,173,+0.8,87,-0.9,297,+0.1,152,-1.4,313,+0.3,159,2.13,119,35.6,70,38.1,249,2022,0.2911208409256405,14,17,0.45161290322580644,31
281,Prairie View A&M,SWAC,8-19,-9.94,97.1,281,107.0,260,70.3,38,-.034,255,-3.11,220,99.9,293,103.0,157,+16.98,1,,SWAC,70.3,38,97.1,281,48.4,251,24.0,355,31.7,62,38.5,12,107.0,260,51.0,222,20.6,50,34.2,352,44.8,355,70.3,38,71.8,32,16.9,87,16.4,7,97.1,281,95.7,301,107.0,260,104.9,253,77.1,150,-0.7,266,-1.5,331,+0.2,134,+0.9,75,+0.2,153,+0.9,101,2.47,36,29.4,215,48.4,181,2022,0.246660000480441,8,19,0.2962962962962963,27
263,Presbyterian,BSth,12-20,-8.06,96.4,296,104.5,214,64.1,328,-.044,283,-2.89,210,101.8,200,104.7,241,+3.56,67,,BSth,64.1,328,96.4,296,45.4,338,19.5,255,33.2,35,30.2,178,104.5,214,53.5,322,21.2,34,24.7,52,40.7,345,64.1,328,65.4,312,18.8,305,17.8,220,96.4,296,96.1,294,104.5,214,103.4,218,77.4,106,-0.6,252,-1.3,312,+0.2,154,-0.0,186,+0.8,76,+2.5,12,1.55,265,34.6,96,73.9,27,2022,0.2833651672453933,12,20,0.375,32
107,Princeton,Ivy,23-7,+6.03,112.3,29,106.3,250,66.9,195,+.040,93,-4.04,244,100.9,236,105.0,250,-4.95,297,,Ivy,66.9,195,112.3,29,56.7,4,14.5,10,24.8,286,21.3,355,106.3,250,51.3,235,15.5,326,23.5,27,21.7,13,66.9,195,68.7,136,17.4,162,17.3,121,112.3,29,113.2,12,106.3,250,103.3,216,77.0,164,-0.7,269,-1.0,279,-0.4,227,-0.9,290,+0.8,76,+1.7,45,2.39,55,20.0,346,0.0,0,2022,0.6528178617194247,23,7,0.7666666666666667,30
32,Providence,BE,27-6,+15.89,111.5,36,95.6,44,65.2,276,+.164,1,+7.74,53,106.7,55,99.0,45,+0.26,152,4,BE,65.2,276,111.5,36,50.0,170,17.0,85,30.3,100,37.0,34,95.6,44,46.3,30,15.6,323,27.4,140,27.0,90,65.2,276,66.0,282,18.8,307,17.5,153,111.5,36,106.4,76,95.6,44,98.5,92,77.7,71,+0.7,81,+0.2,142,+1.1,55,+1.8,22,+1.3,49,-0.7,251,2.75,7,24.7,302,55.0,124,2022,0.8543700208975243,27,6,0.8181818181818182,33
14,Purdue,B10,29-8,+22.36,121.0,2,98.6,93,66.1,237,+.022,133,+8.81,33,108.0,19,99.2,49,-3.54,261,3,B10,66.1,237,121.0,2,56.5,5,17.5,116,35.2,13,38.2,15,98.6,93,49.1,134,14.1,346,23.8,32,21.6,10,66.1,237,66.7,258,17.8,206,18.2,313,121.0,2,117.9,3,98.6,93,101.9,177,78.5,16,+2.1,9,+3.7,3,+0.4,107,+0.3,128,+1.0,68,+2.1,26,1.78,209,36.1,67,79.3,13,2022,0.9132731718531871,29,8,0.7837837837837838,37
237,Purdue Fort Wayne,Horz,21-12,-5.67,98.6,260,104.3,212,68.4,106,+.077,35,-8.26,343,99.8,299,108.1,350,-7.49,337,,Horz,68.4,106,98.6,260,53.1,46,19.4,247,22.7,319,27.4,266,104.3,212,53.4,317,21.6,31,27.2,128,25.9,66,68.4,106,68.8,135,17.3,137,17.5,144,98.6,260,102.5,165,104.3,212,100.8,153,76.4,263,-0.2,197,-0.5,221,+0.1,170,-0.1,190,+0.8,76,-3.2,348,2.59,20,25.3,294,66.3,60,2022,0.3438235470954172,21,12,0.6363636363636364,33
231,Quinnipiac,MAAC,14-17,-4.96,102.9,176,107.9,277,68.8,90,-.029,246,-3.77,237,99.7,302,103.5,178,-10.82,355,,MAAC,68.8,90,102.9,176,50.0,170,18.7,203,28.6,159,27.0,273,107.9,277,50.6,201,17.2,245,28.6,204,27.2,96,68.8,90,69.0,119,16.9,90,17.8,228,102.9,176,102.4,169,107.9,277,104.1,237,76.5,248,-0.8,275,-0.8,259,-0.8,268,+0.5,111,+0.3,148,-1.6,311,1.96,167,28.8,229,59.6,94,2022,0.36687582366736426,14,17,0.45161290322580644,31
283,Radford,BSth,11-18,-10.20,95.3,309,105.5,234,64.1,326,+.023,130,-3.27,225,100.9,237,104.2,214,+5.57,32,,BSth,64.1,326,95.3,309,46.5,313,20.6,309,28.9,151,27.8,252,105.5,234,52.0,262,20.2,76,25.9,80,37.4,319,64.1,326,64.8,334,18.7,303,17.9,258,95.3,309,94.2,320,105.5,234,102.6,204,76.3,274,-0.4,225,-0.9,269,+0.1,168,-1.2,318,-1.4,317,+0.3,159,2.20,100,41.1,13,45.8,204,2022,0.23697554423769654,11,18,0.3793103448275862,29
132,Rhode Island,A10,15-16,+3.27,99.3,249,96.0,51,67.3,171,-.089,342,+0.76,128,103.8,124,103.0,158,-3.07,251,,A10,67.3,171,99.3,249,50.6,149,20.8,317,28.6,161,36.1,44,96.0,51,46.3,32,19.3,120,27.6,156,32.7,244,67.3,171,68.0,179,17.2,132,17.9,261,99.3,249,98.7,252,96.0,51,96.3,46,76.9,176,+0.5,100,+0.5,115,+0.6,94,-0.6,257,-0.9,283,+0.3,159,1.53,271,34.6,93,62.8,76,2022,0.5959624554586228,15,16,0.4838709677419355,31
220,Rice,CUSA,16-17,-4.15,105.6,125,109.7,299,67.5,148,+.010,151,-2.32,201,101.0,228,103.3,170,-7.26,335,,CUSA,67.5,148,105.6,125,52.9,52,18.4,177,26.1,246,31.2,143,109.7,299,50.8,214,14.3,344,28.1,178,21.0,5,67.5,148,68.1,170,17.5,172,17.6,170,105.6,125,104.1,129,109.7,299,107.5,295,76.7,214,+0.1,157,+1.3,47,-1.2,316,-1.4,326,-0.5,240,+0.5,146,1.54,267,29.1,222,63.1,75,2022,0.3922065584539036,16,17,0.48484848484848486,33
85,Richmond,A10,24-13,+9.45,108.1,79,98.7,94,66.8,197,+.061,55,+5.07,83,105.5,80,100.5,90,+2.42,94,12,A10,66.8,197,108.1,79,51.1,123,14.4,9,22.4,327,31.0,152,98.7,94,50.5,196,19.0,139,27.5,143,23.4,28,66.8,197,67.4,218,17.7,203,18.2,307,108.1,79,104.7,119,98.7,94,100.8,151,76.7,220,+0.5,109,+0.6,110,+0.4,109,+1.5,31,-0.2,203,-3.7,353,2.66,18,26.1,281,79.1,14,2022,0.7400398044642247,24,13,0.6486486486486487,37
224,Rider,MAAC,14-19,-4.40,99.2,251,103.6,194,66.9,194,-.010,200,-2.73,206,101.0,233,103.7,186,-4.83,296,,MAAC,66.9,194,99.2,251,45.6,335,17.4,113,29.4,133,27.2,270,103.6,194,49.2,137,18.4,170,28.3,189,33.2,256,66.9,194,68.3,166,18.0,234,17.0,56,99.2,251,97.9,261,103.6,194,101.0,159,75.9,324,-1.1,317,-1.5,329,-0.7,256,-1.4,324,-1.2,302,-0.6,244,2.39,60,24.1,307,50.9,163,2022,0.3777540456442203,14,19,0.42424242424242425,33
327,Robert Morris,Horz,8-24,-15.16,98.4,261,113.6,345,66.7,206,-.067,320,-6.28,308,100.4,273,106.6,312,+2.68,91,,Horz,66.7,206,98.4,261,50.9,131,20.8,318,28.2,167,28.2,244,113.6,345,53.1,307,16.9,267,32.2,330,28.9,143,66.7,206,67.5,205,18.1,250,17.2,101,98.4,261,100.7,204,113.6,345,110.7,334,76.6,234,+0.0,164,-0.2,193,+0.2,130,-0.2,211,-0.3,217,-1.4,298,2.07,135,30.2,191,26.6,313,2022,0.16085352907125983,8,24,0.25,32
77,Rutgers,B10,18-14,+10.82,106.9,96,96.1,53,64.9,295,+.001,172,+7.92,49,108.1,18,100.2,81,-10.43,354,11,B10,64.9,295,106.9,96,49.9,181,17.3,107,29.6,126,26.2,291,96.1,53,48.6,111,17.7,222,26.8,115,28.6,131,64.9,295,65.5,304,17.6,189,18.9,355,106.9,96,103.1,150,96.1,53,100.1,134,78.7,9,+0.8,72,+1.4,40,+0.2,131,+1.1,46,+2.8,2,+3.1,3,2.07,136,20.8,342,61.0,85,2022,0.7729074682863747,18,14,0.5625,32
298,SIU Edwardsville,OVC,11-21,-11.47,94.0,326,105.5,233,68.5,103,-.024,233,-4.41,254,100.6,259,105.0,251,-1.82,213,,OVC,68.5,103,94.0,326,46.7,307,21.5,336,31.0,78,34.5,63,105.5,233,49.0,129,19.2,126,30.4,270,37.6,324,68.5,103,69.7,90,17.3,138,17.1,72,94.0,326,95.1,307,105.5,233,102.8,208,76.8,200,-0.2,204,-0.7,244,+0.2,134,-0.1,199,-0.6,256,+0.3,159,1.17,323,27.6,249,53.8,137,2022,0.20960865322038277,11,21,0.34375,32
62,SMU,Amer,24-9,+12.59,108.9,70,96.3,57,68.4,107,+.048,76,+3.12,104,104.1,115,101.0,106,-2.73,243,1,Amer,68.4,107,108.9,70,51.5,103,17.7,125,27.6,184,35.6,47,96.3,57,44.6,10,17.0,264,30.2,265,25.4,52,68.4,107,69.4,97,16.8,76,17.7,210,108.9,70,106.0,86,96.3,57,96.5,50,76.1,308,-1.3,333,-0.4,213,-2.2,356,-1.4,323,-0.2,186,-0.2,208,2.51,31,29.2,221,35.7,262,2022,0.8044054718959589,24,9,0.7272727272727273,33
317,Sacramento St.,BSky,11-18,-13.72,95.1,313,108.8,284,64.3,324,+.008,155,-6.02,293,101.2,222,107.2,337,+0.88,133,,BSky,64.3,324,95.1,313,48.8,233,16.7,62,21.4,344,28.3,241,108.8,284,52.6,286,17.7,221,27.6,158,33.7,264,64.3,324,66.1,278,18.6,290,17.4,133,95.1,313,97.3,274,108.8,284,107.2,286,77.2,133,-0.3,213,+0.4,126,-1.0,303,+0.1,152,-0.1,183,+1.9,32,1.85,192,22.7,325,44.0,214,2022,0.175419113492985,11,18,0.3793103448275862,29
320,Sacred Heart,NEC,10-20,-14.17,101.3,204,115.5,352,67.4,161,-.027,240,-8.67,351,97.8,350,106.5,306,-5.41,303,,NEC,67.4,161,101.3,204,50.8,134,19.6,264,30.9,83,24.9,323,115.5,352,53.2,311,15.9,306,31.3,301,25.5,56,67.4,161,68.6,146,17.5,163,17.2,102,101.3,204,103.3,145,115.5,352,110.2,329,75.5,346,-1.8,354,-2.7,356,-0.9,298,-1.9,343,-1.3,312,-0.6,242,1.96,168,28.6,234,76.0,21,2022,0.18114378996586716,10,20,0.3333333333333333,30
163,Saint Joseph's,A10,11-19,+0.60,100.4,226,99.8,118,68.0,121,-.085,339,+1.85,113,103.3,138,101.5,111,-1.92,217,,A10,68.0,121,100.4,226,49.7,188,19.6,256,27.0,212,22.9,344,99.8,118,47.7,73,13.7,355,24.1,41,26.9,87,68.0,121,68.5,154,17.9,225,17.1,86,100.4,226,97.9,263,99.8,118,100.1,135,78.5,17,+1.1,56,+1.1,62,+1.1,57,+1.6,27,+1.8,18,+1.8,37,1.72,228,19.1,352,56.9,113,2022,0.5172259985607797,11,19,0.36666666666666664,30
68,Saint Louis,A10,23-12,+11.45,109.3,63,97.8,81,67.9,124,-.021,224,+3.38,102,104.8,93,101.4,110,+2.33,95,,A10,67.9,124,109.3,63,50.6,141,18.8,214,33.8,24,32.7,103,97.8,81,48.2,92,17.6,223,26.5,108,32.4,240,67.9,124,68.8,134,17.6,178,17.3,115,109.3,63,107.3,57,97.8,81,98.2,81,76.2,298,-0.9,287,-0.6,232,-1.2,315,-0.4,229,-0.8,268,-1.1,280,1.03,344,25.6,291,43.6,219,2022,0.7821902306743901,23,12,0.6571428571428571,35
17,Saint Mary's,WCC,26-8,+19.53,110.1,51,90.6,12,63.6,339,+.039,96,+6.89,65,106.8,54,99.9,71,+3.31,72,5,WCC,63.6,339,110.1,51,52.7,59,16.9,75,27.3,194,23.3,338,90.6,12,48.3,96,19.2,122,21.7,3,25.1,48,63.6,339,65.4,313,19.2,331,17.4,139,110.1,51,106.3,79,90.6,12,93.9,24,77.8,61,+0.8,75,+0.6,99,+0.8,68,+1.9,20,-0.3,215,+1.3,69,2.31,74,22.8,323,78.5,17,2022,0.9039365754935813,26,8,0.7647058823529411,34
102,Saint Peter's,MAAC,22-12,+7.24,100.3,231,93.0,25,65.9,247,+.018,139,+0.25,137,103.1,150,102.8,149,+3.97,52,15,MAAC,65.9,247,100.3,231,47.5,283,20.1,288,30.9,84,37.4,28,93.0,25,44.2,7,20.5,53,29.0,222,41.2,347,65.9,247,66.8,255,18.5,289,17.4,130,100.3,231,99.0,243,93.0,25,93.4,20,76.2,294,-0.6,253,-1.4,315,+0.2,134,-0.8,275,-0.8,272,-1.1,278,1.89,177,40.3,20,73.2,33,2022,0.7045399328003122,22,12,0.6470588235294118,34
143,Sam Houston St.,WAC,19-14,+2.31,100.6,221,98.3,86,64.8,299,-.004,184,-1.07,167,101.6,206,102.7,141,+3.30,74,,WAC,64.8,299,100.6,221,48.3,257,18.4,181,30.6,95,25.0,317,98.3,86,48.6,113,20.8,41,26.3,100,34.7,286,64.8,299,65.9,287,18.2,261,17.8,242,100.6,221,99.1,238,98.3,86,96.9,58,75.5,344,-0.7,271,-0.6,235,-0.8,287,-2.2,351,-1.2,302,-2.2,329,2.01,152,32.1,148,54.5,130,2022,0.5661044220012664,19,14,0.5757575757575758,33
182,Samford,SC,21-11,-1.12,105.0,136,106.1,247,69.1,75,+.162,2,-0.91,160,104.3,109,105.2,256,-3.97,272,,SC,69.1,75,105.0,136,52.0,85,19.4,245,29.9,120,29.1,217,106.1,247,52.3,277,17.8,216,28.9,217,32.1,234,69.1,75,69.3,102,16.9,80,17.9,266,105.0,136,105.1,107,106.1,247,106.8,279,77.1,157,-0.1,179,+0.6,101,-0.8,272,+0.1,147,+0.5,125,+0.1,181,1.16,327,36.0,68,33.9,278,2022,0.47007343882244557,21,11,0.65625,32
232,San Diego,WCC,15-16,-5.01,96.3,298,101.3,141,65.6,262,+.090,26,+0.96,126,103.2,142,102.3,124,-3.22,254,,WCC,65.6,262,96.3,298,46.7,305,18.5,191,26.3,237,25.5,306,101.3,141,49.2,138,16.0,303,26.4,104,23.7,33,65.6,262,66.9,245,17.9,224,17.7,202,96.3,298,94.5,313,101.3,141,101.8,174,76.5,241,+0.0,165,+0.8,88,-0.8,269,-1.1,313,-0.2,186,-0.9,270,2.27,83,39.2,27,34.8,270,2022,0.3584476727397004,15,16,0.4838709677419355,31
25,San Diego St.,MWC,23-9,+17.07,103.4,167,86.3,2,65.4,268,-.003,182,+5.95,74,105.5,78,99.6,60,+2.56,93,8,MWC,65.4,268,103.4,167,48.7,240,19.3,244,29.5,131,31.1,145,86.3,2,44.1,5,21.9,27,27.3,136,31.0,202,65.4,268,65.3,315,17.5,171,19.2,357,103.4,167,99.0,240,86.3,2,88.1,1,77.3,124,+0.4,120,+0.5,119,+0.3,119,-0.4,231,-0.1,180,+1.3,67,2.49,33,34.5,98,57.4,112,2022,0.8888370406922058,23,9,0.71875,32
23,San Francisco,WCC,24-10,+17.38,110.5,44,93.1,26,68.9,82,-.042,277,+5.18,80,105.5,82,100.3,87,+2.23,97,10,WCC,68.9,82,110.5,44,53.1,45,17.9,134,29.9,114,28.5,236,93.1,26,47.1,49,18.4,169,24.0,35,33.0,250,68.9,82,70.7,57,17.3,147,16.6,22,110.5,44,107.3,56,93.1,26,95.0,30,77.3,112,+1.4,30,+1.0,71,+1.9,15,+0.1,174,-0.8,274,-0.2,206,2.29,79,30.4,186,52.7,146,2022,0.8776567949543735,24,10,0.7058823529411765,34
288,San Jose St.,MWC,8-23,-10.62,98.9,253,109.5,296,65.4,269,-.007,193,+4.12,96,104.7,99,100.5,95,-2.71,241,,MWC,65.4,269,98.9,253,49.8,185,20.0,285,22.0,337,22.5,347,109.5,296,53.5,320,15.7,315,30.5,273,27.0,89,65.4,269,65.8,294,18.9,320,17.5,150,98.9,253,94.6,312,109.5,296,111.2,339,78.0,45,+0.8,70,+0.6,109,+1.1,56,+1.2,45,+1.6,35,+0.9,102,1.07,339,30.1,198,31.5,293,2022,0.23669666660883396,8,23,0.25806451612903225,31
76,Santa Clara,WCC,21-12,+10.83,111.8,32,101.0,132,70.8,26,-.014,206,+2.35,109,103.0,156,100.6,98,-1.82,212,,WCC,70.8,26,111.8,32,54.5,22,16.2,44,23.4,310,27.6,260,101.0,132,48.5,107,16.5,289,26.2,96,21.2,6,70.8,26,71.2,44,15.6,17,18.2,306,111.8,32,108.0,49,101.0,132,100.5,141,78.3,29,+1.3,42,+0.8,81,+1.7,21,+1.7,26,+1.6,30,+0.9,99,2.31,73,21.5,338,53.6,141,2022,0.7628370533719087,21,12,0.6363636363636364,33
139,Seattle,WAC,23-9,+2.92,99.9,240,96.9,65,70.5,32,+.043,85,-5.77,287,100.0,288,105.8,278,-9.96,352,,WAC,70.5,32,99.9,240,48.4,255,16.3,47,26.0,248,28.8,227,96.9,65,46.4,33,20.5,54,25.6,68,40.5,343,70.5,32,71.9,29,16.2,34,17.0,60,99.9,240,101.9,180,96.9,65,93.6,21,76.1,300,-0.4,226,-0.5,224,-0.4,225,+0.9,78,-1.8,333,-2.4,341,0.97,346,33.1,128,57.5,109,2022,0.5867720212784141,23,9,0.71875,32
52,Seton Hall,BE,21-11,+13.61,107.1,91,93.5,31,67.3,167,+.033,111,+8.91,29,107.5,32,98.6,36,+0.99,130,8,BE,67.3,167,107.1,91,47.2,288,17.7,124,32.3,53,30.5,164,93.5,31,45.6,20,18.5,158,29.1,226,27.8,107,67.3,167,68.5,153,17.0,98,17.8,248,107.1,91,102.4,168,93.5,31,96.7,55,78.9,5,+2.3,7,+2.8,11,+1.9,16,+1.1,50,+2.8,2,+1.1,92,2.56,22,33.8,111,52.3,150,2022,0.8265996969373958,21,11,0.65625,32
239,Siena,MAAC,15-14,-5.77,98.1,266,103.9,205,66.3,225,+.111,12,-3.03,215,101.0,231,104.0,208,-4.61,289,,MAAC,66.3,225,98.1,266,48.7,239,18.4,183,24.5,293,28.9,224,103.9,205,49.1,131,17.3,239,28.5,198,29.2,155,66.3,225,67.2,227,18.0,236,17.7,208,98.1,266,97.4,272,103.9,205,102.0,179,76.5,235,-1.1,319,-0.7,251,-1.5,338,-0.7,263,+0.8,93,+0.0,183,2.07,137,27.4,255,29.4,301,2022,0.34060987081998184,15,14,0.5172413793103449,29
157,South Alabama,SB,21-12,+1.18,102.8,179,101.6,149,66.5,219,-.040,272,-4.21,251,99.8,298,104.0,209,-1.69,207,,SB,66.5,219,102.8,179,52.0,87,19.3,239,26.9,218,30.6,162,101.6,149,47.6,71,20.8,42,31.3,305,30.7,193,66.5,219,66.9,246,17.5,164,18.3,322,102.8,179,103.1,151,101.6,149,97.5,69,77.9,56,-0.1,180,-0.7,242,+0.5,102,+1.1,49,+1.4,47,+2.3,17,2.39,56,28.5,238,15.9,336,2022,0.5337065267236197,21,12,0.6363636363636364,33
99,South Carolina,SEC,18-13,+7.53,101.5,201,93.9,32,70.5,33,+.105,16,+8.85,32,107.7,28,98.8,41,-0.24,164,,SEC,70.5,33,101.5,201,47.3,287,21.4,331,33.6,29,29.2,211,93.9,32,47.3,58,21.5,32,32.1,326,41.6,348,70.5,33,72.1,26,16.1,33,17.1,82,101.5,201,96.2,291,93.9,32,98.1,77,77.3,121,-0.0,171,+0.8,91,-0.8,292,-0.9,290,+0.8,94,+1.9,31,2.00,158,41.0,14,31.0,295,2022,0.7099264251794544,18,13,0.5806451612903226,31
306,South Carolina St.,MEAC,15-16,-12.56,93.3,333,105.8,242,70.0,44,+.074,42,-8.53,348,97.3,355,105.9,284,-4.76,293,,MEAC,70.0,44,93.3,333,43.3,354,20.2,293,34.3,17,31.9,126,105.8,242,49.9,175,20.6,49,29.0,221,37.4,320,70.0,44,73.3,9,16.0,31,16.7,26,93.3,333,94.2,321,105.8,242,100.2,137,76.8,198,-0.0,168,-0.5,226,+0.5,103,+1.1,50,-0.1,184,-1.8,317,1.04,342,36.6,60,25.9,314,2022,0.19063340330582387,15,16,0.4838709677419355,31
210,South Dakota,Sum,19-12,-3.05,104.4,149,107.5,269,65.7,256,+.058,63,-6.18,301,102.6,165,108.8,357,-5.83,313,,Sum,65.7,256,104.4,149,52.0,82,15.2,22,26.7,228,34.1,68,107.5,269,52.7,291,15.6,324,22.4,10,34.2,276,65.7,256,67.3,224,18.8,311,16.8,33,104.4,149,108.7,38,107.5,269,107.0,281,75.9,321,-1.2,321,-1.0,275,-1.4,329,-1.6,333,-0.7,259,-0.6,246,2.30,76,27.2,259,52.2,151,2022,0.41665907296263843,19,12,0.6129032258064516,31
81,South Dakota St.,Sum,30-5,+10.58,115.4,14,104.8,217,69.4,61,+.054,67,-4.16,249,102.9,158,107.1,332,+3.60,66,13,Sum,69.4,61,115.4,14,59.2,1,15.3,25,23.7,305,34.6,60,104.8,217,51.4,237,15.8,312,24.3,43,21.3,7,69.4,61,71.4,39,15.6,12,18.1,292,115.4,14,118.4,1,104.8,217,103.6,227,76.7,217,-0.8,283,-1.3,313,-0.3,223,-0.3,220,+0.1,158,+0.5,134,1.42,292,29.8,207,80.0,10,2022,0.7517619764947412,30,5,0.8571428571428571,35
252,South Florida,Amer,8-23,-6.83,90.9,349,97.7,79,65.0,290,-.015,210,+3.92,98,104.1,114,100.2,82,-3.53,260,,Amer,65.0,290,90.9,349,41.3,357,19.1,228,29.9,119,25.4,308,97.7,79,48.3,103,18.9,142,27.0,119,33.6,261,65.0,290,65.8,293,18.1,248,18.1,293,90.9,349,87.1,355,97.7,79,98.6,93,78.2,37,+0.8,71,+1.4,33,+0.2,153,+0.5,107,+0.8,76,+3.1,5,0.87,351,37.7,44,25.4,316,2022,0.3037237512450402,8,23,0.25806451612903225,31
244,Southeast Missouri St.,OVC,14-18,-6.41,104.1,154,110.5,315,71.8,14,-.036,262,-4.49,257,99.8,301,104.2,219,-3.79,269,,OVC,71.8,14,104.1,154,51.6,101,17.8,131,25.5,266,36.7,38,110.5,315,52.5,283,18.2,181,28.9,216,39.7,340,71.8,14,72.4,22,15.9,28,17.5,157,104.1,154,103.9,134,110.5,315,107.6,298,75.4,347,-1.4,340,-1.1,292,-1.7,344,-1.5,329,-1.4,315,-1.9,323,1.32,313,35.6,72,68.5,50,2022,0.3348943544309947,14,18,0.4375,32
274,Southeastern Louisiana,Slnd,19-15,-8.72,102.8,180,111.5,331,70.6,31,+.109,13,-6.20,302,99.7,307,105.9,285,+1.83,110,,Slnd,70.6,31,102.8,180,51.8,95,20.0,283,25.9,253,38.8,10,111.5,331,53.7,327,19.7,92,33.4,341,27.3,97,70.6,31,73.0,11,16.7,65,16.3,5,102.8,180,103.7,139,111.5,331,108.0,305,75.9,327,-1.6,347,-2.3,353,-0.8,272,+0.1,148,-0.6,257,-1.9,320,2.13,122,28.8,231,48.7,177,2022,0.2820630274622567,19,15,0.5588235294117647,34
215,Southern,SWAC,17-14,-3.63,96.7,290,100.3,125,69.9,47,-.032,249,-6.16,299,98.9,326,105.1,252,+6.03,30,,SWAC,69.9,47,96.7,290,49.2,215,20.4,305,27.4,189,33.6,79,100.3,125,49.2,140,25.2,2,31.3,303,45.7,356,69.9,47,71.4,38,17.0,93,16.6,18,96.7,290,97.7,267,100.3,125,95.3,34,76.0,315,-1.0,303,-1.6,336,-0.3,222,-0.5,238,-1.7,331,-0.7,252,2.17,106,31.0,169,37.3,254,2022,0.39643267491001144,17,14,0.5483870967741935,31
125,Southern Illinois,MVC,16-15,+3.70,102.5,189,98.8,100,62.1,351,-.071,323,+0.21,138,102.9,157,102.7,145,-5.76,311,,MVC,62.1,351,102.5,189,51.5,104,18.0,151,23.2,316,29.1,213,98.8,100,49.7,166,18.7,150,23.2,22,27.6,103,62.1,351,62.8,354,19.4,342,18.5,342,102.5,189,101.3,194,98.8,100,98.0,76,76.9,179,-0.5,240,-1.1,288,+0.0,180,+0.6,102,-0.3,211,+0.5,130,1.88,184,27.0,266,59.3,97,2022,0.604153005937816,16,15,0.5161290322580645,31
341,Southern Miss,CUSA,7-26,-17.85,94.0,327,111.8,334,67.1,187,+.034,106,-0.20,143,102.7,163,102.9,153,-1.21,190,,CUSA,67.1,187,94.0,327,46.8,304,19.7,266,23.8,300,26.6,281,111.8,334,54.0,334,15.8,314,28.4,194,28.1,114,67.1,187,67.6,200,17.4,161,17.9,260,94.0,327,92.1,341,111.8,334,111.5,342,76.6,233,+0.6,88,+0.0,167,+1.2,46,+0.1,175,-2.5,352,-0.7,253,1.16,328,35.0,82,47.3,188,2022,0.11980342884195128,7,26,0.21212121212121213,33
162,Southern Utah,BSky,23-12,+0.61,106.7,99,106.1,249,68.5,104,+.051,71,-5.25,273,100.3,275,105.6,269,+1.55,116,,BSky,68.5,104,106.7,99,52.6,64,17.4,112,27.8,178,33.4,84,106.1,249,51.7,256,17.2,247,22.5,12,27.6,100,68.5,104,69.7,89,17.3,144,17.0,53,106.7,99,107.4,54,106.1,249,102.8,209,76.6,224,-0.2,198,+0.2,145,-0.6,251,-0.6,250,-0.2,186,-0.4,229,2.76,6,30.6,181,81.8,7,2022,0.516206769583311,23,12,0.6571428571428571,35
78,St. Bonaventure,A10,23-10,+10.71,109.2,65,98.5,91,65.7,254,+.100,18,+4.94,87,104.8,94,99.8,68,+1.64,114,,A10,65.7,254,109.2,65,50.5,152,15.5,30,26.9,216,25.9,299,98.5,91,50.3,188,19.1,133,27.5,146,22.2,17,65.7,254,66.2,272,17.8,214,18.4,334,109.2,65,105.3,105,98.5,91,100.1,133,77.3,113,-0.6,250,+0.6,106,-1.8,348,-0.0,180,+0.7,98,+2.3,18,2.78,5,8.8,358,82.5,5,2022,0.7660127027189769,23,10,0.696969696969697,33
322,St. Francis NY,NEC,10-20,-14.21,94.7,320,108.9,287,66.6,208,-.037,264,-7.83,335,98.5,338,106.3,302,-1.67,204,,NEC,66.6,208,94.7,320,46.0,328,17.9,132,29.4,136,23.3,339,108.9,287,51.9,259,18.9,145,29.8,248,32.4,239,66.6,208,67.7,196,18.3,268,17.1,69,94.7,320,96.5,284,108.9,287,104.3,247,76.2,291,-0.9,286,-1.2,303,-0.5,244,-0.1,196,-1.5,320,-0.5,230,2.34,67,30.4,187,32.7,281,2022,0.16704250101718832,10,20,0.3333333333333333,30
325,St. Francis PA,NEC,9-21,-14.61,95.1,312,109.7,298,67.3,166,-.075,328,-7.48,330,99.4,312,106.9,323,-2.03,221,,NEC,67.3,166,95.1,312,46.9,300,18.1,152,30.4,99,29.8,189,109.7,298,52.4,278,18.3,179,31.9,323,25.6,58,67.3,166,68.3,164,18.0,244,16.8,39,95.1,312,97.5,270,109.7,298,107.7,299,77.1,144,+0.5,107,+0.8,79,+0.1,159,-0.3,221,+0.4,127,-0.2,198,1.82,197,37.7,43,73.8,30,2022,0.1621340618714264,9,21,0.3,30
55,St. John's,BE,17-15,+13.07,110.3,46,97.2,72,73.6,1,-.101,346,+6.71,68,105.8,72,99.1,48,-7.17,333,,BE,73.6,1,110.3,46,50.8,135,15.9,40,30.7,91,26.1,295,97.2,72,48.9,126,21.3,33,31.5,309,33.2,254,73.6,1,74.2,3,14.6,1,17.7,214,110.3,46,106.3,78,97.2,72,99.3,109,77.7,76,+1.2,45,+1.0,73,+1.4,34,+0.7,87,+0.6,115,-0.2,194,1.96,169,34.0,105,39.2,239,2022,0.8106105066983236,17,15,0.53125,32
305,St. Thomas,Sum,10-20,-12.51,106.6,102,119.1,357,65.3,275,-.084,337,-4.87,263,101.9,195,106.8,319,-2.16,226,,Sum,65.3,275,106.6,102,52.0,80,12.6,1,20.7,347,23.7,335,119.1,357,58.9,358,16.1,299,27.2,129,32.5,241,65.3,275,67.0,243,18.4,275,17.4,135,106.6,102,108.6,40,119.1,357,116.9,357,75.2,353,-2.5,358,-2.6,355,-2.5,358,-1.9,343,-1.0,288,-0.7,253,2.66,15,30.4,185,0.0,0,2022,0.2183821218761594,10,20,0.3333333333333333,30
106,Stanford,P12,16-16,+6.09,105.2,132,99.1,109,65.8,252,+.075,40,+8.67,34,106.8,53,98.2,23,+1.52,120,,P12,65.8,252,105.2,132,49.8,183,22.3,349,33.8,23,29.9,184,99.1,109,51.4,240,16.4,294,22.9,19,29.0,146,65.8,252,66.8,254,18.8,310,17.2,92,105.2,132,98.8,247,99.1,109,102.4,196,79.2,3,+1.6,23,+1.1,58,+2.0,12,+3.1,2,+3.0,1,+1.8,39,1.29,315,36.9,57,53.6,139,2022,0.6652857306869426,16,16,0.5,32
123,Stephen F. Austin,WAC,22-10,+3.84,102.3,191,98.4,90,69.1,72,+.030,115,-1.88,187,101.9,194,103.8,198,+3.09,80,,WAC,69.1,72,102.3,191,51.3,117,22.3,350,34.5,16,36.5,40,98.4,90,49.2,139,24.4,7,32.2,329,37.4,322,69.1,72,70.7,54,17.0,100,16.8,31,102.3,191,102.2,171,98.4,90,96.9,56,75.8,330,-1.1,312,-1.7,343,-0.4,232,-0.8,283,-1.7,329,-1.1,282,1.34,307,28.8,232,52.8,144,2022,0.6099238156228313,22,10,0.6875,32
304,Stetson,ASun,11-19,-12.44,96.6,292,109.0,289,65.7,255,-.009,196,-3.99,243,101.8,202,105.8,277,-0.96,183,,ASun,65.7,255,96.6,292,48.8,229,19.5,253,28.2,169,25.6,303,109.0,289,53.0,302,16.1,301,27.5,148,26.8,84,65.7,255,66.6,260,18.8,308,17.1,70,96.6,292,97.9,264,109.0,289,107.7,301,77.1,145,+0.1,143,+0.1,152,+0.2,157,-0.1,198,-0.6,252,+1.3,69,1.41,293,34.7,90,80.4,9,2022,0.1995921906078876,11,19,0.36666666666666664,30
251,Stony Brook,AE,18-13,-6.77,104.1,155,110.9,321,68.2,111,+.099,20,-6.65,314,99.4,315,106.0,294,-1.28,197,,AE,68.2,111,104.1,155,50.3,161,15.6,32,27.4,193,27.7,258,110.9,321,52.6,287,17.4,230,29.6,241,23.8,34,68.2,111,68.4,161,17.2,120,17.7,215,104.1,155,105.5,102,110.9,321,107.4,290,75.9,322,-1.5,344,-1.4,320,-1.6,342,-0.9,290,-0.5,242,-0.7,253,2.07,133,33.2,125,62.1,79,2022,0.3257030391023881,18,13,0.5806451612903226,31
69,Syracuse,ACC,16-17,+11.45,115.4,15,104.0,207,67.6,144,-.065,316,+8.15,43,107.4,38,99.3,50,+3.25,75,,ACC,67.6,144,115.4,15,52.5,68,15.4,26,29.5,132,28.3,242,104.0,207,50.6,207,16.7,276,32.1,328,23.5,30,67.6,144,68.4,159,16.9,84,18.0,277,115.4,15,110.8,24,104.0,207,107.8,303,78.8,6,+1.7,20,+1.3,46,+2.0,10,+2.9,3,+2.4,12,+0.6,125,2.39,57,19.8,347,34.5,273,2022,0.7678400254470662,16,17,0.48484848484848486,33
26,TCU,B12,21-13,+17.02,108.7,74,91.7,15,65.9,246,+.014,144,+11.74,6,108.0,21,96.2,5,-5.00,298,9,B12,65.9,246,108.7,74,48.7,237,21.4,330,37.9,1,31.4,137,91.7,15,47.4,64,18.6,156,26.1,91,26.9,88,65.9,246,67.2,228,18.8,304,16.9,51,108.7,74,101.1,197,91.7,15,95.9,40,77.9,52,+0.6,87,+1.0,68,+0.2,134,+1.5,32,+0.6,110,+1.5,53,1.47,279,33.3,124,28.0,309,2022,0.8760775090992096,21,13,0.6176470588235294,34
212,Tarleton St.,WAC,14-17,-3.39,99.6,245,103.0,179,63.1,343,-.037,266,-0.48,152,101.8,199,102.3,126,+8.55,15,,WAC,63.1,343,99.6,245,46.3,318,18.3,167,27.0,211,33.7,76,103.0,179,52.4,282,24.7,5,34.0,349,35.6,301,63.1,343,64.6,337,19.8,348,17.1,67,99.6,245,97.5,271,103.0,179,101.2,164,75.6,341,-2.3,357,-3.2,358,-1.4,332,-0.0,188,-0.5,246,-1.7,313,1.79,208,19.8,349,65.1,65,2022,0.40467613885489223,14,17,0.45161290322580644,31
116,Temple,Amer,17-12,+4.48,102.1,194,97.7,78,66.3,223,+.083,31,+3.71,99,103.9,118,100.2,85,-1.69,208,,Amer,66.3,223,102.1,194,45.4,339,18.5,193,32.7,42,39.7,5,97.7,78,45.5,19,17.2,248,29.3,230,31.7,222,66.3,223,67.1,235,17.7,195,18.0,284,102.1,194,98.6,253,97.7,78,98.4,90,77.8,60,-0.1,181,-0.8,261,+0.6,93,+1.3,42,+1.8,18,+1.5,59,0.40,357,38.2,38,42.1,225,2022,0.6240063783309773,17,12,0.5862068965517241,29
9,Tennessee,SEC,27-8,+25.10,111.5,35,86.4,3,67.4,157,+.029,117,+11.39,10,108.5,9,97.1,13,+4.85,42,3,SEC,67.4,157,111.5,35,50.7,140,17.7,127,32.5,46,29.0,223,86.4,3,46.4,34,22.9,16,27.2,131,31.5,217,67.4,157,68.7,140,17.5,167,17.3,106,111.5,35,106.5,72,86.4,3,90.8,6,76.8,204,+1.1,53,+1.4,32,+0.8,74,+0.2,133,-1.1,300,-2.4,335,1.39,297,33.5,118,46.4,202,2022,0.949450220747888,27,8,0.7714285714285715,35
307,Tennessee Martin,OVC,8-22,-12.64,96.0,303,108.7,282,68.9,84,-.041,276,-2.13,192,101.3,219,103.4,172,+3.96,54,,OVC,68.9,84,96.0,303,46.1,324,19.4,249,30.0,112,26.3,288,108.7,282,50.8,213,18.5,163,31.8,316,37.2,317,68.9,84,70.2,74,17.1,115,17.0,62,96.0,303,95.1,305,108.7,282,106.6,275,76.5,246,-0.5,232,-0.2,194,-0.7,260,-1.0,305,-0.3,208,-0.2,197,1.32,311,33.6,116,0.0,347,2022,0.1932855039286512,8,22,0.26666666666666666,30
273,Tennessee St.,OVC,14-18,-8.63,98.0,267,106.6,254,67.5,146,-.054,301,-7.07,321,98.3,339,105.4,265,-8.23,346,,OVC,67.5,146,98.0,267,49.1,221,19.8,274,29.6,125,30.5,169,106.6,254,50.1,181,19.7,91,28.6,205,39.2,337,67.5,146,69.1,113,17.8,217,16.9,48,98.0,267,99.2,237,106.6,254,101.8,176,76.9,177,-0.5,228,-1.1,286,+0.2,156,+0.6,103,-0.4,222,+0.5,131,2.55,24,28.6,235,22.9,326,2022,0.2754121354872822,14,18,0.4375,32
259,Tennessee Tech,OVC,11-21,-7.94,99.9,241,107.8,276,69.3,64,-.086,340,-2.62,204,100.6,260,103.2,164,+3.56,69,,OVC,69.3,64,99.9,241,49.2,216,19.1,230,31.0,81,24.0,332,107.8,276,51.5,243,18.2,187,30.6,277,24.0,35,69.3,64,69.9,84,16.4,44,17.9,255,99.9,241,99.3,233,107.8,276,105.4,261,77.1,149,+0.8,73,+0.3,135,+1.3,41,+0.2,145,-0.8,271,-0.3,210,1.62,247,34.2,102,54.2,134,2022,0.2941647876538118,11,21,0.34375,32
15,Texas,B12,22-12,+20.88,112.5,26,91.6,14,63.8,336,-.043,281,+10.68,15,107.7,27,97.0,12,-8.15,343,6,B12,63.8,336,112.5,26,50.1,169,17.8,129,31.6,65,32.0,123,91.6,14,47.0,47,23.0,15,29.7,243,39.1,336,63.8,336,64.4,339,18.4,278,18.6,349,112.5,26,106.0,85,91.6,14,93.1,15,76.8,194,-0.9,290,-1.1,287,-0.7,265,-0.4,235,-0.1,178,+1.5,54,2.68,12,31.0,170,37.4,253,2022,0.9140015052067063,22,12,0.6470588235294118,34
33,Texas A&M,SEC,27-13,+15.69,109.1,66,93.4,30,66.7,202,-.010,197,+7.33,60,106.2,67,98.8,43,-5.58,308,1,SEC,66.7,202,109.1,66,49.6,196,18.9,222,33.5,30,35.7,46,93.4,30,47.4,63,23.7,9,33.2,340,33.3,257,66.7,202,68.5,157,17.1,114,17.6,190,109.1,66,104.0,133,93.4,30,96.0,42,76.2,296,-0.8,279,-0.6,237,-1.0,305,-1.6,334,-1.2,302,+0.4,153,1.52,274,40.1,23,33.0,280,2022,0.8565339824721235,27,13,0.675,40
245,Texas A&M Corpus Chris,Slnd,23-12,-6.55,96.6,291,103.2,185,69.4,63,+.028,119,-10.92,358,98.3,341,109.2,358,-9.14,349,16,Slnd,69.4,63,96.6,291,47.2,292,19.7,265,34.0,19,38.0,20,103.2,185,49.0,127,22.6,18,28.8,210,42.3,349,69.4,63,71.9,30,15.9,29,17.2,94,96.6,291,102.0,178,103.2,185,98.6,94,75.8,334,-1.2,323,-0.9,270,-1.4,335,-0.4,225,-1.8,334,-1.4,295,2.38,62,33.9,109,28.8,303,2022,0.3186383881722369,23,12,0.6571428571428571,35
187,Texas Southern,SWAC,19-13,-1.28,97.6,274,98.9,102,68.2,113,+.022,131,-6.25,305,98.7,333,105.0,249,+10.00,11,16,SWAC,68.2,113,97.6,274,48.2,259,21.4,329,33.0,39,33.6,78,98.9,102,45.3,16,17.3,242,27.9,172,33.4,258,68.2,113,69.7,91,17.2,130,17.1,73,97.6,274,98.6,255,98.9,102,94.6,28,77.1,146,+0.5,108,-0.2,177,+1.1,54,+0.5,104,+1.0,73,-1.6,310,2.82,3,46.5,1,56.6,114,2022,0.4620319642513118,19,13,0.59375,32
136,Texas St.,SB,21-8,+3.08,105.7,120,102.7,171,63.8,335,+.114,9,-3.17,221,100.7,253,103.8,200,-1.68,206,,SB,63.8,335,105.7,120,51.0,127,18.8,210,30.8,87,32.9,97,102.7,171,50.7,211,22.0,26,29.3,231,34.4,280,63.8,335,64.6,335,19.2,330,17.8,237,105.7,120,105.1,110,102.7,171,100.5,143,75.7,337,-0.5,243,-1.2,295,+0.1,167,-1.9,343,-0.6,249,-2.8,345,2.52,27,31.2,162,70.0,46,2022,0.5820311166500329,21,8,0.7241379310344828,29
7,Texas Tech,B12,27-10,+25.64,110.7,42,85.0,1,66.5,218,-.031,247,+10.98,12,107.8,26,96.8,9,-8.24,347,3,B12,66.5,218,110.7,42,52.6,63,19.8,273,33.1,37,35.1,53,85.0,1,45.8,22,23.2,12,25.9,79,31.9,226,66.5,218,67.3,220,17.8,209,17.8,243,110.7,42,105.8,94,85.0,1,89.1,2,78.3,28,+0.1,148,-0.5,225,+0.7,78,+1.1,48,+2.5,11,+3.0,8,2.48,34,36.4,64,32.0,289,2022,0.9542609482257993,27,10,0.7297297297297297,37
241,The Citadel,SC,13-18,-6.04,101.2,208,107.2,263,70.5,34,+.011,150,-0.69,157,104.4,105,105.1,255,-5.12,299,,SC,70.5,34,101.2,208,52.0,88,17.2,98,23.8,301,30.0,181,107.2,263,50.4,190,13.8,350,29.5,237,26.3,79,70.5,34,70.4,69,16.3,38,17.8,246,101.2,208,102.6,164,107.2,263,109.5,322,76.3,282,-1.3,334,-1.1,282,-1.6,340,-0.1,192,-0.5,231,-0.3,209,1.89,180,22.4,329,58.2,103,2022,0.3402071656723541,13,18,0.41935483870967744,31
95,Toledo,MAC,26-8,+8.04,110.2,48,102.1,160,68.8,86,+.039,94,-3.93,242,101.9,197,105.8,282,+2.05,104,,MAC,68.8,86,110.2,48,53.0,51,14.7,15,30.3,102,28.0,251,102.1,160,47.2,54,15.3,331,27.3,137,22.9,23,68.8,86,70.1,81,16.6,57,17.6,181,110.2,48,112.8,13,102.1,160,99.5,114,77.0,165,-0.8,284,-1.7,339,-0.0,188,-0.5,246,+0.8,76,+1.6,52,1.27,316,17.8,355,48.0,183,2022,0.7063988842447805,26,8,0.7647058823529411,34
75,Towson,CAA,25-9,+10.91,109.6,58,98.7,96,64.8,302,-.015,208,-1.99,190,101.7,204,103.7,187,-1.67,205,,CAA,64.8,302,109.6,58,51.6,100,17.9,142,35.7,9,33.9,73,98.7,96,47.9,79,19.4,107,26.5,107,31.9,230,64.8,302,66.1,280,18.9,323,17.6,179,109.6,58,109.9,28,98.7,96,97.1,62,76.6,228,-0.9,291,-0.9,267,-1.0,302,-0.7,265,+0.5,122,+0.4,154,2.38,64,29.5,214,45.1,208,2022,0.7693514782233353,25,9,0.7352941176470589,34
192,Troy,SB,20-12,-1.59,98.7,258,100.3,124,67.0,190,+.082,32,-2.84,208,101.1,226,103.9,204,-4.27,281,,SB,67.0,190,98.7,258,47.6,280,22.1,347,31.6,64,34.8,56,100.3,124,48.5,108,20.3,70,27.6,152,34.5,281,67.0,190,67.6,201,17.7,197,17.8,226,98.7,258,98.0,260,100.3,124,97.8,71,76.7,207,+0.6,93,+0.1,164,+1.1,53,+0.4,115,-0.2,206,-2.5,342,1.42,289,46.3,2,57.8,107,2022,0.45389915514827633,20,12,0.625,32
98,Tulane,Amer,14-15,+7.79,108.8,71,101.0,134,68.0,120,-.067,321,+4.65,89,104.2,110,99.6,61,-2.00,220,,Amer,68.0,120,108.8,71,51.2,118,15.0,19,20.1,350,33.4,90,101.0,134,49.6,158,20.3,66,32.8,336,28.5,129,68.0,120,69.3,101,17.1,109,17.6,185,108.8,71,104.3,126,101.0,134,102.0,183,76.7,215,-1.2,325,-1.0,280,-1.4,334,+0.1,152,+1.2,58,-0.1,190,0.73,354,28.2,241,63.8,71,2022,0.701718447090216,14,15,0.4827586206896552,29
171,Tulsa,Amer,11-20,-0.27,103.6,163,103.9,206,66.5,214,-.066,318,+2.79,107,103.5,131,100.7,101,-6.08,318,,Amer,66.5,214,103.6,163,49.6,197,19.0,227,26.7,226,31.0,150,103.9,206,52.2,272,20.1,82,30.1,262,29.0,147,66.5,214,67.3,221,17.3,141,18.2,312,103.6,163,100.1,214,103.9,206,103.9,232,77.2,134,-0.2,196,-0.5,220,+0.1,164,-0.6,251,-0.2,186,+2.3,18,2.16,109,30.0,200,38.8,243,2022,0.49168750715298304,11,20,0.3548387096774194,31
51,UAB,CUSA,27-8,+13.67,112.4,27,98.8,99,68.9,79,-.035,256,-0.77,159,102.0,189,102.8,147,-2.46,234,12,CUSA,68.9,79,112.4,27,52.8,55,16.4,52,33.2,36,29.3,209,98.8,99,48.3,104,21.1,35,27.5,147,31.3,209,68.9,79,70.0,82,16.4,41,17.8,217,112.4,27,111.6,19,98.8,99,96.3,47,76.6,223,+0.4,114,+1.1,66,-0.2,212,-0.9,290,-0.4,221,-1.1,284,2.19,102,30.2,190,52.1,153,2022,0.8150422943721765,27,8,0.7714285714285715,35
221,UC Davis,BW,13-11,-4.24,97.9,268,102.1,161,67.1,183,+.014,145,-6.01,291,99.6,309,105.7,275,-6.92,328,,BW,67.1,183,97.9,268,48.6,245,17.9,139,26.2,243,29.4,205,102.1,161,47.3,57,19.2,121,28.9,219,36.9,316,67.1,183,67.9,186,17.5,177,17.7,205,97.9,268,99.5,231,102.1,161,98.3,83,76.3,281,-1.1,316,-0.5,227,-1.7,343,-0.6,259,+0.7,102,-1.3,291,1.11,334,26.1,280,61.9,81,2022,0.38152721132990125,13,11,0.5416666666666666,24
133,UC Irvine,BW,15-10,+3.13,99.4,247,96.3,56,65.2,279,-.005,188,-0.24,146,102.1,186,102.4,128,+6.25,28,,BW,65.2,279,99.4,247,47.6,281,20.6,310,29.9,118,29.7,194,96.3,56,44.1,4,17.2,243,27.6,154,31.2,206,65.2,279,65.0,324,19.0,326,17.8,247,99.4,247,98.2,257,96.3,56,94.5,27,77.4,108,+1.1,57,+1.1,60,+1.1,58,-0.4,224,-0.5,247,+0.7,115,1.54,266,39.9,24,72.4,37,2022,0.5900963365276198,15,10,0.6,25
177,UC Riverside,BW,16-12,-0.58,100.3,228,100.9,131,65.3,271,+.004,164,-2.74,207,99.9,295,102.6,136,+2.89,86,,BW,65.3,271,100.3,228,50.7,139,18.3,174,22.4,331,26.9,275,100.9,131,47.1,48,16.1,300,22.4,8,28.2,119,65.3,271,65.3,316,19.0,324,17.6,163,100.3,228,98.8,249,100.9,131,97.2,63,78.7,10,+2.0,10,+3.4,6,+0.7,79,+0.5,110,+1.0,66,+3.1,4,2.01,150,22.6,326,57.9,106,2022,0.48285955098306005,16,12,0.5714285714285714,28
261,UC San Diego,BW,13-16,-8.00,101.6,197,109.6,297,67.9,125,+.006,160,-4.20,250,99.3,318,103.5,175,-4.20,280,,BW,67.9,125,101.6,197,52.0,84,18.9,217,18.6,354,32.7,104,109.6,297,52.7,289,17.2,251,27.6,153,22.0,15,67.9,125,67.9,183,17.5,175,17.9,251,101.6,197,100.2,211,109.6,297,105.4,263,77.2,135,-0.5,244,-0.7,253,-0.4,229,+0.1,152,+1.4,43,+0.7,117,1.58,253,26.7,269,56.4,115,2022,0.2949154223148141,13,16,0.4482758620689655,29
135,UC Santa Barbara,BW,17-11,+3.10,105.1,133,102.0,159,65.6,261,-.084,336,-5.62,284,99.2,320,104.8,247,-10.82,356,,BW,65.6,261,105.1,133,53.5,32,19.3,240,28.4,164,37.2,30,102.0,159,48.1,86,19.5,104,27.2,127,30.4,187,65.6,261,65.8,296,18.6,291,17.8,224,105.1,133,106.0,87,102.0,159,97.3,64,77.9,58,+1.5,28,+0.8,81,+2.1,7,-0.7,266,+0.7,106,+1.6,47,2.04,145,30.1,194,52.4,148,2022,0.5852355975396878,17,11,0.6071428571428571,28
104,UCF,Amer,18-12,+6.27,106.6,104,100.3,126,67.4,154,+.054,68,+3.68,100,103.4,135,99.7,65,-3.64,264,,Amer,67.4,154,106.6,104,49.9,177,19.1,229,30.8,86,28.5,234,100.3,126,48.7,115,20.7,47,30.8,282,29.8,168,67.4,154,68.1,174,16.6,55,18.4,331,106.6,104,102.1,174,100.3,126,99.7,121,77.4,105,+0.6,91,+1.1,64,+0.1,162,+0.1,171,+0.1,156,+0.7,119,1.98,164,33.0,131,66.7,58,2022,0.6683107875580353,18,12,0.6,30
11,UCLA,P12,27-8,+24.26,115.9,12,91.7,16,65.2,277,-.029,245,+8.50,39,107.2,43,98.7,38,+3.67,64,4,P12,65.2,277,115.9,12,50.5,150,13.2,4,31.4,74,29.4,207,91.7,16,47.6,72,19.4,109,25.3,65,28.3,121,65.2,277,66.5,265,18.1,255,17.9,268,115.9,12,111.6,18,91.7,16,95.2,31,77.9,55,+0.2,129,+0.2,150,+0.3,114,+2.1,11,+2.6,8,-0.5,240,2.21,96,31.9,150,80.9,8,2022,0.9366337987913719,27,8,0.7714285714285715,35
240,UMBC,AE,18-14,-6.01,103.8,162,109.8,301,68.3,108,+.044,81,-7.19,323,99.8,297,107.0,328,-2.66,238,,AE,68.3,108,103.8,162,52.6,65,16.2,46,21.9,339,31.1,148,109.8,301,52.8,293,16.6,284,28.8,213,19.7,3,68.3,108,68.5,158,16.8,73,18.0,281,103.8,162,106.5,74,109.8,301,106.2,270,75.0,356,-0.6,259,-1.1,285,-0.2,211,-0.7,268,-0.2,205,-7.8,358,2.66,17,30.0,199,54.3,133,2022,0.3438379261129395,18,14,0.5625,32
214,UMKC,Sum,19-12,-3.55,100.0,235,103.5,193,67.4,162,+.058,64,-5.04,268,103.2,145,108.2,352,+0.78,134,,Sum,67.4,162,100.0,235,52.3,74,15.6,33,21.6,342,31.6,130,103.5,193,52.0,263,21.0,37,26.6,111,44.4,354,67.4,162,68.5,152,17.4,156,17.5,160,100.0,235,103.3,147,103.5,193,103.4,220,75.8,332,-1.7,350,-1.5,330,-1.8,350,-0.5,242,+0.4,134,-2.4,334,2.04,143,36.3,65,34.6,271,2022,0.4023659992835192,19,12,0.6129032258064516,31
249,UMass Lowell,AE,15-16,-6.70,96.2,300,102.9,175,67.5,151,-.063,311,-7.13,322,100.0,289,107.1,333,-2.22,227,,AE,67.5,151,96.2,300,48.0,266,18.3,168,29.3,141,26.5,283,102.9,175,48.9,120,19.6,98,29.9,253,32.5,242,67.5,151,67.6,203,17.2,134,18.3,319,96.2,300,99.2,236,102.9,175,99.6,117,76.2,288,-1.0,302,-2.2,350,+0.2,134,+0.3,129,-0.6,255,-1.4,294,2.05,141,30.5,182,39.4,234,2022,0.3155550039285215,15,16,0.4838709677419355,31
209,UNC Asheville,BSth,17-15,-2.97,102.3,190,105.3,226,66.8,199,-.036,260,-5.35,274,100.3,278,105.6,271,-0.46,171,,BSth,66.8,199,102.3,190,50.5,153,18.2,161,26.6,233,37.1,32,105.3,226,49.9,172,19.0,134,32.9,337,27.4,98,66.8,199,67.9,181,17.7,200,17.5,142,102.3,190,103.3,148,105.3,226,102.4,193,77.6,82,+0.6,98,+0.5,116,+0.6,91,+0.1,152,+1.8,23,+0.3,156,2.38,61,27.0,265,71.5,41,2022,0.41765846384479205,17,15,0.53125,32
178,UNC Greensboro,SC,17-15,-0.66,100.5,223,101.2,140,62.2,349,+.037,104,-1.42,177,104.4,106,105.8,283,-3.24,255,,SC,62.2,349,100.5,223,49.8,184,20.1,287,32.4,49,27.5,263,101.2,140,50.4,191,18.6,157,25.2,62,28.6,135,62.2,349,63.0,351,20.0,350,17.8,231,100.5,223,101.3,192,101.2,140,102.3,191,76.1,305,-0.5,235,+0.4,122,-1.4,333,-0.9,290,-2.0,344,-0.4,225,2.50,32,34.5,99,42.6,221,2022,0.4800551294202239,17,15,0.53125,32
146,UNC Wilmington,CAA,27-9,+2.04,105.1,135,103.1,183,65.5,263,+.155,3,-2.36,202,102.3,177,104.7,238,-5.48,306,,CAA,65.5,263,105.1,135,48.1,264,14.6,12,28.1,170,34.4,65,103.1,183,50.5,198,19.9,88,31.8,321,34.8,290,65.5,263,66.4,269,17.7,192,18.5,340,105.1,135,105.5,101,103.1,183,102.3,190,76.8,191,-1.2,324,-1.6,337,-0.8,272,+0.2,143,+0.4,133,+1.2,86,2.27,82,25.9,285,37.5,252,2022,0.5550134273261605,27,9,0.75,36
90,UNLV,MWC,18-14,+8.79,107.5,87,98.7,97,66.2,230,-.020,218,+4.22,94,104.1,113,99.9,70,+1.18,128,,MWC,66.2,230,107.5,87,49.1,220,17.0,79,27.1,207,30.7,159,98.7,97,48.4,106,17.2,249,25.9,77,30.8,198,66.2,230,66.6,264,18.0,237,17.8,234,107.5,87,103.6,141,98.7,97,99.5,113,76.4,258,-0.6,261,+0.1,161,-1.3,327,-0.9,290,-0.3,209,-0.2,203,2.43,44,35.5,73,19.4,331,2022,0.7275381558961157,18,14,0.5625,32
47,USC,P12,26-8,+14.14,109.8,54,95.6,45,66.2,231,+.060,57,+5.14,81,104.8,90,99.7,67,-4.72,292,7,P12,66.2,231,109.8,54,51.2,119,18.0,144,33.5,32,30.9,156,95.6,45,44.7,11,14.4,342,26.7,113,26.8,85,66.2,231,67.5,209,17.4,153,18.0,287,109.8,54,106.3,81,95.6,45,97.0,61,79.1,4,+1.7,18,+1.1,59,+2.3,4,+4.1,1,+2.1,14,+1.2,87,1.81,204,29.8,203,55.7,120,2022,0.8309828058867184,26,8,0.7647058823529411,34
262,USC Upstate,BSth,15-17,-8.05,102.2,193,110.3,309,68.6,98,+.067,49,-3.25,223,100.6,257,103.9,202,+3.49,70,,BSth,68.6,98,102.2,193,51.3,111,18.7,207,22.4,330,29.0,218,110.3,309,51.6,253,17.9,209,30.8,281,38.3,330,68.6,98,69.4,99,17.1,103,17.3,108,102.2,193,100.9,202,110.3,309,107.8,304,76.2,295,-0.8,280,-1.2,295,-0.5,241,+0.2,144,+0.4,137,-2.7,344,1.82,199,29.8,205,46.6,197,2022,0.29377268830893283,15,17,0.46875,32
222,UT Arlington,SB,11-18,-4.28,97.7,272,102.0,157,65.2,281,-.027,238,+0.64,130,102.3,178,101.6,115,+10.44,8,,SB,65.2,281,97.7,272,45.7,334,20.3,294,30.5,97,29.7,195,102.0,157,49.4,144,20.3,72,31.7,315,32.3,238,65.2,281,66.0,283,18.3,271,17.8,219,97.7,272,94.4,317,102.0,157,101.1,161,76.5,243,+0.0,166,+0.3,137,-0.3,216,-0.6,252,+0.1,162,-1.7,315,1.81,202,38.1,39,39.0,240,2022,0.37864125042422503,11,18,0.3793103448275862,29
301,UT Rio Grande Valley,WAC,8-23,-11.80,99.9,239,111.7,332,71.8,15,-.071,324,-1.47,179,100.6,264,102.0,120,-0.31,167,,WAC,71.8,15,99.9,239,49.5,201,20.8,316,24.7,290,41.4,2,111.7,332,51.9,261,17.9,207,33.5,344,35.6,300,71.8,15,72.9,13,16.2,36,16.6,16,99.9,239,97.2,275,111.7,332,109.5,323,76.5,250,-0.6,247,-0.7,240,-0.4,239,+0.7,91,-1.0,293,-1.0,272,1.95,170,30.1,197,27.2,311,2022,0.2168801700002734,8,23,0.25806451612903225,31
168,UTEP,CUSA,20-14,+0.17,100.7,219,100.5,127,66.6,209,+.039,95,-1.69,183,102.1,185,103.8,197,-1.74,209,,CUSA,66.6,209,100.7,219,49.2,218,16.7,64,22.6,322,27.8,254,100.5,127,49.9,171,20.5,55,29.4,235,37.3,318,66.6,209,67.4,214,17.7,198,17.7,216,100.7,219,100.4,208,100.5,127,99.3,108,77.5,94,-0.2,199,-0.4,214,-0.0,187,+0.1,152,+0.9,75,+2.0,28,1.54,270,33.2,126,59.5,95,2022,0.505715458690002,20,14,0.5882352941176471,34
312,UTSA,CUSA,10-22,-13.20,94.3,324,107.5,271,68.7,94,-.020,220,-2.21,198,101.6,205,103.8,196,-8.18,345,,CUSA,68.7,94,94.3,324,43.6,353,17.6,120,29.5,128,25.4,307,107.5,271,54.3,335,17.0,262,25.8,75,33.0,251,68.7,94,69.0,118,17.7,191,17.0,63,94.3,324,93.5,332,107.5,271,106.6,276,77.7,75,+0.6,94,+1.1,63,+0.1,174,+0.6,99,-0.1,177,+1.9,35,1.76,213,42.2,8,43.6,218,2022,0.18144157612952183,10,22,0.3125,32
122,Utah,P12,11-20,+3.86,107.3,88,103.5,189,66.2,235,-.121,356,+6.09,72,105.4,83,99.3,52,-1.26,195,,P12,66.2,235,107.3,88,48.4,249,18.1,157,29.3,143,30.0,183,103.5,189,49.4,148,15.2,332,29.2,229,28.6,132,66.2,235,67.2,231,17.5,170,18.0,279,107.3,88,103.1,153,103.5,189,104.4,248,78.4,22,+1.3,38,+1.8,27,+0.9,66,+1.0,70,+1.6,31,+1.8,38,2.00,156,37.7,42,23.2,323,2022,0.6022037550406103,11,20,0.3548387096774194,31
60,Utah St.,MWC,18-16,+12.63,109.8,55,97.1,68,66.8,200,-.133,358,+4.59,91,104.8,92,100.2,83,+3.30,73,,MWC,66.8,200,109.8,55,54.2,24,18.4,178,25.9,254,28.9,225,97.1,68,49.6,159,18.3,176,22.8,17,29.0,148,66.8,200,67.3,223,17.1,106,18.4,338,109.8,55,106.5,71,97.1,68,97.9,74,77.4,98,+0.9,67,+1.1,54,+0.7,83,+0.9,72,-0.1,173,-0.3,216,2.25,88,28.9,228,39.9,230,2022,0.8043284580344515,18,16,0.5294117647058824,34
119,Utah Valley,WAC,20-12,+4.33,102.7,184,98.3,87,65.8,250,-.011,202,-1.13,169,101.5,215,102.6,139,+2.18,99,,WAC,65.8,250,102.7,184,50.6,143,22.1,348,32.0,56,38.1,17,98.3,87,45.4,17,15.6,322,24.5,47,28.3,125,65.8,250,67.5,210,18.1,252,17.2,91,102.7,184,101.3,193,98.3,87,95.7,37,78.0,49,+1.8,13,+1.6,29,+2.1,8,+1.1,62,+0.8,76,-0.5,234,1.34,303,29.4,216,51.8,158,2022,0.6232962909895152,20,12,0.625,32
63,VCU,A10,22-10,+12.31,101.1,209,88.8,7,68.6,95,+.059,61,+5.66,77,106.2,65,100.5,92,+5.47,35,,A10,68.6,95,101.1,209,51.4,107,21.9,341,26.6,231,30.9,155,88.8,7,44.4,9,24.7,4,32.0,325,38.3,331,68.6,95,68.6,145,16.8,75,18.1,302,101.1,209,97.2,276,88.8,7,91.0,7,77.3,123,-0.2,193,-0.4,212,+0.0,184,+0.1,172,+0.8,76,+1.1,93,1.66,236,33.7,113,56.3,117,2022,0.8163512836373317,22,10,0.6875,32
170,VMI,SC,16-16,-0.18,110.3,45,110.5,316,68.9,78,-.032,250,-0.28,147,103.7,129,103.9,206,-1.07,187,,SC,68.9,78,110.3,45,55.3,17,16.9,73,22.7,318,26.3,290,110.5,316,51.1,228,14.0,347,29.6,240,25.3,51,68.9,78,69.2,111,16.7,68,17.8,239,110.3,45,110.0,27,110.5,316,110.6,331,75.3,351,-0.1,182,+1.1,57,-1.3,328,-2.7,355,-2.8,356,-2.4,338,1.53,273,20.4,344,65.6,63,2022,0.4947918536143322,16,16,0.5,32
202,Valparaiso,MVC,14-18,-2.63,102.7,181,105.4,229,65.1,288,-.024,235,+0.32,135,103.2,141,102.9,154,-5.49,307,,MVC,65.1,288,102.7,181,51.0,126,16.5,56,20.3,349,26.9,274,105.4,229,52.3,275,16.5,291,24.8,55,22.6,18,65.1,288,65.5,309,18.0,241,18.6,346,102.7,181,101.5,186,105.4,229,105.2,257,76.8,186,-0.5,238,-0.5,222,-0.6,247,-0.6,258,+0.2,149,+0.9,107,2.11,124,33.4,121,34.5,272,2022,0.4259410902217393,14,18,0.4375,32
64,Vanderbilt,SEC,19-17,+12.27,107.2,90,94.9,40,67.8,130,-.053,300,+8.58,36,107.1,46,98.5,33,-0.82,182,,SEC,67.8,130,107.2,90,50.2,166,18.9,218,27.5,188,38.7,11,94.9,40,48.5,109,20.7,45,27.7,161,34.9,291,67.8,130,68.9,124,18.1,253,16.7,23,107.2,90,101.9,179,94.9,40,97.8,72,77.3,110,+0.4,116,+0.9,76,-0.1,191,+0.8,82,+0.3,144,-0.0,185,1.73,227,33.3,123,46.8,196,2022,0.8024272371577942,19,17,0.5277777777777778,36
54,Vermont,AE,28-6,+13.20,111.1,39,97.9,83,64.9,292,-.028,241,-7.00,319,99.0,323,106.0,293,+1.92,107,13,AE,64.9,292,111.1,39,57.1,3,14.7,14,23.7,306,26.7,278,97.9,83,47.7,75,16.9,268,18.8,1,23.3,25,64.9,292,65.2,319,18.3,273,18.3,323,111.1,39,114.3,7,97.9,83,93.6,22,76.3,272,-1.4,339,-1.6,338,-1.1,312,-0.6,253,-0.3,214,+0.6,122,2.80,4,33.0,133,72.2,39,2022,0.8107004109766859,28,6,0.8235294117647058,34
10,Villanova,BE,30-8,+24.56,117.5,9,92.9,23,62.3,347,+.060,58,+11.46,9,109.1,6,97.6,15,+8.65,14,2,BE,62.3,347,117.5,9,51.5,102,15.5,29,31.2,75,29.8,190,92.9,23,47.3,59,18.4,166,28.9,215,25.0,46,62.3,347,63.6,344,19.9,349,17.6,167,117.5,9,112.5,14,92.9,23,98.1,80,77.3,109,-0.7,265,-1.5,327,+0.2,134,+0.0,177,+0.8,76,+2.4,14,2.42,48,22.8,320,73.1,35,2022,0.937116211832998,30,8,0.7894736842105263,38
72,Virginia,ACC,21-14,+11.23,107.6,85,96.4,59,59.5,357,+.025,125,+7.03,62,107.3,42,100.2,84,-4.06,275,,ACC,59.5,357,107.6,85,49.7,186,16.1,42,27.8,181,28.1,247,96.4,59,48.8,118,18.3,177,28.8,209,23.3,27,59.5,357,60.0,358,20.3,355,19.4,358,107.6,85,103.8,135,96.4,59,100.0,130,77.0,168,+1.4,34,+2.8,12,+0.1,178,-0.3,215,-0.0,168,-2.4,339,2.11,125,19.6,350,36.9,257,2022,0.7797166874467787,21,14,0.6,35
19,Virginia Tech,ACC,23-13,+18.86,115.0,17,96.1,54,63.3,340,-.062,310,+7.88,50,107.4,37,99.5,59,-0.53,174,11,ACC,63.3,340,115.0,17,55.1,18,17.0,86,27.9,177,24.5,327,96.1,54,48.9,125,18.7,152,26.2,95,25.6,60,63.3,340,63.6,345,19.2,332,18.5,343,115.0,17,111.0,22,96.1,54,98.6,95,76.8,201,+0.1,158,-0.2,177,+0.3,124,-0.6,255,-0.1,176,-0.4,224,2.16,108,22.1,331,60.2,90,2022,0.8874287960055371,23,13,0.6388888888888888,36
149,Wagner,NEC,21-6,+1.67,101.9,196,100.3,123,66.5,217,+.081,33,-9.40,355,97.7,353,107.1,330,+1.43,122,,NEC,66.5,217,101.9,196,49.9,176,18.0,148,33.5,31,32.1,117,100.3,123,48.1,87,22.3,22,27.5,145,39.3,338,66.5,217,68.0,177,17.2,131,17.7,207,101.9,196,105.8,96,100.3,123,94.2,25,76.8,193,-1.0,304,-1.6,334,-0.4,235,+0.3,127,+1.3,50,-0.4,222,2.13,118,33.1,130,60.7,88,2022,0.545375270841546,21,6,0.7777777777777778,27
35,Wake Forest,ACC,25-10,+15.56,110.7,41,95.1,42,70.6,30,-.001,175,+4.30,92,106.3,62,102.0,117,-9.39,350,,ACC,70.6,30,110.7,41,55.6,13,19.3,241,26.8,223,33.6,77,95.1,42,47.2,53,17.6,224,26.1,93,29.4,159,70.6,30,71.3,41,16.4,46,17.1,77,110.7,41,108.9,33,95.1,42,97.4,67,78.6,13,+1.8,14,+2.1,21,+1.5,32,+2.1,10,+1.5,38,+0.8,110,2.41,50,25.2,298,32.3,287,2022,0.8515475968554646,25,10,0.7142857142857143,35
110,Washington,P12,17-15,+5.17,104.1,158,98.9,103,69.5,59,+.078,34,+5.82,76,105.9,71,100.1,77,-2.30,229,,P12,69.5,59,104.1,158,46.4,316,16.7,65,29.3,140,34.7,57,98.9,103,49.9,176,22.1,25,35.5,355,30.2,177,69.5,59,70.5,63,16.5,51,17.7,199,104.1,158,99.4,232,98.9,103,101.7,172,77.9,51,+0.6,92,+1.0,74,+0.2,134,+1.1,47,+0.3,140,+2.3,18,2.55,23,28.1,243,33.9,277,2022,0.643202560745126,17,15,0.53125,32
44,Washington St.,P12,22-15,+14.46,107.7,82,93.3,28,66.3,224,-.084,338,+5.09,82,105.7,76,100.6,99,-3.37,257,,P12,66.3,224,107.7,82,47.9,268,16.6,59,33.4,33,29.8,187,93.3,28,46.9,40,20.5,58,29.5,236,30.3,181,66.3,224,67.4,215,18.4,276,17.3,111,107.7,82,105.4,104,93.3,28,95.6,36,77.3,122,+1.5,26,+1.4,38,+1.6,27,+0.4,118,-0.5,233,-1.2,285,1.60,248,34.3,101,52.2,152,2022,0.8389706365342997,22,15,0.5945945945945946,37
174,Weber St.,BSky,21-12,-0.48,103.3,170,103.8,204,69.5,60,+.023,129,-6.01,292,101.0,232,107.0,325,-0.42,170,,BSky,69.5,60,103.3,170,53.5,33,16.3,48,20.0,352,37.8,22,103.8,204,52.3,276,20.2,73,25.0,57,26.9,86,69.5,60,70.6,58,15.8,21,18.1,304,103.3,170,106.1,84,103.8,204,101.0,157,77.7,66,-0.4,223,-0.1,175,-0.7,262,+1.1,50,+1.2,54,+2.4,16,1.66,235,21.8,335,48.4,180,2022,0.4861213565013429,21,12,0.6363636363636364,33
66,West Virginia,B12,16-17,+11.76,108.3,77,96.6,63,68.0,122,-.001,177,+12.52,3,108.4,11,95.9,4,-0.37,168,,B12,68.0,122,108.3,77,46.8,303,18.1,158,29.9,115,36.1,43,96.6,63,50.6,204,22.5,20,33.7,346,34.1,274,68.0,122,68.5,156,18.2,266,16.8,32,108.3,77,100.0,219,96.6,63,100.7,146,77.0,167,+0.0,163,-0.1,176,+0.2,134,-0.9,285,-0.2,186,+1.1,91,2.29,80,34.2,103,48.0,184,2022,0.7883075425414023,16,17,0.48484848484848486,33
296,Western Carolina,SC,11-21,-11.29,99.0,252,110.3,307,68.2,112,+.074,44,-0.55,154,105.0,87,105.5,268,-2.74,244,,SC,68.2,112,99.0,252,47.9,271,17.7,128,28.7,156,27.8,253,110.3,307,53.2,313,14.4,343,28.5,199,28.7,136,68.2,112,69.0,117,17.2,124,17.5,143,99.0,252,99.7,221,110.3,307,112.3,347,77.0,163,-0.8,282,-0.9,266,-0.8,272,+0.1,146,+0.5,123,+1.3,85,2.08,131,32.2,147,17.3,333,2022,0.22391998036459312,11,21,0.34375,32
250,Western Illinois,Sum,16-16,-6.77,100.4,227,107.1,262,70.6,29,-.012,204,-5.90,290,102.6,166,108.5,355,-5.79,312,,Sum,70.6,29,100.4,227,49.6,189,15.9,39,28.8,153,29.4,204,107.1,262,52.9,298,17.3,240,22.7,16,31.4,212,70.6,29,72.2,24,17.5,174,15.7,2,100.4,227,104.8,116,107.1,262,105.9,269,77.8,62,+1.1,51,+0.8,81,+1.4,33,+1.4,36,-0.7,262,+1.3,69,2.31,71,21.8,333,47.0,194,2022,0.3223683845423053,16,16,0.5,32
112,Western Kentucky,CUSA,19-13,+4.90,106.6,105,101.7,150,68.6,96,-.033,252,-1.24,173,102.3,180,103.5,176,-1.29,198,,CUSA,68.6,96,106.6,105,52.7,60,17.6,119,25.1,279,31.2,141,101.7,150,50.6,205,19.8,89,30.4,271,16.4,1,68.6,96,70.2,73,16.8,72,17.1,90,106.6,105,105.6,100,101.7,150,100.9,155,78.4,21,+3.0,2,+5.6,1,+0.4,113,+0.4,120,+0.4,135,+0.4,152,2.42,49,20.3,345,35.4,265,2022,0.6320790592232519,19,13,0.59375,32
329,Western Michigan,MAC,8-23,-15.21,96.9,287,112.1,335,64.0,331,-.024,234,-2.48,203,103.4,132,105.9,287,+4.56,44,,MAC,64.0,331,96.9,287,49.3,211,20.3,297,27.2,201,24.3,330,112.1,335,53.4,318,15.0,334,32.3,332,29.8,169,64.0,331,66.2,275,19.3,337,16.9,42,96.9,287,97.2,277,112.1,335,113.7,351,76.0,316,-0.0,170,-0.4,218,+0.3,115,-1.8,339,-1.6,328,-1.4,303,1.50,277,38.6,34,36.2,260,2022,0.15766758175638126,8,23,0.25806451612903225,31
94,Wichita St.,Amer,15-13,+8.11,104.0,159,95.9,47,66.9,193,-.037,267,+4.61,90,104.6,100,100.0,75,+1.68,113,,Amer,66.9,193,104.0,159,46.7,306,18.7,202,32.3,55,31.7,127,95.9,47,47.3,60,20.1,78,28.3,188,30.4,184,66.9,193,67.8,189,18.0,239,17.3,109,104.0,159,99.7,223,95.9,47,96.6,52,77.0,162,-0.2,190,-0.2,190,-0.1,203,+0.4,119,-0.7,266,+0.9,105,1.32,312,32.0,149,61.9,83,2022,0.7175774532516027,15,13,0.5357142857142857,28
338,William & Mary,CAA,5-27,-17.33,90.2,352,107.5,270,68.8,93,+.015,143,-1.13,170,102.6,167,103.7,189,-2.06,223,,CAA,68.8,93,90.2,352,46.0,329,23.1,353,27.1,209,30.3,177,107.5,270,53.6,324,17.9,202,27.7,159,27.2,93,68.8,93,69.5,96,17.4,157,17.0,64,90.2,352,89.5,351,107.5,270,107.2,285,77.3,115,+0.1,153,+0.2,148,+0.0,179,+0.6,98,+0.7,108,+0.3,159,1.00,345,30.1,195,50.2,167,2022,0.11734601102501195,5,27,0.15625,32
159,Winthrop,BSth,23-9,+0.89,105.9,113,105.0,222,68.3,109,+.115,8,-2.94,213,100.8,246,103.7,188,+6.22,29,,BSth,68.3,109,105.9,113,56.4,6,21.2,323,25.3,272,37.5,26,105.0,222,51.0,224,19.3,119,27.5,144,33.5,259,68.3,109,68.8,131,17.0,97,17.7,193,105.9,113,105.5,103,105.0,222,102.5,197,76.0,314,-0.5,230,-1.1,291,+0.2,134,-0.7,271,-0.8,275,-2.3,332,2.20,99,37.6,45,47.2,190,2022,0.5245181643305342,23,9,0.71875,32
37,Wisconsin,B10,25-8,+15.34,109.3,62,94.0,34,66.5,215,+.105,15,+9.77,21,108.4,12,98.6,37,+2.91,85,3,B10,66.5,215,109.3,62,47.7,276,13.0,2,26.0,250,32.4,109,94.0,34,48.9,123,17.1,260,24.4,44,27.2,94,66.5,215,67.0,242,18.0,235,17.8,229,109.3,62,104.3,125,94.0,34,98.3,85,78.3,26,+2.4,6,+2.7,14,+2.0,9,+0.0,176,+0.8,76,+1.4,63,1.47,281,23.2,315,42.0,226,2022,0.8499512238415222,25,8,0.7575757575757576,33
111,Wofford,SC,19-13,+5.03,106.5,109,101.5,146,64.2,325,-.031,248,-0.29,148,104.4,108,104.7,239,-0.30,166,,SC,64.2,325,106.5,109,53.9,28,17.7,123,26.9,217,28.2,243,101.5,146,53.8,330,19.7,94,22.2,7,28.6,130,64.2,325,64.8,332,19.1,329,18.1,295,106.5,109,108.0,50,101.5,146,102.6,203,76.7,213,-0.4,222,-0.8,263,+0.1,177,-0.7,270,-0.2,186,+0.4,149,1.41,294,26.0,284,54.0,136,2022,0.6348292810630748,19,13,0.59375,32
172,Wright St.,Horz,22-14,-0.28,106.3,110,106.6,253,68.9,85,+.003,165,-6.76,316,100.2,280,107.0,326,-0.23,162,16,Horz,68.9,85,106.3,110,51.7,98,17.7,121,31.0,82,31.6,131,106.6,253,51.5,246,18.6,154,30.0,260,26.1,71,68.9,85,69.7,88,16.7,63,17.6,187,106.3,110,108.7,37,106.6,253,103.6,225,77.0,170,-0.2,192,-0.2,177,-0.2,207,+1.1,50,+0.0,165,-0.7,253,1.55,263,17.0,356,64.7,68,2022,0.49189830829023423,22,14,0.6111111111111112,36
65,Wyoming,MWC,25-9,+11.94,109.1,67,97.2,71,66.1,239,+.056,65,+4.10,97,104.7,97,100.6,100,-1.05,186,12,MWC,66.1,239,109.1,67,52.3,72,17.0,87,25.5,267,37.1,33,97.2,71,47.1,51,15.7,319,24.6,48,24.8,43,66.1,239,66.1,279,18.7,295,17.6,184,109.1,67,106.8,66,97.2,71,98.0,75,78.7,8,+0.6,97,+0.1,153,+1.0,61,+2.1,11,+2.4,13,+3.3,2,1.82,196,21.1,339,59.1,99,2022,0.7905399370564884,25,9,0.7352941176470589,34
53,Xavier,BE,23-13,+13.36,111.2,37,97.8,82,68.6,100,+.010,152,+7.92,48,106.4,60,98.4,31,+0.98,131,,BE,68.6,100,111.2,37,50.9,133,16.7,60,29.3,139,35.3,49,97.8,82,48.3,99,18.1,190,26.1,89,25.9,64,68.6,100,69.2,110,16.7,67,18.0,276,111.2,37,105.8,97,97.8,82,99.1,101,78.4,23,+1.5,24,+2.1,23,+1.0,60,+0.6,94,+1.1,60,+2.2,24,2.09,130,31.2,163,66.5,59,2022,0.8140685857363397,23,13,0.6388888888888888,36
147,Yale,Ivy,19-12,+1.98,100.7,218,98.8,98,68.8,88,+.063,53,-1.48,180,103.3,139,104.8,246,+0.65,137,14,Ivy,68.8,88,100.7,218,49.7,187,18.4,179,25.8,259,32.2,116,98.8,98,48.9,122,18.2,182,26.7,112,32.1,233,68.8,88,70.2,75,17.6,187,16.4,9,100.7,218,101.1,200,98.8,98,99.1,99,76.5,249,-1.7,352,-1.7,342,-1.8,347,-0.0,182,+0.6,112,+0.4,151,1.97,166,33.9,107,0.0,0,2022,0.5545456215589859,19,12,0.6129032258064516,31
254,Youngstown St.,Horz,19-15,-7.49,102.8,177,110.3,310,66.6,207,+.002,168,-9.69,356,98.1,344,107.7,346,-6.97,329,,Horz,66.6,207,102.8,177,51.0,128,17.4,110,29.8,123,30.4,170,110.3,310,51.0,221,17.1,254,28.4,192,30.3,182,66.6,207,67.1,239,17.9,226,17.8,233,102.8,177,106.4,75,110.3,310,105.1,254,75.8,329,-1.1,318,-1.2,295,-1.1,309,-0.8,280,-0.9,281,-1.6,309,1.91,176,30.1,193,44.0,215,2022,0.3079302194840307,19,15,0.5588235294117647,34
