rk,TEAM,CONF,RECORD,KADJ EM,adjo,adjo.rank,adjd,adjd.rank,adjt,adjt.rank,luck,luck.rank,sos-adjem,sos-adjem.rank,sos-oppo,sos-oppo.rank,sos-oppd,sos-oppd.rank,ncsos-adjem,ncsos-adjem.rank,seed,conference,KADJ T,adjtempo.rank,KADJ O,adjoe.rank,off-efg%,off-efg%.rank,off-to%,off-to%.rank,off-or%,off-or%.rank,off-ftrate,off-ftrate.rank,KADJ D,adjde.rank,def-efg%,def-efg%.rank,def-to%,def-to%.rank,def-or%,def-or%.rank,def-ftrate,def-ftrate.rank,tempo-adj,tempo-adj.rank,tempo-raw,tempo-raw.rank,avg. poss length-offense,avg. poss length-offense.rank,avg. poss length-defense,avg. poss length-defense.rank,off. efficiency-adj,off. efficiency-adj.rank,off. efficiency-raw,off. efficiency-raw.rank,def. efficiency-adj,def. efficiency-adj.rank,def. efficiency-raw,def. efficiency-raw.rank,avghgt,avghgt.rank,effhgt,effhgt.rank,c-hgt,c-hgt.rank,pf-hgt,pf-hgt.rank,sf-hgt,sf-hgt.rank,sg-hgt,sg-hgt.rank,pg-hgt,pg-hgt.rank,EXP,experience.rank,bench,bench.rank,CONTINUITY,continuity.rank,YEAR,BARTHAG,W,L,WIN%,GAMES
298,Abilene Christian,Slnd,13-16,-11.86,97.0,306,108.8,252,65.8,284,+.049,59,-5.96,302,101.7,288,107.6,294,+1.15,123,,Slnd,65.8,284,97.0,306,52.5,80,21.0,319,23.2,326,34.8,188,108.8,252,52.9,280,21.4,29,31.7,282,44.3,327,65.8,284,67.8,257,18.0,255,17.5,221,97.0,306,98.1,282,108.8,252,105.2,210,76.3,239,-0.8,269,-1.0,275,-0.6,247,-0.9,277,-0.7,250,+0.9,99,0.94,310,35.7,87,48.5,190,2017,0.21078433971479163,13,16,0.4482758620689655,29
222,Air Force,MWC,12-21,-5.22,104.3,175,109.5,270,67.1,232,-.065,316,+0.29,130,104.4,157,104.1,124,-6.10,319,,MWC,67.1,232,104.3,175,49.8,203,17.9,121,26.5,269,37.4,119,109.5,270,54.6,329,17.5,242,24.6,17,32.6,113,67.1,232,68.9,211,18.3,273,16.5,35,104.3,175,102.6,183,109.5,270,108.6,285,76.3,236,-1.5,331,-1.8,335,-1.3,308,-1.0,288,+0.2,150,+1.7,42,1.71,115,33.0,149,62.5,65,2017,0.36366046123263895,12,21,0.36363636363636365,33
100,Akron,MAC,27-9,+6.10,112.6,47,106.4,209,66.3,266,+.084,10,-1.48,176,104.2,166,105.7,181,-5.23,302,7,MAC,66.3,266,112.6,47,55.1,23,17.2,79,29.4,171,37.3,125,106.4,209,51.0,194,16.7,284,27.9,115,32.9,117,66.3,266,68.1,247,18.4,286,16.9,92,112.6,47,112.2,27,106.4,209,105.1,206,76.3,235,+1.4,37,+1.0,72,+1.7,21,-1.1,295,-1.5,309,-2.3,325,1.86,76,28.0,265,67.6,31,2017,0.65730686799652,27,9,0.75,36
56,Alabama,SEC,19-15,+13.08,105.3,152,92.2,10,65.1,302,-.055,307,+7.16,58,108.1,65,100.9,46,-1.64,204,3,SEC,65.1,302,105.3,152,48.2,268,20.4,299,34.1,38,39.1,75,92.2,10,46.1,23,19.8,91,26.6,61,39.9,274,65.1,302,67.4,274,18.7,301,16.9,85,105.3,152,100.2,239,92.2,10,94.7,16,78.0,30,+0.8,84,+0.5,119,+1.1,55,+2.3,9,+2.5,9,+0.0,189,1.55,162,38.5,36,36.0,286,2017,0.821686078069569,19,15,0.5588235294117647,34
351,Alabama A&M,SWAC,2-27,-30.34,91.4,342,121.8,350,64.3,316,-.075,326,-10.15,343,98.7,341,108.9,335,+1.08,125,,SWAC,64.3,316,91.4,342,44.2,343,19.9,271,29.5,167,39.3,71,121.8,350,53.5,308,14.1,350,36.3,349,33.6,140,64.3,316,65.7,315,19.4,333,16.6,55,91.4,342,93.0,338,121.8,350,117.0,350,74.4,350,-1.0,292,-1.0,254,-1.0,287,-3.4,351,-4.0,349,-2.5,331,0.99,304,38.1,41,31.8,314,2017,0.035500892041332305,2,27,0.06896551724137931,29
342,Alabama St.,SWAC,8-23,-21.65,91.1,345,112.8,316,68.4,164,-.007,199,-9.97,340,99.0,338,109.0,336,+2.65,75,,SWAC,68.4,164,91.1,345,44.3,341,22.0,339,34.5,30,34.6,197,112.8,316,50.3,164,18.0,203,31.8,283,42.6,316,68.4,164,69.5,180,17.6,207,16.9,84,91.1,345,93.2,335,112.8,316,106.2,230,76.5,208,-1.1,300,-1.0,281,-1.1,296,-0.1,181,+0.5,120,+0.5,142,1.19,267,36.9,64,54.8,124,2017,0.0789228396187075,8,23,0.25806451612903225,31
129,Albany,AE,21-14,+2.66,107.5,116,104.9,180,64.2,320,-.038,279,-5.16,283,101.8,286,106.9,263,-2.00,216,,AE,64.2,320,107.5,116,51.7,111,18.3,157,33.0,60,33.4,234,104.9,180,51.2,202,17.5,236,23.6,3,31.4,81,64.2,320,64.8,334,19.7,336,17.4,204,107.5,116,108.7,69,104.9,180,102.1,138,76.6,189,-0.8,272,-1.2,297,-0.5,234,+0.8,96,+0.5,115,-0.3,211,1.31,230,28.3,258,45.8,217,2017,0.5699282253476922,21,14,0.6,35
285,Alcorn St.,SWAC,18-14,-10.50,95.5,321,106.0,198,67.8,201,+.048,63,-11.09,344,98.1,347,109.2,338,+11.03,8,,SWAC,67.8,201,95.5,321,47.9,279,20.4,300,31.9,77,32.8,253,106.0,198,47.3,38,18.6,171,31.2,259,39.8,271,67.8,201,68.6,225,17.8,232,17.3,189,95.5,321,98.3,279,106.0,198,100.0,75,76.1,262,-1.1,299,-1.5,318,-0.7,255,-0.5,228,-0.0,183,-0.6,247,1.34,224,31.9,187,34.8,292,2017,0.2315467847257941,18,14,0.5625,32
307,American,Pat,8-22,-12.94,95.2,325,108.1,240,64.3,318,-.017,233,-4.21,256,101.6,289,105.8,190,-4.47,285,,Pat,64.3,318,95.2,325,50.3,183,20.2,287,21.7,336,30.7,291,108.1,240,52.5,260,20.2,66,28.0,120,41.4,299,64.3,318,65.2,327,19.9,340,17.0,120,95.2,325,94.2,328,108.1,240,104.7,197,76.5,207,+0.0,161,+1.0,79,-0.9,280,-0.4,218,-1.1,287,+0.2,170,1.25,252,27.7,277,50.4,175,2017,0.1882558896801171,8,22,0.26666666666666666,30
274,Appalachian St.,SB,9-21,-9.61,99.5,268,109.2,260,70.5,62,-.039,282,-0.76,149,103.9,184,104.7,137,-0.49,168,,SB,70.5,62,99.5,268,47.4,298,19.4,240,28.9,196,37.0,132,109.2,260,52.9,279,16.9,273,27.1,76,44.8,332,70.5,62,71.4,77,16.7,103,16.9,93,99.5,268,98.4,277,109.2,260,108.1,269,77.2,120,+0.3,131,-0.4,210,+1.0,68,+0.5,114,+0.7,103,+0.3,166,1.07,289,38.4,39,50.6,173,2017,0.25544695557052,9,21,0.3,30
18,Arizona,P12,32-5,+23.31,118.4,15,95.1,29,66.0,277,+.046,66,+7.13,59,108.7,56,101.5,60,+1.69,107,2,P12,66.0,277,118.4,15,53.7,48,16.6,54,33.3,53,40.5,47,95.1,29,47.7,55,17.4,250,26.0,45,28.6,38,66.0,277,67.2,280,18.6,299,17.1,143,118.4,15,113.7,18,95.1,29,98.2,48,78.7,5,+3.6,2,+3.0,7,+4.1,1,+0.6,110,+1.7,29,+0.3,161,0.78,334,33.9,121,40.6,258,2017,0.9255394401142566,32,5,0.8648648648648649,37
126,Arizona St.,P12,15-18,+2.81,111.9,55,109.1,257,70.0,79,+.035,87,+6.49,67,108.6,57,102.1,72,-1.06,185,,P12,70.0,79,111.9,55,51.4,133,14.3,5,24.4,313,31.9,273,109.1,257,55.4,337,18.3,191,32.2,292,29.9,53,70.0,79,72.5,47,16.9,125,16.1,8,111.9,55,107.5,89,109.1,257,112.3,332,76.4,222,-0.7,253,-0.7,228,-0.7,259,+0.3,133,-1.1,290,+0.5,142,1.71,113,15.3,351,41.3,252,2017,0.5723433228259933,15,18,0.45454545454545453,33
35,Arkansas,SEC,26-10,+16.25,116.1,28,99.8,76,69.7,87,+.086,9,+8.37,45,108.6,59,100.2,28,-1.55,202,8,SEC,69.7,87,116.1,28,51.4,130,16.6,52,32.0,75,38.1,94,99.8,76,47.8,59,18.5,174,34.2,333,39.1,253,69.7,87,71.6,70,15.7,33,17.9,288,116.1,28,110.6,44,99.8,76,103.4,168,76.9,150,+0.8,85,+0.8,93,+0.8,82,-1.7,328,+0.2,150,+0.8,101,1.58,155,37.3,56,50.3,176,2017,0.8506569102646154,26,10,0.7222222222222222,36
348,Arkansas Pine Bluff,SWAC,7-25,-25.28,85.7,351,111.0,300,67.6,209,-.010,210,-9.35,336,100.4,324,109.7,343,+2.79,72,,SWAC,67.6,209,85.7,351,46.0,327,25.9,351,29.9,147,32.8,254,111.0,300,52.2,245,23.5,8,35.4,342,58.5,351,67.6,209,68.7,221,18.1,265,16.8,83,85.7,351,87.7,350,111.0,300,105.7,221,77.2,121,-0.1,184,-0.7,229,+0.5,107,-0.4,213,+0.2,150,+2.5,13,1.06,290,43.3,4,44.9,223,2017,0.048577867510141766,7,25,0.21875,32
124,Arkansas St.,SB,20-12,+2.99,106.3,138,103.3,146,67.3,217,+.022,130,-1.48,175,103.6,204,105.0,146,+3.26,65,,SB,67.3,217,106.3,138,51.9,106,18.6,187,31.0,105,41.5,29,103.3,146,49.2,114,18.8,158,27.4,91,41.9,306,67.3,217,68.6,228,17.8,234,17.4,195,106.3,138,105.4,135,103.3,146,101.0,112,75.4,331,-2.7,349,-2.7,350,-2.8,346,-0.7,256,+0.5,114,-1.1,276,0.79,333,29.7,230,30.9,318,2017,0.5815698113851486,20,12,0.625,32
230,Army,Pat,13-19,-6.04,98.6,281,104.7,175,71.4,38,-.063,313,-4.56,268,101.4,295,106.0,208,-3.96,273,,Pat,71.4,38,98.6,281,51.5,122,20.6,307,26.4,272,27.9,331,104.7,175,50.3,162,17.3,251,24.1,6,33.7,142,71.4,38,71.9,59,15.6,28,17.9,297,98.6,281,99.0,267,104.7,175,100.9,107,75.9,298,-0.8,263,-0.5,220,-1.0,283,-0.3,201,-1.8,325,-0.9,261,0.56,348,34.9,102,27.6,333,2017,0.3339618142341995,13,19,0.40625,32
82,Auburn,SEC,18-14,+8.52,111.9,54,103.3,147,73.6,10,+.045,68,+6.99,61,107.5,70,100.5,36,+1.35,119,,SEC,73.6,10,111.9,54,51.1,152,17.9,123,30.3,135,42.5,23,103.3,147,50.6,175,19.9,85,33.3,324,38.8,245,73.6,10,75.2,11,15.2,12,16.8,73,111.9,54,106.1,118,103.3,147,105.2,208,76.8,167,+0.0,164,-0.2,182,+0.2,141,+0.7,97,+1.1,71,-1.8,306,1.00,302,40.3,19,30.2,321,2017,0.7149676777957991,18,14,0.5625,32
289,Austin Peay,OVC,11-19,-11.08,106.2,140,117.3,342,70.0,80,+.040,75,-2.03,192,104.6,149,106.6,244,+2.82,71,,OVC,70.0,80,106.2,140,52.4,85,17.3,84,24.2,316,41.0,38,117.3,342,56.4,342,17.6,223,35.8,346,29.5,52,70.0,80,71.6,69,17.1,145,16.6,49,106.2,140,105.3,138,117.3,342,117.6,351,76.2,255,-1.5,332,-1.8,333,-1.3,314,+0.1,163,+0.3,137,-0.3,217,1.32,229,24.3,325,58.9,93,2017,0.24172920873406809,11,19,0.36666666666666664,30
80,BYU,WCC,22-12,+8.66,109.1,86,100.5,87,75.6,4,+.006,176,+0.24,131,104.2,168,104.0,120,-1.86,212,3,WCC,75.6,4,109.1,86,51.2,149,18.3,149,29.2,180,42.3,25,100.5,87,47.9,63,16.2,308,24.8,23,31.1,74,75.6,4,75.6,9,14.2,5,17.5,231,109.1,86,106.4,109,100.5,87,98.5,52,77.4,88,+0.6,98,+0.7,95,+0.5,110,-0.1,179,+0.6,106,+1.7,44,1.14,275,33.2,142,22.4,341,2017,0.7199537894517021,22,12,0.6470588235294118,34
180,Ball St.,MAC,21-13,-0.62,104.7,164,105.3,188,71.1,50,+.041,73,-3.92,247,103.2,222,107.1,273,-10.95,350,,MAC,71.1,50,104.7,164,53.7,47,19.9,273,27.8,223,35.2,174,105.3,188,48.7,93,17.2,258,28.4,138,35.9,195,71.1,50,72.9,37,16.3,76,16.7,63,104.7,164,105.7,126,105.3,188,103.0,159,77.6,72,-0.3,204,-0.3,195,-0.3,212,+1.3,43,+1.2,46,+2.2,23,2.13,25,33.9,122,61.8,72,2017,0.4835772934144504,21,13,0.6176470588235294,34
13,Baylor,B12,27-8,+24.23,117.1,23,92.9,16,63.7,328,+.023,126,+13.08,5,111.7,6,98.6,6,+1.67,110,3,B12,63.7,328,117.1,23,52.4,82,20.6,308,39.8,3,33.8,225,92.9,16,46.1,24,17.2,261,29.4,187,30.1,59,63.7,328,65.1,329,18.6,295,18.4,343,117.1,23,110.6,45,92.9,16,98.4,51,77.8,46,+2.2,10,+2.4,15,+2.1,13,+0.3,133,+0.7,98,-0.4,228,1.60,148,31.4,196,51.7,155,2017,0.9347652536087243,27,8,0.7714285714285715,35
83,Belmont,OVC,23-7,+8.17,110.8,65,102.7,125,68.0,188,+.069,24,-1.36,170,103.9,188,105.2,156,+3.64,57,7,OVC,68.0,188,110.8,65,55.7,15,18.5,175,25.7,281,29.4,315,102.7,125,48.3,80,16.0,314,25.0,26,31.9,88,68.0,188,68.9,212,17.3,183,17.5,220,110.8,65,109.9,51,102.7,125,101.3,120,77.4,98,-0.3,210,-1.0,254,+0.3,134,+1.4,30,+0.2,150,+2.2,22,2.18,21,23.2,336,78.2,7,2017,0.7053734090898532,23,7,0.7666666666666667,30
340,Bethune Cookman,MEAC,10-22,-20.45,95.0,328,115.4,335,68.3,177,-.011,213,-11.77,345,98.5,344,110.3,348,-2.61,231,,MEAC,68.3,177,95.0,328,46.8,311,17.7,107,30.9,108,28.2,329,115.4,335,53.1,289,19.6,104,35.9,347,40.0,276,68.3,177,69.8,162,17.8,240,16.6,56,95.0,328,98.6,274,115.4,335,110.0,311,76.7,183,-1.3,320,-0.8,244,-1.8,332,-0.2,189,+0.9,84,+1.4,63,0.45,350,27.9,272,21.0,342,2017,0.09647099506874723,10,22,0.3125,32
314,Binghamton,AE,12-20,-13.77,96.3,314,110.0,282,65.9,279,-.009,206,-5.33,289,102.2,270,107.5,284,-4.69,293,,AE,65.9,279,96.3,314,48.8,238,18.6,189,23.5,323,30.8,287,110.0,282,52.2,243,17.1,264,28.1,125,32.2,100,65.9,279,66.8,293,18.1,266,17.8,284,96.3,314,97.3,296,110.0,282,106.8,241,75.6,316,-0.4,226,-0.1,168,-0.8,265,-1.7,334,-2.0,338,-1.1,272,1.98,54,41.8,9,67.2,36,2017,0.17804657779988342,12,20,0.375,32
94,Boise St.,MWC,20-12,+7.00,109.2,85,102.2,112,69.5,97,+.032,92,+3.39,84,106.1,86,102.7,86,+1.38,118,6,MWC,69.5,97,109.2,85,51.8,109,17.9,125,27.7,225,40.5,49,102.2,112,48.3,79,16.7,287,26.4,56,41.9,307,69.5,97,70.4,121,16.9,117,17.4,205,109.2,85,106.2,113,102.2,112,102.3,143,77.9,39,+1.3,43,+1.6,39,+1.0,66,+1.9,15,+1.1,78,+0.0,186,1.36,217,30.9,204,36.9,278,2017,0.6817591449639071,20,12,0.625,32
173,Boston College,ACC,9-23,-0.27,103.9,186,104.2,163,71.1,46,-.032,266,+8.18,48,110.4,25,102.2,74,-6.42,327,,ACC,71.1,46,103.9,186,51.6,116,20.1,284,25.7,284,29.6,309,104.2,163,53.2,298,17.2,263,24.2,10,39.6,266,71.1,46,72.5,45,16.1,59,17.1,130,103.9,186,100.1,243,104.2,163,108.4,277,77.6,71,+0.3,128,+0.7,100,-0.1,191,+0.7,104,+2.2,14,+0.7,121,1.53,165,28.1,262,29.8,324,2017,0.4917114696111777,9,23,0.28125,32
192,Boston University,Pat,18-14,-1.68,101.7,226,103.4,149,69.6,94,+.003,182,-4.10,252,101.8,285,105.9,201,-0.77,176,,Pat,69.6,94,101.7,226,51.2,144,20.2,286,28.1,213,33.4,233,103.4,149,50.5,172,20.7,47,28.5,145,37.2,217,69.6,94,69.9,153,16.5,87,17.8,281,101.7,226,102.2,195,103.4,149,100.3,87,77.1,136,-0.3,211,-1.0,254,+0.3,136,+0.3,133,+1.1,75,+0.8,110,1.65,136,34.7,106,47.8,199,2017,0.4524830592935078,18,14,0.5625,32
249,Bowling Green,MAC,13-19,-7.16,100.1,257,107.2,220,70.0,82,+.010,165,-1.80,185,103.9,185,105.7,183,-6.10,320,,MAC,70.0,82,100.1,257,48.0,278,17.3,83,28.5,204,35.8,165,107.2,220,53.1,293,20.0,77,28.2,131,34.2,159,70.0,82,72.4,49,16.4,79,16.7,60,100.1,257,99.9,248,107.2,220,105.8,222,76.0,270,-0.4,221,+0.3,133,-1.1,290,-1.1,296,-0.9,273,-0.9,263,1.21,265,38.5,38,64.7,46,2017,0.3125863508630954,13,19,0.40625,32
217,Bradley,MVC,13-20,-4.29,98.4,283,102.7,130,67.7,205,+.018,137,+2.40,94,105.9,92,103.5,108,+0.41,142,,MVC,67.7,205,98.4,283,48.5,253,21.9,334,26.5,268,42.0,28,102.7,130,48.8,95,18.5,179,29.4,183,40.8,289,67.7,205,68.4,233,17.2,168,17.7,255,98.4,283,95.1,325,102.7,130,103.6,172,76.9,157,+0.8,77,+1.1,62,+0.5,108,+0.2,156,+0.2,150,-1.4,292,1.01,299,42.8,5,43.0,240,2017,0.37945311939817783,13,20,0.3939393939393939,33
277,Brown,Ivy,13-17,-9.84,104.1,180,114.0,325,71.3,42,+.017,140,-5.52,293,101.3,301,106.8,256,-9.67,348,,Ivy,71.3,42,104.1,180,50.7,169,19.6,253,27.1,250,44.5,7,114.0,325,57.7,350,21.2,31,29.7,202,39.1,255,71.3,42,71.8,63,16.0,52,17.4,213,104.1,180,104.1,161,114.0,325,110.7,323,76.0,280,-1.3,309,-1.6,327,-0.9,279,-0.1,180,-1.0,281,-0.2,205,2.13,24,32.1,176,59.7,85,2017,0.2602375146772871,13,17,0.43333333333333335,30
281,Bryant,NEC,12-20,-10.27,101.7,225,112.0,307,69.1,110,-.014,223,-6.34,310,100.6,318,107.0,265,+3.00,68,,NEC,69.1,110,101.7,225,49.7,208,18.8,202,29.2,182,32.8,252,112.0,307,51.5,213,17.6,228,30.6,237,37.4,221,69.1,110,70.0,146,16.6,99,17.7,257,101.7,225,102.5,189,112.0,307,108.2,270,75.1,340,-2.0,343,-2.2,346,-1.8,331,-2.7,349,-1.4,303,-0.2,204,1.26,248,27.6,280,50.1,177,2017,0.24797846836120976,12,20,0.375,32
76,Bucknell,Pat,26-9,+9.38,109.7,78,100.3,83,70.0,83,+.006,174,-3.62,241,101.4,298,105.0,145,+0.89,129,13,Pat,70.0,83,109.7,78,55.3,20,18.9,208,26.8,262,37.2,126,100.3,83,48.0,66,19.7,96,27.9,117,33.1,122,70.0,83,70.6,111,16.1,58,17.8,278,109.7,78,108.2,79,100.3,83,96.5,32,76.2,246,+0.1,156,-0.3,192,+0.5,112,-0.2,185,-1.2,298,-1.4,297,1.38,213,31.9,184,58.1,99,2017,0.7369570392875411,26,9,0.7428571428571429,35
122,Buffalo,MAC,17-15,+3.14,105.3,153,102.2,114,71.4,37,-.053,300,-0.41,140,105.3,116,105.7,187,+2.55,76,,MAC,71.4,37,105.3,153,50.7,170,19.8,263,33.2,54,37.3,122,102.2,114,48.2,76,17.5,237,29.3,176,42.9,319,71.4,37,73.3,32,15.7,35,17.0,110,105.3,153,104.8,144,102.2,114,102.0,133,77.5,85,+0.4,118,+0.1,150,+0.7,92,+0.8,92,+1.1,76,+1.0,88,1.23,259,32.5,163,63.0,59,2017,0.5850744568492448,17,15,0.53125,32
25,Butler,BE,25-9,+20.76,117.7,20,97.0,49,65.9,278,+.002,185,+10.81,22,110.8,17,100.0,25,+5.12,40,4,BE,65.9,278,117.7,20,54.6,31,15.0,9,27.2,246,37.1,130,97.0,49,50.8,187,19.6,106,27.0,75,37.0,213,65.9,278,67.2,277,17.9,252,17.8,272,117.7,20,112.5,24,97.0,49,101.7,131,76.4,218,-0.1,187,-0.5,214,+0.2,141,+0.9,81,-1.1,293,-1.1,273,2.09,33,33.6,129,51.6,159,2017,0.9024213139993987,25,9,0.7352941176470589,34
306,Cal Poly,BW,11-20,-12.93,100.1,256,113.0,320,65.3,301,+.013,157,-4.19,255,100.7,315,104.9,142,+2.74,73,,BW,65.3,301,100.1,256,47.3,305,16.1,32,25.6,290,29.4,316,113.0,320,52.6,267,17.7,221,30.3,229,41.1,297,65.3,301,66.7,295,19.1,319,17.0,111,100.1,256,99.1,262,113.0,320,109.0,292,75.3,335,+0.3,125,+0.2,142,+0.4,117,-3.2,350,-2.8,346,-1.9,313,1.24,258,32.9,153,33.5,307,2017,0.1987685900744892,11,20,0.3548387096774194,31
90,Cal St. Bakersfield,WAC,25-10,+7.24,100.9,244,93.7,20,67.2,221,+.014,153,-0.84,152,103.0,235,103.8,114,-1.22,191,8,WAC,67.2,221,100.9,244,48.3,263,20.8,315,32.7,65,38.0,99,93.7,20,43.6,3,22.8,11,30.6,235,47.2,340,67.2,221,69.1,200,18.4,287,16.4,21,100.9,244,98.9,268,93.7,20,91.5,3,75.6,318,-1.0,297,-1.0,271,-1.1,295,-0.7,256,-0.4,229,-2.5,331,1.61,145,35.1,98,63.9,52,2017,0.7008534015118569,25,10,0.7142857142857143,35
261,Cal St. Fullerton,BW,17-15,-8.54,97.0,305,105.5,192,68.8,129,+.021,131,-8.88,333,100.0,330,108.9,333,-8.14,343,,BW,68.8,129,97.0,305,49.1,229,20.7,310,30.3,134,39.9,63,105.5,192,49.7,133,19.6,100,27.5,100,42.1,308,68.8,129,70.4,124,17.1,155,17.0,107,97.0,305,99.9,247,105.5,192,100.7,103,76.3,237,-0.1,174,+0.9,88,-1.0,286,-1.4,312,+0.2,150,-0.9,262,1.27,246,35.6,89,44.7,226,2017,0.27567856333310664,17,15,0.53125,32
284,Cal St. Northridge,BW,11-19,-10.47,104.1,181,114.6,332,72.7,16,-.032,265,-6.13,306,99.9,331,106.0,211,+0.49,140,,BW,72.7,16,104.1,181,49.7,212,17.9,117,27.7,227,45.0,5,114.6,332,51.9,227,17.8,216,31.9,289,41.7,304,72.7,16,74.0,23,15.3,18,17.2,160,104.1,181,103.9,164,114.6,332,109.2,296,77.6,62,+0.5,111,+0.7,101,+0.2,139,+0.3,133,+0.7,100,+2.5,13,1.66,134,26.3,298,48.1,194,2017,0.2487851488588424,11,19,0.36666666666666664,30
62,California,P12,21-13,+12.13,104.9,160,92.7,14,65.7,290,-.012,217,+5.01,75,107.1,76,102.1,71,-2.42,226,1,P12,65.7,290,104.9,160,48.1,271,18.7,196,33.0,59,37.7,107,92.7,14,45.3,13,16.6,295,24.1,7,34.2,155,65.7,290,66.3,305,18.4,289,17.9,289,104.9,160,101.3,219,92.7,14,94.4,15,78.0,31,+2.7,5,+2.9,9,+2.5,8,+0.9,82,+0.5,116,-0.7,251,1.88,73,33.7,128,55.0,123,2017,0.8056281164692182,21,13,0.6176470588235294,34
278,Campbell,BSth,19-18,-10.04,100.4,251,110.4,290,65.7,289,+.029,102,-7.98,327,101.3,300,109.3,341,-5.63,313,,BSth,65.7,289,100.4,251,51.4,131,18.7,193,24.2,317,36.6,143,110.4,290,50.7,184,17.3,254,28.9,166,38.7,242,65.7,289,67.0,284,18.7,304,17.0,123,100.4,251,103.2,177,110.4,290,106.4,237,75.7,311,-0.8,266,-1.6,324,+0.0,181,-0.4,208,-0.3,217,-3.1,340,1.30,234,30.4,214,46.8,209,2017,0.251260447452375,19,18,0.5135135135135135,37
187,Canisius,MAAC,18-16,-1.27,108.7,97,109.9,281,69.6,95,+.005,178,-2.77,214,103.0,231,105.8,189,-1.07,186,,MAAC,69.6,95,108.7,97,53.1,62,18.2,147,30.2,139,30.9,285,109.9,281,54.5,326,20.8,43,32.2,293,33.8,146,69.6,95,71.4,79,17.1,148,16.5,42,108.7,97,108.7,68,109.9,281,107.8,264,76.0,282,-0.8,270,-1.1,284,-0.5,240,-0.7,254,+0.2,150,-1.8,309,1.49,177,27.0,291,49.2,184,2017,0.4684770471188767,18,16,0.5294117647058824,34
308,Central Arkansas,Slnd,8-24,-13.47,104.0,184,117.5,344,71.1,49,-.014,227,-3.28,230,103.1,229,106.3,228,+6.65,28,,Slnd,71.1,49,104.0,184,49.7,205,19.1,220,28.8,199,35.9,161,117.5,344,55.2,334,15.7,327,31.7,278,32.0,94,71.1,49,72.2,53,15.4,20,17.9,293,104.0,184,102.2,194,117.5,344,115.4,344,76.4,225,-0.9,275,-0.9,252,-0.8,263,+0.4,123,+0.6,108,-1.1,271,1.81,89,31.5,193,63.8,54,2017,0.1972540974832606,8,24,0.25,32
341,Central Connecticut,NEC,6-23,-20.99,93.0,334,113.9,324,64.9,307,-.023,243,-8.26,329,99.3,334,107.6,288,-4.07,276,,NEC,64.9,307,93.0,334,46.7,317,21.2,321,31.5,92,33.3,239,113.9,324,54.0,317,20.2,69,32.6,310,34.6,165,64.9,307,66.5,299,19.3,328,16.8,78,93.0,334,93.8,331,113.9,324,108.7,287,76.1,260,-0.8,268,-1.0,273,-0.6,248,-1.7,327,-0.1,190,+0.2,177,1.64,140,27.2,287,53.3,139,2017,0.0885640068025669,6,23,0.20689655172413793,29
229,Central Michigan,MAC,16-16,-6.01,111.6,56,117.6,345,75.3,5,+.053,52,-2.21,195,103.2,228,105.4,166,-5.47,309,,MAC,75.3,5,111.6,56,51.7,113,14.7,6,26.7,264,34.6,191,117.6,345,53.4,305,15.2,334,34.1,331,32.6,109,75.3,5,77.1,4,14.7,7,16.5,33,111.6,56,111.0,40,117.6,345,115.1,343,75.0,343,+0.0,160,+0.2,141,-0.1,201,-0.1,183,-5.3,350,-3.5,341,2.02,44,22.9,339,41.8,249,2017,0.3538332516004546,16,16,0.5,32
309,Charleston Southern,BSth,12-19,-13.49,103.2,192,116.7,341,68.2,178,+.007,173,-5.98,304,101.0,309,107.0,264,+3.84,55,,BSth,68.2,178,103.2,192,48.7,244,16.2,36,27.4,233,35.0,178,116.7,341,54.3,320,16.8,282,27.4,94,41.6,302,68.2,178,69.2,193,17.0,138,17.5,235,103.2,192,103.3,174,116.7,341,111.4,328,75.7,309,-1.4,322,-1.0,279,-1.7,330,-2.0,343,-1.0,283,+0.5,142,1.03,295,31.9,188,48.0,197,2017,0.19563800189229724,12,19,0.3870967741935484,31
237,Charlotte,CUSA,13-17,-6.35,103.1,194,109.5,269,72.8,15,+.033,90,-2.08,194,103.3,219,105.4,168,+1.69,108,,CUSA,72.8,15,103.1,194,50.5,175,16.1,33,20.3,344,34.0,219,109.5,269,52.3,252,18.3,194,31.0,250,35.6,187,72.8,15,73.9,25,15.4,24,17.2,166,103.1,194,101.6,209,109.5,269,107.4,253,76.4,224,-0.8,262,-1.1,287,-0.4,225,-1.4,310,+0.2,150,+0.9,94,1.47,185,35.0,100,58.8,95,2017,0.33345731394034406,13,17,0.43333333333333335,30
114,Chattanooga,SC,19-12,+4.32,106.6,134,102.3,117,65.5,295,-.010,211,-1.12,160,105.5,103,106.6,239,+2.21,85,,SC,65.5,295,106.6,134,51.9,108,19.8,262,31.2,98,40.3,51,102.3,117,50.7,180,21.4,27,32.8,313,37.2,218,65.5,295,67.4,271,17.7,225,17.9,298,106.6,134,107.3,92,102.3,117,102.3,142,76.7,185,-0.0,171,+1.0,72,-1.1,297,-0.4,207,-0.8,260,+0.7,122,2.11,29,32.1,174,53.2,142,2017,0.6162116222074597,19,12,0.6129032258064516,31
335,Chicago St.,WAC,6-26,-18.60,92.3,338,110.9,298,67.1,231,-.009,205,+2.04,98,104.9,136,102.9,93,+5.59,36,,WAC,67.1,231,92.3,338,42.4,349,19.6,249,26.1,277,27.8,333,110.9,298,55.0,331,18.3,190,31.1,256,35.5,185,67.1,231,69.5,176,18.4,280,16.1,7,92.3,338,88.3,349,110.9,298,111.6,330,76.0,276,-1.1,305,-1.0,280,-1.3,307,-1.7,328,-0.1,197,+0.3,164,1.48,180,38.3,40,55.5,117,2017,0.10801062128233992,6,26,0.1875,32
23,Cincinnati,Amer,30-6,+22.18,114.9,34,92.8,15,63.5,330,+.026,116,+4.17,80,107.1,75,103.0,94,-0.47,167,6,Amer,63.5,330,114.9,34,52.0,104,15.3,14,35.5,22,32.5,262,92.8,15,45.2,11,20.2,68,29.4,185,29.1,41,63.5,330,65.1,328,18.7,303,18.1,321,114.9,34,112.7,20,92.8,15,93.9,12,77.7,58,+0.6,95,+0.2,137,+1.0,58,+1.0,69,+1.3,41,+0.9,95,2.06,37,27.8,276,59.0,92,2017,0.9210412142845923,30,6,0.8333333333333334,36
45,Clemson,ACC,17-16,+14.46,114.9,35,100.5,86,66.4,261,-.064,315,+10.32,27,110.8,16,100.5,31,+2.12,91,2,ACC,66.4,261,114.9,35,51.1,150,15.8,21,31.4,94,34.3,206,100.5,86,51.9,228,20.1,71,32.2,295,24.2,6,66.4,261,67.7,263,17.2,170,18.1,315,114.9,35,110.2,49,100.5,86,105.2,209,77.6,66,+0.7,94,+0.5,115,+0.8,79,+0.8,88,+0.3,139,+1.8,37,2.42,3,31.9,185,63.8,53,2017,0.823450370812472,17,16,0.5151515151515151,33
242,Cleveland St.,Horz,9-22,-6.65,96.5,312,103.1,139,65.4,297,-.090,340,-1.08,159,104.9,138,105.9,203,+4.85,42,,Horz,65.4,297,96.5,312,46.3,324,18.8,199,28.9,195,29.6,310,103.1,139,52.1,238,22.3,15,32.7,311,41.8,305,65.4,297,68.7,219,17.8,239,17.0,114,96.5,312,96.1,315,103.1,139,103.0,162,76.6,194,-0.6,252,-1.0,272,-0.3,213,-0.4,211,+1.2,51,-0.3,209,1.25,251,36.3,75,54.3,131,2017,0.3184729498609217,9,22,0.2903225806451613,31
207,Coastal Carolina,SB,20-19,-3.56,101.8,220,105.4,190,68.8,128,+.050,56,-1.39,173,103.8,192,105.2,153,+1.16,122,,SB,68.8,128,101.8,220,48.5,252,18.1,139,30.5,126,29.2,319,105.4,190,50.2,156,16.6,296,26.7,65,32.5,108,68.8,128,70.5,114,17.2,166,16.9,91,101.8,220,100.8,229,105.4,190,104.1,187,76.4,229,-0.6,238,-0.7,236,-0.4,228,-0.5,227,-0.0,186,-0.3,212,1.81,91,32.4,168,50.4,174,2017,0.4013954446160094,20,19,0.5128205128205128,39
268,Colgate,Pat,10-22,-8.85,98.8,276,107.6,231,65.1,303,-.013,219,-2.84,217,102.6,256,105.4,169,-1.04,183,,Pat,65.1,303,98.8,276,51.4,128,22.0,337,24.9,301,33.4,236,107.6,231,52.5,259,17.3,252,25.3,29,38.6,241,65.1,303,66.4,300,19.0,318,17.1,146,98.8,276,97.8,291,107.6,231,105.0,204,77.1,126,+0.0,163,-0.8,237,+0.8,85,+1.1,64,-0.7,253,+1.5,52,1.11,280,29.2,236,58.0,103,2017,0.27265076878640626,10,22,0.3125,32
89,College of Charleston,CAA,25-10,+7.25,106.2,142,98.9,66,64.5,314,+.054,49,-0.07,135,105.8,96,105.8,195,-0.04,156,5,CAA,64.5,314,106.2,142,49.4,223,15.9,24,25.4,292,42.7,21,98.9,66,48.0,67,18.6,164,28.8,161,31.9,90,64.5,314,65.7,317,18.2,269,18.4,342,106.2,142,105.3,139,98.9,66,98.9,59,77.1,137,+0.2,142,+0.4,125,+0.0,177,-0.6,247,+0.9,86,+0.8,115,1.75,103,26.0,301,58.0,105,2017,0.6940178698216077,25,10,0.7142857142857143,35
72,Colorado,P12,19-15,+10.30,112.6,45,102.3,116,67.7,202,-.050,295,+5.25,73,107.7,69,102.4,77,-0.92,180,5,P12,67.7,202,112.6,45,50.9,163,17.4,87,33.0,58,37.5,114,102.3,116,50.3,161,17.2,259,28.3,134,33.9,150,67.7,202,68.8,218,17.1,153,17.9,285,112.6,45,108.8,66,102.3,116,104.0,184,78.0,32,+0.4,114,+0.3,132,+0.5,109,+0.8,85,+2.1,19,+2.3,21,1.95,57,35.2,96,53.3,140,2017,0.7508626681187432,19,15,0.5588235294117647,34
86,Colorado St.,MWC,24-12,+7.67,108.5,99,100.9,94,66.7,251,+.024,123,+1.28,106,104.3,164,103.0,97,-1.29,194,4,MWC,66.7,251,108.5,99,48.3,266,16.1,30,31.2,99,38.2,89,100.9,94,46.8,31,16.8,277,28.8,158,31.8,86,66.7,251,67.9,252,18.4,283,17.0,112,108.5,99,105.6,130,100.9,94,99.6,70,77.5,83,+1.1,55,+1.1,60,+1.0,62,-0.4,206,+0.2,149,+1.7,46,0.90,315,26.8,293,34.0,299,2017,0.6974391434923708,24,12,0.6666666666666666,36
235,Columbia,Ivy,11-16,-6.26,101.1,238,107.3,223,68.9,123,-.022,240,-3.35,233,102.7,252,106.0,212,-4.00,275,,Ivy,68.9,123,101.1,238,49.7,210,18.5,176,28.1,212,29.1,320,107.3,223,52.0,230,20.3,61,31.7,281,34.7,168,68.9,123,69.7,167,16.9,119,17.6,238,101.1,238,101.1,226,107.3,223,105.0,205,77.0,146,+1.5,31,+1.6,38,+1.4,37,+0.1,162,-0.7,249,-1.4,290,1.00,303,37.9,45,39.9,264,2017,0.33526593147329004,11,16,0.4074074074074074,27
96,Connecticut,Amer,16-17,+6.53,105.2,154,98.7,63,65.0,304,-.047,291,+5.67,70,107.4,72,101.7,64,+5.25,39,,Amer,65.0,304,105.2,154,48.5,250,18.7,192,29.9,148,34.5,199,98.7,63,45.6,16,16.1,312,30.5,232,32.0,93,65.0,304,65.2,326,18.2,270,18.6,346,105.2,154,101.4,218,98.7,63,100.5,93,78.6,7,+2.8,4,+2.7,10,+2.9,2,+1.2,56,+0.6,105,+1.8,36,1.78,96,24.7,321,42.0,248,2017,0.6755621286795909,16,17,0.48484848484848486,33
343,Coppin St.,MEAC,8-24,-21.99,93.6,331,115.6,336,68.8,135,+.002,184,-7.35,321,100.5,322,107.9,306,+7.37,20,,MEAC,68.8,135,93.6,331,43.9,344,19.1,219,28.0,217,40.0,60,115.6,336,54.4,324,18.9,151,33.1,322,40.0,275,68.8,135,70.4,122,17.9,245,16.3,17,93.6,331,92.4,341,115.6,336,111.6,329,76.6,192,-0.6,247,-1.0,254,-0.3,210,-0.7,256,-0.2,209,+1.5,52,0.82,329,35.9,81,51.3,162,2017,0.08108362547496911,8,24,0.25,32
263,Cornell,Ivy,8-21,-8.67,99.7,265,108.4,245,69.7,89,-.032,262,-0.48,142,105.3,115,105.8,191,+1.71,104,,Ivy,69.7,89,99.7,265,52.0,101,20.1,281,21.9,335,29.5,313,108.4,245,51.9,225,15.5,329,27.3,86,31.9,87,69.7,89,71.1,93,17.1,139,16.8,75,99.7,265,98.8,269,108.4,245,108.3,275,75.3,336,-1.4,326,-1.0,254,-1.9,339,-1.9,339,-1.1,286,-1.8,305,1.48,181,35.8,85,63.3,58,2017,0.2764543887719516,8,21,0.27586206896551724,29
28,Creighton,BE,25-10,+18.83,115.3,32,96.5,46,71.2,45,+.004,181,+8.97,39,110.3,27,101.3,57,-1.24,192,6,BE,71.2,45,115.3,32,57.6,3,17.1,77,24.3,315,28.0,330,96.5,46,49.9,140,19.3,127,29.6,195,29.3,47,71.2,45,72.6,44,14.8,9,18.3,335,115.3,32,111.8,31,96.5,46,100.8,104,77.3,107,+1.9,21,+2.3,16,+1.5,29,-1.5,315,+0.2,150,+0.1,184,2.02,47,34.2,113,54.8,125,2017,0.8856376337987742,25,10,0.7142857142857143,35
305,Dartmouth,Ivy,7-20,-12.89,99.2,270,112.1,309,67.4,216,+.032,93,-3.06,226,102.4,265,105.4,167,-4.48,288,,Ivy,67.4,216,99.2,270,50.0,196,21.7,328,27.7,226,33.9,224,112.1,309,53.2,297,15.9,318,27.3,89,30.7,68,67.4,216,68.1,246,18.4,279,16.7,64,99.2,270,98.0,284,112.1,309,109.5,302,76.2,249,-0.9,277,-1.1,283,-0.7,254,-0.5,224,-0.6,243,+0.1,179,1.21,264,33.4,133,50.8,172,2017,0.19687946314898466,7,20,0.25925925925925924,27
85,Davidson,A10,17-15,+7.70,108.4,103,100.7,92,68.5,161,-.031,259,+4.23,79,106.9,78,102.6,82,+1.87,98,,A10,68.5,161,108.4,103,51.6,118,17.4,90,25.1,296,31.5,279,100.7,92,49.7,128,17.1,267,26.9,72,33.4,129,68.5,161,69.5,178,17.5,198,17.0,121,108.4,103,105.5,133,100.7,92,102.4,145,77.0,142,+1.0,58,+1.0,77,+1.1,56,+0.2,154,-0.6,244,-0.4,229,1.90,69,25.8,304,56.9,111,2017,0.7000101778337144,17,15,0.53125,32
39,Dayton,A10,24-8,+15.57,111.9,53,96.3,43,68.4,163,-.021,235,+3.64,82,105.9,90,102.3,75,+2.53,77,7,A10,68.4,163,111.9,53,53.6,51,16.9,60,25.6,288,43.4,10,96.3,43,47.7,53,20.9,39,27.4,90,35.2,180,68.4,163,69.1,198,16.3,72,18.4,341,111.9,53,108.7,70,96.3,43,96.1,26,76.6,197,-0.6,245,-0.9,248,-0.3,220,+0.3,132,-0.1,198,+0.2,178,2.41,4,35.5,93,77.3,9,2017,0.8489743020477196,24,8,0.75,32
183,DePaul,BE,9-23,-1.05,103.5,190,104.5,172,67.7,207,-.069,322,+6.99,60,108.8,53,101.8,69,-7.12,336,,BE,67.7,207,103.5,190,48.1,275,20.4,295,29.9,146,35.6,166,104.5,172,53.8,313,20.0,80,30.0,216,40.2,282,67.7,207,69.0,207,17.4,193,17.4,203,103.5,190,99.7,251,104.5,172,108.0,267,77.6,76,-0.6,239,-1.1,291,+0.0,182,+1.3,43,+2.5,8,+1.2,64,1.46,189,27.6,281,36.7,281,2017,0.4723836902470052,9,23,0.28125,32
290,Delaware,CAA,13-20,-11.12,97.3,298,108.5,248,64.8,310,+.089,7,-0.10,137,106.4,82,106.5,238,-3.17,246,,CAA,64.8,310,97.3,298,46.8,312,17.9,122,27.2,243,32.2,268,108.5,248,53.2,301,15.2,335,27.5,98,40.0,279,64.8,310,66.2,307,19.3,329,16.9,97,97.3,298,97.6,294,108.5,248,110.1,314,77.0,139,-0.2,189,-0.2,185,-0.1,198,-0.7,250,+1.2,51,+1.2,73,1.50,173,31.3,198,48.3,193,2017,0.22219186529574245,13,20,0.3939393939393939,33
339,Delaware St.,MEAC,10-22,-20.10,94.2,330,114.3,328,65.8,288,+.007,171,-9.05,335,100.4,323,109.5,342,+3.33,64,,MEAC,65.8,288,94.2,330,47.8,283,19.6,255,28.5,203,30.1,300,114.3,328,52.3,255,20.3,57,37.2,350,39.1,256,65.8,288,67.8,259,19.4,331,16.1,9,94.2,330,96.8,304,114.3,328,110.3,320,76.2,256,-0.5,227,-0.3,199,-0.6,246,+0.2,152,-0.1,200,-2.2,321,1.44,195,35.2,97,71.6,19,2017,0.09760060871029762,10,22,0.3125,32
189,Denver,Sum,16-14,-1.41,107.7,112,109.2,261,66.8,246,-.007,200,-3.65,243,103.9,186,107.5,287,-4.94,297,,Sum,66.8,246,107.7,112,54.8,28,19.4,237,28.8,200,34.6,193,109.2,261,51.4,209,15.5,330,24.7,20,39.1,252,66.8,246,69.0,205,18.1,267,16.6,44,107.7,112,109.2,59,109.2,261,107.2,251,77.4,90,-0.2,190,-0.1,172,-0.3,216,+0.2,155,+1.1,73,+2.5,13,1.22,262,28.2,259,62.0,70,2017,0.460318127195955,16,14,0.5333333333333333,30
302,Detroit,Horz,8-23,-12.21,102.3,213,114.5,331,72.6,18,+.016,143,-1.37,171,103.7,195,105.1,147,+2.32,81,,Horz,72.6,18,102.3,213,50.9,160,19.6,250,26.9,257,38.1,91,114.5,331,56.9,349,19.4,118,31.4,271,48.4,342,72.6,18,74.5,14,16.1,57,16.2,11,102.3,213,101.2,223,114.5,331,113.4,336,76.6,198,+0.2,143,-0.4,206,+0.8,86,-0.8,275,-0.3,220,-0.1,195,1.33,225,34.2,114,50.9,169,2017,0.21489815577192908,8,23,0.25806451612903225,31
258,Drake,MVC,7-24,-8.17,103.0,200,111.1,302,69.7,92,-.083,334,+0.96,114,104.0,177,103.1,100,-3.43,257,,MVC,69.7,92,103.0,200,48.0,277,17.7,105,26.7,263,29.0,321,111.1,302,53.1,290,17.6,225,31.7,277,30.7,67,69.7,92,70.2,131,17.0,132,17.2,159,103.0,200,100.0,246,111.1,302,109.6,304,76.4,223,+0.6,97,+0.9,90,+0.3,133,-1.8,335,-1.1,288,-0.1,192,1.49,178,39.9,24,60.2,81,2017,0.29513578418168,7,24,0.22580645161290322,31
250,Drexel,CAA,9-23,-7.19,102.9,202,110.1,283,70.3,68,-.089,339,-1.26,166,104.6,153,105.8,192,-3.83,269,,CAA,70.3,68,102.9,202,49.9,201,18.5,174,30.3,133,31.6,278,110.1,283,53.1,292,17.4,246,30.5,234,39.9,273,70.3,68,71.6,71,16.7,101,16.9,101,102.9,202,102.7,181,110.1,283,109.4,301,76.0,284,-0.5,234,-0.7,233,-0.4,222,-1.3,308,+0.2,150,-1.8,307,1.39,210,30.1,219,36.8,279,2017,0.3148026185481283,9,23,0.28125,32
14,Duke,ACC,28-9,+24.17,121.0,6,96.8,47,68.3,175,+.014,150,+11.43,12,111.0,13,99.6,21,+0.03,153,2,ACC,68.3,175,121.0,6,54.8,29,16.3,41,31.7,84,39.3,72,96.8,47,47.4,41,17.3,253,29.8,208,31.2,79,68.3,175,69.8,156,17.1,144,17.3,185,121.0,6,115.7,10,96.8,47,100.7,98,78.4,13,+0.9,64,+0.6,105,+1.2,50,+1.1,63,+2.2,14,+3.2,4,1.70,118,25.1,314,49.5,180,2017,0.9286510777247042,28,9,0.7567567567567568,37
224,Duquesne,A10,10-22,-5.32,101.9,219,107.3,221,70.0,77,-.075,327,-1.27,167,103.1,230,104.3,127,-8.24,345,,A10,70.0,77,101.9,219,48.9,234,20.0,278,29.0,189,37.1,131,107.3,221,49.9,141,17.6,227,30.2,227,33.3,126,70.0,77,71.0,97,16.6,93,17.2,162,101.9,219,99.5,253,107.3,221,104.9,202,76.7,181,+0.5,108,+0.0,151,+1.0,69,-1.3,306,-0.8,258,+0.6,127,1.24,254,30.9,203,19.6,344,2017,0.3557583550918125,10,22,0.3125,32
191,East Carolina,Amer,15-18,-1.49,97.0,304,98.5,62,66.9,239,+.013,156,+0.53,124,105.0,127,104.5,131,-10.91,349,,Amer,66.9,239,97.0,304,45.8,329,20.8,316,30.7,119,37.5,115,98.5,62,44.7,7,17.0,271,31.1,255,27.2,24,66.9,239,66.8,294,18.5,293,17.4,212,97.0,304,94.7,327,98.5,62,98.2,47,78.7,6,+2.3,8,+2.9,8,+1.6,28,+1.8,18,+2.0,22,+1.2,65,1.63,144,33.2,139,47.6,203,2017,0.4559956306246703,15,18,0.45454545454545453,33
67,East Tennessee St.,SC,27-8,+11.10,108.0,106,96.9,48,70.1,74,+.005,179,-1.17,163,105.4,106,106.6,240,+0.38,143,13,SC,70.1,74,108.0,106,55.9,14,20.8,313,30.0,143,42.9,15,96.9,48,48.6,87,22.0,19,27.5,95,38.1,229,70.1,74,71.5,74,16.5,83,17.1,137,108.0,106,109.4,57,96.9,48,96.8,36,76.7,184,-0.3,207,-0.4,208,-0.2,206,-1.0,283,+0.0,180,+1.0,89,1.41,205,35.7,86,39.3,268,2017,0.7768138629772999,27,8,0.7714285714285715,35
220,Eastern Illinois,OVC,14-15,-4.83,100.1,255,105.0,182,68.6,149,-.049,294,-4.96,278,102.7,251,107.7,295,-3.33,254,,OVC,68.6,149,100.1,255,47.8,282,17.5,97,29.6,163,26.9,341,105.0,182,49.7,131,21.0,35,32.4,302,39.3,259,68.6,149,70.3,129,17.6,212,16.7,59,100.1,255,101.7,207,105.0,182,101.9,132,75.2,339,-0.4,224,-0.3,202,-0.5,239,-2.1,344,-0.8,260,-4.2,347,1.25,249,26.5,296,49.5,181,2017,0.3659589261507348,14,15,0.4827586206896552,29
272,Eastern Kentucky,OVC,12-19,-9.44,98.4,285,107.9,236,67.6,213,+.015,147,-1.89,186,104.8,142,106.7,251,+0.22,144,,OVC,67.6,213,98.4,285,49.4,221,19.9,274,25.2,294,37.4,116,107.9,236,51.4,207,19.2,135,32.9,317,40.5,287,67.6,213,69.6,171,18.0,259,16.4,27,98.4,285,98.4,276,107.9,236,107.7,263,75.9,295,-0.2,197,-0.2,183,-0.3,215,-1.0,282,-1.7,320,-1.3,289,1.07,288,26.2,300,33.7,304,2017,0.25733109094621376,12,19,0.3870967741935484,31
148,Eastern Michigan,MAC,16-17,+1.20,106.1,146,104.9,179,68.1,184,-.078,330,+0.58,123,106.6,81,106.0,210,+5.08,41,,MAC,68.1,184,106.1,146,48.8,240,17.1,76,33.6,48,35.3,171,104.9,179,50.4,168,21.5,26,35.0,338,50.8,347,68.1,184,70.3,126,16.1,56,18.2,326,106.1,146,105.9,121,104.9,179,106.4,234,78.4,14,+2.0,14,+1.5,40,+2.5,6,+2.9,3,+0.4,131,+0.8,105,1.81,90,32.9,156,71.7,18,2017,0.5326552253881538,16,17,0.48484848484848486,33
186,Eastern Washington,BSky,22-12,-1.25,109.6,82,110.8,296,66.7,256,+.082,12,-5.14,281,103.0,233,108.2,318,+2.16,88,,BSky,66.7,256,109.6,82,54.2,34,17.1,74,27.3,237,34.8,189,110.8,296,51.2,199,14.5,344,27.8,111,36.9,212,66.7,256,68.0,251,18.7,300,16.6,45,109.6,82,111.3,37,110.8,296,109.0,291,77.4,101,-0.9,283,-1.6,326,-0.3,218,+0.7,101,+1.7,28,+2.5,13,1.36,220,28.6,254,50.8,170,2017,0.4687338247808048,22,12,0.6470588235294118,34
136,Elon,CAA,18-14,+2.19,104.4,170,102.2,113,67.8,200,-.021,237,-0.77,150,105.4,109,106.2,216,-1.75,208,,CAA,67.8,200,104.4,170,52.1,99,16.6,55,24.2,319,30.7,292,102.2,113,48.6,86,14.9,339,26.7,64,26.4,14,67.8,200,68.6,229,17.9,246,17.1,133,104.4,170,104.6,149,102.2,113,102.4,146,76.7,176,+0.3,129,-0.2,188,+0.8,78,-0.5,237,-0.1,193,-0.3,219,1.50,172,28.1,263,73.9,14,2017,0.5609274648181554,18,14,0.5625,32
154,Evansville,MVC,16-17,+0.83,104.1,182,103.2,141,66.8,248,-.024,247,+1.09,109,104.7,145,103.6,112,-2.40,225,,MVC,66.8,248,104.1,182,48.8,239,17.9,126,27.1,249,45.8,2,103.2,141,49.6,126,18.5,180,27.1,81,40.9,296,66.8,248,67.2,281,18.3,272,17.2,173,104.1,182,101.5,213,103.2,141,102.8,154,76.5,210,-0.3,200,+0.1,148,-0.6,250,-0.6,243,+0.1,175,-0.4,222,1.55,160,30.0,223,22.7,340,2017,0.5249432546549916,16,17,0.48484848484848486,33
276,FIU,CUSA,7-24,-9.62,102.9,201,112.5,313,65.0,306,-.171,351,-3.96,248,102.0,278,105.9,202,-4.87,296,,CUSA,65.0,306,102.9,201,49.7,209,19.2,230,29.7,154,28.5,328,112.5,313,53.2,300,16.8,280,28.0,122,36.7,205,65.0,306,66.3,303,18.8,311,17.3,181,102.9,201,102.2,196,112.5,313,109.1,294,77.1,130,-0.1,177,-0.1,170,-0.1,188,+0.4,120,+0.2,143,+1.1,80,1.51,171,32.3,173,53.2,143,2017,0.2639090484455766,7,24,0.22580645161290322,31
204,Fairfield,MAAC,16-15,-3.30,99.8,263,103.1,138,69.2,108,+.038,79,-2.85,218,103.8,191,106.7,250,-2.55,229,,MAAC,69.2,108,99.8,263,51.2,143,18.6,183,24.4,311,27.2,339,103.1,138,49.5,119,17.5,240,28.2,130,32.0,91,69.2,108,71.7,65,16.3,74,17.1,140,99.8,263,100.4,237,103.1,138,101.6,128,76.4,220,-0.0,170,-0.4,207,+0.3,131,-0.7,251,-0.2,205,-0.8,256,1.89,72,28.7,249,69.6,23,2017,0.4075485435826688,16,15,0.5161290322580645,31
267,Fairleigh Dickinson,NEC,11-19,-8.78,103.1,196,111.9,305,69.0,115,-.050,296,-5.02,280,100.5,321,105.6,173,+7.64,19,,NEC,69.0,115,103.1,196,49.5,220,18.9,211,27.4,234,36.1,156,111.9,305,51.8,220,19.4,120,34.2,332,44.0,325,69.0,115,69.9,150,16.9,115,17.4,202,103.1,196,102.5,185,111.9,305,108.0,266,75.9,293,-0.5,231,-0.7,235,-0.2,208,-1.9,341,-1.8,326,+0.5,142,1.74,107,27.1,289,72.9,16,2017,0.28051235596923685,11,19,0.36666666666666664,30
5,Florida,SEC,27-9,+27.50,116.9,25,89.5,5,69.0,117,-.041,286,+12.46,7,110.3,28,97.8,2,+8.19,15,4,SEC,69.0,117,116.9,25,51.5,121,16.9,64,32.1,73,40.2,56,89.5,5,45.8,17,21.0,32,29.5,193,34.0,153,69.0,117,70.1,137,16.2,65,18.1,312,116.9,25,109.8,52,89.5,5,93.8,11,77.3,109,+0.9,63,+0.7,102,+1.2,45,+1.9,16,-1.1,292,-0.1,196,2.06,39,36.5,73,69.3,25,2017,0.9556984511642064,27,9,0.75,36
345,Florida A&M,MEAC,6-23,-22.61,93.6,332,116.2,339,69.3,104,-.085,335,-13.29,351,97.6,349,110.8,351,-4.68,292,,MEAC,69.3,104,93.6,332,46.5,321,18.4,170,26.3,274,37.6,112,116.2,339,53.2,302,18.9,154,34.7,336,33.9,151,69.3,104,71.2,87,15.9,39,17.7,259,93.6,332,97.1,301,116.2,339,109.3,298,76.0,283,-0.8,271,-1.0,254,-0.7,257,-0.7,271,-1.5,306,-0.1,193,0.61,344,33.9,123,30.3,320,2017,0.07675697048657085,6,23,0.20689655172413793,29
271,Florida Atlantic,CUSA,10-20,-9.33,98.6,282,107.9,237,68.9,124,-.037,276,-2.70,211,103.2,224,105.9,199,-1.66,205,,CUSA,68.9,124,98.6,282,46.0,326,16.6,53,26.9,259,30.4,297,107.9,237,51.1,195,17.7,218,30.9,249,35.9,194,68.9,124,69.8,155,16.8,112,17.5,226,98.6,282,97.9,287,107.9,237,106.3,231,78.0,29,+1.4,34,+2.1,19,+0.7,89,+0.1,167,+1.0,81,+2.5,13,1.35,222,42.3,7,45.4,220,2017,0.2618188268529709,10,20,0.3333333333333333,30
108,Florida Gulf Coast,ASun,26-8,+5.07,109.4,83,104.4,168,65.9,280,+.037,83,-4.80,275,103.7,194,108.5,328,+2.14,90,14,ASun,65.9,280,109.4,83,53.8,44,17.9,119,33.7,46,33.7,227,104.4,168,49.3,116,17.4,249,29.6,194,35.9,197,65.9,280,68.2,244,17.7,228,17.5,227,109.4,83,111.5,34,104.4,168,103.0,160,76.9,156,+0.2,134,+0.0,152,+0.5,114,+0.3,133,-0.6,241,+0.5,154,1.72,112,32.4,165,68.4,28,2017,0.6313433126254651,26,8,0.7647058823529411,34
26,Florida St.,ACC,26-9,+20.06,115.5,31,95.5,31,71.3,41,+.039,78,+8.82,40,110.6,19,101.8,68,-3.95,272,3,ACC,71.3,41,115.5,31,53.7,46,16.4,43,33.8,45,38.4,85,95.5,31,47.9,61,19.5,114,29.8,206,37.3,220,71.3,41,72.5,46,15.3,16,17.9,287,115.5,31,113.1,19,95.5,31,99.7,71,79.2,2,+2.6,6,+3.5,3,+1.7,24,+1.8,17,+2.5,10,+2.6,9,1.28,239,39.6,26,47.5,205,2017,0.8990450937246932,26,9,0.7428571428571429,35
202,Fordham,A10,13-19,-3.05,97.0,307,100.0,82,64.3,319,-.023,245,+0.87,119,104.8,141,103.9,119,-3.14,244,,A10,64.3,319,97.0,307,48.4,255,19.6,256,23.5,324,26.8,343,100.0,82,53.0,288,25.7,2,31.1,254,43.5,324,64.3,319,66.3,304,18.8,310,17.3,188,97.0,307,95.1,326,100.0,82,100.1,82,77.0,141,-0.3,201,-0.5,219,-0.0,183,+0.6,112,+0.5,118,+0.8,113,1.73,108,27.6,279,48.5,191,2017,0.41331430859899304,13,19,0.40625,32
153,Fort Wayne,Sum,20-13,+0.84,108.8,94,108.0,238,71.6,34,-.025,251,-3.36,235,105.4,110,108.7,332,-4.33,279,,Sum,71.6,34,108.8,94,56.4,9,17.8,113,28.8,198,25.8,349,108.0,238,53.5,309,17.8,213,24.6,19,32.4,104,71.6,34,74.4,15,15.5,26,16.8,77,108.8,94,111.2,39,108.0,238,107.0,248,76.1,261,-0.6,250,+0.0,152,-1.3,312,-0.9,281,-1.5,307,+0.5,142,1.60,149,26.5,295,47.7,200,2017,0.5212050814350959,20,13,0.6060606060606061,33
98,Fresno St.,MWC,20-13,+6.37,104.6,167,98.2,60,68.5,158,-.001,190,+2.50,92,105.8,94,103.3,107,-2.36,223,5,MWC,68.5,158,104.6,167,50.8,166,18.8,206,27.2,240,40.5,48,98.2,60,48.4,81,20.6,48,27.7,106,46.2,336,68.5,158,69.9,149,17.3,180,17.2,164,104.6,167,101.9,203,98.2,60,98.9,58,77.2,114,+0.4,115,+0.3,134,+0.5,106,+1.4,34,+0.4,130,-0.4,224,1.76,100,29.2,235,36.0,284,2017,0.6739443277381008,20,13,0.6060606060606061,33
106,Furman,SC,23-12,+5.21,107.0,128,101.7,106,66.1,273,+.010,167,-1.50,177,104.6,151,106.1,213,+0.19,147,,SC,66.1,273,107.0,128,54.9,27,19.2,228,27.2,241,32.1,270,101.7,106,49.4,118,19.5,115,27.1,80,33.7,143,66.1,273,66.8,292,17.8,242,18.2,324,107.0,128,107.6,87,101.7,106,100.3,88,75.2,338,-1.7,337,-1.7,331,-1.6,326,-1.1,291,-1.8,330,-1.5,299,1.98,53,30.8,206,65.0,44,2017,0.6420373001201322,23,12,0.6571428571428571,35
181,Gardner Webb,BSth,19-14,-0.76,102.7,205,103.5,154,70.8,54,-.041,285,-5.65,294,101.5,294,107.1,271,+4.28,47,,BSth,70.8,54,102.7,205,52.1,100,20.4,297,30.8,115,44.7,6,103.5,154,49.0,107,20.4,53,28.6,153,40.8,291,70.8,54,71.0,95,15.9,42,17.8,273,102.7,205,103.4,173,103.5,154,99.6,65,76.0,277,-0.8,273,-0.9,246,-0.8,264,-0.9,279,-0.8,272,-0.3,216,1.09,284,32.3,169,44.7,227,2017,0.4777062409846421,19,14,0.5757575757575758,33
123,George Mason,A10,20-14,+3.14,107.3,120,104.2,164,68.8,131,+.027,112,+0.53,125,103.5,212,103.0,95,-3.55,259,,A10,68.8,131,107.3,120,49.3,226,18.7,197,31.6,87,39.7,67,104.2,164,48.6,88,14.2,348,24.4,13,27.7,29,68.8,131,69.2,189,17.6,210,17.0,124,107.3,120,104.6,150,104.2,164,102.1,139,75.5,328,-2.2,346,-1.6,321,-2.8,346,-0.7,256,-0.4,223,-1.2,282,1.83,85,24.3,326,59.6,87,2017,0.5834956239215864,20,14,0.5882352941176471,34
132,George Washington,A10,20-15,+2.32,107.7,114,105.3,189,65.8,286,+.067,30,+1.38,103,104.4,159,103.0,98,-1.71,207,,A10,65.8,286,107.7,114,49.5,219,19.3,235,32.6,67,36.6,142,105.3,189,50.2,157,16.2,309,26.4,57,26.9,19,65.8,286,66.9,288,18.9,317,16.9,99,107.7,114,104.4,157,105.3,189,104.2,190,78.0,34,+1.3,40,+0.5,118,+2.2,12,+2.8,4,-0.1,202,+0.6,133,1.64,137,35.3,94,35.9,287,2017,0.5644312399535729,20,15,0.5714285714285714,35
69,Georgetown,BE,14-18,+10.72,108.4,102,97.7,58,68.6,147,-.102,345,+9.68,30,110.9,14,101.3,55,+1.85,99,,BE,68.6,147,108.4,102,52.0,105,20.1,282,29.0,188,42.6,22,97.7,58,47.4,39,17.3,256,30.5,233,38.8,246,68.6,147,70.2,134,16.6,91,17.7,260,108.4,102,104.8,146,97.7,58,102.3,141,78.1,27,+0.8,78,+1.2,54,+0.4,128,+0.4,121,+2.0,23,+2.5,12,1.56,156,36.8,67,50.9,167,2017,0.7676617806868266,14,18,0.4375,32
61,Georgia,SEC,19-15,+12.39,108.7,96,96.3,44,67.1,228,+.015,148,+10.96,20,109.9,37,99.0,10,+4.54,44,2,SEC,67.1,228,108.7,96,48.1,272,18.6,182,28.9,197,40.7,44,96.3,44,47.2,35,16.7,288,28.2,128,34.2,156,67.1,228,69.5,175,17.5,199,17.1,135,108.7,96,101.6,208,96.3,44,100.4,91,76.7,172,+0.2,137,-0.5,217,+1.0,67,+0.4,124,+1.1,70,-2.1,320,1.58,152,36.8,65,56.6,113,2017,0.8010579899977583,19,15,0.5588235294117647,34
195,Georgia Southern,SB,18-15,-2.08,105.2,155,107.3,222,68.5,155,+.049,60,-1.26,165,104.6,148,105.9,198,+1.82,102,,SB,68.5,155,105.2,155,51.5,124,17.0,68,25.2,295,39.9,65,107.3,222,51.3,203,18.7,159,33.0,321,34.7,166,68.5,155,70.0,139,17.1,140,17.2,169,105.2,155,105.2,142,107.3,222,106.7,240,76.0,281,-1.0,293,-1.0,254,-1.1,288,-0.6,242,-0.2,203,-1.1,277,1.71,116,31.3,199,81.0,6,2017,0.4434180247487397,18,15,0.5454545454545454,33
131,Georgia St.,SB,20-13,+2.40,103.9,185,101.5,102,68.6,152,+.014,154,-1.27,168,104.3,165,105.6,175,+2.23,84,,SB,68.6,152,103.9,185,53.0,64,20.0,279,29.8,150,33.9,222,101.5,102,49.0,104,19.8,87,29.1,170,40.0,277,68.6,152,69.8,157,16.9,130,17.5,224,103.9,185,103.8,168,101.5,102,100.7,99,76.7,187,-0.5,233,-1.0,254,-0.1,196,+0.1,161,+0.2,147,+0.2,174,1.68,127,38.7,34,51.6,160,2017,0.5667875150938883,20,13,0.6060606060606061,33
77,Georgia Tech,ACC,21-16,+9.00,100.0,259,91.0,6,68.2,179,+.069,26,+8.41,43,110.2,32,101.7,66,-5.28,304,6,ACC,68.2,179,100.0,259,47.4,301,19.3,232,27.7,224,35.8,164,91.0,6,46.0,20,18.8,156,30.8,246,27.4,27,68.2,179,69.1,197,17.1,142,17.6,246,100.0,259,96.0,316,91.0,6,96.8,37,77.3,103,+1.5,30,+1.0,82,+2.0,15,-0.7,256,-0.4,221,+1.0,87,1.43,197,24.6,323,33.0,310,2017,0.7473583701006634,21,16,0.5675675675675675,37
1,Gonzaga,WCC,37-2,+32.05,118.4,16,86.3,1,70.1,76,+.020,133,+2.99,89,106.2,84,103.3,105,+1.01,127,1,WCC,70.1,76,118.4,16,56.6,8,16.2,37,30.0,144,39.0,76,86.3,1,41.1,1,17.1,266,26.2,49,26.9,21,70.1,76,70.8,104,15.9,40,18.1,320,118.4,16,116.7,6,86.3,1,86.8,1,78.5,8,+3.2,3,+3.6,2,+2.7,4,-0.7,255,+0.6,110,+2.5,13,2.37,7,31.9,183,30.2,323,2017,0.9743380740748379,37,2,0.9487179487179487,39
327,Grambling St.,SWAC,15-17,-16.24,96.5,311,112.7,315,67.1,225,+.049,58,-12.33,347,97.5,350,109.9,344,-0.83,178,,SWAC,67.1,225,96.5,311,46.8,314,20.2,285,32.0,74,38.1,92,112.7,315,55.5,338,24.3,4,35.0,340,42.2,312,67.1,225,68.3,240,17.6,206,17.2,158,96.5,311,98.6,273,112.7,315,106.0,226,75.6,317,-1.7,338,-1.8,334,-1.6,324,-0.7,256,-1.2,296,-0.5,232,1.35,221,30.1,218,43.8,234,2017,0.1437306721383311,15,17,0.46875,32
152,Grand Canyon,WAC,22-9,+0.97,101.6,229,100.6,90,68.9,122,+.078,17,-5.95,301,100.3,326,106.2,223,-7.80,338,,WAC,68.9,122,101.6,229,48.4,258,18.2,143,29.1,186,42.1,27,100.6,90,47.8,57,20.9,36,27.9,113,31.6,83,68.9,122,71.0,96,16.6,92,17.1,134,101.6,229,101.2,221,100.6,90,95.3,20,76.2,244,-0.9,276,-1.2,301,-0.5,238,+0.7,103,-0.2,212,-1.3,286,1.82,88,31.2,201,47.9,198,2017,0.5284067997412574,22,9,0.7096774193548387,31
190,Green Bay,Horz,18-14,-1.45,102.0,218,103.4,150,74.0,7,+.032,95,-2.88,221,103.9,183,106.8,257,-0.33,162,,Horz,74.0,7,102.0,218,48.3,261,18.0,128,30.4,132,37.7,109,103.4,150,50.8,189,18.6,172,28.6,151,33.1,119,74.0,7,76.4,5,14.0,4,17.4,206,102.0,218,102.3,193,103.4,150,102.2,140,77.3,111,+0.2,145,-0.0,166,+0.4,122,+0.2,159,+0.5,119,+1.5,52,1.38,214,40.0,21,62.0,71,2017,0.46088764396060716,18,14,0.5625,32
310,Hampton,MEAC,14-17,-13.54,93.4,333,106.9,215,68.6,144,+.018,136,-10.05,341,99.1,337,109.1,337,+1.70,106,,MEAC,68.6,144,93.4,333,46.1,325,19.6,252,30.6,121,33.4,237,106.9,215,49.6,125,19.9,83,29.3,177,42.7,317,68.6,144,70.5,116,17.4,194,16.7,65,93.4,333,96.4,313,106.9,215,101.5,127,76.0,275,-0.4,222,+0.0,152,-0.9,275,-1.2,301,-1.4,305,-0.3,215,0.78,335,40.6,14,33.8,302,2017,0.17472138324414516,14,17,0.45161290322580644,31
334,Hartford,AE,9-23,-18.41,92.5,337,110.9,299,68.5,159,+.073,21,-5.68,297,101.9,279,107.6,293,-6.59,329,,AE,68.5,159,92.5,337,47.5,295,20.4,298,24.8,302,32.6,257,110.9,299,51.9,229,18.5,177,34.3,334,34.9,172,68.5,159,70.0,145,17.2,164,17.0,127,92.5,337,94.0,330,110.9,299,108.6,284,76.0,288,+0.2,146,-0.1,171,+0.4,115,-0.3,199,-2.0,337,-2.1,319,1.24,257,33.5,132,51.2,163,2017,0.11043230763613912,9,23,0.28125,32
112,Harvard,Ivy,18-10,+4.73,106.7,133,101.9,110,67.0,233,-.070,323,-2.82,216,102.9,243,105.7,185,-0.82,177,,Ivy,67.0,233,106.7,133,52.3,91,19.8,265,29.6,159,32.3,267,101.9,110,47.4,40,18.4,182,29.6,199,39.5,263,67.0,233,67.4,272,17.4,185,18.3,337,106.7,133,106.3,112,101.9,110,99.6,68,76.8,166,+0.7,91,+0.4,126,+1.0,65,+0.4,125,-1.1,291,-0.5,232,1.53,166,33.5,131,27.2,334,2017,0.6293282330437133,18,10,0.6428571428571429,28
269,Hawaii,BW,14-16,-8.98,97.0,302,106.0,200,67.1,226,-.012,216,-8.18,328,99.2,336,107.4,280,-5.89,315,,BW,67.1,226,97.0,302,48.5,254,20.3,292,28.0,219,36.9,137,106.0,200,50.8,188,20.3,62,28.9,162,38.3,234,67.1,226,68.1,250,17.5,200,17.8,271,97.0,302,97.9,286,106.0,200,99.8,73,76.5,201,+0.2,140,-0.4,211,+0.8,76,+1.0,66,-0.3,214,-2.3,323,0.43,351,30.1,220,7.5,351,2017,0.2649546868520423,14,16,0.4666666666666667,30
270,High Point,BSth,15-16,-9.22,98.9,274,108.1,241,65.7,291,-.004,195,-6.40,311,101.1,306,107.5,286,-0.27,160,,BSth,65.7,291,98.9,274,48.3,265,19.2,231,28.1,215,36.4,146,108.1,241,52.6,266,19.6,101,28.0,119,33.5,137,65.7,291,66.5,297,18.0,263,18.1,314,98.9,274,100.5,235,108.1,241,104.3,193,75.4,330,-1.8,340,-2.2,347,-1.4,319,-0.9,280,-0.9,277,-1.2,283,1.14,274,34.0,119,40.2,263,2017,0.2644636614865167,15,16,0.4838709677419355,31
188,Hofstra,CAA,15-17,-1.35,111.1,64,112.4,311,67.7,206,-.034,270,-1.44,174,104.1,174,105.6,176,-2.82,235,,CAA,67.7,206,111.1,64,51.7,114,15.3,13,30.9,109,37.7,108,112.4,311,53.1,294,15.4,331,29.6,196,29.4,48,67.7,206,68.9,214,17.1,156,17.7,262,111.1,64,110.6,46,112.4,311,111.2,326,75.8,306,-0.9,278,-0.2,181,-1.6,327,-1.5,318,-1.4,302,-0.4,223,2.13,26,25.4,311,31.8,315,2017,0.4666042267569431,15,17,0.46875,32
215,Holy Cross,Pat,15-17,-4.23,98.7,278,102.9,136,60.4,349,+.022,128,-3.00,224,102.1,273,105.1,149,+0.22,145,,Pat,60.4,349,98.7,278,50.4,181,17.8,110,19.4,347,34.4,204,102.9,136,53.3,304,25.7,3,32.4,304,30.4,61,60.4,349,61.5,349,20.2,347,18.8,350,98.7,278,97.7,293,102.9,136,100.9,108,76.2,252,-0.1,182,-0.1,167,-0.1,200,+1.3,43,-1.5,312,-2.4,329,2.21,16,20.4,347,77.2,10,2017,0.3824325468947278,15,17,0.46875,32
52,Houston,Amer,21-11,+13.61,113.5,39,99.9,79,65.4,300,-.032,263,+2.32,95,105.0,128,102.7,87,-3.28,250,2,Amer,65.4,300,113.5,39,51.7,112,14.9,7,31.8,78,28.6,326,99.9,79,47.1,34,20.7,46,30.7,240,36.8,211,65.4,300,65.8,314,18.3,274,18.2,329,113.5,39,111.4,36,99.9,79,98.5,54,76.8,163,+0.5,103,+1.0,72,+0.0,178,-0.6,249,-0.8,260,+0.6,130,1.77,97,29.1,239,60.4,78,2017,0.8127199111068869,21,11,0.65625,32
221,Houston Baptist,Slnd,17-14,-5.08,105.2,156,110.2,287,70.3,70,+.052,55,-3.50,239,102.7,253,106.2,218,+13.67,2,,Slnd,70.3,70,105.2,156,49.1,228,19.3,233,35.7,20,37.8,103,110.2,287,53.2,299,18.5,173,28.6,154,38.7,243,70.3,70,71.9,60,16.7,102,16.8,76,105.2,156,104.6,151,110.2,287,108.2,271,77.0,140,+0.6,100,+1.0,86,+0.2,141,-0.6,238,-0.1,196,+0.8,109,1.75,104,32.0,180,51.1,164,2017,0.3695876140273088,17,14,0.5483870967741935,31
338,Howard,MEAC,10-24,-19.79,90.4,347,110.2,286,68.1,187,-.022,239,-7.93,325,100.6,320,108.5,326,+8.33,12,,MEAC,68.1,187,90.4,347,43.4,345,21.5,326,32.3,72,43.4,11,110.2,286,49.7,132,18.2,199,33.3,323,35.8,192,68.1,187,68.3,239,18.4,281,16.7,62,90.4,347,92.4,340,110.2,286,106.1,228,77.7,54,-0.1,175,+0.6,112,-0.7,256,+0.3,133,+1.6,34,+3.0,6,2.06,38,31.6,192,59.8,83,2017,0.09299474673382038,10,24,0.29411764705882354,34
198,IUPUI,Sum,14-18,-2.76,107.0,126,109.8,276,69.3,102,-.036,275,-0.64,148,105.7,98,106.3,226,+3.64,58,,Sum,69.3,102,107.0,126,51.6,119,16.8,59,29.6,162,33.2,244,109.8,276,54.4,323,19.0,147,29.4,182,43.3,322,69.3,102,71.6,72,16.8,111,16.8,69,107.0,126,107.1,94,109.8,276,110.2,315,75.9,297,-0.6,244,-0.8,241,-0.4,224,-1.0,285,-1.1,289,-1.2,285,2.00,50,32.4,166,51.5,161,2017,0.42627524981811965,14,18,0.4375,32
216,Idaho,BSky,19-14,-4.23,101.8,224,106.0,199,66.5,260,+.031,97,-5.98,303,102.5,260,108.5,327,-1.34,197,,BSky,66.5,260,101.8,224,49.9,202,18.7,198,30.3,136,39.9,64,106.0,199,49.0,102,17.7,222,25.9,42,43.0,320,66.5,260,67.6,266,16.9,124,18.6,347,101.8,224,104.0,162,106.0,199,103.3,164,77.1,129,-0.4,216,-0.9,245,+0.1,161,+0.8,86,+0.3,133,+1.2,72,1.26,247,37.8,48,62.8,63,2017,0.38581614234163747,19,14,0.5757575757575758,33
332,Idaho St.,BSky,6-26,-17.91,97.9,291,115.8,338,68.9,119,-.053,298,-2.67,210,104.3,161,107.0,267,+4.84,43,,BSky,68.9,119,97.9,291,50.2,190,19.3,236,22.0,334,38.1,93,115.8,338,56.5,344,18.2,197,32.4,303,34.2,157,68.9,119,70.6,112,17.0,135,16.9,102,97.9,291,97.8,292,115.8,338,114.6,340,76.2,248,+1.0,61,+2.2,18,-0.2,204,-1.7,328,-1.7,318,-1.3,287,1.12,279,29.0,240,50.9,165,2017,0.12663361251932734,6,26,0.1875,32
66,Illinois,B10,20-15,+11.31,107.2,123,95.8,35,66.7,249,+.028,105,+8.41,44,109.6,40,101.2,53,-0.16,158,2,B10,66.7,249,107.2,123,50.6,173,18.3,150,28.6,202,32.5,263,95.8,35,49.9,144,18.5,178,26.3,53,30.1,58,66.7,249,68.5,231,18.0,257,17.0,125,107.2,123,102.4,192,95.8,35,100.7,102,77.6,73,+1.1,53,+1.3,53,+1.0,60,+1.2,59,+0.1,177,+0.5,135,2.14,23,37.0,61,62.1,69,2017,0.7846521687957997,20,15,0.5714285714285714,35
238,Illinois Chicago,Horz,17-19,-6.40,101.1,236,107.5,226,72.1,25,+.014,151,-4.16,253,101.7,287,105.9,200,-5.26,303,,Horz,72.1,25,101.1,236,50.5,177,22.2,340,32.5,68,38.4,83,107.5,226,48.1,72,16.6,294,31.4,269,32.2,98,72.1,25,73.5,29,16.1,62,16.5,36,101.1,236,101.1,225,107.5,226,104.1,189,77.0,147,+0.5,112,-0.3,193,+1.2,51,+0.2,150,-0.0,184,-0.2,199,0.70,339,37.4,53,29.5,325,2017,0.33051022453805184,17,19,0.4722222222222222,36
49,Illinois St.,MVC,28-7,+14.00,107.6,115,93.6,19,64.9,308,+.081,15,+0.99,113,104.5,156,103.5,109,-0.69,173,1,MVC,64.9,308,107.6,115,51.4,127,18.6,185,30.4,128,29.9,305,93.6,19,44.0,5,19.0,149,28.5,147,32.6,111,64.9,308,65.6,319,17.8,243,18.8,349,107.6,115,104.6,152,93.6,19,92.8,8,77.2,117,+0.8,75,+0.8,91,+0.8,80,+1.1,61,-0.2,204,-0.5,232,1.89,70,33.1,144,54.0,135,2017,0.832435590554954,28,7,0.8,35
304,Incarnate Word,Slnd,12-17,-12.61,101.7,227,114.3,329,71.8,31,+.032,96,-5.24,286,101.2,304,106.5,237,+4.08,50,,Slnd,71.8,31,101.7,227,51.4,135,18.6,188,22.2,333,43.6,9,114.3,329,51.4,210,16.6,291,32.5,307,38.9,247,71.8,31,73.4,31,16.3,68,16.5,37,101.7,227,101.5,214,114.3,329,110.2,317,76.2,254,-0.9,281,-0.6,225,-1.2,306,-0.3,203,+0.2,144,-1.0,266,1.23,260,25.8,306,41.3,253,2017,0.2069856944887108,12,17,0.41379310344827586,29
44,Indiana,B10,18-16,+14.49,116.1,27,101.6,104,68.4,168,-.090,341,+9.11,36,109.6,41,100.5,34,-5.48,310,3,B10,68.4,168,116.1,27,55.2,22,21.4,322,36.4,15,34.1,217,101.6,104,48.7,89,15.7,325,28.0,121,36.8,209,68.4,168,69.4,182,17.5,203,17.1,145,116.1,27,112.0,29,101.6,104,103.8,178,77.3,104,+0.8,87,+1.0,72,+0.5,113,-0.1,182,+0.4,127,+1.1,85,1.37,216,34.6,108,36.5,282,2017,0.8226194194314193,18,16,0.5294117647058824,34
199,Indiana St.,MVC,11-20,-2.78,99.6,266,102.3,118,69.7,91,-.009,208,+2.47,93,105.2,121,102.7,84,+1.71,105,,MVC,69.7,91,99.6,266,47.8,284,17.8,114,22.4,330,30.8,289,102.3,118,47.8,58,17.7,220,29.3,175,42.8,318,69.7,91,70.0,144,16.8,110,17.5,225,99.6,266,95.9,317,102.3,118,102.1,136,75.9,292,-0.3,208,-0.3,200,-0.3,211,-1.2,303,-1.8,326,-0.6,245,1.61,146,36.4,74,60.2,80,2017,0.42370155165362394,11,20,0.3548387096774194,31
117,Iona,MAAC,22-13,+4.20,110.8,67,106.6,211,70.6,60,+.013,158,-1.94,191,103.7,193,105.7,179,-0.05,157,14,MAAC,70.6,60,110.8,67,53.4,56,16.5,47,27.1,251,31.0,282,106.6,211,50.0,148,18.0,204,32.1,290,33.4,130,70.6,60,72.4,50,16.5,82,16.8,74,110.8,67,110.1,50,106.6,211,104.8,200,76.0,271,-0.6,251,-0.5,216,-0.8,261,-0.4,219,-1.0,280,-1.0,268,1.38,215,33.0,151,28.6,330,2017,0.6093063713628936,22,13,0.6285714285714286,35
71,Iowa,B10,19-15,+10.48,113.0,43,102.5,123,71.2,44,+.011,161,+6.95,62,108.0,66,101.1,49,-3.60,263,1,B10,71.2,44,113.0,43,52.5,78,18.6,184,31.8,81,34.9,184,102.5,123,51.0,193,19.1,138,32.3,296,27.5,28,71.2,44,72.9,36,15.4,23,17.5,233,113.0,43,107.5,90,102.5,123,104.6,195,77.8,44,+0.3,120,+0.0,163,+0.7,94,+1.7,19,+2.3,13,+0.5,136,0.86,322,41.0,11,37.5,277,2017,0.7542738384447147,19,15,0.5588235294117647,34
17,Iowa St.,B12,24-11,+23.45,119.7,11,96.3,42,68.4,170,-.019,234,+14.05,3,112.6,2,98.6,5,-0.74,175,5,B12,68.4,170,119.7,11,55.0,24,14.1,3,25.7,283,27.6,336,96.3,42,49.0,106,19.5,109,31.6,276,25.6,10,68.4,170,70.6,109,16.4,78,17.7,256,119.7,11,112.4,25,96.3,42,101.3,119,76.8,162,-1.4,327,-1.1,282,-1.8,332,+0.2,158,+0.9,89,+2.0,25,2.47,2,28.3,257,43.4,237,2017,0.9242457449015535,24,11,0.6857142857142857,35
329,Jackson St.,SWAC,14-18,-16.36,92.8,336,109.1,258,64.3,317,+.032,91,-11.84,346,98.1,346,109.9,345,+2.06,93,,SWAC,64.3,317,92.8,336,44.2,342,18.5,180,34.0,40,33.7,229,109.1,258,49.6,124,19.8,86,28.7,157,48.4,343,64.3,317,65.7,318,19.3,327,17.3,177,92.8,336,96.7,306,109.1,258,102.5,148,76.0,287,-0.3,203,-0.5,218,-0.1,190,-0.9,278,-0.1,199,-2.4,330,1.63,143,29.3,233,49.0,187,2017,0.13459702977828983,14,18,0.4375,32
275,Jacksonville,ASun,17-16,-9.61,102.3,212,111.9,306,67.9,197,+.002,186,-7.85,324,102.4,261,110.3,349,-9.11,346,,ASun,67.9,197,102.3,212,53.8,45,18.5,178,26.3,273,34.6,196,111.9,306,56.5,345,20.9,42,28.7,156,36.8,208,67.9,197,69.8,160,17.2,162,17.2,175,102.3,212,106.3,111,111.9,306,108.6,286,76.3,238,-0.6,243,-1.4,314,+0.2,141,+1.4,40,+1.1,68,-3.5,342,1.68,130,38.8,33,52.2,148,2017,0.26279275472745406,17,16,0.5151515151515151,33
157,Jacksonville St.,OVC,20-15,+0.63,105.8,147,105.2,186,63.6,329,+.028,107,-1.68,183,104.2,167,105.9,197,+0.61,134,15,OVC,63.6,329,105.8,147,52.6,74,20.7,311,31.2,101,33.4,238,105.2,186,49.4,117,16.6,297,28.5,150,34.4,161,63.6,329,64.8,331,20.0,344,17.1,152,105.8,147,105.6,129,105.2,186,104.7,198,76.7,173,+0.8,86,+1.9,27,-0.3,221,-1.1,292,-0.8,260,+0.1,183,1.18,269,24.6,324,46.8,211,2017,0.5163449290259414,20,15,0.5714285714285714,35
223,James Madison,CAA,10-23,-5.31,98.8,275,104.1,162,64.0,326,-.065,317,-0.84,151,105.9,91,106.7,254,-2.90,236,,CAA,64.0,326,98.8,275,50.2,191,21.4,323,29.1,187,36.1,155,104.1,162,51.1,196,17.6,226,25.5,35,38.5,239,64.0,326,65.7,316,19.1,322,17.5,218,98.8,275,99.1,258,104.1,162,104.7,199,78.0,33,+0.2,135,-0.1,173,+0.6,101,+2.0,11,+3.0,5,+0.5,137,2.34,9,34.2,112,61.4,74,2017,0.35413203627076717,10,23,0.30303030303030304,33
6,Kansas,B12,31-5,+27.45,121.9,5,94.5,24,70.2,72,+.067,32,+12.43,8,111.2,10,98.8,8,+2.39,80,1,B12,70.2,72,121.9,5,56.1,12,17.6,98,34.1,37,36.0,160,94.5,24,48.1,70,18.6,165,29.7,203,30.0,56,70.2,72,71.2,85,15.9,44,17.7,258,121.9,5,115.6,11,94.5,24,99.8,74,77.2,122,+1.1,56,+1.0,81,+1.2,45,+1.7,20,-0.5,231,-1.4,293,1.77,98,24.0,327,53.1,144,2017,0.9492091923725529,31,5,0.8611111111111112,36
30,Kansas St.,B12,21-14,+17.44,113.0,42,95.6,33,66.2,268,-.029,256,+11.56,11,110.6,20,99.0,11,-5.31,305,11,B12,66.2,268,113.0,42,52.7,70,19.1,222,29.5,165,41.2,35,95.6,33,49.6,122,22.1,18,32.3,299,33.4,132,66.2,268,67.5,269,17.6,211,18.1,316,113.0,42,106.6,104,95.6,33,100.1,81,77.4,92,+1.2,50,+1.0,84,+1.4,36,+0.9,79,+0.2,150,-0.2,198,1.70,121,24.9,317,68.2,30,2017,0.8724695378043432,21,14,0.6,35
252,Kennesaw St.,ASun,14-18,-7.52,102.6,208,110.1,285,69.4,101,+.000,187,-4.81,276,103.6,202,108.4,323,-3.58,261,,ASun,69.4,101,102.6,208,51.4,134,18.9,210,31.2,102,30.6,294,110.1,285,53.8,311,17.5,235,28.5,142,36.2,201,69.4,101,71.1,90,17.2,172,16.6,51,102.6,208,104.7,147,110.1,285,108.6,280,77.5,77,+0.4,117,+0.4,123,+0.4,127,+1.0,67,+1.4,37,+0.7,126,1.25,250,32.7,162,56.0,114,2017,0.3076054969419352,14,18,0.4375,32
141,Kent St.,MAC,22-14,+1.68,104.9,159,103.3,142,68.3,176,+.024,122,-1.92,188,104.4,160,106.3,225,-5.91,316,14,MAC,68.3,176,104.9,159,48.2,270,17.9,127,38.1,5,32.5,260,103.3,142,50.1,152,19.0,146,29.7,204,34.3,160,68.3,176,70.4,123,17.2,163,16.9,100,104.9,159,106.0,119,103.3,142,102.5,147,76.2,258,+0.0,162,+0.6,111,-0.5,241,-1.8,337,-1.2,295,-0.1,197,1.10,283,33.9,124,33.5,306,2017,0.5440744589828863,22,14,0.6111111111111112,36
4,Kentucky,SEC,32-6,+27.72,119.1,12,91.4,7,72.0,26,+.006,175,+10.98,19,110.5,24,99.5,15,+3.74,56,2,SEC,72.0,26,119.1,12,52.9,65,15.7,19,33.5,49,40.9,40,91.4,7,47.5,44,19.2,134,27.7,105,33.5,136,72.0,26,74.2,19,15.3,17,17.1,149,119.1,12,113.8,15,91.4,7,96.0,25,77.4,89,+1.8,23,+1.4,42,+2.2,11,-1.5,316,+0.2,150,+1.0,90,0.63,341,29.8,227,30.2,322,2017,0.9545339351822711,32,6,0.8421052631578947,38
253,LIU Brooklyn,NEC,20-12,-7.52,100.2,254,107.7,234,67.0,235,+.081,13,-9.66,339,98.6,343,108.3,321,-5.33,306,,NEC,67.0,235,100.2,254,48.5,251,20.9,318,36.4,14,38.8,78,107.7,234,49.5,121,19.5,117,28.9,163,37.1,216,67.0,235,68.5,232,17.7,230,17.3,187,100.2,254,102.4,191,107.7,234,101.1,113,75.2,337,-0.7,260,-1.6,323,+0.1,164,-1.8,338,-2.8,345,-1.5,299,1.64,139,28.2,261,38.4,273,2017,0.3036268760054512,20,12,0.625,32
172,LSU,SEC,10-21,-0.25,109.7,80,109.9,280,71.9,27,+.008,169,+9.25,34,108.7,55,99.5,14,+2.91,69,,SEC,71.9,27,109.7,80,50.2,187,19.9,270,31.0,107,31.6,276,109.9,280,54.5,327,16.9,275,31.4,273,36.8,207,71.9,27,73.2,33,15.8,37,16.9,90,109.7,80,102.4,190,109.9,280,113.2,335,77.8,50,+1.1,57,+1.4,45,+0.7,87,-0.1,174,+1.2,51,+1.7,41,0.88,317,33.4,135,41.2,255,2017,0.4947633958578492,10,21,0.3225806451612903,31
140,La Salle,A10,15-15,+1.80,110.6,69,108.7,251,68.7,139,+.028,108,+2.18,96,105.0,133,102.8,90,+1.13,124,,A10,68.7,139,110.6,69,53.3,57,18.6,191,25.7,282,38.3,87,108.7,251,54.3,321,17.7,217,27.6,101,33.1,121,68.7,139,69.2,190,16.9,126,17.8,277,110.6,69,107.5,91,108.7,251,108.9,288,76.8,170,+0.0,166,+0.1,144,-0.2,202,+0.6,107,-0.1,188,-0.7,248,2.28,12,29.4,232,57.8,107,2017,0.5496546383678829,15,15,0.5,30
330,Lafayette,Pat,9-21,-16.79,96.6,310,113.3,321,69.3,105,+.059,41,-3.76,245,100.9,311,104.7,138,-3.93,271,,Pat,69.3,105,96.6,310,49.1,230,20.7,309,20.0,345,29.4,317,113.3,321,54.5,328,18.2,196,29.1,171,30.4,62,69.3,105,69.7,164,16.8,109,17.6,243,96.6,310,93.4,333,113.3,321,109.1,295,77.2,124,-0.3,213,-1.0,254,+0.3,137,+1.4,39,+2.1,20,-0.8,257,1.47,184,33.9,120,48.9,188,2017,0.13778681193965608,9,21,0.3,30
226,Lamar,Slnd,19-15,-5.58,103.1,193,108.7,250,68.1,183,-.014,222,-7.05,318,100.2,328,107.2,275,-3.82,268,,Slnd,68.1,183,103.1,193,51.0,156,19.5,246,31.1,104,40.3,53,108.7,250,51.9,223,21.0,34,29.4,180,42.1,309,68.1,183,69.6,170,18.0,258,16.4,29,103.1,193,104.4,154,108.7,250,103.8,177,75.4,334,-1.3,318,-1.1,286,-1.4,320,-1.0,290,-1.9,332,-1.4,296,1.18,271,37.4,55,46.1,216,2017,0.35245561599446606,19,15,0.5588235294117647,34
115,Lehigh,Pat,20-12,+4.23,107.5,117,103.3,144,69.6,93,-.034,268,-2.53,204,101.9,283,104.4,129,+3.52,62,,Pat,69.6,93,107.5,117,55.4,18,19.8,264,23.2,327,32.0,271,103.3,144,50.2,155,18.6,170,24.1,5,28.1,33,69.6,93,70.0,140,16.2,66,18.2,330,107.5,117,106.4,110,103.3,144,99.6,66,76.5,217,+0.2,138,+0.7,104,-0.2,205,-0.5,231,-0.4,226,-1.2,281,2.29,11,28.8,244,60.5,77,2017,0.612614352653861,20,12,0.625,32
211,Liberty,BSth,21-14,-3.93,99.9,260,103.8,160,62.7,342,+.037,84,-6.25,309,102.1,271,108.4,322,+2.89,70,,BSth,62.7,342,99.9,260,52.3,93,16.0,25,15.0,351,34.2,214,103.8,160,52.2,247,22.0,20,24.7,21,42.2,311,62.7,342,63.9,342,19.8,339,17.8,267,99.9,260,102.1,198,103.8,160,100.6,97,75.6,321,-2.4,348,-2.6,349,-2.2,344,-1.1,298,-0.5,235,+0.5,140,1.29,238,30.6,211,57.3,108,2017,0.39164392724632,21,14,0.6,35
165,Lipscomb,ASun,20-13,+0.30,107.3,121,107.0,217,74.2,6,-.017,231,-4.59,270,103.2,226,107.8,299,+1.17,120,,ASun,74.2,6,107.3,121,55.0,26,20.1,280,28.3,207,41.2,34,107.0,217,52.0,233,20.3,56,30.8,247,44.2,326,74.2,6,75.7,8,14.9,10,16.9,94,107.3,121,108.9,65,107.0,217,105.0,203,76.2,247,-0.6,248,-0.2,178,-1.1,291,+0.3,133,+0.1,176,-1.8,310,1.46,187,35.7,88,54.2,132,2017,0.5080487732903768,20,13,0.6060606060606061,33
245,Little Rock,SB,15-17,-6.93,98.3,288,105.2,185,63.3,336,+.023,125,-4.09,250,103.6,199,107.7,297,-7.34,337,,SB,63.3,336,98.3,288,49.1,232,19.5,248,28.4,205,32.3,266,105.2,185,51.8,221,19.8,88,27.6,102,40.3,285,63.3,336,65.5,322,18.3,278,18.3,336,98.3,288,100.2,241,105.2,185,103.9,182,76.2,250,-0.1,176,+1.1,70,-1.2,303,+0.1,166,-1.3,299,-1.3,288,1.46,188,33.0,150,52.1,152,2017,0.3142872048249383,15,17,0.46875,32
225,Long Beach St.,BW,15-19,-5.48,104.6,165,110.1,284,69.5,96,+.036,86,-1.65,182,103.0,241,104.6,133,+12.57,4,,BW,69.5,96,104.6,165,48.7,243,19.9,276,31.7,83,36.2,150,110.1,284,53.1,291,18.6,167,33.0,320,37.6,222,69.5,96,71.0,94,17.0,133,16.8,68,104.6,165,101.7,206,110.1,284,108.3,274,74.5,349,-1.0,288,-1.4,312,-0.6,243,-1.8,336,-3.3,348,-4.5,348,1.42,204,39.3,28,46.4,215,2017,0.3567901680964722,15,19,0.4411764705882353,34
347,Longwood,BSth,6-24,-25.15,92.2,340,117.3,343,70.5,61,+.017,141,-5.80,299,101.5,293,107.3,277,-0.55,171,,BSth,70.5,61,92.2,340,49.3,224,21.8,332,21.5,338,29.0,322,117.3,343,55.0,332,17.5,241,34.1,330,32.1,97,70.5,61,70.9,100,17.4,191,16.4,23,92.2,340,93.1,336,117.3,343,114.2,338,76.5,216,-1.2,307,-1.3,306,-1.2,305,-0.4,217,+0.4,125,+0.9,98,1.27,244,23.5,330,40.2,261,2017,0.05902762715561583,6,24,0.2,30
146,Louisiana Lafayette,SB,21-12,+1.29,111.1,61,109.8,279,72.2,23,+.034,89,-2.71,212,102.6,259,105.3,160,-4.27,278,,SB,72.2,23,111.1,61,51.5,125,18.0,130,36.3,16,42.2,26,109.8,279,54.4,325,20.1,74,27.8,112,37.3,219,72.2,23,72.8,40,16.3,75,16.8,82,111.1,61,110.3,48,109.8,279,106.4,235,76.0,278,-1.4,321,-1.8,339,-0.9,276,-0.8,274,-0.6,237,+0.2,172,1.59,151,23.1,337,40.2,262,2017,0.5337876607972831,21,12,0.6363636363636364,33
262,Louisiana Monroe,SB,9-24,-8.54,98.3,287,106.8,214,65.0,305,-.116,349,-1.53,178,103.6,201,105.1,151,-3.54,258,,SB,65.0,305,98.3,287,47.7,286,19.4,242,29.3,175,26.0,347,106.8,214,50.5,173,16.5,302,29.4,189,34.0,152,65.0,305,65.9,313,19.3,326,17.3,178,98.3,287,97.1,300,106.8,214,105.1,207,75.8,305,-0.6,249,-0.4,212,-0.8,265,-0.5,236,-1.7,317,-1.5,299,1.47,183,29.0,243,36.3,283,2017,0.27813333169186216,9,24,0.2727272727272727,33
93,Louisiana Tech,CUSA,23-10,+7.06,107.9,107,100.9,95,68.5,156,-.062,312,-5.77,298,100.9,312,106.7,253,-6.32,326,,CUSA,68.5,156,107.9,107,53.3,58,17.6,102,29.2,181,34.5,198,100.9,95,48.0,65,19.4,124,26.1,48,26.9,20,68.5,156,70.2,130,17.1,149,17.0,106,107.9,107,108.9,64,100.9,95,95.4,21,77.6,70,+1.3,44,+1.4,50,+1.2,45,+1.9,14,+0.4,128,-0.7,254,1.31,232,30.6,209,47.2,208,2017,0.6838154191309536,23,10,0.696969696969697,33
9,Louisville,ACC,25-9,+25.51,117.2,22,91.7,8,67.9,194,-.023,244,+11.14,17,111.6,7,100.5,33,+4.20,48,2,ACC,67.9,194,117.2,22,51.3,136,16.0,26,36.8,13,33.9,220,91.7,8,45.8,18,19.6,105,28.5,146,38.8,244,67.9,194,68.4,236,16.2,67,18.6,348,117.2,22,112.3,26,91.7,8,96.3,28,78.3,16,+2.2,11,+1.9,25,+2.5,7,+2.0,13,+0.2,146,+1.1,84,1.33,226,36.5,71,55.0,122,2017,0.9438337621914511,25,9,0.7352941176470589,34
97,Loyola Chicago,MVC,18-14,+6.45,108.9,92,102.5,121,65.8,287,-.104,347,-0.50,143,103.4,217,103.9,115,-4.35,280,,MVC,65.8,287,108.9,92,55.3,21,17.2,81,20.6,342,30.8,290,102.5,121,51.8,219,20.9,37,25.8,40,33.5,138,65.8,287,66.2,306,18.0,254,18.1,322,108.9,92,106.7,102,102.5,121,100.2,85,76.1,266,-2.0,342,-2.0,343,-1.9,340,-0.7,256,+0.4,124,+0.7,119,1.59,150,24.7,319,43.8,233,2017,0.667416461868978,18,14,0.5625,32
227,Loyola MD,Pat,16-17,-5.82,98.4,284,104.2,166,66.2,269,+.067,29,-3.12,227,102.1,272,105.2,157,+0.14,148,,Pat,66.2,269,98.4,284,46.7,318,22.0,336,32.9,62,39.2,73,104.2,166,52.1,237,21.3,30,28.2,132,35.9,193,66.2,269,67.0,287,18.9,316,17.2,156,98.4,284,97.2,299,104.2,166,101.4,122,76.0,279,-1.1,304,-1.4,316,-0.8,265,-0.2,188,-0.3,213,-1.1,279,1.74,106,32.3,171,58.0,102,2017,0.3410496234538566,16,17,0.48484848484848486,33
175,Loyola Marymount,WCC,15-15,-0.40,103.0,197,103.4,153,67.2,218,+.025,117,-0.07,136,104.8,140,104.9,143,-5.03,299,,WCC,67.2,218,103.0,197,50.3,182,19.0,214,30.0,142,31.0,283,103.4,153,52.2,244,21.5,25,30.0,211,43.3,323,67.2,218,68.6,227,18.0,256,17.0,115,103.0,197,101.4,216,103.4,153,103.7,175,77.4,102,+1.0,60,+1.9,26,+0.2,158,+1.3,52,+0.8,95,-1.1,275,1.27,245,37.9,44,58.7,96,2017,0.4888584198233302,15,15,0.5,30
337,Maine,AE,7-25,-19.62,91.1,346,110.7,292,68.0,193,+.005,180,-3.76,244,103.4,215,107.2,274,-2.96,239,,AE,68.0,193,91.1,346,45.4,333,19.1,221,26.8,260,29.6,308,110.7,292,52.9,285,16.6,293,29.1,169,33.5,133,68.0,193,69.1,203,17.6,209,17.2,167,91.1,346,92.0,343,110.7,292,109.8,308,75.7,312,-0.7,254,-1.4,317,+0.1,168,-1.5,321,-1.6,314,-1.0,265,0.87,320,39.9,23,18.3,345,2017,0.09613214574616825,7,25,0.21875,32
287,Manhattan,MAAC,10-22,-10.64,97.0,303,107.6,230,68.9,121,-.000,188,-2.38,200,103.6,200,106.0,206,-0.96,182,,MAAC,68.9,121,97.0,303,47.3,302,22.6,343,30.8,112,41.0,39,107.6,230,51.6,218,20.0,79,30.2,223,53.4,350,68.9,121,71.9,62,17.3,179,16.2,12,97.0,303,96.4,312,107.6,230,106.2,229,76.0,286,+1.9,20,+2.3,17,+1.6,26,-2.5,348,-2.8,346,-2.6,336,1.49,176,37.0,59,44.7,225,2017,0.23278332086527848,10,22,0.3125,32
312,Marist,MAAC,8-24,-13.63,100.7,246,114.3,330,66.9,242,+.013,155,-1.94,190,104.2,170,106.1,214,-0.37,163,,MAAC,66.9,242,100.7,246,49.9,199,18.4,158,21.6,337,37.9,101,114.3,330,52.6,264,15.7,324,32.9,316,37.0,214,66.9,242,69.0,204,17.7,231,17.0,113,100.7,246,99.7,250,114.3,330,113.8,337,76.4,231,-1.0,296,-0.8,240,-1.3,309,-0.5,229,-0.6,240,+1.2,71,1.75,102,32.8,159,75.9,12,2017,0.1889528208998176,8,24,0.25,32
32,Marquette,BE,19-13,+16.58,120.8,8,104.2,165,70.1,75,-.058,311,+9.03,37,109.1,50,100.1,27,-2.16,219,10,BE,70.1,75,120.8,8,57.5,4,17.3,86,27.1,254,31.0,284,104.2,165,52.2,241,18.3,186,29.2,173,35.7,189,70.1,75,71.1,91,16.3,73,17.6,244,120.8,8,115.2,14,104.2,165,106.1,227,76.6,196,+0.3,130,+1.4,49,-0.8,265,+0.5,116,+0.2,171,-2.1,317,2.11,30,38.0,42,47.3,207,2017,0.8455318349355276,19,13,0.59375,32
149,Marshall,CUSA,20-15,+1.13,110.8,66,109.7,273,77.6,3,+.027,110,-1.36,169,103.3,220,104.7,135,+0.72,132,,CUSA,77.6,3,110.8,66,53.6,50,15.9,23,24.4,309,37.1,128,109.7,273,51.5,211,16.8,281,32.8,315,31.0,72,77.6,3,77.4,3,13.8,2,17.1,142,110.8,66,109.5,55,109.7,273,107.8,265,76.5,212,-1.5,330,-1.1,290,-1.9,338,-1.0,284,+0.2,150,+2.3,20,1.93,59,29.0,241,73.6,15,2017,0.5286536159700075,20,15,0.5714285714285714,35
46,Maryland,B10,24-9,+14.34,113.1,41,98.7,64,67.2,219,+.061,39,+7.74,54,108.3,62,100.6,40,-1.10,188,6,B10,67.2,219,113.1,41,52.4,81,19.0,215,30.4,129,38.5,82,98.7,64,47.5,43,18.0,202,32.3,300,32.6,112,67.2,219,67.8,258,17.9,251,17.6,242,113.1,41,107.8,86,98.7,64,101.2,116,77.3,106,+0.9,65,+1.4,44,+0.4,121,+2.0,12,-0.2,210,-1.0,264,1.29,237,32.0,182,36.0,285,2017,0.8272348566736232,24,9,0.7272727272727273,33
321,Maryland Eastern Shore,MEAC,14-20,-14.83,97.8,292,112.7,314,68.5,157,+.039,77,-7.48,322,100.7,314,108.2,319,+8.64,11,,MEAC,68.5,157,97.8,292,48.4,257,18.0,135,27.1,252,32.5,261,112.7,314,52.8,275,19.3,125,33.7,326,40.9,292,68.5,157,69.2,194,17.4,187,17.4,193,97.8,292,99.8,249,112.7,314,109.0,290,76.3,240,-1.1,301,-1.6,325,-0.6,245,-0.3,197,-0.1,189,+0.1,180,1.03,297,32.4,167,50.8,171,2017,0.1637268633683644,14,20,0.4117647058823529,34
158,Massachusetts,A10,15-18,+0.63,100.6,249,100.0,80,71.9,29,-.042,288,+0.85,121,104.9,135,104.1,122,-4.53,289,,A10,71.9,29,100.6,249,49.7,207,20.3,294,28.1,216,34.6,194,100.0,80,46.9,32,19.6,102,30.2,221,44.5,330,71.9,29,73.0,35,16.1,54,16.7,61,100.6,249,98.6,272,100.0,80,98.7,55,77.5,81,+1.3,46,+1.3,52,+1.2,43,+0.7,102,+0.9,87,-0.3,220,1.29,236,38.0,43,39.8,265,2017,0.5171916765109438,15,18,0.45454545454545453,33
316,McNeese St.,Slnd,7-22,-14.01,96.3,316,110.3,288,69.9,85,-.057,309,-3.42,237,103.2,223,106.6,245,+7.94,17,,Slnd,69.9,85,96.3,316,47.5,293,19.8,266,25.4,293,34.4,205,110.3,288,50.6,178,17.9,211,36.2,348,39.1,257,69.9,85,72.0,58,16.9,127,16.3,18,96.3,316,95.7,321,110.3,288,109.5,303,76.1,265,-0.8,265,-1.4,311,-0.2,203,-1.1,293,-0.8,259,+0.0,188,1.44,194,34.8,104,59.0,91,2017,0.17350901017195883,7,22,0.2413793103448276,29
101,Memphis,Amer,19-13,+6.02,107.0,127,101.0,98,68.4,165,+.026,114,+1.65,101,104.7,146,103.0,99,-4.46,283,,Amer,68.4,165,107.0,127,48.9,235,16.3,42,31.6,88,36.7,141,101.0,98,48.8,96,19.3,130,30.6,236,33.2,125,68.4,165,70.0,143,17.1,151,17.2,174,107.0,127,104.3,158,101.0,98,100.4,89,77.7,60,+0.6,96,+0.4,128,+0.8,77,+1.2,58,+0.9,85,+1.1,83,1.11,281,22.2,342,38.3,274,2017,0.6600788576300302,19,13,0.59375,32
145,Mercer,SC,15-17,+1.37,109.6,81,108.2,243,61.7,346,-.064,314,+0.10,132,105.4,107,105.3,163,+3.55,60,,SC,61.7,346,109.6,81,50.4,180,18.0,129,33.9,42,32.8,251,108.2,243,50.0,146,15.7,326,28.4,137,35.4,183,61.7,346,63.5,348,20.2,348,17.6,252,109.6,81,108.2,78,108.2,243,108.3,273,76.7,174,+1.0,59,+1.1,69,+1.0,64,+1.1,62,-1.7,321,-1.8,308,1.24,255,29.7,231,54.7,127,2017,0.5368938460017371,15,17,0.46875,32
42,Miami FL,ACC,21-12,+15.03,109.9,76,94.9,25,63.0,339,+.031,98,+9.39,32,110.7,18,101.3,58,-4.48,286,8,ACC,63.0,339,109.9,76,51.0,157,19.5,244,33.4,51,34.3,209,94.9,25,47.6,50,18.3,188,28.2,129,28.7,39,63.0,339,64.7,335,19.3,325,17.8,279,109.9,76,106.2,114,94.9,25,99.2,62,78.1,26,+0.8,76,+0.9,87,+0.7,91,+1.4,32,+1.9,25,+1.7,40,1.63,142,24.7,318,42.8,242,2017,0.8439072603131229,21,12,0.6363636363636364,33
279,Miami OH,MAC,11-21,-10.05,95.9,319,106.0,197,68.6,148,+.052,54,-2.31,199,104.3,162,106.7,249,-6.71,331,,MAC,68.6,148,95.9,319,48.6,248,20.1,283,24.9,300,37.0,134,106.0,197,51.4,208,20.7,44,31.8,285,40.0,278,68.6,148,70.9,102,16.8,114,17.1,151,95.9,319,96.8,305,106.0,197,105.4,216,77.3,105,-0.4,220,-0.3,198,-0.4,230,+0.3,133,+1.3,44,+1.9,33,0.89,316,35.2,95,31.1,317,2017,0.24020958898875486,11,21,0.34375,32
20,Michigan,B10,26-12,+23.05,122.3,4,99.2,69,63.1,338,-.025,252,+10.76,23,110.3,26,99.5,18,-0.53,170,7,B10,63.1,338,122.3,4,57.0,6,14.2,4,24.7,307,30.1,301,99.2,69,51.9,226,19.6,107,30.0,212,27.2,25,63.1,338,63.7,345,19.6,335,18.2,331,122.3,4,116.6,8,99.2,69,103.1,163,78.2,23,+2.0,19,+1.6,36,+2.3,9,+1.7,21,+1.1,77,+0.2,169,2.20,18,23.2,335,67.3,33,2017,0.9173897638114684,26,12,0.6842105263157895,38
40,Michigan St.,B10,20-15,+15.51,111.4,58,95.9,37,66.9,241,-.011,214,+10.99,18,110.6,21,99.6,20,+4.01,51,9,B10,66.9,241,111.4,58,54.0,39,20.5,304,29.2,183,33.5,232,95.9,37,46.6,29,15.9,317,27.3,85,34.7,167,66.9,241,68.1,249,17.5,202,17.6,254,111.4,58,105.3,137,95.9,37,100.5,95,76.0,289,-1.3,310,-1.5,319,-1.1,292,-0.2,195,+0.4,129,-1.7,304,0.98,305,45.0,1,33.4,308,2017,0.848507843138035,20,15,0.5714285714285714,35
43,Middle Tennessee,CUSA,31-5,+14.95,112.2,51,97.2,53,64.6,311,+.011,162,-0.93,154,104.4,158,105.3,165,+3.86,54,12,CUSA,64.6,311,112.2,51,54.1,36,15.6,17,30.2,140,30.0,302,97.2,53,47.9,60,19.8,89,23.8,4,38.2,233,64.6,311,66.1,310,18.4,285,17.8,280,112.2,51,111.7,32,97.2,53,96.2,27,76.8,160,+0.4,116,-0.3,197,+1.1,54,-0.4,210,-0.8,260,+0.8,108,1.70,117,29.2,238,49.3,182,2017,0.8389439204344725,31,5,0.8611111111111112,36
259,Milwaukee,Horz,11-24,-8.37,99.9,261,108.3,244,62.5,344,-.023,241,-1.39,172,104.2,172,105.6,172,+2.15,89,,Horz,62.5,344,99.9,261,50.8,165,18.1,137,24.5,308,27.4,337,108.3,244,53.9,315,17.5,233,26.8,67,32.3,103,62.5,344,65.1,330,19.8,338,17.2,168,99.9,261,99.5,254,108.3,244,107.5,258,75.6,319,-1.6,334,-1.2,293,-2.0,341,-1.1,297,-0.9,274,-0.7,249,0.83,328,34.1,118,13.7,348,2017,0.283237680699419,11,24,0.3142857142857143,35
37,Minnesota,B10,24-10,+16.00,109.7,77,93.7,22,69.5,98,+.022,127,+8.09,49,108.9,52,100.8,45,-1.81,209,5,B10,69.5,98,109.7,77,48.7,246,16.1,31,29.7,156,39.6,68,93.7,22,45.1,10,17.6,231,30.2,222,29.2,45,69.5,98,70.3,125,16.6,95,17.6,236,109.7,77,104.2,159,93.7,22,96.6,33,78.3,20,+1.3,45,+1.1,68,+1.5,32,+1.5,29,+1.8,27,+1.7,39,1.69,123,29.2,237,43.2,239,2017,0.8597226794858487,24,10,0.7058823529411765,34
74,Mississippi,SEC,22-14,+10.16,111.1,63,100.9,96,71.6,33,+.062,37,+7.31,56,107.8,68,100.5,35,-0.73,174,5,SEC,71.6,33,111.1,63,48.8,237,19.4,239,33.9,43,42.9,16,100.9,96,49.8,137,18.8,155,30.0,214,35.6,188,71.6,33,73.4,30,16.0,45,16.7,67,111.1,63,105.5,134,100.9,96,103.4,167,77.2,116,-0.1,172,-0.3,194,+0.2,141,-0.2,186,+0.9,88,+1.5,52,1.45,192,33.1,145,34.5,294,2017,0.7516550584610499,22,14,0.6111111111111112,36
88,Mississippi St.,SEC,16-16,+7.27,106.6,135,99.3,71,68.9,118,-.032,264,+5.29,72,106.3,83,101.0,48,-6.24,323,,SEC,68.9,118,106.6,135,51.1,151,19.0,217,27.1,247,33.9,221,99.3,71,48.1,73,19.7,93,30.0,213,37.9,227,68.9,118,70.8,105,17.2,159,16.7,58,106.6,135,101.9,202,99.3,71,100.1,79,76.9,155,+0.8,70,+1.0,72,+0.7,95,-0.2,192,+0.3,135,-1.2,280,0.95,309,36.0,78,29.0,329,2017,0.6933411610019001,16,16,0.5,32
344,Mississippi Valley St.,SWAC,7-25,-22.54,95.8,320,118.3,347,71.3,43,+.025,118,-6.99,317,100.3,325,107.3,278,+11.61,5,,SWAC,71.3,43,95.8,320,46.6,319,19.7,259,30.4,127,33.5,231,118.3,347,56.4,343,19.5,108,33.9,328,37.8,225,71.3,43,72.1,55,16.9,122,16.2,15,95.8,320,95.8,319,118.3,347,114.5,339,75.0,341,-2.8,351,-2.9,351,-2.8,346,-0.7,256,-0.1,201,-2.1,316,1.24,256,43.4,3,66.2,40,2017,0.0812075157761178,7,25,0.21875,32
156,Missouri,SEC,8-24,+0.64,101.5,230,100.9,97,68.0,190,-.160,350,+6.83,64,108.1,64,101.3,56,-5.07,301,,SEC,68.0,190,101.5,230,45.2,334,16.9,62,28.2,210,38.7,80,100.9,97,49.6,123,19.2,133,30.2,225,42.6,315,68.0,190,70.4,119,17.0,134,17.0,119,101.5,230,97.3,295,100.9,97,102.8,153,76.5,209,-0.2,199,-0.7,231,+0.2,141,-0.3,200,+0.1,173,-0.7,252,0.86,323,37.5,50,47.6,202,2017,0.5170389041341213,8,24,0.25,32
134,Missouri St.,MVC,17-16,+2.27,108.3,104,106.0,201,66.2,271,-.055,306,-0.26,138,103.6,198,103.9,116,-6.25,325,,MVC,66.2,271,108.3,104,51.0,154,18.4,164,32.9,61,33.8,226,106.0,201,50.3,163,16.2,310,24.6,18,33.0,118,66.2,271,66.2,308,18.4,288,17.9,294,108.3,104,106.6,103,106.0,201,104.1,188,76.2,257,+0.0,159,+0.1,146,-0.1,187,+0.0,170,-0.7,245,-2.5,331,1.31,231,33.3,138,62.4,67,2017,0.5614034129540312,17,16,0.5151515151515151,33
81,Monmouth,MAAC,27-7,+8.61,109.1,87,100.5,89,72.4,21,+.070,23,-2.63,208,103.6,205,106.2,219,+2.02,94,4,MAAC,72.4,21,109.1,87,50.8,164,16.7,56,29.7,155,37.3,124,100.5,89,47.0,33,19.5,111,30.0,215,35.7,190,72.4,21,74.2,18,14.8,8,17.6,237,109.1,87,108.5,73,100.5,89,98.3,49,76.0,269,+0.8,74,+1.1,61,+0.5,104,-0.6,246,-0.9,279,-3.7,343,2.26,14,37.3,57,81.5,4,2017,0.7199537894517021,27,7,0.7941176470588235,34
194,Montana,BSky,16-16,-2.06,106.1,145,108.2,242,66.7,250,-.050,297,-4.94,277,103.5,213,108.4,324,+0.79,131,,BSky,66.7,250,106.1,145,51.2,148,15.6,16,28.0,221,33.0,247,108.2,242,52.0,232,18.2,195,26.8,68,44.4,329,66.7,250,68.8,216,17.3,174,17.6,249,106.1,145,108.1,82,108.2,242,105.9,225,75.7,313,-1.1,303,-1.3,303,-0.9,281,-0.5,233,-1.4,304,-1.4,294,1.67,132,36.5,70,64.4,50,2017,0.44388929482045175,16,16,0.5,32
240,Montana St.,BSky,16-16,-6.51,103.1,195,109.6,271,69.3,103,-.025,250,-6.68,316,103.4,216,110.1,346,-2.98,241,,BSky,69.3,103,103.1,195,51.2,147,16.6,49,27.2,242,36.3,149,109.6,271,52.3,253,18.4,183,27.8,108,50.7,346,69.3,103,71.5,73,17.2,160,16.5,38,103.1,195,107.2,93,109.6,271,107.5,256,76.8,161,-1.0,289,-1.1,288,-0.8,265,+0.3,129,+1.1,67,+0.7,117,0.93,311,31.7,190,44.2,231,2017,0.3311281979515813,16,16,0.5,32
203,Morehead St.,OVC,14-16,-3.06,106.7,131,109.8,278,68.7,141,-.005,198,-1.00,156,105.2,119,106.2,221,+4.42,46,,OVC,68.7,141,106.7,131,51.0,153,18.5,173,35.0,26,28.8,325,109.8,278,55.1,333,19.5,116,28.1,127,42.1,310,68.7,141,70.5,117,17.1,146,16.9,86,106.7,131,106.9,98,109.8,278,109.9,309,76.0,274,-1.6,335,-1.8,338,-1.4,318,-0.6,248,-0.3,218,+0.5,141,1.09,287,30.0,224,52.2,150,2017,0.41839811401737814,14,16,0.4666666666666667,30
324,Morgan St.,MEAC,14-16,-15.47,91.2,344,106.6,212,67.7,203,+.038,81,-12.66,350,98.1,345,110.7,350,-3.20,247,,MEAC,67.7,203,91.2,344,42.5,348,19.8,267,35.1,25,37.7,105,106.6,212,48.9,100,20.1,73,31.1,252,41.5,301,67.7,203,69.8,159,17.4,188,16.9,104,91.2,344,95.3,323,106.6,212,100.5,94,77.0,138,+0.1,150,+0.1,149,+0.2,141,+1.7,24,+0.4,122,-1.0,267,0.85,326,35.9,82,40.8,257,2017,0.14254278671135426,14,16,0.4666666666666667,30
209,Mount St. Mary's,NEC,20-16,-3.86,99.5,269,103.4,151,66.8,245,+.074,20,-4.49,266,102.0,277,106.5,236,+11.52,6,16,NEC,66.8,245,99.5,269,51.0,158,19.1,223,23.1,328,32.4,264,103.4,151,49.9,143,21.6,23,34.9,337,32.6,110,66.8,245,68.3,241,18.5,291,16.6,54,99.5,269,99.2,256,103.4,151,100.1,83,74.9,345,-0.2,191,-0.1,177,-0.2,209,-0.3,198,-2.0,336,-6.5,351,1.28,241,25.0,316,43.4,236,2017,0.39123017857137166,20,16,0.5555555555555556,36
197,Murray St.,OVC,16-17,-2.61,107.2,122,109.8,277,68.7,140,-.087,338,-4.05,249,103.6,203,107.6,292,+0.01,154,,OVC,68.7,140,107.2,122,50.8,168,16.9,61,31.8,79,34.9,183,109.8,277,52.1,236,17.9,210,29.6,198,38.5,238,68.7,140,70.2,133,16.8,113,17.3,182,107.2,122,109.6,53,109.8,277,107.5,254,76.2,245,-0.1,173,-1.0,254,+0.9,75,-0.2,190,-1.8,324,-0.5,232,1.82,87,27.3,286,42.1,247,2017,0.43153546636226847,16,17,0.48484848484848486,33
109,N.C. State,ACC,15-17,+4.98,112.6,46,107.6,229,70.3,71,+.019,134,+7.58,55,108.6,58,101.0,47,-6.15,321,,ACC,70.3,71,112.6,46,52.7,68,18.5,172,29.8,151,36.2,152,107.6,229,51.6,216,15.6,328,31.4,268,30.4,60,70.3,71,72.0,57,16.9,120,16.5,39,112.6,46,107.0,96,107.6,229,110.2,316,77.8,45,+0.7,89,+0.6,106,+0.8,84,+0.8,89,+1.5,35,+1.5,49,1.39,212,29.8,228,32.0,312,2017,0.6276953068076351,15,17,0.46875,32
286,NJIT,ASun,11-20,-10.55,98.7,279,109.2,265,67.6,211,+.029,103,-3.43,238,104.6,147,108.1,313,-0.42,165,,ASun,67.6,211,98.7,279,48.7,242,19.7,258,30.5,124,33.3,241,109.2,265,55.2,335,18.4,184,25.2,28,36.3,202,67.6,211,70.7,108,17.6,214,16.4,30,98.7,279,100.2,240,109.2,265,108.4,276,76.5,214,-0.4,217,+0.6,110,-1.3,311,-0.5,223,+0.3,136,-0.7,255,2.01,48,35.5,92,51.6,158,2017,0.2381942029401968,11,20,0.3548387096774194,31
206,Navy,Pat,16-16,-3.47,99.9,262,103.4,148,64.2,321,-.012,218,-4.19,254,101.5,292,105.7,182,-3.30,252,,Pat,64.2,321,99.9,262,47.8,281,21.9,333,36.9,12,35.9,162,103.4,148,53.0,287,23.8,6,26.2,51,38.9,250,64.2,321,64.8,333,19.1,321,17.9,301,99.9,262,99.4,255,103.4,148,99.6,69,76.5,211,-0.4,219,-0.8,239,+0.1,173,-0.5,232,+0.2,148,-0.4,227,1.12,278,36.2,76,46.8,210,2017,0.4022723956392148,16,16,0.5,32
107,Nebraska,B10,12-19,+5.14,105.0,157,99.8,77,68.1,185,+.011,164,+11.37,14,111.2,11,99.8,24,+6.66,27,,B10,68.1,185,105.0,157,46.0,328,18.6,190,33.7,47,30.0,304,99.8,77,52.0,231,19.3,128,29.9,210,33.3,128,68.1,185,69.4,183,17.7,224,16.9,89,105.0,157,99.1,260,99.8,77,105.3,215,77.7,59,+0.8,80,+0.6,109,+1.0,61,+1.4,37,+1.3,40,+0.1,181,1.43,200,32.0,178,50.9,166,2017,0.6420125492636206,12,19,0.3870967741935484,31
176,Nebraska Omaha,Sum,18-14,-0.40,108.6,98,109.0,255,73.8,9,+.086,8,-0.59,147,106.2,85,106.8,255,+4.11,49,,Sum,73.8,9,108.6,98,52.3,90,18.3,155,28.9,194,40.6,46,109.0,255,54.0,316,19.3,131,31.3,265,33.7,145,73.8,9,75.8,7,15.2,13,16.6,43,108.6,98,108.1,80,109.0,255,109.9,310,76.7,178,+0.1,155,-0.2,179,+0.3,129,-0.4,220,-0.6,236,+0.3,162,1.53,167,28.6,251,45.1,222,2017,0.4894317093876936,18,14,0.5625,32
54,Nevada,MWC,28-7,+13.31,114.6,36,101.3,101,69.7,90,+.055,45,+1.29,105,104.5,155,103.2,104,-1.12,189,12,MWC,69.7,90,114.6,36,52.5,79,15.5,15,30.4,131,41.3,33,101.3,101,48.3,78,15.9,316,26.3,52,28.2,35,69.7,90,70.9,101,17.1,152,16.8,80,114.6,36,112.1,28,101.3,101,100.4,90,77.5,84,-0.5,230,-1.2,292,+0.2,141,+1.4,41,+1.4,38,+1.9,34,1.99,51,18.0,350,46.7,212,2017,0.8051276362476427,28,7,0.8,35
182,New Hampshire,AE,20-12,-0.80,102.3,211,103.2,140,65.4,296,+.063,36,-4.58,269,102.6,258,107.1,272,-0.50,169,,AE,65.4,296,102.3,211,50.2,185,18.3,151,27.2,245,34.1,218,103.2,140,49.9,139,14.6,342,21.7,1,29.3,46,65.4,296,66.4,301,18.2,271,18.0,305,102.3,211,102.5,184,103.2,140,101.1,115,75.7,310,-0.7,256,-0.6,223,-0.8,273,-0.7,256,-2.0,339,-1.2,284,2.26,13,20.1,348,59.6,88,2017,0.47483862894239576,20,12,0.625,32
119,New Mexico,MWC,17-14,+3.44,106.5,137,103.1,137,68.8,126,+.024,121,+2.14,97,105.4,111,103.2,103,-1.32,196,,MWC,68.8,126,106.5,137,50.2,188,18.4,159,27.0,255,46.1,1,103.1,137,50.6,179,19.0,150,27.8,110,37.7,224,68.8,126,70.5,118,16.7,104,17.5,216,106.5,137,103.7,169,103.1,137,102.6,149,77.9,37,+1.4,36,+2.0,23,+0.8,83,+1.7,23,+1.2,48,+0.1,182,1.50,174,41.4,10,64.8,45,2017,0.592213711025734,17,14,0.5483870967741935,31
84,New Mexico St.,WAC,28-6,+7.89,110.5,70,102.6,124,67.9,195,+.063,35,-4.52,267,101.0,307,105.6,174,-4.82,295,14,WAC,67.9,195,110.5,70,52.7,71,19.5,247,35.5,21,43.3,12,102.6,124,47.9,62,19.1,139,28.4,141,35.2,179,67.9,195,69.6,169,16.6,100,17.9,303,110.5,70,110.4,47,102.6,124,98.2,46,76.6,191,-0.1,180,+0.2,140,-0.4,223,-0.2,193,+0.2,172,-0.5,230,1.32,228,33.1,143,54.0,134,2017,0.7012049372300574,28,6,0.8235294117647058,34
178,New Orleans,Slnd,20-12,-0.52,101.3,235,101.8,107,66.2,272,+.046,67,-5.29,287,102.3,267,107.6,291,+8.32,13,16,Slnd,66.2,272,101.3,235,50.2,189,23.7,349,36.1,17,42.8,18,101.8,107,50.3,160,22.4,13,32.6,309,34.7,170,66.2,272,68.4,237,18.4,284,16.8,70,101.3,235,102.0,201,101.8,107,99.7,72,75.9,291,+0.1,154,+0.0,152,+0.2,159,-0.0,172,-0.5,233,-3.9,346,2.18,22,28.0,268,65.2,43,2017,0.4858481638417376,20,12,0.625,32
256,Niagara,MAAC,10-23,-7.90,101.4,232,109.3,267,69.1,114,-.067,320,-3.63,242,103.0,236,106.6,242,-4.72,294,,MAAC,69.1,114,101.4,232,47.6,292,17.9,118,30.5,125,33.6,230,109.3,267,50.5,171,16.0,315,30.7,241,30.8,69,69.1,114,71.8,64,16.3,71,17.1,148,101.4,232,102.0,200,109.3,267,107.5,255,75.8,302,-0.7,257,-1.0,278,-0.4,226,-0.7,270,-1.2,297,-1.4,295,1.18,268,28.0,266,54.1,133,2017,0.2967613565014287,10,23,0.30303030303030304,33
315,Nicholls St.,Slnd,14-17,-13.77,100.4,250,114.2,326,69.4,99,+.089,6,-3.88,246,103.0,238,106.9,260,+7.91,18,,Slnd,69.4,99,100.4,250,49.5,218,20.4,296,26.8,261,35.8,163,114.2,326,55.6,339,20.4,54,37.6,351,33.5,134,69.4,99,71.6,68,17.2,167,16.4,24,100.4,250,100.0,244,114.2,326,113.1,334,75.8,301,-0.6,240,+1.0,78,-2.2,343,-1.5,319,-1.5,310,-0.5,232,1.58,154,23.8,329,49.1,186,2017,0.18526517205048273,14,17,0.45161290322580644,31
299,Norfolk St.,MEAC,17-17,-11.92,94.2,329,106.1,204,68.8,127,+.069,27,-9.52,338,99.7,332,109.2,340,+6.02,34,,MEAC,68.8,127,94.2,329,47.4,299,20.5,305,29.7,158,38.0,98,106.1,204,48.0,64,16.7,283,28.9,164,38.4,236,68.8,127,70.3,128,17.4,192,16.8,81,94.2,329,96.7,308,106.1,204,102.0,135,76.7,179,+0.3,126,+1.1,63,-0.5,236,-0.7,256,+0.8,97,-1.1,274,1.09,286,33.2,141,41.4,251,2017,0.2029332311047919,17,17,0.5,34
3,North Carolina,ACC,33-7,+28.22,120.7,9,92.5,11,71.3,40,+.037,85,+12.49,6,112.0,4,99.5,19,+3.87,53,1,ACC,71.3,40,120.7,9,51.7,115,16.2,39,41.3,1,34.3,208,92.5,11,48.1,71,18.6,168,25.0,25,31.6,82,71.3,40,72.4,48,15.4,25,17.7,261,120.7,9,115.4,13,92.5,11,97.7,44,77.9,35,+1.6,28,+1.4,48,+1.8,20,+2.7,6,+0.3,134,-0.3,210,1.87,75,36.6,69,64.4,51,2017,0.9552184597396468,33,7,0.825,40
349,North Carolina A&T,MEAC,3-29,-27.71,95.4,322,123.1,351,62.8,341,-.086,337,-9.40,337,98.7,342,108.1,315,+0.08,149,,MEAC,62.8,341,95.4,322,47.6,290,21.7,329,31.8,80,33.4,235,123.1,351,53.1,295,14.3,347,32.9,318,38.9,248,62.8,341,64.7,336,19.9,342,17.2,163,95.4,322,96.5,310,123.1,351,116.6,349,76.2,251,-0.6,235,-0.7,234,-0.4,227,-1.5,322,-0.8,260,+0.6,129,0.84,327,37.5,51,27.0,335,2017,0.050615201920727534,3,29,0.09375,32
161,North Carolina Central,MEAC,25-9,+0.36,102.2,214,101.9,109,66.7,254,-.055,304,-12.44,348,97.7,348,110.1,347,-0.66,172,16,MEAC,66.7,254,102.2,214,51.3,140,17.8,109,31.5,90,34.2,213,101.9,109,45.3,12,19.8,90,31.2,263,28.0,31,66.7,254,68.3,242,17.7,222,17.5,223,102.2,214,107.0,95,101.9,109,93.7,10,75.8,303,-1.5,328,-1.6,328,-1.4,316,+0.2,153,-1.6,316,-0.5,232,1.70,120,27.6,282,50.1,178,2017,0.5084509405553671,25,9,0.7352941176470589,34
168,North Dakota,BSky,22-10,+0.04,103.6,188,103.5,157,71.5,35,+.048,61,-5.66,296,103.0,237,108.6,330,+3.24,66,15,BSky,71.5,35,103.6,188,53.4,55,18.3,154,26.0,279,36.1,158,103.5,157,50.7,181,19.7,98,27.9,116,39.7,268,71.5,35,72.7,43,16.0,49,17.1,147,103.6,188,106.6,105,103.5,157,101.5,124,76.5,204,-0.2,193,+0.3,135,-0.7,258,-0.7,256,+0.3,141,-0.3,214,1.92,66,26.0,302,82.0,3,2017,0.5027764081836437,22,10,0.6875,32
167,North Dakota St.,Sum,19-11,+0.19,104.6,166,104.4,169,66.7,253,+.081,14,-1.93,189,105.5,102,107.5,283,+0.50,139,,Sum,66.7,253,104.6,166,52.2,95,16.9,65,25.0,298,39.7,66,104.4,169,50.4,166,17.2,260,28.0,118,31.3,80,66.7,253,68.8,215,17.8,244,17.0,128,104.6,166,105.6,128,104.4,169,104.1,186,77.5,86,-1.4,325,-2.0,344,-0.8,265,+1.3,43,+2.4,11,+2.7,7,2.10,32,23.3,332,71.3,20,2017,0.50550217191169,19,11,0.6333333333333333,30
255,North Florida,ASun,15-19,-7.64,101.8,221,109.5,268,69.9,86,+.025,119,-0.46,141,105.9,89,106.4,231,+6.82,24,,ASun,69.9,86,101.8,221,51.3,141,22.3,341,33.3,52,34.9,182,109.5,268,52.7,271,16.6,289,31.8,284,35.0,174,69.9,86,72.3,52,16.9,123,16.2,13,101.8,221,101.5,211,109.5,268,110.3,321,77.4,87,+0.5,106,+0.7,96,+0.3,132,+0.9,80,+1.6,32,-0.2,200,1.92,65,30.2,216,45.7,218,2017,0.30184739847052955,15,19,0.4411764705882353,34
320,North Texas,CUSA,8-22,-14.52,96.3,315,110.8,294,70.2,73,-.080,331,-4.66,272,101.5,291,106.2,220,-8.18,344,,CUSA,70.2,73,96.3,315,47.3,303,18.4,162,26.4,270,34.9,186,110.8,294,50.4,170,17.8,214,31.2,258,35.0,173,70.2,73,71.1,92,16.0,46,17.8,283,96.3,315,95.8,320,110.8,294,106.3,232,77.2,113,+0.5,110,+0.7,94,+0.2,141,+0.5,115,-0.1,195,+0.8,102,1.44,196,39.0,31,51.9,153,2017,0.1661763662041764,8,22,0.26666666666666666,30
159,Northeastern,CAA,15-16,+0.63,107.0,125,106.4,208,66.1,274,-.014,225,+0.90,117,105.4,114,104.5,130,+2.41,78,,CAA,66.1,274,107.0,125,53.5,53,18.5,177,25.7,285,37.8,102,106.4,208,52.1,235,17.0,270,27.0,73,31.0,71,66.1,274,67.2,279,17.6,217,18.1,311,107.0,125,105.8,123,106.4,208,105.9,223,77.8,51,+0.4,113,+0.4,121,+0.4,126,+0.4,119,+1.2,51,+2.5,11,1.30,233,30.6,210,25.9,338,2017,0.5161612338320728,15,16,0.4838709677419355,31
323,Northern Arizona,BSky,9-23,-15.28,95.1,326,110.4,289,69.2,106,-.016,230,-6.17,307,101.9,282,108.1,314,-3.31,253,,BSky,69.2,106,95.1,326,46.7,316,20.4,302,31.3,96,33.2,243,110.4,289,52.9,281,16.7,285,26.8,70,32.8,116,69.2,106,70.8,103,17.7,226,16.1,6,95.1,326,96.5,311,110.4,289,107.6,261,76.5,206,-0.5,232,-1.2,296,+0.2,141,+0.8,91,+0.5,117,-1.5,298,1.54,164,34.3,110,52.7,145,2017,0.15244092610309104,9,23,0.28125,32
283,Northern Colorado,BSky,11-18,-10.33,96.6,309,106.9,216,68.5,160,-.027,253,-4.29,257,103.9,189,108.2,316,+8.65,9,,BSky,68.5,160,96.6,309,51.0,155,20.3,293,27.4,235,34.5,201,106.9,216,52.2,242,18.2,198,25.4,32,34.5,163,68.5,160,70.3,127,17.4,186,16.4,25,96.6,309,98.3,280,106.9,216,105.6,219,75.9,299,-1.3,312,-1.0,270,-1.6,323,-2.3,347,-0.8,260,+1.1,81,0.58,347,28.0,268,26.7,337,2017,0.2377375865139099,11,18,0.3793103448275862,29
205,Northern Illinois,MAC,15-17,-3.47,98.9,273,102.4,120,66.8,247,-.038,281,-2.50,203,104.1,175,106.6,246,-5.54,312,,MAC,66.8,247,98.9,273,46.4,323,19.4,241,33.4,50,40.3,55,102.4,120,50.8,190,20.5,50,28.1,123,39.8,272,66.8,247,69.1,199,17.3,176,17.4,199,98.9,273,99.2,257,102.4,120,101.1,114,77.0,148,+0.8,82,+1.2,58,+0.4,120,+0.5,113,-0.7,246,-0.6,246,1.47,186,37.0,60,58.6,97,2017,0.4013265271912594,15,17,0.46875,32
169,Northern Iowa,MVC,14-16,+0.01,97.6,295,97.6,57,63.5,332,+.054,50,+4.51,77,107.2,74,102.7,88,+7.99,16,,MVC,63.5,332,97.6,295,46.7,315,17.3,85,17.7,350,34.2,215,97.6,57,50.6,174,20.9,38,28.3,136,26.1,11,63.5,332,64.6,337,19.1,320,17.9,295,97.6,295,93.7,332,97.6,57,100.0,77,76.6,195,-0.1,183,+0.2,138,-0.4,232,+0.0,168,+0.1,178,-0.8,259,1.28,240,28.8,246,41.0,256,2017,0.5,14,16,0.4666666666666667,30
138,Northern Kentucky,Horz,24-11,+1.91,106.8,130,104.9,178,68.0,189,+.073,22,-3.35,234,102.9,242,106.3,224,-2.55,228,15,Horz,68.0,189,106.8,130,52.4,84,18.8,201,31.2,100,36.5,144,104.9,178,49.7,129,17.0,272,26.3,54,30.5,63,68.0,189,70.2,132,17.4,189,16.9,105,106.8,130,106.5,107,104.9,178,102.7,151,76.7,177,-1.0,294,-2.0,342,-0.1,186,+0.3,128,+0.8,96,+0.5,142,1.15,273,30.0,221,50.9,168,2017,0.5514249462803952,24,11,0.6857142857142857,35
38,Northwestern,B10,24-12,+15.81,111.3,59,95.5,32,65.6,292,+.019,135,+8.32,46,109.0,51,100.7,43,-3.23,249,8,B10,65.6,292,111.3,59,49.7,206,16.0,28,30.8,118,30.5,296,95.5,32,46.1,21,17.9,208,30.6,239,36.1,200,65.6,292,66.5,298,17.7,229,18.3,338,111.3,59,106.8,99,95.5,32,98.8,56,77.8,42,-0.1,181,-0.6,224,+0.4,116,+1.6,26,+1.8,26,+2.1,24,1.93,60,27.4,285,54.7,128,2017,0.8532953838032988,24,12,0.6666666666666666,36
293,Northwestern St.,Slnd,13-16,-11.40,101.1,237,112.5,312,71.3,39,+.028,106,-5.18,284,101.4,297,106.6,241,+6.99,21,,Slnd,71.3,39,101.1,237,50.1,193,20.8,317,29.6,160,41.0,37,112.5,312,53.9,314,19.2,136,32.4,301,39.4,261,71.3,39,72.8,41,16.1,55,17.0,126,101.1,237,100.9,228,112.5,312,109.0,289,76.0,272,-0.8,261,-0.4,205,-1.1,298,-1.7,328,-0.7,252,+0.2,171,1.85,81,32.9,154,65.4,42,2017,0.22640980784568343,13,16,0.4482758620689655,29
27,Notre Dame,ACC,26-10,+19.74,118.1,18,98.4,61,67.0,236,+.024,120,+10.24,28,110.1,35,99.8,23,-3.85,270,5,ACC,67.0,236,118.1,18,53.6,49,14.0,2,27.3,238,28.6,327,98.4,61,49.1,111,18.7,163,30.8,244,26.7,18,67.0,236,67.7,265,18.6,298,16.9,88,118.1,18,113.7,17,98.4,61,102.1,137,77.4,97,-0.2,196,-0.4,203,-0.1,195,+1.2,54,+1.7,31,+0.7,120,1.89,71,22.2,341,62.4,66,2017,0.890771465681266,26,10,0.7222222222222222,36
103,Oakland,Horz,25-9,+5.90,105.0,158,99.1,68,71.9,28,-.011,215,-4.10,251,102.8,246,106.9,262,-5.42,308,7,Horz,71.9,28,105.0,158,51.2,146,18.4,161,29.3,179,37.7,106,99.1,68,46.3,26,18.8,157,29.1,172,28.5,36,71.9,28,74.3,16,16.0,47,16.4,32,105.0,158,105.8,122,99.1,68,96.3,30,76.5,205,-0.3,206,-0.6,226,+0.0,174,+1.0,70,+0.3,142,-1.9,312,1.36,219,31.7,189,54.4,129,2017,0.660395109475134,25,9,0.7352941176470589,34
105,Ohio,MAC,20-11,+5.73,105.6,148,99.9,78,70.4,65,-.072,325,-2.90,222,103.5,209,106.4,235,-6.82,335,,MAC,70.4,65,105.6,148,53.2,61,17.4,88,25.6,287,33.7,228,99.9,78,47.3,37,18.1,201,27.8,107,32.7,114,70.4,65,72.2,54,16.8,108,16.5,34,105.6,148,106.5,106,99.9,78,97.7,43,77.4,93,+0.3,121,-0.3,201,+1.0,59,+1.4,36,+0.6,111,+0.6,131,1.58,153,26.3,299,67.3,34,2017,0.6543283343846829,20,11,0.6451612903225806,31
73,Ohio St.,B10,17-15,+10.20,111.2,60,101.0,99,68.0,192,-.054,302,+6.78,65,107.4,73,100.6,41,-4.55,290,,B10,68.0,192,111.2,60,52.2,94,19.2,227,29.7,156,38.1,96,101.0,99,48.9,99,17.5,239,28.8,159,29.4,50,68.0,192,68.7,224,16.8,107,18.1,319,111.2,60,105.6,132,101.0,99,101.2,118,77.7,55,+1.3,41,+1.7,34,+0.9,71,+0.4,122,+0.7,102,+1.0,91,1.86,77,26.3,297,66.8,37,2017,0.751459862668824,17,15,0.53125,32
65,Oklahoma,B12,11-20,+11.49,107.4,118,95.9,39,70.0,81,-.102,344,+14.13,2,112.5,3,98.3,4,+1.16,121,,B12,70.0,81,107.4,118,47.4,297,19.0,218,30.8,116,36.7,140,95.9,39,50.0,149,18.5,175,29.8,205,33.5,135,70.0,81,71.1,89,16.3,70,17.4,210,107.4,118,100.3,238,95.9,39,102.7,150,77.4,95,+0.6,101,+0.6,107,+0.5,105,+0.9,77,+1.0,80,+0.2,175,0.96,307,40.4,18,33.8,303,2017,0.7862425383245751,11,20,0.3548387096774194,31
22,Oklahoma St.,B12,20-13,+22.48,126.0,1,103.5,155,70.4,66,-.071,324,+14.42,1,112.0,5,97.6,1,+3.07,67,10,B12,70.4,66,126.0,1,54.0,40,18.2,146,38.3,4,37.4,118,103.5,155,53.2,296,20.3,55,31.9,286,45.4,335,70.4,66,72.3,51,16.5,86,16.6,47,126.0,1,117.7,5,103.5,155,108.6,282,76.3,234,+0.2,141,+0.3,136,+0.1,160,+0.9,74,-1.9,333,-1.5,299,1.68,131,34.1,115,44.6,228,2017,0.9056949991082093,20,13,0.6060606060606061,33
120,Old Dominion,CUSA,19-12,+3.44,100.7,247,97.2,52,61.1,348,-.013,221,-2.40,201,104.0,178,106.4,234,+1.50,114,,CUSA,61.1,348,100.7,247,45.6,331,17.5,93,35.5,23,34.1,216,97.2,52,46.4,28,20.1,76,25.6,38,38.6,240,61.1,348,63.7,344,19.7,337,17.9,291,100.7,247,100.5,234,97.2,52,95.1,17,76.9,154,-0.3,209,-0.8,243,+0.2,141,+0.9,78,-0.4,227,+0.8,107,1.78,95,30.0,221,55.1,121,2017,0.600323573966498,19,12,0.6129032258064516,31
236,Oral Roberts,Sum,8-22,-6.30,104.4,169,110.7,293,69.1,111,-.077,329,+1.85,100,106.9,77,105.1,150,+8.64,10,,Sum,69.1,111,104.4,169,49.6,215,16.7,57,25.1,297,30.5,295,110.7,293,54.7,330,16.1,311,29.4,188,32.0,95,69.1,111,71.3,84,17.3,182,16.4,28,104.4,169,102.7,180,110.7,293,112.2,331,76.7,180,+0.1,148,-0.2,180,+0.5,111,+0.7,98,-0.8,255,-0.7,253,1.43,199,27.5,283,57.9,106,2017,0.33763912481060326,8,22,0.26666666666666666,30
10,Oregon,P12,33-6,+25.02,118.2,17,93.2,17,67.0,234,+.034,88,+8.05,50,109.2,47,101.2,51,+0.51,137,3,P12,67.0,234,118.2,17,55.5,17,17.1,75,32.4,70,34.4,203,93.2,17,46.4,27,19.3,129,29.5,192,26.3,12,67.0,234,68.7,223,16.9,116,18.1,313,118.2,17,113.8,16,93.2,17,96.3,29,77.4,91,+1.2,52,+1.1,67,+1.3,41,-0.1,184,-0.3,219,+1.5,52,1.97,56,28.8,245,55.5,118,2017,0.9389316758061487,33,6,0.8461538461538461,39
264,Oregon St.,P12,5-27,-8.72,97.0,301,105.8,194,64.6,312,-.067,321,+5.87,69,108.2,63,102.4,76,-5.07,300,,P12,64.6,312,97.0,301,48.2,267,23.0,345,27.0,256,34.3,211,105.8,194,51.3,206,17.5,234,32.3,297,39.6,264,64.6,312,67.0,285,19.4,330,16.4,20,97.0,301,92.6,339,105.8,194,108.6,281,78.1,24,+1.4,35,+1.5,41,+1.2,42,-0.6,239,+1.2,51,+3.5,3,0.63,342,28.0,271,29.3,327,2017,0.26920600155743185,5,27,0.15625,32
246,Pacific,WCC,11-22,-6.98,99.5,267,106.5,210,66.5,259,-.003,194,+1.02,111,105.0,134,103.9,118,-2.65,232,,WCC,66.5,259,99.5,267,44.5,340,17.0,70,29.3,177,34.6,195,106.5,210,52.5,262,16.5,299,24.1,8,40.9,295,66.5,259,67.8,261,17.8,233,17.6,247,99.5,267,96.8,303,106.5,210,106.6,238,76.9,158,-0.1,185,-0.1,169,-0.1,197,+0.0,169,+0.3,138,+0.4,158,1.80,92,39.1,30,66.1,41,2017,0.31392035349353675,11,22,0.3333333333333333,33
171,Penn,Ivy,13-15,-0.20,102.6,206,102.8,133,66.7,255,-.054,301,-1.68,184,103.5,211,105.2,154,+0.20,146,,Ivy,66.7,255,102.6,206,51.6,117,18.9,212,27.6,230,26.0,345,102.8,133,48.8,94,20.1,75,29.4,184,33.6,139,66.7,255,67.3,275,17.7,221,17.9,290,102.6,206,101.7,205,102.8,133,100.8,105,76.1,268,-1.0,295,-1.0,254,-1.1,294,-0.5,234,-0.6,238,-0.4,226,1.49,179,36.5,72,49.3,183,2017,0.49440140067897503,13,15,0.4642857142857143,28
87,Penn St.,B10,15-18,+7.30,104.5,168,97.2,51,70.4,63,-.013,220,+8.52,42,108.5,60,100.0,26,+0.43,141,,B10,70.4,63,104.5,168,47.2,306,17.9,124,26.6,266,32.8,250,97.2,51,49.2,113,20.3,63,30.6,238,31.2,76,70.4,63,71.4,78,15.8,36,17.8,270,104.5,168,98.3,278,97.2,51,100.0,78,77.2,118,+0.1,149,+0.4,127,-0.1,194,-0.0,171,+0.2,150,+1.6,47,1.27,243,30.1,217,48.0,196,2017,0.6969441442599642,15,18,0.45454545454545453,33
303,Pepperdine,WCC,9-22,-12.26,102.0,217,114.2,327,68.5,154,+.026,115,+1.03,110,105.6,99,104.6,132,-1.67,206,,WCC,68.5,154,102.0,217,49.4,222,18.0,136,26.0,278,29.5,314,114.2,327,56.8,348,15.7,323,29.2,174,28.9,40,68.5,154,69.5,174,17.9,249,16.5,41,102.0,217,98.6,271,114.2,327,115.5,345,76.2,253,-0.2,188,-0.3,190,-0.1,192,+0.3,133,-0.7,254,-2.1,318,1.70,119,33.1,147,34.9,291,2017,0.21429083587086226,9,22,0.2903225806451613,31
79,Pittsburgh,ACC,16-17,+8.72,112.4,49,103.7,158,65.4,298,+.044,70,+10.42,26,110.9,15,100.4,30,+0.08,152,,ACC,65.4,298,112.4,49,51.4,132,17.6,99,28.2,209,39.4,70,103.7,158,51.3,204,14.3,346,29.5,191,26.6,17,65.4,298,67.2,278,17.9,250,17.8,276,112.4,49,106.5,108,103.7,158,109.7,307,79.0,3,+0.7,88,+0.0,152,+1.4,38,+3.0,2,+3.8,1,+3.1,5,2.37,8,21.3,346,62.9,60,2017,0.716356738838919,16,17,0.48484848484848486,33
280,Portland,WCC,11-22,-10.24,98.7,280,108.9,254,65.8,283,+.011,163,+0.86,120,105.0,131,104.1,123,-3.81,267,,WCC,65.8,283,98.7,280,47.1,307,19.2,229,24.4,312,37.6,111,108.9,254,51.3,205,16.8,279,32.7,312,30.5,64,65.8,283,66.8,290,18.5,294,17.4,197,98.7,280,95.9,318,108.9,254,108.6,283,76.4,227,+1.2,49,+1.8,32,+0.7,93,-0.1,175,-1.9,334,-2.3,326,1.43,198,32.1,177,57.3,109,2017,0.24398241928361422,11,22,0.3333333333333333,33
239,Portland St.,BSky,15-16,-6.50,104.3,174,110.8,295,72.6,19,-.057,308,-6.52,314,101.9,280,108.5,325,-0.17,159,,BSky,72.6,19,104.3,174,52.5,75,16.1,34,25.7,286,38.1,95,110.8,295,56.0,340,22.2,17,31.3,264,36.8,210,72.6,19,74.2,17,14.9,11,17.4,191,104.3,174,106.9,97,110.8,295,107.5,259,76.4,232,-1.2,306,-1.4,315,-1.1,289,-0.7,256,-0.3,216,+1.5,52,1.20,266,26.9,292,37.8,275,2017,0.3328690372448045,15,16,0.4838709677419355,31
313,Prairie View A&M,SWAC,13-20,-13.64,98.0,289,111.6,304,67.6,210,-.017,232,-8.65,331,99.4,333,108.1,312,+11.49,7,,SWAC,67.6,210,98.0,289,48.6,247,18.8,204,24.7,305,35.4,169,111.6,304,52.9,284,21.7,22,35.0,339,49.5,345,67.6,210,68.4,238,17.7,219,17.4,190,98.0,289,99.0,264,111.6,304,107.3,252,75.0,342,-2.1,345,-1.3,308,-2.8,346,-1.5,320,-1.9,331,-1.4,291,0.86,324,40.6,15,40.4,259,2017,0.18325234084654926,13,20,0.3939393939393939,33
350,Presbyterian,BSth,5-25,-29.20,88.9,349,118.1,346,64.1,322,+.018,139,-4.36,261,102.8,250,107.1,270,+2.25,83,,BSth,64.1,322,88.9,349,45.5,332,23.3,347,29.0,192,27.7,334,118.1,346,56.1,341,16.9,274,31.9,288,36.7,206,64.1,322,65.3,324,19.2,324,17.3,180,88.9,349,89.2,347,118.1,346,116.4,347,75.7,308,-0.9,282,-0.5,221,-1.3,313,-0.6,241,-0.3,215,-2.5,331,1.56,158,38.5,37,59.3,89,2017,0.036748215201612415,5,25,0.16666666666666666,30
58,Princeton,Ivy,23-7,+12.61,109.0,89,96.4,45,63.2,337,+.007,172,-1.08,157,103.9,187,105.0,144,+2.17,86,12,Ivy,63.2,337,109.0,89,53.2,59,15.2,12,24.1,320,24.4,350,96.4,45,48.7,91,20.2,65,24.8,24,32.0,92,63.2,337,64.5,338,18.9,313,18.3,340,109.0,89,109.2,58,96.4,45,95.2,19,76.8,164,-0.6,236,+0.7,99,-1.8,332,-0.3,204,+1.2,51,+0.5,139,2.39,6,25.7,308,76.6,11,2017,0.8041881999235382,23,7,0.7666666666666667,30
60,Providence,BE,20-13,+12.43,108.5,101,96.0,40,66.2,270,+.014,152,+7.90,52,109.1,49,101.2,54,-4.48,287,11,BE,66.2,270,108.5,101,51.4,126,18.4,168,26.4,271,38.1,97,96.0,40,49.6,127,20.3,60,28.6,155,30.5,65,66.2,270,67.6,267,17.5,196,17.9,296,108.5,101,103.7,170,96.0,40,99.0,61,77.6,64,+0.0,165,-0.6,227,+0.6,98,+2.3,8,+3.1,3,-1.1,270,1.40,207,27.8,273,47.6,201,2017,0.8033907240257022,20,13,0.6060606060606061,33
19,Purdue,B10,27-8,+23.12,117.0,24,93.9,23,69.1,113,+.016,142,+9.00,38,109.6,39,100.6,42,-2.38,224,4,B10,69.1,113,117.0,24,55.7,16,18.4,163,30.8,114,33.3,242,93.9,23,47.7,54,16.6,292,24.4,12,22.9,3,69.1,113,70.0,142,16.6,90,17.7,264,117.0,24,112.6,21,93.9,23,96.7,34,77.0,144,+2.0,16,+2.5,12,+1.5,30,+0.2,160,-1.0,284,-2.0,314,1.72,111,28.4,256,60.7,76,2017,0.9261739767409003,27,8,0.7714285714285715,35
294,Quinnipiac,MAAC,10-21,-11.44,101.6,228,113.0,319,73.2,12,+.027,111,-3.24,229,102.8,249,106.0,207,-3.67,266,,MAAC,73.2,12,101.6,228,47.9,280,19.2,224,34.1,39,33.0,248,113.0,319,52.6,265,16.8,278,30.2,224,38.2,232,73.2,12,74.8,12,15.7,32,16.4,19,101.6,228,101.2,222,113.0,319,110.3,318,76.6,193,-0.2,195,+0.0,152,-0.5,237,-0.2,191,-0.5,234,+0.4,155,0.81,331,34.8,103,40.2,260,2017,0.2274160949214719,10,21,0.3225806451612903,31
296,Radford,BSth,14-18,-11.70,96.1,317,107.8,235,64.0,325,+.060,40,-4.34,259,103.4,218,107.7,296,+8.30,14,,BSth,64.0,325,96.1,317,47.5,294,22.4,342,33.8,44,29.5,312,107.8,235,51.2,200,15.1,337,26.9,71,30.0,55,64.0,325,65.3,325,19.5,334,17.1,153,96.1,317,96.7,307,107.8,235,106.3,233,75.5,325,-1.4,323,-1.2,299,-1.6,322,-1.4,309,-1.8,326,-0.3,207,0.62,343,31.5,194,33.2,309,2017,0.21061606409322509,14,18,0.4375,32
34,Rhode Island,A10,25-10,+16.26,111.5,57,95.2,30,66.4,262,-.033,267,+4.27,78,106.8,79,102.5,79,+1.62,113,11,A10,66.4,262,111.5,57,50.8,167,16.4,45,32.9,64,39.2,74,95.2,30,45.0,9,19.4,121,29.7,201,45.0,334,66.4,262,67.4,273,17.7,227,17.8,266,111.5,57,109.0,61,95.2,30,96.7,35,77.1,135,-0.0,168,-0.3,196,+0.3,135,-0.1,178,+0.5,121,+1.2,76,2.20,19,35.9,83,58.0,104,2017,0.8602674949355517,25,10,0.7142857142857143,35
155,Rice,CUSA,23-12,+0.73,107.8,109,107.1,219,72.7,17,-.028,255,-5.44,291,101.2,305,106.7,252,-6.25,324,,CUSA,72.7,17,107.8,109,53.9,42,19.4,243,28.7,201,41.5,31,107.1,219,50.0,150,17.4,245,26.2,50,35.7,191,72.7,17,73.7,27,15.7,31,17.1,144,107.8,109,108.7,71,107.1,219,102.8,156,76.5,215,-1.3,315,-0.8,242,-1.7,329,-0.5,230,+0.0,181,+1.5,52,1.69,122,29.2,234,59.6,86,2017,0.5187209522926377,23,12,0.6571428571428571,35
92,Richmond,A10,22-13,+7.21,110.0,74,102.8,132,68.9,120,+.043,72,+2.92,90,105.4,113,102.4,78,-1.89,214,6,A10,68.9,120,110.0,74,53.9,43,16.2,38,20.7,341,31.6,277,102.8,132,49.9,142,20.0,81,30.7,243,34.6,164,68.9,120,69.7,163,16.7,106,17.8,275,110.0,74,106.2,115,102.8,132,102.7,152,75.7,315,-0.9,274,-0.1,176,-1.6,325,-1.1,294,-2.2,342,-0.5,232,1.84,82,22.9,338,51.6,157,2017,0.6853551539375082,22,13,0.6285714285714286,35
208,Rider,MAAC,18-15,-3.70,100.9,245,104.6,174,72.2,24,+.047,64,-4.42,262,102.6,257,107.0,268,-6.04,318,,MAAC,72.2,24,100.9,245,49.0,233,19.6,254,33.0,56,37.0,133,104.6,174,49.0,101,18.1,200,27.2,82,35.9,196,72.2,24,74.0,22,15.8,38,16.6,48,100.9,245,101.6,210,104.6,174,101.6,130,76.0,290,-0.7,259,-1.6,329,+0.2,141,+0.9,83,-0.5,232,-3.0,338,2.06,41,25.8,305,49.2,185,2017,0.39791584753351517,18,15,0.5454545454545454,33
266,Robert Morris,NEC,14-19,-8.77,91.6,341,100.4,84,68.8,133,+.032,94,-5.36,290,101.3,302,106.6,248,+3.99,52,,NEC,68.8,133,91.6,341,45.1,336,21.5,325,29.4,173,41.3,32,100.4,84,48.4,82,23.6,7,31.3,267,42.5,314,68.8,133,69.9,151,17.2,161,17.1,131,91.6,341,91.5,344,100.4,84,96.4,31,76.1,267,-0.8,264,-0.4,204,-1.1,301,-0.5,226,-0.9,278,-0.5,232,1.50,175,32.8,157,48.4,192,2017,0.2582841737045246,14,19,0.42424242424242425,33
135,Rutgers,B10,15-18,+2.23,101.5,231,99.3,70,66.2,267,+.006,177,+6.70,66,107.5,71,100.8,44,-9.39,347,,B10,66.2,267,101.5,231,44.7,339,19.7,261,37.4,7,31.2,281,99.3,70,47.5,47,18.9,153,30.1,217,31.2,75,66.2,267,67.2,282,17.9,247,17.9,292,101.5,231,96.6,309,99.3,70,100.4,92,77.8,43,+2.0,17,+2.5,13,+1.5,31,+1.3,42,-0.8,260,+0.8,106,1.25,253,34.7,107,39.8,266,2017,0.5626692282348881,15,18,0.45454545454545453,33
318,SIU Edwardsville,OVC,6-24,-14.15,95.0,327,109.2,263,69.2,107,-.041,284,-3.04,225,104.2,169,107.2,276,-0.01,155,,OVC,69.2,107,95.0,327,45.0,337,20.3,291,31.6,89,45.7,3,109.2,263,52.7,270,18.3,192,28.5,149,44.9,333,69.2,107,70.9,99,16.9,128,17.0,122,95.0,327,95.5,322,109.2,263,108.3,272,76.7,186,-1.3,308,-1.3,309,-1.2,302,-0.4,222,+1.2,51,+1.2,69,1.06,291,33.1,146,51.9,154,2017,0.16770255556110317,6,24,0.2,30
11,SMU,Amer,30-5,+24.73,119.8,10,95.0,27,63.5,333,+.003,183,+3.25,88,105.3,117,102.1,70,-0.92,179,6,Amer,63.5,333,119.8,10,54.6,32,16.9,63,37.2,10,36.0,159,95.0,27,46.0,19,18.3,187,26.4,58,24.6,7,63.5,333,63.7,346,19.4,332,18.3,334,119.8,10,116.5,9,95.0,27,94.3,14,78.5,10,-0.3,212,-0.7,232,+0.0,180,+1.3,43,+3.2,2,+4.8,1,1.92,64,18.4,349,53.7,138,2017,0.9350746448168967,30,5,0.8571428571428571,35
291,Sacramento St.,BSky,13-18,-11.24,100.9,241,112.2,310,65.5,293,+.045,69,-5.52,292,102.8,248,108.3,320,+1.68,109,,BSky,65.5,293,100.9,241,49.8,204,16.8,58,27.4,232,37.3,123,112.2,310,52.3,251,15.8,322,29.4,181,33.1,123,65.5,293,67.5,268,18.0,264,17.6,239,100.9,241,102.6,182,112.2,310,110.0,313,76.5,202,+0.6,99,+1.0,80,+0.2,141,+0.6,108,-1.8,323,-1.1,278,1.74,105,26.6,294,66.2,39,2017,0.2278026873331039,13,18,0.41935483870967744,31
301,Sacred Heart,NEC,13-19,-12.12,97.6,296,109.7,274,71.1,48,+.018,138,-8.68,332,99.2,335,107.9,307,-5.34,307,,NEC,71.1,48,97.6,296,49.5,217,22.0,338,30.9,111,35.0,179,109.7,274,52.8,276,19.5,112,27.1,79,33.3,127,71.1,48,71.9,61,16.1,53,17.2,171,97.6,296,99.0,266,109.7,274,103.7,174,76.3,243,-0.9,279,-1.2,294,-0.6,251,-1.2,302,-0.2,208,+0.8,112,1.35,223,32.3,170,44.7,224,2017,0.20684867380458097,13,19,0.40625,32
184,Saint Joseph's,A10,11-20,-1.05,102.2,215,103.3,143,68.4,162,-.032,261,+3.35,86,106.0,87,102.7,85,+3.33,63,,A10,68.4,162,102.2,215,46.6,320,17.0,73,29.8,152,40.1,57,103.3,143,51.2,201,18.0,205,26.6,62,32.5,107,68.4,162,69.7,166,17.1,154,17.3,184,102.2,215,99.0,265,103.3,143,104.3,192,76.9,149,-0.6,237,-1.2,295,+0.1,172,+1.3,43,+1.2,47,-0.5,232,0.85,325,36.0,77,29.5,326,2017,0.4692599357956145,11,20,0.3548387096774194,31
273,Saint Louis,A10,12-21,-9.58,95.4,324,105.0,181,63.5,331,+.082,11,+0.81,122,105.2,120,104.4,128,-5.01,298,,A10,63.5,331,95.4,324,47.0,310,20.3,290,24.2,318,34.4,202,105.0,181,50.6,176,16.9,276,27.3,84,38.5,237,63.5,331,65.5,320,19.2,323,17.2,172,95.4,324,93.0,337,105.0,181,105.2,211,77.1,128,+0.1,153,+0.0,164,+0.2,141,+0.3,131,+1.2,51,-0.0,190,1.40,208,29.8,229,50.0,179,2017,0.24924549471328186,12,21,0.36363636363636365,33
15,Saint Mary's,WCC,29-5,+23.67,118.7,14,95.0,26,60.2,350,+.030,99,+0.41,127,104.3,163,103.9,117,-4.13,277,7,WCC,60.2,350,118.7,14,57.8,2,17.5,96,33.1,55,27.8,332,95.0,26,45.3,14,15.3,332,21.9,2,26.6,16,60.2,350,61.2,350,20.5,350,18.5,344,118.7,14,117.7,3,95.0,26,93.5,9,77.6,74,+1.6,26,+1.8,30,+1.4,34,+1.2,57,-0.8,260,+0.5,138,2.41,5,25.4,310,83.4,2,2017,0.9283295137827363,29,5,0.8529411764705882,34
95,Saint Peter's,MAAC,23-13,+6.67,102.5,210,95.9,36,61.3,347,-.024,249,-2.64,209,104.0,179,106.6,247,-2.34,222,,MAAC,61.3,347,102.5,210,51.2,142,17.3,82,25.5,291,33.1,246,95.9,36,48.1,74,20.9,40,25.9,43,29.2,44,61.3,347,63.5,347,20.5,349,17.3,183,102.5,210,103.6,171,95.9,36,95.1,18,76.0,285,-1.3,319,-1.2,300,-1.4,317,-1.1,300,-0.7,251,+0.5,142,2.25,15,32.0,179,59.7,84,2017,0.6825257173501637,23,13,0.6388888888888888,36
234,Sam Houston St.,Slnd,21-13,-6.19,97.2,299,103.4,152,70.0,78,+.101,5,-6.44,312,101.4,299,107.8,304,+2.70,74,,Slnd,70.0,78,97.2,299,47.1,308,19.4,238,31.6,85,36.3,147,103.4,152,50.0,145,22.2,16,27.5,97,48.3,341,70.0,78,72.0,56,16.1,60,17.2,161,97.2,299,98.5,275,103.4,152,100.1,80,75.6,322,-1.3,316,-1.6,322,-1.0,285,-1.3,304,-1.6,315,-0.5,232,1.79,93,39.5,27,58.8,94,2017,0.3293571773279642,21,13,0.6176470588235294,34
166,Samford,SC,20-16,+0.26,107.8,110,107.5,227,68.6,150,-.036,273,-2.56,205,103.9,190,106.4,233,-3.56,260,,SC,68.6,150,107.8,110,53.0,63,18.9,213,29.4,169,41.5,30,107.5,227,49.8,138,17.1,265,31.2,262,31.8,85,68.6,150,69.3,185,17.3,177,17.4,211,107.8,110,108.1,81,107.5,227,105.5,217,76.4,219,-0.0,167,-0.3,191,+0.3,138,-0.1,176,-0.8,257,-0.8,258,1.15,272,30.9,205,33.6,305,2017,0.5080113956644002,20,16,0.5555555555555556,36
260,San Diego,WCC,13-18,-8.38,100.0,258,108.4,247,63.3,335,+.058,42,-0.88,153,104.0,182,104.8,140,-6.68,330,,WCC,63.3,335,100.0,258,48.2,269,18.7,195,23.6,322,35.5,168,108.4,247,52.2,240,15.1,336,25.5,33,36.5,203,63.3,335,64.4,340,20.0,345,17.5,222,100.0,258,97.0,302,108.4,247,108.1,268,77.0,143,-0.3,202,-0.5,213,-0.1,193,+0.8,87,+0.3,140,+0.6,134,1.12,277,22.1,343,39.0,271,2017,0.28341880455711926,13,18,0.41935483870967744,31
78,San Diego St.,MWC,19-14,+8.99,104.0,183,95.1,28,64.9,309,-.101,343,+0.95,116,104.5,154,103.6,111,-1.88,213,,MWC,64.9,309,104.0,183,47.5,296,17.5,94,30.5,123,35.3,172,95.1,28,44.8,8,19.0,148,29.1,168,32.5,105,64.9,309,66.7,296,17.5,197,18.6,345,104.0,183,101.8,204,95.1,28,94.0,13,78.3,19,+1.4,38,+0.9,89,+1.8,17,+0.8,84,+1.4,36,+2.5,10,1.69,124,36.0,80,62.8,64,2017,0.736685549349585,19,14,0.5757575757575758,33
111,San Francisco,WCC,20-13,+4.74,102.8,204,98.0,59,69.1,109,+.008,170,-1.24,164,104.0,180,105.2,155,-5.69,314,,WCC,69.1,109,102.8,204,52.3,89,18.3,153,26.5,267,27.2,338,98.0,59,47.8,56,19.4,123,27.1,77,33.9,149,69.1,109,69.4,181,17.0,136,17.4,209,102.8,204,102.1,199,98.0,59,97.2,39,77.6,65,+0.9,62,+1.0,85,+0.9,73,+0.3,133,+1.0,82,+1.1,77,0.58,346,44.3,2,35.2,288,2017,0.634113678778474,20,13,0.6060606060606061,33
214,San Jose St.,MWC,14-16,-4.10,100.4,252,104.5,171,70.8,55,+.077,18,+1.21,107,105.4,112,104.2,125,-4.42,282,,MWC,70.8,55,100.4,252,48.6,249,18.2,142,24.8,304,36.1,157,104.5,171,51.9,224,18.9,152,26.1,47,40.3,284,70.8,55,71.6,67,17.2,165,16.4,26,100.4,252,98.2,281,104.5,171,104.5,194,77.6,68,+0.3,123,-0.3,189,+0.9,70,+0.9,73,+1.2,66,+1.5,52,1.48,182,39.8,25,60.9,75,2017,0.3869179936843054,14,16,0.4666666666666667,30
125,Santa Clara,WCC,17-16,+2.81,105.5,149,102.7,129,62.6,343,-.014,226,+0.38,129,103.5,207,103.2,102,-4.47,284,,WCC,62.6,343,105.5,149,52.4,83,15.9,22,18.3,349,24.0,351,102.7,129,51.8,222,19.0,145,24.5,14,35.2,182,62.6,343,64.0,341,18.7,302,18.8,351,105.5,149,102.5,188,102.7,129,101.5,126,77.2,119,+0.9,68,+1.1,64,+0.6,97,-0.4,214,-0.2,206,+0.9,93,2.29,10,28.6,250,77.7,8,2017,0.5767233278294522,17,16,0.5151515151515151,33
317,Savannah St.,MEAC,13-16,-14.14,100.6,248,114.7,333,81.0,1,+.054,48,-10.10,342,98.8,340,108.9,334,+6.75,25,,MEAC,81.0,1,100.6,248,49.5,216,17.8,115,27.6,228,32.3,265,114.7,333,52.9,278,19.3,132,35.8,344,31.7,84,81.0,1,83.0,1,12.1,1,17.0,109,100.6,248,101.4,217,114.7,333,109.7,306,76.3,241,-1.6,333,-1.4,310,-1.8,332,-0.6,244,+0.5,113,+0.8,100,0.56,349,40.4,17,30.6,319,2017,0.18117168533832423,13,16,0.4482758620689655,29
265,Seattle,WAC,13-17,-8.75,96.0,318,104.7,177,67.6,208,-.023,242,-4.29,258,101.6,290,105.9,196,-6.58,328,,WAC,67.6,208,96.0,318,50.5,174,20.6,306,20.6,343,36.2,153,104.7,177,47.6,49,19.0,143,31.1,257,35.1,175,67.6,208,70.0,141,16.9,121,17.4,208,96.0,318,95.3,324,104.7,177,101.6,129,77.8,49,+0.7,90,+1.4,47,+0.0,179,+0.8,93,+2.2,14,+0.7,123,1.40,209,30.7,208,54.0,136,2017,0.26940653394247144,13,17,0.43333333333333335,30
51,Seton Hall,BE,21-12,+13.63,109.4,84,95.8,34,67.5,214,+.058,43,+9.65,31,110.2,29,100.6,37,-2.11,218,9,BE,67.5,214,109.4,84,50.0,197,19.5,245,35.8,19,37.6,110,95.8,34,49.0,103,17.5,243,25.4,31,36.1,199,67.5,214,69.0,206,17.9,253,17.0,108,109.4,84,104.7,148,95.8,34,100.9,110,77.6,69,+0.8,71,+0.8,92,+0.9,72,+0.7,100,+0.3,132,+1.5,52,2.12,28,25.1,315,63.6,56,2017,0.8215089478607993,21,12,0.6363636363636364,33
170,Siena,MAAC,17-17,-0.16,106.2,143,106.3,206,68.7,143,-.009,209,-1.16,162,104.6,150,105.7,188,+5.47,37,,MAAC,68.7,143,106.2,143,49.9,200,19.7,260,35.5,24,40.0,59,106.3,206,50.3,159,17.2,262,29.3,178,35.5,184,68.7,143,70.7,106,17.5,204,16.4,22,106.2,143,105.7,127,106.3,206,105.3,214,77.5,78,+0.9,67,+0.7,97,+1.1,57,+1.5,28,+0.4,126,+0.2,176,2.66,1,27.6,278,67.4,32,2017,0.49729414386291654,17,17,0.5,34
243,South Alabama,SB,14-18,-6.76,98.7,277,105.5,191,69.7,88,+.012,160,-2.76,213,103.7,196,106.4,230,-5.95,317,,SB,69.7,88,98.7,277,48.4,256,18.4,169,26.9,258,38.3,86,105.5,191,52.2,249,22.4,14,31.7,279,40.4,286,69.7,88,70.7,107,16.0,48,17.9,300,98.7,277,98.6,270,105.5,191,103.7,176,76.7,171,-0.9,280,-1.8,337,-0.0,184,+0.9,76,+0.6,112,+0.2,173,1.65,135,40.4,16,55.8,115,2017,0.3173018957273756,14,18,0.4375,32
24,South Carolina,SEC,26-11,+20.80,108.9,91,88.1,3,68.6,145,-.005,197,+10.63,24,110.2,31,99.5,17,+1.93,96,7,SEC,68.6,145,108.9,91,47.3,304,18.4,165,33.9,41,40.3,52,88.1,3,45.5,15,24.3,5,31.6,275,44.5,331,68.6,145,69.6,173,16.6,94,17.9,299,108.9,91,103.1,178,88.1,3,92.5,6,77.1,127,+0.8,73,+1.0,71,+0.6,99,+0.5,117,-0.0,187,-0.4,221,1.83,84,32.9,152,47.4,206,2017,0.9196433599982443,26,11,0.7027027027027027,37
336,South Carolina St.,MEAC,11-20,-19.47,99.0,271,118.5,348,68.3,172,+.067,28,-6.44,313,100.6,319,107.1,269,+16.17,1,,MEAC,68.3,172,99.0,271,47.4,300,18.0,134,28.1,214,30.4,298,118.5,348,54.3,319,17.6,224,35.8,345,39.1,258,68.3,172,69.3,184,17.6,215,17.2,165,99.0,271,97.9,290,118.5,348,115.0,342,75.8,300,-0.8,267,-1.0,276,-0.5,242,-1.7,328,-0.6,242,-0.8,260,1.52,170,37.6,49,55.7,116,2017,0.11228397267578324,11,20,0.3548387096774194,31
143,South Dakota,Sum,22-12,+1.48,104.2,179,102.7,126,70.7,56,+.066,33,-2.62,207,105.4,105,108.1,311,-1.86,211,8,Sum,70.7,56,104.2,179,49.6,214,16.1,35,27.6,229,42.8,19,102.7,126,50.8,186,18.6,169,27.4,92,31.9,89,70.7,56,72.8,42,15.6,27,17.3,186,104.2,179,105.3,140,102.7,126,102.9,157,76.1,259,-1.1,302,-1.0,269,-1.2,304,-1.4,311,-0.1,191,+0.5,142,0.87,319,33.8,125,13.9,347,2017,0.5415912078294909,22,12,0.6470588235294118,34
185,South Dakota St.,Sum,18-17,-1.19,110.2,71,111.4,303,67.2,222,+.029,101,-0.59,145,104.9,137,105.5,171,+1.66,111,16,Sum,67.2,222,110.2,71,53.2,60,18.4,160,27.1,252,39.9,61,111.4,303,53.8,312,16.2,307,28.9,165,27.1,22,67.2,222,69.2,191,17.7,223,17.1,139,110.2,71,108.8,67,111.4,303,111.2,327,77.5,80,+0.2,136,+0.0,152,+0.4,118,+1.2,55,+1.2,49,+0.9,96,1.71,114,36.0,79,42.4,245,2017,0.4689027013660616,18,17,0.5142857142857142,35
292,South Florida,Amer,7-23,-11.28,96.4,313,107.7,233,68.8,137,-.021,236,+1.34,104,104.1,173,102.8,91,-7.82,339,,Amer,68.8,137,96.4,313,47.7,287,23.5,348,30.6,122,30.7,293,107.7,233,51.0,192,19.1,140,33.9,329,40.1,281,68.8,137,69.2,192,17.1,150,17.5,215,96.4,313,93.3,334,107.7,233,107.6,262,78.3,18,+1.3,42,+1.8,29,+0.8,81,+1.1,60,+1.2,51,+2.7,8,1.18,270,35.6,90,27.8,332,2017,0.21845393921271253,7,23,0.23333333333333334,30
228,Southeast Missouri St.,OVC,15-18,-5.87,103.4,191,109.3,266,68.6,151,-.038,280,-4.43,264,103.2,227,107.6,290,-2.94,237,,OVC,68.6,151,103.4,191,51.4,129,17.6,101,24.7,306,35.1,176,109.3,266,55.3,336,21.9,21,30.1,219,39.0,251,68.6,151,69.9,152,16.0,50,18.1,318,103.4,191,104.8,145,109.3,266,107.0,249,75.9,296,-1.3,314,-1.8,336,-0.8,260,-1.0,287,-0.7,248,-0.3,218,1.52,168,35.8,84,34.0,298,2017,0.34566451914765217,15,18,0.45454545454545453,33
231,Southeastern Louisiana,Slnd,16-16,-6.06,97.8,294,103.9,161,67.1,227,-.054,303,-7.56,323,101.0,308,108.6,329,-3.61,264,,Slnd,67.1,227,97.8,294,50.2,186,22.8,344,35.0,27,37.0,135,103.9,161,49.0,105,21.6,24,30.8,245,39.6,265,67.1,227,69.2,195,17.2,169,17.2,170,97.8,294,100.7,232,103.9,161,99.6,67,75.6,323,-0.1,186,-0.2,184,-0.0,185,-0.4,209,-2.3,343,-3.1,339,0.91,314,36.6,68,41.5,250,2017,0.3327441471091694,16,16,0.5,32
326,Southern,SWAC,15-18,-15.70,97.9,290,113.6,322,68.5,153,+.038,82,-12.49,349,96.7,351,109.2,339,+1.38,117,,SWAC,68.5,153,97.9,290,47.6,291,19.9,268,34.4,32,42.7,20,113.6,322,48.2,77,17.3,255,33.8,327,37.6,223,68.5,153,69.5,177,16.6,89,18.0,306,97.9,290,101.2,220,113.6,322,105.3,213,76.5,213,-0.4,218,-0.1,175,-0.6,249,-0.7,253,+0.1,174,-0.3,208,1.75,101,30.0,225,53.9,137,2017,0.15310211589218986,15,18,0.45454545454545453,33
150,Southern Illinois,MVC,17-16,+1.09,104.8,162,103.7,159,65.4,299,+.047,65,+1.18,108,104.2,171,103.0,96,-2.95,238,,MVC,65.4,299,104.8,162,47.7,288,17.6,104,29.5,166,35.4,170,103.7,159,52.2,248,20.3,58,31.4,272,33.6,141,65.4,299,66.1,311,18.6,297,17.5,229,104.8,162,101.0,227,103.7,159,103.3,165,76.1,263,-0.4,214,-0.8,238,+0.1,169,+0.1,164,-0.7,247,-2.0,315,1.39,211,27.1,290,52.5,147,2017,0.5302988443548388,17,16,0.5151515151515151,33
325,Southern Miss,CUSA,9-22,-15.52,93.0,335,108.5,249,65.5,294,-.032,260,-3.41,236,102.3,266,105.7,186,-3.60,262,,CUSA,65.5,294,93.0,335,45.0,338,18.1,138,22.3,331,29.3,318,108.5,249,52.2,246,16.6,290,25.9,44,33.9,148,65.5,294,67.3,276,18.4,290,16.9,103,93.0,335,91.1,345,108.5,249,106.8,242,76.0,273,-0.6,242,-1.4,313,+0.2,141,+0.2,151,-1.2,294,-1.6,303,1.03,296,32.0,181,48.7,189,2017,0.14520280544321243,9,22,0.2903225806451613,31
333,Southern Utah,BSky,6-27,-18.33,101.3,233,119.7,349,71.4,36,-.014,224,-5.16,282,102.2,269,107.4,281,-1.35,198,,BSky,71.4,36,101.3,233,47.7,285,18.4,166,29.4,174,40.4,50,119.7,349,56.6,346,16.7,286,29.4,186,51.3,348,71.4,36,73.0,34,16.5,80,16.4,31,101.3,233,102.5,186,119.7,349,116.5,348,76.9,159,+0.8,79,+1.4,46,+0.2,140,-1.5,314,-0.4,228,+0.7,118,1.44,193,33.6,130,32.7,311,2017,0.1279312429979353,6,27,0.18181818181818182,33
91,St. Bonaventure,A10,20-12,+7.23,109.0,88,101.8,108,68.8,136,-.027,254,+0.05,133,104.7,144,104.7,134,-4.39,281,,A10,68.8,136,109.0,88,49.7,213,17.6,103,33.0,57,42.4,24,101.8,108,50.0,147,20.9,41,31.0,251,41.5,300,68.8,136,70.6,113,16.4,77,17.8,265,109.0,88,108.1,83,101.8,108,101.5,125,76.8,169,-0.5,228,-1.0,274,+0.1,165,-0.4,212,+0.2,170,+1.2,74,2.09,35,21.6,345,45.2,221,2017,0.6869469594295924,20,12,0.625,32
346,St. Francis NY,NEC,4-27,-24.13,87.9,350,112.1,308,67.2,224,-.037,278,-7.12,319,100.7,317,107.8,302,-1.44,200,,NEC,67.2,224,87.9,350,41.0,351,17.4,92,27.9,222,31.8,274,112.1,308,52.7,273,20.0,82,33.4,325,46.9,338,67.2,224,68.6,226,18.0,262,16.9,96,87.9,350,88.8,348,112.1,308,107.5,260,74.5,348,-2.0,344,-1.9,340,-2.2,342,-2.2,346,-2.7,344,-2.2,322,0.92,312,34.9,101,34.2,295,2017,0.057502624636176745,4,27,0.12903225806451613,31
254,St. Francis PA,NEC,17-17,-7.61,102.1,216,109.7,275,70.3,69,-.001,189,-7.98,326,100.1,329,108.0,310,-1.18,190,,NEC,70.3,69,102.1,216,52.8,67,20.7,312,29.7,153,29.6,307,109.7,275,50.4,167,18.7,162,32.4,306,23.9,4,70.3,69,71.0,98,16.5,88,17.3,179,102.1,216,104.0,163,109.7,275,104.7,196,74.8,347,-1.9,341,-0.9,250,-3.0,350,-2.2,345,-1.8,326,-1.9,311,0.60,345,27.8,274,31.8,313,2017,0.30456322840412087,17,17,0.5,34
99,St. John's,BE,14-19,+6.26,109.0,90,102.7,131,73.3,11,-.039,283,+9.18,35,109.6,42,100.4,29,-2.77,234,,BE,73.3,11,109.0,90,50.2,184,17.7,108,27.4,236,36.2,151,102.7,131,52.4,258,20.5,51,32.8,314,39.3,260,73.3,11,73.9,24,15.6,30,16.9,87,109.0,90,104.1,160,102.7,131,106.4,236,77.1,131,+0.8,81,+1.2,57,+0.4,123,+1.7,25,-1.4,301,-0.3,206,0.64,340,32.9,155,34.5,293,2017,0.6647782561565012,14,19,0.42424242424242425,33
102,Stanford,P12,14-17,+5.91,104.8,161,98.9,65,68.3,171,-.008,202,+8.53,41,110.2,30,101.6,63,+6.04,33,,P12,68.3,171,104.8,161,48.3,262,18.6,181,29.6,161,37.3,120,98.9,65,52.7,272,20.6,49,27.2,83,38.2,231,68.3,171,69.2,188,17.1,147,17.6,241,104.8,161,99.7,252,98.9,65,103.0,161,77.9,40,+1.2,51,+1.1,66,+1.3,40,+0.3,133,+1.0,79,+1.8,35,1.64,138,34.1,116,71.9,17,2017,0.6606881018336583,14,17,0.45161290322580644,31
233,Stephen F. Austin,Slnd,18-15,-6.19,96.7,308,102.9,134,66.3,264,+.040,74,-5.65,295,102.1,274,107.7,298,+1.84,100,,Slnd,66.3,264,96.7,308,49.2,227,24.8,350,34.7,29,40.6,45,102.9,134,52.1,239,22.9,10,28.4,139,44.4,328,66.3,264,68.4,235,18.5,292,16.6,50,96.7,308,98.0,283,102.9,134,100.0,76,77.3,108,-0.2,192,-0.4,209,+0.0,175,+0.6,111,+1.1,72,+1.2,68,1.01,301,36.8,66,31.7,316,2017,0.3285702419879927,18,15,0.5454545454545454,33
319,Stetson,ASun,11-21,-14.45,100.9,243,115.4,334,72.4,22,-.002,191,-5.23,285,102.8,247,108.0,309,-5.51,311,,ASun,72.4,22,100.9,243,49.9,198,14.9,8,21.1,340,32.6,258,115.4,334,52.9,283,15.1,338,33.0,319,32.2,99,72.4,22,74.5,13,15.4,21,16.8,72,100.9,243,101.1,224,115.4,334,112.9,333,75.4,333,-0.9,284,-0.9,247,-1.0,284,+0.2,149,-1.6,313,-3.7,345,1.94,58,28.2,260,69.8,22,2017,0.17593194009665417,11,21,0.34375,32
213,Stony Brook,AE,18-14,-4.10,101.8,223,105.9,195,65.9,281,+.050,57,-5.85,300,101.9,281,107.8,301,-3.28,251,,AE,65.9,281,101.8,223,47.0,309,15.2,11,29.6,164,32.8,255,105.9,195,50.7,182,19.8,92,28.8,160,40.1,280,65.9,281,66.9,289,18.3,275,17.6,240,101.8,223,103.5,172,105.9,195,102.9,158,77.2,123,-0.4,225,-0.5,215,-0.4,229,+1.3,43,+0.9,83,+0.7,125,1.55,163,38.6,35,34.2,296,2017,0.3883913367511506,18,14,0.5625,32
55,Syracuse,ACC,19-15,+13.31,115.7,30,102.3,119,66.8,243,-.048,293,+7.20,57,108.3,61,101.1,50,-3.21,248,1,ACC,66.8,243,115.7,30,53.6,52,18.0,131,31.6,86,35.2,173,102.3,119,50.3,158,19.7,94,34.6,335,29.2,43,66.8,243,67.9,253,17.2,158,18.2,327,115.7,30,111.6,33,102.3,119,103.9,180,78.4,11,+1.1,54,+0.5,116,+1.8,18,+2.4,7,+3.1,4,+0.6,128,1.73,109,23.4,331,33.8,301,2017,0.8046392285233328,19,15,0.5588235294117647,34
29,TCU,B12,24-15,+17.51,114.5,37,97.0,50,67.1,230,-.008,203,+11.28,15,110.6,23,99.3,13,-3.16,245,4,B12,67.1,230,114.5,37,52.7,72,18.8,203,34.1,36,32.2,269,97.0,50,50.4,165,18.7,160,29.3,179,30.9,70,67.1,230,68.1,248,17.9,248,17.4,207,114.5,37,108.5,72,97.0,50,102.0,134,77.7,56,+1.2,48,+1.8,31,+0.7,90,+1.4,33,+0.2,169,+0.6,132,1.55,161,32.3,172,42.5,244,2017,0.8707306203876098,24,15,0.6153846153846154,39
118,Temple,Amer,16-16,+3.93,108.3,105,104.3,167,67.1,229,+.015,149,+3.27,87,105.0,126,101.8,67,+0.71,133,,Amer,67.1,229,108.3,105,49.7,211,16.6,51,27.5,231,26.4,344,104.3,167,49.1,110,18.3,185,32.2,294,32.1,96,67.1,229,67.8,256,17.6,216,17.8,269,108.3,105,103.2,176,104.3,167,103.9,181,78.3,15,+1.6,25,+1.2,56,+2.1,14,+2.8,5,+2.4,12,-0.5,231,1.27,242,23.8,328,35.0,290,2017,0.6065393653018415,16,16,0.5,32
57,Tennessee,SEC,16-16,+12.62,110.1,73,97.5,55,69.4,100,-.053,299,+11.20,16,109.3,46,98.1,3,+6.58,29,,SEC,69.4,100,110.1,73,46.8,313,17.4,91,31.8,82,42.9,13,97.5,55,48.6,84,19.3,126,30.1,218,43.3,321,69.4,100,71.4,82,17.3,178,16.3,16,110.1,73,103.3,175,97.5,55,101.4,123,75.9,294,-1.5,329,-1.2,298,-1.8,332,-0.8,272,-0.4,222,-0.2,201,1.09,285,40.6,13,39.0,272,2017,0.8018141555307923,16,16,0.5,32
210,Tennessee Martin,OVC,22-13,-3.92,106.7,132,110.6,291,67.5,215,+.118,3,-4.47,265,102.9,244,107.3,279,-2.34,221,,OVC,67.5,215,106.7,132,52.7,69,21.6,327,37.4,9,34.3,207,110.6,291,52.6,268,19.0,144,32.4,305,31.1,73,67.5,215,69.5,179,17.6,205,17.0,117,106.7,132,107.9,85,110.6,291,108.5,279,76.3,233,-0.6,241,-1.3,304,+0.1,162,+0.2,157,-0.8,270,-0.3,213,1.04,293,28.0,264,34.1,297,2017,0.39823188855764313,22,13,0.6285714285714286,35
160,Tennessee St.,OVC,17-13,+0.59,100.3,253,99.7,74,67.0,237,-.016,229,-2.29,197,104.6,152,106.9,258,+3.55,59,,OVC,67.0,237,100.3,253,48.7,245,21.7,331,34.2,35,39.5,69,99.7,74,48.5,83,21.4,28,27.9,114,48.7,344,67.0,237,68.4,234,17.8,236,17.1,154,100.3,253,100.6,233,99.7,74,98.4,50,76.9,151,-0.2,194,-0.1,174,-0.3,219,-0.2,194,+1.2,51,+0.3,167,1.91,67,32.7,161,43.9,232,2017,0.5172432110080618,17,13,0.5666666666666667,30
257,Tennessee Tech,OVC,12-20,-8.03,98.9,272,107.0,218,68.3,173,-.058,310,-3.33,232,103.5,208,106.9,259,-2.60,230,,OVC,68.3,173,98.9,272,48.1,274,19.2,225,29.0,190,38.5,81,107.0,218,51.5,212,20.4,52,30.1,220,39.7,270,68.3,173,70.0,147,16.9,129,17.4,194,98.9,272,100.2,242,107.0,218,105.2,212,76.1,264,-1.3,311,-1.3,302,-1.3,310,-1.6,324,-0.1,192,+0.8,111,1.30,235,34.3,111,41.2,254,2017,0.28796761847533364,12,20,0.375,32
70,Texas,B12,11-22,+10.51,104.2,177,93.7,21,67.6,212,-.105,348,+13.92,4,112.8,1,98.9,9,+1.81,103,,B12,67.6,212,104.2,177,48.8,241,19.6,251,28.4,206,34.5,200,93.7,21,48.1,69,18.3,193,31.2,261,30.0,57,67.6,212,68.5,230,17.0,137,18.0,304,104.2,177,97.9,289,93.7,21,100.7,101,77.8,47,+1.5,32,+1.9,28,+1.1,53,-0.6,245,+0.7,101,+2.0,26,0.96,308,31.4,195,36.7,280,2017,0.7723204349076208,11,22,0.3333333333333333,33
64,Texas A&M,SEC,16-15,+11.49,108.7,95,97.3,54,64.5,313,-.042,287,+7.97,51,109.4,45,101.5,59,-1.94,215,,SEC,64.5,313,108.7,95,51.2,145,21.2,320,37.4,8,33.3,240,97.3,54,47.2,36,17.4,247,31.2,260,28.1,34,64.5,313,66.8,291,18.1,268,17.8,268,108.7,95,104.9,143,97.3,54,101.4,121,79.0,4,+2.0,15,+1.2,55,+2.8,3,+4.1,1,+1.6,33,+1.2,75,1.46,191,30.7,207,44.3,230,2017,0.7814467396414382,16,15,0.5161290322580645,31
177,Texas A&M Corpus Chris,Slnd,24-12,-0.49,102.8,203,103.3,145,68.8,132,+.062,38,-6.00,305,101.8,284,107.8,303,+2.40,79,,Slnd,68.8,132,102.8,203,51.3,137,18.8,205,29.3,176,37.1,129,103.3,145,51.6,215,23.0,9,31.1,253,41.2,298,68.8,132,69.8,158,17.3,175,17.1,141,102.8,203,104.5,153,103.3,145,100.9,109,76.5,203,-1.1,298,-1.0,254,-1.1,299,-0.7,252,+0.2,150,+1.4,62,1.56,159,22.7,340,33.9,300,2017,0.4860540517170083,24,12,0.6666666666666666,36
212,Texas Southern,SWAC,23-12,-4.04,103.5,189,107.5,228,68.6,146,+.125,2,-8.49,330,100.2,327,108.7,331,+12.68,3,16,SWAC,68.6,146,103.5,189,48.0,276,16.6,50,31.5,93,44.2,8,107.5,228,49.1,112,19.1,142,35.1,341,32.3,102,68.6,146,69.6,172,17.2,157,17.2,157,103.5,189,105.9,120,107.5,228,103.6,173,74.4,351,+0.1,152,+1.9,24,-1.7,328,-1.6,326,-5.5,351,-5.2,350,0.73,337,34.4,109,11.8,349,2017,0.3926775205662453,23,12,0.6571428571428571,35
174,Texas St.,SB,22-14,-0.36,101.3,234,101.7,105,62.3,345,+.016,144,-4.36,260,102.3,268,106.6,243,-7.98,341,,SB,62.3,345,101.3,234,50.5,176,18.2,145,28.2,211,36.8,138,101.7,105,47.6,51,19.9,84,29.6,197,36.0,198,62.3,345,63.9,343,19.9,341,17.5,217,101.3,234,102.2,197,101.7,105,99.0,60,76.4,221,-0.3,205,-1.0,254,+0.4,125,+0.4,126,-1.5,311,+0.0,185,1.22,261,28.0,267,39.1,270,2017,0.48867187493613473,22,14,0.6111111111111112,36
41,Texas Tech,B12,18-14,+15.11,112.6,44,97.5,56,63.8,327,-.082,333,+7.89,53,109.5,44,101.6,61,-11.69,351,,B12,63.8,327,112.6,44,52.9,66,16.5,48,30.1,141,35.6,167,97.5,56,50.7,183,20.3,59,25.7,39,35.6,186,63.8,327,66.0,312,18.9,315,17.8,274,112.6,44,109.4,56,97.5,56,100.1,84,77.4,99,+0.3,124,-0.6,222,+1.2,45,+1.2,53,+0.8,92,+0.4,159,1.90,68,33.4,134,58.4,98,2017,0.8396838142950851,18,14,0.5625,32
288,The Citadel,SC,12-21,-11.03,105.5,150,116.5,340,79.7,2,+.023,124,-1.63,181,104.7,143,106.3,227,-2.45,227,,SC,79.7,2,105.5,150,49.3,225,17.2,80,28.0,220,32.8,256,116.5,340,57.9,351,19.7,97,35.4,343,40.9,293,79.7,2,80.7,2,13.9,3,15.9,3,105.5,150,104.4,156,116.5,340,116.1,346,74.9,344,-1.3,313,-1.5,320,-1.1,293,-1.9,340,-1.9,335,-2.8,337,1.13,276,40.0,22,46.6,213,2017,0.24221504803940777,12,21,0.36363636363636365,33
128,Toledo,MAC,17-17,+2.69,108.8,93,106.1,203,66.4,263,-.081,332,-0.96,155,105.0,129,106.0,204,+0.52,136,,MAC,66.4,263,108.8,93,54.4,33,18.5,179,29.1,185,38.3,88,106.1,203,51.2,197,14.2,349,25.5,34,27.2,23,66.4,263,69.1,201,18.8,312,15.9,4,108.8,93,109.0,62,106.1,203,105.9,224,78.1,25,+1.5,33,+1.2,59,+1.8,19,+1.1,65,+1.3,45,+1.5,48,2.02,43,21.9,344,58.1,100,2017,0.5717480719180202,17,17,0.5,34
116,Towson,CAA,20-13,+4.22,105.5,151,101.2,100,67.9,196,-.009,207,-0.59,146,105.1,122,105.7,184,-1.51,201,,CAA,67.9,196,105.5,151,48.3,260,18.7,194,37.0,11,45.6,4,101.2,100,49.0,108,18.7,161,26.1,46,47.1,339,67.9,196,68.7,220,17.0,131,18.0,308,105.5,151,105.3,141,101.2,100,100.8,106,77.2,115,-1.0,285,-1.0,277,-0.9,278,+0.3,133,+1.3,42,+2.5,13,1.56,157,36.9,62,54.4,130,2017,0.6174031179823721,20,13,0.6060606060606061,33
137,Troy,SB,22-15,+2.04,109.7,79,107.6,232,68.1,182,-.023,246,-2.86,219,102.4,263,105.3,161,-6.78,334,15,SB,68.1,182,109.7,79,51.6,120,17.8,116,30.8,117,40.1,58,107.6,232,50.2,154,17.5,232,29.8,207,32.8,115,68.1,182,69.1,196,17.8,235,17.1,132,109.7,79,108.9,63,107.6,232,104.8,201,76.4,228,-1.0,290,-1.1,289,-0.8,265,-0.6,240,-0.0,185,+0.7,124,1.42,201,32.1,175,55.5,119,2017,0.5553423906666941,22,15,0.5945945945945946,37
241,Tulane,Amer,6-25,-6.58,102.6,207,109.2,264,70.4,64,-.075,328,+3.43,83,105.1,125,101.6,62,-1.30,195,,Amer,70.4,64,102.6,207,46.4,322,18.8,207,29.3,178,34.3,210,109.2,264,53.7,310,19.7,95,32.5,308,40.8,290,70.4,64,71.1,88,16.2,64,17.6,245,102.6,207,97.9,288,109.2,264,109.3,299,77.4,94,+0.5,105,+1.0,83,+0.1,167,-0.1,173,+1.1,74,+1.2,70,1.46,190,28.0,268,55.3,120,2017,0.32806584837282987,6,25,0.1935483870967742,31
144,Tulsa,Amer,15-17,+1.44,104.3,172,102.9,135,68.2,180,+.055,46,+4.59,76,105.8,95,101.2,52,+2.08,92,,Amer,68.2,180,104.3,172,48.9,236,21.7,330,29.5,168,42.8,17,102.9,135,50.4,169,18.4,181,28.3,133,33.1,124,68.2,180,67.8,260,17.3,181,18.1,323,104.3,172,99.1,259,102.9,135,103.5,171,77.4,100,+0.2,144,-0.2,186,+0.6,100,+0.2,148,+1.2,51,+1.2,67,1.04,292,31.1,202,17.9,346,2017,0.5387739363621222,15,17,0.46875,32
196,UAB,CUSA,17-16,-2.52,103.9,187,106.4,207,66.1,275,-.008,204,-2.45,202,103.6,206,106.0,209,+0.08,151,,CUSA,66.1,275,103.9,187,51.3,138,20.0,277,30.0,145,37.8,104,106.4,207,49.8,135,17.3,257,28.1,124,29.4,49,66.1,275,67.7,262,17.8,241,17.5,232,103.9,187,103.9,165,106.4,207,103.4,169,77.1,133,+0.3,127,+0.0,152,+0.6,103,-0.3,196,-0.2,211,+1.5,52,2.00,49,37.2,58,64.7,48,2017,0.43206478637711276,17,16,0.5151515151515151,33
218,UC Davis,BW,23-13,-4.41,97.8,293,102.2,115,68.9,125,+.131,1,-5.31,288,100.8,313,106.1,215,-0.94,181,16,BW,68.9,125,97.8,293,48.4,259,20.3,289,29.0,191,40.8,42,102.2,115,48.7,90,19.6,99,28.3,135,33.1,120,68.9,125,69.9,154,17.1,141,17.4,192,97.8,293,97.9,285,102.2,115,98.5,53,75.8,304,-1.3,317,-1.7,330,-0.9,277,-0.7,256,+0.6,109,-2.3,324,2.02,45,29.9,226,60.1,82,2017,0.37611252452273547,23,13,0.6388888888888888,36
139,UC Irvine,BW,21-15,+1.86,101.8,222,100.0,81,66.5,258,-.011,212,-3.29,231,102.4,264,105.7,180,+6.93,23,8,BW,66.5,258,101.8,222,50.0,195,19.9,269,31.9,76,29.7,306,100.0,81,44.1,6,15.3,333,26.4,55,40.2,283,66.5,258,67.0,286,18.3,277,17.5,219,101.8,222,101.5,212,100.0,81,97.5,41,76.7,182,+2.3,9,+3.1,6,+1.4,33,-0.8,273,-1.7,319,-2.5,331,1.10,282,40.8,12,35.2,289,2017,0.5511106187383884,21,15,0.5833333333333334,36
311,UC Riverside,BW,8-21,-13.63,92.3,339,105.9,196,67.9,198,-.055,305,-4.78,274,101.4,296,106.2,222,+1.84,101,,BW,67.9,198,92.3,339,45.7,330,19.9,275,26.0,280,30.0,303,105.9,196,49.8,136,19.1,141,29.9,209,34.1,154,67.9,198,69.0,209,17.2,171,17.4,214,92.3,339,92.1,342,105.9,196,102.8,155,77.1,132,+0.7,93,+1.7,35,-0.3,217,-0.4,205,-0.2,207,+0.8,114,1.04,294,37.4,54,52.1,151,2017,0.17069809799127786,8,21,0.27586206896551724,29
331,UC Santa Barbara,BW,6-22,-17.84,91.3,343,109.2,262,64.1,323,+.009,168,-2.90,223,102.4,262,105.3,164,+6.96,22,,BW,64.1,323,91.3,343,42.1,350,18.3,156,30.8,113,28.8,324,109.2,262,52.5,261,17.6,229,29.6,200,32.3,101,64.1,323,66.3,302,18.8,308,17.4,196,91.3,343,90.5,346,109.2,262,107.2,250,76.6,200,-0.0,169,+0.2,143,-0.2,207,+0.1,165,-0.4,224,-0.7,250,1.21,263,42.0,8,39.3,269,2017,0.11316137141871115,6,22,0.21428571428571427,28
68,UCF,Amer,24-12,+10.91,104.2,178,93.3,18,66.0,276,+.022,129,+2.82,91,105.4,108,102.6,80,-6.71,332,4,Amer,66.0,276,104.2,178,50.4,179,22.0,335,32.6,66,39.9,62,93.3,18,42.7,2,14.7,341,25.5,36,22.3,2,66.0,276,66.2,309,18.4,282,17.9,286,104.2,178,100.8,231,93.3,18,92.5,7,79.4,1,+3.9,1,+6.0,1,+1.9,16,+2.1,10,+2.2,14,+1.1,86,1.64,141,25.9,303,43.4,235,2017,0.7808554080960556,24,12,0.6666666666666666,36
16,UCLA,P12,31-5,+23.63,124.0,2,100.4,85,72.6,20,+.021,132,+5.17,74,108.0,67,102.8,89,-4.66,291,3,P12,72.6,20,124.0,2,59.8,1,15.1,10,29.1,184,26.8,342,100.4,85,48.7,92,15.8,320,28.6,152,25.4,9,72.6,20,74.2,20,14.5,6,17.8,282,124.0,2,121.1,1,100.4,85,102.3,144,78.4,12,+2.5,7,+2.5,14,+2.6,5,+1.0,68,+1.2,65,+1.1,78,1.97,55,23.2,334,59.1,90,2017,0.9189281859851917,31,5,0.8611111111111112,36
201,UMBC,AE,21-13,-2.97,107.9,108,110.9,297,71.0,52,+.029,100,-6.24,308,101.3,303,107.5,285,-3.41,256,,AE,71.0,52,107.9,108,54.0,41,16.4,44,24.4,314,35.0,181,110.9,297,52.4,257,17.7,219,27.3,88,35.1,177,71.0,52,71.4,76,15.9,43,17.6,248,107.9,108,109.6,54,110.9,297,106.9,244,75.5,326,-0.1,179,-0.0,165,-0.1,199,-1.5,313,-1.0,285,-3.7,344,1.66,133,28.8,247,64.7,47,2017,0.4218030016089386,21,13,0.6176470588235294,34
219,UMKC,WAC,18-17,-4.42,103.0,198,107.4,225,70.7,58,+.065,34,-1.63,180,103.5,214,105.1,148,+0.61,135,,WAC,70.7,58,103.0,198,50.6,172,19.7,257,27.2,244,38.4,84,107.4,225,52.6,263,20.0,78,32.2,291,41.7,303,70.7,58,73.9,26,16.5,81,15.8,2,103.0,198,101.5,215,107.4,225,106.9,246,75.4,329,-0.7,258,-1.0,253,-0.5,235,-0.8,276,-2.1,340,-2.3,327,1.03,298,38.8,32,51.7,156,2017,0.38200215292859313,18,17,0.5142857142857142,35
295,UMass Lowell,AE,11-20,-11.50,104.3,173,115.8,337,71.8,30,-.036,274,-6.60,315,101.0,310,107.6,289,-6.75,333,,AE,71.8,30,104.3,173,54.7,30,20.8,314,27.1,248,31.5,280,115.8,337,53.4,306,17.8,215,30.7,242,38.1,230,71.8,30,72.8,38,15.6,29,17.6,251,104.3,173,105.6,131,115.8,337,110.9,324,75.6,320,-2.2,347,-2.1,345,-2.3,345,-1.3,307,-0.6,239,+0.3,165,1.72,110,25.7,307,56.8,112,2017,0.23097360797875163,11,20,0.3548387096774194,31
110,UNC Asheville,BSth,23-10,+4.85,107.4,119,102.5,122,68.3,174,+.012,159,-4.96,279,102.0,276,107.0,266,+6.43,30,,BSth,68.3,174,107.4,119,54.1,35,16.0,29,24.4,310,34.9,185,102.5,122,52.4,256,22.6,12,27.3,87,31.2,78,68.3,174,68.8,217,16.5,85,18.3,339,107.4,119,108.5,76,102.5,122,98.8,57,75.7,314,-2.8,350,-2.5,348,-3.0,351,-1.7,328,+0.2,150,+1.5,50,1.87,74,27.1,288,52.2,149,2017,0.6311189009891819,23,10,0.696969696969697,33
121,UNC Greensboro,SC,25-10,+3.19,107.7,113,104.5,173,66.9,240,+.110,4,-1.56,179,104.9,139,106.4,232,-1.63,203,8,SC,66.9,240,107.7,113,52.4,86,19.9,272,34.3,33,30.1,299,104.5,173,50.2,153,19.4,122,30.4,230,34.8,171,66.9,240,67.9,255,17.2,173,18.2,325,107.7,113,107.6,88,104.5,173,103.8,179,76.7,175,+0.5,102,+0.0,152,+1.0,63,-0.1,177,-0.8,256,-0.5,232,1.85,79,32.5,164,66.8,38,2017,0.5858580891665476,25,10,0.7142857142857143,35
59,UNC Wilmington,CAA,29-6,+12.46,118.0,19,105.5,193,70.3,67,+.039,76,+0.40,128,105.1,123,104.7,139,+2.17,87,12,CAA,70.3,67,118.0,19,55.0,25,13.9,1,32.5,69,30.8,288,105.5,193,53.2,303,20.2,67,28.5,144,39.7,269,70.3,67,70.1,138,16.0,51,18.2,332,118.0,19,117.8,2,105.5,193,105.6,218,75.5,324,-1.8,339,-1.7,332,-1.8,332,-0.3,202,-1.8,322,-0.5,232,1.99,52,23.3,333,61.8,73,2017,0.7837571652175702,29,6,0.8285714285714286,35
248,UNLV,MWC,11-21,-7.01,98.3,286,105.3,187,68.4,169,-.007,201,+0.96,115,105.2,118,104.3,126,-3.98,274,,MWC,68.4,169,98.3,286,45.1,335,18.0,133,28.9,193,37.6,113,105.3,187,51.6,217,16.5,298,27.5,99,28.6,37,68.4,169,70.4,120,16.9,118,17.1,150,98.3,286,96.3,314,105.3,187,105.7,220,77.7,61,+0.2,147,+0.1,145,+0.2,141,+0.9,75,+1.2,51,+1.9,30,0.79,332,35.6,91,11.4,350,2017,0.31193724710985216,11,21,0.34375,32
53,USC,P12,26-10,+13.45,114.2,38,100.7,91,68.7,138,+.079,16,+5.49,71,108.8,54,103.3,106,-3.37,255,11,P12,68.7,138,114.2,38,52.2,96,15.7,20,31.0,106,36.8,139,100.7,91,50.1,151,17.8,212,31.3,266,24.0,5,68.7,138,70.1,136,16.1,63,18.2,328,114.2,38,111.4,35,100.7,91,104.1,185,78.1,28,+2.1,13,+2.0,21,+2.3,10,+0.7,105,+0.8,93,+0.7,116,1.36,218,28.8,248,45.4,219,2017,0.8094997906862514,26,10,0.7222222222222222,36
244,USC Upstate,ASun,17-16,-6.89,104.2,176,111.1,301,68.4,166,+.016,146,-4.65,271,103.5,210,108.2,317,-1.08,187,,ASun,68.4,166,104.2,176,52.4,88,17.9,120,30.2,137,31.8,275,111.1,301,50.7,185,14.5,345,30.2,226,29.9,54,68.4,166,70.5,115,17.6,213,16.5,40,104.2,176,106.1,117,111.1,301,109.3,300,77.6,75,+0.8,72,+1.7,33,-0.1,189,+0.6,106,+0.9,90,+0.8,103,1.52,169,32.7,160,75.3,13,2017,0.323580937240852,17,16,0.5151515151515151,33
75,UT Arlington,SB,27-9,+9.80,110.6,68,100.8,93,70.6,59,+.038,80,-0.01,134,104.0,181,104.0,121,+6.30,31,6,SB,70.6,59,110.6,68,52.5,77,18.6,186,32.9,63,34.6,192,100.8,93,48.8,98,20.1,72,29.5,190,36.6,204,70.6,59,71.3,83,16.1,61,17.4,200,110.6,68,108.5,74,100.8,93,99.2,63,75.7,307,-0.2,198,-0.7,230,+0.2,141,-1.6,325,-0.8,271,-2.4,328,1.92,63,34.1,117,81.3,5,2017,0.7440240633051048,27,9,0.75,36
300,UT Rio Grande Valley,WAC,10-22,-12.02,100.9,242,112.9,318,73.9,8,-.037,277,-2.80,215,102.0,275,104.8,141,-3.00,242,,WAC,73.9,8,100.9,242,48.3,264,20.2,288,29.4,170,32.5,259,112.9,318,54.3,322,20.2,64,31.7,280,52.3,349,73.9,8,75.9,6,15.3,19,16.2,14,100.9,242,99.1,261,112.9,318,109.2,297,76.6,188,+0.2,139,+0.3,131,+0.1,163,-1.1,299,-0.8,260,+0.8,104,0.73,338,40.0,20,28.0,331,2017,0.2154664281477976,10,22,0.3125,32
200,UTEP,CUSA,15-17,-2.93,99.7,264,102.7,128,66.3,265,-.035,272,-3.51,240,102.9,245,106.4,229,-2.74,233,,CUSA,66.3,265,99.7,264,51.8,110,19.0,216,22.2,332,36.3,148,102.7,128,49.5,120,17.5,238,25.0,27,39.1,254,66.3,265,67.7,264,18.8,309,16.6,52,99.7,264,100.0,245,102.7,128,100.6,96,77.7,57,+2.2,12,+3.4,4,+0.9,74,-0.2,187,+0.2,150,+0.3,163,1.69,126,24.7,321,42.6,243,2017,0.4155826006739013,15,17,0.46875,32
251,UTSA,CUSA,14-19,-7.25,95.4,323,102.7,127,68.1,186,+.016,145,-2.61,206,102.7,254,105.3,162,-0.41,164,,CUSA,68.1,186,95.4,323,42.6,347,18.1,140,32.3,71,36.2,154,102.7,127,49.7,134,17.6,230,24.2,11,37.9,226,68.1,186,69.1,202,18.0,260,16.8,71,95.4,323,94.2,329,102.7,127,100.2,86,76.6,190,-0.4,215,+0.1,147,-0.8,274,-0.4,215,+0.2,150,+0.3,168,0.96,306,33.3,137,37.6,276,2017,0.29986607234067014,14,19,0.42424242424242425,33
47,Utah,P12,20-12,+14.20,113.5,40,99.3,72,68.7,142,-.099,342,+3.36,85,106.0,88,102.7,83,-6.19,322,3,P12,68.7,142,113.5,40,56.2,10,19.2,226,30.9,110,33.1,245,99.3,72,49.1,109,17.0,268,24.5,15,31.2,77,68.7,142,69.7,165,17.6,218,16.8,79,113.5,40,110.7,42,99.3,72,99.2,64,77.9,36,+1.6,27,+1.4,43,+1.7,22,+0.4,127,+0.8,94,+1.5,51,0.88,318,39.2,29,26.8,336,2017,0.8230367191257525,20,12,0.625,32
130,Utah St.,MWC,15-17,+2.42,106.9,129,104.5,170,66.6,257,-.066,318,+1.99,99,105.1,124,103.1,101,-0.45,166,,MWC,66.6,257,106.9,129,52.5,76,18.2,144,24.9,299,35.1,175,104.5,170,49.2,115,15.8,321,26.7,63,33.7,144,66.6,257,68.7,222,17.4,195,17.5,228,106.9,129,103.9,167,104.5,170,103.9,183,78.3,17,+1.4,39,+1.1,65,+1.6,27,+1.7,22,+1.2,51,+2.0,28,1.40,206,32.8,158,42.8,241,2017,0.5649134572368978,15,17,0.46875,32
147,Utah Valley,WAC,17-17,+1.25,101.0,240,99.7,75,73.0,13,-.085,336,-1.13,161,102.6,255,103.8,113,+1.42,116,,WAC,73.0,13,101.0,240,50.9,161,20.4,301,23.8,321,37.3,121,99.7,75,47.7,52,17.4,248,24.7,22,35.2,178,73.0,13,75.3,10,15.2,14,16.7,57,101.0,240,99.0,263,99.7,75,97.5,42,77.1,125,+0.0,158,+0.7,103,-0.6,244,-0.4,221,+0.4,123,+1.8,38,1.01,300,37.8,47,20.2,343,2017,0.5371764284236646,17,17,0.5,34
48,VCU,A10,26-9,+14.07,110.1,72,96.0,41,68.8,134,+.026,113,+3.65,81,105.8,93,102.2,73,+0.91,128,10,A10,68.8,134,110.1,72,51.0,159,17.8,111,31.3,97,36.4,145,96.0,41,47.5,45,21.0,33,27.5,96,40.9,294,68.8,134,69.0,208,16.6,97,18.1,317,110.1,72,106.8,101,96.0,41,95.6,23,76.4,226,-1.0,291,-1.3,307,-0.6,252,-0.4,216,+0.1,179,+0.5,142,1.93,62,36.9,63,64.7,49,2017,0.8286329860093219,26,9,0.7428571428571429,35
328,VMI,SC,6-24,-16.27,97.6,297,113.8,323,69.1,112,-.034,269,-0.28,139,105.6,101,105.8,194,+0.51,138,,SC,69.1,112,97.6,297,48.1,273,18.9,209,26.6,265,29.5,311,113.8,323,56.7,347,17.9,209,32.3,298,39.7,267,69.1,112,70.0,148,16.6,98,17.7,263,97.6,297,97.2,298,113.8,323,115.0,341,75.4,332,-1.6,336,-1.9,341,-1.4,315,-1.6,323,-1.5,308,-0.5,232,2.03,42,30.4,213,63.5,57,2017,0.14604074482782212,6,24,0.2,30
104,Valparaiso,Horz,24-9,+5.82,106.3,139,100.5,88,67.2,220,+.069,25,-2.87,220,103.0,239,105.8,193,+0.08,150,7,Horz,67.2,220,106.3,139,50.2,192,18.3,152,30.4,130,37.0,136,100.5,88,47.4,42,17.9,207,26.8,69,32.5,106,67.2,220,69.6,168,17.4,190,17.1,138,106.3,139,105.7,125,100.5,88,97.9,45,77.5,82,+2.0,18,+2.6,11,+1.3,39,+0.8,90,-0.9,276,-0.1,194,1.83,86,33.7,127,42.4,246,2017,0.6559363111351348,24,9,0.7272727272727273,33
33,Vanderbilt,SEC,19-16,+16.53,112.4,48,95.9,38,65.8,285,-.048,292,+11.43,13,110.1,33,98.7,7,+6.30,32,9,SEC,65.8,285,112.4,48,52.1,97,18.2,148,24.8,303,34.8,187,95.9,38,48.1,68,16.1,313,27.0,74,30.7,66,65.8,285,67.1,283,18.7,306,17.0,116,112.4,48,105.8,124,95.9,38,101.0,111,78.3,21,+1.7,24,+3.4,5,+0.1,166,+0.8,94,+1.4,39,+1.9,31,2.18,20,27.8,275,60.3,79,2017,0.861250647603301,19,16,0.5428571428571428,35
63,Vermont,AE,29-6,+11.67,111.1,62,99.4,73,64.5,315,+.053,53,-4.42,263,103.0,234,107.4,282,+1.65,112,13,AE,64.5,315,111.1,62,55.3,19,17.0,69,29.8,149,34.3,212,99.4,73,48.6,85,19.6,103,27.1,78,26.5,15,64.5,315,65.3,323,18.7,305,18.0,309,111.1,62,112.5,23,99.4,73,97.0,38,76.8,168,-0.5,229,-1.0,254,+0.0,176,+0.5,118,-0.4,225,+1.0,92,2.02,46,35.0,99,69.4,24,2017,0.7823993361197494,29,6,0.8285714285714286,35
2,Villanova,BE,32-4,+29.88,122.4,3,92.5,12,64.1,324,+.010,166,+9.33,33,109.8,38,100.5,32,+3.55,61,1,BE,64.1,324,122.4,3,57.5,5,17.0,72,30.2,138,35.0,180,92.5,12,48.1,75,20.1,70,27.8,109,22.1,1,64.1,324,65.5,321,18.8,307,17.9,302,122.4,3,117.7,4,92.5,12,96.0,24,77.6,63,-0.4,223,-0.9,249,+0.1,170,+1.0,72,+2.2,14,+2.0,27,1.93,61,24.7,320,62.3,68,2017,0.961616418840065,32,4,0.8888888888888888,36
12,Virginia,ACC,23-11,+24.29,112.2,50,88.0,2,59.2,351,-.030,258,+11.68,10,111.5,8,99.8,22,+2.29,82,5,ACC,59.2,351,112.2,50,52.4,87,15.6,18,28.3,208,26.0,346,88.0,2,46.1,22,20.7,45,24.5,16,33.8,147,59.2,351,60.3,351,21.3,351,18.3,333,112.2,50,108.0,84,88.0,2,92.1,4,77.4,96,+0.1,157,+0.5,114,-0.4,233,+0.3,133,+1.1,69,+1.7,45,1.68,129,37.9,46,56.9,110,2017,0.9423442707488349,23,11,0.6764705882352942,34
50,Virginia Tech,ACC,22-11,+13.80,117.3,21,103.5,156,68.4,167,+.053,51,+8.23,47,110.0,36,101.7,65,-7.98,342,9,ACC,68.4,167,117.3,21,56.9,7,17.2,78,23.4,325,40.9,41,103.5,156,51.0,191,16.5,300,30.5,231,27.3,26,68.4,167,69.8,161,16.7,105,18.0,307,117.3,21,112.6,22,103.5,156,106.9,247,76.6,199,-1.0,287,-1.1,285,-0.8,272,+0.3,133,+0.2,145,+0.5,142,2.07,36,25.6,309,62.9,62,2017,0.8083580251682172,22,11,0.6666666666666666,33
247,Wagner,NEC,16-14,-7.00,101.0,239,108.0,239,62.9,340,-.024,248,-8.95,334,98.8,339,107.8,300,-1.05,184,,NEC,62.9,340,101.0,239,47.6,289,21.4,324,40.1,2,34.7,190,108.0,239,47.6,48,18.5,176,30.9,248,38.9,249,62.9,340,64.8,332,20.1,346,16.9,95,101.0,239,102.7,179,108.0,239,101.2,117,75.5,327,-1.4,324,-1.3,305,-1.5,321,-1.5,317,-1.0,282,-1.0,269,1.61,147,33.3,136,54.7,126,2017,0.31634431787549727,16,14,0.5333333333333333,30
36,Wake Forest,ACC,19-14,+16.25,120.9,7,104.7,176,70.7,57,-.043,290,+10.54,25,111.1,12,100.6,39,+4.51,45,11,ACC,70.7,57,120.9,7,54.1,38,16.4,46,30.7,120,40.7,43,104.7,176,52.7,269,16.2,306,27.6,103,38.0,228,70.7,57,71.7,66,16.6,96,16.9,98,120.9,7,115.5,12,104.7,176,109.7,305,77.2,112,+1.5,29,+1.6,37,+1.4,35,-1.0,286,+0.0,182,+0.4,160,1.85,78,31.3,200,53.3,141,2017,0.8394906789044192,19,14,0.5757575757575758,33
163,Washington,P12,9-22,+0.34,107.7,111,107.4,224,71.1,51,-.103,346,+6.87,63,109.5,43,102.6,81,-2.27,220,,P12,71.1,51,107.7,111,50.6,171,18.8,200,34.9,28,30.9,286,107.4,224,52.8,274,16.4,304,31.4,270,34.7,169,71.1,51,72.8,39,15.4,22,17.5,230,107.7,111,104.4,155,107.4,224,111.1,325,77.3,110,+0.5,109,+0.5,113,+0.4,124,+0.3,130,+1.2,51,+0.0,187,0.87,321,30.5,212,46.6,214,2017,0.5080188433937238,9,22,0.2903225806451613,31
193,Washington St.,P12,13-18,-1.73,104.4,171,106.1,202,67.7,204,+.067,31,+6.36,68,109.2,48,102.9,92,-3.03,243,,P12,67.7,204,104.4,171,52.0,103,18.1,141,20.0,346,27.2,340,106.1,202,52.8,277,14.7,340,28.5,148,27.9,30,67.7,204,69.3,187,17.5,201,17.1,129,104.4,171,100.4,236,106.1,202,110.3,319,76.8,165,+1.8,22,+2.0,22,+1.6,25,-1.9,342,-1.3,300,-0.2,203,1.78,94,25.3,312,58.0,101,2017,0.45369500117928735,13,18,0.41935483870967744,31
179,Weber St.,BSky,20-14,-0.54,108.5,100,109.0,256,67.0,238,-.030,257,-4.67,273,103.2,221,107.9,308,+1.43,115,,BSky,67.0,238,108.5,100,56.0,13,16.9,66,21.4,339,42.9,14,109.0,256,50.6,177,16.5,301,30.2,228,29.5,51,67.0,238,68.9,213,17.3,184,17.6,253,108.5,100,110.7,43,109.0,256,106.7,239,76.3,242,-0.7,255,-0.2,187,-1.1,300,-1.0,289,-0.5,230,+0.4,156,2.13,27,28.6,252,71.0,21,2017,0.48678466452532404,20,14,0.5882352941176471,34
7,West Virginia,B12,28-9,+27.17,116.5,26,89.4,4,69.9,84,-.043,289,+10.84,21,110.1,34,99.2,12,-7.97,340,4,B12,69.9,84,116.5,26,51.3,139,17.0,67,37.9,6,38.9,77,89.4,4,48.8,97,27.6,1,31.9,287,42.5,313,69.9,84,71.4,80,17.8,237,15.7,1,116.5,26,111.9,30,89.4,4,92.3,5,77.6,67,+0.8,69,+0.0,152,+1.7,23,+1.4,38,-0.1,194,+1.2,66,1.69,125,37.4,52,63.7,55,2017,0.954560176432178,28,9,0.7567567567567568,37
322,Western Carolina,SC,9-23,-15.11,90.0,348,105.1,183,66.8,244,+.027,109,+1.01,112,106.6,80,105.6,177,+5.83,35,,SC,66.8,244,90.0,348,43.1,346,23.2,346,31.5,91,27.7,335,105.1,183,52.9,282,19.1,137,29.0,167,46.7,337,66.8,244,69.0,210,18.6,296,16.0,5,90.0,348,86.5,351,105.1,183,107.5,257,76.9,153,-0.6,246,-0.9,251,-0.3,214,+0.3,133,+1.2,50,+0.5,142,0.81,330,33.8,126,39.4,267,2017,0.14384932480219895,9,23,0.28125,32
297,Western Illinois,Sum,8-20,-11.75,97.1,300,108.9,253,68.8,130,-.035,271,-1.91,187,105.0,132,106.9,261,-2.98,240,,Sum,68.8,130,97.1,300,50.4,178,18.4,171,18.9,348,29.0,323,108.9,253,51.2,198,13.8,351,25.4,30,40.7,288,68.8,130,70.6,110,17.8,238,16.1,10,97.1,300,97.2,297,108.9,253,109.1,293,77.1,134,+0.3,132,+1.3,51,-0.8,262,+0.6,109,+0.6,107,-0.2,202,1.85,80,29.0,242,47.5,204,2017,0.21099811196635043,8,20,0.2857142857142857,28
232,Western Kentucky,CUSA,15-17,-6.15,103.0,199,109.1,259,65.8,282,+.048,62,-3.19,228,103.0,240,106.2,217,-3.64,265,,CUSA,65.8,282,103.0,199,50.1,194,18.0,132,27.3,239,37.2,127,109.1,259,52.3,250,15.8,319,26.8,66,24.7,8,65.8,282,67.5,270,18.0,261,17.5,234,103.0,199,102.5,187,109.1,259,106.9,245,77.8,48,+0.2,133,+0.4,122,+0.1,171,+1.0,71,+1.7,30,+1.9,32,2.09,34,27.5,284,29.2,328,2017,0.3403661624428416,15,17,0.46875,32
162,Western Michigan,MAC,16-16,+0.36,107.1,124,106.8,213,67.9,199,-.016,228,-0.54,144,105.4,104,106.0,205,+1.99,95,,MAC,67.9,199,107.1,124,50.9,162,17.6,100,31.2,103,35.0,177,106.8,213,54.1,318,18.3,189,26.5,59,34.2,158,67.9,199,70.1,135,17.7,220,16.6,53,107.1,124,106.8,100,106.8,213,106.8,243,77.7,52,+1.2,47,+2.1,20,+0.4,119,+0.7,99,+0.7,99,+0.9,97,1.68,128,33.2,140,62.9,61,2017,0.5080638221719129,16,16,0.5,32
8,Wichita St.,MVC,31-5,+26.14,118.7,13,92.6,13,68.0,191,-.021,238,+1.50,102,105.0,130,103.5,110,-0.32,161,10,MVC,68.0,191,118.7,13,54.1,37,16.3,40,34.3,34,40.3,54,92.6,13,43.8,4,19.4,119,24.2,9,35.2,181,68.0,191,69.3,186,17.1,143,17.4,198,118.7,13,116.6,7,92.6,13,90.5,2,77.7,53,+0.7,92,+0.2,139,+1.1,52,+1.6,27,+1.3,43,+0.5,142,0.91,313,42.6,6,48.1,195,2017,0.9456057274659685,31,5,0.8611111111111112,36
133,William & Mary,CAA,17-14,+2.28,111.9,52,109.7,272,70.9,53,-.003,192,+0.51,126,105.8,97,105.3,159,+1.05,126,,CAA,70.9,53,111.9,52,56.2,11,17.4,89,25.6,289,38.7,79,109.7,272,52.3,254,14.5,343,27.4,93,35.1,176,70.9,53,71.5,75,16.3,69,17.3,176,111.9,52,111.2,38,109.7,272,110.0,312,78.2,22,+0.5,107,+0.4,120,+0.6,102,+1.4,31,+3.0,6,+2.0,29,2.06,40,33.0,148,68.3,29,2017,0.5568399470813526,17,14,0.5483870967741935,31
113,Winthrop,BSth,26-7,+4.53,106.1,144,101.6,103,71.1,47,+.029,104,-7.13,320,100.7,316,107.8,305,+1.93,97,13,BSth,71.1,47,106.1,144,53.5,54,17.8,112,26.3,276,38.2,90,101.6,103,46.7,30,18.6,166,28.4,140,34.5,162,71.1,47,71.2,86,15.7,34,18.0,310,106.1,144,108.2,77,101.6,103,97.3,40,74.9,346,-1.0,286,-1.0,254,-1.0,282,-0.5,235,-2.1,341,-4.8,349,2.10,31,34.7,105,68.7,27,2017,0.6220815755320226,26,7,0.7878787878787878,33
21,Wisconsin,B10,27-10,+22.99,115.1,33,92.1,9,63.4,334,-.003,193,+10.00,29,110.6,22,100.6,38,-1.29,193,8,B10,63.4,334,115.1,33,52.1,98,17.0,71,35.8,18,32.9,249,92.1,9,47.5,46,19.5,110,25.8,41,28.0,32,63.4,334,64.4,339,19.9,343,17.4,201,115.1,33,110.9,41,92.1,9,95.5,22,77.5,79,+0.9,66,+0.6,108,+1.2,45,+0.8,95,+0.2,150,+1.1,82,2.20,17,30.4,215,86.6,1,2017,0.9284854167090932,27,10,0.7297297297297297,37
142,Wofford,SC,16-17,+1.54,109.9,75,108.4,246,66.7,252,-.067,319,+0.90,118,105.6,100,104.7,136,+6.75,26,,SC,66.7,252,109.9,75,52.7,73,17.5,95,28.0,218,31.9,272,108.4,246,53.5,307,18.0,206,28.1,126,38.4,235,66.7,252,67.9,254,18.9,314,16.6,46,109.9,75,108.5,75,108.4,246,108.5,278,76.9,152,+0.5,104,+0.3,130,+0.7,88,-0.7,256,+0.8,91,-0.4,225,1.76,99,28.5,255,52.5,146,2017,0.5394284370214699,16,17,0.48484848484848486,33
164,Wright St.,Horz,20-12,+0.34,106.5,136,106.2,205,69.0,116,+.056,44,-2.21,196,103.0,232,105.3,158,+0.85,130,,Horz,69.0,116,106.5,136,52.0,102,20.4,303,29.4,172,38.0,100,106.2,205,52.0,234,19.5,113,26.5,60,37.1,215,69.0,116,71.4,81,16.5,84,17.1,136,106.5,136,105.4,136,106.2,205,103.4,166,77.0,145,-0.1,178,+0.5,117,-0.7,253,-0.5,225,+0.6,104,+1.1,79,1.42,202,25.2,313,43.3,238,2017,0.5081093083362899,20,12,0.625,32
127,Wyoming,MWC,23-15,+2.78,104.8,163,102.0,111,72.9,14,-.004,196,-1.08,158,104.1,176,105.2,152,-2.10,217,,MWC,72.9,14,104.8,163,51.5,123,17.7,106,22.9,329,37.4,117,102.0,111,46.2,25,16.2,305,27.7,104,39.4,262,72.9,14,74.1,21,15.2,15,17.1,155,104.8,163,103.9,166,102.0,111,100.7,100,77.8,41,+0.8,83,+0.3,129,+1.2,44,+1.4,35,+2.0,21,+0.4,157,1.42,203,31.9,186,69.1,26,2017,0.5772345193542711,23,15,0.6052631578947368,38
31,Xavier,BE,24-14,+16.70,115.7,29,99.0,67,67.2,223,+.044,71,+11.73,9,111.2,9,99.5,16,+5.32,38,11,BE,67.2,223,115.7,29,51.9,107,18.4,167,34.5,31,41.1,36,99.0,67,51.6,214,17.5,244,25.5,37,33.4,131,67.2,223,68.2,245,17.6,208,17.6,250,115.7,29,109.1,60,99.0,67,104.3,191,78.5,9,+0.4,119,+0.4,124,+0.3,130,+1.3,43,+2.7,7,+3.9,2,1.84,83,31.6,191,44.4,229,2017,0.8572492992867771,24,14,0.631578947368421,38
151,Yale,Ivy,18-11,+1.01,106.2,141,105.2,184,68.2,181,+.055,47,-2.03,193,103.6,197,105.7,178,-1.36,199,,Ivy,68.2,181,106.2,141,52.3,92,19.3,234,31.4,95,33.9,223,105.2,184,49.7,130,17.0,269,28.5,143,26.3,13,68.2,181,68.2,243,18.3,276,17.0,118,106.2,141,106.2,116,105.2,184,103.4,170,77.9,38,+0.3,122,+0.0,152,+0.7,96,+1.3,43,+1.9,24,+1.7,43,0.75,336,28.6,253,23.9,339,2017,0.5271730251611455,18,11,0.6206896551724138,29
282,Youngstown St.,Horz,13-21,-10.29,102.6,209,112.9,317,71.7,32,+.077,19,-2.30,198,103.2,225,105.5,170,-1.84,210,,Horz,71.7,32,102.6,209,49.1,231,16.0,27,26.3,275,25.9,348,112.9,317,53.0,286,16.4,303,31.4,274,29.1,42,71.7,32,73.6,28,15.9,41,16.7,66,102.6,209,100.8,230,112.9,317,110.4,322,76.4,230,+0.1,151,+0.7,98,-0.4,231,-1.3,305,-0.9,275,-0.1,191,1.33,227,31.3,197,67.3,35,2017,0.2497132528891726,13,21,0.38235294117647056,34
