rk,TEAM,CONF,RECORD,KADJ EM,adjo,adjo.rank,adjd,adjd.rank,adjt,adjt.rank,luck,luck.rank,sos-adjem,sos-adjem.rank,sos-oppo,sos-oppo.rank,sos-oppd,sos-oppd.rank,ncsos-adjem,ncsos-adjem.rank,seed,conference,KADJ T,adjtempo.rank,KADJ O,adjoe.rank,off-efg%,off-efg%.rank,off-to%,off-to%.rank,off-or%,off-or%.rank,off-ftrate,off-ftrate.rank,KADJ D,adjde.rank,def-efg%,def-efg%.rank,def-to%,def-to%.rank,def-or%,def-or%.rank,def-ftrate,def-ftrate.rank,tempo-adj,tempo-adj.rank,tempo-raw,tempo-raw.rank,off. efficiency-adj,off. efficiency-adj.rank,off. efficiency-raw,off. efficiency-raw.rank,def. efficiency-adj,def. efficiency-adj.rank,def. efficiency-raw,def. efficiency-raw.rank,YEAR,BARTHAG,W,L,WIN%,GAMES
40,Air Force,MWC,24-7,+14.87,113.2,21,98.3,89,54.7,332,-.001,172,+0.57,147,102.8,176,102.2,137,-6.63,300,13,MWC,54.7,332,113.2,21,58.1,1,19.2,50,23.1,327,32.8,252,98.3,89,49.2,140,25.4,12,34.6,259,30.2,53,54.7,332,57.2,331,113.2,21,111.5,10,98.3,89,96.7,57,2006,0.8352111478485138,24,7,0.7741935483870968,31
83,Akron,MAC,23-10,+9.28,111.1,45,101.8,146,64.1,227,+.037,78,+0.82,140,102.5,187,101.7,121,+1.96,100,8,MAC,64.1,227,111.1,45,51.6,77,18.8,36,32.6,159,37.9,111,101.8,146,49.3,151,21.0,177,32.1,162,40.1,247,64.1,227,65.0,250,111.1,45,108.7,40,101.8,146,101.0,153,2006,0.7321065651876183,23,10,0.696969696969697,33
60,Alabama,SEC,18-13,+12.48,112.8,28,100.3,118,63.4,249,+.005,153,+9.21,14,107.7,25,98.4,17,+1.60,115,10,SEC,63.4,249,112.8,28,50.8,103,20.7,138,38.0,23,41.5,44,100.3,118,49.2,143,17.6,322,31.2,122,24.1,5,63.4,249,64.8,255,112.8,28,107.3,58,100.3,118,103.8,219,2006,0.7942411710164884,18,13,0.5806451612903226,31
268,Alabama A&M,SWAC,13-13,-9.65,94.5,292,104.1,190,73.4,3,-.040,264,-11.93,333,94.2,332,106.1,277,+16.53,1,,SWAC,73.4,3,94.5,292,46.9,267,20.1,100,29.8,249,41.8,36,104.1,190,47.4,77,23.2,65,34.9,266,36.8,184,73.4,3,75.9,3,94.5,292,97.0,243,104.1,190,96.1,52,2006,0.24737724701462716,13,13,0.5,26
290,Alabama St.,SWAC,12-18,-13.52,94.0,295,107.5,251,66.1,129,+.046,61,-8.93,314,97.2,316,106.1,279,+4.97,49,,SWAC,66.1,129,94.0,295,46.1,294,22.2,217,33.5,125,40.9,53,107.5,251,50.3,204,21.9,112,31.1,115,48.0,320,66.1,129,69.3,87,94.0,295,95.0,280,107.5,251,101.7,164,2006,0.17606262779574902,12,18,0.4,30
138,Albany,AE,21-11,+2.63,106.2,112,103.6,180,63.8,236,+.027,99,-5.65,265,99.6,277,105.3,245,+0.12,151,16,AE,63.8,236,106.2,112,51.5,81,21.5,179,32.5,161,41.1,50,103.6,180,48.8,129,21.3,157,30.8,99,36.3,171,63.8,236,64.2,273,106.2,112,105.9,84,103.6,180,99.6,118,2006,0.5707833612242298,21,11,0.65625,32
310,Alcorn St.,SWAC,8-20,-16.39,93.0,306,109.4,282,68.4,59,-.004,178,-7.57,299,96.6,322,104.1,191,+8.98,19,,SWAC,68.4,59,93.0,306,47.7,238,24.4,299,28.2,288,36.9,141,109.4,282,48.6,119,19.4,270,32.6,187,47.7,318,68.4,59,71.8,30,93.0,306,92.2,307,109.4,282,101.9,169,2006,0.13380447573595108,8,20,0.2857142857142857,28
257,American,Pat,12-17,-8.62,98.5,240,107.1,241,63.7,242,+.019,118,-4.39,241,99.4,282,103.8,177,+0.15,150,,Pat,63.7,242,98.5,240,46.9,270,23.0,257,33.5,128,34.5,209,107.1,241,49.8,176,21.0,179,31.8,148,37.5,199,63.7,242,65.3,234,98.5,240,97.1,241,107.1,241,103.4,206,2006,0.2763531467338824,12,17,0.41379310344827586,29
238,Appalachian St.,SC,14-16,-7.25,100.6,207,107.8,256,64.1,229,+.021,111,-4.79,249,101.0,241,105.8,264,+0.12,152,,SC,64.1,229,100.6,207,48.7,202,21.0,154,31.2,205,33.4,241,107.8,256,51.5,247,22.2,101,35.4,281,37.6,202,64.1,229,66.5,189,100.6,207,101.4,171,107.8,256,105.4,247,2006,0.31110848902063964,14,16,0.4666666666666667,30
23,Arizona,P10,20-13,+17.23,112.2,35,95.0,40,67.7,78,-.037,256,+10.53,4,108.0,18,97.5,2,+9.27,16,8,P10,67.7,78,112.2,35,48.1,223,18.7,34,35.9,59,32.7,253,95.0,40,51.0,230,25.9,11,33.1,204,33.0,93,67.7,78,69.2,92,112.2,35,104.6,111,95.0,40,97.7,75,2006,0.8714309108535447,20,13,0.6060606060606061,33
141,Arizona St.,P10,11-17,+2.26,104.8,135,102.6,157,64.8,189,-.027,229,+5.53,73,105.1,86,99.6,54,-6.99,306,,P10,64.8,189,104.8,135,48.3,218,20.2,105,30.3,230,37.4,127,102.6,157,50.6,212,22.0,107,30.2,73,40.5,256,64.8,189,66.3,196,104.8,135,99.4,198,102.6,157,103.8,217,2006,0.5606947529999867,11,17,0.39285714285714285,28
20,Arkansas,SEC,22-10,+18.47,112.2,34,93.8,29,66.0,133,-.062,293,+6.35,58,106.0,62,99.6,57,-4.78,274,8,SEC,66.0,133,112.2,34,50.6,111,19.3,56,34.4,90,39.2,85,93.8,29,47.7,86,23.9,40,33.5,217,30.1,50,66.0,133,68.2,124,112.2,34,107.5,57,93.8,29,94.5,38,2006,0.8869399891045808,22,10,0.6875,32
215,Arkansas Little Rock,SB,14-15,-5.28,95.6,281,100.9,127,64.6,200,+.012,137,-3.75,227,101.1,238,104.8,219,-6.34,297,,SB,64.6,200,95.6,281,45.1,309,23.2,265,37.4,29,44.1,13,100.9,127,51.5,248,25.1,15,27.9,23,36.2,169,64.6,200,66.8,179,95.6,281,96.0,258,100.9,127,98.8,95,2006,0.3496662114694,14,15,0.4827586206896552,29
284,Arkansas Pine Bluff,SWAC,13-16,-12.43,85.0,332,97.5,80,66.7,108,-.040,261,-11.48,330,95.3,329,106.8,304,+3.24,70,,SWAC,66.7,108,85.0,332,44.3,321,22.0,206,24.7,321,30.9,300,97.5,80,43.5,4,23.1,68,33.1,203,38.8,221,66.7,108,70.0,64,85.0,332,87.6,328,97.5,80,90.2,6,2006,0.1711054521392442,13,16,0.4482758620689655,29
216,Arkansas St.,SB,12-18,-5.35,104.7,137,110.0,290,67.2,95,-.028,235,-0.80,179,101.5,222,102.3,138,+1.27,123,,SB,67.2,95,104.7,137,51.8,69,21.9,198,29.4,262,38.9,92,110.0,290,52.1,273,18.8,295,33.1,202,34.4,131,67.2,95,69.9,66,104.7,137,101.8,164,110.0,290,107.5,290,2006,0.36172514298460895,12,18,0.4,30
331,Army,Pat,5-22,-26.50,87.9,329,114.4,325,60.4,313,-.028,233,-6.81,286,97.8,309,104.6,210,-9.89,326,,Pat,60.4,313,87.9,329,45.0,310,23.6,278,22.4,330,32.7,254,114.4,325,51.0,227,19.8,254,32.5,179,48.5,324,60.4,313,61.9,316,87.9,329,86.2,332,114.4,325,109.4,307,2006,0.04607719301841899,5,22,0.18518518518518517,27
113,Auburn,SEC,12-16,+5.58,104.2,146,98.6,92,65.2,168,-.018,211,+8.07,29,107.3,33,99.2,42,-1.86,209,,SEC,65.2,168,104.2,146,49.7,146,24.0,286,35.3,67,35.0,197,98.6,92,50.7,217,24.0,38,35.8,290,39.6,233,65.2,168,66.3,194,104.2,146,99.0,208,98.6,92,102.4,180,2006,0.6536834515841333,12,16,0.42857142857142855,28
195,Austin Peay,OVC,17-14,-3.21,102.8,171,106.0,219,66.7,110,+.032,87,-5.53,263,101.6,221,107.1,312,-1.38,195,,OVC,66.7,110,102.8,171,50.6,112,20.5,130,30.8,213,41.9,33,106.0,219,50.9,223,21.9,111,34.0,237,34.3,129,66.7,110,67.9,133,102.8,171,104.6,112,106.0,219,103.7,213,2006,0.4127719406459342,17,14,0.5483870967741935,31
91,BYU,MWC,20-9,+7.87,110.1,55,102.2,150,70.7,18,+.074,30,+2.21,111,103.5,152,101.3,104,-2.84,228,6,MWC,70.7,18,110.1,55,51.9,63,20.3,112,31.4,194,36.9,139,102.2,150,50.9,224,21.1,171,27.3,15,40.3,249,70.7,18,71.5,35,110.1,55,106.6,70,102.2,150,101.3,159,2006,0.7018786083758397,20,9,0.6896551724137931,29
199,Ball St.,MAC,10-18,-3.50,98.2,243,101.7,142,63.3,252,-.092,315,+0.69,143,103.3,156,102.6,151,+3.78,62,,MAC,63.3,252,98.2,243,47.7,241,22.0,202,31.7,185,37.1,131,101.7,142,49.2,144,22.2,99,28.5,32,56.4,334,63.3,252,63.7,286,98.2,243,96.8,246,101.7,142,101.4,162,2006,0.40065360145603013,10,18,0.35714285714285715,28
154,Baylor,B12,4-13,+0.18,102.6,176,102.4,153,65.5,157,-.046,277,+11.81,1,108.7,2,96.9,1,-99.00,334,,B12,65.5,157,102.6,176,47.0,261,22.6,237,29.3,263,32.3,266,102.4,153,49.9,179,19.0,284,37.4,321,39.2,228,65.5,157,66.2,203,102.6,176,95.0,281,102.4,153,109.6,309,2006,0.5056095225083994,4,13,0.23529411764705882,17
165,Belmont,ASun,20-11,-0.73,107.1,94,107.8,257,69.1,42,+.024,108,-8.62,311,99.7,275,108.4,326,+5.97,42,15,ASun,69.1,42,107.1,94,56.5,4,22.0,201,33.7,113,35.3,188,107.8,257,49.4,154,20.7,193,35.3,278,37.9,209,69.1,42,72.0,28,107.1,94,110.3,25,107.8,257,103.8,216,2006,0.4812790477073623,20,11,0.6451612903225806,31
294,Bethune Cookman,MEAC,15-15,-14.02,95.3,286,109.3,280,66.4,119,+.085,18,-11.65,332,94.5,331,106.2,286,+2.58,84,,MEAC,66.4,119,95.3,286,47.3,253,21.7,190,29.7,252,36.7,148,109.3,280,49.5,162,25.1,16,34.9,267,41.6,267,66.4,119,68.4,119,95.3,286,94.5,287,109.3,280,99.0,104,2006,0.17132499718732003,15,15,0.5,30
194,Binghamton,AE,16-13,-3.19,95.8,276,99.0,96,63.3,253,+.015,129,-6.83,288,100.1,268,107.0,310,-1.60,200,,AE,63.3,253,95.8,276,43.8,329,18.4,25,30.7,218,33.6,233,99.0,96,47.1,67,23.5,56,31.4,132,39.7,238,63.3,253,63.6,290,95.8,276,97.9,234,99.0,96,95.9,48,2006,0.40664377006062574,16,13,0.5517241379310345,29
186,Birmingham Southern,BSth,19-9,-2.26,109.0,74,111.2,303,58.2,327,+.088,15,-8.33,308,99.3,285,107.6,323,-5.80,288,,BSth,58.2,327,109.0,74,53.0,40,19.9,91,34.6,84,42.6,23,111.2,303,51.9,266,18.8,296,28.1,26,40.6,257,58.2,327,60.4,324,109.0,74,111.1,15,111.2,303,107.0,279,2006,0.44280180008420056,19,9,0.6785714285714286,28
143,Boise St.,WAC,14-15,+1.78,101.8,189,100.0,115,69.8,31,-.049,282,+0.89,137,103.7,137,102.8,153,-3.08,233,,WAC,69.8,31,101.8,189,50.8,105,21.4,177,26.3,306,31.5,288,100.0,115,48.1,101,19.7,256,31.5,137,33.5,104,69.8,31,71.4,36,101.8,189,100.0,192,100.0,115,99.6,117,2006,0.5511106187383884,14,15,0.4827586206896552,29
18,Boston College,ACC,28-8,+18.65,117.8,4,99.2,99,61.5,301,+.024,106,+7.43,41,107.1,34,99.7,60,-5.69,287,4,ACC,61.5,301,117.8,4,54.3,15,20.0,95,39.1,12,42.6,22,99.2,99,48.5,116,19.7,262,33.6,220,29.9,47,61.5,301,64.3,270,117.8,4,113.6,5,99.2,99,102.3,174,2006,0.8782838303574436,28,8,0.7777777777777778,36
203,Boston University,AE,12-16,-3.87,97.1,261,101.0,128,59.3,323,-.042,270,-3.53,220,100.6,250,104.1,189,+5.00,48,,AE,59.3,323,97.1,261,46.1,291,21.3,171,32.5,160,32.7,255,101.0,128,47.8,89,20.7,196,28.8,39,36.2,168,59.3,323,60.6,323,97.1,261,96.1,256,101.0,128,97.4,68,2006,0.38868096063299157,12,16,0.42857142857142855,28
260,Bowling Green,MAC,9-21,-8.79,97.5,253,106.3,230,66.4,120,-.012,199,+2.20,112,104.0,124,101.8,125,+1.98,99,,MAC,66.4,120,97.5,253,50.2,127,24.1,291,22.7,328,39.0,91,106.3,230,52.9,298,23.6,52,35.6,285,56.1,333,66.4,120,67.6,149,97.5,253,94.7,284,106.3,230,106.8,277,2006,0.270172327765319,9,21,0.3,30
25,Bradley,MVC,22-11,+16.50,107.5,86,91.0,11,69.3,37,-.019,213,+6.94,46,105.4,74,98.5,19,-2.22,217,13,MVC,69.3,37,107.5,86,48.7,201,21.2,165,34.5,87,34.4,214,91.0,11,45.4,26,23.0,74,30.0,70,35.5,157,69.3,37,69.4,83,107.5,86,102.0,160,91.0,11,92.6,19,2006,0.871720841528999,22,11,0.6666666666666666,33
296,Brown,Ivy,10-17,-14.18,91.3,319,105.5,207,63.8,241,+.038,75,-7.85,304,98.4,301,106.2,287,-6.54,299,,Ivy,63.8,241,91.3,319,46.4,282,24.2,292,27.8,292,44.9,8,105.5,207,50.1,189,22.3,92,28.9,42,30.3,56,63.8,241,64.3,267,91.3,319,91.8,310,105.5,207,99.4,111,2006,0.1594344730517995,10,17,0.37037037037037035,27
58,Bucknell,Pat,27-5,+12.56,105.7,119,93.1,22,61.8,294,+.092,13,-3.17,214,100.2,265,103.4,167,+7.18,32,9,Pat,61.8,294,105.7,119,52.8,42,22.8,244,30.7,219,43.0,19,93.1,22,45.0,17,25.4,13,28.0,25,37.8,206,61.8,294,62.9,301,105.7,119,104.1,130,93.1,22,88.7,3,2006,0.8114872679736146,27,5,0.84375,32
139,Buffalo,MAC,19-13,+2.56,106.0,114,103.4,173,67.3,93,+.030,92,-0.68,174,102.5,186,103.2,161,-1.31,191,,MAC,67.3,93,106.0,114,49.7,150,23.3,266,35.9,55,43.9,14,103.4,173,52.8,295,24.1,35,31.1,116,35.6,160,67.3,93,68.0,131,106.0,114,104.3,122,103.4,173,102.0,170,2006,0.5709167677115523,19,13,0.59375,32
61,Butler,Horz,20-13,+12.00,114.9,15,102.9,166,58.3,326,-.072,308,+1.16,133,103.0,166,101.9,128,+3.14,73,8,Horz,58.3,326,114.9,15,54.2,18,14.2,3,23.4,326,31.8,282,102.9,166,50.7,215,23.0,72,36.2,296,33.5,103,58.3,326,59.4,327,114.9,15,113.0,8,102.9,166,101.1,154,2006,0.7804862471222715,20,13,0.6060606060606061,33
247,Cal Poly,BW,10-19,-7.88,99.8,221,107.7,253,62.6,268,-.025,224,-0.70,175,103.5,150,104.2,195,+0.71,137,,BW,62.6,268,99.8,221,48.7,198,22.7,241,31.5,191,32.4,263,107.7,253,49.8,175,16.8,330,31.8,149,37.3,194,62.6,268,65.3,237,99.8,221,99.1,206,107.7,253,107.8,295,2006,0.2939894891595866,10,19,0.3448275862068966,29
166,Cal St. Fullerton,BW,16-13,-0.77,107.3,89,108.1,261,68.2,66,-.036,255,-4.85,250,100.3,263,105.2,236,-6.46,298,,BW,68.2,66,107.3,89,52.6,46,20.6,133,34.1,102,32.2,270,108.1,261,51.8,258,20.1,237,29.1,48,33.7,113,68.2,66,70.8,51,107.3,89,108.1,49,108.1,261,104.9,236,2006,0.4786572610526755,16,13,0.5517241379310345,29
262,Cal St. Northridge,BW,11-17,-9.16,95.6,283,104.8,196,69.3,38,+.038,76,-2.45,204,102.8,175,105.2,243,-2.91,229,,BW,69.3,38,95.6,283,47.9,231,24.3,296,30.6,222,42.8,20,104.8,196,54.0,316,24.9,19,31.4,130,43.8,293,69.3,38,71.6,32,95.6,283,95.9,266,104.8,196,103.8,215,2006,0.2579538115270213,11,17,0.39285714285714285,28
47,California,P10,20-11,+13.68,110.5,49,96.8,68,61.9,293,+.021,110,+7.59,40,106.8,41,99.3,44,-0.77,172,7,P10,61.9,293,110.5,49,50.2,129,18.7,33,29.2,269,44.8,9,96.8,68,49.6,164,20.8,190,27.7,18,30.7,61,61.9,293,63.9,282,110.5,49,105.1,102,96.8,68,99.5,112,2006,0.8208678094337711,20,11,0.6451612903225806,31
285,Campbell,ASun,10-18,-12.59,101.0,201,113.6,319,75.0,1,-.042,268,-9.58,320,99.3,284,108.9,329,-2.10,215,,ASun,75.0,1,101.0,201,51.4,83,22.8,249,38.0,22,36.5,150,113.6,319,56.6,334,21.8,118,30.9,109,38.1,213,75.0,1,78.4,1,101.0,201,105.1,100,113.6,319,109.1,305,2006,0.20554777250401604,10,18,0.35714285714285715,28
210,Canisius,MAAC,9-20,-4.97,103.6,158,108.5,267,64.6,206,-.066,302,-0.79,178,105.3,79,106.1,276,-3.32,240,,MAAC,64.6,206,103.6,158,51.1,95,19.8,88,29.3,264,30.0,313,108.5,267,52.8,294,18.7,302,34.6,258,30.3,55,64.6,206,67.1,160,103.6,158,104.5,116,108.5,267,110.2,313,2006,0.3701792991991343,9,20,0.3103448275862069,29
317,Centenary,MCon,4-23,-18.67,94.1,294,112.7,315,66.3,122,-.032,246,-3.56,222,103.2,163,106.7,303,+1.75,110,,MCon,66.3,122,94.1,294,49.4,165,24.6,305,28.4,287,32.5,260,112.7,315,52.3,282,20.2,225,39.6,329,41.3,264,66.3,122,68.8,105,94.1,294,95.9,263,112.7,315,112.6,330,2006,0.11162282887574357,4,23,0.14814814814814814,27
158,Central Connecticut,NEC,18-11,-0.07,109.6,67,109.6,288,62.0,287,-.027,230,-7.66,300,97.5,314,105.2,239,-3.20,238,,NEC,62.0,287,109.6,67,51.5,80,18.9,40,36.0,54,36.7,146,109.6,288,52.6,289,21.7,128,30.9,105,27.8,29,62.0,287,63.9,279,109.6,67,110.6,20,109.6,288,103.2,198,2006,0.5,18,11,0.6206896551724138,29
300,Central Michigan,MAC,4-24,-15.05,89.1,327,104.1,188,66.3,123,-.045,276,+0.23,155,102.8,171,102.6,148,-1.33,193,,MAC,66.3,123,89.1,327,45.1,308,27.9,333,31.2,206,37.0,136,104.1,188,51.0,232,23.6,51,35.8,292,44.2,296,66.3,123,67.2,157,89.1,327,86.4,331,104.1,188,103.4,201,2006,0.14315668124235184,4,24,0.14285714285714285,28
258,Charleston Southern,BSth,13-16,-8.67,99.6,225,108.3,265,65.6,146,+.007,149,-4.54,247,101.6,220,106.2,283,+2.05,96,,BSth,65.6,146,99.6,225,47.0,262,19.3,58,30.2,237,37.1,132,108.3,265,51.3,243,21.4,150,35.4,280,42.6,276,65.6,146,67.2,156,99.6,225,100.3,188,108.3,265,106.3,267,2006,0.27626907384904814,13,16,0.4482758620689655,29
94,Charlotte,A10,19-13,+7.45,107.5,87,100.0,116,65.5,154,-.004,179,+2.69,101,103.9,127,101.2,100,+0.09,154,9,A10,65.5,154,107.5,87,47.3,252,19.0,46,36.3,48,35.4,187,100.0,116,50.3,203,20.3,222,26.6,10,30.9,64,65.5,154,66.6,187,107.5,87,104.1,129,100.0,116,99.7,119,2006,0.696711647406009,19,13,0.59375,32
236,Chattanooga,SC,19-13,-7.18,98.8,234,106.0,223,67.1,97,+.107,5,-4.99,253,100.7,248,105.7,260,-2.42,223,,SC,67.1,97,98.8,234,48.9,183,20.5,129,28.8,280,45.8,5,106.0,223,50.8,218,20.6,199,30.8,102,28.3,32,67.1,97,69.0,94,98.8,234,99.6,196,106.0,223,103.0,195,2006,0.3081191654080058,19,13,0.59375,32
234,Chicago St.,MCon,11-19,-6.90,101.2,195,108.1,260,65.3,164,+.043,65,-0.62,172,104.3,112,104.9,222,+11.15,8,,MCon,65.3,164,101.2,195,47.5,245,19.9,92,33.2,137,36.8,144,108.1,260,52.7,291,22.3,96,37.8,325,47.1,316,65.3,164,67.0,170,101.2,195,101.3,176,108.1,260,108.9,304,2006,0.3189684085804408,11,19,0.36666666666666664,30
44,Cincinnati,BE,21-13,+14.27,110.9,47,96.6,63,68.5,57,-.001,171,+8.99,17,107.0,38,98.0,10,+2.61,83,1,BE,68.5,57,110.9,47,47.7,240,16.6,5,33.2,136,31.9,281,96.6,63,46.9,61,20.5,209,34.6,257,28.7,35,68.5,57,69.9,67,110.9,47,105.3,94,96.6,63,99.5,114,2006,0.8302748971375908,21,13,0.6176470588235294,34
59,Clemson,ACC,19-13,+12.51,105.9,116,93.4,25,68.6,52,-.049,281,+6.35,57,106.2,52,99.8,63,-4.81,275,4,ACC,68.6,52,105.9,116,48.9,185,20.6,135,36.0,53,36.4,152,93.4,25,49.7,167,26.1,9,30.7,97,40.3,250,68.6,52,70.8,50,105.9,116,101.5,169,93.4,25,94.7,40,2006,0.8091420314789489,19,13,0.59375,32
243,Cleveland St.,Horz,10-18,-7.75,91.6,318,99.4,103,68.1,68,-.010,193,+0.06,158,104.9,91,104.8,217,-1.34,194,,Horz,68.1,68,91.6,318,44.4,320,23.2,262,33.0,149,32.6,258,99.4,103,49.8,174,22.3,94,35.3,279,39.6,234,68.1,68,68.5,113,91.6,318,91.4,313,99.4,103,101.8,166,2006,0.2809428276359188,10,18,0.35714285714285715,28
167,Coastal Carolina,BSth,20-10,-0.83,106.5,106,107.3,244,61.7,296,+.069,31,-6.48,279,100.4,262,106.8,306,+1.56,117,,BSth,61.7,296,106.5,106,52.3,56,20.9,146,34.1,101,32.5,261,107.3,244,50.0,180,20.4,216,34.4,251,41.3,263,61.7,296,64.1,275,106.5,106,108.1,48,107.3,244,105.3,245,2006,0.4784977346831052,20,10,0.6666666666666666,30
286,Colgate,Pat,10-19,-12.61,92.6,309,105.2,201,62.2,282,-.046,279,-6.79,284,98.2,304,105.0,229,-5.38,285,,Pat,62.2,282,92.6,309,46.7,274,25.4,320,31.1,208,31.4,290,105.2,201,47.3,72,21.4,149,32.1,167,39.3,229,62.2,282,62.3,309,92.6,309,92.1,308,105.2,201,99.1,105,2006,0.18738336982044404,10,19,0.3448275862068966,29
180,College of Charleston,SC,17-11,-1.95,99.6,227,101.5,139,67.9,73,-.044,273,-7.76,302,100.1,267,107.9,325,-7.95,315,,SC,67.9,73,99.6,227,48.2,220,22.8,247,40.7,7,37.6,121,101.5,139,48.6,124,21.8,123,29.6,56,33.4,100,67.9,73,70.0,62,99.6,227,102.4,151,101.5,139,97.6,72,2006,0.4458849716966793,17,11,0.6071428571428571,28
72,Colorado,B12,20-10,+10.27,109.2,70,99.0,93,69.9,27,+.049,53,+4.24,85,104.4,101,100.2,73,-5.98,293,4,B12,69.9,27,109.2,70,49.7,149,19.3,61,39.0,14,32.0,275,99.0,93,47.9,92,21.6,137,32.0,156,36.4,174,69.9,27,71.6,33,109.2,70,106.7,69,99.0,93,98.1,84,2006,0.7554149226169053,20,10,0.6666666666666666,30
128,Colorado St.,MWC,16-15,+4.09,107.7,82,103.6,179,68.2,65,-.042,269,+2.83,100,104.2,113,101.4,110,-0.14,160,,MWC,68.2,65,107.7,82,53.8,22,24.3,295,32.7,158,42.5,25,103.6,179,48.2,105,20.6,202,33.3,211,40.5,255,68.2,65,69.3,88,107.7,82,104.4,119,103.6,179,103.5,208,2006,0.6097689046826097,16,15,0.5161290322580645,31
297,Columbia,Ivy,11-16,-14.65,97.0,263,111.7,310,64.7,199,+.068,33,-8.10,307,97.6,313,105.7,261,-7.06,307,,Ivy,64.7,199,97.0,263,49.5,164,25.0,313,33.4,129,35.9,161,111.7,310,51.8,263,19.0,285,26.4,8,45.9,311,64.7,199,64.8,256,97.0,263,97.6,237,111.7,310,105.2,244,2006,0.16483065941471114,11,16,0.4074074074074074,27
4,Connecticut,BE,30-4,+25.44,117.8,5,92.3,18,68.7,49,+.077,26,+8.98,18,107.4,29,98.4,16,-3.80,252,1,BE,68.7,49,117.8,5,51.8,67,19.7,83,41.6,3,41.9,35,92.3,18,43.0,3,18.3,316,30.5,82,24.8,9,68.7,49,71.1,44,117.8,5,113.2,7,92.3,18,93.3,25,2006,0.9429646471768193,30,4,0.8823529411764706,34
280,Coppin St.,MEAC,12-18,-11.81,95.4,285,107.2,243,65.6,145,+.047,57,-6.25,276,97.8,310,104.1,185,+16.38,2,,MEAC,65.6,145,95.4,285,45.2,307,18.9,42,25.6,317,35.9,163,107.2,243,51.8,257,24.9,21,35.5,282,36.6,179,65.6,145,67.0,168,95.4,285,94.5,288,107.2,243,102.3,176,2006,0.20732869509613078,12,18,0.4,30
233,Cornell,Ivy,13-15,-6.71,98.9,233,105.6,211,62.1,285,-.029,236,-6.40,278,98.9,293,105.3,246,-1.40,196,,Ivy,62.1,285,98.9,233,49.1,175,21.8,196,27.7,294,33.1,248,105.6,211,47.7,85,21.5,142,33.2,206,34.5,135,62.1,285,63.4,294,98.9,233,97.9,231,105.6,211,99.8,122,2006,0.3199905947431953,13,15,0.4642857142857143,28
51,Creighton,MVC,20-10,+13.11,107.2,91,94.1,30,62.7,264,+.000,168,+5.24,77,103.7,139,98.5,18,-1.08,181,2,MVC,62.7,264,107.2,91,48.7,199,20.4,124,32.0,178,41.5,42,94.1,30,46.5,51,23.3,62,31.2,120,30.1,51,62.7,264,63.9,281,107.2,91,101.7,166,94.1,30,93.9,31,2006,0.8174087643042347,20,10,0.6666666666666666,30
306,Dartmouth,Ivy,6-21,-15.87,94.8,289,110.7,296,62.3,281,-.053,286,-6.69,281,98.8,296,105.5,256,-4.13,261,,Ivy,62.3,281,94.8,289,47.1,260,20.9,148,29.5,260,24.2,332,110.7,296,51.9,264,21.1,175,30.9,103,45.4,308,62.3,281,62.4,308,94.8,289,95.6,271,110.7,296,106.2,261,2006,0.14391757158914933,6,21,0.2222222222222222,27
122,Davidson,SC,20-11,+4.86,109.9,61,105.0,199,66.0,132,-.025,223,-3.30,217,101.4,227,104.7,213,+9.24,17,15,SC,66.0,132,109.9,61,51.9,64,18.8,35,32.8,154,28.7,318,105.0,199,49.3,147,16.6,333,27.0,13,32.3,81,66.0,132,67.6,148,109.9,61,110.3,24,105.0,199,102.4,181,2006,0.6282042900096395,20,11,0.6451612903225806,31
131,Dayton,A10,14-17,+3.15,102.7,173,99.5,104,62.3,279,-.092,314,+2.52,104,103.6,142,101.1,98,-2.06,213,,A10,62.3,279,102.7,173,48.4,210,21.1,158,34.3,93,30.3,307,99.5,104,46.1,40,19.6,264,28.9,44,40.2,248,62.3,279,63.1,299,102.7,173,99.0,209,99.5,104,97.6,70,2006,0.5900147702489345,14,17,0.45161290322580644,31
90,DePaul,BE,12-15,+8.42,110.2,53,101.8,145,61.4,302,+.004,157,+10.47,6,108.3,11,97.8,8,+7.26,30,,BE,61.4,302,110.2,53,48.9,186,18.6,31,30.8,216,31.9,279,101.8,145,50.0,185,17.6,325,33.5,215,28.8,37,61.4,302,62.8,304,110.2,53,102.7,148,101.8,145,106.3,266,2006,0.7133679717138631,12,15,0.4444444444444444,27
221,Delaware,CAA,9-21,-5.73,96.8,267,102.6,156,67.6,80,-.033,248,+1.03,135,103.7,141,102.6,150,-5.26,280,,CAA,67.6,80,96.8,267,47.4,249,23.0,255,32.0,176,35.9,162,102.6,156,46.9,59,20.5,206,32.1,159,44.7,303,67.6,80,69.3,91,96.8,267,94.6,285,102.6,156,102.1,171,2006,0.33867693975438273,9,21,0.3,30
201,Delaware St.,MEAC,21-14,-3.57,102.1,184,105.7,213,54.5,333,+.106,6,-5.11,255,98.6,298,103.7,176,+14.07,4,10,MEAC,54.5,333,102.1,184,49.7,147,21.1,159,31.7,183,39.8,71,105.7,213,51.5,250,26.7,6,36.3,299,35.4,156,54.5,333,57.0,333,102.1,184,100.4,186,105.7,213,100.7,145,2006,0.40167280145200374,21,14,0.6,35
172,Denver,SB,16-15,-1.03,98.5,238,99.6,105,64.1,226,-.010,190,-2.69,209,102.5,188,105.2,235,-5.37,283,,SB,64.1,226,98.5,238,49.8,141,22.0,204,26.9,302,35.8,172,99.6,105,45.9,38,17.5,326,30.6,91,24.7,8,64.1,226,66.5,190,98.5,238,98.9,214,99.6,105,97.8,76,2006,0.4681146811991415,16,15,0.5161290322580645,31
176,Detroit,Horz,16-16,-1.29,104.2,145,105.5,208,60.0,317,+.048,55,+1.06,134,104.2,116,103.1,160,+4.96,50,,Horz,60.0,317,104.2,145,48.4,209,21.6,183,39.2,11,30.1,310,105.5,208,49.0,134,17.6,324,31.6,143,38.3,216,60.0,317,61.2,319,104.2,145,102.1,157,105.5,208,106.3,265,2006,0.4644136536153186,16,16,0.5,32
136,Drake,MVC,12-19,+2.87,107.0,96,104.2,191,64.4,213,-.062,294,+5.96,66,104.4,106,98.4,15,+1.53,118,,MVC,64.4,213,107.0,96,47.1,259,23.2,264,38.4,16,39.5,78,104.2,191,54.9,327,22.3,98,31.5,136,33.5,105,64.4,213,65.4,232,107.0,96,101.4,172,104.2,191,105.4,246,2006,0.5756502096963134,12,19,0.3870967741935484,31
100,Drexel,CAA,15-16,+6.95,100.3,213,93.4,24,62.5,273,-.112,328,+1.99,116,103.3,155,101.4,106,+2.99,75,,CAA,62.5,273,100.3,213,44.0,325,20.7,142,35.2,71,33.8,228,93.4,24,45.2,19,21.0,176,27.9,22,34.0,121,62.5,273,64.1,276,100.3,213,96.8,248,93.4,24,92.4,16,2006,0.6941631059325423,15,16,0.4838709677419355,31
2,Duke,ACC,32-4,+27.54,119.4,1,91.8,16,69.8,29,+.047,56,+10.51,5,108.1,16,97.6,4,+6.81,37,1,ACC,69.8,29,119.4,1,55.5,7,19.1,47,28.8,283,45.0,7,91.8,16,46.2,44,22.4,90,36.8,311,27.6,26,69.8,29,71.2,40,119.4,1,113.7,4,91.8,16,95.2,42,2006,0.9536010863075909,32,4,0.8888888888888888,36
301,Duquesne,A10,3-24,-15.17,99.7,222,114.9,327,67.1,98,-.060,291,+1.75,122,104.3,110,102.6,149,-2.92,230,,A10,67.1,98,99.7,222,47.7,239,20.4,118,29.0,272,28.5,321,114.9,327,52.4,286,17.0,329,37.5,324,39.7,240,67.1,98,67.6,146,99.7,222,97.7,235,114.9,327,115.2,333,2006,0.1635825820128963,3,24,0.1111111111111111,27
272,East Carolina,CUSA,8-20,-10.62,95.6,282,106.3,228,63.3,250,-.031,242,-1.39,189,100.4,261,101.8,123,-2.39,221,,CUSA,63.3,250,95.6,282,44.1,324,22.8,251,32.1,173,41.9,32,106.3,228,49.6,163,21.6,133,32.1,160,44.7,302,63.3,250,64.6,260,95.6,282,92.6,303,106.3,228,102.5,183,2006,0.22792530219403812,8,20,0.2857142857142857,28
220,East Tennessee St.,ASun,15-13,-5.73,99.7,224,105.4,206,73.0,4,-.066,300,-11.41,329,98.8,294,110.2,334,-3.36,243,,ASun,73.0,4,99.7,224,51.6,78,21.2,162,36.4,44,33.7,231,105.4,206,51.0,233,23.4,59,35.2,274,29.9,48,73.0,4,76.5,2,99.7,224,105.5,90,105.4,206,100.6,139,2006,0.3453900893072722,15,13,0.5357142857142857,28
314,Eastern Illinois,OVC,6-21,-16.96,92.1,313,109.0,272,61.1,304,-.022,216,-5.19,256,102.0,209,107.1,313,-1.26,187,,OVC,61.1,304,92.1,313,46.9,269,22.8,245,29.6,254,27.8,326,109.0,272,50.0,185,19.8,253,34.1,238,37.7,205,61.1,304,62.5,307,92.1,313,93.7,292,109.0,272,107.6,292,2006,0.1259295012479019,6,21,0.2222222222222222,27
261,Eastern Kentucky,OVC,14-16,-8.90,105.0,131,113.9,322,63.2,254,+.042,67,-4.44,244,102.0,206,106.5,297,+2.97,77,,OVC,63.2,254,105.0,131,53.3,34,19.8,89,29.2,267,33.5,234,113.9,322,54.6,325,20.4,215,36.6,308,27.0,16,63.2,254,65.0,251,105.0,131,106.3,75,113.9,322,112.0,325,2006,0.281780672059206,14,16,0.4666666666666667,30
264,Eastern Michigan,MAC,7-21,-9.34,100.0,218,109.4,283,65.4,160,-.041,265,-1.52,191,101.9,212,103.4,166,-3.00,232,,MAC,65.4,160,100.0,218,51.1,92,25.6,324,31.8,180,41.2,48,109.4,283,53.9,314,21.5,140,32.3,174,37.4,197,65.4,160,66.0,212,100.0,218,98.7,219,109.4,283,108.0,298,2006,0.2624703638461664,7,21,0.25,28
148,Eastern Washington,BSky,15-15,+0.73,106.7,101,106.0,218,65.7,139,-.006,182,+0.71,142,104.8,95,104.0,183,+4.19,57,,BSky,65.7,139,106.7,101,53.3,31,22.3,227,32.2,170,41.1,51,106.0,218,52.3,280,20.2,227,32.8,196,35.2,147,65.7,139,69.6,75,106.7,101,105.5,91,106.0,218,106.1,260,2006,0.5189144045184576,15,15,0.5,30
227,Elon,SC,15-14,-6.23,97.6,251,103.8,183,64.0,231,+.076,27,-2.22,201,103.0,167,105.2,241,+6.26,39,,SC,64.0,231,97.6,251,49.1,174,22.8,252,29.0,271,38.3,105,103.8,183,49.7,165,19.4,269,30.6,89,37.1,191,64.0,231,65.8,218,97.6,251,97.1,242,103.8,183,103.1,197,2006,0.32998177472326823,15,14,0.5172413793103449,29
188,Evansville,MVC,10-19,-2.42,100.4,208,102.9,164,67.4,91,+.046,62,+4.64,81,103.7,140,99.0,34,-5.90,290,,MVC,67.4,91,100.4,208,48.4,212,23.9,285,25.6,315,38.9,93,102.9,164,48.6,127,19.9,246,33.9,230,39.7,239,67.4,91,68.6,110,100.4,208,94.6,286,102.9,164,103.0,196,2006,0.42975580993673024,10,19,0.3448275862068966,29
274,FIU,SB,8-20,-10.88,89.6,326,100.5,121,65.7,141,+.009,145,+0.00,161,104.4,105,104.4,202,+3.21,71,,SB,65.7,141,89.6,326,46.4,284,25.4,319,28.8,281,39.8,73,100.5,121,47.7,82,21.7,126,32.5,183,49.4,327,65.7,141,67.9,135,89.6,326,88.4,325,100.5,121,100.9,148,2006,0.21078041487839685,8,20,0.2857142857142857,28
225,Fairfield,MAAC,9-19,-6.12,106.4,109,112.5,312,65.5,158,+.034,84,+1.45,130,105.5,68,104.1,186,+4.71,54,,MAAC,65.5,158,106.4,109,49.5,162,16.8,6,28.1,289,30.3,306,112.5,312,56.0,331,20.4,212,35.3,276,43.3,281,65.5,158,67.8,136,106.4,109,105.1,99,112.5,312,114.7,332,2006,0.344998396512357,9,19,0.32142857142857145,28
173,Fairleigh Dickinson,NEC,20-12,-1.05,101.5,193,102.5,154,69.1,46,+.037,77,-5.56,264,99.8,273,105.3,249,+4.12,59,10,NEC,69.1,46,101.5,193,51.0,99,20.0,96,31.2,204,34.0,226,102.5,154,47.3,73,20.1,231,32.2,169,29.7,46,69.1,46,70.9,47,101.5,193,102.2,153,102.5,154,99.0,102,2006,0.4718433199188436,20,12,0.625,32
1,Florida,SEC,33-6,+28.28,117.9,3,89.7,7,66.9,102,-.011,194,+8.35,24,107.7,24,99.3,47,-8.46,320,3,SEC,66.9,102,117.9,3,56.9,2,20.7,141,34.5,88,40.7,58,89.7,7,45.0,16,22.4,91,30.9,108,29.4,42,66.9,102,68.3,120,117.9,3,114.0,2,89.7,7,92.7,22,2006,0.9586601395291078,33,6,0.8461538461538461,39
291,Florida A&M,MEAC,14-17,-13.66,97.8,247,111.5,308,66.7,109,+.058,44,-8.95,315,95.6,328,104.6,206,+9.14,18,,MEAC,66.7,109,97.8,247,47.8,234,25.6,325,35.2,69,43.4,17,111.5,308,52.0,269,23.5,55,35.5,284,30.6,60,66.7,109,68.8,106,97.8,247,96.2,255,111.5,308,104.0,224,2006,0.18128730053594264,14,17,0.45161290322580644,31
245,Florida Atlantic,ASun,15-13,-7.80,102.4,180,110.2,291,65.0,178,+.013,134,-9.93,323,98.9,292,108.9,328,-1.06,180,,ASun,65.0,178,102.4,180,54.3,14,21.5,180,33.7,119,32.2,273,110.2,291,55.0,328,23.8,42,30.6,93,32.7,89,65.0,178,67.8,137,102.4,180,106.8,65,110.2,291,105.7,252,2006,0.3006473544019528,15,13,0.5357142857142857,28
38,Florida St.,ACC,20-10,+15.01,110.1,54,95.1,44,68.3,62,-.033,250,+5.43,74,106.0,60,100.6,86,-11.70,330,2,ACC,68.3,62,110.1,54,53.4,27,22.2,223,34.0,105,42.8,21,95.1,44,49.8,177,24.9,20,31.3,126,34.6,136,68.3,62,70.8,49,110.1,54,106.7,66,95.1,44,96.6,55,2006,0.8434718751472672,20,10,0.6666666666666666,30
127,Fordham,A10,16-16,+4.12,107.6,84,103.5,178,62.7,266,-.014,200,+2.41,106,103.8,132,101.4,109,+2.91,79,,A10,62.7,266,107.6,84,49.6,156,19.2,55,32.2,172,36.5,151,103.5,178,48.3,111,18.7,305,35.0,270,30.4,58,62.7,266,63.6,289,107.6,84,104.2,126,103.5,178,103.4,203,2006,0.609869547928156,16,16,0.5,32
137,Fresno St.,WAC,15-13,+2.78,105.6,120,102.8,163,69.2,39,+.039,71,+2.30,108,103.8,135,101.5,111,+1.09,125,,WAC,69.2,39,105.6,120,48.7,200,18.6,30,28.5,286,32.7,257,102.8,163,50.9,225,21.8,124,32.7,190,31.2,68,69.2,39,71.1,45,105.6,120,102.7,147,102.8,163,102.9,193,2006,0.5766508479193274,15,13,0.5357142857142857,28
224,Furman,SC,15-13,-6.04,102.6,174,108.7,270,62.6,272,-.016,208,-6.21,275,100.6,253,106.8,305,-3.91,254,,SC,62.6,272,102.6,174,52.5,51,21.6,182,30.6,221,32.9,251,108.7,270,51.0,231,19.3,279,31.3,124,30.8,62,62.6,272,65.3,235,102.6,174,105.2,97,108.7,270,105.4,249,2006,0.33980363519208456,15,13,0.5357142857142857,28
263,Gardner Webb,ASun,17-12,-9.19,100.4,209,109.6,286,62.7,265,+.159,2,-7.38,294,100.4,258,107.8,324,+9.37,14,,ASun,62.7,265,100.4,209,51.8,68,23.1,258,33.6,120,27.9,325,109.6,286,50.3,200,18.8,297,34.7,263,34.1,126,62.7,265,66.8,178,100.4,209,102.8,146,109.6,286,106.4,268,2006,0.2673196432219065,17,12,0.5862068965517241,29
22,George Mason,CAA,27-8,+18.16,109.7,66,91.5,13,62.6,269,+.017,121,+4.11,88,105.3,77,101.2,101,+2.16,92,11,CAA,62.6,269,109.7,66,53.7,24,19.5,72,30.3,233,34.7,203,91.5,13,44.4,10,20.3,219,30.3,79,27.0,17,62.6,269,64.3,268,109.7,66,106.7,67,91.5,13,92.2,14,2006,0.8895565586087871,27,8,0.7714285714285715,35
43,George Washington,A10,27-3,+14.67,110.3,52,95.6,48,71.2,12,+.106,7,-1.23,184,101.1,237,102.4,139,-15.01,333,8,A10,71.2,12,110.3,52,51.6,79,19.2,52,37.1,33,41.6,40,95.6,48,48.0,96,24.1,34,30.5,85,35.7,162,71.2,12,71.2,41,110.3,52,109.1,38,95.6,48,93.4,26,2006,0.838194845050705,27,3,0.9,30
13,Georgetown,BE,23-10,+21.29,116.5,9,95.2,46,57.8,329,-.026,226,+9.58,11,108.1,14,98.5,22,-1.83,208,7,BE,57.8,329,116.5,9,53.4,28,18.8,37,35.2,70,32.0,277,95.2,46,48.2,104,20.2,226,28.8,38,27.3,23,57.8,329,58.9,328,116.5,9,111.2,13,95.2,46,99.3,109,2006,0.9106811520119239,23,10,0.696969696969697,33
107,Georgia,SEC,15-15,+6.33,103.4,163,97.0,69,68.5,56,+.025,104,+8.34,25,108.3,8,100.0,66,-3.35,242,,SEC,68.5,56,103.4,163,48.9,184,21.6,188,33.8,109,30.4,305,97.0,69,50.7,213,24.2,32,34.2,242,39.9,241,68.5,56,70.4,54,103.4,163,99.4,201,97.0,69,100.6,140,2006,0.6758535106422411,15,15,0.5,30
161,Georgia Southern,SC,20-10,-0.43,101.2,196,101.6,141,72.2,6,+.077,25,-5.88,271,100.5,254,106.4,294,-3.48,247,10,SC,72.2,6,101.2,196,50.3,122,21.3,166,31.7,181,31.0,298,101.6,141,48.5,118,23.9,41,32.7,191,41.3,262,72.2,6,74.1,9,101.2,196,102.3,152,101.6,141,98.4,89,2006,0.4886607070152686,20,10,0.6666666666666666,30
219,Georgia St.,CAA,7-22,-5.62,102.3,181,107.9,258,63.6,245,-.104,323,+2.48,105,103.8,134,101.3,103,+0.52,141,,CAA,63.6,245,102.3,181,47.7,242,20.7,139,30.0,240,34.9,200,107.9,258,51.2,238,19.8,247,36.6,309,38.9,224,63.6,245,65.6,226,102.3,181,98.7,221,107.9,258,108.1,299,2006,0.35139913985953725,7,22,0.2413793103448276,29
103,Georgia Tech,ACC,11-17,+6.66,104.8,136,98.1,85,68.4,61,-.097,321,+7.75,37,108.0,19,100.2,74,-6.34,296,,ACC,68.4,61,104.8,136,50.8,107,24.6,308,37.5,27,35.5,185,98.1,85,49.4,153,21.1,173,30.8,100,45.2,306,68.4,61,71.0,46,104.8,136,100.7,181,98.1,85,101.2,156,2006,0.6813024198632027,11,17,0.39285714285714285,28
33,Gonzaga,WCC,29-4,+15.64,119.1,2,103.5,174,66.3,121,+.036,79,+4.38,84,104.4,104,100.0,69,+7.98,25,3,WCC,66.3,121,119.1,2,52.3,55,17.7,16,33.7,115,45.4,6,103.5,174,49.4,156,18.4,312,31.2,121,32.0,76,66.3,121,68.9,100,119.1,2,114.4,1,103.5,174,103.9,222,2006,0.8340361055472335,29,4,0.8787878787878788,33
305,Grambling St.,SWAC,14-13,-15.70,91.7,315,107.4,246,67.6,81,+.136,3,-11.50,331,93.6,333,105.1,233,+8.92,20,,SWAC,67.6,81,91.7,315,44.9,312,21.3,167,31.8,179,31.3,293,107.4,246,48.9,131,21.5,139,32.4,176,51.4,330,67.6,81,70.5,52,91.7,315,93.2,300,107.4,246,98.9,101,2006,0.13974196953754328,14,13,0.5185185185185185,27
193,Green Bay,Horz,15-16,-3.06,102.8,170,105.8,217,63.1,257,+.056,48,-0.04,162,104.2,117,104.2,194,-0.53,165,,Horz,63.1,257,102.8,170,49.0,181,20.1,99,31.4,195,31.4,289,105.8,217,50.8,221,18.5,308,32.1,164,33.2,97,63.1,257,63.7,288,102.8,170,101.5,168,105.8,217,106.7,273,2006,0.4180461262286998,15,16,0.4838709677419355,31
271,Hampton,MEAC,16-16,-10.40,91.9,314,102.3,151,68.5,55,-.057,289,-14.27,334,93.3,334,107.6,322,-8.98,321,16,MEAC,68.5,55,91.9,314,46.2,287,22.9,254,34.6,82,36.8,145,102.3,151,44.7,12,21.7,127,27.8,20,49.1,326,68.5,55,69.4,81,91.9,314,95.5,274,102.3,151,92.1,12,2006,0.22567436559670379,16,16,0.5,32
241,Hartford,AE,13-15,-7.45,101.6,191,109.1,273,65.1,174,-.026,228,-7.53,297,97.8,311,105.3,250,-5.95,292,,AE,65.1,174,101.6,191,48.8,187,23.7,281,41.2,4,34.6,207,109.1,273,49.8,168,21.1,174,32.1,165,37.1,190,65.1,174,65.5,228,101.6,191,101.9,162,109.1,273,102.9,192,2006,0.30596628720557356,13,15,0.4642857142857143,28
255,Harvard,Ivy,13-14,-8.51,96.8,269,105.3,204,69.1,43,+.016,127,-7.25,293,98.2,306,105.4,253,-4.13,259,,Ivy,69.1,43,96.8,269,46.1,293,24.0,290,34.3,94,41.7,37,105.3,204,51.3,241,23.3,60,31.4,129,30.1,52,69.1,43,68.9,98,96.8,269,96.9,245,105.3,204,98.8,97,2006,0.27529650422238655,13,14,0.48148148148148145,27
98,Hawaii,WAC,17-11,+7.10,106.9,98,99.8,111,62.4,277,-.024,220,+1.78,121,102.8,172,101.0,95,+0.46,142,,WAC,62.4,277,106.9,98,50.8,106,20.3,115,33.3,134,34.7,204,99.8,111,45.6,31,18.8,294,34.7,262,31.1,66,62.4,277,65.1,246,106.9,98,103.7,135,99.8,111,98.8,93,2006,0.6879053608632592,17,11,0.6071428571428571,28
213,High Point,BSth,16-13,-5.21,100.8,205,106.0,221,70.4,20,+.041,69,-5.22,257,101.3,229,106.6,298,-1.57,199,,BSth,70.4,20,100.8,205,51.8,71,22.0,203,29.9,245,33.2,247,106.0,221,50.6,211,22.3,93,32.6,185,39.1,226,70.4,20,71.7,31,100.8,205,102.1,156,106.0,221,103.4,202,2006,0.35928737160835983,16,13,0.5517241379310345,29
63,Hofstra,CAA,26-7,+11.72,111.3,41,99.6,108,66.2,124,+.097,12,+2.10,115,102.7,179,100.6,89,-3.98,256,3,CAA,66.2,124,111.3,41,51.7,75,19.6,79,33.7,114,35.8,171,99.6,108,48.0,98,20.9,184,31.2,119,33.7,111,66.2,124,66.8,177,111.3,41,107.3,59,99.6,108,98.6,91,2006,0.7819849806383596,26,7,0.7878787878787878,33
129,Holy Cross,Pat,20-12,+4.06,100.3,211,96.3,53,64.7,198,+.002,165,-4.47,246,99.2,286,103.7,175,+1.79,107,,Pat,64.7,198,100.3,211,48.4,213,23.1,259,33.8,111,40.0,68,96.3,53,45.3,22,23.7,44,27.0,14,41.7,269,64.7,198,66.3,195,100.3,211,99.2,203,96.3,53,90.6,7,2006,0.6149149687790894,20,12,0.625,32
75,Houston,CUSA,21-10,+10.21,103.5,160,93.3,23,67.5,87,-.014,201,+1.61,125,102.6,181,101.0,94,+2.22,90,3,CUSA,67.5,87,103.5,160,47.5,246,18.4,24,29.9,244,33.0,249,93.3,23,47.3,74,28.6,2,36.9,312,44.4,299,67.5,87,69.5,76,103.5,160,100.2,189,93.3,23,92.4,15,2006,0.767302591997042,21,10,0.6774193548387096,31
315,Howard,MEAC,7-22,-17.28,93.6,300,110.9,298,66.1,131,-.086,312,-10.81,327,95.8,327,106.6,299,+1.46,120,,MEAC,66.1,131,93.6,300,47.8,233,23.3,268,29.2,265,34.4,211,110.9,298,52.9,297,25.2,14,37.4,322,43.6,289,66.1,131,67.9,134,93.6,300,95.4,275,110.9,298,104.1,225,2006,0.12451161556361015,7,22,0.2413793103448276,29
276,IPFW,ind,10-18,-11.07,97.0,265,108.0,259,62.8,261,-.004,177,-1.56,192,102.4,195,103.9,181,+5.14,47,,ind,62.8,261,97.0,265,47.6,243,20.5,126,24.3,322,26.7,330,108.0,259,52.4,283,20.4,213,32.1,168,35.4,154,62.8,261,65.3,236,97.0,265,95.7,270,108.0,259,107.1,281,2006,0.2252494138202066,10,18,0.35714285714285715,28
178,IUPUI,MCon,19-10,-1.73,105.4,124,107.2,242,60.8,310,+.064,40,-5.50,262,101.9,210,107.4,316,+2.16,93,,MCon,60.8,310,105.4,124,50.2,124,17.6,12,30.5,227,40.5,62,107.2,242,52.3,278,21.4,147,32.5,181,36.6,178,60.8,310,63.2,298,105.4,124,108.1,47,107.2,242,104.8,233,2006,0.4514691340569689,19,10,0.6551724137931034,29
289,Idaho,WAC,4-25,-13.12,97.8,249,110.9,297,61.6,299,-.064,296,+4.16,87,105.2,82,101.0,93,+1.47,119,,WAC,61.6,299,97.8,249,45.3,305,20.1,102,28.9,276,28.7,319,110.9,297,54.8,326,21.3,160,36.4,305,36.7,180,61.6,299,64.2,274,97.8,249,92.7,301,110.9,297,112.6,329,2006,0.19067970824765662,4,25,0.13793103448275862,29
200,Idaho St.,BSky,13-14,-3.52,104.6,138,108.2,263,71.0,15,-.015,205,-2.73,210,102.4,190,105.2,237,-4.65,271,,BSky,71.0,15,104.6,138,51.6,76,22.0,200,33.0,144,42.2,29,108.2,263,48.4,115,17.7,321,33.9,234,35.6,161,71.0,15,72.8,16,104.6,138,104.8,107,108.2,263,106.5,272,2006,0.4039255804772441,13,14,0.48148148148148145,27
9,Illinois,B10,26-7,+23.20,114.5,18,91.3,12,62.1,283,-.019,212,+6.77,50,106.4,49,99.6,55,-4.52,268,4,B10,62.1,283,114.5,18,52.3,59,18.6,29,37.3,30,31.4,291,91.3,12,45.6,30,21.6,132,26.2,5,37.1,192,62.1,283,63.7,287,114.5,18,109.9,29,91.3,12,92.7,21,2006,0.9311106423245511,26,7,0.7878787878787878,33
170,Illinois Chicago,Horz,16-15,-0.95,105.4,125,106.4,231,63.9,235,+.088,16,+0.59,146,104.1,121,103.6,170,+3.32,67,,Horz,63.9,235,105.4,125,47.9,230,20.2,110,37.9,24,38.0,110,106.4,231,51.1,234,18.7,304,32.7,192,26.9,15,63.9,235,64.5,264,105.4,125,103.4,141,106.4,231,106.1,257,2006,0.4728781930535895,16,15,0.5161290322580645,31
169,Illinois St.,MVC,9-19,-0.89,92.8,308,93.6,27,61.2,303,-.095,318,+4.49,82,103.8,131,99.3,48,-6.25,295,,MVC,61.2,303,92.8,308,46.6,278,25.0,315,27.1,300,27.3,328,93.6,27,45.8,35,23.4,58,29.9,67,37.7,204,61.2,303,62.9,302,92.8,308,87.7,327,93.6,27,93.6,27,2006,0.4753417566778297,9,19,0.32142857142857145,28
34,Indiana,B10,19-12,+15.53,110.0,58,94.4,33,66.5,118,-.012,197,+9.77,10,108.8,1,99.0,32,+2.17,91,6,B10,66.5,118,110.0,58,54.0,20,20.7,137,29.9,246,30.2,308,94.4,33,48.6,125,21.2,169,28.8,40,34.1,124,66.5,118,67.8,139,110.0,58,105.9,83,94.4,33,99.2,108,2006,0.8530595387877038,19,12,0.6129032258064516,31
179,Indiana St.,MVC,13-16,-1.77,101.1,197,102.9,165,64.7,195,+.101,11,+5.35,75,104.4,107,99.0,33,-5.81,289,,MVC,64.7,195,101.1,197,47.3,251,19.8,87,25.7,313,32.3,267,102.9,165,52.4,285,21.9,114,33.8,228,30.2,54,64.7,195,65.3,238,101.1,197,95.8,268,102.9,165,104.1,227,2006,0.4494368167224549,13,16,0.4482758620689655,29
65,Iona,MAAC,23-8,+11.33,109.7,65,98.4,90,69.6,34,+.024,105,+0.66,145,106.0,61,105.3,247,+3.83,61,13,MAAC,69.6,34,109.7,65,53.4,30,20.5,127,36.2,49,40.7,57,98.4,90,48.7,128,22.1,103,31.9,153,34.0,120,69.6,34,72.1,27,109.7,65,110.6,21,98.4,90,100.1,129,2006,0.7773255622070413,23,8,0.7419354838709677,31
21,Iowa,B10,25-9,+18.22,103.8,154,85.6,1,64.7,194,+.046,59,+7.86,33,107.7,23,99.9,64,-0.77,173,3,B10,64.7,194,103.8,154,48.5,207,22.0,207,30.5,223,39.0,89,85.6,1,43.5,5,21.3,163,27.5,17,26.4,14,64.7,194,66.1,205,103.8,154,98.9,211,85.6,1,88.1,1,2006,0.9017638059213509,25,9,0.7352941176470589,34
76,Iowa St.,B12,16-14,+10.03,111.2,44,101.2,132,69.8,30,-.052,285,+6.75,51,105.6,66,98.8,30,+1.77,108,,B12,69.8,30,111.2,44,50.4,119,18.3,21,31.6,186,28.5,320,101.2,132,53.1,300,25.9,10,36.2,298,45.6,310,69.8,30,71.6,34,111.2,44,105.7,85,101.2,132,102.6,185,2006,0.7471866757744532,16,14,0.5333333333333333,30
269,Jackson St.,SWAC,15-17,-10.25,95.7,279,106.0,220,70.3,21,+.008,147,-9.43,319,95.8,325,105.2,244,+3.35,66,,SWAC,70.3,21,95.7,279,46.1,289,20.2,109,28.0,290,35.8,173,106.0,220,47.7,84,22.9,75,36.4,303,43.8,292,70.3,21,73.8,11,95.7,279,95.9,261,106.0,220,98.8,96,2006,0.23585521668792803,15,17,0.46875,32
329,Jacksonville,ASun,1-26,-22.53,93.2,302,115.7,330,72.1,8,-.084,311,-6.87,289,100.7,246,107.6,321,+7.28,29,,ASun,72.1,8,93.2,302,48.7,197,23.9,284,30.4,228,35.6,178,115.7,330,54.2,317,20.1,236,35.3,275,45.4,309,72.1,8,75.8,4,93.2,302,95.6,273,115.7,330,112.4,328,2006,0.07678105448100854,1,26,0.037037037037037035,27
205,Jacksonville St.,OVC,16-13,-4.40,106.6,104,111.0,299,70.0,24,+.033,86,-5.74,268,101.3,231,107.0,311,+1.05,126,,OVC,70.0,24,106.6,104,52.8,43,19.7,84,33.0,144,37.6,123,111.0,299,54.4,322,21.7,131,34.4,250,40.7,258,70.0,24,69.8,68,106.6,104,108.9,39,111.0,299,108.7,302,2006,0.3857679109692322,16,13,0.5517241379310345,29
311,James Madison,CAA,5-23,-16.74,96.5,273,113.2,317,66.2,126,+.013,136,+0.88,138,103.4,153,102.5,147,-4.13,260,,CAA,66.2,126,96.5,273,45.4,304,23.5,273,36.3,47,32.9,250,113.2,317,54.6,324,18.9,288,32.8,193,43.6,285,66.2,126,68.4,118,96.5,273,93.4,293,113.2,317,113.2,331,2006,0.13757828127977703,5,23,0.17857142857142858,28
8,Kansas,B12,25-8,+23.22,110.4,50,87.2,2,67.7,75,-.043,271,+6.03,64,106.0,63,99.9,65,-1.11,182,4,B12,67.7,75,110.4,50,52.5,53,22.2,216,37.3,31,35.3,193,87.2,2,42.9,2,23.8,43,31.3,128,31.8,75,67.7,75,69.6,72,110.4,50,106.2,78,87.2,2,88.3,2,2006,0.9377845420105608,25,8,0.7575757575757576,33
77,Kansas St.,B12,15-13,+9.59,105.9,117,96.3,54,63.1,258,-.097,320,+3.77,94,105.2,81,101.4,108,-6.05,294,,B12,63.1,258,105.9,117,48.4,214,22.1,212,37.4,28,38.7,97,96.3,54,45.7,33,21.3,154,33.3,209,33.1,96,63.1,258,65.9,215,105.9,117,102.9,145,96.3,54,96.9,58,2006,0.748910444394926,15,13,0.5357142857142857,28
308,Kennesaw St.,ASun,12-17,-16.02,97.8,248,113.8,321,65.3,161,+.066,35,-8.91,313,99.7,276,108.6,327,+2.04,97,,ASun,65.3,161,97.8,248,47.8,237,19.3,57,29.9,243,34.9,201,113.8,321,55.6,329,24.8,22,40.9,333,38.3,217,65.3,161,68.8,104,97.8,248,101.3,175,113.8,321,110.3,314,2006,0.14900119941298534,12,17,0.41379310344827586,29
70,Kent St.,MAC,25-9,+10.54,108.3,77,97.8,82,65.7,142,+.017,123,+0.67,144,103.2,165,102.5,142,-1.52,198,12,MAC,65.7,142,108.3,77,50.5,114,19.2,54,31.4,198,39.9,69,97.8,82,50.4,206,23.7,47,25.1,2,41.7,270,65.7,142,66.5,188,108.3,77,106.3,74,97.8,82,97.3,62,2006,0.7636465388113762,25,9,0.7352941176470589,34
24,Kentucky,SEC,22-13,+17.13,114.4,19,97.3,75,64.1,228,-.001,173,+10.02,9,108.2,12,98.2,12,+3.02,74,8,SEC,64.1,228,114.4,19,51.3,88,19.4,64,35.9,59,29.8,315,97.3,75,48.3,109,20.0,240,32.7,188,32.4,82,64.1,228,65.9,216,114.4,19,107.8,52,97.3,75,100.5,138,2006,0.8655152322547978,22,13,0.6285714285714286,35
282,LIU Brooklyn,NEC,12-16,-11.97,97.1,258,109.1,274,67.5,84,+.048,54,-7.47,295,99.2,287,106.7,301,-7.36,311,,NEC,67.5,84,97.1,258,48.5,208,20.7,140,29.4,261,34.1,225,109.1,274,52.5,288,21.5,141,33.1,205,36.4,172,67.5,84,68.9,97,97.1,258,99.3,202,109.1,274,105.2,242,2006,0.2075066953002253,12,16,0.42857142857142855,28
11,LSU,SEC,27-9,+22.00,109.8,62,87.8,3,67.5,90,+.008,146,+10.68,3,108.3,10,97.6,6,+1.75,109,4,SEC,67.5,90,109.8,62,50.1,131,21.8,195,38.4,18,37.6,124,87.8,3,45.7,32,21.0,178,28.6,35,24.0,4,67.5,90,69.4,84,109.8,62,104.4,117,87.8,3,92.7,20,2006,0.9289973593007645,27,9,0.75,36
95,La Salle,A10,18-10,+7.44,107.3,90,99.8,112,64.3,217,+.036,80,+0.34,151,102.8,170,102.5,144,-3.57,248,,A10,64.3,217,107.3,90,50.5,117,20.6,134,34.6,83,33.4,240,99.8,112,46.2,47,19.3,273,32.0,155,32.6,87,64.3,217,65.0,252,107.3,90,104.5,114,99.8,112,98.7,92,2006,0.6970512657303525,18,10,0.6428571428571429,28
292,Lafayette,Pat,11-17,-13.77,97.5,254,111.3,304,67.9,71,+.023,109,-4.42,242,99.5,281,103.9,180,+0.69,138,,Pat,67.9,71,97.5,254,48.8,195,23.5,274,25.1,320,34.7,205,111.3,304,54.3,319,23.2,66,36.3,302,32.8,92,67.9,71,67.8,138,97.5,254,95.9,265,111.3,304,106.7,274,2006,0.17911806502435654,11,17,0.39285714285714285,28
206,Lamar,Slnd,17-14,-4.44,103.7,157,108.1,262,72.2,7,+.005,155,-5.79,270,100.1,269,105.9,270,-3.27,239,,Slnd,72.2,7,103.7,157,49.9,139,18.9,43,30.8,215,39.3,82,108.1,262,49.4,158,20.3,218,36.5,307,33.5,107,72.2,7,74.8,7,103.7,157,104.7,109,108.1,262,104.0,223,2006,0.38275332773357335,17,14,0.5483870967741935,31
192,Lehigh,Pat,19-12,-3.05,96.8,271,99.8,110,63.7,243,+.065,37,-6.77,283,98.2,305,105.0,224,-4.09,258,,Pat,63.7,243,96.8,271,47.4,250,22.6,235,29.5,257,38.6,98,99.8,110,45.5,28,21.5,144,28.8,41,33.0,94,63.7,243,64.0,278,96.8,271,95.9,262,99.8,110,94.7,41,2006,0.4131414785077901,19,12,0.6129032258064516,31
323,Liberty,BSth,7-23,-20.15,91.2,320,111.3,306,65.0,179,+.004,159,-3.79,228,102.1,205,105.9,268,-0.69,167,,BSth,65.0,179,91.2,320,44.8,314,21.1,157,25.3,318,35.9,167,111.3,306,50.4,207,18.6,307,34.4,253,50.6,329,65.0,179,67.6,145,91.2,320,91.3,315,111.3,306,110.0,311,2006,0.09191237883125923,7,23,0.23333333333333334,30
177,Lipscomb,ASun,21-11,-1.63,100.2,217,101.8,147,64.6,201,+.011,141,-10.55,324,99.6,278,110.1,333,-4.20,263,10,ASun,64.6,201,100.2,217,50.9,101,21.5,181,33.8,110,34.4,213,101.8,147,48.6,126,20.9,180,29.4,53,34.5,132,64.6,201,68.3,122,100.2,217,105.4,92,101.8,147,97.9,81,2006,0.454580048716593,21,11,0.65625,32
145,Long Beach St.,BW,18-12,+1.54,107.6,83,106.1,224,74.1,2,+.027,100,-2.38,202,102.6,184,105.0,223,-2.24,218,,BW,74.1,2,107.6,83,51.7,74,19.2,51,32.1,174,35.3,190,106.1,224,51.1,236,21.6,136,37.0,317,35.9,167,74.1,2,75.6,5,107.6,83,107.8,53,106.1,224,105.1,240,2006,0.5402735444247717,18,12,0.6,30
312,Longwood,ind,10-20,-16.79,96.9,266,113.6,320,71.1,14,+.016,126,-7.16,292,98.4,300,105.5,259,-4.95,276,,ind,71.1,14,96.9,266,47.1,258,22.2,221,32.8,152,38.9,94,113.6,320,52.2,274,20.8,187,34.4,254,40.0,244,71.1,14,74.0,10,96.9,266,96.8,247,113.6,320,107.4,289,2006,0.13841159436388678,10,20,0.3333333333333333,30
153,Louisiana Lafayette,SB,13-16,+0.21,98.4,241,98.2,87,66.1,128,+.020,112,+2.14,114,104.0,125,101.9,127,+7.03,34,,SB,66.1,128,98.4,241,49.6,155,24.3,294,30.7,220,39.2,84,98.2,87,45.5,29,19.4,268,32.3,172,37.8,208,66.1,128,68.4,115,98.4,241,95.8,267,98.2,87,98.9,99,2006,0.5058491756615558,13,16,0.4482758620689655,29
283,Louisiana Monroe,Slnd,10-18,-12.19,92.8,307,105.0,200,64.8,192,+.014,132,-0.51,171,103.2,164,103.7,174,+10.08,12,,Slnd,64.8,192,92.8,307,45.9,297,23.5,276,28.9,277,32.0,276,105.0,200,50.4,209,21.2,170,37.0,315,35.3,148,64.8,192,68.6,109,92.8,307,91.4,312,105.0,200,105.0,237,2006,0.19459768187729445,10,18,0.35714285714285715,28
96,Louisiana Tech,WAC,20-13,+7.43,101.1,200,93.6,26,64.8,187,+.029,94,+3.38,95,104.0,126,100.6,88,+2.94,78,5,WAC,64.8,187,101.1,200,45.7,300,22.1,213,38.6,15,31.8,283,93.6,26,45.3,24,22.1,106,30.0,68,34.8,140,64.8,187,67.2,158,101.1,200,96.9,244,93.6,26,94.1,34,2006,0.7081502222220992,20,13,0.6060606060606061,33
46,Louisville,BE,21-13,+13.98,108.2,78,94.2,32,64.8,191,-.041,266,+6.11,62,106.8,42,100.7,91,-8.19,317,1,BE,64.8,191,108.2,78,50.0,134,19.7,80,32.4,163,35.0,199,94.2,32,46.8,56,21.1,172,32.0,154,37.4,196,64.8,191,65.9,213,108.2,78,105.2,95,94.2,32,97.4,65,2006,0.8311014493160988,21,13,0.6176470588235294,34
144,Loyola Chicago,Horz,19-11,+1.63,107.5,88,105.8,215,65.9,136,+.078,23,-0.77,177,103.6,149,104.3,199,-0.71,169,,Horz,65.9,136,107.5,88,50.4,121,19.4,65,33.0,148,35.9,166,105.8,215,50.0,183,19.2,280,33.5,216,32.1,77,65.9,136,66.3,199,107.5,88,107.0,61,105.8,215,105.7,251,2006,0.5457005385191878,19,11,0.6333333333333333,30
184,Loyola MD,MAAC,15-13,-2.13,105.3,128,107.4,247,68.8,48,+.076,28,-1.68,193,104.5,99,106.2,288,-4.41,266,,MAAC,68.8,48,105.3,128,52.1,60,21.0,152,35.4,64,31.6,286,107.4,247,53.1,301,20.9,182,32.4,175,41.6,266,68.8,48,71.8,29,105.3,128,106.7,68,107.4,247,108.4,301,2006,0.44347077697704806,15,13,0.5357142857142857,28
135,Loyola Marymount,WCC,12-18,+2.95,100.2,215,97.3,73,70.7,19,-.044,274,+4.05,89,106.2,51,102.2,135,+5.29,44,,WCC,70.7,19,100.2,215,45.9,298,20.6,131,32.8,151,38.8,96,97.3,73,50.7,216,23.1,69,30.4,80,39.9,242,70.7,19,73.4,12,100.2,215,97.4,238,97.3,73,99.9,125,2006,0.5836428455848884,12,18,0.4,30
293,Maine,AE,12-16,-13.93,95.3,287,109.2,277,65.4,159,+.029,96,-6.37,277,99.1,288,105.5,257,-5.41,286,,AE,65.4,159,95.3,287,48.0,228,22.2,219,23.9,323,32.4,262,109.2,277,49.0,133,18.3,314,33.8,227,31.5,71,65.4,159,66.1,207,95.3,287,95.1,278,109.2,277,104.2,228,2006,0.1728246216725517,12,16,0.42857142857142855,28
134,Manhattan,MAAC,20-11,+3.00,107.8,81,104.8,197,67.5,86,+.104,9,+0.87,139,105.2,80,104.4,201,+1.99,98,9,MAAC,67.5,86,107.8,81,51.1,93,17.7,15,31.4,201,40.4,63,104.8,197,48.6,123,20.7,197,34.3,248,46.3,312,67.5,86,70.3,55,107.8,81,107.8,51,104.8,197,106.3,263,2006,0.5804387341901135,20,11,0.6451612903225806,31
108,Marist,MAAC,19-10,+6.08,113.1,24,107.0,239,64.9,183,-.015,203,-1.06,182,104.1,122,105.2,240,-1.86,210,,MAAC,64.9,183,113.1,24,56.9,3,19.6,78,32.4,162,36.0,160,107.0,239,49.9,178,17.7,320,31.4,133,33.9,117,64.9,183,67.6,147,113.1,24,113.8,3,107.0,239,107.2,284,2006,0.6542109191600688,19,10,0.6551724137931034,29
36,Marquette,BE,20-11,+15.36,112.8,27,97.4,78,68.1,67,-.012,196,+8.82,20,108.6,3,99.8,61,-1.71,202,7,BE,68.1,67,112.8,27,52.5,49,20.9,147,33.1,141,30.7,302,97.4,78,47.5,80,20.1,232,35.6,287,34.1,123,68.1,67,68.8,107,112.8,27,107.5,56,97.4,78,101.3,158,2006,0.8439723471708662,20,11,0.6451612903225806,31
223,Marshall,CUSA,12-16,-6.02,98.1,245,104.1,189,65.2,167,+.034,85,-2.45,205,100.6,249,103.0,158,-5.28,281,,CUSA,65.2,167,98.1,245,46.3,285,23.2,261,35.0,75,36.0,159,104.1,189,48.2,106,21.3,164,35.0,268,33.4,102,65.2,167,67.2,154,98.1,245,96.3,254,104.1,189,100.9,149,2006,0.3356605172681735,12,16,0.42857142857142855,28
57,Maryland,ACC,19-13,+12.63,107.6,85,95.0,41,72.4,5,-.022,217,+8.02,30,107.8,22,99.8,62,-2.26,219,1,ACC,72.4,5,107.6,85,48.6,203,22.2,222,37.0,37,42.4,26,95.0,41,48.1,100,21.8,120,31.3,127,36.2,170,72.4,5,74.4,8,107.6,85,104.1,127,95.0,41,98.4,88,2006,0.8072521469659162,19,13,0.59375,32
325,Maryland Eastern Shore,MEAC,7-22,-21.28,90.7,324,112.0,311,69.6,33,+.007,150,-10.64,325,95.2,330,105.8,267,+0.41,144,,MEAC,69.6,33,90.7,324,44.8,315,23.6,277,31.7,182,36.1,158,112.0,311,50.7,214,21.5,146,37.0,316,34.7,139,69.6,33,71.3,39,90.7,324,90.2,321,112.0,311,103.3,200,2006,0.08122431092852851,7,22,0.2413793103448276,29
105,Massachusetts,A10,13-15,+6.48,101.1,199,94.6,36,65.5,155,-.069,305,+4.44,83,105.4,76,100.9,92,+4.85,52,,A10,65.5,155,101.1,199,48.9,182,25.1,316,37.8,25,39.1,88,94.6,36,45.9,36,19.7,263,31.0,111,32.4,85,65.5,155,66.1,208,101.1,199,98.3,222,94.6,36,96.2,53,2006,0.6822660906703121,13,15,0.4642857142857143,28
218,McNeese St.,Slnd,14-14,-5.56,97.9,246,103.5,176,70.0,25,+.026,103,-2.91,211,100.6,251,103.5,168,+5.51,43,,Slnd,70.0,25,97.9,246,46.6,277,22.4,228,34.5,85,37.5,126,103.5,176,53.9,315,26.2,8,30.7,98,48.6,325,70.0,25,72.6,21,97.9,246,97.2,239,103.5,176,100.7,144,2006,0.34531701963221323,14,14,0.5,28
6,Memphis,CUSA,33-4,+23.54,113.2,22,89.6,6,70.8,17,-.007,185,+3.89,91,103.9,128,100.0,68,+7.82,26,1,CUSA,70.8,17,113.2,22,51.2,91,21.0,150,40.7,6,39.4,79,89.6,6,42.6,1,23.3,63,30.0,69,43.6,288,70.8,17,73.2,14,113.2,22,109.2,37,89.6,6,89.3,5,2006,0.9363571343853182,33,4,0.8918918918918919,37
318,Mercer,ASun,9-19,-18.73,97.1,260,115.8,333,67.3,94,+.002,166,-11.04,328,98.3,302,109.3,332,-9.96,327,,ASun,67.3,94,97.1,260,49.3,167,20.1,98,31.5,192,32.2,271,115.8,333,51.8,261,16.6,332,34.3,247,29.0,39,67.3,94,71.4,37,97.1,260,101.9,163,115.8,333,111.5,321,2006,0.11656005485139187,9,19,0.32142857142857145,28
55,Miami FL,ACC,18-16,+12.71,111.2,43,98.5,91,61.0,305,-.039,260,+9.46,12,108.0,17,98.5,21,-3.68,249,3,ACC,61.0,305,111.2,43,49.3,168,18.9,44,36.5,43,33.2,245,98.5,91,48.4,114,21.7,129,32.3,173,40.5,253,61.0,305,63.3,295,111.2,43,106.0,82,98.5,91,101.8,167,2006,0.8013334062862744,18,16,0.5294117647058824,34
101,Miami OH,MAC,18-11,+6.89,104.3,144,97.5,79,60.0,318,+.019,119,+2.21,110,104.2,118,102.0,129,+6.80,38,7,MAC,60.0,318,104.3,144,52.1,61,21.4,176,26.3,307,32.2,269,97.5,79,47.6,81,19.3,274,25.9,3,34.8,141,60.0,318,61.0,321,104.3,144,101.8,165,97.5,79,97.8,78,2006,0.6846702278099912,18,11,0.6206896551724138,29
28,Michigan,B10,22-11,+15.98,113.1,23,97.2,71,67.0,101,+.012,139,+7.94,32,106.7,44,98.8,28,-0.97,177,1,B10,67.0,101,113.1,23,54.2,16,22.3,226,32.9,150,35.2,195,97.2,71,50.4,208,20.5,205,27.5,16,28.8,38,67.0,101,66.0,211,113.1,23,108.3,46,97.2,71,99.9,127,2006,0.8509750697754361,22,11,0.6666666666666666,33
27,Michigan St.,B10,22-12,+16.02,116.3,10,100.3,119,64.2,223,+.004,161,+8.89,19,106.4,48,97.5,3,-1.03,179,6,B10,64.2,223,116.3,10,53.0,39,20.6,132,33.5,122,36.6,149,100.3,119,49.8,171,18.9,292,28.6,34,32.8,91,64.2,223,65.4,231,116.3,10,110.1,27,100.3,119,102.9,191,2006,0.8458068116403215,22,12,0.6470588235294118,34
159,Middle Tennessee,SB,16-12,-0.22,105.0,130,105.3,203,64.4,212,+.065,36,-1.26,185,102.4,192,103.6,172,+1.91,101,,SB,64.4,212,105.0,130,49.5,160,20.8,144,33.3,131,39.9,70,105.3,203,51.7,256,21.9,115,29.7,57,41.0,260,64.4,212,66.8,175,105.0,130,103.6,138,105.3,203,104.1,226,2006,0.49179816244604674,16,12,0.5714285714285714,28
62,Milwaukee,Horz,22-9,+11.86,108.3,76,96.5,58,67.7,77,+.017,124,+1.54,128,104.9,90,103.4,164,+4.95,51,11,Horz,67.7,77,108.3,76,49.1,177,19.6,73,36.6,42,38.9,95,96.5,58,49.0,136,21.6,134,28.2,27,35.7,164,67.7,77,68.2,126,108.3,76,107.1,60,96.5,58,97.2,60,2006,0.7902883977589418,22,9,0.7096774193548387,31
82,Minnesota,B10,16-15,+9.34,104.4,142,95.1,43,64.2,224,-.016,206,+7.00,45,106.1,56,99.1,35,-5.16,279,4,B10,64.2,224,104.4,142,48.0,227,21.4,173,34.4,89,36.8,142,95.1,43,49.3,149,23.9,39,29.1,47,30.8,63,64.2,224,65.8,220,104.4,142,99.0,207,95.1,43,97.3,63,2006,0.7451590608927945,16,15,0.5161290322580645,31
147,Mississippi,SEC,14-16,+0.93,102.5,177,101.6,140,63.8,239,+.029,93,+4.72,80,105.4,75,100.7,90,-9.77,325,,SEC,63.8,239,102.5,177,49.5,159,23.6,279,34.3,95,34.3,217,101.6,140,50.1,191,23.0,71,33.6,222,38.1,215,63.8,239,65.8,224,102.5,177,98.2,225,101.6,140,102.8,189,2006,0.5253336702277587,14,16,0.4666666666666667,30
114,Mississippi St.,SEC,15-15,+5.53,102.9,168,97.3,76,66.7,113,+.027,98,+5.84,67,106.4,47,100.6,87,-4.37,265,,SEC,66.7,113,102.9,168,50.3,123,24.4,298,36.4,46,35.7,177,97.3,76,47.3,76,19.7,257,32.2,170,32.4,83,66.7,113,68.4,116,102.9,168,98.1,228,97.3,76,99.5,113,2006,0.6555497473355154,15,15,0.5,30
322,Mississippi Valley St.,SWAC,9-19,-20.03,93.9,297,113.9,323,61.0,307,+.060,41,-9.26,317,95.8,324,105.1,234,+7.76,27,,SWAC,61.0,307,93.9,297,47.4,248,23.8,283,34.7,81,35.7,176,113.9,323,52.9,299,20.5,208,32.7,189,38.6,219,61.0,307,64.5,265,93.9,297,94.1,291,113.9,323,108.4,300,2006,0.09792104412192791,9,19,0.32142857142857145,28
151,Missouri,B12,12-16,+0.28,103.9,151,103.7,182,64.6,204,+.034,83,+5.62,71,105.7,65,100.1,71,-4.98,278,,B12,64.6,204,103.9,151,48.3,216,23.2,263,35.4,65,36.2,153,103.7,182,51.5,249,21.4,151,35.8,291,31.2,67,64.6,204,66.8,174,103.9,151,98.9,215,103.7,182,104.8,232,2006,0.505539274114182,12,16,0.42857142857142855,28
35,Missouri St.,MVC,22-9,+15.52,111.0,46,95.5,47,68.6,51,+.039,72,+6.14,61,104.8,93,98.7,25,+1.80,106,2,MVC,68.6,51,111.0,46,50.7,109,20.2,111,34.2,98,38.6,100,95.5,47,46.3,49,22.6,81,31.2,123,35.6,159,68.6,51,69.7,70,111.0,46,106.2,77,95.5,47,95.9,49,2006,0.849367066234881,22,9,0.7096774193548387,31
164,Monmouth,NEC,19-15,-0.68,95.8,278,96.4,57,64.6,202,+.018,120,-3.55,221,101.2,235,104.7,215,+4.12,58,16,NEC,64.6,202,95.8,278,50.2,128,22.0,205,23.6,325,33.4,237,96.4,57,45.3,21,22.6,80,33.6,221,29.5,43,64.6,202,65.8,221,95.8,278,95.7,269,96.4,57,94.0,32,2006,0.48205759720949476,19,15,0.5588235294117647,34
87,Montana,BSky,24-7,+8.95,111.6,39,102.7,161,66.2,127,+.056,50,-0.62,173,103.6,146,104.2,193,-0.71,170,12,BSky,66.2,127,111.6,39,55.1,9,19.4,63,31.5,190,37.0,134,102.7,161,49.8,173,20.3,220,31.1,114,35.1,146,66.2,127,68.9,96,111.6,39,111.5,12,102.7,161,102.3,177,2006,0.7222706254915026,24,7,0.7741935483870968,31
214,Montana St.,BSky,15-15,-5.26,103.4,162,108.7,269,66.7,112,+.035,82,-3.89,231,102.2,202,106.1,275,-6.98,305,,BSky,66.7,112,103.4,162,53.3,35,20.6,136,30.2,234,35.5,184,108.7,269,51.6,252,18.8,298,31.2,118,37.9,210,66.7,112,69.4,82,103.4,162,104.6,110,108.7,269,107.0,278,2006,0.36011879735083135,15,15,0.5,30
328,Morehead St.,OVC,4-23,-21.58,91.1,321,112.7,314,63.9,234,-.068,304,-4.59,248,101.8,213,106.4,295,+1.69,113,,OVC,63.9,234,91.1,321,46.1,290,24.5,304,27.9,291,31.6,284,112.7,314,53.5,308,20.9,181,38.1,327,44.3,297,63.9,234,66.6,186,91.1,321,90.5,318,112.7,314,111.7,323,2006,0.07966747810390522,4,23,0.14814814814814814,27
333,Morgan St.,MEAC,4-26,-31.06,79.4,334,110.5,293,65.1,176,+.020,117,-8.67,312,97.1,319,105.8,266,+6.21,40,,MEAC,65.1,176,79.4,334,41.4,334,26.6,329,26.7,303,31.3,292,110.5,293,51.0,228,21.3,159,39.6,330,42.8,278,65.1,176,68.6,108,79.4,334,78.8,333,110.5,293,106.5,271,2006,0.021861006484737704,4,26,0.13333333333333333,30
242,Mount St. Mary's,NEC,13-17,-7.57,96.8,270,104.4,193,63.4,247,-.008,186,-5.99,272,100.4,260,106.4,292,-0.69,168,,NEC,63.4,247,96.8,270,46.7,272,20.4,120,29.8,250,34.2,219,104.4,193,50.2,194,23.7,45,34.3,246,44.0,295,63.4,247,65.5,227,96.8,270,98.2,226,104.4,193,100.9,152,2006,0.2954206191510807,13,17,0.43333333333333335,30
89,Murray St.,OVC,24-7,+8.56,104.5,140,96.0,51,63.2,256,+.010,143,-5.31,259,102.3,196,107.6,320,+4.32,55,14,OVC,63.2,256,104.5,140,51.3,85,18.8,39,36.4,45,31.1,297,96.0,51,44.9,14,21.8,122,30.3,78,38.5,218,63.2,256,64.7,257,104.5,140,108.4,43,96.0,51,94.4,36,2006,0.7262436563426108,24,7,0.7741935483870968,31
30,N.C. State,ACC,22-10,+15.92,112.5,32,96.6,60,64.4,216,+.013,135,+6.74,52,107.1,36,100.3,78,-7.99,316,10,ACC,64.4,216,112.5,32,55.0,10,19.6,74,26.0,310,39.8,72,96.6,60,46.3,48,20.0,239,32.5,182,33.6,108,64.4,216,66.8,176,112.5,32,109.3,35,96.6,60,98.9,98,2006,0.8522434860639957,22,10,0.6875,32
304,Navy,Pat,10-18,-15.56,93.7,299,109.2,278,69.8,32,-.030,240,-7.57,298,97.2,317,104.8,216,-9.24,322,,Pat,69.8,32,93.7,299,45.5,302,25.5,322,34.9,76,37.2,129,109.2,278,51.8,259,24.6,23,34.7,261,45.3,307,69.8,32,69.9,65,93.7,299,93.3,297,109.2,278,102.5,182,2006,0.1467336073477605,10,18,0.35714285714285715,28
111,Nebraska,B12,19-14,+5.84,102.9,167,97.1,70,64.6,209,+.057,46,+3.98,90,104.5,100,100.5,82,-9.69,324,6,B12,64.6,209,102.9,167,47.2,257,22.7,240,35.3,66,42.3,28,97.1,70,47.7,83,20.6,198,30.9,104,27.0,18,64.6,209,67.7,143,102.9,167,98.7,218,97.1,70,97.6,71,2006,0.6608730127688527,19,14,0.5757575757575758,33
37,Nevada,WAC,27-6,+15.22,110.0,57,94.8,39,65.8,137,+.024,107,+1.90,119,103.6,143,101.7,122,+3.89,60,5,WAC,65.8,137,110.0,57,50.0,134,18.8,38,34.9,77,35.9,164,94.8,39,44.7,11,19.7,261,30.2,74,30.0,49,65.8,137,67.3,153,110.0,57,107.0,62,94.8,39,94.1,33,2006,0.846859110864095,27,6,0.8181818181818182,33
277,New Hampshire,AE,12-17,-11.16,98.2,244,109.3,279,58.7,325,+.065,39,-5.32,260,100.4,259,105.7,262,-1.50,197,,AE,58.7,325,98.2,244,50.0,133,22.7,239,25.1,319,33.4,238,109.3,279,50.1,193,19.9,244,34.5,255,34.9,143,58.7,325,60.1,325,98.2,244,97.9,233,109.3,279,106.3,262,2006,0.22591251612010452,12,17,0.41379310344827586,29
115,New Mexico,MWC,17-13,+5.30,105.4,123,100.1,117,60.2,314,-.003,175,+1.91,118,103.9,129,102.0,130,-2.75,225,,MWC,60.2,314,105.4,123,51.9,65,19.3,59,26.2,308,36.1,157,100.1,117,49.8,169,22.4,89,29.8,58,33.4,99,60.2,314,62.1,311,105.4,123,103.4,142,100.1,117,99.8,123,2006,0.6441262977708401,17,13,0.5666666666666667,30
126,New Mexico St.,WAC,16-14,+4.23,105.6,121,101.4,135,66.9,103,+.044,63,+3.88,92,104.3,108,100.5,80,+3.50,65,,WAC,66.9,103,105.6,121,50.5,118,23.4,271,31.7,184,41.9,34,101.4,135,51.4,244,22.1,104,31.6,142,35.4,151,66.9,103,68.0,132,105.6,121,101.3,174,101.4,135,102.2,173,2006,0.6146096706610725,16,14,0.5333333333333333,30
231,New Orleans,SB,10-19,-6.53,99.1,231,105.6,212,63.0,259,+.002,164,+1.27,132,102.6,183,101.3,105,+7.17,33,,SB,63.0,259,99.1,231,47.2,255,22.1,208,29.5,259,35.0,198,105.6,212,51.8,260,20.7,195,33.4,214,33.9,118,63.0,259,65.8,219,99.1,231,95.4,276,105.6,212,104.9,235,2006,0.32506687219847047,10,19,0.3448275862068966,29
181,Niagara,MAAC,11-18,-1.99,106.4,110,108.4,266,65.2,170,-.038,258,+0.43,150,105.5,72,105.0,228,+1.43,122,,MAAC,65.2,170,106.4,110,48.0,226,20.4,125,37.2,32,39.6,76,108.4,266,54.3,318,17.2,328,28.7,36,29.6,45,65.2,170,68.1,129,106.4,110,106.2,80,108.4,266,109.8,310,2006,0.44666397249438217,11,18,0.3793103448275862,29
307,Nicholls St.,Slnd,9-18,-15.91,96.8,268,112.7,313,69.1,45,+.060,42,-3.91,232,100.7,247,104.6,209,+1.83,103,,Slnd,69.1,45,96.8,268,49.2,171,22.8,250,25.7,314,32.7,256,112.7,313,51.7,255,17.6,323,34.0,236,32.7,90,69.1,45,72.7,19,96.8,268,95.3,277,112.7,313,110.4,316,2006,0.14817994675148202,9,18,0.3333333333333333,27
288,Norfolk St.,MEAC,13-18,-13.10,90.9,323,104.0,186,65.2,172,+.017,122,-9.31,318,96.6,321,105.9,271,+9.35,15,,MEAC,65.2,172,90.9,323,45.5,301,25.3,318,38.1,21,37.0,135,104.0,186,47.0,63,21.2,167,31.7,144,43.7,291,65.2,172,67.1,165,90.9,323,91.9,309,104.0,186,97.4,64,2006,0.1753383960760052,13,18,0.41935483870967744,31
10,North Carolina,ACC,23-8,+22.16,115.9,13,93.7,28,70.2,23,-.010,191,+9.10,16,107.6,26,98.6,23,-0.83,176,3,ACC,70.2,23,115.9,13,53.6,26,22.7,242,39.7,9,40.5,61,93.7,28,46.4,50,20.5,210,29.0,46,27.6,25,70.2,23,72.2,26,115.9,13,110.2,26,93.7,28,96.0,51,2006,0.9202126601771916,23,8,0.7419354838709677,31
320,North Carolina A&T,MEAC,6-23,-19.52,86.0,331,105.6,210,66.9,104,-.043,272,-9.13,316,97.0,320,106.1,280,+4.79,53,,MEAC,66.9,104,86.0,331,44.2,323,22.7,238,28.8,282,38.3,106,105.6,210,50.2,198,24.5,25,37.4,320,39.6,235,66.9,104,69.4,86,86.0,331,87.8,326,105.6,210,100.8,146,2006,0.08618930280838613,6,23,0.20689655172413793,29
163,North Dakota St.,ind,16-12,-0.65,103.8,155,104.4,194,65.0,181,-.066,301,-4.34,240,102.0,207,106.4,293,-1.65,201,,ind,65.0,181,103.8,155,51.4,84,24.6,307,38.4,17,41.6,41,104.4,194,47.4,78,18.5,310,29.8,61,36.5,175,65.0,181,66.4,191,103.8,155,105.2,98,104.4,194,101.7,163,2006,0.48343541304408244,16,12,0.5714285714285714,28
324,North Florida,ASun,6-22,-21.22,94.5,291,115.7,331,65.5,150,-.093,316,-10.68,326,98.3,303,108.9,330,-7.28,310,,ASun,65.5,150,94.5,291,49.0,179,23.5,272,33.5,123,35.6,181,115.7,331,52.0,267,18.8,299,35.2,273,35.4,155,65.5,150,69.0,95,94.5,291,98.9,210,115.7,331,110.1,312,2006,0.08886204587162133,6,22,0.21428571428571427,28
207,North Texas,SB,14-14,-4.45,102.5,178,106.9,237,71.8,9,+.001,167,-1.75,195,100.8,244,102.5,145,-2.27,220,,SB,71.8,9,102.5,178,48.8,189,21.8,193,33.2,135,34.6,208,106.9,237,52.8,296,23.6,50,32.6,184,46.7,315,71.8,9,73.4,13,102.5,178,100.7,180,106.9,237,103.8,220,2006,0.38145979771777017,14,14,0.5,28
110,Northeastern,CAA,19-11,+5.90,107.0,97,101.1,129,69.1,44,+.039,74,+0.53,148,103.0,168,102.4,140,-0.25,161,,CAA,69.1,44,107.0,97,50.8,108,19.1,48,31.6,187,30.7,303,101.1,129,45.8,34,18.4,313,36.0,294,24.6,7,69.1,44,70.5,53,107.0,97,104.6,113,101.1,129,100.2,130,2006,0.6575207266805375,19,11,0.6333333333333333,30
157,Northern Arizona,BSky,21-11,-0.04,103.9,153,104.0,185,69.2,40,+.079,22,-2.60,208,103.4,154,106.0,273,-3.09,234,9,BSky,69.2,40,103.9,153,53.1,38,23.4,270,29.7,253,40.8,56,104.0,185,53.7,313,22.8,77,28.7,37,37.6,201,69.2,40,70.8,48,103.9,153,104.4,118,104.0,185,102.6,184,2006,0.4972342752290351,21,11,0.65625,32
302,Northern Colorado,ind,5-24,-15.43,100.3,212,115.8,332,65.1,173,-.129,330,-1.39,188,101.5,223,102.9,154,+2.89,80,,ind,65.1,173,100.3,212,48.8,194,24.9,312,33.9,108,34.1,224,115.8,332,53.3,306,18.7,301,33.3,210,42.6,277,65.1,173,67.4,150,100.3,212,96.3,253,115.8,332,112.1,326,2006,0.16076636057065322,5,24,0.1724137931034483,29
120,Northern Illinois,MAC,17-11,+5.10,112.7,30,107.7,252,61.9,292,+.012,138,+0.13,157,101.8,216,101.7,119,+3.56,63,,MAC,61.9,292,112.7,30,54.4,13,20.3,116,32.4,165,38.4,104,107.7,252,49.4,152,19.3,277,33.2,208,35.0,144,61.9,292,63.1,300,112.7,30,109.8,32,107.7,252,105.7,250,2006,0.6275844923603534,17,11,0.6071428571428571,28
32,Northern Iowa,MVC,23-10,+15.84,109.0,75,93.1,21,59.6,321,-.025,222,+6.18,59,104.4,103,98.2,13,+0.24,148,10,MVC,59.6,321,109.0,75,51.8,70,19.4,66,26.7,304,35.3,191,93.1,21,45.9,39,19.0,286,26.4,7,23.2,3,59.6,321,60.8,322,109.0,75,103.7,136,93.1,21,93.9,29,2006,0.8597539093333298,23,10,0.696969696969697,33
123,Northwestern,B10,14-15,+4.86,102.8,169,97.9,84,58.2,328,+.005,156,+7.35,43,107.0,39,99.6,58,-1.24,185,,B10,58.2,328,102.8,169,51.7,72,20.4,119,19.8,333,30.1,311,97.9,84,50.0,185,23.3,61,33.6,219,35.9,166,58.2,328,58.8,329,102.8,169,98.1,227,97.9,84,100.3,133,2006,0.6368333628374369,14,15,0.4827586206896552,29
93,Northwestern St.,Slnd,26-8,+7.51,106.6,105,99.1,98,67.6,79,+.016,128,-1.45,190,102.2,201,103.6,173,+10.25,9,14,Slnd,67.6,79,106.6,105,51.7,73,22.1,210,36.8,38,40.0,67,99.1,98,48.4,113,24.1,36,35.0,268,43.2,280,67.6,79,70.0,63,106.6,105,105.6,89,99.1,98,98.0,83,2006,0.6982486230313792,26,8,0.7647058823529411,34
29,Notre Dame,BE,16-14,+15.97,117.3,7,101.4,136,64.2,222,-.145,333,+7.75,36,108.3,9,100.5,84,-4.54,269,5,BE,64.2,222,117.3,7,53.3,33,17.8,17,32.3,167,36.7,147,101.4,136,48.0,95,15.6,334,31.5,134,27.7,27,64.2,222,65.2,242,117.3,7,113.5,6,101.4,136,104.9,234,2006,0.8422558142037101,16,14,0.5333333333333333,30
270,Oakland,MCon,11-18,-10.34,103.9,152,114.3,324,67.8,74,-.015,204,-3.83,229,102.4,193,106.2,285,+2.97,76,,MCon,67.8,74,103.9,152,50.0,134,22.5,233,37.1,34,42.5,24,114.3,324,56.4,333,19.7,258,30.5,81,28.3,33,67.8,74,69.5,80,103.9,152,104.0,131,114.3,324,111.8,324,2006,0.25028868339317273,11,18,0.3793103448275862,29
109,Ohio,MAC,19-11,+6.01,106.4,108,100.4,120,64.3,219,+.020,113,+0.19,156,103.6,147,103.4,165,+0.81,136,,MAC,64.3,219,106.4,108,52.6,44,21.3,168,32.8,153,39.1,86,100.4,120,50.2,197,22.4,86,32.2,171,28.2,30,64.3,219,64.3,272,106.4,108,106.8,64,100.4,120,99.9,128,2006,0.6609428616557514,19,11,0.6333333333333333,30
14,Ohio St.,B10,26-6,+20.68,113.0,25,92.3,19,65.2,169,+.028,97,+6.74,53,107.0,37,100.3,76,-3.33,241,2,B10,65.2,169,113.0,25,53.8,21,17.6,14,29.2,268,33.8,227,92.3,19,46.9,62,20.2,224,30.2,75,21.6,2,65.2,169,66.1,210,113.0,25,110.3,23,92.3,19,95.4,45,2006,0.9110847527653063,26,6,0.8125,32
45,Oklahoma,B12,20-9,+13.99,113.0,26,99.0,95,62.4,278,+.049,52,+6.16,60,105.5,69,99.3,46,-0.61,166,6,B12,62.4,278,113.0,26,50.6,110,21.9,199,42.8,1,34.4,212,99.0,95,49.7,166,21.4,148,26.5,9,35.8,165,62.4,278,63.7,285,113.0,26,107.6,55,99.0,95,99.9,126,2006,0.8206977021616809,20,9,0.6896551724137931,29
53,Oklahoma St.,B12,17-16,+12.76,107.9,80,95.2,45,64.7,193,-.096,319,+6.50,55,106.6,45,100.1,70,-1.32,192,6,B12,64.7,193,107.9,80,52.4,54,25.0,314,37.8,26,37.1,130,95.2,45,48.3,110,23.6,53,33.7,226,38.8,223,64.7,193,66.9,172,107.9,80,104.3,121,95.2,45,97.6,74,2006,0.8084680771280606,17,16,0.5151515151515151,33
67,Old Dominion,CAA,24-10,+11.15,106.9,99,95.7,50,65.0,177,+.056,49,+2.16,113,104.2,114,102.1,133,-0.03,159,5,CAA,65.0,177,106.9,99,48.8,190,18.9,45,34.3,92,39.3,81,95.7,50,46.7,54,21.2,166,30.1,72,29.1,41,65.0,177,66.4,192,106.9,99,104.8,108,95.7,50,95.9,50,2006,0.7812162968335531,24,10,0.7058823529411765,34
112,Oral Roberts,MCon,21-12,+5.70,107.1,95,101.4,134,66.9,105,-.035,252,-3.45,219,102.8,174,106.2,289,+6.88,36,16,MCon,66.9,105,107.1,95,51.3,86,20.8,143,36.7,41,39.0,90,101.4,134,49.0,132,20.4,217,29.8,59,32.7,88,66.9,105,68.8,102,107.1,95,108.4,44,101.4,134,99.5,115,2006,0.65224764088697,21,12,0.6363636363636364,33
66,Oregon,P10,15-18,+11.31,111.9,37,100.6,124,63.6,244,-.144,332,+7.33,44,106.1,57,98.7,27,-1.30,190,,P10,63.6,244,111.9,37,51.9,66,19.2,53,33.5,124,32.3,267,100.6,124,49.5,161,20.2,228,29.2,50,35.4,153,63.6,244,64.6,261,111.9,37,106.3,76,100.6,124,100.9,151,2006,0.7728042168722,15,18,0.45454545454545453,33
149,Oregon St.,P10,13-18,+0.58,104.4,143,103.8,184,64.5,210,+.031,90,+6.05,63,105.1,83,99.1,39,-5.28,282,,P10,64.5,210,104.4,143,49.0,178,22.6,234,29.5,258,42.0,31,103.8,184,48.3,108,18.9,289,35.5,283,31.1,65,64.5,210,66.2,201,104.4,143,98.9,216,103.8,184,105.1,238,2006,0.5165645869559176,13,18,0.41935483870967744,31
68,Pacific,BW,24-8,+10.87,109.8,63,99.0,94,62.8,262,+.010,142,-1.99,199,102.7,180,104.7,211,+0.54,139,13,BW,62.8,262,109.8,63,54.2,17,18.7,32,30.3,231,34.5,210,99.0,94,47.0,66,20.4,214,29.8,62,27.2,20,62.8,262,65.3,239,109.8,63,111.1,16,99.0,94,96.6,56,2006,0.7668694190047352,24,8,0.75,32
97,Penn,Ivy,20-9,+7.30,101.8,188,94.5,34,64.3,220,-.030,238,-5.06,254,100.0,272,105.0,227,+1.85,102,15,Ivy,64.3,220,101.8,188,50.6,113,19.7,86,30.0,241,34.6,206,94.5,34,47.5,79,26.3,7,31.3,125,33.8,116,64.3,220,65.0,249,101.8,188,103.5,139,94.5,34,91.0,10,2006,0.7017652672184372,20,9,0.6896551724137931,29
116,Penn St.,B10,15-15,+5.27,109.5,69,104.2,192,63.8,240,+.015,130,+5.25,76,104.8,92,99.6,56,-11.27,329,7,B10,63.8,240,109.5,69,49.5,161,19.4,62,33.1,140,33.3,243,104.2,192,53.3,304,21.3,165,32.9,198,24.4,6,63.8,240,64.6,262,109.5,69,104.2,124,104.2,192,105.2,243,2006,0.6388884207348617,15,15,0.5,30
204,Pepperdine,WCC,7-20,-4.31,97.1,259,101.4,137,66.7,107,-.016,207,+4.77,79,106.2,54,101.4,107,+7.44,28,,WCC,66.7,107,97.1,259,45.0,311,21.1,156,29.1,270,36.2,156,101.4,137,47.8,90,19.5,265,33.9,232,45.2,305,66.7,107,69.8,69,97.1,259,93.2,299,101.4,137,103.6,212,2006,0.37793679460047874,7,20,0.25925925925925924,27
12,Pittsburgh,BE,25-8,+21.72,112.4,33,90.6,9,64.6,203,-.031,244,+7.81,34,108.0,21,100.1,72,-6.92,304,5,BE,64.6,203,112.4,33,51.2,90,20.2,104,38.1,20,39.6,77,90.6,9,46.1,42,19.1,281,26.3,6,30.3,57,64.6,203,66.1,206,112.4,33,108.6,41,90.6,9,94.5,37,2006,0.9226929836200334,25,8,0.7575757575757576,33
212,Portland,WCC,11-18,-5.14,102.6,175,107.7,255,65.6,144,+.046,60,+1.39,131,103.2,162,101.8,124,-0.00,157,,WCC,65.6,144,102.6,175,47.9,229,19.7,81,27.7,293,39.4,80,107.7,255,51.1,235,20.1,229,33.9,233,40.1,245,65.6,144,68.5,112,102.6,175,98.7,220,107.7,255,107.0,280,2006,0.36403720450320354,11,18,0.3793103448275862,29
162,Portland St.,BSky,12-16,-0.59,102.1,185,102.6,159,65.6,149,-.094,317,+0.03,159,105.5,70,105.4,254,+2.41,87,,BSky,65.6,149,102.1,185,51.3,87,24.0,288,34.8,79,40.9,54,102.6,159,52.0,268,21.4,152,30.5,83,39.5,232,65.6,149,68.9,99,102.1,185,102.5,150,102.6,159,103.8,214,2006,0.4859587211199753,12,16,0.42857142857142855,28
332,Prairie View A&M,SWAC,5-24,-27.79,86.9,330,114.6,326,71.3,11,-.066,299,-9.93,322,95.8,326,105.7,263,+2.10,95,,SWAC,71.3,11,86.9,330,43.9,328,22.8,246,27.6,296,33.7,229,114.6,326,54.4,321,23.7,49,39.6,328,36.5,176,71.3,11,75.0,6,86.9,330,87.2,329,114.6,326,107.7,293,2006,0.03985132920075608,5,24,0.1724137931034483,29
265,Princeton,Ivy,12-15,-9.35,97.0,264,106.4,232,52.9,334,+.065,38,-4.45,245,99.1,289,103.5,169,+1.81,105,,Ivy,52.9,334,97.0,264,51.2,89,22.6,236,17.4,334,29.5,317,106.4,232,51.1,237,24.6,24,33.3,211,51.6,331,52.9,334,53.9,334,97.0,264,95.0,279,106.4,232,101.8,165,2006,0.25660532672547465,12,15,0.4444444444444444,27
79,Providence,BE,12-15,+9.47,112.2,36,102.7,162,68.7,50,-.058,290,+9.18,15,108.4,4,99.2,43,+1.71,111,,BE,68.7,50,112.2,36,50.9,100,21.2,163,37.1,35,40.6,59,102.7,162,50.3,199,20.1,230,35.9,293,37.3,195,68.7,50,70.1,60,112.2,36,106.8,63,102.7,162,106.7,275,2006,0.7344687818312137,12,15,0.4444444444444444,27
155,Purdue,B10,9-19,+0.14,101.9,186,101.7,143,65.5,153,-.009,189,+8.25,28,107.5,27,99.3,45,-0.79,175,,B10,65.5,153,101.9,186,50.2,125,25.6,326,32.4,166,31.5,287,101.7,143,50.8,220,20.6,201,32.0,158,38.7,220,65.5,153,67.1,166,101.9,186,96.0,259,101.7,143,105.4,248,2006,0.5056480916180948,9,19,0.32142857142857145,28
253,Quinnipiac,NEC,12-16,-8.19,98.6,236,106.8,236,69.9,26,-.021,214,-6.83,287,99.1,290,105.9,272,-6.85,301,,NEC,69.9,26,98.6,236,49.6,152,23.5,275,30.7,217,37.8,116,106.8,236,49.3,148,19.7,259,31.8,147,41.1,261,69.9,26,71.2,43,98.6,236,99.9,193,106.8,236,102.7,186,2006,0.285223535963249,12,16,0.42857142857142855,28
230,Radford,BSth,16-13,-6.48,104.1,148,110.6,294,67.0,100,+.047,58,-6.81,285,99.5,279,106.3,291,-3.14,237,,BSth,67.0,100,104.1,148,48.4,211,18.3,23,29.2,266,40.3,65,110.6,294,49.4,155,19.8,250,36.3,300,41.4,265,67.0,100,69.3,90,104.1,148,104.5,115,110.6,294,106.0,256,2006,0.33258128640282913,16,13,0.5517241379310345,29
150,Rhode Island,A10,14-14,+0.55,104.0,150,103.4,171,62.3,280,+.043,66,+1.71,123,103.3,158,101.6,114,-2.94,231,,A10,62.3,280,104.0,150,46.3,286,19.6,77,37.0,36,34.2,220,103.4,171,48.6,120,19.3,278,28.3,30,38.0,212,62.3,280,62.6,306,104.0,150,100.5,184,103.4,171,102.7,187,2006,0.5166284345395552,14,14,0.5,28
217,Rice,CUSA,12-16,-5.36,100.2,216,105.6,209,65.3,165,+.030,91,+0.29,153,101.4,228,101.1,96,+0.40,145,,CUSA,65.3,165,100.2,216,46.7,276,21.8,194,28.9,275,37.9,115,105.6,209,50.2,195,22.5,84,38.1,326,32.3,80,65.3,165,66.6,185,100.2,216,96.5,250,105.6,209,102.8,190,2006,0.35351202408743426,12,16,0.42857142857142855,28
246,Richmond,A10,13-17,-7.85,93.6,301,101.4,138,55.2,331,+.088,14,+0.33,152,102.9,169,102.5,146,-4.98,277,,A10,55.2,331,93.6,301,47.0,263,22.5,232,27.1,301,31.2,294,101.4,138,46.9,60,21.8,121,35.1,271,39.1,225,55.2,331,57.3,330,93.6,301,90.3,320,101.4,138,100.6,141,2006,0.2848578320662736,13,17,0.43333333333333335,30
229,Rider,MAAC,8-20,-6.39,100.9,204,107.3,245,67.6,82,-.035,253,+1.00,136,105.1,84,104.1,187,+2.83,81,,MAAC,67.6,82,100.9,204,49.8,140,21.7,191,27.5,298,37.6,122,107.3,245,52.4,287,18.0,318,31.9,152,30.5,59,67.6,82,70.0,61,100.9,204,100.2,190,107.3,245,108.8,303,2006,0.33021002400348765,8,20,0.2857142857142857,28
240,Robert Morris,NEC,15-14,-7.30,104.0,149,111.3,307,66.7,111,+.035,81,-6.65,280,98.6,299,105.2,242,-2.49,224,,NEC,66.7,111,104.0,149,49.8,142,21.5,178,33.7,116,32.0,278,111.3,307,53.6,310,21.3,162,34.1,241,28.2,31,66.7,111,68.5,114,104.0,149,104.1,128,111.3,307,106.4,270,2006,0.31428947008861596,15,14,0.5172413793103449,29
71,Rutgers,BE,19-14,+10.41,109.5,68,99.1,97,64.0,230,-.002,174,+6.82,49,106.0,59,99.2,41,-3.96,255,8,BE,64.0,230,109.5,68,49.1,173,18.1,20,30.2,236,39.1,87,99.1,97,46.8,55,20.1,234,30.8,101,42.2,274,64.0,230,64.3,269,109.5,68,104.2,125,99.1,97,100.2,131,2006,0.7590802735073194,19,14,0.5757575757575758,33
187,SMU,CUSA,13-16,-2.40,98.3,242,100.7,125,64.6,208,-.113,329,-4.30,239,98.6,297,102.9,155,-10.33,328,,CUSA,64.6,208,98.3,242,47.3,254,23.7,280,36.1,51,35.8,169,100.7,125,45.3,23,21.5,143,32.5,180,35.5,158,64.6,208,66.2,204,98.3,242,98.0,229,100.7,125,95.7,47,2006,0.4310912213040956,13,16,0.4482758620689655,29
156,Sacramento St.,BSky,15-15,-0.01,106.7,102,106.7,235,67.9,72,-.031,245,-0.49,170,104.1,123,104.6,207,+0.86,134,,BSky,67.9,72,106.7,102,48.6,205,16.9,8,32.2,169,34.8,202,106.7,235,51.9,265,24.4,28,39.8,332,48.0,319,67.9,72,70.1,59,106.7,102,106.1,81,106.7,235,106.3,264,2006,0.5,15,15,0.5,30
256,Sacred Heart,NEC,11-17,-8.57,97.6,250,106.2,226,65.5,152,-.039,259,-6.71,282,99.8,274,106.5,296,-3.14,236,,NEC,65.5,152,97.6,250,49.3,166,24.5,300,33.3,133,41.0,52,106.2,226,49.5,160,20.6,204,30.6,94,34.7,138,65.5,152,66.7,181,97.6,250,99.4,197,106.2,226,101.9,168,2006,0.27465411589504085,11,17,0.39285714285714285,28
41,Saint Joseph's,A10,19-14,+14.84,109.8,64,95.0,42,61.9,290,-.064,295,+7.64,39,106.7,43,99.1,36,+12.40,6,2,A10,61.9,290,109.8,64,50.0,138,19.7,85,28.8,279,39.6,75,95.0,42,47.7,87,19.0,283,27.9,24,43.6,286,61.9,290,62.1,313,109.8,64,105.6,88,95.0,42,97.8,79,2006,0.8409096350454388,19,14,0.5757575757575758,33
125,Saint Louis,A10,16-13,+4.56,99.2,229,94.6,37,61.0,306,+.029,95,+3.05,98,104.5,98,101.5,113,+0.97,128,,A10,61.0,306,99.2,229,46.1,295,21.0,153,31.0,209,35.9,165,94.6,37,46.1,41,19.8,249,27.9,21,31.7,74,61.0,306,61.9,315,99.2,229,96.4,251,94.6,37,95.4,44,2006,0.6332131461673627,16,13,0.5517241379310345,29
106,Saint Mary's,WCC,17-12,+6.46,105.8,118,99.3,101,64.2,221,-.032,247,+1.65,124,103.8,133,102.2,134,+2.54,85,,WCC,64.2,221,105.8,118,49.8,144,21.7,189,34.0,106,40.2,66,99.3,101,47.2,71,19.1,282,28.4,31,34.5,134,64.2,221,66.3,197,105.8,118,103.7,137,99.3,101,99.3,110,2006,0.6746202342115311,17,12,0.5862068965517241,29
146,Saint Peter's,MAAC,17-15,+1.00,106.2,111,105.2,202,66.6,115,+.041,70,-0.05,163,105.0,87,105.1,231,-0.79,174,,MAAC,66.6,115,106.2,111,48.1,224,18.5,27,35.9,58,28.5,323,105.2,202,50.1,190,20.6,200,37.2,318,41.9,271,66.6,115,69.6,71,106.2,111,105.6,87,105.2,202,106.1,258,2006,0.5271730251611455,17,15,0.53125,32
182,Sam Houston St.,Slnd,22-9,-2.01,101.5,192,103.5,177,67.9,69,+.159,1,-3.62,223,100.8,245,104.4,200,+3.52,64,,Slnd,67.9,69,101.5,192,51.0,98,22.8,243,33.0,142,46.3,4,103.5,177,50.0,181,22.3,95,32.4,177,43.9,294,67.9,69,70.3,56,101.5,192,100.5,183,103.5,177,100.3,132,2006,0.44413488277457064,22,9,0.7096774193548387,31
133,Samford,OVC,20-11,+3.05,110.0,56,107.0,238,55.8,330,+.043,64,-3.94,233,102.2,200,106.2,284,+12.34,7,,OVC,55.8,330,110.0,56,56.0,5,18.5,26,25.9,311,27.6,327,107.0,238,51.0,229,20.4,211,36.4,304,26.2,13,55.8,330,57.0,332,110.0,56,110.7,18,107.0,238,105.1,239,2006,0.5788349581481295,20,11,0.6451612903225806,31
119,San Diego,WCC,18-12,+5.14,106.9,100,101.7,144,69.6,35,-.034,251,-0.41,169,103.2,161,103.6,171,-3.39,245,,WCC,69.6,35,106.9,100,54.1,19,22.4,229,30.5,224,35.3,189,101.7,144,51.0,226,22.0,109,30.9,106,38.8,222,69.6,35,72.5,22,106.9,100,105.7,86,101.7,144,100.5,136,2006,0.6395623028476712,18,12,0.6,30
52,San Diego St.,MWC,24-9,+12.78,112.8,29,100.0,114,66.1,130,-.001,170,+2.27,109,103.7,136,101.5,112,-2.20,216,11,MWC,66.1,130,112.8,29,52.3,58,21.6,187,38.2,19,41.7,39,100.0,114,49.2,142,21.3,158,34.0,235,29.0,40,66.1,130,67.1,162,112.8,29,110.1,28,100.0,114,99.7,120,2006,0.7998137588883376,24,9,0.7272727272727273,33
152,San Francisco,WCC,11-17,+0.28,103.5,161,103.2,169,64.1,225,-.017,210,+2.34,107,104.5,97,102.2,136,+2.46,86,,WCC,64.1,225,103.5,161,48.5,206,20.4,123,33.3,131,30.0,314,103.2,169,51.4,245,21.6,135,31.4,131,34.3,128,64.1,225,67.4,151,103.5,161,100.5,185,103.2,169,103.8,218,2006,0.5083446591318649,11,17,0.39285714285714285,28
198,San Jose St.,WAC,6-25,-3.49,95.8,277,99.3,102,67.9,70,-.140,331,+3.15,96,105.8,64,102.7,152,+1.71,112,,WAC,67.9,70,95.8,277,44.3,322,19.5,69,31.4,196,31.2,295,99.3,102,49.4,157,20.9,186,30.6,92,33.2,98,67.9,70,69.3,89,95.8,277,93.4,294,99.3,102,101.2,155,2006,0.39827610695185045,6,25,0.1935483870967742,31
160,Santa Clara,WCC,13-16,-0.41,100.7,206,101.1,130,64.8,188,+.014,131,+3.13,97,105.0,88,101.9,126,+5.26,45,,WCC,64.8,188,100.7,206,46.5,280,20.2,103,31.2,203,35.8,170,101.1,130,49.1,138,19.9,242,31.6,141,33.1,95,64.8,188,67.1,161,100.7,206,98.0,230,101.1,130,102.3,179,2006,0.48860453553233446,13,16,0.4482758620689655,29
334,Savannah St.,ind,2-28,-38.11,80.4,333,118.6,334,67.7,76,-.007,184,-4.43,243,100.2,264,104.7,212,-3.72,250,,ind,67.7,76,80.4,333,41.5,333,28.1,334,22.7,329,35.6,180,118.6,334,55.9,330,20.7,194,43.7,334,50.5,328,67.7,76,71.2,42,80.4,333,77.6,334,118.6,334,116.5,334,2006,0.011311755443144965,2,28,0.06666666666666667,30
86,Seton Hall,BE,18-12,+9.06,106.5,107,97.4,77,65.7,138,+.086,17,+6.93,47,106.0,58,99.1,40,-1.81,206,10,BE,65.7,138,106.5,107,46.1,292,19.5,70,32.2,171,37.7,118,97.4,77,48.2,103,20.2,223,29.5,54,37.2,193,65.7,138,66.7,182,106.5,107,100.7,182,97.4,77,99.7,121,2006,0.7363660789427501,18,12,0.6,30
132,Siena,MAAC,15-13,+3.11,105.0,133,101.9,148,67.0,99,-.008,187,+0.51,149,105.6,67,105.0,230,+4.24,56,,MAAC,67.0,99,105.0,133,49.5,163,18.5,28,28.7,284,38.6,99,101.9,148,51.3,240,21.7,130,34.4,249,25.1,11,67.0,99,69.6,73,105.0,133,105.3,93,101.9,148,103.5,207,2006,0.5853163947252561,15,13,0.5357142857142857,28
84,South Alabama,SB,24-7,+9.28,109.1,72,99.9,113,65.7,140,+.056,47,-2.51,207,100.8,243,103.3,162,-3.47,246,14,SB,65.7,140,109.1,72,52.6,47,19.4,67,31.3,202,34.1,223,99.9,113,49.5,159,23.7,48,30.6,95,34.6,137,65.7,140,67.7,141,109.1,72,108.1,50,99.9,113,97.4,67,2006,0.7336253857893403,24,7,0.7741935483870968,31
19,South Carolina,SEC,23-15,+18.54,114.9,14,96.4,55,59.2,324,-.057,288,+10.30,8,108.4,6,98.1,11,+0.22,149,3,SEC,59.2,324,114.9,14,52.5,50,18.3,22,35.3,68,26.4,331,96.4,55,50.1,188,22.1,102,32.6,186,27.6,24,59.2,324,61.2,320,114.9,14,109.5,34,96.4,55,100.8,147,2006,0.8827665779789081,23,15,0.6052631578947368,38
275,South Carolina St.,MEAC,14-16,-11.06,92.4,310,103.4,172,64.4,214,+.050,51,-8.48,309,97.3,315,105.8,265,+7.21,31,,MEAC,64.4,214,92.4,310,46.8,271,26.8,331,33.0,146,37.8,117,103.4,172,47.1,68,21.4,153,30.2,76,44.4,301,64.4,214,65.2,241,92.4,310,92.3,305,103.4,172,97.4,66,2006,0.21526152765792106,14,16,0.4666666666666667,30
299,South Dakota St.,ind,9-20,-15.04,91.6,316,106.7,234,67.2,96,+.067,34,-0.24,166,104.2,120,104.4,203,+5.19,46,,ind,67.2,96,91.6,316,44.9,313,26.7,330,35.1,72,33.3,242,106.7,234,54.4,320,22.7,78,34.5,256,32.6,86,67.2,96,68.8,103,91.6,316,90.3,319,106.7,234,106.7,276,2006,0.1474448494182736,9,20,0.3103448275862069,29
171,South Florida,BE,7-22,-1.01,95.7,280,96.7,64,61.6,297,-.104,324,+5.82,68,106.3,50,100.5,81,-4.74,273,,BE,61.6,297,95.7,280,47.0,264,27.4,332,34.0,103,35.8,174,96.7,64,47.1,69,21.3,156,32.4,178,37.6,200,61.6,297,64.3,271,95.7,280,91.3,314,96.7,64,98.4,90,2006,0.47014961609663997,7,22,0.2413793103448276,29
309,Southeast Missouri St.,OVC,7-20,-16.32,93.0,305,109.3,281,64.6,205,-.028,234,-5.69,267,101.2,233,106.9,309,-1.82,207,,OVC,64.6,205,93.0,305,45.4,303,21.3,170,29.6,255,31.0,299,109.3,281,50.3,201,16.8,331,30.6,90,31.6,72,64.6,205,65.9,217,93.0,305,95.6,272,109.3,281,107.2,283,2006,0.13502806993591498,7,20,0.25925925925925924,27
189,Southeastern Louisiana,Slnd,16-12,-2.64,101.0,202,103.6,181,61.6,300,+.000,169,-4.97,252,100.5,255,105.5,258,+1.46,121,,Slnd,61.6,300,101.0,202,48.6,204,19.6,75,33.8,112,39.6,74,103.6,181,48.8,130,21.5,145,34.2,244,37.0,187,61.6,300,64.6,259,101.0,202,102.1,155,103.6,181,100.7,142,2006,0.4274425101179165,16,12,0.5714285714285714,28
197,Southern,SWAC,19-13,-3.40,96.2,274,99.6,106,64.8,185,+.081,19,-7.68,301,96.6,323,104.3,196,+13.07,5,16,SWAC,64.8,185,96.2,274,47.8,236,24.6,306,35.8,61,32.3,265,99.6,106,44.2,7,21.7,125,31.6,139,35.3,150,64.8,185,68.3,123,96.2,274,94.7,283,99.6,106,93.9,30,2006,0.40144994989983784,19,13,0.59375,32
48,Southern Illinois,MVC,22-11,+13.60,102.9,166,89.3,5,60.7,311,+.032,88,+5.81,69,103.6,144,97.8,7,+0.44,143,11,MVC,60.7,311,102.9,166,46.6,279,22.2,220,32.7,155,34.3,215,89.3,5,45.3,25,27.0,5,29.8,64,44.4,300,60.7,311,61.6,318,102.9,166,96.5,249,89.3,5,89.1,4,2006,0.8361964571841797,22,11,0.6666666666666666,33
278,Southern Miss,CUSA,10-21,-11.24,97.4,256,108.6,268,59.9,319,+.003,163,+1.82,120,102.4,194,100.5,83,+0.88,132,,CUSA,59.9,319,97.4,256,44.5,317,23.0,256,31.6,188,44.1,12,108.6,268,52.4,284,20.9,183,30.1,71,48.1,321,59.9,319,62.0,314,97.4,256,91.4,311,108.6,268,107.8,296,2006,0.22240258145623037,10,21,0.3225806451612903,31
248,Southern Utah,MCon,10-20,-7.93,101.7,190,109.6,285,64.6,207,-.100,322,-4.01,234,102.6,182,106.6,300,+1.61,114,,MCon,64.6,207,101.7,190,54.8,11,21.8,197,21.8,331,35.2,196,109.6,285,50.8,222,19.8,248,35.3,277,36.5,177,64.6,207,66.3,200,101.7,190,102.7,149,109.6,285,107.9,297,2006,0.2972733656571585,10,20,0.3333333333333333,30
237,St. Bonaventure,A10,8-19,-7.24,100.3,214,107.5,250,67.5,85,-.064,297,-0.27,167,103.5,151,103.8,178,-4.36,264,,A10,67.5,85,100.3,214,46.5,281,19.5,71,35.1,73,32.4,264,107.5,250,52.3,281,18.7,300,33.4,213,28.4,34,67.5,85,67.6,144,100.3,214,99.4,199,107.5,250,107.2,285,2006,0.3106163785328691,8,19,0.2962962962962963,27
267,St. Francis NY,NEC,10-17,-9.51,93.1,303,102.7,160,64.9,184,-.005,181,-5.65,266,100.5,257,106.2,282,+1.10,124,,NEC,64.9,184,93.1,303,46.9,266,22.1,211,30.9,212,31.6,285,102.7,160,48.5,117,22.6,82,30.9,110,42.8,279,64.9,184,66.7,184,93.1,303,94.4,289,102.7,160,99.1,106,2006,0.24442210234298628,10,17,0.37037037037037035,27
326,St. Francis PA,NEC,4-24,-21.49,93.9,298,115.4,328,60.5,312,-.021,215,-4.90,251,100.5,256,105.4,252,+0.03,156,,NEC,60.5,312,93.9,298,46.4,283,22.2,215,27.5,299,27.0,329,115.4,328,53.5,307,19.3,271,36.7,310,31.4,70,60.5,312,63.3,297,93.9,298,93.4,295,115.4,328,111.2,319,2006,0.08541094184487652,4,24,0.14285714285714285,28
117,St. John's,BE,12-15,+5.27,97.6,252,92.3,17,62.5,274,-.038,257,+6.47,56,106.9,40,100.5,79,-7.08,308,,BE,62.5,274,97.6,252,44.6,316,24.5,302,39.0,13,37.0,136,92.3,17,44.9,13,20.1,233,27.7,19,39.9,243,62.5,274,64.0,277,97.6,252,93.3,298,92.3,17,94.3,35,2006,0.655224297260336,12,15,0.4444444444444444,27
78,Stanford,P10,16-14,+9.56,105.9,115,96.4,56,64.3,218,+.006,152,+7.73,38,107.1,35,99.4,50,-1.23,184,7,P10,64.3,218,105.9,115,47.2,256,21.3,169,33.2,138,41.3,46,96.4,56,47.2,70,19.4,267,29.8,63,34.8,142,64.3,218,65.1,243,105.9,115,100.9,178,96.4,56,99.5,116,2006,0.7466593604308468,16,14,0.5333333333333333,30
185,Stephen F. Austin,Slnd,17-12,-2.23,102.8,172,105.0,198,63.4,248,-.090,313,-7.96,305,98.1,307,106.1,278,-7.41,312,,Slnd,63.4,248,102.8,172,49.6,153,19.1,49,32.7,157,35.5,182,105.0,198,50.8,219,23.5,54,32.0,157,39.7,237,63.4,248,67.3,152,102.8,172,104.9,106,105.0,198,99.2,107,2006,0.4394209408419877,17,12,0.5862068965517241,29
281,Stetson,ASun,14-18,-11.90,95.6,284,107.5,248,62.7,263,+.026,102,-9.58,321,99.5,280,109.0,331,-1.16,183,,ASun,62.7,263,95.6,284,48.0,225,21.2,161,30.5,226,36.2,155,107.5,248,52.3,279,24.0,37,36.3,301,42.2,275,62.7,263,65.9,214,95.6,284,99.6,195,107.5,248,103.9,221,2006,0.20600817440902644,14,18,0.4375,32
313,Stony Brook,AE,4-24,-16.88,92.2,311,109.1,275,64.5,211,-.040,262,-2.48,206,101.3,230,103.8,179,+8.13,24,,AE,64.5,211,92.2,311,42.9,331,20.1,101,28.6,285,29.6,316,109.1,275,52.2,277,22.7,79,35.7,288,52.4,332,64.5,211,64.9,254,92.2,311,90.0,323,109.1,275,106.0,255,2006,0.12614253664254155,4,24,0.14285714285714285,28
50,Syracuse,BE,23-12,+13.15,110.0,60,96.8,67,68.3,63,+.077,24,+8.71,22,107.5,28,98.8,29,-3.79,251,5,BE,68.3,63,110.0,60,50.1,132,21.1,160,36.8,40,33.5,235,96.8,67,46.2,45,22.0,108,33.8,229,36.7,181,68.3,63,69.5,79,110.0,60,103.0,144,96.8,67,98.2,86,2006,0.8130701186845619,23,12,0.6571428571428571,35
239,TCU,MWC,6-25,-7.26,94.0,296,101.2,133,66.5,117,-.060,292,+2.91,99,104.2,119,101.3,102,-1.79,205,,MWC,66.5,117,94.0,296,43.0,330,22.8,248,32.7,156,40.4,64,101.2,133,52.7,292,24.9,18,31.5,135,37.0,186,66.5,117,68.6,111,94.0,296,90.5,317,101.2,133,102.1,172,2006,0.2996960401330893,6,25,0.1935483870967742,31
64,Temple,A10,17-15,+11.38,109.1,73,97.7,81,59.9,320,-.051,284,+6.84,48,106.2,53,99.3,49,+9.95,13,7,A10,59.9,320,109.1,73,45.8,299,12.6,1,31.2,207,34.2,221,97.7,81,51.3,242,25.0,17,33.7,225,32.3,78,59.9,320,59.7,326,109.1,73,105.2,96,97.7,81,99.0,103,2006,0.7806020605828567,17,15,0.53125,32
17,Tennessee,SEC,22-8,+19.44,116.6,8,97.2,72,71.1,13,+.012,140,+9.44,13,108.0,20,98.5,20,-0.74,171,2,SEC,71.1,13,116.6,8,53.7,25,17.6,13,30.3,232,33.2,244,97.2,72,53.1,302,24.4,29,32.8,194,33.7,112,71.1,13,72.6,20,116.6,8,111.0,17,97.2,72,101.4,160,2006,0.8901968565801587,22,8,0.7333333333333333,30
222,Tennessee Martin,OVC,13-15,-5.88,103.3,164,109.2,276,67.5,83,-.003,176,-4.06,236,102.0,208,106.0,274,+8.19,22,,OVC,67.5,83,103.3,164,47.8,235,20.4,122,34.2,96,51.9,1,109.2,276,51.5,251,20.8,189,33.5,218,46.5,313,67.5,83,68.4,117,103.3,164,104.0,132,109.2,276,107.5,291,2006,0.3455286149076735,13,15,0.4642857142857143,28
208,Tennessee St.,OVC,13-15,-4.54,104.2,147,108.7,271,65.0,180,-.030,241,-4.06,235,102.3,198,106.3,290,+6.95,35,,OVC,65.0,180,104.2,147,52.0,62,21.1,155,35.0,74,34.2,218,108.7,271,51.6,253,19.9,241,32.1,161,40.8,259,65.0,180,65.4,230,104.2,147,106.2,79,108.7,271,107.4,287,2006,0.380785351350366,13,15,0.4642857142857143,28
202,Tennessee Tech,OVC,19-12,-3.63,100.4,210,104.0,187,68.4,58,+.104,8,-4.08,238,102.6,185,106.7,302,+8.49,21,,OVC,68.4,58,100.4,210,48.8,193,22.5,231,36.1,52,37.9,113,104.0,187,50.1,192,22.0,110,32.1,163,48.4,322,68.4,58,69.4,85,100.4,210,102.0,159,104.0,187,102.9,194,2006,0.40008043904199975,19,12,0.6129032258064516,31
3,Texas,B12,30-7,+25.79,117.5,6,91.7,15,63.9,233,+.039,73,+7.79,35,106.1,55,98.3,14,-0.02,158,2,B12,63.9,233,117.5,6,52.5,52,20.0,94,41.1,5,35.3,194,91.7,15,44.3,8,20.6,203,26.2,4,25.1,10,63.9,233,66.4,193,117.5,6,112.8,9,91.7,15,90.9,9,2006,0.9453720798251994,30,7,0.8108108108108109,37
31,Texas A&M,B12,22-9,+15.90,106.7,103,90.8,10,63.0,260,-.008,188,+4.22,86,104.8,94,100.6,85,-12.20,331,12,B12,63.0,260,106.7,103,50.8,104,20.3,114,29.8,247,43.2,18,90.8,10,46.5,52,27.4,4,31.6,140,48.5,323,63.0,260,65.4,233,106.7,103,104.3,120,90.8,10,91.8,11,2006,0.8647904628639331,22,9,0.7096774193548387,31
124,Texas A&M Corpus Chris,ind,20-8,+4.83,104.6,139,99.8,109,69.3,36,-.055,287,-8.09,306,98.1,308,106.1,281,+0.93,129,,ind,69.3,36,104.6,139,53.7,23,22.9,253,34.0,104,37.6,120,99.8,109,44.9,15,24.5,26,30.5,86,44.3,298,69.3,36,72.4,24,104.6,139,106.5,71,99.8,109,92.5,17,2006,0.6318628345209388,20,8,0.7142857142857143,28
327,Texas Pan American,ind,7-24,-21.53,88.4,328,110.0,289,65.5,151,-.045,275,-1.98,198,102.1,204,104.1,188,+3.29,68,,ind,65.5,151,88.4,328,42.4,332,24.0,289,28.9,274,41.7,38,110.0,289,53.6,311,21.8,116,37.0,314,33.8,114,65.5,151,67.7,142,88.4,328,87.1,330,110.0,289,109.1,306,2006,0.07488277588143731,7,24,0.22580645161290322,31
319,Texas Southern,SWAC,8-22,-19.15,92.2,312,111.3,305,69.0,47,-.042,267,-7.16,291,97.1,318,104.3,197,+14.82,3,,SWAC,69.0,47,92.2,312,44.4,319,25.5,323,30.8,214,47.4,3,111.3,305,49.3,150,19.3,275,36.4,306,38.0,211,69.0,47,72.8,17,92.2,312,90.1,322,111.3,305,106.0,254,2006,0.10292905657703925,8,22,0.26666666666666666,30
321,Texas St.,Slnd,3-24,-19.94,93.1,304,113.0,316,65.5,156,-.049,280,-3.62,224,100.9,242,104.5,205,+0.30,147,,Slnd,65.5,156,93.1,304,46.1,288,24.3,297,33.0,147,32.2,272,113.0,316,51.4,246,18.9,291,35.8,289,41.6,268,65.5,156,67.8,140,93.1,304,92.3,304,113.0,316,110.7,317,2006,0.09728985466748045,3,24,0.1111111111111111,27
121,Texas Tech,B12,15-17,+5.03,105.6,122,100.6,123,65.9,134,-.012,198,+6.54,54,105.4,73,98.9,31,-1.28,188,,B12,65.9,134,105.6,122,48.8,191,20.2,107,26.1,309,37.0,133,100.6,123,48.0,94,21.8,119,36.2,297,27.1,19,65.9,134,68.1,128,105.6,122,99.1,204,100.6,123,100.5,137,2006,0.6359480514109804,15,17,0.46875,32
330,The Citadel,SC,10-21,-24.46,91.0,322,115.4,329,64.8,186,+.042,68,-7.49,296,99.4,283,106.9,307,-13.27,332,,SC,64.8,186,91.0,322,44.0,326,21.4,172,30.9,211,38.5,102,115.4,329,54.5,323,21.6,138,34.8,264,43.6,287,64.8,186,66.9,173,91.0,322,92.6,302,115.4,329,112.3,327,2006,0.06112475066386639,10,21,0.3225806451612903,31
118,Toledo,MAC,20-11,+5.17,101.4,194,96.2,52,67.5,89,-.023,218,-3.01,213,101.8,214,104.8,220,-6.87,303,,MAC,67.5,89,101.4,194,52.5,48,22.5,230,29.0,273,37.9,112,96.2,52,50.3,202,28.0,3,32.9,197,43.3,283,67.5,89,68.2,125,101.4,194,102.0,161,96.2,52,94.6,39,2006,0.6468914376069386,20,11,0.6451612903225806,31
249,Towson,CAA,12-16,-7.97,103.1,165,111.1,301,67.4,92,+.074,29,-1.76,196,101.3,232,103.1,159,-8.21,318,,CAA,67.4,92,103.1,165,50.4,120,21.4,175,30.2,235,34.3,216,111.1,301,49.8,170,18.4,311,34.8,265,33.6,110,67.4,92,69.5,77,103.1,165,100.4,187,111.1,301,107.8,294,2006,0.2974626252377145,12,16,0.42857142857142855,28
168,Troy,SB,14-15,-0.89,105.4,126,106.3,229,64.8,190,-.105,325,-3.23,215,101.1,239,104.3,198,-4.56,270,,SB,64.8,190,105.4,126,50.5,116,17.5,10,29.5,256,22.6,334,106.3,229,50.0,182,21.8,117,35.6,286,28.7,36,64.8,190,67.1,163,105.4,126,105.1,103,106.3,229,103.6,211,2006,0.47557434151597805,14,15,0.4827586206896552,29
209,Tulane,CUSA,12-17,-4.93,94.7,290,99.6,107,65.9,135,+.008,148,-0.22,164,101.4,224,101.6,118,+0.53,140,,CUSA,65.9,135,94.7,290,46.7,273,26.4,327,33.7,118,43.8,15,99.6,107,46.2,43,19.8,255,30.5,88,40.3,251,65.9,135,66.9,171,94.7,290,92.3,306,99.6,107,98.8,94,2006,0.35889718421283184,12,17,0.41379310344827586,29
211,Tulsa,CUSA,11-17,-5.05,94.2,293,99.2,100,64.4,215,+.014,133,-0.32,168,101.8,218,102.1,132,-1.77,204,,CUSA,64.4,215,94.2,293,47.5,247,26.6,328,28.9,278,40.6,60,99.2,100,46.2,46,19.8,251,28.9,45,47.5,317,64.4,215,67.2,159,94.2,293,90.9,316,99.2,100,97.2,61,2006,0.3555445643536181,11,17,0.39285714285714285,28
56,UAB,CUSA,24-7,+12.65,109.1,71,96.5,59,68.5,53,+.058,45,+1.51,129,101.8,215,100.3,77,+0.98,127,9,CUSA,68.5,53,109.1,71,51.0,96,18.0,19,27.6,295,37.9,114,96.5,59,47.8,88,28.7,1,39.7,331,37.8,207,68.5,53,70.1,58,109.1,71,105.0,105,96.5,59,93.8,28,2006,0.803971170252981,24,7,0.7741935483870968,31
287,UC Davis,ind,8-20,-12.64,98.6,237,111.2,302,62.5,275,-.005,180,-2.22,200,102.8,173,105.0,226,-1.77,203,,ind,62.5,275,98.6,237,48.1,221,20.5,128,23.6,324,38.5,101,111.2,302,56.3,332,22.5,85,34.6,259,44.9,304,62.5,275,65.1,244,98.6,237,97.7,236,111.2,302,110.3,315,2006,0.20053084395197943,8,20,0.2857142857142857,28
130,UC Irvine,BW,16-13,+3.38,110.0,59,106.6,233,61.7,295,-.025,225,-2.98,212,101.9,211,104.9,221,-2.01,212,,BW,61.7,295,110.0,59,55.3,8,20.9,149,31.4,197,32.5,259,106.6,233,49.2,145,18.1,317,29.5,55,27.3,21,61.7,295,64.5,263,110.0,59,110.6,22,106.6,233,103.4,204,2006,0.5892979308778933,16,13,0.5517241379310345,29
303,UC Riverside,BW,5-23,-15.50,90.6,325,106.1,225,70.2,22,+.004,160,-1.31,187,103.3,157,104.6,208,-1.25,186,,BW,70.2,22,90.6,325,43.9,327,23.1,260,30.5,225,28.1,324,106.1,225,52.2,275,21.3,161,33.0,201,38.1,214,70.2,22,72.3,25,90.6,325,89.6,324,106.1,225,106.1,259,2006,0.13989406857546227,5,23,0.17857142857142858,28
174,UC Santa Barbara,BW,15-14,-1.05,102.2,182,103.3,170,62.0,289,-.016,209,-2.41,203,102.4,191,104.8,218,+0.87,133,,BW,62.0,289,102.2,182,49.6,157,20.3,113,31.5,189,37.0,138,103.3,170,48.2,107,19.9,245,31.7,145,33.8,115,62.0,289,65.2,240,102.2,182,102.2,154,103.3,170,101.2,157,2006,0.4692599357956145,15,14,0.5172413793103449,29
190,UCF,CUSA,14-15,-2.74,99.9,219,102.6,158,62.0,288,-.027,232,-3.23,216,100.1,270,103.3,163,-7.62,314,,CUSA,62.0,288,99.9,219,50.1,130,24.5,303,33.4,130,31.9,280,102.6,158,46.8,58,20.8,188,31.2,117,42.0,272,62.0,288,63.5,292,99.9,219,98.2,223,102.6,158,99.8,124,2006,0.42392413702980414,14,15,0.4827586206896552,29
7,UCLA,P10,32-7,+23.40,112.7,31,89.3,4,61.6,298,+.020,115,+8.30,27,107.4,31,99.1,37,+1.60,116,2,P10,61.6,298,112.7,31,53.2,36,22.3,225,36.2,50,38.5,103,89.3,4,45.9,37,22.1,105,29.1,49,31.7,73,61.6,298,62.8,303,112.7,31,107.8,54,89.3,4,92.9,23,2006,0.9356178824654363,32,7,0.8205128205128205,39
266,UMBC,AE,10-19,-9.49,101.1,198,110.6,295,65.0,182,-.040,263,-5.32,261,100.0,271,105.3,248,-0.46,163,,AE,65.0,182,101.1,198,48.8,192,20.2,108,32.4,164,33.2,246,110.6,295,53.3,305,22.8,76,33.0,200,35.7,163,65.0,182,66.1,209,101.1,198,100.8,179,110.6,295,106.0,253,2006,0.2625388040304215,10,19,0.3448275862068966,29
279,UMKC,MCon,14-14,-11.28,102.1,183,113.4,318,65.6,148,+.119,4,-6.20,274,101.2,236,107.4,315,-2.81,227,,MCon,65.6,148,102.1,183,49.2,170,17.5,11,29.7,251,33.5,236,113.4,318,53.5,309,22.4,87,37.4,323,39.5,231,65.6,148,67.0,167,102.1,183,104.2,123,113.4,318,111.5,322,2006,0.2302075463365178,14,14,0.5,28
295,UNC Asheville,BSth,9-19,-14.03,97.0,262,111.1,300,67.5,88,+.060,43,-1.28,186,103.7,138,105.0,225,+10.17,11,,BSth,67.5,88,97.0,262,46.7,275,24.0,287,33.2,139,38.1,108,111.1,300,52.0,270,18.3,315,34.1,240,35.3,149,67.5,88,69.1,93,97.0,262,96.0,260,111.1,300,110.9,318,2006,0.1735352154655688,9,19,0.32142857142857145,28
273,UNC Greensboro,SC,12-19,-10.86,99.5,228,110.3,292,65.6,147,+.004,158,-4.06,237,101.0,240,105.1,232,+0.88,131,,SC,65.6,147,99.5,228,48.8,188,23.7,282,33.0,143,42.1,30,110.3,292,51.7,254,22.3,97,37.3,319,36.7,182,65.6,147,67.2,155,99.5,228,98.8,217,110.3,292,107.4,288,2006,0.23414859202249377,12,19,0.3870967741935484,31
42,UNC Wilmington,CAA,25-8,+14.77,107.2,93,92.4,20,62.6,270,-.006,183,+1.59,126,103.6,145,102.0,131,+0.11,153,9,CAA,62.6,270,107.2,93,49.0,180,18.9,41,33.5,127,32.1,274,92.4,20,44.3,9,23.3,64,28.6,33,43.5,284,62.6,270,64.4,266,107.2,93,103.8,134,92.4,20,90.7,8,2006,0.8466476771714351,25,8,0.7575757575757576,33
88,UNLV,MWC,17-13,+8.57,105.3,127,96.8,66,66.5,116,-.031,243,+3.83,93,104.9,89,101.1,97,+2.31,89,,MWC,66.5,116,105.3,127,49.8,145,21.4,174,34.8,80,30.1,312,96.8,66,49.1,139,22.5,83,29.8,60,39.5,230,66.5,116,68.0,130,105.3,127,102.1,158,96.8,66,97.9,80,2006,0.7247034957776134,17,13,0.5666666666666667,30
102,USC,P10,17-13,+6.74,105.0,132,98.3,88,66.6,114,+.020,114,+5.63,70,105.1,85,99.4,52,-6.85,302,,P10,66.6,114,105.0,132,49.2,169,20.0,97,25.9,312,35.3,192,98.3,88,48.6,122,23.7,46,34.2,243,37.0,189,66.6,114,68.8,101,105.0,132,99.4,200,98.3,88,97.8,77,2006,0.6809775177724218,17,13,0.5666666666666667,30
191,UT Arlington,Slnd,14-16,-2.86,102.5,179,105.3,205,66.2,125,-.070,306,-1.85,197,102.3,197,104.1,190,+5.98,41,,Slnd,66.2,125,102.5,179,51.0,97,24.8,310,35.4,63,43.5,16,105.3,205,49.2,141,20.3,221,34.4,252,37.6,203,66.2,125,69.5,78,102.5,179,101.2,177,105.3,205,103.3,199,2006,0.42313130367545376,14,16,0.4666666666666667,30
85,UTEP,CUSA,21-10,+9.13,103.7,156,94.6,35,62.1,284,-.024,221,-0.23,165,101.4,226,101.6,116,-0.41,162,9,CUSA,62.1,284,103.7,156,49.6,154,20.4,117,30.0,242,44.6,10,94.6,35,47.0,64,20.9,185,24.3,1,27.8,28,62.1,284,63.5,293,103.7,156,101.5,170,94.6,35,92.6,18,2006,0.7419662469185699,21,10,0.6774193548387096,31
226,UTSA,Slnd,11-17,-6.13,99.9,220,106.0,222,69.9,28,-.081,310,-3.44,218,100.6,252,104.0,182,-0.98,178,,Slnd,69.9,28,99.9,220,50.9,102,25.4,321,35.9,57,34.1,222,106.0,222,48.0,97,19.8,252,32.9,199,42.1,273,69.9,28,73.0,15,99.9,220,99.1,205,106.0,222,102.7,188,2006,0.3359046949211543,11,17,0.39285714285714285,28
140,Utah,MWC,14-15,+2.47,104.8,134,102.4,152,60.2,315,-.026,227,+2.65,102,104.3,109,101.7,120,-2.09,214,,MWC,60.2,315,104.8,134,52.9,41,25.1,317,34.4,91,37.3,128,102.4,152,50.2,196,19.3,276,26.8,12,34.0,122,60.2,315,62.1,310,104.8,134,101.6,167,102.4,152,102.3,175,2006,0.5662141002248481,14,15,0.4827586206896552,29
69,Utah St.,WAC,23-9,+10.86,113.4,20,102.6,155,60.9,309,+.026,101,+1.59,127,102.8,177,101.2,99,-2.41,222,12,WAC,60.9,309,113.4,20,55.8,6,20.4,121,30.4,229,30.8,301,102.6,155,48.0,99,18.7,303,31.7,146,25.3,12,60.9,309,63.3,296,113.4,20,110.7,19,102.6,155,100.5,135,2006,0.759686179814819,23,9,0.71875,32
228,Utah Valley St.,ind,16-13,-6.37,101.8,187,108.2,264,59.3,322,-.011,195,-8.52,310,99.0,291,107.5,319,-7.10,309,,ind,59.3,322,101.8,187,49.7,148,17.8,18,27.6,296,36.2,154,108.2,264,49.8,172,21.9,113,32.8,195,40.5,252,59.3,322,62.7,305,101.8,187,103.8,133,108.2,264,102.3,178,2006,0.3315529820124207,16,13,0.5517241379310345,29
104,VCU,CAA,19-10,+6.63,107.2,92,100.5,122,62.1,286,+.005,154,-1.21,183,101.8,217,103.0,157,-4.72,272,,CAA,62.1,286,107.2,92,50.5,115,19.3,60,31.5,193,31.2,296,100.5,122,47.9,91,23.5,57,34.3,245,36.4,173,62.1,286,63.9,280,107.2,92,105.1,101,100.5,122,97.5,69,2006,0.6774752171892219,19,10,0.6551724137931034,29
316,VMI,BSth,7-20,-17.85,91.6,317,109.5,284,71.0,16,-.050,283,-6.14,273,101.2,234,107.3,314,-4.19,262,,BSth,71.0,16,91.6,317,48.1,222,24.7,309,29.8,248,37.5,125,109.5,284,51.8,262,18.9,293,34.1,239,29.6,44,71.0,16,72.7,18,91.6,317,94.3,290,109.5,284,107.3,286,2006,0.11378259905815584,7,20,0.25925925925925924,27
175,Valparaiso,MCon,17-12,-1.17,105.1,129,106.2,227,69.2,41,+.003,162,-5.77,269,101.7,219,107.4,318,+0.04,155,,MCon,69.2,41,105.1,129,53.2,37,20.2,106,33.6,121,35.4,186,106.2,227,50.4,205,19.7,260,28.2,28,39.6,236,69.2,41,71.3,38,105.1,129,108.3,45,106.2,227,104.7,231,2006,0.47010169786489936,17,12,0.5862068965517241,29
49,Vanderbilt,SEC,17-13,+13.58,114.7,17,101.2,131,61.9,291,-.030,239,+8.56,23,108.1,15,99.5,53,-2.76,226,4,SEC,61.9,291,114.7,17,53.4,29,19.7,82,32.3,168,30.6,304,101.2,131,50.5,210,20.8,191,35.2,272,32.4,84,61.9,291,63.5,291,114.7,17,109.8,31,101.2,131,104.6,230,2006,0.808461553842981,17,13,0.5666666666666667,30
196,Vermont,AE,13-17,-3.38,98.5,239,101.9,149,64.7,197,-.067,303,-3.85,230,100.2,266,104.1,184,+2.34,88,,AE,64.7,197,98.5,239,48.2,219,23.4,269,34.1,100,41.5,43,101.9,149,45.4,27,19.9,243,30.2,77,40.5,254,64.7,197,65.0,248,98.5,239,97.9,232,101.9,149,97.9,82,2006,0.40365543265054327,13,17,0.43333333333333335,30
5,Villanova,BE,28-5,+24.59,116.3,11,91.7,14,65.6,143,+.080,20,+10.79,2,108.4,5,97.6,5,+3.17,72,1,BE,65.6,143,116.3,11,49.1,176,16.5,4,35.8,62,36.9,140,91.7,14,47.3,75,23.2,67,31.1,113,37.4,198,65.6,143,66.3,198,116.3,11,111.2,14,91.7,14,95.6,46,2006,0.9389450582305915,28,5,0.8484848484848485,33
81,Virginia,ACC,15-15,+9.41,106.1,113,96.7,65,63.8,237,-.015,202,+8.79,21,108.2,13,99.4,51,-4.05,257,8,ACC,63.8,237,106.1,113,46.9,268,21.2,164,34.9,78,35.6,179,96.7,65,49.0,137,18.9,290,29.9,65,34.2,127,63.8,237,66.7,180,106.1,113,101.4,173,96.7,65,100.4,134,2006,0.7439953918857127,15,15,0.5,30
74,Virginia Tech,ACC,14-16,+10.25,108.2,79,97.9,83,63.3,251,-.149,334,+5.61,72,105.3,78,99.7,59,-9.60,323,,ACC,63.3,251,108.2,79,49.6,158,16.8,7,30.0,239,35.5,183,97.9,83,49.0,135,24.1,33,33.7,223,36.9,185,63.3,251,65.8,223,108.2,79,103.5,140,97.9,83,98.2,85,2006,0.7595840429624999,14,16,0.4666666666666667,30
254,Wagner,NEC,13-14,-8.48,97.4,257,105.8,216,65.3,162,+.009,144,-7.09,290,98.8,295,105.9,269,-5.94,291,,NEC,65.3,162,97.4,257,48.4,215,21.6,186,34.5,86,35.8,168,105.8,216,47.0,65,17.5,327,29.4,52,34.5,133,65.3,162,67.0,169,97.4,257,98.9,213,105.8,216,100.9,150,2006,0.2786175171694994,13,14,0.48148148148148145,27
80,Wake Forest,ACC,17-17,+9.46,110.4,51,100.9,126,66.9,106,-.033,249,+8.32,26,107.4,30,99.1,38,-4.51,267,5,ACC,66.9,106,110.4,51,51.1,94,23.3,267,39.3,10,44.5,11,100.9,126,48.1,102,17.9,319,29.9,66,35.0,145,66.9,106,68.3,121,110.4,51,105.1,104,100.9,126,103.4,205,2006,0.7378400735085683,17,17,0.5,34
15,Washington,P10,26-7,+20.09,114.8,16,94.7,38,71.6,10,+.007,151,+5.21,78,105.5,71,100.3,75,-7.56,313,5,P10,71.6,10,114.8,16,52.3,57,19.9,93,40.6,8,33.4,239,94.7,38,48.6,121,24.3,30,29.4,51,34.1,125,71.6,10,72.4,23,114.8,16,111.5,11,94.7,38,95.3,43,2006,0.9014544878294412,26,7,0.7878787878787878,33
99,Washington St.,P10,11-17,+7.10,97.4,255,90.3,8,60.1,316,-.110,327,+7.35,42,107.3,32,100.0,67,-1.88,211,,P10,60.1,316,97.4,255,47.6,244,22.1,209,26.5,305,28.5,322,90.3,8,43.7,6,21.3,155,30.9,107,36.8,183,60.1,316,62.1,312,97.4,255,93.3,296,90.3,8,93.2,24,2006,0.7048332143126113,11,17,0.39285714285714285,28
250,Weber St.,BSky,10-17,-8.01,99.0,232,107.0,240,62.6,271,+.020,116,-1.02,181,104.3,111,105.4,251,-1.28,189,,BSky,62.6,271,99.0,232,48.3,217,22.3,224,31.4,200,41.4,45,107.0,240,53.7,312,21.2,168,31.0,112,37.0,188,62.6,271,65.4,229,99.0,232,98.9,212,107.0,240,107.1,282,2006,0.2903564862260631,10,17,0.37037037037037035,27
16,West Virginia,BE,22-11,+19.49,116.1,12,96.6,62,62.5,276,-.046,278,+10.37,7,108.4,7,98.0,9,-0.49,164,6,BE,62.5,276,116.1,12,53.3,32,13.2,2,21.3,332,23.4,333,96.6,62,51.2,239,24.4,27,36.9,313,20.8,1,62.5,276,63.8,284,116.1,12,109.6,33,96.6,62,100.7,143,2006,0.8923084932148534,22,11,0.6666666666666666,33
244,Western Carolina,SC,13-17,-7.77,99.7,223,107.5,249,63.4,246,-.036,254,-3.75,226,101.4,225,105.2,238,+2.15,94,,SC,63.4,246,99.7,223,49.6,151,22.2,214,30.2,238,37.7,119,107.5,249,52.1,272,22.2,100,31.9,150,46.7,314,63.4,246,65.1,247,99.7,223,99.7,194,107.5,249,105.1,241,2006,0.29603739378010996,13,17,0.43333333333333335,30
298,Western Illinois,MCon,7-21,-14.80,94.8,288,109.6,287,65.1,175,-.010,192,-3.65,225,103.3,159,106.9,308,+2.80,82,,MCon,65.1,175,94.8,288,45.2,306,21.7,192,31.4,199,41.2,47,109.6,287,53.1,303,19.3,272,30.6,96,43.3,282,65.1,175,67.1,164,94.8,288,97.2,240,109.6,287,109.4,308,2006,0.158653420617571,7,21,0.25,28
92,Western Kentucky,SB,23-8,+7.78,111.3,42,103.5,175,68.5,54,+.080,21,-0.72,176,102.2,199,103.0,156,+1.81,104,6,SB,68.5,54,111.3,42,54.5,12,24.3,293,42.6,2,33.6,232,103.5,175,50.0,184,23.0,73,33.7,224,40.1,246,68.5,54,70.2,57,111.3,42,109.8,30,103.5,175,101.4,161,2006,0.6975298944248053,23,8,0.7419354838709677,31
232,Western Michigan,MAC,14-17,-6.55,96.6,272,103.2,168,64.7,196,+.103,10,+0.74,141,103.2,160,102.5,143,+3.25,69,,MAC,64.7,196,96.6,272,44.4,318,21.6,184,32.1,175,40.8,55,103.2,168,52.2,276,20.8,192,31.5,138,33.6,109,64.7,196,65.7,225,96.6,272,94.9,282,103.2,168,103.6,210,2006,0.3186383881722369,14,17,0.45161290322580644,31
26,Wichita St.,MVC,26-9,+16.06,111.8,38,95.7,49,62.6,267,+.032,89,+6.03,65,104.7,96,98.7,26,+0.35,146,7,MVC,62.6,267,111.8,38,50.2,126,19.6,76,33.9,107,36.8,143,95.7,49,46.7,53,18.6,306,26.8,11,27.3,22,62.6,267,63.8,283,111.8,38,106.5,72,95.7,49,96.3,54,2006,0.856703075469096,26,9,0.7428571428571429,35
235,William & Mary,CAA,8-20,-7.05,98.6,235,105.7,214,65.3,166,-.070,307,+0.02,160,102.5,189,102.4,141,-8.29,319,,CAA,65.3,166,98.6,235,47.0,265,22.2,218,33.7,117,35.7,175,105.7,214,52.1,271,22.4,88,33.2,207,34.0,119,65.3,166,66.7,183,98.6,235,96.4,252,105.7,214,104.3,229,2006,0.31010322488230263,8,20,0.2857142857142857,28
73,Winthrop,BSth,23-8,+10.27,104.4,141,94.2,31,64.0,232,-.027,231,-5.29,258,102.1,203,107.4,317,+8.15,23,15,BSth,64.0,232,104.4,141,51.5,82,20.8,145,36.8,39,38.2,107,94.2,31,46.8,57,24.3,31,28.3,29,32.3,79,64.0,232,65.8,222,104.4,141,108.5,42,94.2,31,92.1,13,2006,0.7653627463250917,23,8,0.7419354838709677,31
39,Wisconsin,B10,19-12,+14.94,111.5,40,96.6,61,65.2,171,-.024,219,+7.96,31,106.6,46,98.6,24,+0.91,130,9,B10,65.2,171,111.5,40,48.7,196,17.4,9,34.2,97,38.1,109,96.6,61,47.9,93,20.0,238,30.5,84,31.4,69,65.2,171,66.2,202,111.5,40,106.3,73,96.6,61,98.3,87,2006,0.8388406687171129,19,12,0.6129032258064516,31
251,Wofford,SC,11-18,-8.13,99.6,226,107.7,254,63.2,255,-.079,309,-1.74,194,102.7,178,104.5,204,+10.23,10,,SC,63.2,255,99.6,226,50.0,134,21.0,151,25.6,316,33.7,230,107.7,254,52.8,293,23.0,70,36.1,295,33.4,101,63.2,255,64.9,253,99.6,226,98.2,224,107.7,254,106.4,269,2006,0.28922410925606123,11,18,0.3793103448275862,29
183,Wright St.,Horz,13-15,-2.03,101.0,203,103.0,167,61.0,308,+.016,125,+0.23,154,104.4,102,104.2,192,+0.81,135,,Horz,61.0,308,101.0,203,47.8,232,21.6,185,34.1,99,41.1,49,103.0,167,49.3,146,20.1,235,32.1,166,43.7,290,61.0,308,61.9,317,101.0,203,100.0,191,103.0,167,103.5,209,2006,0.4438633183237004,13,15,0.4642857142857143,28
142,Wyoming,MWC,14-18,+1.85,99.1,230,97.3,74,68.3,64,-.030,237,+2.64,103,104.2,115,101.6,115,-3.09,235,,MWC,68.3,64,99.1,230,45.9,296,24.5,301,35.9,56,50.9,2,97.3,74,45.3,20,19.5,266,30.5,87,39.1,227,68.3,64,68.1,127,99.1,230,95.9,264,97.3,74,97.6,73,2006,0.5525057617560603,14,18,0.4375,32
54,Xavier,A10,21-11,+12.73,110.9,48,98.2,86,65.3,163,-.065,298,+1.91,117,103.6,148,101.6,117,-3.38,244,14,A10,65.3,163,110.9,48,52.6,45,19.5,68,32.0,177,42.3,27,98.2,86,45.1,18,18.9,287,31.9,151,33.5,106,65.3,163,65.1,245,110.9,48,109.3,36,98.2,86,97.1,59,2006,0.8019712930833851,21,11,0.65625,32
259,Yale,Ivy,15-14,-8.72,96.0,275,104.7,195,68.4,60,+.069,32,-7.79,303,97.7,312,105.5,255,-5.38,284,,Ivy,68.4,60,96.0,275,49.8,143,24.9,311,31.0,210,39.2,83,104.7,195,48.3,112,20.5,207,28.9,43,34.4,130,68.4,60,69.6,74,96.0,275,96.1,257,104.7,195,98.9,100,2006,0.26940653394247144,15,14,0.5172413793103449,29
252,Youngstown St.,Horz,7-21,-8.15,103.5,159,111.7,309,63.8,238,-.108,326,-0.85,180,103.8,130,104.7,214,-3.83,253,,Horz,63.8,238,103.5,159,49.1,172,19.9,90,33.5,126,30.2,309,111.7,309,52.7,290,18.5,309,33.9,231,35.4,152,63.8,238,64.6,258,103.5,159,103.2,143,111.7,309,111.4,320,2006,0.293837482110504,7,21,0.25,28
