rk,TEAM,CONF,RECORD,KADJ EM,adjo,adjo.rank,adjd,adjd.rank,adjt,adjt.rank,luck,luck.rank,sos-adjem,sos-adjem.rank,sos-oppo,sos-oppo.rank,sos-oppd,sos-oppd.rank,ncsos-adjem,ncsos-adjem.rank,seed,conference,KADJ T,adjtempo.rank,KADJ O,adjoe.rank,off-efg%,off-efg%.rank,off-to%,off-to%.rank,off-or%,off-or%.rank,off-ftrate,off-ftrate.rank,KADJ D,adjde.rank,def-efg%,def-efg%.rank,def-to%,def-to%.rank,def-or%,def-or%.rank,def-ftrate,def-ftrate.rank,tempo-adj,tempo-adj.rank,tempo-raw,tempo-raw.rank,avg. poss length-offense,avg. poss length-offense.rank,avg. poss length-defense,avg. poss length-defense.rank,off. efficiency-adj,off. efficiency-adj.rank,off. efficiency-raw,off. efficiency-raw.rank,def. efficiency-adj,def. efficiency-adj.rank,def. efficiency-raw,def. efficiency-raw.rank,avghgt,avghgt.rank,effhgt,effhgt.rank,c-hgt,c-hgt.rank,pf-hgt,pf-hgt.rank,sf-hgt,sf-hgt.rank,sg-hgt,sg-hgt.rank,pg-hgt,pg-hgt.rank,EXP,experience.rank,bench,bench.rank,CONTINUITY,continuity.rank,YEAR,BARTHAG,W,L,WIN%,GAMES
188,Air Force,MWC,13-16,-2.20,100.0,229,102.2,155,61.1,319,-.017,212,+1.28,126,102.5,185,101.2,94,-11.06,343,,MWC,61.1,319,100.0,229,51.1,81,20.6,207,19.1,345,39.4,86,102.2,155,48.4,152,21.2,110,30.9,147,38.2,219,61.1,319,63.2,315,19.2,274,18.8,306,100.0,229,95.4,261,102.2,155,99.7,162,77.3,59,+0.6,130,+0.7,79,-0.1,186,+1.1,52,+1.6,42,+2.5,31,1.57,142,31.6,146,54.3,139,2012,0.43776020539654453,13,16,0.4482758620689655,29
70,Akron,MAC,22-12,+10.66,108.3,81,97.7,74,66.4,103,-.021,223,+2.81,103,104.6,92,101.8,118,+3.86,65,5,MAC,66.4,103,108.3,81,51.4,72,20.8,227,34.7,61,40.0,75,97.7,74,46.4,57,20.5,149,32.4,217,34.0,122,66.4,103,68.1,106,17.1,78,18.4,226,108.3,81,104.6,88,97.7,74,96.4,78,77.7,32,+2.5,29,+1.5,29,+0.9,64,+1.6,25,+2.6,12,-1.5,256,1.68,115,33.2,110,52.7,149,2012,0.7657633664427916,22,12,0.6470588235294118,34
27,Alabama,SEC,21-12,+16.69,106.1,115,89.5,6,61.9,302,-.067,314,+7.07,35,107.4,18,100.3,57,+3.98,62,9,SEC,61.9,302,106.1,115,49.1,168,20.1,171,32.6,139,36.2,178,89.5,6,43.7,9,21.1,116,30.4,133,38.2,220,61.9,302,63.7,305,19.7,310,18.2,198,106.1,115,100.9,153,89.5,6,90.9,16,76.8,121,+0.1,165,+0.2,138,-0.1,171,+0.8,94,+1.5,45,+0.5,148,1.25,222,36.4,48,45.8,197,2012,0.8761698757818159,21,12,0.6363636363636364,33
337,Alabama A&M,SWAC,7-21,-21.42,90.0,329,111.4,318,66.8,91,-.063,306,-11.19,342,93.6,345,104.8,247,+9.08,9,,SWAC,66.8,91,90.0,329,45.1,308,23.8,329,29.6,233,35.5,192,111.4,318,49.2,179,20.5,150,33.5,249,53.1,341,66.8,91,68.2,103,17.6,114,17.5,82,90.0,329,88.9,326,111.4,318,100.9,188,74.8,336,-0.7,222,+0.4,118,-1.1,296,+0.3,122,-3.4,341,-3.5,340,1.21,235,38.0,33,49.0,175,2012,0.0792082777392208,7,21,0.25,28
315,Alabama St.,SWAC,12-19,-16.87,87.8,338,104.7,213,63.5,252,+.026,102,-9.96,341,95.4,341,105.4,276,+9.52,7,,SWAC,63.5,252,87.8,338,42.7,334,22.4,298,32.5,148,34.1,234,104.7,213,48.1,141,23.4,24,32.3,213,41.7,275,63.5,252,65.6,230,18.8,235,17.8,138,87.8,338,86.5,336,104.7,213,95.2,63,75.1,327,-4.1,341,-2.1,335,-2.1,338,-0.2,196,-0.7,233,+0.3,178,1.52,158,35.7,58,49.3,174,2012,0.11666142807246932,12,19,0.3870967741935484,31
199,Albany,AE,19-15,-2.80,108.8,71,111.6,320,64.7,189,-.019,220,-8.11,335,97.4,335,105.5,284,-5.75,311,,AE,64.7,189,108.8,71,51.1,83,19.0,109,35.0,51,36.7,164,111.6,320,52.3,294,19.9,178,31.5,176,28.0,20,64.7,189,66.4,197,17.4,104,19.0,325,108.8,71,108.3,33,111.6,320,103.9,260,76.4,190,-1.2,261,+0.4,115,-1.6,325,+0.1,176,-0.5,220,-1.5,248,1.51,161,32.7,124,66.3,56,2012,0.42746248573025986,19,15,0.5588235294117647,34
331,Alcorn St.,SWAC,9-22,-20.18,88.4,337,108.6,280,67.4,61,-.046,273,-11.22,343,94.2,343,105.4,280,+7.42,18,,SWAC,67.4,61,88.4,337,44.5,317,23.1,318,25.7,310,37.5,144,108.6,280,48.1,137,21.7,85,38.4,340,44.6,311,67.4,61,69.2,61,17.8,135,17.0,21,88.4,337,87.1,331,108.6,280,99.3,152,76.4,183,-0.1,185,-0.2,201,+0.1,143,+0.8,96,+0.5,127,+0.3,175,0.80,305,34.2,87,28.8,307,2012,0.0857479958534333,9,22,0.2903225806451613,31
177,American,Pat,20-12,-0.91,101.3,199,102.2,153,61.7,306,+.056,46,-5.45,297,100.1,297,105.5,286,-4.69,286,,Pat,61.7,306,101.3,199,49.2,165,17.4,30,26.3,297,33.8,241,102.2,153,46.4,52,17.4,301,29.1,75,32.7,86,61.7,306,63.8,304,19.5,298,18.4,228,101.3,199,100.7,160,102.2,153,97.2,96,76.3,204,+0.4,145,+1.4,37,-1.1,297,+1.1,86,+0.1,193,-0.7,236,1.35,205,30.3,177,37.0,256,2012,0.4745917633995406,20,12,0.625,32
258,Appalachian St.,SC,13-18,-8.40,99.6,235,108.0,275,65.5,142,+.005,160,-4.14,263,101.0,259,105.2,264,+4.97,41,,SC,65.5,142,99.6,235,50.1,130,21.0,241,29.6,234,38.4,119,108.0,275,48.8,165,16.0,332,31.9,192,39.7,246,65.5,142,67.6,126,18.2,184,17.5,75,99.6,235,98.8,193,108.0,275,104.5,270,76.8,111,+0.2,158,-0.2,200,+0.4,121,+0.2,132,+0.5,124,+1.2,105,1.67,120,37.2,39,42.4,223,2012,0.28269263491991814,13,18,0.41935483870967744,31
51,Arizona,P12,23-12,+12.77,107.6,87,94.9,37,64.3,205,-.051,291,+3.71,86,105.2,71,101.5,107,+1.30,115,1,P12,64.3,205,107.6,87,51.0,88,18.8,96,30.1,218,44.5,16,94.9,37,44.9,24,18.0,282,28.7,67,32.7,83,64.3,205,65.8,219,17.6,119,18.9,318,107.6,87,103.9,96,94.9,37,94.5,49,76.7,131,-0.7,221,-0.6,255,-0.1,183,-0.3,205,+0.7,102,+2.5,26,1.64,132,28.2,221,54.7,135,2012,0.8091296611561413,23,12,0.6571428571428571,35
230,Arizona St.,P12,10-21,-5.55,100.6,219,106.1,245,62.5,285,+.006,157,+2.84,102,103.7,129,100.8,76,-3.67,256,,P12,62.5,285,100.6,219,51.7,65,25.5,342,29.1,249,41.3,50,106.1,245,49.6,200,17.7,293,29.2,77,38.3,223,62.5,285,63.9,293,19.0,256,18.7,283,100.6,219,95.2,265,106.1,245,104.1,264,78.4,6,+2.4,35,+2.0,14,+0.3,123,+1.1,49,+2.1,18,+3.3,6,1.10,260,34.6,78,53.2,147,2012,0.35157060573865084,10,21,0.3225806451612903,31
127,Arkansas,SEC,18-14,+4.07,106.4,107,102.4,156,69.5,21,+.031,90,+2.35,112,103.2,153,100.8,75,-7.09,325,,SEC,69.5,21,106.4,107,49.0,174,18.3,60,30.3,210,37.2,151,102.4,156,48.6,158,22.8,37,36.0,318,36.8,190,69.5,21,71.0,30,15.9,16,18.0,171,106.4,107,101.0,149,102.4,156,99.1,148,76.7,138,+0.8,114,+0.5,94,+0.3,127,-0.9,283,+0.1,160,+1.5,69,0.86,297,33.8,98,32.0,290,2012,0.6084179375933673,18,14,0.5625,32
180,Arkansas Little Rock,SB,15-16,-1.56,98.3,251,99.9,113,63.7,245,+.024,110,-0.56,167,102.2,204,102.7,153,+3.17,75,,SB,63.7,245,98.3,251,44.7,315,18.7,93,26.7,292,40.9,61,99.9,113,48.2,142,21.5,94,31.0,154,45.4,319,63.7,245,65.5,233,18.9,248,17.8,136,98.3,251,94.2,279,99.9,113,96.7,85,75.4,319,+1.3,75,+1.5,34,-0.2,215,-1.4,301,-3.4,342,-1.5,287,0.83,302,32.4,129,28.9,306,2012,0.4537141318041968,15,16,0.4838709677419355,31
321,Arkansas Pine Bluff,SWAC,11-22,-17.97,93.5,307,111.5,319,65.2,165,+.062,34,-8.05,333,96.2,338,104.2,210,+8.51,14,,SWAC,65.2,165,93.5,307,45.5,298,22.1,281,30.5,203,42.1,41,111.5,319,50.7,240,21.3,104,34.6,293,42.3,285,65.2,165,67.0,163,17.8,134,18.0,169,93.5,307,91.1,308,111.5,319,103.2,238,76.2,218,+0.0,168,-0.7,266,+0.8,95,-0.8,254,+0.1,149,+0.0,185,1.24,227,27.9,233,35.5,271,2012,0.1166311673284659,11,22,0.3333333333333333,33
194,Arkansas St.,SB,14-20,-2.68,102.6,172,105.3,227,62.0,297,-.024,234,+0.06,154,102.3,195,102.2,136,+3.40,72,,SB,62.0,297,102.6,172,47.7,219,21.4,252,33.2,115,41.2,54,105.3,227,51.2,257,19.9,177,30.0,110,27.9,17,62.0,297,64.6,276,19.4,291,18.1,178,102.6,172,97.4,228,105.3,227,101.6,203,76.1,235,-2.0,304,-1.0,284,-1.1,272,-0.2,199,-0.2,204,+0.5,150,1.41,196,20.2,334,47.9,183,2012,0.4258708857180283,14,20,0.4117647058823529,34
297,Army,Pat,12-18,-12.92,93.7,306,106.7,254,68.2,38,-.005,186,-8.01,332,99.2,316,107.2,339,-11.94,344,,Pat,68.2,38,93.7,306,48.9,178,21.9,270,23.0,337,37.0,158,106.7,254,51.7,272,22.0,72,30.2,123,36.6,182,68.2,38,69.6,52,16.0,20,18.4,235,93.7,306,94.6,275,106.7,254,100.6,182,74.6,342,-4.4,342,-1.9,333,-2.5,344,-2.9,344,-1.7,302,-0.5,220,1.20,236,30.8,166,50.4,169,2012,0.18330501972467778,12,18,0.4,30
147,Auburn,SEC,15-16,+2.10,99.6,236,97.5,70,64.0,224,+.027,97,+3.58,90,104.7,91,101.1,86,-6.74,320,,SEC,64.0,224,99.6,236,46.4,273,20.5,201,31.2,185,36.4,170,97.5,70,47.0,84,21.6,88,32.2,204,38.0,214,64.0,224,65.4,239,18.4,209,18.2,197,99.6,236,94.3,278,97.5,70,96.9,88,76.7,140,+2.7,21,+0.9,65,+1.8,21,-0.0,191,-0.4,218,-1.5,252,1.49,170,32.9,119,56.6,121,2012,0.5609608543862346,15,16,0.4838709677419355,31
209,Austin Peay,OVC,12-20,-3.50,102.5,174,106.0,237,67.5,58,-.030,252,+0.84,138,104.2,107,103.4,169,+9.54,6,,OVC,67.5,58,102.5,174,48.2,196,20.9,232,32.7,133,41.3,51,106.0,237,52.8,309,21.4,102,35.7,313,35.4,157,67.5,58,69.2,60,17.1,73,17.8,134,102.5,174,99.2,185,106.0,237,104.9,276,76.7,129,-1.0,241,-1.1,291,+0.1,146,+0.6,105,+1.1,52,+1.5,85,1.49,171,31.9,139,66.5,52,2012,0.4046498972089826,12,20,0.375,32
50,BYU,WCC,26-9,+12.79,106.3,111,93.5,21,72.6,5,+.020,123,+1.31,125,105.1,72,103.8,188,+0.38,145,14,WCC,72.6,5,106.3,111,52.0,60,18.0,51,29.1,247,36.5,168,93.5,21,47.7,110,21.3,106,25.9,16,34.3,131,72.6,5,73.7,8,14.1,1,18.7,291,106.3,111,105.9,61,93.5,21,92.7,32,77.9,21,+2.6,24,+0.8,73,+1.8,19,+1.6,26,+1.8,39,+2.5,21,1.30,215,33.1,116,41.7,230,2012,0.8138910510894053,26,9,0.7428571428571429,35
195,Ball St.,MAC,15-15,-2.69,100.1,227,102.8,171,62.3,290,-.054,295,-4.63,277,100.1,300,104.7,241,-7.52,330,,MAC,62.3,290,100.1,227,48.4,187,20.8,231,33.0,117,39.7,78,102.8,171,47.8,121,22.0,67,31.8,191,33.3,103,62.3,290,63.4,312,19.3,287,18.8,307,100.1,227,99.3,182,102.8,171,97.4,103,75.7,287,-1.2,255,+0.0,167,-1.2,305,-0.7,250,-0.4,217,-0.5,216,2.05,37,34.8,73,75.9,8,2012,0.4240718128421922,15,15,0.5,30
13,Baylor,B12,30-8,+21.29,116.0,13,94.7,34,65.6,138,+.059,40,+9.61,7,108.1,10,98.5,8,-2.70,236,3,B12,65.6,138,116.0,13,52.3,52,20.3,184,38.0,16,35.7,186,94.7,34,47.6,107,20.9,127,31.5,174,33.4,109,65.6,138,67.6,134,17.2,86,18.5,241,116.0,13,109.4,24,94.7,34,96.9,91,77.1,86,+4.2,8,+2.2,9,+2.0,8,-1.5,309,-0.6,226,-1.5,272,1.47,177,30.1,186,45.7,198,2012,0.9115795991037837,30,8,0.7894736842105263,38
25,Belmont,ASun,27-8,+16.96,117.1,9,100.1,121,67.2,72,-.017,214,-0.32,162,103.4,148,103.7,182,+4.69,44,14,ASun,67.2,72,117.1,9,55.5,5,17.4,34,33.3,111,38.7,105,100.1,121,48.3,146,20.7,139,31.8,188,35.6,161,67.2,72,69.2,59,16.4,33,18.5,253,117.1,9,116.2,2,100.1,121,96.9,90,76.2,219,+1.2,81,+0.9,64,+0.3,128,-0.9,268,-0.6,225,-0.2,191,2.01,49,33.6,100,75.4,11,2012,0.8586198264994184,27,8,0.7714285714285715,35
256,Bethune Cookman,MEAC,18-17,-8.23,101.4,194,109.7,293,62.4,289,+.055,48,-7.14,325,98.2,330,105.4,277,+2.37,89,,MEAC,62.4,289,101.4,194,48.4,186,20.5,202,33.8,82,37.0,156,109.7,293,51.7,274,23.7,19,36.5,328,43.0,299,62.4,289,65.1,254,19.5,300,17.8,124,101.4,194,99.4,180,109.7,293,102.8,230,74.6,341,-3.5,332,-2.4,339,-1.1,286,-0.9,266,-3.6,343,-2.5,325,1.53,157,31.6,143,45.5,200,2012,0.288069776535948,18,17,0.5142857142857142,35
344,Binghamton,AE,2-29,-25.99,86.5,342,112.5,325,64.6,195,-.021,225,-7.02,323,98.8,325,105.8,292,-5.28,302,,AE,64.6,195,86.5,342,43.9,329,22.7,305,25.7,312,34.1,235,112.5,325,53.5,319,19.4,196,30.4,131,37.7,207,64.6,195,65.9,216,19.4,295,17.3,45,86.5,342,86.0,338,112.5,325,107.2,306,76.6,156,-0.0,172,-0.5,238,+0.5,112,+0.3,123,+0.5,128,+0.5,158,0.70,318,30.9,162,32.5,286,2012,0.04642848342783609,2,29,0.06451612903225806,31
154,Boise St.,MWC,13-17,+1.38,105.3,130,103.9,194,64.3,203,-.081,330,+2.77,104,104.1,115,101.3,103,-4.39,280,,MWC,64.3,203,105.3,130,49.0,173,18.3,66,31.3,181,36.0,181,103.9,194,53.0,311,19.5,194,24.7,5,39.2,238,64.3,203,65.6,229,18.0,160,18.7,292,105.3,130,101.9,130,103.9,194,102.3,221,76.5,165,-0.4,199,-0.4,231,+0.1,150,+0.6,104,+0.6,114,+0.9,113,0.64,330,40.9,9,36.1,264,2012,0.5384047042757273,13,17,0.43333333333333335,30
261,Boston College,ACC,9-22,-8.67,95.7,287,104.3,204,63.8,241,+.048,61,+3.88,81,104.5,99,100.6,68,-3.18,249,,ACC,63.8,241,95.7,287,48.1,201,22.2,287,21.3,343,33.7,244,104.3,204,49.5,196,17.9,284,32.2,212,28.4,23,63.8,241,65.4,240,19.4,293,17.5,73,95.7,287,89.8,317,104.3,204,103.7,254,76.7,128,+0.6,129,+1.4,40,-0.8,259,+1.1,70,+0.5,121,-1.6,290,0.47,338,30.3,179,14.7,338,2012,0.2709890712395771,9,22,0.2903225806451613,31
181,Boston University,AE,16-16,-1.60,100.0,230,101.6,145,63.8,240,-.014,204,-3.10,236,100.7,277,103.8,186,+5.09,39,,AE,63.8,240,100.0,230,48.1,200,20.7,220,31.3,179,33.9,238,101.6,145,47.4,101,20.1,165,31.2,162,31.5,66,63.8,240,65.3,248,18.5,211,18.6,273,100.0,230,97.7,214,101.6,145,96.9,92,76.0,250,-1.3,265,-1.3,307,-0.1,178,+1.6,24,-1.1,275,-1.5,266,1.68,114,29.8,193,73.8,15,2012,0.454490424066988,16,16,0.5,32
132,Bowling Green,MAC,16-16,+3.75,103.8,153,100.0,117,63.9,235,-.065,310,+1.16,129,103.6,134,102.4,144,+1.66,107,,MAC,63.9,235,103.8,153,49.7,145,20.4,195,33.7,89,26.8,339,100.0,117,50.6,238,22.9,36,31.5,178,36.6,181,63.9,235,65.3,245,19.0,253,18.0,166,103.8,153,100.5,165,100.0,117,98.2,125,76.1,238,+0.7,128,-0.3,207,+0.9,73,+2.4,9,+0.7,103,-4.4,342,2.03,43,26.4,261,75.7,10,2012,0.6056113321546259,16,16,0.5,32
260,Bradley,MVC,7-25,-8.46,94.9,296,103.4,184,67.4,63,-.012,199,+3.88,80,105.3,67,101.5,108,-1.34,195,,MVC,67.4,63,94.9,296,44.4,321,20.2,175,25.5,317,36.3,171,103.4,184,51.4,265,19.0,223,30.3,128,32.3,75,67.4,63,68.1,109,16.6,46,18.8,298,94.9,296,89.6,320,103.4,184,103.6,253,77.1,89,+0.8,121,+0.8,71,-0.1,189,+0.0,189,+1.1,77,+1.4,101,1.42,195,25.6,273,48.2,181,2012,0.27160702371715284,7,25,0.21875,32
310,Brown,Ivy,8-23,-15.73,95.2,293,110.9,311,64.1,222,-.006,190,-3.63,245,100.8,272,104.4,220,-7.11,326,,Ivy,64.1,222,95.2,293,47.1,253,19.0,107,24.0,327,28.4,333,110.9,311,52.2,291,17.7,290,29.8,105,27.6,16,64.1,222,65.7,225,18.9,250,17.7,113,95.2,293,92.2,299,110.9,311,106.2,295,76.7,137,-0.7,220,-1.0,288,+0.3,124,-0.5,222,+0.1,153,+1.6,49,1.29,217,27.9,229,45.0,203,2012,0.1473594838023327,8,23,0.25806451612903225,31
338,Bryant,NEC,2-28,-22.37,94.0,304,116.4,341,64.6,196,-.037,259,-3.04,231,100.9,268,104.0,194,+0.40,144,,NEC,64.6,196,94.0,304,46.8,265,21.9,271,27.0,288,29.5,320,116.4,341,54.2,331,17.4,300,33.9,264,33.5,112,64.6,196,67.0,165,18.1,171,17.8,132,94.0,304,91.9,301,116.4,341,112.2,341,76.7,124,+0.3,150,+0.4,121,-0.1,180,-0.9,282,+1.1,86,+1.5,58,1.42,194,31.0,159,56.5,124,2012,0.07885664006047258,2,28,0.06666666666666667,30
89,Bucknell,Pat,25-10,+8.11,107.4,90,99.3,97,63.2,262,+.007,153,-3.12,238,101.5,240,104.6,233,+1.59,110,8,Pat,63.2,262,107.4,90,51.3,76,18.6,86,29.5,238,38.3,120,99.3,97,46.3,50,16.3,331,22.3,1,35.4,156,63.2,262,64.4,279,18.9,247,18.4,224,107.4,90,106.2,59,99.3,97,95.8,67,77.1,82,+0.8,119,+1.4,41,-0.6,246,+1.1,72,+0.5,117,+1.5,61,2.04,40,27.9,234,67.5,45,2012,0.7113126971167907,25,10,0.7142857142857143,35
92,Buffalo,MAC,20-11,+7.92,107.3,91,99.4,102,67.3,66,-.000,172,+2.00,117,104.3,104,102.3,141,+2.92,83,,MAC,67.3,66,107.3,91,52.5,47,22.0,274,35.0,55,37.7,137,99.4,102,45.6,36,16.5,327,29.1,74,32.5,80,67.3,66,68.7,86,17.2,83,17.8,135,107.3,91,104.0,95,99.4,102,98.1,120,77.2,70,-0.2,190,+0.4,122,-0.6,243,-0.4,212,+1.1,77,+2.5,15,1.72,100,25.4,276,65.7,60,2012,0.7067144866604237,20,11,0.6451612903225806,31
116,Butler,Horz,22-15,+5.31,99.7,232,94.4,28,64.1,218,+.020,121,+1.42,124,103.1,155,101.6,116,+6.43,25,,Horz,64.1,218,99.7,232,45.0,312,20.2,176,34.6,63,40.7,66,94.4,28,46.7,69,21.4,98,27.1,35,44.5,309,64.1,218,65.0,266,18.4,205,18.6,280,99.7,232,95.5,259,94.4,28,92.6,29,76.7,142,+1.4,71,+1.7,24,-0.3,226,+0.1,174,-0.9,255,+0.5,149,1.25,225,31.9,138,41.6,231,2012,0.6520773361567731,22,15,0.5945945945945946,37
166,Cal Poly,BW,18-15,+0.49,104.4,143,103.9,193,59.1,341,-.070,318,-4.14,262,101.6,234,105.7,291,-2.58,232,,BW,59.1,341,104.4,143,48.9,177,18.0,50,35.1,50,29.0,325,103.9,193,49.3,186,18.7,239,25.3,11,44.8,312,59.1,341,61.0,340,20.8,333,18.8,301,104.4,143,104.5,90,103.9,193,99.2,149,76.1,239,-2.6,318,-1.6,323,-1.1,287,-0.4,215,-0.3,210,+0.5,131,1.38,201,38.9,26,46.8,190,2012,0.5137987301316934,18,15,0.5454545454545454,33
244,Cal St. Bakersfield,ind,16-15,-6.72,101.9,188,108.6,281,65.0,175,+.054,52,-4.92,284,101.7,231,106.6,325,-4.17,274,,ind,65.0,175,101.9,188,50.9,92,22.3,294,35.0,56,34.3,221,108.6,281,53.1,316,22.7,40,32.5,222,49.5,335,65.0,175,67.0,162,19.4,296,16.6,8,101.9,188,101.9,132,108.6,281,104.7,275,76.3,197,-0.4,202,-0.8,275,+0.5,114,-0.9,262,+1.1,77,-0.6,234,1.11,258,31.0,160,36.6,258,2012,0.3246871693014876,16,15,0.5161290322580645,31
159,Cal St. Fullerton,BW,21-10,+0.90,109.1,69,108.2,276,68.3,36,+.006,156,-6.60,316,100.0,302,106.6,327,-8.72,334,,BW,68.3,36,109.1,69,54.1,10,21.6,265,36.2,28,39.3,89,108.2,276,50.8,243,19.1,220,30.1,113,38.5,228,68.3,36,70.0,42,16.2,26,18.1,176,109.1,69,109.4,23,108.2,276,103.0,235,76.2,226,-2.7,320,-1.3,311,-1.4,314,-0.9,276,-0.7,237,+1.5,91,1.83,78,23.0,309,44.9,204,2012,0.5237971454530156,21,10,0.6774193548387096,31
303,Cal St. Northridge,BW,7-21,-13.77,98.2,255,112.0,323,67.9,49,-.049,284,-2.32,207,102.2,203,104.5,228,-0.25,165,,BW,67.9,49,98.2,255,42.7,336,19.8,160,33.7,88,36.8,161,112.0,323,54.3,332,21.5,95,35.6,310,49.0,334,67.9,49,69.3,58,17.1,75,17.9,147,98.2,255,95.5,260,112.0,323,109.2,325,75.5,310,-0.9,239,-0.1,180,-0.9,265,+0.1,145,-1.5,297,-1.8,291,0.91,293,39.0,25,35.9,266,2012,0.1806180814771276,7,21,0.25,28
29,California,P12,24-10,+16.37,111.3,43,94.9,38,65.7,135,-.007,192,+3.61,89,104.5,98,100.9,79,-1.83,210,12,P12,65.7,135,111.3,43,51.6,67,18.1,56,31.6,169,34.1,233,94.9,38,46.5,60,19.4,197,26.3,22,26.7,12,65.7,135,66.9,172,17.3,88,18.8,295,111.3,43,106.5,52,94.9,38,92.3,26,77.3,56,+1.9,45,+0.9,66,+1.0,49,-0.9,261,+0.3,143,-0.5,198,1.81,80,21.9,318,63.9,71,2012,0.8621382008453089,24,10,0.7058823529411765,34
233,Campbell,BSth,17-15,-6.00,103.7,154,109.7,294,67.1,79,+.050,55,-5.07,287,101.4,246,106.4,322,-1.74,206,,BSth,67.1,79,103.7,154,52.9,37,20.7,221,31.4,176,44.0,18,109.7,294,49.3,189,17.2,311,32.0,199,43.0,298,67.1,79,69.9,44,16.8,52,17.6,96,103.7,154,104.2,93,109.7,294,105.9,288,76.3,199,-1.6,282,-0.4,224,-1.2,306,+0.1,174,+0.1,179,+2.1,38,1.38,200,31.2,153,49.7,173,2012,0.34370122238872003,17,15,0.53125,32
326,Canisius,MAAC,5-25,-18.63,94.9,297,113.5,333,65.3,159,+.003,166,-4.34,267,101.2,248,105.6,287,-7.70,331,,MAAC,65.3,159,94.9,297,46.2,286,21.5,259,32.8,126,29.1,323,113.5,333,51.7,275,18.1,274,36.2,324,35.0,149,65.3,159,68.4,93,18.1,174,17.2,33,94.9,297,94.9,270,113.5,333,109.7,330,75.9,256,-2.6,314,-0.6,250,-2.0,332,-1.9,331,+0.1,186,+1.5,80,0.85,298,25.2,283,34.5,277,2012,0.1132204102265924,5,25,0.16666666666666666,30
320,Central Arkansas,Slnd,8-21,-17.91,93.1,312,111.0,314,71.7,7,+.003,167,-4.36,269,100.2,294,104.6,234,+0.77,135,,Slnd,71.7,7,93.1,312,45.5,300,20.2,174,31.7,165,30.8,300,111.0,314,54.6,335,21.1,114,37.2,333,44.0,305,71.7,7,74.0,7,15.9,13,16.5,6,93.1,312,91.8,303,111.0,314,108.5,319,76.4,178,+0.2,156,+0.3,125,-0.1,206,+0.5,113,+0.4,132,-0.2,192,0.85,300,46.2,2,36.4,260,2012,0.11687681350313686,8,21,0.27586206896551724,29
216,Central Connecticut,NEC,13-16,-4.11,99.7,233,103.8,192,67.0,84,-.052,292,-4.80,282,100.4,288,105.2,266,-1.81,209,,NEC,67.0,84,99.7,233,47.8,215,20.9,233,32.6,147,32.4,272,103.8,192,51.0,250,24.1,12,36.1,320,33.7,118,67.0,84,69.9,46,17.4,100,17.2,40,99.7,233,99.1,186,103.8,192,99.0,147,75.4,317,-3.3,329,-2.5,341,-0.8,255,-0.6,237,-0.7,236,+0.5,143,2.03,42,25.2,282,42.0,229,2012,0.3861669069624802,13,16,0.4482758620689655,29
253,Central Michigan,MAC,11-21,-7.99,98.5,249,106.5,251,63.9,228,-.005,185,-0.67,170,101.5,238,102.2,132,+1.09,123,,MAC,63.9,228,98.5,249,45.3,305,18.6,82,31.0,189,32.8,263,106.5,251,50.0,220,22.3,57,34.5,290,46.8,329,63.9,228,64.8,272,18.7,229,18.4,229,98.5,249,94.5,276,106.5,251,102.6,228,75.8,266,-0.1,180,+0.1,140,-0.2,217,-2.0,334,-1.9,318,+0.1,183,0.96,286,28.2,222,50.0,172,2012,0.28945816971053084,11,21,0.34375,32
172,Charleston Southern,BSth,19-12,-0.71,104.5,142,105.2,225,69.5,22,+.008,149,-5.15,289,101.6,232,106.8,331,+4.05,61,,BSth,69.5,22,104.5,142,50.5,114,18.5,78,32.4,150,35.3,197,105.2,225,53.1,315,22.2,62,30.2,118,34.5,138,69.5,22,71.6,18,15.9,17,17.8,130,104.5,142,105.1,79,105.2,225,102.0,213,74.2,345,-4.1,340,-3.0,344,-1.1,298,-1.4,303,-1.2,281,-3.5,338,1.40,198,28.5,217,36.4,261,2012,0.48081526493397503,19,12,0.6129032258064516,31
151,Charlotte,A10,13-17,+1.65,100.0,228,98.4,85,67.6,57,+.003,168,+4.25,72,105.8,55,101.6,111,-0.15,163,,A10,67.6,57,100.0,228,46.9,262,20.0,166,29.2,243,39.0,98,98.4,85,48.9,170,20.7,137,29.2,82,34.2,126,67.6,57,69.6,53,16.5,37,18.1,177,100.0,228,95.7,256,98.4,85,98.6,136,76.8,109,+0.4,144,-0.6,248,+0.9,84,+0.8,97,+1.3,50,+0.3,179,1.54,156,30.5,173,51.2,162,2012,0.5462394736631254,13,17,0.43333333333333335,30
264,Chattanooga,SC,11-21,-8.93,97.7,267,106.7,255,67.3,68,-.115,344,-5.06,286,100.9,270,105.9,301,+0.78,134,,SC,67.3,68,97.7,267,46.4,275,19.7,154,30.3,212,37.4,146,106.7,255,50.0,218,17.3,307,28.6,64,30.2,44,67.3,68,69.5,55,16.0,18,18.7,286,97.7,267,96.8,237,106.7,255,101.7,208,76.7,149,-0.8,231,-0.2,203,-0.6,247,+1.1,70,+0.4,136,+1.5,91,1.78,87,32.8,121,57.7,113,2012,0.266319800992732,11,21,0.34375,32
334,Chicago St.,GWC,4-26,-20.89,88.7,335,109.6,291,69.2,25,-.048,279,-3.11,237,101.7,230,104.8,248,+3.58,70,,GWC,69.2,25,88.7,335,43.9,328,23.6,327,28.9,254,30.3,311,109.6,291,52.7,306,19.7,185,32.9,234,41.1,263,69.2,25,72.4,16,17.3,91,16.0,2,88.7,335,85.4,341,109.6,291,107.5,308,75.7,283,-0.9,237,-0.2,197,-0.8,257,-0.9,265,-1.6,298,-1.5,282,0.29,342,26.4,260,7.5,341,2012,0.08068018345775183,4,26,0.13333333333333333,30
31,Cincinnati,BE,26-11,+16.03,109.5,62,93.5,22,62.9,272,+.023,115,+6.90,39,105.7,61,98.8,10,-9.17,338,6,BE,62.9,272,109.5,62,48.0,203,16.6,15,35.3,46,29.3,322,93.5,22,46.2,46,21.5,97,33.9,261,26.3,9,62.9,272,64.7,274,18.9,252,18.3,210,109.5,62,103.7,101,93.5,22,94.0,44,76.3,208,-1.6,290,+0.3,130,-1.9,331,-0.9,284,-0.1,196,+0.5,147,1.93,61,25.0,288,59.0,100,2012,0.8601547425722147,26,11,0.7027027027027027,37
82,Clemson,ACC,16-15,+8.65,105.5,124,96.8,58,63.1,265,-.107,343,+1.66,121,102.8,172,101.1,88,-5.99,313,,ACC,63.1,265,105.5,124,48.3,192,18.9,103,32.1,158,31.4,293,96.8,58,48.7,162,22.7,41,29.3,87,30.1,41,63.1,265,64.0,289,17.8,131,20.0,344,105.5,124,100.0,173,96.8,58,94.0,42,76.5,172,+1.1,89,+0.9,68,+0.3,132,+1.1,67,-0.3,211,-2.5,318,1.86,75,32.0,135,59.8,97,2012,0.7290356802789002,16,15,0.5161290322580645,31
80,Cleveland St.,Horz,22-11,+9.22,105.5,123,96.3,50,63.8,239,+.008,152,+1.53,123,102.9,165,101.3,102,+4.66,45,6,Horz,63.8,239,105.5,123,50.7,105,21.6,263,34.4,71,27.4,337,96.3,50,46.8,74,25.0,5,33.5,252,50.8,338,63.8,239,64.6,275,18.7,227,18.6,260,105.5,123,101.2,143,96.3,50,93.2,36,76.3,213,+1.0,101,+0.1,152,+0.9,67,+0.3,127,-0.4,214,-2.5,296,2.28,15,31.9,137,58.6,105,2012,0.7406385925352064,22,11,0.6666666666666666,33
185,Coastal Carolina,BSth,19-12,-1.91,102.8,169,104.7,212,63.8,237,-.006,188,-4.95,285,101.7,228,106.7,328,-0.77,182,,BSth,63.8,237,102.8,169,51.5,71,20.4,196,34.5,67,31.4,296,104.7,212,47.0,83,16.9,317,31.0,152,33.7,115,63.8,237,66.2,204,19.2,281,17.7,110,102.8,169,103.9,98,104.7,212,101.3,196,76.7,147,+1.9,52,+0.9,67,+0.9,60,-1.6,318,-0.7,232,+1.5,99,2.01,47,24.9,290,44.4,209,2012,0.44754168562547164,19,12,0.6129032258064516,31
324,Colgate,Pat,8-22,-18.21,97.7,269,115.9,339,64.8,187,+.064,32,-4.45,272,100.1,296,104.5,231,-5.74,309,,Pat,64.8,187,97.7,269,49.6,148,22.0,278,25.6,315,35.6,190,115.9,339,52.1,288,14.8,345,28.6,62,36.6,184,64.8,187,66.3,202,18.3,193,17.9,158,97.7,269,94.9,269,115.9,339,110.7,335,76.5,177,-0.2,192,+0.6,86,-0.9,263,+0.1,157,-0.9,246,+0.5,142,2.06,36,35.0,67,70.2,34,2012,0.12298073953638657,8,22,0.26666666666666666,30
160,College of Charleston,SC,19-12,+0.84,102.4,176,101.6,147,66.4,106,+.030,94,-3.23,239,101.2,249,104.5,224,+4.05,60,,SC,66.4,106,102.4,176,49.5,152,19.0,106,29.2,242,38.6,109,101.6,147,47.2,95,20.7,140,35.6,311,25.7,7,66.4,106,68.9,73,17.3,92,17.5,81,102.4,176,100.9,155,101.6,147,97.3,100,77.3,55,+1.3,79,-0.0,177,+1.3,38,+1.6,28,-0.9,244,+1.5,91,1.56,146,27.1,251,42.0,225,2012,0.5225338604107831,19,12,0.6129032258064516,31
81,Colorado,P12,24-12,+8.89,104.8,137,95.9,46,65.1,170,+.081,19,+5.35,59,105.7,57,100.4,58,+0.06,154,11,P12,65.1,170,104.8,137,49.5,153,19.4,134,28.7,259,43.2,26,95.9,46,46.9,75,18.3,259,28.2,58,32.0,70,65.1,170,66.0,211,17.5,110,19.0,323,104.8,137,100.0,171,95.9,46,96.5,80,77.4,46,+1.1,93,+1.1,52,-0.0,153,+1.1,72,+1.5,46,+1.5,56,2.09,32,26.6,258,32.2,287,2012,0.7350893748950336,24,12,0.6666666666666666,36
88,Colorado St.,MWC,20-12,+8.17,111.9,35,103.7,189,63.6,250,+.075,21,+4.39,70,104.7,87,100.3,56,+0.85,131,11,MWC,63.6,250,111.9,35,53.0,34,19.6,151,28.0,270,42.3,40,103.7,189,50.4,231,18.2,266,28.6,63,39.5,243,63.6,250,65.1,255,19.2,273,18.0,161,111.9,35,106.4,56,103.7,189,103.5,245,75.3,323,-4.0,339,-2.5,341,-1.5,315,-1.4,306,+0.1,181,-0.5,200,1.74,92,29.2,208,58.6,106,2012,0.7058245323793954,20,12,0.625,32
184,Columbia,Ivy,15-15,-1.85,101.1,203,103.0,178,62.4,288,-.048,282,-2.90,227,100.8,273,103.7,183,-4.00,268,,Ivy,62.4,288,101.1,203,48.9,176,19.4,137,27.2,284,32.3,275,103.0,178,47.9,130,18.8,233,25.8,15,36.3,177,62.4,288,63.9,291,20.0,322,17.7,118,101.1,203,98.6,196,103.0,178,98.1,119,76.6,160,+1.3,74,+0.4,119,+0.9,63,-0.3,207,-0.2,205,-1.5,249,1.07,270,32.5,127,42.5,221,2012,0.44667434656095467,15,15,0.5,30
38,Connecticut,BE,20-14,+14.53,111.3,42,96.8,57,63.0,270,-.032,255,+8.25,19,107.3,21,99.1,22,-0.46,172,9,BE,63.0,270,111.3,42,50.0,135,18.7,92,36.5,23,34.6,215,96.8,57,44.6,19,16.8,321,34.0,269,25.3,5,63.0,270,64.8,270,18.7,226,18.6,275,111.3,42,104.7,86,96.8,57,98.7,138,77.7,28,+4.1,11,+1.6,25,+2.4,4,+2.0,17,-1.9,307,+0.5,158,1.16,244,28.2,220,54.3,137,2012,0.8327433505001759,20,14,0.5882352941176471,34
273,Coppin St.,MEAC,14-16,-9.52,106.6,104,116.1,340,68.3,35,-.004,181,-6.72,319,98.2,331,104.9,251,+5.68,30,,MEAC,68.3,35,106.6,104,52.0,61,18.8,95,29.6,232,33.7,245,116.1,340,53.3,318,17.7,288,35.0,300,28.1,21,68.3,35,70.1,40,17.8,143,16.7,9,106.6,104,105.3,71,116.1,340,109.4,327,75.5,308,-2.0,301,-1.9,332,-0.1,201,+0.5,118,-2.9,334,-2.5,307,1.45,184,28.4,219,63.0,76,2012,0.27254739269865974,14,16,0.4666666666666667,30
207,Cornell,Ivy,12-16,-3.43,98.1,257,101.6,143,67.3,69,+.029,95,+1.01,132,102.9,158,101.9,125,+3.66,68,,Ivy,67.3,69,98.1,257,47.3,241,19.4,140,25.0,319,32.1,278,101.6,143,48.0,136,22.2,58,31.5,175,41.5,270,67.3,69,67.8,119,16.6,42,18.7,281,98.1,257,93.9,282,101.6,143,98.9,142,76.2,224,-2.2,305,-0.7,258,-1.5,317,-0.9,273,+0.1,164,+0.5,144,1.10,261,30.5,172,29.4,302,2012,0.40055672954978966,12,16,0.42857142857142855,28
28,Creighton,MVC,29-6,+16.47,119.2,5,102.7,166,65.9,125,+.079,20,+3.79,84,104.9,79,101.1,87,-0.47,173,8,MVC,65.9,125,119.2,5,57.8,2,17.7,42,30.1,217,38.0,125,102.7,166,49.7,204,15.2,343,25.2,10,29.3,32,65.9,125,68.0,114,17.7,120,18.0,160,119.2,5,115.5,4,102.7,166,102.1,216,76.3,209,+0.9,113,+0.1,145,+0.8,96,-0.7,245,-1.4,293,+0.5,158,1.68,116,29.9,192,57.3,117,2012,0.8472757679577346,29,6,0.8285714285714286,35
296,Dartmouth,Ivy,5-25,-12.92,91.2,322,104.1,199,62.6,278,-.077,329,-3.27,240,101.4,243,104.7,240,-6.23,316,,Ivy,62.6,278,91.2,322,44.2,323,21.5,257,26.2,298,36.0,180,104.1,199,48.7,163,18.9,228,26.7,28,38.5,226,62.6,278,63.9,295,20.1,325,17.6,104,91.2,322,89.6,321,104.1,199,100.0,170,76.9,106,-1.2,259,-1.1,299,-0.1,195,+1.1,57,+1.5,47,+1.9,45,1.56,149,33.4,103,53.3,146,2012,0.17925304152102406,5,25,0.16666666666666666,30
71,Davidson,SC,25-8,+10.65,112.0,33,101.4,141,67.4,65,+.008,151,-3.00,230,101.5,239,104.5,229,+8.78,11,13,SC,67.4,65,112.0,33,50.9,91,17.0,23,34.5,66,36.7,165,101.4,141,47.2,97,17.3,305,26.2,21,41.7,276,67.4,65,69.0,71,17.3,94,17.6,97,112.0,33,110.9,14,101.4,141,97.5,105,77.8,25,+0.9,107,+0.0,169,+0.9,73,+0.9,93,+2.1,26,+3.5,3,1.65,131,31.1,157,69.9,36,2012,0.7583026893816113,25,8,0.7575757575757576,33
69,Dayton,A10,20-13,+10.78,113.3,29,102.5,160,64.2,213,-.016,207,+4.01,77,104.6,95,100.5,65,-0.09,160,2,A10,64.2,213,113.3,29,50.7,101,19.5,142,35.6,38,33.5,247,102.5,160,50.1,222,19.3,204,29.8,104,37.3,202,64.2,213,65.8,221,18.2,190,18.5,249,113.3,29,107.5,42,102.5,160,101.0,190,77.1,87,+2.1,39,+0.5,101,+1.6,24,+1.1,41,-1.9,309,+0.5,171,2.06,34,31.6,144,54.7,133,2012,0.7598811898434142,20,13,0.6060606060606061,33
150,DePaul,BE,12-19,+1.69,108.5,77,106.9,261,71.4,8,-.042,269,+4.72,65,104.2,106,99.5,31,-9.74,340,,BE,71.4,8,108.5,77,49.5,150,18.5,80,30.9,192,26.4,341,106.9,261,52.5,302,21.6,91,38.1,338,40.9,261,71.4,8,72.4,15,17.1,71,16.4,5,108.5,77,102.0,126,106.9,261,105.4,283,76.8,120,+2.4,30,+1.2,50,+1.3,39,-0.4,214,-0.3,207,-0.5,203,1.47,180,36.3,50,56.8,120,2012,0.5426084291734126,12,19,0.3870967741935484,31
169,Delaware,CAA,18-14,-0.02,103.4,159,103.4,185,67.2,73,+.039,73,-1.62,192,100.6,282,102.2,133,-2.28,226,,CAA,67.2,73,103.4,159,47.5,236,18.6,84,27.9,272,43.4,23,103.4,185,43.9,11,15.5,341,32.9,236,32.3,73,67.2,73,68.0,110,17.8,141,17.7,120,103.4,159,99.6,177,103.4,185,98.6,137,76.2,215,-1.0,245,-0.8,269,-0.2,219,-1.5,310,+0.1,186,+2.5,31,1.25,221,25.4,277,50.3,171,2012,0.5,18,14,0.5625,32
240,Delaware St.,MEAC,15-14,-6.55,101.3,200,107.8,269,60.3,327,+.012,143,-6.91,321,98.3,328,105.2,263,+4.10,58,,MEAC,60.3,327,101.3,200,47.8,218,16.7,17,29.3,240,31.6,287,107.8,269,47.9,128,21.2,111,40.4,345,35.0,151,60.3,327,62.5,324,21.4,339,17.6,108,101.3,200,100.2,169,107.8,269,101.8,212,76.6,164,-0.9,232,-0.5,246,-0.3,230,+0.1,143,+0.1,146,-0.1,188,1.54,155,21.7,322,53.9,142,2012,0.32845099499112296,15,14,0.5172413793103449,29
73,Denver,SB,22-9,+10.41,110.9,49,100.5,128,60.2,328,-.072,323,-2.64,219,101.6,236,104.2,208,-0.32,169,,SB,60.2,328,110.9,49,57.3,3,19.5,143,22.8,338,35.2,199,100.5,128,48.4,150,23.5,23,31.3,167,40.7,260,60.2,328,62.0,328,19.8,311,19.3,332,110.9,49,108.9,25,100.5,128,96.5,79,77.4,45,-2.7,321,-1.7,326,-1.1,278,+1.1,72,+3.1,7,+4.5,1,2.24,18,24.8,291,53.1,148,2012,0.756284933537912,22,9,0.7096774193548387,31
115,Detroit,Horz,22-14,+5.48,108.1,82,102.6,164,67.1,76,-.008,193,+0.35,144,102.2,202,101.8,120,+1.14,120,15,Horz,67.1,76,108.1,82,48.0,205,19.0,116,34.3,72,43.3,24,102.6,164,50.9,247,22.1,63,31.4,170,38.9,232,67.1,76,67.6,128,17.6,117,18.1,186,108.1,82,103.7,102,102.6,164,99.8,168,76.3,201,+1.2,87,+1.2,47,-0.1,176,-0.6,236,-0.9,259,-2.1,294,1.87,72,26.8,255,72.1,23,2012,0.6457743744835022,22,14,0.6111111111111112,36
141,Drake,MVC,18-16,+2.63,101.1,205,98.5,87,65.8,132,+.036,77,+3.10,98,104.7,88,101.6,113,-0.51,174,,MVC,65.8,132,101.1,205,49.6,146,19.1,120,24.1,325,41.3,53,98.5,87,47.9,131,19.6,187,27.4,44,43.3,302,65.8,132,67.3,145,17.7,126,17.9,152,101.1,205,97.2,231,98.5,87,98.4,129,77.2,78,+1.8,53,-0.1,188,+1.9,13,+1.0,92,-0.8,239,-1.5,261,1.24,226,32.2,134,62.4,82,2012,0.5743486776487912,18,16,0.5294117647058824,34
45,Drexel,CAA,29-7,+13.53,109.9,58,96.4,54,60.4,326,+.024,112,-2.05,200,100.7,276,102.7,152,-2.31,228,3,CAA,60.4,326,109.9,58,50.1,133,19.0,114,34.2,76,39.0,95,96.4,54,43.7,8,18.2,271,25.9,17,37.4,205,60.4,326,61.4,337,20.5,329,18.6,272,109.9,58,106.9,48,96.4,54,91.3,19,77.2,77,-0.5,209,+0.0,159,-0.6,244,+0.1,149,+2.1,32,+2.1,40,2.02,46,25.4,278,75.8,9,2012,0.8186523473628233,29,7,0.8055555555555556,36
19,Duke,ACC,27-7,+19.70,117.7,8,98.0,79,66.4,108,+.057,45,+8.18,22,107.3,25,99.1,23,+7.68,17,2,ACC,66.4,108,117.7,8,52.8,38,17.5,39,34.5,68,45.1,13,98.0,79,47.1,89,18.6,247,31.8,189,32.9,93,66.4,108,68.7,83,17.3,90,17.7,112,117.7,8,111.7,13,98.0,79,99.3,154,77.6,35,+5.1,1,+2.0,16,+3.1,1,+0.1,171,+0.1,156,+1.2,106,1.56,151,30.4,174,61.4,88,2012,0.8915306970921785,27,7,0.7941176470588235,34
124,Duquesne,A10,16-15,+4.29,107.2,93,102.9,176,67.1,77,+.026,106,+5.15,61,105.8,56,100.6,67,+0.59,139,,A10,67.1,77,107.2,93,50.4,119,17.2,24,28.6,261,36.6,166,102.9,176,51.6,269,24.4,7,38.8,342,32.9,90,67.1,77,69.7,49,17.3,89,17.4,61,107.2,93,101.9,133,102.9,176,103.3,240,74.9,335,-2.6,317,-1.6,322,-1.1,295,-2.5,342,-2.9,335,-0.5,230,1.75,90,31.4,148,61.7,87,2012,0.6155716604280858,16,15,0.5161290322580645,31
135,East Carolina,CUSA,15-16,+3.23,104.6,141,101.4,140,65.1,167,-.093,337,+2.38,111,103.6,133,101.2,96,-4.57,285,,CUSA,65.1,167,104.6,141,49.3,162,20.0,167,29.1,248,35.3,196,101.4,140,50.0,216,21.6,93,31.4,171,38.1,216,65.1,167,66.8,175,18.4,202,17.8,123,104.6,141,99.7,176,101.4,140,99.6,161,77.4,47,+0.7,126,-0.5,238,+1.2,41,+1.6,27,+1.1,71,+2.5,16,1.79,85,33.1,114,45.1,202,2012,0.5883891768547668,15,16,0.4838709677419355,31
146,East Tennessee St.,ASun,17-14,+2.21,101.8,189,99.6,110,64.1,220,-.017,210,-0.73,171,104.0,119,104.7,243,+0.10,151,,ASun,64.1,220,101.8,189,47.8,217,20.2,181,36.4,25,39.3,88,99.6,110,52.1,289,25.6,3,34.7,295,35.1,152,64.1,220,67.1,159,17.8,130,18.2,203,101.8,189,100.4,167,99.6,110,98.4,127,76.8,117,-0.6,214,-0.5,238,-0.1,166,+0.1,151,+0.7,107,+2.5,23,2.07,33,21.8,321,41.2,232,2012,0.5624844655824511,17,14,0.5483870967741935,31
298,Eastern Illinois,OVC,12-17,-13.07,97.6,270,110.6,308,63.1,263,+.018,126,-6.67,317,99.7,309,106.3,316,-7.17,327,,OVC,63.1,263,97.6,270,47.3,244,20.2,179,31.1,186,30.8,301,110.6,308,51.8,281,20.1,164,34.3,286,35.1,153,63.1,263,64.3,283,18.8,240,18.5,254,97.6,270,97.4,224,110.6,308,105.5,284,75.9,258,-1.6,280,-1.2,301,-0.4,231,-1.3,300,+0.1,186,+1.5,77,1.30,214,34.4,82,46.9,189,2012,0.19185682479568011,12,17,0.41379310344827586,29
265,Eastern Kentucky,OVC,16-16,-8.94,100.7,216,109.7,292,61.4,316,+.054,51,-5.51,298,101.1,255,106.6,326,-4.33,278,,OVC,61.4,316,100.7,216,49.4,157,17.4,35,26.6,294,31.5,291,109.7,292,51.8,276,20.4,156,33.3,242,42.6,294,61.4,316,63.6,308,20.0,321,18.0,163,100.7,216,100.7,163,109.7,292,104.7,274,76.5,171,-0.3,197,-0.3,213,-0.1,179,+0.5,116,+0.8,98,+1.1,108,1.49,172,30.0,189,41.2,233,2012,0.2720114761687233,16,16,0.5,32
263,Eastern Michigan,MAC,14-18,-8.83,90.5,326,99.4,99,59.2,340,+.096,13,-0.97,177,102.4,188,103.4,172,+2.54,88,,MAC,59.2,340,90.5,326,42.5,338,22.7,306,30.5,202,35.7,187,99.4,99,47.7,117,23.0,32,36.2,322,39.4,241,59.2,340,60.3,342,20.4,328,19.8,341,90.5,326,87.4,329,99.4,99,97.5,106,76.7,148,+0.4,141,+1.5,36,-1.1,271,-0.9,288,+0.7,104,-1.5,267,1.61,134,39.2,23,56.2,127,2012,0.25374718049213435,14,18,0.4375,32
208,Eastern Washington,BSky,15-17,-3.49,101.4,197,104.9,218,67.6,55,-.047,275,-3.05,233,103.3,149,106.4,318,+5.29,34,,BSky,67.6,55,101.4,197,47.4,237,17.0,22,30.4,208,35.4,194,104.9,218,50.9,246,22.1,64,31.4,173,59.0,345,67.6,55,69.9,43,17.7,127,16.8,11,101.4,197,101.7,137,104.9,218,102.6,227,75.8,268,+0.3,147,-0.6,256,+0.9,84,+1.2,39,-2.1,325,-1.5,286,1.56,150,27.8,235,65.0,63,2012,0.4036581117846075,15,17,0.46875,32
255,Elon,SC,15-16,-8.22,97.9,262,106.1,241,68.3,37,+.072,23,-4.00,255,101.1,253,105.1,261,+5.98,29,,SC,68.3,37,97.9,262,47.5,232,19.4,138,27.1,286,32.6,268,106.1,241,48.6,160,17.7,291,32.2,207,34.1,123,68.3,37,70.5,35,16.9,59,17.3,51,97.9,262,96.0,251,106.1,241,101.8,211,77.2,69,+1.4,72,+0.4,113,+0.9,59,+2.0,16,+0.3,139,-1.5,260,1.36,203,29.6,199,57.5,114,2012,0.28393853796984553,15,16,0.4838709677419355,31
119,Evansville,MVC,16-16,+5.17,110.7,52,105.6,230,66.4,105,-.023,229,+3.19,96,104.6,93,101.4,106,-3.35,255,,MVC,66.4,105,110.7,52,51.0,84,18.4,73,25.9,308,43.0,28,105.6,230,55.5,339,24.1,13,34.0,271,44.2,306,66.4,105,67.9,117,17.8,136,17.8,143,110.7,52,105.5,66,105.6,230,105.1,281,75.9,257,-2.6,316,-1.6,321,-1.1,284,+0.1,153,-0.1,194,+0.5,151,1.86,74,26.2,266,52.6,152,2012,0.632371213257641,16,16,0.5,32
228,FIU,SB,8-21,-5.45,99.4,239,104.9,217,63.7,246,-.068,316,-0.40,164,102.3,199,102.7,151,+3.01,80,,SB,63.7,246,99.4,239,46.3,278,21.9,272,31.9,162,38.9,99,104.9,217,49.8,210,20.8,131,34.8,299,47.8,331,63.7,246,65.2,251,19.4,292,17.7,114,99.4,239,95.7,255,104.9,217,101.6,202,76.3,211,+0.0,170,+1.5,28,-1.5,318,-0.9,272,-3.1,339,-2.5,325,1.26,219,28.4,218,40.6,237,2012,0.34993222813986985,8,21,0.27586206896551724,29
113,Fairfield,MAAC,22-15,+5.66,100.6,218,95.0,39,64.0,225,-.066,313,-1.42,186,102.6,180,104.0,196,+3.69,67,,MAAC,64.0,225,100.6,218,50.6,109,22.3,291,32.9,123,32.7,266,95.0,39,45.8,40,24.0,16,32.9,233,37.7,208,64.0,225,66.0,209,18.2,187,18.5,248,100.6,218,98.9,190,95.0,39,92.5,28,75.3,322,-1.4,271,-0.4,223,-1.1,298,-0.9,263,-2.0,323,-2.9,329,2.42,8,31.1,156,59.3,98,2012,0.6589608197247804,22,15,0.5945945945945946,37
335,Fairleigh Dickinson,NEC,3-26,-21.19,87.8,339,109.0,284,66.5,99,+.034,82,-3.99,253,101.5,241,105.5,283,-0.61,178,,NEC,66.5,99,87.8,339,44.7,315,22.1,283,28.4,266,32.7,264,109.0,284,49.7,205,18.6,240,33.0,238,38.5,225,66.5,99,69.2,64,18.1,179,16.9,19,87.8,339,87.7,327,109.0,284,105.0,279,76.7,143,-0.0,176,-0.4,222,+0.3,126,+0.6,103,+1.1,61,-0.7,235,0.81,304,32.2,133,19.8,328,2012,0.07675377540528555,3,26,0.10344827586206896,29
10,Florida,SEC,26-11,+22.47,120.4,3,98.0,80,64.2,210,-.043,270,+7.18,34,105.4,65,98.2,3,-1.67,204,7,SEC,64.2,210,120.4,3,54.8,8,16.6,16,32.7,134,33.3,256,98.0,80,47.8,118,19.0,226,29.3,88,29.9,39,64.2,210,65.9,215,17.9,150,18.7,284,120.4,3,113.8,6,98.0,80,98.1,118,75.7,276,+0.3,149,+1.0,60,-0.7,253,-0.9,290,+0.1,180,-3.5,335,1.95,58,25.3,281,58.1,111,2012,0.9142994282993161,26,11,0.7027027027027027,37
317,Florida A&M,MEAC,10-23,-17.29,93.4,309,110.6,307,67.8,50,+.039,75,-6.08,307,98.9,324,104.9,254,+1.42,111,,MEAC,67.8,50,93.4,309,44.5,318,22.3,293,34.9,57,27.8,336,110.6,307,50.3,229,20.7,135,38.6,341,42.4,291,67.8,50,70.0,41,16.6,43,17.9,159,93.4,309,91.8,302,110.6,307,104.9,277,75.6,302,-1.0,247,-1.0,286,-0.1,182,-1.5,315,-2.4,327,-1.5,288,1.07,268,38.7,28,49.0,176,2012,0.12522763311196927,10,23,0.30303030303030304,33
201,Florida Atlantic,SB,11-19,-2.99,101.5,193,104.4,206,63.4,255,-.048,278,+1.74,120,103.3,150,101.6,112,+8.65,13,,SB,63.4,255,101.5,193,46.7,267,18.4,72,31.5,173,28.9,327,104.4,206,48.2,145,20.8,133,34.2,281,43.1,300,63.4,255,65.3,243,19.6,304,17.5,83,101.5,193,96.6,241,104.4,206,101.4,200,74.7,340,-2.7,322,-1.4,313,-1.3,312,-0.9,281,-1.4,287,-5.5,345,2.06,35,43.0,4,75.3,12,2012,0.41970973132801587,11,19,0.36666666666666664,30
176,Florida Gulf Coast,ASun,15-17,-0.88,105.2,132,106.1,244,66.5,100,-.028,247,-0.50,166,103.4,147,103.9,190,-2.22,223,,ASun,66.5,100,105.2,132,52.3,53,21.3,248,33.2,114,34.2,224,106.1,244,50.3,228,20.4,152,35.6,309,38.5,227,66.5,100,69.0,69,16.7,47,18.4,220,105.2,132,102.9,113,106.1,244,104.0,262,76.9,108,+0.7,123,+0.1,151,+0.7,101,-0.4,209,+0.6,111,+2.5,26,0.85,299,37.0,41,37.9,251,2012,0.4755281759431702,15,17,0.46875,32
24,Florida St.,ACC,25-10,+17.14,107.6,89,90.4,10,66.6,95,+.034,80,+7.54,29,106.9,33,99.4,26,+0.82,132,3,ACC,66.6,95,107.6,89,51.2,79,23.4,323,35.0,52,34.8,211,90.4,10,43.7,10,21.9,78,32.1,200,34.3,128,66.6,95,68.2,104,16.6,41,18.7,294,107.6,89,101.0,151,90.4,10,91.5,21,78.4,5,+4.1,9,+2.2,7,+1.9,9,+1.1,68,+3.1,2,+2.7,11,2.00,51,33.2,113,67.1,48,2012,0.8811146713099747,25,10,0.7142857142857143,35
270,Fordham,A10,10-19,-9.21,94.8,298,104.0,196,66.4,101,+.072,24,+2.62,107,104.5,96,101.9,124,-4.39,279,,A10,66.4,101,94.8,298,42.3,340,20.2,180,34.8,60,31.6,289,104.0,196,49.2,180,18.7,237,34.6,294,35.3,155,66.4,101,68.8,79,18.1,175,17.1,28,94.8,298,89.9,315,104.0,196,104.1,263,76.2,220,+0.9,109,+0.5,93,+0.4,119,-0.6,230,-0.9,247,-1.5,264,1.72,97,23.7,303,65.0,62,2012,0.2563270601119523,10,19,0.3448275862068966,29
179,Fresno St.,WAC,13-20,-1.41,101.4,195,102.8,173,61.7,307,-.090,334,+0.63,142,104.2,109,103.6,177,+0.24,147,,WAC,61.7,307,101.4,195,46.0,287,16.5,14,28.8,255,36.1,179,102.8,173,50.4,230,21.9,76,33.7,260,45.7,323,61.7,307,64.0,290,19.2,278,18.5,257,101.4,195,99.3,184,102.8,173,101.6,206,76.0,248,-1.4,267,-1.1,294,-0.3,221,-1.4,305,+0.1,186,+1.5,83,1.51,160,20.4,333,45.3,201,2012,0.4606587365212975,13,20,0.3939393939393939,33
247,Furman,SC,15-16,-6.85,98.1,256,105.0,221,63.9,229,+.014,140,-4.06,258,101.3,247,105.3,274,-0.06,158,,SC,63.9,229,98.1,256,47.6,228,21.6,262,32.4,152,37.9,131,105.0,221,48.5,155,18.7,238,30.6,137,39.3,239,63.9,229,65.1,257,19.2,279,17.6,92,98.1,256,97.7,215,105.0,221,101.1,191,77.0,92,+1.7,61,+0.5,99,+1.2,43,+1.1,62,+1.1,69,-0.8,239,1.22,234,40.1,17,32.0,289,2012,0.313955915065851,15,16,0.4838709677419355,31
269,Gardner Webb,BSth,12-20,-9.20,95.3,290,104.6,208,63.9,232,-.031,254,-4.46,274,102.0,208,106.4,321,-0.43,171,,BSth,63.9,232,95.3,290,45.8,291,21.0,238,33.4,106,35.1,203,104.6,208,49.4,191,19.5,195,29.9,108,41.4,268,63.9,232,66.5,190,18.2,185,18.2,187,95.3,290,95.4,262,104.6,208,100.5,179,75.1,329,-0.7,226,-0.7,259,-0.1,201,-1.9,322,-0.9,267,-2.0,293,1.03,276,37.1,40,23.9,320,2012,0.2552494512624551,12,20,0.375,32
110,George Mason,CAA,24-9,+6.08,104.2,146,98.1,82,67.1,82,+.048,58,-2.20,204,101.0,264,103.2,164,-3.96,265,,CAA,67.1,82,104.2,146,50.7,102,22.2,284,33.0,122,40.9,59,98.1,82,44.5,18,20.6,146,31.8,190,37.6,206,67.1,82,68.4,94,18.1,165,17.3,48,104.2,146,101.2,146,98.1,82,93.3,38,76.4,192,+0.2,155,+0.3,128,-0.1,169,-0.2,200,+0.1,157,-1.0,242,1.58,141,31.9,140,44.1,214,2012,0.6667972296636291,24,9,0.7272727272727273,33
171,George Washington,A10,10-21,-0.68,101.8,190,102.5,161,62.6,280,-.038,261,+5.43,57,105.7,59,100.3,52,+2.69,86,,A10,62.6,280,101.8,190,46.3,280,20.3,186,34.8,59,28.5,332,102.5,161,50.6,237,21.4,101,34.4,288,36.3,176,62.6,280,65.0,261,19.7,308,17.6,90,101.8,190,95.5,258,102.5,161,103.0,234,77.5,38,+1.8,58,+0.4,117,+1.4,36,+1.1,60,+2.1,34,+1.6,50,2.18,27,34.5,81,73.3,17,2012,0.4803086932474792,10,21,0.3225806451612903,31
15,Georgetown,BE,24-9,+21.05,111.2,45,90.1,9,62.1,294,-.014,202,+8.32,18,107.3,22,99.0,18,-1.04,188,3,BE,62.1,294,111.2,45,51.4,75,19.3,132,35.0,53,38.8,102,90.1,9,43.1,3,19.9,173,29.1,73,36.3,175,62.1,294,64.1,286,18.1,177,19.7,338,111.2,45,105.2,76,90.1,9,91.2,17,78.5,4,+2.4,34,+0.5,112,+1.9,15,+4.1,1,+0.9,94,+2.5,26,1.57,143,28.1,225,47.9,184,2012,0.9183185566715061,24,9,0.7272727272727273,33
112,Georgia,SEC,15-17,+5.97,104.7,139,98.7,89,61.5,313,+.033,83,+7.99,25,106.9,31,99.0,15,+0.99,127,,SEC,61.5,313,104.7,139,45.3,304,16.7,19,29.8,227,30.3,312,98.7,89,47.8,124,18.5,251,30.5,134,41.1,264,61.5,313,62.0,326,19.7,309,19.0,321,104.7,139,97.2,233,98.7,89,100.6,183,76.4,191,+1.8,57,+0.8,72,+0.9,57,-0.4,208,-1.2,280,-0.5,225,1.81,79,29.4,202,44.4,210,2012,0.6634402212030441,15,17,0.46875,32
246,Georgia Southern,SC,15-15,-6.82,97.8,266,104.6,209,65.2,163,+.070,25,-3.73,247,101.0,265,104.7,242,+4.47,50,,SC,65.2,163,97.8,266,50.8,97,22.3,296,28.7,258,32.9,262,104.6,209,51.8,282,22.6,45,32.2,206,37.8,209,65.2,163,66.5,193,18.7,231,17.6,93,97.8,266,96.9,236,104.6,209,101.4,199,75.3,321,-2.0,303,-1.1,298,-0.9,262,-1.9,332,-0.2,200,-1.5,273,2.13,31,30.4,175,68.1,44,2012,0.3158265692476837,15,15,0.5,30
84,Georgia St.,CAA,22-12,+8.57,102.1,180,93.5,24,63.9,231,-.075,328,-3.85,251,101.1,257,104.9,250,-8.68,333,,CAA,63.9,231,102.1,180,48.1,199,17.4,32,31.5,175,34.3,219,93.5,24,43.9,13,22.7,43,30.5,135,30.3,45,63.9,231,66.0,213,17.9,155,18.8,297,102.1,180,101.0,150,93.5,24,88.2,2,76.1,234,-2.3,310,-1.2,302,-1.1,292,+1.1,72,+1.8,38,-1.5,271,1.54,152,22.9,312,63.2,74,2012,0.7333917828447015,22,12,0.6470588235294118,34
174,Georgia Tech,ACC,11-20,-0.86,98.5,250,99.3,98,62.2,293,-.073,324,+3.65,87,104.1,117,100.4,60,-0.81,183,,ACC,62.2,293,98.5,250,47.5,230,22.6,302,33.0,118,28.7,328,99.3,98,46.4,51,17.7,292,28.2,56,33.8,119,62.2,293,64.0,288,19.1,259,18.8,299,98.5,250,93.3,292,99.3,98,97.6,108,77.5,42,+0.9,110,+1.2,49,-0.3,223,+1.1,72,+0.7,109,+0.5,119,1.44,187,31.3,151,42.9,220,2012,0.47676081502673795,11,20,0.3548387096774194,31
21,Gonzaga,WCC,26-7,+18.39,113.1,30,94.7,33,64.8,183,-.018,218,+2.08,116,104.9,81,102.8,158,+1.05,126,7,WCC,64.8,183,113.1,30,53.6,17,19.5,141,33.8,84,46.2,7,94.7,33,46.5,61,19.2,209,27.1,36,27.5,14,64.8,183,67.2,151,17.9,152,18.1,179,113.1,30,109.9,21,94.7,33,94.0,45,77.0,94,+3.3,17,+2.3,6,+1.1,48,+1.4,36,-0.9,266,-0.5,199,1.25,224,32.6,126,50.8,165,2012,0.8851287728778109,26,7,0.7878787878787878,33
345,Grambling St.,SWAC,4-24,-30.22,85.3,345,115.5,338,64.3,208,+.024,108,-9.08,338,96.0,340,105.1,260,+5.28,36,,SWAC,64.3,208,85.3,345,39.7,345,24.0,334,25.9,306,35.7,188,115.5,338,49.9,213,17.3,309,35.9,316,31.2,59,64.3,208,67.4,142,18.4,204,17.4,64,85.3,345,80.5,345,115.5,338,105.6,285,75.7,280,+1.8,56,+2.0,15,-0.2,216,-0.5,218,-3.0,338,-3.5,337,0.49,337,36.2,51,14.5,339,2012,0.029724602742430935,4,24,0.14285714285714285,28
175,Green Bay,Horz,15-15,-0.88,101.3,198,102.2,154,66.1,118,+.068,26,+2.44,110,103.0,157,100.5,64,+8.87,10,,Horz,66.1,118,101.3,198,47.1,254,22.0,277,31.7,166,32.3,274,102.2,154,48.4,149,19.2,214,31.5,179,34.3,133,66.1,118,66.4,196,17.6,115,18.8,308,101.3,198,94.8,273,102.2,154,99.7,164,76.8,115,+3.8,13,+2.7,3,+1.1,46,-0.8,253,-0.6,227,-1.5,276,0.79,306,31.1,154,34.6,276,2012,0.4745917633995406,15,15,0.5,30
286,Hampton,MEAC,12-21,-10.53,92.1,317,102.6,163,67.1,81,-.051,289,-8.07,334,99.3,313,107.4,341,-4.16,272,,MEAC,67.1,81,92.1,317,45.2,307,20.5,198,32.2,156,38.7,107,102.6,163,45.5,34,22.0,70,34.8,298,37.4,204,67.1,81,68.8,81,16.0,22,19.2,331,92.1,317,93.3,294,102.6,163,96.6,81,77.2,75,+1.1,98,+0.6,84,+0.4,115,-0.9,257,+0.8,99,+0.5,136,1.69,109,28.8,213,46.6,192,2012,0.22416206118066972,12,21,0.36363636363636365,33
305,Hartford,AE,9-22,-14.72,91.3,320,106.0,239,64.2,216,-.019,222,-6.20,311,99.1,318,105.3,275,-3.04,245,,AE,64.2,216,91.3,320,48.6,182,23.1,317,20.6,344,30.8,302,106.0,239,51.2,255,23.0,33,31.5,180,42.9,297,64.2,216,66.2,203,18.6,221,17.7,116,91.3,320,89.6,319,106.0,239,100.1,172,75.0,333,-1.2,260,-1.2,300,-0.1,204,-2.2,337,-1.3,282,-1.5,283,1.16,242,30.2,182,20.4,326,2012,0.15228179904342,9,22,0.2903225806451613,31
41,Harvard,Ivy,26-5,+14.34,108.8,72,94.4,29,60.7,325,+.027,99,-0.87,175,101.4,245,102.2,134,+0.65,138,12,Ivy,60.7,325,108.8,72,52.5,46,20.2,183,30.1,219,42.0,43,94.4,29,45.4,31,19.8,179,25.4,13,30.2,42,60.7,325,61.7,333,19.7,305,19.7,339,108.8,72,105.4,70,94.4,29,90.0,9,76.8,122,-1.3,262,-1.0,282,-0.3,227,+1.1,72,+0.9,95,+1.5,72,2.33,12,30.0,187,77.8,6,2012,0.8365334334794222,26,5,0.8387096774193549,31
213,Hawaii,WAC,16-16,-4.03,103.3,164,107.3,266,69.6,20,+.035,79,-1.75,195,102.4,187,104.2,207,-6.13,314,,WAC,69.6,20,103.3,164,50.5,115,21.3,247,33.4,101,43.5,22,107.3,266,48.9,169,17.4,303,33.7,257,35.6,162,69.6,20,71.1,26,16.4,35,17.6,107,103.3,164,101.7,138,107.3,266,104.7,273,77.0,100,+1.7,59,+0.8,76,+0.9,73,+2.5,8,-1.7,303,-2.5,315,1.22,233,35.1,63,62.5,81,2012,0.39247996914501143,16,16,0.5,32
234,High Point,BSth,13-18,-6.17,105.5,126,111.6,321,63.7,244,-.066,312,-4.84,283,101.1,256,105.9,299,-0.57,176,,BSth,63.7,244,105.5,126,51.3,77,19.2,124,30.4,205,37.9,126,111.6,321,50.9,248,17.4,304,34.4,289,40.6,258,63.7,244,65.3,250,19.4,288,18.6,270,105.5,126,105.1,80,111.6,321,107.6,311,75.7,274,-0.9,235,-0.5,235,-0.4,235,-0.9,285,+0.1,169,-0.8,240,1.66,128,31.5,147,60.4,92,2012,0.34379761127162856,13,18,0.41935483870967744,31
219,Hofstra,CAA,10-22,-4.48,99.0,245,103.5,186,65.4,149,-.121,345,-1.10,179,101.9,210,103.0,162,-3.91,263,,CAA,65.4,149,99.0,245,44.9,314,20.6,210,32.5,149,43.1,27,103.5,186,51.4,264,22.8,38,30.6,140,39.6,244,65.4,149,67.8,122,17.8,137,17.9,156,99.0,245,96.0,249,103.5,186,99.5,159,76.0,243,-1.5,275,-1.1,292,-0.4,233,+1.1,86,-0.3,208,-2.5,298,1.92,63,29.5,201,48.9,177,2012,0.3749133682698218,10,22,0.3125,32
224,Holy Cross,Pat,15-14,-5.00,99.0,244,104.0,198,65.3,157,+.055,49,-4.25,265,101.0,263,105.2,270,-1.30,194,,Pat,65.3,157,99.0,244,48.3,193,20.5,199,29.2,244,33.2,257,104.0,198,47.5,103,17.5,296,29.9,106,30.9,51,65.3,157,66.9,173,18.5,210,17.5,72,99.0,244,97.5,218,104.0,198,99.8,167,75.8,265,+1.1,94,+0.5,101,+0.6,104,-0.7,243,-0.9,257,-2.5,299,1.70,108,33.3,107,51.3,160,2012,0.3620177856350265,15,14,0.5172413793103449,29
190,Houston,CUSA,15-15,-2.31,105.6,121,107.9,273,66.1,117,-.001,174,-1.35,182,101.6,235,103.0,161,-8.74,335,,CUSA,66.1,117,105.6,121,50.8,95,21.3,251,35.0,53,32.9,260,107.9,273,49.0,173,17.2,313,32.8,231,29.5,33,66.1,117,68.3,98,17.1,79,18.3,208,105.6,121,102.5,119,107.9,273,103.5,248,76.8,118,-0.1,186,-0.1,181,-0.1,168,+0.6,101,+1.1,86,+0.2,180,0.67,322,25.8,272,29.8,298,2012,0.43836881972045044,15,15,0.5,30
319,Houston Baptist,GWC,10-20,-17.48,93.2,311,110.7,310,70.2,14,+.015,137,-7.25,327,100.1,301,107.3,340,-2.02,214,,GWC,70.2,14,93.2,311,45.1,311,21.4,253,30.2,214,39.4,85,110.7,310,53.6,322,21.8,82,35.7,314,46.3,326,70.2,14,74.1,6,16.2,28,16.3,4,93.2,311,93.5,286,110.7,310,106.3,297,75.2,325,+1.2,80,+1.4,43,-0.1,207,-2.1,336,-2.8,332,-4.5,343,0.66,325,41.6,6,15.0,337,2012,0.12143877652367113,10,20,0.3333333333333333,30
308,Howard,MEAC,10-21,-15.16,91.0,323,106.1,243,65.4,151,+.040,70,-3.99,254,100.5,286,104.5,222,+9.40,8,,MEAC,65.4,151,91.0,323,42.4,339,24.9,338,33.4,105,46.1,9,106.1,243,49.9,212,20.7,138,32.2,203,53.3,343,65.4,151,68.4,97,18.6,225,16.9,16,91.0,323,87.5,328,106.1,243,102.3,222,76.7,134,+1.1,92,+0.6,85,+0.5,110,+0.2,134,+0.7,101,+0.0,184,1.08,263,42.3,5,31.1,293,2012,0.14610169323895267,10,21,0.3225806451612903,31
272,IPFW,Sum,11-19,-9.52,98.3,252,107.8,270,68.4,34,+.022,117,-2.84,226,104.1,113,107.0,333,-6.51,318,,Sum,68.4,34,98.3,252,50.1,127,20.7,214,29.2,246,36.8,160,107.8,270,53.6,323,19.3,207,27.0,34,42.2,283,68.4,34,70.2,39,16.3,30,18.2,188,98.3,252,98.5,199,107.8,270,106.9,304,76.2,216,+0.9,105,+0.7,78,+0.3,130,+1.1,72,-1.1,279,-2.5,305,1.29,216,38.5,29,51.7,156,2012,0.257134299614292,11,19,0.36666666666666664,30
202,IUPUI,Sum,14-18,-3.04,107.9,85,110.9,313,65.3,153,-.028,245,-1.59,191,102.8,169,104.4,218,-1.20,192,,Sum,65.3,153,107.9,85,49.0,172,17.7,46,33.7,87,35.1,201,110.9,313,53.1,317,19.8,180,34.3,283,38.7,231,65.3,153,66.8,174,19.1,260,17.2,30,107.9,85,105.7,64,110.9,313,108.8,322,76.3,207,-1.1,250,-1.1,290,-0.1,184,+0.2,131,-0.9,262,-0.5,195,1.60,135,27.2,249,61.3,89,2012,0.4218030016089386,14,18,0.4375,32
156,Idaho,WAC,19-14,+1.29,106.6,103,105.3,226,62.5,282,+.012,141,-0.77,172,103.7,131,104.5,221,-1.90,213,,WAC,62.5,282,106.6,103,53.6,18,20.3,190,31.1,187,41.6,48,105.3,226,49.1,178,16.5,329,30.7,143,31.1,54,62.5,282,64.9,269,19.1,262,18.2,202,106.6,103,105.3,72,105.3,226,103.8,257,76.1,229,+1.3,78,+1.2,51,+0.1,141,-1.4,304,-2.1,324,-0.5,230,1.04,274,26.2,265,44.4,211,2012,0.535218100181575,19,14,0.5757575757575758,33
304,Idaho St.,BSky,9-21,-13.93,97.1,279,111.0,315,64.9,177,+.027,100,-3.06,234,101.9,216,104.9,253,+2.01,98,,BSky,64.9,177,97.1,279,47.4,239,20.8,230,29.5,237,34.1,229,111.0,315,55.0,337,22.2,59,33.9,262,44.5,310,64.9,177,66.5,194,18.3,195,18.2,190,97.1,279,95.0,268,111.0,315,107.6,312,76.0,251,+1.6,65,+1.7,23,-0.1,209,-0.5,224,-1.9,319,-0.5,226,0.99,281,23.9,301,44.8,206,2012,0.1767430327240674,9,21,0.3,30
76,Illinois,B10,17-15,+9.49,104.3,145,94.8,36,64.2,217,-.005,187,+8.41,16,109.0,1,100.6,66,-2.20,219,,B10,64.2,217,104.3,145,49.4,156,20.3,187,30.2,213,30.4,309,94.8,36,49.2,181,20.1,163,27.9,47,36.2,174,64.2,217,65.3,249,19.1,261,17.9,149,104.3,145,99.3,181,94.8,36,97.5,104,77.4,51,+4.2,7,+4.0,1,+0.2,136,+0.1,161,+0.4,137,+0.5,132,1.71,103,28.0,226,31.7,292,2012,0.7499362760695084,17,15,0.53125,32
282,Illinois Chicago,Horz,8-22,-10.42,97.9,263,108.3,279,64.3,206,+.008,150,+0.15,153,102.1,205,101.9,128,-1.68,205,,Horz,64.3,206,97.9,263,45.7,293,22.2,289,32.6,141,33.0,258,108.3,279,51.8,279,17.8,287,29.6,95,43.7,304,64.3,206,64.9,268,19.7,306,17.5,77,97.9,263,93.3,293,108.3,279,105.1,282,76.6,163,+1.0,103,+0.1,157,+0.9,53,-0.9,256,-0.9,251,+0.5,124,0.59,334,23.5,307,16.9,333,2012,0.23848127763918267,8,22,0.26666666666666666,30
93,Illinois St.,MVC,21-14,+7.79,109.3,66,101.5,142,63.4,254,+.004,163,+2.54,108,104.4,101,101.9,122,-7.47,328,7,MVC,63.4,254,109.3,66,52.0,62,18.3,64,27.0,287,38.6,108,101.5,142,47.9,127,17.0,314,26.4,23,30.9,52,63.4,254,65.0,264,18.1,166,18.9,314,109.3,66,105.3,73,101.5,142,99.6,160,76.1,228,+1.6,67,+0.7,82,+0.9,51,+0.3,125,-2.0,322,-2.5,314,0.93,290,28.7,216,44.1,215,2012,0.700867526756795,21,14,0.6,35
9,Indiana,B10,27-9,+22.55,120.2,4,97.6,72,66.7,92,+.007,155,+8.41,15,107.4,19,99.0,16,-4.96,295,4,B10,66.7,92,120.2,4,55.2,6,18.9,104,34.6,64,44.5,15,97.6,72,48.1,139,20.0,167,30.1,115,34.3,130,66.7,92,67.7,124,17.2,82,18.5,251,120.2,4,113.8,7,97.6,72,98.5,133,78.1,14,+4.4,5,+1.5,31,+2.9,2,+1.6,29,+2.5,14,+0.5,133,1.99,52,30.7,171,69.3,39,2012,0.9164616626528321,27,9,0.75,36
137,Indiana St.,MVC,18-15,+3.09,102.0,184,98.9,94,64.0,227,+.060,36,+3.16,97,104.8,85,101.6,115,-1.86,211,,MVC,64.0,227,102.0,184,47.8,214,18.8,97,25.6,314,37.9,127,98.9,94,48.5,154,18.5,249,26.2,20,32.7,85,64.0,227,65.2,252,18.4,200,18.6,266,102.0,184,97.2,232,98.9,94,98.5,132,76.7,125,-1.9,299,-0.3,212,-1.6,322,+0.1,176,+1.1,66,+2.5,22,2.03,44,32.8,120,72.1,24,2012,0.5878128469470296,18,15,0.5454545454545454,33
54,Iona,MAAC,25-8,+12.26,115.5,15,103.2,181,70.0,17,-.011,197,-1.04,178,102.6,177,103.7,181,+4.87,42,14,MAAC,70.0,17,115.5,15,56.5,4,17.3,26,31.3,180,30.3,310,103.2,181,51.1,254,22.2,61,32.0,197,28.8,27,70.0,17,72.0,17,15.5,10,18.2,191,115.5,15,114.1,5,103.2,181,99.8,166,75.1,328,-3.1,328,-1.5,314,-1.6,324,-2.2,338,-1.7,305,-0.5,202,2.20,26,27.7,241,58.9,102,2012,0.7849786652040457,25,8,0.7575757575757576,33
101,Iowa,B10,18-17,+7.15,111.6,39,104.4,205,67.3,70,+.011,144,+7.01,36,107.4,17,100.4,61,-9.20,339,7,B10,67.3,70,111.6,39,50.6,111,18.1,55,32.6,143,38.5,115,104.4,205,51.8,278,19.7,183,31.7,187,32.5,81,67.3,70,68.6,87,16.3,29,18.8,296,111.6,39,106.2,58,104.4,205,106.0,290,77.5,39,-1.1,248,-0.8,268,-0.3,225,+1.1,72,+3.1,2,+1.5,54,2.04,41,31.2,152,68.7,43,2012,0.6828609231984596,18,17,0.5142857142857142,35
26,Iowa St.,B12,23-11,+16.69,113.9,24,97.2,66,65.8,128,-.004,184,+7.22,32,107.0,30,99.8,39,-4.08,271,8,B12,65.8,128,113.9,24,52.6,43,18.2,59,32.2,154,38.7,106,97.2,66,48.6,159,17.3,310,26.0,18,26.5,10,65.8,128,67.8,120,16.9,62,18.6,259,113.9,24,108.0,37,97.2,66,99.2,150,76.9,105,-0.8,227,-0.1,192,-0.6,251,-0.9,267,+1.1,77,+2.2,35,1.71,105,24.5,297,32.8,282,2012,0.8609648414095411,23,11,0.6764705882352942,34
332,Jackson St.,SWAC,7-24,-20.45,88.5,336,108.9,283,60.7,324,-.027,242,-7.13,324,97.0,336,104.2,204,+15.79,1,,SWAC,60.7,324,88.5,336,41.8,343,23.6,326,32.7,136,33.0,259,108.9,283,49.8,208,20.6,142,35.2,304,41.7,277,60.7,324,63.8,301,21.0,337,16.9,17,88.5,336,85.8,340,108.9,283,101.4,201,75.6,303,-0.4,204,-0.8,273,+0.4,117,-0.2,198,-2.5,328,-2.5,310,0.40,340,40.1,16,19.1,331,2012,0.08429158157780883,7,24,0.22580645161290322,31
242,Jacksonville,ASun,8-22,-6.68,99.5,237,106.1,246,65.4,145,-.019,219,+2.30,114,104.6,94,102.3,139,+7.15,21,,ASun,65.4,145,99.5,237,46.3,279,22.2,288,35.9,33,35.0,205,106.1,246,52.3,295,20.7,141,34.0,270,54.1,344,65.4,145,67.5,135,18.1,163,17.7,121,99.5,237,95.6,257,106.1,246,106.2,294,74.3,344,-4.5,343,-2.4,340,-2.1,335,-1.5,311,-2.6,330,-2.5,322,1.40,199,33.3,109,64.1,69,2012,0.3233146017437109,8,22,0.26666666666666666,30
203,Jacksonville St.,OVC,15-18,-3.24,98.6,248,101.8,150,63.3,260,-.084,331,-4.72,280,100.9,266,105.6,289,-1.53,199,,OVC,63.3,260,98.6,248,45.8,292,19.6,153,32.4,151,40.5,67,101.8,150,47.6,106,22.6,46,32.0,196,49.8,336,63.3,260,65.0,265,20.7,331,16.5,7,98.6,248,97.6,216,101.8,150,96.7,84,75.4,316,-3.0,326,-2.2,337,-0.8,258,-1.3,298,-0.5,222,+0.5,127,0.66,324,37.9,35,22.8,323,2012,0.40919439799365087,15,18,0.45454545454545453,33
248,James Madison,CAA,12-20,-7.01,101.0,209,108.0,274,65.5,144,+.011,146,-1.82,197,101.1,252,102.9,159,-2.71,237,,CAA,65.5,144,101.0,209,49.2,167,19.2,128,27.7,274,31.4,294,108.0,274,49.3,184,20.1,161,36.1,319,42.4,288,65.5,144,67.0,166,17.4,105,18.7,293,101.0,209,98.1,208,108.0,274,103.5,249,76.6,154,-0.3,198,-0.3,214,-0.1,167,+1.1,56,+2.1,21,-2.5,311,1.48,174,29.2,209,28.6,308,2012,0.31634431787549727,12,20,0.375,32
4,Kansas,B12,32-7,+26.91,114.0,23,87.1,3,66.3,111,+.027,101,+11.15,1,108.8,4,97.6,1,+5.21,38,2,B12,66.3,111,114.0,23,52.3,54,19.1,119,34.0,79,39.8,77,87.1,3,43.4,6,20.2,160,28.7,66,33.1,98,66.3,111,67.8,118,16.8,55,18.6,276,114.0,23,108.1,36,87.1,3,90.6,12,78.2,11,+1.9,47,+1.8,20,+0.1,144,+1.1,72,+2.1,19,+3.0,10,1.49,168,22.7,314,32.1,288,2012,0.956691331567626,32,7,0.8205128205128205,39
23,Kansas St.,B12,22-11,+17.52,109.8,59,92.3,18,66.5,97,-.024,231,+7.98,28,107.0,28,99.1,21,-3.29,251,8,B12,66.5,97,109.8,59,48.9,179,21.0,242,40.5,3,43.2,25,92.3,18,46.0,42,23.3,27,32.1,201,41.8,278,66.5,97,67.8,121,18.2,186,17.4,66,109.8,59,103.7,100,92.3,18,93.8,40,76.9,104,+2.1,40,+1.5,27,+0.5,106,+0.4,120,+1.0,90,+0.4,173,1.42,191,35.1,65,62.6,80,2012,0.8804384222644617,22,11,0.6666666666666666,33
318,Kennesaw St.,ASun,3-28,-17.40,97.4,273,114.8,336,62.0,299,-.098,340,+1.54,122,104.2,111,102.6,147,+4.75,43,,ASun,62.0,299,97.4,273,47.5,235,21.2,245,28.1,269,31.5,292,114.8,336,57.0,344,19.2,216,37.4,336,34.4,134,62.0,299,64.8,273,20.0,318,17.3,44,97.4,273,92.9,296,114.8,336,115.5,343,76.1,233,-1.3,266,-1.3,308,-0.1,156,+1.5,32,-1.5,296,+0.5,158,1.89,69,20.9,330,58.4,108,2012,0.131221594033259,3,28,0.0967741935483871,31
117,Kent St.,MAC,21-12,+5.29,105.5,122,100.2,122,67.1,75,+.005,159,+0.01,155,102.2,200,102.2,135,-2.78,241,,MAC,67.1,75,105.5,122,50.5,112,20.7,219,33.3,108,36.0,182,100.2,122,48.5,153,23.5,22,34.3,287,31.6,67,67.1,75,68.1,107,16.6,44,19.0,319,105.5,122,102.6,118,100.2,122,97.1,94,77.0,99,+1.3,77,+0.5,95,+0.8,94,+0.1,162,+0.1,152,+1.5,73,1.69,111,28.1,223,74.0,14,2012,0.6439939918389254,21,12,0.6363636363636364,33
1,Kentucky,SEC,38-2,+32.59,122.2,2,89.6,7,65.4,150,+.032,86,+7.99,26,106.8,35,98.8,12,-1.06,189,1,SEC,65.4,150,122.2,2,53.8,14,16.9,21,37.3,20,41.7,47,89.6,7,42.0,1,17.5,299,30.1,114,25.8,8,65.4,150,67.0,161,17.8,142,18.2,192,122.2,2,115.9,3,89.6,7,90.8,13,78.8,2,+3.8,12,+1.4,42,+2.5,3,+3.1,3,+2.1,16,+2.5,17,1.18,238,21.6,323,44.0,216,2012,0.9725750178847066,38,2,0.95,40
162,LIU Brooklyn,NEC,25-9,+0.75,108.7,75,107.9,272,73.4,2,+.117,5,-5.25,291,99.8,306,105.0,256,-2.27,225,16,NEC,73.4,2,108.7,75,53.2,26,21.2,246,33.3,108,49.7,2,107.9,272,49.4,192,18.3,261,33.9,263,22.0,2,73.4,2,75.6,2,14.9,6,17.2,29,108.7,75,107.4,45,107.9,272,102.4,223,74.5,343,-0.7,225,-1.5,314,+0.8,92,-2.9,343,-3.9,345,-1.5,288,2.02,45,24.9,289,71.7,26,2012,0.5212246380398851,25,9,0.7352941176470589,34
98,LSU,SEC,18-15,+7.34,101.8,191,94.5,30,65.1,168,+.021,120,+5.64,52,105.9,51,100.2,50,-1.87,212,6,SEC,65.1,168,101.8,191,45.1,310,19.0,115,33.6,95,29.9,314,94.5,30,46.9,77,21.7,86,30.4,132,37.2,195,65.1,168,67.0,160,18.1,170,17.8,139,101.8,191,96.0,252,94.5,30,94.6,51,76.5,169,+3.6,15,+1.8,22,+1.9,18,+1.4,34,-3.0,337,-2.5,320,1.45,185,32.4,128,51.9,155,2012,0.7017652672184372,18,15,0.5454545454545454,33
62,La Salle,A10,21-13,+11.50,107.3,92,95.8,43,67.7,54,-.096,339,+1.91,119,104.4,102,102.5,145,-4.87,291,3,A10,67.7,54,107.3,92,53.2,27,18.6,88,26.1,303,29.8,315,95.8,43,46.0,43,22.5,50,34.0,272,34.6,141,67.7,54,69.3,57,17.1,77,17.6,106,107.3,92,104.8,85,95.8,43,94.8,55,75.8,264,-0.9,238,+0.1,146,-1.1,288,-1.9,327,+0.1,186,+0.5,146,1.62,133,24.3,298,48.4,179,2012,0.7864584716294521,21,13,0.6176470588235294,34
239,Lafayette,Pat,13-18,-6.34,106.2,113,112.5,324,65.4,146,+.012,142,-2.79,225,101.4,242,104.2,209,-0.93,186,,Pat,65.4,146,106.2,113,52.4,49,18.8,99,22.2,341,34.3,222,112.5,324,53.0,313,18.1,275,32.4,218,37.9,211,65.4,146,67.3,149,17.7,124,18.1,175,106.2,113,103.7,103,112.5,324,108.5,320,77.1,79,+1.1,96,+0.1,141,+0.9,54,+0.5,117,+1.1,67,+1.4,102,1.69,110,34.6,77,57.3,116,2012,0.34012554503454573,13,18,0.41935483870967744,31
108,Lamar,Slnd,23-12,+6.33,107.6,88,101.3,138,66.0,123,-.028,246,-3.98,252,99.4,310,103.4,173,+5.21,37,16,Slnd,66.0,123,107.6,88,46.2,283,17.3,29,37.1,21,41.0,57,101.3,138,46.9,80,20.0,168,29.8,103,34.2,127,66.0,123,68.8,80,17.5,108,17.5,80,107.6,88,104.7,87,101.3,138,95.5,64,75.7,290,-1.9,297,-0.8,271,-1.1,282,-1.9,329,-0.9,260,+0.5,155,1.66,126,32.3,131,64.3,67,2012,0.6668214351111666,23,12,0.6571428571428571,35
79,Lehigh,Pat,27-8,+9.29,108.6,76,99.3,96,67.6,56,-.026,239,-5.57,300,100.3,293,105.8,295,-5.17,299,15,Pat,67.6,56,108.6,76,50.4,121,16.3,11,29.9,224,38.0,124,99.3,96,47.2,94,21.1,118,29.2,76,33.7,113,67.6,56,69.0,68,16.0,19,19.1,328,108.6,76,108.2,35,99.3,96,94.3,48,76.6,159,-0.5,211,-0.5,234,-0.1,170,-0.5,228,-0.1,195,+0.5,140,1.69,113,34.0,93,66.1,58,2012,0.7368280860162645,27,8,0.7714285714285715,35
289,Liberty,BSth,14-18,-10.80,100.5,222,111.3,316,64.3,207,+.051,54,-5.54,299,101.0,260,106.5,323,-3.86,261,,BSth,64.3,207,100.5,222,48.0,207,17.7,44,30.4,206,34.2,226,111.3,316,52.2,292,16.9,318,31.1,158,31.2,58,64.3,207,66.6,185,18.5,215,17.8,131,100.5,222,100.7,162,111.3,316,107.6,313,76.4,182,-1.0,240,-0.9,278,-0.1,201,+0.1,154,+0.9,92,+0.7,117,1.91,66,20.0,335,58.7,104,2012,0.23616472580269354,14,18,0.4375,32
212,Lipscomb,ASun,13-18,-3.89,101.0,208,104.9,220,68.7,30,+.016,135,+0.34,145,103.9,123,103.6,179,+2.25,92,,ASun,68.7,30,101.0,208,49.4,159,20.5,197,30.0,221,33.8,240,104.9,220,51.4,262,20.5,151,34.3,285,31.2,55,68.7,30,71.4,22,16.1,23,17.7,122,101.0,208,98.4,202,104.9,220,103.5,247,75.6,297,-3.6,334,-1.5,320,-2.1,337,+0.1,176,+0.2,144,-0.9,241,1.07,267,40.7,11,30.2,297,2012,0.39276593348285654,13,18,0.41935483870967744,31
36,Long Beach St.,BW,25-9,+15.27,111.7,38,96.4,53,66.4,109,-.047,274,+1.25,127,104.0,118,102.8,156,+14.84,2,12,BW,66.4,109,111.7,38,52.3,50,18.9,105,33.9,80,42.5,35,96.4,53,47.7,115,21.6,90,30.6,138,27.9,18,66.4,109,68.0,111,16.4,34,19.1,327,111.7,38,108.3,31,96.4,53,95.0,62,76.5,174,+0.5,136,-0.4,228,+0.9,65,+1.5,30,-1.9,308,-1.5,285,2.80,2,20.9,331,71.0,30,2012,0.8447587599872566,25,9,0.7352941176470589,34
341,Longwood,ind,10-21,-22.94,99.7,234,122.6,345,69.1,26,+.010,147,-6.78,320,98.6,326,105.4,278,-6.87,322,,ind,69.1,26,99.7,234,48.3,195,17.6,41,24.7,321,25.5,345,122.6,345,57.8,345,15.8,338,31.3,166,31.5,64,69.1,26,72.8,12,17.3,96,15.8,1,99.7,234,96.5,243,122.6,345,116.7,345,76.1,231,-1.2,254,-1.2,303,+0.1,151,+0.1,168,+0.1,161,+0.5,141,1.79,81,21.2,326,62.0,85,2012,0.0848847557782569,10,21,0.3225806451612903,31
204,Louisiana Lafayette,SB,16-16,-3.27,94.5,302,97.8,75,68.7,32,+.018,129,-2.19,203,102.4,186,104.6,236,-1.21,193,,SB,68.7,32,94.5,302,47.2,248,22.9,312,31.7,167,42.6,33,97.8,75,45.2,28,19.2,212,29.6,96,40.5,254,68.7,32,70.9,31,16.4,31,17.9,157,94.5,302,93.2,295,97.8,75,94.7,52,76.4,181,-1.9,300,-0.6,249,-1.4,313,-0.9,278,+0.4,131,+2.2,36,1.19,237,39.3,22,45.9,196,2012,0.40257807821947583,16,16,0.5,32
311,Louisiana Monroe,SB,3-26,-15.97,96.9,283,112.9,329,63.5,253,-.088,333,-0.29,161,102.0,207,102.2,137,+1.22,118,,SB,63.5,253,96.9,283,46.7,268,20.1,172,25.2,318,29.0,324,112.9,329,52.9,310,16.4,330,30.7,144,38.0,213,63.5,253,65.3,244,18.9,246,18.1,182,96.9,283,91.7,305,112.9,329,109.5,329,75.7,282,-1.9,298,-0.0,175,-1.8,328,-1.5,314,-0.9,270,+0.5,158,1.13,253,40.5,14,56.6,122,2012,0.14710824662355862,3,26,0.10344827586206896,29
192,Louisiana Tech,WAC,18-16,-2.62,101.1,204,103.7,190,67.2,71,+.053,53,-1.38,183,102.4,193,103.7,184,-5.21,300,,WAC,67.2,71,101.1,204,48.4,188,18.4,70,28.8,257,31.6,290,103.7,190,49.3,188,21.3,109,34.1,279,42.4,286,67.2,71,68.8,82,16.9,63,18.1,183,101.1,204,98.6,195,103.7,190,100.9,186,76.4,188,-0.5,208,+0.5,91,-1.1,285,-0.6,242,+0.1,178,+1.5,59,0.94,288,36.1,53,28.9,305,2012,0.4275123770176418,18,16,0.5294117647058824,34
17,Louisville,BE,30-10,+20.67,106.2,112,85.5,1,66.1,115,+.031,91,+10.06,5,108.6,5,98.6,9,+0.11,149,4,BE,66.1,115,106.2,112,47.3,246,20.7,215,35.3,45,36.2,177,85.5,1,43.3,4,22.9,34,33.1,239,34.3,129,66.1,115,67.7,125,17.1,72,18.5,239,106.2,112,99.5,179,85.5,1,89.2,3,76.2,221,+0.2,157,+0.9,63,-0.8,256,-1.9,324,-1.9,311,-0.5,228,1.66,125,18.3,340,46.8,191,2012,0.9236700076683705,30,10,0.75,40
288,Loyola Chicago,Horz,7-23,-10.75,95.3,291,106.1,242,59.5,336,-.055,299,-0.46,165,101.9,215,102.3,142,-3.72,257,,Horz,59.5,336,95.3,291,45.9,290,23.4,324,30.7,195,37.7,134,106.1,242,51.0,251,19.3,202,30.9,151,32.9,92,59.5,336,61.4,336,21.4,340,18.0,172,95.3,291,91.2,306,106.1,242,102.4,226,77.0,98,+0.1,161,-0.3,219,+0.5,113,+0.5,108,+2.1,26,+1.3,103,1.17,241,30.8,165,35.8,267,2012,0.22538593904272566,7,23,0.23333333333333334,30
129,Loyola MD,MAAC,24-9,+3.91,103.9,150,100.0,116,63.6,251,+.114,6,-2.70,223,101.8,224,104.5,227,-0.69,180,15,MAAC,63.6,251,103.9,150,47.2,251,20.5,200,37.6,17,43.0,29,100.0,116,47.7,116,21.9,80,32.8,232,39.9,248,63.6,251,66.0,210,19.1,265,17.5,76,103.9,150,102.2,122,100.0,116,97.2,95,76.6,155,+1.9,50,+0.9,62,+0.9,71,+0.1,148,+0.1,150,-3.5,332,1.67,117,27.6,244,65.4,61,2012,0.608253118848569,24,9,0.7272727272727273,33
140,Loyola Marymount,WCC,21-13,+2.73,102.1,178,99.4,104,66.1,116,+.057,44,+0.26,147,104.2,108,104.0,195,-0.84,184,,WCC,66.1,116,102.1,178,48.0,202,19.8,158,31.3,182,37.6,140,99.4,104,47.2,96,20.4,155,33.5,250,33.4,108,66.1,116,67.9,115,17.9,153,17.4,58,102.1,178,100.4,166,99.4,104,98.9,144,76.5,176,+0.5,139,-0.3,211,+0.7,97,+1.1,64,+1.5,44,-1.5,284,1.90,67,37.4,37,63.8,72,2012,0.5764475578439378,21,13,0.6176470588235294,34
271,Maine,AE,12-17,-9.32,96.9,284,106.2,248,66.9,89,-.042,268,-6.96,322,99.2,317,106.2,310,-3.94,264,,AE,66.9,89,96.9,284,48.0,208,19.7,155,30.8,193,26.0,342,106.2,248,47.2,93,19.0,225,34.1,275,36.0,169,66.9,89,67.4,144,17.4,99,18.4,230,96.9,284,98.3,206,106.2,248,101.1,192,75.7,278,-0.4,201,-0.3,210,-0.1,208,-0.9,294,-1.9,310,-2.5,300,1.66,124,29.0,212,50.5,168,2012,0.25847444704504774,12,17,0.41379310344827586,29
128,Manhattan,MAAC,21-13,+3.91,103.3,163,99.4,105,67.0,85,-.022,226,-4.40,270,100.6,278,105.0,257,-5.06,297,,MAAC,67.0,85,103.3,163,50.2,124,23.3,320,35.7,35,40.2,70,99.4,105,46.7,66,22.9,35,31.4,169,42.4,287,67.0,85,69.1,67,17.7,121,17.3,46,103.3,163,102.1,124,99.4,105,94.0,43,76.3,196,-2.3,311,-1.6,325,-0.6,250,+0.1,163,+0.1,147,+1.5,62,1.11,257,37.0,42,54.3,138,2012,0.6088737445370034,21,13,0.6176470588235294,34
254,Marist,MAAC,14-18,-8.05,98.7,246,106.8,259,67.5,59,+.049,56,-3.85,250,100.6,281,104.4,219,-4.50,282,,MAAC,67.5,59,98.7,246,47.5,234,21.5,254,29.9,223,42.4,38,106.8,259,51.5,266,19.3,205,31.6,182,26.6,11,67.5,59,69.6,51,17.3,97,17.3,56,98.7,246,96.8,238,106.8,259,103.4,243,75.6,294,-0.5,207,+0.6,90,-1.1,291,+1.1,72,-0.9,264,-2.9,330,1.02,278,29.8,196,42.0,227,2012,0.2876060758520336,14,18,0.4375,32
18,Marquette,BE,27-8,+20.22,111.5,40,91.3,14,70.0,15,+.042,67,+8.24,20,106.6,39,98.3,6,-0.95,187,3,BE,70.0,15,111.5,40,50.1,126,18.5,76,33.2,113,40.9,62,91.3,14,45.4,30,23.3,28,35.2,302,30.6,48,70.0,15,71.5,19,15.6,11,18.3,209,111.5,40,105.3,74,91.3,14,92.5,27,76.2,223,-0.8,230,-0.8,270,-0.1,185,-0.4,210,+0.1,171,+1.3,104,1.34,208,27.9,231,55.4,131,2012,0.9087567747476438,27,8,0.7714285714285715,35
78,Marshall,CUSA,21-14,+9.32,109.4,63,100.1,120,65.2,164,+.026,103,+5.94,48,106.0,47,100.1,47,+4.25,54,5,CUSA,65.2,164,109.4,63,48.1,198,19.4,133,39.9,7,37.9,128,100.1,120,49.2,183,18.3,262,29.2,79,40.5,255,65.2,164,66.3,201,18.4,203,18.1,184,109.4,63,103.4,106,100.1,120,100.5,177,77.1,85,+2.7,23,+1.5,30,+1.2,44,+0.3,128,+1.1,63,-1.5,270,1.97,56,26.2,267,58.3,109,2012,0.7352985153684071,21,14,0.6,35
134,Maryland,ACC,17-15,+3.37,106.7,101,103.4,183,66.2,114,+.092,15,+5.05,63,105.3,66,100.3,55,-3.31,252,,ACC,66.2,114,106.7,101,47.5,233,19.5,145,33.7,86,46.5,6,103.4,183,48.0,133,16.0,334,31.2,163,33.1,95,66.2,114,67.5,139,18.0,157,17.8,125,106.7,101,100.7,164,103.4,183,103.6,250,77.8,26,+2.9,19,+2.0,13,+0.9,88,+0.4,119,+1.1,53,+1.5,68,1.18,239,29.8,195,35.5,273,2012,0.5893517648315267,17,15,0.53125,32
327,Maryland Eastern Shore,MEAC,7-23,-18.74,87.1,341,105.9,236,66.9,87,+.004,162,-4.06,259,100.1,298,104.1,202,+4.31,53,,MEAC,66.9,87,87.1,341,42.0,342,25.8,343,35.4,42,31.6,288,105.9,236,49.5,193,19.3,201,32.2,211,42.4,290,66.9,87,68.4,95,17.8,138,17.6,98,87.1,341,84.6,343,105.9,236,102.1,218,77.2,74,+1.2,88,+1.1,54,+0.1,149,+0.5,114,+2.1,26,+0.5,134,1.31,212,36.3,49,39.3,245,2012,0.09556176354686514,7,23,0.23333333333333334,30
74,Massachusetts,A10,25-12,+9.83,106.2,114,96.3,51,73.2,3,+.055,50,+3.72,85,105.0,77,101.2,97,-4.83,289,5,A10,73.2,3,106.2,114,49.6,149,19.6,152,33.3,108,33.4,248,96.3,51,46.2,47,22.0,71,33.4,246,38.3,222,73.2,3,75.0,3,14.4,2,18.0,168,106.2,114,101.6,140,96.3,51,95.7,66,77.1,81,+1.6,63,+0.2,134,+1.4,30,+1.1,53,+3.1,7,-2.5,312,1.69,112,29.2,207,48.4,180,2012,0.7549781808652883,25,12,0.6756756756756757,37
221,McNeese St.,Slnd,17-16,-4.75,100.9,210,105.7,233,64.2,212,+.043,64,-2.44,214,100.8,271,103.3,168,+5.64,31,,Slnd,64.2,212,100.9,210,46.3,277,18.3,65,31.7,164,34.2,227,105.7,233,49.0,172,19.4,199,30.9,148,39.6,245,64.2,212,66.7,179,18.8,239,17.3,55,100.9,210,98.2,207,105.7,233,101.8,210,76.4,186,-0.9,234,+0.2,137,-1.1,290,-0.4,213,+0.1,148,+1.5,82,1.50,165,26.6,259,31.1,294,2012,0.3694767759148128,17,16,0.5151515151515151,33
12,Memphis,CUSA,26-9,+21.90,114.2,22,92.3,17,67.5,60,-.064,307,+5.10,62,104.9,78,99.8,41,+6.96,22,8,CUSA,67.5,60,114.2,22,54.0,12,18.5,77,29.8,228,41.3,49,92.3,17,43.4,7,20.4,154,31.2,161,38.3,221,67.5,60,68.1,108,16.5,38,19.0,322,114.2,22,108.4,30,92.3,17,91.3,18,77.3,62,+1.1,95,+0.3,124,+0.8,93,+1.7,21,+1.3,49,+0.5,130,1.48,175,30.2,181,72.7,21,2012,0.9204467316538514,26,9,0.7428571428571429,35
96,Mercer,ASun,27-11,+7.71,105.1,134,97.4,69,64.2,214,+.020,125,-0.87,174,103.0,156,103.8,189,+0.80,133,,ASun,64.2,214,105.1,134,52.6,44,22.5,300,32.6,144,37.6,139,97.4,69,44.4,17,20.5,148,34.1,277,39.3,240,64.2,214,65.8,220,18.6,219,18.0,164,105.1,134,103.1,110,97.4,69,95.0,61,78.0,18,+0.9,112,+0.8,74,+0.1,147,+2.1,14,+2.1,17,+2.4,34,1.03,275,26.7,256,44.4,208,2012,0.7057829042108511,27,11,0.7105263157894737,38
47,Miami FL,ACC,20-13,+13.18,111.0,47,97.9,76,63.6,249,-.038,260,+5.45,56,105.3,69,99.9,43,+1.06,125,2,ACC,63.6,249,111.0,47,49.7,144,17.2,25,31.8,163,33.3,249,97.9,76,47.8,119,19.8,181,31.9,194,33.0,94,63.6,249,65.8,222,19.3,284,17.5,68,111.0,47,105.2,78,97.9,76,97.9,114,77.2,64,+2.6,27,+2.1,11,+0.5,111,+0.5,109,-0.9,241,-0.5,205,1.67,119,34.9,70,59.9,96,2012,0.8091060557822357,20,13,0.6060606060606061,33
191,Miami OH,MAC,9-21,-2.61,102.4,175,105.1,223,59.5,335,-.038,262,+3.27,95,105.1,74,101.8,119,+5.56,33,,MAC,59.5,335,102.4,175,50.7,99,21.8,267,26.2,299,31.3,298,105.1,223,50.6,239,18.7,235,31.9,195,36.0,168,59.5,335,61.1,338,21.5,341,17.9,144,102.4,175,98.1,210,105.1,223,104.6,272,77.2,72,+2.4,31,+0.5,109,+1.9,15,+1.8,19,-0.9,272,+0.5,158,1.23,231,26.1,269,37.9,250,2012,0.4257300796512925,9,21,0.3,30
22,Michigan,B10,24-10,+17.52,114.3,19,96.8,56,60.1,330,+.058,42,+10.65,2,109.0,2,98.3,4,-0.11,161,4,B10,60.1,330,114.3,19,53.4,22,17.5,38,28.0,271,28.6,331,96.8,56,49.0,175,19.9,171,29.9,109,30.2,43,60.1,330,61.7,332,19.2,280,19.9,343,114.3,19,106.7,49,96.8,56,100.1,171,76.5,168,-1.1,249,-0.0,174,-1.1,280,+0.1,169,+1.1,68,+1.5,81,2.23,19,16.7,343,76.6,7,2012,0.8711387623764518,24,10,0.7058823529411765,34
3,Michigan St.,B10,29-8,+27.87,114.7,17,86.9,2,64.3,209,-.027,244,+10.21,3,108.6,6,98.4,7,-1.07,190,1,B10,64.3,209,114.7,17,52.7,40,19.6,148,35.8,34,37.8,132,86.9,2,43.3,5,19.2,213,26.0,19,34.3,132,64.3,209,65.8,218,17.8,132,19.1,330,114.7,17,108.2,34,86.9,2,90.1,10,76.9,107,-0.1,178,-0.2,199,+0.1,138,+1.1,61,-0.4,215,+0.5,125,1.60,136,32.3,130,39.9,241,2012,0.9605307044260621,29,8,0.7837837837837838,37
49,Middle Tennessee,SB,27-7,+12.92,108.5,78,95.6,41,65.4,147,-.003,180,-0.13,158,103.1,154,103.3,166,+4.47,48,4,SB,65.4,147,108.5,78,53.6,16,20.6,212,34.6,62,47.5,4,95.6,41,44.7,21,22.0,68,32.2,205,42.0,281,65.4,147,67.3,148,17.3,87,18.6,264,108.5,78,105.9,60,95.6,41,93.0,33,76.4,184,+0.4,146,+0.0,162,+0.3,125,-0.9,277,+0.1,165,+0.1,181,0.78,310,33.1,117,29.4,300,2012,0.8108648505185382,27,7,0.7941176470588235,34
144,Milwaukee,Horz,20-14,+2.30,100.6,220,98.3,84,65.2,166,+.033,84,+0.23,149,102.4,192,102.1,131,+2.98,81,,Horz,65.2,166,100.6,220,49.3,163,21.0,240,30.6,201,38.1,123,98.3,84,46.1,44,20.7,134,29.3,85,34.4,137,65.2,166,66.0,212,19.0,255,17.8,129,100.6,220,96.7,240,98.3,84,94.3,47,76.7,132,+1.2,83,+0.0,164,+1.2,40,-0.5,219,+0.6,110,+0.9,112,1.65,129,28.7,215,47.3,187,2012,0.5661044220012664,20,14,0.5882352941176471,34
52,Minnesota,B10,23-15,+12.77,108.5,79,95.8,42,63.9,230,+.018,127,+8.15,24,107.8,12,99.6,35,-5.15,298,6,B10,63.9,230,108.5,79,51.4,74,22.5,299,35.5,40,38.9,100,95.8,42,47.5,105,19.9,176,31.0,155,36.7,187,63.9,230,64.4,281,19.1,267,18.6,261,108.5,79,102.8,115,95.8,42,98.5,134,77.4,53,+2.9,20,+1.8,21,+1.1,47,+0.1,159,+1.1,70,+1.9,44,1.16,243,39.6,21,43.3,218,2012,0.8071514432795157,23,15,0.6052631578947368,38
95,Mississippi,SEC,20-14,+7.75,104.7,140,96.9,61,65.4,148,+.066,28,+6.08,46,105.7,58,99.6,33,+0.73,136,2,SEC,65.4,148,104.7,140,47.2,252,20.8,224,35.6,37,42.5,36,96.9,61,46.9,76,19.5,192,31.5,177,33.4,110,65.4,148,67.2,153,17.3,93,18.7,289,104.7,140,97.4,223,96.9,61,96.3,77,78.3,7,+2.4,32,+1.1,56,+1.4,37,+1.7,22,+2.1,23,+2.1,41,1.74,94,27.2,248,46.2,193,2012,0.7089573167176023,20,14,0.5882352941176471,34
77,Mississippi St.,SEC,21-12,+9.35,111.7,37,102.4,158,63.9,233,+.007,154,+3.39,93,104.3,103,101.0,81,-4.08,270,4,SEC,63.9,233,111.7,37,51.6,68,17.9,49,31.4,178,32.7,267,102.4,158,48.8,164,15.8,339,27.8,46,23.7,3,63.9,233,65.9,214,19.4,289,17.2,32,111.7,37,106.5,51,102.4,158,100.6,184,78.0,17,+4.5,4,+2.1,10,+2.3,5,-0.9,258,+0.5,118,-0.5,196,1.79,83,25.6,275,42.3,224,2012,0.7309985929972873,21,12,0.6363636363636364,33
237,Mississippi Valley St.,SWAC,21-13,-6.30,98.0,260,104.2,200,68.9,29,+.125,3,-8.67,336,96.5,337,105.2,268,+14.37,3,16,SWAC,68.9,29,98.0,260,46.3,276,20.4,194,32.9,125,35.0,206,104.2,200,49.5,195,23.4,25,31.5,181,42.1,282,68.9,29,70.7,33,17.0,68,17.2,38,98.0,260,96.4,245,104.2,200,96.9,89,75.8,270,-1.6,279,-0.5,235,-1.1,276,-0.6,238,+0.3,138,-1.5,277,1.56,145,25.3,280,54.2,141,2012,0.33060201849819737,21,13,0.6176470588235294,34
7,Missouri,B12,30-5,+25.28,125.1,1,99.8,111,65.4,152,+.017,130,+5.80,51,105.7,60,99.9,44,-6.18,315,2,B12,65.4,152,125.1,1,58.0,1,15.3,3,29.7,229,37.5,142,99.8,111,50.1,223,21.4,99,31.7,185,27.3,13,65.4,152,66.9,169,17.5,111,18.4,227,125.1,1,119.9,1,99.8,111,98.7,141,75.5,313,-1.7,291,-0.1,193,-1.6,321,-1.9,326,-0.9,258,-1.5,280,1.97,57,21.1,328,64.7,65,2012,0.9307566143508416,30,5,0.8571428571428571,35
86,Missouri St.,MVC,16-16,+8.23,105.3,129,97.1,65,62.4,287,-.093,336,+4.70,66,105.9,49,101.2,95,+4.09,59,,MVC,62.4,287,105.3,129,48.7,180,16.3,12,27.4,280,28.7,329,97.1,65,47.1,86,18.2,268,26.9,31,38.1,218,62.4,287,63.8,297,19.3,283,18.4,233,105.3,129,101.3,142,97.1,65,97.6,107,76.3,203,-2.6,315,-0.6,251,-2.0,333,+0.1,176,+0.1,154,-0.5,208,1.57,144,31.7,142,35.5,272,2012,0.7175474496384856,16,16,0.5,32
290,Monmouth,NEC,12-20,-11.29,97.0,282,108.3,278,68.0,42,+.061,35,-2.57,215,101.8,226,104.3,216,+3.05,78,,NEC,68.0,42,97.0,282,47.1,256,19.8,159,27.5,279,32.5,270,108.3,278,55.3,338,24.4,8,37.3,335,42.5,292,68.0,42,70.8,32,16.8,58,17.5,69,97.0,282,93.9,285,108.3,278,106.0,292,75.2,326,-0.0,174,+0.5,92,-0.6,241,-0.9,269,-2.7,331,-2.5,323,1.35,206,34.4,84,51.7,157,2012,0.21973128165602585,12,20,0.375,32
104,Montana,BSky,25-7,+6.76,103.7,155,96.9,63,64.2,211,+.064,31,-5.30,294,102.5,183,107.8,344,-0.72,181,13,BSky,64.2,211,103.7,155,52.5,48,18.4,67,26.9,290,39.6,79,96.9,63,45.3,29,21.9,77,31.4,168,39.1,234,64.2,211,66.5,191,17.9,145,18.2,193,103.7,155,105.4,69,96.9,63,93.8,41,77.2,65,+0.2,159,+1.0,61,-0.8,260,+0.1,146,-0.2,201,+1.5,91,1.76,89,22.3,316,72.5,22,2012,0.685671462331239,25,7,0.78125,32
291,Montana St.,BSky,12-17,-11.84,97.3,277,109.1,286,66.2,113,+.028,96,-5.39,295,101.7,229,107.1,337,-3.02,244,,BSky,66.2,113,97.3,277,46.9,260,20.2,182,31.0,190,35.6,189,109.1,286,53.6,320,20.6,143,30.7,142,39.8,247,66.2,113,68.0,113,17.9,149,17.6,101,97.3,277,97.8,213,109.1,286,106.0,291,76.0,249,-0.2,191,-0.2,198,-0.0,154,+0.1,147,-1.3,284,-2.5,306,0.64,329,36.8,44,37.1,255,2012,0.21142488355657585,12,17,0.41379310344827586,29
198,Morehead St.,OVC,18-15,-2.75,100.5,224,103.2,180,59.8,333,+.027,98,-2.41,213,102.1,206,104.5,225,+3.82,66,,OVC,59.8,333,100.5,224,50.0,134,24.3,337,33.8,83,37.4,148,103.2,180,52.8,308,24.2,11,30.2,122,42.4,289,59.8,333,61.6,335,20.1,324,19.0,324,100.5,224,98.9,189,103.2,180,100.5,178,75.0,332,-2.8,323,-1.5,314,-1.3,311,-0.8,251,-1.4,291,-1.2,243,0.97,283,38.0,31,39.6,243,2012,0.4243654644981275,18,15,0.5454545454545454,33
252,Morgan St.,MEAC,9-20,-7.93,99.3,241,107.2,264,65.8,133,-.106,342,-5.67,302,99.0,321,104.6,237,+4.40,51,,MEAC,65.8,133,99.3,241,47.6,227,22.7,304,34.1,77,41.0,56,107.2,264,48.2,144,20.8,132,36.5,327,39.2,237,65.8,133,68.2,105,18.2,188,17.2,36,99.3,241,97.4,226,107.2,264,101.1,193,77.7,29,+4.7,3,+2.5,5,+2.3,7,+1.1,88,+0.1,159,-0.5,204,2.35,10,34.0,92,69.2,40,2012,0.2931088209261319,9,20,0.3103448275862069,29
294,Mount St. Mary's,NEC,8-21,-12.21,93.4,308,105.6,231,62.6,279,-.051,290,-4.56,276,100.2,295,104.8,244,+0.43,142,,NEC,62.6,279,93.4,308,47.6,224,25.3,340,34.5,69,30.0,313,105.6,231,49.6,202,20.9,129,34.0,273,38.7,230,62.6,279,65.3,246,18.8,244,18.3,207,93.4,308,91.2,307,105.6,231,101.3,195,76.4,179,+0.4,143,-0.0,171,+0.4,116,-1.0,295,-0.9,250,+0.5,123,1.14,247,26.3,262,52.7,150,2012,0.19594702733117927,8,21,0.27586206896551724,29
35,Murray St.,OVC,31-2,+15.34,108.5,80,93.2,20,65.0,172,+.031,92,-2.34,209,102.9,162,105.2,269,+3.63,69,6,OVC,65.0,172,108.5,80,53.5,20,20.7,218,34.0,78,45.3,11,93.2,20,45.6,38,24.0,15,33.7,258,34.7,143,65.0,172,66.8,176,18.5,214,17.6,103,108.5,80,108.5,29,93.2,20,91.4,20,75.4,318,-3.4,330,-1.1,295,-2.3,341,-2.4,339,-1.9,313,+0.5,157,2.05,39,30.1,184,52.2,154,2012,0.8517039264434632,31,2,0.9393939393939394,33
43,N.C. State,ACC,24-13,+14.22,112.1,32,97.9,78,67.0,83,-.004,183,+6.22,43,105.9,53,99.7,36,+1.18,119,11,ACC,67.0,83,112.1,32,50.4,118,18.6,83,35.3,44,36.3,174,97.9,78,47.1,85,18.4,254,30.3,125,32.1,71,67.0,83,68.4,96,16.9,60,18.6,267,112.1,32,106.4,55,97.9,78,98.5,131,77.7,30,+0.8,117,-0.1,182,+0.8,89,+1.1,51,+3.1,4,-1.5,246,2.20,25,20.7,332,66.4,54,2012,0.8260108511712204,24,13,0.6486486486486487,37
299,NJIT,GWC,15-17,-13.11,96.6,285,109.7,295,64.1,219,-.025,238,-9.71,340,97.9,334,107.6,343,-4.54,284,,GWC,64.1,219,96.6,285,47.3,245,18.7,89,28.2,267,30.7,303,109.7,295,49.7,206,20.4,153,32.7,226,44.8,313,64.1,219,67.6,129,17.5,107,18.2,189,96.6,285,97.5,219,109.7,295,102.9,232,75.5,307,-5.0,344,-2.3,338,-2.6,345,-0.9,290,+0.1,163,+1.6,51,1.98,54,34.3,86,69.6,38,2012,0.1880910270183183,15,17,0.46875,32
329,Navy,Pat,3-26,-19.15,91.4,318,110.6,305,59.5,334,-.055,296,-4.03,256,101.8,220,105.8,297,-4.85,290,,Pat,59.5,334,91.4,318,45.4,301,23.0,316,30.8,194,33.6,246,110.6,305,54.5,333,21.8,81,30.3,127,41.3,266,59.5,334,62.0,329,21.2,338,17.4,67,91.4,318,90.8,310,110.6,305,106.8,303,75.7,293,-2.2,307,-1.1,297,-1.1,273,-0.5,217,-0.3,209,-0.8,238,1.23,230,35.7,59,50.9,164,2012,0.10040270877902059,3,26,0.10344827586206896,29
152,Nebraska,B10,12-18,+1.62,103.4,162,101.7,148,61.5,314,+.034,81,+8.58,11,108.4,8,99.8,42,-4.92,294,,B10,61.5,314,103.4,162,49.0,170,21.0,237,26.1,301,28.7,330,101.7,148,52.6,304,19.7,186,28.2,57,33.3,105,61.5,314,62.8,320,20.0,320,18.4,234,103.4,162,96.0,250,101.7,148,104.3,266,77.0,91,+2.0,41,+1.9,18,+0.1,142,+0.5,110,+0.5,123,+0.5,138,2.16,30,26.3,263,51.6,158,2012,0.5475169407064922,12,18,0.4,30
333,Nebraska Omaha,ind,11-18,-20.56,97.1,281,117.6,343,70.4,13,-.054,294,-1.49,190,102.5,182,104.0,201,-0.42,170,,ind,70.4,13,97.1,281,47.9,209,18.1,57,22.3,340,28.2,334,117.6,343,55.6,341,16.0,333,33.9,265,30.4,47,70.4,13,72.9,11,16.0,21,17.4,63,97.1,281,93.9,283,117.6,343,116.0,344,75.9,261,-1.9,296,-1.0,287,-0.8,261,+0.1,185,-0.7,231,+0.3,176,0.00,345,30.8,167,0.0,0,2012,0.09949950079862628,11,18,0.3793103448275862,29
106,Nevada,WAC,28-7,+6.52,105.9,118,99.4,100,64.2,215,+.126,2,-2.09,201,102.6,181,104.6,238,-5.97,312,5,WAC,64.2,215,105.9,118,51.3,78,20.4,193,34.2,75,44.1,17,99.4,100,46.8,72,18.7,236,29.2,78,28.4,22,64.2,215,66.6,186,18.6,222,17.7,117,105.9,118,104.4,91,99.4,100,96.7,83,78.1,15,+1.7,62,+0.0,161,+1.6,25,+2.8,5,+3.1,1,+1.9,43,1.84,76,24.5,296,87.3,1,2012,0.6744641868743471,28,7,0.8,35
293,New Hampshire,AE,13-16,-12.10,90.7,324,102.8,172,64.5,198,+.017,131,-9.01,337,98.2,332,107.2,338,-8.89,336,,AE,64.5,198,90.7,324,46.4,274,20.0,164,27.1,285,33.9,237,102.8,172,45.5,35,19.6,189,29.2,79,41.0,262,64.5,198,65.5,234,19.1,263,17.9,146,90.7,324,92.3,298,102.8,172,96.0,71,76.6,161,+0.4,140,+0.5,101,-0.1,191,+0.3,126,+0.1,168,+0.5,129,2.24,17,21.9,317,53.7,143,2012,0.19152646417454103,13,16,0.4482758620689655,29
20,New Mexico,MWC,28-7,+19.45,110.8,51,91.4,15,65.5,141,+.003,165,+2.65,106,103.9,122,101.3,100,-4.16,273,5,MWC,65.5,141,110.8,51,52.8,39,19.9,163,33.4,107,38.8,104,91.4,15,44.4,16,21.0,121,27.0,33,31.5,65,65.5,141,67.0,168,17.9,147,18.2,200,110.8,51,107.3,46,91.4,15,89.3,6,77.1,83,+1.9,49,+0.5,101,+1.4,34,+0.0,188,+1.1,74,+0.0,186,1.56,148,34.7,74,66.5,53,2012,0.9014583822417823,28,7,0.8,35
65,New Mexico St.,WAC,26-10,+11.22,109.3,65,98.1,81,69.4,23,-.041,266,-0.88,176,103.4,144,104.3,213,-0.87,185,13,WAC,69.4,23,109.3,65,51.0,90,20.7,217,40.4,4,51.9,1,98.1,81,48.3,147,20.2,158,28.9,68,32.8,89,69.4,23,71.1,27,16.4,32,17.6,85,109.3,65,108.0,38,98.1,81,96.0,70,77.4,48,+1.1,100,+1.1,53,-0.1,163,+1.1,58,+0.6,112,+1.5,79,2.41,9,24.1,300,59.0,101,2012,0.77612988242928,26,10,0.7222222222222222,36
245,Niagara,MAAC,14-19,-6.79,103.1,165,109.9,299,67.3,67,+.041,69,-2.21,205,101.8,223,104.0,199,+1.13,121,,MAAC,67.3,67,103.1,165,46.9,261,18.3,61,32.6,140,37.0,157,109.9,299,53.0,312,23.2,30,35.5,308,50.7,337,67.3,67,69.2,65,16.7,49,18.4,232,103.1,165,100.8,157,109.9,299,106.5,300,75.8,272,-3.9,338,-1.7,327,-2.2,340,-0.9,290,+1.1,77,-0.5,206,0.69,321,24.7,295,32.7,283,2012,0.32420321095267807,14,19,0.42424242424242425,33
325,Nicholls St.,Slnd,10-20,-18.45,100.8,213,119.2,344,64.8,184,+.048,60,-3.73,248,99.7,307,103.4,174,+0.86,130,,Slnd,64.8,184,100.8,213,48.0,206,22.1,280,25.9,307,36.5,169,119.2,344,54.8,336,17.9,283,37.1,330,41.2,265,64.8,184,69.2,63,19.0,254,16.1,3,100.8,213,93.9,284,119.2,344,113.9,342,75.6,301,-3.1,327,-1.8,331,-1.3,309,-1.5,317,+0.1,192,+1.5,71,0.38,341,33.8,97,19.2,330,2012,0.12695653172707683,10,20,0.3333333333333333,30
183,Norfolk St.,MEAC,26-10,-1.82,100.9,211,102.7,165,66.6,93,+.189,1,-6.31,313,100.3,292,106.6,324,+1.39,112,15,MEAC,66.6,93,100.9,211,49.4,155,21.0,236,33.0,121,42.4,37,102.7,165,46.4,55,19.4,198,32.4,219,37.3,199,66.6,93,68.9,72,17.4,102,17.9,150,100.9,211,100.0,170,102.7,165,97.8,113,77.9,22,+0.5,138,+0.3,127,+0.2,133,+1.4,35,+2.8,10,+2.6,13,1.72,101,33.0,118,56.4,126,2012,0.4493381539485464,26,10,0.7222222222222222,36
6,North Carolina,ACC,32-6,+25.44,116.1,12,90.7,11,70.9,10,+.016,134,+7.41,30,107.2,27,99.8,40,+1.89,100,1,ACC,70.9,10,116.1,12,49.8,141,16.3,10,39.4,10,37.3,150,90.7,11,45.0,25,18.2,269,26.4,25,21.8,1,70.9,10,73.4,9,14.5,3,18.6,265,116.1,12,110.3,19,90.7,11,91.5,22,79.2,1,+4.8,2,+2.5,4,+2.3,6,+3.1,2,+2.5,13,+3.1,9,1.47,178,27.3,247,70.2,35,2012,0.9447622709278626,32,6,0.8421052631578947,38
300,North Carolina A&T,MEAC,12-20,-13.18,94.0,305,107.2,263,68.1,41,-.024,233,-5.08,288,100.7,275,105.8,293,+6.39,26,,MEAC,68.1,41,94.0,305,47.4,240,21.5,260,28.5,263,36.8,163,107.2,263,49.9,214,22.1,65,37.9,337,35.9,166,68.1,41,71.2,25,16.1,24,17.9,148,94.0,305,93.3,291,107.2,263,102.9,233,75.7,286,-1.0,243,-0.7,262,-0.3,224,-0.6,234,-0.2,203,-3.5,334,1.60,139,40.6,13,71.8,25,2012,0.18077333306189783,12,20,0.375,32
215,North Carolina Central,MEAC,17-15,-4.09,97.7,268,101.8,149,65.5,140,-.063,305,-6.31,314,99.0,320,105.3,273,+7.35,20,,MEAC,65.5,140,97.7,268,50.0,136,23.2,319,28.4,265,45.7,10,101.8,149,47.6,109,23.8,18,34.0,274,41.8,279,65.5,140,67.6,133,17.6,116,18.3,212,97.7,268,97.3,229,101.8,149,95.8,68,76.3,202,-1.8,294,-1.2,304,-0.6,245,-0.9,260,+0.8,97,+1.5,88,1.54,154,31.6,145,35.2,274,2012,0.38396597197902005,17,15,0.53125,32
259,North Dakota,GWC,17-15,-8.45,95.9,286,104.3,203,66.6,94,+.026,105,-7.34,329,98.9,322,106.3,314,-0.56,175,,GWC,66.6,94,95.9,286,49.9,137,21.5,255,27.0,289,37.7,135,104.3,203,49.1,176,19.5,193,29.2,81,36.6,183,66.6,94,68.4,92,17.7,129,17.4,59,95.9,286,95.9,253,104.3,203,99.4,157,75.7,281,-1.0,242,-0.0,176,-0.9,267,-1.9,325,-0.9,265,-1.5,274,1.54,153,27.7,240,80.0,5,2012,0.2757580099519711,17,15,0.53125,32
163,North Dakota St.,Sum,17-14,+0.69,106.0,116,105.4,228,66.0,124,-.055,297,-3.33,243,102.6,178,105.9,300,-5.53,306,,Sum,66.0,124,106.0,116,54.2,9,18.4,74,26.1,300,39.2,90,105.4,228,49.1,177,18.2,272,27.2,38,41.7,274,66.0,124,67.4,141,18.1,181,17.9,154,106.0,116,106.3,57,105.4,228,102.0,214,76.8,123,+0.2,151,-0.7,260,+0.9,73,+0.0,190,+0.1,176,+1.5,64,1.07,266,31.4,150,45.6,199,2012,0.5163140238169867,17,14,0.5483870967741935,31
186,North Florida,ASun,16-16,-1.93,103.1,166,105.1,224,65.3,156,+.065,29,+1.09,131,103.4,145,102.3,143,+6.75,24,,ASun,65.3,156,103.1,166,51.5,69,22.8,308,32.6,142,37.2,152,105.1,224,50.0,220,19.9,172,33.6,254,36.0,170,65.3,156,67.6,131,18.2,182,17.6,89,103.1,166,98.1,209,105.1,224,103.1,237,76.5,170,-1.6,281,-1.5,314,-0.1,187,+0.7,98,+1.6,40,-1.5,251,1.74,91,40.9,10,60.3,95,2012,0.44498657267383945,16,16,0.5,32
167,North Texas,SB,18-14,+0.41,100.7,215,100.3,123,67.8,51,-.041,265,-2.66,221,100.4,289,103.0,163,-1.36,196,,SB,67.8,51,100.7,215,47.0,258,20.7,216,32.8,130,34.4,218,100.3,123,46.6,65,20.6,145,30.3,124,34.6,140,67.8,51,68.9,75,17.4,101,17.6,88,100.7,215,98.3,205,100.3,123,95.0,59,76.8,119,+0.2,152,-0.3,208,+0.5,109,+0.5,111,+0.1,155,+1.9,46,0.64,331,40.9,8,15.8,334,2012,0.5114408038683335,18,14,0.5625,32
189,Northeastern,CAA,14-17,-2.22,100.5,221,102.7,167,63.6,247,+.038,76,+1.17,128,102.4,190,101.2,98,+5.08,40,,CAA,63.6,247,100.5,221,48.2,197,23.9,333,33.6,92,37.9,130,102.7,167,49.2,182,22.0,66,33.4,245,40.2,250,63.6,247,65.0,263,18.4,208,18.8,300,100.5,221,95.8,254,102.7,167,99.7,165,77.3,58,+0.3,148,-0.6,257,+0.9,73,+1.1,63,+1.1,88,+1.5,52,1.42,192,25.1,287,48.1,182,2012,0.4380633765837677,14,17,0.45161290322580644,31
340,Northern Arizona,BSky,5-24,-22.81,89.8,332,112.6,327,64.6,192,-.002,178,-4.42,271,101.7,227,106.1,309,-1.63,202,,BSky,64.6,192,89.8,332,44.2,324,22.8,309,30.6,199,30.5,308,112.6,327,56.9,343,20.8,130,33.3,244,31.9,69,64.6,192,67.1,157,18.1,180,17.9,151,89.8,332,89.2,324,112.6,327,108.7,321,74.8,338,-3.9,336,-1.8,329,-2.1,336,-2.5,341,-1.9,320,+0.5,158,0.90,295,34.5,80,31.0,295,2012,0.06901286549107642,5,24,0.1724137931034483,29
257,Northern Colorado,BSky,9-19,-8.31,104.8,138,113.1,330,65.8,127,-.055,298,-3.05,232,102.4,191,105.5,281,+5.59,32,,BSky,65.8,127,104.8,138,55.1,7,23.9,332,32.6,146,41.8,46,113.1,330,54.0,328,17.3,308,26.7,27,40.0,249,65.8,127,67.7,123,17.2,80,18.6,278,104.8,138,104.3,92,113.1,330,110.2,332,76.8,113,+0.6,135,+0.0,160,+0.5,107,+0.1,152,+0.3,141,+0.5,126,1.07,265,35.8,57,35.6,269,2012,0.2939006781628126,9,19,0.32142857142857145,28
330,Northern Illinois,MAC,5-26,-19.58,90.3,327,109.9,298,62.1,295,-.022,227,-2.39,210,101.9,211,104.3,214,-4.21,276,,MAC,62.1,295,90.3,327,42.3,341,25.2,339,34.8,58,31.8,282,109.9,298,52.4,299,18.6,242,29.0,72,45.4,318,62.1,295,63.6,306,19.1,266,18.9,311,90.3,327,86.7,334,109.9,298,107.2,307,76.3,195,-1.1,253,-1.5,314,+0.4,122,+1.1,42,+0.1,158,-0.4,194,0.61,332,46.6,1,27.9,312,2012,0.09457732616808091,5,26,0.16129032258064516,31
75,Northern Iowa,MVC,20-14,+9.57,106.9,97,97.3,68,61.6,310,+.002,169,+5.57,54,106.7,37,101.1,89,+4.18,57,7,MVC,61.6,310,106.9,97,50.3,122,17.4,36,24.4,324,34.5,216,97.3,68,50.2,226,19.2,211,24.7,4,28.5,24,61.6,310,63.3,314,19.3,286,18.7,287,106.9,97,102.0,125,97.3,68,98.5,135,75.9,260,-0.0,171,+0.2,131,-0.2,218,-1.8,321,-0.9,267,+0.5,154,1.74,95,30.8,168,66.3,55,2012,0.746889393144053,20,14,0.5882352941176471,34
72,Northwestern,B10,19-14,+10.53,114.8,16,104.3,202,62.5,283,+.049,57,+8.54,12,107.5,16,98.9,14,-1.79,207,4,B10,62.5,283,114.8,16,53.6,19,15.9,7,24.8,320,33.8,242,104.3,202,51.6,270,20.2,159,36.3,326,29.2,31,62.5,283,63.8,299,19.1,272,18.8,305,114.8,16,107.5,43,104.3,202,106.0,289,77.5,43,-0.2,189,+0.8,70,-1.0,270,+0.6,99,+1.1,55,+1.5,75,2.05,38,21.8,320,62.8,77,2012,0.7508370220960403,19,14,0.5757575757575758,33
227,Northwestern St.,Slnd,16-16,-5.39,97.3,275,102.7,169,69.3,24,+.005,161,-3.69,246,100.6,280,104.3,215,+2.78,85,,Slnd,69.3,24,97.3,275,47.2,250,20.3,192,31.5,172,42.3,39,102.7,169,47.7,112,22.4,53,38.8,343,39.1,236,69.3,24,71.3,24,16.2,27,17.7,119,97.3,275,95.3,264,102.7,169,98.4,128,76.1,227,-0.6,218,-0.6,252,-0.1,162,-0.2,197,-0.2,199,+0.3,177,1.46,182,39.7,19,62.0,84,2012,0.34951972676775955,16,16,0.5,32
42,Notre Dame,BE,22-12,+14.22,110.9,50,96.7,55,60.2,329,+.032,87,+6.94,37,106.4,42,99.4,28,-4.28,277,7,BE,60.2,329,110.9,50,49.5,151,16.0,8,29.9,225,37.4,145,96.7,55,45.8,39,17.2,312,31.2,164,25.6,6,60.2,329,62.4,325,20.2,326,18.7,282,110.9,50,104.9,83,96.7,55,97.6,111,77.7,31,+0.1,166,+0.1,142,-0.1,155,+1.5,31,+3.1,4,+1.5,67,0.98,282,19.8,336,36.2,263,2012,0.8285915684608931,22,12,0.6470588235294118,34
149,Oakland,Sum,20-16,+1.72,114.4,18,112.7,328,69.7,19,+.021,118,-0.16,159,103.8,126,104.0,198,+5.28,35,,Sum,69.7,19,114.4,18,53.1,28,16.7,18,30.3,211,41.9,44,112.7,328,55.7,342,18.1,273,29.0,71,31.3,61,69.7,19,71.0,29,17.0,66,17.5,71,114.4,18,111.8,12,112.7,328,110.7,336,75.7,277,-0.6,216,+0.5,110,-1.1,289,+0.1,166,-1.7,304,-1.5,265,1.70,106,18.0,341,44.5,207,2012,0.5429374992209504,20,16,0.5555555555555556,36
57,Ohio,MAC,29-8,+11.88,106.6,102,94.7,32,66.0,121,+.022,116,+0.80,139,103.6,135,102.8,157,-2.97,242,13,MAC,66.0,121,106.6,102,48.9,175,19.3,130,33.5,97,36.3,175,94.7,32,47.1,88,26.2,2,33.9,267,42.5,293,66.0,121,67.1,155,17.4,98,18.4,236,106.6,102,103.4,105,94.7,32,93.0,34,76.0,252,+0.1,163,-0.5,238,+0.6,103,-0.6,239,-1.0,273,-2.5,297,1.52,159,30.9,163,62.2,83,2012,0.7959626801092197,29,8,0.7837837837837838,37
2,Ohio St.,B10,31-8,+30.07,118.1,6,88.1,4,66.9,88,-.050,287,+10.10,4,108.9,3,98.8,13,-3.34,253,2,B10,66.9,88,118.1,6,52.1,58,17.4,37,35.5,39,38.1,122,88.1,4,46.4,56,22.3,56,24.5,2,29.1,29,66.9,88,67.3,147,17.3,95,18.5,246,118.1,6,110.8,16,88.1,4,89.3,5,77.7,33,+1.4,70,+0.5,107,+0.9,69,+2.1,12,+1.3,48,+1.5,55,1.66,127,23.5,308,55.9,128,2012,0.9667594981624061,31,8,0.7948717948717948,39
105,Oklahoma,B12,15-16,+6.64,105.4,128,98.8,90,66.6,96,-.017,211,+6.61,41,107.3,23,100.7,72,-6.37,317,,B12,66.6,96,105.4,128,47.3,247,18.7,90,35.2,48,31.1,299,98.8,90,49.5,194,20.1,162,29.7,99,32.2,72,66.6,96,68.2,100,17.2,81,18.2,205,105.4,128,100.7,161,98.8,90,100.7,185,77.4,54,+0.6,132,-0.3,220,+0.9,56,+1.0,91,+0.1,145,+1.5,74,1.66,123,23.0,310,60.9,91,2012,0.6777930273245429,15,16,0.4838709677419355,31
97,Oklahoma St.,B12,15-18,+7.62,107.1,94,99.5,106,65.5,143,-.016,209,+9.87,6,107.8,13,97.9,2,+3.38,73,,B12,65.5,143,107.1,94,48.0,204,17.4,31,23.1,332,38.5,113,99.5,106,47.8,122,18.5,250,33.3,243,35.9,167,65.5,143,66.6,183,17.8,133,18.5,255,107.1,94,99.0,187,99.5,106,101.6,204,75.7,288,+0.4,142,+0.5,98,-0.1,205,-0.5,220,-1.1,278,-2.5,319,1.30,213,27.8,237,35.7,268,2012,0.6998242998266373,15,18,0.45454545454545453,33
111,Old Dominion,CAA,22-14,+6.08,102.0,183,95.9,47,64.5,197,-.006,189,-0.01,157,102.7,174,102.7,150,+4.47,49,,CAA,64.5,197,102.0,183,45.5,299,20.6,208,39.7,9,36.8,162,95.9,47,46.0,41,22.6,48,29.2,83,39.5,242,64.5,197,65.7,228,17.6,113,19.0,320,102.0,183,98.4,201,95.9,47,92.6,30,76.9,103,-0.1,183,+0.1,155,-0.1,210,+0.1,144,+1.1,72,+1.0,110,1.34,207,34.3,85,43.4,217,2012,0.670217416170547,22,14,0.6111111111111112,36
91,Oral Roberts,Sum,27-7,+8.04,111.8,36,103.7,191,63.2,261,+.063,33,-2.41,212,102.7,176,105.1,258,+0.56,140,4,Sum,63.2,261,111.8,36,53.5,21,19.6,146,34.3,73,41.8,45,103.7,191,52.3,293,20.7,136,27.2,40,32.4,78,63.2,261,64.9,267,18.8,242,18.5,238,111.8,36,110.7,18,103.7,191,100.5,180,77.2,73,-0.1,181,-0.0,173,-0.1,173,+1.1,66,+1.6,43,+2.5,26,2.59,4,22.8,313,67.5,46,2012,0.7036851851392162,27,7,0.7941176470588235,34
59,Oregon,P12,24-10,+11.81,114.2,21,102.4,159,66.8,90,+.039,74,+3.43,92,103.9,124,100.5,63,-3.09,247,3,P12,66.8,90,114.2,21,53.4,23,18.9,100,32.7,138,38.5,111,102.4,159,49.0,174,18.4,257,31.1,157,31.4,63,66.8,90,68.5,89,17.0,67,18.3,215,114.2,21,108.6,27,102.4,159,100.5,175,76.8,116,+1.6,66,+0.7,80,+0.9,68,+1.1,43,-0.9,242,-2.3,295,2.21,24,34.5,79,47.8,185,2012,0.7780334326993311,24,10,0.7058823529411765,34
87,Oregon St.,P12,21-15,+8.22,111.0,48,102.7,170,70.0,18,-.059,304,+1.98,118,103.8,127,101.9,121,-8.02,332,,P12,70.0,18,111.0,48,52.6,45,19.4,135,33.4,103,43.9,19,102.7,170,51.5,268,22.6,47,32.7,229,38.1,217,70.0,18,71.5,21,16.5,36,17.2,34,111.0,48,107.7,40,102.7,170,100.5,176,77.1,88,+2.7,22,+1.5,32,+1.2,42,+0.1,138,+1.1,65,-2.5,303,1.43,190,29.9,190,66.3,57,2012,0.7096650765108614,21,15,0.5833333333333334,36
278,Pacific,BW,11-19,-10.07,97.8,265,107.8,271,61.5,311,-.027,240,-3.07,235,102.9,163,105.9,302,-2.20,220,,BW,61.5,311,97.8,265,46.6,269,18.8,98,29.0,251,35.1,202,107.8,271,51.2,256,20.3,157,34.8,297,34.5,139,61.5,311,63.2,316,18.8,245,19.1,326,97.8,265,97.5,220,107.8,271,106.5,301,76.3,198,-0.0,173,+0.1,156,-0.1,181,+0.1,137,-1.0,274,+0.5,158,0.10,344,33.2,111,2.1,344,2012,0.2460928271707866,11,19,0.36666666666666664,30
139,Penn,Ivy,20-13,+2.88,104.0,148,101.1,137,62.0,298,+.058,41,-0.38,163,102.9,164,103.2,165,+1.73,103,,Ivy,62.0,298,104.0,148,51.2,80,19.6,147,26.1,302,29.6,317,101.1,137,48.5,156,21.9,75,31.9,193,42.3,284,62.0,298,63.9,294,18.9,251,18.8,303,104.0,148,100.8,158,101.1,137,98.7,140,76.7,139,-0.1,182,-0.3,209,+0.2,135,+0.5,115,+0.4,135,+1.5,87,2.56,5,25.8,271,70.3,33,2012,0.580598041669207,20,13,0.6060606060606061,33
133,Penn St.,B10,12-20,+3.38,102.9,168,99.5,107,63.1,264,-.024,232,+8.23,21,108.5,7,100.3,54,-3.35,254,,B10,63.1,264,102.9,168,44.9,313,19.0,112,33.7,90,31.8,283,99.5,107,51.7,273,21.3,103,26.9,30,45.3,315,63.1,264,64.3,282,18.4,199,19.1,329,102.9,168,96.3,246,99.5,107,102.4,224,76.7,130,-0.1,177,-0.1,195,+0.1,140,+0.1,164,-0.4,213,+1.5,91,0.91,294,35.9,55,30.7,296,2012,0.5954157693611418,12,20,0.375,32
281,Pepperdine,WCC,10-19,-10.41,94.6,300,105.0,222,60.8,323,+.016,136,-0.67,169,104.0,120,104.6,235,-5.03,296,,WCC,60.8,323,94.6,300,44.5,320,21.3,250,32.8,128,36.6,167,105.0,222,48.8,167,15.8,336,28.0,49,41.5,269,60.8,323,63.9,292,20.8,334,17.0,23,94.6,300,92.3,297,105.0,222,103.5,244,77.5,40,+1.5,69,+0.5,96,+0.9,55,-0.6,232,+1.1,77,+2.5,18,1.56,147,24.8,292,36.5,259,2012,0.23156719141552826,10,19,0.3448275862068966,29
64,Pittsburgh,BE,22-17,+11.34,113.4,27,102.0,151,62.3,292,-.036,256,+6.05,47,106.1,45,100.1,46,-2.78,240,,BE,62.3,292,113.4,27,51.0,85,20.2,177,40.3,5,31.9,281,102.0,151,49.6,198,17.5,297,30.4,129,33.4,106,62.3,292,63.3,313,19.6,303,18.6,268,113.4,27,108.6,28,102.0,151,103.3,241,76.3,205,-1.5,278,-0.5,232,-1.1,281,+0.8,95,+0.1,167,+0.3,174,1.77,88,31.9,136,58.5,107,2012,0.7717833796368958,22,17,0.5641025641025641,39
279,Portland,WCC,7-24,-10.21,99.3,240,109.5,290,66.4,107,+.017,132,+4.57,68,106.2,44,101.6,114,+8.70,12,,WCC,66.4,107,99.3,240,47.3,242,22.8,311,30.1,215,34.0,236,109.5,290,52.4,298,16.7,324,32.7,225,45.6,322,66.4,107,68.8,78,18.1,164,17.1,25,99.3,240,94.0,281,109.5,290,110.5,333,76.7,136,+0.2,153,+0.4,120,-0.1,211,+1.1,69,+0.4,130,-1.5,258,0.69,320,36.4,47,33.7,279,2012,0.24518526078294395,7,24,0.22580645161290322,31
205,Portland St.,BSky,17-15,-3.36,108.0,83,111.4,317,66.1,119,-.004,182,-4.45,273,101.9,209,106.4,319,+1.72,104,,BSky,66.1,119,108.0,83,53.1,32,20.3,189,31.4,177,45.2,12,111.4,317,51.4,261,15.9,335,31.7,184,30.1,40,66.1,119,68.7,85,17.5,112,17.5,74,108.0,83,108.3,32,111.4,317,108.1,315,75.1,331,-2.6,313,-1.5,319,-1.1,301,-1.5,313,-1.9,317,-0.5,227,0.94,287,25.4,279,32.9,281,2012,0.4118179431730416,17,15,0.53125,32
322,Prairie View A&M,SWAC,14-18,-18.01,85.5,344,103.5,187,70.0,16,+.045,62,-11.52,344,95.2,342,106.7,329,+7.38,19,,SWAC,70.0,16,85.5,344,42.7,335,22.9,313,33.6,91,33.8,243,103.5,187,47.8,120,22.4,54,30.4,130,42.8,296,70.0,16,71.4,23,16.9,61,16.7,10,85.5,344,85.9,339,103.5,187,94.8,56,76.3,194,-1.5,274,-0.2,206,-1.2,308,-0.7,248,-0.1,198,+1.5,91,0.54,336,41.3,7,17.6,332,2012,0.10000804219829319,14,18,0.4375,32
251,Presbyterian,BSth,14-15,-7.61,102.8,170,110.4,302,59.4,337,+.023,114,-6.08,306,100.9,269,107.0,334,-2.31,227,,BSth,59.4,337,102.8,170,51.7,66,20.7,213,29.1,250,39.4,83,110.4,302,51.8,277,16.9,316,30.8,145,31.7,68,59.4,337,61.8,331,20.7,332,18.3,217,102.8,170,103.0,112,110.4,302,106.1,293,75.5,309,-2.2,309,-0.4,221,-1.9,330,-0.9,271,-3.9,344,-2.5,317,2.82,1,23.6,305,64.9,64,2012,0.3057137825530234,14,15,0.4827586206896552,29
100,Princeton,Ivy,20-12,+7.26,107.8,86,100.5,129,62.5,284,-.018,217,+0.94,133,102.9,161,101.9,127,+3.09,77,,Ivy,62.5,284,107.8,86,53.1,31,19.0,110,25.5,316,30.7,305,100.5,129,47.1,91,18.8,234,30.1,116,34.8,144,62.5,284,63.6,307,18.8,243,18.7,288,107.8,86,103.3,107,100.5,129,97.6,110,78.1,12,+3.4,16,+1.4,38,+1.9,10,+2.6,7,+2.1,37,-0.5,214,1.99,53,27.2,250,66.6,51,2012,0.6913373988710783,20,12,0.625,32
126,Providence,BE,15-17,+4.09,110.1,57,106.0,238,65.2,161,-.012,198,+5.33,60,104.7,89,99.3,25,-10.96,342,,BE,65.2,161,110.1,57,47.1,255,18.4,68,35.9,32,39.4,84,106.0,238,47.9,129,16.6,326,35.0,301,29.7,36,65.2,161,66.7,180,18.8,236,17.6,95,110.1,57,102.8,114,106.0,238,103.9,259,76.6,153,+0.2,160,+0.2,132,-0.1,175,+0.1,150,+0.1,175,+1.5,86,1.46,181,19.3,337,57.1,118,2012,0.6074067127335815,15,17,0.46875,32
30,Purdue,B10,22-13,+16.25,116.2,10,99.9,114,64.3,204,-.003,179,+8.81,8,108.4,9,99.6,32,-2.64,234,10,B10,64.3,204,116.2,10,51.1,82,13.5,1,30.3,209,34.1,231,99.9,114,49.9,215,19.3,206,30.6,139,33.8,120,64.3,204,65.4,241,18.7,230,18.3,216,116.2,10,109.9,22,99.9,114,101.1,194,76.2,222,-1.2,257,-0.1,194,-1.1,274,-0.1,195,+0.5,119,-2.5,301,1.92,62,33.5,102,58.2,110,2012,0.8504514613085005,22,13,0.6285714285714286,35
153,Quinnipiac,NEC,18-14,+1.44,104.0,149,102.5,162,65.6,137,-.071,320,-4.68,279,100.5,284,105.2,265,-2.22,222,,NEC,65.6,137,104.0,149,46.2,282,18.4,69,42.1,1,38.2,121,102.5,162,46.6,63,18.2,263,26.9,29,41.5,273,65.6,137,68.5,88,17.7,122,17.7,109,104.0,149,103.2,108,102.5,162,97.2,99,75.6,296,-1.0,244,-0.7,264,-0.3,222,+0.1,187,-1.3,285,-1.5,278,1.89,68,27.7,238,44.8,205,2012,0.5416714015046963,18,14,0.5625,32
313,Radford,BSth,6-26,-16.70,90.1,328,106.8,258,64.1,221,-.064,308,-4.34,266,101.9,212,106.3,313,-0.01,157,,BSth,64.1,221,90.1,328,43.6,331,20.6,206,29.8,226,30.6,306,106.8,258,50.4,233,21.6,92,35.2,303,51.4,340,64.1,221,67.1,156,18.6,224,17.5,70,90.1,328,89.8,316,106.8,258,103.9,258,75.7,284,-1.6,283,+0.1,148,-1.7,327,-0.9,279,-0.7,229,+0.5,171,0.79,308,38.0,32,40.6,238,2012,0.12396201520108109,6,26,0.1875,32
225,Rhode Island,A10,7-24,-5.13,102.7,171,107.8,268,66.5,98,-.047,277,+3.63,88,104.5,97,100.9,78,+0.01,155,,A10,66.5,98,102.7,171,44.5,319,20.8,228,38.3,14,34.3,220,107.8,268,53.6,321,18.8,232,30.7,141,35.7,165,66.5,98,68.8,76,17.9,146,17.3,50,102.7,171,97.2,230,107.8,268,107.5,309,77.2,66,+2.3,37,+0.5,101,+1.8,22,+2.2,10,+0.7,105,-0.5,210,0.65,328,34.4,83,19.7,329,2012,0.36415997688024293,7,24,0.22580645161290322,31
148,Rice,CUSA,19-16,+1.85,100.9,212,99.0,95,67.9,45,-.007,191,+0.91,135,102.9,166,101.9,126,-2.72,238,,CUSA,67.9,45,100.9,212,49.0,171,19.2,125,25.7,311,38.5,114,99.0,95,48.0,135,19.3,203,27.4,42,37.3,201,67.9,45,69.0,70,17.2,85,17.8,141,100.9,212,97.5,217,99.0,95,97.2,98,77.0,93,+1.1,97,+0.1,143,+0.9,84,-0.1,192,+0.1,181,+1.5,65,1.92,64,33.9,95,54.5,136,2012,0.5544373346545308,19,16,0.5428571428571428,35
109,Richmond,A10,16-16,+6.13,109.3,64,103.2,179,62.8,275,-.047,276,+3.84,82,104.9,80,101.1,85,+0.41,143,,A10,62.8,275,109.3,64,50.1,128,17.6,40,27.6,276,39.4,87,103.2,179,48.1,138,19.7,182,35.3,305,35.6,159,62.8,275,65.5,236,18.1,172,18.9,315,109.3,64,104.9,81,103.2,179,102.1,217,75.8,267,-0.4,203,-0.3,218,-0.1,192,-0.2,203,-1.4,286,-3.5,333,1.06,272,30.1,183,38.8,247,2012,0.6593539958740064,16,16,0.5,32
223,Rider,MAAC,13-19,-4.96,104.3,144,109.3,287,67.4,62,-.002,177,-1.34,181,102.4,189,103.8,187,+2.06,95,,MAAC,67.4,62,104.3,144,52.2,55,21.5,258,27.3,283,40.8,65,109.3,287,50.6,236,18.2,265,34.1,276,33.4,111,67.4,62,69.6,54,16.6,40,18.1,181,104.3,144,101.8,135,109.3,287,106.4,299,77.5,37,+0.9,106,+0.0,168,+0.9,70,+1.1,48,+2.1,22,+0.5,121,1.91,65,29.0,211,57.0,119,2012,0.3685394096184759,13,19,0.40625,32
123,Robert Morris,NEC,26-11,+4.96,105.9,119,100.9,135,63.0,268,+.040,71,-2.99,229,101.2,251,104.2,203,+3.95,63,,NEC,63.0,268,105.9,119,47.7,220,20.9,235,39.9,6,42.7,31,100.9,135,49.6,197,23.7,20,29.9,107,47.7,330,63.0,268,65.7,226,18.5,218,18.3,214,105.9,119,103.9,97,100.9,135,96.3,76,75.6,295,-1.6,287,-1.1,293,-0.5,239,-0.6,233,-1.7,300,-0.5,215,1.50,164,36.6,45,64.1,70,2012,0.6355731258110857,26,11,0.7027027027027027,37
120,Rutgers,BE,14-18,+5.14,102.0,182,96.9,59,65.3,160,-.048,281,+5.92,49,106.2,43,100.3,53,-5.35,304,,BE,65.3,160,102.0,182,47.1,257,22.0,273,36.0,31,31.7,285,96.9,59,48.2,143,23.3,26,34.1,278,46.3,327,65.3,160,67.0,167,17.9,144,18.5,245,102.0,182,96.6,242,96.9,59,97.3,101,76.0,253,-0.5,205,-0.4,230,-0.1,164,-0.5,225,-0.9,252,-2.5,304,1.02,277,29.8,194,42.5,222,2012,0.6433359791841496,14,18,0.4375,32
307,SIU Edwardsville,OVC,10-17,-15.10,95.4,289,110.5,303,67.7,53,+.060,38,-5.63,301,100.3,291,105.9,304,-5.33,303,,OVC,67.7,53,95.4,289,50.1,132,22.6,303,25.7,313,37.5,143,110.5,303,50.2,225,18.5,253,32.7,227,34.9,148,67.7,53,68.8,77,17.2,84,17.8,126,95.4,289,94.4,277,110.5,303,105.7,287,75.2,324,-1.8,295,-1.8,328,-0.1,192,-0.6,240,-3.2,340,-3.5,331,1.13,250,27.8,236,26.8,314,2012,0.15580545330811468,10,17,0.37037037037037035,27
200,SMU,CUSA,13-19,-2.92,98.0,259,100.9,134,59.3,338,-.030,251,+0.88,137,103.5,140,102.6,146,-3.00,243,,CUSA,59.3,338,98.0,259,49.4,154,20.6,209,23.1,331,35.8,184,100.9,134,50.4,232,23.0,31,32.6,224,36.8,191,59.3,338,60.5,341,20.0,319,19.8,342,98.0,259,94.8,274,100.9,134,99.4,156,76.4,189,+0.1,164,-0.4,227,+0.5,108,+0.1,142,+0.5,125,-1.5,269,1.14,248,35.2,62,38.0,249,2012,0.41693504330693326,13,19,0.40625,32
292,Sacramento St.,BSky,10-18,-12.03,98.2,254,110.2,300,64.9,178,-.087,332,-7.23,326,101.0,258,108.3,345,-7.04,324,,BSky,64.9,178,98.2,254,50.6,106,20.5,203,29.2,245,37.6,141,110.2,300,51.9,284,17.8,286,29.4,89,40.3,251,64.9,178,66.7,182,18.7,232,17.3,57,98.2,254,100.3,168,110.2,300,106.3,298,76.6,151,-1.4,268,-1.3,309,-0.1,195,-0.1,194,+0.5,120,+1.9,47,0.92,292,31.0,161,36.7,257,2012,0.20984784036940574,10,18,0.35714285714285715,28
232,Sacred Heart,NEC,14-18,-5.99,102.6,173,108.6,282,66.0,122,-.027,241,-5.27,292,100.0,303,105.3,272,-3.97,266,,NEC,66.0,122,102.6,173,51.9,63,22.0,275,30.5,204,34.9,208,108.6,282,50.7,241,19.9,170,32.2,209,35.0,150,66.0,122,69.1,66,18.1,167,17.0,20,102.6,173,101.7,136,108.6,282,103.5,246,75.6,298,-1.6,286,-0.0,172,-1.6,319,-1.5,316,+0.1,181,-1.5,254,1.45,186,37.9,34,71.6,28,2012,0.3421821301689109,14,18,0.4375,32
67,Saint Joseph's,A10,20-14,+10.92,110.5,54,99.6,109,65.0,174,-.052,293,+4.93,64,105.9,48,101.0,83,+3.13,76,2,A10,65.0,174,110.5,54,53.1,29,18.8,94,29.3,241,36.3,173,99.6,109,45.5,33,15.3,342,30.9,149,27.5,15,65.0,174,66.9,170,19.2,277,17.1,24,110.5,54,105.5,65,99.6,109,99.7,163,76.8,114,+2.0,44,+0.0,158,+1.9,15,+1.1,44,+0.1,172,-0.5,222,1.49,166,22.6,315,56.6,123,2012,0.7675116599870216,20,14,0.5882352941176471,34
14,Saint Louis,A10,26-8,+21.20,111.9,34,90.7,12,61.9,303,-.056,301,+4.36,71,105.0,76,100.6,69,-2.55,231,9,A10,61.9,303,111.9,34,51.8,64,17.7,45,30.7,196,35.5,191,90.7,12,45.1,27,22.8,39,27.2,37,37.2,196,61.9,303,63.8,300,19.6,302,18.2,199,111.9,34,107.4,44,90.7,12,89.5,8,75.9,263,+0.0,167,+0.6,89,-0.5,238,+0.1,141,-1.4,289,-1.5,281,2.25,16,33.2,112,73.1,18,2012,0.9180057829612503,26,8,0.7647058823529411,34
34,Saint Mary's,WCC,27-6,+15.48,114.3,20,98.8,91,63.4,258,+.036,78,+0.17,150,104.1,116,103.9,192,-2.17,217,7,WCC,63.4,258,114.3,20,53.3,25,18.0,52,35.7,36,38.9,101,98.8,91,48.4,151,18.2,264,25.3,12,29.1,30,63.4,258,65.1,258,18.3,197,18.8,304,114.3,20,112.4,9,98.8,91,96.8,87,77.4,52,+0.8,120,+0.5,106,+0.3,131,+0.1,140,+2.1,32,+1.5,57,2.21,23,25.1,284,61.9,86,2012,0.8423586170647759,27,6,0.8181818181818182,33
316,Saint Peter's,MAAC,5-26,-17.05,89.6,334,106.7,252,63.3,259,-.044,271,-1.40,185,102.5,184,103.9,191,+1.64,108,,MAAC,63.3,259,89.6,334,45.3,306,23.6,328,29.5,236,29.0,326,106.7,252,50.5,235,22.6,49,36.5,329,45.5,320,63.3,259,66.5,192,18.4,198,18.1,173,89.6,334,87.3,330,106.7,252,103.6,251,74.7,339,-3.6,335,-1.4,312,-2.3,342,-1.9,330,-0.9,249,-2.5,309,1.25,223,34.1,91,32.6,284,2012,0.11829697000667717,5,26,0.16129032258064516,31
287,Sam Houston St.,Slnd,13-19,-10.62,89.8,333,100.4,126,62.5,286,-.012,200,-2.61,217,101.0,261,103.6,180,+3.89,64,,Slnd,62.5,286,89.8,333,45.6,297,23.8,330,28.2,268,41.1,55,100.4,126,47.7,111,21.6,89,29.7,102,38.0,215,62.5,286,64.4,278,19.4,294,18.0,167,89.8,333,86.5,335,100.4,126,96.2,73,76.0,254,-1.8,293,-0.3,216,-1.5,316,+0.1,185,-1.7,306,-0.5,230,0.43,339,26.9,252,11.8,340,2012,0.21701651156082075,13,19,0.40625,32
285,Samford,SC,11-19,-10.53,102.1,181,112.6,326,61.6,309,+.023,113,-3.84,249,100.9,267,104.8,245,+2.98,82,,SC,61.6,309,102.1,181,51.0,87,20.0,169,28.5,262,29.7,316,112.6,326,51.2,258,18.8,231,35.7,315,33.1,97,61.6,309,64.2,285,19.2,276,18.2,194,102.1,181,100.0,172,112.6,326,108.9,323,77.1,84,-0.0,175,+0.0,163,-0.1,188,+0.1,139,+2.1,26,+2.1,39,1.13,251,28.0,228,33.5,280,2012,0.2449511971773102,11,19,0.36666666666666664,30
218,San Diego,WCC,13-18,-4.29,102.0,185,106.3,249,65.3,154,+.004,164,+0.24,148,102.9,160,102.7,149,-2.32,229,,WCC,65.3,154,102.0,185,50.9,93,19.8,157,24.7,323,35.2,200,106.3,249,51.9,285,20.6,144,32.7,230,36.2,173,65.3,154,67.5,137,18.3,192,17.3,54,102.0,185,98.3,204,106.3,249,104.6,271,75.5,312,+0.6,131,+0.5,97,+0.1,145,-3.6,345,-1.9,321,-3.5,336,1.08,264,33.6,101,46.0,195,2012,0.38346578311345153,13,18,0.41935483870967744,31
66,San Diego St.,MWC,26-8,+11.16,107.0,95,95.8,44,65.8,130,+.059,39,+3.33,94,104.8,84,101.5,109,-3.76,259,6,MWC,65.8,130,107.0,95,50.1,131,18.6,87,29.7,231,35.8,185,95.8,44,47.0,82,18.6,243,26.4,24,28.8,28,65.8,130,67.5,140,17.7,123,18.4,221,107.0,95,102.7,117,95.8,44,94.7,53,77.1,80,-0.8,229,+0.1,147,-0.9,264,+1.1,72,+0.8,96,+2.5,23,1.47,179,28.1,224,29.4,301,2012,0.7810012484205701,26,8,0.7647058823529411,34
145,San Francisco,WCC,20-14,+2.28,109.0,70,106.7,256,67.9,44,-.001,175,-1.44,187,102.3,194,103.8,185,-5.75,310,,WCC,67.9,44,109.0,70,52.9,35,18.4,71,27.5,277,38.5,116,106.7,256,54.2,330,21.6,87,26.6,26,32.3,74,67.9,44,70.3,37,16.8,54,17.6,102,109.0,70,106.4,53,106.7,256,103.6,252,76.4,187,+1.0,104,+0.0,166,+0.9,52,-0.1,193,-0.8,240,-1.5,253,2.22,22,26.9,253,80.2,4,2012,0.5610088248096702,20,14,0.5882352941176471,34
275,San Jose St.,WAC,9-22,-9.60,100.2,226,109.8,296,63.9,236,-.045,272,-1.48,189,103.5,139,105.0,255,-4.91,293,,WAC,63.9,236,100.2,226,45.1,309,16.4,13,29.0,253,32.4,271,109.8,296,51.5,267,18.2,270,33.7,259,33.2,101,63.9,236,66.1,206,17.6,118,18.6,269,100.2,226,98.0,211,109.8,296,108.2,316,76.0,246,+0.0,169,-0.1,184,+0.1,148,-1.4,302,+0.1,181,-0.5,221,0.78,311,27.6,245,41.0,235,2012,0.25881016996768313,9,22,0.2903225806451613,31
276,Santa Clara,WCC,8-22,-9.91,103.6,156,113.5,332,65.2,162,-.075,327,+0.28,146,103.5,138,103.3,167,-2.25,224,,WCC,65.2,162,103.6,156,47.0,259,16.8,20,29.5,235,34.8,209,113.5,332,52.4,300,17.6,294,33.6,255,51.0,339,65.2,162,67.5,136,18.4,207,17.4,60,103.6,156,100.9,154,113.5,332,112.0,340,76.7,127,+0.1,162,+0.7,77,-0.6,242,-0.9,270,+1.1,77,+1.5,100,1.07,269,36.0,54,36.3,262,2012,0.2593108826339442,8,22,0.26666666666666666,30
182,Savannah St.,MEAC,21-12,-1.73,95.2,294,96.9,60,62.8,276,+.065,30,-7.51,330,98.1,333,105.6,288,+0.09,153,8,MEAC,62.8,276,95.2,294,46.5,271,22.8,310,36.4,24,38.8,103,96.9,60,46.7,68,23.6,21,28.9,70,45.4,317,62.8,276,65.5,235,19.9,317,17.1,27,95.2,294,94.1,280,96.9,60,90.9,15,75.4,320,-1.2,258,-1.0,289,-0.2,212,-0.6,229,-1.4,292,-0.5,223,1.65,130,35.0,68,51.4,159,2012,0.449288678530068,21,12,0.6363636363636364,33
226,Seattle,ind,12-15,-5.25,98.7,247,104.0,195,74.4,1,-.071,321,-4.76,281,102.3,197,107.1,336,-2.17,218,,ind,74.4,1,98.7,247,48.5,185,19.6,149,33.0,119,25.7,344,104.0,195,49.9,211,20.0,166,28.5,61,44.2,308,74.4,1,76.0,1,14.7,4,17.2,35,98.7,247,99.3,183,104.0,195,100.5,181,76.1,237,-0.8,228,-0.7,263,-0.1,190,+1.1,65,-0.6,223,-1.5,262,1.32,211,40.6,12,47.2,188,2012,0.35399637183990906,12,15,0.4444444444444444,27
55,Seton Hall,BE,21-13,+12.19,106.7,99,94.6,31,64.8,186,+.001,171,+5.47,55,105.9,52,100.4,62,-3.76,258,1,BE,64.8,186,106.7,99,49.7,143,19.0,113,31.9,161,32.7,265,94.6,31,46.5,59,21.8,83,29.7,101,35.2,154,64.8,186,66.7,178,17.7,128,18.4,231,106.7,99,101.6,139,94.6,31,94.7,54,77.3,60,+1.7,60,+0.8,75,+0.9,87,+1.1,46,+0.9,93,+0.5,152,1.71,104,22.9,311,47.4,186,2012,0.7996618634414089,21,13,0.6176470588235294,34
231,Siena,MAAC,14-17,-5.62,97.3,274,103.0,177,64.5,199,+.043,66,-2.61,218,101.6,233,104.2,211,-1.51,197,,MAAC,64.5,199,97.3,274,46.7,266,21.3,249,32.7,135,34.1,232,103.0,177,47.2,92,17.9,285,32.3,215,25.1,4,64.5,199,66.6,188,18.7,234,17.6,99,97.3,274,95.3,263,103.0,177,99.3,153,75.7,279,-0.6,212,-0.5,238,-0.1,158,-0.7,247,+0.1,186,-3.5,339,1.32,210,16.7,344,35.6,270,2012,0.3419323135878592,14,17,0.45161290322580644,31
210,South Alabama,SB,17-12,-3.57,101.1,207,104.6,210,64.8,181,+.104,9,-2.69,222,101.2,250,103.9,193,-3.25,250,,SB,64.8,181,101.1,207,46.8,264,23.8,331,41.8,2,37.7,138,104.6,210,47.3,100,18.6,241,32.4,221,31.3,60,64.8,181,66.4,198,18.0,161,18.4,223,101.1,207,98.5,198,104.6,210,100.4,174,74.8,337,-3.4,331,-2.5,341,-0.9,266,+1.1,72,+0.4,134,-4.3,341,0.72,316,30.7,170,28.2,310,2012,0.40338408039222834,17,12,0.5862068965517241,29
164,South Carolina,SEC,10-21,+0.63,103.5,157,102.9,174,61.7,308,-.069,317,+5.90,50,105.5,63,99.6,34,-5.23,301,,SEC,61.7,308,103.5,157,46.2,284,20.3,191,35.1,49,26.8,340,102.9,174,50.9,249,22.5,51,37.3,334,40.3,253,61.7,308,62.9,318,19.9,316,18.6,263,103.5,157,97.4,222,102.9,174,103.1,236,76.8,110,+1.1,90,+0.3,126,+0.8,90,+1.1,47,+1.1,51,-1.8,292,1.35,204,37.4,38,55.5,129,2012,0.5167089392637837,10,21,0.3225806451612903,31
343,South Carolina St.,MEAC,5-26,-24.49,92.4,316,116.9,342,68.5,33,-.029,249,-6.20,310,99.7,308,105.9,298,+0.30,146,,MEAC,68.5,33,92.4,316,43.1,333,22.3,292,35.5,41,34.8,210,116.9,342,53.8,325,17.7,289,36.2,325,36.1,172,68.5,33,70.3,38,17.5,109,16.8,13,92.4,316,90.7,311,116.9,342,111.3,339,75.7,275,-1.5,276,-0.9,280,-0.6,249,-0.5,221,+0.1,166,-2.5,316,1.15,245,35.1,66,53.3,145,2012,0.0626961931333463,5,26,0.16129032258064516,31
283,South Dakota,Sum,10-18,-10.47,99.0,243,109.5,289,68.0,43,-.016,208,-3.31,242,103.4,143,106.7,330,-7.48,329,,Sum,68.0,43,99.0,243,50.4,117,19.0,108,23.9,328,32.2,277,109.5,289,52.5,301,16.8,322,29.7,98,29.6,34,68.0,43,69.7,48,16.8,50,17.9,155,99.0,243,98.7,194,109.5,289,107.5,310,76.5,175,-0.1,179,+0.1,149,-0.2,213,+0.1,158,-0.9,263,+1.5,89,1.50,163,27.7,242,69.1,41,2012,0.2388028564173314,10,18,0.35714285714285715,28
61,South Dakota St.,Sum,27-8,+11.62,113.7,26,102.1,152,64.8,182,+.030,93,-1.92,198,103.2,152,105.1,259,+2.04,97,14,Sum,64.8,182,113.7,26,53.7,15,15.7,5,29.4,239,39.6,80,102.1,152,50.0,219,19.1,221,27.7,45,29.8,37,64.8,182,66.6,184,16.8,57,19.4,334,113.7,26,112.9,8,102.1,152,99.0,145,77.2,76,-0.9,233,-0.8,272,-0.1,172,+0.1,167,+2.1,26,+3.3,7,1.60,137,27.9,230,66.6,50,2012,0.7751325220680254,27,8,0.7714285714285715,35
48,South Florida,BE,22-14,+13.13,103.9,151,90.8,13,58.5,343,+.040,72,+8.17,23,107.2,26,99.0,20,+1.27,116,12,BE,58.5,343,103.9,151,48.3,190,22.4,297,33.4,102,34.1,230,90.8,13,44.1,14,18.5,252,30.0,111,32.3,76,58.5,343,60.1,343,21.8,344,18.5,244,103.9,151,97.4,227,90.8,13,94.1,46,77.9,23,+1.9,48,+0.5,108,+1.4,31,+2.1,11,+0.5,116,+0.5,122,1.22,232,30.9,164,46.1,194,2012,0.8248921446586502,22,14,0.6111111111111112,36
229,Southeast Missouri St.,OVC,15-16,-5.46,105.5,125,110.9,312,64.6,193,-.036,257,-5.86,305,100.3,290,106.2,311,-4.06,269,,OVC,64.6,193,105.5,125,52.1,57,19.9,162,33.5,98,34.4,217,110.9,312,49.3,190,15.8,340,30.2,119,41.5,272,64.6,193,65.9,217,18.1,173,18.5,250,105.5,125,105.4,68,110.9,312,106.2,296,76.0,242,-2.2,306,-0.9,281,-1.3,310,-1.7,319,-0.5,221,+1.1,107,1.24,228,33.4,104,52.6,153,2012,0.36030137648326716,15,16,0.4838709677419355,31
301,Southeastern Louisiana,Slnd,12-17,-13.46,86.5,343,99.9,115,63.0,267,+.011,145,-6.69,318,99.3,314,106.0,306,-4.72,287,,Slnd,63.0,267,86.5,343,43.7,330,23.4,322,31.6,168,40.3,69,99.9,115,46.4,53,20.5,147,30.3,126,39.1,235,63.0,267,65.5,232,19.1,269,17.5,79,86.5,343,86.4,337,99.9,115,94.9,58,76.3,193,-0.7,224,-0.8,274,+0.1,139,+0.2,133,+1.1,56,-1.5,257,1.14,249,37.0,43,27.7,313,2012,0.16026056509170516,12,17,0.41379310344827586,29
314,Southern,SWAC,17-14,-16.73,90.0,330,106.7,257,63.4,256,+.113,7,-11.85,345,94.0,344,105.8,296,+1.64,109,,SWAC,63.4,256,90.0,330,45.4,302,20.8,225,22.5,339,37.7,136,106.7,257,43.9,12,19.2,210,35.7,312,41.8,280,63.4,256,66.3,200,17.9,154,18.2,201,90.0,330,89.6,322,106.7,257,96.1,72,75.5,311,-1.4,269,-0.2,202,-1.1,303,-1.5,312,-1.9,314,-0.2,193,1.11,256,27.6,243,41.1,234,2012,0.12374522078259573,17,14,0.5483870967741935,31
222,Southern Illinois,MVC,8-23,-4.79,99.2,242,104.0,197,64.8,179,-.050,285,+4.14,74,104.9,82,100.7,74,-0.27,166,,MVC,64.8,179,99.2,242,45.6,296,20.8,226,31.5,174,35.8,183,104.0,197,52.5,303,21.9,74,30.1,117,53.1,342,64.8,179,66.6,189,18.6,223,17.6,91,99.2,242,93.4,290,104.0,197,103.4,242,76.2,225,-0.6,215,-0.5,244,-0.1,165,-0.4,211,+0.8,100,-0.7,237,0.96,284,40.5,15,40.5,239,2012,0.3673951104916198,8,23,0.25806451612903225,31
68,Southern Miss,CUSA,25-9,+10.83,111.2,44,100.4,125,63.8,238,+.041,68,+4.41,69,104.7,90,100.3,51,+2.32,90,9,CUSA,63.8,238,111.2,44,46.2,281,16.2,9,35.4,43,39.9,76,100.4,125,50.4,234,21.0,119,27.4,43,40.6,259,63.8,238,65.0,262,19.9,314,17.2,39,111.2,44,105.9,62,100.4,125,99.4,158,75.5,305,-0.9,236,-0.5,245,-0.4,234,-1.9,328,-1.5,294,-0.5,224,1.50,162,26.9,254,32.5,285,2012,0.7640357025239626,25,9,0.7352941176470589,34
236,Southern Utah,Sum,14-17,-6.27,98.3,253,104.6,207,62.8,273,+.015,138,-2.77,224,104.7,86,107.5,342,-6.72,319,,Sum,62.8,273,98.3,253,49.8,140,20.7,222,30.6,198,37.1,155,104.6,207,52.0,286,19.2,215,28.2,55,46.8,328,62.8,273,64.8,271,20.1,323,17.3,42,98.3,253,99.7,175,104.6,207,104.4,268,76.7,145,-1.0,246,-1.0,285,-0.1,195,+0.1,156,+0.4,133,+2.5,23,1.44,189,21.2,327,54.8,132,2012,0.3286329501823134,14,17,0.45161290322580644,31
60,St. Bonaventure,A10,20-12,+11.78,110.6,53,98.9,93,63.0,269,-.024,235,+3.83,83,104.9,83,101.1,84,+0.10,150,14,A10,63.0,269,110.6,53,50.8,98,21.5,256,36.8,22,42.1,42,98.9,93,47.1,87,19.0,224,29.5,90,37.3,200,63.0,269,65.4,238,18.6,220,18.2,204,110.6,53,106.4,54,98.9,93,98.2,122,77.4,50,+1.8,54,+1.0,58,+0.8,91,+0.5,112,+1.1,57,+0.6,118,1.73,96,28.7,214,54.7,134,2012,0.78343965154482,20,12,0.625,32
217,St. Francis NY,NEC,15-15,-4.11,97.5,271,101.6,144,68.1,40,-.027,243,-6.29,312,100.1,299,106.3,317,-5.63,307,,NEC,68.1,40,97.5,271,50.2,125,23.0,315,31.6,170,35.0,204,101.6,144,48.1,140,21.1,117,28.3,60,46.0,325,68.1,40,71.1,28,16.9,64,17.2,31,97.5,271,97.4,225,101.6,144,96.2,74,75.6,304,-2.2,308,-2.1,336,-0.1,195,-0.8,252,-1.3,283,-1.5,263,1.48,176,33.9,96,44.2,213,2012,0.3837412782796603,15,15,0.5,30
309,St. Francis PA,NEC,6-23,-15.24,95.3,292,110.5,304,63.0,271,-.049,283,-3.55,244,101.9,214,105.4,279,+4.36,52,,NEC,63.0,271,95.3,292,50.6,110,24.3,336,27.5,278,34.9,207,110.5,304,52.3,296,21.1,113,37.1,331,33.7,117,63.0,271,65.1,256,19.1,268,18.0,162,95.3,292,93.5,288,110.5,304,106.9,305,76.4,180,-0.6,219,-0.1,191,-0.5,240,+0.1,172,+1.1,64,+0.8,114,1.01,279,30.3,178,43.1,219,2012,0.15422566827843556,6,23,0.20689655172413793,29
157,St. John's,BE,13-19,+1.20,103.9,152,102.7,168,66.2,112,+.033,85,+7.19,33,106.7,38,99.5,30,-2.66,235,,BE,66.2,112,103.9,152,45.6,295,19.6,150,33.6,93,39.5,82,102.7,168,50.2,227,21.3,108,39.1,344,28.7,26,66.2,112,68.0,112,17.4,106,18.0,170,103.9,152,97.5,221,102.7,168,104.2,265,77.0,97,-0.6,213,-0.5,243,-0.1,160,+0.1,135,+0.3,140,-0.5,197,0.12,343,18.6,338,4.8,343,2012,0.5333486625771358,13,19,0.40625,32
40,Stanford,P12,26-11,+14.36,106.7,100,92.4,19,67.2,74,-.017,215,+2.50,109,104.2,110,101.7,117,-4.51,283,3,P12,67.2,74,106.7,100,50.6,108,20.0,168,33.8,85,37.8,133,92.4,19,46.6,64,21.9,79,28.0,50,37.9,210,67.2,74,68.2,99,17.4,103,17.8,142,106.7,100,103.6,104,92.4,19,90.8,14,77.0,95,+1.9,46,+0.4,114,+1.5,28,+1.2,40,-0.7,238,-0.5,212,1.44,188,35.1,64,69.7,37,2012,0.8395364480855303,26,11,0.7027027027027027,37
155,Stephen F. Austin,Slnd,20-12,+1.29,97.3,276,96.0,48,58.6,342,-.059,303,-6.16,309,98.2,329,104.4,217,-3.79,260,,Slnd,58.6,342,97.3,276,47.8,212,22.0,276,34.4,70,39.0,96,96.0,48,46.8,73,22.7,42,25.0,9,37.4,203,58.6,342,61.0,339,20.9,335,18.4,225,97.3,276,96.5,244,96.0,48,89.2,4,74.9,334,-3.0,325,-1.9,334,-1.0,269,-1.4,308,-2.6,329,-2.5,308,0.83,303,32.7,122,33.9,278,2012,0.5385941200456837,20,12,0.625,32
250,Stetson,ASun,9-20,-7.50,100.7,214,108.2,277,70.4,12,-.010,196,+0.75,140,104.3,105,103.5,176,+4.19,56,,ASun,70.4,12,100.7,214,50.9,94,24.1,335,32.1,157,34.3,223,108.2,277,51.8,280,18.8,230,34.0,268,32.6,82,70.4,12,73.0,10,15.9,14,17.2,37,100.7,214,97.1,234,108.2,277,106.7,302,76.9,102,-1.1,251,+0.1,154,-1.2,304,+0.1,176,+1.1,60,+1.9,48,1.33,209,30.4,176,39.0,246,2012,0.3044684261062869,9,20,0.3103448275862069,29
142,Stony Brook,AE,22-10,+2.60,103.5,158,100.9,133,61.4,315,+.020,122,-7.28,328,98.9,323,106.2,312,-2.21,221,8,AE,61.4,315,103.5,158,47.7,223,19.5,144,38.8,11,31.4,295,100.9,133,49.6,203,21.3,105,25.5,14,27.9,19,61.4,315,62.7,321,19.5,299,18.9,312,103.5,158,104.5,89,100.9,133,95.0,60,76.1,236,-1.1,252,-0.9,276,-0.3,220,-1.2,297,-0.9,256,+0.5,139,2.33,11,32.6,125,73.1,19,2012,0.5726274906269614,22,10,0.6875,32
5,Syracuse,BE,34-3,+26.04,117.7,7,91.7,16,64.4,202,+.060,37,+7.98,27,107.0,29,99.0,19,-2.11,216,1,BE,64.4,202,117.7,7,52.1,59,15.8,6,36.0,30,32.9,261,91.7,16,44.2,15,24.2,10,38.3,339,31.0,53,64.4,202,66.1,207,15.7,12,20.9,345,117.7,7,111.8,11,91.7,16,92.7,31,78.6,3,+4.1,10,+2.2,8,+1.9,11,+2.7,6,+2.1,20,+2.5,14,1.88,71,33.9,94,73.8,16,2012,0.9463733650030802,34,3,0.918918918918919,37
161,TCU,MWC,18-15,+0.76,106.3,109,105.6,232,67.9,48,+.085,17,+3.00,100,103.7,128,100.7,73,-2.58,233,,MWC,67.9,48,106.3,109,49.4,158,19.3,131,29.7,230,38.5,112,105.6,232,54.1,329,21.4,100,29.3,86,41.3,267,67.9,48,68.9,74,17.0,69,18.1,185,106.3,109,101.2,147,105.6,232,103.7,255,76.3,210,+1.1,91,+0.2,136,+0.9,61,+1.7,20,-2.9,333,-2.5,321,1.49,169,31.1,155,50.6,167,2012,0.5189857453007919,18,15,0.5454545454545454,33
39,Temple,A10,24-8,+14.49,113.3,28,98.9,92,65.9,126,+.055,47,+6.10,45,106.5,40,100.4,59,+6.20,27,5,A10,65.9,126,113.3,28,53.1,30,18.1,58,31.0,191,34.2,228,98.9,92,48.3,148,19.3,208,31.1,160,33.2,99,65.9,126,68.2,101,17.7,125,17.7,111,113.3,28,108.0,39,98.9,92,99.9,169,77.2,67,-1.6,288,-0.6,254,-1.1,277,+0.1,173,+2.1,24,+3.1,8,2.01,48,24.7,293,71.7,27,2012,0.8268112204987452,24,8,0.75,32
63,Tennessee,SEC,19-15,+11.38,106.5,106,95.1,40,64.4,201,-.040,264,+6.23,42,106.9,32,100.7,71,-0.31,167,1,SEC,64.4,201,106.5,106,49.3,160,20.5,204,32.9,124,38.4,117,95.1,40,46.2,48,18.1,276,29.5,91,35.7,163,64.4,201,65.7,227,17.8,139,18.7,290,106.5,106,102.0,128,95.1,40,97.6,109,77.6,36,+1.2,84,+0.2,133,+1.0,50,+1.5,33,+1.1,54,+1.5,78,1.00,280,34.7,76,27.9,311,2012,0.7861687277906931,19,15,0.5588235294117647,34
336,Tennessee Martin,OVC,4-27,-21.20,94.1,303,115.3,337,65.1,169,-.012,201,-1.78,196,101.8,225,103.6,178,+1.32,114,,OVC,65.1,169,94.1,303,44.1,325,23.3,321,32.2,153,34.7,212,115.3,337,55.5,340,19.7,184,35.4,306,40.3,252,65.1,169,67.0,164,18.5,217,17.6,87,94.1,303,90.7,312,115.3,337,111.2,338,76.6,162,-0.3,195,-1.2,305,+0.9,72,+0.6,107,-0.7,234,+0.5,158,0.75,314,33.7,99,42.0,226,2012,0.08813976951476363,4,27,0.12903225806451613,31
168,Tennessee St.,OVC,20-13,+0.12,101.1,206,101.0,136,65.3,155,+.087,16,-1.70,193,102.3,196,104.0,197,+2.81,84,,OVC,65.3,155,101.1,206,49.2,166,21.8,269,31.3,183,41.0,58,101.0,136,51.3,259,22.7,44,30.2,121,37.2,198,65.3,155,66.7,181,18.1,178,18.2,195,101.1,206,98.6,197,101.0,136,98.9,143,76.1,240,+0.5,137,-0.4,229,+0.9,66,-0.4,216,-1.4,288,-1.5,250,1.86,73,30.8,169,61.1,90,2012,0.502845095700323,20,13,0.6060606060606061,33
187,Tennessee Tech,OVC,19-14,-2.07,103.4,161,105.4,229,67.8,52,+.067,27,-2.21,206,102.6,179,104.8,246,-0.00,156,,OVC,67.8,52,103.4,161,50.8,96,21.8,268,33.5,96,42.7,30,105.4,229,51.0,252,21.3,107,31.1,159,38.0,212,67.8,52,68.7,84,16.9,65,18.3,211,103.4,161,102.0,129,105.4,229,102.9,231,76.5,166,+0.7,122,+0.6,88,+0.1,137,+0.2,129,-0.9,254,+0.7,116,2.48,6,25.1,285,82.4,2,2012,0.4451433933700527,19,14,0.5757575757575758,33
32,Texas,B12,20-14,+15.90,112.9,31,97.0,64,64.9,176,-.065,311,+8.45,14,107.8,11,99.4,27,-1.52,198,11,B12,64.9,176,112.9,31,48.5,184,18.5,79,37.5,18,42.6,34,97.0,64,46.9,79,19.9,175,33.4,247,41.5,271,64.9,176,67.5,138,18.1,169,17.8,128,112.9,31,106.7,50,97.0,64,98.1,121,76.3,206,-0.3,196,+0.0,165,-0.3,228,-0.9,274,-0.9,261,+1.5,91,0.79,307,31.4,149,15.3,335,2012,0.8513972475018583,20,14,0.5882352941176471,34
122,Texas A&M,B12,14-18,+5.07,101.4,196,96.4,52,61.4,317,-.050,286,+6.92,38,106.4,41,99.4,29,-10.59,341,,B12,61.4,317,101.4,196,47.6,225,20.8,223,30.6,200,29.4,321,96.4,52,46.4,54,19.1,222,28.1,52,38.7,229,61.4,317,63.6,309,18.9,249,18.9,317,101.4,196,94.9,271,96.4,52,96.6,82,78.0,16,+2.4,33,+0.9,69,+1.5,27,+1.1,55,+2.4,15,+1.9,42,1.78,86,36.5,46,51.2,161,2012,0.6414169061028387,14,18,0.4375,32
306,Texas A&M Corpus Chris,Slnd,6-24,-14.94,89.9,331,104.8,215,64.8,180,+.026,104,-2.65,220,100.7,274,103.4,171,+1.26,117,,Slnd,64.8,180,89.9,331,44.0,327,22.7,307,28.6,260,37.9,129,104.8,215,49.0,171,19.9,174,32.2,210,43.7,303,64.8,180,66.8,177,18.8,238,17.4,65,89.9,331,86.9,333,104.8,215,100.4,173,75.9,262,-0.1,187,-0.1,183,-0.1,192,-1.7,320,-0.2,202,-1.5,275,0.59,333,29.7,197,15.0,336,2012,0.14634103149146435,6,24,0.2,30
312,Texas Pan American,GWC,11-21,-16.22,92.9,313,109.1,285,63.7,243,+.017,133,-4.55,275,100.6,279,105.2,267,+1.78,102,,GWC,63.7,243,92.9,313,47.5,231,22.9,314,23.1,333,34.2,225,109.1,285,50.8,244,19.6,190,34.6,292,33.4,107,63.7,243,67.3,146,18.4,201,17.6,100,92.9,313,90.5,313,109.1,285,104.5,269,75.5,306,-2.9,324,-1.3,310,-1.6,323,-0.9,289,-0.9,243,+0.7,115,1.93,60,34.2,88,57.9,112,2012,0.1360462494245284,11,21,0.34375,32
267,Texas Southern,SWAC,15-18,-8.99,92.6,314,101.6,146,65.3,158,-.015,206,-9.31,339,96.2,339,105.5,282,+12.76,4,,SWAC,65.3,158,92.6,314,46.9,263,25.4,341,32.7,137,45.1,14,101.6,146,46.7,67,23.9,17,33.9,266,34.1,124,65.3,158,67.2,154,18.1,176,17.9,153,92.6,314,90.9,309,101.6,146,93.1,35,76.0,245,+0.8,118,-0.2,196,+0.9,73,+1.4,37,-0.9,271,-2.5,313,0.66,323,43.4,3,24.5,317,2012,0.25603582129251706,15,18,0.45454545454545453,33
266,Texas St.,Slnd,13-17,-8.95,100.5,223,109.4,288,71.9,6,-.058,302,-5.19,290,99.3,315,104.5,226,-3.05,246,,Slnd,71.9,6,100.5,223,49.2,164,19.3,129,29.0,252,32.6,269,109.4,288,51.4,263,22.5,52,35.4,307,44.8,314,71.9,6,74.5,4,15.3,8,17.2,41,100.5,223,98.9,188,109.4,288,103.7,256,76.6,152,+0.8,116,+1.0,59,-0.2,214,+0.6,102,-0.2,206,-0.5,218,0.93,289,38.2,30,37.3,254,2012,0.2737236898331971,13,17,0.43333333333333335,30
235,Texas Tech,B12,8-23,-6.18,95.1,295,101.3,139,64.1,223,-.014,205,+6.80,40,106.8,36,100.0,45,-6.94,323,,B12,64.1,223,95.1,295,48.6,181,25.8,344,25.9,305,40.1,72,101.3,139,48.0,134,19.1,218,32.3,214,47.9,332,64.1,223,66.1,208,19.7,307,16.9,15,95.1,295,89.4,323,101.3,139,103.3,239,75.7,291,+0.9,111,-0.0,178,+0.9,73,-1.3,299,-2.9,336,-2.9,328,0.65,327,35.0,69,24.0,318,2012,0.3260048668960692,8,23,0.25806451612903225,31
323,The Citadel,SC,6-24,-18.01,92.6,315,110.6,306,63.4,257,-.042,267,-4.34,268,101.4,244,105.7,290,-1.64,203,,SC,63.4,257,92.6,315,47.8,216,22.2,285,26.8,291,33.3,254,110.6,306,53.7,324,18.3,258,32.4,216,30.6,49,63.4,257,66.3,199,19.4,290,17.0,22,92.6,315,91.9,300,110.6,306,107.9,314,75.4,315,-1.3,263,-0.7,261,-0.6,248,-2.4,340,-1.4,290,-0.5,219,0.74,315,37.7,36,22.9,322,2012,0.11478640674028713,6,24,0.2,30
206,Toledo,MAC,19-17,-3.41,103.4,160,106.8,260,65.7,136,-.014,203,-4.66,278,99.8,305,104.5,223,-6.78,321,,MAC,65.7,136,103.4,160,50.5,113,20.2,173,30.4,207,39.1,92,106.8,260,49.6,201,20.9,126,36.2,321,31.3,62,65.7,136,66.4,195,17.9,151,18.4,219,103.4,160,102.0,127,106.8,260,101.3,198,75.8,273,-2.0,302,-0.3,217,-1.7,326,+0.1,176,+0.6,113,-1.5,268,0.77,312,27.7,239,20.0,327,2012,0.40804356639833206,19,17,0.5277777777777778,36
339,Towson,CAA,1-31,-22.63,87.3,340,109.9,297,61.5,312,-.036,258,+2.73,105,103.9,125,101.1,90,+4.62,46,,CAA,61.5,312,87.3,340,40.1,344,28.4,345,38.4,13,40.9,60,109.9,297,51.1,253,16.8,320,34.3,284,36.5,179,61.5,312,63.9,296,20.3,327,17.3,53,87.3,340,80.8,344,109.9,297,109.3,326,78.0,20,+1.1,99,+0.1,144,+0.9,58,+3.1,4,+2.9,9,+1.5,66,0.71,317,20.9,329,6.1,342,2012,0.06614112679819534,1,31,0.03125,32
268,Troy,SB,10-18,-9.08,105.1,135,114.2,334,67.1,80,+.018,128,-0.80,173,101.8,219,102.6,148,+1.38,113,,SB,67.1,80,105.1,135,47.8,211,17.7,43,33.2,116,25.8,343,114.2,334,54.6,334,20.9,128,37.2,332,33.2,102,67.1,80,68.5,90,17.1,74,18.2,206,105.1,135,101.1,148,114.2,334,110.5,334,75.4,314,-3.9,337,-1.8,330,-2.1,334,-0.6,235,-1.1,276,+0.5,158,0.65,326,34.2,89,28.3,309,2012,0.27789068377905884,10,18,0.35714285714285715,28
196,Tulane,CUSA,15-16,-2.70,97.9,261,100.6,131,64.7,190,-.071,322,-2.91,228,100.5,283,103.4,175,-14.36,345,,CUSA,64.7,190,97.9,261,47.3,243,19.4,139,28.8,256,40.4,68,100.6,131,47.9,126,21.7,84,28.1,51,35.6,160,64.7,190,65.3,247,18.7,228,18.3,213,97.9,261,96.2,247,100.6,131,94.9,57,76.0,247,-0.4,200,-0.3,215,-0.1,161,-0.2,202,-1.6,299,+0.5,158,1.15,246,29.9,191,37.3,253,2012,0.42241542235521795,15,16,0.4838709677419355,31
94,Tulsa,CUSA,17-14,+7.75,106.3,110,98.5,88,63.8,242,-.074,325,+2.32,113,103.7,130,101.4,104,+1.71,106,,CUSA,63.8,242,106.3,110,50.7,104,22.2,286,33.5,98,46.1,8,98.5,88,46.7,71,18.2,267,24.9,7,40.6,257,63.8,242,65.1,259,18.5,216,18.6,271,106.3,110,101.2,144,98.5,88,96.2,75,78.1,13,+3.7,14,+2.0,12,+1.6,23,+0.1,165,+2.1,26,+3.5,2,1.59,140,30.2,180,64.3,68,2012,0.7060757566778723,17,14,0.5483870967741935,31
130,UAB,CUSA,15-16,+3.89,101.2,201,97.3,67,61.1,320,+.020,124,+4.69,67,105.8,54,101.1,91,+3.25,74,,CUSA,61.1,320,101.2,201,47.7,221,22.5,301,34.5,65,36.3,172,97.3,67,46.6,62,18.6,244,30.5,136,29.6,35,61.1,320,62.6,323,20.6,330,17.8,140,101.2,201,96.2,248,97.3,67,98.0,116,77.6,34,+0.6,133,+0.6,83,-0.1,159,+1.1,59,+2.1,35,+1.5,63,1.25,220,23.7,304,48.8,178,2012,0.6111021287769693,15,16,0.4838709677419355,31
328,UC Davis,BW,5-26,-18.82,94.6,301,113.4,331,64.8,185,-.039,263,-2.40,211,102.2,201,104.7,239,-2.73,239,,BW,64.8,185,94.6,301,48.4,189,23.4,325,26.0,304,31.7,284,113.4,331,52.2,290,16.8,323,35.9,317,37.0,193,64.8,185,66.9,171,18.7,233,17.3,52,94.6,301,91.8,304,113.4,331,111.2,337,76.7,126,+0.7,127,+0.5,99,+0.2,134,+1.1,72,-0.1,197,+0.5,135,0.92,291,40.0,18,37.4,252,2012,0.11060904658361202,5,26,0.16129032258064516,31
249,UC Irvine,BW,12-20,-7.20,97.1,280,104.3,201,69.1,28,+.001,170,-1.26,180,103.3,151,104.5,230,+1.88,101,,BW,69.1,28,97.1,280,48.3,194,20.8,229,28.4,264,32.0,279,104.3,201,47.9,125,18.0,280,32.1,202,36.8,189,69.1,28,70.6,34,16.6,39,17.8,137,97.1,280,95.1,266,104.3,201,102.4,225,76.3,200,-1.5,277,+0.3,123,-1.9,329,-0.6,241,+0.3,142,+0.5,128,1.07,271,29.6,200,25.0,316,2012,0.30521312364896513,12,20,0.375,32
277,UC Riverside,BW,14-17,-10.00,90.5,325,100.5,130,62.6,281,+.120,4,-2.14,202,102.8,170,104.9,252,+0.50,141,,BW,62.6,281,90.5,325,44.1,326,20.6,205,27.7,275,29.6,318,100.5,130,44.9,23,18.4,255,32.9,235,37.1,194,62.6,281,63.5,310,19.5,301,18.5,258,90.5,325,89.2,325,100.5,130,98.3,126,75.8,271,-1.4,270,-0.9,279,-0.5,237,-1.9,323,-1.1,277,-0.1,189,1.74,93,34.9,71,66.1,59,2012,0.23053538853702368,14,17,0.45161290322580644,31
107,UC Santa Barbara,BW,20-11,+6.37,111.1,46,104.7,214,63.6,248,-.009,194,-1.45,188,102.8,167,104.3,212,+6.04,28,,BW,63.6,248,111.1,46,52.1,56,17.9,48,36.3,26,33.8,239,104.7,214,46.4,58,16.7,325,31.7,186,34.4,136,63.6,248,65.1,260,19.1,264,18.1,174,111.1,46,109.9,20,104.7,214,101.7,207,77.3,57,+2.2,38,+1.2,46,+0.9,73,+1.7,23,+0.5,126,-0.1,190,2.23,21,35.5,60,50.9,163,2012,0.664254774126404,20,11,0.6451612903225806,31
103,UCF,CUSA,22-11,+7.11,106.5,105,99.4,103,63.1,266,+.096,12,+3.06,99,103.9,121,100.9,77,-4.44,281,6,CUSA,63.1,266,106.5,105,47.8,213,19.2,126,36.3,27,39.6,81,99.4,103,47.7,113,18.9,227,31.4,172,32.7,87,63.1,266,64.4,280,18.5,212,18.9,316,106.5,105,100.8,159,99.4,103,98.2,123,77.3,61,+1.9,51,-0.1,185,+1.9,13,+1.8,18,+1.1,58,-1.3,245,1.97,55,29.2,205,60.4,94,2012,0.6885647746137584,22,11,0.6666666666666666,33
58,UCLA,P12,19-14,+11.85,108.8,73,96.9,62,64.7,191,-.074,326,+3.96,79,104.1,114,100.2,49,-0.61,179,,P12,64.7,191,108.8,73,50.5,116,18.1,53,32.7,131,32.4,273,96.9,62,47.8,123,21.0,120,28.2,53,34.2,125,64.7,191,65.5,231,17.9,148,18.8,309,108.8,73,103.9,99,96.9,62,95.5,65,77.4,49,+2.6,26,+1.5,34,+1.1,45,-0.9,259,+0.1,170,+0.5,145,1.23,229,21.9,319,42.0,228,2012,0.79118215000207,19,14,0.5757575757575758,33
342,UMBC,AE,4-26,-23.39,91.4,319,114.8,335,67.9,46,-.029,248,-6.12,308,99.4,312,105.5,285,-2.37,230,,AE,67.9,46,91.4,319,43.5,332,21.0,239,31.0,188,32.2,276,114.8,335,53.0,314,18.6,245,33.2,241,46.0,324,67.9,46,69.6,50,18.0,158,16.8,14,91.4,319,89.7,318,114.8,335,109.4,328,76.0,241,-1.3,264,-1.3,306,-0.1,195,+0.2,130,-0.6,224,-0.0,187,0.84,301,39.0,24,29.7,299,2012,0.06777511019388531,4,26,0.13333333333333333,30
284,UMKC,Sum,10-21,-10.48,99.8,231,110.3,301,62.7,277,-.021,224,-2.60,216,103.5,141,106.1,307,-4.18,275,,Sum,62.7,277,99.8,231,51.4,73,19.8,161,24.1,326,29.6,319,110.3,301,52.6,305,18.6,248,33.4,248,40.6,256,62.7,277,65.1,253,19.0,257,18.1,180,99.8,231,98.4,200,110.3,301,108.2,317,75.8,269,-0.5,206,-0.9,277,+0.4,118,-1.4,307,-1.5,295,+0.5,158,1.05,273,32.7,123,36.0,265,2012,0.24041401222490322,10,21,0.3225806451612903,31
114,UNC Asheville,BSth,24-10,+5.50,110.4,55,104.9,219,68.2,39,-.001,173,-4.12,261,101.8,221,105.9,303,+7.91,16,16,BSth,68.2,39,110.4,55,52.6,42,19.0,117,32.6,145,48.1,3,104.9,219,51.3,260,22.0,73,34.6,291,36.3,178,68.2,39,70.3,36,16.7,48,17.8,133,110.4,55,110.7,17,104.9,219,102.2,220,75.1,330,-5.1,345,-3.1,345,-2.1,339,-0.9,280,-0.7,230,+1.5,89,2.45,7,26.1,270,71.4,29,2012,0.6428326788240101,24,10,0.7058823529411765,34
280,UNC Greensboro,SC,13-19,-10.28,97.5,272,107.7,267,71.2,9,+.093,14,-2.32,208,101.9,217,104.2,205,+11.15,5,,SC,71.2,9,97.5,272,45.9,289,20.9,234,33.4,100,31.9,280,107.7,267,52.7,307,22.0,69,34.2,280,45.3,316,71.2,9,72.7,13,15.9,15,17.3,43,97.5,272,95.1,267,107.7,267,105.6,286,75.6,299,-1.2,256,-0.1,187,-1.1,302,-2.0,335,-0.9,267,-1.5,255,1.09,262,38.7,27,54.2,140,2012,0.24154679673878593,13,19,0.40625,32
238,UNC Wilmington,CAA,10-21,-6.33,100.3,225,106.7,253,65.8,129,+.010,148,+1.16,130,103.4,146,102.3,138,+2.31,91,,CAA,65.8,129,100.3,225,46.5,272,20.6,211,33.3,112,33.3,249,106.7,253,48.8,166,16.5,328,32.5,223,37.2,197,65.8,129,67.2,152,18.5,213,17.3,47,100.3,225,96.8,239,106.7,253,105.1,280,76.3,212,-1.4,273,-0.4,225,-1.1,275,-0.9,275,+0.1,173,-0.5,211,1.12,255,33.1,115,50.3,170,2012,0.3293032964361098,10,21,0.3225806451612903,31
37,UNLV,MWC,26-9,+14.97,109.2,67,94.2,27,68.7,31,+.006,158,+3.54,91,104.5,100,100.9,80,-0.24,164,6,MWC,68.7,31,109.2,67,52.7,41,19.1,122,32.0,160,35.3,195,94.2,27,46.3,49,21.1,115,28.9,69,34.0,121,68.7,31,69.9,45,14.9,7,19.6,337,109.2,67,105.7,63,94.2,27,93.6,39,77.8,27,+2.6,28,+0.7,81,+1.9,12,-0.7,246,+1.1,77,+2.5,20,2.17,28,26.2,264,70.9,31,2012,0.84543677349758,26,9,0.7428571428571429,35
220,USC,P12,6-26,-4.69,91.2,321,95.9,45,59.8,332,-.099,341,+6.17,44,105.9,50,99.7,38,+2.16,94,,P12,59.8,332,91.2,321,42.6,337,17.4,33,23.0,335,26.8,338,95.9,45,48.5,157,24.3,9,34.2,282,33.2,100,59.8,332,61.8,330,19.9,313,19.4,333,91.2,321,84.8,342,95.9,45,95.9,69,76.0,255,+1.2,82,+1.9,17,-0.7,254,-0.6,231,+0.1,162,-4.5,344,0.78,309,29.4,203,22.5,324,2012,0.35941883029158667,6,26,0.1875,32
136,USC Upstate,ASun,21-13,+3.22,103.1,167,99.9,112,67.0,86,+.032,88,-0.63,168,103.6,137,104.2,206,+1.07,124,,ASun,67.0,86,103.1,167,48.5,183,21.6,261,38.5,12,34.6,213,99.9,112,50.8,245,23.3,29,32.0,198,42.7,295,67.0,86,69.4,56,18.2,183,16.8,12,103.1,167,101.3,141,99.9,112,98.7,139,77.2,63,+0.2,154,-0.5,235,+0.7,98,+0.6,100,+0.7,106,+2.5,26,0.90,296,36.2,52,40.0,240,2012,0.5896676450943565,21,13,0.6176470588235294,34
121,UT Arlington,Slnd,24-9,+5.10,105.4,127,100.3,124,70.8,11,+.021,119,-5.69,303,99.4,311,105.1,262,-1.80,208,8,Slnd,70.8,11,105.4,127,50.4,120,22.2,290,36.2,29,46.6,5,100.3,124,48.0,132,24.1,14,30.2,120,36.0,171,70.8,11,72.6,14,15.3,9,17.8,127,105.4,127,104.8,84,100.3,124,93.2,37,76.6,158,-0.6,217,+0.5,111,-1.1,294,+1.1,72,+1.6,41,-2.7,327,1.72,99,35.9,56,74.8,13,2012,0.6388473519135787,24,9,0.7272727272727273,33
143,UTEP,CUSA,15-17,+2.55,102.0,186,99.4,101,61.4,318,-.031,253,+2.19,115,103.4,142,101.3,99,+0.16,148,,CUSA,61.4,318,102.0,186,50.3,123,21.0,243,27.4,281,39.0,97,99.4,101,47.7,114,19.1,219,31.0,153,34.9,147,61.4,318,62.9,319,19.9,315,18.5,240,102.0,186,97.9,212,99.4,101,97.9,115,77.0,96,+2.0,43,+1.0,57,+0.9,62,+1.1,89,-1.9,312,+0.1,182,1.28,218,25.1,286,23.2,321,2012,0.5736938265495932,15,17,0.46875,32
173,UTSA,Slnd,18-14,-0.81,104.0,147,104.9,216,66.4,102,-.051,288,-4.09,260,99.9,304,104.0,200,+0.72,137,,Slnd,66.4,102,104.0,147,51.5,70,20.2,178,27.7,273,37.1,154,104.9,216,49.8,209,22.4,55,33.6,256,34.4,135,66.4,102,68.2,102,16.8,53,18.4,237,104.0,147,102.5,120,104.9,216,99.0,146,76.7,141,-0.3,194,-0.2,204,-0.1,157,+1.0,90,+1.1,73,-1.5,259,1.10,259,34.8,72,60.4,93,2012,0.47524747877645845,18,14,0.5625,32
302,Utah,P12,6-25,-13.69,93.3,310,107.0,262,60.8,322,-.010,195,+5.41,58,106.1,46,100.7,70,-0.12,162,,P12,60.8,322,93.3,310,46.0,288,22.1,282,21.7,342,33.3,255,107.0,262,54.0,327,17.4,302,32.2,208,33.7,116,60.8,322,63.4,311,21.0,336,17.1,26,93.3,310,87.0,332,107.0,262,110.0,331,75.6,300,-1.6,284,-0.4,226,-1.2,307,-0.7,249,-2.2,326,-1.5,279,0.76,313,29.4,204,26.5,315,2012,0.17141948168349258,6,25,0.1935483870967742,31
125,Utah St.,WAC,21-16,+4.24,107.9,84,103.7,188,61.9,304,-.067,315,-2.04,199,102.8,171,104.8,249,-2.10,215,,WAC,61.9,304,107.9,84,53.0,33,19.1,121,30.0,222,40.2,71,103.7,188,47.0,81,17.0,315,32.4,220,32.7,84,61.9,304,64.2,284,19.0,258,18.6,274,107.9,84,107.0,47,103.7,188,101.3,197,77.0,90,-0.5,210,-0.5,233,-0.1,177,+0.4,121,+1.0,91,+1.5,76,0.70,319,27.5,246,20.7,325,2012,0.612202949147286,21,16,0.5675675675675675,37
243,Utah Valley,GWC,20-13,-6.71,99.5,238,106.2,247,64.6,194,+.044,63,-7.93,331,98.4,327,106.3,315,-3.11,248,,GWC,64.6,194,99.5,238,46.2,285,18.9,102,33.6,94,35.2,198,106.2,247,47.6,108,17.3,306,28.2,54,30.3,46,64.6,194,67.6,130,18.0,159,17.6,94,99.5,238,98.8,192,106.2,247,98.4,130,75.9,259,-1.6,289,-0.6,253,-1.1,283,-0.2,204,-1.7,301,+0.5,158,1.40,197,23.8,302,63.2,75,2012,0.3209489258552428,20,13,0.6060606060606061,33
46,VCU,CAA,29-7,+13.45,106.9,96,93.5,23,65.0,173,+.024,109,+0.53,143,101.9,213,101.4,105,+1.90,99,12,CAA,65.0,173,106.9,96,47.6,229,17.3,28,32.8,127,36.3,175,93.5,23,47.2,98,27.1,1,33.5,253,36.7,186,65.0,173,65.7,224,18.2,189,18.4,222,106.9,96,102.7,116,93.5,23,90.2,11,77.2,71,+1.2,86,+1.6,26,-0.4,232,-0.5,223,+1.1,74,+2.7,12,1.42,193,28.0,227,39.6,242,2012,0.8234970518520938,29,7,0.8055555555555556,36
274,VMI,BSth,17-16,-9.53,102.1,179,111.7,322,72.7,4,+.073,22,-6.42,315,100.5,285,106.9,332,-4.75,288,,BSth,72.7,4,102.1,179,50.6,107,18.1,54,26.3,296,39.1,93,111.7,322,54.0,326,21.0,125,36.2,323,36.8,188,72.7,4,74.2,5,14.8,5,17.9,145,102.1,179,103.2,109,111.7,322,108.3,318,76.1,230,-2.7,319,-1.6,324,-1.1,293,+0.1,160,+1.1,59,-1.3,244,2.23,20,35.2,61,68.9,42,2012,0.262418548881802,17,16,0.5151515151515151,33
138,Valparaiso,Horz,22-12,+3.07,106.0,117,102.9,175,63.9,234,+.101,10,+0.67,141,102.7,173,102.1,129,+2.25,93,7,Horz,63.9,234,106.0,117,53.4,24,22.3,295,27.3,282,43.7,21,102.9,175,48.9,168,17.6,295,29.6,94,36.7,185,63.9,234,65.4,242,18.3,194,18.5,252,106.0,117,102.2,123,102.9,175,101.0,189,76.1,232,-0.3,193,-0.2,205,-0.0,152,+0.1,176,-0.4,216,-0.5,209,1.48,173,29.6,198,50.8,166,2012,0.5845151842428632,22,12,0.6470588235294118,34
16,Vanderbilt,SEC,25-11,+20.90,115.6,14,94.7,35,64.7,188,-.048,280,+8.48,13,107.7,14,99.2,24,+3.03,79,5,SEC,64.7,188,115.6,14,54.1,11,20.0,165,32.1,159,40.1,74,94.7,35,46.9,78,18.8,229,31.3,165,28.6,25,64.7,188,66.1,205,17.0,70,19.5,335,115.6,14,108.8,26,94.7,35,97.2,97,78.3,9,+2.6,25,+1.2,48,+1.4,32,+0.1,136,+2.1,24,+3.5,5,2.64,3,29.2,206,82.0,3,2012,0.9083249970367272,25,11,0.6944444444444444,36
118,Vermont,AE,24-12,+5.17,105.3,131,100.1,119,61.9,300,-.024,236,-5.44,296,99.1,319,104.6,232,-1.55,201,16,AE,61.9,300,105.3,131,49.3,161,19.4,136,33.9,81,37.3,149,100.1,119,45.5,32,19.6,188,30.0,112,33.3,104,61.9,300,63.8,302,19.1,270,18.7,285,105.3,131,104.2,94,100.1,119,94.5,50,77.5,44,+0.8,115,+0.1,139,+0.7,100,+1.1,50,+0.4,129,+2.5,31,1.18,240,33.3,108,56.5,125,2012,0.6416201322755279,24,12,0.6666666666666666,36
85,Villanova,BE,13-19,+8.50,109.2,68,100.7,132,67.4,64,-.095,338,+8.58,10,106.9,34,98.3,5,+0.93,129,,BE,67.4,64,109.2,68,46.5,270,20.1,170,37.3,19,39.2,91,100.7,132,47.5,104,16.9,319,30.9,150,34.7,142,67.4,64,68.5,91,17.1,76,18.3,218,109.2,68,101.8,134,100.7,132,101.8,209,78.2,10,+2.0,42,+1.4,39,+0.6,105,+2.1,13,+2.6,11,+2.5,19,1.13,252,33.4,105,44.2,212,2012,0.7174617165092368,13,19,0.40625,32
33,Virginia,ACC,22-10,+15.85,105.2,133,89.3,5,59.3,339,-.024,237,+4.05,76,105.0,75,101.0,82,-5.70,308,10,ACC,59.3,339,105.2,133,50.7,103,18.6,85,26.5,295,35.4,193,89.3,5,44.7,20,21.0,123,24.9,6,31.2,56,59.3,339,61.7,334,19.2,282,19.5,336,105.2,133,100.9,156,89.3,5,87.6,1,76.9,101,+0.6,134,+0.2,135,+0.4,120,+1.3,38,-0.3,212,-0.5,217,2.16,29,26.7,257,59.2,99,2012,0.8681169439614798,22,10,0.6875,32
83,Virginia Tech,ACC,16-17,+8.64,106.8,98,98.1,83,61.9,301,-.092,335,+5.62,53,105.3,70,99.7,37,+0.09,152,,ACC,61.9,301,106.8,98,47.7,222,18.5,81,32.8,129,33.3,249,98.1,83,46.1,45,19.6,191,33.2,240,35.7,164,61.9,301,63.8,298,19.5,297,18.6,262,106.8,98,101.2,145,98.1,83,97.4,102,78.0,19,+1.4,73,-0.1,189,+1.4,29,+1.1,45,+2.1,36,+1.5,53,1.45,183,29.0,210,32.0,291,2012,0.7265446209392741,16,17,0.48484848484848486,33
102,Wagner,NEC,25-6,+7.14,104.8,136,97.6,73,67.1,78,+.014,139,-5.70,304,100.4,287,106.1,308,+1.11,122,,NEC,67.1,78,104.8,136,49.9,138,19.2,127,34.3,74,39.0,94,97.6,73,45.1,26,24.8,6,33.0,237,48.2,333,67.1,78,69.7,47,17.9,156,16.9,18,104.8,136,105.2,75,97.6,73,92.3,25,75.7,292,-1.6,285,-0.5,247,-1.1,279,-1.9,333,-1.9,316,-0.5,207,1.72,98,33.4,106,63.6,73,2012,0.693923616647648,25,6,0.8064516129032258,31
211,Wake Forest,ACC,13-18,-3.85,102.2,177,106.1,240,66.0,120,+.058,43,+2.88,101,104.1,112,101.3,101,-3.99,267,,ACC,66.0,120,102.2,177,47.9,210,19.1,118,24.7,322,40.9,64,106.1,240,50.2,224,18.0,277,32.7,228,30.8,50,66.0,120,67.2,150,18.3,191,17.7,115,102.2,177,97.1,235,106.1,240,105.0,278,77.8,24,+4.4,6,+3.0,2,+1.4,35,-0.9,264,+1.1,74,+2.1,37,1.38,202,24.1,299,58.8,103,2012,0.39396414931862317,13,18,0.41935483870967744,31
56,Washington,P12,24-11,+11.97,109.5,61,97.5,71,69.1,27,+.025,107,+4.11,75,105.6,62,101.5,110,-0.07,159,1,P12,69.1,27,109.5,61,49.8,139,18.5,75,38.0,15,36.9,159,97.5,71,47.1,90,19.1,217,30.9,146,38.4,224,69.1,27,71.5,20,16.1,25,17.6,105,109.5,61,105.2,77,97.5,71,97.7,112,78.3,8,+1.6,64,+1.3,45,+0.3,129,+1.1,54,+3.1,4,+3.5,4,1.13,254,23.6,306,38.4,248,2012,0.7916384460814561,24,11,0.6857142857142857,35
99,Washington St.,P12,19-18,+7.33,109.7,60,102.4,157,62.8,274,-.056,300,+4.25,73,105.4,64,101.2,93,-5.52,305,,P12,62.8,274,109.7,60,52.9,36,20.3,185,30.0,220,43.9,20,102.4,157,49.6,199,18.0,279,29.5,92,36.5,180,62.8,274,64.5,277,18.8,241,18.6,279,109.7,60,105.5,67,102.4,157,102.2,219,77.5,41,+3.3,18,+1.5,32,+1.8,20,+0.3,124,+1.1,62,+1.5,70,1.66,122,30.1,185,52.6,151,2012,0.6882435565202996,19,18,0.5135135135135135,37
131,Weber St.,BSky,25-7,+3.77,110.2,56,106.5,250,65.5,139,+.110,8,-5.30,293,101.1,254,106.4,320,-0.32,168,,BSky,65.5,139,110.2,56,52.3,51,15.6,4,25.7,309,37.2,153,106.5,250,50.0,217,18.0,278,28.7,65,33.7,114,65.5,139,67.4,143,16.8,51,18.9,313,110.2,56,110.9,15,106.5,250,102.8,229,76.7,133,+1.3,76,+0.6,87,+0.7,99,-0.5,227,+0.1,181,+1.5,84,2.00,50,31.7,141,62.7,79,2012,0.596943804272496,25,7,0.78125,32
44,West Virginia,BE,19-14,+13.56,111.4,41,97.9,77,64.0,226,-.019,221,+8.32,17,107.3,24,99.0,17,+2.04,96,10,BE,64.0,226,111.4,41,48.3,191,19.1,123,39.9,8,38.6,110,97.9,77,49.8,207,19.9,169,29.3,84,31.2,57,64.0,226,65.8,223,19.3,285,17.5,78,111.4,41,104.9,82,97.9,77,99.3,155,76.5,167,+0.7,124,+0.1,150,+0.6,102,-1.1,296,-0.9,253,-0.5,213,1.84,77,21.4,324,39.6,244,2012,0.8154137691590543,19,14,0.5757575757575758,33
241,Western Carolina,SC,17-18,-6.56,100.7,217,107.3,265,65.8,131,+.043,65,-4.03,257,101.8,222,105.8,294,+4.22,55,,SC,65.8,131,100.7,217,47.6,226,19.7,156,33.0,120,31.6,286,107.3,265,52.0,287,21.1,112,33.5,251,43.3,301,65.8,131,67.6,127,18.1,168,17.6,86,100.7,217,99.5,178,107.3,265,104.3,267,75.7,289,-2.3,312,-0.7,267,-1.6,320,+0.1,176,+0.1,174,-0.5,233,1.79,84,24.7,294,66.9,49,2012,0.32518314663577413,17,18,0.4857142857142857,35
178,Western Illinois,Sum,18-15,-1.30,97.1,278,98.4,86,57.8,344,+.024,111,-1.72,194,105.3,68,107.0,335,-4.87,292,,Sum,57.8,344,97.1,278,51.0,86,19.0,111,23.0,336,33.3,249,98.4,86,50.8,242,21.0,122,27.3,41,32.9,91,57.8,344,60.0,344,21.7,342,18.5,243,97.1,278,98.9,191,98.4,86,99.3,151,76.4,185,-3.6,333,-1.1,296,-2.5,343,-0.9,290,+1.1,77,+1.0,111,1.49,167,18.6,339,29.3,303,2012,0.4618385018314181,18,15,0.5454545454545454,33
193,Western Kentucky,SB,16-19,-2.67,97.8,264,100.5,127,67.9,47,+.083,18,-0.00,156,102.3,198,102.3,140,+2.63,87,16,SB,67.9,47,97.8,264,44.3,322,22.1,279,33.4,104,40.1,73,100.5,127,47.4,102,21.0,124,31.7,183,38.9,233,67.9,47,69.2,62,16.8,56,18.0,165,97.8,264,93.5,287,100.5,127,98.1,117,76.2,217,-1.8,292,-0.7,265,-1.1,298,-0.9,287,+0.6,115,+0.5,120,0.55,335,34.7,75,24.0,319,2012,0.42233842717723663,16,19,0.45714285714285713,35
170,Western Michigan,MAC,14-20,-0.05,105.7,120,105.8,235,65.1,171,-.071,319,+0.93,134,103.7,132,102.7,154,+8.16,15,,MAC,65.1,171,105.7,120,49.1,169,21.6,264,35.3,47,40.9,63,105.8,235,48.7,161,15.8,337,29.5,93,34.9,146,65.1,171,66.6,187,18.8,237,17.4,62,105.7,120,101.9,131,105.8,235,104.0,261,76.8,112,+0.9,108,-0.0,170,+0.9,73,-0.2,201,+0.5,122,+0.5,137,1.94,59,32.3,132,70.7,32,2012,0.49728135046654043,14,20,0.4117647058823529,34
11,Wichita St.,MVC,27-6,+22.36,116.1,11,93.8,26,65.7,134,-.017,213,+3.97,78,105.1,73,101.2,92,+3.50,71,5,MVC,65.7,134,116.1,11,53.8,13,17.8,47,32.7,132,34.6,214,93.8,26,44.8,22,18.4,256,24.9,8,32.8,88,65.7,134,67.6,132,17.8,140,18.2,196,116.1,11,111.8,10,93.8,26,91.8,24,77.2,68,+1.2,85,+1.8,19,-0.7,252,+0.6,106,+0.1,151,+1.1,109,1.79,82,34.2,90,57.3,115,2012,0.9207660323393049,27,6,0.8181818181818182,33
295,William & Mary,CAA,6-26,-12.55,98.1,258,110.6,309,62.3,291,-.065,309,+0.17,152,102.9,159,102.8,155,-0.58,177,,CAA,62.3,291,98.1,258,47.2,249,20.3,188,23.5,330,33.3,253,110.6,309,51.6,271,15.1,344,31.0,156,34.8,145,62.3,291,64.1,287,19.2,275,18.5,256,98.1,258,93.4,289,110.6,309,109.0,324,76.7,144,-0.7,223,+0.3,129,-1.0,268,+0.1,176,+0.7,108,+1.5,60,1.88,70,31.0,158,67.3,47,2012,0.2011332866688496,6,26,0.1875,32
262,Winthrop,BSth,12-20,-8.73,94.6,299,103.4,182,61.8,305,-.023,230,-3.28,241,102.7,175,105.9,305,+6.87,23,,BSth,61.8,305,94.6,299,45.4,303,18.9,101,32.2,155,31.4,297,103.4,182,51.8,283,21.5,96,28.3,59,44.2,307,61.8,305,63.8,303,19.1,271,18.5,247,94.6,299,94.9,272,103.4,182,101.6,205,76.6,157,+1.5,68,-0.1,186,+1.5,26,-0.5,226,-0.6,228,-1.5,247,2.32,13,27.9,232,64.4,66,2012,0.2644636614865161,12,20,0.375,32
8,Wisconsin,B10,26-10,+24.09,113.7,25,89.6,8,57.5,345,-.018,216,+8.80,9,107.6,15,98.8,11,-3.88,262,4,B10,57.5,345,113.7,25,50.1,129,14.9,2,30.1,216,30.7,304,89.6,8,42.5,2,18.0,281,27.0,32,29.8,38,57.5,345,59.1,345,22.3,345,18.5,242,113.7,25,107.6,41,89.6,8,89.4,7,76.6,150,-0.1,184,-0.1,179,-0.1,195,-0.7,244,-0.9,248,+1.5,91,1.67,121,21.4,325,55.4,130,2012,0.939311499578605,26,10,0.7222222222222222,36
197,Wofford,SC,19-14,-2.75,101.9,187,104.7,211,60.9,321,+.048,59,-4.25,264,101.0,262,105.2,271,-1.18,191,,SC,60.9,321,101.9,187,49.6,147,18.3,63,30.7,197,27.9,335,104.7,211,49.3,187,17.5,298,27.2,39,32.5,79,60.9,321,62.6,322,19.8,312,18.6,277,101.9,187,100.9,152,104.7,211,100.9,187,76.7,135,-0.2,188,-0.1,190,-0.1,174,+2.1,14,-0.9,245,+0.5,156,1.67,118,17.2,342,29.1,304,2012,0.4226919012175017,19,14,0.5757575757575758,33
214,Wright St.,Horz,13-19,-4.06,95.5,288,99.6,108,62.1,296,-.001,176,+0.90,136,102.8,168,101.9,123,+1.72,105,,Horz,62.1,296,95.5,288,45.7,294,21.7,266,23.9,329,37.4,147,99.6,108,52.3,297,25.3,4,29.7,100,45.6,321,62.1,296,63.1,317,18.3,196,19.7,340,95.5,288,90.4,314,99.6,108,96.9,93,76.3,214,+1.8,55,+0.4,116,+1.4,33,-0.3,206,+0.1,177,-2.5,302,0.96,285,39.7,20,34.7,275,2012,0.3814465084971663,13,19,0.40625,32
90,Wyoming,MWC,21-12,+8.05,101.7,192,93.7,25,60.0,331,-.030,250,+0.17,151,103.6,136,103.4,170,-9.10,337,,MWC,60.0,331,101.7,192,51.0,89,18.7,91,23.0,334,38.4,118,93.7,25,46.7,70,22.2,60,24.5,3,37.0,192,60.0,331,62.0,327,21.8,343,17.3,49,101.7,192,99.8,174,93.7,25,91.6,23,76.0,244,+1.0,102,+0.1,153,+0.9,73,+0.1,170,+1.0,89,-2.5,324,1.60,138,25.6,274,40.7,236,2012,0.7195407672856571,21,12,0.6363636363636364,33
53,Xavier,A10,23-13,+12.59,108.7,74,96.1,49,66.4,104,+.031,89,+7.24,31,107.4,20,100.1,48,+4.56,47,10,A10,66.4,104,108.7,74,49.7,142,18.3,62,31.2,184,41.3,52,96.1,49,45.6,37,18.3,260,29.6,97,35.5,158,66.4,104,67.9,116,16.6,45,18.9,310,108.7,74,103.0,111,96.1,49,98.2,124,76.5,173,+2.3,36,+1.3,44,+0.9,73,-0.9,255,-1.9,315,-0.5,201,2.29,14,30.0,188,53.5,144,2012,0.8048407435464938,23,13,0.6388888888888888,36
158,Yale,Ivy,19-10,+1.09,101.2,202,100.1,118,66.3,110,+.099,11,-1.39,184,101.6,237,103.0,160,-1.53,200,,Ivy,66.3,110,101.2,202,47.4,238,21.1,244,31.6,171,42.6,32,100.1,118,47.3,99,18.6,246,27.9,48,33.1,96,66.3,110,67.1,158,18.4,206,17.6,84,101.2,202,98.3,203,100.1,118,96.7,86,76.7,146,+0.7,125,+1.1,55,-0.3,229,+0.1,155,-0.5,219,-0.5,229,1.70,107,26.1,268,73.0,20,2012,0.5313797809716425,19,10,0.6551724137931034,29
165,Youngstown St.,Horz,16-15,+0.59,106.3,108,105.8,234,64.4,200,-.023,228,-0.23,160,101.9,218,102.1,130,+0.95,128,,Horz,64.4,200,106.3,108,50.7,100,17.3,27,26.7,293,30.5,307,105.8,234,49.3,185,19.4,200,34.8,296,32.4,77,64.4,200,65.4,237,18.1,162,18.8,302,106.3,108,102.3,121,105.8,234,102.1,215,75.7,285,-1.4,272,-1.0,283,-0.5,236,-0.9,286,-0.7,235,+0.5,153,1.72,102,15.4,345,62.7,78,2012,0.5135516322832618,16,15,0.5161290322580645,31
