rk,TEAM,CONF,RECORD,KADJ EM,adjo,adjo.rank,adjd,adjd.rank,adjt,adjt.rank,luck,luck.rank,sos-adjem,sos-adjem.rank,sos-oppo,sos-oppo.rank,sos-oppd,sos-oppd.rank,ncsos-adjem,ncsos-adjem.rank,seed,conference,KADJ T,adjtempo.rank,KADJ O,adjoe.rank,off-efg%,off-efg%.rank,off-to%,off-to%.rank,off-or%,off-or%.rank,off-ftrate,off-ftrate.rank,KADJ D,adjde.rank,def-efg%,def-efg%.rank,def-to%,def-to%.rank,def-or%,def-or%.rank,def-ftrate,def-ftrate.rank,tempo-adj,tempo-adj.rank,tempo-raw,tempo-raw.rank,avg. poss length-offense,avg. poss length-offense.rank,avg. poss length-defense,avg. poss length-defense.rank,off. efficiency-adj,off. efficiency-adj.rank,off. efficiency-raw,off. efficiency-raw.rank,def. efficiency-adj,def. efficiency-adj.rank,def. efficiency-raw,def. efficiency-raw.rank,avghgt,avghgt.rank,effhgt,effhgt.rank,c-hgt,c-hgt.rank,pf-hgt,pf-hgt.rank,sf-hgt,sf-hgt.rank,sg-hgt,sg-hgt.rank,pg-hgt,pg-hgt.rank,EXP,experience.rank,bench,bench.rank,CONTINUITY,continuity.rank,YEAR,BARTHAG,W,L,WIN%,GAMES
193,Abilene Christian,WAC,13-17,-1.47,105.7,159,107.1,224,69.0,84,-.050,293,+2.14,115,105.2,142,103.0,92,-0.34,169,,WAC,69.0,84,105.7,159,49.2,243,17.3,118,25.5,269,32.3,140,107.1,224,56.5,359,23.3,12,28.6,190,45.6,358,69.0,84,69.9,82,16.2,36,18.1,302,105.7,159,101.3,228,107.1,224,106.2,259,75.0,360,-1.9,355,-1.9,346,-1.9,350,-0.8,277,-1.0,291,-4.7,361,2.09,150,35.8,58,50.5,117,2023,0.4622425241767088,13,17,0.43333333333333335,30
147,Air Force,MWC,14-18,+1.25,105.8,156,104.5,164,63.0,348,-.057,307,+1.41,123,106.2,108,104.8,151,-10.69,360,,MWC,63.0,348,105.8,156,54.2,28,19.0,242,22.3,341,31.2,186,104.5,164,49.3,115,17.1,241,28.6,182,35.2,276,63.0,348,63.6,345,19.9,352,17.6,161,105.8,156,104.0,152,104.5,164,104.4,214,77.2,161,-1.8,352,-2.1,353,-1.4,339,-0.1,172,+0.9,66,+3.1,5,1.10,318,34.3,85,55.5,72,2023,0.5354851553266382,14,18,0.4375,32
105,Akron,MAC,22-11,+6.16,109.5,94,103.4,138,65.2,283,+.002,190,-2.32,206,104.7,161,107.0,258,-1.10,192,,MAC,65.2,283,109.5,94,51.9,100,16.6,68,29.8,141,33.6,105,103.4,138,49.7,129,17.8,192,26.5,88,28.1,95,65.2,283,67.0,231,18.1,235,17.7,193,109.5,94,109.7,42,103.4,138,101.2,125,75.0,361,-1.9,358,-1.2,299,-2.7,360,-3.2,363,-2.2,349,-0.9,277,2.74,38,26.1,288,48.4,129,2023,0.6590750960597548,22,11,0.6666666666666666,33
4,Alabama,SEC,31-6,+27.28,115.5,20,88.2,3,72.6,4,+.057,56,+11.07,11,110.2,16,99.2,10,+10.46,4,1,SEC,72.6,4,115.5,20,52.1,88,18.7,227,34.2,24,36.6,47,88.2,3,41.3,1,15.8,312,27.9,151,32.6,221,72.6,4,72.7,13,15.3,6,17.8,217,115.5,20,110.7,31,88.2,3,91.8,4,78.1,47,+2.0,11,+1.8,29,+2.2,8,+1.5,26,-0.5,252,+0.1,176,1.54,257,36.3,52,26.2,280,2023,0.9569393744205267,31,6,0.8378378378378378,37
312,Alabama A&M,SWAC,15-18,-11.62,96.4,329,108.0,244,68.1,134,-.011,223,-8.89,351,98.7,355,107.6,289,+1.71,103,,SWAC,68.1,134,96.4,329,48.6,278,21.4,342,29.5,150,35.8,58,108.0,244,49.4,117,21.4,32,33.9,350,41.8,345,68.1,134,69.8,85,17.4,142,16.8,29,96.4,329,96.7,313,108.0,244,100.8,112,75.7,344,+0.3,133,+1.5,44,-0.9,295,-1.2,323,-2.7,359,-3.6,353,2.32,101,38.3,18,51.3,110,2023,0.21304162396111864,15,18,0.45454545454545453,33
350,Alabama St.,SWAC,8-23,-17.86,92.9,352,110.8,299,65.9,249,+.005,172,-5.62,300,100.6,335,106.2,210,+7.66,14,,SWAC,65.9,249,92.9,352,42.3,363,18.9,238,31.8,73,31.2,185,110.8,299,49.7,128,17.8,187,34.6,355,34.5,263,65.9,249,67.9,184,17.4,148,18.0,273,92.9,352,91.9,351,110.8,299,106.0,250,76.7,237,-1.1,317,-1.8,341,-0.4,245,-0.4,246,-0.1,196,+0.9,101,1.24,304,31.6,158,26.5,276,2023,0.11646542495925444,8,23,0.25806451612903225,31
346,Albany,AE,8-23,-17.04,98.7,298,115.8,354,67.2,174,-.027,258,-3.73,249,103.0,257,106.7,237,+0.07,157,,AE,67.2,174,98.7,298,47.3,317,19.2,253,27.8,208,31.0,194,115.8,354,55.3,351,16.6,275,26.7,97,36.8,299,67.2,174,67.7,193,18.7,300,16.7,18,98.7,298,97.6,300,115.8,354,112.3,349,76.7,254,-0.3,214,+0.3,139,-0.9,290,-0.2,224,-0.6,262,-0.8,268,1.19,307,31.4,168,17.5,330,2023,0.13735130561995412,8,23,0.25806451612903225,31
247,Alcorn St.,SWAC,18-14,-6.48,101.6,250,108.0,245,67.2,173,+.133,4,-5.28,291,99.5,352,104.7,144,+8.53,8,,SWAC,67.2,173,101.6,250,45.2,348,18.3,199,33.7,30,35.3,67,108.0,245,51.4,232,21.0,42,31.4,303,39.3,331,67.2,173,67.8,185,18.5,283,17.1,71,101.6,250,98.4,290,108.0,245,102.6,157,75.5,352,-1.4,339,-2.1,354,-0.8,277,-1.1,307,-1.9,337,-1.9,329,1.51,265,38.3,20,56.4,66,2023,0.331256305283264,18,14,0.5625,32
274,American,Pat,17-15,-9.02,100.8,264,109.8,275,62.4,352,+.049,67,-8.29,342,100.3,340,108.6,331,-8.70,351,,Pat,62.4,352,100.8,264,54.4,23,22.0,349,28.3,191,27.9,291,109.8,275,51.8,252,19.2,109,27.9,149,32.1,212,62.4,352,62.6,358,20.2,357,18.1,291,100.8,264,103.0,176,109.8,275,103.7,192,76.4,298,+1.0,64,+0.7,101,+1.2,41,+0.2,134,-2.3,354,-3.5,352,1.57,251,31.8,153,63.4,34,2023,0.27219687000170506,17,15,0.53125,32
181,Appalachian St.,SB,16-16,-0.76,101.2,255,101.9,113,64.8,299,-.035,271,-0.94,166,104.3,182,105.3,173,-0.88,186,,SB,64.8,299,101.2,255,48.7,270,16.3,59,24.5,303,29.3,248,101.9,113,47.9,60,17.1,237,28.8,198,24.8,23,64.8,299,65.6,298,18.8,306,17.7,181,101.2,255,99.2,276,101.9,113,99.9,91,78.1,48,+1.7,23,+1.4,51,+1.9,14,+0.6,95,+0.1,169,+1.0,99,1.46,279,32.4,133,30.5,257,2023,0.4801924692335328,16,16,0.5,32
11,Arizona,P12,28-7,+21.90,118.2,10,96.3,39,72.0,13,+.027,109,+8.32,44,107.5,85,99.2,11,+3.12,77,2,P12,72.0,13,118.2,10,56.5,3,18.4,209,30.7,107,35.8,59,96.3,39,47.1,36,16.9,251,26.1,71,25.5,34,72.0,13,72.7,11,15.7,15,17.3,99,118.2,10,112.3,15,96.3,39,97.9,59,78.5,25,+2.5,5,+2.6,10,+2.3,5,+0.3,126,-0.1,193,+1.7,42,2.60,51,25.8,293,44.7,165,2023,0.9134465357866384,28,7,0.8,35
55,Arizona St.,P12,23-13,+13.26,109.0,101,95.8,35,68.1,137,+.047,69,+8.40,43,108.4,56,100.0,32,+0.78,135,11,P12,68.1,137,109.0,101,48.4,288,16.8,81,29.2,160,31.2,188,95.8,35,46.5,21,20.1,72,31.5,306,33.5,242,68.1,137,69.0,125,17.0,109,17.6,171,109.0,101,102.3,196,95.8,35,97.6,56,77.1,176,+0.9,69,+1.9,25,-0.1,194,-0.4,241,-1.4,322,+0.1,176,2.55,60,31.6,161,36.4,231,2023,0.8152482699356767,23,13,0.6388888888888888,36
22,Arkansas,SEC,22-14,+18.05,112.1,54,94.0,17,69.6,49,-.042,280,+10.29,20,109.7,25,99.4,16,+3.24,74,8,SEC,69.6,49,112.1,54,50.9,160,18.1,168,30.7,106,39.3,23,94.0,17,47.2,41,20.5,61,27.9,153,39.5,333,69.6,49,70.2,68,17.3,134,17.1,64,112.1,54,105.1,134,94.0,17,96.5,41,78.7,15,+0.3,138,+0.2,143,+0.4,123,+1.8,15,+2.5,6,+3.3,4,1.52,263,25.9,291,16.6,333,2023,0.8834083919779644,22,14,0.6111111111111112,36
322,Arkansas Pine Bluff,SWAC,10-21,-13.71,94.2,344,107.9,242,69.5,57,-.070,326,-5.40,294,99.7,349,105.1,163,+13.59,1,,SWAC,69.5,57,94.2,344,45.2,350,21.6,344,26.6,235,33.8,100,107.9,242,51.4,230,21.4,31,29.0,207,43.2,353,69.5,57,70.5,60,16.7,65,17.4,118,94.2,344,91.4,354,107.9,242,102.5,149,76.9,215,-0.7,273,-1.0,284,-0.4,247,+0.1,158,+1.3,53,-1.0,289,1.51,267,33.3,111,20.2,313,2023,0.17342807988912534,10,21,0.3225806451612903,31
287,Arkansas St.,SB,13-20,-9.63,100.0,278,109.7,273,63.2,344,-.012,226,-3.41,239,102.6,274,106.0,201,-10.89,361,,SB,63.2,344,100.0,278,47.6,306,18.1,180,28.8,175,35.1,69,109.7,273,50.3,162,16.6,268,28.0,158,34.8,270,63.2,344,64.2,339,18.7,301,18.4,340,100.0,278,98.8,282,109.7,273,106.1,257,76.3,306,+0.2,143,-0.3,213,+0.7,88,-1.6,344,-1.8,336,-0.7,266,1.50,268,24.2,323,35.5,237,2023,0.25641981873308106,13,20,0.3939393939393939,33
248,Army,Pat,17-16,-6.49,103.0,216,109.5,269,68.4,119,-.043,281,-8.36,346,99.8,346,108.2,313,-8.60,350,,Pat,68.4,119,103.0,216,53.8,34,19.1,246,25.4,273,31.3,183,109.5,269,51.4,231,15.6,324,24.2,20,28.5,107,68.4,119,67.9,182,17.5,161,18.0,264,103.0,216,104.3,150,109.5,269,103.3,181,75.7,343,-0.8,294,-0.4,218,-1.2,329,-1.1,317,-1.7,331,-2.5,341,1.30,302,30.1,194,58.9,51,2023,0.3309815616853295,17,16,0.5151515151515151,33
32,Auburn,SEC,21-13,+16.77,112.5,46,95.7,33,67.6,160,-.018,236,+9.68,26,109.4,35,99.7,22,+3.38,71,9,SEC,67.6,160,112.5,46,49.5,225,17.7,142,32.8,49,36.3,51,95.7,33,45.7,13,18.9,122,32.4,323,38.9,327,67.6,160,68.6,146,17.2,126,17.7,203,112.5,46,105.5,123,95.7,33,98.3,68,76.9,211,+1.1,56,+1.1,76,+1.1,50,+0.7,90,-2.1,347,-1.6,316,2.41,84,34.4,84,58.2,56,2023,0.8652913084731633,21,13,0.6176470588235294,34
324,Austin Peay,ASun,9-22,-13.81,97.0,323,110.8,298,64.6,310,-.058,310,-2.26,205,105.0,147,107.3,274,+0.58,140,,ASun,64.6,310,97.0,323,46.3,335,17.4,122,26.0,254,26.1,331,110.8,298,54.7,338,19.4,97,31.8,314,37.0,303,64.6,310,65.8,289,19.3,337,16.9,35,97.0,323,96.2,321,110.8,298,110.4,324,77.3,144,+1.0,63,+1.1,73,+0.9,75,+1.2,46,+0.8,80,-2.9,347,1.40,288,38.2,21,47.2,142,2023,0.17804026869991643,9,22,0.2903225806451613,31
77,BYU,WCC,19-15,+11.22,108.9,103,97.7,52,69.4,65,-.103,353,+4.72,85,107.8,76,103.1,96,+1.09,128,,WCC,69.4,65,108.9,103,51.5,118,20.2,309,31.7,76,32.5,133,97.7,52,49.5,118,18.6,138,24.3,22,37.8,312,69.4,65,70.6,52,16.6,64,17.4,119,108.9,103,104.8,141,97.7,52,98.9,75,77.8,67,-0.0,181,+0.4,125,-0.5,253,+0.7,86,+1.5,43,+1.6,49,1.38,290,36.9,41,36.5,230,2023,0.7769668751257128,19,15,0.5588235294117647,34
171,Ball St.,MAC,20-12,-0.10,107.7,120,107.8,241,67.4,166,+.019,134,-3.99,258,104.4,180,108.3,323,-4.64,298,,MAC,67.4,166,107.7,120,53.0,54,17.8,150,30.5,114,42.3,8,107.8,241,51.0,206,16.7,261,28.4,178,31.3,188,67.4,166,68.2,171,17.8,193,17.4,133,107.7,120,109.6,45,107.8,241,106.0,248,77.2,160,-0.1,193,-0.3,192,-0.1,191,-0.1,193,+0.2,153,+0.7,117,2.16,134,24.3,322,58.9,52,2023,0.49733181167909835,20,12,0.625,32
16,Baylor,B12,23-11,+19.68,121.3,2,101.6,107,66.5,215,+.021,127,+12.33,6,110.4,11,98.0,3,+1.31,115,3,B12,66.5,215,121.3,2,53.2,48,17.9,152,34.4,22,36.8,46,101.6,107,51.6,239,19.9,77,30.9,293,31.3,187,66.5,215,67.8,187,17.8,198,17.7,178,121.3,2,113.2,11,101.6,107,103.8,196,77.1,184,+0.3,127,+0.4,131,+0.3,129,-0.7,273,-0.3,239,+0.3,153,1.86,193,30.8,181,43.2,175,2023,0.884736365427887,23,11,0.6764705882352942,34
262,Bellarmine,ASun,15-18,-7.89,102.3,238,110.2,286,62.0,357,+.084,23,+0.26,136,106.0,114,105.8,190,+5.66,33,,ASun,62.0,357,102.3,238,51.7,104,18.2,191,20.6,352,25.4,339,110.2,286,54.7,336,17.7,199,28.1,163,31.8,205,62.0,357,62.5,359,19.4,340,18.8,359,102.3,238,100.7,243,110.2,286,110.4,323,76.8,225,-1.4,332,-0.8,268,-1.9,346,-0.5,251,+0.1,165,+1.6,47,1.37,291,24.6,313,48.3,131,2023,0.2982902035249566,15,18,0.45454545454545453,33
125,Belmont,MVC,21-11,+3.72,111.2,67,107.5,232,68.2,130,+.025,118,-2.07,202,103.3,246,105.4,177,+0.57,141,,MVC,68.2,130,111.2,67,55.3,12,16.8,77,25.4,274,24.3,348,107.5,232,51.1,209,17.7,200,30.0,249,29.2,125,68.2,130,69.1,122,16.7,66,17.9,257,111.2,67,109.6,44,107.5,232,104.0,201,77.6,97,-0.3,215,-0.7,244,+0.1,157,+1.3,40,+1.7,26,-0.0,197,1.96,170,30.3,192,28.8,264,2023,0.5960791804632661,21,11,0.65625,32
349,Bethune Cookman,SWAC,12-20,-17.64,96.7,327,114.3,343,68.8,96,+.038,82,-8.14,338,99.9,345,108.0,310,-1.05,189,,SWAC,68.8,96,96.7,327,46.6,329,18.3,195,26.9,232,32.1,151,114.3,343,52.7,292,19.3,104,34.7,357,35.2,278,68.8,96,69.8,86,17.2,124,16.9,39,96.7,327,96.2,322,114.3,343,109.1,308,76.6,257,-0.2,202,+0.6,110,-1.0,310,-0.4,244,-1.0,295,-0.6,255,1.62,240,30.5,190,56.0,70,2023,0.12753280421742294,12,20,0.375,32
311,Binghamton,AE,13-18,-11.61,98.6,301,110.2,289,65.9,244,+.028,106,-5.55,298,102.7,267,108.3,320,-5.07,307,,AE,65.9,244,98.6,301,49.5,223,19.4,265,28.7,176,28.2,282,110.2,289,50.5,170,15.1,338,27.4,128,35.4,282,65.9,244,66.6,254,18.3,267,17.6,159,98.6,301,100.0,258,110.2,289,107.4,282,77.0,189,-0.9,302,-0.8,258,-0.9,298,+0.1,157,+0.5,123,+1.0,95,2.48,70,26.5,280,53.4,85,2023,0.21770434739671865,13,18,0.41935483870967744,31
37,Boise St.,MWC,24-10,+15.85,110.9,71,95.1,28,66.2,223,+.006,170,+6.85,64,108.7,47,101.8,69,+0.93,132,10,MWC,66.2,223,110.9,71,51.6,113,16.6,71,27.2,225,30.3,215,95.1,28,47.5,49,17.5,210,24.0,17,27.6,76,66.2,223,66.8,237,18.3,266,17.6,168,110.9,71,106.0,111,95.1,28,96.3,35,77.7,87,-0.6,251,-1.2,304,+0.1,157,+1.5,28,+1.4,47,+1.1,79,1.93,177,20.2,350,51.5,107,2023,0.854152617257216,24,10,0.7058823529411765,34
170,Boston College,ACC,16-17,-0.04,102.6,227,102.6,125,66.4,216,+.090,18,+3.96,92,107.8,75,103.9,115,-4.46,296,,ACC,66.4,216,102.6,227,48.7,269,18.2,188,27.6,212,27.3,311,102.6,125,51.5,237,18.3,160,28.4,175,27.6,77,66.4,216,66.7,240,17.9,207,18.0,270,102.6,227,99.2,275,102.6,125,104.7,221,77.5,111,+0.3,132,+0.6,115,+0.1,157,+0.0,162,+0.2,158,+1.3,65,1.84,196,38.8,13,57.6,61,2023,0.5,16,17,0.48484848484848486,33
266,Boston University,Pat,15-17,-8.38,98.1,306,106.4,205,65.3,278,-.001,197,-6.75,319,100.9,330,107.6,287,-4.17,288,,Pat,65.3,278,98.1,306,47.0,325,17.9,156,28.7,178,29.0,259,106.4,205,50.5,172,18.3,164,24.5,28,36.5,294,65.3,278,65.9,284,17.7,186,18.6,353,98.1,306,98.9,281,106.4,205,101.2,121,77.4,133,-0.1,191,-0.6,235,+0.4,125,+0.7,83,-0.1,199,+1.1,79,2.75,35,35.3,70,63.8,33,2023,0.28211199877388754,15,17,0.46875,32
286,Bowling Green,MAC,11-20,-9.56,103.3,207,112.9,331,69.5,56,-.066,322,-4.30,268,104.4,177,108.7,332,-6.10,321,,MAC,69.5,56,103.3,207,50.5,187,17.5,133,29.8,143,32.5,130,112.9,331,54.1,327,16.3,292,28.0,157,33.6,243,69.5,56,71.1,38,16.7,68,16.8,31,103.3,207,104.7,142,112.9,331,111.2,334,76.4,288,-0.8,289,-1.0,285,-0.6,269,-0.6,267,+0.2,162,-1.3,306,1.80,207,32.2,139,39.5,202,2023,0.2646480120981219,11,20,0.3548387096774194,31
90,Bradley,MVC,25-10,+8.27,106.8,142,98.5,63,65.3,279,+.059,54,-1.15,174,103.5,235,104.6,136,-0.05,162,,MVC,65.3,279,106.8,142,52.7,63,17.9,155,29.2,159,26.9,321,98.5,63,46.7,25,18.9,120,23.8,16,32.1,216,65.3,279,65.9,285,17.6,180,18.7,356,106.8,142,105.6,119,98.5,63,95.0,19,76.9,204,+0.7,87,-0.3,192,+1.6,22,+0.7,87,+0.2,160,-3.0,350,1.77,210,32.1,141,59.2,46,2023,0.7171495028349427,25,10,0.7142857142857143,35
175,Brown,Ivy,14-13,-0.35,100.9,262,101.2,100,69.2,72,+.005,171,-1.91,197,104.0,200,105.9,199,-4.26,290,,Ivy,69.2,72,100.9,262,50.7,172,19.0,244,25.3,277,29.8,229,101.2,100,51.2,217,19.7,85,23.7,15,26.9,59,69.2,72,69.9,81,16.6,62,17.6,165,100.9,262,99.0,278,101.2,100,98.5,70,76.3,304,-1.0,308,-1.3,305,-0.7,275,-0.1,202,-0.7,275,-0.9,278,1.23,305,32.1,147,58.5,54,2023,0.4914654442108561,14,13,0.5185185185185185,27
208,Bryant,AE,17-13,-2.48,104.9,174,107.4,231,71.9,15,+.004,183,-4.36,269,103.0,256,107.4,277,+1.98,97,,AE,71.9,15,104.9,174,51.9,98,18.7,231,29.0,162,32.8,126,107.4,231,50.0,145,15.7,315,25.2,48,31.8,210,71.9,15,72.2,22,16.3,39,17.0,44,104.9,174,105.5,128,107.4,231,103.9,199,77.0,198,-1.2,326,-1.6,330,-0.9,293,+0.1,147,+0.8,82,+1.0,96,2.74,39,28.6,233,24.9,288,2023,0.4326970421706236,17,13,0.5666666666666667,30
303,Bucknell,Pat,12-20,-11.12,98.9,293,110.0,280,66.7,200,-.061,312,-7.92,335,99.8,347,107.7,290,-7.71,343,,Pat,66.7,200,98.9,293,51.3,131,20.2,308,25.4,272,26.9,322,110.0,280,51.2,220,15.4,329,25.0,42,27.7,84,66.7,200,66.1,277,18.0,220,18.1,293,98.9,293,99.4,267,110.0,280,103.6,188,78.3,29,+2.3,8,+2.4,14,+2.3,6,+0.6,104,+0.0,180,+0.8,109,1.84,195,34.1,90,68.2,16,2023,0.22736186127089517,12,20,0.375,32
211,Buffalo,MAC,15-17,-2.75,103.9,196,106.7,212,72.1,12,+.004,180,+0.55,133,106.4,105,105.8,195,+5.82,30,,MAC,72.1,12,103.9,196,49.5,224,19.2,256,32.2,64,32.0,159,106.7,212,52.5,286,18.4,156,29.1,215,36.6,295,72.1,12,73.6,6,15.9,21,16.9,33,103.9,196,102.4,195,106.7,212,106.7,269,78.2,33,+0.4,113,+0.5,121,+0.3,126,+0.4,121,+1.5,44,+3.1,5,0.89,339,26.8,274,10.9,349,2023,0.42413755604899445,15,17,0.46875,32
119,Butler,BE,14-18,+4.70,102.7,224,98.0,55,65.4,277,-.001,200,+10.32,19,110.5,9,100.2,37,+1.05,129,,BE,65.4,277,102.7,224,49.5,228,17.6,138,20.0,354,25.9,334,98.0,55,50.1,146,18.6,136,30.3,263,22.6,8,65.4,277,67.2,216,17.8,196,17.7,205,102.7,224,96.9,311,98.0,55,101.4,130,77.8,68,+0.8,80,+1.2,67,+0.4,119,+0.0,163,+0.8,82,+1.2,74,2.42,83,25.0,307,39.0,205,2023,0.6315130571062245,14,18,0.4375,32
155,Cal Baptist,WAC,17-16,+0.98,103.5,203,102.6,122,63.9,332,-.047,288,-1.08,171,103.6,231,104.6,138,-7.19,335,,WAC,63.9,332,103.5,203,49.0,255,18.1,170,28.9,166,31.6,169,102.6,122,47.6,50,16.0,306,26.1,72,29.3,129,63.9,332,65.6,297,18.3,258,18.0,271,103.5,203,101.2,232,102.6,122,99.6,88,78.1,49,+0.2,141,+0.3,136,+0.1,154,+1.4,36,+2.1,13,+1.1,79,2.76,34,36.5,49,38.4,211,2023,0.525088243326179,17,16,0.5151515151515151,33
294,Cal Poly,BW,8-25,-10.48,93.9,349,104.3,158,64.0,330,-.108,357,-0.90,163,103.8,210,104.7,145,-0.56,175,,BW,64.0,330,93.9,349,45.7,343,20.9,327,24.5,305,30.9,197,104.3,158,50.4,166,18.6,134,24.5,29,42.3,349,64.0,330,64.5,335,18.9,318,17.9,246,93.9,349,91.5,353,104.3,158,102.4,147,77.3,142,-0.3,223,-0.1,178,-0.6,271,+0.9,58,+1.4,50,-0.5,236,2.45,75,32.2,137,66.7,21,2023,0.230060216748483,8,25,0.24242424242424243,33
295,Cal St. Bakersfield,BW,11-22,-10.54,94.8,340,105.3,181,63.1,347,+.004,182,-1.33,178,103.2,252,104.5,133,-0.06,163,,BW,63.1,347,94.8,340,44.6,356,19.9,296,27.5,217,29.4,241,105.3,181,51.1,211,20.6,55,28.3,174,43.6,355,63.1,347,63.4,350,20.4,361,17.4,120,94.8,340,92.0,350,105.3,181,102.6,156,77.1,178,-0.1,192,-0.7,249,+0.4,124,+0.0,159,+0.8,82,-0.4,230,0.81,345,32.7,123,32.6,252,2023,0.230054036300081,11,22,0.3333333333333333,33
124,Cal St. Fullerton,BW,20-13,+4.03,104.5,181,100.5,86,64.7,307,+.011,158,+0.21,137,104.1,197,103.9,113,+3.30,73,,BW,64.7,307,104.5,181,49.4,229,17.4,121,25.9,258,38.7,29,100.5,86,48.6,84,20.5,60,29.4,226,33.4,238,64.7,307,65.2,312,18.6,291,18.2,311,104.5,181,101.5,221,100.5,86,98.2,67,76.4,297,-1.3,329,-1.5,326,-1.2,325,-1.1,306,-0.2,207,+0.4,147,1.70,227,27.6,256,42.7,181,2023,0.6103627929136219,20,13,0.6060606060606061,33
329,Cal St. Northridge,BW,7-25,-14.48,95.3,338,109.7,274,65.2,284,-.002,201,-2.16,203,102.9,262,105.1,160,-3.33,262,,BW,65.2,284,95.3,338,44.1,358,19.6,281,27.3,223,36.6,48,109.7,274,50.5,171,18.0,174,30.5,277,39.0,329,65.2,284,65.3,311,18.7,298,17.9,243,95.3,338,93.2,348,109.7,274,106.4,262,76.4,301,-0.5,239,-0.1,175,-0.9,298,-1.6,347,-1.2,311,+0.2,163,1.77,212,32.1,145,34.3,243,2023,0.1654429198333401,7,25,0.21875,32
270,California,P12,3-29,-8.54,97.4,320,105.9,195,63.3,343,-.103,352,+7.93,47,108.1,69,100.2,34,+0.86,133,,P12,63.3,343,97.4,320,43.7,361,20.1,305,25.3,275,31.5,171,105.9,195,51.6,243,16.0,305,30.4,269,32.6,220,63.3,343,64.3,338,19.6,347,17.6,166,97.4,320,90.0,358,105.9,195,108.2,296,79.0,3,+1.9,13,+2.2,16,+1.6,23,+2.1,5,+2.0,16,+1.9,36,1.67,234,34.7,77,36.4,232,2023,0.27643913812730414,3,29,0.09375,32
226,Campbell,BSth,16-18,-4.57,105.0,172,109.5,271,64.2,325,-.049,292,-4.73,276,102.2,291,106.9,253,-1.51,201,,BSth,64.2,325,105.0,172,52.7,66,18.1,169,24.4,309,38.0,33,109.5,271,52.5,289,18.4,153,27.8,148,32.1,215,64.2,325,64.4,337,19.3,339,17.8,212,105.0,172,104.7,143,109.5,271,105.3,234,76.8,216,-0.7,274,-0.8,259,-0.7,274,-0.1,209,-0.3,241,+0.8,110,1.70,225,29.4,215,26.2,279,2023,0.3816411248762341,16,18,0.47058823529411764,34
249,Canisius,MAAC,10-20,-6.56,101.6,248,108.2,249,67.6,163,-.081,340,-3.34,237,103.1,254,106.5,222,+3.18,75,,MAAC,67.6,163,101.6,248,48.7,273,17.4,120,28.4,189,24.9,343,108.2,249,52.8,296,18.7,130,30.0,253,27.6,80,67.6,163,67.7,196,17.6,177,17.8,215,101.6,248,100.9,239,108.2,249,105.8,243,77.2,165,+0.4,114,+0.7,94,+0.1,156,+0.8,74,-0.6,266,-0.7,258,1.84,197,34.6,78,41.8,185,2023,0.32656003219140106,10,20,0.3333333333333333,30
333,Central Arkansas,ASun,9-22,-15.18,98.4,302,113.6,339,72.1,10,+.059,55,-2.70,223,104.5,169,107.2,270,-1.80,212,,ASun,72.1,10,98.4,302,47.1,323,18.1,176,27.9,203,24.3,347,113.6,339,54.7,339,16.7,264,30.5,279,28.9,117,72.1,10,72.5,18,15.7,10,17.3,101,98.4,302,97.9,298,113.6,339,112.3,350,77.0,196,-0.6,252,-0.8,262,-0.4,243,-0.1,203,-0.2,233,+1.1,79,1.88,188,30.9,179,59.7,42,2023,0.16085352907125983,9,22,0.2903225806451613,31
339,Central Connecticut,NEC,10-22,-15.94,97.4,318,113.4,336,64.2,321,-.059,311,-10.75,357,97.8,359,108.5,329,-4.40,293,,NEC,64.2,321,97.4,318,48.1,295,17.9,154,28.5,187,23.3,356,113.4,336,51.3,222,16.5,282,28.2,168,26.4,51,64.2,321,65.7,292,19.1,330,17.2,80,97.4,318,99.0,277,113.4,336,105.4,237,75.6,350,-1.1,315,-1.9,345,-0.3,226,-0.2,220,-2.1,345,-3.1,351,1.19,308,29.9,199,46.9,148,2023,0.14816143467578322,10,22,0.3125,32
334,Central Michigan,MAC,10-21,-15.50,92.7,353,108.2,252,67.1,179,+.036,86,-3.22,234,105.0,148,108.2,318,-2.04,221,,MAC,67.1,179,92.7,353,46.5,330,22.9,356,30.5,118,36.9,44,108.2,252,51.9,259,19.2,111,32.5,327,41.0,342,67.1,179,68.6,147,18.0,219,16.7,17,92.7,353,93.7,346,108.2,252,107.6,284,78.1,44,+1.2,46,+1.4,55,+1.0,67,+0.5,110,+0.8,82,+1.5,50,0.97,331,36.0,55,25.8,281,2023,0.14454429941624267,10,21,0.3225806451612903,31
71,Charleston,CAA,31-4,+11.85,110.6,78,98.7,67,70.8,29,+.041,79,-5.28,292,102.2,288,107.5,284,-2.34,237,12,CAA,70.8,29,110.6,78,51.1,148,16.7,72,34.6,18,32.7,128,98.7,67,47.9,58,19.3,100,25.4,57,24.9,25,70.8,29,70.8,44,16.0,32,17.7,204,110.6,78,111.6,20,98.7,67,94.2,13,76.9,207,-0.2,205,+0.1,146,-0.6,263,-0.5,247,-0.4,246,+0.4,148,1.30,300,38.2,22,40.6,196,2023,0.7873632075473892,31,4,0.8857142857142857,35
302,Charleston Southern,BSth,10-21,-11.06,105.3,167,116.3,357,65.7,263,-.080,338,-4.14,263,102.8,263,107.0,255,+0.34,149,,BSth,65.7,263,105.3,167,50.3,194,18.1,171,32.2,60,27.4,305,116.3,357,54.3,331,16.7,266,31.0,295,36.6,296,65.7,263,66.4,262,17.9,214,18.1,301,105.3,167,105.6,120,116.3,357,113.3,353,76.4,295,-1.0,309,-1.4,323,-0.6,265,-1.0,302,-0.6,264,+0.2,172,1.35,294,32.0,148,53.1,89,2023,0.24183674187369394,10,21,0.3225806451612903,31
106,Charlotte,CUSA,22-14,+5.93,108.4,109,102.5,119,60.4,362,-.007,212,-0.62,156,104.4,178,105.0,159,-7.31,337,,CUSA,60.4,362,108.4,109,55.1,16,17.0,89,22.3,340,24.9,344,102.5,119,50.2,152,17.8,184,24.4,24,24.0,17,60.4,362,61.5,361,20.3,359,18.5,347,108.4,109,106.8,95,102.5,119,100.4,104,77.4,131,+1.1,55,+1.4,53,+0.7,89,+0.9,69,-0.4,243,-1.2,301,1.91,180,27.0,270,27.0,275,2023,0.6555669811814003,22,14,0.6111111111111112,36
184,Chattanooga,SC,18-17,-1.10,107.9,117,109.0,265,68.3,122,-.065,318,-2.92,226,104.5,170,107.5,282,+0.79,134,,SC,68.3,122,107.9,117,53.9,32,17.5,128,27.4,218,32.0,157,109.0,265,50.9,197,15.3,334,26.7,100,30.2,156,68.3,122,68.7,140,17.5,164,17.2,90,107.9,117,109.0,52,109.0,265,107.4,281,77.0,200,+0.7,84,+1.4,52,+0.0,181,-0.1,172,+0.3,144,-2.4,339,2.74,37,34.6,81,21.9,307,2023,0.47087186523151964,18,17,0.5142857142857142,35
293,Chicago St.,ind,11-20,-10.47,102.9,221,113.3,335,64.2,322,-.056,305,-0.51,153,105.3,135,105.8,192,+1.44,111,,ind,64.2,322,102.9,221,48.8,268,21.3,339,33.5,32,31.9,160,113.3,335,53.3,309,16.7,265,33.3,342,35.9,288,64.2,322,65.7,294,18.2,242,17.9,252,102.9,221,101.2,231,113.3,335,112.3,351,76.7,239,-1.8,353,-2.6,359,-0.9,298,+0.2,141,+0.4,130,+1.1,77,1.54,259,20.5,349,28.3,268,2023,0.24838625516890853,11,20,0.3548387096774194,31
50,Cincinnati,Amer,23-13,+13.99,112.0,56,98.0,57,68.6,112,-.032,267,+4.53,90,107.5,84,103.0,91,-2.75,250,,Amer,68.6,112,112.0,56,51.3,134,15.2,21,30.8,104,25.7,337,98.0,57,47.7,53,16.9,252,27.4,132,29.1,122,68.6,112,69.8,90,17.3,129,17.3,104,112.0,56,108.7,60,98.0,57,99.4,81,77.7,75,+0.6,90,+0.8,89,+0.4,113,+1.9,13,+0.7,111,-0.6,253,2.80,31,28.8,230,55.0,77,2023,0.822825789930299,23,13,0.6388888888888888,36
68,Clemson,ACC,23-11,+12.04,110.4,82,98.4,61,68.1,135,+.002,189,+2.39,113,107.2,94,104.8,148,-5.75,315,,ACC,68.1,135,110.4,82,54.1,30,16.1,49,23.4,327,30.5,212,98.4,61,47.3,44,16.4,287,24.3,21,30.7,171,68.1,135,68.1,177,17.2,128,18.1,303,110.4,82,108.9,55,98.4,61,99.0,77,78.0,55,+0.9,70,+0.7,94,+1.1,48,+0.8,76,-0.2,207,+2.1,23,1.90,183,32.7,125,47.6,139,2023,0.7897297669916514,23,11,0.6764705882352942,34
195,Cleveland St.,Horz,21-14,-1.54,104.0,194,105.6,186,65.8,258,+.028,105,-5.16,287,102.8,265,108.0,308,-0.09,165,,Horz,65.8,258,104.0,194,49.4,234,17.2,103,34.9,15,29.7,231,105.6,186,48.4,81,20.4,62,35.5,358,30.3,158,65.8,258,66.6,251,18.3,265,17.7,195,104.0,194,105.7,118,105.6,186,102.0,140,77.2,151,+0.1,156,-0.5,222,+0.7,93,+1.1,55,-0.0,185,-0.4,228,2.19,130,25.0,306,40.1,198,2023,0.45621843074460605,21,14,0.6,35
296,Coastal Carolina,SB,11-20,-10.54,104.0,193,114.6,345,68.3,123,+.019,135,-1.40,180,104.1,193,105.5,182,-2.89,252,,SB,68.3,123,104.0,193,47.5,313,17.8,145,30.3,123,28.9,265,114.6,345,53.1,303,15.5,328,30.7,289,29.3,128,68.3,123,68.4,157,17.5,168,17.6,156,104.0,193,102.0,206,114.6,345,112.1,345,77.1,177,+0.4,110,-0.0,171,+0.9,72,-0.1,172,-0.6,265,-0.1,200,2.04,156,39.7,11,32.9,249,2023,0.24672529769974733,11,20,0.3548387096774194,31
115,Colgate,Pat,26-9,+5.24,112.7,43,107.5,233,67.5,164,+.015,143,-6.95,323,100.9,331,107.8,297,-1.23,195,15,Pat,67.5,164,112.7,43,58.2,1,15.0,17,25.2,284,27.4,308,107.5,233,52.2,275,17.7,197,24.5,27,20.0,3,67.5,164,67.9,181,17.1,119,18.0,277,112.7,43,114.4,7,107.5,233,102.4,148,77.4,121,+1.0,57,+1.2,68,+0.9,76,+0.2,143,-0.1,189,-0.5,245,2.69,41,24.8,309,67.8,17,2023,0.6325666374754586,26,9,0.7428571428571429,35
70,Colorado,P12,18-17,+11.86,107.3,128,95.5,30,68.7,104,-.066,321,+7.91,48,107.7,79,99.8,24,+3.06,78,,P12,68.7,104,107.3,128,49.0,259,19.0,243,30.8,99,29.9,225,95.5,30,48.0,64,19.3,103,25.1,45,31.4,190,68.7,104,69.6,100,16.6,63,17.9,240,107.3,128,100.3,253,95.5,30,96.4,36,78.3,31,+1.6,30,+2.0,22,+1.1,44,+0.8,81,+0.6,114,+1.4,53,1.40,287,38.2,23,49.8,122,2023,0.7924533695291062,18,17,0.5142857142857142,35
110,Colorado St.,MWC,15-18,+5.71,111.8,59,106.1,199,66.0,238,-.055,299,+6.42,68,107.6,81,101.2,60,+1.65,106,,MWC,66.0,238,111.8,59,54.8,19,16.7,73,19.6,355,29.8,228,106.1,199,52.2,272,17.9,181,27.1,114,29.6,139,66.0,238,66.2,272,17.3,139,18.7,357,111.8,59,106.2,106,106.1,199,106.6,266,76.4,290,-1.1,323,-0.3,212,-1.9,349,-0.6,258,-0.2,204,-0.4,224,1.81,205,32.5,130,45.8,158,2023,0.6460655913735711,15,18,0.45454545454545453,33
341,Columbia,Ivy,7-22,-16.13,94.7,341,110.9,300,69.4,67,+.013,148,-1.77,192,103.4,237,105.2,168,-6.49,325,,Ivy,69.4,67,94.7,341,45.5,346,19.9,295,25.3,283,28.1,290,110.9,300,52.0,265,17.6,209,33.5,344,28.8,115,69.4,67,70.7,50,16.7,69,17.3,105,94.7,341,91.5,352,110.9,300,108.0,293,77.4,128,-0.0,180,+0.1,160,-0.1,204,-0.4,239,+0.8,82,+1.3,62,0.77,347,36.6,48,47.4,141,2023,0.13991197270257968,7,22,0.2413793103448276,29
1,Connecticut,BE,31-8,+29.86,120.8,3,90.9,7,66.6,204,-.056,304,+10.39,17,109.7,29,99.3,14,-1.75,208,4,BE,66.6,204,120.8,3,53.9,33,18.9,236,38.4,2,30.8,201,90.9,7,44.4,5,18.5,143,26.0,68,37.8,313,66.6,204,68.4,161,18.2,244,17.0,43,120.8,3,114.8,6,90.9,7,94.0,12,78.3,28,+1.0,61,+1.4,54,+0.6,101,+0.4,122,+1.6,31,+2.1,22,2.25,113,29.0,229,33.2,248,2023,0.9633967141443344,31,8,0.7948717948717948,39
338,Coppin St.,MEAC,9-23,-15.94,99.0,289,114.9,348,71.4,19,+.067,47,-2.36,210,103.0,258,105.3,176,+3.87,61,,MEAC,71.4,19,99.0,289,51.0,155,20.1,303,18.6,363,37.2,38,114.9,348,53.2,306,18.5,141,35.7,360,34.2,260,71.4,19,73.0,9,15.7,12,17.2,76,99.0,289,96.9,310,114.9,348,112.2,347,76.4,291,-0.8,290,-1.2,301,-0.4,246,-0.7,270,-0.4,242,-0.8,267,2.35,94,29.3,220,51.2,111,2023,0.15279612531360565,9,23,0.28125,32
138,Cornell,Ivy,17-11,+2.45,112.3,50,109.8,277,71.1,24,-.005,208,-1.49,183,103.6,230,105.1,162,-4.38,292,,Ivy,71.1,24,112.3,50,54.8,21,16.6,69,28.8,173,28.5,271,109.8,277,55.7,356,21.9,22,29.0,208,30.9,174,71.1,24,72.1,26,15.1,3,18.0,286,112.3,50,110.8,28,109.8,277,106.9,270,77.2,149,-0.4,227,-0.7,250,-0.0,187,-0.3,230,-0.2,202,+2.1,23,0.94,333,40.0,9,52.2,96,2023,0.5643666858833183,17,11,0.6071428571428571,28
12,Creighton,BE,24-13,+21.83,115.0,23,93.2,14,67.8,143,-.068,325,+11.15,10,111.0,4,99.8,26,+5.97,27,6,BE,67.8,143,115.0,23,54.2,27,16.6,70,25.3,280,28.4,276,93.2,14,47.1,37,13.9,359,23.5,13,19.7,2,67.8,143,69.3,110,17.4,149,17.1,66,115.0,23,109.6,43,93.2,14,97.9,60,77.9,60,+1.7,20,+3.0,6,+0.4,115,+1.2,44,+0.2,150,-0.8,270,2.05,155,19.7,351,53.9,82,2023,0.9181235584814057,24,13,0.6486486486486487,37
260,Dartmouth,Ivy,10-18,-7.83,99.4,286,107.3,227,68.7,105,+.002,191,-1.10,172,103.8,217,104.9,153,-3.60,267,,Ivy,68.7,105,99.4,286,50.0,207,20.2,310,23.5,325,29.1,254,107.3,227,51.3,225,16.5,283,26.2,78,31.7,200,68.7,105,70.0,76,17.2,125,16.9,38,99.4,286,96.8,312,107.3,227,104.5,219,77.7,83,-0.0,177,-0.8,264,+0.8,84,+1.0,56,+0.2,156,+1.7,41,0.50,358,44.3,4,30.7,256,2023,0.2932855133395763,10,18,0.35714285714285715,28
140,Davidson,A10,16-16,+2.42,107.2,131,104.8,170,65.0,294,-.034,269,+0.88,127,104.7,163,103.8,110,-1.65,207,,A10,65.0,294,107.2,131,50.1,206,16.2,52,24.9,293,32.8,127,104.8,170,50.8,193,17.3,227,27.8,144,26.7,56,65.0,294,65.8,288,18.0,222,18.4,335,107.2,131,103.9,155,104.8,170,103.2,179,77.8,70,+1.7,18,+1.3,63,+2.2,9,-0.1,172,+0.4,133,-0.5,235,1.86,192,26.4,282,41.5,189,2023,0.5647317870372871,16,16,0.5,32
79,Dayton,A10,22-12,+11.12,109.8,89,98.6,65,62.2,354,-.056,303,-0.17,142,104.3,185,104.4,131,-2.13,227,,A10,62.2,354,109.8,89,53.0,55,18.9,237,30.8,102,35.5,63,98.6,65,45.0,9,16.2,300,27.0,112,23.9,15,62.2,354,63.6,346,19.1,325,18.5,348,109.8,89,107.4,85,98.6,65,95.4,24,78.9,9,+1.1,50,+0.6,109,+1.7,21,+2.9,2,+2.9,1,+0.9,100,2.01,165,30.7,185,77.2,4,2023,0.7750896071413264,22,12,0.6470588235294118,34
135,DePaul,BE,10-23,+2.89,108.1,113,105.2,178,68.6,109,-.012,228,+10.45,15,110.1,19,99.6,20,+1.82,100,,BE,68.6,109,108.1,113,49.7,215,18.2,193,25.8,262,27.6,300,105.2,178,51.6,241,17.7,195,34.1,351,35.7,285,68.6,109,69.8,84,16.7,67,17.7,190,108.1,113,100.5,249,105.2,178,109.0,307,77.1,173,-0.3,213,-0.2,185,-0.4,237,+0.9,58,+0.1,177,-0.3,215,2.96,20,29.4,217,24.7,291,2023,0.5775501116948396,10,23,0.30303030303030304,33
235,Delaware,CAA,17-16,-5.30,102.4,231,107.7,237,67.0,183,+.042,78,-3.76,251,103.2,248,107.0,257,-0.60,177,,CAA,67.0,183,102.4,231,49.6,219,16.5,67,25.0,288,33.0,118,107.7,237,51.8,250,18.6,135,29.8,241,29.4,131,67.0,183,67.1,220,17.9,213,17.7,182,102.4,231,102.7,183,107.7,237,104.9,228,76.7,252,-1.5,341,-2.0,350,-0.9,298,-0.0,166,+0.3,145,+0.5,136,2.62,48,27.4,261,38.4,210,2023,0.3588582694864902,17,16,0.5151515151515151,33
356,Delaware St.,MEAC,6-24,-20.11,92.1,356,112.2,320,67.7,152,+.012,152,-4.82,280,101.6,306,106.4,218,+1.13,126,,MEAC,67.7,152,92.1,356,45.9,340,23.5,360,30.7,109,28.9,267,112.2,320,54.8,343,19.1,112,29.0,213,36.7,297,67.7,152,68.9,135,18.0,230,16.7,19,92.1,356,90.7,355,112.2,320,109.1,310,77.6,98,+1.1,49,+1.6,36,+0.6,96,+0.5,108,-1.0,298,+0.6,124,0.74,349,36.8,42,22.3,304,2023,0.09362186982615683,6,24,0.2,30
298,Denver,Sum,15-17,-10.87,100.3,271,111.2,310,68.4,120,+.029,102,-7.14,326,102.6,273,109.8,355,-8.87,354,,Sum,68.4,120,100.3,271,52.3,80,21.4,340,29.8,142,39.4,21,111.2,310,51.7,246,15.6,320,27.4,131,27.7,82,68.4,120,68.7,143,17.9,215,17.2,73,100.3,271,102.8,180,111.2,310,108.1,295,78.1,38,+0.6,94,+0.3,133,+0.9,77,+1.5,31,+2.0,14,+0.6,131,1.75,216,28.5,236,28.4,267,2023,0.2339045043801668,15,17,0.46875,32
200,Detroit Mercy,Horz,14-19,-1.89,111.4,62,113.3,334,67.1,176,-.103,351,-3.52,242,103.7,224,107.2,268,+4.65,46,,Horz,67.1,176,111.4,62,51.4,128,17.6,137,35.8,11,27.2,314,113.3,334,53.6,315,17.1,244,29.7,240,28.9,120,67.1,176,67.9,183,17.8,205,17.4,127,111.4,62,111.3,22,113.3,334,110.8,329,76.7,243,-0.2,203,-0.4,214,-0.0,185,-0.6,261,-0.6,263,-0.3,221,2.58,55,33.1,113,25.3,286,2023,0.45153113957627,14,19,0.42424242424242425,33
69,Drake,MVC,27-8,+11.90,108.4,108,96.5,40,66.3,220,+.015,144,-1.77,191,103.9,205,105.7,188,-2.18,230,12,MVC,66.3,220,108.4,108,52.9,57,15.5,31,23.8,321,28.4,275,96.5,40,46.9,30,17.5,211,22.4,4,27.4,68,66.3,220,66.8,239,18.0,224,18.0,276,108.4,108,107.9,75,96.5,40,94.3,14,76.4,299,+0.0,167,+0.2,141,-0.2,210,-1.2,324,-1.6,328,-0.9,278,2.88,29,27.6,257,66.8,18,2023,0.7920420235736284,27,8,0.7714285714285715,35
198,Drexel,CAA,17-15,-1.70,101.1,257,102.8,127,63.5,340,-.074,328,-6.45,314,100.9,328,107.4,276,-1.42,199,,CAA,63.5,340,101.1,257,49.4,231,17.9,160,29.4,152,30.1,217,102.8,127,47.4,46,18.0,176,27.4,129,24.2,19,63.5,340,63.9,343,19.3,338,18.0,285,101.1,257,101.8,213,102.8,127,96.8,44,77.4,123,-0.5,233,+0.0,165,-0.9,298,-0.0,164,+0.8,82,+1.8,37,1.31,297,31.4,167,36.2,234,2023,0.4522050996047424,17,15,0.53125,32
18,Duke,ACC,27-9,+19.35,113.2,40,93.9,16,64.9,298,+.051,64,+7.65,51,109.7,27,102.1,74,+1.77,102,5,ACC,64.9,298,113.2,40,51.1,149,18.3,194,35.9,9,29.9,224,93.9,16,46.0,15,16.5,279,26.0,69,23.7,13,64.9,298,65.5,302,18.7,303,17.9,231,113.2,40,109.7,41,93.9,16,96.7,43,79.3,1,+3.1,3,+3.2,4,+2.9,3,+2.1,7,+1.8,19,+1.1,79,1.34,296,31.4,170,15.9,337,2023,0.8956357357392958,27,9,0.75,36
129,Duquesne,A10,20-13,+3.43,108.4,110,104.9,172,68.1,138,+.001,192,-2.07,201,104.4,175,106.5,224,-4.40,294,,A10,68.1,138,108.4,110,51.1,151,17.3,104,33.4,34,26.4,327,104.9,172,50.6,178,20.8,53,33.1,341,35.2,277,68.1,138,69.3,108,17.1,114,17.5,145,108.4,110,108.1,72,104.9,172,102.7,161,75.9,335,-0.1,186,-0.3,211,+0.2,141,-0.5,252,-1.0,297,-4.2,358,2.15,136,37.2,40,14.6,342,2023,0.5932546926922526,20,13,0.6060606060606061,33
180,East Carolina,Amer,16-17,-0.73,103.2,212,103.9,150,67.3,172,+.036,88,+0.58,132,105.2,137,104.7,139,-8.84,353,,Amer,67.3,172,103.2,212,47.1,321,19.2,255,33.0,46,37.1,39,103.9,150,49.2,111,17.4,222,28.9,200,33.1,231,67.3,172,68.6,151,17.3,131,17.6,170,103.2,212,100.6,247,103.9,150,103.0,175,77.1,186,+0.4,120,+0.5,122,+0.3,131,-0.1,172,-0.0,186,-0.8,269,0.77,348,31.9,151,23.9,297,2023,0.48057465270701705,16,17,0.48484848484848486,33
243,East Tennessee St.,SC,12-20,-6.33,101.0,258,107.4,229,65.7,268,-.111,359,-4.55,270,103.6,225,108.2,316,-4.80,300,,SC,65.7,268,101.0,258,50.5,184,19.5,266,29.9,137,31.2,187,107.4,229,50.8,192,17.5,217,28.9,201,26.9,61,65.7,268,66.4,263,18.0,229,17.9,261,101.0,258,102.0,204,107.4,229,104.4,216,76.3,302,-0.0,176,-1.1,292,+1.1,51,+0.6,101,-2.4,356,-1.8,324,1.22,306,31.6,160,25.4,285,2023,0.33036025118018586,12,20,0.375,32
347,Eastern Illinois,OVC,9-22,-17.15,93.8,350,111.0,304,67.8,146,+.005,173,-8.32,345,101.4,314,109.8,354,-3.76,273,,OVC,67.8,146,93.8,350,48.0,296,19.2,254,25.3,279,32.4,137,111.0,304,52.2,273,19.7,83,32.2,319,32.5,219,67.8,146,69.9,83,17.2,122,17.0,46,93.8,350,95.4,334,111.0,304,106.1,255,76.6,265,+0.1,157,-0.1,174,+0.2,136,-0.1,172,-1.1,301,-1.6,317,0.33,360,38.1,25,18.4,323,2023,0.12606575846088058,9,22,0.2903225806451613,31
149,Eastern Kentucky,ASun,23-14,+1.22,105.2,168,104.0,151,69.8,47,+.080,31,-0.63,157,105.0,150,105.6,184,+2.71,87,,ASun,69.8,47,105.2,168,48.6,275,16.7,76,33.4,35,24.3,346,104.0,151,50.6,180,18.6,139,29.3,223,25.4,32,69.8,47,70.1,73,16.8,80,17.3,109,105.2,168,103.4,164,104.0,151,103.0,172,76.3,310,-0.7,264,-1.3,317,+0.0,184,-0.1,207,-2.2,349,-0.3,217,1.86,191,29.6,208,43.0,179,2023,0.5329353938175484,23,14,0.6216216216216216,37
317,Eastern Michigan,MAC,8-23,-12.80,101.4,252,114.2,341,69.1,81,-.011,222,-1.69,189,105.9,122,107.6,286,-0.77,184,,MAC,69.1,81,101.4,252,49.2,244,16.9,82,25.1,285,32.2,148,114.2,341,55.6,355,17.1,240,32.8,333,35.0,273,69.1,81,70.2,67,17.4,141,16.9,42,101.4,252,101.7,217,114.2,341,114.5,357,77.7,73,+0.9,72,+0.7,99,+1.1,51,+0.3,127,+0.1,163,+1.1,79,1.12,316,32.4,132,28.3,269,2023,0.20308889115094772,8,23,0.25806451612903225,31
121,Eastern Washington,BSky,23-11,+4.65,111.3,66,106.6,210,68.5,115,+.063,51,-0.99,168,104.6,165,105.6,186,+1.44,110,,BSky,68.5,115,111.3,66,56.2,6,19.9,293,28.0,200,31.5,175,106.6,210,50.2,155,16.2,296,25.8,65,29.4,133,68.5,115,68.7,144,16.8,82,18.3,318,111.3,66,109.5,46,106.6,210,104.8,224,78.9,8,+0.4,122,+0.7,104,+0.1,157,+1.5,27,+2.8,2,+3.9,2,2.23,120,29.5,213,51.5,108,2023,0.6215602771492786,23,11,0.6764705882352942,34
337,Elon,CAA,8-24,-15.81,96.7,328,112.5,326,65.8,252,-.024,252,-4.65,273,101.9,298,106.6,230,-1.98,220,,CAA,65.8,252,96.7,328,47.8,302,18.4,206,24.9,292,27.5,302,112.5,326,52.1,269,17.1,236,30.6,281,29.0,121,65.8,252,66.5,256,17.9,216,18.0,283,96.7,328,96.1,324,112.5,326,108.4,298,77.1,182,-0.7,270,+0.3,135,-1.8,344,-0.1,172,+1.8,20,-0.3,218,1.01,326,29.3,221,24.5,293,2023,0.1492611284425021,8,24,0.25,32
352,Evansville,MVC,5-27,-18.70,91.2,357,109.9,279,69.5,59,-.004,206,-1.67,187,103.9,202,105.6,185,-1.35,197,,MVC,69.5,59,91.2,357,45.1,352,17.6,134,20.7,351,29.4,245,109.9,279,55.7,357,18.9,124,25.5,58,30.1,149,69.5,59,69.8,89,17.0,110,17.2,72,91.2,357,89.4,359,109.9,279,108.9,303,77.3,146,+0.3,134,+0.4,132,+0.2,138,+0.8,75,-0.3,234,-0.2,210,1.50,270,29.4,218,24.5,292,2023,0.10480560994808179,5,27,0.15625,32
210,FIU,CUSA,14-18,-2.68,103.1,213,105.8,192,70.0,43,-.003,202,+0.60,130,105.7,127,105.1,166,-8.29,348,,CUSA,70.0,43,103.1,213,52.2,86,20.6,321,25.4,271,28.7,268,105.8,192,52.1,271,22.8,17,36.7,361,30.6,169,70.0,43,70.6,53,15.8,17,17.9,260,103.1,213,101.0,238,105.8,192,105.2,231,75.9,336,-0.8,286,+0.9,87,-2.5,358,-1.1,307,-1.4,324,-1.9,329,1.48,274,38.4,17,39.2,204,2023,0.42622059331512546,14,18,0.4375,32
261,Fairfield,MAAC,13-18,-7.86,98.8,295,106.7,211,64.9,296,+.000,195,-4.72,275,101.5,311,106.2,211,-1.23,196,,MAAC,64.9,296,98.8,295,46.0,337,18.2,186,28.6,183,37.9,34,106.7,211,49.3,112,17.8,182,29.5,232,28.1,98,64.9,296,64.8,329,18.7,299,18.1,289,98.8,295,98.0,296,106.7,211,101.8,136,77.7,79,+0.3,130,-0.0,167,+0.7,95,+0.2,136,+0.8,82,+1.4,56,2.19,129,29.4,219,50.7,116,2023,0.2922211379306538,13,18,0.41935483870967744,31
265,Fairleigh Dickinson,NEC,21-16,-8.36,106.7,143,115.1,349,68.7,106,+.011,159,-12.02,360,97.2,362,109.2,346,-7.05,329,16,NEC,68.7,106,106.7,143,51.3,137,16.4,61,30.9,97,27.9,292,115.1,349,54.7,337,21.1,38,29.3,225,33.9,247,68.7,106,69.2,114,17.3,135,17.2,89,106.7,143,108.5,62,115.1,349,107.1,274,73.4,363,-3.0,363,-3.3,362,-2.8,361,-2.8,362,-4.9,363,-4.8,362,0.62,354,32.9,118,18.8,321,2023,0.294948141202686,21,16,0.5675675675675675,37
74,Florida,SEC,16-17,+11.48,107.0,139,95.5,31,69.3,70,-.077,332,+8.90,35,109.4,36,100.5,44,+5.34,38,,SEC,69.3,70,107.0,139,49.4,235,16.1,48,23.8,320,34.5,83,95.5,31,46.3,18,17.8,183,30.7,285,29.2,125,69.3,70,69.7,92,17.4,146,17.0,51,107.0,139,101.9,209,95.5,31,98.0,61,77.7,84,+1.0,58,+1.6,39,+0.5,111,-0.4,242,+0.1,175,+1.1,76,2.62,50,34.2,87,37.3,227,2023,0.7871078786954441,16,17,0.48484848484848486,33
359,Florida A&M,SWAC,7-22,-20.75,89.4,362,110.1,285,64.9,297,+.005,178,-4.72,274,101.1,321,105.8,196,+12.78,3,,SWAC,64.9,297,89.4,362,45.0,353,24.2,363,27.8,209,31.4,182,110.1,285,51.1,212,18.1,170,33.7,348,44.6,357,64.9,297,66.2,274,18.7,302,17.3,97,89.4,362,88.0,362,110.1,285,107.2,276,77.4,135,-0.4,229,-0.7,253,-0.1,195,+0.6,98,+0.5,120,+1.1,79,0.55,357,35.8,57,6.7,353,2023,0.08354816982286868,7,22,0.2413793103448276,29
17,Florida Atlantic,CUSA,35-4,+19.38,115.1,22,95.7,34,67.6,158,+.056,57,+2.65,109,106.2,109,103.6,105,-2.85,251,9,CUSA,67.6,158,115.1,22,54.3,24,16.9,85,31.4,90,29.6,235,95.7,34,46.1,16,17.7,194,25.4,54,26.3,49,67.6,158,68.3,165,17.0,101,18.1,290,115.1,22,112.4,14,95.7,34,95.6,28,76.0,328,-0.7,280,+1.5,47,-3.0,362,-2.0,358,-1.2,309,-0.6,247,2.09,148,38.4,16,66.2,26,2023,0.8930904485601779,35,4,0.8974358974358975,39
185,Florida Gulf Coast,ASun,17-15,-1.13,104.9,175,106.0,196,66.2,226,+.006,168,-3.00,227,104.0,198,107.0,262,+0.98,130,,ASun,66.2,226,104.9,175,51.2,140,17.1,98,26.6,237,28.2,284,106.0,196,50.7,185,17.3,229,28.8,197,28.1,100,66.2,226,66.3,268,18.1,236,17.8,213,104.9,175,104.9,139,106.0,196,104.3,212,76.9,203,-0.5,238,-0.4,215,-0.6,266,-0.1,172,-0.1,201,+0.4,144,2.68,42,28.3,241,37.6,222,2023,0.47004512637390966,17,15,0.53125,32
205,Florida St.,ACC,9-23,-2.41,105.4,162,107.8,239,68.6,113,-.022,247,+6.09,72,108.6,51,102.5,78,+2.83,85,,ACC,68.6,113,105.4,162,49.3,239,17.6,136,25.9,256,30.4,214,107.8,239,53.1,304,17.1,243,31.5,304,30.9,175,68.6,113,69.0,126,16.4,43,18.5,349,105.4,162,100.5,248,107.8,239,110.5,326,79.2,2,+1.7,22,+2.7,8,+0.7,91,+1.4,38,+1.9,18,+4.1,1,1.68,230,25.9,290,40.7,194,2023,0.43562853674520136,9,23,0.28125,32
137,Fordham,A10,25-8,+2.56,103.0,219,100.4,85,69.6,53,+.121,7,-4.73,277,101.6,305,106.3,216,-13.35,363,,A10,69.6,53,103.0,219,48.6,279,19.2,251,29.9,138,37.6,35,100.4,85,46.9,31,19.2,106,25.2,51,37.3,307,69.6,53,70.0,78,17.4,144,16.8,27,103.0,219,102.3,198,100.4,85,96.1,32,77.5,116,+0.1,155,+0.1,157,+0.1,153,+0.0,161,+0.4,127,+1.2,68,2.44,79,28.5,234,55.8,71,2023,0.5729795154539866,25,8,0.7575757575757576,33
143,Fresno St.,MWC,11-20,+2.18,103.0,217,100.8,93,64.1,327,-.083,343,+5.71,77,108.6,49,102.9,89,+0.48,144,,MWC,64.1,327,103.0,217,49.3,237,18.1,173,24.9,291,24.3,349,100.8,93,51.2,215,19.7,86,28.2,169,32.1,213,64.1,327,63.8,344,18.9,315,18.6,352,103.0,217,99.3,271,100.8,93,103.2,177,77.4,134,+0.0,172,+0.9,85,-0.9,296,-0.1,172,+1.5,39,-0.0,198,2.38,87,32.3,135,62.1,36,2023,0.5617561269798402,11,20,0.3548387096774194,31
92,Furman,SC,28-8,+8.01,113.5,38,105.5,184,68.3,129,+.035,91,-3.50,241,103.9,206,107.4,278,-2.32,235,13,SC,68.3,129,113.5,38,55.0,18,15.7,35,29.0,165,34.8,75,105.5,184,50.6,181,18.1,168,27.3,124,31.8,209,68.3,129,68.5,152,16.5,53,18.4,333,113.5,38,114.1,8,105.5,184,102.9,167,76.6,256,-0.8,283,-1.2,302,-0.3,228,-0.8,282,-0.2,206,+0.2,173,2.20,125,26.2,284,64.0,32,2023,0.6985824433548593,28,8,0.7777777777777778,36
204,Gardner Webb,BSth,15-16,-2.40,98.9,292,101.3,102,66.1,234,-.091,348,-4.12,261,103.4,242,107.5,285,+1.33,114,,BSth,66.1,234,98.9,292,50.8,171,19.6,276,28.6,185,34.8,73,101.3,102,49.1,104,20.2,66,25.0,41,39.6,335,66.1,234,66.7,244,17.9,212,18.1,295,98.9,292,99.6,265,101.3,102,98.1,63,76.3,305,-0.5,242,-0.6,237,-0.4,235,-0.5,250,-1.1,300,-1.2,298,2.12,142,33.7,101,41.6,187,2023,0.43149909664669645,15,16,0.4838709677419355,31
144,George Mason,A10,20-13,+1.44,102.4,233,100.9,95,66.2,225,+.061,52,-1.15,173,104.5,172,105.6,187,-2.04,222,,A10,66.2,225,102.4,233,51.9,99,20.2,307,27.9,205,37.0,40,100.9,95,47.9,62,16.9,253,24.8,35,33.0,228,66.2,225,67.6,203,17.7,191,17.8,209,102.4,233,101.2,230,100.9,95,99.1,79,77.3,143,+0.3,139,+0.1,150,+0.4,117,-0.2,217,+0.8,82,+0.0,192,2.49,69,33.5,107,48.4,130,2023,0.5423242312569679,20,13,0.6060606060606061,33
217,George Washington,A10,16-16,-3.37,108.9,102,112.3,322,68.9,93,+.025,119,-2.06,200,102.9,260,105.0,156,-5.90,318,,A10,68.9,93,108.9,102,53.0,53,17.6,139,26.5,240,34.5,82,112.3,322,52.0,266,15.5,325,29.7,237,27.7,85,68.9,93,69.5,101,17.3,136,17.1,69,108.9,102,107.2,89,112.3,322,108.9,302,77.6,95,+0.7,86,+0.9,86,+0.5,105,-0.1,201,+0.6,116,+0.6,125,2.36,92,18.6,359,66.0,27,2023,0.4125208355347435,16,16,0.5,32
219,Georgetown,BE,7-25,-3.63,104.2,189,107.8,240,68.8,100,-.056,302,+8.72,37,109.7,26,101.0,57,-5.44,314,,BE,68.8,100,104.2,189,47.1,324,17.5,123,28.9,170,29.1,256,107.8,240,53.6,316,15.9,311,30.0,254,24.4,22,68.8,100,69.6,95,16.9,99,17.4,126,104.2,189,98.9,279,107.8,240,111.4,337,78.1,46,+1.2,48,+1.3,64,+1.0,61,+0.3,124,+0.4,139,+2.1,23,2.25,112,28.5,235,3.4,356,2023,0.40357200828066003,7,25,0.21875,32
154,Georgia,SEC,16-16,+1.05,104.1,190,103.1,132,67.6,159,+.069,45,+3.79,94,106.8,102,103.1,94,-7.17,334,,SEC,67.6,159,104.1,190,47.1,322,19.3,261,30.5,112,40.5,15,103.1,132,49.8,139,16.8,257,30.5,280,28.9,119,67.6,159,68.2,170,17.4,145,17.8,226,104.1,190,100.2,255,103.1,132,104.3,211,77.6,91,+0.9,71,+1.0,84,+0.8,80,+0.7,82,+0.0,179,-0.0,194,1.99,166,44.4,3,37.6,220,2023,0.527722719838831,16,16,0.5,32
209,Georgia Southern,SB,17-16,-2.64,100.2,273,102.8,128,66.6,208,+.005,174,-1.88,195,104.6,167,106.5,223,-4.00,282,,SB,66.6,208,100.2,273,48.2,294,16.3,56,25.8,263,27.9,295,102.8,128,49.5,121,18.3,161,27.2,119,34.6,266,66.6,208,67.1,222,18.1,237,17.7,202,100.2,273,99.6,266,102.8,128,101.1,119,76.4,293,+0.1,150,+0.5,120,-0.2,212,-0.9,293,-1.7,330,-1.2,299,1.74,219,32.6,127,37.7,219,2023,0.42687872421258916,17,16,0.5151515151515151,33
281,Georgia St.,SB,10-21,-9.28,97.8,310,107.1,222,66.9,190,-.077,334,-1.68,188,103.4,239,105.1,165,-5.29,312,,SB,66.9,190,97.8,310,45.6,344,19.5,269,30.1,128,33.5,107,107.1,222,50.7,186,17.5,214,29.5,233,35.4,281,66.9,190,67.7,195,18.6,294,17.1,59,97.8,310,95.8,328,107.1,222,104.2,206,76.3,313,-1.0,313,-1.1,293,-0.9,297,-0.8,284,-0.7,271,-0.5,238,1.54,260,31.2,175,23.6,299,2023,0.2602553865584965,10,21,0.3225806451612903,31
161,Georgia Tech,ACC,15-18,+0.57,104.4,182,103.9,149,66.5,212,-.003,203,+4.56,88,108.4,58,103.8,112,-3.40,264,,ACC,66.5,212,104.4,182,48.5,285,15.6,33,27.5,214,23.5,355,103.9,149,50.1,148,15.9,307,30.0,248,30.8,173,66.5,212,67.4,211,18.0,223,17.7,192,104.4,182,101.3,226,103.9,149,106.0,249,77.1,171,-0.7,268,-0.9,281,-0.5,248,+0.9,58,+0.0,182,+0.6,120,1.55,255,29.1,226,46.8,149,2023,0.5137987301316934,15,18,0.45454545454545453,33
8,Gonzaga,WCC,31-6,+23.02,122.3,1,99.3,73,70.3,39,+.080,32,+8.26,45,110.1,17,101.9,70,+7.81,12,3,WCC,70.3,39,122.3,1,57.6,2,14.8,14,31.2,92,34.1,95,99.3,73,51.4,234,17.8,185,25.6,59,26.0,43,70.3,39,71.6,34,16.0,30,17.6,177,122.3,1,118.5,2,99.3,73,103.4,183,78.1,51,+0.9,68,+0.7,94,+1.1,46,+1.2,42,+0.5,125,+1.4,57,2.64,44,24.8,308,66.7,20,2023,0.9165073837480088,31,6,0.8378378378378378,37
182,Grambling St.,SWAC,24-9,-0.97,99.8,282,100.7,90,66.1,233,+.090,19,-9.40,353,98.4,357,107.8,296,+3.77,64,,SWAC,66.1,233,99.8,282,50.0,208,21.2,334,31.5,89,41.5,11,100.7,90,44.6,8,21.0,43,31.6,307,41.1,343,66.1,233,67.4,207,17.7,187,17.8,220,99.8,282,100.0,257,100.7,90,93.2,8,77.4,130,+0.6,91,+1.0,80,+0.3,133,-0.1,206,-0.2,232,+0.7,118,1.87,190,35.2,72,47.0,146,2023,0.474212254795054,24,9,0.7272727272727273,33
108,Grand Canyon,WAC,24-12,+5.88,111.9,57,106.1,198,65.0,293,+.039,81,+1.23,125,104.8,158,103.5,104,-0.46,173,14,WAC,65.0,293,111.9,57,52.8,61,18.1,178,30.2,127,36.9,45,106.1,198,47.5,48,15.1,339,30.4,272,33.2,232,65.0,293,66.0,281,18.3,268,17.9,242,111.9,57,108.4,65,106.1,198,104.2,205,77.2,168,-0.6,250,-0.7,248,-0.5,256,-0.4,237,+0.8,105,+1.1,78,2.53,63,32.1,143,43.0,177,2023,0.6484130920573496,24,12,0.6666666666666666,36
361,Green Bay,Horz,3-29,-26.41,90.4,359,116.8,359,65.0,292,+.029,101,-2.69,221,104.2,190,106.9,248,+1.96,99,,Horz,65.0,292,90.4,359,45.9,338,21.0,329,21.7,344,31.5,176,116.8,359,54.8,345,16.1,304,32.4,324,31.6,194,65.0,292,66.2,273,19.1,332,17.0,52,90.4,359,89.2,360,116.8,359,115.0,360,76.5,268,-1.0,312,-1.0,282,-1.1,317,-0.9,294,-0.3,240,+0.6,122,0.90,338,37.5,31,29.0,261,2023,0.04990142255602247,3,29,0.09375,32
351,Hampton,CAA,8-24,-18.14,97.3,321,115.5,353,68.8,95,+.007,165,-4.90,282,102.2,289,107.1,267,-2.05,224,,CAA,68.8,95,97.3,321,45.1,351,16.0,43,26.5,243,32.1,154,115.5,353,53.9,322,15.7,317,30.3,267,35.4,280,68.8,95,69.6,98,17.8,203,16.9,32,97.3,321,96.9,309,115.5,353,111.8,342,77.3,138,-1.6,345,-1.9,348,-1.3,333,-0.1,172,+1.8,20,+2.8,11,2.20,127,21.2,346,43.0,178,2023,0.12218251778050915,8,24,0.25,32
362,Hartford,ind,5-23,-29.03,89.6,361,118.6,362,65.4,276,-.039,277,-9.12,352,99.9,344,109.0,342,-8.93,355,,ind,65.4,276,89.6,361,47.7,305,22.7,354,25.3,276,24.1,351,118.6,362,55.4,353,17.6,207,33.5,345,27.7,86,65.4,276,66.2,276,19.5,344,16.6,9,89.6,361,90.2,356,118.6,362,113.3,352,75.9,332,-0.8,299,-0.7,247,-1.0,311,-1.1,307,-0.5,254,-2.5,343,0.98,330,27.6,258,23.0,300,2023,0.03824991044812638,5,23,0.17857142857142858,28
158,Harvard,Ivy,14-14,+0.81,101.3,254,100.5,87,65.8,255,-.081,342,-1.48,181,103.8,215,105.3,172,-3.04,255,,Ivy,65.8,255,101.3,254,49.5,227,19.8,288,30.3,124,31.2,189,100.5,87,48.8,94,18.4,151,24.3,23,25.0,26,65.8,255,67.8,188,17.4,154,17.9,235,101.3,254,99.4,268,100.5,87,97.4,52,77.7,78,-0.5,235,-0.2,187,-0.8,276,+0.9,58,+1.6,34,+1.4,54,1.04,322,29.4,216,44.7,166,2023,0.5227791862453149,14,14,0.5,28
130,Hawaii,BW,22-11,+3.41,101.6,247,98.2,59,64.6,311,-.014,232,-3.79,252,102.3,282,106.1,204,-6.06,320,,BW,64.6,311,101.6,247,48.6,277,18.6,218,29.6,149,33.6,104,98.2,59,44.5,6,16.4,289,26.5,84,27.2,66,64.6,311,64.9,324,19.1,328,18.0,269,101.6,247,101.7,219,98.2,59,94.5,15,77.2,162,+1.5,32,+1.4,59,+1.7,20,+0.9,58,-1.3,319,-2.3,337,1.92,178,21.4,345,55.2,74,2023,0.5966266972937779,22,11,0.6666666666666666,33
299,High Point,BSth,14-17,-10.90,100.1,277,111.0,303,71.4,20,+.054,60,-5.64,303,102.8,266,108.5,326,-4.63,297,,BSth,71.4,20,100.1,277,50.1,201,19.5,270,30.7,110,38.7,30,111.0,303,50.8,191,16.4,291,32.0,318,35.3,279,71.4,20,71.6,35,15.9,25,17.5,150,100.1,277,101.5,222,111.0,303,107.9,289,76.6,258,-0.7,266,-1.4,321,+0.1,157,-0.7,272,+0.8,82,-1.2,297,1.62,241,33.8,100,61.6,38,2023,0.23350119893911267,14,17,0.45161290322580644,31
89,Hofstra,CAA,25-10,+8.39,110.8,73,102.4,118,67.1,177,+.036,85,-2.36,211,102.9,259,105.3,175,+6.77,19,,CAA,67.1,177,110.8,73,55.1,15,15.9,41,23.6,324,20.9,363,102.4,118,46.8,28,18.5,146,31.7,309,25.3,28,67.1,177,67.4,209,16.9,95,18.4,338,110.8,73,109.1,50,102.4,118,98.1,64,76.5,273,-0.3,217,-0.8,269,+0.2,134,-1.6,342,-0.2,207,-0.4,226,2.23,117,25.8,294,31.4,254,2023,0.7123163549218696,25,10,0.7142857142857143,35
342,Holy Cross,Pat,10-22,-16.53,94.1,346,110.6,294,69.0,89,+.005,179,-7.21,327,100.4,339,107.6,288,-6.23,323,,Pat,69.0,89,94.1,346,48.5,282,17.5,129,21.5,345,25.5,338,110.6,294,51.8,254,17.4,219,30.1,257,27.8,89,69.0,89,68.9,136,16.5,51,18.4,337,94.1,346,94.3,341,110.6,294,105.4,238,76.3,311,-2.4,360,-3.3,362,-1.5,341,-0.1,172,+0.8,78,+0.1,176,1.97,168,19.3,353,46.3,153,2023,0.13494060055681192,10,22,0.3125,32
2,Houston,Amer,33-4,+27.72,118.1,11,90.4,5,63.5,339,+.023,122,+4.56,89,107.2,95,102.6,81,-0.03,161,1,Amer,63.5,339,118.1,11,52.3,81,15.4,28,37.1,4,28.9,266,90.4,5,42.7,2,21.1,39,27.7,140,35.7,286,63.5,339,64.8,325,18.9,321,17.9,256,118.1,11,115.7,3,90.4,5,88.7,2,76.7,230,-0.6,248,-1.3,305,+0.1,155,-0.1,196,-0.7,276,+0.3,160,1.54,258,26.9,272,39.3,203,2023,0.9557992329982807,33,4,0.8918918918918919,37
353,Houston Christian,Slnd,10-22,-18.97,101.7,245,120.7,363,70.5,32,-.020,240,-8.30,344,101.9,297,110.2,361,-0.09,164,,Slnd,70.5,32,101.7,245,51.4,127,21.2,333,28.0,201,40.6,14,120.7,363,57.5,361,16.7,263,31.7,311,33.3,233,70.5,32,72.5,17,16.7,74,16.4,3,101.7,245,102.8,181,120.7,363,116.6,363,77.0,192,-0.5,244,+0.3,138,-1.4,337,-0.2,214,-0.2,207,+1.2,71,1.29,303,25.6,299,39.8,200,2023,0.12241794543696187,10,22,0.3125,32
218,Howard,MEAC,22-13,-3.38,103.5,204,106.9,218,69.0,87,+.096,14,-5.60,299,101.3,317,106.9,251,-0.01,159,16,MEAC,69.0,87,103.5,204,51.8,103,22.9,358,33.7,29,32.2,150,106.9,218,50.9,201,20.6,56,31.9,316,34.0,254,69.0,87,71.2,37,17.1,118,16.5,6,103.5,204,102.6,188,106.9,218,102.7,162,76.9,213,+0.7,88,+0.5,123,+0.9,71,+0.1,154,-0.6,260,-1.9,327,1.49,271,36.3,53,41.5,190,2023,0.40812901052913964,22,13,0.6285714285714286,35
360,IUPUI,Horz,5-27,-22.05,95.6,334,117.7,360,66.9,185,-.076,331,-5.79,306,102.4,281,108.1,312,-7.15,333,,Horz,66.9,185,95.6,334,49.7,217,23.3,359,29.0,163,32.2,143,117.7,360,55.0,349,16.8,258,32.0,317,36.0,290,66.9,185,67.9,180,18.2,257,17.0,53,95.6,334,95.4,332,117.7,360,115.0,359,77.1,181,-0.7,272,-0.3,192,-1.1,321,-1.1,307,+0.4,142,+2.1,23,0.46,359,37.4,33,11.0,348,2023,0.0838146227206891,5,27,0.15625,32
300,Idaho,BSky,10-22,-10.93,102.5,229,113.4,337,65.8,257,-.057,308,-3.90,254,103.8,216,107.7,291,-6.69,328,,BSky,65.8,257,102.5,229,52.0,92,17.2,102,19.6,356,35.8,60,113.4,337,54.3,332,16.1,302,27.8,146,31.6,197,65.8,257,66.4,260,18.0,218,18.1,298,102.5,229,103.3,170,113.4,337,110.9,330,76.5,272,-0.9,303,-0.6,241,-1.1,318,-1.4,338,-0.7,269,+1.1,79,1.03,323,23.9,326,24.5,294,2023,0.23827251583848447,10,22,0.3125,32
245,Idaho St.,BSky,11-21,-6.45,102.0,241,108.5,256,65.1,287,-.084,345,-2.53,215,104.7,160,107.3,271,-2.26,233,,BSky,65.1,287,102.0,241,50.8,170,17.2,101,24.6,301,28.9,263,108.5,256,51.4,229,17.8,188,27.2,116,35.5,283,65.1,287,65.8,290,18.9,319,17.3,106,102.0,241,101.9,210,108.5,256,107.1,273,77.4,124,+0.3,129,-0.3,192,+0.9,73,-0.1,192,-0.2,207,+1.3,59,1.89,185,33.4,110,38.5,209,2023,0.32950170387264827,11,21,0.34375,32
35,Illinois,B10,20-13,+16.22,111.1,68,94.9,26,69.5,58,-.053,296,+8.80,36,109.1,43,100.3,40,-6.42,324,9,B10,69.5,58,111.1,68,51.4,129,18.4,207,31.6,83,34.3,91,94.9,26,46.7,24,18.5,145,26.7,101,30.1,152,69.5,58,69.5,102,16.9,91,17.6,163,111.1,68,105.5,124,94.9,26,95.9,29,78.7,13,+1.3,39,+0.6,114,+2.0,11,+1.6,24,+2.4,8,+1.7,43,1.35,293,33.1,116,14.8,340,2023,0.8596613855292667,20,13,0.6060606060606061,33
301,Illinois Chicago,MVC,12-20,-10.98,97.7,314,108.6,259,68.9,94,+.019,133,-4.19,266,101.6,304,105.8,193,-10.43,359,,MVC,68.9,94,97.7,314,48.7,272,18.4,211,22.7,335,34.1,94,108.6,259,51.2,218,19.6,88,30.3,265,33.0,229,68.9,94,69.0,129,17.5,166,17.2,85,97.7,314,96.0,325,108.6,259,104.5,217,77.2,158,-0.2,197,-0.5,229,+0.2,140,-0.1,170,+0.6,117,+0.3,154,1.12,315,28.4,238,19.2,317,2023,0.22857884620842023,12,20,0.375,32
289,Illinois St.,MVC,11-21,-9.74,100.2,275,109.9,278,64.8,300,-.020,242,-4.85,281,102.2,290,107.1,265,-8.23,347,,MVC,64.8,300,100.2,275,50.2,197,21.8,346,28.2,193,31.3,184,109.9,278,51.8,258,16.7,262,26.7,98,34.0,252,64.8,300,65.8,291,18.5,282,17.9,232,100.2,275,99.8,262,109.9,278,105.7,241,77.2,152,+0.3,126,+0.1,147,+0.5,102,+1.0,57,-0.6,258,-0.3,222,2.02,162,25.8,297,25.4,284,2023,0.2568070385508301,11,21,0.34375,32
340,Incarnate Word,Slnd,12-19,-16.02,96.3,330,112.3,323,66.8,192,+.012,153,-8.77,348,101.3,319,110.0,357,-2.52,240,,Slnd,66.8,192,96.3,330,48.5,280,20.0,301,26.3,247,33.3,110,112.3,323,54.4,333,20.5,57,33.0,339,32.7,224,66.8,192,68.6,149,18.1,233,16.6,11,96.3,330,98.3,291,112.3,323,108.0,292,76.7,255,+0.1,162,+0.1,152,+0.0,179,-1.6,345,-0.9,289,+0.2,167,0.94,332,31.5,163,34.1,244,2023,0.14583933425635234,12,19,0.3870967741935484,31
30,Indiana,B10,23-12,+17.03,114.2,28,97.2,45,67.8,145,+.022,125,+10.69,13,110.5,7,99.9,28,-3.56,266,4,B10,67.8,145,114.2,28,53.5,40,16.8,78,28.1,197,29.5,239,97.2,45,47.2,42,16.3,294,29.0,205,29.8,141,67.8,145,68.4,160,16.4,48,18.7,355,114.2,28,108.7,59,97.2,45,100.2,95,78.6,19,+0.3,125,-0.3,192,+1.0,69,+1.4,34,+2.4,9,+3.0,8,2.51,67,29.0,227,60.0,41,2023,0.8645465061111958,23,12,0.6571428571428571,35
100,Indiana St.,MVC,23-13,+6.51,109.6,92,103.1,135,70.3,38,-.107,356,-5.06,286,101.5,308,106.6,231,-7.14,331,,MVC,70.3,38,109.6,92,56.4,4,17.1,94,21.8,343,31.5,174,103.1,135,48.2,72,17.2,235,22.9,9,30.4,162,70.3,38,70.8,45,16.1,35,17.7,207,109.6,92,110.2,38,103.1,135,97.7,57,77.7,74,-0.2,208,+0.0,166,-0.5,252,+0.3,130,+1.0,63,+2.4,17,1.84,199,33.5,104,53.4,84,2023,0.6688718020484187,23,13,0.6388888888888888,36
76,Iona,MAAC,27-8,+11.35,110.7,76,99.4,74,68.7,103,+.012,155,-3.28,236,102.6,277,105.9,198,+4.03,55,13,MAAC,68.7,103,110.7,76,51.7,111,15.2,22,31.6,84,29.0,260,99.4,74,46.3,19,20.8,51,30.7,284,30.9,176,68.7,103,68.8,137,16.0,29,18.8,361,110.7,76,110.3,36,99.4,74,95.1,21,77.5,110,+1.5,33,+1.7,34,+1.3,40,-1.4,337,-0.4,247,+0.9,103,1.73,221,25.8,296,39.9,199,2023,0.7752548725071883,27,8,0.7714285714285715,35
41,Iowa,B10,19-14,+15.39,120.0,4,104.6,168,69.5,63,-.051,295,+9.75,25,108.8,45,99.1,8,-2.45,239,8,B10,69.5,63,120.0,4,51.7,109,14.0,8,32.1,65,32.3,138,104.6,168,53.3,308,18.2,165,27.4,127,23.8,14,69.5,63,69.6,94,16.0,33,18.3,324,120.0,4,113.3,10,104.6,168,106.0,251,78.3,27,+0.5,102,-0.3,192,+1.3,34,+1.6,25,+1.6,36,+2.2,21,2.24,114,27.9,247,58.9,49,2023,0.8291342888966172,19,14,0.5757575757575758,33
29,Iowa St.,B12,19-14,+17.04,108.1,114,91.0,8,64.1,328,-.033,268,+12.56,4,112.1,2,99.5,18,-1.36,198,6,B12,64.1,328,108.1,114,49.9,211,19.5,273,33.9,28,27.9,294,91.0,8,49.9,141,25.0,2,26.5,87,40.8,340,64.1,328,65.7,295,18.7,304,17.7,185,108.1,114,102.0,205,91.0,8,94.9,17,77.3,147,+0.5,107,+0.6,106,+0.3,130,-1.0,303,+0.4,128,+0.6,123,3.33,7,31.4,171,41.5,188,2023,0.8787097290671019,19,14,0.5757575757575758,33
304,Jackson St.,SWAC,14-19,-11.14,98.9,291,110.1,283,67.9,141,+.084,24,-5.21,288,100.1,342,105.3,174,+8.91,6,,SWAC,67.9,141,98.9,291,47.5,311,22.0,347,32.9,47,32.9,122,110.1,283,52.5,283,19.1,113,29.1,214,34.0,255,67.9,141,69.7,93,17.5,169,17.3,93,98.9,291,96.5,315,110.1,283,104.7,222,76.0,331,-0.4,226,-0.1,181,-0.6,272,-0.1,172,-0.6,261,-4.1,356,1.47,277,29.9,204,19.9,314,2023,0.2255313934904169,14,19,0.42424242424242425,33
234,Jacksonville,ASun,13-16,-5.26,100.2,274,105.4,183,61.0,361,-.009,219,-0.62,155,106.0,115,106.6,232,+6.78,18,,ASun,61.0,361,100.2,274,50.6,179,19.1,245,23.9,318,22.8,359,105.4,183,49.8,137,14.3,355,25.7,63,27.0,62,61.0,361,61.3,362,20.0,355,18.7,354,100.2,274,99.8,260,105.4,183,105.5,239,76.7,244,-0.2,201,+0.8,90,-1.2,327,-2.1,359,-0.2,207,+0.8,108,2.73,40,27.1,269,56.9,64,2023,0.35851020607791884,13,16,0.4482758620689655,29
233,Jacksonville St.,ASun,13-18,-5.22,102.1,240,107.3,228,65.5,273,-.044,282,-1.63,186,104.9,154,106.5,226,+1.30,116,,ASun,65.5,273,102.1,240,50.5,183,20.2,312,29.4,153,31.8,164,107.3,228,52.5,287,16.5,281,24.1,19,29.5,135,65.5,273,66.1,280,18.8,312,17.3,112,102.1,240,101.0,237,107.3,228,107.3,278,76.8,227,+0.1,161,+0.4,127,-0.3,221,-0.1,195,-0.8,283,-0.8,271,1.76,215,33.6,103,24.9,289,2023,0.3609431083628996,13,18,0.41935483870967744,31
98,James Madison,SB,22-11,+6.70,106.5,150,99.8,80,70.4,35,-.053,298,-1.72,190,103.4,244,105.1,164,-4.44,295,,SB,70.4,35,106.5,150,51.5,116,18.6,222,31.2,91,38.9,27,99.8,80,49.4,116,21.4,30,27.6,139,31.8,207,70.4,35,71.8,32,15.6,9,17.9,255,106.5,150,106.0,109,99.8,80,96.4,37,76.9,212,-0.7,265,-1.3,305,-0.1,198,-0.3,226,+0.8,82,-0.1,206,3.20,9,38.6,15,62.9,35,2023,0.678575533263988,22,11,0.6666666666666666,33
9,Kansas,B12,28-8,+22.85,114.6,25,91.8,11,69.2,75,+.082,28,+13.38,1,111.0,5,97.6,2,+6.59,21,1,B12,69.2,75,114.6,25,52.6,67,17.5,124,28.7,179,29.8,227,91.8,11,47.0,32,20.3,65,28.7,193,31.1,182,69.2,75,70.2,69,16.5,52,17.6,174,114.6,25,106.6,98,91.8,11,96.5,39,77.5,117,+0.1,153,-0.7,251,+1.0,66,+1.6,23,+0.2,154,-0.2,211,1.67,232,18.0,361,36.9,229,2023,0.9276479377242042,28,8,0.7777777777777778,36
21,Kansas St.,B12,26-10,+18.51,113.5,37,95.0,27,70.1,42,+.035,90,+10.35,18,109.2,39,98.8,5,-3.05,256,3,B12,70.1,42,113.5,37,52.3,79,19.3,259,29.9,136,36.1,55,95.0,27,48.1,66,21.0,45,30.3,266,36.3,291,70.1,42,70.5,57,16.4,50,17.7,183,113.5,37,106.1,108,95.0,27,97.1,48,76.3,312,+0.8,79,+0.7,105,+1.0,68,-0.4,236,-0.9,284,-4.4,360,2.81,30,24.0,325,19.8,316,2023,0.8855578541472997,26,10,0.7222222222222222,36
123,Kennesaw St.,ASun,26-9,+4.04,105.9,154,101.8,110,68.4,121,+.131,5,-1.05,170,105.2,138,106.3,213,+4.64,47,14,ASun,68.4,121,105.9,154,52.7,65,17.8,151,27.3,222,35.9,56,101.8,110,51.1,210,19.5,94,25.4,56,36.8,298,68.4,121,69.3,111,17.0,105,17.5,144,105.9,154,105.0,138,101.8,110,101.3,127,75.9,337,-1.4,334,-1.7,339,-1.1,314,-1.1,307,+0.1,164,-2.3,336,2.58,58,29.6,209,81.3,2,2023,0.6116086632488494,26,9,0.7428571428571429,35
78,Kent St.,MAC,28-7,+11.20,107.7,121,96.5,41,67.7,154,+.019,138,-1.35,179,106.1,113,107.4,279,+3.04,79,13,MAC,67.7,154,107.7,121,50.8,168,16.3,55,31.2,94,31.5,172,96.5,41,47.3,43,22.2,19,30.2,260,38.1,317,67.7,154,69.2,117,16.9,100,17.7,200,107.7,121,108.3,67,96.5,41,96.1,31,75.7,345,-0.8,291,-0.8,266,-0.8,281,-1.6,346,-2.1,346,-1.6,313,2.54,61,28.3,240,55.2,75,2023,0.7795035455647482,28,7,0.8,35
27,Kentucky,SEC,22-12,+17.40,116.2,17,98.8,68,65.8,256,-.019,239,+8.52,42,109.1,44,100.5,48,+0.53,142,6,SEC,65.8,256,116.2,17,50.6,178,17.5,127,39.2,1,31.9,162,98.8,68,48.6,90,16.6,277,25.1,46,29.9,144,65.8,256,66.8,238,17.6,181,18.1,299,116.2,17,111.0,26,98.8,68,100.9,114,77.6,88,+0.8,82,-0.3,192,+1.8,18,+0.6,103,+1.1,61,-0.5,237,2.23,118,27.8,248,37.6,221,2023,0.8659338582461837,22,12,0.6470588235294118,34
363,LIU,NEC,3-26,-29.52,86.9,363,116.4,358,72.4,6,-.024,254,-8.20,339,99.7,350,107.9,302,+5.79,31,,NEC,72.4,6,86.9,363,45.6,345,22.7,355,24.7,300,31.7,165,116.4,358,55.1,350,16.7,260,30.3,268,32.1,214,72.4,6,73.2,8,16.0,28,16.7,20,86.9,363,87.5,363,116.4,358,111.4,338,77.0,193,-0.9,304,-1.3,305,-0.5,257,+0.9,71,+1.5,42,-0.9,287,0.88,341,34.7,76,21.4,308,2023,0.03353171472898336,3,26,0.10344827586206896,29
151,LSU,SEC,14-19,+1.14,106.2,152,105.1,176,65.7,261,+.027,110,+5.91,75,107.9,74,101.9,72,-6.56,327,,SEC,65.7,261,106.2,152,47.3,318,18.4,210,31.7,75,33.7,102,105.1,176,51.8,255,17.5,216,28.8,199,30.3,160,65.7,261,66.7,246,18.0,228,17.9,250,106.2,152,101.4,224,105.1,176,106.4,263,77.5,102,+1.9,14,+1.0,83,+2.8,4,-0.8,281,-0.8,280,+0.1,187,2.16,133,34.7,75,5.6,354,2023,0.5298983021351007,14,19,0.42424242424242425,33
225,La Salle,A10,15-19,-4.24,103.2,210,107.5,234,67.6,157,+.040,80,-1.26,176,103.7,221,105.0,155,-2.28,234,,A10,67.6,157,103.2,210,48.5,287,18.1,181,30.5,115,28.3,277,107.5,234,51.0,205,17.9,177,30.5,275,31.6,195,67.6,157,68.5,154,17.8,194,17.1,67,103.2,210,101.0,236,107.5,234,105.2,230,76.2,318,-0.5,243,-0.7,254,-0.3,232,-0.7,274,-1.0,296,-1.5,312,1.95,174,32.1,144,51.0,114,2023,0.38474573425866804,15,19,0.4411764705882353,34
264,Lafayette,Pat,11-23,-8.27,95.5,335,103.8,148,62.9,349,-.061,314,-3.67,247,103.6,229,107.3,273,+3.76,65,,Pat,62.9,349,95.5,335,48.7,271,17.9,162,23.8,322,24.5,345,103.8,148,50.8,196,18.3,163,25.6,61,29.4,134,62.9,349,63.5,348,19.9,354,17.5,138,95.5,335,96.0,326,103.8,148,101.1,120,77.5,112,-0.1,190,-0.2,189,+0.1,157,+1.3,41,+0.2,159,+0.7,116,1.59,244,26.6,278,52.0,100,2023,0.2771972899533995,11,23,0.3235294117647059,34
358,Lamar,Slnd,9-22,-20.51,94.6,342,115.1,350,65.7,267,+.004,184,-8.25,340,101.8,301,110.0,356,-2.09,226,,Slnd,65.7,267,94.6,342,47.6,308,21.2,336,32.1,69,32.2,146,115.1,350,53.0,301,17.1,239,33.4,343,30.8,172,65.7,267,67.4,210,18.1,234,17.4,122,94.6,342,97.2,306,115.1,350,111.3,336,75.7,342,-0.6,257,-0.0,170,-1.2,330,-1.9,356,-2.0,339,-1.7,319,0.03,363,33.4,109,1.5,357,2023,0.09486286362661997,9,22,0.2903225806451613,31
283,Lehigh,Pat,16-14,-9.35,97.8,309,107.2,225,69.4,68,+.084,27,-6.82,321,101.1,323,107.9,305,-1.92,216,,Pat,69.4,68,97.8,309,49.8,214,17.5,126,19.0,362,31.1,193,107.2,225,50.4,167,16.6,271,26.6,93,28.6,109,69.4,68,69.2,113,17.0,106,17.5,147,97.8,309,98.3,293,107.2,225,102.7,163,76.8,217,-0.3,220,+0.2,145,-0.8,283,-0.3,235,+0.3,147,-0.4,232,1.82,203,33.9,99,64.9,29,2023,0.2581944385577928,16,14,0.5333333333333333,30
48,Liberty,ASun,27-9,+14.54,112.1,55,97.5,51,64.8,302,-.038,275,-1.80,194,103.9,207,105.7,189,+1.21,122,,ASun,64.8,302,112.1,55,55.4,11,15.9,42,25.3,281,26.2,328,97.5,51,49.1,109,19.0,119,20.2,1,27.7,81,64.8,302,65.4,310,19.1,327,17.6,162,112.1,55,111.3,23,97.5,51,95.0,20,75.0,362,-0.7,263,-1.4,319,+0.1,157,-1.1,321,-4.0,362,-3.9,355,2.38,89,31.4,166,74.2,5,2023,0.8326739644981642,27,9,0.75,36
343,Lindenwood,OVC,11-21,-16.74,95.5,336,112.2,321,66.7,198,+.004,181,-6.95,322,101.7,302,108.7,334,+1.78,101,,OVC,66.7,198,95.5,336,48.8,267,19.5,271,23.0,331,28.3,278,112.2,321,52.4,280,17.8,193,31.0,298,31.1,181,66.7,198,69.0,130,17.4,140,17.1,70,95.5,336,95.9,327,112.2,321,107.9,291,75.7,347,-1.6,344,-2.0,351,-1.1,315,-1.5,341,-1.2,311,-1.3,303,0.90,335,27.3,264,0.0,0,2023,0.13548560304303883,11,21,0.34375,32
153,Lipscomb,ASun,20-13,+1.06,104.7,177,103.7,144,69.3,71,-.001,196,-2.84,225,105.1,144,107.9,306,-2.68,246,,ASun,69.3,71,104.7,177,53.7,37,17.3,112,25.0,289,23.6,354,103.7,144,50.2,158,15.6,322,24.6,30,23.3,11,69.3,71,69.2,120,16.4,49,18.2,312,104.7,177,105.7,117,103.7,144,102.9,165,76.7,238,-0.6,256,-0.1,179,-1.2,323,-1.6,343,-0.2,207,+1.2,66,1.48,273,34.5,82,52.1,99,2023,0.5275634101457749,20,13,0.6060606060606061,33
321,Little Rock,OVC,10-21,-13.42,101.9,242,115.4,351,70.8,26,-.025,255,-7.50,332,101.1,324,108.6,330,-0.66,178,,OVC,70.8,26,101.9,242,49.2,248,18.0,165,29.3,155,31.9,163,115.4,351,56.1,358,19.3,102,30.4,273,37.0,301,70.8,26,72.7,12,16.5,57,16.4,4,101.9,242,102.8,182,115.4,351,110.5,327,77.3,148,-0.8,284,-1.3,305,-0.3,222,+0.9,58,+1.5,38,-0.0,193,1.36,292,29.2,222,52.0,101,2023,0.19298298012414522,10,21,0.3225806451612903,31
167,Long Beach St.,BW,17-16,+0.14,105.0,170,104.9,171,72.7,3,-.012,225,-0.37,147,103.3,247,103.6,107,+6.53,23,,BW,72.7,3,105.0,170,48.5,286,18.7,230,34.6,19,34.4,87,104.9,171,49.8,136,18.2,166,28.0,159,30.0,147,72.7,3,72.0,27,15.0,2,18.3,325,105.0,170,101.9,211,104.9,171,102.1,142,77.4,132,+0.4,116,+0.9,88,-0.1,197,+0.1,156,+0.8,79,-0.1,207,1.14,311,34.1,93,34.7,241,2023,0.502739372511987,17,16,0.5151515151515151,33
169,Longwood,BSth,20-12,+0.04,104.3,184,104.2,156,65.8,253,-.032,266,-7.22,328,101.6,303,108.9,338,-7.73,344,,BSth,65.8,253,104.3,184,50.2,196,17.8,148,32.1,68,33.6,106,104.2,156,51.2,213,21.6,28,26.9,108,33.5,240,65.8,253,66.7,242,17.9,206,17.9,258,104.3,184,106.6,100,104.2,156,99.4,84,76.1,322,-1.5,343,-2.3,355,-0.8,279,-0.5,253,-1.4,321,+0.1,176,2.44,80,34.0,96,70.6,14,2023,0.502757766011185,20,12,0.625,32
88,Louisiana,SB,26-8,+8.51,111.4,61,102.9,130,68.3,124,+.060,53,+0.03,140,104.0,201,104.0,116,+0.04,158,13,SB,68.3,124,111.4,61,52.8,60,17.7,141,33.3,37,37.0,41,102.9,130,50.5,177,18.4,157,26.3,80,34.2,258,68.3,124,68.6,150,17.2,120,17.9,233,111.4,61,108.8,56,102.9,130,101.5,132,76.6,267,+0.7,89,+1.3,62,+0.0,180,-1.8,351,-2.2,349,+0.1,176,1.95,172,28.7,232,56.1,67,2023,0.7135628487614036,26,8,0.7647058823529411,34
282,Louisiana Monroe,SB,11-21,-9.34,97.7,315,107.0,219,65.9,250,-.024,251,+0.59,131,104.8,157,104.2,125,+0.30,151,,SB,65.9,250,97.7,315,45.2,349,18.7,225,27.3,224,30.0,222,107.0,219,51.7,249,17.6,204,29.9,245,28.6,110,65.9,250,66.4,264,19.0,322,17.2,75,97.7,315,94.5,337,107.0,219,106.2,260,76.3,317,+0.0,171,+0.2,144,-0.1,207,-0.8,285,-2.4,357,-0.9,278,2.35,93,19.1,355,20.9,311,2023,0.2600586647301971,11,21,0.34375,32
165,Louisiana Tech,CUSA,15-18,+0.42,105.6,160,105.2,177,66.4,217,-.028,261,+2.99,107,106.1,111,103.1,97,+0.29,152,,CUSA,66.4,217,105.6,160,50.9,161,19.9,291,30.1,129,28.4,274,105.2,177,54.0,325,21.3,34,28.1,165,38.5,320,66.4,217,67.0,230,17.8,197,17.9,234,105.6,160,102.1,202,105.2,177,105.3,233,77.0,202,-0.4,224,-0.2,190,-0.5,254,+0.0,160,-0.2,207,+0.3,161,2.04,157,34.6,79,40.6,195,2023,0.5109090975075573,15,18,0.45454545454545453,33
290,Louisville,ACC,4-28,-9.85,101.5,251,111.3,312,66.4,218,-.035,270,+6.19,70,108.5,55,102.3,75,+1.57,107,,ACC,66.4,218,101.5,251,48.0,297,22.3,352,28.2,192,32.9,123,111.3,312,54.1,328,15.1,337,30.0,252,30.6,168,66.4,218,67.0,227,18.5,278,17.3,110,101.5,251,95.6,330,111.3,312,113.4,355,78.8,12,+1.0,62,+0.6,111,+1.4,31,+2.9,1,+1.4,45,+2.1,23,0.90,336,28.1,243,27.7,272,2023,0.25731704384333454,4,28,0.125,32
253,Loyola Chicago,A10,10-21,-7.02,101.8,244,108.8,262,66.0,236,-.036,272,-0.47,151,104.5,173,104.9,154,-4.22,289,,A10,66.0,236,101.8,244,52.9,56,22.1,350,24.5,302,31.1,192,108.8,262,51.6,245,17.9,180,28.5,181,37.5,308,66.0,236,67.1,226,17.4,160,18.1,305,101.8,244,99.4,269,108.8,262,106.6,267,76.7,236,-0.3,211,-0.6,234,+0.1,157,+0.6,93,-1.1,302,-0.8,274,2.07,152,31.7,157,32.5,253,2023,0.3176128128598078,10,21,0.3225806451612903,31
325,Loyola MD,Pat,13-20,-13.86,98.7,297,112.6,328,66.0,240,+.032,94,-6.75,320,101.1,322,107.8,300,-4.66,299,,Pat,66.0,240,98.7,297,51.3,132,20.4,316,26.6,238,28.2,281,112.6,328,55.5,354,20.2,68,28.7,191,29.8,142,66.0,240,66.5,257,18.8,305,17.3,94,98.7,297,98.6,286,112.6,328,107.8,286,75.6,349,+0.5,104,+0.7,94,+0.2,135,-1.3,330,-3.2,361,-3.8,354,2.31,103,31.9,150,55.4,73,2023,0.18016901116627976,13,20,0.3939393939393939,33
109,Loyola Marymount,WCC,19-12,+5.78,109.6,93,103.8,147,66.9,188,+.079,33,+3.57,97,108.3,61,104.7,146,-0.27,168,,WCC,66.9,188,109.6,93,53.1,50,18.3,197,30.1,129,31.6,168,103.8,147,51.8,257,16.2,298,24.6,32,34.9,272,66.9,188,69.0,127,18.2,250,16.7,16,109.6,93,106.8,94,103.8,147,105.7,242,77.5,114,-0.0,173,+0.5,117,-0.5,260,+0.8,80,-0.1,190,+1.2,73,2.79,32,33.0,117,53.1,88,2023,0.6514164365772749,19,12,0.6129032258064516,31
277,Maine,AE,13-17,-9.08,99.1,288,108.2,248,65.7,259,-.001,198,-3.89,253,102.6,275,106.5,227,+0.32,150,,AE,65.7,259,99.1,288,51.0,156,18.7,229,22.9,332,22.9,358,108.2,248,53.4,313,20.3,64,30.0,255,28.7,114,65.7,259,66.3,267,17.7,188,18.4,332,99.1,288,98.9,280,108.2,248,105.2,232,76.4,287,-1.1,319,-0.6,236,-1.6,343,-1.1,307,-0.2,203,+0.1,176,1.48,275,22.6,340,38.0,216,2023,0.26692170432839757,13,17,0.43333333333333335,30
306,Manhattan,MAAC,12-18,-11.20,97.5,317,108.7,261,66.9,186,+.047,70,-5.63,302,101.4,315,107.0,260,-5.90,319,,MAAC,66.9,186,97.5,317,49.2,241,19.8,289,26.6,235,31.5,173,108.7,261,51.3,224,20.5,58,34.2,353,30.5,166,66.9,186,67.1,225,17.6,179,18.1,294,97.5,317,97.3,305,108.7,261,104.2,207,77.2,164,-0.5,240,+0.1,158,-1.1,316,-0.1,172,+0.8,70,+0.6,126,2.20,126,25.9,292,43.9,171,2023,0.2226130298689639,12,18,0.4,30
275,Marist,MAAC,13-20,-9.02,97.7,313,106.8,215,65.5,275,-.023,250,-6.56,317,100.4,338,107.0,256,-9.93,358,,MAAC,65.5,275,97.7,313,47.9,300,18.1,172,25.9,261,28.9,262,106.8,215,47.9,61,16.8,256,28.9,203,28.4,103,65.5,275,65.5,301,19.1,329,17.3,114,97.7,313,97.6,301,106.8,215,101.5,131,77.4,127,+0.5,108,+1.3,61,-0.4,239,-0.3,231,+0.4,135,+0.6,128,1.13,313,31.1,177,17.7,329,2023,0.26422016438390733,13,20,0.3939393939393939,33
10,Marquette,BE,29-7,+22.38,119.1,7,96.7,43,68.1,136,+.009,162,+9.31,30,109.5,32,100.2,36,-1.15,193,2,BE,68.1,136,119.1,7,56.0,7,15.3,26,26.2,248,27.0,317,96.7,43,51.0,204,22.5,18,31.7,312,29.1,123,68.1,136,69.3,109,15.8,16,18.8,358,119.1,7,112.9,12,96.7,43,100.1,93,77.2,159,+0.4,111,+0.1,151,+0.8,87,-0.5,255,+0.1,174,+0.1,175,1.30,299,27.2,267,51.6,106,2023,0.9165237522483726,29,7,0.8055555555555556,36
83,Marshall,SB,24-8,+9.66,111.0,69,101.3,104,71.9,14,-.063,316,-3.04,229,103.5,236,106.5,225,-3.82,276,,SB,71.9,14,111.0,69,52.6,69,15.5,30,31.7,77,26.2,330,101.3,104,47.7,55,20.1,70,32.6,329,28.0,94,71.9,14,72.4,19,14.9,1,18.1,292,111.0,69,111.0,25,101.3,104,97.6,55,77.8,65,+1.7,24,+2.3,15,+1.1,51,+0.3,128,-0.0,187,+0.2,168,3.27,8,15.9,363,53.0,91,2023,0.7410827127308944,24,8,0.75,32
23,Maryland,B10,22-13,+17.99,113.5,36,95.6,32,64.2,326,-.023,249,+8.94,34,109.5,34,100.5,49,-3.90,278,8,B10,64.2,326,113.5,36,50.8,166,16.5,66,30.0,132,34.3,90,95.6,32,47.7,54,18.4,150,28.1,164,28.4,102,64.2,326,64.5,334,18.3,264,18.9,362,113.5,36,108.2,70,95.6,32,98.2,66,77.9,63,+0.2,140,-0.6,233,+1.1,51,+1.9,14,+1.2,58,+0.5,140,3.20,10,24.7,312,45.5,161,2023,0.8780128153180038,22,13,0.6285714285714286,35
251,Maryland Eastern Shore,MEAC,18-13,-6.57,94.2,345,100.8,91,69.5,55,+.084,25,-5.25,290,101.5,309,106.8,242,+4.59,49,,MEAC,69.5,55,94.2,345,47.6,307,21.1,332,27.0,228,31.4,178,100.8,91,50.6,182,24.9,3,31.7,309,34.4,262,69.5,55,70.7,49,17.4,153,16.6,10,94.2,345,93.9,344,100.8,91,97.5,53,75.2,358,-2.4,361,-2.9,360,-1.9,351,-1.9,353,-1.0,290,-1.6,314,1.66,235,36.7,44,72.5,9,2023,0.3145874112342277,18,13,0.5806451612903226,31
212,Massachusetts,A10,15-16,-2.90,100.7,266,103.6,140,70.5,34,+.036,84,-0.55,154,104.1,195,104.7,141,-1.06,190,,A10,70.5,34,100.7,266,46.4,333,20.2,311,34.5,20,32.2,144,103.6,140,50.2,153,19.2,108,27.9,150,32.4,218,70.5,34,70.7,51,16.2,37,17.7,188,100.7,266,98.5,288,103.6,140,101.2,123,77.5,104,+0.4,124,+0.2,142,+0.5,103,+1.5,29,+0.7,109,-0.7,261,1.75,217,46.0,1,21.0,309,2023,0.41909183792091936,15,16,0.4838709677419355,31
335,McNeese St.,Slnd,11-23,-15.63,98.6,299,114.3,342,66.1,232,+.016,142,-6.56,316,102.5,279,109.0,340,+5.94,29,,Slnd,66.1,232,98.6,299,49.0,260,21.6,345,33.3,38,29.2,249,114.3,342,55.0,347,18.5,144,31.1,299,34.9,271,66.1,232,67.6,198,18.3,260,17.0,49,98.6,299,99.2,273,114.3,342,111.3,335,77.0,195,-0.8,300,-1.4,324,-0.2,218,+0.4,118,+0.8,77,+0.1,186,1.67,231,28.0,245,51.9,103,2023,0.15457160078613993,11,23,0.3235294117647059,34
20,Memphis,Amer,26-9,+18.53,114.6,26,96.1,38,71.1,22,-.051,294,+7.27,60,108.2,64,101.0,56,+5.98,26,8,Amer,71.1,22,114.6,26,53.0,51,18.3,196,31.2,93,35.4,65,96.1,38,46.7,26,20.8,52,32.7,330,34.4,261,71.1,22,72.2,24,15.8,18,17.3,107,114.6,26,108.5,63,96.1,38,98.1,62,76.8,221,+0.1,165,-0.0,172,+0.1,152,-0.1,171,-0.4,250,-0.9,278,3.17,11,36.4,51,29.0,262,2023,0.8833633038033986,26,9,0.7428571428571429,35
230,Mercer,SC,14-19,-4.87,99.5,285,104.3,159,64.4,317,-.085,346,-3.57,244,104.2,191,107.7,293,-2.20,232,,SC,64.4,317,99.5,285,48.9,261,18.2,182,30.4,120,28.6,270,104.3,159,48.8,95,17.4,220,27.6,138,35.9,289,64.4,317,64.9,323,18.3,271,18.5,343,99.5,285,100.8,241,104.3,159,102.4,146,77.5,101,+0.5,106,+0.8,91,+0.2,148,+0.9,70,+1.2,57,-0.8,273,1.64,239,37.4,32,41.4,191,2023,0.3677671526308397,14,19,0.42424242424242425,33
309,Merrimack,NEC,18-16,-11.41,89.9,360,101.3,101,66.3,222,+.055,59,-10.83,358,99.3,353,110.1,359,+1.24,119,,NEC,66.3,222,89.9,360,48.3,290,20.7,322,20.5,353,34.6,79,101.3,101,49.1,103,26.0,1,35.6,359,26.9,58,66.3,222,67.2,219,17.5,165,18.0,282,89.9,360,92.2,349,101.3,101,95.2,22,76.2,319,-1.5,340,-1.7,337,-1.2,332,-0.1,210,-0.3,235,-1.2,300,1.90,182,29.6,211,50.2,120,2023,0.20214084097339766,18,16,0.5294117647058824,34
24,Miami FL,ACC,29-8,+17.94,119.1,6,101.2,99,68.8,97,+.027,108,+7.30,59,108.8,46,101.5,62,-2.67,245,5,ACC,68.8,97,119.1,6,54.3,25,16.1,47,31.8,72,30.7,204,101.2,99,51.2,216,18.1,169,28.8,196,24.0,18,68.8,97,69.0,131,17.1,115,17.9,236,119.1,6,114.1,9,101.2,99,103.9,198,76.8,224,-0.7,277,-1.5,327,+0.1,178,+0.1,150,+0.2,152,-0.4,229,2.90,27,23.9,328,47.6,138,2023,0.8667985871122037,29,8,0.7837837837837838,37
268,Miami OH,MAC,12-20,-8.54,103.3,209,111.9,316,66.7,201,-.045,285,-3.19,233,105.1,145,108.3,319,-2.19,231,,MAC,66.7,201,103.3,209,52.0,94,19.7,285,26.7,234,32.1,155,111.9,316,53.7,319,17.8,191,32.6,328,37.1,304,66.7,201,68.9,132,18.2,255,16.6,12,103.3,209,104.8,140,111.9,316,111.8,343,76.3,316,-0.7,278,-1.3,316,-0.1,202,+0.2,140,+1.5,41,-4.3,359,1.77,211,29.9,203,22.7,302,2023,0.28503232220420094,12,20,0.375,32
44,Michigan,B10,18-16,+14.96,112.3,48,97.4,47,67.4,168,-.078,336,+9.53,28,109.8,23,100.3,39,-0.01,160,,B10,67.4,168,112.3,48,51.6,115,15.2,23,25.6,266,30.8,199,97.4,47,47.9,59,14.4,351,25.8,64,25.8,39,67.4,168,67.5,206,17.8,199,17.6,172,112.3,48,106.2,105,97.4,47,101.0,116,78.5,24,+2.3,9,+3.2,5,+1.3,33,+2.0,8,+1.5,40,-1.1,293,1.16,310,25.5,301,27.6,273,2023,0.8371260390709422,18,16,0.5294117647058824,34
26,Michigan St.,B10,21-13,+17.61,114.2,27,96.6,42,64.7,306,+.011,160,+12.57,3,112.1,1,99.5,17,+5.45,36,7,B10,64.7,306,114.2,27,51.7,108,16.4,62,27.6,213,27.2,316,96.6,42,48.6,91,14.8,343,25.2,50,28.0,92,64.7,306,65.4,307,18.4,273,18.3,320,114.2,27,106.7,97,96.6,42,102.0,141,77.7,72,+0.9,66,+0.0,164,+1.9,15,+0.5,107,+0.6,112,+0.2,164,2.14,138,27.7,252,51.7,105,2023,0.872671006508448,21,13,0.6176470588235294,34
116,Middle Tennessee,CUSA,19-14,+4.99,106.6,145,101.6,108,66.8,193,+.027,112,+3.24,101,106.9,100,103.7,108,+1.36,113,,CUSA,66.8,193,106.6,145,51.2,145,19.3,262,31.9,71,29.4,241,101.6,108,51.6,244,21.8,24,29.2,220,34.6,264,66.8,193,66.9,233,17.4,157,18.3,321,106.6,145,103.4,162,101.6,108,102.3,145,77.7,77,-0.4,231,-0.8,267,-0.0,189,+0.9,58,+1.7,28,+1.3,60,1.78,209,30.6,187,66.2,24,2023,0.634706078833233,19,14,0.5757575757575758,33
227,Milwaukee,Horz,22-12,-4.70,102.4,234,107.1,220,72.1,9,+.131,6,-4.81,279,103.4,245,108.2,314,+0.20,154,,Horz,72.1,9,102.4,234,51.4,126,21.4,343,32.6,56,31.9,161,107.1,220,48.2,71,17.6,206,32.8,335,29.3,130,72.1,9,72.2,23,15.7,11,17.7,186,102.4,234,103.3,168,107.1,220,104.1,204,77.1,169,-0.1,189,-0.2,184,+0.0,182,+0.6,100,+0.3,146,-0.5,239,0.62,353,34.4,83,9.7,351,2023,0.3737700081986482,22,12,0.6470588235294118,34
216,Minnesota,B10,9-22,-3.29,102.4,235,105.6,188,65.7,266,+.030,99,+8.56,41,108.3,62,99.8,23,-7.80,345,,B10,65.7,266,102.4,235,49.0,253,19.6,282,25.0,286,30.8,202,105.6,188,50.5,175,14.8,345,30.8,291,24.8,24,65.7,266,65.4,305,18.9,320,17.5,148,102.4,235,95.4,333,105.6,188,107.8,287,78.7,18,+1.2,45,+1.6,38,+0.8,83,+1.9,9,+1.5,37,+2.0,31,2.24,115,31.5,162,18.7,322,2023,0.4124432843817195,9,22,0.2903225806451613,31
122,Mississippi,SEC,12-21,+4.60,106.5,148,101.9,111,66.0,239,-.078,335,+7.33,57,108.1,67,100.8,50,+1.18,124,,SEC,66.0,239,106.5,148,47.5,310,18.2,189,33.3,39,29.2,252,101.9,111,49.5,120,18.0,171,29.9,242,30.3,159,66.0,239,66.6,249,17.9,208,18.0,287,106.5,148,100.8,242,101.9,111,103.4,184,77.7,81,-0.0,174,-0.4,219,+0.4,122,+0.5,116,+0.8,82,+1.8,38,2.03,160,37.3,36,38.2,214,2023,0.6242812234450392,12,21,0.36363636363636365,33
53,Mississippi St.,SEC,21-13,+13.49,104.8,176,91.4,9,63.6,336,-.008,213,+6.98,63,108.0,70,101.0,59,-3.89,277,11,SEC,63.6,336,104.8,176,46.7,328,19.4,264,35.5,14,33.8,99,91.4,9,46.2,17,21.7,26,28.6,186,27.6,78,63.6,336,64.9,322,18.6,290,18.2,308,104.8,176,100.0,256,91.4,9,92.7,7,77.9,62,+1.3,41,+1.7,31,+0.8,79,+1.8,16,-0.8,277,+0.5,141,2.43,82,30.6,189,43.6,174,2023,0.8282528826211841,21,13,0.6176470588235294,34
357,Mississippi Valley St.,SWAC,5-27,-20.19,92.3,355,112.5,327,67.0,182,-.026,256,-4.08,260,101.5,313,105.5,183,+8.58,7,,SWAC,67.0,182,92.3,355,45.4,347,23.5,361,28.6,181,38.0,32,112.5,327,53.3,307,19.5,91,32.4,325,39.8,336,67.0,182,68.3,166,18.2,254,16.8,25,92.3,355,88.9,361,112.5,327,108.9,305,76.6,261,-0.8,281,-1.1,296,-0.3,233,+0.3,131,-0.4,244,-0.9,278,1.02,324,35.5,66,22.0,306,2023,0.09313408120952123,5,27,0.15625,32
57,Missouri,SEC,25-10,+13.07,118.3,9,105.3,180,68.7,102,+.107,10,+7.33,56,107.7,80,100.3,41,-5.09,308,7,SEC,68.7,102,118.3,9,55.0,17,15.8,38,26.3,246,29.1,258,105.3,180,52.3,277,24.0,6,37.2,362,34.2,259,68.7,102,70.0,77,16.4,44,17.7,194,118.3,9,112.1,16,105.3,180,105.8,246,76.4,284,-0.8,287,-0.8,265,-0.8,278,-0.4,245,+0.4,134,-1.7,321,2.97,17,32.2,136,17.8,328,2023,0.7922792101332858,25,10,0.7142857142857143,35
156,Missouri St.,MVC,17-15,+0.89,104.2,187,103.3,137,62.1,355,-.021,244,-1.48,182,103.2,249,104.7,143,+1.21,123,,MVC,62.1,355,104.2,187,50.1,202,19.1,249,33.2,42,27.2,312,103.3,137,49.3,114,18.6,132,26.9,106,30.4,163,62.1,355,62.8,356,19.4,342,18.6,350,104.2,187,102.2,199,103.3,137,100.4,107,77.0,194,-0.3,221,-1.3,305,+0.6,99,+0.9,73,-0.5,255,-0.1,202,1.87,189,37.3,37,16.5,335,2023,0.5249192525126459,17,15,0.53125,32
348,Monmouth,CAA,7-26,-17.45,92.6,354,110.0,282,68.3,128,-.016,235,-1.99,199,103.8,214,105.8,191,+5.70,32,,CAA,68.3,128,92.6,354,43.8,360,21.1,331,30.3,125,33.1,115,110.0,282,54.4,334,21.0,46,32.9,337,38.8,326,68.3,128,68.4,159,17.4,155,17.5,142,92.6,354,90.0,357,110.0,282,109.4,314,77.5,109,+0.1,151,+0.5,118,-0.2,214,+0.4,119,+1.4,52,+0.1,189,0.58,356,35.5,65,18.0,327,2023,0.12129761770299943,7,26,0.21212121212121213,33
164,Montana,BSky,17-14,+0.43,108.6,105,108.2,250,63.5,341,+.017,141,-1.24,175,105.1,146,106.3,215,+2.95,82,,BSky,63.5,341,108.6,105,53.8,35,17.3,106,24.4,307,29.1,255,108.2,250,51.2,214,15.9,310,25.1,44,37.9,314,63.5,341,64.0,342,19.5,346,17.9,247,108.6,105,107.9,76,108.2,250,107.0,271,77.5,99,+1.2,43,+0.6,108,+1.9,16,-0.5,249,-0.2,207,+0.6,129,2.33,98,23.5,332,52.1,98,2023,0.5106072764027024,17,14,0.5483870967741935,31
113,Montana St.,BSky,25-10,+5.49,105.1,169,99.6,77,66.3,221,+.076,34,-0.89,161,106.0,117,106.8,246,+4.17,54,14,BSky,66.3,221,105.1,169,51.0,157,17.8,147,25.7,265,44.0,5,99.6,77,49.8,138,20.1,73,25.4,55,35.1,275,66.3,221,67.2,218,18.3,269,17.4,129,105.1,169,105.0,137,99.6,77,99.4,83,77.3,141,+0.1,163,-0.6,238,+0.8,86,+0.2,132,+0.7,106,+0.0,190,2.63,46,32.8,122,48.1,134,2023,0.6497922855595786,25,10,0.7142857142857143,35
237,Morehead St.,OVC,22-12,-5.61,100.6,267,106.2,201,63.2,345,+.148,2,-5.80,307,102.4,280,108.2,315,+4.31,52,,OVC,63.2,345,100.6,267,49.0,254,18.3,203,26.6,239,34.7,78,106.2,201,49.8,133,15.4,331,24.7,33,27.5,74,63.2,345,65.7,293,19.7,350,16.8,26,100.6,267,100.6,244,106.2,201,103.2,180,76.4,286,-0.8,282,+0.4,129,-1.9,347,-0.7,275,-0.2,207,-0.9,276,1.95,173,25.1,304,22.7,301,2023,0.34910484416290805,22,12,0.6470588235294118,34
315,Morgan St.,MEAC,15-16,-12.20,94.4,343,106.6,209,70.6,30,+.073,37,-5.71,304,101.6,307,107.3,272,+2.11,94,,MEAC,70.6,30,94.4,343,47.8,304,22.0,348,29.8,144,31.0,195,106.6,209,50.7,187,23.8,9,37.6,363,41.8,347,70.6,30,72.8,10,15.7,14,16.9,34,94.4,343,94.8,335,106.6,209,102.3,144,76.0,326,-0.0,182,-0.1,177,-0.0,186,-0.3,233,-2.4,355,-2.4,338,1.55,256,37.4,35,27.9,271,2023,0.19817529510775825,15,16,0.4838709677419355,31
279,Mount St. Mary's,MAAC,13-20,-9.17,96.9,325,106.0,197,65.7,265,+.028,103,-4.15,264,102.3,285,106.4,219,-1.98,219,,MAAC,65.7,265,96.9,325,48.6,276,20.8,323,27.8,207,25.9,335,106.0,197,48.9,100,17.9,179,29.9,244,29.2,127,65.7,265,65.9,287,18.4,275,18.0,265,96.9,325,96.1,323,106.0,197,102.2,143,76.7,247,-0.5,241,-0.4,217,-0.6,267,+0.1,153,+0.8,71,-1.9,328,2.62,47,32.8,120,56.1,68,2023,0.2626510100261764,13,20,0.3939393939393939,33
229,Murray St.,MVC,17-15,-4.86,105.3,164,110.2,288,66.6,203,+.095,15,-1.59,185,103.4,240,105.0,158,-1.60,206,,MVC,66.6,203,105.3,164,49.0,256,16.3,53,27.5,215,33.2,114,110.2,288,51.8,256,15.6,321,27.4,133,24.4,20,66.6,203,66.9,234,17.6,172,18.0,280,105.3,164,103.1,174,110.2,288,107.8,288,76.9,214,-0.8,293,-1.6,331,-0.1,190,-0.8,286,+0.2,151,+1.2,75,1.79,208,25.3,302,12.7,345,2023,0.37213698401855444,17,15,0.53125,32
52,N.C. State,ACC,23-11,+13.55,113.6,35,100.0,82,69.0,91,+.020,131,+5.50,78,108.5,54,103.0,93,-5.02,306,11,ACC,69.0,91,113.6,35,51.4,124,13.3,2,30.4,121,25.3,340,100.0,82,49.8,132,18.9,123,26.2,79,34.0,256,69.0,91,69.8,88,16.8,83,17.7,201,113.6,35,110.7,30,100.0,82,101.3,129,77.0,191,+0.8,77,+0.4,130,+1.3,37,-1.2,326,-0.6,259,-0.1,201,2.64,43,26.9,271,36.4,233,2023,0.8125100719447911,23,11,0.6764705882352942,34
330,NJIT,AE,7-23,-14.49,97.2,322,111.7,315,66.2,229,-.061,315,-5.37,293,102.8,264,108.2,317,-4.87,303,,AE,66.2,229,97.2,322,48.3,292,16.0,46,23.4,326,28.2,283,111.7,315,52.3,278,14.9,341,29.1,216,27.9,91,66.2,229,66.3,265,18.8,314,17.2,77,97.2,322,98.3,292,111.7,315,108.9,306,77.1,183,-0.0,175,+0.1,154,-0.1,208,-0.7,276,+0.4,137,+0.4,151,1.70,224,34.3,86,38.8,207,2023,0.16811737793405337,7,23,0.23333333333333334,30
179,Navy,Pat,18-13,-0.71,103.7,199,104.4,161,64.4,316,-.038,276,-6.97,324,101.4,316,108.3,322,-1.52,203,,Pat,64.4,316,103.7,199,51.5,123,17.3,116,29.9,134,23.7,353,104.4,161,50.4,168,19.5,92,28.0,160,30.0,146,64.4,316,64.7,333,18.2,256,18.5,346,103.7,199,105.1,133,104.4,161,100.1,92,75.6,348,-1.4,335,-1.6,332,-1.2,331,-1.2,328,-1.8,334,-1.4,310,1.58,247,32.1,142,44.8,164,2023,0.48066790634446627,18,13,0.5806451612903226,31
94,Nebraska,B10,16-16,+7.61,106.5,149,98.8,69,67.0,184,+.053,62,+10.29,21,110.2,15,100.0,30,+2.04,96,,B10,67.0,184,106.5,149,51.7,105,18.6,219,24.7,298,28.2,286,98.8,69,49.9,144,17.7,202,28.3,173,21.9,6,67.0,184,67.3,212,17.1,117,18.4,329,106.5,149,99.8,261,98.8,69,102.7,160,77.7,85,+0.3,131,+0.4,128,+0.2,137,+0.6,105,+0.8,72,+0.8,105,2.05,154,35.6,61,34.9,239,2023,0.7032964230928443,16,16,0.5,32
318,Nebraska Omaha,Sum,9-23,-12.96,100.0,279,113.0,332,67.7,156,+.002,188,-1.77,193,104.4,176,106.2,209,+7.97,11,,Sum,67.7,156,100.0,279,48.5,281,18.5,215,24.2,312,29.6,234,113.0,332,53.2,305,15.8,313,28.9,204,33.4,235,67.7,156,68.1,174,17.7,185,17.6,155,100.0,279,98.6,285,113.0,332,111.7,340,77.6,90,-0.0,179,-0.3,192,+0.2,143,+1.2,50,+0.5,124,+1.1,79,0.62,352,36.5,50,28.9,263,2023,0.19694435574276742,9,23,0.28125,32
62,Nevada,MWC,22-11,+12.74,111.8,58,99.1,71,65.9,246,+.033,92,+6.98,62,108.6,50,101.7,66,+3.34,72,11,MWC,65.9,246,111.8,58,50.7,174,15.3,27,22.8,333,39.1,24,99.1,71,49.8,134,18.5,147,24.9,39,31.8,204,65.9,246,66.2,271,17.4,158,18.5,345,111.8,58,106.5,102,99.1,71,100.8,110,78.7,17,+0.8,76,+1.6,35,+0.1,157,+0.9,58,+2.4,10,+2.9,9,2.11,144,22.6,338,44.5,167,2023,0.8000639942089364,22,11,0.6666666666666666,33
284,New Hampshire,AE,15-15,-9.36,97.4,319,106.7,214,64.1,329,+.050,65,-6.00,309,102.0,294,108.0,309,-5.02,305,,AE,64.1,329,97.4,319,45.8,342,15.0,16,26.1,252,29.6,236,106.7,214,49.1,105,16.2,299,27.4,130,30.2,153,64.1,329,65.5,303,18.4,272,18.0,275,97.4,319,98.1,295,106.7,214,103.0,170,76.7,253,-0.7,276,-0.5,226,-0.9,298,-0.6,264,+0.4,140,-0.5,240,1.83,201,26.3,283,14.6,341,2023,0.25946676409118674,15,15,0.5,30
66,New Mexico,MWC,22-12,+12.26,114.7,24,102.5,120,71.6,17,-.030,263,+4.81,84,107.4,89,102.6,80,-1.02,188,,MWC,71.6,17,114.7,24,52.6,68,15.6,32,27.9,202,39.1,25,102.5,120,50.5,173,17.5,212,27.3,121,28.5,106,71.6,17,71.8,33,15.9,23,17.8,214,114.7,24,110.7,29,102.5,120,103.0,173,76.4,285,-0.1,196,-0.9,273,+0.6,98,-1.3,335,-1.2,311,-0.4,234,2.40,85,21.0,348,58.0,58,2023,0.7846981448229509,22,12,0.6470588235294118,34
187,New Mexico St.,WAC,9-15,-1.16,105.6,161,106.7,213,69.1,77,-.088,347,+3.66,96,105.7,126,102.0,73,+3.92,60,,WAC,69.1,77,105.6,161,50.2,198,18.3,205,27.0,229,34.7,76,106.7,213,53.6,318,19.1,114,26.6,91,37.0,302,69.1,77,70.6,55,16.7,72,17.2,81,105.6,161,100.8,240,106.7,213,106.7,268,78.1,39,+0.3,137,-0.4,220,+1.0,65,+1.6,22,+1.6,33,+1.5,51,1.71,223,31.8,152,3.6,355,2023,0.47024219724376787,9,15,0.375,24
332,New Orleans,Slnd,12-20,-15.06,97.7,312,112.8,330,71.2,21,-.010,220,-8.78,349,102.1,292,110.8,362,+1.30,117,,Slnd,71.2,21,97.7,312,52.7,62,23.6,362,29.8,145,36.5,50,112.8,330,54.1,329,20.2,69,32.7,331,39.9,338,71.2,21,72.3,21,16.8,75,16.4,2,97.7,312,100.6,246,112.8,330,110.0,321,76.4,292,+0.2,148,+0.1,148,+0.2,145,-0.8,290,-1.4,323,-1.5,311,1.52,264,38.6,14,37.6,223,2023,0.16074167660828695,12,20,0.375,32
259,Niagara,MAAC,16-15,-7.29,100.8,263,108.1,247,63.1,346,+.092,17,-4.92,284,101.9,300,106.8,245,-5.16,309,,MAAC,63.1,346,100.8,263,50.3,190,18.6,223,26.5,241,30.0,223,108.1,247,49.8,140,17.0,245,28.6,183,33.5,241,63.1,346,63.4,349,20.0,356,17.9,239,100.8,263,100.4,250,108.1,247,104.0,200,77.0,197,-0.7,271,-1.2,297,-0.2,217,-0.5,256,-0.2,207,+1.6,46,1.89,184,28.4,239,30.1,258,2023,0.3091574504246704,16,15,0.5161290322580645,31
263,Nicholls St.,Slnd,16-15,-8.10,99.0,290,107.1,221,70.4,36,+.023,123,-6.34,313,103.4,243,109.7,352,+13.29,2,,Slnd,70.4,36,99.0,290,50.3,191,18.5,217,29.3,156,27.6,299,107.1,221,52.5,285,23.7,10,33.7,349,47.6,362,70.4,36,71.9,29,15.9,24,17.3,96,99.0,290,101.1,233,107.1,221,104.8,226,76.5,269,-1.1,320,-1.8,342,-0.5,249,-0.5,257,+0.4,132,-0.3,220,2.04,159,36.6,47,50.4,118,2023,0.2881479637837294,16,15,0.5161290322580645,31
194,Norfolk St.,MEAC,22-11,-1.53,107.1,134,108.7,260,65.1,286,+.065,49,-7.94,336,100.0,343,108.0,307,-1.92,218,,MEAC,65.1,286,107.1,134,52.2,84,19.8,287,33.4,33,39.5,20,108.7,260,50.2,156,19.0,118,30.6,282,36.3,292,65.1,286,67.4,208,18.2,252,17.6,167,107.1,134,107.8,79,108.7,260,104.2,208,77.2,154,-0.4,228,-0.6,243,-0.1,206,+0.6,97,+0.6,113,+0.3,159,2.23,119,34.1,91,73.5,8,2023,0.4574701694860502,22,11,0.6666666666666666,33
256,North Alabama,ASun,18-15,-7.21,103.8,198,111.0,302,68.5,114,+.120,8,-2.33,208,104.3,184,106.6,233,-0.26,167,,ASun,68.5,114,103.8,198,50.7,175,15.8,37,23.1,329,30.1,216,111.0,302,52.1,270,15.1,340,27.9,152,31.8,206,68.5,114,69.1,121,16.9,90,17.5,149,103.8,198,102.9,179,111.0,302,109.3,313,76.3,303,-0.1,184,+0.1,159,-0.2,213,-0.8,292,-1.8,335,-0.9,278,1.45,281,30.7,182,46.1,155,2023,0.3162112219613429,18,15,0.5454545454545454,33
43,North Carolina,ACC,20-13,+15.01,112.2,51,97.2,46,68.8,99,-.072,327,+7.68,50,109.2,41,101.5,61,+6.63,20,,ACC,68.8,99,112.2,51,49.2,242,15.2,25,30.4,119,37.0,42,97.2,46,48.7,92,14.8,344,23.3,12,26.3,47,68.8,99,69.4,107,17.0,111,17.6,164,112.2,51,107.7,80,97.2,46,100.3,96,78.5,23,+2.4,7,+1.7,31,+3.0,2,+2.2,4,+0.6,115,-0.6,251,2.94,24,18.3,360,69.2,15,2023,0.8389439204344725,20,13,0.6060606060606061,33
319,North Carolina A&T,CAA,13-19,-13.02,98.1,305,111.1,308,69.8,45,+.054,61,-4.24,267,102.0,293,106.3,214,+4.75,45,,CAA,69.8,45,98.1,305,47.4,316,17.5,130,24.7,299,30.0,219,111.1,308,50.6,179,15.7,318,30.2,261,28.5,108,69.8,45,69.7,91,16.3,41,17.9,249,98.1,305,97.0,308,111.1,308,107.7,285,77.1,179,-0.6,260,-0.8,256,-0.5,258,+0.4,117,+0.4,138,+0.5,137,1.53,262,29.1,225,42.7,180,2023,0.19292761469760983,13,19,0.40625,32
186,North Carolina Central,MEAC,18-12,-1.15,100.7,265,101.9,112,67.7,153,-.058,309,-6.14,311,100.8,334,106.9,249,+4.86,42,,MEAC,67.7,153,100.7,265,50.9,159,22.6,353,32.3,59,34.2,93,101.9,112,48.9,98,21.6,29,29.6,236,35.5,284,67.7,153,69.0,128,17.2,127,17.4,125,100.7,265,101.3,227,101.9,112,97.0,47,76.7,231,+1.0,60,+1.8,27,+0.1,151,-1.9,354,-1.2,311,-0.6,249,2.47,72,29.9,201,58.0,59,2023,0.46599492085776845,18,12,0.6,30
269,North Dakota,Sum,13-20,-8.54,103.0,218,111.5,314,67.1,178,-.027,257,-3.91,255,103.8,211,107.7,292,-0.42,172,,Sum,67.1,178,103.0,218,51.0,154,16.7,75,25.6,268,27.3,310,111.5,314,53.5,314,15.5,327,27.3,120,28.0,93,67.1,178,67.7,189,18.0,221,17.4,116,103.0,218,103.3,166,111.5,314,109.9,317,78.0,54,+0.4,118,-0.3,192,+1.0,64,+0.2,139,+0.8,82,+2.8,10,1.09,319,31.2,172,46.1,156,2023,0.28661131227942455,13,20,0.3939393939393939,33
220,North Dakota St.,Sum,16-17,-3.64,104.1,191,107.7,238,68.0,139,+.007,164,-2.19,204,105.6,131,107.8,298,+6.54,22,,Sum,68.0,139,104.1,191,51.7,110,16.9,86,24.5,306,32.2,145,107.7,238,50.8,195,12.4,363,22.7,8,27.1,65,68.0,139,69.2,118,17.6,178,17.2,84,104.1,191,104.3,149,107.7,238,107.4,280,77.5,105,+1.5,34,+1.5,46,+1.5,25,-0.3,234,+0.1,176,-0.5,242,0.81,346,35.2,71,26.3,278,2023,0.4034832134906693,16,17,0.48484848484848486,33
231,North Florida,ASun,14-17,-4.89,109.7,90,114.6,346,67.8,144,+.012,154,-1.52,184,105.2,140,106.7,240,+5.53,35,,ASun,67.8,144,109.7,90,53.3,45,17.3,115,26.2,250,28.4,272,114.6,346,52.4,282,14.0,357,32.9,336,23.5,12,67.8,144,68.4,158,16.9,92,17.8,222,109.7,90,107.3,86,114.6,346,113.4,354,77.2,163,+0.1,159,+0.1,153,+0.1,157,-0.2,213,+0.0,178,+0.4,149,2.46,74,27.8,249,72.2,10,2023,0.37694581817095923,14,17,0.45161290322580644,31
31,North Texas,CUSA,31-7,+16.89,111.0,70,94.1,18,59.1,363,+.071,41,+3.08,105,106.0,116,102.9,88,+1.23,121,,CUSA,59.1,363,111.0,70,51.2,139,19.8,286,33.4,36,31.0,196,94.1,18,44.6,7,20.0,75,28.6,185,40.3,339,59.1,363,59.5,363,21.3,363,18.5,342,111.0,70,107.1,91,94.1,18,93.6,10,76.7,240,-0.3,212,-0.2,186,-0.4,234,-0.1,200,+0.1,170,-1.3,305,1.97,169,29.2,223,47.2,143,2023,0.8698326355917385,31,7,0.8157894736842105,38
310,Northeastern,CAA,10-20,-11.57,97.8,311,109.3,267,66.7,197,-.006,209,-4.12,262,102.3,283,106.4,221,-1.55,204,,CAA,66.7,197,97.8,311,48.0,298,21.3,337,31.7,74,27.8,297,109.3,267,50.1,150,14.4,350,26.9,107,31.7,199,66.7,197,67.1,223,18.1,240,17.5,152,97.8,311,96.6,314,109.3,267,105.9,247,78.0,53,-0.6,255,-1.3,314,+0.1,157,+1.7,18,+2.3,11,+1.9,34,1.59,245,44.0,5,41.7,186,2023,0.21780976932560997,10,20,0.3333333333333333,30
213,Northern Arizona,BSky,12-23,-2.97,107.7,123,110.7,296,66.7,196,-.084,344,+0.83,128,106.3,106,105.4,178,+8.39,9,,BSky,66.7,196,107.7,123,50.5,185,15.9,40,26.9,233,27.4,307,110.7,296,55.3,352,17.2,233,25.6,62,38.7,324,66.7,196,67.7,194,18.1,232,17.4,128,107.7,123,105.5,126,110.7,296,110.6,328,76.7,246,-0.5,245,-1.3,305,+0.2,147,+0.5,113,+0.9,68,-2.3,335,2.27,108,27.9,246,49.6,123,2023,0.42166211918936924,12,23,0.34285714285714286,35
222,Northern Colorado,BSky,12-20,-3.82,107.3,130,111.1,306,69.4,64,-.010,221,-0.67,158,105.6,132,106.2,212,+4.82,43,,BSky,69.4,64,107.3,130,52.4,73,17.5,125,24.3,310,31.4,177,111.1,306,53.1,302,14.0,356,27.0,110,31.7,202,69.4,64,69.4,105,16.9,85,17.7,189,107.3,130,105.4,130,111.1,306,111.1,333,77.8,66,+0.6,96,+1.0,81,+0.2,146,+0.5,114,+0.8,81,+1.3,58,2.20,124,26.8,275,48.8,125,2023,0.40125863304067105,12,20,0.375,32
250,Northern Illinois,MAC,13-19,-6.56,100.6,268,107.1,223,69.1,83,-.016,234,-2.32,207,104.7,162,107.0,259,+2.62,89,,MAC,69.1,83,100.6,268,52.2,85,20.3,314,25.0,290,34.3,88,107.1,223,50.7,188,18.6,137,32.8,334,35.8,287,69.1,83,70.4,62,17.0,102,16.9,41,100.6,268,100.3,252,107.1,223,105.8,245,76.4,283,-0.0,178,-0.2,188,+0.1,149,+0.2,145,-1.7,329,-1.7,323,1.17,309,29.8,206,42.3,183,2023,0.3273878570748212,13,19,0.40625,32
223,Northern Iowa,MVC,14-18,-3.83,102.7,223,106.6,208,67.6,161,-.018,238,-1.91,196,103.6,228,105.5,181,-2.08,225,,MVC,67.6,161,102.7,223,51.3,136,17.7,143,22.6,339,31.1,191,106.6,208,53.8,320,18.3,158,22.4,5,26.5,52,67.6,161,67.6,201,17.7,184,17.6,173,102.7,223,101.4,225,106.6,208,103.8,195,76.5,282,-1.4,333,-1.8,343,-0.9,298,+0.6,102,+0.4,141,-1.3,307,0.89,340,23.7,331,19.1,319,2023,0.39445566247188174,14,18,0.4375,32
160,Northern Kentucky,Horz,22-13,+0.65,102.8,222,102.2,115,62.0,356,+.046,72,-3.56,243,104.3,183,107.9,303,+4.03,56,16,Horz,62.0,356,102.8,222,49.1,250,17.3,117,31.6,85,26.9,320,102.2,115,51.3,227,23.4,11,33.0,338,30.5,167,62.0,356,63.1,354,18.6,295,19.1,363,102.8,222,103.8,157,102.2,115,100.4,105,76.5,277,-0.8,292,-0.5,225,-1.1,319,-0.7,269,-1.0,294,+0.4,145,2.40,86,26.1,287,66.8,19,2023,0.5168229638958473,22,13,0.6285714285714286,35
38,Northwestern,B10,22-12,+15.59,109.9,88,94.3,22,64.4,315,+.025,117,+9.29,31,109.3,37,100.1,33,-4.28,291,7,B10,64.4,315,109.9,88,47.3,320,14.7,11,28.5,186,29.7,233,94.3,22,48.4,82,21.3,35,27.7,142,31.6,198,64.4,315,65.0,318,18.8,310,18.0,278,109.9,88,103.4,163,94.3,22,96.5,38,77.7,80,+1.1,52,+1.3,60,+0.9,74,-0.4,243,-0.1,191,+1.2,69,2.46,73,26.1,286,53.5,83,2023,0.8532761799390366,22,12,0.6470588235294118,34
215,Northwestern St.,Slnd,22-11,-3.28,105.7,158,109.0,263,66.5,213,+.085,22,-8.10,337,101.9,296,110.0,358,+2.23,91,,Slnd,66.5,213,105.7,158,51.3,133,17.3,105,33.3,41,27.2,313,109.0,263,51.0,203,21.0,41,33.6,346,38.7,323,66.5,213,68.3,167,17.7,190,17.3,103,105.7,158,108.1,71,109.0,263,104.7,223,76.3,308,-1.6,346,-1.2,300,-2.0,355,-1.2,329,-0.5,257,+1.1,79,1.39,289,23.7,330,8.1,352,2023,0.4125231834477681,22,11,0.6666666666666666,33
166,Notre Dame,ACC,11-21,+0.40,108.8,104,108.4,255,64.8,304,-.066,319,+3.34,99,107.4,87,104.1,121,-3.95,281,,ACC,64.8,304,108.8,104,52.0,95,13.4,4,19.6,357,23.3,357,108.4,255,52.1,268,13.6,360,26.5,86,26.5,54,64.8,304,65.4,306,19.0,324,17.7,179,108.8,104,106.0,110,108.4,255,109.6,315,78.1,41,+0.2,147,+0.6,113,-0.2,219,+0.2,142,+1.6,35,+3.1,5,3.67,3,19.5,352,54.4,79,2023,0.5105877476249641,11,21,0.34375,32
272,Oakland,Horz,13-19,-8.87,103.4,206,112.3,324,68.3,127,+.046,73,-2.80,224,104.2,186,107.0,264,+5.05,40,,Horz,68.3,127,103.4,206,49.1,249,15.1,20,24.2,313,31.6,167,112.3,324,54.8,344,18.7,129,32.7,332,22.5,7,68.3,127,69.0,124,17.6,175,17.4,131,103.4,206,103.3,169,112.3,324,110.4,325,75.6,351,-1.9,356,-1.8,344,-2.0,356,-1.3,336,-0.8,278,-1.6,315,2.60,52,18.6,357,60.3,40,2023,0.27897686916513686,13,19,0.40625,32
133,Ohio,MAC,19-14,+3.12,110.5,79,107.4,230,68.3,126,-.038,274,-2.64,219,105.3,136,107.9,304,-0.38,170,,MAC,68.3,126,110.5,79,52.4,76,16.2,51,32.8,51,27.5,304,107.4,230,51.6,242,17.6,208,28.9,202,33.9,251,68.3,126,69.6,96,16.8,78,17.6,154,110.5,79,111.6,19,107.4,230,106.2,258,76.1,323,-0.3,216,-0.3,207,-0.3,227,-1.7,349,-1.9,338,-0.7,257,2.33,99,37.3,38,29.4,259,2023,0.581086798156898,19,14,0.5757575757575758,33
49,Ohio St.,B10,16-19,+14.11,115.7,19,101.6,106,65.9,247,-.120,361,+11.18,9,110.2,14,99.1,9,-2.53,241,,B10,65.9,247,115.7,19,52.0,89,16.1,50,31.5,88,26.6,326,101.6,106,48.9,97,15.9,308,28.6,184,28.1,96,65.9,247,65.9,283,18.5,279,17.9,245,115.7,19,109.3,49,101.6,106,104.4,215,77.4,118,-0.6,253,-0.3,204,-0.9,298,+0.5,109,+0.8,69,+1.6,48,2.37,90,33.3,112,12.4,346,2023,0.8167537311429481,16,19,0.45714285714285713,35
54,Oklahoma,B12,15-17,+13.41,110.8,74,97.4,48,65.2,285,-.044,284,+12.75,2,109.8,22,97.1,1,+3.66,66,,B12,65.2,285,110.8,74,52.4,77,20.0,300,23.7,323,30.1,218,97.4,48,48.0,65,15.5,326,27.2,117,30.1,151,65.2,285,66.4,261,18.1,238,17.8,230,110.8,74,101.5,223,97.4,48,100.8,109,77.5,108,+0.6,97,+0.7,100,+0.5,109,-0.2,215,+0.1,171,+1.1,79,2.25,111,29.4,214,46.2,154,2023,0.8149282495950342,15,17,0.46875,32
46,Oklahoma St.,B12,20-16,+14.69,106.6,146,91.9,12,67.4,167,-.020,243,+11.32,8,110.3,12,99.0,6,+0.46,145,,B12,67.4,167,106.6,146,48.8,266,20.6,320,32.6,55,32.5,134,91.9,12,45.6,12,18.8,125,28.2,167,30.4,165,67.4,167,68.1,175,17.5,163,17.8,216,106.6,146,99.7,264,91.9,12,96.0,30,77.7,76,+1.6,29,+1.8,30,+1.4,29,-0.1,199,-0.3,236,+0.3,156,2.44,78,35.8,59,43.2,176,2023,0.8463685755602438,20,16,0.5555555555555556,36
177,Old Dominion,SB,19-12,-0.64,103.0,215,103.7,142,64.8,301,+.099,12,-0.90,162,103.9,209,104.8,147,-1.77,210,,SB,64.8,301,103.0,215,46.4,332,17.1,95,32.8,50,36.2,53,103.7,142,48.3,76,17.7,196,29.0,212,34.7,268,64.8,301,65.5,300,18.3,261,18.0,284,103.0,215,101.3,229,103.7,142,101.3,126,77.1,187,-0.5,237,-1.0,287,+0.1,157,+0.1,149,+1.0,65,-0.2,213,1.64,238,33.5,108,26.4,277,2023,0.48053709898452696,19,12,0.6129032258064516,31
72,Oral Roberts,Sum,30-5,+11.65,113.9,32,102.2,116,70.2,40,+.110,9,-4.02,259,103.8,218,107.8,299,+7.06,15,12,Sum,70.2,40,113.9,32,55.4,9,13.2,1,24.5,304,24.2,350,102.2,116,48.6,89,17.4,218,27.7,143,21.7,5,70.2,40,70.5,56,16.0,31,17.9,262,113.9,32,115.3,4,102.2,116,99.5,85,77.2,155,+1.8,15,+4.5,3,-0.9,289,-0.1,191,-2.0,341,-0.8,275,2.91,26,22.4,341,65.9,28,2023,0.7766891945571016,30,5,0.8571428571428571,35
42,Oregon,P12,21-15,+15.13,112.9,42,97.8,53,66.6,205,-.024,253,+9.06,33,108.3,63,99.2,13,+5.96,28,,P12,66.6,205,112.9,42,51.1,147,18.3,201,32.6,57,32.0,158,97.8,53,47.1,39,16.4,288,26.4,81,23.9,16,66.6,205,66.6,253,17.9,217,18.1,306,112.9,42,106.1,107,97.8,53,99.5,86,79.0,5,+2.4,6,+2.5,11,+2.3,7,+1.2,43,+1.7,29,+1.9,32,2.21,123,35.5,64,48.0,135,2023,0.8390458460529865,21,15,0.5833333333333334,36
214,Oregon St.,P12,11-21,-3.22,99.9,281,103.1,134,63.6,338,+.015,146,+6.59,66,107.1,96,100.5,45,-7.14,332,,P12,63.6,338,99.9,281,46.5,331,20.8,325,25.3,282,33.9,97,103.1,134,49.6,126,18.2,167,30.6,283,33.9,249,63.6,338,64.7,330,18.8,311,18.4,330,99.9,281,93.6,347,103.1,134,103.6,189,78.2,36,+0.8,78,-0.1,180,+1.8,19,+1.2,51,+1.4,46,+1.2,67,0.85,343,33.5,105,21.0,310,2023,0.4103323549056434,11,21,0.34375,32
192,Pacific,WCC,15-18,-1.38,107.9,118,109.3,266,69.5,61,+.043,75,+1.40,124,106.9,101,105.5,180,-4.01,283,,WCC,69.5,61,107.9,118,52.7,64,16.3,54,23.1,330,33.1,116,109.3,266,54.0,326,18.0,175,31.5,304,36.4,293,69.5,61,70.8,41,16.7,71,17.4,115,107.9,118,105.9,114,109.3,266,109.7,316,77.0,201,-0.7,269,-1.1,289,-0.3,230,-0.1,172,+0.1,173,+0.7,115,1.93,176,43.0,6,28.6,266,2023,0.4630046063551314,15,18,0.45454545454545453,33
126,Penn,Ivy,17-13,+3.72,110.5,80,106.8,216,66.8,191,-.003,205,-0.16,141,104.7,159,104.9,152,-0.72,181,,Ivy,66.8,191,110.5,80,53.3,46,18.9,235,30.1,131,29.5,237,106.8,216,49.3,113,14.9,342,27.9,155,31.2,186,66.8,191,67.8,186,18.1,231,17.3,108,110.5,80,108.0,73,106.8,216,104.9,227,77.1,172,-0.6,259,-0.5,221,-0.8,284,+0.5,115,+0.3,149,+0.8,112,1.61,243,31.6,159,73.7,6,2023,0.5966828087068219,17,13,0.5666666666666667,30
36,Penn St.,B10,23-14,+16.04,117.2,13,101.1,96,64.3,320,-.003,204,+10.08,24,109.5,33,99.4,15,-4.90,304,10,B10,64.3,320,117.2,13,55.4,10,13.7,7,19.2,360,21.3,361,101.1,96,49.1,108,13.1,362,25.6,60,25.5,35,64.3,320,64.4,336,18.9,316,18.3,326,117.2,13,110.3,37,101.1,96,104.3,209,76.7,250,-1.3,330,-1.4,318,-1.3,334,-0.6,260,+0.7,108,+0.5,138,4.09,1,24.5,315,47.5,140,2023,0.8454531067054346,23,14,0.6216216216216216,37
188,Pepperdine,WCC,9-22,-1.20,105.0,171,106.2,202,72.1,11,-.140,363,+4.65,86,109.1,42,104.5,132,+2.67,88,,WCC,72.1,11,105.0,171,52.0,90,18.4,208,26.0,255,26.7,325,106.2,202,52.5,288,16.6,270,30.4,270,32.6,222,72.1,11,73.7,5,15.4,7,17.3,111,105.0,171,102.5,192,106.2,202,109.2,311,78.7,14,+1.7,19,+1.5,49,+2.0,13,+1.4,37,+1.8,20,+1.6,45,1.11,317,24.4,318,52.2,95,2023,0.46737561089903096,9,22,0.2903225806451613,31
59,Pittsburgh,ACC,24-12,+12.86,114.2,29,101.3,103,67.3,171,+.031,98,+5.10,81,108.2,66,103.1,95,-2.73,249,11,ACC,67.3,171,114.2,29,52.5,70,16.3,60,29.5,151,32.9,124,101.3,103,48.5,83,16.6,276,28.6,189,30.4,164,67.3,171,68.1,176,17.4,151,17.9,241,114.2,29,110.5,32,101.3,103,102.6,153,77.4,129,+1.2,42,+2.0,20,+0.4,112,-0.8,279,+0.2,157,-0.3,223,3.03,13,25.8,295,20.7,312,2023,0.7987413353960094,24,12,0.6666666666666666,36
157,Portland,WCC,14-19,+0.86,110.6,77,109.8,276,68.9,92,-.056,301,+3.80,93,108.0,71,104.2,127,+0.25,153,,WCC,68.9,92,110.6,77,53.7,36,18.1,174,24.3,311,43.2,6,109.8,276,54.5,335,16.9,248,30.3,263,27.7,83,68.9,92,70.8,42,16.9,88,17.2,87,110.6,77,107.3,88,109.8,276,111.1,332,77.6,89,+0.2,145,-0.5,224,+0.8,81,+1.1,52,+0.8,75,+0.5,133,2.29,105,34.2,88,64.8,30,2023,0.5208591212312305,14,19,0.42424242424242425,33
239,Portland St.,BSky,12-19,-5.84,102.7,226,108.5,257,72.2,8,+.008,163,-0.39,148,105.7,130,106.0,202,+4.76,44,,BSky,72.2,8,102.7,226,49.6,221,16.8,79,24.0,316,34.8,74,108.5,257,55.0,348,21.3,33,31.4,301,46.6,360,72.2,8,72.1,25,15.2,4,18.1,300,102.7,226,102.2,200,108.5,257,108.3,297,76.4,294,-1.5,342,-1.7,334,-1.3,335,-1.1,307,-0.0,184,+0.6,130,2.26,110,31.7,156,14.3,343,2023,0.34710530541076423,12,19,0.3870967741935484,31
271,Prairie View A&M,SWAC,13-19,-8.72,93.9,348,102.6,124,67.7,155,-.061,313,-6.60,318,100.1,341,106.7,236,+5.12,39,,SWAC,67.7,155,93.9,348,44.8,355,19.6,283,31.7,78,33.0,119,102.6,124,48.2,74,21.2,36,28.7,192,41.8,346,67.7,155,68.9,133,17.9,211,17.1,63,93.9,348,94.0,343,102.6,124,97.2,49,76.6,264,-1.3,331,-1.8,340,-0.9,292,-0.1,172,-0.2,205,+0.4,146,2.14,137,45.0,2,24.8,290,2023,0.26522480951298516,13,19,0.40625,32
344,Presbyterian,BSth,5-27,-16.96,93.8,351,110.7,297,64.5,312,-.104,354,-4.90,283,103.2,251,108.1,311,-4.13,286,,BSth,64.5,312,93.8,351,47.3,319,20.8,326,29.8,140,36.5,49,110.7,297,54.0,324,18.4,152,29.5,234,39.1,330,64.5,312,64.7,332,18.5,285,18.4,336,93.8,351,94.7,336,110.7,297,108.1,294,76.8,229,-0.7,279,-0.9,271,-0.6,262,-1.1,307,+0.8,82,+0.1,185,1.58,249,30.1,196,52.2,97,2023,0.12953478848751507,5,27,0.15625,32
91,Princeton,Ivy,23-9,+8.04,109.5,97,101.5,105,66.9,187,+.027,114,-0.43,149,104.6,168,105.0,157,-4.86,301,15,Ivy,66.9,187,109.5,97,52.2,83,16.5,65,28.1,196,30.4,213,101.5,105,48.4,80,14.6,348,22.6,7,28.1,99,66.9,187,68.2,172,18.2,249,16.9,36,109.5,97,107.9,74,101.5,105,99.8,90,77.4,119,-0.5,234,-0.8,263,-0.1,201,+0.1,148,+0.8,82,+1.7,40,1.13,312,24.1,324,44.1,170,2023,0.7052565112389135,23,9,0.71875,32
40,Providence,BE,21-12,+15.39,116.2,18,100.8,92,66.7,202,-.018,237,+7.60,53,108.6,53,101.0,55,-8.75,352,11,BE,66.7,202,116.2,18,51.1,146,16.9,84,34.7,16,36.3,52,100.8,92,49.7,130,16.9,255,27.2,118,25.4,29,66.7,202,68.2,169,17.8,202,17.4,117,116.2,18,111.0,24,100.8,92,102.5,150,76.5,279,+0.1,149,+0.1,156,+0.2,139,-1.8,352,-0.2,207,-1.2,296,2.26,109,27.4,260,25.6,282,2023,0.8368543418177211,21,12,0.6363636363636364,33
7,Purdue,B10,29-6,+23.24,117.7,12,94.5,24,64.2,324,+.021,129,+9.17,32,110.1,20,100.9,53,+0.71,138,1,B10,64.2,324,117.7,12,51.8,102,17.2,100,38.4,3,37.2,37,94.5,24,47.2,40,15.4,330,23.5,14,19.2,1,64.2,324,64.2,340,19.2,335,18.1,297,117.7,12,112.8,13,94.5,24,97.5,54,78.6,21,+3.4,1,+5.5,1,+1.4,30,+0.8,79,+0.4,126,-0.7,259,1.44,282,31.7,155,37.3,226,2023,0.9258553822168157,29,6,0.8285714285714286,35
240,Purdue Fort Wayne,Horz,17-15,-5.99,100.5,269,106.5,206,69.0,90,+.023,121,-5.23,289,103.2,250,108.5,327,-1.86,214,,Horz,69.0,90,100.5,269,50.5,181,18.9,241,27.1,226,28.7,269,106.5,206,51.9,262,17.7,201,26.1,77,23.0,9,69.0,90,69.9,80,17.3,138,17.1,62,100.5,269,101.8,214,106.5,206,103.0,169,75.8,339,-0.2,198,-0.5,231,+0.2,142,-0.3,229,-0.7,268,-4.9,363,3.71,2,24.8,310,73.6,7,2023,0.33920176071780184,17,15,0.53125,32
203,Queens,ASun,18-15,-2.35,107.1,137,109.5,268,69.9,44,+.003,185,-2.66,220,104.0,199,106.7,235,-3.37,263,,ASun,69.9,44,107.1,137,51.2,141,17.6,140,29.7,146,35.9,57,109.5,268,53.0,300,15.7,319,26.1,76,25.4,33,69.9,44,70.5,61,16.6,61,17.4,130,107.1,137,107.3,87,109.5,268,107.4,279,75.8,341,-1.6,347,-1.4,322,-1.8,345,-1.3,331,-1.2,311,-0.7,264,0.06,362,24.7,311,0.0,0,2023,0.43662812452346816,18,15,0.5454545454545454,33
189,Quinnipiac,MAAC,20-12,-1.29,104.0,192,105.3,182,69.5,54,+.007,166,-5.63,301,100.8,332,106.4,220,-3.46,265,,MAAC,69.5,54,104.0,192,50.0,210,18.1,179,32.2,63,33.0,120,105.3,182,48.1,67,16.5,280,27.6,134,27.1,64,69.5,54,69.2,116,17.0,108,18.0,274,104.0,192,103.6,161,105.3,182,99.6,87,76.1,324,-1.1,318,-1.7,336,-0.5,259,-0.8,289,-0.2,207,-1.8,325,2.19,128,34.6,80,59.4,44,2023,0.46434587221981827,20,12,0.625,32
168,Radford,BSth,21-15,+0.07,104.2,186,104.2,154,64.5,313,-.028,260,-3.74,250,103.7,220,107.5,283,+0.96,131,,BSth,64.5,313,104.2,186,51.3,135,18.3,202,30.9,96,27.4,309,104.2,154,52.2,274,20.2,67,27.9,154,32.3,217,64.5,313,64.8,327,19.2,334,17.6,169,104.2,186,105.0,136,104.2,154,101.9,138,76.1,325,-0.2,204,-0.3,205,-0.1,205,-1.5,340,-2.2,348,-1.0,288,1.48,272,37.5,30,19.8,315,2023,0.5,21,15,0.5833333333333334,36
255,Rhode Island,A10,9-22,-7.07,97.5,316,104.6,165,67.1,175,-.016,233,-0.98,167,103.8,212,104.8,149,-2.72,248,,A10,67.1,175,97.5,316,44.2,357,20.4,315,31.6,86,37.0,43,104.6,165,49.1,106,17.3,231,29.5,230,31.7,201,67.1,175,68.3,162,17.5,171,17.6,158,97.5,316,95.4,331,104.6,165,101.9,139,76.8,222,-0.2,206,+0.1,155,-0.5,261,-1.1,318,-0.3,238,+0.5,132,1.82,204,34.1,92,38.3,212,2023,0.30824253264889506,9,22,0.2903225806451613,31
199,Rice,CUSA,19-16,-1.74,108.3,112,110.0,281,69.6,50,+.089,20,+1.62,120,105.7,128,104.1,120,-6.54,326,,CUSA,69.6,50,108.3,112,53.0,52,18.0,166,24.1,315,32.5,132,110.0,281,54.7,340,16.1,301,26.6,96,25.7,38,69.6,50,70.4,65,17.3,133,16.6,15,108.3,112,105.1,135,110.0,281,110.1,322,77.0,190,+0.0,168,+1.2,65,-1.2,324,-0.5,254,-0.0,188,+0.3,157,2.24,116,16.3,362,47.9,136,2023,0.45534059982564645,19,16,0.5428571428571428,35
150,Richmond,A10,15-18,+1.15,103.5,202,102.4,117,65.2,282,-.075,329,-0.74,159,104.5,171,105.3,171,-2.63,243,,A10,65.2,282,103.5,202,51.2,143,17.1,92,21.0,348,33.0,121,102.4,117,49.6,122,17.1,238,25.4,53,26.2,46,65.2,282,66.4,258,18.6,293,17.4,124,103.5,202,101.9,212,102.4,117,100.3,97,77.9,58,+0.9,67,+1.4,50,+0.4,116,+1.2,49,+1.8,20,-0.6,248,2.30,104,30.1,197,35.7,236,2023,0.530680494794228,15,18,0.45454545454545453,33
206,Rider,MAAC,16-14,-2.42,106.1,153,108.6,258,64.9,295,-.039,278,-5.72,305,100.9,329,106.6,234,-2.70,247,,MAAC,64.9,295,106.1,153,49.5,226,17.9,153,34.0,27,29.3,247,108.6,258,50.3,165,16.6,272,28.4,177,38.6,321,64.9,295,65.0,320,18.4,277,18.5,341,106.1,153,105.7,116,108.6,258,103.5,185,76.4,296,-0.3,219,-0.6,232,-0.1,192,-0.9,298,-1.2,311,-0.7,262,2.94,22,30.0,198,66.5,23,2023,0.43344047847015604,16,14,0.5333333333333333,30
238,Robert Morris,Horz,16-17,-5.64,98.9,294,104.5,163,66.2,228,-.041,279,-6.01,310,102.5,278,108.5,328,-2.05,223,,Horz,66.2,228,98.9,294,49.2,245,19.5,272,29.7,148,26.9,319,104.5,163,49.6,124,19.1,116,28.5,179,31.1,184,66.2,228,66.9,232,18.3,262,17.4,136,98.9,294,100.4,251,104.5,163,100.8,111,76.1,321,-1.4,338,-2.0,352,-0.8,287,-1.1,320,-0.2,207,-0.5,244,1.91,181,23.8,329,49.1,124,2023,0.3467411135023256,16,17,0.48484848484848486,33
39,Rutgers,B10,19-15,+15.53,106.3,151,90.8,6,65.7,264,-.105,355,+7.80,49,109.6,31,101.8,68,-7.51,338,,B10,65.7,264,106.3,151,47.9,299,17.1,96,32.1,67,28.2,285,90.8,6,46.6,22,21.7,25,28.0,156,27.4,71,65.7,264,66.2,275,17.5,162,18.6,351,106.3,151,102.3,197,90.8,6,92.0,5,78.7,16,+0.9,75,+1.4,56,+0.3,128,+1.9,9,+2.0,15,+2.4,19,2.34,96,29.6,210,59.7,43,2023,0.8596600102068154,19,15,0.5588235294117647,34
242,SIU Edwardsville,OVC,19-14,-6.21,99.9,280,106.1,200,69.1,80,-.012,224,-8.29,343,101.5,312,109.8,353,-1.08,191,,OVC,69.1,80,99.9,280,48.5,283,18.5,214,30.6,111,40.3,16,106.1,200,49.0,102,19.2,110,29.4,229,34.6,267,69.1,80,71.0,39,17.0,112,16.6,14,99.9,280,103.0,175,106.1,200,101.2,124,76.6,263,-0.1,187,-0.5,230,+0.4,121,+0.6,99,-2.2,349,-0.7,265,1.76,214,28.0,244,58.6,53,2023,0.3334900275078123,19,14,0.5757575757575758,33
183,SMU,Amer,10-22,-1.01,103.1,214,104.1,152,69.5,62,-.048,290,+5.94,74,107.6,83,101.6,65,+3.48,69,,Amer,69.5,62,103.1,214,47.4,314,18.0,164,28.1,198,33.0,117,104.1,152,51.8,251,18.7,131,30.5,274,32.8,225,69.5,62,70.6,54,16.9,87,17.2,91,103.1,214,97.8,299,104.1,152,105.4,236,78.0,57,+0.1,160,-0.9,276,+1.1,51,+0.8,77,+0.8,73,+2.6,15,2.14,139,27.6,253,28.1,270,2023,0.47227728016116893,10,22,0.3125,32
228,Sacramento St.,BSky,14-18,-4.70,103.6,201,108.3,253,62.3,353,+.012,151,-0.91,164,104.9,153,105.8,194,+2.97,80,,BSky,62.3,353,103.6,201,50.8,167,20.8,324,32.9,48,27.5,303,108.3,253,52.2,276,14.5,349,24.0,18,25.8,41,62.3,353,63.1,353,20.6,362,17.2,83,103.6,201,102.5,191,108.3,253,107.2,275,78.2,35,+2.0,12,+2.6,9,+1.3,35,-0.6,265,+0.2,161,+2.1,23,2.52,66,27.4,259,27.6,274,2023,0.3751396148467816,14,18,0.4375,32
326,Sacred Heart,NEC,16-17,-13.87,96.7,326,110.6,291,69.6,52,+.027,115,-12.88,362,96.6,363,109.5,347,-7.68,342,,NEC,69.6,52,96.7,326,48.4,289,18.8,232,28.8,174,27.6,301,110.6,291,50.2,159,19.4,96,30.8,290,26.5,53,69.6,52,70.0,75,16.3,40,18.0,268,96.7,326,98.8,283,110.6,291,101.2,122,75.8,340,-1.6,348,-2.3,356,-0.9,298,+0.1,152,-2.1,344,-1.1,292,1.85,194,27.7,250,45.5,162,2023,0.17587816061507747,16,17,0.48484848484848486,33
191,Saint Joseph's,A10,16-17,-1.36,104.3,185,105.6,187,69.2,74,-.007,210,-1.97,198,104.1,196,106.1,203,-5.34,313,,A10,69.2,74,104.3,185,50.2,200,18.2,192,28.9,167,34.2,92,105.6,187,50.5,176,18.9,121,30.7,287,32.8,226,69.2,74,69.4,106,16.9,94,17.8,219,104.3,185,103.2,173,105.6,187,103.6,190,77.2,167,+0.6,98,+0.8,92,+0.4,120,-0.7,271,-1.2,311,+1.1,79,1.58,248,26.7,276,47.1,144,2023,0.4644474479239198,16,17,0.48484848484848486,33
96,Saint Louis,A10,21-12,+7.29,111.4,63,104.1,153,69.2,73,+.027,111,+2.06,116,104.8,155,102.8,87,+3.65,67,,A10,69.2,73,111.4,63,52.1,87,17.3,108,29.7,147,29.1,257,104.1,153,48.3,78,15.3,333,26.5,83,32.7,223,69.2,73,69.8,87,16.8,77,17.6,153,111.4,63,107.4,84,104.1,153,102.6,154,76.7,251,-0.9,305,-0.4,216,-1.4,338,-0.1,208,+0.4,143,-0.5,241,2.97,18,32.2,140,58.1,57,2023,0.6855543527364873,21,12,0.6363636363636364,33
13,Saint Mary's,WCC,27-8,+21.24,112.6,44,91.4,10,61.6,359,+.006,167,+6.45,67,109.7,28,103.2,99,+3.94,59,5,WCC,61.6,359,112.6,44,52.0,91,16.4,63,32.5,58,32.0,156,91.4,10,47.1,35,19.2,107,21.9,2,29.9,143,61.6,359,63.5,347,20.3,360,17.5,143,112.6,44,109.4,47,91.4,10,93.5,9,78.1,42,+1.1,53,+1.1,69,+1.0,60,+1.7,19,+0.1,166,+1.2,70,1.95,171,18.6,358,57.0,63,2023,0.916740081769695,27,8,0.7714285714285715,35
308,Saint Peter's,MAAC,14-18,-11.32,96.9,324,108.2,251,62.9,350,+.055,58,-5.99,308,101.1,325,107.0,263,-7.57,340,,MAAC,62.9,350,96.9,324,43.9,359,19.6,280,36.4,7,28.4,273,108.2,251,49.5,119,19.8,81,30.7,288,51.4,363,62.9,350,62.9,355,19.6,348,18.4,339,96.9,324,96.4,319,108.2,251,103.8,193,76.0,330,-0.8,301,-0.3,209,-1.4,336,-1.7,348,-1.1,303,-1.0,290,1.46,278,39.8,10,18.3,325,2023,0.2195190618033208,14,18,0.4375,32
73,Sam Houston St.,WAC,26-8,+11.63,105.8,157,94.1,21,64.4,314,+.070,44,+2.82,108,105.9,118,103.1,98,+6.49,24,,WAC,64.4,314,105.8,157,50.7,176,19.9,297,30.5,117,32.3,139,94.1,21,49.0,101,23.1,14,24.9,40,37.6,309,64.4,314,65.4,309,18.6,287,17.7,199,105.8,157,102.9,178,94.1,21,93.8,11,76.0,327,-0.8,288,-0.8,257,-0.8,286,-1.8,350,-1.2,311,-0.6,254,1.45,280,38.3,19,41.3,192,2023,0.7937555518059138,26,8,0.7647058823529411,34
136,Samford,SC,21-11,+2.89,109.1,99,106.2,203,68.2,132,+.002,186,-4.17,265,103.7,223,107.8,301,-1.80,213,,SC,68.2,132,109.1,99,53.5,41,17.9,157,28.2,195,41.0,12,106.2,203,51.9,260,19.8,80,27.0,113,37.6,310,68.2,132,68.6,145,16.4,47,18.3,319,109.1,99,110.4,34,106.2,203,103.4,182,76.6,260,-0.4,225,-0.3,206,-0.5,251,+0.1,155,-0.1,200,-1.7,322,2.37,91,36.6,46,51.9,102,2023,0.5768410844635612,21,11,0.65625,32
224,San Diego,WCC,11-20,-4.23,110.2,85,114.4,344,68.6,108,-.030,264,+2.23,114,106.9,99,104.7,142,-3.01,254,,WCC,68.6,108,110.2,85,51.1,150,16.0,45,28.2,194,30.9,198,114.4,344,58.2,363,17.3,225,29.7,239,33.4,236,68.6,108,70.2,70,17.1,113,17.1,56,110.2,85,107.6,82,114.4,344,115.2,361,76.9,206,+0.1,164,+0.1,162,+0.1,157,-0.2,222,-0.5,256,-0.2,214,2.97,19,32.9,119,37.4,225,2023,0.3940909682587787,11,20,0.3548387096774194,31
14,San Diego St.,MWC,32-7,+20.34,110.8,75,90.4,4,65.7,262,+.075,36,+9.58,27,110.4,10,100.8,51,+6.80,17,5,MWC,65.7,262,110.8,75,49.3,238,17.3,109,31.6,82,33.2,112,90.4,4,46.5,20,19.1,115,26.1,70,30.2,155,65.7,262,66.6,255,17.5,170,18.5,344,110.8,75,105.5,125,90.4,4,94.9,18,76.7,242,+0.1,152,+0.3,140,+0.0,183,-0.1,189,-0.4,249,-1.7,318,2.96,21,37.4,34,61.0,39,2023,0.9121399984777884,32,7,0.8205128205128205,39
101,San Francisco,WCC,20-14,+6.41,109.7,91,103.3,136,68.4,118,+.019,136,+3.25,100,107.4,88,104.2,123,-3.14,258,,WCC,68.4,118,109.7,91,53.6,39,19.6,279,28.6,184,32.2,142,103.3,136,49.9,143,17.6,205,26.5,85,38.1,318,68.4,118,70.4,63,17.8,204,16.5,7,109.7,91,106.8,96,103.3,136,103.8,194,76.5,276,+1.3,38,+1.6,41,+1.1,51,-0.8,291,-2.9,360,-1.8,326,2.23,122,29.8,205,39.7,201,2023,0.6662533648736936,20,14,0.5882352941176471,34
97,San Jose St.,MWC,21-14,+6.92,109.5,96,102.6,123,62.6,351,+.070,43,+5.10,82,107.5,86,102.4,77,-1.51,202,,MWC,62.6,351,109.5,96,50.2,199,18.7,224,34.7,16,27.2,315,102.6,123,48.4,79,13.2,361,24.6,31,28.6,111,62.6,351,62.8,357,20.3,358,17.7,187,109.5,96,105.2,132,102.6,123,104.0,202,78.6,20,+1.1,54,+1.1,72,+1.1,51,+2.1,6,+2.7,5,+0.5,139,2.02,161,23.9,327,58.9,50,2023,0.6788509164452953,21,14,0.6,35
85,Santa Clara,WCC,23-10,+9.41,110.3,84,100.8,94,69.8,46,+.072,38,+3.68,95,107.9,73,104.2,124,+0.46,146,,WCC,69.8,46,110.3,84,52.4,75,17.4,119,30.2,126,30.6,208,100.8,94,50.8,194,16.7,267,24.4,25,25.4,30,69.8,46,71.3,36,16.5,55,17.3,113,110.3,84,107.1,90,100.8,94,102.6,158,78.3,30,+1.6,26,+1.2,66,+2.1,10,+1.7,20,+1.3,54,-0.2,212,1.88,187,23.4,335,48.3,132,2023,0.7380299190599247,23,10,0.696969696969697,33
141,Seattle,WAC,20-12,+2.27,101.9,243,99.6,76,69.0,86,+.092,16,+1.21,126,105.9,121,104.7,140,+0.37,147,,WAC,69.0,86,101.9,243,46.3,334,16.9,83,29.9,135,32.4,136,99.6,76,48.8,96,17.8,189,26.6,94,33.3,234,69.0,86,70.1,71,16.9,86,17.7,198,101.9,243,99.9,259,99.6,76,99.4,82,77.1,174,-0.6,247,-0.2,182,-0.9,294,+0.2,137,-0.2,207,+1.3,64,2.15,135,31.4,169,59.1,47,2023,0.565261171888607,20,12,0.625,32
58,Seton Hall,BE,17-16,+13.06,107.2,133,94.1,20,66.2,227,-.057,306,+10.12,23,109.9,21,99.8,25,+2.49,90,,BE,66.2,227,107.2,133,49.0,252,20.1,306,30.5,116,40.1,17,94.1,20,47.6,51,21.1,37,30.0,251,30.9,177,66.2,227,67.6,200,17.5,167,17.9,238,107.2,133,100.6,245,94.1,20,97.0,46,77.9,59,+0.6,100,+0.7,103,+0.4,114,+0.9,58,+1.0,64,+1.1,79,3.01,15,33.9,98,38.2,213,2023,0.8174087643042347,17,16,0.5151515151515151,33
207,Siena,MAAC,17-15,-2.46,102.1,239,104.6,166,66.7,195,-.030,262,-5.44,296,101.3,318,106.7,238,-3.68,269,,MAAC,66.7,195,102.1,239,49.3,236,19.5,268,30.5,113,34.5,81,104.6,166,49.7,127,18.5,148,26.7,102,33.0,227,66.7,195,66.6,250,18.8,308,17.3,95,102.1,239,102.0,203,104.6,166,99.7,89,77.3,140,+0.0,170,+0.1,149,-0.1,200,-0.9,297,+0.8,82,+1.3,63,1.61,242,31.5,164,48.1,133,2023,0.43089647285479327,17,15,0.53125,32
93,South Alabama,SB,19-16,+7.65,108.0,116,100.4,84,65.6,271,-.111,360,+0.55,134,104.3,181,103.8,111,+3.55,68,,SB,65.6,271,108.0,116,52.8,59,14.6,10,20.9,349,22.3,360,100.4,84,46.6,23,16.1,303,28.4,176,28.3,101,65.6,271,66.3,270,18.5,284,17.6,160,108.0,116,105.5,127,100.4,84,98.6,73,77.1,180,+0.5,109,+1.8,26,-0.9,298,-0.2,219,-0.9,288,+0.2,166,1.83,200,22.6,339,12.0,347,2023,0.6982848446793142,19,16,0.5428571428571428,35
221,South Carolina,SEC,11-21,-3.79,103.5,205,107.3,226,64.2,323,+.042,77,+6.00,73,107.7,78,101.7,67,-3.27,260,,SEC,64.2,323,103.5,205,46.9,327,19.9,294,32.7,54,26.8,323,107.3,226,52.6,290,15.9,309,32.5,326,29.4,132,64.2,323,65.1,316,18.9,317,17.8,223,103.5,205,97.5,302,107.3,226,110.0,319,77.6,92,+1.2,47,+1.0,78,+1.3,36,-0.1,205,-0.8,282,+1.1,79,1.50,269,25.5,300,16.0,336,2023,0.39779624495938953,11,21,0.34375,32
345,South Carolina St.,MEAC,5-26,-17.04,98.4,303,115.4,352,71.5,18,-.045,286,-2.56,216,103.6,232,106.1,206,+3.87,62,,MEAC,71.5,18,98.4,303,46.9,326,20.9,328,34.2,23,29.2,251,115.4,352,57.7,362,21.0,44,34.5,354,43.5,354,71.5,18,73.5,7,16.8,76,15.8,1,98.4,303,97.4,304,115.4,352,114.2,356,75.3,356,-1.4,336,-1.7,335,-1.2,328,-1.3,334,-2.0,342,-2.5,344,1.00,327,42.5,7,37.7,218,2023,0.13791922023082734,5,26,0.16129032258064516,31
297,South Dakota,Sum,12-19,-10.59,102.9,220,113.5,338,65.9,248,-.014,231,-3.67,248,103.4,238,107.1,266,+1.65,105,,Sum,65.9,248,102.9,220,50.1,205,17.3,113,24.8,294,28.1,287,113.5,338,52.7,293,14.4,352,27.1,115,31.8,208,65.9,248,66.7,241,17.8,201,18.0,281,102.9,220,101.9,208,113.5,338,111.7,341,75.4,355,-2.6,362,-2.3,357,-3.0,362,-1.5,339,-0.9,285,-0.8,272,1.98,167,25.7,298,53.0,92,2023,0.2446191159886913,12,19,0.3870967741935484,31
174,South Dakota St.,Sum,19-13,-0.31,104.7,178,105.0,173,66.5,214,+.066,48,-2.44,212,104.5,174,106.9,252,+8.13,10,,Sum,66.5,214,104.7,178,51.7,106,17.1,93,21.5,346,28.1,289,105.0,173,50.9,200,17.3,232,26.0,67,23.1,10,66.5,214,67.7,192,17.2,123,18.2,315,104.7,178,103.8,158,105.0,173,103.0,171,76.7,245,-0.1,185,-0.6,240,+0.5,104,-0.9,295,-0.4,248,-0.5,243,2.28,107,25.0,305,50.3,119,2023,0.4917746992957626,19,13,0.59375,32
145,South Florida,Amer,14-18,+1.42,105.8,155,104.4,162,68.2,133,-.067,323,+0.54,135,104.9,152,104.4,130,-7.12,330,,Amer,68.2,133,105.8,155,50.8,169,19.6,274,33.0,44,30.7,203,104.4,162,49.8,135,18.7,128,27.8,145,37.1,305,68.2,133,69.6,99,16.5,56,17.9,248,105.8,155,103.2,171,104.4,162,103.0,174,76.9,208,+0.6,99,+1.8,28,-0.7,273,-0.0,167,+0.8,82,-2.8,346,2.45,76,30.1,195,46.1,157,2023,0.5382227076851426,14,18,0.4375,32
257,Southeast Missouri St.,OVC,19-17,-7.21,100.5,270,107.7,236,72.3,7,+.015,145,-7.68,334,101.2,320,108.9,339,+0.52,143,16,OVC,72.3,7,100.5,270,50.1,203,17.3,110,25.0,286,38.2,31,107.7,236,51.3,226,19.0,117,28.3,172,44.1,356,72.3,7,73.8,3,16.0,26,16.7,22,100.5,270,102.5,190,107.7,236,103.1,176,76.0,329,-0.9,307,-0.7,246,-1.2,326,-1.2,325,-0.2,207,-2.0,333,1.42,285,34.0,94,35.2,238,2023,0.3109447202581939,19,17,0.5277777777777778,36
258,Southeastern Louisiana,Slnd,18-14,-7.25,103.8,197,111.1,305,68.6,110,+.050,66,-7.30,329,102.3,284,109.6,350,+5.40,37,,Slnd,68.6,110,103.8,197,50.9,158,16.9,87,27.6,211,32.1,153,111.1,305,54.2,330,19.8,79,29.9,246,33.4,239,68.6,110,70.0,79,16.8,79,17.5,141,103.8,197,106.0,112,111.1,305,107.5,283,75.5,353,-1.1,321,-0.3,210,-1.9,348,-1.2,327,-1.3,320,-3.0,349,1.77,213,31.2,173,24.4,295,2023,0.3139763693298448,18,14,0.5625,32
280,Southern,SWAC,15-17,-9.18,95.9,333,105.1,174,70.8,27,-.008,215,-7.36,330,99.5,351,106.9,250,+7.68,13,,SWAC,70.8,27,95.9,333,48.5,284,20.6,317,24.4,308,34.5,84,105.1,174,51.4,228,23.0,15,28.6,188,42.9,352,70.8,27,72.3,20,16.1,34,17.2,74,95.9,333,95.7,329,105.1,174,98.5,72,76.4,289,-1.1,316,-1.9,347,-0.3,229,-0.6,262,-0.5,253,-0.1,205,2.08,151,33.7,102,53.1,90,2023,0.25855886164438446,15,17,0.46875,32
139,Southern Illinois,MVC,23-10,+2.45,101.0,259,98.5,62,63.7,334,+.087,21,-2.70,222,103.1,253,105.8,197,-3.76,272,,MVC,63.7,334,101.0,259,51.7,112,19.3,260,22.8,334,30.6,210,98.5,62,47.6,52,19.6,89,27.3,123,29.8,140,63.7,334,64.7,331,18.6,289,18.3,327,101.0,259,100.2,254,98.5,62,95.3,23,75.9,338,-1.2,325,-1.6,329,-0.8,285,-2.0,357,-1.8,332,+0.1,176,2.94,23,31.8,154,56.6,65,2023,0.5715641335363935,23,10,0.696969696969697,33
285,Southern Indiana,OVC,16-17,-9.43,102.6,228,112.0,318,69.1,78,-.007,211,-7.57,333,101.5,310,109.1,343,-1.78,211,,OVC,69.1,78,102.6,228,50.2,195,18.2,185,32.1,66,33.5,108,112.0,318,51.7,247,16.6,269,25.9,66,39.8,337,69.1,78,70.8,46,16.7,73,17.1,55,102.6,228,104.6,144,112.0,318,107.3,277,76.7,235,+0.1,158,-0.5,227,+0.7,92,+0.3,129,+0.5,121,-2.7,345,0.66,351,26.4,281,0.0,0,2023,0.2673516929945688,16,17,0.48484848484848486,33
99,Southern Miss,SB,25-8,+6.51,107.1,138,100.6,89,68.6,107,+.102,11,-0.48,152,104.6,166,105.1,161,-3.81,274,,SB,68.6,107,107.1,138,50.9,163,18.0,163,30.8,103,32.2,147,100.6,89,47.8,57,19.9,78,29.4,228,30.2,154,68.6,107,68.6,148,16.9,98,17.8,210,107.1,138,105.8,115,100.6,89,98.4,69,77.6,94,+0.4,117,-0.3,192,+1.0,62,+1.2,45,+1.1,62,-0.6,250,2.59,53,27.6,254,32.7,250,2023,0.6726121429251788,25,8,0.7575757575757576,33
111,Southern Utah,WAC,24-13,+5.68,109.3,98,103.6,141,71.8,16,+.033,93,+2.47,110,105.9,119,103.4,102,+4.53,50,,WAC,71.8,16,109.3,98,52.0,93,18.6,220,27.9,204,39.5,19,103.6,141,51.5,235,17.5,215,26.1,73,31.4,189,71.8,16,72.7,15,16.0,27,17.1,65,109.3,98,106.3,103,103.6,141,103.5,186,78.1,45,+0.4,115,+1.0,82,-0.2,211,+0.5,111,+1.2,60,+2.7,13,2.75,36,18.8,356,51.0,115,2023,0.6492921551936214,24,13,0.6486486486486487,37
201,St. Bonaventure,A10,14-18,-2.06,100.9,261,102.9,131,65.5,274,-.032,265,-1.32,177,104.2,192,105.5,179,-3.90,279,,A10,65.5,274,100.9,261,49.2,247,18.8,234,27.5,216,29.5,238,102.9,131,48.6,85,19.4,95,29.4,227,40.9,341,65.5,274,66.7,243,18.2,251,17.6,175,100.9,261,99.4,270,102.9,131,100.7,108,76.8,223,+0.4,121,+0.4,126,+0.3,127,-0.6,268,-0.2,207,-1.2,302,1.83,202,21.9,343,0.1,358,2023,0.44380868964883075,14,18,0.4375,32
355,St. Francis NY,NEC,14-16,-19.83,90.7,358,110.5,290,66.0,241,+.082,29,-13.25,363,97.7,360,110.9,363,-9.22,356,,NEC,66.0,241,90.7,358,45.9,339,21.2,335,30.9,98,31.1,190,110.5,290,50.5,174,19.6,90,31.8,313,31.6,196,66.0,241,66.4,259,18.6,288,17.5,151,90.7,358,94.4,340,110.5,290,102.5,151,76.7,232,-0.6,254,-0.9,274,-0.3,231,-1.0,304,+0.5,118,-0.0,196,0.99,329,36.8,43,34.0,245,2023,0.09357297735289163,14,16,0.4666666666666667,30
336,St. Francis PA,NEC,13-18,-15.72,100.2,272,115.9,355,68.2,131,-.009,217,-10.99,359,98.2,358,109.2,344,-0.82,185,,NEC,68.2,131,100.2,272,51.9,97,18.3,204,25.3,278,32.8,125,115.9,355,51.9,264,14.7,346,29.0,206,29.9,145,68.2,131,68.7,142,17.7,192,17.2,82,100.2,272,102.5,193,115.9,355,108.9,304,77.3,137,+0.0,169,+0.6,107,-0.6,264,-0.1,190,+0.8,82,+0.6,119,1.51,266,33.9,97,53.1,87,2023,0.1579002514794416,13,18,0.41935483870967744,31
82,St. John's,BE,18-15,+10.28,108.3,111,98.0,56,73.3,1,-.013,230,+7.18,61,108.1,68,100.9,54,-7.58,341,,BE,73.3,1,108.3,111,49.4,233,18.7,228,34.0,25,27.7,298,98.0,56,50.2,160,19.7,87,27.6,135,29.6,138,73.3,1,73.8,2,15.3,5,17.3,100,108.3,111,103.2,172,98.0,56,100.4,106,77.1,175,+0.5,105,+1.4,58,-0.4,236,+0.2,138,-0.4,245,-0.7,256,2.04,158,34.2,89,51.2,112,2023,0.7593799782751357,18,15,0.5454545454545454,33
202,St. Thomas,Sum,19-14,-2.19,107.4,125,109.6,272,65.9,243,-.001,199,-5.04,285,102.7,268,107.8,295,-2.15,228,,Sum,65.9,243,107.4,125,51.8,101,15.1,19,23.9,317,30.7,206,109.6,272,51.9,263,17.3,223,28.7,195,31.0,179,65.9,243,66.6,247,18.0,227,17.8,224,107.4,125,109.0,53,109.6,272,106.1,254,77.3,139,-1.1,314,-1.5,325,-0.6,270,+0.9,58,+1.4,49,+1.0,97,0.88,342,27.6,255,45.7,159,2023,0.44196580844888317,19,14,0.5757575757575758,33
84,Stanford,P12,14-19,+9.45,113.8,33,104.3,157,65.6,269,-.125,362,+7.59,54,107.2,92,99.6,21,-0.40,171,,P12,65.6,269,113.8,33,52.4,71,18.9,239,31.1,95,29.4,241,104.3,157,51.5,236,18.3,159,26.4,82,28.6,112,65.6,269,66.1,278,18.3,259,17.9,263,113.8,33,106.6,101,104.3,157,103.6,187,78.9,7,+1.6,28,+2.1,18,+1.1,45,+1.9,9,+2.4,7,+1.8,39,2.12,141,30.4,191,71.7,13,2023,0.7315436061460676,14,19,0.42424242424242425,33
132,Stephen F. Austin,WAC,19-13,+3.24,105.3,166,102.1,114,69.1,79,-.004,207,-0.19,143,104.6,164,104.8,150,-1.90,215,,WAC,69.1,79,105.3,166,51.5,122,21.3,338,31.6,80,38.9,26,102.1,114,51.4,233,23.8,8,32.2,321,41.8,348,69.1,79,70.4,64,17.2,121,16.8,30,105.3,166,103.3,167,102.1,114,100.9,113,75.9,333,-1.4,337,-0.9,279,-1.9,351,-0.8,278,-1.0,293,-1.1,295,1.58,246,37.9,28,44.4,168,2023,0.587804820402945,19,13,0.59375,32
172,Stetson,ASun,17-14,-0.12,112.9,41,113.1,333,64.7,308,+.018,139,-0.99,169,105.1,143,106.1,205,+6.13,25,,ASun,64.7,308,112.9,41,53.5,43,15.9,39,29.4,154,25.8,336,113.1,333,52.9,298,14.3,354,28.1,162,30.0,148,64.7,308,65.2,314,19.2,333,17.4,121,112.9,41,111.9,18,113.1,333,112.0,344,76.9,210,-0.1,183,-0.2,183,+0.1,157,+0.2,144,-0.7,274,-0.3,219,1.55,254,35.4,67,40.4,197,2023,0.4949116787630699,17,14,0.5483870967741935,31
331,Stonehill,NEC,14-17,-14.49,95.0,339,109.5,270,66.1,231,+.072,40,-9.74,354,98.9,354,108.7,333,-0.76,182,,NEC,66.1,231,95.0,339,50.9,164,19.7,284,19.1,361,32.2,149,109.5,270,50.2,154,19.8,82,31.4,302,27.3,67,66.1,231,67.6,202,17.4,156,17.8,228,95.0,339,96.4,318,109.5,270,102.6,152,77.2,153,-0.7,267,-1.3,305,-0.1,199,+0.7,85,+1.4,48,-0.0,195,0.29,361,27.4,262,0.0,0,2023,0.16334489171287964,14,17,0.45161290322580644,31
328,Stony Brook,CAA,11-22,-14.22,96.0,331,110.2,287,64.0,331,+.022,126,-3.93,257,102.2,286,106.2,208,+1.45,109,,CAA,64.0,331,96.0,331,47.5,312,19.6,275,21.9,342,29.4,240,110.2,287,50.3,161,14.0,358,27.4,126,26.2,44,64.0,331,65.2,315,19.5,345,17.0,50,96.0,331,94.5,338,110.2,287,107.0,272,77.5,113,+2.0,10,+2.8,7,+1.3,39,-1.0,300,-1.1,306,-0.0,199,1.30,301,26.0,289,25.0,287,2023,0.16988956887261883,11,22,0.3333333333333333,33
118,Syracuse,ACC,17-15,+4.93,110.5,81,105.5,185,67.3,170,+.002,187,+3.07,106,107.3,91,104.2,128,-5.77,317,,ACC,67.3,170,110.5,81,51.5,119,16.9,88,30.0,133,30.6,207,105.5,185,51.2,219,18.7,126,33.7,347,21.7,4,67.3,170,68.3,163,16.9,97,18.2,310,110.5,81,107.8,77,105.5,185,106.3,261,78.0,52,+1.6,25,+1.7,33,+1.6,24,+1.4,35,-0.2,207,+0.3,155,1.44,283,28.8,231,37.8,217,2023,0.6300665985622964,17,15,0.53125,32
25,TCU,B12,22-13,+17.78,112.1,53,94.3,23,69.7,48,-.036,273,+10.71,12,109.7,24,99.0,7,-7.52,339,6,B12,69.7,48,112.1,53,50.0,209,16.7,74,32.2,62,34.1,96,94.3,23,48.1,70,21.6,27,30.5,278,30.1,150,69.7,48,70.9,40,16.4,42,17.7,197,112.1,53,105.6,121,94.3,23,96.3,34,77.5,100,+0.1,166,+0.0,163,+0.1,157,+1.2,47,+0.8,76,+0.2,171,2.53,64,38.2,24,80.1,3,2023,0.8795808183562863,22,13,0.6285714285714286,35
163,Tarleton St.,WAC,17-17,+0.46,103.3,208,102.9,129,66.4,219,+.013,150,+3.21,102,106.2,110,103.0,90,+6.98,16,,WAC,66.4,219,103.3,208,47.6,309,18.3,198,26.0,253,47.6,1,102.9,129,53.3,310,24.2,5,30.1,256,46.2,359,66.4,219,67.6,199,18.4,274,17.0,45,103.3,208,99.3,272,102.9,129,103.2,178,76.7,241,-1.9,357,-2.9,361,-0.9,298,+0.7,84,+1.4,51,-0.1,203,1.69,228,32.5,128,43.8,172,2023,0.5111523831972489,17,17,0.5,34
120,Temple,Amer,16-16,+4.66,107.2,132,102.5,121,65.9,251,+.021,128,+4.89,83,106.5,103,101.6,64,+1.26,118,,Amer,65.9,251,107.2,132,49.7,216,19.8,290,28.7,177,34.6,80,102.5,121,48.7,93,16.5,285,29.0,209,31.5,192,65.9,251,67.1,224,18.2,243,17.6,176,107.2,132,101.7,216,102.5,121,102.7,159,78.2,34,+0.8,81,+0.6,116,+1.1,51,+1.5,33,+1.8,20,+0.8,106,1.84,198,26.1,285,59.3,45,2023,0.6261147375492766,16,16,0.5,32
6,Tennessee,SEC,25-11,+23.80,111.3,64,87.5,1,65.1,288,-.063,317,+8.69,40,109.2,40,100.5,46,+2.76,86,4,SEC,65.1,288,111.3,64,49.9,212,18.1,177,36.4,6,30.7,205,87.5,1,42.8,3,22.2,20,26.9,105,33.8,245,65.1,288,65.9,286,18.2,246,18.0,279,111.3,64,107.5,83,87.5,1,87.9,1,77.4,122,+1.7,21,+1.9,24,+1.5,27,+0.6,106,-0.3,237,-1.9,332,2.19,131,37.9,27,51.4,109,2023,0.9408546308506105,25,11,0.6944444444444444,36
273,Tennessee Martin,OVC,19-14,-8.93,101.7,246,110.6,292,71.1,25,+.046,71,-8.79,350,100.8,333,109.6,351,-2.63,244,,OVC,71.1,25,101.7,246,50.4,189,16.8,80,27.0,230,36.1,54,110.6,292,49.6,125,16.8,259,29.0,211,34.0,253,71.1,25,72.6,16,15.7,13,17.4,123,101.7,246,104.0,153,110.6,292,105.1,229,76.3,314,-0.5,236,-0.5,223,-0.5,255,-0.8,287,-0.9,287,-1.3,308,2.44,81,34.0,95,46.8,150,2023,0.2759247700680903,19,14,0.5757575757575758,33
291,Tennessee St.,OVC,18-14,-10.06,100.9,260,111.0,301,70.8,28,+.010,161,-10.45,356,99.7,348,110.1,360,-9.29,357,,OVC,70.8,28,100.9,260,50.9,162,17.3,111,26.9,231,35.1,68,111.0,301,49.9,142,18.5,142,28.2,170,42.4,350,70.8,28,72.7,14,16.5,54,16.5,5,100.9,260,103.9,156,111.0,301,104.3,210,76.6,266,-0.1,188,-0.0,168,-0.1,203,-0.9,296,-0.9,286,-0.7,260,2.58,56,31.0,178,32.7,251,2023,0.2502830701588825,18,14,0.5625,32
288,Tennessee Tech,OVC,16-17,-9.73,101.4,253,111.1,307,66.6,210,+.019,132,-7.42,331,101.0,326,108.4,324,+1.69,104,,OVC,66.6,210,101.4,253,51.4,125,17.8,146,23.9,319,29.9,226,111.1,307,51.7,248,18.0,172,30.3,262,25.8,40,66.6,210,68.7,139,17.8,200,17.0,48,101.4,253,102.1,201,111.1,307,106.5,264,76.5,281,-0.8,298,-0.8,261,-0.9,291,-0.3,228,-1.1,307,+0.1,176,1.70,226,32.0,149,10.5,350,2023,0.2591075084329184,16,17,0.48484848484848486,33
5,Texas,B12,29-9,+24.43,116.5,15,92.1,13,68.8,98,+.017,140,+11.91,7,111.1,3,99.2,12,-0.76,183,2,B12,68.8,98,116.5,15,53.3,47,16.3,58,28.3,190,30.5,211,92.1,13,48.1,68,22.1,21,29.0,210,33.7,244,68.8,98,70.1,72,16.6,60,17.7,206,116.5,15,110.1,39,92.1,13,95.5,25,76.5,278,-0.8,285,-0.9,277,-0.6,268,-0.1,211,-0.8,279,-0.4,231,3.36,6,32.6,126,47.0,145,2023,0.9371850582295856,29,9,0.7631578947368421,38
33,Texas A&M,SEC,25-10,+16.71,113.7,34,97.0,44,65.9,245,+.045,74,+7.30,58,108.3,60,101.0,58,-2.99,253,7,SEC,65.9,245,113.7,34,48.8,264,18.3,200,36.7,5,45.1,3,97.0,44,48.2,73,20.9,49,30.4,271,34.7,269,65.9,245,67.1,221,17.4,147,18.3,323,113.7,34,108.6,61,97.0,44,98.9,76,76.7,248,-0.3,210,-0.7,252,+0.2,144,-0.0,165,-1.1,305,-0.4,225,2.38,88,30.6,188,52.4,94,2023,0.8613804152963483,25,10,0.7142857142857143,35
307,Texas A&M Commerce,Slnd,13-20,-11.30,101.1,256,112.4,325,65.3,280,+.026,116,-6.99,325,102.2,287,109.2,345,+1.24,120,,Slnd,65.3,280,101.1,256,52.4,72,18.9,240,26.5,242,28.3,279,112.4,325,52.8,295,17.7,203,29.9,247,37.9,315,65.3,280,67.0,229,18.5,280,17.4,135,101.1,256,103.4,165,112.4,325,108.5,300,77.1,188,+0.6,101,-0.3,192,+1.4,32,+0.2,133,-1.6,327,+0.1,176,0.61,355,37.7,29,0.0,0,2023,0.22820602003441712,13,20,0.3939393939393939,33
176,Texas A&M Corpus Chris,Slnd,24-11,-0.48,107.1,135,107.6,235,69.0,88,+.031,97,-8.63,347,100.9,327,109.6,349,+1.13,127,16,Slnd,69.0,88,107.1,135,50.5,186,17.7,144,32.8,52,34.8,71,107.6,235,52.6,291,20.4,63,27.8,147,38.2,319,69.0,88,70.8,43,16.5,59,17.2,79,107.1,135,109.4,48,107.6,235,102.9,166,75.1,359,-1.8,354,-1.7,333,-1.9,351,-1.3,333,-2.6,358,-2.5,342,1.47,276,32.5,129,72.1,11,2023,0.4866123985809008,24,11,0.6857142857142857,35
305,Texas Southern,SWAC,14-21,-11.16,95.4,337,106.6,207,69.1,76,+.028,107,-5.47,297,100.5,337,106.0,200,+10.37,5,16,SWAC,69.1,76,95.4,337,46.1,336,20.3,313,29.2,157,34.3,89,106.6,207,49.6,123,18.7,127,27.6,136,38.8,325,69.1,76,70.7,48,17.4,152,16.7,21,95.4,337,93.9,345,106.6,207,101.7,135,77.2,157,+0.3,135,-0.1,176,+0.6,97,-0.1,172,+1.2,59,-1.1,294,1.67,233,36.7,45,38.6,208,2023,0.21813691385700817,14,21,0.4,35
190,Texas St.,SB,16-19,-1.32,104.6,180,105.9,194,63.5,342,+.001,193,+0.17,138,104.2,187,104.1,119,-0.98,187,,SB,63.5,342,104.6,180,48.2,293,17.9,161,31.6,81,32.5,131,105.9,194,50.9,199,18.6,133,28.5,180,41.7,344,63.5,342,64.1,341,19.4,341,17.9,259,104.6,180,101.7,218,105.9,194,104.1,203,75.3,357,-0.8,297,-0.9,270,-0.8,282,-2.1,361,-2.0,343,-3.0,348,1.56,253,39.4,12,54.3,80,2023,0.4645484474763582,16,19,0.45714285714285713,35
63,Texas Tech,B12,16-16,+12.73,111.5,60,98.7,66,67.1,180,-.080,339,+9.34,29,109.7,30,100.3,42,-7.27,336,,B12,67.1,180,111.5,60,52.3,82,19.9,292,32.1,70,34.8,72,98.7,66,48.9,99,19.9,76,30.1,258,28.4,104,67.1,180,68.9,134,17.4,143,17.7,191,111.5,60,105.5,122,98.7,66,100.3,100,77.8,71,+0.6,93,+0.8,93,+0.5,106,+1.1,54,-0.1,192,+1.1,79,2.10,147,35.4,68,19.2,318,2023,0.8025495469004789,16,16,0.5,32
327,The Citadel,SC,10-22,-13.99,97.9,308,111.9,317,67.0,181,+.000,194,-3.60,245,103.8,213,107.4,280,-3.71,271,,SC,67.0,181,97.9,308,49.3,240,18.2,183,20.8,350,28.9,261,111.9,317,52.4,281,16.9,250,31.7,308,33.9,246,67.0,181,67.6,197,18.2,248,17.1,58,97.9,308,98.0,297,111.9,317,110.0,318,76.5,274,-1.1,322,-1.1,291,-1.2,322,-1.1,307,+0.0,181,+0.5,142,1.12,314,22.2,342,29.4,260,2023,0.17696026614467777,10,22,0.3125,32
87,Toledo,MAC,27-8,+8.83,119.5,5,110.6,295,69.5,60,+.035,89,-3.09,230,103.9,204,107.0,261,-1.43,200,,MAC,69.5,60,119.5,5,56.3,5,13.6,5,29.8,139,34.4,86,110.6,295,52.8,297,18.4,154,31.0,296,27.5,73,69.5,60,70.7,47,16.5,58,17.4,132,119.5,5,120.2,1,110.6,295,108.4,299,76.8,220,-0.5,246,-1.1,294,+0.1,157,-0.5,248,-0.8,281,+1.1,79,2.58,57,21.1,347,66.5,22,2023,0.7089019860429796,27,8,0.7714285714285715,35
127,Towson,CAA,21-12,+3.65,108.0,115,104.4,160,64.8,303,-.048,289,-4.77,278,102.0,295,106.8,241,-3.65,268,,CAA,64.8,303,108.0,115,51.1,153,18.4,212,35.7,12,29.8,230,104.4,160,48.6,87,17.7,198,26.7,99,29.5,136,64.8,303,65.7,296,18.6,296,17.9,253,108.0,115,108.2,68,104.4,160,100.4,103,76.3,315,-2.2,359,-2.4,358,-1.9,351,-0.6,259,+0.8,82,+0.1,188,2.45,77,27.2,265,52.5,93,2023,0.596250885090554,21,12,0.6363636363636364,33
128,Troy,SB,20-13,+3.49,104.6,179,101.1,97,67.8,151,-.020,241,-0.45,150,104.1,194,104.6,134,-0.12,166,,SB,67.8,151,104.6,179,49.4,230,18.7,226,30.3,122,32.5,129,101.1,97,48.6,88,21.1,40,30.1,259,34.6,265,67.8,151,68.0,178,17.6,174,17.7,180,104.6,179,102.6,187,101.1,97,99.0,78,76.9,205,-0.1,195,-0.2,191,-0.1,193,-1.0,301,-0.2,207,+0.7,113,1.92,179,30.2,193,33.9,246,2023,0.5966159196077716,20,13,0.6060606060606061,33
103,Tulane,Amer,20-11,+6.23,109.9,87,103.7,146,73.0,2,+.076,35,+1.58,122,105.2,139,103.6,106,-8.21,346,,Amer,73.0,2,109.9,87,52.4,74,15.1,18,19.3,358,35.4,66,103.7,146,50.4,169,19.3,99,30.5,276,29.6,137,73.0,2,74.0,1,15.5,8,17.1,61,109.9,87,106.2,104,103.7,146,102.6,155,77.2,150,-1.2,324,-1.4,320,-0.9,298,+0.9,72,+1.8,20,+0.5,135,2.62,49,24.5,316,81.8,1,2023,0.6610082569329573,20,11,0.6451612903225806,31
316,Tulsa,Amer,5-25,-12.45,98.8,296,111.2,311,67.8,148,-.046,287,+3.48,98,106.3,107,102.8,85,-3.81,275,,Amer,67.8,148,98.8,296,47.9,301,19.1,247,24.8,296,26.7,324,111.2,311,53.6,317,17.1,242,33.0,340,27.8,88,67.8,148,68.7,141,18.1,239,16.7,24,98.8,296,94.0,342,111.2,311,112.2,346,76.5,270,-0.7,275,-1.0,288,-0.4,242,-1.3,332,-0.4,251,+0.4,143,1.30,298,35.3,69,33.6,247,2023,0.20429281362986976,5,25,0.16666666666666666,30
47,UAB,CUSA,29-10,+14.64,112.5,45,97.9,54,70.5,31,-.021,245,+1.82,119,105.7,129,103.9,114,-4.86,302,,CUSA,70.5,31,112.5,45,50.3,193,17.3,114,35.8,10,35.7,61,97.9,54,47.3,45,19.3,98,29.3,221,28.9,116,70.5,31,70.5,59,16.2,38,17.8,225,112.5,45,110.5,33,97.9,54,97.7,58,77.1,185,+0.9,73,+1.0,79,+0.8,85,-0.0,169,-0.7,272,-1.1,291,3.44,5,34.7,74,51.7,104,2023,0.8318193694041579,29,10,0.7435897435897436,39
159,UC Davis,BW,18-14,+0.71,104.4,183,103.7,145,70.4,37,-.028,259,-2.46,213,102.7,269,105.2,167,-1.17,194,,BW,70.4,37,104.4,183,49.8,213,20.6,319,32.2,61,42.8,7,103.7,145,50.7,190,20.8,50,28.6,187,31.5,193,70.4,37,70.5,58,15.9,22,18.2,313,104.4,183,102.7,184,103.7,145,100.3,98,76.5,271,-1.7,351,-0.9,278,-2.5,359,-1.1,307,+0.1,172,+1.6,44,2.33,100,29.0,228,56.1,69,2023,0.5193320936555338,18,14,0.5625,32
104,UC Irvine,BW,23-12,+6.21,106.8,141,100.6,88,69.6,51,-.021,246,-0.92,165,103.1,255,104.0,118,+2.85,84,,BW,69.6,51,106.8,141,51.5,121,17.5,132,27.4,221,29.3,246,100.6,88,45.8,14,17.5,213,27.0,111,36.9,300,69.6,51,69.5,103,16.9,89,17.5,146,106.8,141,104.4,147,100.6,88,97.3,50,76.7,234,+0.3,136,+1.6,37,-1.0,312,-0.8,283,-1.0,299,-0.5,246,1.74,218,40.2,8,48.5,128,2023,0.6654695983070664,23,12,0.6571428571428571,35
142,UC Riverside,BW,22-12,+2.22,107.4,126,105.2,179,66.7,199,+.097,13,-0.34,146,103.9,203,104.3,129,+3.98,58,,BW,66.7,199,107.4,126,50.5,182,18.0,167,31.6,79,26.2,329,105.2,179,51.3,223,17.3,230,23.0,10,38.0,316,66.7,199,67.3,213,18.8,307,16.9,40,107.4,126,104.6,146,105.2,179,103.0,168,77.8,64,+0.8,83,+1.1,75,+0.5,110,+1.5,32,+1.3,55,-0.4,233,2.17,132,32.7,124,46.5,152,2023,0.5592242074998999,22,12,0.6470588235294118,34
276,UC San Diego,BW,10-20,-9.03,101.6,249,110.6,293,65.9,242,+.030,100,-0.75,160,103.9,208,104.6,137,+0.72,137,,BW,65.9,242,101.6,249,49.6,222,17.9,159,23.2,328,26.1,332,110.6,293,51.8,253,16.5,284,29.3,222,27.9,90,65.9,242,66.3,269,17.6,182,18.1,288,101.6,249,98.4,289,110.6,293,107.9,290,77.4,125,-0.1,194,-0.0,173,-0.3,223,+0.2,146,+0.5,122,+1.3,61,1.57,252,23.5,334,57.9,60,2023,0.2736702158042996,10,20,0.3333333333333333,30
112,UC Santa Barbara,BW,27-8,+5.68,110.3,83,104.6,167,64.7,305,+.072,39,-2.53,214,102.7,271,105.2,169,-3.31,261,14,BW,64.7,305,110.3,83,54.1,29,17.0,90,26.2,249,34.4,85,104.6,167,50.1,151,18.5,140,26.1,74,29.2,124,64.7,305,65.1,317,18.8,313,17.7,208,110.3,83,109.1,51,104.6,167,101.0,115,77.9,61,+1.1,51,+0.7,94,+1.5,26,-0.3,227,+0.7,107,+1.4,55,2.48,71,21.9,344,66.2,25,2023,0.6479851251403654,27,8,0.7714285714285715,35
56,UCF,Amer,19-15,+13.21,109.0,100,95.8,36,64.7,309,-.110,358,+4.64,87,107.3,90,102.7,84,-0.58,176,,Amer,64.7,309,109.0,100,50.3,192,19.6,278,33.6,31,28.9,264,95.8,36,48.0,63,21.9,23,30.7,286,33.4,237,64.7,309,66.1,279,18.4,276,17.8,218,109.0,100,105.9,113,95.8,36,96.2,33,78.1,40,+1.4,37,+1.5,45,+1.2,42,+0.3,123,+1.6,32,+0.5,134,2.01,164,30.7,183,16.6,334,2023,0.8152482699356767,19,15,0.5588235294117647,34
3,UCLA,P12,31-6,+27.29,115.2,21,88.0,2,66.1,235,-.009,218,+8.70,39,109.2,38,100.5,47,+0.15,155,2,P12,66.1,235,115.2,21,51.1,152,14.9,15,33.0,43,27.4,306,88.0,2,46.8,27,23.3,13,28.2,171,27.5,72,66.1,235,67.2,217,17.9,209,17.9,251,115.2,21,110.3,35,88.0,2,90.4,3,77.0,199,+0.2,144,+0.7,102,-0.3,225,-0.1,172,+0.4,129,-1.4,309,2.29,106,28.4,237,46.7,151,2023,0.9567824235620614,31,6,0.8378378378378378,37
252,UMBC,AE,18-14,-6.63,105.4,163,112.0,319,67.6,162,+.028,104,-8.27,341,100.5,336,108.8,336,-8.29,349,,AE,67.6,162,105.4,163,51.3,130,14.8,13,26.4,245,27.0,318,112.0,319,52.9,299,16.9,247,26.8,103,25.6,37,67.6,162,68.3,164,16.7,70,18.3,328,105.4,163,107.6,81,112.0,319,106.6,265,76.1,320,-1.6,349,-1.7,338,-1.6,342,-2.1,359,-0.2,207,+0.9,104,1.73,220,33.1,114,23.7,298,2023,0.33215226677039744,18,14,0.5625,32
314,UMKC,Sum,11-21,-12.15,95.9,332,108.1,246,63.7,335,-.013,229,-3.92,256,104.4,179,108.3,321,+1.44,112,,Sum,63.7,335,95.9,332,43.4,362,19.9,299,35.9,8,33.3,111,108.1,246,50.1,149,17.3,228,29.5,231,39.4,332,63.7,335,64.8,326,19.9,353,17.2,86,95.9,332,96.4,317,108.1,246,106.1,256,78.1,43,+0.2,146,-0.3,192,+0.6,100,+0.7,91,+1.7,27,+2.5,16,0.85,344,32.8,121,15.8,338,2023,0.2014697600920248,11,21,0.34375,32
134,UMass Lowell,AE,26-8,+3.04,107.7,122,104.7,169,68.7,101,+.011,157,-10.03,355,98.7,356,108.7,335,-12.18,362,,AE,68.7,101,107.7,122,53.5,42,20.0,302,35.7,13,33.8,101,104.7,169,47.0,33,19.7,84,27.0,109,33.9,248,68.7,101,69.3,112,17.4,159,17.2,78,107.7,122,109.7,40,104.7,169,96.6,42,76.5,280,-0.3,222,-0.7,255,+0.1,157,+0.6,92,-1.1,304,-1.9,329,2.92,25,37.9,26,54.7,78,2023,0.580513171209153,26,8,0.7647058823529411,34
148,UNC Asheville,BSth,27-8,+1.22,104.0,195,102.7,126,68.3,125,+.180,1,-4.62,272,102.7,270,107.3,275,-0.70,180,15,BSth,68.3,125,104.0,195,53.6,38,20.1,304,25.7,264,40.9,13,102.7,126,48.3,77,17.8,190,29.1,218,26.8,57,68.3,125,68.5,153,16.8,81,18.2,309,104.0,195,103.9,154,102.7,126,100.3,99,77.4,126,+0.6,92,+1.5,43,-0.3,224,-0.1,204,-0.2,207,+0.7,114,3.12,12,26.8,273,48.7,126,2023,0.5361010684766234,27,8,0.7714285714285715,35
117,UNC Greensboro,SC,20-12,+4.98,103.2,211,98.3,60,65.8,254,-.044,283,-2.57,217,105.2,141,107.8,294,+2.96,81,,SC,65.8,254,103.2,211,50.6,180,17.8,149,29.2,158,32.4,135,98.3,60,47.8,56,19.3,101,26.5,90,31.4,191,65.8,254,66.6,248,17.6,173,18.1,307,103.2,211,103.8,159,98.3,60,96.9,45,76.7,233,+0.6,95,+0.3,134,+0.8,78,-0.1,198,-2.2,349,-0.6,252,2.63,45,32.4,131,55.1,76,2023,0.6363172869638841,20,12,0.625,32
152,UNC Wilmington,CAA,24-10,+1.13,102.3,236,101.2,98,65.2,281,+.133,3,-3.46,240,102.9,261,106.4,217,+3.98,57,,CAA,65.2,281,102.3,236,48.9,262,18.6,221,27.8,210,39.8,18,101.2,98,49.2,110,20.7,54,28.0,161,37.6,311,65.2,281,65.2,313,19.1,326,17.5,137,102.3,236,101.8,215,101.2,98,98.7,74,76.8,226,-0.3,218,-0.7,245,+0.1,157,+0.7,89,-1.2,310,-0.4,227,1.64,236,29.1,224,34.7,240,2023,0.531041410589759,24,10,0.7058823529411765,34
95,UNLV,MWC,19-13,+7.38,107.1,136,99.7,79,69.3,69,+.014,147,+4.50,91,107.1,97,102.6,79,-3.21,259,,MWC,69.3,69,107.1,136,49.2,246,17.5,131,27.9,206,35.5,64,99.7,79,52.4,279,24.7,4,31.0,297,31.0,180,69.3,69,69.2,119,16.4,46,18.4,334,107.1,136,103.0,177,99.7,79,100.3,101,76.4,300,-1.0,311,-0.9,272,-1.1,320,-1.2,322,-0.2,207,-0.2,208,2.54,62,36.0,56,30.9,255,2023,0.6949510075357884,19,13,0.59375,32
45,USC,P12,22-11,+14.85,112.3,49,97.5,49,68.0,140,+.013,149,+7.60,52,107.2,93,99.6,19,+1.15,125,10,P12,68.0,140,112.3,49,51.3,138,18.1,175,28.9,171,33.2,113,97.5,49,45.4,11,17.8,186,32.3,322,30.2,157,68.0,140,68.4,156,16.9,96,18.2,314,112.3,49,105.3,131,97.5,49,98.1,65,79.0,4,+1.8,16,+1.6,40,+2.0,12,+1.6,21,+2.2,12,+2.4,18,2.14,140,24.5,317,46.9,147,2023,0.8355106217813376,22,11,0.6666666666666666,33
254,USC Upstate,BSth,16-16,-7.03,98.6,300,105.7,189,67.8,149,+.081,30,-3.25,235,103.7,222,106.9,254,+2.05,95,,BSth,67.8,149,98.6,300,50.7,177,19.2,257,24.7,297,31.4,180,105.7,189,50.1,147,20.5,59,32.2,320,42.8,351,67.8,149,68.1,173,16.9,93,18.1,304,98.6,300,98.2,294,105.7,189,103.8,197,77.4,136,-0.7,261,-0.5,228,-0.8,280,-0.4,240,+0.8,82,+2.3,20,0.99,328,34.8,73,43.7,173,2023,0.31010322488230263,16,16,0.5,32
241,UT Arlington,WAC,11-21,-6.09,99.7,283,105.8,190,65.7,260,+.011,156,+3.18,104,105.5,133,102.3,76,+4.26,53,,WAC,65.7,260,99.7,283,45.9,341,21.1,330,32.7,53,29.7,232,105.8,190,51.9,261,20.1,71,30.8,292,39.5,334,65.7,260,66.3,266,18.7,297,17.4,134,99.7,283,94.4,339,105.8,190,105.3,235,76.7,249,-1.0,310,-1.2,298,-0.8,288,-0.4,238,-0.2,207,+0.6,121,0.91,334,37.2,39,18.3,326,2023,0.3356086324178261,11,21,0.34375,32
246,UT Rio Grande Valley,WAC,15-17,-6.47,103.7,200,110.1,284,72.6,5,+.070,42,-0.27,144,105.0,149,105.2,170,-5.28,311,,WAC,72.6,5,103.7,200,51.2,142,22.2,351,29.0,164,45.9,2,110.1,284,52.0,267,16.9,254,29.5,235,38.9,328,72.6,5,73.7,4,15.8,19,16.6,13,103.7,200,101.1,234,110.1,284,109.2,312,78.0,56,+0.4,119,+0.3,137,+0.5,108,+1.1,53,+1.6,30,+1.0,98,1.05,321,29.9,200,17.5,331,2023,0.3343223988235365,15,17,0.46875,32
178,UTEP,CUSA,14-18,-0.70,99.3,287,100.0,81,66.9,189,-.008,216,+1.90,117,106.1,112,104.2,126,-2.54,242,,CUSA,66.9,189,99.3,287,48.6,274,22.9,357,33.3,40,38.8,28,100.0,81,51.1,208,22.9,16,29.7,238,37.3,306,66.9,189,67.5,204,18.2,253,17.1,54,99.3,287,96.3,320,100.0,81,100.1,94,76.3,309,-0.3,209,-0.9,280,+0.4,118,-0.2,223,-0.7,273,-2.4,340,2.02,163,32.4,134,13.5,344,2023,0.479815207864962,14,18,0.4375,32
278,UTSA,CUSA,10-22,-9.16,102.3,237,111.5,313,69.0,85,+.022,124,+1.60,121,105.3,134,103.7,109,-6.18,322,,CUSA,69.0,85,102.3,237,47.4,315,19.5,267,28.5,188,37.4,36,111.5,313,52.5,284,15.4,332,31.2,300,30.6,170,69.0,85,69.5,104,17.4,150,17.2,92,102.3,237,98.8,284,111.5,313,111.4,339,77.5,107,+1.3,40,+1.4,57,+1.2,43,-0.2,216,-0.2,207,+0.0,191,1.06,320,35.6,62,41.9,184,2023,0.2708485689317087,10,22,0.3125,32
75,Utah,P12,17-15,+11.46,107.3,129,95.8,37,66.0,237,-.077,333,+6.16,71,107.0,98,100.8,52,-4.05,284,,P12,66.0,237,107.3,129,49.0,257,17.9,158,30.8,100,29.2,250,95.8,37,45.0,10,15.2,336,27.4,125,24.4,21,66.0,237,66.6,252,18.0,226,17.9,254,107.3,129,102.7,186,95.8,37,95.6,27,79.0,6,+1.4,36,+2.0,23,+0.8,82,+1.2,48,+2.8,2,+2.7,14,1.89,186,28.2,242,59.0,48,2023,0.7864584716294521,17,15,0.53125,32
28,Utah St.,MWC,26-9,+17.39,116.3,16,98.9,70,68.6,111,+.006,169,+6.84,65,108.4,59,101.5,63,+2.87,83,10,MWC,68.6,111,116.3,16,55.5,8,17.6,135,27.4,220,34.9,70,98.9,70,48.1,69,15.7,314,24.5,26,30.4,161,68.6,111,69.1,123,17.0,107,17.7,196,116.3,16,111.5,21,98.9,70,101.0,117,78.2,32,+1.5,35,+1.1,70,+1.8,17,+2.2,3,+0.7,110,-0.1,204,2.88,28,23.0,336,45.6,160,2023,0.865731575847678,26,9,0.7428571428571429,35
146,Utah Tech,WAC,14-19,+1.34,107.7,124,106.4,204,68.4,117,-.100,350,+2.44,111,105.7,125,103.3,101,+3.17,76,,WAC,68.4,117,107.7,124,53.2,49,21.4,341,28.7,180,44.8,4,106.4,204,53.8,321,20.0,74,26.8,104,35.0,274,68.4,117,70.3,66,17.3,130,16.9,37,107.7,124,104.4,148,106.4,204,106.0,252,76.8,219,+0.1,154,+0.5,119,-0.2,216,-0.0,168,-0.1,197,-1.3,304,1.94,175,29.9,202,64.3,31,2023,0.534857384913758,14,19,0.42424242424242425,33
64,Utah Valley,WAC,28-9,+12.63,107.9,119,95.3,29,70.1,41,+.036,87,+3.20,103,106.5,104,103.3,100,+4.60,48,,WAC,70.1,41,107.9,119,51.7,107,19.3,258,28.9,169,35.6,62,95.3,29,44.0,4,16.3,293,29.1,217,28.7,113,70.1,41,71.8,31,17.1,116,16.6,8,107.9,119,104.6,145,95.3,29,95.6,26,78.2,37,+1.8,17,+2.1,19,+1.4,28,-0.8,280,+0.8,82,+1.9,35,2.12,143,26.6,279,47.7,137,2023,0.806591561860549,28,9,0.7567567567567568,37
60,VCU,A10,27-8,+12.84,106.6,144,93.8,15,67.9,142,+.020,130,+0.79,129,105.0,151,104.2,122,-1.77,209,12,A10,67.9,142,106.6,144,52.0,96,19.6,277,28.9,172,41.6,10,93.8,15,46.9,29,23.9,7,30.0,250,31.1,183,67.9,142,68.3,168,17.0,104,18.0,272,106.6,144,103.7,160,93.8,15,92.4,6,77.6,96,-0.2,199,-0.6,242,+0.3,132,+0.8,78,+1.2,56,+0.8,111,1.57,250,31.5,165,41.3,193,2023,0.8132191370640105,27,8,0.7714285714285715,35
354,VMI,SC,7-25,-19.57,98.3,304,117.9,361,66.6,209,+.005,176,-2.63,218,104.2,188,106.8,247,-2.16,229,,SC,66.6,209,98.3,304,47.8,303,19.3,263,28.9,168,21.0,362,117.9,361,56.9,360,14.6,347,27.3,122,28.1,97,66.6,209,66.8,236,19.0,323,16.7,23,98.3,304,97.5,303,117.9,361,116.3,362,75.5,354,-1.7,350,-1.0,283,-2.4,357,-1.9,355,-1.2,308,-1.7,320,0.72,350,25.2,303,14.9,339,2023,0.10998963501550751,7,25,0.21875,32
292,Valparaiso,MVC,11-21,-10.36,98.0,307,108.3,254,67.8,150,-.008,214,-3.19,232,103.5,234,106.7,239,-5.17,310,,MVC,67.8,150,98.0,307,49.0,258,18.2,184,22.6,336,27.9,293,108.3,254,51.5,238,15.7,316,24.7,34,31.8,211,67.8,150,68.5,155,17.6,183,17.3,102,98.0,307,97.2,307,108.3,254,105.8,244,77.7,86,+0.5,103,-0.0,169,+1.0,63,+1.5,30,+0.5,119,-0.2,209,1.54,261,26.7,277,35.9,235,2023,0.2406200217248642,11,21,0.34375,32
81,Vanderbilt,SEC,22-15,+10.29,113.9,30,103.7,143,66.6,206,+.084,26,+8.70,38,108.6,52,99.9,29,+1.98,98,,SEC,66.6,206,113.9,30,49.6,218,16.0,44,30.8,101,31.6,170,103.7,143,48.6,86,15.3,335,31.9,315,31.2,185,66.6,206,67.0,228,18.6,286,17.1,68,113.9,30,106.6,99,103.7,143,106.0,253,77.2,156,+1.0,65,+1.5,48,+0.5,107,+0.2,135,-0.7,267,-0.9,278,2.34,95,36.1,54,51.1,113,2023,0.7462887319521833,22,15,0.5945945945945946,37
114,Vermont,AE,23-11,+5.33,109.5,95,104.2,155,64.4,318,+.049,68,-3.01,228,103.5,233,106.5,228,+5.54,34,15,AE,64.4,318,109.5,95,54.8,20,14.3,9,19.2,359,28.1,288,104.2,155,51.0,207,16.6,274,22.3,3,26.9,60,64.4,318,65.4,308,18.6,292,17.8,229,109.5,95,108.8,57,104.2,155,101.3,128,76.5,275,-1.3,327,-1.1,290,-1.5,340,-0.6,263,-0.1,194,+0.4,150,2.52,65,33.5,106,37.1,228,2023,0.6388884207348617,23,11,0.6764705882352942,34
51,Villanova,BE,17-17,+13.70,113.4,39,99.7,78,63.8,333,-.075,330,+10.12,22,110.1,18,100.0,31,+3.84,63,,BE,63.8,333,113.4,39,51.5,117,15.5,29,22.6,337,30.0,221,99.7,78,50.7,189,17.3,224,25.2,49,27.7,87,63.8,333,65.0,321,19.1,331,17.7,184,113.4,39,106.9,92,99.7,78,103.7,191,77.5,103,-0.2,207,-1.1,295,+0.7,90,-0.1,212,+0.8,82,+2.1,30,2.09,149,30.6,186,54.0,81,2023,0.8146768864208147,17,17,0.5,34
34,Virginia,ACC,25-8,+16.37,110.8,72,94.5,25,61.5,360,+.027,113,+5.73,76,108.4,57,102.7,82,+1.52,108,4,ACC,61.5,360,110.8,72,51.2,144,13.6,6,25.6,267,34.7,77,94.5,25,48.3,75,19.5,93,24.9,37,26.3,48,61.5,360,62.5,360,19.4,343,18.8,360,110.8,72,108.2,69,94.5,25,96.5,40,76.6,262,+0.2,142,+0.6,112,-0.2,209,-0.9,299,+0.1,167,-2.1,334,3.60,4,27.7,251,71.9,12,2023,0.8617569387298422,25,8,0.7575757575757576,33
80,Virginia Tech,ACC,19-15,+10.51,113.9,31,103.4,139,66.6,211,-.066,320,+5.17,79,107.9,72,102.8,86,-4.12,285,,ACC,66.6,211,113.9,31,54.1,31,14.7,12,25.9,260,25.9,333,103.4,139,50.6,183,16.3,295,27.7,141,25.1,27,66.6,211,66.8,235,17.7,189,18.2,316,113.9,31,110.8,27,103.4,139,104.5,218,77.3,145,+0.4,123,+0.1,161,+0.7,94,-0.1,197,+0.1,168,+0.3,158,2.34,97,24.4,319,45.4,163,2023,0.7525451672548936,19,15,0.5588235294117647,34
313,Wagner,NEC,15-13,-11.85,94.0,347,105.9,193,61.9,358,+.019,137,-12.13,361,97.4,361,109.6,348,-3.07,257,,NEC,61.9,358,94.0,347,44.9,354,19.1,248,34.4,21,25.2,341,105.9,193,49.1,107,20.9,47,24.8,36,47.0,361,61.9,358,63.2,352,19.8,351,18.0,267,94.0,347,96.5,316,105.9,193,97.4,51,75.9,334,-1.3,328,-1.5,328,-1.1,313,-1.1,319,-1.5,326,-0.7,263,1.71,222,33.1,115,42.5,182,2023,0.20248975167621466,15,13,0.5357142857142857,28
86,Wake Forest,ACC,19-14,+9.05,112.1,52,103.1,133,69.4,66,-.012,227,+5.12,80,107.8,77,102.7,83,-2.32,236,,ACC,69.4,66,112.1,52,54.2,26,17.1,97,24.8,295,32.1,152,103.1,133,51.6,240,17.3,226,26.6,95,26.7,55,69.4,66,70.1,74,17.3,132,17.1,57,112.1,52,108.4,64,103.1,133,104.6,220,77.8,69,+2.7,4,+2.4,12,+3.0,1,+0.4,120,-1.4,325,-0.9,278,2.55,59,27.1,268,24.2,296,2023,0.7236135275024613,19,14,0.5757575757575758,33
107,Washington,P12,16-16,+5.92,105.3,165,99.4,75,69.1,82,+.037,83,+7.35,55,107.6,82,100.2,38,-0.70,179,,P12,69.1,82,105.3,165,48.8,263,19.9,298,26.4,244,31.7,166,99.4,75,47.1,38,18.4,155,34.6,356,25.4,31,69.1,82,69.2,115,17.0,103,17.8,211,105.3,165,98.6,287,99.4,75,100.4,102,78.1,50,+1.2,44,+2.4,13,+0.1,157,+1.4,39,+0.8,74,+0.4,152,2.07,153,27.2,266,34.5,242,2023,0.6599575412429038,16,16,0.5,32
67,Washington St.,P12,17-17,+12.11,111.3,65,99.2,72,64.3,319,-.079,337,+8.25,46,108.7,48,100.4,43,+4.50,51,,P12,64.3,319,111.3,65,50.4,188,18.5,213,31.5,87,28.2,280,99.2,72,49.8,131,16.6,278,26.1,75,28.4,105,64.3,319,64.8,328,19.2,336,17.8,227,111.3,65,105.4,129,99.2,72,101.1,118,78.8,11,+0.7,85,+1.5,42,-0.1,196,+0.9,58,+2.8,2,+3.5,3,1.42,286,27.4,263,37.6,224,2023,0.7897716124346981,17,17,0.5,34
196,Weber St.,BSky,18-15,-1.58,100.1,276,101.7,109,65.1,290,+.064,50,-0.27,145,105.9,123,106.1,207,+4.86,41,,BSky,65.1,290,100.1,276,50.8,165,19.2,250,21.0,347,33.7,103,101.7,109,52.8,294,19.3,105,22.4,6,31.7,203,65.1,290,65.5,304,18.3,270,18.1,296,100.1,276,99.2,274,101.7,109,101.6,134,77.6,93,+0.3,128,+1.1,71,-0.5,250,+0.5,112,+0.4,131,+0.9,102,2.10,146,30.9,180,38.8,206,2023,0.45453528043895003,18,15,0.5454545454545454,33
19,West Virginia,B12,19-15,+18.82,116.9,14,98.1,58,68.5,116,-.068,324,+12.45,5,110.5,8,98.1,4,+2.18,92,9,B12,68.5,116,116.9,14,51.5,120,18.5,216,34.0,26,39.4,22,98.1,58,50.9,198,20.9,48,29.3,224,38.7,322,68.5,116,69.6,97,17.9,210,16.8,28,116.9,14,108.9,54,98.1,58,101.8,137,77.4,120,+0.9,74,+0.5,124,+1.3,38,+0.3,125,-0.1,198,-0.3,216,2.50,68,30.7,184,17.0,332,2023,0.8824991514406814,19,15,0.5588235294117647,34
236,Western Carolina,SC,18-16,-5.57,102.4,232,108.0,243,67.4,169,+.042,76,-3.66,246,103.8,219,107.4,281,-4.16,287,,SC,67.4,169,102.4,232,49.1,251,15.7,36,25.5,270,33.8,98,108.0,243,51.0,202,15.6,323,25.2,47,34.1,257,67.4,169,67.5,205,18.3,263,17.1,60,102.4,232,102.4,194,108.0,243,105.6,240,75.7,346,-0.4,230,-1.0,286,+0.1,150,-0.2,218,-2.0,340,-4.1,357,1.81,206,22.8,337,25.4,283,2023,0.35153199895536025,18,16,0.5294117647058824,34
267,Western Illinois,Sum,16-14,-8.49,102.7,225,111.2,309,66.6,207,+.068,46,-5.41,295,103.6,227,109.0,341,-3.70,270,,Sum,66.6,207,102.7,225,50.1,204,15.2,24,27.1,227,31.4,181,111.2,309,53.4,312,16.4,286,26.5,89,27.4,69,66.6,207,67.7,191,17.8,195,17.5,139,102.7,225,104.0,151,111.2,309,108.6,301,76.8,218,-0.8,296,-1.3,305,-0.4,240,-0.6,266,-0.1,195,+1.2,72,1.34,295,19.2,354,22.1,305,2023,0.2860880415634693,16,14,0.5333333333333333,30
173,Western Kentucky,CUSA,17-16,-0.14,104.9,173,105.1,175,67.5,165,+.052,63,+1.82,118,105.8,124,104.0,117,-3.94,280,,CUSA,67.5,165,104.9,173,49.6,220,17.1,91,25.9,257,32.3,141,105.1,175,50.7,184,18.0,173,31.0,294,25.6,36,67.5,165,68.0,179,16.8,84,18.4,331,104.9,173,101.7,220,105.1,175,104.8,225,78.8,10,+3.2,2,+5.5,2,+1.1,51,+1.7,17,+0.3,148,+0.2,162,2.59,54,32.1,146,53.4,86,2023,0.4945240268226476,17,16,0.5151515151515151,33
323,Western Michigan,MAC,8-23,-13.80,102.5,230,116.3,356,65.6,272,-.055,300,-2.35,209,104.2,189,106.6,229,+0.37,148,,MAC,65.6,272,102.5,230,48.8,265,19.2,252,33.0,45,27.8,296,116.3,356,54.8,346,14.4,353,27.6,137,33.1,230,65.6,272,66.7,245,18.0,225,17.9,244,102.5,230,102.0,207,116.3,356,114.7,358,76.9,209,-0.8,295,-1.2,303,-0.4,244,-0.2,221,+0.8,82,+0.2,169,2.11,145,31.2,176,44.4,169,2023,0.18960666277652757,8,23,0.25806451612903225,31
102,Wichita St.,Amer,17-15,+6.39,106.6,147,100.2,83,66.1,230,-.049,291,+2.42,112,105.9,120,103.5,103,-2.39,238,,Amer,66.1,230,106.6,147,50.7,173,18.2,187,29.1,161,30.8,200,100.2,83,47.5,47,16.9,249,28.2,166,25.9,42,66.1,230,67.7,190,17.6,176,17.8,221,106.6,147,102.7,185,100.2,83,99.3,80,77.5,115,+0.4,112,+1.1,77,-0.2,215,+0.6,96,+0.2,155,+0.2,165,1.44,284,29.7,207,18.8,320,2023,0.6708487246667364,17,15,0.53125,32
320,William & Mary,CAA,13-20,-13.03,99.7,284,112.7,329,65.1,289,+.031,96,-4.61,271,102.6,276,107.2,269,+0.68,139,,CAA,65.1,289,99.7,284,49.4,232,18.8,233,27.4,219,29.2,253,112.7,329,53.9,323,17.0,246,29.9,243,27.4,69,65.1,289,65.0,319,18.5,281,18.2,317,99.7,284,99.7,263,112.7,329,110.0,320,77.2,166,-0.2,200,-0.3,208,-0.0,188,+0.1,151,+0.4,136,+0.2,174,1.69,229,35.5,63,22.5,303,2023,0.19631560466745057,13,20,0.3939393939393939,33
244,Winthrop,BSth,15-17,-6.43,108.5,107,114.9,347,66.7,194,+.032,95,-3.40,238,103.4,241,106.8,244,+2.11,93,,BSth,66.7,194,108.5,107,55.1,14,20.6,318,25.9,259,41.6,9,114.9,347,54.8,342,17.4,221,34.2,352,31.0,178,66.7,194,67.3,215,18.2,247,17.2,88,108.5,107,107.8,78,114.9,347,112.3,348,76.8,228,-0.9,306,-1.9,349,+0.1,157,+0.7,88,-0.7,270,+0.2,170,2.23,121,24.4,320,38.1,215,2023,0.34094447876055256,15,17,0.46875,32
61,Wisconsin,B10,20-15,+12.82,106.9,140,94.1,19,63.6,337,+.005,177,+10.57,14,110.8,6,100.2,35,+0.73,136,,B10,63.6,337,106.9,140,48.3,291,13.4,3,22.6,338,25.0,342,94.1,19,50.2,157,18.3,162,24.9,38,27.5,75,63.6,337,63.2,351,19.6,349,18.3,322,106.9,140,101.0,235,94.1,19,98.5,71,77.7,82,+1.6,27,+2.1,17,+1.1,47,-1.0,305,+0.0,183,+0.8,107,1.64,237,23.5,333,48.6,127,2023,0.8125494004921027,20,15,0.5714285714285714,35
232,Wofford,SC,17-16,-5.08,108.6,106,113.7,340,65.0,291,+.023,120,-3.15,231,103.6,226,106.8,243,-1.57,205,,SC,65.0,291,108.6,106,52.4,78,16.3,57,28.6,182,30.0,220,113.7,340,54.8,341,16.6,273,28.7,194,26.4,50,65.0,291,65.6,299,18.8,309,17.9,237,108.6,106,108.3,66,113.7,340,110.9,331,77.1,170,-0.7,262,-0.9,275,-0.4,238,-0.3,232,-0.2,207,+2.1,23,1.01,325,32.2,138,18.3,324,2023,0.3710399686619531,17,16,0.5151515151515151,33
197,Wright St.,Horz,18-15,-1.60,104.2,188,105.8,191,71.1,23,-.081,341,-6.14,312,102.7,272,108.8,337,-1.92,217,,Horz,71.1,23,104.2,188,53.5,44,17.3,107,26.2,251,24.0,352,105.8,191,50.3,164,17.2,234,26.6,92,27.6,79,71.1,23,71.9,30,15.8,20,17.6,157,104.2,188,106.9,93,105.8,191,101.6,133,76.3,307,-0.4,232,-0.6,239,-0.3,220,-0.3,225,-1.8,333,-0.9,278,2.32,102,29.5,212,57.0,62,2023,0.45630140171352396,18,15,0.5454545454545454,33
162,Wyoming,MWC,9-22,+0.54,107.4,127,106.9,217,65.6,270,-.099,349,+6.30,69,108.2,65,101.9,71,-0.54,174,,MWC,65.6,270,107.4,127,51.6,114,18.2,190,24.2,314,33.4,109,106.9,217,53.4,311,16.4,290,25.3,52,28.9,118,65.6,270,65.9,282,18.2,241,18.0,266,107.4,127,102.6,189,106.9,217,109.1,309,78.5,22,+1.0,59,+1.1,74,+0.9,70,+1.9,9,+1.9,17,+1.5,52,2.77,33,35.7,60,61.9,37,2023,0.5134125780548691,9,22,0.2903225806451613,31
15,Xavier,BE,27-10,+19.95,118.5,8,98.6,64,70.5,33,+.005,175,+10.42,16,110.3,13,99.9,27,+3.40,70,3,BE,70.5,33,118.5,8,55.2,13,17.2,99,30.7,105,31.4,179,98.6,64,50.3,163,16.2,297,25.0,43,27.0,63,70.5,33,72.0,28,16.4,45,17.0,47,118.5,8,111.9,17,98.6,64,102.8,164,78.4,26,+1.5,31,+2.0,21,+1.1,49,+0.6,94,+0.9,67,+1.9,33,2.99,16,24.6,314,58.3,55,2023,0.89227373510643,27,10,0.7297297297297297,37
65,Yale,Ivy,21-9,+12.63,110.1,86,97.5,50,66.2,224,-.053,297,+0.16,139,104.8,156,104.6,135,+0.10,156,,Ivy,66.2,224,110.1,86,52.8,58,16.4,64,28.0,199,30.6,209,97.5,50,47.0,34,18.4,149,23.2,11,33.9,250,66.2,224,67.3,214,18.2,245,17.3,98,110.1,86,108.8,58,97.5,50,94.8,16,77.5,106,-0.6,249,-0.8,260,-0.4,241,-0.1,194,+0.8,82,+2.7,12,0.90,337,31.2,174,50.1,121,2023,0.8018141555307923,21,9,0.7,30
131,Youngstown St.,Horz,24-10,+3.39,112.4,47,109.0,264,67.8,147,-.023,248,-6.54,315,101.9,299,108.5,325,-5.76,316,,Horz,67.8,147,112.4,47,54.7,22,15.7,34,30.7,108,29.4,244,109.0,264,51.3,221,17.9,178,29.2,219,26.2,45,67.8,147,68.7,138,17.3,137,17.5,140,112.4,47,115.1,5,109.0,264,104.3,213,76.6,259,-0.6,258,-1.3,315,+0.1,157,-0.8,288,-1.0,292,+0.6,127,3.02,14,24.3,321,28.7,265,2023,0.587401749125485,24,10,0.7058823529411765,34
