rk,TEAM,CONF,RECORD,KADJ EM,adjo,adjo.rank,adjd,adjd.rank,adjt,adjt.rank,luck,luck.rank,sos-adjem,sos-adjem.rank,sos-oppo,sos-oppo.rank,sos-oppd,sos-oppd.rank,ncsos-adjem,ncsos-adjem.rank,seed,conference,KADJ T,adjtempo.rank,KADJ O,adjoe.rank,off-efg%,off-efg%.rank,off-to%,off-to%.rank,off-or%,off-or%.rank,off-ftrate,off-ftrate.rank,KADJ D,adjde.rank,def-efg%,def-efg%.rank,def-to%,def-to%.rank,def-or%,def-or%.rank,def-ftrate,def-ftrate.rank,tempo-adj,tempo-adj.rank,tempo-raw,tempo-raw.rank,avg. poss length-offense,avg. poss length-offense.rank,avg. poss length-defense,avg. poss length-defense.rank,off. efficiency-adj,off. efficiency-adj.rank,off. efficiency-raw,off. efficiency-raw.rank,def. efficiency-adj,def. efficiency-adj.rank,def. efficiency-raw,def. efficiency-raw.rank,avghgt,avghgt.rank,effhgt,effhgt.rank,c-hgt,c-hgt.rank,pf-hgt,pf-hgt.rank,sf-hgt,sf-hgt.rank,sg-hgt,sg-hgt.rank,pg-hgt,pg-hgt.rank,EXP,experience.rank,bench,bench.rank,CONTINUITY,continuity.rank,YEAR,BARTHAG,W,L,WIN%,GAMES
254,Air Force,MWC,10-21,-8.64,96.8,265,105.5,229,57.3,346,-.046,292,+2.52,124,103.7,143,101.1,102,-7.67,324,,MWC,57.3,346,96.8,265,50.0,115,22.4,282,20.4,342,34.4,259,105.5,229,53.2,327,19.9,202,30.9,179,40.0,226,57.3,346,59.4,344,22.0,345,18.3,269,96.8,265,93.6,296,105.5,229,106.0,285,77.3,61,-0.4,199,-0.5,229,+0.1,160,+1.7,28,+1.8,38,+2.2,39,0.96,302,38.4,31,38.2,282,2010,0.2709643197210998,10,21,0.3225806451612903,31
121,Akron,MAC,24-11,+5.20,105.3,141,100.1,116,65.1,214,+.047,65,-1.52,190,102.2,185,103.7,197,-4.29,272,,MAC,65.1,214,105.3,141,49.3,146,19.9,147,36.3,31,36.6,199,100.1,116,47.1,87,21.0,135,30.7,171,41.5,250,65.1,214,66.3,231,18.4,242,18.0,212,105.3,141,104.4,104,100.1,116,98.1,96,76.1,233,+1.8,59,+1.3,39,+0.5,114,+0.7,94,-0.8,230,-2.4,316,1.53,160,38.9,28,75.1,31,2010,0.6416201322755279,24,11,0.6857142857142857,35
63,Alabama,SEC,17-15,+12.55,107.9,88,95.3,53,64.2,247,-.099,341,+6.75,61,106.5,49,99.8,64,-0.93,172,,SEC,64.2,247,107.9,88,49.0,157,19.6,122,32.5,114,34.3,263,95.3,53,47.7,115,21.4,107,32.8,249,36.5,151,64.2,247,66.0,240,18.5,247,18.0,213,107.9,88,103.8,120,95.3,53,97.9,94,76.5,179,+1.4,90,+0.5,114,+0.9,79,+1.0,59,-0.1,191,-1.8,308,1.18,262,32.6,133,49.1,205,2010,0.806591561860549,17,15,0.53125,32
327,Alabama A&M,SWAC,11-16,-19.70,87.5,338,107.2,264,70.2,25,-.016,219,-14.66,347,91.7,347,106.4,319,+8.50,15,,SWAC,70.2,25,87.5,338,40.4,347,22.0,259,31.1,167,48.1,12,107.2,264,48.1,137,26.1,5,39.7,347,43.1,273,70.2,25,72.5,20,16.7,72,16.4,11,87.5,338,87.8,335,107.2,264,96.5,65,75.6,289,-2.4,314,-1.6,323,-0.8,258,-0.9,255,+0.3,134,-0.8,248,1.44,188,41.4,9,42.6,257,2010,0.08825252639543188,11,16,0.4074074074074074,27
289,Alabama St.,SWAC,16-15,-12.63,93.5,298,106.2,242,65.2,212,+.022,110,-11.86,339,93.3,345,105.2,264,+8.16,21,,SWAC,65.2,212,93.5,298,45.2,306,23.7,321,33.8,74,45.3,32,106.2,242,48.9,163,23.5,26,29.3,110,48.9,328,65.2,212,67.9,145,18.7,268,16.9,43,93.5,298,93.8,295,106.2,242,97.0,76,76.1,232,-2.4,311,-1.1,287,-1.3,308,-1.0,279,+1.1,85,+1.5,53,0.51,341,36.3,64,21.4,337,2010,0.1877539879064157,16,15,0.5161290322580645,31
295,Albany,AE,7-25,-13.16,97.2,259,110.3,302,63.6,271,-.073,324,-4.25,245,99.6,267,103.8,208,-0.45,159,,AE,63.6,271,97.2,259,46.5,268,24.7,335,34.0,71,31.4,310,110.3,302,49.7,204,18.5,273,31.2,190,35.1,123,63.6,271,65.8,250,18.2,219,18.0,218,97.2,259,95.1,278,110.3,302,104.7,258,77.0,92,+2.1,43,+0.9,71,+1.2,46,+1.2,46,-0.7,219,+0.4,165,1.08,285,46.1,2,50.2,196,2010,0.18938949330167654,7,25,0.21875,32
347,Alcorn St.,SWAC,2-29,-32.65,81.3,346,113.9,341,72.1,9,-.030,254,-9.37,320,95.5,335,104.8,252,+5.19,52,,SWAC,72.1,9,81.3,346,41.8,343,27.5,347,26.9,296,42.2,70,113.9,341,52.3,315,20.8,144,39.3,346,44.7,290,72.1,9,75.3,4,15.2,7,16.6,22,81.3,346,80.5,346,113.9,341,108.1,318,76.0,249,-0.4,198,-0.5,234,+0.2,148,-0.8,246,+0.7,105,-0.8,247,0.53,339,43.9,4,32.2,308,2010,0.020282400638123796,2,29,0.06451612903225806,31
294,American,Pat,11-20,-13.09,94.1,294,107.2,259,62.4,303,+.016,120,-7.81,305,99.2,279,107.0,336,-6.12,307,,Pat,62.4,303,94.1,294,48.2,194,22.4,283,28.6,246,35.6,227,107.2,259,47.8,118,14.9,346,25.0,9,38.9,203,62.4,303,64.1,294,20.1,327,17.1,62,94.1,294,95.8,268,107.2,259,103.0,218,76.8,128,+1.4,79,+1.4,32,+0.1,161,-1.0,273,+0.1,142,+0.8,111,0.47,342,34.0,96,16.4,342,2010,0.18259123569576527,11,20,0.3548387096774194,31
109,Appalachian St.,SC,24-13,+6.18,110.1,58,104.0,202,65.3,207,+.012,131,-1.96,202,101.7,199,103.7,196,+2.75,87,,SC,65.3,207,110.1,58,54.1,17,21.8,249,34.2,60,40.3,105,104.0,202,48.9,160,15.6,343,25.9,22,32.7,73,65.3,207,66.6,216,18.3,235,17.5,113,110.1,58,109.4,34,104.0,202,102.7,203,75.9,262,-0.0,170,+0.3,133,-0.3,224,-3.0,342,-0.9,265,-1.6,276,1.92,63,32.9,125,76.9,26,2010,0.6582440026185031,24,13,0.6486486486486487,37
87,Arizona,P10,16-15,+8.83,108.4,83,99.5,108,67.6,88,+.027,98,+8.32,41,107.1,38,98.8,41,+6.93,32,,P10,67.6,88,108.4,83,50.1,112,20.2,158,26.9,293,44.3,44,99.5,108,48.7,156,18.3,277,29.9,130,38.3,192,67.6,88,68.6,117,17.4,131,17.5,125,108.4,83,102.4,146,99.5,108,102.9,209,75.6,292,-1.5,272,-1.4,309,-0.1,195,-1.6,315,-2.9,337,-1.6,299,1.24,248,27.9,242,42.9,256,2010,0.728140793030854,16,15,0.5161290322580645,31
52,Arizona St.,P10,22-11,+15.18,110.0,61,94.8,50,61.0,326,-.013,201,+4.11,89,104.1,131,100.0,72,-3.16,252,1,P10,61.0,326,110.0,61,53.4,28,19.3,112,26.7,298,38.0,156,94.8,50,45.6,43,20.8,145,29.2,105,34.8,117,61.0,326,62.2,328,19.3,305,19.2,338,110.0,61,107.4,57,94.8,50,94.3,36,76.6,153,+0.9,116,+1.3,38,-0.5,232,-0.8,249,+0.1,151,+1.4,74,2.22,24,27.6,253,64.0,86,2010,0.846859110864095,22,11,0.6666666666666666,33
119,Arkansas,SEC,14-18,+5.30,105.9,129,100.6,124,69.7,31,-.075,326,+5.50,75,105.9,69,100.3,88,-2.77,236,,SEC,69.7,31,105.9,129,50.0,119,19.0,99,28.1,256,42.1,72,100.6,124,49.3,180,20.4,178,33.0,257,35.0,121,69.7,31,71.4,29,16.5,57,17.3,91,105.9,129,103.3,128,100.6,124,102.5,200,76.0,245,-0.8,233,-0.5,228,-0.4,227,-0.9,266,-1.6,304,-0.6,213,1.35,218,36.8,56,54.2,164,2010,0.643467114788924,14,18,0.4375,32
281,Arkansas Little Rock,SB,8-22,-11.99,99.6,220,111.6,324,65.5,196,-.022,239,-1.79,198,102.4,178,104.2,224,+8.46,17,,SB,65.5,196,99.6,220,47.8,215,20.1,154,26.9,292,46.0,22,111.6,324,51.6,292,17.5,319,30.7,169,39.7,221,65.5,196,66.6,219,17.8,174,17.9,198,99.6,220,98.5,217,111.6,324,109.9,330,75.5,303,-1.6,276,-0.7,261,-0.9,267,-1.3,305,-1.6,305,+0.4,163,1.17,266,39.2,23,35.4,299,2010,0.21278365199817503,8,22,0.26666666666666666,30
231,Arkansas Pine Bluff,SWAC,18-16,-6.44,93.1,303,99.5,107,65.1,215,+.053,50,-7.62,300,96.4,324,104.0,213,+17.98,1,16,SWAC,65.1,215,93.1,303,44.7,318,24.5,331,33.4,90,48.4,9,99.5,107,45.5,41,20.4,175,26.2,27,54.5,342,65.1,215,67.4,172,18.8,274,16.5,21,93.1,303,92.9,306,99.5,107,94.2,34,76.0,253,-1.2,261,-0.7,256,-0.6,238,-1.2,302,-0.9,246,-1.6,282,1.68,119,33.0,122,73.9,35,2010,0.31765710643047046,18,16,0.5294117647058824,34
202,Arkansas St.,SB,17-14,-2.95,99.1,229,102.0,157,66.5,144,+.002,166,-5.00,257,100.8,230,105.8,299,-1.60,201,,SB,66.5,144,99.1,229,48.7,170,20.3,167,30.8,175,40.3,104,102.0,157,46.1,54,17.7,310,27.7,51,35.2,126,66.5,144,67.4,171,17.5,148,17.9,194,99.1,229,100.1,191,102.0,157,99.3,129,75.8,275,-0.7,219,-0.8,271,+0.1,152,-1.0,282,-0.4,210,-1.6,273,0.47,343,27.9,241,19.5,339,2010,0.417827341947285,17,14,0.5483870967741935,31
259,Army,Pat,14-15,-9.68,89.3,330,99.0,99,62.8,291,-.018,231,-9.01,316,98.9,286,107.9,343,-9.28,343,,Pat,62.8,291,89.3,330,46.5,269,22.9,298,28.7,238,30.7,313,99.0,99,48.9,164,26.4,4,29.4,113,48.2,323,62.8,291,64.7,281,18.3,229,18.3,265,89.3,330,93.0,304,99.0,99,93.9,31,74.3,344,-3.9,340,-1.2,300,-2.7,344,-2.9,339,-2.9,340,-1.5,265,2.03,43,36.1,71,67.7,60,2010,0.2339999800113046,14,15,0.4827586206896552,29
103,Auburn,SEC,15-17,+6.98,109.9,63,102.9,174,69.0,45,-.075,327,+5.52,73,105.5,78,100.0,73,-3.37,254,,SEC,69.0,45,109.9,63,51.1,75,19.4,116,30.9,171,36.7,196,102.9,174,51.8,300,21.2,121,30.6,163,38.3,193,69.0,45,71.0,34,16.4,46,17.3,90,109.9,63,105.0,94,102.9,174,103.8,235,76.2,218,+0.6,133,+0.7,88,-0.1,209,-1.1,295,-0.9,263,+1.0,106,1.30,234,27.5,256,57.9,135,2010,0.680669882013708,15,17,0.46875,32
207,Austin Peay,OVC,17-15,-3.52,103.7,157,107.2,261,66.0,173,+.082,19,-1.53,191,102.5,176,104.0,212,+9.04,11,,OVC,66.0,173,103.7,157,50.2,101,21.0,201,29.5,213,45.8,25,107.2,261,51.2,274,19.5,228,33.9,289,34.1,98,66.0,173,67.8,153,18.4,237,17.0,52,103.7,157,103.2,129,107.2,261,106.3,290,76.4,195,-0.6,213,-0.5,234,-0.1,186,-0.5,227,-0.1,192,+0.4,173,0.81,323,29.6,207,43.1,255,2010,0.405709098958727,17,15,0.53125,32
10,BYU,MWC,30-6,+23.27,117.3,10,94.0,37,71.1,15,+.012,130,+3.88,98,104.9,96,101.0,99,-0.03,148,7,MWC,71.1,15,117.3,10,54.9,12,16.1,9,28.3,253,38.9,127,94.0,37,46.6,69,22.1,70,25.3,12,36.3,145,71.1,15,71.4,28,15.3,11,18.4,290,117.3,10,115.1,5,94.0,37,92.8,24,77.0,96,+0.1,165,+0.6,96,-0.6,242,-0.3,213,+0.1,148,+0.5,119,1.64,131,32.5,136,63.1,93,2010,0.9273420515694083,30,6,0.8333333333333334,36
222,Ball St.,MAC,15-15,-5.45,94.6,291,100.1,117,62.0,309,+.052,53,-2.85,227,100.8,232,103.6,194,-4.22,269,,MAC,62.0,309,94.6,291,45.0,312,22.7,292,30.0,201,46.6,19,100.1,117,45.3,38,18.1,288,29.7,118,32.1,67,62.0,309,62.8,321,19.6,316,18.3,277,94.6,291,93.1,301,100.1,117,97.0,77,75.7,278,-3.6,336,-1.6,322,-2.0,337,-0.1,200,+0.1,169,-0.6,211,0.81,324,32.9,126,35.2,300,2010,0.343014231798212,15,15,0.5,30
8,Baylor,B12,28-8,+24.95,119.2,5,94.3,43,64.5,235,-.021,234,+10.59,8,108.3,13,97.7,14,-2.79,237,3,B12,64.5,235,119.2,5,54.4,15,20.2,162,37.7,21,36.1,214,94.3,43,44.4,20,17.7,308,30.4,158,34.2,99,64.5,235,67.2,184,17.4,127,18.4,285,119.2,5,112.7,11,94.3,43,98.2,102,78.0,21,+6.2,1,+2.3,13,+4.0,1,+1.3,41,-0.9,233,-0.6,229,1.97,52,23.4,316,47.0,221,2010,0.9367130590201929,28,8,0.7777777777777778,36
132,Belmont,ASun,19-12,+3.67,103.3,166,99.6,110,68.8,52,-.013,208,-3.95,241,100.6,241,104.5,239,+3.56,73,,ASun,68.8,52,103.3,166,52.1,48,23.5,319,32.3,133,43.4,57,99.6,110,45.7,47,20.5,162,33.0,254,37.1,170,68.8,52,70.6,45,16.9,87,17.1,59,103.3,166,102.9,139,99.6,110,95.9,48,77.2,72,+0.8,118,+0.7,86,+0.1,155,+1.1,51,+0.3,132,-0.6,209,0.99,292,36.1,69,31.3,315,2010,0.6033552058612718,19,12,0.6129032258064516,31
292,Bethune Cookman,MEAC,17-16,-12.98,93.9,295,106.9,256,58.9,341,+.043,72,-10.52,329,96.1,329,106.6,328,-2.25,224,,MEAC,58.9,341,93.9,295,45.4,300,20.9,196,31.5,157,36.9,190,106.9,256,49.1,171,21.8,77,31.4,200,45.8,302,58.9,341,60.3,340,20.6,332,18.8,324,93.9,295,95.4,275,106.9,256,99.8,138,76.0,250,-3.1,330,-1.1,292,-2.0,334,-1.0,278,+1.1,85,-1.5,267,0.98,298,35.7,74,55.7,147,2010,0.1837522612894717,17,16,0.5151515151515151,33
272,Binghamton,AE,13-18,-11.07,98.1,244,109.2,290,62.5,300,+.045,69,-3.36,231,100.9,227,104.3,229,+2.22,100,,AE,62.5,300,98.1,244,47.2,244,22.3,277,32.5,119,33.1,290,109.2,290,49.4,191,17.7,312,32.8,250,33.0,82,62.5,300,63.5,311,20.3,330,17.4,106,98.1,244,96.5,255,109.2,290,106.8,294,77.8,31,+0.5,134,-0.4,221,+0.9,70,+1.4,39,+3.1,5,+2.1,42,0.72,333,24.7,304,20.8,338,2010,0.22570440380670573,13,18,0.41935483870967744,31
161,Boise St.,WAC,15-17,+0.94,102.2,182,101.3,142,69.5,35,-.064,313,-0.68,175,104.7,108,105.4,281,-7.53,322,,WAC,69.5,35,102.2,182,50.7,85,20.0,150,31.8,144,29.8,323,101.3,142,51.1,266,20.3,184,30.1,140,30.9,44,69.5,35,71.3,30,15.7,20,17.8,168,102.2,182,103.0,134,101.3,142,102.1,186,77.5,46,+2.1,47,+0.6,93,+1.4,32,+3.0,5,-0.8,228,+0.4,146,1.62,137,27.1,267,58.1,132,2010,0.5254082366004593,15,17,0.46875,32
74,Boston College,ACC,15-16,+10.87,110.7,51,99.8,114,64.1,256,-.086,337,+8.22,43,105.6,74,97.4,5,-5.29,290,,ACC,64.1,256,110.7,51,49.1,152,19.6,123,36.1,32,30.5,314,99.8,114,47.8,122,17.8,305,31.1,188,31.0,45,64.1,256,66.1,237,18.8,271,17.5,111,110.7,51,104.5,102,99.8,114,100.1,146,77.6,40,+1.7,65,+0.2,142,+1.5,27,+1.6,29,+1.8,39,+1.4,61,1.83,79,34.7,90,75.9,28,2010,0.7671057267293534,15,16,0.4838709677419355,31
133,Boston University,AE,21-14,+3.51,103.8,155,100.3,120,69.8,28,+.008,149,-2.66,219,100.3,250,102.9,174,+4.04,66,,AE,69.8,28,103.8,155,48.4,183,19.4,117,27.8,267,38.2,144,100.3,120,46.8,78,20.5,168,28.6,74,42.4,266,69.8,28,70.2,62,16.9,92,17.1,60,103.8,155,102.2,150,100.3,120,96.8,70,76.9,118,-0.5,209,-0.2,188,-0.3,220,-0.9,256,+0.1,152,+2.4,34,2.58,6,19.8,337,64.2,85,2010,0.5973542484133406,21,14,0.6,35
200,Bowling Green,MAC,14-16,-2.90,101.3,191,104.2,206,63.1,282,+.052,52,+0.77,154,102.9,167,102.2,140,-0.33,154,,MAC,63.1,282,101.3,191,48.3,188,22.1,267,32.3,128,35.6,225,104.2,206,50.7,257,20.3,183,29.9,132,34.5,108,63.1,282,63.9,302,19.0,285,18.2,257,101.3,191,98.1,223,104.2,206,103.8,237,76.8,135,+1.6,71,+0.5,114,+1.1,47,+0.1,145,+0.1,183,-5.5,344,1.80,86,20.7,332,50.1,198,2010,0.4195561366023743,14,16,0.4666666666666667,30
114,Bradley,MVC,16-15,+5.69,106.3,119,100.6,125,64.9,222,+.016,121,+4.53,84,105.6,76,101.1,100,+0.99,129,,MVC,64.9,222,106.3,119,49.7,131,18.4,68,26.9,294,37.8,161,100.6,125,47.4,104,18.7,263,31.3,194,30.5,39,64.9,222,65.1,267,18.0,194,18.9,332,106.3,119,102.5,145,100.6,125,102.5,202,76.4,187,-0.0,173,+0.6,102,-0.6,246,+0.0,171,-1.2,291,-0.6,203,1.49,179,26.1,286,46.2,229,2010,0.6533505594825217,16,15,0.5161290322580645,31
284,Brown,Ivy,11-20,-12.16,100.0,215,112.1,334,66.1,169,+.004,161,-3.71,239,99.6,266,103.3,186,-1.20,190,,Ivy,66.1,169,100.0,215,50.2,100,19.5,121,19.4,346,37.8,162,112.1,334,50.1,226,14.8,347,32.1,225,24.8,4,66.1,169,66.8,202,18.8,273,16.9,46,100.0,215,98.7,211,112.1,334,108.2,319,77.3,58,+1.4,85,-0.5,234,+1.9,15,+1.5,31,+1.7,41,+0.8,109,1.57,148,32.0,146,53.7,169,2010,0.21189454973315794,11,20,0.3548387096774194,31
346,Bryant,NEC,1-29,-32.20,79.5,347,111.7,327,62.1,308,-.029,248,-7.63,301,98.6,292,106.2,316,+1.46,119,,NEC,62.1,308,79.5,347,42.6,338,25.7,344,22.8,334,26.9,344,111.7,327,50.7,258,19.1,248,34.4,298,43.1,271,62.1,308,64.5,287,19.2,303,17.3,82,79.5,347,80.3,347,111.7,327,106.9,296,76.0,256,-1.7,279,-0.2,199,-1.5,317,-1.0,277,+0.1,170,+1.4,70,0.73,332,37.3,45,40.4,268,2010,0.019633554272861096,1,29,0.03333333333333333,30
246,Bucknell,Pat,14-17,-7.96,98.0,249,105.9,239,63.8,265,-.018,230,-7.86,308,99.4,274,107.3,341,-4.96,284,,Pat,63.8,265,98.0,249,46.7,260,17.5,35,29.1,225,34.7,252,105.9,239,49.3,182,19.7,221,29.1,100,37.8,178,63.8,265,65.5,256,18.4,239,18.2,263,98.0,249,100.5,184,105.9,239,101.8,181,76.3,210,-0.1,179,+0.6,104,-0.7,248,-0.6,232,-0.9,243,+0.4,157,1.67,123,29.2,214,51.4,186,2010,0.2907860645164434,14,17,0.45161290322580644,31
158,Buffalo,MAC,18-12,+1.47,106.6,112,105.1,226,68.2,68,+.065,41,-0.92,181,101.2,219,102.1,139,-0.72,164,,MAC,68.2,68,106.6,112,49.3,144,20.1,155,33.0,99,36.2,211,105.1,226,51.9,303,21.6,93,28.4,68,38.1,184,68.2,68,68.7,110,16.8,81,18.0,216,106.6,112,103.9,116,105.1,226,102.8,205,76.0,244,-0.6,215,-0.5,231,-0.1,208,-1.5,310,-0.9,252,+1.4,82,1.98,51,31.3,165,67.6,61,2010,0.5406523634205559,18,12,0.6,30
12,Butler,Horz,33-5,+22.45,111.0,49,88.5,7,63.0,286,+.032,91,+6.85,60,106.7,45,99.9,68,+11.11,4,5,Horz,63.0,286,111.0,49,51.0,80,18.8,92,28.7,241,46.9,16,88.5,7,46.6,68,21.9,73,26.1,24,34.6,110,63.0,286,64.0,299,18.5,252,18.6,313,111.0,49,107.2,60,88.5,7,92.5,19,76.1,238,-2.0,294,-0.5,234,-1.5,320,-1.0,286,-0.9,247,+0.4,145,1.93,60,23.3,319,93.2,1,2010,0.9311870340324501,33,5,0.868421052631579,38
243,Cal Poly,BW,12-19,-7.76,103.2,167,111.0,315,66.4,145,+.048,63,-2.41,211,102.0,188,104.4,238,-1.00,180,,BW,66.4,145,103.2,167,47.5,227,19.6,126,32.4,125,38.3,141,111.0,315,51.9,305,17.9,299,29.1,98,54.1,340,66.4,145,67.9,148,17.7,165,17.5,119,103.2,167,102.2,151,111.0,315,110.0,331,75.9,260,-3.0,328,-2.0,336,-1.1,292,+0.5,116,+0.1,150,+0.1,186,1.21,256,34.0,97,46.5,224,2010,0.3019760921265891,12,19,0.3870967741935484,31
285,Cal St. Bakersfield,ind,7-22,-12.17,96.1,280,108.2,276,67.0,120,-.015,216,-1.66,196,102.7,172,104.3,230,-1.20,191,,ind,67.0,120,96.1,280,43.3,332,21.8,256,33.6,82,43.5,55,108.2,276,50.6,250,18.8,260,35.4,314,36.6,152,67.0,120,68.8,104,17.8,173,17.3,83,96.1,280,94.9,279,108.2,276,107.5,304,76.4,183,-3.4,333,-1.4,305,-2.0,336,-0.8,250,+1.1,85,+2.9,15,1.47,182,29.4,209,54.7,156,2010,0.20362200545423426,7,22,0.2413793103448276,29
210,Cal St. Fullerton,BW,16-15,-3.79,102.5,177,106.2,244,67.9,77,+.040,79,-2.55,216,101.4,210,104.0,211,+0.78,132,,BW,67.9,77,102.5,177,49.9,121,20.7,183,28.9,230,42.9,63,106.2,244,48.1,135,17.7,309,30.9,182,39.3,214,67.9,77,68.6,118,16.7,75,17.8,167,102.5,177,102.0,153,106.2,244,104.2,248,76.3,200,+0.1,162,+0.1,149,-0.1,192,+0.1,156,-1.9,321,-0.6,220,1.15,274,21.5,330,40.0,271,2010,0.3994385413481197,16,15,0.5161290322580645,31
223,Cal St. Northridge,BW,11-21,-5.57,97.8,251,103.4,182,70.7,18,-.017,224,-1.54,192,102.3,180,103.8,205,+0.97,130,,BW,70.7,18,97.8,251,46.3,273,23.8,323,35.2,47,52.3,2,103.4,182,48.9,165,22.3,59,33.5,273,47.8,319,70.7,18,72.7,17,15.5,15,17.3,80,97.8,251,96.8,252,103.4,182,102.3,188,76.3,214,-0.8,222,-0.5,234,-0.2,215,+0.4,128,-0.4,207,-1.3,261,1.24,247,41.0,12,40.7,267,2010,0.34517320570922216,11,21,0.34375,32
14,California,P10,24-11,+22.15,119.6,3,97.4,76,67.1,107,-.043,282,+9.03,25,106.5,53,97.5,8,+8.46,16,8,P10,67.1,107,119.6,3,53.3,29,17.6,41,32.1,140,35.4,235,97.4,76,48.4,144,18.9,254,29.9,128,33.3,85,67.1,107,68.2,131,17.5,149,17.9,204,119.6,3,113.4,9,97.4,76,99.7,137,76.7,148,+0.9,112,+0.6,92,+0.3,135,+1.0,58,+0.7,107,-1.6,301,2.62,4,27.3,261,78.8,17,2010,0.9138247858301115,24,11,0.6857142857142857,35
163,Campbell,ASun,19-11,+0.85,100.5,202,99.7,112,64.2,251,+.002,164,-5.22,260,99.9,260,105.1,259,-1.95,215,,ASun,64.2,251,100.5,202,49.2,149,21.6,240,31.7,149,46.0,24,99.7,112,50.8,261,27.5,2,31.8,210,42.4,264,64.2,251,66.7,209,18.1,214,17.9,185,100.5,202,101.6,160,99.7,112,95.7,46,76.0,258,-3.6,335,-2.5,346,-1.1,299,-0.4,221,+0.1,143,+1.4,76,2.21,25,32.7,131,84.0,6,2010,0.5229609845745941,19,11,0.6333333333333333,30
201,Canisius,MAAC,15-17,-2.93,100.1,208,103.1,178,65.6,193,-.002,176,-2.12,204,100.1,256,102.2,145,-3.67,259,,MAAC,65.6,193,100.1,208,47.0,253,22.0,260,33.5,88,33.7,278,103.1,178,47.8,121,19.7,219,31.9,211,31.6,55,65.6,193,66.6,214,18.1,211,17.9,189,100.1,208,98.0,228,103.1,178,99.3,130,75.2,323,-2.3,307,-1.5,310,-0.8,254,-0.5,228,-1.6,308,-1.6,302,2.61,5,25.8,289,87.8,2,2010,0.4159086847283935,15,17,0.46875,32
318,Centenary,Sum,8-21,-18.48,95.0,288,113.5,338,69.7,30,+.009,144,-4.29,247,100.8,233,105.1,256,+1.99,104,,Sum,69.7,30,95.0,288,47.8,212,20.9,194,21.9,337,37.8,163,113.5,338,55.5,343,21.7,81,35.3,312,45.9,303,69.7,30,71.4,27,17.1,109,16.5,14,95.0,288,94.4,285,113.5,338,111.6,341,75.6,290,-2.9,323,-1.2,302,-1.7,324,-1.0,272,-0.4,209,+0.2,181,0.86,316,31.8,151,32.0,312,2010,0.11444214585270032,8,21,0.27586206896551724,29
304,Central Arkansas,Slnd,9-21,-14.29,92.0,311,106.3,246,64.1,255,-.091,339,-6.64,287,99.8,262,106.4,321,-5.22,287,,Slnd,64.1,255,92.0,311,46.0,284,22.2,273,29.6,212,46.4,20,106.3,246,50.5,244,20.3,181,32.9,252,34.6,112,64.1,255,65.7,251,18.7,265,18.0,207,92.0,311,93.4,298,106.3,246,103.8,239,75.3,313,-1.2,256,-1.1,296,-0.1,184,-1.5,309,-1.8,313,-0.6,218,0.79,327,26.7,276,30.0,322,2010,0.15956313687240162,9,21,0.3,30
309,Central Connecticut,NEC,12-18,-15.50,92.3,308,107.8,272,63.4,276,-.007,190,-11.39,335,95.6,334,107.0,335,-7.87,329,,NEC,63.4,276,92.3,308,45.1,309,21.1,209,31.4,162,34.2,264,107.8,272,50.4,239,22.5,53,32.5,235,28.6,16,63.4,276,63.7,307,18.5,255,18.8,325,92.3,308,94.6,282,107.8,272,100.0,142,74.6,343,-5.6,347,-3.3,347,-2.3,341,-1.9,330,-1.1,280,-1.6,283,1.51,166,37.0,51,50.1,197,2010,0.14366401692826647,12,18,0.4,30
196,Central Michigan,MAC,15-15,-1.85,101.6,187,103.4,184,63.5,272,-.016,222,-2.24,206,100.4,245,102.6,162,-1.74,208,,MAC,63.5,272,101.6,187,48.1,200,22.1,264,33.9,73,38.2,145,103.4,184,47.8,123,23.5,27,30.3,150,54.8,344,63.5,272,64.3,292,19.1,288,18.0,228,101.6,187,99.5,197,103.4,184,99.6,135,75.5,301,-2.6,320,-0.6,250,-2.0,335,-1.0,285,-0.9,251,-1.1,254,1.94,58,32.2,142,40.2,269,2010,0.4496818062266657,15,15,0.5,30
293,Charleston Southern,BSth,13-17,-13.06,94.7,290,107.8,271,62.6,297,+.006,156,-7.86,307,98.1,304,106.0,308,+7.65,24,,BSth,62.6,297,94.7,290,46.8,258,21.8,253,32.7,111,28.7,330,107.8,271,49.5,194,20.5,167,33.0,255,38.7,200,62.6,297,66.0,244,18.5,253,17.5,122,94.7,290,95.4,274,107.8,271,102.3,191,76.6,160,+0.8,119,+0.4,131,+0.4,121,+1.0,73,+0.3,133,-0.6,226,1.17,268,27.8,247,45.4,236,2010,0.18392441859163505,13,17,0.43333333333333335,30
96,Charlotte,A10,19-12,+7.91,108.7,79,100.8,130,67.1,110,+.068,38,+3.85,99,103.7,142,99.8,65,-0.61,162,,A10,67.1,110,108.7,79,47.4,234,19.2,105,34.6,55,42.5,68,100.8,130,47.1,91,17.6,315,30.9,180,32.0,66,67.1,110,69.7,75,17.9,183,16.5,17,108.7,79,104.5,103,100.8,130,101.4,176,76.3,209,+0.7,126,+0.3,132,+0.4,130,+1.5,36,+0.7,110,-2.6,327,1.41,193,35.0,86,43.5,250,2010,0.7042699194320696,19,12,0.6129032258064516,31
248,Chattanooga,SC,15-18,-8.19,96.9,261,105.1,225,68.9,49,+.033,89,-3.67,238,101.7,202,105.3,276,-2.66,231,,SC,68.9,49,96.9,261,50.1,113,23.0,306,29.1,223,33.1,288,105.1,225,51.4,282,20.5,170,29.3,109,31.4,51,68.9,49,70.3,55,15.9,23,17.8,182,96.9,261,97.1,244,105.1,225,103.7,234,77.6,41,+1.3,94,+1.1,52,+0.2,145,+1.1,48,+2.2,16,+1.4,68,0.54,338,39.2,21,25.8,331,2010,0.2820781156881347,15,18,0.45454545454545453,33
342,Chicago St.,GWC,9-23,-24.62,85.3,342,109.9,298,67.1,112,+.001,170,-10.16,327,97.0,316,107.1,339,-0.10,150,,GWC,67.1,112,85.3,342,40.7,345,23.4,317,32.4,123,37.0,186,109.9,298,53.5,332,23.3,32,31.5,203,47.2,310,67.1,112,68.5,124,18.5,256,16.5,16,85.3,342,86.4,340,109.9,298,104.0,240,76.0,259,-2.1,297,-1.0,283,-1.1,297,+0.1,170,-0.1,194,-2.5,320,0.95,303,33.7,106,32.0,310,2010,0.05146295192876632,9,23,0.28125,32
68,Cincinnati,BE,19-16,+11.92,106.3,120,94.4,44,65.3,206,-.013,207,+9.77,14,108.3,14,98.5,30,-1.16,185,2,BE,65.3,206,106.3,120,47.6,225,19.7,129,36.5,29,32.2,300,94.4,44,47.2,93,18.0,296,27.9,53,36.0,138,65.3,206,66.7,212,18.6,257,17.6,142,106.3,120,101.5,162,94.4,44,98.6,111,77.0,109,+1.0,110,+0.7,85,+0.2,139,+0.4,126,-0.0,189,+0.4,129,1.75,101,38.5,29,63.0,94,2010,0.7966243441946735,19,16,0.5428571428571428,35
25,Clemson,ACC,21-11,+19.28,110.9,50,91.6,20,67.6,87,-.041,277,+8.76,31,106.3,61,97.6,11,-2.85,239,7,ACC,67.6,87,110.9,50,51.1,78,21.5,233,35.6,38,34.8,248,91.6,20,46.4,58,24.7,8,31.6,204,35.4,130,67.6,87,70.0,66,17.2,118,16.7,33,110.9,50,104.7,99,91.6,20,92.6,22,76.7,143,+0.2,154,-0.3,206,+0.5,107,+1.4,37,+0.1,141,-2.6,323,1.78,89,30.1,196,59.8,120,2010,0.9001392412590021,21,11,0.65625,32
152,Cleveland St.,Horz,16-17,+2.16,105.9,130,103.7,197,64.5,242,-.010,198,+2.99,111,104.7,111,101.7,116,+7.65,25,,Horz,64.5,242,105.9,130,49.0,160,18.4,66,27.4,275,34.5,257,103.7,197,52.1,310,23.3,31,33.6,279,50.7,336,64.5,242,65.5,258,18.4,244,18.0,215,105.9,130,102.6,143,103.7,197,104.5,254,76.2,230,-1.6,277,-0.1,181,-1.5,319,-1.9,329,+0.1,183,+1.4,78,1.19,260,25.6,294,40.7,266,2010,0.5600638222650327,16,17,0.48484848484848486,33
148,Coastal Carolina,BSth,28-7,+2.51,101.8,185,99.3,102,63.1,281,+.022,108,-12.29,340,95.7,332,108.0,346,-8.03,331,7,BSth,63.1,281,101.8,185,51.5,62,19.3,108,35.3,46,36.0,217,99.3,102,43.9,9,20.4,177,30.2,148,29.6,23,63.1,281,67.0,190,18.8,272,17.0,53,101.8,185,106.1,78,99.3,102,91.9,14,76.7,149,-1.0,240,-0.9,275,-0.1,183,+0.1,147,+0.1,155,+2.4,34,1.70,114,30.2,195,50.4,193,2010,0.5710024102780074,28,7,0.8,35
290,Colgate,Pat,10-19,-12.67,97.8,250,110.5,306,65.6,191,-.031,255,-8.15,310,97.8,307,106.0,310,-7.17,319,,Pat,65.6,191,97.8,250,49.4,139,22.2,274,30.7,180,34.5,258,110.5,306,51.2,271,18.9,253,28.3,66,36.8,158,65.6,191,67.0,193,18.3,233,17.3,93,97.8,250,98.9,205,110.5,306,104.9,261,75.7,285,-1.9,289,-1.0,282,-0.9,266,-0.8,245,-1.5,302,+0.4,165,1.70,111,24.8,303,46.8,222,2010,0.1971748801872015,10,19,0.3448275862068966,29
151,College of Charleston,SC,22-12,+2.30,109.4,68,107.1,257,68.6,61,+.100,11,-1.36,189,102.0,190,103.3,184,+2.60,91,,SC,68.6,61,109.4,68,53.7,21,16.5,16,23.2,332,21.0,347,107.1,257,49.4,187,19.2,242,37.0,336,31.3,47,68.6,61,69.4,79,16.6,64,18.0,210,109.4,68,107.7,54,107.1,257,105.3,268,75.9,265,-0.5,211,-0.5,227,-0.1,169,-2.0,333,-0.9,242,+0.4,150,2.04,41,24.6,307,52.7,177,2010,0.5607856031770533,22,12,0.6470588235294118,34
92,Colorado,B12,15-16,+8.63,113.1,29,104.5,211,67.0,118,-.036,268,+9.38,18,107.0,40,97.6,12,-3.90,265,,B12,67.0,118,113.1,29,53.4,27,19.1,102,21.9,336,44.5,39,104.5,211,51.7,295,21.7,83,37.2,338,46.8,308,67.0,118,69.3,81,17.3,121,17.3,77,113.1,29,106.6,72,104.5,211,107.4,303,78.0,20,+1.4,80,+0.9,67,+0.5,110,+1.1,53,+1.4,51,+3.4,8,1.61,140,30.6,185,63.9,89,2010,0.7128939649057454,15,16,0.4838709677419355,31
141,Colorado St.,MWC,16-16,+2.83,101.5,188,98.7,95,66.0,171,+.020,113,+3.67,101,104.9,97,101.2,103,-2.08,220,,MWC,66.0,171,101.5,188,48.0,203,22.9,302,30.6,183,48.5,8,98.7,95,50.1,221,21.5,98,27.4,44,48.5,326,66.0,171,66.9,199,18.2,227,17.5,117,101.5,188,97.7,233,98.7,95,99.9,139,77.1,79,-0.4,203,-0.4,218,-0.1,176,+0.7,95,+0.5,121,+1.4,54,0.97,300,32.0,144,41.8,261,2010,0.5797383282966785,16,16,0.5,32
297,Columbia,Ivy,11-17,-13.50,92.2,309,105.7,234,63.9,263,+.039,80,-7.33,296,98.5,293,105.9,303,-8.55,337,,Ivy,63.9,263,92.2,309,45.3,302,22.1,268,30.6,186,38.1,150,105.7,234,51.1,268,22.7,45,28.1,54,43.0,270,63.9,263,64.6,283,18.0,195,18.9,333,92.2,309,93.3,300,105.7,234,100.9,158,76.7,139,+0.7,123,+0.1,148,+0.6,100,-1.0,280,+1.1,85,+2.2,40,1.49,178,37.5,42,58.7,127,2010,0.17201479908835862,11,17,0.39285714285714285,28
51,Connecticut,BE,18-16,+15.19,107.7,96,92.5,25,67.5,94,-.078,329,+10.27,10,108.5,9,98.2,20,+2.59,92,4,BE,67.5,94,107.7,96,48.1,196,21.7,243,37.8,19,44.1,48,92.5,25,44.2,14,18.0,294,32.4,228,26.6,9,67.5,94,68.6,119,16.5,51,18.4,288,107.7,96,102.0,154,92.5,25,97.3,82,78.4,12,+4.3,8,+1.4,34,+3.0,6,+3.0,4,+1.3,52,+1.4,71,1.76,95,19.6,339,38.2,283,2010,0.8519049681277301,18,16,0.5294117647058824,34
323,Coppin St.,MEAC,8-22,-19.43,89.3,331,108.7,286,65.0,220,-.088,338,-8.58,312,97.2,313,105.8,296,+1.93,106,,MEAC,65.0,220,89.3,331,43.4,331,21.3,220,27.1,290,29.2,326,108.7,286,49.2,173,22.2,60,37.2,337,42.0,262,65.0,220,65.8,248,18.6,259,17.8,169,89.3,331,90.2,320,108.7,286,103.2,220,76.1,240,+0.5,139,+0.5,128,+0.0,166,-1.9,331,-1.5,303,-0.6,207,0.98,297,39.0,27,45.5,235,2010,0.09442292306422768,8,22,0.26666666666666666,30
46,Cornell,Ivy,29-5,+15.92,117.4,9,101.5,149,63.9,261,+.068,36,-0.66,173,101.2,218,101.9,130,+4.12,65,12,Ivy,63.9,261,117.4,9,56.6,3,18.8,89,29.7,209,29.2,327,101.5,149,48.1,138,21.0,133,28.2,60,38.5,195,63.9,261,64.9,276,18.0,205,18.7,319,117.4,9,113.9,8,101.5,149,98.6,112,77.0,94,+3.0,22,+2.6,8,+0.4,131,+0.7,93,-1.4,298,-0.6,227,2.44,9,29.9,202,76.9,27,2010,0.8420516471984456,29,5,0.8529411764705882,34
116,Creighton,MVC,18-16,+5.56,107.8,94,102.2,162,65.5,198,-.014,213,+3.19,107,104.7,110,101.5,111,-0.98,177,,MVC,65.5,198,107.8,94,50.1,105,18.3,65,28.8,233,37.1,182,102.2,162,47.8,120,17.7,313,28.6,80,37.0,166,65.5,198,66.0,241,17.7,164,18.4,281,107.8,94,104.9,97,102.2,162,102.8,206,76.1,241,-1.1,247,-0.3,215,-0.7,252,+0.0,178,-0.6,217,+0.4,163,1.24,249,45.3,3,60.3,114,2010,0.6487339494019092,18,16,0.5294117647058824,34
341,Dartmouth,Ivy,5-23,-24.24,82.4,345,106.7,250,63.4,274,+.022,107,-5.69,270,99.5,271,105.2,267,-6.77,312,,Ivy,63.4,274,82.4,345,40.7,346,21.5,234,26.4,303,26.6,345,106.7,250,50.0,215,21.1,129,33.6,274,38.7,199,63.4,274,64.0,297,19.6,314,17.8,171,82.4,345,82.9,345,106.7,250,103.0,217,76.0,252,+0.3,146,+0.5,114,-0.2,212,-0.7,243,-0.9,265,+0.4,141,1.15,273,37.9,38,55.2,151,2010,0.048706469883470056,5,23,0.17857142857142858,28
190,Davidson,SC,16-15,-1.31,103.6,159,104.9,221,65.2,210,+.012,129,-0.44,168,103.3,155,103.8,200,+6.56,38,,SC,65.2,210,103.6,159,50.0,117,19.9,142,31.8,145,34.8,249,104.9,221,50.6,249,18.1,287,25.2,11,38.4,194,65.2,210,66.9,198,18.1,213,17.6,134,103.6,159,103.1,131,104.9,221,104.3,251,77.2,75,+2.0,48,+1.0,61,+1.0,51,+0.1,149,+0.8,101,+0.4,140,0.94,306,30.9,179,53.7,168,2010,0.4642095331729708,16,15,0.5161290322580645,31
26,Dayton,A10,25-12,+18.92,108.1,86,89.1,9,65.5,195,-.097,340,+6.43,64,105.8,71,99.3,53,+3.50,74,3,A10,65.5,195,108.1,86,50.6,87,21.4,230,34.0,68,38.5,136,89.1,9,44.7,25,20.9,137,25.3,13,40.8,233,65.5,195,67.3,178,16.9,86,18.5,307,108.1,86,103.3,127,89.1,9,91.4,9,77.2,67,+2.1,42,+1.3,40,+0.8,85,+0.1,164,+0.7,111,+1.3,91,1.91,66,40.5,14,81.3,9,2010,0.9022889348778436,25,12,0.6756756756756757,37
170,DePaul,BE,8-23,-0.08,100.0,213,100.1,119,61.8,315,-.038,275,+8.58,37,107.3,33,98.7,37,-3.01,248,,BE,61.8,315,100.0,213,44.7,319,17.2,25,28.1,257,29.9,322,100.1,119,48.9,161,20.1,193,36.0,323,39.7,220,61.8,315,63.5,310,19.9,323,18.1,247,100.0,213,94.5,284,100.1,119,103.6,227,76.6,159,+1.6,72,+1.4,35,+0.2,142,-1.1,294,-0.9,267,+0.4,162,1.56,149,33.9,98,62.4,101,2010,0.497126468179391,8,23,0.25806451612903225,31
257,Delaware,CAA,7-24,-9.30,99.5,222,108.8,287,63.9,264,+.035,84,+2.99,112,103.9,138,100.9,97,+1.77,111,,CAA,63.9,264,99.5,222,44.1,325,20.3,169,32.3,131,34.4,260,108.8,287,51.2,272,17.7,311,32.0,217,44.9,292,63.9,264,64.9,273,18.9,279,18.1,241,99.5,222,95.4,273,108.8,287,109.3,325,76.7,142,+0.3,150,-0.2,197,+0.5,105,+0.7,96,+0.1,139,-0.6,237,1.62,136,32.0,145,51.3,187,2010,0.26355597877196074,7,24,0.22580645161290322,31
262,Delaware St.,MEAC,17-12,-10.20,96.9,264,107.1,258,58.2,345,+.080,22,-10.30,328,96.2,327,106.5,323,+0.91,131,,MEAC,58.2,345,96.9,264,46.0,285,19.9,146,33.6,85,34.0,267,107.1,258,54.0,336,28.3,1,37.4,339,36.5,149,58.2,345,58.7,346,23.8,347,17.1,65,96.9,264,98.3,220,107.1,258,100.9,159,75.3,317,-3.0,326,-1.9,335,-1.1,284,-1.4,308,-1.9,319,-0.6,239,1.40,195,29.6,208,39.4,274,2010,0.24031382018518144,17,12,0.5862068965517241,29
192,Denver,SB,19-13,-1.43,106.2,122,107.7,269,58.5,344,+.017,118,-5.78,273,99.5,269,105.3,275,-2.34,227,,SB,58.5,344,106.2,122,57.9,1,19.7,128,16.7,347,44.8,37,107.7,269,50.7,255,21.5,99,30.1,139,59.7,347,58.5,344,60.3,339,20.9,336,18.6,309,106.2,122,107.7,53,107.7,269,104.2,246,76.9,121,-1.2,263,-0.2,189,-1.1,293,+1.0,73,+1.1,62,+1.0,102,1.92,65,31.3,164,79.7,13,2010,0.45976395037163625,19,13,0.59375,32
126,Detroit,Horz,20-14,+4.58,101.0,196,96.4,66,67.5,92,-.009,195,-0.68,174,103.1,165,103.7,199,-6.43,310,,Horz,67.5,92,101.0,196,49.9,124,22.4,278,32.9,105,47.1,15,96.4,66,47.5,109,22.1,67,28.3,64,35.9,135,67.5,92,68.2,132,17.3,123,17.9,195,101.0,196,100.4,186,96.4,66,96.5,66,76.7,140,+0.3,145,-0.6,252,+0.9,70,+1.1,52,-2.4,335,-1.6,281,1.34,220,25.7,293,50.9,190,2010,0.6308964752858691,20,14,0.5882352941176471,34
169,Drake,MVC,14-19,-0.01,107.2,104,107.2,265,63.0,287,+.012,132,+2.43,126,104.2,128,101.8,121,-4.71,280,,MVC,63.0,287,107.2,104,51.9,50,15.9,5,19.5,345,34.1,266,107.2,265,52.9,322,19.4,230,30.6,162,31.7,59,63.0,287,63.3,315,18.5,248,19.2,339,107.2,104,104.3,106,107.2,265,107.8,312,75.4,312,-0.8,230,-0.4,223,-0.4,228,-3.0,340,-2.3,334,-0.6,239,2.02,47,31.0,175,40.0,270,2010,0.5,14,19,0.42424242424242425,33
145,Drexel,CAA,16-16,+2.74,100.5,205,97.7,81,63.6,269,+.001,169,+1.82,135,104.3,122,102.5,156,+3.67,71,,CAA,63.6,269,100.5,205,44.9,314,18.5,76,33.0,101,36.1,215,97.7,81,45.0,30,19.9,203,30.2,145,46.2,305,63.6,269,65.2,266,19.2,302,17.5,114,100.5,205,97.7,232,97.7,81,97.8,91,75.2,319,-1.5,273,-0.2,195,-1.3,307,-1.9,325,-1.1,282,-1.6,298,1.39,204,30.5,190,52.9,175,2010,0.5805291397671336,16,16,0.5,32
1,Duke,ACC,35-5,+33.29,121.0,1,87.7,5,64.7,229,+.009,145,+11.53,4,107.9,19,96.4,1,+2.50,94,1,ACC,64.7,229,121.0,1,50.5,92,16.4,15,39.8,6,37.9,158,87.7,5,43.6,7,21.2,117,29.8,122,34.0,97,64.7,229,66.7,210,18.2,216,17.7,159,121.0,1,115.1,6,87.7,5,91.6,10,79.0,2,+4.9,6,+2.7,6,+2.2,8,+2.3,14,+2.1,18,+2.4,28,2.34,17,23.4,315,61.2,110,2010,0.975908022265931,35,5,0.875,40
142,Duquesne,A10,16-16,+2.82,102.5,176,99.7,111,69.6,32,+.027,100,+4.26,88,103.9,137,99.7,61,-1.64,206,,A10,69.6,32,102.5,176,47.3,237,19.9,141,30.8,177,38.1,151,99.7,111,47.9,126,22.7,47,36.2,325,35.3,128,69.6,32,70.0,69,16.5,49,17.9,188,102.5,176,96.9,250,99.7,111,99.1,126,75.8,272,-1.8,281,-0.7,259,-1.1,286,+0.3,136,-0.6,213,-0.6,225,1.78,91,22.5,324,69.5,51,2010,0.5789627664926444,16,16,0.5,32
232,East Carolina,CUSA,10-21,-6.53,101.9,184,108.4,280,66.9,123,-.016,223,+5.04,79,104.6,112,99.6,58,+6.66,37,,CUSA,66.9,123,101.9,184,48.6,176,24.6,333,31.6,154,42.9,62,108.4,280,51.2,276,16.8,333,32.8,248,35.9,137,66.9,123,68.7,106,17.5,146,17.3,78,101.9,184,96.6,254,108.4,280,110.1,333,76.8,133,+0.6,132,+0.2,140,+0.3,133,+1.8,24,+0.7,109,-0.6,230,1.42,192,27.3,262,62.6,99,2010,0.3293523557466389,10,21,0.3225806451612903,31
150,East Tennessee St.,ASun,20-15,+2.47,100.9,199,98.4,93,66.8,125,-.004,179,-1.26,186,102.1,187,103.3,185,+8.97,13,16,ASun,66.8,125,100.9,199,47.7,221,21.2,215,33.7,79,40.6,97,98.4,93,48.6,154,24.2,14,32.7,245,39.9,224,66.8,125,68.9,95,16.5,53,18.0,223,100.9,199,99.9,194,98.4,93,96.9,73,76.3,215,-2.5,316,-1.1,291,-1.5,314,+0.0,184,+1.1,82,+1.7,48,0.83,320,33.5,113,31.2,316,2010,0.5716349701367183,20,15,0.5714285714285714,35
211,Eastern Illinois,OVC,19-12,-3.90,100.0,214,103.9,201,63.3,280,+.089,15,-5.26,263,100.3,247,105.6,290,-4.34,275,,OVC,63.3,280,100.0,214,48.7,172,21.3,226,32.9,106,34.8,250,103.9,201,47.6,112,19.3,236,32.0,220,34.7,114,63.3,280,64.4,289,18.4,243,18.6,312,100.0,214,101.0,174,103.9,201,101.2,170,76.1,235,-0.8,224,-0.2,187,-0.6,243,+0.0,197,-0.7,224,+0.8,108,1.47,180,34.9,88,65.4,79,2010,0.39174688115143097,19,12,0.6129032258064516,31
178,Eastern Kentucky,OVC,20-13,-0.60,110.7,52,111.3,318,61.2,323,-.013,204,-6.28,281,99.7,264,106.0,307,-5.99,303,,OVC,61.2,323,110.7,52,55.6,6,16.0,8,22.6,335,26.1,346,111.3,318,53.4,330,21.7,84,33.9,288,34.3,104,61.2,323,62.7,322,19.4,308,18.4,291,110.7,52,112.2,14,111.3,318,106.9,295,76.7,145,-3.1,329,-2.0,337,-1.1,283,+0.4,132,+2.1,31,+2.7,16,1.57,146,26.1,284,59.1,124,2010,0.48446442395183936,20,13,0.6060606060606061,33
189,Eastern Michigan,MAC,17-15,-1.19,100.3,207,101.4,146,65.2,209,-.010,197,-3.23,229,100.5,242,103.8,201,-3.46,256,,MAC,65.2,209,100.3,207,47.5,230,20.4,172,30.6,184,44.5,40,101.4,146,49.6,195,21.2,119,28.3,65,38.1,186,65.2,209,65.9,247,18.0,203,18.3,266,100.3,207,99.4,200,101.4,146,98.9,120,76.6,154,-0.1,181,-0.1,176,-0.1,193,+0.7,99,-1.1,278,-1.5,268,1.89,71,26.3,283,43.1,254,2010,0.4686822878106144,17,15,0.53125,32
265,Eastern Washington,BSky,9-21,-10.36,96.4,270,106.8,253,67.9,74,-.010,199,-0.21,165,104.0,132,104.2,225,+2.98,83,,BSky,67.9,74,96.4,270,47.2,246,20.7,184,22.9,333,32.2,302,106.8,253,54.0,335,19.3,238,27.3,41,45.0,294,67.9,74,70.3,57,17.5,143,16.6,23,96.4,270,94.6,281,106.8,253,108.0,314,74.3,345,-0.0,169,-0.1,168,+0.1,162,-4.2,346,-3.9,346,-4.6,341,1.15,272,35.2,83,43.1,253,2010,0.23537692466573573,9,21,0.3,30
261,Elon,SC,9-23,-10.06,96.2,274,106.3,245,66.9,122,-.022,237,-1.23,185,102.3,181,103.5,188,+2.18,101,,SC,66.9,122,96.2,274,46.9,257,19.5,119,25.3,318,32.8,292,106.3,245,51.6,288,19.8,211,32.8,247,35.2,125,66.9,122,68.8,103,17.6,150,17.1,63,96.2,274,94.3,287,106.3,245,105.4,270,75.9,266,-0.9,235,-0.3,216,-0.6,241,-1.9,324,+0.1,175,-0.4,199,1.69,116,26.5,278,60.3,116,2010,0.24083388930419528,9,23,0.28125,32
220,Evansville,MVC,9-21,-5.31,97.8,253,103.1,177,65.4,200,-.057,303,+2.54,122,104.8,99,102.3,150,-8.66,338,,MVC,65.4,200,97.8,253,47.1,250,21.7,245,25.0,322,41.9,75,103.1,177,50.3,237,19.4,232,28.3,62,43.4,278,65.4,200,65.7,253,18.2,223,18.1,237,97.8,253,96.0,264,103.1,177,104.0,241,76.2,223,-1.4,269,-0.3,210,-1.1,278,+0.0,172,-1.1,281,+0.4,165,0.81,322,33.8,102,32.4,307,2010,0.3527643081246469,9,21,0.3,30
306,FIU,SB,7-25,-14.45,98.7,234,113.1,337,67.1,113,-.018,229,-2.44,212,101.7,200,104.1,221,+1.29,121,,SB,67.1,113,98.7,234,46.2,278,19.3,110,27.7,269,32.1,303,113.1,337,56.0,344,21.4,106,34.3,295,38.3,191,67.1,113,69.0,94,17.4,126,17.4,107,98.7,234,97.5,235,113.1,337,111.0,338,75.2,320,-4.8,345,-2.1,341,-2.7,345,-1.0,286,-0.7,222,-0.7,246,0.79,328,31.6,153,21.8,336,2010,0.17276514332637682,7,25,0.21875,32
118,Fairfield,MAAC,23-11,+5.36,106.7,110,101.3,144,65.7,187,+.045,68,-1.59,194,100.7,235,102.3,149,-7.06,315,,MAAC,65.7,187,106.7,110,48.3,190,19.7,136,34.9,53,35.0,243,101.3,144,48.3,141,21.8,78,31.9,212,34.3,103,65.7,187,67.3,175,18.0,198,17.6,148,106.7,110,104.0,113,101.3,144,98.2,99,76.3,211,+2.3,36,+0.7,87,+1.6,24,+0.1,148,-1.8,315,-1.6,284,1.37,216,36.7,59,50.8,191,2010,0.6450268042262912,23,11,0.6764705882352942,34
316,Fairleigh Dickinson,NEC,11-21,-17.42,92.2,310,109.6,296,67.0,117,+.054,49,-8.75,314,97.4,310,106.2,315,-1.97,218,,NEC,67.0,117,92.2,310,46.1,283,22.7,295,26.6,300,44.3,43,109.6,296,49.1,169,17.8,306,31.1,187,36.5,150,67.0,117,68.4,126,17.8,176,17.0,47,92.2,310,92.2,311,109.6,296,103.6,229,75.3,314,-1.0,241,-0.3,213,-0.7,247,-4.0,345,-2.9,339,-0.7,245,1.70,112,26.4,281,60.5,113,2010,0.1204592573469513,11,21,0.34375,32
50,Florida,SEC,21-13,+15.23,113.0,31,97.8,83,63.9,262,-.061,309,+7.75,51,106.6,48,98.8,42,-1.96,216,10,SEC,63.9,262,113.0,31,49.4,140,18.6,81,35.5,41,33.4,282,97.8,83,48.4,147,20.6,155,30.7,166,27.7,13,63.9,262,66.6,218,17.5,144,18.4,287,113.0,31,107.3,59,97.8,83,98.8,115,77.3,65,+3.1,18,+0.9,69,+2.2,9,+4.0,1,+0.9,99,-3.6,337,1.69,118,23.0,321,58.3,131,2010,0.8404160940486914,21,13,0.6176470588235294,34
333,Florida A&M,MEAC,9-22,-20.95,92.8,305,113.7,339,67.0,121,+.054,48,-7.74,303,97.3,311,105.0,255,+1.93,107,,MEAC,67.0,121,92.8,305,45.0,311,22.6,289,29.6,211,40.0,110,113.7,339,50.5,247,20.0,195,37.0,335,37.0,168,67.0,121,68.2,135,17.0,100,18.1,242,92.8,305,92.2,312,113.7,339,107.4,302,76.6,157,-1.4,268,-1.3,303,-0.1,194,+0.6,109,+0.4,130,+1.4,75,0.94,305,34.8,89,50.5,192,2010,0.08819766410054848,9,22,0.2903225806451613,31
206,Florida Atlantic,SB,14-16,-3.36,103.8,154,107.2,260,67.7,84,-.038,272,-2.84,226,101.5,207,104.4,233,+5.41,51,,SB,67.7,84,103.8,154,49.0,159,17.6,40,29.6,210,32.5,295,107.2,260,51.5,284,20.5,171,32.4,233,44.7,291,67.7,84,68.7,107,17.7,166,16.9,45,103.8,154,103.7,124,107.2,260,105.1,266,74.6,342,-1.1,249,-0.1,162,-1.0,271,-1.6,314,-2.9,338,-5.6,346,0.98,299,28.6,229,35.9,297,2010,0.40838440387419367,14,16,0.4666666666666667,30
301,Florida Gulf Coast,ASun,8-21,-13.84,94.8,289,108.6,283,66.6,134,+.008,148,-5.31,264,99.3,277,104.6,242,-5.34,294,,ASun,66.6,134,94.8,289,46.1,281,24.8,338,36.4,30,37.7,165,108.6,283,51.9,306,23.4,28,34.7,303,47.9,320,66.6,134,68.7,111,16.7,69,18.2,252,94.8,289,94.0,292,108.6,283,104.1,244,75.7,279,-2.7,322,-1.6,325,-1.1,275,+0.5,121,-0.5,212,-2.6,322,0.99,293,41.3,11,56.4,142,2010,0.17323477958421557,8,21,0.27586206896551724,29
33,Florida St.,ACC,22-10,+18.02,105.0,145,87.0,2,65.3,208,+.009,142,+9.01,26,107.3,34,98.3,21,-2.88,241,9,ACC,65.3,208,105.0,145,50.5,93,24.3,326,36.8,24,38.6,135,87.0,2,43.5,6,23.7,22,30.0,138,34.8,116,65.3,208,67.8,152,16.3,38,18.8,321,105.0,145,100.1,189,87.0,2,89.1,1,79.4,1,+4.3,10,+2.3,12,+1.9,11,+1.7,27,+3.1,5,+4.4,1,1.26,243,32.9,123,65.9,70,2010,0.8968404042568258,22,10,0.6875,32
305,Fordham,A10,2-26,-14.41,93.3,301,107.7,270,70.5,22,-.046,289,+4.55,83,104.7,107,100.2,82,-1.64,204,,A10,70.5,22,93.3,301,41.9,342,21.5,237,28.9,231,32.0,305,107.7,270,50.5,248,16.7,335,33.7,280,39.5,218,70.5,22,72.6,19,17.0,97,15.9,3,93.3,301,87.9,334,107.7,270,109.1,324,77.0,90,-1.2,265,-0.2,193,-1.1,274,+0.3,135,+0.5,128,+1.0,100,1.24,250,29.7,206,31.7,313,2010,0.16102936346570026,2,26,0.07142857142857142,28
165,Fresno St.,WAC,15-18,+0.58,100.1,210,99.5,109,65.4,199,-.032,258,+1.36,141,104.4,118,103.0,177,-1.61,202,,WAC,65.4,199,100.1,210,48.7,174,20.9,192,28.9,232,38.5,139,99.5,109,49.6,196,21.2,122,30.6,161,34.9,119,65.4,199,67.1,186,17.3,124,18.5,299,100.1,210,98.6,216,99.5,109,100.3,150,78.5,9,+2.9,24,+1.0,66,+1.9,13,+2.2,15,+2.3,14,+2.4,23,1.25,245,26.3,282,58.7,128,2010,0.5172777392617979,15,18,0.45454545454545453,33
234,Furman,SC,13-17,-6.86,98.0,248,104.8,220,67.5,90,-.046,291,-5.36,266,99.5,270,104.9,253,-7.87,328,,SC,67.5,90,98.0,248,47.2,245,21.3,224,30.2,192,44.2,46,104.8,220,47.5,107,17.9,301,28.8,87,43.6,279,67.5,90,69.0,92,17.9,181,16.8,34,98.0,248,98.1,224,104.8,220,100.8,155,76.8,131,+1.1,101,+0.5,114,+0.6,98,-0.4,220,-0.9,254,+1.4,82,1.71,108,30.8,181,63.2,92,2010,0.3161563646862927,13,17,0.43333333333333335,30
331,Gardner Webb,BSth,8-21,-20.81,90.1,324,111.0,314,69.7,29,-.004,181,-6.88,290,98.8,288,105.6,292,+9.36,10,,BSth,69.7,29,90.1,324,46.7,261,24.5,332,28.8,235,29.4,325,111.0,314,52.8,321,20.3,179,36.1,324,41.2,243,69.7,29,73.3,12,16.1,32,16.5,18,90.1,324,90.1,321,111.0,314,108.0,316,74.9,337,-4.2,341,-1.6,326,-2.5,343,-1.1,297,-1.9,330,+0.4,173,1.39,201,41.8,7,57.2,139,2010,0.08324780630520562,8,21,0.27586206896551724,29
162,George Mason,CAA,17-15,+0.91,102.8,171,101.9,156,64.6,233,+.049,60,+0.72,156,102.7,173,101.9,133,-1.22,192,,CAA,64.6,233,102.8,171,48.7,173,20.6,181,31.3,163,41.6,81,101.9,156,47.9,124,19.8,214,33.3,267,34.0,96,64.6,233,66.4,224,18.1,215,17.8,170,102.8,171,99.7,196,101.9,156,100.5,152,76.6,158,-0.3,192,-0.2,201,-0.1,190,+0.5,120,+2.1,31,-1.6,277,1.10,281,33.1,119,44.2,246,2010,0.5252595398694337,17,15,0.53125,32
122,George Washington,A10,16-15,+5.15,103.4,162,98.3,89,67.0,115,-.044,284,+2.48,125,103.9,135,101.5,110,-4.30,273,,A10,67.0,115,103.4,162,47.8,213,20.5,178,35.0,52,39.2,124,98.3,89,48.3,140,21.8,80,29.2,106,42.8,269,67.0,115,69.3,82,16.9,89,17.6,129,103.4,162,100.5,182,98.3,89,97.9,93,77.7,39,+2.4,32,+1.2,44,+1.2,43,+1.0,62,+0.8,102,+1.4,67,1.14,276,43.4,5,48.0,217,2010,0.6414540554892504,16,15,0.5161290322580645,31
11,Georgetown,BE,23-11,+22.64,116.8,13,94.2,42,65.8,182,-.035,266,+11.55,3,109.0,4,97.4,6,+3.35,79,3,BE,65.8,182,116.8,13,55.7,5,21.0,203,30.7,181,37.0,184,94.2,42,47.4,105,19.6,224,30.3,151,33.5,89,65.8,182,66.7,211,17.6,156,18.4,280,116.8,13,110.2,28,94.2,42,98.9,121,77.5,47,+3.8,12,+2.3,10,+1.4,29,+0.1,166,+0.1,156,+1.4,79,1.62,139,18.2,343,62.0,104,2010,0.9222267239631006,23,11,0.6764705882352942,34
91,Georgia,SEC,14-17,+8.68,109.8,64,101.1,137,64.1,252,-.021,236,+9.32,20,106.8,42,97.5,9,+1.89,108,,SEC,64.1,252,109.8,64,50.1,111,23.0,305,36.5,27,38.5,137,101.1,137,48.4,146,18.0,297,30.3,153,32.3,68,64.1,252,66.4,226,18.7,270,17.4,100,109.8,64,102.8,140,101.1,137,104.0,243,76.7,147,+3.3,14,+1.2,46,+2.1,10,+0.1,169,-1.1,284,-0.6,234,1.34,221,27.8,245,45.7,233,2010,0.7209803422375326,14,17,0.45161290322580644,31
300,Georgia Southern,SC,9-23,-13.77,98.1,243,111.9,331,70.5,21,+.080,21,+0.01,161,103.3,157,103.3,182,+3.89,68,,SC,70.5,21,98.1,243,48.4,181,22.2,275,28.1,255,35.8,220,111.9,331,57.5,346,24.2,13,38.6,344,46.3,307,70.5,21,71.2,32,17.0,96,16.5,13,98.1,243,96.1,261,111.9,331,111.8,342,75.6,297,-0.1,176,-0.6,247,+0.5,111,-2.0,334,+0.1,183,-0.9,250,1.40,198,34.9,87,57.3,138,2010,0.18040442805136886,9,23,0.28125,32
209,Georgia St.,CAA,12-20,-3.71,99.8,218,103.5,186,61.6,317,-.057,305,-0.88,179,101.7,196,102.6,159,-6.38,309,,CAA,61.6,317,99.8,218,45.7,291,21.3,221,35.9,34,30.4,317,103.5,186,48.2,139,22.1,69,34.3,296,43.2,275,61.6,317,62.9,320,19.5,310,18.7,317,99.8,218,97.2,241,103.5,186,100.9,160,76.6,156,-0.4,200,-0.3,214,-0.1,173,+0.6,103,+0.0,188,+0.4,138,1.60,143,37.7,41,65.6,76,2010,0.39684236647617915,12,20,0.375,32
31,Georgia Tech,ACC,23-13,+18.22,109.2,71,91.0,15,68.2,67,-.034,262,+10.94,7,107.4,31,96.4,2,-2.46,229,10,ACC,68.2,67,109.2,71,50.3,96,23.1,310,38.4,15,37.7,164,91.0,15,44.3,17,21.4,104,30.9,183,34.8,118,68.2,67,70.6,47,16.3,37,17.6,140,109.2,71,101.9,155,91.0,15,94.0,32,78.4,11,+3.1,16,+1.2,45,+1.9,12,+2.0,19,+3.1,4,+2.4,24,1.51,171,36.9,55,46.0,232,2010,0.8905818179532976,23,13,0.6388888888888888,36
44,Gonzaga,WCC,27-7,+16.14,112.3,38,96.1,63,67.5,95,+.079,23,+3.42,104,105.5,79,102.1,137,+4.43,61,8,WCC,67.5,95,112.3,38,54.1,18,18.6,82,31.6,153,49.3,7,96.1,63,46.8,76,18.5,274,26.9,32,34.2,100,67.5,95,69.3,84,16.2,34,18.3,276,112.3,38,109.9,29,96.1,63,97.5,86,77.9,22,+4.3,9,+3.6,2,+0.7,96,+1.0,65,+3.1,5,+0.3,178,1.52,165,26.6,277,39.0,277,2010,0.8571138106545385,27,7,0.7941176470588235,34
344,Grambling St.,SWAC,7-21,-24.99,89.0,333,114.0,342,67.4,100,-.001,172,-13.35,346,92.9,346,106.3,317,+3.84,70,,SWAC,67.4,100,89.0,333,44.7,320,22.5,287,26.1,305,36.2,210,114.0,342,50.0,218,21.6,88,34.7,302,55.3,345,67.4,100,69.9,73,16.8,76,17.4,103,89.0,333,89.5,326,114.0,342,104.1,245,73.1,347,-2.4,313,-1.1,290,-1.4,309,-4.4,347,-4.9,347,-4.6,343,0.86,317,32.0,147,34.1,302,2010,0.05483846919791892,7,21,0.25,28
139,Green Bay,Horz,22-13,+3.00,106.7,109,103.7,195,63.4,278,+.088,16,+0.98,150,103.2,162,102.2,144,-1.09,183,,Horz,63.4,278,106.7,109,49.7,129,19.3,111,29.2,221,34.6,255,103.7,195,49.4,190,20.5,163,33.4,269,36.3,144,63.4,278,64.4,288,18.6,261,18.3,270,106.7,109,104.3,108,103.7,195,103.3,224,75.4,310,-1.2,262,+0.5,114,-1.7,326,-2.3,337,-1.9,324,-1.6,291,1.99,50,29.4,210,55.7,146,2010,0.5812651202163392,22,13,0.6285714285714286,35
228,Hampton,MEAC,14-18,-6.21,94.1,293,100.4,121,66.7,130,-.110,344,-9.65,322,97.3,312,106.9,334,-3.02,249,,MEAC,66.7,130,94.1,293,47.2,243,22.7,293,33.0,100,42.2,71,100.4,121,46.0,52,24.0,16,35.2,310,39.3,212,66.7,130,67.9,146,17.1,102,18.1,246,94.1,293,97.1,246,100.4,121,94.3,38,76.9,119,+1.1,100,+0.1,147,+1.0,52,-0.9,252,-0.3,201,+0.4,123,1.45,186,33.1,118,50.0,200,2010,0.3218576515147669,14,18,0.4375,32
312,Hartford,AE,8-22,-15.81,95.6,283,111.4,322,62.8,292,-.038,274,-6.31,283,99.0,281,105.3,277,-5.33,293,,AE,62.8,292,95.6,283,46.8,259,18.0,57,25.4,317,27.9,337,111.4,322,51.7,296,21.1,128,33.6,278,49.6,331,62.8,292,64.6,286,18.7,266,18.0,229,95.6,283,96.2,259,111.4,322,107.6,308,75.7,284,-0.8,223,-0.7,260,-0.1,189,-0.5,224,-1.7,309,-1.6,278,1.78,90,28.1,234,43.3,251,2010,0.1469185302415712,8,22,0.26666666666666666,30
111,Harvard,Ivy,21-8,+6.06,107.5,99,101.4,145,67.0,119,+.051,56,-4.12,243,99.5,272,103.6,193,+0.21,138,,Ivy,67.0,119,107.5,99,53.8,19,22.6,288,29.0,228,44.8,36,101.4,145,47.5,106,21.8,79,29.0,96,41.6,254,67.0,119,67.8,149,17.3,120,17.9,205,107.5,99,106.6,70,101.4,145,96.9,74,76.9,120,-0.2,182,-0.8,270,+0.7,97,+0.8,88,+1.1,84,+1.4,59,1.30,236,36.0,73,46.4,227,2010,0.6619070316888873,21,8,0.7241379310344828,29
233,Hawaii,WAC,10-20,-6.78,101.3,192,108.0,275,64.0,260,-.053,301,+0.03,160,104.7,109,104.7,248,-7.14,318,,WAC,64.0,260,101.3,192,47.9,209,21.7,244,37.0,23,44.2,45,108.0,275,51.3,278,16.3,337,31.8,208,37.4,172,64.0,260,66.9,194,19.4,307,16.2,6,101.3,192,101.5,163,108.0,275,109.4,326,77.5,45,+2.1,46,+0.6,94,+1.4,31,+3.0,7,+0.3,135,+0.4,139,1.39,203,31.5,155,58.6,129,2010,0.32376660315138867,10,20,0.3333333333333333,30
287,High Point,BSth,15-15,-12.43,97.1,260,109.6,295,67.4,97,+.050,57,-10.00,325,96.6,323,106.6,327,-3.63,258,,BSth,67.4,97,97.1,260,47.4,236,22.1,270,32.9,108,35.5,231,109.6,295,50.3,238,21.1,127,33.8,282,47.7,316,67.4,97,71.0,37,17.2,113,16.6,24,97.1,260,98.8,207,109.6,295,103.0,213,76.2,226,-0.5,212,+0.3,137,-0.8,261,-1.0,284,-0.3,202,+1.4,88,1.62,135,36.5,60,69.4,52,2010,0.19899236989540522,15,15,0.5,30
131,Hofstra,CAA,19-15,+3.77,101.1,194,97.4,73,69.2,41,-.001,175,+0.00,162,102.6,174,102.6,160,-0.84,167,,CAA,69.2,41,101.1,194,45.1,307,19.6,127,35.0,51,31.5,309,97.4,73,44.2,16,19.2,244,28.8,89,49.5,330,69.2,41,69.6,76,17.2,114,17.6,135,101.1,194,98.9,206,97.4,73,96.4,64,76.2,217,+1.5,76,+1.0,60,+0.5,108,-0.9,267,+0.1,160,-1.6,306,1.51,170,25.3,296,54.5,158,2010,0.6055787297198936,19,15,0.5588235294117647,34
235,Holy Cross,Pat,9-22,-7.21,102.2,181,109.4,294,65.0,219,-.143,347,-5.09,258,100.5,243,105.6,287,+0.12,144,,Pat,65.0,219,102.2,181,49.3,145,21.4,229,35.1,49,38.8,128,109.4,294,49.8,208,16.2,338,30.4,155,32.7,71,65.0,219,66.9,196,18.5,249,17.2,74,102.2,181,102.9,135,109.4,294,106.1,286,76.9,111,+0.3,151,+0.3,139,+0.0,165,+0.0,189,+1.1,67,+1.1,97,1.49,174,27.4,259,62.0,103,2010,0.31369285109251166,9,22,0.2903225806451613,31
88,Houston,CUSA,19-16,+8.79,112.0,42,103.2,179,71.1,14,-.083,335,+3.76,100,105.0,93,101.2,104,+0.68,134,13,CUSA,71.1,14,112.0,42,48.1,197,12.4,1,28.6,242,33.9,275,103.2,179,51.2,275,23.1,35,37.5,341,39.6,219,71.1,14,71.7,25,16.3,39,17.1,61,112.0,42,109.0,37,103.2,179,104.5,253,76.1,243,-0.8,225,+0.2,143,-1.0,269,+0.0,184,+1.3,54,-3.6,334,1.40,199,27.9,240,53.4,171,2010,0.719310736577656,19,16,0.5428571428571428,35
321,Houston Baptist,GWC,12-21,-19.24,93.8,297,113.0,336,72.2,8,+.050,58,-12.38,341,94.9,339,107.2,340,-5.03,285,,GWC,72.2,8,93.8,297,45.1,308,24.3,325,34.1,67,43.6,53,113.0,336,50.5,242,19.4,231,31.5,202,40.0,227,72.2,8,74.6,7,15.3,12,16.7,32,93.8,297,94.8,280,113.0,336,104.7,256,75.1,324,-0.0,171,-0.2,184,+0.2,149,-3.0,343,-1.2,287,-0.6,243,0.64,336,26.7,275,12.9,343,2010,0.10512216412189829,12,21,0.36363636363636365,33
337,Howard,MEAC,7-25,-22.04,88.4,336,110.4,303,64.3,244,+.011,138,-6.85,289,98.1,302,105.0,254,+0.75,133,,MEAC,64.3,244,88.4,336,42.7,334,22.4,279,29.1,222,40.9,93,110.4,303,51.3,279,18.5,270,33.3,266,33.1,83,64.3,244,65.8,249,18.8,276,17.5,126,88.4,336,87.9,333,110.4,303,106.0,284,77.3,62,+0.7,124,-0.1,170,+0.8,88,+0.5,119,+1.1,69,+3.1,12,1.58,145,34.1,95,54.3,159,2010,0.07204188652368386,7,25,0.21875,32
236,IPFW,Sum,16-15,-7.33,96.9,263,104.2,205,65.8,183,+.040,78,-6.15,279,100.3,249,106.5,322,-2.34,226,,Sum,65.8,183,96.9,263,47.0,252,18.6,78,27.0,291,32.3,299,104.2,205,47.3,97,18.0,295,27.4,43,38.6,198,65.8,183,67.5,168,17.4,132,18.1,251,96.9,263,98.1,226,104.2,205,101.0,166,75.8,276,-2.1,300,-0.8,266,-1.4,310,-1.0,276,-0.2,197,+0.4,144,1.55,150,29.9,203,71.4,42,2010,0.30253085163010585,16,15,0.5161290322580645,31
108,IUPUI,Sum,25-11,+6.34,108.5,81,102.2,161,64.7,225,+.014,126,-2.81,224,101.4,212,104.2,223,+6.88,34,,Sum,64.7,225,108.5,81,54.9,11,21.3,222,31.5,160,42.8,66,102.2,161,49.6,199,21.3,109,30.8,177,30.1,36,64.7,225,66.3,232,17.4,134,18.9,331,108.5,81,108.7,43,102.2,161,100.1,145,77.4,53,-0.6,214,-1.5,310,+0.9,70,+1.3,42,+2.8,11,+3.0,13,1.76,97,20.1,335,61.9,105,2010,0.6655024346024264,25,11,0.6944444444444444,36
146,Idaho,WAC,15-16,+2.67,105.6,133,102.9,175,64.9,221,-.045,288,+1.97,131,104.8,102,102.8,172,-1.18,186,,WAC,64.9,221,105.6,133,51.8,52,20.4,173,30.2,192,37.8,160,102.9,175,50.5,241,18.5,272,30.7,167,32.8,75,64.9,221,67.9,147,17.5,138,17.7,157,105.6,133,103.8,117,102.9,175,104.2,249,76.5,172,+1.8,57,+0.9,72,+0.9,69,-0.5,223,+0.1,164,+0.7,115,1.61,141,33.9,100,48.0,215,2010,0.5739188959818328,15,16,0.4838709677419355,31
278,Idaho St.,BSky,7-22,-11.85,103.8,156,115.6,345,62.5,299,-.009,194,+2.33,127,104.8,103,102.5,155,+10.32,7,,BSky,62.5,299,103.8,156,49.7,132,20.4,174,32.4,122,33.9,271,115.6,345,54.7,341,16.9,331,34.6,301,40.9,234,62.5,299,64.0,296,19.6,313,18.3,268,103.8,156,101.1,172,115.6,345,116.8,347,76.6,166,-0.4,197,-0.3,209,-0.1,171,+1.0,60,-0.8,229,+0.4,165,1.93,62,28.1,235,53.3,172,2010,0.22474861504264376,7,22,0.2413793103448276,29
57,Illinois,B10,21-15,+14.38,109.2,73,94.8,49,66.6,136,-.029,249,+9.09,22,107.5,27,98.4,24,+2.01,103,1,B10,66.6,136,109.2,73,50.1,103,18.1,58,30.5,190,27.3,341,94.8,49,46.4,59,17.9,300,28.3,67,31.8,61,66.6,136,66.9,197,17.6,152,18.2,254,109.2,73,104.3,107,94.8,49,98.4,107,78.5,10,+5.3,4,+2.3,11,+3.0,5,+1.9,22,+1.1,83,+1.4,55,1.38,206,25.4,295,53.1,174,2010,0.8356530841383837,21,15,0.5833333333333334,36
245,Illinois Chicago,Horz,8-22,-7.94,96.6,268,104.5,215,67.3,104,-.029,250,+2.66,117,104.2,125,101.6,114,+1.52,116,,Horz,67.3,104,96.6,268,43.7,328,19.3,114,25.7,311,33.0,291,104.5,215,50.7,254,21.6,87,34.4,300,41.0,239,67.3,104,67.1,188,17.7,167,17.6,137,96.6,268,92.7,307,104.5,215,105.9,282,76.0,248,-0.9,239,-0.1,182,-0.8,255,-0.9,257,-1.2,288,-1.6,270,1.21,254,28.8,223,38.9,278,2010,0.28823005248791783,8,22,0.26666666666666666,30
89,Illinois St.,MVC,22-11,+8.77,107.5,100,98.7,96,64.6,234,+.023,106,+1.25,143,103.2,160,102.0,134,-8.50,335,6,MVC,64.6,234,107.5,100,50.1,107,20.0,149,33.5,89,40.3,103,98.7,96,48.7,157,20.7,151,25.4,15,31.4,49,64.6,234,65.2,264,18.0,197,18.5,298,107.5,100,105.5,89,98.7,96,98.2,101,75.6,294,+0.1,161,-0.2,185,+0.2,138,-1.9,321,-0.9,267,-1.3,262,1.65,129,29.2,215,48.1,213,2010,0.7275381558961157,22,11,0.6666666666666666,33
194,Indiana,B10,10-21,-1.64,101.4,190,103.0,176,67.3,101,-.046,290,+8.25,42,106.8,41,98.6,31,-5.79,300,,B10,67.3,101,101.4,190,46.4,270,23.0,304,33.6,81,41.8,79,103.0,176,49.7,206,20.6,160,33.6,277,41.1,242,67.3,101,68.1,137,16.9,91,18.1,250,101.4,190,96.2,260,103.0,176,104.8,260,77.4,52,+1.3,96,+0.5,114,+0.8,87,+1.0,73,+1.2,57,+0.0,189,0.94,304,31.2,169,36.2,293,2010,0.45511048980025504,10,21,0.3225806451612903,31
138,Indiana St.,MVC,17-15,+3.02,104.5,149,101.5,148,64.2,250,+.068,34,+3.93,95,104.6,113,100.7,91,-0.41,158,,MVC,64.2,250,104.5,149,48.6,177,19.9,148,25.4,315,35.9,219,101.5,148,47.2,95,17.6,317,31.9,214,36.4,146,64.2,250,63.8,305,18.0,201,19.1,336,104.5,149,100.4,185,101.5,148,102.5,201,76.5,180,-0.2,185,+0.5,105,-0.8,253,+0.0,175,-0.3,200,+0.4,133,1.77,93,37.8,39,77.0,25,2010,0.5829694100112219,17,15,0.53125,32
110,Iona,MAAC,21-10,+6.11,100.1,209,94.0,39,64.7,230,+.040,77,-0.81,178,101.8,195,102.6,158,+0.37,137,,MAAC,64.7,230,100.1,209,48.8,166,20.2,161,27.2,285,37.3,180,94.0,39,45.1,32,24.6,10,31.7,207,47.3,313,64.7,230,66.9,195,17.8,170,18.0,220,100.1,209,98.3,219,94.0,39,92.0,15,76.1,239,-0.8,232,+0.7,90,-1.5,318,-0.9,260,-0.6,216,+0.1,187,1.39,200,38.1,33,60.2,117,2010,0.6732808009019997,21,10,0.6774193548387096,31
174,Iowa,B10,10-22,-0.36,103.4,165,103.7,196,61.2,322,-.035,265,+7.92,48,106.4,56,98.5,27,-2.98,247,,B10,61.2,322,103.4,165,48.8,169,22.1,263,28.5,250,30.9,312,103.7,196,51.7,293,17.6,314,28.5,73,29.8,28,61.2,322,62.0,332,20.7,334,17.8,179,103.4,165,97.1,245,103.7,196,106.5,292,76.9,122,-1.1,248,-0.6,253,-0.5,231,+1.0,71,+2.1,19,+1.1,96,0.94,307,25.8,291,48.7,210,2010,0.49167145506553434,10,22,0.3125,32
73,Iowa St.,B12,15-17,+11.09,107.2,105,96.1,61,67.5,93,-.081,333,+9.52,17,108.8,6,99.3,50,-3.70,260,,B12,67.5,93,107.2,105,49.9,123,19.7,132,31.0,168,36.9,189,96.1,61,47.3,96,17.9,302,29.5,115,27.1,11,67.5,93,69.5,77,16.6,67,17.8,164,107.2,105,102.9,137,96.1,61,100.2,147,78.3,17,+2.7,30,+1.9,21,+0.8,90,+0.3,134,+1.1,63,+2.4,20,1.38,208,27.6,250,53.4,170,2010,0.7785143678362679,15,17,0.46875,32
274,Jackson St.,SWAC,19-13,-11.38,93.5,299,104.9,223,64.1,253,+.143,2,-11.44,336,94.5,341,105.9,306,+5.70,48,8,SWAC,64.1,253,93.5,299,43.7,329,21.8,252,33.4,91,44.8,38,104.9,223,45.4,40,19.7,220,28.8,88,47.9,321,64.1,253,66.5,220,19.0,286,16.9,42,93.5,299,93.5,297,104.9,223,97.1,81,76.9,113,-1.2,264,-0.2,190,-1.1,280,+1.0,73,-0.9,231,+1.4,82,1.26,242,24.6,306,46.1,231,2010,0.21031463714122292,19,13,0.59375,32
144,Jacksonville,ASun,20-13,+2.75,102.2,183,99.5,106,68.0,71,+.043,71,-2.07,203,101.2,217,103.3,183,+6.53,39,8,ASun,68.0,71,102.2,183,46.5,267,21.1,211,37.8,18,38.6,134,99.5,106,48.4,148,23.8,19,30.9,178,45.8,301,68.0,71,69.1,90,17.3,122,17.3,79,102.2,183,100.9,177,99.5,106,97.6,87,74.9,333,-2.7,321,-1.6,324,-1.1,298,-1.0,291,-3.1,343,-2.6,321,2.38,13,31.4,157,70.4,48,2010,0.5763729308941452,20,13,0.6060606060606061,33
264,Jacksonville St.,OVC,11-19,-10.35,97.5,254,107.9,273,66.7,129,-.060,307,-5.52,267,100.6,236,106.1,313,-7.09,316,,OVC,66.7,129,97.5,254,48.3,186,20.3,170,30.1,195,38.1,152,107.9,273,50.6,251,19.1,247,32.1,221,40.6,231,66.7,129,68.0,142,18.2,224,17.1,55,97.5,254,100.0,192,107.9,273,106.2,287,75.9,263,-1.7,280,-0.7,258,-1.1,291,-0.9,251,-0.9,250,+0.1,185,1.36,217,31.4,162,46.8,223,2010,0.2376596169075488,11,19,0.36666666666666664,30
215,James Madison,CAA,13-20,-4.25,101.1,193,105.4,228,66.8,126,+.001,171,-1.14,183,101.9,192,103.0,175,-8.22,334,,CAA,66.8,126,101.1,193,49.2,148,21.4,228,30.0,200,34.7,253,105.4,228,47.4,102,18.1,286,35.0,307,31.1,46,66.8,126,67.8,151,17.6,154,17.6,143,101.1,193,98.6,214,105.4,228,103.4,226,77.5,50,+1.6,74,+1.9,22,-0.3,223,-0.3,209,+1.1,85,+3.4,6,1.51,168,23.3,317,41.7,263,2010,0.38248737535941757,13,20,0.3939393939393939,33
2,Kansas,B12,33-3,+31.85,120.4,2,88.5,8,67.2,105,+.038,83,+9.53,16,108.2,16,98.7,32,+1.13,125,1,B12,67.2,105,120.4,2,55.1,8,18.7,83,37.5,22,41.3,86,88.5,8,43.2,4,20.0,198,29.2,101,31.4,48,67.2,105,69.9,71,16.1,29,18.3,267,120.4,2,115.9,3,88.5,8,91.8,13,77.2,71,+2.8,26,+1.7,27,+1.1,48,-0.9,253,+1.1,85,-0.2,196,1.69,117,30.7,182,77.5,23,2010,0.9718018425244834,33,3,0.9166666666666666,36
6,Kansas St.,B12,29-8,+25.52,116.1,15,90.6,12,69.4,36,-.008,192,+11.99,2,109.5,2,97.5,10,+2.37,96,2,B12,69.4,36,116.1,15,50.6,88,20.2,163,39.5,8,50.2,4,90.6,12,46.8,80,23.6,24,31.4,199,47.4,314,69.4,36,71.7,26,17.2,116,16.2,7,116.1,15,109.6,33,90.6,12,96.0,50,76.5,169,+0.5,136,+0.6,98,-0.1,205,-0.3,215,-0.9,264,+0.4,149,1.77,92,29.3,213,60.8,111,2010,0.9454205940335969,29,8,0.7837837837837838,37
268,Kennesaw St.,ASun,13-20,-10.59,98.1,245,108.7,284,64.2,248,+.012,128,-4.29,246,99.8,263,104.1,217,-1.64,205,,ASun,64.2,248,98.1,245,46.4,271,22.2,271,35.7,37,28.7,331,108.7,284,50.5,246,21.1,124,37.5,340,30.0,34,64.2,248,66.3,230,19.4,309,16.6,28,98.1,245,97.3,239,108.7,284,105.1,263,76.9,127,+1.4,84,+0.5,114,+0.9,66,+0.4,125,-1.9,320,+0.4,165,1.55,154,29.1,216,61.9,106,2010,0.2350610216244032,13,20,0.3939393939393939,33
86,Kent St.,MAC,24-10,+8.84,106.6,111,97.8,84,66.8,128,+.071,31,+2.10,129,103.4,150,101.3,107,+3.99,67,4,MAC,66.8,128,106.6,111,48.2,195,17.6,42,31.7,146,39.2,123,97.8,84,48.4,145,22.5,51,28.5,71,37.9,180,66.8,128,67.4,173,17.3,125,18.1,243,106.6,111,103.7,123,97.8,84,97.1,78,77.0,88,-1.2,257,-0.1,180,-1.1,272,+0.5,117,+0.6,116,+1.4,57,1.37,215,32.8,129,54.2,163,2010,0.7292513872580708,24,10,0.7058823529411765,34
4,Kentucky,SEC,35-3,+26.54,114.9,22,88.3,6,68.3,66,+.060,43,+7.06,55,106.5,50,99.5,57,-1.28,194,1,SEC,68.3,66,114.9,22,53.1,32,20.3,165,39.9,5,43.6,54,88.3,6,43.1,3,19.7,218,29.3,107,29.7,25,68.3,66,70.3,60,16.1,31,18.0,208,114.9,22,111.8,17,88.3,6,91.6,11,78.6,5,+2.8,27,+1.3,37,+1.4,30,+3.0,5,+2.6,13,+1.4,63,1.12,278,28.2,233,41.8,260,2010,0.953832143136608,35,3,0.9210526315789473,38
270,LIU Brooklyn,NEC,14-17,-10.97,99.8,217,110.8,311,67.1,111,+.009,143,-9.49,321,95.7,333,105.2,265,-1.06,182,,NEC,67.1,111,99.8,217,46.4,272,20.0,151,33.3,93,39.3,119,110.8,311,49.3,181,18.3,279,31.1,189,31.5,54,67.1,111,68.3,130,17.8,175,17.2,70,99.8,217,100.5,180,110.8,311,103.0,216,75.5,299,-2.4,310,-1.5,314,-0.9,264,-3.0,341,-0.9,267,+0.7,113,1.76,98,27.7,249,55.2,153,2010,0.23104431724851762,14,17,0.45161290322580644,31
191,LSU,SEC,11-20,-1.42,99.7,219,101.2,139,61.2,324,-.006,185,+5.54,72,106.0,68,100.4,89,-5.27,289,,SEC,61.2,324,99.7,219,44.0,326,19.8,139,33.7,80,31.9,306,101.2,139,49.1,172,19.3,239,32.4,231,36.9,163,61.2,324,63.9,303,19.8,321,17.3,87,99.7,219,95.8,267,101.2,139,103.7,233,76.9,115,+0.9,111,+0.0,161,+0.9,70,+0.5,114,-0.9,245,+0.1,184,1.68,121,28.9,219,38.6,280,2010,0.45717259674514793,11,20,0.3548387096774194,31
160,La Salle,A10,12-18,+1.18,106.2,121,105.1,224,67.3,102,-.015,215,+3.91,96,104.5,117,100.6,90,-0.03,149,,A10,67.3,102,106.2,121,48.8,168,22.9,300,37.7,20,38.0,157,105.1,224,49.4,189,17.1,327,31.8,209,33.5,90,67.3,102,68.9,96,16.8,85,17.6,145,106.2,121,102.2,149,105.1,224,105.8,280,78.8,3,+2.4,34,+0.5,126,+1.9,15,+3.2,3,+3.4,2,+3.0,14,1.84,77,28.0,237,48.5,212,2010,0.5298983021351007,12,18,0.4,30
240,Lafayette,Pat,19-13,-7.69,104.1,150,111.8,328,66.6,133,+.073,30,-10.55,330,96.9,320,107.4,342,-11.24,345,,Pat,66.6,133,104.1,150,52.9,33,19.5,120,26.1,307,39.2,122,111.8,328,52.3,314,21.6,90,33.8,283,28.7,17,66.6,133,67.5,167,17.1,106,18.7,315,104.1,150,106.9,65,111.8,328,105.7,278,76.6,164,+1.4,82,-0.1,174,+1.5,26,-1.0,274,+0.1,167,+0.4,122,1.28,240,32.6,135,74.0,34,2010,0.30562883512050015,19,13,0.59375,32
283,Lamar,Slnd,14-18,-12.07,96.4,271,108.5,282,67.7,83,+.053,51,-4.68,252,100.1,257,104.7,250,-3.54,257,,Slnd,67.7,83,96.4,271,45.4,299,22.4,280,35.9,33,47.4,14,108.5,282,51.4,281,19.9,207,29.7,120,38.2,190,67.7,83,70.1,64,17.4,128,16.8,40,96.4,271,96.0,265,108.5,282,104.8,259,76.4,189,+0.6,131,+1.0,63,-0.4,230,-1.1,296,-0.9,262,+0.7,112,0.75,329,30.1,197,22.1,335,2010,0.20427188770451837,14,18,0.4375,32
186,Lehigh,Pat,22-11,-0.97,105.6,134,106.6,249,68.9,48,+.018,116,-10.02,326,96.8,322,106.8,330,-8.95,340,16,Pat,68.9,48,105.6,134,51.4,67,18.5,72,28.0,261,43.1,58,106.6,249,48.8,158,19.6,223,28.7,84,30.9,43,68.9,48,70.0,70,15.9,24,18.1,235,105.6,134,107.0,62,106.6,249,99.9,141,76.4,197,-0.0,172,-0.1,178,+0.1,158,-0.5,230,-1.2,292,-2.5,319,1.93,61,28.3,232,59.6,122,2010,0.4729292187375636,22,11,0.6666666666666666,33
282,Liberty,BSth,15-16,-12.03,96.3,273,108.4,278,65.7,186,+.049,61,-7.23,295,98.3,297,105.6,285,+5.12,53,,BSth,65.7,186,96.3,273,47.9,211,22.9,301,29.4,216,42.2,69,108.4,278,50.1,220,19.0,251,29.9,131,33.9,94,65.7,186,68.5,123,17.6,160,17.3,86,96.3,273,95.6,270,108.4,278,102.9,208,76.5,170,-2.2,304,-0.6,248,-1.6,322,+0.0,189,+1.1,71,+2.4,30,0.97,301,31.4,163,26.3,329,2010,0.20405551409976044,15,16,0.4838709677419355,31
172,Lipscomb,ASun,17-13,-0.12,109.3,70,109.4,292,69.3,38,-.033,260,-5.80,274,99.0,283,104.8,251,+0.06,145,,ASun,69.3,38,109.3,70,52.8,34,20.7,186,33.3,93,38.1,153,109.4,292,53.4,331,19.2,243,29.9,134,30.7,42,69.3,38,71.2,33,16.5,50,17.3,84,109.3,70,109.0,39,109.4,292,105.1,265,77.0,106,+0.9,114,+0.5,107,+0.4,128,+0.6,106,+1.1,81,-2.5,318,1.67,125,32.7,132,62.7,97,2010,0.4973708516666182,17,13,0.5666666666666667,30
154,Long Beach St.,BW,17-16,+2.00,100.6,201,98.6,94,69.3,39,+.033,88,+2.82,113,105.1,85,102.3,148,+15.55,2,,BW,69.3,39,100.6,201,47.7,218,20.2,164,29.9,203,38.5,138,98.6,94,49.4,186,21.2,118,32.4,232,32.9,80,69.3,39,69.9,72,16.4,40,18.0,211,100.6,201,98.7,212,98.6,94,101.0,167,75.6,288,-0.9,238,-0.9,273,-0.1,182,-0.1,205,-0.9,255,-2.6,329,1.73,106,24.8,302,68.6,55,2010,0.5574776533201754,17,16,0.5151515151515151,33
298,Longwood,ind,12-19,-13.56,98.0,246,111.6,325,72.4,7,+.011,134,-5.26,262,98.5,294,103.8,207,-2.17,223,,ind,72.4,7,98.0,246,48.3,185,21.0,204,27.4,279,28.6,332,111.6,325,52.6,318,21.3,110,34.9,306,46.2,306,72.4,7,73.8,10,15.7,18,16.8,35,98.0,246,95.5,272,111.6,325,107.3,301,74.9,336,-4.5,344,-2.1,340,-2.5,342,-2.0,335,-0.9,260,-0.2,197,1.81,84,27.5,258,64.7,83,2010,0.18325234084654926,12,19,0.3870967741935484,31
217,Louisiana Lafayette,SB,13-17,-4.31,99.4,225,103.7,198,65.8,181,-.065,314,-4.79,253,101.0,225,105.8,297,-0.02,147,,SB,65.8,181,99.4,225,50.3,98,19.2,107,29.3,217,32.2,301,103.7,198,48.3,142,21.6,91,33.3,264,47.4,315,65.8,181,66.7,208,17.0,94,18.9,330,99.4,225,100.9,176,103.7,198,101.2,173,77.0,99,+1.6,66,+0.1,155,+1.6,25,+3.0,7,-0.6,218,-1.6,294,1.81,82,31.1,170,63.4,91,2010,0.3805946473580602,13,17,0.43333333333333335,30
280,Louisiana Monroe,SB,12-19,-11.87,98.4,240,110.3,301,66.1,168,+.049,62,-4.61,250,100.6,237,105.2,266,-0.88,169,,SB,66.1,168,98.4,240,47.7,219,24.4,329,33.3,93,45.6,27,110.3,301,53.2,326,21.2,123,33.2,261,40.4,229,66.1,168,67.6,159,18.9,280,16.4,12,98.4,240,98.8,210,110.3,301,107.0,298,75.2,321,-2.1,298,-0.4,224,-1.7,323,-1.6,318,-1.8,312,-2.3,315,1.55,151,35.2,82,51.6,184,2010,0.21200599902153536,12,19,0.3870967741935484,31
113,Louisiana Tech,WAC,24-11,+5.99,105.4,139,99.4,103,67.6,89,+.109,9,+1.15,145,104.9,94,103.8,206,-3.87,262,,WAC,67.6,89,105.4,139,50.1,109,18.9,96,34.1,66,37.4,172,99.4,103,49.4,185,19.8,217,29.8,125,28.5,15,67.6,89,68.6,113,16.8,84,18.1,244,105.4,139,105.4,90,99.4,103,101.0,162,77.0,100,+2.2,41,+1.2,43,+0.9,61,+0.8,87,+1.1,80,-0.7,244,1.82,81,24.0,311,68.2,57,2010,0.6624029446515214,24,11,0.6857142857142857,35
38,Louisville,BE,20-13,+16.91,114.5,23,97.6,78,66.3,151,-.038,271,+8.87,29,107.8,20,99.0,46,-1.62,203,9,BE,66.3,151,114.5,23,51.4,68,19.8,138,38.8,13,35.7,222,97.6,78,48.5,149,22.4,57,34.1,291,41.0,238,66.3,151,68.4,125,16.6,62,18.5,295,114.5,23,109.7,31,97.6,78,101.1,169,77.0,101,+1.6,68,+0.8,81,+0.8,83,+0.4,123,+0.1,171,+1.1,99,1.74,102,37.2,48,52.7,179,2010,0.8625365297113641,20,13,0.6060606060606061,33
216,Loyola Chicago,Horz,14-16,-4.29,101.8,186,106.1,241,62.9,289,+.060,44,+1.26,142,104.0,133,102.7,165,-2.32,225,,Horz,62.9,289,101.8,186,48.3,187,21.8,255,33.6,84,36.5,204,106.1,241,50.1,224,17.8,307,31.2,191,31.4,53,62.9,289,64.4,290,18.5,254,18.6,311,101.8,186,99.4,199,106.1,241,106.2,288,76.6,168,-0.3,190,-1.1,288,+0.8,86,+0.0,182,+0.6,117,+1.4,72,1.11,280,27.3,263,32.4,306,2010,0.3832497424441217,14,16,0.4666666666666667,30
214,Loyola MD,MAAC,13-17,-4.12,99.5,223,103.6,189,65.2,213,-.033,259,-2.77,223,99.5,273,102.2,146,-7.06,314,,MAAC,65.2,213,99.5,223,47.2,248,22.6,290,32.5,118,39.2,121,103.6,189,44.4,19,19.9,201,33.4,268,45.8,300,65.2,213,66.7,213,18.9,282,17.2,69,99.5,223,97.0,247,103.6,189,98.7,113,76.5,178,+1.0,105,+1.1,51,-0.1,203,-0.9,258,-0.4,208,-0.6,214,1.58,144,37.2,47,59.7,121,2010,0.3859505084821804,13,17,0.43333333333333335,30
168,Loyola Marymount,WCC,18-16,-0.01,108.4,82,108.4,281,69.0,46,+.041,75,-0.34,167,102.5,177,102.8,171,-2.12,221,,WCC,69.0,46,108.4,82,50.4,94,18.3,64,32.8,110,39.7,114,108.4,281,49.6,197,18.8,261,33.2,262,41.0,240,69.0,46,70.2,61,16.5,58,17.6,131,108.4,82,106.4,73,108.4,281,107.5,306,77.7,34,+0.9,117,-0.1,172,+0.9,67,+1.0,84,+2.1,31,+3.4,4,1.17,267,27.9,239,43.6,249,2010,0.5,18,16,0.5294117647058824,34
213,Maine,AE,19-11,-4.07,94.2,292,98.3,90,64.5,236,+.122,4,-6.05,277,99.2,280,105.2,271,-1.76,209,,AE,64.5,236,94.2,292,45.7,292,21.9,258,29.7,207,40.6,98,98.3,90,45.7,46,20.9,138,29.7,119,30.0,32,64.5,236,65.7,252,17.8,178,18.9,328,94.2,292,94.3,288,98.3,90,94.4,39,77.0,107,-0.1,180,-1.1,294,+0.9,70,+1.2,43,+1.1,72,+1.5,51,1.79,88,26.7,274,65.2,81,2010,0.3799067071300345,19,11,0.6333333333333333,30
199,Manhattan,MAAC,11-20,-2.38,99.3,227,101.7,154,66.1,164,-.110,343,-1.18,184,101.0,224,102.2,143,-3.90,264,,MAAC,66.1,164,99.3,227,44.2,324,17.2,26,29.0,227,36.1,213,101.7,154,46.8,79,21.5,97,32.4,234,41.7,258,66.1,164,67.7,155,18.7,263,16.6,25,99.3,227,96.7,253,101.7,154,98.7,114,76.2,220,-2.2,302,-0.9,278,-1.2,306,+0.0,184,+0.7,106,+1.4,90,2.34,16,31.4,159,55.6,148,2010,0.43176835845852596,11,20,0.3548387096774194,31
336,Marist,MAAC,1-29,-22.01,90.8,319,112.8,335,62.6,298,-.014,214,-0.73,176,101.1,222,101.9,126,-3.40,255,,MAAC,62.6,298,90.8,319,45.5,297,22.2,272,21.6,339,28.4,335,112.8,335,52.2,312,18.8,256,33.8,286,37.4,173,62.6,298,64.0,295,19.0,287,18.3,275,90.8,319,87.7,336,112.8,335,110.2,335,76.2,225,-1.9,285,-0.4,220,-1.5,313,-0.6,239,+0.6,118,+1.0,103,0.63,337,33.7,105,28.1,327,2010,0.076209012311341,1,29,0.03333333333333333,30
24,Marquette,BE,22-12,+19.65,115.1,21,95.5,55,62.3,305,-.064,312,+9.05,23,108.0,17,98.9,44,-6.52,311,6,BE,62.3,305,115.1,21,52.8,35,16.0,7,28.6,245,34.9,244,95.5,55,49.7,201,22.1,68,31.6,205,29.4,21,62.3,305,64.6,285,19.0,284,18.2,258,115.1,21,111.5,18,95.5,55,98.9,123,74.7,341,-2.3,308,-2.3,342,-0.1,195,-1.2,303,-1.9,325,-3.6,336,1.81,83,19.6,338,38.2,284,2010,0.8953659305000545,22,12,0.6470588235294118,34
81,Marshall,CUSA,24-10,+10.18,110.1,59,99.9,115,68.5,65,+.022,109,+1.63,139,103.5,149,101.8,124,-1.18,188,,CUSA,68.5,65,110.1,59,51.7,56,18.4,67,33.4,92,46.0,21,99.9,115,45.3,36,18.0,291,31.3,193,36.4,148,68.5,65,69.7,74,16.6,63,17.4,102,110.1,59,108.5,44,99.9,115,99.6,133,76.8,129,+1.3,95,+1.1,54,+0.2,144,+0.1,146,-0.1,190,-1.6,287,1.79,87,35.6,76,66.8,65,2010,0.7536217481805906,24,10,0.7058823529411765,34
13,Maryland,ACC,24-9,+22.37,118.3,7,95.9,57,68.7,53,-.023,241,+8.87,28,106.7,46,97.8,15,-4.35,276,4,ACC,68.7,53,118.3,7,51.8,51,16.3,14,34.0,70,33.9,274,95.9,57,44.9,29,21.5,100,34.8,304,29.6,24,68.7,53,70.3,56,15.9,22,18.1,232,118.3,7,112.0,16,95.9,57,97.1,79,77.8,29,+0.3,149,-0.3,211,+0.6,99,+2.0,20,+2.1,26,+2.4,18,2.43,11,26.8,272,79.0,15,2010,0.917892775651769,24,9,0.7272727272727273,33
319,Maryland Eastern Shore,MEAC,11-21,-18.54,91.6,315,110.1,299,65.1,216,+.056,46,-9.17,317,96.9,317,106.1,312,-1.34,196,,MEAC,65.1,216,91.6,315,44.8,316,23.1,308,33.0,104,36.3,209,110.1,299,49.3,176,18.3,282,32.7,246,36.6,155,65.1,216,65.9,246,17.9,180,18.2,264,91.6,315,92.0,314,110.1,299,104.6,255,75.0,332,-2.0,292,-1.9,334,-0.1,195,-1.2,301,-3.9,345,-1.6,305,0.99,294,34.6,92,25.2,332,2010,0.10759802544074358,11,21,0.34375,32
167,Massachusetts,A10,12-20,+0.12,102.7,172,102.6,168,68.6,63,+.004,159,+6.34,65,106.5,52,100.2,80,+4.61,58,,A10,68.6,63,102.7,172,45.5,296,19.7,134,35.7,36,33.7,279,102.6,168,49.9,214,17.6,316,30.7,174,38.5,196,68.6,63,70.3,53,16.8,77,17.1,58,102.7,172,98.6,215,102.6,168,105.9,281,77.1,78,+1.3,92,+0.4,130,+0.9,64,+0.8,91,+0.6,119,+1.4,62,1.32,226,38.3,32,39.4,275,2010,0.5028007502753803,12,20,0.375,32
279,McNeese St.,Slnd,10-20,-11.86,99.0,232,110.9,313,65.4,202,-.022,238,-4.06,242,100.4,246,104.4,235,+1.61,112,,Slnd,65.4,202,99.0,232,47.6,223,21.5,235,35.1,50,30.3,319,110.9,313,51.5,287,20.2,190,32.7,242,53.2,339,65.4,202,67.2,182,18.4,240,17.7,151,99.0,232,98.4,218,110.9,313,107.7,310,75.4,306,-0.9,236,-0.2,200,-0.7,249,-1.6,313,-2.3,333,-3.6,335,1.15,271,32.8,127,51.0,189,2010,0.2132653250901083,10,20,0.3333333333333333,30
49,Memphis,CUSA,24-10,+15.24,115.3,19,100.1,118,65.2,211,-.038,273,+1.87,134,103.8,139,102.0,135,-4.79,283,3,CUSA,65.2,211,115.3,19,53.6,23,17.0,22,31.3,165,44.4,42,100.1,118,46.5,67,22.6,50,34.2,293,41.2,244,65.2,211,67.0,192,17.6,158,18.2,256,115.3,19,112.7,12,100.1,118,98.4,106,77.4,51,-0.2,184,-0.1,165,-0.2,211,+1.0,73,+2.3,15,+2.4,25,1.37,214,22.4,325,39.3,276,2010,0.8355837171102733,24,10,0.7058823529411765,34
205,Mercer,ASun,16-17,-3.33,107.8,91,111.2,317,68.1,70,-.014,210,-2.54,215,100.2,254,102.7,164,+10.38,6,,ASun,68.1,70,107.8,91,51.6,59,21.5,232,32.0,142,44.9,35,111.2,317,50.2,229,17.3,322,33.5,272,36.9,164,68.1,70,70.5,50,16.7,68,17.2,67,107.8,91,106.0,81,111.2,317,107.7,311,76.2,224,-1.8,282,-0.9,279,-0.8,260,-0.6,235,-0.8,226,-0.6,202,2.05,39,22.1,328,62.4,100,2010,0.41166022469031704,16,17,0.48484848484848486,33
55,Miami FL,ACC,20-13,+14.79,112.2,39,97.4,75,65.3,204,-.069,321,+6.02,68,104.3,120,98.3,23,-11.44,346,,ACC,65.3,204,112.2,39,52.7,38,21.1,207,33.2,97,37.0,185,97.4,75,46.6,72,20.0,196,28.9,95,36.2,142,65.3,204,67.1,185,17.9,182,18.2,255,112.2,39,106.3,75,97.4,75,97.0,75,77.8,30,+1.1,104,+0.1,151,+0.9,55,+1.6,30,+2.1,23,+1.6,50,1.37,212,37.0,53,46.3,228,2010,0.8357243464008273,20,13,0.6060606060606061,33
143,Miami OH,MAC,14-18,+2.79,103.9,152,101.1,138,59.7,337,-.028,247,+3.57,102,104.5,114,101.0,98,+8.08,23,,MAC,59.7,337,103.9,152,50.0,116,21.0,200,26.6,301,37.4,170,101.1,138,47.2,94,17.0,328,30.2,147,36.7,156,59.7,337,61.3,338,20.9,338,18.2,253,103.9,152,100.5,183,101.1,138,102.2,187,76.7,144,+0.4,142,-0.5,234,+0.9,60,-0.2,207,+0.5,126,+0.4,120,1.17,264,27.2,265,44.5,239,2010,0.5779017778627746,14,18,0.4375,32
70,Michigan,B10,15-17,+11.48,107.4,101,95.9,58,61.8,314,-.079,331,+9.27,21,107.7,22,98.4,25,+2.62,90,,B10,61.8,314,107.4,101,47.5,229,16.3,12,27.2,284,28.7,329,95.9,58,50.1,223,23.1,34,33.6,276,25.9,7,61.8,314,62.0,331,19.2,296,19.3,341,107.4,101,101.2,168,95.9,58,99.6,134,77.1,80,-0.9,237,-0.1,164,-0.9,263,+0.6,101,+1.3,53,+3.4,6,1.90,69,22.1,327,71.7,41,2010,0.7862425383245751,15,17,0.46875,32
20,Michigan St.,B10,28-9,+20.13,112.8,33,92.7,27,65.3,203,+.027,96,+9.03,24,107.5,26,98.5,29,-0.94,173,5,B10,65.3,203,112.8,33,51.6,58,21.3,219,38.9,10,36.9,188,92.7,27,46.6,73,18.7,262,25.1,10,31.4,50,65.3,203,66.2,235,16.6,66,19.6,346,112.8,33,108.0,49,92.7,27,96.4,63,76.5,174,-0.3,196,-0.3,208,-0.1,172,+0.2,141,+0.0,187,-0.6,208,1.75,99,32.4,138,65.0,82,2010,0.9052398063105965,28,9,0.7567567567567568,37
164,Middle Tennessee,SB,19-14,+0.65,101.4,189,100.7,129,64.7,231,-.044,286,-4.83,254,100.6,239,105.4,280,-1.97,217,,SB,64.7,231,101.4,189,49.6,135,20.2,157,28.8,236,37.4,171,100.7,129,50.1,225,21.9,75,24.5,5,50.0,333,64.7,231,66.1,238,18.1,209,17.9,201,101.4,189,102.6,144,100.7,129,98.0,95,75.9,264,-0.8,228,-0.5,230,-0.3,222,+0.0,174,-0.8,227,-0.6,219,1.65,130,30.9,177,36.6,289,2010,0.5199054367773372,19,14,0.5757575757575758,33
130,Milwaukee,Horz,20-14,+3.89,105.5,136,101.6,151,66.3,154,+.032,90,+1.07,147,103.5,147,102.5,154,-0.14,151,,Horz,66.3,154,105.5,136,49.9,125,20.8,188,30.2,194,43.0,59,101.6,151,49.2,175,17.3,324,25.0,8,33.6,91,66.3,154,66.8,206,18.3,230,17.5,127,105.5,136,103.0,133,101.6,151,101.9,183,75.8,271,-0.7,217,-1.1,297,+0.5,115,-1.1,298,-0.9,258,+0.4,132,1.53,162,38.0,36,52.1,183,2010,0.6066316463420807,20,14,0.5882352941176471,34
34,Minnesota,B10,21-14,+17.97,112.0,41,94.1,41,65.6,190,-.055,302,+8.37,40,107.7,24,99.3,52,-3.72,261,11,B10,65.6,190,112.0,41,53.1,31,18.8,94,32.3,127,33.9,272,94.1,41,46.5,63,21.6,89,28.9,94,32.8,76,65.6,190,66.4,227,18.3,234,18.1,233,112.0,41,107.9,51,94.1,41,96.3,61,77.3,59,+3.4,13,+2.1,18,+1.3,39,+0.9,85,+1.1,79,+0.8,110,1.73,107,36.1,67,79.5,14,2010,0.8810718327819446,21,14,0.6,35
48,Mississippi,SEC,24-11,+15.77,112.9,32,97.2,70,68.7,55,-.034,261,+5.66,71,105.6,75,100.0,71,-2.73,232,2,SEC,68.7,55,112.9,32,51.6,57,17.0,20,32.6,112,33.4,283,97.2,70,46.4,60,20.0,194,30.3,149,38.2,188,68.7,55,70.7,42,16.2,36,17.8,172,112.9,32,109.7,32,97.2,70,98.8,119,76.9,124,+0.6,130,+0.1,146,+0.5,117,+1.1,56,+2.2,17,-1.6,289,1.66,126,31.0,174,61.3,108,2010,0.8483753664374325,24,11,0.6857142857142857,35
45,Mississippi St.,SEC,24-12,+15.98,109.7,66,93.7,34,66.5,141,-.049,297,+5.51,74,105.5,77,100.0,75,-2.76,234,1,SEC,66.5,141,109.7,66,51.4,66,18.7,87,29.9,204,35.3,239,93.7,34,44.0,12,16.5,336,28.3,61,24.8,5,66.5,141,68.0,143,17.4,129,17.7,161,109.7,66,106.3,74,93.7,34,94.5,41,77.3,64,+1.3,91,+0.1,158,+1.3,40,-0.7,242,+1.1,85,+2.4,32,2.37,15,23.1,320,86.9,3,2010,0.8597226794858487,24,12,0.6666666666666666,36
328,Mississippi Valley St.,SWAC,9-23,-20.40,91.6,314,112.0,333,67.2,106,-.005,183,-9.29,318,94.7,340,104.0,215,+6.36,40,,SWAC,67.2,106,91.6,314,46.2,275,24.9,339,28.6,244,37.4,173,112.0,333,51.8,302,21.4,105,32.2,226,42.1,263,67.2,106,69.5,78,17.0,95,17.2,76,91.6,314,90.1,322,112.0,333,104.4,252,76.4,193,+0.7,128,-0.1,169,+0.8,92,+1.0,63,+0.3,131,-0.6,242,0.80,326,30.9,180,39.9,272,2010,0.09011124390252011,9,23,0.28125,32
22,Missouri,B12,23-11,+19.99,111.5,46,91.5,18,68.8,51,-.035,264,+8.17,44,107.1,39,98.9,43,-6.10,306,10,B12,68.8,51,111.5,46,50.1,102,17.7,44,32.2,137,33.9,269,91.5,18,45.9,50,27.1,3,36.6,332,38.9,206,68.8,51,71.3,31,15.2,9,18.5,304,111.5,46,107.3,58,91.5,18,92.9,27,77.3,60,+1.1,102,+0.2,144,+0.9,78,+0.1,159,+1.1,77,+1.4,65,1.43,190,38.1,35,61.3,109,2010,0.906648645480432,23,11,0.6764705882352942,34
75,Missouri St.,MVC,24-12,+10.85,111.8,43,100.9,134,64.5,241,-.050,298,+1.07,148,103.3,154,102.3,147,-4.44,279,,MVC,64.5,241,111.8,43,51.2,74,17.4,28,31.5,158,36.3,208,100.9,134,49.3,183,19.8,213,25.9,20,36.8,159,64.5,241,64.6,284,19.1,291,17.9,191,111.8,43,109.7,30,100.9,134,100.2,148,76.3,199,+1.0,106,+1.4,33,-0.3,225,-0.6,237,-0.9,261,+1.4,82,1.40,196,33.5,111,37.0,286,2010,0.7648918416230033,24,12,0.6666666666666666,36
296,Monmouth,NEC,12-19,-13.46,92.5,307,105.9,238,65.6,189,-.031,256,-9.33,319,96.8,321,106.1,314,-3.94,266,,NEC,65.6,189,92.5,307,46.2,276,21.6,239,27.4,277,35.9,218,105.9,238,50.2,231,22.3,58,31.4,201,39.5,217,65.6,189,67.2,183,17.1,108,18.5,301,92.5,307,94.4,286,105.9,238,98.8,116,75.7,281,-1.2,255,-0.8,262,-0.4,229,-0.5,226,-1.9,323,-1.6,286,2.02,46,30.7,183,58.8,126,2010,0.17425072254483173,12,19,0.3870967741935484,31
95,Montana,BSky,22-10,+8.08,106.5,116,98.4,92,62.0,312,-.042,278,-2.21,205,103.4,153,105.6,289,-0.86,168,14,BSky,62.0,312,106.5,116,54.2,16,19.0,101,28.2,254,36.8,192,98.4,92,47.6,113,19.8,212,28.2,59,38.8,202,62.0,312,63.7,306,19.2,299,18.5,297,106.5,116,108.1,48,98.4,92,97.7,89,77.2,70,+3.1,20,+2.9,4,+0.1,151,-0.5,229,+0.1,157,+1.4,66,1.66,127,33.5,112,63.7,90,2010,0.7129383771305581,22,10,0.6875,32
195,Montana St.,BSky,15-14,-1.78,103.4,161,105.2,227,63.4,277,+.018,117,-1.33,188,104.2,127,105.5,284,+2.86,86,,BSky,63.4,277,103.4,161,50.9,81,17.9,49,25.9,308,38.1,154,105.2,227,49.6,198,19.9,204,32.0,218,38.1,185,63.4,277,64.9,274,19.1,293,17.7,162,103.4,161,104.1,112,105.2,227,105.6,273,77.0,108,-0.1,174,-0.3,207,+0.2,143,+1.0,57,+1.4,47,-0.6,221,1.73,105,27.0,268,80.3,11,2010,0.45054451161320225,15,14,0.5172413793103449,29
102,Morehead St.,OVC,24-11,+7.00,105.1,143,98.1,88,64.7,227,-.017,226,-4.33,248,101.3,214,105.6,291,+1.84,110,,OVC,64.7,227,105.1,143,51.1,79,22.7,297,38.9,11,36.5,203,98.1,88,49.7,202,23.8,18,25.5,16,45.7,297,64.7,227,66.6,217,18.7,264,17.5,112,105.1,143,105.9,84,98.1,88,95.7,45,76.3,202,-2.4,312,-0.8,268,-1.6,321,+0.0,184,+1.4,48,+1.9,46,1.86,76,28.6,228,67.8,59,2010,0.6883971534504533,24,11,0.6857142857142857,35
156,Morgan St.,MEAC,27-10,+1.58,105.5,135,104.0,203,68.6,62,+.078,24,-7.71,302,98.2,300,105.9,301,+0.13,143,15,MEAC,68.6,62,105.5,135,47.4,231,19.0,100,39.3,9,43.9,50,104.0,203,46.5,65,20.0,197,32.1,223,43.2,274,68.6,62,70.1,63,16.2,33,18.0,219,105.5,135,106.9,64,104.0,203,98.9,122,76.4,188,-2.0,290,-0.2,186,-1.8,328,+0.0,189,-0.9,235,-0.1,192,1.34,222,30.2,194,44.5,240,2010,0.5410773627021797,27,10,0.7297297297297297,37
182,Mount St. Mary's,NEC,16-15,-0.83,96.8,266,97.6,79,65.9,178,-.065,315,-6.81,288,98.6,291,105.4,282,+6.94,31,,NEC,65.9,178,96.8,266,47.6,224,19.6,125,28.6,249,40.2,106,97.6,79,45.1,33,23.0,41,31.1,186,31.7,58,65.9,178,67.4,174,17.8,179,17.6,130,96.8,266,97.7,234,97.6,79,92.7,23,75.9,261,-1.2,259,-1.1,285,-0.1,210,+0.4,127,+1.1,75,-2.3,314,2.42,12,28.8,222,73.6,36,2010,0.47635496486869355,16,15,0.5161290322580645,31
53,Murray St.,OVC,31-5,+15.06,109.0,74,94.0,36,65.6,192,-.011,200,-5.78,272,100.2,252,106.0,311,-5.24,288,13,OVC,65.6,192,109.0,74,55.1,9,21.8,254,38.9,12,42.0,73,94.0,36,44.0,10,24.0,15,29.9,126,34.7,115,65.6,192,67.5,162,17.7,168,17.7,149,109.0,74,111.1,20,94.0,36,90.5,6,75.7,286,-1.4,270,-0.6,246,-0.9,265,-1.6,316,-1.6,306,-0.6,216,1.96,53,36.1,70,60.3,115,2010,0.8458753932572313,31,5,0.8611111111111112,36
69,N.C. State,ACC,20-16,+11.49,106.1,125,94.6,48,64.5,240,-.007,188,+8.66,35,106.4,58,97.7,13,-5.32,292,6,ACC,64.5,240,106.1,125,48.3,189,19.9,144,30.3,191,36.6,198,94.6,48,46.3,57,19.9,206,32.5,239,36.6,153,64.5,240,66.0,242,18.9,281,17.3,92,106.1,125,100.6,178,94.6,48,97.3,83,77.9,25,+2.2,40,+0.2,141,+1.9,14,+2.7,12,+1.6,44,-0.6,206,1.21,255,33.7,103,44.9,237,2010,0.789070638796095,20,16,0.5555555555555556,36
338,NJIT,GWC,10-21,-22.16,84.7,343,106.8,254,66.6,131,-.059,306,-11.71,337,96.3,325,108.0,347,-1.00,179,,GWC,66.6,131,84.7,343,43.0,333,22.1,269,25.4,316,32.0,304,106.8,254,49.1,170,21.9,74,31.2,192,43.2,276,66.6,131,68.9,97,17.9,188,17.3,81,84.7,343,86.3,341,106.8,254,101.0,163,75.6,296,-4.2,342,-1.2,298,-3.0,346,-1.0,286,+0.1,149,+0.1,183,1.22,251,35.1,85,45.6,234,2010,0.06499833013020558,10,21,0.3225806451612903,31
291,Navy,Pat,13-17,-12.70,96.3,272,109.0,289,70.7,20,+.077,25,-8.50,311,98.3,299,106.8,332,-7.71,326,,Pat,70.7,20,96.3,272,47.9,206,20.7,182,25.6,312,38.4,140,109.0,289,50.6,253,23.0,37,33.5,271,45.7,299,70.7,20,72.1,22,15.2,10,18.0,209,96.3,272,97.9,229,109.0,289,103.7,232,76.0,255,-1.2,254,+0.9,70,-2.0,338,-1.0,275,+0.1,166,+0.4,142,1.89,70,22.4,326,48.7,211,2010,0.19393911974743178,13,17,0.43333333333333335,30
93,Nebraska,B12,15-18,+8.28,107.0,107,98.7,97,62.8,293,-.067,317,+8.03,47,106.3,62,98.3,22,-8.83,339,,B12,62.8,293,107.0,107,50.2,99,19.4,115,27.3,281,37.5,169,98.7,97,50.0,217,21.5,94,27.7,51,41.6,253,62.8,293,64.9,277,18.4,236,18.4,284,107.0,107,101.8,156,98.7,97,100.3,149,77.0,110,+1.1,103,+2.1,17,-1.0,270,+0.0,189,+1.2,56,+0.4,125,1.31,228,32.8,128,32.0,311,2010,0.716781975972651,15,18,0.45454545454545453,33
80,Nevada,WAC,21-13,+10.20,112.8,34,102.6,169,68.7,54,-.030,253,+4.33,86,106.8,43,102.4,153,+6.00,45,6,WAC,68.7,54,112.8,34,53.4,26,16.6,18,30.1,196,34.3,262,102.6,169,48.7,155,15.7,342,30.3,152,31.8,62,68.7,54,70.6,46,16.4,42,17.7,154,112.8,34,111.2,19,102.6,169,105.8,279,77.8,27,+1.4,87,+0.5,111,+0.9,77,+0.1,150,+2.1,31,+3.4,5,2.00,49,17.2,346,66.5,69,2010,0.7483726211641452,21,13,0.6176470588235294,34
260,New Hampshire,AE,13-17,-9.76,91.5,316,101.3,143,64.5,239,+.004,160,-5.94,276,98.7,289,104.6,247,-3.25,253,,AE,64.5,239,91.5,316,42.7,337,20.5,177,30.5,187,40.0,111,101.3,143,46.4,61,20.6,156,26.8,30,43.6,280,64.5,239,64.8,279,19.0,283,18.0,214,91.5,316,91.4,317,101.3,143,96.3,60,76.2,228,-1.1,245,-0.2,203,-0.8,257,-1.9,328,+0.1,175,+0.4,128,1.95,56,30.2,192,68.4,56,2010,0.23683771392265449,13,17,0.43333333333333335,30
43,New Mexico,MWC,30-5,+16.18,113.6,26,97.4,74,67.4,98,+.096,13,+4.09,90,105.0,92,100.9,96,+1.85,109,3,MWC,67.4,98,113.6,26,50.6,90,16.2,10,33.8,75,44.9,34,97.4,74,49.5,192,20.2,189,25.0,7,35.0,122,67.4,98,68.1,136,17.2,119,18.1,231,113.6,26,110.9,23,97.4,74,98.1,97,76.9,114,+0.4,144,-0.1,173,+0.5,116,+1.2,47,+0.1,140,+0.0,188,1.39,202,28.0,238,52.7,180,2010,0.8543779258830079,30,5,0.8571428571428571,35
112,New Mexico St.,WAC,22-12,+6.03,111.6,45,105.5,231,70.3,24,+.122,5,+4.03,94,105.8,72,101.7,120,+2.09,102,12,WAC,70.3,24,111.6,45,53.2,30,17.8,48,29.3,219,38.0,155,105.5,231,51.1,267,18.5,269,33.5,270,32.0,64,70.3,24,72.0,23,15.6,16,17.6,146,111.6,45,108.7,42,105.5,231,108.0,315,76.9,116,-0.5,208,+0.5,108,-1.0,268,+0.1,162,+0.1,154,+1.4,73,1.96,55,23.0,323,83.2,8,2010,0.6562023887283714,22,12,0.6470588235294118,34
315,New Orleans,SB,8-22,-16.68,89.0,334,105.7,233,63.7,268,+.001,168,-5.16,259,100.1,255,105.3,274,-5.60,297,,SB,63.7,268,89.0,334,45.2,303,24.3,327,27.4,278,39.1,126,105.7,233,50.8,259,20.7,153,27.2,38,43.7,281,63.7,268,65.2,263,18.8,277,17.9,199,89.0,334,89.4,327,105.7,233,102.0,185,76.5,177,+1.9,56,+0.5,110,+1.4,34,-1.6,317,+0.1,172,+0.7,116,1.01,291,33.5,110,36.0,295,2010,0.12157085202745768,8,22,0.26666666666666666,30
128,Niagara,MAAC,18-15,+4.06,105.7,132,101.6,152,68.0,73,-.062,310,-0.51,169,101.2,220,101.7,117,-0.54,161,,MAAC,68.0,73,105.7,132,47.2,247,17.6,37,32.3,130,37.3,175,101.6,152,46.4,62,21.1,125,35.3,313,33.3,84,68.0,73,69.4,80,16.1,28,18.4,292,105.7,132,102.7,141,101.6,152,98.5,110,75.3,315,-3.4,332,-2.3,345,-1.1,299,-0.8,247,-0.9,259,-0.6,217,2.31,20,23.9,313,78.9,16,2010,0.6118168274923523,18,15,0.5454545454545454,33
273,Nicholls St.,Slnd,11-19,-11.17,99.6,221,110.7,310,61.4,318,+.013,127,-1.95,201,102.2,184,104.1,222,+6.71,36,,Slnd,61.4,318,99.6,221,48.9,162,21.2,217,25.2,319,41.1,87,110.7,310,58.4,347,24.5,12,32.5,238,54.8,343,61.4,318,63.9,301,20.6,331,16.6,27,99.6,221,98.3,221,110.7,310,109.6,328,75.3,316,-3.0,324,-1.9,332,-1.1,277,-0.6,236,-2.4,336,-0.6,239,1.62,138,27.4,260,60.6,112,2010,0.22879827429414687,11,19,0.36666666666666664,30
271,Norfolk St.,MEAC,11-19,-11.06,96.2,278,107.2,262,71.2,13,-.026,245,-7.61,299,97.0,315,104.6,243,+1.41,120,,MEAC,71.2,13,96.2,278,49.8,127,24.6,334,32.2,138,40.4,102,107.2,262,47.9,127,20.3,185,33.9,290,47.2,312,71.2,13,72.7,18,17.0,98,16.1,4,96.2,278,95.9,266,107.2,262,101.6,179,76.5,173,+1.9,55,+1.6,29,+0.4,129,-0.2,208,-1.3,296,+0.4,165,1.31,229,31.9,149,44.8,238,2010,0.2235548428321217,11,19,0.36666666666666664,30
61,North Carolina,ACC,20-17,+13.39,107.4,102,94.0,38,70.4,23,-.013,206,+11.36,6,108.4,11,97.1,4,+0.18,139,4,ACC,70.4,23,107.4,102,48.0,204,20.8,189,38.1,16,37.3,179,94.0,38,47.1,90,18.7,264,30.1,143,24.5,3,70.4,23,73.0,14,15.0,6,18.0,225,107.4,102,101.3,167,94.0,38,98.2,100,78.7,4,+5.3,3,+2.0,19,+3.3,2,+1.5,33,+1.5,46,+2.4,26,1.31,233,36.5,62,30.5,319,2010,0.822379409761715,20,17,0.5405405405405406,37
302,North Carolina A&T,MEAC,11-22,-13.86,93.8,296,107.6,268,67.7,82,-.043,281,-6.30,282,98.3,298,104.6,245,+6.22,43,,MEAC,67.7,82,93.8,296,46.6,265,21.4,231,27.9,264,34.7,251,107.6,268,48.5,150,21.1,130,35.8,320,33.4,87,67.7,82,70.0,67,16.4,41,17.3,89,93.8,296,94.2,290,107.6,268,102.4,197,76.2,227,+1.2,98,+0.5,114,+0.8,91,-0.7,240,-1.0,275,-3.6,333,1.30,235,33.7,108,57.0,140,2010,0.17101630203762047,11,22,0.3333333333333333,33
339,North Carolina Central,ind,7-22,-22.46,85.9,340,108.4,279,66.6,138,-.014,212,-3.51,235,100.2,253,103.7,198,-0.95,175,,ind,66.6,138,85.9,340,42.5,340,24.4,330,27.9,266,27.8,338,108.4,279,54.6,340,24.6,11,36.8,334,38.2,187,66.6,138,67.7,156,18.2,225,17.1,57,85.9,340,83.5,344,108.4,279,105.6,275,75.4,307,-1.1,252,-1.1,289,-0.1,180,-0.4,219,+0.1,147,-3.7,340,0.89,314,31.9,150,33.8,303,2010,0.06444010441785776,7,22,0.2413793103448276,29
343,North Dakota,GWC,8-23,-24.81,92.8,306,117.6,346,64.3,245,-.005,184,-10.60,331,95.8,331,106.4,320,-1.12,184,,GWC,64.3,245,92.8,306,49.0,158,25.1,341,25.1,320,45.6,28,117.6,346,51.9,307,18.9,255,28.1,56,50.1,335,64.3,245,66.4,225,18.2,217,17.9,190,92.8,306,92.3,310,117.6,346,108.9,320,76.5,175,-0.5,206,-1.0,280,+0.5,109,+1.0,64,-0.7,221,+0.4,165,0.00,346,39.2,22,0.0,0,2010,0.061589993283318954,8,23,0.25806451612903225,31
242,North Dakota St.,Sum,11-18,-7.74,96.6,269,104.3,207,67.3,103,-.051,299,-4.63,251,100.5,244,105.1,260,+1.53,115,,Sum,67.3,103,96.6,269,46.1,282,18.5,75,27.2,287,33.9,273,104.3,207,47.9,129,17.5,320,28.1,57,37.9,179,67.3,103,68.7,108,17.5,139,17.4,97,96.6,269,97.2,240,104.3,207,101.2,171,77.2,73,-0.7,216,-0.8,269,+0.1,150,+0.1,154,+1.1,60,+1.2,95,1.49,177,26.4,280,32.7,305,2010,0.2927707193849499,11,18,0.3793103448275862,29
266,North Florida,ASun,13-18,-10.47,91.8,313,102.3,166,62.9,288,+.095,14,-1.87,200,101.6,206,103.5,187,+8.44,18,,ASun,62.9,288,91.8,313,47.3,242,24.2,324,25.6,313,39.1,125,102.3,166,47.6,110,21.7,82,35.6,318,43.1,272,62.9,288,64.3,291,18.7,269,18.3,272,91.8,313,91.1,318,102.3,166,101.1,168,76.2,221,-1.1,250,-1.5,314,+0.4,123,+0.8,86,-1.1,277,-1.6,274,1.25,246,36.1,68,44.4,244,2010,0.22349399742723403,13,18,0.41935483870967744,31
175,North Texas,SB,24-9,-0.47,103.4,164,103.8,199,67.4,99,+.113,8,-5.87,275,99.9,261,105.7,294,-2.96,245,15,SB,67.4,99,103.4,164,50.4,95,21.1,206,31.6,152,52.9,1,103.8,199,47.9,125,18.3,280,28.6,74,32.7,72,67.4,99,68.7,112,17.6,159,17.2,66,103.4,164,104.6,101,103.8,199,100.8,156,76.6,162,-0.4,205,-0.5,234,+0.1,159,+1.0,71,+2.1,25,-1.6,293,1.49,173,26.8,271,50.4,194,2010,0.48890142345542104,24,9,0.7272727272727273,33
71,Northeastern,CAA,20-13,+11.32,106.5,113,95.2,52,60.3,333,-.057,304,+3.89,97,105.0,88,101.1,101,+7.58,26,5,CAA,60.3,333,106.5,113,50.0,118,18.9,98,28.6,248,34.7,254,95.2,52,46.2,56,22.4,55,34.3,294,28.9,19,60.3,333,61.5,336,19.7,317,19.1,337,106.5,113,103.7,122,95.2,52,96.6,67,77.3,66,+0.5,135,+0.1,150,+0.4,122,+0.4,131,+2.1,31,-1.6,271,2.97,1,21.9,329,72.3,39,2010,0.7841299238734004,20,13,0.6060606060606061,33
221,Northern Arizona,BSky,14-14,-5.42,99.1,228,104.5,214,66.2,163,+.087,17,-0.57,172,103.5,148,104.0,216,+2.70,88,,BSky,66.2,163,99.1,228,51.3,73,23.1,309,24.5,325,39.5,118,104.5,214,51.5,286,18.1,289,28.7,85,39.0,207,66.2,163,66.8,207,18.2,222,17.7,153,99.1,228,98.1,225,104.5,214,105.7,276,76.0,251,-0.2,187,-0.5,232,+0.3,137,+0.4,133,+0.1,146,-1.4,263,1.17,269,32.3,140,43.9,248,2010,0.35202207429777777,14,14,0.5,28
125,Northern Colorado,BSky,25-8,+4.82,105.5,138,100.7,127,66.8,127,+.025,102,-4.94,255,101.9,193,106.8,331,-7.64,323,,BSky,66.8,127,105.5,138,51.8,53,18.7,84,28.3,252,47.8,13,100.7,127,49.8,207,23.6,23,28.1,58,41.0,237,66.8,127,67.5,163,16.8,80,18.6,310,105.5,138,107.8,52,100.7,127,98.5,109,75.0,330,-0.5,207,-0.9,274,+0.5,120,-2.8,338,-1.9,331,-2.6,330,1.63,133,35.3,81,64.0,87,2010,0.6307648115728305,25,8,0.7575757575757576,33
237,Northern Illinois,MAC,10-20,-7.38,99.0,231,106.4,247,69.2,40,-.042,280,-1.78,197,100.9,229,102.6,161,-1.91,213,,MAC,69.2,40,99.0,231,45.2,305,22.1,262,33.8,78,39.6,116,106.4,247,49.7,205,19.5,229,29.8,123,46.9,309,69.2,40,69.2,87,16.7,74,17.4,101,99.0,231,96.3,258,106.4,247,102.9,211,75.7,287,-0.4,201,+0.7,91,-1.1,295,-1.0,292,-1.9,316,-1.6,296,1.68,120,39.9,17,73.1,37,2010,0.30385954788366104,10,20,0.3333333333333333,30
27,Northern Iowa,MVC,30-5,+18.87,109.6,67,90.8,13,58.9,340,+.034,85,+4.08,92,105.7,73,101.6,115,-1.58,200,9,MVC,58.9,340,109.6,67,49.6,136,17.9,51,29.7,208,37.0,183,90.8,13,46.6,71,20.4,173,25.8,18,28.8,18,58.9,340,59.3,345,21.0,340,18.9,329,109.6,67,106.9,63,90.8,13,92.8,26,76.6,161,+1.0,108,+1.1,53,-0.1,175,-1.7,319,-0.9,253,+0.4,156,1.91,67,34.4,93,84.0,7,2010,0.8969742337878172,30,5,0.8571428571428571,35
84,Northwestern,B10,20-14,+9.77,113.0,30,103.2,180,62.8,294,+.002,167,+5.19,77,104.8,101,99.6,60,-9.74,344,7,B10,62.8,294,113.0,30,52.0,49,17.4,30,28.1,258,35.1,242,103.2,180,48.3,143,20.6,158,31.3,195,41.7,256,62.8,294,63.2,316,19.1,294,18.7,316,113.0,30,108.1,47,103.2,180,103.2,221,77.2,74,+2.9,23,+1.0,65,+1.9,15,+0.6,104,+1.1,59,-1.6,297,1.54,155,19.2,341,50.4,195,2010,0.7394800967754632,20,14,0.5882352941176471,34
303,Northwestern St.,Slnd,10-19,-13.96,96.9,262,110.9,312,74.1,4,-.007,187,-5.34,265,100.0,258,105.4,279,-0.98,178,,Slnd,74.1,4,96.9,262,47.9,210,21.3,225,30.8,176,49.6,5,110.9,312,50.2,234,20.7,147,37.5,342,50.0,334,74.1,4,75.3,5,15.5,13,16.2,8,96.9,262,97.9,230,110.9,312,107.5,305,75.2,322,-2.1,301,-1.1,293,-1.1,294,-0.4,217,-1.2,290,-1.4,264,1.20,258,39.0,26,58.4,130,2010,0.17480944827357406,10,19,0.3448275862068966,29
35,Notre Dame,BE,23-12,+17.71,119.4,4,101.7,153,62.4,302,-.068,320,+6.28,66,106.5,51,100.2,84,-9.08,341,6,BE,62.4,302,119.4,4,53.7,22,16.0,6,32.3,129,38.1,149,101.7,153,49.3,179,15.9,340,29.3,108,27.8,14,62.4,302,64.0,300,19.2,300,18.0,217,119.4,4,116.2,2,101.7,153,105.6,274,76.8,130,+1.4,86,-0.5,234,+1.9,21,+0.4,129,+1.1,85,-0.6,236,2.32,18,17.9,345,43.9,247,2010,0.8635621683757102,23,12,0.6571428571428571,35
135,Oakland,Sum,26-9,+3.19,107.5,98,104.3,209,69.5,33,+.173,1,-2.75,221,101.6,205,104.4,232,+10.65,5,14,Sum,69.5,33,107.5,98,49.0,155,19.7,133,35.1,48,41.1,88,104.3,209,50.3,235,18.3,278,28.7,82,32.4,70,69.5,33,70.6,44,17.6,151,16.5,20,107.5,98,106.1,77,104.3,209,102.4,194,76.9,117,+1.2,99,+1.8,24,-0.6,240,+0.1,157,+0.5,127,-0.6,235,2.57,7,26.9,269,57.9,134,2010,0.5860170472432943,26,9,0.7428571428571429,35
94,Ohio,MAC,22-15,+8.25,107.3,103,99.0,100,68.8,50,-.068,319,+0.76,155,103.1,163,102.3,152,-0.90,170,14,MAC,68.8,50,107.3,103,49.4,141,18.2,60,28.6,243,41.1,89,99.0,100,46.7,74,21.6,92,33.7,281,35.7,133,68.8,50,69.1,89,16.8,78,17.9,196,107.3,103,104.7,100,99.0,100,98.4,105,76.8,138,+1.9,54,+0.6,101,+1.3,37,+1.0,61,-0.2,196,-0.6,232,1.39,205,28.7,226,35.9,296,2010,0.7162328252414647,22,15,0.5945945945945946,37
7,Ohio St.,B10,29-8,+24.99,117.5,8,92.5,26,64.6,232,+.007,152,+7.88,49,106.3,60,98.4,26,-2.92,243,2,B10,64.6,232,117.5,8,56.1,4,17.6,43,27.6,272,35.8,221,92.5,26,47.1,88,22.0,72,28.3,63,26.4,8,64.6,232,65.0,271,16.7,70,20.1,347,117.5,8,113.1,10,92.5,26,94.3,37,77.8,28,-0.8,231,-0.8,264,-0.1,178,+1.1,55,+3.1,9,+2.0,45,2.25,22,17.0,347,77.7,22,2010,0.9399777808219919,29,8,0.7837837837837838,37
104,Oklahoma,B12,13-18,+6.98,110.2,56,103.2,181,65.3,205,-.037,269,+9.92,13,108.4,12,98.5,28,-1.19,189,,B12,65.3,205,110.2,56,50.1,114,18.0,55,27.9,265,34.0,268,103.2,181,52.1,311,17.5,318,29.2,103,29.8,29,65.3,205,68.0,141,17.8,171,17.4,108,110.2,56,105.2,93,103.2,181,107.7,309,76.9,112,+1.0,107,+0.5,114,+0.6,102,+1.2,45,+2.1,28,-0.6,224,1.35,219,27.6,251,37.5,285,2010,0.6802068368753502,13,18,0.41935483870967744,31
39,Oklahoma St.,B12,22-11,+16.72,112.2,40,95.4,54,66.2,159,+.011,136,+8.47,38,107.2,36,98.7,36,-4.33,274,7,B12,66.2,159,112.2,40,52.5,41,18.5,73,27.6,271,36.5,205,95.4,54,48.1,136,19.3,237,26.7,29,37.1,171,66.2,159,68.8,99,17.1,110,17.8,163,112.2,40,107.1,61,95.4,54,98.8,117,75.2,318,-1.6,278,-1.1,295,-0.5,236,+0.6,112,-2.2,332,-2.6,332,1.69,115,27.2,264,56.9,141,2010,0.8659194054941916,22,11,0.6666666666666666,33
37,Old Dominion,CAA,27-9,+17.51,107.8,90,90.3,10,62.6,295,+.009,141,+3.17,108,105.0,90,101.9,127,+6.16,44,11,CAA,62.6,295,107.8,90,48.7,171,19.9,143,41.0,1,30.3,318,90.3,10,45.6,42,22.5,52,28.4,69,29.7,27,62.6,295,63.4,314,18.4,241,19.6,345,107.8,90,105.6,87,90.3,10,90.6,7,77.5,48,+2.5,31,+0.6,100,+1.9,15,+1.0,66,+0.5,125,+1.2,93,2.09,34,30.5,189,84.8,5,2010,0.8846388946229378,27,9,0.75,36
140,Oral Roberts,Sum,20-13,+2.84,102.3,180,99.4,104,65.6,194,+.004,158,-2.55,217,102.0,189,104.5,241,+7.58,27,,Sum,65.6,194,102.3,180,48.1,198,19.7,130,33.1,98,40.5,100,99.4,104,47.8,116,18.5,275,25.9,19,31.6,57,65.6,194,67.6,160,17.8,172,17.6,147,102.3,180,101.7,157,99.4,104,97.4,84,77.4,54,+0.8,121,+0.8,75,-0.1,181,+1.0,69,+2.1,24,+1.4,64,0.90,313,19.4,340,36.5,291,2010,0.5819325907486427,20,13,0.6060606060606061,33
129,Oregon,P10,16-16,+3.99,105.8,131,101.8,155,65.7,188,+.009,147,+5.10,78,105.3,83,100.2,83,-5.66,299,,P10,65.7,188,105.8,131,47.9,207,18.8,93,34.3,59,33.4,284,101.8,155,51.5,285,21.3,116,30.0,135,39.8,222,65.7,188,67.2,181,16.4,45,19.4,343,105.8,131,102.3,147,101.8,155,102.9,210,75.1,328,+0.3,148,-0.1,177,+0.4,125,+0.7,98,-2.9,341,-5.6,345,1.26,241,39.7,19,49.4,202,2010,0.6090247803619586,16,16,0.5,32
147,Oregon St.,P10,14-18,+2.54,99.0,233,96.4,67,61.3,320,-.018,228,+4.78,82,104.8,100,100.1,76,-4.18,268,,P10,61.3,320,99.0,233,47.6,226,23.7,320,30.1,197,42.7,67,96.4,67,48.9,162,22.7,46,30.3,154,33.9,95,61.3,320,63.8,304,19.6,312,17.9,202,99.0,233,94.5,283,96.4,67,97.1,80,77.6,43,+2.3,35,+1.4,31,+0.9,63,+0.2,138,+1.1,85,+2.4,29,2.14,30,35.6,75,70.3,49,2010,0.5759225186776317,14,18,0.4375,32
97,Pacific,BW,23-12,+7.84,106.2,124,98.3,91,60.2,334,+.011,137,-0.53,171,103.3,159,103.8,204,+1.48,118,,BW,60.2,334,106.2,124,50.1,108,18.0,56,32.1,141,35.6,228,98.3,91,46.6,70,18.6,268,28.1,55,37.9,181,60.2,334,61.8,333,19.8,320,18.8,320,106.2,124,105.8,85,98.3,91,98.1,98,76.6,152,+0.1,164,+0.1,152,-0.1,170,+1.0,83,-0.9,244,-0.6,222,1.19,259,29.8,205,42.5,258,2010,0.7086736357765039,23,12,0.6571428571428571,35
308,Penn,Ivy,6-22,-14.61,97.3,257,111.9,332,64.0,258,-.042,279,-3.49,234,100.8,234,104.3,227,-1.18,187,,Ivy,64.0,258,97.3,257,47.7,217,23.2,312,26.9,295,34.9,247,111.9,332,54.4,338,19.4,235,31.3,197,39.2,210,64.0,258,64.9,275,18.2,218,18.5,293,97.3,257,95.7,269,111.9,332,110.2,336,77.6,44,+0.2,155,-0.2,202,+0.5,112,+2.0,20,+2.1,20,+1.4,81,1.37,211,20.0,336,44.4,242,2010,0.1668975878530891,6,22,0.21428571428571427,28
101,Penn St.,B10,11-20,+7.04,107.9,89,100.8,131,62.2,306,-.140,346,+7.55,53,106.3,59,98.8,40,-8.17,333,,B10,62.2,306,107.9,89,49.9,120,18.9,97,27.7,270,33.2,286,100.8,131,50.5,245,16.1,339,24.0,3,29.1,20,62.2,306,62.7,324,20.0,325,18.1,248,107.9,89,102.6,142,100.8,131,102.8,207,77.3,63,+1.6,70,+0.7,89,+0.9,58,+1.4,40,+0.2,138,+0.4,161,1.74,103,25.0,300,58.0,133,2010,0.6862757159145169,11,20,0.3548387096774194,31
286,Pepperdine,WCC,7-24,-12.20,98.0,247,110.2,300,65.5,197,-.001,174,+0.77,153,104.3,121,103.5,189,-1.46,198,,WCC,65.5,197,98.0,247,44.4,322,20.2,159,31.7,147,37.2,181,110.2,300,53.1,325,16.9,330,30.4,157,42.4,265,65.5,197,67.0,191,17.9,190,17.6,141,98.0,247,96.4,256,110.2,300,111.0,339,77.8,33,+1.7,63,+0.3,135,+1.4,35,+2.0,17,+0.7,113,+2.4,34,1.31,232,33.0,120,71.2,43,2010,0.20598674916225806,7,24,0.22580645161290322,31
28,Pittsburgh,BE,25-9,+18.66,111.4,47,92.8,28,61.3,319,+.041,76,+7.87,50,107.7,23,99.8,66,-2.76,233,3,BE,61.3,319,111.4,47,49.6,134,19.3,109,34.1,65,42.8,65,92.8,28,44.6,22,16.7,334,29.1,99,33.8,93,61.3,319,63.0,319,19.3,304,19.0,334,111.4,47,106.7,68,92.8,28,96.3,62,76.2,229,-1.0,242,+0.0,159,-1.1,289,-0.3,216,+0.1,161,-0.9,249,1.13,277,29.9,199,38.9,279,2010,0.8909836210943551,25,9,0.7352941176470589,34
79,Portland,WCC,21-11,+10.28,110.6,54,100.4,122,63.1,283,+.020,114,+2.15,128,104.9,95,102.8,167,+2.98,84,,WCC,63.1,283,110.6,54,53.6,24,20.5,175,32.5,120,37.3,176,100.4,122,50.8,260,21.3,114,30.4,156,36.9,165,63.1,283,64.8,280,18.7,267,18.3,279,110.6,54,109.0,38,100.4,122,101.5,177,76.5,182,+2.0,51,+1.1,50,+0.9,80,+0.4,124,-1.2,286,-2.6,331,2.19,28,31.1,172,85.0,4,2010,0.7526350441561912,21,11,0.65625,32
184,Portland St.,BSky,13-19,-0.94,113.3,27,114.2,343,65.9,177,-.074,325,+1.08,146,104.2,126,103.1,179,+6.23,42,,BSky,65.9,177,113.3,27,54.6,14,18.8,90,30.8,179,33.9,276,114.2,343,55.2,342,18.8,257,35.6,316,35.9,136,65.9,177,68.2,133,17.5,147,17.6,138,113.3,27,112.1,15,114.2,343,115.9,346,75.5,305,-2.1,299,-1.1,286,-1.1,282,-0.1,203,-0.9,267,-1.6,290,1.51,167,28.9,218,42.0,259,2010,0.47726830955699584,13,19,0.40625,32
310,Prairie View A&M,SWAC,16-14,-15.63,85.6,341,101.2,140,66.3,155,+.047,66,-13.14,345,93.4,343,106.6,324,+9.39,9,,SWAC,66.3,155,85.6,341,42.5,339,21.2,218,28.4,251,38.1,147,101.2,140,46.0,51,23.0,38,30.1,142,36.0,139,66.3,155,68.6,116,17.9,185,17.1,56,85.6,341,87.7,337,101.2,140,92.2,18,74.9,335,-1.8,283,-1.5,314,-0.2,217,-0.9,264,-1.6,307,-2.3,313,1.07,286,32.3,139,54.3,162,2010,0.12727671647778394,16,14,0.5333333333333333,30
329,Presbyterian,BSth,5-26,-20.64,90.9,318,111.6,323,62.0,310,-.049,296,-3.64,237,100.0,259,103.6,191,+12.77,3,,BSth,62.0,310,90.9,318,47.7,222,23.1,311,21.2,341,27.2,343,111.6,323,51.9,304,19.0,250,36.6,333,30.1,35,62.0,310,65.9,245,19.2,301,17.0,50,90.9,318,89.3,329,111.6,323,110.2,334,76.9,123,-0.7,220,+0.8,82,-1.5,316,+0.0,184,+1.6,45,+2.4,27,0.44,344,28.1,236,11.2,344,2010,0.08632528585922537,5,26,0.16129032258064516,31
120,Princeton,Ivy,22-9,+5.29,98.6,236,93.3,32,58.7,343,+.008,150,-5.24,261,99.4,276,104.6,246,-4.42,277,,Ivy,58.7,343,98.6,236,50.3,97,22.5,285,28.7,240,33.1,289,93.3,32,44.4,18,23.7,20,25.8,17,37.4,174,58.7,343,59.5,343,21.6,343,18.3,271,98.6,236,99.3,202,93.3,32,89.8,4,77.0,105,+2.1,44,+0.6,95,+1.4,28,+0.5,115,+1.1,85,-0.6,215,1.94,59,29.9,198,79.7,12,2010,0.6537102296424845,22,9,0.7096774193548387,31
90,Providence,BE,12-19,+8.70,116.0,17,107.3,266,73.3,5,-.111,345,+9.60,15,108.3,15,98.7,34,-2.05,219,,BE,73.3,5,116.0,17,49.3,143,17.3,27,39.9,4,33.9,269,107.3,266,52.0,309,18.1,290,35.9,321,38.2,189,73.3,5,74.2,8,15.8,21,16.5,19,116.0,17,110.4,26,107.3,266,110.5,337,75.7,282,-2.6,318,-1.6,320,-1.1,281,-0.3,214,+0.1,158,-1.3,257,1.62,134,27.5,257,36.6,290,2010,0.7102416011046382,12,19,0.3870967741935484,31
15,Purdue,B10,29-6,+22.05,109.8,65,87.7,4,66.2,161,+.070,33,+8.81,30,107.8,21,99.0,45,-1.26,193,4,B10,66.2,161,109.8,65,49.1,153,16.3,13,27.5,274,38.6,133,87.7,4,44.8,26,23.7,21,28.6,79,36.8,157,66.2,161,66.8,205,16.9,90,18.8,323,109.8,65,105.2,92,87.7,4,91.7,12,77.0,93,+0.3,152,+0.6,97,-0.3,226,+0.0,177,+1.1,68,-0.2,193,2.31,19,31.3,166,70.8,45,2010,0.9298569638685751,29,6,0.8285714285714286,35
187,Quinnipiac,NEC,23-10,-1.01,103.5,160,104.5,212,67.7,81,-.023,240,-11.77,338,95.0,338,106.8,329,-5.63,298,8,NEC,67.7,81,103.5,160,48.2,193,19.9,145,40.6,3,40.2,108,104.5,212,47.1,89,20.6,159,26.9,33,38.7,201,67.7,81,69.0,93,17.1,112,17.7,155,103.5,160,106.0,80,104.5,212,96.1,52,75.1,326,-2.6,317,-1.5,310,-1.1,303,-1.9,327,-1.9,328,-1.0,253,1.53,161,25.7,292,53.9,167,2010,0.4723836902470052,23,10,0.696969696969697,33
218,Radford,BSth,19-12,-5.01,95.5,284,100.5,123,67.9,75,+.066,40,-8.90,315,97.7,309,106.6,326,+5.83,47,,BSth,67.9,75,95.5,284,47.4,232,21.2,216,35.3,45,40.2,107,100.5,123,45.3,37,17.2,325,27.1,35,29.5,22,67.9,75,70.5,48,16.8,82,16.9,44,95.5,284,97.4,236,100.5,123,96.3,58,77.1,83,+3.0,21,+1.0,62,+1.9,15,+0.8,89,-0.9,234,-2.4,317,2.25,21,23.0,322,54.7,157,2010,0.3573551760619276,19,12,0.6129032258064516,31
60,Rhode Island,A10,26-10,+13.54,112.6,36,99.1,101,67.6,86,+.033,87,+4.83,81,105.0,89,100.2,81,+2.98,82,2,A10,67.6,86,112.6,36,49.8,126,15.7,4,33.9,72,33.5,281,99.1,101,50.9,263,22.6,49,34.2,292,30.0,33,67.6,86,69.2,88,17.5,136,17.4,95,112.6,36,108.9,40,99.1,101,101.0,165,77.0,87,+1.3,97,+1.1,47,+0.1,153,+0.2,140,-0.9,238,-0.6,205,1.71,109,32.2,141,65.9,71,2010,0.8128583665601825,26,10,0.7222222222222222,36
249,Rice,CUSA,8-23,-8.48,95.9,281,104.4,210,65.7,184,-.081,334,+0.15,158,103.0,166,102.8,170,-5.99,304,,CUSA,65.7,184,95.9,281,45.0,310,21.0,198,30.6,185,35.6,224,104.4,210,50.9,262,21.6,86,29.4,111,42.5,267,65.7,184,67.5,166,17.5,137,17.8,166,95.9,281,94.3,289,104.4,210,103.3,223,77.0,104,+1.8,61,+0.5,127,+1.3,38,+0.2,139,+0.1,175,+1.0,104,1.32,225,31.1,171,53.2,173,2010,0.273562472083488,8,23,0.25806451612903225,31
54,Richmond,A10,26-9,+15.01,108.8,77,93.8,35,62.5,301,+.047,64,+5.70,70,105.4,80,99.7,63,+2.39,95,7,A10,62.5,301,108.8,77,51.1,76,16.6,17,24.0,329,32.4,297,93.8,35,44.2,15,22.4,56,33.2,260,36.2,141,62.5,301,65.3,259,17.1,111,19.5,344,108.8,77,103.7,121,93.8,35,94.4,40,77.8,32,+3.1,17,+1.2,42,+1.9,22,+1.5,32,+2.1,27,+0.4,151,2.82,2,24.3,310,75.1,29,2010,0.8463147299894396,26,9,0.7428571428571429,35
193,Rider,MAAC,17-16,-1.45,103.1,168,104.6,216,67.1,109,+.074,29,+0.11,159,101.5,208,101.4,109,-0.16,152,,MAAC,67.1,109,103.1,168,48.1,199,18.4,69,27.2,286,34.5,256,104.6,216,50.0,215,20.4,174,30.5,160,34.7,113,67.1,109,69.1,91,16.4,43,18.1,245,103.1,168,99.4,198,104.6,216,102.4,196,76.8,137,-0.4,204,-1.4,307,+0.9,70,+1.4,38,+0.1,153,+1.3,92,2.44,10,25.1,298,70.2,50,2010,0.45856825922244526,17,16,0.5151515151515151,33
185,Robert Morris,NEC,23-12,-0.97,99.9,216,100.8,132,66.1,170,+.074,27,-7.18,293,98.1,305,105.3,272,+3.47,75,15,NEC,66.1,170,99.9,216,48.9,163,22.0,261,33.0,103,46.0,23,100.8,132,46.9,82,23.0,39,30.6,164,47.8,318,66.1,170,68.1,140,17.2,115,18.0,224,99.9,216,100.5,181,100.8,132,96.3,55,75.8,277,+0.0,168,-0.5,234,+0.5,103,+0.6,102,-0.6,214,-2.1,312,1.22,253,36.8,58,49.4,203,2010,0.4742379074144804,23,12,0.6571428571428571,35
159,Rutgers,BE,15-17,+1.37,103.4,163,102.0,158,67.5,96,+.071,32,+6.89,59,106.2,65,99.3,51,-7.67,325,,BE,67.5,96,103.4,163,48.1,201,21.1,208,32.1,139,34.4,261,102.0,158,48.0,132,17.9,298,36.4,329,30.2,37,67.5,96,68.6,120,17.1,103,18.0,221,103.4,163,98.0,227,102.0,158,104.7,257,77.4,55,+2.2,39,+1.5,30,+0.7,93,+0.4,130,+0.1,145,+0.4,127,0.93,308,24.6,305,28.4,326,2010,0.5391123560393929,15,17,0.46875,32
340,SIU Edwardsville,ind,5-23,-23.22,88.1,337,111.3,319,66.5,142,+.007,153,-2.77,222,101.3,213,104.1,220,-2.77,235,,ind,66.5,142,88.1,337,43.8,327,21.5,236,21.9,338,31.6,308,111.3,319,52.4,316,18.8,258,34.3,297,40.9,235,66.5,142,69.3,83,18.0,200,16.3,10,88.1,337,87.4,338,111.3,319,109.7,329,75.9,267,-0.5,210,-0.4,225,-0.1,195,-1.6,312,-0.9,274,+0.4,160,0.90,312,41.4,10,50.0,199,2010,0.06367310863538887,5,23,0.17857142857142858,28
149,SMU,CUSA,14-17,+2.49,106.1,126,103.6,190,60.8,329,-.107,342,+1.04,149,102.9,168,101.8,125,-6.06,305,,CUSA,60.8,329,106.1,126,51.6,61,21.7,247,30.9,172,42.0,74,103.6,190,50.2,233,18.4,276,27.4,42,31.7,60,60.8,329,63.0,318,19.8,322,18.1,236,106.1,126,103.9,115,103.6,190,103.0,212,76.5,181,+1.7,62,+0.5,114,+1.2,42,-0.1,204,-0.9,267,+0.3,180,1.51,169,31.6,154,71.1,44,2010,0.5681271987163532,14,17,0.45161290322580644,31
288,Sacramento St.,BSky,9-21,-12.53,93.3,302,105.8,235,66.5,143,-.003,178,-1.64,195,102.8,169,104.4,237,-0.96,176,,BSky,66.5,143,93.3,302,45.4,301,20.9,193,24.2,328,36.6,201,105.8,235,51.2,270,20.5,165,31.0,185,40.1,228,66.5,143,68.6,115,18.1,212,16.8,38,93.3,302,92.3,309,105.8,235,105.3,267,75.5,300,-0.8,227,-0.5,234,-0.2,216,-0.6,238,-1.8,314,-1.6,303,0.93,309,35.1,84,48.0,216,2010,0.19063340330582387,9,21,0.3,30
275,Sacred Heart,NEC,14-15,-11.41,99.1,230,110.5,305,69.1,44,+.011,133,-11.26,334,95.9,330,107.1,338,-5.57,296,,NEC,69.1,44,99.1,230,51.4,65,22.5,284,34.2,62,27.4,340,110.5,305,50.5,243,19.9,209,28.8,90,39.1,208,69.1,44,70.5,49,17.5,141,16.5,15,99.1,230,101.6,159,110.5,305,103.0,215,76.3,207,+1.4,83,+2.2,14,-0.8,256,-0.9,265,-1.2,289,-1.6,292,2.03,45,29.3,212,56.1,143,2010,0.22232128415887734,14,15,0.4827586206896552,29
173,Saint Joseph's,A10,11-20,-0.17,102.6,174,102.7,173,68.7,60,+.016,122,+6.55,62,106.0,67,99.5,56,+4.66,57,,A10,68.7,60,102.6,174,46.6,266,18.5,77,24.6,324,38.7,130,102.7,173,50.2,228,20.4,172,36.4,330,32.0,65,68.7,60,70.6,43,16.7,73,17.2,73,102.6,174,97.0,249,102.7,173,105.5,272,76.3,216,+0.9,115,+1.0,64,-0.1,207,-1.9,322,-1.3,295,-0.6,223,1.96,54,30.6,187,62.2,102,2010,0.4971992497246198,11,20,0.3548387096774194,31
98,Saint Louis,A10,23-13,+7.72,100.1,211,92.4,23,62.4,304,+.039,81,+3.20,106,104.5,115,101.3,105,-4.13,267,,A10,62.4,304,100.1,211,49.6,133,20.5,179,25.9,310,35.4,233,92.4,23,44.0,11,21.2,120,30.9,181,33.8,92,62.4,304,63.4,313,19.8,319,17.8,176,100.1,211,97.3,238,92.4,23,92.8,25,75.5,298,+0.1,163,+0.1,157,-0.0,167,-1.0,281,-3.1,344,-2.6,325,0.84,319,31.4,161,44.3,245,2010,0.7151421679337258,23,13,0.6388888888888888,36
29,Saint Mary's,WCC,28-6,+18.59,116.5,14,97.9,85,66.2,158,+.038,82,+2.72,115,105.4,81,102.7,166,+1.18,123,10,WCC,66.2,158,116.5,14,55.3,7,17.4,31,33.3,93,32.7,294,97.9,85,46.1,55,15.9,341,28.9,91,30.3,38,66.2,158,67.1,187,18.1,210,17.7,160,116.5,14,115.4,4,97.9,85,99.0,125,77.9,23,+4.1,11,+2.5,9,+1.7,23,+0.1,153,-0.1,193,+0.4,159,1.40,197,18.0,344,35.1,301,2010,0.8808353239237278,28,6,0.8235294117647058,34
176,Saint Peter's,MAAC,16-14,-0.49,92.8,304,93.3,31,64.1,254,-.015,218,-3.38,232,100.6,238,104.0,210,-8.13,332,,MAAC,64.1,254,92.8,304,44.4,323,24.7,336,36.8,25,35.3,238,93.3,31,42.8,1,22.1,65,30.1,141,41.3,246,64.1,254,66.0,243,18.8,278,17.4,104,92.8,304,92.3,308,93.3,31,89.8,3,75.6,295,-1.6,275,-1.5,310,-0.1,185,-1.2,300,-0.9,240,-0.6,231,1.70,113,30.6,186,60.0,119,2010,0.4845561934977813,16,14,0.5333333333333333,30
100,Sam Houston St.,Slnd,25-8,+7.42,110.2,57,102.7,172,69.3,37,+.052,54,-3.33,230,101.3,216,104.6,244,+4.67,56,14,Slnd,69.3,37,110.2,57,53.7,20,18.8,95,32.4,126,38.7,131,102.7,172,50.2,232,21.0,136,28.7,83,41.2,245,69.3,37,70.7,41,16.5,55,17.3,85,110.2,57,110.6,25,102.7,172,100.9,161,74.9,338,-3.0,325,-1.9,333,-1.1,302,-1.9,326,-1.9,317,-1.6,285,1.41,194,28.8,220,67.3,62,2010,0.6922320128596698,25,8,0.7575757575757576,33
250,Samford,SC,11-20,-8.50,100.5,203,109.0,288,56.2,347,-.077,328,-0.73,177,102.4,179,103.1,178,+6.84,35,,SC,56.2,347,100.5,203,54.6,13,22.1,266,19.6,344,33.2,287,109.0,288,51.4,283,18.0,293,32.7,243,27.4,12,56.2,347,57.8,347,22.1,346,19.4,342,100.5,203,99.3,201,109.0,288,107.6,307,77.0,97,-0.4,202,-0.5,232,+0.1,154,+0.1,160,+2.1,31,+1.2,94,1.83,80,29.4,211,68.8,54,2010,0.282177345867707,11,20,0.3548387096774194,31
208,San Diego,WCC,11-21,-3.68,98.4,239,102.1,160,62.0,311,-.045,287,+2.72,114,105.1,87,102.3,151,+3.46,76,,WCC,62.0,311,98.4,239,47.3,241,20.8,190,26.4,302,36.1,216,102.1,160,51.6,291,20.8,146,29.4,112,44.0,284,62.0,311,63.5,309,20.3,329,17.4,96,98.4,239,96.3,257,102.1,160,103.3,225,76.2,219,-0.9,234,-0.7,254,-0.2,214,-0.5,231,+0.1,172,+0.6,117,2.10,33,36.2,65,55.2,152,2010,0.39544352837946317,11,21,0.34375,32
40,San Diego St.,MWC,25-9,+16.58,111.4,48,94.9,51,63.1,284,+.006,155,+5.40,76,105.3,84,99.9,69,+2.24,99,11,MWC,63.1,284,111.4,48,51.7,55,21.0,199,39.6,7,41.0,90,94.9,51,46.9,83,20.9,142,29.2,104,31.6,56,63.1,284,64.0,298,18.4,238,19.1,335,111.4,48,107.6,55,94.9,51,96.2,54,77.1,77,+1.6,67,+0.8,79,+0.8,84,+1.1,50,+0.6,120,+0.4,147,1.49,176,25.2,297,24.2,333,2010,0.863361135812358,25,9,0.7352941176470589,34
204,San Francisco,WCC,12-18,-3.14,100.5,204,103.6,192,66.1,166,+.007,154,+3.35,105,106.0,66,102.7,163,+5.11,54,,WCC,66.1,166,100.5,204,48.6,175,21.6,242,29.0,226,45.4,31,103.6,192,51.6,289,17.1,326,26.0,23,33.3,86,66.1,166,67.5,161,18.0,191,17.5,118,100.5,204,98.2,222,103.6,192,106.5,291,77.4,56,+2.1,45,+1.1,48,+0.9,68,+0.5,118,+0.6,115,+0.4,121,1.57,147,32.4,137,54.9,155,2010,0.41353631189576007,12,18,0.4,30
179,San Jose St.,WAC,14-17,-0.62,109.9,62,110.5,307,66.0,174,+.003,162,+1.93,133,104.9,98,102.9,173,-1.02,181,,WAC,66.0,174,109.9,62,51.4,70,18.2,61,32.2,136,38.3,142,110.5,307,51.8,301,15.1,344,34.4,299,32.4,69,66.0,174,67.6,157,18.1,208,17.5,116,109.9,62,108.1,46,110.5,307,111.8,343,77.2,69,-0.1,177,+1.0,59,-1.1,304,+0.0,189,+1.2,55,+3.4,10,2.11,31,18.2,342,65.9,72,2010,0.48435171583880077,14,17,0.45161290322580644,31
238,Santa Clara,WCC,11-21,-7.41,96.2,275,103.6,191,65.9,180,+.015,124,+0.63,157,103.4,152,102.8,169,-0.94,174,,WCC,65.9,180,96.2,275,45.6,293,22.7,294,31.0,169,41.8,78,103.6,191,51.7,294,21.4,101,32.6,241,44.0,283,65.9,180,67.0,189,17.9,186,17.6,144,96.2,275,94.0,293,103.6,191,104.2,247,77.1,84,+0.0,167,-0.3,217,+0.4,127,+1.1,54,+1.2,58,+0.4,152,0.80,325,30.9,178,36.6,288,2010,0.2989628255631854,11,21,0.34375,32
307,Savannah St.,ind,11-15,-14.47,89.8,325,104.3,208,61.2,321,+.021,111,-6.15,278,97.9,306,104.0,214,-2.82,238,,ind,61.2,321,89.8,325,45.7,290,25.2,342,29.8,205,30.4,316,104.3,208,49.9,212,22.9,43,30.8,176,41.1,241,61.2,321,62.7,323,20.3,328,17.8,165,89.8,325,88.3,331,104.3,208,98.3,104,75.1,327,-1.2,260,-0.9,277,-0.2,218,-1.2,299,-2.9,342,-1.6,303,1.09,282,28.4,231,44.4,241,2010,0.15169176593617503,11,15,0.4230769230769231,26
177,Seattle,ind,17-14,-0.58,100.6,200,101.2,141,77.7,2,+.029,92,-2.93,228,102.2,182,105.2,263,-2.39,228,,ind,77.7,2,100.6,200,48.5,180,22.3,276,35.5,39,43.8,51,101.2,141,51.4,280,23.6,25,27.0,34,51.6,338,77.7,2,79.6,2,14.0,2,15.8,2,100.6,200,101.0,173,101.2,141,100.0,144,75.4,311,+0.1,157,+0.1,153,+0.0,164,-1.1,293,-1.9,318,-1.8,307,0.00,346,33.7,106,0.0,0,2010,0.4829104742080777,17,14,0.5483870967741935,31
66,Seton Hall,BE,19-13,+12.05,112.7,35,100.7,128,69.5,34,-.009,193,+7.65,52,107.6,25,99.9,70,-9.28,342,4,BE,69.5,34,112.7,35,49.5,138,14.6,2,34.4,56,33.3,285,100.7,128,47.4,99,19.0,249,35.0,308,35.6,131,69.5,34,71.7,24,16.5,47,17.0,54,112.7,35,109.4,35,100.7,128,103.6,231,76.4,196,-0.3,193,-0.2,198,-0.1,204,+1.0,73,-0.7,223,+0.4,173,2.21,26,33.8,101,55.5,149,2010,0.7849436162787745,19,13,0.59375,32
59,Siena,MAAC,27-7,+13.86,109.4,69,95.5,56,69.2,43,+.027,99,-0.51,170,100.9,228,101.4,108,+3.22,80,13,MAAC,69.2,43,109.4,69,49.3,142,17.5,33,33.8,77,38.7,129,95.5,56,48.0,130,21.7,85,27.2,36,21.4,1,69.2,43,70.3,58,15.7,19,18.5,296,109.4,69,106.2,76,95.5,56,92.6,21,76.6,163,-0.1,178,-0.1,167,-0.1,188,+0.2,143,+0.5,129,+0.4,155,2.78,3,20.5,333,78.0,21,2010,0.8267366322344645,27,7,0.7941176470588235,34
251,South Alabama,SB,17-15,-8.52,96.2,276,104.7,217,64.7,226,+.117,6,-4.19,244,101.1,223,105.2,270,-2.15,222,,SB,64.7,226,96.2,276,45.6,294,21.2,214,32.6,113,37.3,177,104.7,217,47.6,111,20.9,139,33.8,284,37.9,182,64.7,226,66.5,221,18.2,220,17.5,128,96.2,276,97.0,248,104.7,217,102.5,199,75.6,291,-2.0,291,-1.2,299,-0.8,259,-0.5,222,-1.8,311,-0.9,251,0.70,334,32.1,143,19.4,340,2010,0.2741431821371443,17,15,0.53125,32
85,South Carolina,SEC,15-16,+9.06,106.5,114,97.4,77,68.7,57,-.037,270,+8.69,32,107.4,29,98.8,39,+1.22,122,,SEC,68.7,57,106.5,114,47.3,239,17.6,39,31.5,159,29.1,328,97.4,77,49.3,177,23.4,30,36.3,327,39.2,211,68.7,57,71.0,36,17.1,101,16.7,31,106.5,114,101.1,170,97.4,77,100.0,143,76.1,236,+0.7,125,+0.5,114,+0.2,141,-1.3,304,+0.1,175,-2.6,328,2.03,44,27.6,254,47.8,218,2010,0.7363660789427501,15,16,0.4838709677419355,31
255,South Carolina St.,MEAC,18-14,-8.88,97.4,256,106.2,243,68.0,72,+.029,93,-9.71,324,96.9,319,106.6,325,-1.77,210,,MEAC,68.0,72,97.4,256,48.8,165,22.4,281,32.2,135,37.6,166,106.2,243,49.3,178,21.5,96,32.5,236,38.9,205,68.0,72,68.7,109,17.5,145,17.3,88,97.4,256,99.9,193,106.2,243,100.5,154,74.9,334,-4.4,343,-2.3,344,-2.0,339,+0.0,189,-1.3,297,-2.6,324,1.44,189,37.1,50,36.1,294,2010,0.2699796491813226,18,14,0.5625,32
247,South Dakota,GWC,22-10,-8.11,98.6,235,106.8,252,72.9,6,+.109,10,-12.57,342,95.3,336,107.9,344,+0.00,146,,GWC,72.9,6,98.6,235,52.4,42,20.1,153,23.4,331,43.4,56,106.8,252,47.2,92,18.0,292,29.9,129,23.6,2,72.9,6,74.7,6,16.0,27,16.1,5,98.6,235,101.3,166,106.8,252,99.5,131,76.4,192,-1.1,251,+0.7,83,-1.9,330,-0.9,268,-0.9,248,+0.4,131,0.21,345,27.8,244,0.0,0,2010,0.285223535963249,22,10,0.6875,32
219,South Dakota St.,Sum,14-16,-5.15,105.5,137,110.6,309,66.9,124,-.048,295,-4.98,256,100.3,251,105.2,268,+2.69,89,,Sum,66.9,124,105.5,137,47.9,205,17.4,32,31.1,166,43.8,52,110.6,309,52.2,313,18.8,259,29.6,117,36.8,162,66.9,124,68.5,121,16.4,44,18.4,283,105.5,137,105.9,83,110.6,309,107.1,299,75.8,269,-3.8,338,-1.7,328,-2.0,333,+0.0,189,+0.1,186,-1.6,275,2.47,8,33.6,109,77.1,24,2010,0.3675120490298846,14,16,0.4666666666666667,30
78,South Florida,BE,20-13,+10.52,107.8,92,97.3,72,63.6,270,+.061,42,+7.33,54,107.4,30,100.1,77,-2.58,230,3,BE,63.6,270,107.8,92,47.9,208,19.2,103,33.5,87,45.3,33,97.3,72,47.4,103,18.1,284,32.6,240,32.9,79,63.6,270,64.9,278,18.8,275,17.9,193,107.8,92,103.1,132,97.3,72,100.8,157,77.5,49,+1.6,73,+2.1,15,-0.6,239,+0.0,189,+1.1,70,+1.8,47,2.07,36,21.0,331,49.5,201,2010,0.7646788377525574,20,13,0.6060606060606061,33
313,Southeast Missouri St.,OVC,7-23,-16.14,90.7,321,106.8,255,66.6,139,-.044,285,-3.40,233,101.7,201,105.1,257,-0.33,155,,OVC,66.6,139,90.7,321,45.2,304,22.5,286,26.3,304,41.4,84,106.8,255,51.9,308,21.3,112,30.8,175,47.7,317,66.6,139,68.1,139,17.1,104,17.9,203,90.7,321,90.3,319,106.8,255,105.4,271,75.5,304,-2.2,303,-1.9,331,-0.3,219,-1.3,307,+0.1,175,-0.3,198,0.51,340,36.1,72,17.7,341,2010,0.13249153097120542,7,23,0.23333333333333334,30
203,Southeastern Louisiana,Slnd,19-12,-3.09,100.9,198,104.0,204,66.5,140,-.006,186,-6.53,285,99.2,278,105.7,295,-3.88,263,,Slnd,66.5,140,100.9,198,53.5,25,21.8,257,28.0,262,40.6,99,104.0,204,44.9,27,19.5,227,35.2,311,37.5,175,66.5,140,68.4,127,16.9,88,18.3,278,100.9,198,102.9,136,104.0,204,99.6,136,76.3,212,-1.3,267,-0.1,175,-1.2,305,-0.9,259,+0.7,108,+1.0,105,1.21,257,41.9,6,54.0,166,2010,0.4138672145917677,19,12,0.6129032258064516,31
345,Southern,SWAC,5-25,-26.71,83.9,344,110.6,308,68.5,64,-.025,243,-12.58,343,93.3,344,105.9,305,+2.34,97,,SWAC,68.5,64,83.9,344,42.7,336,23.2,313,26.1,306,36.7,197,110.6,308,49.0,167,20.9,141,36.5,331,34.5,107,68.5,64,70.3,59,16.8,79,17.1,64,83.9,344,84.5,343,110.6,308,102.4,195,76.5,176,-1.1,246,-1.0,284,-0.1,195,+1.0,68,+0.8,103,+0.4,136,0.91,310,47.8,1,30.5,318,2010,0.040025634522231436,5,25,0.16666666666666666,30
123,Southern Illinois,MVC,15-15,+5.14,106.1,127,101.0,135,66.2,160,-.086,336,+1.79,137,103.7,141,101.9,131,-5.92,302,,MVC,66.2,160,106.1,127,51.7,54,20.2,160,28.6,247,37.4,174,101.0,135,49.7,200,20.8,143,27.3,40,45.6,296,66.2,160,66.4,229,18.2,228,17.8,184,106.1,127,103.8,119,101.0,135,101.0,164,76.2,222,+1.5,78,+0.6,99,+0.9,82,+0.2,142,-1.4,300,-1.6,280,1.38,209,35.6,77,48.0,214,2010,0.6379569277768805,15,15,0.5,30
99,Southern Miss,CUSA,20-14,+7.60,103.7,158,96.1,60,61.0,327,-.051,300,+2.64,119,103.4,151,100.8,94,-3.10,250,,CUSA,61.0,327,103.7,158,44.8,317,19.5,118,35.3,44,40.1,109,96.1,60,46.9,85,19.9,205,24.2,4,41.7,255,61.0,327,62.5,326,20.9,339,17.2,75,103.7,158,100.3,187,96.1,60,96.3,56,76.4,184,+0.7,127,-0.1,179,+0.8,89,+0.4,122,-1.9,326,+0.3,179,1.31,231,26.9,270,22.4,334,2010,0.7058467366232813,20,14,0.5882352941176471,34
324,Southern Utah,Sum,7-22,-19.47,89.8,327,109.3,291,66.2,157,-.003,177,-3.85,240,101.6,204,105.5,283,+2.25,98,,Sum,66.2,157,89.8,327,46.9,256,26.8,346,28.9,229,38.6,132,109.3,291,49.5,193,17.4,321,33.3,263,45.3,295,66.2,157,67.9,144,17.6,153,17.5,115,89.8,327,89.8,324,109.3,291,108.1,317,77.7,37,+0.8,120,+1.8,23,-1.1,276,+0.1,165,+1.7,42,+2.4,22,0.84,318,37.9,37,30.3,320,2010,0.09450052319775606,7,22,0.2413793103448276,29
134,St. Bonaventure,A10,15-16,+3.50,106.2,123,102.7,171,66.6,135,-.018,227,+3.57,103,103.6,144,100.0,74,+1.02,127,,A10,66.6,135,106.2,123,50.7,84,21.3,227,31.7,148,36.2,212,102.7,171,50.1,227,19.4,233,29.9,127,38.9,204,66.6,135,68.9,98,16.6,61,18.1,249,106.2,123,101.4,164,102.7,171,102.4,192,77.0,86,+0.3,147,+0.5,114,-0.2,213,+0.0,173,+1.6,43,+0.4,124,1.32,224,28.8,221,62.8,96,2010,0.5951719404109403,15,16,0.4838709677419355,31
311,St. Francis NY,NEC,11-18,-15.76,89.8,328,105.5,230,63.7,267,+.046,67,-10.78,332,96.3,326,107.1,337,-4.71,281,,NEC,63.7,267,89.8,328,46.2,274,23.5,318,30.0,198,36.6,200,105.5,230,49.8,211,25.0,7,31.9,213,37.5,176,63.7,267,65.0,272,17.9,187,18.7,314,89.8,328,91.8,315,105.5,230,98.2,103,75.9,268,-2.2,305,-1.7,327,-0.5,235,-0.9,263,+0.1,159,+0.4,135,1.46,183,20.4,334,51.5,185,2010,0.13552705245881033,11,18,0.3793103448275862,29
314,St. Francis PA,NEC,11-19,-16.39,95.5,286,111.9,329,63.8,266,+.028,95,-8.66,313,97.2,314,105.8,300,-0.83,166,,NEC,63.8,266,95.5,286,48.2,192,23.8,322,28.1,259,36.4,206,111.9,329,51.7,297,20.7,150,34.9,305,41.5,251,63.8,266,65.2,265,19.1,290,17.6,136,95.5,286,95.5,271,111.9,329,106.7,293,75.6,293,-2.3,309,-2.3,343,-0.1,201,+0.7,92,-1.1,279,-1.1,255,1.31,230,36.8,57,28.9,325,2010,0.1391326383641444,11,19,0.36666666666666664,30
67,St. John's,BE,17-16,+11.97,106.5,115,94.5,46,64.2,249,-.032,257,+9.38,19,108.5,8,99.1,48,-1.66,207,6,BE,64.2,249,106.5,115,47.3,238,18.7,85,34.4,58,31.6,307,94.5,46,48.1,133,20.5,166,28.7,86,34.9,120,64.2,249,65.6,255,18.6,260,17.9,197,106.5,115,101.4,165,94.5,46,99.0,124,76.3,203,+0.3,153,-0.2,191,+0.5,118,-0.8,244,+0.1,144,-2.0,311,2.05,38,37.4,44,66.7,67,2010,0.7981496020762822,17,16,0.5151515151515151,33
106,Stanford,P10,14-18,+6.75,106.5,117,99.7,113,66.3,152,-.047,293,+6.91,58,106.5,54,99.6,59,+0.15,142,,P10,66.3,152,106.5,117,49.2,147,17.7,45,27.1,289,37.3,178,99.7,113,50.1,219,19.6,222,29.6,116,36.8,160,66.3,152,67.8,150,17.9,184,17.4,105,106.5,117,101.6,158,99.7,113,102.4,193,77.2,76,+1.8,58,+0.8,73,+0.9,57,+0.1,167,+1.4,50,+1.0,101,1.16,270,24.5,308,31.1,317,2010,0.6810848998411206,14,18,0.4375,32
157,Stephen F. Austin,Slnd,23-9,+1.47,103.0,169,101.5,147,58.7,342,+.043,73,-7.80,304,98.5,295,106.3,318,-7.74,327,,Slnd,58.7,342,103.0,169,48.9,161,19.9,140,35.7,35,35.2,241,101.5,147,48.5,152,22.8,44,28.6,74,41.3,247,58.7,342,61.4,337,20.8,335,17.9,200,103.0,169,104.8,98,101.5,147,96.6,68,74.8,339,-2.0,293,-1.0,281,-1.1,273,+1.0,73,-0.2,195,-6.7,347,1.05,288,29.9,200,29.5,324,2010,0.5420770427051853,23,9,0.71875,32
332,Stetson,ASun,7-22,-20.85,90.5,322,111.3,320,66.0,176,+.044,70,-2.62,218,100.6,240,103.2,180,+5.94,46,,ASun,66.0,176,90.5,322,44.7,321,22.1,265,24.9,323,29.9,321,111.3,320,54.4,339,21.0,134,33.8,285,44.2,287,66.0,176,66.8,203,19.1,292,16.6,29,90.5,322,88.0,332,111.3,320,108.9,322,75.1,329,-3.4,334,-1.6,321,-1.8,329,-0.9,270,-1.9,329,-1.6,288,1.46,184,34.6,91,41.2,265,2010,0.08477934981633758,7,22,0.2413793103448276,29
188,Stony Brook,AE,22-10,-1.12,102.3,179,103.4,183,65.1,217,+.052,55,-7.82,306,97.8,308,105.6,286,-7.89,330,8,AE,65.1,217,102.3,179,48.3,184,19.7,135,30.9,174,37.5,168,103.4,183,48.5,151,21.0,132,28.6,77,33.0,81,65.1,217,66.5,223,17.0,99,18.7,318,102.3,179,102.9,138,103.4,183,96.8,72,76.0,254,-1.5,274,-0.7,255,-0.8,262,-0.7,241,-0.9,267,+0.9,107,1.45,187,28.7,225,73.0,38,2010,0.4692897493514958,22,10,0.6875,32
3,Syracuse,BE,30-5,+27.62,118.5,6,90.9,14,68.7,59,-.008,191,+8.62,36,108.5,10,99.8,67,-2.96,246,1,BE,68.7,59,118.5,6,57.6,2,21.5,238,36.5,26,36.9,191,90.9,14,45.9,49,22.0,71,33.1,258,25.6,6,68.7,59,70.8,40,14.9,4,18.8,322,118.5,6,114.3,7,90.9,14,94.2,35,78.2,18,+1.7,64,+0.7,84,+0.9,56,+2.9,11,+2.1,29,+2.4,19,1.88,72,26.5,279,41.4,264,2010,0.9547505260751324,30,5,0.8571428571428571,35
181,TCU,MWC,13-19,-0.72,105.2,142,105.9,237,63.1,285,-.001,173,+4.86,80,105.1,86,100.2,85,-0.28,153,,MWC,63.1,285,105.2,142,51.6,60,21.2,213,26.6,299,33.5,280,105.9,237,53.0,323,18.6,266,28.9,92,41.8,259,63.1,285,65.3,262,19.2,298,17.7,150,105.2,142,101.0,175,105.9,237,107.3,300,76.7,151,+0.8,122,+0.5,111,+0.3,136,-0.3,211,+0.1,175,-0.2,194,1.18,263,32.0,148,60.0,118,2010,0.48094237397742085,13,19,0.40625,32
21,Temple,A10,29-6,+20.12,107.8,93,87.7,3,60.4,332,+.076,26,+6.07,67,106.4,57,100.3,86,+5.68,49,5,A10,60.4,332,107.8,93,49.1,154,17.0,21,30.5,189,27.4,339,87.7,3,43.0,2,18.2,283,26.2,26,26.9,10,60.4,332,62.1,330,20.7,333,18.0,226,107.8,93,104.0,114,87.7,3,90.3,5,77.6,42,+0.5,140,+1.1,57,-0.6,244,+0.0,197,+2.1,30,+3.3,11,1.75,100,24.4,309,56.0,144,2010,0.9147522257387948,29,6,0.8285714285714286,35
30,Tennessee,SEC,28-9,+18.50,108.9,75,90.4,11,67.5,91,+.082,20,+8.67,34,107.4,32,98.7,35,-0.48,160,6,SEC,67.5,91,108.9,75,50.6,89,19.2,106,31.6,155,35.6,223,90.4,11,45.2,35,23.1,33,30.7,173,40.7,232,67.5,91,70.1,65,16.5,48,17.8,173,108.9,75,104.2,110,90.4,11,93.3,28,78.0,19,+2.2,38,+0.8,78,+1.4,33,+3.0,7,+2.8,10,+1.4,89,1.87,75,39.6,20,72.0,40,2010,0.8948375851213122,28,9,0.7567567567567568,37
334,Tennessee Martin,OVC,4-25,-21.20,90.2,323,111.4,321,69.8,27,-.015,217,-2.30,207,101.6,203,103.9,209,+3.87,69,,OVC,69.8,27,90.2,323,42.2,341,22.6,291,30.0,199,37.9,159,111.4,321,53.2,329,20.1,192,33.0,256,40.4,230,69.8,27,71.0,35,16.5,56,17.2,72,90.2,323,89.4,328,111.4,321,109.1,323,75.5,302,-2.0,295,-0.6,249,-1.4,312,-0.9,271,-1.4,299,-1.6,279,1.03,290,39.8,18,39.8,273,2010,0.08109019978716182,4,25,0.13793103448275862,29
258,Tennessee St.,OVC,9-23,-9.44,97.8,252,107.2,263,67.1,108,-.009,196,-0.91,180,102.7,171,103.6,190,+4.70,55,,OVC,67.1,108,97.8,252,47.7,220,23.0,307,31.0,170,30.5,315,107.2,263,54.0,334,23.1,36,32.3,227,43.8,282,67.1,108,68.8,100,18.0,202,16.8,37,97.8,252,96.1,262,107.2,263,106.0,283,75.8,274,-0.8,226,-0.8,267,+0.0,163,+0.5,113,-1.9,322,-1.3,258,0.70,335,37.8,40,30.1,321,2010,0.2581944385577928,9,23,0.28125,32
256,Tennessee Tech,OVC,15-17,-9.08,104.7,146,113.8,340,66.6,137,+.098,12,-2.48,214,101.9,191,104.4,234,+3.21,81,,OVC,66.6,137,104.7,146,51.4,64,21.8,251,31.9,143,41.4,83,113.8,340,53.8,333,19.5,225,35.7,319,48.5,325,66.6,137,68.3,128,16.7,71,18.2,261,104.7,146,103.4,126,113.8,340,112.9,344,76.4,194,-0.7,218,-0.9,276,+0.2,140,+0.1,151,-0.2,198,+0.4,148,1.09,283,30.6,188,41.8,262,2010,0.2771888095276923,15,17,0.46875,32
19,Texas,B12,24-10,+20.75,113.9,24,93.1,30,71.5,11,-.014,209,+9.01,27,107.2,35,98.2,18,-1.32,195,8,B12,71.5,11,113.9,24,51.1,77,18.2,59,38.4,14,40.7,96,93.1,30,44.9,28,20.2,186,27.6,48,35.2,127,71.5,11,74.2,9,15.2,8,17.4,99,113.9,24,108.4,45,93.1,30,93.8,30,76.4,185,+0.5,137,-0.1,166,+0.6,101,-1.9,323,-0.3,205,+0.6,118,1.80,85,35.5,80,52.8,176,2010,0.9104332877715912,24,10,0.7058823529411765,34
16,Texas A&M,B12,24-10,+21.33,112.6,37,91.2,17,64.3,243,-.005,182,+11.51,5,109.4,3,97.9,16,+0.15,141,5,B12,64.3,243,112.6,37,49.6,137,18.5,71,32.4,121,48.4,10,91.2,17,46.7,75,20.6,157,27.2,39,35.4,129,64.3,243,66.1,236,18.1,207,17.9,192,112.6,37,106.8,66,91.2,17,96.7,69,77.0,103,+1.6,75,+0.5,111,+1.1,49,-0.1,202,-0.9,239,+0.4,134,1.74,104,33.4,115,63.9,88,2010,0.9186428289196386,24,10,0.7058823529411765,34
171,Texas A&M Corpus Chris,Slnd,17-15,-0.09,99.4,226,99.5,105,64.7,228,-.035,263,-2.37,210,101.3,215,103.7,195,+6.29,41,,Slnd,64.7,228,99.4,226,50.1,106,25.6,343,35.5,42,41.7,80,99.5,105,48.5,153,20.6,161,28.6,78,37.1,169,64.7,228,67.6,158,17.6,162,17.8,178,99.4,226,98.8,209,99.5,105,97.8,92,77.9,26,+2.7,29,+1.3,41,+1.4,36,+2.0,18,+1.4,49,+1.4,69,1.61,142,32.9,124,78.4,19,2010,0.4971091320197742,17,15,0.53125,32
320,Texas Pan American,GWC,6-27,-18.56,89.5,329,108.0,274,66.3,153,-.081,332,-6.64,286,98.5,296,105.1,262,+3.65,72,,GWC,66.3,153,89.5,329,44.8,315,20.8,187,20.3,343,36.8,193,108.0,274,53.2,328,22.6,48,33.0,253,41.8,261,66.3,153,68.2,134,18.3,231,16.8,36,89.5,329,89.0,330,108.0,274,104.2,250,73.8,346,-5.5,346,-2.0,338,-3.5,347,-3.0,344,-1.9,327,-1.9,310,1.19,261,37.1,49,48.8,207,2010,0.10332955804343959,6,27,0.18181818181818182,33
267,Texas Southern,SWAC,17-16,-10.52,93.4,300,103.9,200,66.4,147,-.007,189,-11.25,333,94.4,342,105.6,288,+8.28,19,,SWAC,66.4,147,93.4,300,49.7,130,24.4,328,31.3,164,41.5,82,103.9,200,48.1,134,25.8,6,32.4,229,47.9,322,66.4,147,69.3,86,17.6,155,17.0,51,93.4,300,95.2,277,103.9,200,95.7,43,77.1,82,+0.1,158,-0.3,205,+0.4,126,+1.8,23,+1.1,73,-0.5,200,0.82,321,33.1,117,29.6,323,2010,0.2270258256480154,17,16,0.5151515151515151,33
229,Texas St.,Slnd,15-16,-6.32,98.5,238,104.8,218,74.9,3,+.027,97,-3.53,236,100.8,231,104.3,231,+1.54,114,,Slnd,74.9,3,98.5,238,46.6,264,23.4,316,34.2,61,46.7,18,104.8,218,51.8,299,22.5,54,31.4,198,55.4,346,74.9,3,76.2,3,14.9,3,16.6,30,98.5,238,97.4,237,104.8,218,102.3,189,76.3,206,-1.9,287,-1.4,306,-0.5,234,+0.6,107,+1.1,61,+0.2,182,1.05,287,41.0,13,46.4,226,2010,0.3289433366443198,15,16,0.4838709677419355,31
72,Texas Tech,B12,19-16,+11.14,108.8,78,97.6,80,70.7,19,+.026,101,+10.08,11,108.8,5,98.8,38,-1.93,214,5,B12,70.7,19,108.8,78,48.5,178,18.5,74,29.4,215,42.8,64,97.6,80,47.8,119,19.9,210,33.1,259,41.0,236,70.7,19,72.8,16,16.1,30,16.8,39,108.8,78,103.2,130,97.6,80,102.3,190,76.3,201,-0.2,188,-0.2,192,-0.1,187,-0.1,201,-0.7,220,-0.6,233,1.37,210,31.4,160,51.2,188,2010,0.7771767891102986,19,16,0.5428571428571428,35
197,The Citadel,SC,16-16,-1.96,100.3,206,102.3,165,59.4,338,-.020,233,-2.33,208,102.1,186,104.4,236,+2.94,85,,SC,59.4,338,100.3,206,48.4,182,18.2,62,26.8,297,28.5,334,102.3,165,48.8,159,19.3,240,30.0,136,33.4,88,59.4,338,60.1,341,21.2,341,18.8,327,100.3,206,100.5,179,102.3,165,101.2,174,76.0,247,-1.9,286,-0.2,183,-1.7,325,-1.7,320,+0.1,175,+1.4,80,2.19,27,27.7,248,69.1,53,2010,0.4434786813650862,16,16,0.5,32
325,Toledo,MAC,4-28,-19.54,88.8,335,108.3,277,60.6,331,+.008,151,+0.81,152,103.3,158,102.5,157,+2.54,93,,MAC,60.6,331,88.8,335,46.0,286,23.3,315,24.5,326,27.3,342,108.3,277,51.3,277,16.8,332,30.7,172,36.3,143,60.6,331,61.8,334,21.4,342,17.5,124,88.8,335,86.9,339,108.3,277,108.9,321,76.8,132,+1.3,93,+0.8,74,+0.5,113,+0.1,155,-0.3,203,-0.6,228,0.73,331,31.4,158,33.3,304,2010,0.0925438385004045,4,28,0.125,32
244,Towson,CAA,10-21,-7.91,102.5,175,110.5,304,67.8,78,+.010,140,-0.11,163,101.7,198,101.8,123,-2.93,244,,CAA,67.8,78,102.5,175,47.3,240,18.6,79,29.8,206,35.5,229,110.5,304,51.2,269,18.3,281,38.2,343,31.9,63,67.8,78,68.8,105,17.1,105,17.7,158,102.5,175,98.8,208,110.5,304,110.0,332,76.7,141,+0.4,143,-0.5,234,+0.9,62,+0.0,199,+0.1,175,+0.4,176,1.30,238,38.5,30,57.7,137,2010,0.2964508488112836,10,21,0.3225806451612903,31
180,Troy,SB,20-13,-0.69,105.1,144,105.8,236,66.0,175,+.082,18,-1.33,187,103.2,161,104.5,240,+8.99,12,7,SB,66.0,175,105.1,144,52.3,44,18.0,52,29.2,220,28.5,333,105.8,236,50.7,256,18.6,267,31.9,215,29.9,31,66.0,175,67.5,170,16.8,83,18.5,294,105.1,144,105.5,88,105.8,236,106.3,289,76.4,186,-0.8,229,-0.8,263,-0.1,201,-0.3,212,+0.1,165,+1.4,77,1.92,64,23.5,314,54.2,165,2010,0.4809243187127704,20,13,0.6060606060606061,33
224,Tulane,CUSA,8-22,-5.58,95.1,287,100.7,126,65.4,201,-.070,322,+1.61,140,103.5,145,101.9,132,-2.88,242,,CUSA,65.4,201,95.1,287,44.9,313,20.6,180,27.3,283,38.2,146,100.7,126,49.9,213,23.4,29,33.3,265,44.5,288,65.4,201,66.4,228,18.0,192,18.2,260,95.1,287,93.1,302,100.7,126,100.5,153,76.1,231,-2.1,296,-1.5,314,-0.5,237,+1.0,73,+1.9,37,-1.2,256,1.68,122,37.4,43,61.4,107,2010,0.341190477307018,8,22,0.26666666666666666,30
83,Tulsa,CUSA,23-12,+9.87,107.6,97,97.7,82,66.0,172,+.023,105,+2.99,110,104.8,105,101.8,122,-1.56,199,5,CUSA,66.0,172,107.6,97,50.1,104,19.7,137,31.6,151,46.8,17,97.7,82,44.1,13,15.0,345,24.6,6,36.4,147,66.0,172,67.5,164,17.7,169,17.8,175,107.6,97,105.7,86,97.7,82,97.6,88,78.3,16,+3.1,19,+2.6,7,+0.5,119,+0.7,97,+1.1,64,+1.4,56,2.08,35,25.0,301,65.8,73,2010,0.7521234289459132,23,12,0.6571428571428571,35
62,UAB,CUSA,25-9,+12.73,104.6,148,91.8,22,64.1,257,+.017,119,+3.09,109,104.0,134,100.9,95,+0.40,136,2,CUSA,64.1,257,104.6,148,47.1,249,20.3,166,33.6,83,45.7,26,91.8,22,45.1,34,21.5,95,26.2,25,37.6,177,64.1,257,65.1,270,18.1,206,18.5,302,104.6,148,102.1,152,91.8,22,92.2,17,76.3,204,+1.0,109,+0.3,134,+0.7,94,+0.1,161,+1.7,40,-3.6,339,1.50,172,23.3,318,26.9,328,2010,0.8177398841130409,25,9,0.7352941176470589,34
226,UC Davis,BW,14-18,-5.77,101.0,197,106.7,251,66.4,148,-.004,180,-2.74,220,100.3,248,103.0,176,-1.89,212,,BW,66.4,148,101.0,197,50.1,110,21.8,248,25.1,321,43.0,60,106.7,251,53.1,324,21.9,76,29.8,124,45.0,293,66.4,148,68.6,114,17.8,177,17.0,49,101.0,197,99.3,203,106.7,251,104.0,242,78.6,7,+2.4,33,+0.5,109,+1.9,15,+3.4,2,+2.6,12,+3.4,3,1.47,181,33.7,104,54.3,160,2010,0.3472028204647393,14,18,0.4375,32
252,UC Irvine,BW,14-18,-8.52,101.1,195,109.6,297,63.4,275,+.016,123,-4.43,249,101.4,209,105.9,304,-5.84,301,,BW,63.4,275,101.1,195,47.1,251,17.2,23,29.1,224,36.7,195,109.6,297,51.0,265,20.2,188,30.9,184,45.7,298,63.4,275,65.3,260,19.1,289,17.6,132,101.1,195,101.5,161,109.6,297,107.0,297,75.4,309,-1.1,253,-0.1,171,-1.1,285,-0.8,248,-1.0,276,-1.3,260,1.53,157,31.3,167,59.4,123,2010,0.2832568716999135,14,18,0.4375,32
230,UC Riverside,BW,12-17,-6.38,98.2,242,104.5,213,60.9,328,-.039,276,-2.46,213,101.1,221,103.6,192,-0.71,163,,BW,60.9,328,98.2,242,46.1,280,21.0,202,33.8,76,38.3,143,104.5,213,49.2,174,18.6,265,27.2,37,41.4,248,60.9,328,62.4,327,19.6,315,18.4,286,98.2,242,97.1,242,104.5,213,102.0,184,76.4,190,-1.1,244,-0.3,212,-0.7,251,-1.3,306,+0.1,172,+0.4,177,1.17,265,35.6,79,47.2,220,2010,0.32847735343259654,12,17,0.41379310344827586,29
153,UC Santa Barbara,BW,20-10,+2.11,100.0,212,97.9,86,66.3,150,+.125,3,-1.00,182,102.8,170,103.8,202,+3.46,77,15,BW,66.3,150,100.0,212,50.7,86,23.0,303,25.9,309,45.4,30,97.9,86,48.0,131,22.1,66,31.3,196,39.4,216,66.3,150,67.3,177,18.0,204,17.5,110,100.0,212,99.2,204,97.9,86,97.8,90,76.9,125,-0.2,186,+0.8,77,-1.1,279,+0.1,144,+0.3,136,+0.4,137,1.54,156,36.2,66,59.1,125,2010,0.560716839793867,20,10,0.6666666666666666,30
166,UCF,CUSA,15-17,+0.33,102.6,173,102.3,164,63.4,279,+.009,146,+2.52,123,104.5,116,102.0,136,-1.43,197,,CUSA,63.4,279,102.6,173,49.2,150,21.7,246,31.6,150,38.1,148,102.3,164,50.2,230,21.1,126,32.9,251,41.4,249,63.4,279,65.3,261,18.4,246,18.1,240,102.6,173,99.9,195,102.3,164,103.1,219,76.3,205,+2.0,53,+0.8,80,+1.2,45,-0.9,269,-0.9,241,-2.6,326,0.91,311,31.0,173,48.7,209,2010,0.5084179513801547,15,17,0.46875,32
117,UCLA,P10,14-18,+5.48,106.4,118,100.9,133,64.3,246,-.016,220,+7.01,56,106.5,55,99.4,55,+1.15,124,,P10,64.3,246,106.4,118,52.6,39,21.6,241,27.9,263,36.6,202,100.9,133,50.9,264,20.2,187,30.5,159,32.7,74,64.3,246,65.5,257,18.5,251,18.3,274,106.4,118,101.1,171,100.9,133,103.6,228,78.3,14,+2.8,25,+0.6,103,+2.3,7,+2.1,16,+3.1,5,+1.7,49,1.09,284,27.6,252,37.0,287,2010,0.6480251925741265,14,18,0.4375,32
322,UMBC,AE,4-26,-19.27,95.5,285,114.7,344,66.2,162,-.071,323,-5.75,271,98.9,285,104.7,249,-5.15,286,,AE,66.2,162,95.5,285,45.8,287,17.6,38,21.4,340,32.7,293,114.7,344,50.6,252,19.0,252,36.3,328,39.9,223,66.2,162,66.8,201,18.0,196,17.8,181,95.5,285,94.0,294,114.7,344,109.5,327,76.1,242,-1.5,271,-0.4,222,-1.1,299,+0.6,105,-0.8,225,-1.6,300,1.12,279,30.7,184,32.1,309,2010,0.1084445712719378,4,26,0.13333333333333333,30
299,UMKC,Sum,12-18,-13.67,98.2,241,111.9,330,64.9,223,+.042,74,-6.20,280,99.4,275,105.6,293,-5.30,291,,Sum,64.9,223,98.2,241,47.0,254,19.6,124,27.1,288,39.9,112,111.9,330,54.2,337,20.4,176,28.5,70,48.5,327,64.9,223,66.8,204,18.3,232,17.5,120,98.2,241,98.6,213,111.9,330,107.9,313,76.3,213,-1.9,288,-1.8,330,-0.1,195,+0.6,111,-0.3,204,+1.1,98,1.22,252,28.7,227,47.7,219,2010,0.18214334446142677,12,18,0.4,30
276,UNC Asheville,BSth,15-16,-11.43,97.2,258,108.7,285,70.8,17,+.068,37,-7.14,292,98.1,303,105.2,269,+8.72,14,,BSth,70.8,17,97.2,258,47.7,216,23.2,314,32.8,109,37.0,187,108.7,285,49.4,184,19.4,234,35.1,309,34.5,106,70.8,17,73.7,11,16.0,26,16.3,9,97.2,258,96.1,263,108.7,285,104.9,262,76.1,237,-2.6,319,-0.9,272,-1.8,327,-0.6,234,-0.9,249,+1.4,82,1.52,164,27.2,266,67.2,63,2010,0.21654038494449412,15,16,0.4838709677419355,31
253,UNC Greensboro,SC,8-23,-8.61,96.2,277,104.8,219,66.6,132,-.030,252,+1.18,144,103.1,164,101.9,129,+9.81,8,,SC,66.6,132,96.2,277,42.7,335,20.7,185,34.1,64,33.8,277,104.8,219,52.8,320,20.6,154,32.7,244,37.0,167,66.6,132,68.1,138,17.6,157,17.7,152,96.2,277,93.3,299,104.8,219,105.1,264,75.8,270,-3.0,327,-1.6,319,-1.5,315,-0.9,262,+0.1,168,+1.5,52,2.10,32,31.3,168,52.7,181,2010,0.2719640058315571,8,23,0.25806451612903225,31
212,UNC Wilmington,CAA,9-22,-4.02,98.6,237,102.6,170,67.8,79,-.060,308,+2.65,118,104.4,119,101.7,119,+4.35,62,,CAA,67.8,79,98.6,237,47.4,233,22.9,299,32.5,115,35.6,226,102.6,170,47.3,98,18.1,285,33.6,275,41.7,257,67.8,79,69.3,85,17.9,189,16.8,41,98.6,237,95.4,276,102.6,170,103.0,214,76.3,198,+0.6,129,+0.3,136,+0.3,134,-0.3,210,+1.1,85,-0.0,190,1.70,110,40.1,15,54.9,154,2010,0.3876225656511813,9,22,0.2903225806451613,31
41,UNLV,MWC,25-9,+16.56,110.6,55,94.0,40,66.3,156,-.013,205,+4.08,91,104.8,104,100.7,93,+0.67,135,8,MWC,66.3,156,110.6,55,52.2,46,17.4,29,27.6,273,30.9,311,94.0,40,45.8,48,23.0,40,28.9,93,47.2,311,66.3,156,67.2,180,17.5,140,18.0,227,110.6,55,107.4,56,94.0,40,94.7,42,77.0,89,+1.4,89,+0.2,145,+1.2,44,+0.0,179,+1.1,74,+2.2,41,1.04,289,39.1,25,46.2,230,2010,0.8664803794979216,25,9,0.7352941176470589,34
77,USC,P10,16-14,+10.63,96.7,267,86.1,1,62.2,307,-.043,283,+6.53,63,106.7,47,100.2,79,+1.54,113,,P10,62.2,307,96.7,267,46.1,279,22.7,296,32.5,117,35.5,232,86.1,1,43.2,5,19.8,215,25.9,21,37.9,183,62.2,307,63.5,312,20.1,326,17.8,180,96.7,267,93.0,305,86.1,1,89.1,2,77.7,38,+1.4,81,+1.0,58,+0.4,124,+1.5,35,-0.9,232,-0.6,204,1.37,213,23.9,312,38.5,281,2010,0.7916987982709781,16,14,0.5333333333333333,30
277,USC Upstate,ASun,6-23,-11.63,92.0,312,103.6,188,65.1,218,-.066,316,-1.83,199,100.9,226,102.8,168,+8.14,22,,ASun,65.1,218,92.0,312,45.8,289,25.1,340,30.5,188,35.5,230,103.6,188,47.4,100,21.3,111,35.5,315,35.6,132,65.1,218,66.5,222,18.5,250,17.5,123,92.0,312,89.9,323,103.6,188,101.6,178,77.0,95,+1.8,60,+2.8,5,-1.1,290,+1.0,73,+0.8,100,-1.8,309,1.55,153,33.3,116,64.4,84,2010,0.20332993658195747,6,23,0.20689655172413793,29
241,UT Arlington,Slnd,16-14,-7.73,95.9,282,103.6,193,70.9,16,+.011,135,-7.88,309,99.0,282,106.9,333,-13.85,347,,Slnd,70.9,16,95.9,282,47.5,228,21.2,212,28.7,239,44.5,41,103.6,193,47.5,108,22.2,61,35.6,317,51.0,337,70.9,16,72.9,15,16.2,35,16.6,26,95.9,282,97.8,231,103.6,193,99.9,140,75.8,273,-2.3,306,-0.2,204,-2.0,332,-1.0,286,-0.6,215,+0.4,130,1.64,132,39.2,24,55.2,150,2010,0.2914895812134177,16,14,0.5333333333333333,30
42,UTEP,CUSA,26-7,+16.53,107.7,95,91.2,16,67.9,76,+.024,104,+2.62,120,104.1,129,101.5,112,-4.26,270,12,CUSA,67.9,76,107.7,95,52.8,37,18.8,91,28.0,260,39.6,117,91.2,16,44.6,23,22.2,62,27.5,46,43.2,277,67.9,76,70.0,68,16.6,59,17.6,139,107.7,95,106.1,79,91.2,16,91.2,8,77.7,35,+2.7,28,+1.8,25,+0.9,53,+1.8,25,+0.7,104,+0.4,143,1.94,57,27.8,246,49.3,204,2010,0.8712872906993028,26,7,0.7878787878787878,33
198,UTSA,Slnd,19-11,-2.10,103.9,153,106.0,240,62.9,290,+.020,112,-5.66,269,99.6,265,105.3,273,-4.29,271,,Slnd,62.9,290,103.9,153,48.8,167,17.8,47,30.7,182,34.9,246,106.0,240,50.4,240,20.1,191,29.2,102,32.9,78,62.9,290,65.1,269,19.1,295,17.7,156,103.9,153,104.9,96,106.0,240,101.6,180,74.8,340,-1.8,284,-1.3,304,-0.5,233,+0.0,181,-1.4,301,-4.6,342,1.43,191,26.8,273,65.6,78,2010,0.44272321635463974,19,11,0.6333333333333333,30
124,Utah,MWC,14-17,+4.86,102.9,170,98.0,87,64.8,224,-.063,311,+4.05,93,105.4,82,101.3,106,-0.37,156,,MWC,64.8,224,102.9,170,48.5,179,20.5,176,27.3,282,40.5,101,98.0,87,44.7,24,17.3,323,29.5,114,44.1,285,64.8,224,66.1,239,18.0,199,18.0,206,102.9,170,100.1,190,98.0,87,99.3,128,78.6,6,+4.9,7,+4.3,1,+0.5,104,+1.0,70,+2.1,22,+2.5,17,1.25,244,36.4,63,36.4,292,2010,0.6367039878639268,14,17,0.45161290322580644,31
23,Utah St.,WAC,27-8,+19.90,116.0,16,96.1,62,59.8,336,-.026,244,+1.81,136,105.0,91,103.2,181,+0.16,140,12,WAC,59.8,336,116.0,16,55.1,10,16.3,11,32.3,133,29.6,324,96.1,62,46.1,53,17.9,303,25.4,14,29.7,26,59.8,336,62.6,325,19.7,318,18.5,306,116.0,16,116.3,1,96.1,62,96.3,59,76.3,208,+0.2,156,-0.8,265,+0.9,70,-0.5,225,-0.9,237,+0.7,114,1.52,163,29.9,201,68.0,58,2010,0.8969984469123728,27,8,0.7714285714285715,35
326,Utah Valley,GWC,12-18,-19.59,89.8,326,109.4,293,61.1,325,-.027,246,-12.71,344,95.2,337,108.0,345,-2.87,240,,GWC,61.1,325,89.8,326,45.4,298,21.3,223,25.5,314,35.2,240,109.4,293,50.3,236,20.0,199,27.7,50,39.3,213,61.1,325,65.1,268,19.2,297,17.5,109,89.8,326,93.0,303,109.4,293,101.8,182,76.6,155,-1.3,266,-1.2,301,-0.1,179,+0.3,137,+1.1,98,+2.0,44,1.14,275,38.1,34,43.3,252,2010,0.09360443780507353,12,18,0.4,30
56,VCU,CAA,27-9,+14.39,113.2,28,98.8,98,68.2,69,-.016,221,+0.84,151,102.5,175,101.7,118,-0.39,157,,CAA,68.2,69,113.2,28,52.2,45,17.9,50,34.7,54,35.3,237,98.8,98,46.9,84,21.0,131,32.4,230,30.6,41,68.2,69,68.3,129,17.1,107,18.1,238,113.2,28,110.8,24,98.8,98,96.8,71,76.4,191,+1.6,69,+1.7,26,-0.1,206,+0.0,176,+0.6,114,-0.9,252,1.87,74,33.5,114,74.3,33,2010,0.8270229403963972,27,9,0.75,36
317,VMI,BSth,10-19,-18.10,102.4,178,120.5,347,83.4,1,+.003,163,-7.36,298,96.9,318,104.3,228,+8.16,20,,BSth,83.4,1,102.4,178,49.0,156,17.2,24,24.3,327,32.3,298,120.5,347,57.1,345,20.5,164,39.1,345,36.8,160,83.4,1,85.0,1,13.0,1,15.3,1,102.4,178,101.1,169,120.5,347,114.4,345,75.1,325,-3.7,337,-1.8,329,-1.9,331,-0.2,206,-1.3,293,-0.6,238,1.30,237,31.8,152,52.3,182,2010,0.13333647799660447,10,19,0.3448275862068966,29
183,Valparaiso,Horz,15-17,-0.92,110.7,53,111.6,326,67.0,116,+.015,125,+2.62,121,103.3,156,100.7,92,+4.44,60,,Horz,67.0,116,110.7,53,52.8,36,19.7,131,28.8,237,36.3,207,111.6,326,52.5,317,19.5,226,33.9,287,48.4,324,67.0,116,67.7,154,17.4,133,17.8,183,110.7,53,106.6,71,111.6,326,111.5,340,76.0,257,-3.8,339,-1.5,318,-2.3,340,-1.0,286,+0.5,122,+1.4,60,1.32,227,30.9,176,26.0,330,2010,0.47673732726860885,15,17,0.46875,32
36,Vanderbilt,SEC,24-9,+17.54,113.7,25,96.2,64,68.7,56,+.019,115,+8.14,45,107.1,37,99.0,47,+1.50,117,4,SEC,68.7,56,113.7,25,52.6,40,19.2,104,30.8,178,48.3,11,96.2,64,47.0,86,19.3,241,32.0,219,34.5,109,68.7,56,70.5,51,15.7,17,18.6,308,113.7,25,108.9,41,96.2,64,98.8,118,78.4,13,+3.2,15,+2.0,20,+1.3,41,+1.8,26,+1.1,66,+3.4,8,1.76,96,32.6,134,75.1,30,2010,0.8723659140375253,24,9,0.7272727272727273,33
136,Vermont,AE,25-10,+3.08,104.1,151,101.0,136,66.1,167,+.068,35,-6.32,284,98.8,287,105.1,261,-3.11,251,16,AE,66.1,167,104.1,151,48.2,191,20.9,195,35.5,40,49.5,6,101.0,136,45.0,31,20.3,180,32.1,224,34.5,105,66.1,167,67.3,176,18.2,226,17.2,71,104.1,151,104.4,105,101.0,136,95.7,44,76.0,246,-1.0,243,+0.0,160,-1.1,288,+0.0,183,-0.9,236,-1.3,259,1.91,68,28.7,224,66.7,66,2010,0.5860504510773845,25,10,0.7142857142857143,35
17,Villanova,BE,25-8,+21.24,117.2,11,96.0,59,71.2,12,+.025,103,+10.03,12,108.7,7,98.7,33,-0.91,171,2,BE,71.2,12,117.2,11,52.3,43,18.7,88,36.5,28,43.9,49,96.0,59,47.4,101,21.3,113,28.6,81,49.1,329,71.2,12,72.2,21,15.5,14,17.8,174,117.2,11,112.6,13,96.0,59,100.4,151,76.8,134,+0.4,141,+0.3,138,+0.2,147,+1.0,67,-0.4,206,+1.4,82,2.03,42,37.0,54,57.8,136,2010,0.9084319346633903,25,8,0.7575757575757576,33
76,Virginia,ACC,15-16,+10.76,108.0,87,97.2,71,61.7,316,-.067,318,+8.38,39,106.3,63,97.9,17,-5.39,295,,ACC,61.7,316,108.0,87,47.8,214,16.8,19,27.4,276,30.0,320,97.2,71,49.0,168,18.5,271,27.6,47,30.5,40,61.7,316,63.6,308,19.3,306,18.1,239,108.0,87,102.3,148,97.2,71,99.1,127,77.0,98,+2.0,50,+1.1,49,+0.9,81,+0.1,152,-0.2,199,-0.6,210,1.49,175,37.0,52,65.7,75,2010,0.7705900478338564,15,16,0.4838709677419355,31
47,Virginia Tech,ACC,25-9,+15.86,108.3,84,92.4,24,67.8,80,+.034,86,+5.72,69,105.8,70,100.1,78,-8.51,336,1,ACC,67.8,80,108.3,84,46.6,263,17.5,36,34.0,69,42.9,61,92.4,24,44.6,21,22.2,63,31.7,206,35.1,124,67.8,80,68.8,101,16.5,54,18.5,303,108.3,84,103.6,125,92.4,24,92.6,20,77.7,36,+0.1,159,-0.4,219,+0.5,106,+1.5,34,+2.1,21,+3.4,2,1.77,94,27.9,243,62.6,98,2010,0.8612784318423385,25,9,0.7352941176470589,34
335,Wagner,NEC,5-26,-22.00,89.1,332,111.1,316,65.7,185,-.014,211,-9.69,323,96.2,328,105.9,302,-7.14,317,,NEC,65.7,185,89.1,332,47.4,235,24.8,337,28.8,234,28.1,336,111.1,316,48.9,166,21.3,115,35.9,322,39.9,225,65.7,185,67.3,179,17.7,163,17.5,121,89.1,332,89.8,325,111.1,316,103.2,222,75.4,308,-2.4,315,-1.4,308,-1.1,287,+0.6,108,-1.7,310,-1.6,295,0.75,330,33.9,99,35.6,298,2010,0.07325576557940315,5,26,0.16129032258064516,31
58,Wake Forest,ACC,20-11,+14.12,107.1,106,93.0,29,68.7,58,+.067,39,+10.51,9,107.4,28,96.9,3,-0.82,165,9,ACC,68.7,58,107.1,106,47.0,255,21.1,210,37.9,17,40.8,94,93.0,29,43.8,8,19.1,246,31.9,216,38.5,197,68.7,58,70.9,39,15.9,25,17.9,186,107.1,106,100.2,188,93.0,29,95.9,47,77.9,24,+5.9,2,+3.0,3,+3.0,3,+1.1,49,+0.5,123,+0.4,154,2.14,29,25.1,299,62.9,95,2010,0.8352607553357749,20,11,0.6451612903225806,31
32,Washington,P10,26-10,+18.19,111.7,44,93.6,33,71.7,10,+.029,94,+6.97,57,106.7,44,99.7,62,+1.13,126,11,P10,71.7,10,111.7,44,49.7,128,17.5,34,35.4,43,40.9,91,93.6,33,46.5,66,22.1,64,29.7,121,44.6,289,71.7,10,73.0,13,15.0,5,18.0,222,111.7,44,107.9,50,93.6,33,96.0,49,75.7,280,-0.3,191,-0.2,196,-0.1,191,+1.2,44,-1.1,285,-3.6,338,1.65,128,34.3,94,66.9,64,2010,0.8842229328065933,26,10,0.7222222222222222,36
115,Washington St.,P10,16-15,+5.67,108.2,85,102.5,167,66.1,165,-.021,235,+4.44,85,104.8,106,100.3,87,-6.16,308,,P10,66.1,165,108.2,85,49.9,122,20.9,191,34.4,57,45.5,29,102.5,167,51.2,273,20.3,182,29.9,133,34.3,101,66.1,165,66.8,200,17.4,130,18.4,282,108.2,85,105.0,95,102.5,167,103.8,238,77.2,68,-0.3,195,-0.4,226,+0.1,156,+1.0,82,+1.1,65,+2.4,31,0.98,296,26.1,287,44.4,243,2010,0.6507559055559552,16,15,0.5161290322580645,31
105,Weber St.,BSky,20-11,+6.96,109.2,72,102.2,163,67.7,85,-.013,203,-0.16,164,103.9,136,104.1,219,+7.28,29,7,BSky,67.7,85,109.2,72,51.3,71,18.2,63,31.5,160,40.9,92,102.2,163,49.7,203,19.9,208,26.9,31,41.8,260,67.7,85,68.8,102,16.6,65,18.2,262,109.2,72,109.1,36,102.2,163,102.7,204,76.7,146,-0.3,189,-0.2,194,-0.1,174,-0.4,218,+0.1,163,+2.4,34,1.33,223,27.5,255,70.6,47,2010,0.6817591449639071,20,11,0.6451612903225806,31
5,West Virginia,BE,31-7,+25.54,117.2,12,91.7,21,62.6,296,+.057,45,+12.58,1,110.0,1,97.5,7,+5.45,50,2,BE,62.6,296,117.2,12,48.9,164,18.4,70,40.7,2,39.6,115,91.7,21,46.9,81,20.7,148,30.2,146,39.1,209,62.6,296,64.2,293,19.5,311,17.8,177,117.2,12,111.0,21,91.7,21,97.5,85,78.3,15,+0.9,113,-0.1,163,+0.9,54,+3.0,10,+4.1,1,+2.4,33,2.01,48,25.8,290,78.4,20,2010,0.9438337621914511,31,7,0.8157894736842105,38
155,Western Carolina,SC,22-12,+1.76,105.3,140,103.6,187,69.2,42,+.056,47,-2.35,209,101.7,197,104.1,218,+3.45,78,,SC,69.2,42,105.3,140,50.9,82,20.0,152,32.5,116,34.9,245,103.6,187,51.6,290,23.9,17,30.0,137,54.2,341,69.2,42,70.4,52,16.6,60,17.4,98,105.3,140,104.1,111,103.6,187,101.3,175,76.7,150,-0.3,194,-0.5,234,+0.2,146,+0.1,158,+0.1,162,-1.5,269,2.24,23,31.5,156,81.0,10,2010,0.546657617430026,22,12,0.6470588235294118,34
269,Western Illinois,Sum,13-17,-10.65,91.4,317,102.0,159,60.7,330,-.017,225,-6.89,291,98.9,284,105.8,298,-7.20,320,,Sum,60.7,330,91.4,317,45.5,295,20.9,197,23.7,330,39.8,113,102.0,159,45.4,39,19.2,245,30.7,170,45.9,304,60.7,330,62.2,329,20.9,337,17.6,133,91.4,317,91.6,316,102.0,159,98.5,108,76.6,165,-0.1,175,+1.3,36,-1.4,311,-1.0,283,+0.3,137,+2.4,34,1.29,239,28.4,230,55.9,145,2010,0.22065312162621425,13,17,0.43333333333333335,30
127,Western Kentucky,SB,21-13,+4.39,105.9,128,101.5,150,64.5,237,-.019,232,-2.84,225,101.4,211,104.2,226,+4.17,64,,SB,64.5,237,105.9,128,51.3,72,19.3,113,33.0,102,35.4,234,101.5,150,49.8,209,20.7,149,29.1,97,29.9,30,64.5,237,66.2,234,18.0,193,18.2,259,105.9,128,105.9,82,101.5,150,99.5,132,77.0,85,+0.1,160,+0.8,76,-0.7,250,+0.1,163,+1.1,78,+2.4,21,1.84,78,30.4,191,65.2,80,2010,0.6196397008849813,21,13,0.6176470588235294,34
137,Western Michigan,MAC,18-15,+3.07,106.7,108,103.7,194,65.9,179,-.030,251,-0.27,166,101.8,194,102.1,138,+4.45,59,,MAC,65.9,179,106.7,108,48.0,202,20.3,168,34.2,63,41.4,85,103.7,194,47.9,128,19.8,216,32.1,222,34.6,111,65.9,179,66.2,233,17.5,142,18.5,305,106.7,108,104.2,109,103.7,194,101.2,172,76.6,167,-0.2,183,+0.1,154,-0.3,221,-0.9,261,+1.1,85,+0.4,158,1.67,124,25.9,288,48.8,208,2010,0.5812651202163392,18,15,0.5454545454545454,33
64,Wichita St.,MVC,25-10,+12.26,108.9,76,96.6,69,64.5,238,+.002,165,+2.06,130,104.2,123,102.2,142,-6.80,313,3,MVC,64.5,238,108.9,76,50.9,83,20.4,171,33.5,86,37.6,167,96.6,69,47.8,117,21.4,102,23.9,2,42.8,268,64.5,238,64.6,282,18.6,258,18.3,273,108.9,76,106.7,69,96.6,69,96.3,57,77.0,91,+2.0,52,+1.1,55,+0.9,59,+0.0,180,+0.7,112,-0.6,212,1.53,159,32.7,130,65.7,74,2010,0.7987161974461566,25,10,0.7142857142857143,35
107,William & Mary,CAA,22-11,+6.58,110.0,60,103.4,185,60.2,335,+.116,7,+4.28,87,103.7,140,99.4,54,+7.35,28,5,CAA,60.2,335,110.0,60,50.5,91,18.0,53,27.8,268,36.8,194,103.4,185,47.6,114,16.9,329,32.5,237,31.4,52,60.2,335,61.7,335,19.9,324,18.8,326,110.0,60,105.4,91,103.4,185,103.8,236,77.3,57,+1.5,77,+0.5,106,+0.9,65,+0.8,90,+1.1,76,+1.4,58,2.04,40,30.2,193,65.6,77,2010,0.6707473485529575,22,11,0.6666666666666666,33
330,Winston Salem St.,ind,12-17,-20.66,86.9,339,107.6,267,66.4,146,+.074,28,-7.22,294,98.1,301,105.4,278,-7.22,321,,ind,66.4,146,86.9,339,43.5,330,25.7,345,32.4,124,39.3,120,107.6,267,49.8,210,20.9,140,36.2,326,41.6,252,66.4,146,68.5,122,18.2,221,17.0,48,86.9,339,86.0,342,107.6,267,103.6,230,75.7,283,+0.1,166,+0.1,156,-0.0,168,-2.0,332,-0.9,256,-0.5,201,1.55,152,35.6,78,46.5,225,2010,0.07891942833214284,12,17,0.41379310344827586,29
225,Winthrop,BSth,19-14,-5.63,90.7,320,96.3,65,64.0,259,+.049,59,-7.35,297,98.6,290,106.0,309,+6.90,33,16,BSth,64.0,259,90.7,320,41.6,344,18.0,54,32.3,132,35.3,236,96.3,65,45.7,45,22.9,42,28.5,72,39.3,215,64.0,259,66.6,215,17.5,135,18.4,289,90.7,320,92.1,313,96.3,65,92.1,16,77.1,81,+2.0,49,+0.9,68,+1.1,50,+0.6,100,-0.5,211,-1.6,272,1.46,185,37.3,46,52.7,178,2010,0.33426089263901676,19,14,0.5757575757575758,33
9,Wisconsin,B10,24-9,+23.56,115.2,20,91.6,19,59.2,339,-.013,202,+8.69,33,107.9,18,99.2,49,+1.01,128,4,B10,59.2,339,115.2,20,51.4,69,14.9,3,29.3,218,32.5,296,91.6,19,46.8,77,19.9,200,23.8,1,36.1,140,59.2,339,60.0,342,21.8,344,18.0,230,115.2,20,110.9,22,91.6,19,94.1,33,76.1,234,+0.5,138,+0.4,129,+0.1,157,-1.5,311,-0.9,257,+0.4,153,1.88,73,26.1,285,66.6,68,2010,0.9331579733953296,24,9,0.7272727272727273,33
82,Wofford,SC,26-9,+10.12,104.6,147,94.4,45,63.5,273,-.023,242,-1.55,193,102.2,183,103.8,203,+4.23,63,13,SC,63.5,273,104.6,147,49.1,151,18.6,80,30.9,173,44.1,47,94.4,45,46.5,64,21.4,103,27.7,49,35.7,134,63.5,273,65.6,254,18.4,245,18.5,300,104.6,147,103.8,118,94.4,45,93.6,29,75.0,331,-3.1,331,-2.1,339,-1.1,296,-2.2,336,-0.9,267,-0.2,195,2.06,37,36.5,61,74.5,32,2010,0.7649349480817568,26,9,0.7428571428571429,35
65,Wright St.,Horz,20-12,+12.10,108.6,80,96.5,68,61.8,313,-.047,294,+1.93,132,104.1,130,102.2,141,+1.97,105,,Horz,61.8,313,108.6,80,51.4,63,18.7,86,29.9,202,34.1,265,96.5,68,49.4,188,24.6,9,27.4,45,44.2,286,61.8,313,63.2,317,18.6,262,19.3,340,108.6,80,106.8,67,96.5,68,96.1,53,76.9,126,-1.2,258,-0.6,251,-0.6,245,-0.9,254,+1.1,85,+2.1,43,2.37,14,29.8,204,70.7,46,2010,0.7955119921623438,20,12,0.625,32
239,Wyoming,MWC,10-21,-7.50,97.4,255,104.9,222,70.1,26,+.004,157,+2.66,116,104.2,124,101.6,113,-4.43,278,,MWC,70.1,26,97.4,255,46.7,262,21.8,250,27.3,280,50.8,3,104.9,222,51.8,298,20.7,152,30.6,165,36.6,154,70.1,26,70.9,38,16.5,52,17.2,68,97.4,255,94.1,291,104.9,222,105.3,269,78.6,8,+5.1,5,+2.1,16,+3.0,4,+2.6,13,+3.1,3,-1.5,266,0.89,315,40.1,16,31.7,314,2010,0.2987861080823843,10,21,0.3225806451612903,31
18,Xavier,A10,26-9,+20.87,115.5,18,94.6,47,68.9,47,+.010,139,+8.04,46,106.2,64,98.2,19,+7.27,30,6,A10,68.9,47,115.5,18,52.2,47,17.8,46,32.9,107,41.9,76,94.6,47,45.6,44,17.9,304,26.6,28,32.9,77,68.9,47,70.3,54,16.9,93,17.4,94,115.5,18,110.2,27,94.6,47,96.0,51,77.0,102,+2.2,37,+1.6,28,+0.7,95,+0.1,168,-1.3,294,+0.4,165,1.38,207,29.0,217,54.3,161,2010,0.9085078306935931,26,9,0.7428571428571429,35
263,Yale,Ivy,12-19,-10.34,96.1,279,106.5,248,66.4,149,-.036,267,-5.55,268,99.5,268,105.1,258,-4.76,282,,Ivy,66.4,149,96.1,279,45.8,288,21.1,205,31.6,156,41.8,77,106.5,248,50.1,222,20.5,169,30.7,168,34.3,102,66.4,149,67.5,169,17.6,161,17.9,187,96.1,279,97.1,243,106.5,248,102.4,198,76.5,171,+1.4,88,+1.1,56,+0.3,132,-0.6,233,-1.1,283,-0.1,191,0.98,295,41.5,8,48.9,206,2010,0.23474843069130924,12,19,0.3870967741935484,31
227,Youngstown St.,Horz,8-22,-6.20,99.4,224,105.6,232,67.1,114,-.078,330,+1.68,138,103.5,146,101.9,128,-1.88,211,,Horz,67.1,114,99.4,224,46.2,277,20.1,156,29.5,214,40.7,95,105.6,232,52.7,319,21.3,108,30.1,144,49.6,332,67.1,114,67.5,165,17.2,117,18.1,234,99.4,224,96.8,251,105.6,232,105.7,277,76.8,136,-0.7,221,-0.7,257,-0.1,177,+0.6,110,+0.5,124,+0.4,126,1.53,158,33.0,121,78.5,18,2010,0.332739202560195,8,22,0.26666666666666666,30
