rk,TEAM,CONF,RECORD,KADJ EM,adjo,adjo.rank,adjd,adjd.rank,adjt,adjt.rank,luck,luck.rank,sos-adjem,sos-adjem.rank,sos-oppo,sos-oppo.rank,sos-oppd,sos-oppd.rank,ncsos-adjem,ncsos-adjem.rank,seed,conference,KADJ T,adjtempo.rank,KADJ O,adjoe.rank,off-efg%,off-efg%.rank,off-to%,off-to%.rank,off-or%,off-or%.rank,off-ftrate,off-ftrate.rank,KADJ D,adjde.rank,def-efg%,def-efg%.rank,def-to%,def-to%.rank,def-or%,def-or%.rank,def-ftrate,def-ftrate.rank,tempo-adj,tempo-adj.rank,tempo-raw,tempo-raw.rank,avg. poss length-offense,avg. poss length-offense.rank,avg. poss length-defense,avg. poss length-defense.rank,off. efficiency-adj,off. efficiency-adj.rank,off. efficiency-raw,off. efficiency-raw.rank,def. efficiency-adj,def. efficiency-adj.rank,def. efficiency-raw,def. efficiency-raw.rank,avghgt,avghgt.rank,effhgt,effhgt.rank,c-hgt,c-hgt.rank,pf-hgt,pf-hgt.rank,sf-hgt,sf-hgt.rank,sg-hgt,sg-hgt.rank,pg-hgt,pg-hgt.rank,EXP,experience.rank,bench,bench.rank,CONTINUITY,continuity.rank,YEAR,BARTHAG,W,L,WIN%,GAMES
99,Air Force,MWC,18-14,+6.74,111.7,36,104.9,217,63.2,233,+.034,93,+7.17,38,105.7,59,98.5,30,-4.78,286,,MWC,63.2,233,111.7,36,54.7,10,18.6,95,23.7,342,30.8,299,104.9,217,51.9,298,19.1,223,31.9,169,36.6,187,63.2,233,64.3,240,17.5,116,19.7,342,111.7,36,106.1,67,104.9,217,106.1,288,77.0,120,-0.3,225,+0.2,138,-0.9,269,+0.3,135,+0.5,120,+1.8,41,2.27,18,32.0,124,76.6,15,2013,0.6731145441183579,18,14,0.5625,32
62,Akron,MAC,26-7,+11.52,106.8,101,95.2,50,65.2,140,+.085,17,-0.35,147,102.4,157,102.7,150,+0.28,147,12,MAC,65.2,140,106.8,101,51.0,73,20.8,225,37.6,21,37.0,141,95.2,50,44.6,29,20.2,160,30.4,107,35.0,148,65.2,140,66.6,141,18.1,169,18.0,153,106.8,101,105.3,80,95.2,50,93.7,39,77.9,28,+1.5,24,+2.8,9,+0.3,140,+2.2,8,+2.0,13,-1.0,257,1.55,162,37.7,39,60.4,99,2013,0.7895552766675584,26,7,0.7878787878787878,33
64,Alabama,SEC,23-13,+11.47,103.6,151,92.2,27,60.5,315,+.001,175,+4.52,83,104.8,94,100.3,83,+1.07,127,1,SEC,60.5,315,103.6,151,47.9,211,19.9,170,32.0,156,33.9,232,92.2,27,45.7,60,22.6,40,32.9,218,32.7,92,60.5,315,62.0,314,20.6,328,17.9,130,103.6,151,99.4,190,92.2,27,93.3,35,76.9,140,+0.4,127,+0.7,91,+0.0,178,+0.2,161,+0.4,144,+0.0,170,1.38,204,27.9,221,64.5,65,2013,0.7925948064570508,23,13,0.6388888888888888,36
336,Alabama A&M,SWAC,11-20,-20.70,90.8,328,111.5,321,64.9,161,-.004,191,-9.82,344,95.6,343,105.4,286,+5.74,31,,SWAC,64.9,161,90.8,328,43.8,328,21.0,241,31.8,165,36.9,143,111.5,321,49.8,221,17.4,302,31.9,173,36.0,173,64.9,161,66.6,139,18.4,214,17.1,26,90.8,328,91.4,318,111.5,321,104.0,248,74.7,340,-0.1,183,+1.4,38,-1.5,322,-0.8,267,-4.4,346,-4.2,344,1.44,184,27.5,230,54.3,140,2013,0.08614019651348094,11,20,0.3548387096774194,31
331,Alabama St.,SWAC,10-22,-19.71,92.3,318,112.0,323,64.8,165,+.006,160,-9.61,342,95.4,344,105.1,264,+3.16,77,,SWAC,64.8,165,92.3,318,45.1,300,22.0,284,33.4,111,32.2,269,112.0,323,49.4,205,19.4,203,34.4,282,38.0,230,64.8,165,67.2,120,18.0,167,17.5,78,92.3,318,91.2,319,112.0,323,103.9,241,75.3,317,-1.3,312,-1.9,320,-0.7,247,-0.8,273,-0.7,253,-2.2,315,0.85,314,37.3,41,35.6,282,2013,0.0975516574637397,10,22,0.3125,32
150,Albany,AE,24-11,+1.36,102.6,171,101.3,144,61.7,289,+.082,18,-5.19,275,98.6,318,103.8,210,-6.61,319,15,AE,61.7,289,102.6,171,49.6,114,21.2,250,31.7,173,40.0,68,101.3,144,48.3,160,19.9,177,28.2,48,27.8,23,61.7,289,62.8,300,19.1,260,18.9,302,102.6,171,101.9,149,101.3,144,96.4,75,75.7,292,+0.3,141,+0.7,94,-0.1,199,-0.3,209,-2.4,338,-2.4,324,1.79,92,30.8,156,53.4,147,2013,0.5365950693210183,24,11,0.6857142857142857,35
323,Alcorn St.,SWAC,10-24,-16.88,85.4,345,102.2,160,66.6,79,-.045,286,-6.84,314,98.3,321,105.1,268,+9.20,5,,SWAC,66.6,79,85.4,345,42.3,337,22.2,289,29.3,248,38.1,107,102.2,160,44.4,26,19.1,221,36.0,321,47.0,335,66.6,79,68.6,68,17.5,117,17.3,46,85.4,345,85.9,341,102.2,160,96.1,70,77.3,81,+0.8,76,+1.1,63,+0.5,115,+0.1,172,+0.4,141,+1.3,75,0.83,317,35.5,65,24.3,332,2013,0.1125220837847337,10,24,0.29411764705882354,34
277,American,Pat,10-20,-10.51,98.0,258,108.5,280,58.5,343,+.004,164,-2.05,185,101.2,217,103.3,183,-2.63,249,,Pat,58.5,343,98.0,258,47.3,236,20.1,184,28.5,276,30.9,297,108.5,280,51.3,276,15.6,338,27.0,20,27.9,24,58.5,343,59.4,346,21.6,343,18.5,240,98.0,258,96.0,261,108.5,280,106.3,291,76.7,166,+0.4,126,+0.3,127,+0.4,124,+0.3,135,+0.2,162,-0.7,236,1.94,61,25.2,286,43.6,223,2013,0.23676444089653467,10,20,0.3333333333333333,30
264,Appalachian St.,SC,15-16,-8.90,99.4,228,108.3,279,66.5,82,+.011,151,-7.39,327,100.2,270,107.6,346,-3.85,270,,SC,66.5,82,99.4,228,49.6,117,19.4,137,30.3,222,37.9,112,108.3,279,51.4,281,18.8,240,30.3,104,35.2,154,66.5,82,67.9,89,17.5,114,17.7,99,99.4,228,101.8,151,108.3,279,104.8,263,76.8,153,-0.8,269,-1.3,301,-0.3,224,+1.3,37,+1.4,40,-0.1,182,1.03,283,27.3,233,43.9,222,2013,0.27167122356089735,15,16,0.4838709677419355,31
14,Arizona,P12,27-8,+21.88,115.4,13,93.5,32,65.5,133,-.012,214,+7.99,24,106.4,29,98.5,27,+1.45,116,6,P12,65.5,133,115.4,13,52.5,39,19.5,146,35.0,65,37.4,129,93.5,32,46.6,84,19.8,182,26.7,14,32.9,97,65.5,133,66.8,129,16.9,52,18.8,294,115.4,13,109.6,25,93.5,32,95.0,53,78.1,17,+1.7,17,+2.3,16,+1.1,57,+1.8,18,+0.8,92,+1.3,78,2.08,42,28.7,206,44.1,219,2013,0.9183467600868177,27,8,0.7714285714285715,35
72,Arizona St.,P12,22-13,+10.50,108.3,72,97.8,85,64.8,167,-.014,219,+3.91,98,104.8,95,100.9,100,-11.29,345,3,P12,64.8,167,108.3,72,52.3,43,18.5,91,28.4,279,35.9,172,97.8,85,46.4,80,18.1,277,30.0,96,26.6,14,64.8,167,67.6,101,17.5,115,17.9,125,108.3,72,104.2,98,97.8,85,98.3,114,76.9,143,+2.1,8,+4.1,2,+0.2,161,+0.3,132,-1.3,301,-2.0,307,1.74,111,17.3,343,50.0,176,2013,0.7636465388113762,22,13,0.6285714285714286,35
80,Arkansas,SEC,19-13,+9.29,106.7,103,97.4,81,69.6,11,+.004,167,+4.24,92,103.7,123,99.5,58,-4.85,287,,SEC,69.6,11,106.7,103,48.4,179,16.3,11,31.7,168,35.1,207,97.4,81,49.2,197,24.6,12,33.5,248,44.4,319,69.6,11,70.6,21,15.6,8,18.2,180,106.7,103,103.2,119,97.4,81,97.2,84,76.6,187,-0.2,214,-0.4,218,-0.1,200,-0.5,226,+0.3,155,+0.5,143,1.34,212,42.8,5,49.6,179,2013,0.7405332359088133,19,13,0.59375,32
220,Arkansas Little Rock,SB,17-15,-4.74,97.6,264,102.4,162,66.4,87,+.060,36,-3.90,245,99.5,300,103.4,189,-2.32,236,,SB,66.4,87,97.6,264,46.4,269,22.3,299,31.8,162,42.7,28,102.4,162,48.8,182,23.2,27,32.6,201,42.9,305,66.4,87,69.2,46,17.7,127,16.7,11,97.6,264,95.3,271,102.4,162,97.9,106,77.1,103,+1.5,25,+1.1,55,+1.8,10,+0.0,174,-0.7,254,+0.3,153,0.60,337,39.9,20,35.2,284,2013,0.3653759342741036,17,15,0.53125,32
281,Arkansas Pine Bluff,SWAC,16-14,-11.19,92.5,316,103.7,191,66.6,77,+.117,4,-8.50,337,96.6,335,105.1,267,+8.92,8,,SWAC,66.6,77,92.5,316,44.7,309,20.9,235,31.4,182,33.0,252,103.7,191,46.9,102,23.5,22,35.6,311,37.7,218,66.6,77,68.7,63,17.6,121,17.1,36,92.5,316,90.7,323,103.7,191,96.6,76,76.3,222,-0.4,228,-0.8,257,+0.1,175,+0.1,171,-0.4,222,-0.5,224,1.04,282,28.9,199,39.4,254,2013,0.21175568368205128,16,14,0.5333333333333333,30
148,Arkansas St.,SB,19-12,+1.74,98.8,239,97.1,77,64.2,192,-.033,266,-5.65,290,99.9,282,105.6,295,-7.01,321,,SB,64.2,192,98.8,239,45.7,291,18.9,116,33.5,108,44.2,18,97.1,77,46.7,87,23.1,29,30.3,102,35.7,167,64.2,192,66.4,156,17.9,156,18.2,186,98.8,239,100.4,179,97.1,77,92.8,32,75.5,306,-0.5,240,-0.6,235,-0.5,232,-2.2,341,-2.1,332,-0.2,194,2.23,23,33.0,110,62.9,74,2013,0.5497341567128209,19,12,0.6129032258064516,31
158,Army,Pat,16-15,+0.60,105.3,126,104.7,209,66.7,71,-.084,329,-4.23,252,100.6,247,104.9,257,-5.00,290,,Pat,66.7,71,105.3,126,51.7,56,20.7,218,31.8,167,36.8,145,104.7,209,48.6,167,18.5,258,29.9,90,36.8,198,66.7,71,67.2,118,16.2,26,19.2,327,105.3,126,105.4,77,104.7,209,101.1,174,76.7,180,-0.6,250,-0.9,268,-0.3,218,-0.1,191,+0.9,76,+0.6,139,1.11,264,40.3,17,43.4,225,2013,0.5164227065855497,16,15,0.5161290322580645,31
197,Auburn,SEC,9-23,-2.83,98.8,240,101.6,150,65.6,124,-.117,342,+3.79,101,104.3,108,100.5,88,-5.98,309,,SEC,65.6,124,98.8,240,46.0,279,19.7,155,29.1,256,35.3,200,101.6,150,49.7,218,19.8,183,30.0,92,43.0,306,65.6,124,66.6,142,17.3,86,18.7,270,98.8,240,95.3,273,101.6,150,101.2,176,76.5,196,+0.6,105,+1.9,21,-0.7,248,+0.3,152,-0.8,263,-1.1,268,1.93,63,35.4,68,54.7,136,2013,0.4203399068428744,9,23,0.28125,32
311,Austin Peay,OVC,8-23,-14.41,98.8,237,113.3,333,67.5,50,-.071,319,-4.40,256,101.2,221,105.6,294,-1.99,223,,OVC,67.5,50,98.8,237,51.7,55,23.2,321,28.9,268,37.4,126,113.3,333,52.0,302,18.2,270,35.4,307,29.4,41,67.5,50,69.5,36,18.0,162,16.5,4,98.8,237,98.4,221,113.3,333,109.9,332,76.6,184,-0.7,261,-1.2,294,-0.2,208,+0.9,72,+0.5,126,-0.1,187,1.11,260,32.3,122,26.6,325,2013,0.1715292141542254,8,23,0.25806451612903225,31
57,BYU,WCC,24-12,+13.04,110.2,50,97.2,79,69.9,7,-.016,227,+3.15,110,105.9,48,102.8,152,+0.57,135,3,WCC,69.9,7,110.2,50,50.2,98,17.0,23,32.8,131,36.0,170,97.2,79,48.1,152,19.2,212,27.6,34,37.6,212,69.9,7,71.0,13,14.2,1,19.3,331,110.2,50,108.0,37,97.2,79,98.5,124,77.6,48,+0.8,67,+1.1,66,+0.6,103,+0.8,87,+0.7,104,+1.8,41,1.47,181,28.7,207,58.8,112,2013,0.8090039620507,24,12,0.6666666666666666,36
253,Ball St.,MAC,15-15,-7.84,99.5,227,107.3,264,64.9,156,+.080,20,-3.98,246,100.3,265,104.3,234,-5.27,295,,MAC,64.9,156,99.5,227,48.4,177,23.6,330,35.6,52,47.1,3,107.3,264,50.9,258,19.4,206,29.3,70,36.8,195,64.9,156,65.8,184,19.0,254,17.3,49,99.5,227,98.3,222,107.3,264,103.6,232,76.4,207,+0.2,156,-0.1,188,+0.4,122,-1.0,290,-0.6,235,+0.3,150,1.63,145,27.5,229,41.2,242,2013,0.29568800676971246,15,15,0.5,30
28,Baylor,B12,23-14,+17.89,114.3,19,96.4,62,66.4,85,-.090,333,+6.92,45,106.0,41,99.1,48,+1.45,117,2,B12,66.4,85,114.3,19,51.6,58,17.2,29,33.5,110,36.4,161,96.4,62,45.7,59,18.7,242,32.8,213,33.3,108,66.4,85,68.1,82,17.3,91,17.8,110,114.3,19,109.4,27,96.4,62,97.8,101,76.5,202,+2.2,7,+3.1,6,+1.3,47,-2.1,336,-1.2,291,-1.9,297,1.32,222,25.8,271,51.4,164,2013,0.8763904870726366,23,14,0.6216216216216216,37
43,Belmont,OVC,26-7,+14.92,111.6,37,96.6,69,65.9,114,+.013,144,-0.74,157,103.8,118,104.6,244,+5.39,33,11,OVC,65.9,114,111.6,37,56.5,2,19.6,151,29.7,239,32.8,259,96.6,69,48.0,145,25.0,9,34.2,271,37.0,202,65.9,114,68.1,84,16.6,37,18.5,232,111.6,37,112.0,14,96.6,69,95.4,58,76.3,226,-1.1,298,-1.9,320,-0.4,228,-0.1,192,-0.1,196,+0.8,113,2.15,36,24.8,293,61.0,92,2013,0.8402294855160077,26,7,0.7878787878787878,33
270,Bethune Cookman,MEAC,14-20,-9.75,98.0,254,107.8,268,65.1,149,-.029,255,-6.38,306,97.6,328,104.0,216,+1.56,114,,MEAC,65.1,149,98.0,254,45.9,283,18.4,82,31.3,187,39.0,91,107.8,268,51.0,262,22.4,47,32.1,184,46.8,334,65.1,149,66.7,133,17.4,103,18.5,243,98.0,254,97.2,240,107.8,268,102.4,204,74.5,344,-1.6,324,-2.3,334,-0.8,265,-0.3,204,-4.1,345,-3.2,337,1.71,115,28.8,201,61.6,85,2013,0.25047753252084154,14,20,0.4117647058823529,34
343,Binghamton,AE,3-27,-24.06,86.3,342,110.4,308,65.1,148,-.018,234,-3.28,229,99.9,285,103.2,178,-4.68,284,,AE,65.1,148,86.3,342,41.8,341,23.2,324,26.5,315,33.6,238,110.4,308,51.4,279,16.8,317,30.3,105,31.4,68,65.1,148,66.0,176,17.9,152,18.2,196,86.3,342,83.5,345,110.4,308,106.4,295,76.0,259,-0.5,241,-0.9,264,-0.1,201,-0.5,225,-1.5,310,-0.2,194,1.27,232,34.5,76,41.8,239,2013,0.05560737492008721,3,27,0.1,30
54,Boise St.,MWC,21-11,+13.54,113.2,25,99.7,119,64.8,166,+.004,165,+6.74,49,105.9,45,99.2,52,-1.38,205,13,MWC,64.8,166,113.2,25,51.8,53,18.4,83,30.3,225,33.7,236,99.7,119,51.4,280,20.0,172,24.4,3,42.2,297,64.8,166,66.1,169,18.5,215,17.6,94,113.2,25,107.4,48,99.7,119,101.1,173,76.6,183,-0.8,273,-0.8,253,-0.9,271,-0.8,265,+0.4,131,+2.0,28,1.35,209,27.5,228,66.1,57,2013,0.8115924120122018,21,11,0.65625,32
107,Boston College,ACC,16-17,+6.04,109.9,54,103.9,196,62.6,260,+.026,117,+6.46,55,105.8,50,99.4,57,-3.14,259,,ACC,62.6,260,109.9,54,51.0,76,17.7,47,28.1,289,39.7,76,103.9,196,51.1,269,17.9,284,30.7,120,29.1,37,62.6,260,64.1,254,19.1,265,18.4,219,109.9,54,104.2,99,103.9,196,106.0,285,77.3,70,+0.6,102,+0.9,74,+0.3,135,-0.2,195,+0.8,97,+1.9,37,0.91,304,22.9,316,47.6,196,2013,0.6560256003220506,16,17,0.48484848484848486,33
143,Boston University,AE,17-13,+2.23,105.3,127,103.0,178,64.4,185,-.036,272,-3.12,223,99.6,294,102.8,153,-0.08,157,,AE,64.4,185,105.3,127,52.2,45,19.0,123,26.0,322,26.5,341,103.0,178,47.4,121,21.5,86,31.3,146,33.2,103,64.4,185,65.5,197,17.5,111,19.0,314,105.3,127,102.9,125,103.0,178,97.8,102,75.6,303,-0.9,274,-1.7,318,+0.0,182,-0.4,218,-1.4,303,-1.7,286,1.34,213,27.3,232,47.9,192,2013,0.5631536458263928,17,13,0.5666666666666667,30
213,Bowling Green,MAC,13-19,-3.87,96.9,277,100.8,138,62.8,250,-.091,334,-2.20,188,101.6,196,103.8,206,-2.94,255,,MAC,62.8,250,96.9,277,46.6,261,19.9,171,30.4,218,25.8,343,100.8,138,48.0,146,20.0,171,31.6,158,34.2,130,62.8,250,64.0,258,18.9,246,18.3,202,96.9,277,96.2,257,100.8,138,98.2,112,75.3,325,+0.2,155,+0.1,167,+0.3,140,-0.1,193,-1.6,317,-5.3,347,1.70,119,29.9,181,56.8,121,2013,0.3884632163106663,13,19,0.40625,32
159,Bradley,MVC,18-17,+0.59,104.4,144,103.8,194,65.6,122,+.043,68,+1.92,119,104.2,110,102.3,131,-8.66,336,,MVC,65.6,122,104.4,144,48.3,187,17.8,56,30.4,219,29.9,315,103.8,194,51.0,260,21.7,71,31.8,167,35.3,156,65.6,122,66.1,170,17.9,154,18.0,158,104.4,144,101.6,156,103.8,194,103.3,226,77.0,119,-0.1,182,+0.1,145,-0.3,220,-0.3,206,+0.4,131,+2.0,26,2.26,20,24.9,291,65.8,58,2013,0.5165645869559176,18,17,0.5142857142857142,35
232,Brown,Ivy,13-15,-5.94,95.8,287,101.7,152,63.3,231,+.042,72,-2.88,215,101.8,185,104.7,251,-2.26,234,,Ivy,63.3,231,95.8,287,47.6,224,21.6,265,30.5,213,34.3,222,101.7,152,49.5,206,18.5,260,27.1,28,34.0,125,63.3,231,63.8,271,18.8,239,18.6,251,95.8,287,95.4,269,101.7,152,100.4,162,77.6,43,+0.6,108,-0.2,196,+1.3,32,+1.9,15,+1.3,55,+0.9,108,2.08,43,23.1,313,48.0,190,2013,0.3346355051529191,13,15,0.4642857142857143,28
176,Bryant,NEC,19-12,-0.53,109.4,63,109.9,301,65.1,150,+.043,67,-5.98,299,100.5,255,106.5,324,-2.16,229,,NEC,65.1,150,109.4,63,54.4,13,19.2,131,30.6,210,37.0,138,109.9,301,51.8,295,17.7,287,29.8,84,30.2,54,65.1,150,67.0,125,18.1,171,17.5,81,109.4,63,110.3,22,109.9,301,106.2,290,76.0,264,-1.7,328,-1.7,316,-1.8,331,-1.6,320,+0.2,159,+1.5,65,2.16,34,18.1,340,46.9,202,2013,0.48689308560453026,19,12,0.6129032258064516,31
58,Bucknell,Pat,28-6,+12.72,107.3,87,94.6,43,61.9,282,-.014,220,-1.72,178,102.4,160,104.1,223,+2.78,84,11,Pat,61.9,282,107.3,87,49.6,115,15.1,2,29.3,249,35.7,182,94.6,43,42.5,4,14.1,347,24.3,2,29.4,42,61.9,282,62.6,302,19.2,270,18.9,308,107.3,87,107.0,51,94.6,43,92.7,31,77.2,92,+0.9,61,+1.6,31,+0.3,154,+0.1,166,-0.2,200,+1.0,93,2.55,4,26.2,257,81.0,6,2013,0.8097934296622307,28,6,0.8235294117647058,34
189,Buffalo,MAC,14-20,-1.40,103.3,155,104.7,211,63.9,201,-.067,314,+0.28,139,102.9,139,102.6,146,+3.30,74,,MAC,63.9,201,103.3,155,50.4,94,23.7,331,35.1,61,38.5,97,104.7,211,47.2,113,17.1,313,32.5,194,36.8,196,63.9,201,64.9,226,18.8,241,18.0,147,103.3,155,100.9,171,104.7,211,103.4,227,77.2,86,-0.1,188,-0.5,230,+0.3,137,+1.2,49,+0.4,131,+1.7,58,0.87,307,26.5,253,24.9,330,2013,0.46137460349303683,14,20,0.4117647058823529,34
42,Butler,A10,27-9,+15.41,110.5,47,95.1,48,63.6,217,+.087,14,+7.53,30,106.8,21,99.3,53,+4.18,57,6,A10,63.6,217,110.5,47,50.7,82,20.2,186,35.9,44,38.4,103,95.1,48,46.7,91,17.4,300,26.3,11,36.1,174,63.6,217,64.7,230,19.3,274,17.6,95,110.5,47,105.6,72,95.1,48,97.8,104,76.9,144,+0.7,87,+1.2,49,+0.1,169,+0.6,102,-0.0,179,-0.7,238,1.90,69,29.7,183,60.5,98,2013,0.8488994634135543,27,9,0.75,36
152,Cal Poly,BW,18-14,+1.16,106.4,112,105.3,224,58.3,344,+.031,102,-0.38,148,103.5,130,103.9,213,+5.90,28,,BW,58.3,344,106.4,112,48.7,155,15.7,6,31.3,184,33.3,247,105.3,224,52.9,318,19.6,192,28.2,45,38.6,243,58.3,344,60.1,344,20.8,334,18.8,293,106.4,112,105.9,68,105.3,224,105.7,279,76.0,253,-0.3,222,-0.5,225,-0.2,209,-0.7,262,-1.3,297,-0.2,193,1.20,243,36.1,56,38.7,261,2013,0.5298419436658504,18,14,0.5625,32
237,Cal St. Bakersfield,ind,14-16,-6.52,98.3,251,104.8,215,64.5,182,+.006,159,-1.59,174,102.2,169,103.8,207,-1.59,214,,ind,64.5,182,98.3,251,46.8,250,20.7,219,30.1,228,35.4,191,104.8,215,51.5,284,21.9,66,30.2,99,52.4,345,64.5,182,66.6,140,19.8,302,16.1,2,98.3,251,96.4,252,104.8,215,102.8,211,75.3,321,-0.8,271,-1.2,290,-0.5,233,-2.1,337,-2.0,330,-0.8,248,1.62,147,25.6,275,34.6,289,2013,0.3238045508769268,14,16,0.4666666666666667,30
201,Cal St. Fullerton,BW,14-18,-3.09,107.2,92,110.3,306,68.4,29,-.097,336,-2.88,216,101.8,187,104.7,250,-2.24,233,,BW,68.4,29,107.2,92,53.6,20,18.1,66,25.2,331,35.5,187,110.3,306,54.1,333,22.8,36,37.1,334,36.6,189,68.4,29,69.9,27,16.5,32,17.8,115,107.2,92,107.6,44,110.3,306,107.8,316,75.3,326,-3.0,347,-3.2,347,-2.7,347,-0.9,278,-0.2,201,+0.3,152,1.66,134,23.6,308,30.5,310,2013,0.41876669262573785,14,18,0.4375,32
219,Cal St. Northridge,BW,14-17,-4.56,104.1,147,108.6,286,69.2,18,-.017,233,-2.34,193,102.0,176,104.3,233,-0.55,175,,BW,69.2,18,104.1,147,46.7,255,19.1,126,35.7,49,38.5,99,108.6,286,54.7,338,22.0,58,31.0,131,39.8,264,69.2,18,70.9,14,16.2,25,17.5,77,104.1,147,103.1,121,108.6,286,105.9,283,75.9,273,-0.6,248,-1.0,273,-0.2,211,+0.6,105,-1.5,308,-1.7,291,0.87,306,35.6,63,44.7,213,2013,0.38067752641275493,14,17,0.45161290322580644,31
56,California,P12,21-12,+13.11,107.3,88,94.2,39,64.9,159,+.041,77,+8.35,21,106.0,43,97.6,10,+2.12,101,12,P12,64.9,159,107.3,88,48.0,202,18.9,121,32.5,137,31.2,289,94.2,39,44.3,20,16.8,318,30.7,119,32.5,86,64.9,159,66.5,146,17.4,98,18.6,252,107.3,88,100.7,174,94.2,39,96.3,72,77.9,26,+1.6,22,+1.1,55,+2.0,6,+1.3,37,+0.9,83,+1.1,88,1.77,101,20.2,333,62.3,78,2013,0.8171859841670219,21,12,0.6363636363636364,33
300,Campbell,BSth,13-20,-13.11,97.8,261,110.9,315,64.8,164,+.014,143,-7.31,325,99.0,313,106.3,322,-0.30,163,,BSth,64.8,164,97.8,261,48.2,191,20.1,181,32.7,133,30.8,298,110.9,315,51.6,287,20.2,152,34.6,290,39.2,253,64.8,164,67.2,116,18.2,193,17.3,44,97.8,261,99.1,199,110.9,315,106.3,293,76.4,208,-1.1,289,-1.4,305,-0.7,249,+0.7,91,+0.1,172,+0.4,149,1.09,271,29.5,187,39.1,259,2013,0.19067970824765662,13,20,0.3939393939393939,33
116,Canisius,MAAC,20-14,+5.06,111.2,40,106.2,248,65.1,146,-.015,225,-0.12,144,102.2,171,102.3,132,+3.47,71,,MAAC,65.1,146,111.2,40,52.7,34,19.7,156,34.8,71,34.3,224,106.2,248,50.4,243,19.8,180,33.4,245,32.4,83,65.1,146,66.8,127,18.4,206,17.5,83,111.2,40,109.0,28,106.2,248,104.0,247,76.5,200,+0.5,118,+1.0,68,-0.1,191,-2.1,335,-0.6,235,+1.0,96,1.92,64,27.5,227,53.9,144,2013,0.6292666772725072,20,14,0.5882352941176471,34
294,Central Arkansas,Slnd,13-17,-12.55,100.4,214,112.9,330,71.1,2,+.046,61,-7.25,323,97.6,327,104.9,258,-5.32,298,,Slnd,71.1,2,100.4,214,47.9,210,19.8,159,33.4,112,29.6,321,112.9,330,50.7,251,19.4,208,36.6,331,40.7,278,71.1,2,72.6,2,15.2,4,18.6,254,100.4,214,99.6,184,112.9,330,106.3,292,76.9,134,-0.4,230,-0.2,204,-0.6,241,+0.3,135,+1.1,61,+0.8,112,1.00,290,39.8,21,62.5,77,2013,0.20596634999065663,13,17,0.43333333333333335,30
257,Central Connecticut,NEC,13-17,-8.18,101.8,186,109.9,302,68.8,23,+.056,40,-4.31,253,100.7,242,105.0,262,+0.28,146,,NEC,68.8,23,101.8,186,48.6,162,17.5,43,27.4,300,30.1,311,109.9,302,51.7,291,18.9,232,35.3,305,29.3,40,68.8,23,70.8,17,15.8,15,17.9,142,101.8,186,101.6,157,109.9,302,107.2,307,75.7,293,-1.8,331,-2.4,337,-1.2,301,+0.3,135,-1.1,284,-0.1,188,1.11,263,19.1,339,50.6,170,2013,0.29308480403394405,13,17,0.43333333333333335,30
247,Central Michigan,MAC,11-20,-7.43,105.1,132,112.5,326,64.2,190,+.000,177,-1.06,162,100.9,232,102.0,122,+1.69,112,,MAC,64.2,190,105.1,132,48.3,182,19.8,163,31.0,197,39.3,85,112.5,326,55.0,339,19.8,185,33.1,233,34.8,142,64.2,190,65.2,211,18.9,252,17.7,105,105.1,132,102.2,142,112.5,326,109.4,329,75.3,320,-0.6,255,-1.0,278,-0.3,216,-1.3,305,-2.1,331,-1.9,300,1.11,262,34.2,80,18.0,338,2013,0.3137876050888335,11,20,0.3548387096774194,31
179,Charleston Southern,BSth,19-13,-0.78,102.3,180,103.1,179,66.6,78,-.059,306,-6.88,316,99.4,303,106.3,320,+2.49,90,8,BSth,66.6,78,102.3,180,48.6,159,17.9,61,33.6,106,29.7,317,103.1,179,48.3,156,19.5,200,28.9,61,29.0,33,66.6,78,67.2,115,17.2,75,18.2,187,102.3,180,104.4,96,103.1,179,99.2,137,74.5,343,-2.1,340,-2.5,339,-1.7,327,-1.6,323,-1.5,311,-3.4,340,1.80,90,29.1,198,77.1,13,2013,0.47761952530054064,19,13,0.59375,32
129,Charlotte,A10,21-12,+3.90,101.4,195,97.5,83,66.4,84,+.133,2,+2.81,114,105.0,85,102.2,127,-6.57,317,5,A10,66.4,84,101.4,195,47.1,239,22.2,296,36.5,36,44.8,15,97.5,83,46.9,108,20.2,154,31.1,138,39.3,258,66.4,84,68.2,81,17.2,78,17.9,129,101.4,195,98.5,218,97.5,83,98.3,115,77.0,118,-0.3,226,-0.7,242,-0.0,186,+0.6,99,+1.4,41,+0.7,128,1.22,241,35.3,69,48.3,186,2013,0.6108860472290563,21,12,0.6363636363636364,33
310,Chattanooga,SC,13-19,-14.12,97.7,263,111.8,322,66.2,96,+.018,138,-7.30,324,99.4,302,106.7,332,-2.92,254,,SC,66.2,96,97.7,263,46.0,277,20.1,179,34.0,94,43.0,26,111.8,322,53.5,326,18.5,255,27.7,36,32.6,87,66.2,96,67.7,95,16.9,59,18.2,193,97.7,263,98.8,209,111.8,322,106.7,300,77.0,121,-0.8,270,-0.6,240,-1.0,281,+0.3,135,+1.6,34,+1.7,57,0.70,331,36.6,48,33.2,305,2013,0.17504077425728526,13,19,0.40625,32
297,Chicago St.,GWC,11-22,-12.67,91.1,327,103.7,192,65.5,129,-.083,328,-5.17,274,100.5,253,105.7,301,+1.39,119,,GWC,65.5,129,91.1,327,44.4,319,21.2,248,30.1,230,24.6,345,103.7,192,50.5,247,23.5,21,33.8,257,48.1,340,65.5,129,67.6,100,18.4,211,16.9,17,91.1,327,91.4,316,103.7,192,101.5,186,76.2,232,-0.6,245,-0.3,212,-0.8,262,-1.0,286,+0.2,163,-0.1,186,0.59,340,35.3,71,24.6,331,2013,0.18395781646553905,11,22,0.3333333333333333,33
40,Cincinnati,BE,22-12,+15.57,105.9,118,90.4,15,63.0,243,-.012,215,+7.31,35,105.6,66,98.3,23,-5.68,304,10,BE,63.0,243,105.9,118,46.2,274,19.4,139,38.7,10,35.5,189,90.4,15,43.3,9,20.2,153,29.8,89,32.7,94,63.0,243,65.0,220,18.5,218,18.2,189,105.9,118,100.7,176,90.4,15,91.2,16,77.2,88,+1.1,48,+1.6,30,+0.5,109,-0.2,198,+0.7,110,+0.4,147,1.48,180,30.9,153,51.8,160,2013,0.8605524869696832,22,12,0.6470588235294118,34
112,Clemson,ACC,13-18,+5.33,101.2,198,95.8,59,61.0,303,-.111,339,+4.29,90,105.7,61,101.4,110,-7.53,325,,ACC,61.0,303,101.2,198,47.2,237,18.4,86,32.0,155,33.1,250,95.8,59,46.8,99,20.4,150,31.8,164,32.9,96,61.0,303,62.2,310,19.1,262,19.3,330,101.2,198,98.8,204,95.8,59,96.6,77,76.7,165,+0.6,107,+0.2,142,+0.9,73,+0.5,121,-0.7,250,-0.3,212,1.42,193,29.2,193,42.9,232,2013,0.6526288591796753,13,18,0.41935483870967744,31
260,Cleveland St.,Horz,14-18,-8.42,99.6,223,108.0,274,63.6,220,+.033,95,+1.71,121,103.7,122,102.0,124,+2.53,89,,Horz,63.6,220,99.6,223,46.9,248,21.2,249,31.9,158,30.4,306,108.0,274,52.2,307,21.1,105,32.5,197,45.2,325,63.6,220,65.0,221,18.9,250,17.8,121,99.6,223,96.5,249,108.0,274,107.5,313,75.9,269,-0.7,259,-1.2,293,-0.2,205,-0.1,183,+0.5,122,-2.6,327,1.08,273,27.7,223,33.4,299,2013,0.28269263491991814,14,18,0.4375,32
231,Coastal Carolina,BSth,14-15,-5.83,97.8,260,103.6,189,63.8,209,-.074,322,-6.18,301,99.9,284,106.1,316,+1.87,108,,BSth,63.8,209,97.8,260,46.9,243,21.7,270,36.9,29,35.8,178,103.6,189,49.6,209,22.0,62,30.6,116,39.2,251,63.8,209,65.3,205,18.3,205,18.1,177,97.8,260,99.2,196,103.6,189,99.3,139,76.6,185,+0.1,164,+0.5,115,-0.2,212,-0.8,270,-0.4,216,+0.8,113,1.55,159,27.3,234,39.4,255,2013,0.34016777261030806,14,15,0.4827586206896552,29
269,Colgate,Pat,11-21,-9.66,97.6,265,107.3,262,65.6,126,+.002,173,-1.65,176,101.7,195,103.3,184,-2.14,228,,Pat,65.6,126,97.6,265,48.0,201,19.8,165,26.2,320,27.6,339,107.3,262,49.1,194,15.2,341,27.0,21,33.0,98,65.6,126,66.3,161,18.0,163,18.0,159,97.6,265,95.4,270,107.3,262,104.8,264,76.7,164,-0.5,243,+0.2,139,-1.3,306,+0.3,157,+1.3,56,+0.1,161,1.83,84,21.4,326,56.7,123,2013,0.2516863956389094,11,21,0.34375,32
153,College of Charleston,SC,24-11,+1.10,102.7,167,101.6,151,62.9,247,+.091,9,-6.36,305,99.7,292,106.0,314,-0.38,169,,SC,62.9,247,102.7,167,50.2,99,20.6,215,33.3,113,38.5,98,101.6,151,45.0,36,15.5,339,27.4,30,26.9,16,62.9,247,64.0,262,19.2,269,18.1,176,102.7,167,103.3,116,101.6,151,97.2,86,77.1,97,+0.3,138,-0.1,186,+0.7,99,+1.4,34,-0.1,187,+0.8,113,1.76,105,25.4,281,56.9,120,2013,0.5309201667153411,24,11,0.6857142857142857,35
45,Colorado,P12,21-12,+14.62,106.5,109,91.9,23,63.7,215,+.029,104,+9.15,15,107.3,13,98.1,18,+3.80,67,10,P12,63.7,215,106.5,109,48.3,183,19.9,169,33.6,105,40.9,46,91.9,23,45.9,69,19.4,207,30.4,108,25.3,6,63.7,215,65.7,188,17.9,148,18.4,227,106.5,109,101.0,168,91.9,23,95.3,56,77.4,68,+0.4,125,+0.9,73,-0.1,194,+0.6,111,+1.6,33,+0.9,107,1.33,216,27.6,225,53.9,143,2013,0.8449599149457545,21,12,0.6363636363636364,33
22,Colorado St.,MWC,26-9,+19.12,117.9,6,98.8,104,63.8,210,+.020,133,+7.17,37,105.8,57,98.6,32,-0.49,173,8,MWC,63.8,210,117.9,6,49.2,133,17.2,32,41.4,2,44.1,19,98.8,104,48.6,171,16.5,321,23.2,1,36.4,183,63.8,210,64.1,252,19.5,286,17.7,101,117.9,6,112.2,11,98.8,104,99.9,149,77.0,124,-0.2,213,+0.7,96,-1.2,290,-0.4,214,+0.8,96,+2.0,33,2.60,3,24.2,300,54.7,139,2013,0.8841674477496217,26,9,0.7428571428571429,35
196,Columbia,Ivy,12-16,-2.42,101.1,200,103.5,187,60.3,321,-.121,344,-3.25,228,101.0,230,104.2,230,-2.38,238,,Ivy,60.3,321,101.1,200,47.6,221,17.8,53,29.0,260,33.7,235,103.5,187,49.3,199,20.0,169,27.0,18,42.4,299,60.3,321,61.1,332,20.5,326,18.5,234,101.1,200,100.6,178,103.5,187,100.3,161,76.9,132,+0.8,81,+0.8,78,+0.7,92,-0.9,279,-0.0,182,+1.0,100,1.71,117,31.1,144,54.7,138,2013,0.4329544530996132,12,16,0.42857142857142855,28
49,Connecticut,BE,20-10,+14.05,109.9,55,95.9,60,63.8,206,+.011,149,+7.49,32,105.6,62,98.1,19,+0.29,145,,BE,63.8,206,109.9,55,50.0,104,18.2,76,28.5,278,36.9,144,95.9,60,45.3,42,20.1,166,36.0,319,31.0,62,63.8,206,64.9,225,17.8,142,19.0,310,109.9,55,103.8,105,95.9,60,97.3,89,76.9,137,+1.0,50,+1.1,61,+1.0,72,+0.5,120,-1.1,280,-0.1,184,1.54,164,25.3,284,47.3,198,2013,0.827362100719699,20,10,0.6666666666666666,30
313,Coppin St.,MEAC,8-24,-14.53,93.2,310,107.7,267,66.9,65,-.038,275,-3.61,238,98.2,322,101.8,119,+6.28,25,,MEAC,66.9,65,93.2,310,42.6,335,21.0,239,29.0,263,31.2,290,107.7,267,50.1,236,23.3,26,39.2,346,37.1,206,66.9,65,68.9,57,17.6,123,16.9,19,93.2,310,89.6,325,107.7,267,101.5,184,75.8,284,-1.3,313,-0.9,270,-1.6,326,-0.2,201,+0.6,112,-1.9,302,0.87,310,32.8,116,28.5,320,2013,0.1593702209778792,8,24,0.25,32
261,Cornell,Ivy,13-18,-8.68,99.9,221,108.6,284,66.1,99,+.028,109,-2.53,202,101.0,227,103.6,193,-2.00,224,,Ivy,66.1,99,99.9,221,47.4,229,19.6,149,28.2,285,30.7,301,108.6,284,52.8,315,20.6,138,28.3,49,37.4,207,66.1,99,66.7,136,17.0,67,18.8,284,99.9,221,97.2,239,108.6,284,104.7,260,76.7,168,-0.5,239,-0.7,250,-0.3,217,-0.6,241,+0.4,143,+1.8,41,1.13,255,42.5,8,57.6,118,2013,0.2768241794281826,13,18,0.41935483870967744,31
15,Creighton,MVC,28-8,+21.75,118.3,5,96.5,66,63.8,211,-.009,208,+5.73,67,105.5,74,99.7,65,+1.63,113,7,MVC,63.8,211,118.3,5,58.2,1,18.9,120,28.8,269,34.2,226,96.5,66,45.9,68,16.1,327,27.1,25,26.1,12,63.8,211,65.0,217,18.1,178,18.6,265,118.3,5,114.5,5,96.5,66,97.2,88,76.8,147,+0.6,104,+0.3,131,+0.9,79,+0.7,95,-0.5,225,-0.1,190,2.02,49,25.6,273,77.7,10,2013,0.9123225427455677,28,8,0.7777777777777778,36
275,Dartmouth,Ivy,9-19,-10.34,96.4,280,106.7,255,63.1,234,-.008,203,-2.60,205,101.5,205,104.1,226,-2.34,237,,Ivy,63.1,234,96.4,280,45.6,295,20.6,210,28.3,283,33.4,241,106.7,255,50.7,254,21.0,115,31.0,134,43.1,308,63.1,234,64.0,259,19.3,280,17.9,138,96.4,280,94.8,282,106.7,255,104.2,250,76.1,252,-0.5,234,-0.9,271,+0.0,180,+1.2,46,-1.1,281,-2.0,306,0.93,299,30.0,178,42.5,234,2013,0.23732128561394258,9,19,0.32142857142857145,28
66,Davidson,SC,26-8,+11.36,112.1,32,100.7,136,63.9,205,-.002,186,-5.09,269,100.3,266,105.4,283,+6.42,23,14,SC,63.9,205,112.1,32,53.1,26,17.0,25,29.0,261,38.9,92,100.7,136,45.3,43,18.8,238,28.5,53,36.4,181,63.9,205,64.4,239,18.0,164,19.1,321,112.1,32,112.3,10,100.7,136,95.9,66,77.9,30,+0.2,151,+0.2,144,+0.3,140,+1.4,31,+1.4,41,+3.0,6,2.67,1,28.3,217,91.4,2,2013,0.7743997523958932,26,8,0.7647058823529411,34
67,Dayton,A10,17-14,+11.31,112.7,28,101.4,145,64.7,174,-.100,337,+3.66,104,103.7,121,100.1,76,-1.09,194,,A10,64.7,174,112.7,28,53.0,30,21.7,269,35.2,60,39.7,77,101.4,145,49.2,198,21.0,110,30.4,106,37.5,208,64.7,174,66.4,158,18.1,180,18.0,145,112.7,28,107.8,41,101.4,145,100.1,155,77.1,98,+0.6,101,+0.1,145,+1.1,63,+1.7,21,+0.2,164,-0.5,228,1.53,167,29.7,185,34.7,288,2013,0.7711908791301252,17,14,0.5483870967741935,31
174,DePaul,BE,11-21,-0.43,105.5,124,105.9,244,70.7,4,-.049,291,+5.76,66,104.2,112,98.4,26,-8.18,333,,BE,70.7,4,105.5,124,47.4,232,19.8,161,31.7,170,31.7,276,105.9,244,51.5,285,21.5,84,35.7,312,36.2,177,70.7,4,71.5,8,16.3,29,17.2,38,105.5,124,98.9,202,105.9,244,105.1,267,77.0,128,+0.7,88,+0.5,114,+0.9,80,-0.2,200,+1.0,72,-0.3,216,1.69,124,31.2,140,76.4,17,2013,0.48912185521496687,11,21,0.34375,32
167,Delaware,CAA,19-14,+0.11,104.4,143,104.3,204,65.9,108,+.079,24,-1.23,166,101.7,194,102.9,160,+7.41,14,,CAA,65.9,108,104.4,143,46.3,271,18.7,104,33.1,122,42.0,33,104.3,204,46.5,81,15.9,331,32.0,181,33.0,99,65.9,108,66.7,134,17.7,136,18.1,162,104.4,143,102.0,146,104.3,204,102.2,201,76.2,243,+0.2,148,+0.1,145,+0.3,131,-2.2,340,-0.6,235,+0.0,171,2.21,27,22.1,323,72.6,33,2013,0.5027551232602664,19,14,0.5757575757575758,33
284,Delaware St.,MEAC,15-18,-11.43,96.7,279,108.1,277,59.8,327,+.054,44,-5.90,298,96.7,334,102.6,145,+6.22,26,,MEAC,59.8,327,96.7,279,45.7,290,22.2,291,32.6,134,33.3,245,108.1,277,48.8,184,20.9,117,37.6,340,32.2,81,59.8,327,61.4,328,21.1,340,17.7,97,96.7,279,94.0,294,108.1,277,102.7,207,76.5,195,-0.1,197,-0.2,201,-0.1,193,+0.3,155,+1.1,63,-1.6,284,1.84,81,28.7,205,72.8,32,2013,0.21727829651323646,15,18,0.45454545454545453,33
47,Denver,WAC,22-10,+14.30,110.0,52,95.7,56,57.5,346,-.044,285,-0.09,143,102.8,144,102.9,159,+3.70,69,3,WAC,57.5,346,110.0,52,56.1,3,18.6,96,22.8,344,31.2,288,95.7,56,47.3,116,26.2,3,34.1,268,41.0,281,57.5,346,59.8,345,21.2,341,18.7,276,110.0,52,108.5,34,95.7,56,93.4,36,76.7,173,-2.0,336,-2.5,340,-1.5,323,+0.3,135,+1.9,19,+2.2,24,1.87,77,21.7,325,62.5,76,2013,0.8322298496525214,22,10,0.6875,32
77,Detroit,Horz,20-13,+9.65,113.7,21,104.1,200,69.0,20,-.044,284,+2.65,115,103.2,134,100.5,89,+7.63,13,6,Horz,69.0,20,113.7,21,50.8,78,15.5,3,31.8,162,35.8,179,104.1,200,53.2,323,22.9,32,31.2,141,35.6,164,69.0,20,69.8,29,16.7,44,17.6,91,113.7,21,109.7,24,104.1,200,102.8,215,77.1,111,+0.2,153,+0.2,141,+0.2,159,+0.9,71,+0.3,151,+0.6,135,1.94,62,21.2,327,54.7,137,2013,0.7338864832157512,20,13,0.6060606060606061,33
118,Drake,MVC,15-17,+4.55,107.2,93,102.6,167,67.4,53,+.002,172,+5.89,63,106.5,26,100.6,94,+1.78,110,,MVC,67.4,53,107.2,93,52.2,44,19.8,160,24.5,338,37.5,124,102.6,167,51.4,277,18.8,236,28.7,58,38.5,242,67.4,53,68.2,79,16.8,51,18.2,179,107.2,93,103.0,124,102.6,167,105.3,273,77.2,87,+1.3,34,+1.3,46,+1.3,29,+2.2,9,-1.3,295,-0.5,226,1.81,89,31.1,143,33.1,306,2013,0.6234858950697917,15,17,0.46875,32
168,Drexel,CAA,13-18,+0.08,102.1,183,102.0,155,60.5,317,-.089,331,-0.75,158,102.9,142,103.6,196,+4.20,56,,CAA,60.5,317,102.1,183,46.7,256,18.8,109,33.3,115,33.5,240,102.0,155,48.7,174,18.8,237,26.0,9,43.4,313,60.5,317,61.4,329,20.6,330,18.2,195,102.1,183,100.9,170,102.0,155,100.6,164,78.0,20,+0.5,120,+0.1,164,+0.8,84,+1.6,23,+1.5,38,+3.0,8,2.34,11,23.1,314,72.5,34,2013,0.5028172168601039,13,18,0.41935483870967744,31
6,Duke,ACC,30-6,+26.98,119.1,4,92.1,26,66.7,75,+.033,97,+9.95,10,108.4,4,98.5,29,+6.85,18,2,ACC,66.7,75,119.1,4,53.9,17,15.6,4,28.8,270,39.2,87,92.1,26,45.5,51,20.4,146,32.3,186,32.7,93,66.7,75,68.2,78,17.7,133,17.4,64,119.1,4,113.5,8,92.1,26,95.5,60,77.1,110,+1.7,20,+1.6,29,+1.7,13,-0.9,276,-1.0,275,+0.8,113,2.01,50,23.9,305,59.0,110,2013,0.9505706509165484,30,6,0.8333333333333334,36
240,Duquesne,A10,8-22,-6.75,100.7,207,107.5,266,67.9,40,+.022,125,+4.27,91,104.9,88,100.7,96,-0.35,166,,A10,67.9,40,100.7,207,47.9,212,20.8,230,30.9,198,31.7,277,107.5,266,51.5,283,17.3,304,33.2,238,32.8,95,67.9,40,69.3,41,16.7,40,17.6,96,100.7,207,96.2,253,107.5,266,108.3,319,75.6,297,-1.0,286,-0.7,245,-1.4,312,-1.1,301,-0.9,264,-0.8,249,1.01,289,34.1,85,41.1,244,2013,0.3205015042139295,8,22,0.26666666666666666,30
125,East Carolina,CUSA,23-12,+4.02,108.9,69,104.9,216,67.5,49,+.045,64,+0.12,140,102.3,163,102.2,128,-3.26,263,,CUSA,67.5,49,108.9,69,51.4,64,18.5,93,29.4,244,39.1,88,104.9,216,48.9,187,18.5,252,35.7,313,33.2,105,67.5,49,69.4,37,17.2,76,16.8,13,108.9,69,106.4,61,104.9,216,103.7,237,77.3,76,+0.5,109,-0.2,199,+1.3,32,+2.6,3,-0.4,215,+0.2,158,1.84,82,17.9,341,58.2,115,2013,0.6059593712806057,23,12,0.6571428571428571,35
319,East Tennessee St.,ASun,10-22,-15.69,95.1,294,110.8,313,63.4,225,+.063,33,-1.85,180,102.3,165,104.1,227,+7.18,16,,ASun,63.4,225,95.1,294,45.7,289,20.0,174,27.1,304,31.6,278,110.8,313,54.1,335,21.1,101,35.5,308,33.5,113,63.4,225,66.1,173,17.4,92,18.8,289,95.1,294,92.6,307,110.8,313,108.5,321,76.0,263,-1.7,327,-1.9,320,-1.5,316,-0.8,271,-0.1,186,+0.9,103,0.47,344,29.7,184,11.0,342,2013,0.14714453502705532,10,22,0.3125,32
272,Eastern Illinois,OVC,11-21,-10.18,100.0,219,110.2,304,58.6,342,-.033,264,-5.49,284,99.6,295,105.1,269,-3.73,268,,OVC,58.6,342,100.0,219,50.1,101,21.3,251,30.2,227,34.2,225,110.2,304,54.1,334,21.3,97,29.8,85,37.6,214,58.6,342,60.6,337,21.4,342,17.9,134,100.0,219,99.2,194,110.2,304,106.0,284,76.2,240,-1.4,314,-1.2,291,-1.6,324,-1.1,297,-0.2,197,+1.8,41,0.60,338,28.4,213,25.3,327,2013,0.2465761327450187,11,21,0.34375,32
110,Eastern Kentucky,OVC,25-10,+5.39,110.7,45,105.3,225,63.9,202,+.028,107,-3.72,241,101.1,225,104.8,253,-4.37,280,,OVC,63.9,202,110.7,45,54.0,16,17.9,60,27.9,293,34.8,210,105.3,225,51.2,273,25.5,6,38.0,341,43.7,316,63.9,202,65.3,204,19.6,289,17.1,34,110.7,45,111.0,19,105.3,225,102.1,198,75.3,323,-1.1,296,-1.1,282,-1.2,294,-1.5,315,-1.9,327,-1.1,266,1.49,178,28.9,200,35.7,280,2013,0.6399437094438073,25,10,0.7142857142857143,35
233,Eastern Michigan,MAC,16-18,-5.94,93.0,312,99.0,105,58.9,339,+.017,139,-2.33,192,101.4,211,103.8,202,+2.07,102,,MAC,58.9,339,93.0,312,43.8,327,23.1,319,33.9,96,30.5,305,99.0,105,46.5,82,22.7,38,37.2,335,37.6,215,58.9,339,60.7,336,19.3,273,19.9,346,93.0,312,91.0,321,99.0,105,97.2,85,77.9,31,+2.0,11,+2.3,15,+1.7,15,+1.4,30,+0.5,121,+0.3,151,1.62,146,35.5,66,45.8,206,2013,0.32761672908920136,16,18,0.47058823529411764,34
299,Eastern Washington,BSky,10-21,-12.98,97.2,272,110.1,303,67.0,62,+.001,176,-6.59,310,100.8,237,107.4,344,-1.41,206,,BSky,67.0,62,97.2,272,48.8,153,19.3,134,29.4,245,32.0,271,110.1,303,48.1,150,15.8,332,35.3,306,36.2,175,67.0,62,68.4,73,18.2,194,16.6,9,97.2,272,99.4,191,110.1,303,107.4,312,76.0,262,+0.1,165,+0.4,125,-0.1,202,+0.3,156,-1.6,315,-2.2,320,1.34,211,36.2,52,36.0,277,2013,0.1926144449892537,10,21,0.3225806451612903,31
206,Elon,SC,21-12,-3.51,99.0,234,102.5,165,64.8,169,+.055,41,-6.87,315,100.0,278,106.9,336,+0.61,133,,SC,64.8,169,99.0,234,49.2,132,17.5,40,26.6,314,29.2,324,102.5,165,46.8,98,19.1,218,30.0,94,36.5,185,64.8,169,66.3,164,18.3,200,17.8,113,99.0,234,101.0,169,102.5,165,98.6,126,77.3,78,+0.5,113,+0.4,122,+0.7,97,+1.8,19,+0.7,109,-0.1,178,1.78,98,26.5,252,70.9,40,2013,0.401421926037393,21,12,0.6363636363636364,33
84,Evansville,MVC,21-15,+8.08,106.4,110,98.3,92,64.6,176,-.011,212,+3.86,100,105.3,76,101.4,113,-2.62,247,,MVC,64.6,176,106.4,110,48.5,169,17.0,22,29.8,238,31.1,292,98.3,92,50.7,253,21.5,83,29.7,80,34.4,135,64.6,176,65.2,209,18.2,197,18.2,191,106.4,110,103.4,114,98.3,92,99.7,146,75.7,290,-0.8,272,-0.2,197,-1.5,318,-1.5,318,-1.2,292,-0.1,179,2.15,35,33.5,101,62.0,82,2013,0.7131204342889887,21,15,0.5833333333333334,36
188,FIU,SB,18-14,-1.39,101.6,192,102.9,175,67.8,43,+.070,29,-2.29,190,100.3,262,102.6,147,+2.36,96,,SB,67.8,43,101.6,192,48.9,146,21.7,272,31.3,186,35.8,176,102.9,175,51.1,265,25.6,5,36.0,320,37.1,205,67.8,43,69.6,33,16.4,30,17.9,143,101.6,192,99.3,193,102.9,175,99.5,144,75.5,305,-1.5,319,-1.8,319,-1.2,293,-0.7,259,-0.6,235,-1.1,270,0.51,343,28.2,218,17.7,339,2013,0.46351192079599884,18,14,0.5625,32
151,Fairfield,MAAC,19-16,+1.20,98.0,255,96.8,74,60.5,316,-.002,184,-1.18,165,101.9,178,103.1,175,-0.84,187,,MAAC,60.5,316,98.0,255,47.7,218,21.5,264,33.6,107,28.9,325,96.8,74,44.4,25,21.7,73,32.4,190,45.6,327,60.5,316,62.1,312,19.6,293,18.8,283,98.0,255,97.0,242,96.8,74,94.6,46,75.5,311,-0.4,232,+0.3,137,-1.1,286,-0.2,203,-1.5,312,-3.0,333,2.27,19,33.1,109,52.4,154,2013,0.5353622548803102,19,16,0.5428571428571428,35
334,Fairleigh Dickinson,NEC,7-24,-20.47,94.0,301,114.5,339,66.1,102,+.029,106,-4.41,257,101.1,223,105.5,288,-0.56,176,,NEC,66.1,102,94.0,301,48.9,148,22.5,302,26.2,321,35.2,202,114.5,339,52.6,314,17.5,297,38.6,344,35.7,169,66.1,102,68.5,71,18.1,170,16.6,8,94.0,301,94.2,291,114.5,339,113.4,341,75.4,314,-1.8,332,-2.4,338,-1.2,302,-0.8,272,+0.2,161,-1.7,290,1.41,195,33.4,104,52.1,158,2013,0.09374686269359339,7,24,0.22580645161290322,31
2,Florida,SEC,29-8,+31.18,117.2,9,86.0,3,61.9,280,-.089,332,+7.00,41,105.6,63,98.6,36,+4.09,62,3,SEC,61.9,280,117.2,9,55.3,6,17.8,55,34.2,89,31.1,294,86.0,3,43.3,10,22.4,44,28.4,51,29.9,48,61.9,280,62.9,299,18.1,179,19.8,344,117.2,9,113.7,6,86.0,3,86.3,2,77.1,102,+0.8,65,+0.8,79,+0.8,83,-0.7,258,-0.2,198,+1.8,41,2.47,7,25.3,282,66.8,53,2013,0.972338103008991,29,8,0.7837837837837838,37
328,Florida A&M,MEAC,8-22,-18.34,89.5,333,107.9,269,67.5,51,+.003,168,-5.29,279,97.7,326,103.0,169,+1.98,105,,MEAC,67.5,51,89.5,333,42.9,334,22.4,301,31.7,171,32.0,272,107.9,269,50.3,240,22.5,42,36.9,332,42.6,302,67.5,51,69.7,31,16.9,56,17.4,63,89.5,333,88.1,335,107.9,269,102.1,199,75.9,266,-1.2,304,-1.6,314,-0.7,249,-0.1,190,+0.3,149,-1.3,276,0.63,336,34.4,79,27.4,323,2013,0.10432077252758111,8,22,0.26666666666666666,30
235,Florida Atlantic,SB,14-18,-6.11,99.5,225,105.7,239,63.8,207,+.012,147,-3.61,237,99.9,281,103.6,194,-0.82,186,,SB,63.8,207,99.5,225,47.5,225,22.6,303,32.9,129,35.5,185,105.7,239,45.8,62,17.1,310,34.3,276,36.4,182,63.8,207,66.1,168,19.3,275,16.9,15,99.5,225,97.0,243,105.7,239,101.6,190,75.9,267,-0.6,247,-0.1,192,-1.0,279,-0.7,261,-0.4,211,-1.2,272,1.64,140,31.1,147,43.2,226,2013,0.33288988554216575,14,18,0.4375,32
105,Florida Gulf Coast,ASun,26-11,+6.27,104.9,136,98.6,99,67.9,41,+.039,79,-2.79,213,101.3,215,104.1,221,+4.57,48,15,ASun,67.9,41,104.9,136,51.6,59,21.0,242,32.5,138,35.2,203,98.6,99,46.9,106,22.1,55,32.8,215,32.7,90,67.9,41,69.2,43,16.1,19,18.5,236,104.9,136,103.2,118,98.6,99,95.9,68,77.1,112,+0.6,99,-0.0,177,+1.2,51,-0.9,275,+0.4,131,+1.5,67,1.80,91,29.1,197,73.9,28,2013,0.6709018723252077,26,11,0.7027027027027027,37
120,Florida St.,ACC,18-16,+4.45,107.1,94,102.7,170,64.2,191,+.085,16,+6.95,44,105.6,65,98.7,38,-1.09,193,4,ACC,64.2,191,107.1,94,49.9,106,22.0,285,30.9,200,40.4,58,102.7,170,49.7,217,20.6,136,36.6,330,34.8,141,64.2,191,66.3,160,17.7,128,18.5,238,107.1,94,100.7,175,102.7,170,103.8,238,78.7,3,+2.2,5,+3.3,4,+1.2,50,+1.2,50,+1.8,22,+2.8,9,1.33,219,39.9,19,37.4,269,2013,0.6183226749143551,18,16,0.5294117647058824,34
252,Fordham,A10,7-24,-7.82,100.2,216,108.0,273,67.3,56,+.027,111,+6.89,46,105.8,51,98.9,44,+5.03,40,,A10,67.3,56,100.2,216,44.9,305,22.7,309,35.9,45,32.7,262,108.0,273,51.0,264,16.3,324,32.0,176,44.8,321,67.3,56,68.8,59,18.1,186,17.1,32,100.2,216,93.8,296,108.0,273,110.7,335,76.3,218,-0.1,184,-0.4,219,+0.2,158,-1.5,313,-0.4,223,+0.7,130,1.51,170,35.0,73,41.1,246,2013,0.29690601308821346,7,24,0.22580645161290322,31
109,Fresno St.,MWC,11-19,+5.46,100.0,220,94.5,42,60.5,314,-.062,310,+9.10,16,107.7,10,98.6,33,+4.39,52,,MWC,60.5,314,100.0,220,43.5,329,18.5,88,29.2,252,37.3,131,94.5,42,45.4,46,20.2,155,34.9,295,47.1,337,60.5,314,61.6,323,20.4,325,18.4,228,100.0,220,93.4,299,94.5,42,98.2,113,77.0,130,+0.8,80,+1.1,59,+0.4,123,-1.0,291,-0.6,235,+1.8,41,1.67,129,35.5,64,52.9,150,2013,0.6571364304766685,11,19,0.36666666666666664,30
342,Furman,SC,7-24,-23.30,91.7,324,115.0,340,63.7,216,-.007,201,-6.25,302,99.5,301,105.7,306,-1.19,198,,SC,63.7,216,91.7,324,45.8,285,22.7,305,28.4,280,35.3,197,115.0,340,52.6,312,17.2,307,33.5,247,29.2,39,63.7,216,64.2,250,19.8,301,17.4,58,91.7,324,91.7,314,115.0,340,110.7,334,77.2,94,+0.7,82,+0.1,145,+1.3,30,+0.5,114,+0.8,89,-0.0,173,1.18,251,30.9,154,44.3,216,2013,0.06889989672789291,7,24,0.22580645161290322,31
190,Gardner Webb,BSth,21-13,-1.63,98.0,257,99.6,118,61.5,294,-.044,282,-7.19,322,99.6,293,106.8,335,-1.03,190,,BSth,61.5,294,98.0,257,46.8,249,20.9,233,35.5,54,34.5,218,99.6,118,48.3,161,23.4,25,31.2,140,34.8,140,61.5,294,63.7,272,19.2,268,18.4,214,98.0,257,99.7,183,99.6,118,95.0,51,75.6,298,-1.1,288,-1.4,304,-0.7,249,-0.1,189,-0.3,203,-2.4,323,1.11,258,32.8,115,59.3,107,2013,0.4535743895338029,21,13,0.6176470588235294,34
133,George Mason,CAA,22-16,+3.21,103.5,152,100.3,130,65.6,123,-.007,199,-0.41,149,103.2,135,103.6,195,+5.15,37,,CAA,65.6,123,103.5,152,48.5,172,20.4,204,35.0,64,35.3,199,100.3,130,47.3,114,21.8,69,33.6,252,44.5,320,65.6,123,65.8,182,18.2,192,18.1,165,103.5,152,102.4,136,100.3,130,99.1,134,76.9,142,+0.5,123,-0.4,217,+1.3,32,+0.2,165,+0.3,150,-0.1,177,1.20,244,39.0,23,52.6,152,2013,0.5893231575532576,22,16,0.5789473684210527,38
111,George Washington,A10,13-17,+5.34,100.4,211,95.1,49,66.5,81,-.085,330,+4.39,86,105.6,67,101.2,106,-0.62,179,,A10,66.5,81,100.4,211,46.6,257,23.3,325,38.2,17,40.4,60,95.1,49,47.4,119,21.3,95,30.8,126,32.7,89,66.5,81,68.1,86,17.9,153,17.1,30,100.4,211,97.0,241,95.1,49,96.0,69,78.0,19,+1.2,43,+0.8,86,+1.6,21,+1.3,37,+2.1,12,+1.4,71,1.40,201,32.0,125,38.5,264,2013,0.651055551197757,13,17,0.43333333333333335,30
16,Georgetown,BE,25-7,+21.24,107.6,80,86.4,4,61.2,300,+.038,82,+7.42,33,106.3,34,98.9,43,-6.15,312,2,BE,61.2,300,107.6,80,51.1,72,20.1,177,30.4,221,36.8,146,86.4,4,43.0,8,22.4,46,31.0,130,35.3,155,61.2,300,62.5,304,19.0,258,19.1,320,107.6,80,101.9,148,86.4,4,88.9,6,78.0,21,+0.6,106,-0.1,190,+1.3,32,+2.5,5,+1.4,51,+1.9,34,1.23,238,24.2,301,51.5,161,2013,0.9257714935802068,25,7,0.78125,32
113,Georgia,SEC,15-17,+5.27,101.9,184,96.7,71,60.9,308,-.002,183,+4.82,82,104.5,100,99.7,63,-0.89,188,,SEC,60.9,308,101.9,184,46.9,247,23.0,316,32.1,148,45.0,14,96.7,71,45.0,35,18.5,257,30.5,109,37.9,225,60.9,308,62.4,305,19.9,307,18.3,204,101.9,184,96.1,260,96.7,71,97.4,91,77.9,24,+1.4,30,+1.1,64,+1.6,18,+1.4,33,+1.6,31,+0.9,101,1.07,275,41.0,15,57.7,117,2013,0.6461944930044377,15,17,0.46875,32
282,Georgia Southern,SC,14-19,-11.19,95.8,286,107.0,257,60.9,307,+.012,148,-5.56,288,100.0,277,105.6,297,-0.30,164,,SC,60.9,307,95.8,286,46.0,281,20.1,178,30.7,206,35.4,192,107.0,257,49.7,219,20.5,143,34.4,277,37.0,204,60.9,307,62.4,306,20.2,320,18.1,163,95.8,286,96.2,258,107.0,257,103.6,233,76.7,169,-0.8,268,-1.6,312,+0.0,181,+0.4,128,+0.2,158,+1.4,70,2.28,17,27.2,235,42.9,229,2013,0.21899875157942997,14,19,0.42424242424242425,33
187,Georgia St.,CAA,15-16,-1.33,105.8,119,107.1,259,62.6,262,-.051,296,-3.29,230,101.5,209,104.7,252,-0.15,159,,CAA,62.6,262,105.8,119,50.0,103,18.0,63,29.4,246,34.9,208,107.1,259,51.1,268,20.9,120,32.7,207,37.0,203,62.6,262,63.9,265,18.7,232,18.7,279,105.8,119,104.6,93,107.1,259,103.9,240,76.4,206,-0.0,178,-0.0,181,-0.0,185,+0.5,122,+0.7,102,-2.1,309,1.07,277,19.4,336,28.0,322,2013,0.4649467809504018,15,16,0.4838709677419355,31
104,Georgia Tech,ACC,16-15,+6.37,99.9,222,93.5,33,65.2,142,-.038,274,+3.90,99,105.7,60,101.8,118,-10.65,342,,ACC,65.2,142,99.9,222,46.8,251,19.3,136,32.6,135,28.0,336,93.5,33,45.4,47,19.0,230,28.3,50,33.0,101,65.2,142,66.3,165,17.4,96,18.8,285,99.9,222,96.9,245,93.5,33,93.7,40,77.5,56,+1.3,33,+1.3,42,+1.3,32,+0.2,160,+0.4,145,+1.2,81,1.71,118,30.0,177,55.8,131,2013,0.6816564980126485,16,15,0.5161290322580645,31
5,Gonzaga,WCC,32-3,+27.81,120.5,3,92.7,30,63.3,232,+.026,116,+4.37,87,105.4,75,101.0,102,+5.03,39,1,WCC,63.3,232,120.5,3,54.9,8,17.2,31,37.8,20,40.8,49,92.7,30,44.9,34,20.8,126,29.8,86,29.9,49,63.3,232,64.9,223,17.7,135,19.1,318,120.5,3,117.3,1,92.7,30,92.5,25,77.5,52,+2.2,6,+3.0,7,+1.4,23,+1.1,55,-0.8,255,-0.1,189,1.78,95,33.9,89,71.4,37,2013,0.9533021920410047,32,3,0.9142857142857143,35
347,Grambling St.,SWAC,0-28,-46.10,76.0,347,122.1,347,62.5,266,-.014,218,-8.79,338,96.6,336,105.4,284,+4.55,49,,SWAC,62.5,266,76.0,347,41.1,343,26.7,346,28.6,275,24.9,344,122.1,347,52.2,305,14.8,345,38.9,345,34.9,144,62.5,266,65.6,192,19.0,259,17.1,31,76.0,347,75.9,347,122.1,347,116.4,346,76.2,235,-0.2,204,+0.8,80,-1.2,295,-0.7,247,-0.8,259,-0.2,194,0.93,298,41.8,12,52.5,153,2013,0.004268432828726813,0,28,0.0,28
126,Green Bay,Horz,18-16,+3.99,104.5,142,100.5,133,62.5,264,-.050,295,+0.01,141,103.0,138,103.0,166,+0.61,132,,Horz,62.5,264,104.5,142,48.0,205,20.8,231,33.0,126,40.3,63,100.5,133,47.7,131,17.8,286,26.8,15,33.9,123,62.5,264,63.8,269,18.4,208,18.9,300,104.5,142,102.4,137,100.5,133,99.3,138,77.2,85,+2.5,2,+3.2,5,+1.7,12,+0.5,115,-1.4,306,-0.9,253,1.33,215,30.7,162,54.1,141,2013,0.6103627929136219,18,16,0.5294117647058824,34
273,Hampton,MEAC,14-17,-10.21,89.2,336,99.4,113,68.7,26,+.031,101,-9.11,340,95.9,342,105.0,263,-5.12,293,,MEAC,68.7,26,89.2,336,43.1,333,24.3,338,34.1,90,38.6,96,99.4,113,43.8,13,22.3,48,32.7,203,42.5,300,68.7,26,68.9,52,16.1,22,18.7,268,89.2,336,89.1,329,99.4,113,91.3,17,76.3,217,-0.3,218,-0.9,263,+0.3,140,-0.1,188,+0.1,166,-0.8,246,0.68,332,33.0,111,24.3,333,2013,0.22354649283403594,14,17,0.45161290322580644,31
226,Hartford,AE,17-14,-5.24,94.0,302,99.2,109,62.5,267,+.080,21,-5.10,271,99.7,291,104.8,256,-3.66,267,,AE,62.5,267,94.0,302,48.3,184,22.2,294,26.0,323,30.7,300,99.2,109,49.4,204,24.9,10,30.9,128,41.5,287,62.5,267,64.2,247,19.5,287,17.6,93,94.0,302,93.6,298,99.2,109,95.0,52,75.8,287,-1.1,297,-1.5,309,-0.7,249,-0.6,238,-1.2,294,-0.2,194,0.87,308,33.6,98,47.5,197,2013,0.3499640649894549,17,14,0.5483870967741935,31
93,Harvard,Ivy,20-10,+7.07,108.1,74,101.1,140,63.3,229,+.037,89,+0.60,133,102.8,145,102.2,126,+5.07,38,14,Ivy,63.3,229,108.1,74,54.3,14,20.8,226,25.6,330,49.6,2,101.1,140,49.2,196,20.9,125,31.4,151,31.2,67,63.3,229,63.8,268,19.0,253,18.6,262,108.1,74,105.8,69,101.1,140,99.9,151,76.6,182,-1.4,315,-1.4,307,-1.4,311,+0.3,135,+2.4,7,+0.1,166,1.50,174,17.1,344,37.7,267,2013,0.6834962076619024,20,10,0.6666666666666666,30
210,Hawaii,BW,17-15,-3.72,102.8,165,106.6,252,67.9,39,+.010,154,-4.44,258,100.7,245,105.1,266,-8.66,335,,BW,67.9,39,102.8,165,49.8,109,20.7,223,35.5,56,37.1,136,106.6,252,48.8,181,17.3,305,29.5,73,31.9,76,67.9,39,69.6,32,17.2,72,17.4,55,102.8,165,103.1,122,106.6,252,102.8,212,78.3,9,+1.2,37,+1.2,51,+1.3,32,+2.0,11,+1.4,49,+2.6,17,1.07,274,34.1,86,31.2,309,2013,0.39713217309749893,17,15,0.53125,32
218,High Point,BSth,17-14,-4.37,100.2,217,104.5,206,64.5,183,-.061,308,-8.39,336,99.3,308,107.7,347,-4.24,279,,BSth,64.5,183,100.2,217,48.0,198,17.9,58,34.0,93,32.7,261,104.5,206,48.0,144,19.7,186,31.5,153,41.5,290,64.5,183,67.1,122,18.7,234,16.9,20,100.2,217,103.6,109,104.5,206,99.8,148,76.5,201,-0.2,203,-0.2,207,-0.1,203,-0.6,240,-0.6,235,+0.8,110,0.74,325,36.1,55,28.5,319,2013,0.3814927300351544,17,14,0.5483870967741935,31
303,Hofstra,CAA,7-25,-13.42,89.6,332,103.0,177,63.3,228,-.024,246,-2.01,183,102.4,156,104.4,237,-0.69,182,,CAA,63.3,228,89.6,332,42.0,340,22.2,292,34.3,87,39.3,86,103.0,177,48.9,185,20.6,135,34.9,296,36.7,191,63.3,228,64.6,234,19.4,283,17.6,84,89.6,332,89.0,330,103.0,177,102.3,202,76.1,250,-0.2,208,-0.7,247,+0.3,140,+1.3,35,-0.6,232,-3.1,335,1.38,206,29.3,192,41.5,241,2013,0.16759103269810388,7,25,0.21875,32
236,Holy Cross,Pat,12-18,-6.48,99.0,235,105.5,235,61.5,293,+.002,170,-2.15,187,101.8,189,103.9,215,-2.17,231,,Pat,61.5,293,99.0,235,47.7,217,19.8,166,28.2,287,30.0,314,105.5,235,47.7,132,15.7,334,29.6,77,31.1,64,61.5,293,62.3,308,19.8,300,18.6,266,99.0,235,97.6,234,105.5,235,102.8,214,77.0,122,+0.9,57,+0.1,145,+1.8,11,+1.6,27,+1.2,57,-2.8,330,1.42,191,22.5,320,63.7,70,2013,0.32491002466026636,12,18,0.4,30
180,Houston,CUSA,20-13,-0.82,108.0,75,108.8,287,69.0,21,-.007,202,-5.79,296,98.9,317,104.7,248,-14.91,346,,CUSA,69.0,21,108.0,75,51.4,66,18.4,85,33.7,102,39.4,84,108.8,287,48.7,175,17.9,282,31.5,154,33.7,118,69.0,21,69.7,30,16.9,58,17.4,68,108.0,75,108.1,35,108.8,287,103.1,222,77.0,117,+0.4,128,-0.2,210,+1.0,71,+1.2,47,+0.1,173,+0.1,165,0.86,312,34.7,74,44.5,214,2013,0.4787949185649042,20,13,0.6060606060606061,33
326,Houston Baptist,GWC,14-17,-17.55,87.7,340,105.3,227,67.2,58,+.089,13,-9.08,339,96.5,338,105.6,298,-6.55,316,,GWC,67.2,58,87.7,340,43.8,326,24.7,341,31.9,160,35.7,181,105.3,227,47.9,143,22.2,51,33.1,227,43.3,311,67.2,58,68.9,53,17.7,129,17.0,25,87.7,340,87.6,338,105.3,227,98.3,116,74.8,338,-0.0,180,+0.0,173,-0.1,198,-1.6,319,-2.8,341,-4.7,346,1.04,281,38.4,27,42.9,231,2013,0.10878109931668682,14,17,0.45161290322580644,31
329,Howard,MEAC,7-24,-18.42,84.1,346,102.5,164,61.0,302,-.044,283,-5.67,291,98.3,320,104.0,220,+5.88,29,,MEAC,61.0,302,84.1,346,39.2,347,23.9,335,35.1,62,34.1,227,102.5,164,47.3,117,22.9,34,34.3,274,37.0,201,61.0,302,61.9,316,20.2,322,18.4,215,84.1,346,82.9,346,102.5,164,97.6,96,77.0,125,+0.8,66,+1.6,33,+0.1,172,-0.1,182,+0.6,118,-0.3,211,2.06,44,27.1,238,72.9,31,2013,0.0931854252341654,7,24,0.22580645161290322,31
243,IPFW,Sum,16-17,-7.22,98.2,252,105.4,232,64.7,171,+.021,127,-5.56,289,101.2,216,106.8,333,-5.38,299,,Sum,64.7,171,98.2,252,49.5,121,20.3,198,31.4,179,38.4,100,105.4,232,52.0,300,19.7,187,26.6,13,37.8,222,64.7,171,65.1,216,18.4,210,18.3,213,98.2,252,99.5,188,105.4,232,102.5,206,76.3,221,-0.9,279,-1.2,295,-0.6,244,-0.6,233,+0.1,169,+0.8,123,1.27,230,34.0,88,34.5,292,2013,0.3071028561964946,16,17,0.48484848484848486,33
333,IUPUI,Sum,6-26,-20.30,97.7,262,118.0,344,64.2,194,-.054,302,-2.68,209,102.5,151,105.2,273,-0.11,158,,Sum,64.2,194,97.7,262,50.5,90,18.8,111,22.1,346,24.2,347,118.0,344,55.9,346,16.9,316,33.7,253,31.6,71,64.2,194,65.9,178,18.9,247,17.5,76,97.7,262,96.5,250,118.0,344,116.7,347,75.9,272,-0.4,231,-0.7,244,-0.2,207,-0.9,274,-1.1,279,-1.0,255,1.03,284,28.3,214,29.7,314,2013,0.10238461181112794,6,26,0.1875,32
199,Idaho,WAC,12-18,-2.97,109.9,57,112.8,329,62.0,279,-.000,181,+0.49,135,101.9,177,101.4,114,+2.26,99,,WAC,62.0,279,109.9,57,52.7,35,21.1,246,33.1,120,37.6,120,112.8,329,51.7,293,14.2,346,29.2,66,30.8,61,62.0,279,63.0,296,18.6,223,19.4,336,109.9,57,106.2,63,112.8,329,110.5,333,76.2,228,+0.3,135,+1.0,70,-0.3,226,-1.2,302,-0.6,235,-0.7,241,1.41,196,26.7,249,52.7,151,2013,0.42567409564666664,12,18,0.4,30
320,Idaho St.,BSky,6-24,-16.18,91.9,320,108.1,276,59.3,338,-.117,341,-4.99,267,101.6,197,106.6,327,+4.35,54,,BSky,59.3,338,91.9,320,46.2,273,19.5,144,24.5,339,37.5,125,108.1,276,52.1,304,20.8,127,34.3,273,34.6,136,59.3,338,60.3,341,20.0,316,19.6,340,91.9,320,92.6,306,108.1,276,106.5,298,75.5,308,-1.8,333,-1.6,315,-2.0,337,-0.8,264,-0.1,190,-1.0,261,0.84,316,25.3,285,35.7,279,2013,0.13387873550194387,6,24,0.2,30
39,Illinois,B10,23-13,+15.82,110.6,46,94.8,44,64.6,180,+.042,71,+10.84,5,108.1,6,97.3,8,-0.80,185,7,B10,64.6,180,110.6,46,47.6,222,17.4,39,33.2,117,31.0,295,94.8,44,48.6,169,21.7,75,33.6,251,36.3,179,64.6,180,65.3,201,17.7,139,18.9,303,110.6,46,103.6,108,94.8,44,99.1,136,77.6,45,+1.2,38,+1.4,37,+1.0,70,+0.5,123,+0.8,91,+1.3,74,2.41,10,27.0,242,70.2,43,2013,0.8547971945567876,23,13,0.6388888888888888,36
183,Illinois Chicago,Horz,18-16,-1.11,98.8,244,99.9,125,63.0,240,+.041,75,-0.49,151,102.3,167,102.8,151,-0.22,160,,Horz,63.0,240,98.8,244,46.0,278,19.5,147,28.3,284,35.4,193,99.9,125,46.7,93,19.5,194,30.5,113,35.0,149,63.0,240,63.7,274,18.7,230,18.8,291,98.8,244,96.6,248,99.9,125,98.1,108,76.9,138,+0.9,63,+0.5,113,+1.3,31,-0.3,210,-0.4,219,+0.4,148,1.74,109,23.9,306,63.8,69,2013,0.4682107048865496,18,16,0.5294117647058824,34
63,Illinois St.,MVC,18-15,+11.49,109.7,61,98.2,89,68.8,24,-.094,335,+4.14,93,105.0,86,100.8,98,-2.40,239,,MVC,68.8,24,109.7,61,51.8,52,18.7,102,29.5,243,34.4,221,98.2,89,48.4,162,21.0,112,31.4,152,34.0,124,68.8,24,69.3,42,15.0,3,19.4,335,109.7,61,106.9,53,98.2,89,98.3,118,76.7,171,+0.7,93,+0.3,134,+1.0,64,-0.6,230,-0.1,192,-0.2,210,1.68,127,32.5,119,69.5,44,2013,0.7813492025227722,18,15,0.5454545454545454,33
3,Indiana,B10,29-7,+29.31,120.8,2,91.5,19,66.0,105,-.021,239,+8.86,17,106.7,23,97.8,14,-5.16,294,1,B10,66.0,105,120.8,2,54.8,9,19.2,132,39.0,7,45.9,7,91.5,19,44.0,15,20.9,119,31.3,148,27.0,17,66.0,105,67.2,119,15.7,10,19.7,343,120.8,2,116.1,2,91.5,19,92.3,22,77.5,58,+2.0,12,+2.5,12,+1.5,22,+0.9,74,-0.3,209,-0.2,194,2.21,26,25.5,277,71.4,38,2013,0.9606331725124824,29,7,0.8055555555555556,36
92,Indiana St.,MVC,18-15,+7.31,103.0,161,95.7,55,64.0,199,+.041,73,+7.31,36,107.2,14,99.9,69,+4.10,60,6,MVC,64.0,199,103.0,161,48.2,194,19.6,153,26.6,313,42.1,32,95.7,55,46.5,83,18.2,272,29.8,81,38.7,245,64.0,199,65.4,198,18.0,166,18.5,246,103.0,161,98.6,214,95.7,55,99.0,133,77.9,29,+0.3,132,+0.3,126,+0.3,130,+0.8,84,+1.4,41,+3.4,4,1.01,286,34.1,84,28.9,317,2013,0.6995956095553607,18,15,0.5454545454545454,33
89,Iona,MAAC,20-14,+7.45,114.4,18,106.9,256,69.7,10,-.070,317,+0.94,129,102.4,159,101.4,111,+4.09,61,15,MAAC,69.7,10,114.4,18,52.1,47,17.1,27,32.8,130,32.7,260,106.9,256,51.6,286,19.3,209,33.4,243,32.1,80,69.7,10,70.5,23,15.8,11,18.2,183,114.4,18,111.3,17,106.9,256,105.3,272,75.4,315,-1.1,299,-1.1,281,-1.2,299,-0.6,239,-1.2,293,-2.1,313,1.40,200,28.4,212,36.6,275,2013,0.6856334514676535,20,14,0.5882352941176471,34
29,Iowa,B10,25-13,+17.83,109.8,58,91.9,24,66.3,95,-.029,256,+7.00,42,106.0,42,99.0,46,-9.03,338,3,B10,66.3,95,109.8,58,46.6,259,18.6,98,36.4,39,41.6,38,91.9,24,44.1,17,19.6,193,30.6,117,31.1,66,66.3,95,66.6,138,16.9,53,19.0,315,109.8,58,104.5,95,91.9,24,93.5,37,78.1,15,+1.2,36,+1.8,25,+0.7,91,+1.6,25,+2.5,5,+0.8,111,1.60,153,38.3,28,61.2,87,2013,0.8855969549383269,25,13,0.6578947368421053,38
30,Iowa St.,B12,23-12,+17.63,117.5,8,99.8,123,68.3,30,-.046,288,+6.74,50,105.5,71,98.7,40,-3.12,258,10,B12,68.3,30,117.5,8,53.8,18,18.5,90,34.2,88,33.0,254,99.8,123,48.0,149,18.6,249,28.5,55,32.7,91,68.3,30,70.1,25,15.8,12,18.2,178,117.5,8,112.0,13,99.8,123,100.0,152,76.7,170,-0.3,217,-0.8,254,+0.2,156,+1.0,63,+0.8,101,-0.7,240,2.01,51,25.8,270,50.0,178,2013,0.8673359883810747,23,12,0.6571428571428571,35
316,Jackson St.,SWAC,11-18,-14.94,93.9,305,108.8,290,67.4,54,-.015,222,-9.62,343,96.0,341,105.6,296,+8.89,9,,SWAC,67.4,54,93.9,305,44.5,315,18.1,67,27.3,302,38.4,102,108.8,290,50.0,234,20.9,122,35.1,299,39.3,257,67.4,54,69.4,38,17.4,100,17.1,29,93.9,305,94.2,290,108.8,290,101.3,179,74.6,342,-2.0,339,-1.9,330,-2.2,340,-2.9,345,-1.6,317,-1.8,292,1.29,226,38.9,24,58.6,113,2013,0.15528581978899775,11,18,0.3793103448275862,29
288,Jacksonville,ASun,14-18,-12.07,95.8,285,107.9,272,67.7,48,+.068,30,-5.38,282,99.8,288,105.2,271,-1.15,197,,ASun,67.7,48,95.8,285,46.1,275,21.5,260,33.0,125,36.3,164,107.9,272,50.3,242,20.2,163,32.0,180,39.5,261,67.7,48,69.0,49,17.1,71,17.4,60,95.8,285,95.6,266,107.9,272,103.8,239,75.5,307,-1.5,317,-2.2,333,-0.7,249,+0.2,159,-0.3,208,-2.4,325,1.42,192,36.2,54,44.1,218,2013,0.20296983508247662,14,18,0.4375,32
204,Jacksonville St.,OVC,17-11,-3.43,102.6,172,106.0,246,60.9,309,+.087,15,-4.08,249,100.5,254,104.6,241,-4.06,277,,OVC,60.9,309,102.6,172,49.4,124,20.4,205,31.7,172,43.9,21,106.0,246,50.0,232,24.7,11,39.6,347,38.9,249,60.9,309,63.3,282,20.7,332,17.2,37,102.6,172,101.4,160,106.0,246,101.8,192,75.6,304,-1.9,334,-2.5,341,-1.2,298,-0.4,219,-1.0,272,-0.1,185,1.55,160,29.9,179,77.3,12,2013,0.40735431723743776,17,11,0.6071428571428571,28
182,James Madison,CAA,21-15,-0.92,100.2,218,101.1,141,62.9,248,+.063,34,-3.42,233,101.9,180,105.3,279,-4.50,283,16,CAA,62.9,248,100.2,218,47.6,223,17.2,34,29.6,242,36.8,147,101.1,141,48.7,176,21.1,107,31.2,139,39.2,254,62.9,248,64.1,251,18.3,202,19.0,316,100.2,218,100.8,173,101.1,141,99.7,147,77.4,61,-1.1,290,-1.4,306,-0.7,249,+0.6,103,+1.9,18,+3.8,1,1.66,131,30.1,175,36.5,276,2013,0.47431456023289376,21,15,0.5833333333333334,36
8,Kansas,B12,31-6,+25.23,112.7,27,87.5,5,66.4,86,+.010,153,+7.05,40,106.8,19,99.8,66,+2.64,87,1,B12,66.4,86,112.7,27,53.3,25,20.3,196,33.8,100,39.5,80,87.5,5,41.5,1,18.4,265,29.3,69,32.0,78,66.4,86,67.8,92,16.7,43,18.5,237,112.7,27,108.9,29,87.5,5,89.6,9,78.2,12,+1.8,16,+2.4,13,+1.2,48,+1.2,51,+2.1,11,+1.3,76,1.69,123,22.1,322,51.4,162,2013,0.9483651227264057,31,6,0.8378378378378378,37
27,Kansas St.,B12,27-8,+18.16,113.5,23,95.3,52,61.4,296,+.051,51,+6.82,47,106.1,38,99.3,55,-3.29,264,4,B12,61.4,296,113.5,23,49.1,139,18.2,71,38.5,13,31.7,275,95.3,52,47.5,126,22.2,53,33.8,256,36.8,194,61.4,296,63.5,276,19.0,256,18.7,277,113.5,23,107.8,40,95.3,52,97.0,81,76.2,241,-0.2,209,+0.3,136,-0.7,260,-0.6,237,-0.6,248,-0.5,229,1.95,58,33.5,100,77.3,11,2013,0.8818315395275936,27,8,0.7714285714285715,35
335,Kennesaw St.,ASun,3-27,-20.69,91.8,323,112.5,325,63.0,241,+.004,163,-5.15,273,100.5,251,105.7,303,-2.21,232,,ASun,63.0,241,91.8,323,44.7,308,21.0,240,30.7,209,37.4,128,112.5,325,55.5,342,21.3,96,32.9,221,47.6,339,63.0,241,64.5,237,19.4,284,17.5,82,91.8,323,92.3,309,112.5,325,109.0,325,75.8,281,-0.4,233,-1.1,287,+0.3,152,+0.8,80,-2.1,333,-2.0,303,1.89,72,27.6,226,58.0,116,2013,0.0879905743398611,3,27,0.1,30
121,Kent St.,MAC,21-14,+4.43,107.8,77,103.4,182,65.6,127,-.019,236,-0.86,160,101.4,210,102.3,134,-0.68,181,,MAC,65.6,127,107.8,77,48.8,149,18.9,118,34.7,75,43.8,22,103.4,182,48.5,164,20.9,124,33.2,239,41.3,286,65.6,127,65.7,186,17.9,149,18.6,256,107.8,77,106.1,66,103.4,182,101.0,172,77.3,77,+0.7,92,+0.1,165,+1.2,53,+1.0,64,+1.1,66,+0.2,159,1.33,217,32.5,118,33.3,303,2013,0.617567453105272,21,14,0.6,35
55,Kentucky,SEC,21-12,+13.25,111.4,38,98.1,88,65.4,135,-.006,194,+4.90,80,104.8,96,99.9,68,-1.44,207,1,SEC,65.4,135,111.4,38,52.6,37,19.4,138,34.7,74,41.7,36,98.1,88,43.9,14,17.5,295,31.2,145,30.2,53,65.4,135,66.8,128,17.4,106,18.4,218,111.4,38,107.4,49,98.1,88,96.8,78,78.0,22,+2.3,4,+2.2,19,+2.4,3,+0.6,98,-0.1,194,+1.8,41,0.94,297,31.0,149,5.9,344,2013,0.8118551130260727,21,12,0.6363636363636364,33
192,LIU Brooklyn,NEC,20-14,-2.13,110.5,48,112.6,327,67.3,57,+.015,142,-6.79,312,99.3,309,106.0,313,-5.01,292,16,NEC,67.3,57,110.5,48,54.4,12,20.3,194,35.2,58,45.6,10,112.6,327,52.6,311,18.4,263,33.6,249,31.6,72,67.3,57,69.4,39,16.8,50,17.4,57,110.5,48,111.8,16,112.6,327,108.1,318,74.9,334,-1.1,295,-1.7,317,-0.5,231,-2.1,338,-2.4,339,-1.8,296,2.21,25,28.2,219,67.7,46,2013,0.4460851208167762,20,14,0.5882352941176471,34
102,LSU,SEC,19-12,+6.38,105.6,122,99.3,110,67.7,46,+.060,37,+3.14,111,103.3,133,100.2,78,-8.05,331,,SEC,67.7,46,105.6,122,49.2,131,20.4,206,34.4,84,33.4,242,99.3,110,47.0,110,21.6,77,34.8,294,38.0,229,67.7,46,69.1,48,17.3,90,17.3,50,105.6,122,100.9,172,99.3,110,98.4,121,76.0,260,+0.8,70,+2.2,18,-0.6,242,-0.6,229,-1.5,314,-2.7,329,1.51,172,28.3,215,39.8,252,2013,0.6698257818499401,19,12,0.6129032258064516,31
50,La Salle,A10,24-10,+13.89,111.8,34,98.0,87,64.6,177,+.051,50,+5.67,68,105.8,53,100.1,77,-0.50,174,13,A10,64.6,177,111.8,34,51.9,50,17.1,28,29.0,262,31.3,286,98.0,87,49.3,201,21.3,91,34.2,269,28.5,27,64.6,177,66.5,148,18.0,168,18.0,149,111.8,34,107.8,39,98.0,87,99.5,141,75.8,277,-0.5,235,+0.5,110,-1.4,315,-1.9,331,-1.0,273,-0.1,181,2.21,24,23.1,312,72.3,35,2013,0.8198094367703299,24,10,0.7058823529411765,34
171,Lafayette,Pat,19-15,-0.25,106.0,117,106.2,249,64.5,184,+.048,56,-2.64,208,101.9,179,104.6,242,-2.43,244,,Pat,64.5,184,106.0,117,52.7,33,18.7,100,25.1,333,28.2,333,106.2,249,52.3,309,20.5,141,32.6,200,31.5,69,64.5,184,65.6,189,17.9,150,18.3,206,106.0,117,104.4,97,106.2,249,104.5,256,76.5,198,+0.6,95,+0.3,132,+1.0,68,-1.0,282,-0.8,261,-0.1,192,1.25,236,29.4,190,39.3,256,2013,0.4945807949646666,19,15,0.5588235294117647,34
346,Lamar,Slnd,3-28,-25.40,85.9,343,111.3,318,69.0,22,+.023,123,-2.93,217,101.1,224,104.0,218,+3.76,68,,Slnd,69.0,22,85.9,343,42.4,336,25.5,344,32.4,144,31.5,283,111.3,318,50.3,241,16.0,330,34.4,281,29.0,35,69.0,22,70.7,19,16.9,57,16.9,16,85.9,343,84.0,344,111.3,318,108.6,323,75.6,302,-0.8,266,-0.4,223,-1.1,288,-0.6,231,-1.5,313,-1.5,280,0.71,327,30.7,161,18.2,337,2013,0.04838261756272221,3,28,0.0967741935483871,31
91,Lehigh,Pat,21-10,+7.32,108.9,68,101.6,149,65.8,115,-.003,187,-3.16,224,101.5,208,104.6,246,-1.85,219,,Pat,65.8,115,108.9,68,53.0,29,16.4,14,27.0,305,36.4,162,101.6,149,47.6,129,20.4,151,33.9,261,28.6,28,65.8,115,66.5,150,16.8,47,19.2,323,108.9,68,109.5,26,101.6,149,98.9,131,76.4,215,+0.3,130,-0.2,194,+0.8,81,-1.0,285,-0.9,267,-0.0,175,2.12,40,31.3,135,64.2,66,2013,0.6895346588419828,21,10,0.6774193548387096,31
266,Liberty,BSth,15-21,-9.38,101.3,196,110.6,312,64.4,186,-.034,271,-6.47,308,99.4,306,105.8,309,-0.41,171,16,BSth,64.4,186,101.3,196,48.6,166,19.9,168,29.0,259,38.4,101,110.6,312,47.8,136,15.1,343,32.5,196,38.5,241,64.4,186,66.0,175,18.1,184,17.8,114,101.3,196,101.0,167,110.6,312,106.1,287,76.2,244,+0.7,83,+0.4,119,+1.0,69,-0.9,281,-1.7,325,-1.0,264,0.92,302,27.9,220,41.0,247,2013,0.266962767319706,15,21,0.4166666666666667,36
289,Lipscomb,ASun,12-18,-12.16,98.0,253,110.2,305,69.4,13,+.053,46,-3.37,232,101.2,218,104.6,245,+4.84,44,,ASun,69.4,13,98.0,253,46.7,254,23.2,322,35.7,48,44.5,17,110.2,305,51.8,296,18.6,247,32.0,177,44.9,323,69.4,13,71.1,11,16.6,35,17.0,22,98.0,253,96.2,255,110.2,305,108.0,317,76.4,211,-0.7,262,+0.2,143,-1.6,325,-0.3,207,+0.1,174,+0.6,131,0.66,334,31.5,131,33.3,302,2013,0.20598674916225806,12,18,0.4,30
157,Long Beach St.,BW,19-14,+0.62,105.7,120,105.1,220,65.7,120,+.107,6,+2.45,118,104.1,115,101.7,116,+14.35,1,7,BW,65.7,120,105.7,120,50.1,100,20.8,232,32.1,151,36.3,163,105.1,220,50.9,259,19.5,199,36.1,323,32.1,79,65.7,120,67.4,108,16.9,54,18.6,259,105.7,120,102.1,143,105.1,220,105.9,280,77.0,129,-0.0,179,-0.3,213,+0.3,140,+2.0,13,-0.0,181,-0.2,194,0.96,296,31.2,139,28.7,318,2013,0.5163604255664723,19,14,0.5757575757575758,33
338,Longwood,BSth,8-25,-21.61,94.6,298,116.2,341,69.2,17,-.004,190,-6.28,303,100.0,276,106.3,321,+0.51,136,,BSth,69.2,17,94.6,298,48.3,188,22.7,306,28.7,271,30.5,303,116.2,341,54.4,336,18.3,266,34.7,292,34.7,138,69.2,17,71.8,4,17.4,99,15.8,1,94.6,298,93.7,297,116.2,341,113.4,342,77.0,126,-0.3,227,-0.0,178,-0.7,245,-0.3,208,+1.4,52,+1.4,69,0.78,323,24.7,295,31.4,307,2013,0.08587797026221335,8,25,0.24242424242424243,33
229,Louisiana Lafayette,SB,13-20,-5.73,100.6,208,106.4,251,68.6,27,-.047,289,-2.68,210,100.8,241,103.4,190,+0.38,140,,SB,68.6,27,100.6,208,48.6,167,19.6,154,29.1,258,35.1,204,106.4,251,48.8,183,20.8,129,35.2,303,43.3,312,68.6,27,70.6,20,17.1,70,16.6,5,100.6,208,98.8,207,106.4,251,102.8,210,76.2,239,-1.1,300,-0.6,234,-1.7,328,-1.2,303,+0.0,176,+1.2,84,0.92,301,22.7,318,28.0,321,2013,0.34420447150654016,13,20,0.3939393939393939,33
327,Louisiana Monroe,SB,4-23,-18.03,92.4,317,110.4,310,65.0,152,-.026,250,-1.61,175,100.6,248,102.2,130,+4.39,53,,SB,65.0,152,92.4,317,48.4,174,24.1,336,27.3,301,31.5,282,110.4,310,53.5,327,21.9,67,34.1,266,39.6,263,65.0,152,67.0,124,18.8,238,17.0,24,92.4,317,88.7,332,110.4,310,107.6,315,76.3,225,-1.2,307,-1.9,320,-0.5,240,-0.7,245,+0.4,142,+1.0,97,0.87,309,25.5,278,36.0,278,2013,0.11437548642201131,4,23,0.14814814814814814,27
85,Louisiana Tech,WAC,27-7,+8.05,101.8,187,93.7,35,68.7,25,+.082,19,-2.40,197,101.9,182,104.3,232,-4.77,285,5,WAC,68.7,25,101.8,187,46.5,267,17.7,50,33.8,99,35.5,186,93.7,35,45.1,38,24.6,13,33.6,250,36.2,176,68.7,25,70.2,24,16.7,39,17.4,65,101.8,187,101.4,159,93.7,35,91.1,15,76.9,141,-0.7,258,-0.4,220,-1.0,277,+0.1,170,+0.6,113,+2.0,29,1.25,234,41.5,13,67.4,48,2013,0.7218159051260792,27,7,0.7941176470588235,34
1,Louisville,BE,35-5,+32.92,117.7,7,84.8,1,65.8,116,-.016,230,+10.23,7,107.4,11,97.2,6,+2.15,100,1,BE,65.8,116,117.7,7,50.5,88,18.3,77,38.2,16,40.0,72,84.8,1,44.8,32,27.0,2,33.3,241,34.9,146,65.8,116,66.5,145,16.4,31,19.4,333,117.7,7,110.5,21,84.8,1,87.0,4,76.7,172,+0.7,91,+1.4,40,-0.1,192,+0.9,78,-1.6,316,-0.2,194,1.70,120,31.3,136,55.3,133,2013,0.9774717633867346,35,5,0.875,40
166,Loyola Chicago,Horz,15-16,+0.12,103.2,156,103.1,180,61.8,284,-.083,327,-2.56,204,100.6,246,103.2,181,-6.53,314,,Horz,61.8,284,103.2,156,50.4,96,20.9,236,30.5,216,35.3,196,103.1,180,49.0,189,18.4,261,26.9,16,30.5,56,61.8,284,63.2,290,19.5,285,18.3,207,103.2,156,101.6,154,103.1,180,99.4,140,76.7,174,-0.5,244,-0.8,257,-0.2,213,-0.0,177,+0.8,95,+0.7,126,1.59,155,35.8,61,48.0,191,2013,0.5027871744510742,15,16,0.4838709677419355,31
124,Loyola MD,MAAC,23-12,+4.13,104.6,140,100.4,132,62.7,254,+.047,58,-1.48,172,101.3,213,102.8,154,-1.26,201,,MAAC,62.7,254,104.6,140,46.7,253,18.5,87,36.9,31,40.4,57,100.4,132,45.8,63,21.2,99,36.5,327,41.7,292,62.7,254,64.3,244,19.8,299,17.7,98,104.6,140,102.8,128,100.4,132,97.5,93,76.7,176,-0.1,190,-0.5,231,+0.3,140,+0.9,77,+0.5,124,-0.8,247,2.32,14,28.6,208,67.6,47,2013,0.6156879624405117,23,12,0.6571428571428571,35
205,Loyola Marymount,WCC,11-23,-3.44,98.4,249,101.9,153,63.4,224,-.016,228,+3.33,107,105.6,64,102.3,133,-2.08,227,,WCC,63.4,224,98.4,249,44.6,310,20.1,180,32.7,132,34.0,231,101.9,153,51.4,278,20.9,123,32.4,191,40.4,274,63.4,224,65.3,202,18.3,201,18.3,205,98.4,249,95.3,272,101.9,153,104.5,257,75.7,291,-0.4,229,-1.1,284,+0.3,140,-0.0,176,-1.6,317,-2.1,312,1.86,79,29.9,180,52.3,155,2013,0.40084678790328243,11,23,0.3235294117647059,34
262,Maine,AE,11-19,-8.80,97.3,268,106.1,247,67.8,44,+.020,134,-2.63,207,100.3,268,102.9,157,-0.80,184,,AE,67.8,44,97.3,268,47.3,235,21.7,271,30.4,217,33.3,245,106.1,247,48.3,158,17.2,306,30.3,103,34.3,131,67.8,44,68.9,54,18.2,195,16.6,7,97.3,268,94.8,283,106.1,247,102.4,203,77.6,47,+0.1,163,-0.1,187,+0.4,128,+1.0,60,+0.8,87,+2.8,9,1.30,224,24.5,297,48.1,188,2013,0.2697866778447555,11,19,0.36666666666666664,30
154,Manhattan,MAAC,14-18,+0.90,95.3,290,94.4,41,60.7,311,-.021,237,+1.19,126,103.6,126,102.4,139,+5.32,34,,MAAC,60.7,311,95.3,290,46.7,252,25.6,345,31.9,159,45.7,8,94.4,41,46.2,74,23.1,30,32.3,187,46.6,332,60.7,311,62.5,303,20.0,315,18.2,184,95.3,290,92.7,304,94.4,41,94.8,48,76.5,199,-0.9,278,-1.4,308,-0.4,227,+1.0,66,+0.7,103,-0.5,227,1.38,205,37.0,45,64.0,67,2013,0.5272530831962489,14,18,0.4375,32
238,Marist,MAAC,10-21,-6.60,98.8,243,105.4,231,66.8,68,-.052,298,-0.76,159,101.6,198,102.3,137,+0.19,150,,MAAC,66.8,68,98.8,243,48.4,175,20.8,228,27.0,307,39.6,79,105.4,231,49.9,228,18.9,231,33.1,226,32.0,77,66.8,68,67.7,93,17.2,74,18.0,152,98.8,243,95.4,268,105.4,231,103.0,219,75.7,294,-0.1,186,+1.1,65,-1.2,303,+0.3,135,-1.4,305,-3.3,339,1.91,66,26.7,248,75.9,19,2013,0.32220697267545706,10,21,0.3225806451612903,31
26,Marquette,BE,26-9,+18.32,113.2,24,94.9,45,63.3,230,+.090,11,+9.28,13,105.9,49,96.6,1,-1.14,196,3,BE,63.3,230,113.2,24,49.6,112,20.9,234,38.3,15,40.9,45,94.9,45,46.2,76,19.5,196,33.1,231,31.7,73,63.3,230,63.4,279,18.6,228,19.2,322,113.2,24,105.5,74,94.9,45,97.4,92,77.1,100,+0.3,143,+0.5,116,+0.1,174,+0.2,158,+1.0,74,+0.8,113,2.00,53,33.7,94,57.5,119,2013,0.8836875342077337,26,9,0.7428571428571429,35
217,Marshall,CUSA,13-19,-4.35,102.3,179,106.6,254,66.4,89,-.009,207,+0.39,136,102.9,141,102.5,143,-3.81,269,,CUSA,66.4,89,102.3,179,48.1,196,22.9,315,37.6,22,45.0,13,106.6,254,49.8,220,19.2,215,36.1,325,38.4,238,66.4,89,68.7,62,17.0,64,17.7,103,102.3,179,99.2,197,106.6,254,105.5,275,78.5,4,+1.4,26,+0.8,84,+2.1,4,+2.5,4,+1.4,41,+2.8,16,1.35,210,25.5,276,47.8,193,2013,0.38378837779254027,13,19,0.40625,32
52,Maryland,ACC,25-13,+13.62,107.1,96,93.4,31,66.2,97,-.032,262,+4.07,94,105.3,77,101.2,107,-11.03,344,2,ACC,66.2,97,107.1,96,51.6,60,22.2,293,36.9,32,34.5,217,93.4,31,43.6,12,15.7,333,27.9,41,29.7,45,66.2,97,67.3,112,17.3,85,18.3,208,107.1,96,104.7,91,93.4,31,94.8,49,78.4,6,+2.0,10,+2.8,10,+1.3,32,+1.6,26,+1.6,32,+1.8,55,1.28,229,38.1,34,35.7,281,2013,0.8283564722278138,25,13,0.6578947368421053,38
344,Maryland Eastern Shore,MEAC,2-26,-24.68,86.6,341,111.3,319,62.6,259,-.028,254,-4.66,261,96.8,331,101.5,115,+4.69,47,,MEAC,62.6,259,86.6,341,39.8,345,23.5,328,34.9,68,35.3,198,111.3,319,53.7,328,21.4,89,34.0,265,33.2,104,62.6,259,64.6,233,19.7,296,17.3,45,86.6,341,84.3,343,111.3,319,106.4,296,76.0,256,+0.1,160,+1.3,41,-1.0,283,-0.7,247,+0.5,123,-3.1,334,0.70,330,36.6,47,33.5,298,2013,0.05286557846902425,2,26,0.07142857142857142,28
86,Massachusetts,A10,21-12,+7.91,107.4,84,99.5,114,69.8,8,+.080,22,+4.89,81,105.2,79,100.3,84,+1.28,124,2,A10,69.8,8,107.4,84,49.5,122,20.4,201,32.5,141,35.8,177,99.5,114,47.4,122,18.8,239,32.6,199,35.0,147,69.8,8,70.9,15,15.2,5,18.7,272,107.4,84,102.8,127,99.5,114,100.8,167,77.2,96,+0.8,77,+0.1,145,+1.4,28,+2.2,7,+1.8,21,-2.9,331,2.18,31,31.9,126,67.3,49,2013,0.7065380742313467,21,12,0.6363636363636364,33
291,McNeese St.,Slnd,14-16,-12.23,96.0,283,108.2,278,62.9,245,+.089,12,-4.33,255,100.2,269,104.6,239,+5.79,30,,Slnd,62.9,245,96.0,283,44.9,307,18.1,70,32.0,153,30.3,308,108.2,278,48.3,159,19.1,222,38.0,342,35.6,165,62.9,245,66.1,174,18.7,233,17.5,79,96.0,283,95.2,277,108.2,278,104.9,265,75.9,268,-1.5,322,-1.6,311,-1.5,319,-1.0,284,-0.4,218,+0.9,105,1.40,203,22.5,321,59.4,106,2013,0.2016873620354607,14,16,0.4666666666666667,30
37,Memphis,CUSA,31-5,+16.33,107.3,85,91.0,17,68.3,31,+.056,39,+1.90,120,104.8,93,102.9,161,+0.43,138,6,CUSA,68.3,31,107.3,85,52.4,41,20.8,224,35.7,50,37.2,134,91.0,17,45.5,52,22.1,56,31.2,143,34.9,143,68.3,31,69.6,35,16.0,18,18.3,199,107.3,85,106.2,65,91.0,17,92.6,29,76.9,133,+0.1,162,+0.1,145,+0.1,166,-0.2,199,+0.4,128,+1.0,99,1.65,138,28.5,211,55.2,135,2013,0.8693069846395162,31,5,0.8611111111111112,36
127,Mercer,ASun,24-12,+3.96,104.0,148,100.1,128,61.3,298,+.027,113,-4.51,260,100.4,259,104.9,259,+2.75,86,7,ASun,61.3,298,104.0,148,50.3,97,19.6,150,29.6,241,35.6,183,100.1,128,46.6,86,21.7,72,32.7,205,40.3,271,61.3,298,63.0,293,18.8,237,19.0,313,104.0,148,103.5,113,100.1,128,95.8,63,77.3,82,+0.5,122,+1.2,50,-0.3,221,+0.6,109,+0.8,99,+1.1,90,1.79,93,30.6,164,76.0,18,2013,0.6081503571852397,24,12,0.6666666666666666,36
13,Miami FL,ACC,29-7,+22.37,113.6,22,91.3,18,61.9,281,+.028,108,+8.41,20,107.7,9,99.3,54,+4.96,42,2,ACC,61.9,281,113.6,22,51.9,49,16.7,16,31.3,185,34.6,215,91.3,18,45.7,58,18.4,264,28.4,52,28.3,25,61.9,281,64.0,263,19.8,305,17.6,87,113.6,22,108.5,33,91.3,18,94.4,45,78.0,18,+2.4,3,+2.2,17,+2.5,1,+0.8,82,+2.4,7,-0.8,243,2.19,30,23.8,307,70.9,39,2013,0.9250569121108668,29,7,0.8055555555555556,36
241,Miami OH,MAC,9-22,-7.03,98.7,245,105.7,241,64.1,195,-.066,312,+1.44,123,102.7,147,101.3,108,+4.96,41,,MAC,64.1,195,98.7,245,48.3,189,21.9,277,27.5,296,36.1,168,105.7,241,54.0,332,23.1,31,34.1,267,37.6,211,64.1,195,65.2,212,18.9,245,17.7,100,98.7,245,95.3,274,105.7,241,105.0,266,76.3,224,+0.2,158,+0.1,162,+0.2,160,-1.6,325,-0.4,217,+0.1,167,1.63,142,31.5,132,45.7,207,2013,0.31260269943166114,9,22,0.2903225806451613,31
4,Michigan,B10,31-8,+27.86,121.9,1,94.0,37,64.0,198,-.007,197,+11.13,3,108.2,5,97.0,3,-3.09,257,4,B10,64.0,198,121.9,1,54.6,11,14.6,1,32.5,139,28.4,329,94.0,37,48.0,148,18.7,243,29.4,71,22.7,1,64.0,198,64.0,261,18.9,243,18.4,229,121.9,1,115.3,3,94.0,37,97.7,98,77.3,80,+0.0,176,+0.6,108,-0.5,239,+1.3,37,+2.4,6,-0.4,221,1.33,214,20.3,330,44.1,217,2013,0.9520711396719321,31,8,0.7948717948717948,39
10,Michigan St.,B10,27-9,+24.17,112.6,29,88.5,7,63.1,238,+.001,174,+11.91,1,108.8,2,96.9,2,-0.75,183,3,B10,63.1,238,112.6,29,50.6,85,20.8,227,36.1,41,36.6,154,88.5,7,44.5,28,19.2,216,27.6,35,32.4,84,63.1,238,64.1,253,17.9,157,19.5,338,112.6,29,105.0,85,88.5,7,92.6,30,77.5,60,+1.0,49,+0.8,82,+1.3,46,+0.7,88,+0.9,79,+0.5,145,1.29,228,28.5,209,56.0,128,2013,0.94101358329926,27,9,0.75,36
44,Middle Tennessee,SB,28-6,+14.77,107.3,89,92.5,28,63.4,223,+.052,48,-2.30,191,100.7,243,103.0,171,+4.87,43,11,SB,63.4,223,107.3,89,51.2,71,20.7,216,36.5,38,41.4,40,92.5,28,44.3,22,23.6,19,28.9,62,42.7,304,63.4,223,65.8,183,17.7,140,18.6,257,107.3,89,107.0,50,92.5,28,88.2,5,76.1,245,-0.2,205,-0.4,222,+0.0,177,-0.8,268,-0.8,260,-0.4,219,1.42,190,41.9,10,73.0,30,2013,0.8464246761147748,28,6,0.8235294117647058,34
301,Milwaukee,Horz,8-24,-13.34,95.2,293,108.6,283,64.6,175,-.004,189,+0.59,134,102.6,150,102.0,123,-1.56,213,,Horz,64.6,175,95.2,293,44.6,312,21.5,262,29.0,264,36.1,167,108.6,283,50.5,246,17.6,292,35.0,297,30.2,52,64.6,175,65.5,194,18.6,227,17.8,118,95.2,293,91.4,317,108.6,283,107.1,305,76.6,186,+0.5,117,+0.4,123,+0.6,104,+1.4,29,-0.7,251,-1.9,301,1.09,270,33.3,106,43.1,227,2013,0.18027996529117707,8,24,0.25,32
20,Minnesota,B10,21-13,+19.85,114.8,16,95.0,46,62.3,274,-.036,273,+11.22,2,108.5,3,97.3,7,+2.07,103,11,B10,62.3,274,114.8,16,49.3,125,21.5,263,43.8,1,41.6,37,95.0,46,45.6,55,20.2,161,33.4,244,36.7,192,62.3,274,63.4,280,18.7,235,18.9,301,114.8,16,107.8,38,95.0,46,97.9,105,77.3,84,+0.5,114,+0.5,117,+0.6,102,+0.1,167,+1.1,67,+1.1,92,1.78,97,30.2,171,75.0,23,2013,0.8981757808534284,21,13,0.6176470588235294,34
34,Mississippi,SEC,27-9,+16.95,112.3,30,95.3,51,69.2,19,-.011,213,+3.19,108,103.4,131,100.2,80,-7.55,326,12,SEC,69.2,19,112.3,30,49.1,134,15.9,9,34.1,92,38.8,93,95.3,51,46.4,78,21.5,85,31.8,166,31.1,65,69.2,19,70.6,22,16.2,24,17.9,136,112.3,30,108.0,36,95.3,51,94.1,42,77.0,123,+0.2,149,+0.1,145,+0.3,133,+0.4,126,+0.5,125,+0.5,141,2.14,37,29.8,182,60.2,100,2013,0.8684881051952759,27,9,0.75,36
256,Mississippi St.,SEC,10-22,-8.01,91.8,322,99.9,124,66.8,67,-.010,211,+4.36,88,104.4,102,100.1,74,-6.01,310,,SEC,66.8,67,91.8,322,44.6,311,24.8,342,30.5,215,40.8,48,99.9,124,49.9,231,22.3,50,36.1,324,25.8,10,66.8,67,68.3,76,18.4,212,17.5,70,91.8,322,87.6,337,99.9,124,101.6,188,76.9,145,+0.3,142,-0.1,184,+0.6,100,-0.3,205,+0.4,131,+0.6,134,0.33,345,32.1,123,10.2,343,2013,0.27440040629838586,10,22,0.3125,32
339,Mississippi Valley St.,SWAC,5-23,-22.01,90.1,330,112.1,324,69.4,15,-.070,318,-8.30,334,96.4,339,104.7,249,+7.00,17,,SWAC,69.4,15,90.1,330,42.2,338,21.5,258,31.6,175,39.5,81,112.1,324,51.5,282,22.2,52,37.4,338,43.1,309,69.4,15,70.7,18,17.4,97,16.3,3,90.1,330,88.8,331,112.1,324,104.2,252,75.5,309,-0.9,277,-0.8,255,-1.0,274,-0.6,242,-1.6,323,-1.6,282,0.00,346,36.1,57,0.0,345,2013,0.07499217634174163,5,23,0.17857142857142858,28
25,Missouri,SEC,23-11,+18.53,114.9,15,96.4,63,66.3,93,-.032,263,+5.62,70,105.1,83,99.5,59,-2.02,225,9,SEC,66.3,93,114.9,15,51.2,70,19.0,122,38.7,11,35.1,205,96.4,63,46.1,72,17.5,293,28.6,57,29.7,46,66.3,93,68.2,80,16.6,34,18.5,235,114.9,15,110.8,20,96.4,63,96.9,79,77.5,51,+1.1,46,+0.6,102,+1.6,17,+0.9,70,+2.0,16,-0.4,222,1.98,54,33.5,99,16.5,341,2013,0.8827665779789081,23,11,0.6764705882352942,34
212,Missouri St.,MVC,11-22,-3.82,101.0,202,104.8,214,59.6,330,+.023,124,+6.00,61,105.5,70,99.5,60,+0.98,128,,MVC,59.6,330,101.0,202,44.9,302,16.8,19,25.8,327,34.4,219,104.8,214,51.9,299,19.5,195,31.7,160,37.9,227,59.6,330,61.0,333,20.9,337,18.4,223,101.0,202,94.6,284,104.8,214,106.5,299,76.1,251,-1.2,310,-1.4,303,-1.1,287,-0.7,257,-0.1,188,+0.5,140,0.96,295,33.3,107,39.7,253,2013,0.39538487689923024,11,22,0.3333333333333333,33
309,Monmouth,NEC,10-21,-13.90,91.7,325,105.6,238,68.4,28,+.019,136,-4.32,254,101.3,212,105.7,302,+0.58,134,,NEC,68.4,28,91.7,325,44.4,318,20.9,238,29.8,237,32.3,266,105.6,238,52.9,317,25.5,8,35.2,302,41.5,288,68.4,28,70.8,16,16.2,27,17.5,73,91.7,325,91.7,315,105.6,238,102.9,216,74.4,346,-1.4,316,-1.1,283,-1.8,333,-1.6,322,-2.9,343,-3.8,342,1.46,182,40.1,18,55.8,130,2013,0.16478275314785215,10,21,0.3225806451612903,31
145,Montana,BSky,25-7,+2.14,104.9,134,102.8,173,62.7,253,+.175,1,-5.21,276,101.8,186,107.0,337,+8.71,10,13,BSky,62.7,253,104.9,134,52.9,31,19.1,129,25.1,334,40.6,53,102.8,173,48.6,168,18.3,267,30.5,112,35.9,171,62.7,253,63.9,267,18.9,249,18.5,231,104.9,134,106.7,57,102.8,173,101.5,187,76.9,131,-0.1,196,-0.2,198,-0.1,195,+0.5,117,+0.2,156,+1.2,82,1.54,165,36.2,53,46.5,203,2013,0.5578781058107352,25,7,0.78125,32
302,Montana St.,BSky,13-17,-13.38,100.4,213,113.8,336,64.8,168,+.032,99,-8.38,335,99.2,311,107.5,345,-5.82,307,,BSky,64.8,168,100.4,213,47.8,214,17.0,24,29.2,253,37.3,130,113.8,336,55.5,343,21.1,108,30.1,97,39.6,262,64.8,168,66.4,154,17.8,146,18.1,175,100.4,213,103.2,120,113.8,336,109.1,327,75.4,313,-1.0,283,-0.1,193,-1.8,334,-0.8,263,-1.4,304,-1.7,287,0.56,341,37.9,37,34.9,287,2013,0.19143331748984146,13,17,0.43333333333333335,30
225,Morehead St.,OVC,15-18,-5.04,99.6,224,104.6,207,68.2,33,+.033,96,-0.87,161,103.7,124,104.5,238,+4.03,63,,OVC,68.2,33,99.6,224,48.0,204,24.7,340,39.5,5,39.0,89,104.6,207,52.5,310,23.2,28,30.2,100,59.4,347,68.2,33,69.9,28,17.4,93,16.8,12,99.6,224,98.7,213,104.6,207,103.9,242,77.1,108,+0.5,110,+0.8,81,+0.3,140,+0.5,118,+0.0,178,+0.8,113,0.81,319,42.3,9,38.3,265,2013,0.36278749550425,15,18,0.45454545454545453,33
202,Morgan St.,MEAC,16-15,-3.19,99.4,229,102.6,166,65.9,110,-.049,293,-6.89,317,96.8,332,103.6,199,+0.88,129,,MEAC,65.9,110,99.4,229,48.0,199,22.1,287,37.5,23,39.4,83,102.6,166,45.2,41,21.6,79,35.9,316,37.6,216,65.9,110,67.2,117,17.0,65,18.5,249,99.4,229,98.6,215,102.6,166,95.5,59,77.7,35,+2.1,9,+2.8,8,+1.4,25,+0.7,97,-0.4,221,+1.1,85,1.52,169,26.7,250,47.8,195,2013,0.4098980328236448,16,15,0.5161290322580645,31
211,Mount St. Mary's,NEC,18-14,-3.78,102.5,175,106.3,250,66.0,107,+.118,3,-3.85,242,101.8,190,105.6,299,+3.04,78,,NEC,66.0,107,102.5,175,50.5,93,18.3,78,28.6,274,31.9,273,106.3,250,55.7,345,23.9,18,33.9,260,38.2,233,66.0,107,67.6,97,18.1,176,16.9,18,102.5,175,102.5,134,106.3,250,105.6,277,75.6,299,-0.6,252,+0.8,83,-2.0,336,-2.2,339,-0.6,235,-0.9,254,1.66,135,36.0,58,51.1,166,2013,0.3968449611524191,18,14,0.5625,32
131,Murray St.,OVC,21-10,+3.37,105.6,123,102.3,161,64.9,157,-.012,216,-3.07,221,102.2,168,105.3,278,+2.40,94,,OVC,64.9,157,105.6,123,52.4,42,20.5,209,32.5,142,39.0,90,102.3,161,48.1,151,20.2,158,31.8,163,33.5,116,64.9,157,66.8,131,18.2,190,17.5,71,105.6,123,106.5,60,102.3,161,100.2,156,76.2,242,-0.7,256,-0.6,236,-0.7,259,-1.3,304,-0.5,231,+0.8,113,1.60,154,23.3,310,33.5,297,2013,0.5902768631090568,21,10,0.6774193548387096,31
33,N.C. State,ACC,24-11,+16.99,116.8,10,99.8,122,66.8,69,-.032,259,+6.54,53,106.1,40,99.5,61,-0.36,167,8,ACC,66.8,69,116.8,10,54.2,15,18.0,62,34.7,76,40.9,47,99.8,122,46.8,100,16.6,320,32.6,198,29.0,34,66.8,69,68.6,67,16.5,33,18.5,247,116.8,10,112.2,12,99.8,122,102.1,197,78.0,23,+0.6,96,-0.0,179,+1.3,32,+2.0,12,+2.6,4,+1.0,98,2.33,12,19.3,337,61.9,83,2013,0.859227812521172,24,11,0.6857142857142857,35
263,NJIT,GWC,16-13,-8.82,94.6,297,103.4,185,65.9,109,-.048,290,-11.06,346,95.4,346,106.4,323,-7.89,330,,GWC,65.9,109,94.6,297,45.8,288,21.5,261,33.8,98,41.3,42,103.4,185,45.1,37,21.1,104,31.9,170,41.7,291,65.9,109,68.4,74,17.2,77,17.9,131,94.6,297,95.9,263,103.4,185,94.9,50,76.4,205,-1.2,305,-0.9,265,-1.5,317,-0.6,234,+0.2,157,+1.8,41,1.66,136,31.2,141,37.5,268,2013,0.2644636614865161,16,13,0.5517241379310345,29
317,Navy,Pat,8-23,-15.20,90.0,331,105.2,221,59.4,334,-.049,292,-4.13,250,100.5,257,104.6,243,-7.82,329,,Pat,59.4,334,90.0,331,44.1,323,18.3,79,25.8,328,27.9,338,105.2,221,49.6,210,21.6,80,34.0,264,38.4,239,59.4,334,60.3,340,20.1,318,19.4,334,90.0,331,89.6,326,105.2,221,101.5,185,74.7,339,-0.8,267,-0.8,256,-0.7,261,-1.4,310,-3.0,344,-3.4,341,0.68,333,36.5,49,37.3,272,2013,0.14250762929282465,8,23,0.25806451612903225,31
136,Nebraska,B10,15-18,+3.03,102.1,181,99.1,107,60.5,318,+.104,7,+10.22,8,108.0,8,97.8,15,-1.29,202,,B10,60.5,318,102.1,181,45.4,296,17.2,30,26.4,318,28.4,331,99.1,107,48.6,172,18.0,278,30.9,129,38.9,248,60.5,318,61.6,321,20.1,319,18.6,255,102.1,181,94.4,289,99.1,107,103.2,223,77.0,113,+1.0,56,+1.5,36,+0.5,118,+0.7,90,+0.4,140,-0.8,250,1.44,185,20.6,329,27.3,324,2013,0.5849112477095801,15,18,0.45454545454545453,33
321,Nebraska Omaha,Sum,11-20,-16.33,101.8,185,118.1,345,70.9,3,+.095,8,-3.99,248,101.0,229,105.0,261,-1.90,221,,Sum,70.9,3,101.8,185,51.5,63,20.1,185,24.5,337,28.9,326,118.1,345,55.7,344,17.6,289,37.1,333,29.1,36,70.9,3,71.1,10,15.9,16,17.9,141,101.8,185,99.3,192,118.1,345,115.7,345,75.8,286,-0.6,249,-1.0,279,-0.2,206,-1.7,328,-1.2,288,-0.2,209,1.01,288,32.9,112,61.4,86,2013,0.15342348423817853,11,20,0.3548387096774194,31
172,Nevada,MWC,12-19,-0.28,105.1,131,105.4,233,65.5,130,+.038,83,+6.56,52,106.1,39,99.5,62,-1.12,195,,MWC,65.5,130,105.1,131,47.3,234,18.8,105,28.9,266,41.8,34,105.4,233,51.8,294,18.7,244,32.0,178,40.2,270,65.5,130,66.5,147,17.2,81,18.7,269,105.1,131,99.6,185,105.4,233,107.3,310,78.1,16,+1.0,53,+0.6,107,+1.4,24,+2.3,6,+2.0,14,+1.1,89,2.03,47,29.5,188,63.1,72,2013,0.491805953780371,12,19,0.3870967741935484,31
267,New Hampshire,AE,9-20,-9.41,92.8,315,102.2,159,62.9,249,-.054,301,-3.11,222,100.4,260,103.5,192,-1.24,200,,AE,62.9,249,92.8,315,43.9,325,18.6,97,28.1,289,34.7,211,102.2,159,45.8,61,18.8,235,30.5,114,36.3,178,62.9,249,63.9,266,18.6,226,18.9,298,92.8,315,91.1,320,102.2,159,98.2,111,77.2,95,+0.0,174,+0.7,93,-0.6,243,+1.0,65,+1.1,62,+0.6,137,2.20,28,27.1,236,65.4,60,2013,0.24794958257144709,9,20,0.3103448275862069,29
23,New Mexico,MWC,29-6,+19.02,109.9,53,90.9,16,63.7,214,+.073,27,+7.98,25,106.4,31,98.4,25,+4.42,51,3,MWC,63.7,214,109.9,53,48.4,178,17.6,46,29.3,250,45.7,9,90.9,16,45.9,66,19.5,197,27.6,33,25.7,9,63.7,214,64.7,229,17.7,132,19.2,328,109.9,53,103.3,115,90.9,16,93.1,33,77.8,33,+1.7,18,+2.3,14,+1.1,62,+1.0,62,+1.0,75,+0.6,138,1.75,107,27.0,243,62.0,81,2013,0.898696543149382,29,6,0.8285714285714286,35
88,New Mexico St.,WAC,24-11,+7.68,104.7,137,97.1,76,63.8,212,+.039,78,+0.36,138,102.7,148,102.3,135,+3.94,64,13,WAC,63.8,212,104.7,137,49.3,127,21.9,279,36.9,33,47.0,4,97.1,76,45.4,49,18.6,246,29.8,87,30.7,60,63.8,212,65.2,214,19.6,290,17.1,27,104.7,137,102.4,135,97.1,76,95.9,65,78.4,7,+3.6,1,+5.6,1,+1.7,14,+1.0,59,-0.4,220,+0.9,109,1.27,231,30.5,166,40.3,250,2013,0.7040406619821266,24,11,0.6857142857142857,35
345,New Orleans,ind,8-18,-25.21,87.9,339,113.2,332,69.4,14,+.042,70,-7.06,320,98.4,319,105.5,290,-7.06,323,,ind,69.4,14,87.9,339,44.9,304,24.5,339,27.5,298,38.8,95,113.2,332,54.0,331,21.1,102,36.6,328,41.5,289,69.4,14,71.4,9,16.3,28,17.3,40,87.9,339,87.2,339,113.2,332,108.6,324,74.9,333,-1.6,325,-2.0,331,-1.2,291,-0.5,224,-1.6,317,-3.1,336,0.00,346,37.7,38,0.0,0,2013,0.051710540568692565,8,18,0.3076923076923077,26
139,Niagara,MAAC,19-14,+2.81,107.0,97,104.2,202,67.7,47,+.012,146,-0.54,152,102.3,166,102.8,155,+0.28,148,7,MAAC,67.7,47,107.0,97,48.3,185,16.4,13,32.5,140,38.0,110,104.2,202,51.7,292,22.5,41,33.0,225,40.6,277,67.7,47,68.9,55,16.1,21,18.7,278,107.0,97,105.7,70,104.2,202,102.9,217,76.0,254,-1.0,287,-1.0,277,-1.1,284,-1.4,311,+0.4,131,+0.1,162,1.76,104,26.9,246,73.4,29,2013,0.5756502096963134,19,14,0.5757575757575758,33
290,Nicholls St.,Slnd,9-21,-12.17,98.6,247,110.8,314,66.1,103,-.024,245,-4.75,263,99.8,287,104.6,240,+3.37,73,,Slnd,66.1,103,98.6,247,48.7,154,20.2,188,30.1,231,40.0,69,110.8,314,52.1,303,20.9,118,35.1,300,39.3,255,66.1,103,67.4,107,18.1,182,17.3,47,98.6,247,98.1,227,110.8,314,107.3,309,75.3,324,-2.6,346,-2.9,346,-2.3,343,-2.0,332,-0.6,235,+1.1,87,1.49,176,33.7,93,47.1,199,2013,0.2072571837181363,9,21,0.3,30
216,Norfolk St.,MEAC,21-12,-4.26,96.4,281,100.6,135,67.1,60,+.112,5,-7.02,319,97.8,325,104.8,255,+0.29,144,8,MEAC,67.1,60,96.4,281,46.2,272,21.1,247,33.7,101,40.0,70,100.6,135,44.9,33,21.9,65,36.0,318,38.5,240,67.1,60,68.7,64,17.1,69,17.6,90,96.4,281,96.2,254,100.6,135,95.1,55,78.2,14,+1.2,39,+1.3,44,+1.1,60,+1.3,45,+1.8,25,+2.5,18,1.10,266,31.0,150,33.4,300,2013,0.3797923596011827,21,12,0.6363636363636364,33
32,North Carolina,ACC,25-11,+17.14,112.2,31,95.1,47,69.6,12,+.038,86,+8.57,19,106.6,25,98.0,17,-0.95,189,8,ACC,69.6,12,112.2,31,49.3,129,17.2,33,34.6,77,28.2,335,95.1,47,48.0,147,21.5,87,31.6,156,27.1,18,69.6,12,71.6,6,15.8,14,17.6,86,112.2,31,105.5,76,95.1,47,96.9,80,77.6,49,+0.8,78,+0.3,128,+1.2,54,+1.1,54,+1.5,36,+0.6,133,1.20,245,28.8,203,34.0,294,2013,0.8700692591245349,25,11,0.6944444444444444,36
227,North Carolina A&T,MEAC,20-17,-5.30,93.2,311,98.5,96,65.5,134,+.037,90,-6.98,318,97.2,329,104.2,229,-1.55,211,16,MEAC,65.5,134,93.2,311,45.7,293,22.7,307,29.8,236,42.6,29,98.5,96,45.2,40,23.4,24,33.1,232,41.0,282,65.5,134,66.8,132,17.8,143,18.0,156,93.2,311,92.0,312,98.5,96,92.5,27,76.9,139,-0.5,242,-1.0,280,+0.0,179,+0.5,113,+0.8,94,+1.1,91,1.67,130,25.6,274,56.0,129,2013,0.3461396467423335,20,17,0.5405405405405406,37
164,North Carolina Central,MEAC,22-9,+0.32,99.3,230,99.0,106,62.8,252,+.026,118,-7.69,331,96.3,340,104.0,219,+1.39,118,,MEAC,62.8,252,99.3,230,49.3,126,23.0,317,30.6,211,45.5,11,99.0,106,45.6,57,22.9,33,31.1,135,38.8,247,62.8,252,64.0,256,18.6,224,18.6,260,99.3,230,99.2,195,99.0,106,91.5,18,76.4,214,-0.9,275,-1.9,320,+0.1,170,+0.6,107,+0.3,146,-0.3,215,1.07,276,24.4,298,43.0,228,2013,0.5086980700558718,22,9,0.7096774193548387,31
250,North Dakota,BSky,16-17,-7.78,97.2,269,105.0,219,66.4,90,+.038,84,-5.78,295,100.8,238,106.6,328,+3.01,79,,BSky,66.4,90,97.2,269,47.1,241,18.9,112,29.6,240,36.5,158,105.0,219,49.1,193,19.9,179,32.9,219,33.7,119,66.4,90,67.3,113,17.6,125,18.0,150,97.2,269,98.5,217,105.0,219,102.9,218,75.6,301,+0.1,168,+0.7,95,-0.5,238,-1.9,330,-1.6,317,-1.6,285,2.03,48,32.9,113,76.6,14,2013,0.29158865137556705,16,17,0.48484848484848486,33
75,North Dakota St.,Sum,24-10,+10.03,105.5,125,95.4,53,59.6,329,-.015,223,-3.66,239,102.4,153,106.1,315,+2.45,93,,Sum,59.6,329,105.5,125,52.8,32,18.1,69,30.1,232,28.3,332,95.4,53,44.4,23,18.1,274,25.2,5,35.5,161,59.6,329,60.9,334,20.5,327,18.6,261,105.5,125,107.7,43,95.4,53,92.5,28,77.4,62,-0.1,189,-0.7,249,+0.5,111,+1.2,52,+0.9,82,+2.3,20,1.67,128,30.4,169,65.3,62,2013,0.760836725431194,24,10,0.7058823529411765,34
248,North Florida,ASun,13-19,-7.51,101.0,203,108.5,281,64.8,170,-.010,210,-2.60,206,101.0,228,103.6,197,+7.27,15,,ASun,64.8,170,101.0,203,50.6,84,22.1,286,31.0,193,29.7,318,108.5,281,48.3,157,18.6,248,38.1,343,36.5,186,64.8,170,66.3,162,17.9,160,18.1,161,101.0,203,98.9,203,108.5,281,105.9,281,76.7,162,-0.3,224,-0.9,267,+0.3,151,+1.3,37,+0.8,98,-0.8,244,1.91,67,31.7,128,59.1,108,2013,0.3049701172974159,13,19,0.40625,32
259,North Texas,SB,12-20,-8.30,97.2,270,105.5,237,65.3,138,-.023,244,-4.16,251,99.6,298,103.8,203,-3.92,271,,SB,65.3,138,97.2,270,44.4,317,20.7,217,33.6,104,41.5,39,105.5,237,47.8,134,18.5,259,32.8,212,34.3,132,65.3,138,67.5,105,17.2,84,18.2,181,97.2,270,96.0,262,105.5,237,101.4,181,77.1,109,+0.1,159,-0.1,191,+0.5,119,+0.8,86,+1.7,27,-0.4,223,1.32,221,26.3,256,60.7,96,2013,0.2804334092897366,12,20,0.375,32
178,Northeastern,CAA,20-13,-0.76,106.4,111,107.2,260,62.7,257,+.079,23,-2.45,198,101.5,206,104.0,217,-0.63,180,8,CAA,62.7,257,106.4,111,51.0,75,19.8,162,31.4,181,38.8,94,107.2,260,52.2,306,22.3,49,35.7,314,29.1,38,62.7,257,63.8,270,17.8,144,19.6,341,106.4,111,105.7,71,107.2,260,104.7,262,77.1,105,-0.3,216,-0.5,228,-0.0,187,+0.5,112,+0.8,88,+1.6,61,1.66,132,24.9,290,59.7,103,2013,0.4784776261547253,20,13,0.6060606060606061,33
292,Northern Arizona,BSky,11-21,-12.39,96.9,278,109.3,297,66.7,73,+.041,76,-3.98,247,101.2,219,105.2,270,+6.44,22,,BSky,66.7,73,96.9,278,48.7,157,20.5,207,27.0,306,31.4,284,109.3,297,53.2,322,20.2,156,30.7,121,38.8,246,66.7,73,68.7,65,17.5,107,17.4,56,96.9,278,95.9,264,109.3,297,107.4,311,74.8,337,-1.1,292,-1.3,298,-0.8,266,-3.0,346,-2.6,340,-1.0,263,1.73,112,25.9,267,53.2,148,2013,0.20024015345782084,11,21,0.34375,32
242,Northern Colorado,BSky,13-18,-7.09,102.8,166,109.8,300,64.9,158,-.051,297,-5.44,283,100.8,240,106.2,318,+9.14,6,,BSky,64.9,158,102.8,166,51.3,68,20.2,187,31.4,180,33.2,248,109.8,300,53.0,319,19.0,229,29.6,78,33.4,112,64.9,158,65.5,195,17.7,138,18.7,273,102.8,166,103.6,110,109.8,300,107.1,306,76.3,227,-1.2,306,-0.7,241,-1.7,328,-0.2,196,+0.1,171,+0.7,124,1.30,225,25.4,279,67.0,51,2013,0.3191752676638085,13,18,0.41935483870967744,31
322,Northern Illinois,MAC,5-25,-16.72,85.7,344,102.4,163,61.1,301,-.052,300,-2.03,184,101.8,192,103.8,205,-1.69,215,,MAC,61.1,301,85.7,344,39.7,346,23.2,323,33.2,118,35.7,180,102.4,163,50.2,237,22.4,45,29.6,79,51.9,344,61.1,301,62.6,301,19.0,255,19.2,326,85.7,344,84.3,342,102.4,163,100.3,157,76.4,210,-0.0,177,-0.5,232,+0.5,110,+1.1,53,-0.8,262,-1.3,277,0.79,321,44.9,1,44.1,220,2013,0.11431640335376828,5,25,0.16666666666666666,30
68,Northern Iowa,MVC,21-15,+10.84,106.8,100,96.0,61,61.8,288,-.034,269,+5.34,74,105.6,68,100.2,81,+6.52,21,,MVC,61.8,288,106.8,100,51.0,77,18.9,114,24.9,335,33.0,255,96.0,61,49.0,190,19.9,174,27.1,24,26.4,13,61.8,288,63.2,284,19.4,282,18.4,222,106.8,100,102.6,132,96.0,61,97.4,90,76.4,203,+0.3,144,+0.1,169,+0.5,116,-0.9,277,-0.5,228,+0.1,168,2.05,45,24.6,296,75.6,21,2013,0.7731198106755972,21,15,0.5833333333333334,36
244,Northern Kentucky,ASun,11-16,-7.26,97.5,266,104.7,212,58.1,345,-.033,265,-5.25,278,100.1,275,105.3,277,+0.63,131,,ASun,58.1,345,97.5,266,48.1,197,18.9,117,25.2,332,28.4,330,104.7,212,49.8,222,21.0,113,31.7,159,35.7,168,58.1,345,60.4,339,21.9,347,17.6,92,97.5,266,97.4,236,104.7,212,100.7,166,75.3,318,-2.3,343,-2.2,332,-2.3,344,-0.7,247,-0.7,249,-0.5,225,0.52,342,30.5,167,0.0,0,2013,0.30590430653505263,11,16,0.4074074074074074,27
132,Northwestern,B10,13-19,+3.27,104.5,141,101.2,143,60.0,323,-.022,241,+8.62,18,106.9,18,98.2,21,-5.60,303,,B10,60.0,323,104.5,141,47.4,230,17.3,37,25.9,325,33.8,233,101.2,143,48.2,153,19.0,226,36.0,322,37.8,224,60.0,323,61.4,326,20.8,333,17.8,124,104.5,141,98.4,220,101.2,143,103.6,230,77.2,90,+1.1,44,+1.4,39,+0.9,76,-0.3,211,+0.1,168,+0.9,106,1.55,161,31.6,129,45.8,205,2013,0.5912210954804552,13,19,0.40625,32
138,Northwestern St.,Slnd,23-9,+2.82,106.6,106,103.8,195,71.9,1,+.075,25,-3.56,235,99.6,297,103.2,179,+8.11,12,14,Slnd,71.9,1,106.6,106,49.0,142,19.2,130,34.8,73,40.3,66,103.8,195,47.8,137,21.7,74,37.2,337,40.5,275,71.9,1,73.2,1,14.8,2,17.8,119,106.6,106,104.8,90,103.8,195,99.5,143,75.8,274,-0.0,181,-0.5,224,+0.4,126,-0.4,212,-1.9,326,-1.5,281,1.37,207,42.8,6,54.1,142,2013,0.5759334514985418,23,9,0.71875,32
36,Notre Dame,BE,25-10,+16.65,114.6,17,97.9,86,60.3,320,+.046,62,+6.53,54,105.1,82,98.6,34,-6.61,318,7,BE,60.3,320,114.6,17,52.2,46,17.6,45,34.0,95,32.0,270,97.9,86,46.8,97,16.0,329,29.5,72,24.6,4,60.3,320,62.0,313,20.2,323,18.3,197,114.6,17,109.7,23,97.9,86,99.7,145,78.3,11,+1.4,28,+1.0,69,+1.8,8,+1.1,57,+2.4,7,+2.0,32,1.95,59,24.7,294,74.5,27,2013,0.8595146225852771,25,10,0.7142857142857143,35
200,Oakland,Sum,16-17,-3.09,107.3,86,110.4,309,68.1,34,+.041,74,+0.37,137,103.8,119,103.4,188,+10.33,2,,Sum,68.1,34,107.3,86,49.2,130,17.3,36,31.2,190,40.7,52,110.4,309,57.0,347,20.5,142,29.2,65,34.0,126,68.1,34,68.5,72,16.9,55,18.1,172,107.3,86,105.6,73,110.4,309,109.7,330,76.8,154,-0.1,187,+1.0,67,-1.2,297,+0.3,135,+1.8,26,-0.9,252,2.09,41,16.5,345,64.9,63,2013,0.4188400127575074,16,17,0.48484848484848486,33
82,Ohio,MAC,24-10,+9.06,106.6,107,97.5,84,66.5,83,+.020,131,-1.81,179,101.2,220,103.0,165,-3.94,272,6,MAC,66.5,83,106.6,107,53.6,21,18.5,92,27.4,299,31.3,285,97.5,84,47.4,123,25.5,7,34.4,280,45.8,329,66.5,83,67.7,94,16.7,46,18.5,239,106.6,107,106.2,64,97.5,84,94.4,44,76.4,204,-0.1,195,+0.1,145,-0.4,229,-0.4,223,+0.6,116,-0.7,239,2.51,5,31.2,142,91.8,1,2013,0.7361703736644044,24,10,0.7058823529411765,34
7,Ohio St.,B10,29-8,+25.42,115.1,14,89.7,9,63.6,218,+.020,135,+10.18,9,107.3,12,97.1,5,-5.53,302,2,B10,63.6,218,115.1,14,50.6,83,16.2,10,31.9,161,35.4,190,89.7,9,45.4,48,20.7,132,28.2,46,29.5,43,63.6,218,64.3,245,17.7,131,19.4,337,115.1,14,108.9,30,89.7,9,92.4,24,77.6,50,+0.5,115,+0.4,118,+0.6,105,+1.9,14,+0.6,117,+1.3,77,1.61,149,26.0,263,62.8,75,2013,0.9462061485815454,29,8,0.7837837837837838,37
51,Oklahoma,B12,20-12,+13.80,111.1,41,97.3,80,65.2,141,+.004,166,+7.80,27,106.4,30,98.6,31,+2.47,91,10,B12,65.2,141,111.1,41,47.9,209,17.4,38,33.0,123,35.5,188,97.3,80,47.6,128,19.6,189,31.5,155,31.5,70,65.2,141,66.7,135,16.7,45,19.1,317,111.1,41,104.9,88,97.3,80,98.7,128,77.2,93,+0.3,136,-0.2,208,+0.9,77,-0.1,185,+0.4,130,+1.8,40,2.13,38,37.2,43,59.6,104,2013,0.8213124171395806,20,12,0.625,32
24,Oklahoma St.,B12,24-9,+18.69,109.0,66,90.3,14,66.1,104,-.016,229,+6.38,57,106.8,22,100.4,86,-2.26,235,5,B12,66.1,104,109.0,66,48.8,150,18.2,73,31.3,183,40.5,55,90.3,14,44.5,27,21.7,76,30.8,127,35.1,152,66.1,104,67.4,109,16.9,61,18.5,245,109.0,66,105.0,86,90.3,14,91.8,20,77.0,115,+0.6,94,+0.5,111,+0.8,89,+0.3,150,+0.6,114,-0.1,183,1.15,252,23.4,309,49.2,180,2013,0.8970085899155896,24,9,0.7272727272727273,33
276,Old Dominion,CAA,5-25,-10.49,98.6,246,109.1,296,65.3,136,-.112,340,-2.79,212,102.2,170,105.0,260,-2.05,226,,CAA,65.3,136,98.6,246,44.9,303,20.7,221,38.9,8,34.6,213,109.1,296,52.3,308,20.5,144,33.1,228,39.2,252,65.3,136,65.9,179,17.7,137,18.5,250,98.6,246,98.0,228,109.1,296,107.2,308,77.3,74,+0.6,98,+0.6,104,+0.7,98,+0.0,175,+0.8,86,+1.5,63,1.02,285,31.3,137,36.9,273,2013,0.23799077324932758,5,25,0.16666666666666666,30
144,Oral Roberts,Slnd,20-15,+2.23,106.6,104,104.4,205,64.9,163,-.028,253,-2.51,201,100.3,261,102.9,156,+6.69,20,,Slnd,64.9,163,106.6,104,49.9,107,20.6,211,36.1,42,38.0,111,104.4,205,49.3,200,18.7,241,31.6,157,27.5,20,64.9,163,66.6,144,18.2,189,17.7,104,106.6,104,104.9,87,104.4,205,100.9,170,76.8,151,+0.2,146,-0.0,180,+0.5,112,+0.3,131,+0.3,153,-0.0,172,2.16,33,24.2,302,42.8,233,2013,0.5596690730772543,20,15,0.5714285714285714,35
35,Oregon,P12,28-9,+16.78,106.6,105,89.8,11,67.9,37,+.052,47,+5.92,62,105.1,84,99.2,50,-8.08,332,12,P12,67.9,37,106.6,105,49.3,128,21.4,256,35.8,47,38.3,104,89.8,11,46.4,79,22.0,64,27.1,27,33.3,111,67.9,37,68.9,56,17.2,83,17.3,43,106.6,105,102.2,140,89.8,11,90.4,14,77.1,99,+0.8,74,+1.5,35,+0.1,176,+0.8,79,+2.1,10,-2.0,304,1.97,55,32.4,120,42.1,237,2013,0.8778507753048644,28,9,0.7567567567567568,37
97,Oregon St.,P12,14-18,+6.77,109.4,62,102.7,169,67.1,59,-.120,343,+5.16,75,104.3,107,99.1,49,-7.59,327,,P12,67.1,59,109.4,62,49.7,110,19.6,152,34.4,83,37.0,137,102.7,169,48.5,165,17.6,288,32.4,193,30.1,50,67.1,59,68.6,66,17.5,112,17.4,66,109.4,62,104.5,94,102.7,169,102.1,200,77.1,107,+0.9,60,+0.9,76,+1.0,67,+1.9,16,+0.4,131,-1.8,294,1.85,80,26.1,262,66.6,54,2013,0.6740995624004802,14,18,0.4375,32
128,Pacific,BW,22-13,+3.96,106.1,114,102.2,158,62.2,275,+.074,26,+0.86,130,104.2,111,103.3,187,+9.06,7,15,BW,62.2,275,106.1,114,50.5,89,17.8,57,29.2,251,37.7,118,102.2,158,50.0,233,20.0,170,30.7,122,39.3,256,62.2,275,63.2,288,19.3,281,18.4,224,106.1,114,104.9,89,102.2,158,103.3,225,75.9,270,-0.7,260,-1.0,272,-0.4,230,-0.8,266,-1.3,298,-0.1,191,1.09,269,38.3,29,71.6,36,2013,0.6060358506813768,22,13,0.6285714285714286,35
249,Penn,Ivy,9-22,-7.74,94.9,296,102.6,168,66.7,74,-.008,205,-0.47,150,102.4,154,102.9,162,+1.91,107,,Ivy,66.7,74,94.9,296,47.7,216,23.6,329,26.7,311,34.4,220,102.6,168,47.9,140,21.2,98,32.9,216,45.1,324,66.7,74,67.5,103,17.0,63,18.3,209,94.9,296,92.7,305,102.6,168,100.9,168,76.2,230,+0.2,147,+0.6,105,-0.1,196,-1.6,326,-0.4,214,-0.4,218,0.98,293,43.6,2,38.1,266,2013,0.2896337245775792,9,22,0.2903225806451613,31
161,Penn St.,B10,10-21,+0.57,102.1,182,101.5,148,64.0,200,+.020,132,+10.35,6,108.1,7,97.8,13,-2.87,251,,B10,64.0,200,102.1,182,44.3,320,18.8,110,30.8,203,37.2,135,101.5,148,49.4,203,17.6,290,27.1,26,51.1,342,64.0,200,64.4,238,18.4,209,18.8,280,102.1,182,94.6,285,101.5,148,105.2,269,77.3,72,-0.2,210,-0.3,211,-0.2,214,-0.0,179,+1.4,41,+2.8,15,1.33,220,19.9,335,46.0,204,2013,0.5169385548720289,10,21,0.3225806451612903,31
221,Pepperdine,WCC,12-18,-4.77,98.9,236,103.6,190,62.2,276,+.027,112,+1.39,125,104.3,105,102.9,163,-5.28,297,,WCC,62.2,276,98.9,236,48.6,160,22.7,310,32.0,154,34.0,230,103.6,190,47.8,138,17.8,285,33.1,229,33.7,120,62.2,276,64.0,260,19.1,266,18.1,169,98.9,236,96.6,247,103.6,190,104.1,249,76.8,156,-0.2,212,+0.0,174,-0.5,236,-0.7,247,+0.7,105,+1.4,72,1.24,237,31.5,133,30.2,312,2013,0.3696023649141458,12,18,0.4,30
11,Pittsburgh,BE,24-9,+24.08,115.6,12,91.5,21,59.3,337,-.058,304,+4.52,84,104.9,89,100.4,87,-9.69,340,8,BE,59.3,337,115.6,12,51.7,54,18.1,64,40.4,4,37.5,122,91.5,21,44.6,30,22.0,59,30.0,93,36.4,184,59.3,337,60.4,338,19.8,303,19.4,332,115.6,12,113.7,7,91.5,21,91.7,19,77.7,41,+1.4,29,+1.8,23,+0.9,78,+0.6,104,+1.3,54,+0.7,127,1.66,133,36.3,51,58.9,111,2013,0.9363544877700375,24,9,0.7272727272727273,33
258,Portland,WCC,11-21,-8.18,95.2,292,103.4,183,63.6,219,+.036,92,+3.94,95,105.8,54,101.8,121,-0.01,155,,WCC,63.6,219,95.2,292,44.0,324,23.3,326,33.7,103,36.1,166,103.4,183,49.6,211,17.9,283,31.0,132,35.8,170,63.6,219,65.3,200,19.0,257,17.5,74,95.2,292,90.8,322,103.4,183,104.2,251,77.4,66,+0.9,58,+1.7,27,+0.1,165,-0.2,197,+0.7,107,+1.5,66,1.14,254,38.1,33,61.1,90,2013,0.2788470688842606,11,21,0.34375,32
304,Portland St.,BSky,8-20,-13.47,103.5,153,117.0,342,63.9,204,-.102,338,-6.59,311,99.1,312,105.7,304,+4.25,55,,BSky,63.9,204,103.5,153,49.7,111,18.2,74,31.1,192,31.9,274,117.0,342,53.9,330,17.2,308,32.8,209,33.3,109,63.9,204,65.1,215,18.3,204,18.4,230,103.5,153,104.0,103,117.0,342,112.0,340,75.3,319,-1.0,281,-0.5,226,-1.4,314,-1.4,309,-2.1,334,-1.0,262,1.22,239,25.8,268,56.1,127,2013,0.19624561731675444,8,20,0.2857142857142857,28
324,Prairie View A&M,SWAC,15-19,-17.29,88.0,338,105.3,226,66.0,106,+.026,114,-10.82,345,95.4,345,106.2,319,+1.08,126,,SWAC,66.0,106,88.0,338,41.3,342,21.6,266,38.6,12,32.6,263,105.3,226,46.9,104,21.1,103,33.4,242,43.7,315,66.0,106,68.1,83,17.2,73,17.9,127,88.0,338,89.6,327,105.3,226,97.7,100,77.7,36,+1.3,35,+1.7,28,+0.9,74,+0.7,96,+0.8,93,+1.6,60,1.49,179,33.6,96,51.4,163,2013,0.1126472883634545,15,19,0.4411764705882353,34
341,Presbyterian,BSth,8-24,-22.92,94.9,295,117.8,343,60.9,305,+.011,152,-5.50,285,99.7,290,105.2,276,+0.18,151,,BSth,60.9,305,94.9,295,48.9,147,20.8,229,22.7,345,26.4,342,117.8,343,53.8,329,16.4,322,35.2,304,34.7,137,60.9,305,62.3,309,20.0,313,18.3,201,94.9,295,94.5,287,117.8,343,115.1,343,76.5,190,-1.2,303,-1.2,289,-1.1,289,+0.3,135,+1.8,23,-0.2,208,1.73,113,24.2,299,44.4,215,2013,0.07685310460144273,8,24,0.25,32
87,Princeton,Ivy,17-11,+7.88,108.8,70,100.9,139,59.4,335,-.071,321,-1.29,167,101.7,193,103.0,170,+3.16,76,,Ivy,59.4,335,108.8,70,53.6,22,20.1,182,29.8,235,34.6,212,100.9,139,47.9,139,20.8,130,28.6,56,37.5,209,59.4,335,60.2,342,20.7,331,18.9,305,108.8,70,106.7,56,100.9,139,98.4,119,79.2,1,+1.7,19,+1.6,34,+1.8,9,+3.0,2,+3.4,1,+3.3,5,1.78,96,27.6,224,59.9,102,2013,0.7040973642637661,17,11,0.6071428571428571,28
69,Providence,BE,19-15,+10.75,107.9,76,97.2,78,64.9,160,-.027,252,+5.77,65,104.7,97,98.9,42,-5.77,306,4,BE,64.9,160,107.9,76,45.9,282,19.1,127,37.4,25,37.4,127,97.2,78,46.2,73,19.9,178,32.3,188,33.0,102,64.9,160,65.8,181,18.8,242,17.5,75,107.9,76,101.8,150,97.2,78,97.6,94,77.0,116,+0.3,139,+0.3,135,+0.3,136,+0.6,108,+0.0,177,+0.9,102,1.90,68,26.6,251,60.8,95,2013,0.7687013587571013,19,15,0.5588235294117647,34
74,Purdue,B10,16-18,+10.33,107.0,98,96.6,70,65.6,125,-.060,307,+8.01,23,106.3,35,98.3,24,-2.89,253,,B10,65.6,125,107.0,98,46.3,270,19.0,124,37.1,28,33.5,239,96.6,70,45.5,53,17.1,311,30.0,95,33.3,107,65.6,125,65.6,190,18.0,165,18.4,216,107.0,98,100.2,180,96.6,70,98.2,109,76.9,135,+0.9,59,+1.9,20,-0.0,188,-0.0,180,-0.3,206,-0.1,176,1.10,267,31.6,130,40.9,248,2013,0.7642055005808478,16,18,0.47058823529411764,34
207,Quinnipiac,NEC,15-16,-3.54,102.3,177,105.9,243,65.3,139,-.032,260,-4.77,264,102.0,173,106.8,334,-1.50,208,,NEC,65.3,139,102.3,177,46.5,265,20.2,191,41.1,3,41.1,43,105.9,243,49.3,202,15.7,335,25.8,7,42.2,296,65.3,139,67.6,98,18.1,181,17.3,41,102.3,177,104.1,102,105.9,243,103.6,229,76.0,258,-0.3,223,-0.8,251,+0.1,171,-0.7,246,-0.6,247,-1.1,269,1.79,94,33.4,102,65.4,61,2013,0.4018568523861307,15,16,0.4838709677419355,31
296,Radford,BSth,13-19,-12.66,91.3,326,104.0,199,66.1,101,+.008,157,-7.58,329,99.5,299,107.1,339,-2.43,243,,BSth,66.1,101,91.3,326,44.2,321,19.5,143,32.2,146,35.8,175,104.0,199,49.0,191,21.6,78,31.9,174,39.9,267,66.1,101,68.1,85,17.5,108,17.5,69,91.3,326,94.1,292,104.0,199,99.5,142,75.8,278,-1.1,293,-1.0,275,-1.2,292,-0.7,247,-0.9,270,-0.2,194,1.06,278,35.1,72,43.4,224,2013,0.18275965796286653,13,19,0.40625,32
193,Rhode Island,A10,8-21,-2.24,100.5,209,102.8,172,61.6,292,-.042,281,+4.91,79,105.5,72,100.6,92,+1.39,120,,A10,61.6,292,100.5,209,46.0,280,18.8,107,28.4,281,35.9,173,102.8,172,48.7,180,19.6,190,35.5,309,40.0,268,61.6,292,63.3,283,21.0,339,17.3,48,100.5,209,95.7,265,102.8,172,104.5,254,76.5,194,+0.1,166,+0.1,171,+0.1,163,+0.5,116,-0.4,210,-0.9,251,1.26,233,26.1,261,37.3,271,2013,0.43531019506544494,8,21,0.27586206896551724,29
325,Rice,CUSA,5-26,-17.45,96.0,284,113.4,334,61.5,295,-.032,261,-0.70,156,102.3,162,103.1,173,-4.97,289,,CUSA,61.5,295,96.0,284,46.9,244,16.7,18,19.2,347,28.2,334,113.4,334,55.3,341,21.0,111,36.6,329,46.7,333,61.5,295,63.4,278,20.1,317,17.8,109,96.0,284,94.1,293,113.4,334,111.8,338,74.8,336,-2.0,337,-1.6,313,-2.4,345,-1.7,328,-0.5,227,-2.5,326,1.19,248,25.8,269,23.8,334,2013,0.12835394501903402,5,26,0.16129032258064516,31
83,Richmond,A10,19-15,+8.08,110.0,51,102.0,154,62.4,270,-.017,232,+3.45,106,104.5,99,101.1,104,-2.48,245,,A10,62.4,270,110.0,51,52.5,40,18.6,94,27.1,303,43.2,25,102.0,154,49.1,192,22.8,37,35.9,317,43.0,307,62.4,270,64.3,243,18.2,196,19.0,312,110.0,51,106.8,54,102.0,154,102.0,196,75.8,283,-0.7,264,-0.6,237,-0.9,270,-0.4,222,-0.1,193,-2.1,314,1.36,208,37.1,44,61.2,88,2013,0.704399514074358,19,15,0.5588235294117647,34
160,Rider,MAAC,19-15,+0.59,98.8,241,98.2,91,64.6,178,+.048,55,-0.63,155,102.1,172,102.7,149,-0.33,165,,MAAC,64.6,178,98.8,241,49.1,135,23.5,327,30.8,202,39.4,82,98.2,91,45.4,50,21.0,116,32.0,179,38.3,236,64.6,178,66.0,177,18.0,161,18.3,211,98.8,241,96.8,246,98.2,91,96.3,73,77.1,104,-0.1,198,-0.2,200,-0.1,197,-0.1,187,+1.0,73,+1.9,36,1.69,126,31.1,148,50.2,174,2013,0.5175055865617875,19,15,0.5588235294117647,34
142,Robert Morris,NEC,24-11,+2.28,105.1,130,102.9,174,63.3,226,+.038,88,-5.77,294,100.4,258,106.2,317,-1.83,217,8,NEC,63.3,226,105.1,130,51.0,74,19.2,133,31.0,194,37.0,139,102.9,174,50.6,250,24.6,14,32.5,195,46.0,331,63.3,226,66.3,163,18.2,188,17.7,102,105.1,130,106.8,55,102.9,174,98.9,129,75.6,300,-0.9,276,-0.7,248,-1.0,282,-1.6,321,-0.8,258,-0.7,242,2.00,52,37.2,42,67.0,50,2013,0.5605213766616202,24,11,0.6857142857142857,35
106,Rutgers,BE,15-16,+6.07,107.5,82,101.4,147,63.1,237,+.015,141,+6.99,43,105.2,81,98.2,20,-4.13,278,,BE,63.1,237,107.5,82,48.7,158,21.3,252,35.8,46,32.4,265,101.4,147,47.9,142,19.6,191,34.4,283,39.8,265,63.1,237,64.7,232,18.1,183,18.4,217,107.5,82,101.2,162,101.4,147,102.7,208,76.2,233,+0.3,129,+0.1,145,+0.6,107,+0.6,110,-1.1,278,-2.2,321,1.84,83,35.6,62,78.1,8,2013,0.6619070316888873,15,16,0.4838709677419355,31
307,SIU Edwardsville,OVC,9-18,-13.72,92.9,313,106.6,253,64.9,162,-.008,204,-5.25,277,100.5,250,105.8,308,-2.16,230,,OVC,64.9,162,92.9,313,47.7,219,21.7,267,28.6,273,32.8,258,106.6,253,51.6,288,21.1,106,32.1,183,36.9,199,64.9,162,65.9,180,17.8,145,18.5,244,92.9,313,93.3,301,106.6,253,103.2,224,76.2,238,-1.5,320,-2.3,335,-0.7,249,+0.4,127,+0.4,129,-0.0,174,1.72,114,31.9,127,61.0,91,2013,0.17052112426846222,9,18,0.3333333333333333,27
185,SMU,CUSA,15-17,-1.25,100.8,206,102.1,156,62.4,269,-.070,316,-2.37,195,100.9,231,103.3,185,-5.48,301,,CUSA,62.4,269,100.8,206,47.9,207,22.9,313,34.8,72,40.7,51,102.1,156,47.4,120,21.3,92,32.6,202,39.5,259,62.4,269,63.9,264,18.8,240,18.5,242,100.8,206,99.6,187,102.1,156,98.6,125,77.5,54,-0.1,192,-0.2,203,-0.0,190,+0.3,133,+1.4,41,+3.0,7,0.93,300,14.2,347,36.7,274,2013,0.46322521520220394,15,17,0.46875,32
279,Sacramento St.,BSky,14-15,-10.81,97.0,276,107.9,270,61.3,299,+.050,52,-7.67,330,99.7,289,107.4,343,-2.41,240,,BSky,61.3,299,97.0,276,45.8,287,17.8,51,30.1,228,37.2,133,107.9,270,50.4,244,19.0,228,31.2,144,27.7,21,61.3,299,63.2,286,18.8,236,19.0,309,97.0,276,99.9,182,107.9,270,104.0,243,76.4,212,-0.9,280,-1.2,288,-0.7,249,+0.3,154,-0.5,226,+1.0,95,1.64,139,26.0,264,64.6,64,2013,0.2271139452405672,14,15,0.4827586206896552,29
268,Sacred Heart,NEC,9-20,-9.66,101.5,193,111.1,317,66.9,64,+.007,158,-2.37,194,102.8,143,105.2,272,+4.71,46,,NEC,66.9,64,101.5,193,49.8,108,21.9,276,33.2,119,32.2,268,111.1,317,51.2,272,18.1,275,35.6,310,38.2,232,66.9,64,68.9,58,17.4,104,17.3,39,101.5,193,101.2,163,111.1,317,109.8,331,75.8,282,-0.5,238,-0.1,189,-0.9,268,-1.1,300,-0.3,204,-1.7,288,1.88,74,25.6,272,60.8,94,2013,0.2612895543707308,9,20,0.3103448275862069,29
79,Saint Joseph's,A10,18-14,+9.35,109.0,67,99.6,117,61.6,290,-.026,248,+4.29,89,105.2,80,100.9,99,+1.35,121,4,A10,61.6,290,109.0,67,50.6,87,18.7,101,31.7,169,36.2,165,99.6,117,46.1,71,16.2,325,33.2,236,23.9,2,61.6,290,63.2,287,20.0,312,17.8,123,109.0,67,105.3,82,99.6,117,100.3,159,76.8,159,+0.6,100,-0.1,185,+1.3,32,+0.5,124,-0.3,205,-0.6,233,2.63,2,19.3,338,90.9,3,2013,0.7382969696950767,18,14,0.5625,32
19,Saint Louis,A10,28-7,+20.01,108.6,71,88.6,8,63.8,213,+.000,179,+3.91,97,104.5,101,100.6,91,-3.98,273,4,A10,63.8,213,108.6,71,50.4,95,17.6,44,27.9,291,44.0,20,88.6,8,45.5,54,23.6,20,29.1,64,35.0,150,63.8,213,64.7,231,18.9,248,18.0,157,108.6,71,105.3,81,88.6,8,89.4,7,76.5,191,+1.0,55,+1.2,53,+0.8,90,+0.3,135,-1.5,307,-1.2,275,2.45,9,32.9,114,70.2,42,2013,0.9121925560491997,28,7,0.8,35
21,Saint Mary's,WCC,28-7,+19.33,116.1,11,96.8,73,62.9,246,+.023,122,+3.18,109,104.9,92,101.7,117,-0.49,172,11,WCC,62.9,246,116.1,11,53.7,19,18.3,81,36.9,30,37.0,142,96.8,73,47.1,112,17.9,281,25.0,4,36.9,200,62.9,246,64.3,246,18.6,222,18.6,267,116.1,11,114.6,4,96.8,73,97.6,97,77.3,79,+0.8,79,+0.9,72,+0.6,106,-0.7,244,+1.1,64,+1.5,68,2.25,21,33.1,108,62.1,79,2013,0.8900014869856125,28,7,0.8,35
280,Saint Peter's,MAAC,9-21,-11.07,92.8,314,103.9,197,62.7,256,+.049,54,-2.37,196,101.5,204,103.9,214,-6.54,315,,MAAC,62.7,256,92.8,314,45.8,286,20.2,189,30.6,212,29.7,320,103.9,197,49.8,225,22.0,57,32.4,192,40.9,279,62.7,256,64.5,236,18.3,199,18.8,287,92.8,314,92.0,311,103.9,197,101.5,183,75.7,289,-2.0,338,-1.9,329,-2.1,339,-1.7,327,-0.5,230,+1.8,41,1.62,148,28.8,202,59.5,105,2013,0.21428352779640308,9,21,0.3,30
228,Sam Houston St.,Slnd,17-17,-5.46,94.0,300,99.5,115,61.3,297,-.019,235,-5.68,292,100.0,279,105.6,300,-0.04,156,,Slnd,61.3,297,94.0,300,43.3,330,20.3,193,33.9,97,37.7,117,99.5,115,47.0,109,21.4,88,28.0,42,49.5,341,61.3,297,64.3,242,19.5,288,17.4,62,94.0,300,94.4,288,99.5,115,96.2,71,75.0,332,-1.6,326,-0.9,266,-2.3,342,-1.1,295,-2.2,336,-1.5,279,0.86,313,43.5,3,42.9,230,2013,0.34210606341894695,17,17,0.5,34
293,Samford,SC,11-21,-12.41,97.9,259,110.3,307,58.8,340,-.007,200,-6.30,304,99.2,310,105.5,292,+2.39,95,,SC,58.8,340,97.9,259,50.7,81,21.1,245,26.8,309,31.3,287,110.3,307,51.8,297,20.0,168,34.4,278,36.6,190,58.8,340,61.2,331,20.9,338,18.1,167,97.9,259,98.2,223,110.3,307,107.1,304,76.3,219,-1.2,308,-1.1,285,-1.3,309,-0.6,236,+0.8,100,+0.7,125,0.86,311,21.9,324,41.1,243,2013,0.2023840909478908,11,21,0.34375,32
170,San Diego,WCC,16-18,-0.14,102.8,164,103.0,176,62.5,268,+.039,80,+2.94,113,104.4,103,101.4,112,-2.41,241,,WCC,62.5,268,102.8,164,48.3,181,20.5,208,30.3,224,37.8,114,103.0,176,49.7,216,20.4,148,34.3,275,37.7,220,62.5,268,64.0,255,19.2,271,18.1,168,102.8,164,98.8,205,103.0,176,103.7,234,75.8,279,+1.6,21,+1.1,60,+2.1,5,-0.8,269,-2.2,337,-4.2,345,1.78,99,34.4,77,77.9,9,2013,0.49441228141025345,16,18,0.47058823529411764,34
31,San Diego St.,MWC,23-11,+17.43,107.7,78,90.3,13,65.5,132,-.049,294,+7.65,29,106.6,24,98.9,45,+1.92,106,7,MWC,65.5,132,107.7,78,48.5,170,18.1,68,31.8,166,35.3,195,90.3,13,44.7,31,18.2,271,27.9,39,28.9,30,65.5,132,66.4,157,17.2,82,18.8,290,107.7,78,102.8,129,90.3,13,92.5,26,77.7,39,+0.1,167,-0.5,227,+0.7,94,+0.8,85,+1.6,30,+2.8,9,2.04,46,30.8,157,62.1,80,2013,0.8835452192700086,23,11,0.6764705882352942,34
134,San Francisco,WCC,15-16,+3.13,107.1,95,104.0,198,65.5,131,-.041,279,+2.95,112,104.3,104,101.4,109,+0.03,154,,WCC,65.5,131,107.1,95,52.7,36,18.1,65,23.9,341,34.6,214,104.0,198,49.8,226,17.4,301,29.8,82,32.4,85,65.5,131,66.2,167,17.9,159,18.3,198,107.1,95,103.5,112,104.0,198,104.0,244,77.5,55,+0.8,75,+0.8,85,+0.8,86,+0.8,81,+0.3,154,+1.8,41,0.96,294,33.4,105,25.1,329,2013,0.5836508906470546,15,16,0.4838709677419355,31
305,San Jose St.,WAC,9-20,-13.50,90.8,329,104.3,203,65.8,119,+.021,129,-1.30,168,102.5,152,103.8,204,-5.46,300,,WAC,65.8,119,90.8,329,41.1,344,20.2,190,33.3,114,36.7,153,104.3,203,48.7,178,19.0,227,32.0,175,34.2,129,65.8,119,67.8,91,18.1,174,17.1,35,90.8,329,89.2,328,104.3,203,102.7,209,77.6,46,+1.2,41,+1.2,54,+1.2,49,+0.1,169,+0.7,108,+1.8,41,0.81,320,38.1,35,35.4,283,2013,0.1688164135610716,9,20,0.3103448275862069,29
76,Santa Clara,WCC,26-12,+9.72,110.9,43,101.2,142,67.5,52,+.046,59,+1.07,128,102.9,140,101.8,120,-6.01,311,,WCC,67.5,52,110.9,43,50.7,80,18.4,84,32.9,128,37.0,140,101.2,142,47.5,125,21.2,100,33.7,255,42.0,295,67.5,52,67.9,90,17.5,110,17.6,89,110.9,43,107.5,45,101.2,142,100.3,158,77.0,114,+1.1,47,+0.8,87,+1.4,27,-1.1,293,+0.1,165,+0.9,104,2.50,6,29.5,189,75.6,20,2013,0.7412732022445863,26,12,0.6842105263157895,38
208,Savannah St.,MEAC,19-15,-3.58,88.2,337,91.8,22,61.8,286,+.044,65,-5.04,268,98.1,323,103.1,177,+6.35,24,,MEAC,61.8,286,88.2,337,44.9,306,27.2,347,34.5,81,35.3,194,91.8,22,43.5,11,26.0,4,32.7,206,45.3,326,61.8,286,62.9,297,19.3,277,18.6,253,88.2,337,86.2,340,91.8,22,86.8,3,75.8,285,-0.6,253,-1.4,302,+0.1,173,-1.5,316,-1.3,296,-0.2,194,2.28,16,36.6,46,67.7,45,2013,0.386971270497092,19,15,0.5588235294117647,34
230,Seattle,WAC,8-22,-5.73,94.0,304,99.7,120,68.2,32,-.173,347,-2.53,203,101.6,200,104.1,224,-6.31,313,,WAC,68.2,32,94.0,304,47.1,240,25.5,343,36.7,34,28.8,328,99.7,120,46.7,90,19.8,181,29.9,91,42.7,303,68.2,32,70.1,26,16.1,23,17.9,133,94.0,304,93.0,302,99.7,120,97.6,95,76.8,149,+0.7,84,+0.6,101,+0.8,87,+0.4,125,-0.5,224,-0.2,194,0.91,303,37.6,40,47.1,200,2013,0.33692778438401655,8,22,0.26666666666666666,30
117,Seton Hall,BE,15-18,+4.94,104.3,145,99.4,112,63.5,221,-.026,247,+6.27,58,105.0,87,98.7,39,-6.82,320,,BE,63.5,221,104.3,145,51.3,67,23.8,333,31.0,196,34.5,216,99.4,112,46.7,89,19.4,204,32.8,211,39.1,250,63.5,221,65.0,218,17.9,151,18.9,304,104.3,145,98.8,208,99.4,112,99.9,150,77.5,53,+0.3,131,+0.4,121,+0.3,139,+0.9,69,+1.2,60,+1.7,56,1.86,78,30.2,172,48.7,184,2013,0.6349174170641707,15,18,0.45454545454545453,33
298,Siena,MAAC,8-24,-12.74,95.4,289,108.1,275,62.6,258,+.021,128,-1.18,164,101.9,184,103.0,172,-2.48,246,,MAAC,62.6,258,95.4,289,46.1,276,23.7,332,33.0,127,38.1,106,108.1,275,48.7,177,17.0,314,34.6,288,27.7,22,62.6,258,64.2,249,19.9,306,17.4,54,95.4,289,92.9,303,108.1,275,106.1,286,75.8,275,+0.2,154,-0.6,239,+1.0,66,+0.7,93,-1.0,277,-3.8,343,1.69,125,28.5,210,49.0,182,2013,0.19197176765249066,8,24,0.25,32
194,South Alabama,SB,17-13,-2.34,99.1,233,101.4,146,67.0,61,+.043,66,-3.52,234,100.3,263,103.9,212,-1.94,222,,SB,67.0,61,99.1,233,45.9,284,22.8,312,36.0,43,45.4,12,101.4,146,46.8,95,21.1,109,33.0,224,37.7,217,67.0,61,69.0,51,16.8,48,17.8,120,99.1,233,98.1,225,101.4,146,97.8,103,75.2,328,-1.1,291,-1.9,320,-0.3,219,-1.0,288,-2.0,329,-2.1,308,1.71,116,33.6,97,63.2,71,2013,0.43441704479536464,17,13,0.5666666666666667,30
209,South Carolina,SEC,14-18,-3.58,101.7,189,105.3,229,65.2,145,+.028,110,-0.15,145,100.9,236,101.0,103,-10.35,341,,SEC,65.2,145,101.7,189,46.6,263,22.7,308,38.3,14,35.2,201,105.3,229,50.5,245,21.0,114,32.9,220,45.8,328,65.2,145,66.3,159,19.6,292,16.6,6,101.7,189,97.8,232,105.3,229,102.8,213,75.1,329,-1.0,284,-0.5,229,-1.5,320,-0.4,220,-2.9,342,-2.4,322,1.63,143,40.5,16,50.3,172,2013,0.40130264901320284,14,18,0.4375,32
340,South Carolina St.,MEAC,6-24,-22.02,91.9,321,113.9,337,63.9,203,-.015,224,-5.55,287,96.5,337,102.1,125,+1.53,115,,MEAC,63.9,203,91.9,321,42.2,339,22.8,311,35.6,51,27.3,340,113.9,337,49.9,229,18.6,251,37.5,339,36.4,180,63.9,203,65.7,187,18.9,251,17.4,53,91.9,321,87.9,336,113.9,337,107.6,314,76.2,234,+1.3,32,+1.8,22,+0.8,82,-0.6,243,-1.1,287,-3.0,332,1.18,250,26.9,245,31.3,308,2013,0.07812293725178716,6,24,0.2,30
251,South Dakota,Sum,10-20,-7.79,105.2,128,113.0,331,65.8,117,-.082,326,-2.21,189,102.4,155,104.6,247,+4.82,45,,Sum,65.8,117,105.2,128,50.8,79,17.8,52,24.3,340,37.3,132,113.0,331,53.3,324,15.7,336,31.9,171,26.0,11,65.8,117,66.8,130,17.7,130,18.1,170,105.2,128,103.8,106,113.0,331,111.3,337,75.9,265,-0.2,201,+0.6,100,-1.0,273,-2.2,342,-1.6,317,+0.8,113,1.13,256,30.1,173,38.5,263,2013,0.30522645918139274,10,20,0.3333333333333333,30
96,South Dakota St.,Sum,25-10,+6.79,112.0,33,105.2,223,62.6,261,+.030,103,-3.31,231,102.0,174,105.3,280,+4.11,59,13,Sum,62.6,261,112.0,33,53.4,24,16.4,12,29.0,265,33.0,251,105.2,223,51.1,270,17.1,312,26.0,10,24.4,3,62.6,261,63.7,273,17.3,88,20.3,347,112.0,33,111.8,15,105.2,223,103.0,221,77.7,37,-0.2,199,-0.6,238,+0.3,150,+0.9,75,+1.4,41,+3.6,3,2.47,8,15.7,346,79.4,7,2013,0.672675071965539,25,10,0.7142857142857143,35
141,South Florida,BE,12-19,+2.63,102.4,176,99.7,121,58.7,341,-.007,198,+7.52,31,105.8,55,98.3,22,-3.98,274,,BE,58.7,341,102.4,176,44.6,313,17.7,48,30.3,223,29.2,323,99.7,121,47.3,115,19.5,198,34.5,285,30.5,55,58.7,341,60.2,343,20.8,335,18.4,220,102.4,176,95.3,275,99.7,121,101.3,177,77.9,27,+1.0,51,+0.7,88,+1.3,32,+1.4,32,+1.8,20,+1.2,83,1.96,56,25.1,287,51.3,165,2013,0.5762241097853412,12,19,0.3870967741935484,31
224,Southeast Missouri St.,OVC,17-16,-4.87,103.9,149,108.8,291,67.0,63,-.033,267,-7.51,328,99.6,296,107.1,340,-7.71,328,,OVC,67.0,63,103.9,149,53.1,28,18.5,89,28.2,286,33.4,244,108.8,291,45.9,67,15.2,342,33.1,235,35.2,153,67.0,63,68.8,60,16.0,17,18.8,288,103.9,149,105.5,75,108.8,291,104.6,259,75.9,271,-0.6,246,-0.8,257,-0.3,223,-2.4,343,-0.9,266,+0.8,113,1.77,100,26.2,259,61.2,89,2013,0.3705290121740192,17,16,0.5151515151515151,33
285,Southeastern Louisiana,Slnd,12-18,-11.49,94.0,303,105.5,234,65.0,154,+.054,42,-3.01,219,100.1,274,103.1,174,+8.47,11,,Slnd,65.0,154,94.0,303,44.9,301,19.7,157,26.3,319,35.9,174,105.5,234,49.7,215,18.6,250,32.1,185,43.2,310,65.0,154,66.4,153,18.1,175,17.9,128,94.0,303,91.7,313,105.5,234,103.7,235,75.3,322,-1.5,321,-1.9,328,-1.2,296,-1.5,314,-0.1,189,-2.1,311,1.51,171,31.4,134,41.1,245,2013,0.20960865322038277,12,18,0.4,30
162,Southern,SWAC,23-10,+0.50,99.3,231,98.8,103,63.4,222,-.031,257,-11.47,347,95.2,347,106.7,331,+4.12,58,16,SWAC,63.4,222,99.3,231,49.1,137,16.8,20,25.8,326,40.3,67,98.8,103,41.9,2,20.2,159,31.1,136,34.9,145,63.4,222,65.3,207,17.9,155,18.5,248,99.3,231,101.5,158,98.8,103,89.5,8,76.5,192,+0.4,124,+0.6,98,+0.2,157,-0.4,216,-0.3,202,-0.7,237,1.50,175,30.9,152,40.8,249,2013,0.5145088287832841,23,10,0.696969696969697,33
177,Southern Illinois,MVC,14-17,-0.73,102.7,169,103.4,184,61.6,291,+.046,60,+3.67,103,104.6,98,100.9,101,-4.38,281,,MVC,61.6,291,102.7,169,48.0,203,19.4,140,31.7,174,34.1,229,103.4,184,53.1,321,24.2,17,31.9,172,42.5,301,61.6,291,62.9,298,19.9,308,18.0,160,102.7,169,98.4,219,103.4,184,104.0,246,74.4,345,-2.6,345,-2.6,343,-2.5,346,-2.6,344,-1.1,283,-2.2,319,1.58,156,28.8,204,51.1,167,2013,0.4804804954965766,14,17,0.45161290322580644,31
61,Southern Miss,CUSA,27-10,+12.19,110.4,49,98.2,90,63.3,227,+.026,115,+2.53,116,103.6,128,101.1,105,+4.54,50,1,CUSA,63.3,227,110.4,49,53.1,27,22.0,281,38.0,19,36.5,156,98.2,90,48.5,163,24.3,16,31.7,162,40.5,276,63.3,227,65.6,191,17.4,95,18.6,264,110.4,49,107.8,42,98.2,90,96.4,74,75.0,331,-2.3,344,-2.9,345,-1.7,328,-0.2,202,-2.0,328,-1.0,259,0.78,322,30.6,165,37.3,270,2013,0.7935887861228539,27,10,0.7297297297297297,37
306,Southern Utah,BSky,11-20,-13.60,92.1,319,105.7,242,67.9,36,-.001,182,-6.13,300,101.1,222,107.2,341,+2.78,83,,BSky,67.9,36,92.1,319,44.4,316,22.0,280,32.0,152,36.8,149,105.7,242,48.6,170,17.1,309,27.8,38,57.0,346,67.9,36,69.2,44,17.8,141,16.8,14,92.1,319,94.0,295,105.7,242,103.6,231,77.6,44,+1.1,45,+1.8,26,+0.5,117,+0.4,130,+0.7,106,+1.8,41,1.40,202,35.9,59,53.7,146,2013,0.1702446440066829,11,20,0.3548387096774194,31
119,St. Bonaventure,A10,14-15,+4.53,109.7,59,105.2,222,65.1,147,-.040,277,+3.71,102,105.9,47,102.2,129,-0.59,177,,A10,65.1,147,109.7,59,51.6,62,20.0,173,32.4,143,39.9,73,105.2,222,51.6,289,21.6,81,34.2,270,41.3,284,65.1,147,67.2,114,16.9,60,18.8,282,109.7,59,107.4,47,105.2,222,106.2,289,77.0,127,+0.3,137,+1.3,43,-0.7,246,+0.3,153,+0.9,81,-0.1,180,1.87,76,33.8,91,66.8,52,2013,0.618146809935669,14,15,0.4827586206896552,29
222,St. Francis NY,NEC,12-18,-4.79,103.1,158,107.9,271,65.2,144,-.068,315,-3.69,240,101.6,202,105.2,275,+2.54,88,,NEC,65.2,144,103.1,158,48.4,176,18.2,75,34.4,85,31.6,279,107.9,271,50.8,257,19.8,184,33.9,259,37.8,223,65.2,144,67.6,99,17.7,126,17.7,107,103.1,158,103.7,107,107.9,271,105.2,270,75.2,327,-1.9,335,-2.6,342,-1.3,305,-1.1,298,-0.6,235,-1.2,273,1.45,183,38.2,32,70.3,41,2013,0.3720778623757739,12,18,0.4,30
330,St. Francis PA,NEC,5-24,-19.29,93.4,308,112.7,328,62.2,277,+.034,94,-3.89,244,102.6,149,106.5,325,+2.30,97,,NEC,62.2,277,93.4,308,48.2,193,22.0,283,27.6,295,31.6,280,112.7,328,53.0,320,19.1,219,34.5,286,39.9,266,62.2,277,64.6,235,19.8,298,17.3,51,93.4,308,94.9,281,112.7,328,111.9,339,74.6,341,-2.1,341,-2.4,336,-1.8,332,-2.1,334,-1.7,324,-2.2,316,1.15,253,42.8,7,35.1,285,2013,0.10338767022589095,5,24,0.1724137931034483,29
103,St. John's,BE,17-16,+6.38,100.4,212,94.0,38,66.3,94,+.058,38,+7.33,34,106.5,28,99.2,51,-2.63,248,5,BE,66.3,94,100.4,212,44.5,314,16.7,17,30.5,214,28.9,327,94.0,38,45.6,56,20.2,157,35.1,301,28.9,32,66.3,94,67.4,110,17.1,68,18.3,210,100.4,212,95.0,279,94.0,38,97.1,83,77.3,83,+0.1,169,-0.2,202,+0.3,134,+0.6,100,+0.6,115,+2.0,30,1.05,279,27.8,222,52.1,157,2013,0.6808053622803909,17,16,0.5151515151515151,33
48,Stanford,P12,19-15,+14.18,109.9,56,95.7,57,66.7,72,-.075,323,+7.88,26,106.3,33,98.5,28,+2.77,85,4,P12,66.7,72,109.9,56,47.5,228,17.3,35,32.1,147,33.4,243,95.7,57,46.8,96,19.2,213,28.5,54,33.7,121,66.7,72,68.3,75,17.6,119,17.4,59,109.9,56,103.1,123,95.7,57,97.2,87,77.3,71,+1.4,27,+1.3,47,+1.6,19,+2.1,10,-0.7,252,-0.6,230,1.43,186,27.1,239,55.4,132,2013,0.8307644084421086,19,15,0.5588235294117647,34
70,Stephen F. Austin,Slnd,27-5,+10.68,100.4,215,89.7,10,59.5,332,-.021,238,-6.39,307,99.3,307,105.7,307,+2.29,98,5,Slnd,59.5,332,100.4,215,50.5,92,20.4,202,34.1,91,40.4,59,89.7,10,42.2,3,22.7,39,25.9,8,35.5,163,59.5,332,61.8,318,21.8,344,16.7,10,100.4,215,101.9,147,89.7,10,84.3,1,74.9,335,-2.2,342,-2.9,344,-1.5,321,-1.6,324,-0.9,271,-1.7,289,1.33,218,17.7,342,56.4,125,2013,0.7851528452899746,27,5,0.84375,32
234,Stetson,ASun,15-16,-5.95,101.2,197,107.2,261,67.3,55,+.016,140,-5.29,280,100.2,273,105.5,287,+1.28,123,,ASun,67.3,55,101.2,197,52.6,38,23.1,320,31.3,188,34.8,209,107.2,261,50.8,255,17.4,298,31.0,133,28.9,31,67.3,55,68.8,61,16.7,42,18.0,151,101.2,197,101.8,152,107.2,261,104.5,255,77.1,106,+0.1,161,+0.1,145,+0.1,164,-0.7,247,+0.9,80,+1.9,38,2.32,13,26.8,247,81.3,5,2013,0.3402071656723541,15,16,0.4838709677419355,31
60,Stony Brook,AE,25-8,+12.25,106.7,102,94.4,40,62.9,244,-.034,270,-2.71,211,100.3,267,103.0,167,+1.32,122,7,AE,62.9,244,106.7,102,49.6,116,18.3,80,31.8,164,37.7,116,94.4,40,44.2,19,20.6,137,27.4,31,26.7,15,62.9,244,64.3,241,18.2,191,18.9,296,106.7,102,104.7,92,94.4,40,89.7,10,76.2,231,-0.1,191,-0.4,215,+0.1,168,-0.4,221,-1.1,282,-0.2,194,1.76,106,34.0,87,50.6,169,2013,0.8035325584309944,25,8,0.7575757575757576,33
9,Syracuse,BE,30-10,+24.83,113.1,26,88.3,6,63.1,235,-.004,188,+9.46,11,106.8,20,97.4,9,-4.44,282,4,BE,63.1,235,113.1,26,49.0,141,18.9,113,38.7,9,36.8,150,88.3,6,42.6,5,23.5,23,34.4,279,35.4,158,63.1,235,65.2,208,16.7,41,19.8,345,113.1,26,107.0,52,88.3,6,90.3,13,79.1,2,+1.0,54,+0.6,106,+1.4,26,+3.3,1,+3.2,3,+3.8,1,1.63,144,24.8,292,48.3,187,2013,0.9451437636575878,30,10,0.75,40
265,TCU,B12,11-21,-9.36,93.4,309,102.7,171,59.5,331,+.090,10,+3.49,105,104.2,114,100.7,95,-10.81,343,,B12,59.5,331,93.4,309,43.3,331,21.9,278,32.0,157,40.6,54,102.7,171,49.7,214,20.1,165,32.8,210,34.1,128,59.5,331,61.5,324,20.6,329,18.1,164,93.4,309,88.4,333,102.7,171,102.5,205,76.9,136,-0.2,206,-0.8,257,+0.4,121,+1.9,17,+1.0,71,-1.1,265,1.40,197,29.2,196,48.7,185,2013,0.2513192010487482,11,21,0.34375,32
59,Temple,A10,24-10,+12.67,111.3,39,98.6,100,65.6,121,+.038,87,+5.48,72,105.7,58,100.2,82,+0.82,130,9,A10,65.6,121,111.3,39,49.0,144,15.9,8,30.8,201,35.6,184,98.6,100,49.0,188,20.1,164,31.4,150,34.1,127,65.6,121,67.6,96,17.5,109,18.0,146,111.3,39,106.6,59,98.6,100,100.3,160,77.5,57,-0.2,200,+0.1,145,-0.5,234,+1.0,58,+1.5,39,+2.2,23,2.16,32,27.1,240,50.2,175,2013,0.801121249265193,24,10,0.7058823529411765,34
73,Tennessee,SEC,20-13,+10.47,109.1,64,98.6,101,62.4,271,+.006,161,+5.64,69,104.3,106,98.7,37,+2.03,104,2,SEC,62.4,271,109.1,64,47.9,206,20.1,183,36.5,37,42.2,31,98.6,101,46.2,77,17.4,299,28.8,60,34.4,134,62.4,271,63.2,291,18.9,244,18.9,299,109.1,64,103.3,117,98.6,101,98.6,127,77.4,69,+0.1,170,-0.2,206,+0.3,132,+0.6,101,+1.7,28,+1.4,73,1.40,198,25.3,283,60.7,97,2013,0.7620092267506724,20,13,0.6060606060606061,33
332,Tennessee Martin,OVC,9-21,-20.18,93.8,306,113.9,338,66.6,76,+.071,28,-4.79,265,100.9,233,105.7,305,-2.42,242,,OVC,66.6,76,93.8,306,43.3,332,21.1,244,32.3,145,37.7,115,113.9,338,53.5,325,19.3,210,32.7,204,44.9,322,66.6,76,69.1,47,17.0,66,17.8,111,93.8,306,93.4,300,113.9,338,110.8,336,76.8,148,-1.1,294,-1.9,320,-0.3,225,+0.3,151,+1.4,41,+1.7,59,1.11,265,41.2,14,41.8,240,2013,0.09684397318645098,9,21,0.3,30
165,Tennessee St.,OVC,18-15,+0.18,104.9,135,104.7,210,66.7,70,+.038,81,-0.17,146,103.6,125,103.8,211,+3.92,65,,OVC,66.7,70,104.9,135,48.9,145,22.0,282,34.8,69,40.0,71,104.7,210,49.8,224,19.9,175,32.7,208,39.5,260,66.7,70,68.5,70,18.1,172,17.0,21,104.9,135,102.2,139,104.7,210,103.4,228,76.4,216,+0.3,134,-0.0,175,+0.7,95,-0.1,184,-0.6,234,-1.2,274,2.13,39,28.3,216,66.6,55,2013,0.505486422676123,18,15,0.5454545454545454,33
271,Tennessee Tech,OVC,12-17,-10.15,97.1,274,107.3,263,64.2,193,+.038,85,-2.85,214,102.0,175,104.8,254,-2.84,250,,OVC,64.2,193,97.1,274,46.9,245,24.2,337,35.2,59,38.2,105,107.3,263,51.2,274,21.6,82,34.6,291,45.9,330,64.2,193,65.8,185,17.6,122,18.9,297,97.1,274,96.2,259,107.3,263,105.6,278,76.0,255,-0.8,265,-1.3,296,-0.2,215,+0.3,135,-0.0,180,-1.8,295,1.83,85,34.1,83,33.8,295,2013,0.24072594542819892,12,17,0.41379310344827586,29
94,Texas,B12,16-18,+7.02,102.5,174,95.5,54,64.7,173,-.023,243,+6.19,60,105.3,78,99.1,47,-1.35,204,,B12,64.7,173,102.5,174,45.7,292,21.4,257,34.6,80,40.4,62,95.5,54,42.9,6,19.1,225,33.8,258,41.9,294,64.7,173,66.4,155,18.4,213,17.5,80,102.5,174,96.2,256,95.5,54,95.8,62,76.8,158,+0.8,71,+0.4,120,+1.2,55,+0.3,149,+0.0,175,-1.1,267,0.75,324,38.7,26,42.5,235,2013,0.692848518767498,16,18,0.47058823529411764,34
95,Texas A&M,SEC,18-15,+6.83,105.2,129,98.4,93,59.8,325,-.013,217,+3.92,96,103.8,120,99.8,67,-4.04,276,,SEC,59.8,325,105.2,129,48.8,152,21.0,243,34.9,67,32.9,257,98.4,93,47.5,127,21.9,68,33.5,246,35.7,166,59.8,325,61.7,320,19.8,304,18.8,281,105.2,129,101.1,164,98.4,93,98.4,122,76.8,152,+0.2,145,+0.1,145,+0.4,129,+0.3,135,+0.9,84,-0.6,234,1.12,257,30.7,159,34.2,293,2013,0.6831873868007826,18,15,0.5454545454545454,33
315,Texas A&M Corpus Chris,Slnd,6-23,-14.88,96.1,282,111.0,316,60.8,310,-.040,278,-3.23,226,101.0,226,104.3,231,+6.09,27,,Slnd,60.8,310,96.1,282,45.4,297,18.8,108,29.9,233,32.2,267,111.0,316,51.0,263,19.1,217,34.6,289,47.4,338,60.8,310,63.1,292,19.9,311,17.8,117,96.1,282,95.5,267,111.0,316,108.4,320,75.7,296,+0.0,175,+0.9,75,-0.9,267,-1.4,312,-1.2,289,-2.1,310,0.70,329,31.1,146,33.4,301,2013,0.1600817180073774,6,23,0.20689655172413793,29
312,Texas Pan American,GWC,16-16,-14.41,94.1,299,108.6,282,62.5,263,+.068,31,-9.25,341,96.7,333,106.0,312,-7.05,322,,GWC,62.5,263,94.1,299,47.9,208,20.4,203,26.8,310,41.0,44,108.6,282,49.6,213,22.0,60,35.8,315,35.1,151,62.5,263,65.5,193,18.4,207,17.9,135,94.1,299,94.6,286,108.6,282,101.9,193,75.4,316,-1.5,318,-1.9,320,-1.1,285,-1.0,287,-0.1,191,-2.2,317,1.65,137,33.4,103,50.3,173,2013,0.16136541137426536,16,16,0.5,32
155,Texas Southern,SWAC,17-14,+0.68,105.7,121,105.0,218,62.4,272,-.061,309,-8.10,333,97.0,330,105.1,265,+9.89,4,,SWAC,62.4,272,105.7,121,51.9,51,17.9,59,31.5,178,31.2,291,105.0,218,45.3,45,17.5,294,33.1,234,29.8,47,62.4,272,65.2,210,19.3,279,17.1,28,105.7,121,106.6,58,105.0,218,98.2,110,73.9,347,-1.2,309,-1.1,286,-1.3,308,-3.3,347,-4.8,347,-3.2,337,1.56,158,24.2,303,59.9,101,2013,0.5190937707790199,17,14,0.5483870967741935,31
255,Texas St.,WAC,12-22,-8.00,101.1,199,109.1,295,70.5,6,+.009,155,-1.69,177,100.9,234,102.6,144,-5.70,305,,WAC,70.5,6,101.1,199,47.8,213,19.3,135,26.9,308,36.5,159,109.1,295,51.2,275,20.7,133,33.7,254,37.7,219,70.5,6,71.5,7,15.3,7,18.2,194,101.1,199,98.2,224,109.1,295,105.9,282,76.7,163,+0.3,133,+0.4,124,+0.3,140,+0.9,73,-0.3,207,-0.7,235,0.88,305,36.5,50,45.4,209,2013,0.29405306690666283,12,22,0.35294117647058826,34
239,Texas Tech,B12,11-20,-6.63,100.5,210,107.1,258,66.6,80,+.024,120,+4.48,85,104.2,113,99.7,64,-15.12,347,,B12,66.6,80,100.5,210,46.5,268,21.5,259,32.1,149,38.1,109,107.1,258,52.8,316,21.3,94,34.3,272,41.1,283,66.6,80,68.2,77,18.1,173,17.1,33,100.5,210,95.3,276,107.1,258,106.7,301,76.7,177,+0.5,119,+0.8,77,+0.1,167,-0.7,247,-0.4,212,+0.4,146,0.72,326,39.1,22,34.5,291,2013,0.3248743401365861,11,20,0.3548387096774194,31
337,The Citadel,SC,8-22,-20.88,98.4,250,119.2,346,64.0,197,-.005,193,-6.56,309,99.4,304,106.0,311,-1.23,199,,SC,64.0,197,98.4,250,50.5,91,23.9,334,30.9,199,37.8,113,119.2,346,55.0,340,18.0,280,36.2,326,28.8,29,64.0,197,64.8,228,18.6,220,18.1,173,98.4,250,97.9,229,119.2,346,115.5,344,76.4,209,-0.3,220,-0.8,257,+0.3,153,+1.0,68,-1.0,276,-0.4,220,1.04,280,30.7,158,43.9,221,2013,0.09927891538862735,8,22,0.26666666666666666,30
186,Toledo,MAC,15-13,-1.31,104.2,146,105.5,236,66.1,98,+.012,145,-3.23,227,100.5,256,103.7,200,-1.55,212,,MAC,66.1,98,104.2,146,48.2,190,17.7,49,28.9,267,37.5,123,105.5,236,48.7,173,21.3,93,34.5,287,35.9,172,66.1,98,66.5,149,17.4,94,18.2,185,104.2,146,102.9,126,105.5,236,101.7,191,75.7,295,-0.5,237,-0.0,176,-1.0,276,-0.7,260,-1.0,274,-1.9,298,1.77,102,24.1,304,75.5,22,2013,0.4644136536153186,15,13,0.5357142857142857,28
175,Towson,CAA,18-13,-0.45,103.1,157,103.6,188,64.7,172,+.054,43,-1.92,182,101.9,183,103.8,208,+2.86,81,,CAA,64.7,172,103.1,157,48.3,186,22.2,297,39.1,6,40.3,64,103.6,188,45.2,39,16.2,326,31.9,168,37.6,213,64.7,172,65.4,199,18.7,229,17.9,132,103.1,157,101.4,161,103.6,188,100.9,169,77.7,42,+0.3,140,-0.2,209,+0.8,85,+1.6,24,+1.1,65,+2.0,31,1.25,235,26.3,255,23.3,335,2013,0.4860945126753777,18,13,0.5806451612903226,31
274,Troy,SB,12-21,-10.31,99.1,232,109.4,298,59.4,333,+.005,162,-5.37,281,98.9,316,104.3,235,-8.51,334,,SB,59.4,333,99.1,232,45.3,298,16.5,15,30.7,207,24.5,346,109.4,298,51.0,261,19.1,220,33.0,222,36.6,188,59.4,333,61.9,317,19.6,294,18.8,295,99.1,232,97.9,231,109.4,298,105.2,271,76.0,257,-1.1,301,-0.9,269,-1.4,313,-1.4,308,+0.4,131,+0.2,157,0.60,339,33.7,95,29.5,315,2013,0.24284646156950276,12,21,0.36363636363636365,33
146,Tulane,CUSA,20-15,+1.88,107.2,91,105.3,228,64.3,189,-.052,299,-3.85,243,100.0,280,103.8,209,-9.66,339,,CUSA,64.3,189,107.2,91,47.7,215,19.0,125,35.6,53,46.7,5,105.3,228,51.6,290,20.6,134,27.7,37,33.5,114,64.3,189,65.3,206,18.3,203,18.4,226,107.2,91,106.3,62,105.3,228,100.7,165,76.1,248,-0.7,257,-0.4,216,-1.0,275,-0.9,280,-0.6,235,+0.2,156,2.23,22,20.2,332,74.8,26,2013,0.5512326967236809,20,15,0.5714285714285714,35
181,Tulsa,CUSA,17-16,-0.87,99.5,226,100.3,131,66.3,92,+.052,49,+0.77,131,103.5,129,102.7,148,+0.12,153,,CUSA,66.3,92,99.5,226,48.6,168,21.7,268,30.3,226,43.6,24,100.3,131,47.8,133,18.9,233,29.8,83,41.3,285,66.3,92,67.4,106,16.6,38,18.8,292,99.5,226,97.4,237,100.3,131,100.0,153,76.0,261,-1.7,330,-1.6,310,-1.9,335,-0.7,247,+0.7,111,+0.3,155,1.20,246,34.2,82,25.2,328,2013,0.4769931118451616,17,16,0.5151515151515151,33
163,UAB,CUSA,16-17,+0.35,100.9,205,100.6,134,69.3,16,+.003,169,+1.54,122,104.0,116,102.4,140,-1.05,192,,CUSA,69.3,16,100.9,205,48.4,180,21.8,274,33.5,109,29.4,322,100.6,134,50.7,252,22.4,43,30.8,124,38.6,244,69.3,16,71.0,12,16.6,36,17.0,23,100.9,205,99.0,201,100.6,134,100.5,163,76.7,175,-0.7,263,-0.2,205,-1.3,304,+0.2,163,+0.9,78,+0.7,129,1.88,73,26.4,254,48.9,183,2013,0.5085599639374855,16,17,0.48484848484848486,33
215,UC Davis,BW,14-17,-4.06,104.6,139,108.6,285,66.1,100,-.008,206,-3.18,225,102.3,164,105.5,291,-3.37,265,,BW,66.1,100,104.6,139,55.1,7,20.7,222,26.4,317,32.9,256,108.6,285,49.6,212,15.7,337,30.7,123,31.0,63,66.1,100,67.3,111,17.3,89,18.2,182,104.6,139,105.3,83,108.6,285,107.0,303,76.1,249,-1.0,282,-0.7,246,-1.3,307,-1.1,294,-0.2,199,+0.6,136,1.61,151,30.7,160,50.4,171,2013,0.39375141069138797,14,17,0.45161290322580644,31
147,UC Irvine,BW,21-16,+1.86,101.1,201,99.2,108,65.2,143,+.018,137,-0.05,142,103.4,132,103.5,191,+6.77,19,,BW,65.2,143,101.1,201,48.0,200,18.6,99,30.4,220,30.2,309,99.2,108,44.3,21,16.3,323,31.2,142,37.9,226,65.2,143,66.4,152,17.4,101,18.4,225,101.1,201,100.0,181,99.2,108,98.9,130,76.3,223,-0.1,193,+0.6,109,-0.8,264,-1.4,307,-0.5,229,+0.5,144,1.94,60,27.1,241,76.6,16,2013,0.554329475150667,21,16,0.5675675675675675,37
314,UC Riverside,BW,6-25,-14.57,89.2,335,103.8,193,61.8,285,-.071,320,-1.92,181,103.6,127,105.5,293,-1.31,203,,BW,61.8,285,89.2,335,45.3,299,22.6,304,30.7,208,32.5,264,103.8,193,50.5,249,18.1,276,27.4,29,32.7,88,61.8,285,63.6,275,19.9,309,17.7,106,89.2,335,88.4,334,103.8,193,104.0,245,76.8,150,+0.2,152,+0.6,103,-0.1,204,+0.2,162,-0.0,184,+0.5,142,1.11,261,34.2,81,16.7,340,2013,0.14890354623790342,6,25,0.1935483870967742,31
223,UC Santa Barbara,BW,11-20,-4.80,98.5,248,103.3,181,62.5,265,-.040,276,+1.14,127,104.2,109,103.1,176,+10.04,3,,BW,62.5,265,98.5,248,48.8,151,22.3,298,31.1,191,30.1,310,103.3,181,49.1,195,18.1,273,32.1,182,38.3,235,62.5,265,64.0,257,19.1,263,18.2,190,98.5,248,97.3,238,103.3,181,104.5,253,76.3,220,+0.0,172,-0.4,214,+0.5,120,+0.3,134,-0.4,213,-1.6,283,0.84,315,32.5,117,39.1,258,2013,0.3665190288087907,11,20,0.3548387096774194,31
130,UCF,CUSA,20-11,+3.39,106.8,99,103.5,186,64.5,181,+.050,53,-0.56,153,101.8,188,102.4,138,-5.00,291,,CUSA,64.5,181,106.8,99,51.4,65,20.3,197,34.6,78,40.4,61,103.5,186,48.7,179,18.8,234,33.1,229,25.6,7,64.5,181,66.2,166,18.1,177,17.9,137,106.8,99,105.1,84,103.5,186,101.4,182,77.7,38,+0.7,90,+0.1,145,+1.2,56,+1.3,36,+1.8,24,+1.1,86,1.74,108,23.2,311,50.0,177,2013,0.5892685939355301,20,11,0.6451612903225806,31
46,UCLA,P12,25-10,+14.53,111.1,42,96.6,67,68.1,35,+.068,32,+8.06,22,105.9,44,97.9,16,+0.43,139,6,P12,68.1,35,111.1,42,49.1,138,15.8,7,30.7,205,33.1,249,96.6,67,47.5,124,19.9,176,34.0,263,24.6,5,68.1,35,69.6,34,15.8,13,18.6,263,111.1,42,105.4,78,96.6,67,98.4,120,78.5,5,+1.8,15,+1.1,55,+2.5,2,+1.5,28,+2.0,17,+2.0,27,1.21,242,25.9,265,33.7,296,2013,0.833174880751867,25,10,0.7142857142857143,35
308,UMBC,AE,8-23,-13.90,95.7,288,109.6,299,65.9,112,-.010,209,-2.96,218,99.9,283,102.9,158,-1.54,210,,AE,65.9,112,95.7,288,46.6,264,21.3,253,28.7,272,30.1,312,109.6,299,51.2,271,20.2,162,32.9,217,44.0,318,65.9,112,67.5,104,17.8,147,17.5,72,95.7,288,92.5,308,109.6,299,105.1,268,75.5,310,-1.2,311,-1.3,297,-1.2,300,-1.0,289,-1.3,299,-0.8,245,1.57,157,34.6,75,60.9,93,2013,0.17370127106562835,8,23,0.25806451612903225,31
318,UMKC,Sum,8-24,-15.39,93.7,307,109.1,294,63.1,236,-.022,240,-3.02,220,102.4,158,105.4,285,-0.40,170,,Sum,63.1,236,93.7,307,47.4,231,23.0,318,29.1,257,30.3,307,109.1,294,54.5,337,19.3,211,30.5,110,42.3,298,63.1,236,64.9,222,19.2,272,17.4,67,93.7,307,92.3,310,109.1,294,108.5,322,76.7,167,+0.5,116,+0.7,92,+0.3,138,+0.1,168,-1.1,286,+0.6,132,1.22,240,38.7,25,56.2,126,2013,0.14805765554207448,8,24,0.25,32
203,UNC Asheville,BSth,16-16,-3.25,101.5,194,104.7,208,67.9,38,-.076,325,-4.68,262,100.7,244,105.4,281,+5.53,32,,BSth,67.9,38,101.5,194,48.6,161,20.6,214,33.0,124,38.1,108,104.7,208,49.6,207,20.7,131,33.2,240,33.2,106,67.9,38,69.4,40,16.8,49,18.0,154,101.5,194,102.1,145,104.7,208,101.2,175,77.2,89,-0.3,219,+0.3,129,-0.9,272,-0.7,247,+1.4,50,+2.8,9,1.01,287,22.8,317,29.3,316,2013,0.4116947732804301,16,16,0.5,32
286,UNC Greensboro,SC,9-22,-11.64,97.1,273,108.8,288,70.5,5,-.151,346,-7.11,321,99.4,305,106.5,326,+0.23,149,,SC,70.5,5,97.1,273,47.0,242,17.8,54,29.2,254,33.7,237,108.8,288,50.2,239,19.2,214,28.1,43,51.9,343,70.5,5,71.6,5,15.7,9,17.7,108,97.1,273,99.0,200,108.8,288,104.6,258,75.8,280,-1.1,302,-1.3,299,-1.0,280,-0.4,213,-1.5,309,+0.1,164,1.61,150,38.2,31,63.8,68,2013,0.21276232107091098,9,22,0.2903225806451613,31
287,UNC Wilmington,CAA,10-20,-11.83,97.1,275,108.9,292,65.3,137,+.022,126,-2.50,200,101.6,199,104.1,222,+0.37,141,,CAA,65.3,137,97.1,275,46.6,260,21.4,255,31.5,177,36.7,152,108.9,292,50.2,238,17.5,296,32.8,214,38.0,228,65.3,137,66.6,143,18.7,231,17.3,42,97.1,275,95.2,278,108.9,292,107.0,302,76.7,179,+0.6,97,-0.1,182,+1.3,32,-0.1,181,-1.1,285,+0.1,163,1.51,173,29.2,194,49.0,181,2013,0.21099811196635043,10,20,0.3333333333333333,30
38,UNLV,MWC,25-10,+16.07,106.0,115,90.0,12,67.9,42,-.015,226,+6.23,59,106.1,37,99.9,70,-0.28,162,5,MWC,67.9,42,106.0,115,49.0,143,20.2,192,33.3,116,36.7,151,90.0,12,44.1,18,18.5,256,27.1,23,29.6,44,67.9,42,69.0,50,16.1,20,18.5,233,106.0,115,102.2,141,90.0,12,92.0,21,77.8,32,+0.7,86,+0.1,168,+1.3,45,+0.5,119,+1.5,35,+2.8,9,1.52,168,29.5,186,45.0,211,2013,0.867810672048664,25,10,0.7142857142857143,35
101,USC,P12,14-18,+6.39,103.4,154,97.0,75,65.8,118,-.014,221,+9.18,14,106.9,16,97.7,11,+5.31,35,,P12,65.8,118,103.4,154,47.2,238,19.6,148,29.1,255,30.0,313,97.0,75,46.9,105,17.6,291,29.5,75,37.6,210,65.8,118,67.1,123,17.5,113,18.3,200,103.4,154,96.5,251,97.0,75,99.1,135,77.4,67,+1.9,14,+4.0,3,-0.3,222,+0.7,94,+0.4,127,-1.0,260,2.20,29,25.9,266,33.2,304,2013,0.6758535106422411,14,18,0.4375,32
195,USC Upstate,ASun,16-17,-2.37,103.0,162,105.3,230,64.9,155,-.076,324,-4.87,266,100.5,252,105.4,282,+2.46,92,,ASun,64.9,155,103.0,162,49.5,119,20.0,172,35.4,57,34.3,223,105.3,230,49.8,223,20.1,167,30.2,101,35.4,157,64.9,155,66.6,137,17.9,158,17.9,126,103.0,162,103.6,111,105.3,230,101.9,194,77.4,65,-0.1,185,-0.8,257,+0.7,93,+0.7,89,+1.1,68,+2.3,21,1.83,87,30.5,168,89.5,4,2013,0.43684635417360723,16,17,0.48484848484848486,33
149,UT Arlington,WAC,19-14,+1.37,98.8,238,97.5,82,65.6,128,+.043,69,-1.35,169,101.9,181,103.2,182,-1.84,218,,WAC,65.6,128,98.8,238,46.6,262,22.1,288,36.4,40,36.6,155,97.5,82,45.9,65,22.9,35,31.1,137,44.0,317,65.6,128,66.4,151,17.4,105,18.3,203,98.8,238,96.9,244,97.5,82,95.0,54,76.2,229,-0.6,251,+0.1,161,-1.3,310,+0.3,135,+0.1,167,-1.1,271,1.88,75,35.3,70,56.5,124,2013,0.538006571452436,19,14,0.5757575757575758,33
114,UTEP,CUSA,18-14,+5.25,103.7,150,98.5,97,59.9,324,+.000,178,+1.39,124,103.9,117,102.5,142,+3.68,70,,CUSA,59.9,324,103.7,150,50.6,86,19.7,158,28.1,288,42.5,30,98.5,97,46.6,85,19.7,188,33.0,223,34.8,139,59.9,324,61.7,319,20.2,321,18.4,221,103.7,150,101.7,153,98.5,97,98.3,117,77.3,73,+0.8,68,+0.7,90,+0.9,75,+1.7,22,+0.5,119,-0.2,194,1.96,57,30.9,151,65.4,59,2013,0.6437376847406413,18,14,0.5625,32
254,UTSA,WAC,10-22,-7.85,100.9,204,108.8,289,62.7,255,-.046,287,-1.08,163,101.3,214,102.3,136,-2.88,252,,WAC,62.7,255,100.9,204,46.9,246,20.6,212,31.0,195,36.4,160,108.8,289,52.6,313,20.4,149,34.4,284,34.4,133,62.7,255,65.2,213,18.6,219,18.0,155,100.9,204,98.1,226,108.8,289,106.4,297,75.1,330,-1.7,329,-1.2,292,-2.2,341,-1.1,299,-0.6,233,-2.6,328,1.32,223,25.0,289,45.5,208,2013,0.2959026357362338,10,22,0.3125,32
115,Utah,P12,15-18,+5.13,104.7,138,99.5,116,60.9,304,-.027,251,+7.13,39,105.9,46,98.8,41,-5.28,296,,P12,60.9,304,104.7,138,48.7,156,20.0,175,27.5,297,31.1,293,99.5,116,46.9,103,16.9,315,31.8,165,30.6,57,60.9,304,63.0,295,19.6,291,18.1,174,104.7,138,98.8,206,99.5,116,101.4,180,76.4,213,+0.8,73,+1.6,32,+0.0,184,-0.5,228,-0.0,183,-2.2,317,1.89,71,30.9,155,25.8,326,2013,0.6424070819274842,15,18,0.45454545454545453,33
108,Utah St.,WAC,21-10,+5.53,109.7,60,104.2,201,60.6,313,+.024,121,-2.10,186,101.5,203,103.6,198,-3.04,256,,WAC,60.6,313,109.7,60,52.0,48,20.9,237,37.4,24,40.5,56,104.2,201,47.8,135,15.0,344,27.0,19,30.7,59,60.6,313,62.2,311,19.7,297,18.7,271,109.7,60,108.6,32,104.2,201,101.6,189,77.1,101,+0.8,64,+1.3,45,+0.4,127,-0.6,235,+0.2,160,+1.3,80,0.64,335,35.4,67,30.2,311,2013,0.643715717248397,21,10,0.6774193548387096,31
295,Utah Valley,GWC,14-18,-12.58,98.8,242,111.4,320,62.8,251,-.004,192,-7.32,326,97.9,324,105.2,274,-3.46,266,,GWC,62.8,251,98.8,242,49.6,113,18.9,115,25.7,329,30.5,304,111.4,320,50.5,248,17.3,303,30.1,98,27.4,19,62.8,251,64.2,248,18.3,198,18.9,306,98.8,242,98.5,216,111.4,320,105.4,274,76.7,178,+0.9,62,+0.1,145,+1.7,16,-0.6,232,-0.8,257,-0.2,194,1.43,188,27.0,244,47.8,194,2013,0.20095410893575996,14,18,0.4375,32
18,VCU,A10,27-9,+20.28,114.0,20,93.7,36,66.4,91,+.002,171,+5.09,76,105.8,56,100.7,97,-0.22,161,5,A10,66.4,91,114.0,20,51.3,69,16.9,21,36.6,35,29.8,316,93.7,36,49.9,227,28.5,1,34.7,293,40.3,272,66.4,91,68.6,69,17.0,62,17.8,116,114.0,20,111.2,18,93.7,36,94.0,41,76.7,160,-0.2,202,+0.6,99,-1.0,278,-1.1,292,+0.3,152,+1.8,41,1.55,163,33.8,90,74.9,24,2013,0.9050940947104039,27,9,0.75,36
283,VMI,BSth,14-17,-11.33,102.3,178,113.6,335,69.7,9,-.022,242,-7.71,332,99.0,315,106.7,330,-1.05,191,,BSth,69.7,9,102.3,178,49.0,140,17.5,42,32.1,150,30.6,302,113.6,335,51.1,266,18.6,245,37.2,336,30.6,58,69.7,9,72.0,3,15.2,6,17.8,112,102.3,178,103.9,104,113.6,335,109.0,326,75.7,288,-0.6,254,-0.5,233,-0.7,249,-0.1,186,-1.2,290,-1.9,299,1.74,110,27.3,231,38.7,262,2013,0.23060484355804814,14,17,0.45161290322580644,31
65,Valparaiso,Horz,26-8,+11.42,110.7,44,99.3,111,64.3,188,+.021,130,-1.50,173,101.5,207,103.0,168,-3.18,261,14,Horz,64.3,188,110.7,44,55.7,5,21.8,273,31.2,189,41.7,35,99.3,111,46.2,75,19.5,201,28.2,47,36.8,197,64.3,188,64.9,224,18.2,187,18.8,286,110.7,44,108.8,31,99.3,111,95.9,67,76.2,236,+0.1,171,+0.1,163,-0.0,189,-0.7,247,-0.9,269,-0.6,232,2.30,15,32.3,121,74.9,25,2013,0.7772652538142991,26,8,0.7647058823529411,34
98,Vanderbilt,SEC,16-17,+6.77,102.6,173,95.8,58,59.7,328,-.026,249,+4.98,77,104.9,90,99.9,71,+0.50,137,,SEC,59.7,328,102.6,173,48.4,173,19.4,141,27.9,292,35.1,206,95.8,58,46.0,70,18.5,254,29.5,74,33.5,115,59.7,328,61.4,325,19.7,295,19.1,319,102.6,173,97.7,233,95.8,58,97.0,82,77.8,34,+1.2,42,+1.2,52,+1.2,52,+0.7,92,+1.2,59,+1.5,64,0.71,328,30.3,170,20.6,336,2013,0.687533941916631,16,17,0.48484848484848486,33
135,Vermont,AE,21-12,+3.12,103.0,159,99.9,126,60.9,306,-.006,195,-4.47,259,99.9,286,104.3,236,-1.87,220,,AE,60.9,306,103.0,159,48.6,164,20.6,213,34.4,82,44.8,16,99.9,126,46.7,88,20.6,139,28.8,59,33.8,122,60.9,306,62.0,315,19.3,278,19.2,325,103.0,159,102.4,138,99.9,126,95.4,57,77.5,59,+0.2,150,-0.1,183,+0.5,108,+0.9,76,+0.8,90,+2.1,25,1.76,103,33.7,92,55.2,134,2013,0.5869647871182794,21,12,0.6363636363636364,33
53,Villanova,BE,20-14,+13.57,106.3,113,92.7,29,66.4,88,+.011,150,+9.41,12,106.5,27,97.1,4,+0.30,143,9,BE,66.4,88,106.3,113,47.3,233,22.9,314,33.1,121,50.6,1,92.7,29,47.3,118,22.0,63,29.5,76,41.0,280,66.4,88,67.1,121,17.6,120,18.0,148,106.3,113,98.7,210,92.7,29,95.6,61,78.2,13,+1.2,40,+1.8,24,+0.6,101,+1.3,37,+2.0,15,+2.4,19,1.40,199,27.1,237,53.2,149,2013,0.8283976408736877,20,14,0.5882352941176471,34
41,Virginia,ACC,23-12,+15.51,107.5,83,92.0,25,59.3,336,-.067,313,+2.47,117,103.0,137,100.6,93,-8.69,337,1,ACC,59.3,336,107.5,83,51.6,57,18.2,72,28.3,282,31.6,281,92.0,25,44.1,16,20.9,121,27.9,40,31.8,75,59.3,336,61.3,330,20.0,314,18.9,307,107.5,83,104.2,100,92.0,25,90.3,12,77.7,40,+0.5,112,+0.1,170,+1.0,65,+1.3,37,+3.3,2,-0.3,213,1.49,177,31.2,138,45.3,210,2013,0.8569978948828418,23,12,0.6571428571428571,35
169,Virginia Tech,ACC,13-19,-0.10,107.2,90,107.3,265,65.9,111,+.032,100,+6.45,56,105.8,52,99.4,56,-3.98,275,,ACC,65.9,111,107.2,90,47.5,226,17.5,41,30.7,204,36.8,148,107.3,265,50.1,235,15.5,340,33.2,237,38.1,231,65.9,111,67.9,88,17.3,87,17.9,139,107.2,90,101.6,155,107.3,265,109.2,328,77.9,25,+0.8,72,+0.5,112,+1.1,59,+1.8,20,+1.2,58,+1.9,35,1.54,166,30.6,163,61.7,84,2013,0.49731937280871596,13,19,0.40625,32
184,Wagner,NEC,19-12,-1.17,97.2,271,98.4,94,65.9,113,+.053,45,-5.51,286,101.6,201,107.1,338,+1.82,109,,NEC,65.9,113,97.2,271,47.5,227,21.9,275,34.9,66,40.3,65,98.4,94,46.8,101,22.0,61,30.5,111,41.8,293,65.9,113,68.1,87,17.4,102,17.6,88,97.2,271,98.7,211,98.4,94,95.8,64,76.2,237,-0.2,211,+0.0,172,-0.5,237,-0.2,194,-1.3,300,-0.2,194,1.70,121,38.0,36,66.5,56,2013,0.4647818998184248,19,12,0.6129032258064516,31
137,Wake Forest,ACC,13-18,+2.88,101.6,191,98.7,102,67.8,45,-.006,196,+5.82,64,106.4,32,100.5,90,-3.18,260,,ACC,67.8,45,101.6,191,48.5,171,20.7,220,27.7,294,43.7,23,98.7,102,50.8,256,20.6,140,30.8,125,35.5,160,67.8,45,69.2,45,17.2,80,17.4,52,101.6,191,97.5,235,98.7,102,101.3,178,77.3,75,+0.5,121,+0.1,145,+0.8,88,+0.4,129,+0.4,131,+1.9,39,1.64,141,29.4,191,40.0,251,2013,0.5824949242842726,13,18,0.41935483870967744,31
81,Washington,P12,18-16,+9.16,107.7,79,98.5,98,64.3,187,-.000,180,+7.66,28,106.3,36,98.6,35,-0.37,168,6,P12,64.3,187,107.7,79,48.2,192,19.8,164,37.3,26,33.8,234,98.5,98,48.2,154,18.4,262,31.3,147,32.3,82,64.3,187,66.1,172,17.6,124,18.6,258,107.7,79,102.1,144,98.5,98,100.9,171,78.3,8,+1.9,13,+2.6,11,+1.1,58,+1.1,56,+1.6,29,+2.2,22,1.69,122,25.0,288,53.7,145,2013,0.7363086134942098,18,16,0.5294117647058824,34
90,Washington St.,P12,13-19,+7.45,107.6,81,100.2,129,60.7,312,-.135,345,+4.91,78,104.9,91,100.0,73,-7.39,324,,P12,60.7,312,107.6,81,49.6,118,19.1,128,31.6,176,34.1,227,100.2,129,49.6,208,19.4,205,28.2,44,31.7,74,60.7,312,62.4,307,19.9,310,18.3,212,107.6,81,102.6,133,100.2,129,100.1,154,78.3,10,+1.6,23,+1.1,55,+2.0,7,+0.8,83,+1.5,37,+2.8,9,1.11,259,25.4,280,44.8,212,2013,0.6941096582045595,13,19,0.40625,32
71,Weber St.,BSky,30-7,+10.65,109.1,65,98.4,95,64.1,196,-.016,231,-6.80,313,100.5,249,107.3,342,+1.69,111,,BSky,64.1,196,109.1,65,56.0,4,18.8,106,29.8,234,39.6,78,98.4,95,44.4,24,16.7,319,25.5,6,33.6,117,64.1,196,65.0,219,18.1,185,18.7,275,109.1,65,112.4,9,98.4,95,94.7,47,76.8,157,+0.7,85,+1.0,71,+0.4,125,-0.5,227,-0.8,256,+0.8,113,1.43,187,30.1,174,50.9,168,2013,0.7662178842157572,30,7,0.8108108108108109,37
123,West Virginia,B12,13-19,+4.22,105.0,133,100.8,137,63.0,242,-.042,280,+6.78,48,107.2,15,100.4,85,+1.18,125,,B12,63.0,242,105.0,133,45.6,294,19.8,167,37.1,27,40.8,50,100.8,137,51.1,267,21.8,70,34.0,262,40.0,269,63.0,242,65.5,196,19.1,261,17.4,61,105.0,133,100.7,177,100.8,137,103.7,236,76.5,188,+1.4,31,+1.1,62,+1.6,20,-1.4,306,-1.4,302,-0.3,217,1.41,194,41.8,11,46.9,201,2013,0.6152542657413321,13,19,0.40625,32
245,Western Carolina,SC,14-19,-7.39,101.6,190,109.0,293,65.0,151,-.031,258,-5.69,293,100.2,271,105.9,310,+3.91,66,,SC,65.0,151,101.6,190,47.6,220,18.9,119,34.6,79,30.9,296,109.0,293,49.9,230,20.4,147,35.1,298,47.1,336,65.0,151,66.1,171,17.2,79,19.0,311,101.6,190,102.6,131,109.0,293,105.5,276,76.1,247,-1.5,323,-1.0,276,-2.1,338,-1.0,283,+0.3,148,+1.3,79,1.82,88,22.6,319,59.1,109,2013,0.3082102304991368,14,19,0.42424242424242425,33
156,Western Illinois,Sum,22-9,+0.66,97.3,267,96.6,68,56.7,347,+.047,57,-5.83,297,100.8,239,106.6,329,-5.93,308,,Sum,56.7,347,97.3,267,51.6,61,19.5,145,24.8,336,39.8,74,96.6,68,45.8,64,19.5,202,27.5,32,28.3,26,56.7,347,57.7,347,21.8,345,19.5,339,97.3,267,99.2,198,96.6,68,93.3,34,76.8,155,-0.5,236,-1.0,274,+0.0,183,+1.3,37,+0.9,77,-0.3,214,1.89,70,23.1,315,58.2,114,2013,0.520746294761157,22,9,0.7096774193548387,31
173,Western Kentucky,SB,20-16,-0.41,101.8,188,102.2,157,64.6,179,+.029,105,-2.47,199,100.9,235,103.3,186,+3.24,75,16,SB,64.6,179,101.8,188,48.6,165,22.2,295,34.8,70,37.6,121,102.2,157,47.9,141,20.8,128,30.7,118,37.8,221,64.6,179,66.9,126,17.7,134,17.9,140,101.8,188,99.6,186,102.2,157,99.0,132,76.5,193,-0.2,215,+0.3,133,-0.8,263,-0.4,215,+0.1,170,+0.3,154,1.18,249,34.4,78,51.8,159,2013,0.4887273862385278,20,16,0.5555555555555556,36
140,Western Michigan,MAC,22-13,+2.63,102.6,170,100.0,127,65.0,153,+.062,35,-1.42,170,101.8,191,103.2,180,+0.34,142,,MAC,65.0,153,102.6,170,48.2,195,22.4,300,35.5,55,45.9,6,100.0,127,46.9,107,19.1,224,29.2,67,35.5,162,65.0,153,65.3,203,18.6,221,17.8,122,102.6,170,101.1,165,100.0,127,98.0,107,77.4,63,+0.7,89,+0.7,97,+0.7,96,+0.2,164,+1.1,69,+1.6,62,1.10,268,29.2,195,39.2,257,2013,0.5732635838945264,22,13,0.6285714285714286,35
17,Wichita St.,MVC,30-9,+20.31,111.8,35,91.5,20,63.8,208,-.002,185,+6.71,51,106.9,17,100.2,79,+0.17,152,9,MVC,63.8,208,111.8,35,50.0,105,19.4,142,38.0,18,36.5,157,91.5,20,45.3,44,20.0,173,26.5,12,38.3,237,63.8,208,64.9,227,18.6,225,18.1,171,111.8,35,107.5,46,91.5,20,94.3,43,76.5,197,+1.0,52,+0.7,89,+1.3,32,-1.1,296,-0.9,268,-0.6,231,1.20,247,35.9,60,34.6,290,2013,0.909231280384596,30,9,0.7692307692307693,39
214,William & Mary,CAA,13-17,-4.01,106.6,108,110.6,311,62.2,278,-.064,311,-3.60,236,100.2,272,103.8,201,-1.53,209,,CAA,62.2,278,106.6,108,53.6,23,20.0,176,28.5,277,37.6,119,110.6,311,48.9,186,16.1,328,32.4,189,30.1,51,62.2,278,63.2,289,18.5,217,19.2,324,106.6,108,105.4,79,110.6,311,106.3,294,77.4,64,+0.6,103,+0.1,166,+1.1,61,-0.4,217,+1.3,53,+1.8,41,1.92,65,20.3,331,63.0,73,2013,0.39565068831745964,13,17,0.43333333333333335,30
278,Winthrop,BSth,14-17,-10.64,95.3,291,105.9,245,59.8,326,+.037,91,-5.09,270,99.0,314,104.1,225,+3.44,72,,BSth,59.8,326,95.3,291,46.6,258,21.4,254,29.3,247,36.1,169,105.9,245,47.1,111,18.2,268,30.6,115,36.8,193,59.8,326,61.6,322,20.4,324,18.2,188,95.3,291,95.0,280,105.9,245,101.9,195,76.5,189,-0.2,207,-0.7,243,+0.2,155,+0.6,106,+0.9,85,-1.4,278,1.00,291,31.1,145,38.9,260,2013,0.22919670858121907,14,17,0.45161290322580644,31
12,Wisconsin,B10,23-12,+22.57,108.3,73,85.7,2,60.4,319,-.033,268,+11.08,4,108.8,1,97.7,12,-3.20,262,5,B10,60.4,319,108.3,73,48.6,163,15.7,5,32.6,136,29.7,319,85.7,2,43.0,7,18.0,279,27.0,22,25.7,8,60.4,319,61.4,327,20.9,336,18.0,144,108.3,73,104.1,101,85.7,2,89.9,11,76.9,146,+0.5,111,+1.3,48,-0.2,210,+1.0,61,-0.9,265,+0.0,169,1.43,189,26.1,260,56.7,122,2013,0.9365292613998166,23,12,0.6571428571428571,35
246,Wofford,SC,13-19,-7.42,89.2,334,96.7,72,62.3,273,-.058,305,-5.14,272,100.3,264,105.5,289,+2.98,80,,SC,62.3,273,89.2,334,44.2,322,20.3,195,25.9,324,27.9,337,96.7,72,47.6,130,22.2,54,27.0,17,38.3,234,62.3,273,63.3,281,19.1,264,18.5,241,89.2,334,90.2,324,96.7,72,93.6,38,76.6,181,-1.0,285,-1.3,300,-0.7,249,+0.0,173,+1.1,70,+1.0,94,0.83,318,26.2,258,42.2,236,2013,0.2832449310000689,13,19,0.40625,32
122,Wright St.,Horz,23-13,+4.33,98.0,256,93.7,34,61.8,283,+.008,156,-1.44,171,102.7,146,104.2,228,-4.86,288,,Horz,61.8,283,98.0,256,49.5,120,20.4,199,26.7,312,33.0,253,93.7,34,46.8,94,24.3,15,29.3,68,43.5,314,61.8,283,63.0,294,18.5,216,19.2,329,98.0,256,97.9,230,93.7,34,92.4,23,76.1,246,-0.1,194,+0.2,140,-0.5,235,-0.0,178,-0.1,195,-2.0,305,1.08,272,38.2,30,42.0,238,2013,0.6262112154568875,23,13,0.6388888888888888,36
100,Wyoming,MWC,20-14,+6.53,103.0,160,96.5,65,60.0,322,+.045,63,+5.49,71,105.5,73,100.0,72,-1.81,216,,MWC,60.0,322,103.0,160,49.5,123,18.7,103,23.6,343,39.8,75,96.5,65,48.2,155,21.4,90,31.3,149,33.0,100,60.0,322,60.8,335,21.8,346,17.6,85,103.0,160,98.7,212,96.5,65,97.7,99,75.8,276,+0.0,173,-0.4,221,+0.5,113,-1.5,317,-0.6,235,-1.8,293,0.99,292,20.6,328,35.0,286,2013,0.6790999835838598,20,14,0.5882352941176471,34
78,Xavier,A10,17-14,+9.55,106.0,116,96.4,64,61.8,287,-.055,303,+5.45,73,105.5,69,100.1,75,+2.84,82,,A10,61.8,287,106.0,116,50.1,102,20.4,200,34.3,86,41.4,41,96.4,64,46.7,92,18.5,253,29.0,63,33.3,110,61.8,287,63.2,285,19.1,267,18.7,274,106.0,116,102.7,130,96.4,64,98.4,123,77.2,91,+0.8,69,+0.3,130,+1.3,32,+1.2,48,-0.1,185,+0.2,160,1.60,152,30.1,176,30.0,313,2013,0.7487070252067533,17,14,0.5483870967741935,31
198,Yale,Ivy,14-17,-2.95,102.7,168,105.7,240,63.0,239,+.032,98,+0.66,132,103.1,136,102.5,141,+5.22,36,,Ivy,63.0,239,102.7,168,46.5,266,22.2,290,35.1,63,42.9,27,105.7,240,52.0,301,20.4,145,29.8,88,40.3,273,63.0,239,63.5,277,19.3,276,18.2,192,102.7,168,99.5,189,105.7,240,104.7,261,76.7,161,+0.2,157,-0.2,195,+0.5,114,+1.0,67,+0.3,147,-1.0,256,1.29,227,43.3,4,48.0,189,2013,0.417968883349967,14,17,0.45161290322580644,31
191,Youngstown St.,Horz,18-16,-1.91,102.9,163,104.8,213,66.9,66,+.025,119,-0.57,154,102.4,161,102.9,164,-0.59,178,,Horz,66.9,66,102.9,163,49.1,136,17.0,26,26.5,316,36.0,171,104.8,213,48.5,166,18.2,269,31.7,161,35.4,159,66.9,66,67.5,102,17.5,118,18.1,166,102.9,163,101.1,166,104.8,213,103.0,220,75.5,312,-0.3,221,-0.8,252,+0.2,162,-2.0,333,-2.2,335,-1.0,258,1.83,86,20.1,334,52.1,156,2013,0.4475918309955454,18,16,0.5294117647058824,34
