rk,TEAM,CONF,RECORD,KADJ EM,adjo,adjo.rank,adjd,adjd.rank,adjt,adjt.rank,luck,luck.rank,sos-adjem,sos-adjem.rank,sos-oppo,sos-oppo.rank,sos-oppd,sos-oppd.rank,ncsos-adjem,ncsos-adjem.rank,seed,conference,KADJ T,adjtempo.rank,KADJ O,adjoe.rank,off-efg%,off-efg%.rank,off-to%,off-to%.rank,off-or%,off-or%.rank,off-ftrate,off-ftrate.rank,KADJ D,adjde.rank,def-efg%,def-efg%.rank,def-to%,def-to%.rank,def-or%,def-or%.rank,def-ftrate,def-ftrate.rank,tempo-adj,tempo-adj.rank,tempo-raw,tempo-raw.rank,avg. poss length-offense,avg. poss length-offense.rank,avg. poss length-defense,avg. poss length-defense.rank,off. efficiency-adj,off. efficiency-adj.rank,off. efficiency-raw,off. efficiency-raw.rank,def. efficiency-adj,def. efficiency-adj.rank,def. efficiency-raw,def. efficiency-raw.rank,avghgt,avghgt.rank,effhgt,effhgt.rank,c-hgt,c-hgt.rank,pf-hgt,pf-hgt.rank,sf-hgt,sf-hgt.rank,sg-hgt,sg-hgt.rank,pg-hgt,pg-hgt.rank,EXP,experience.rank,bench,bench.rank,CONTINUITY,continuity.rank,YEAR,BARTHAG,W,L,WIN%,GAMES
84,Abilene Christian,Slnd,24-5,+10.11,101.7,184,91.6,26,69.3,115,+.009,150,-5.43,298,99.4,287,104.8,300,+4.93,137,14,Slnd,69.3,115,101.7,184,51.2,110,19.2,183,30.6,85,32.7,143,91.6,26,46.0,22,26.5,1,27.9,168,41.1,328,69.3,115,71.0,96,16.9,129,16.7,71,101.7,184,104.2,106,91.6,26,87.0,1,75.1,339,-0.1,185,+0.9,67,-1.1,300,-1.9,340,-3.1,347,-3.9,342,1.27,246,36.5,56,70.8,18,2021,0.7690321691793203,24,5,0.8275862068965517,29
332,Air Force,MWC,5-20,-16.51,94.4,302,110.9,326,62.8,349,+.028,111,+4.35,132,104.6,138,100.3,140,-2.18,253,,MWC,62.8,349,94.4,302,52.1,81,22.6,329,15.3,347,30.9,188,110.9,326,57.4,343,21.8,41,35.5,343,32.8,206,62.8,349,63.9,341,19.8,340,17.5,224,94.4,302,92.1,319,110.9,326,112.6,337,76.8,190,-0.9,298,-1.5,319,-0.3,212,+0.1,180,-0.1,200,+1.3,73,1.55,183,28.0,255,41.2,221,2021,0.13557847009703497,5,20,0.2,25
112,Akron,MAC,15-8,+7.14,108.6,73,101.5,159,68.5,153,-.001,183,+4.26,134,105.8,104,101.5,159,+20.90,7,,MAC,68.5,153,108.6,73,51.5,95,17.0,77,30.1,99,30.7,193,101.5,159,48.6,104,16.4,300,28.8,208,27.3,68,68.5,153,69.9,140,16.9,130,17.4,209,108.6,73,108.6,41,101.5,159,103.0,221,75.5,327,-0.7,267,-1.5,316,+0.2,142,+0.2,144,-1.6,308,-4.2,345,1.60,161,33.6,110,40.1,236,2021,0.6851507649945786,15,8,0.6521739130434783,23
9,Alabama,SEC,26-7,+25.09,112.9,30,87.8,3,73.3,11,+.020,131,+14.80,33,110.1,35,95.3,41,+9.45,71,2,SEC,73.3,11,112.9,30,51.7,90,18.6,157,32.2,46,28.8,243,87.8,3,45.8,16,20.5,77,29.2,222,30.7,158,73.3,11,74.5,10,14.2,2,17.8,277,112.9,30,106.8,63,87.8,3,93.7,20,77.7,65,+0.3,123,-0.0,157,+0.5,93,+1.0,54,+1.2,47,+1.1,98,1.97,77,33.0,124,48.6,152,2021,0.9474281930020835,26,7,0.7878787878787878,33
348,Alabama A&M,SWAC,6-9,-21.04,84.8,354,105.8,250,67.5,209,+.018,134,-11.82,343,93.6,344,105.4,321,-5.52,291,,SWAC,67.5,209,84.8,354,44.8,331,21.4,299,28.2,157,31.8,162,105.8,250,44.0,3,18.0,220,29.4,232,37.4,297,67.5,209,70.0,136,17.7,225,16.5,37,84.8,354,88.2,341,105.8,250,94.4,26,76.4,242,+0.3,121,+0.5,109,+0.1,173,-0.5,236,-1.9,323,-0.5,229,0.87,313,34.7,85,45.1,182,2021,0.07280142464557009,6,9,0.4,15
354,Alabama St.,SWAC,4-14,-25.94,84.4,355,110.3,319,70.8,63,-.049,282,-14.36,347,91.6,347,105.9,332,-99.00,331,,SWAC,70.8,63,84.4,355,43.5,342,22.3,323,29.5,116,42.7,4,110.3,319,48.9,124,20.6,73,29.6,237,36.9,294,70.8,63,72.3,47,16.0,38,16.8,80,84.4,355,88.8,338,110.3,319,98.7,94,75.2,335,-1.6,344,-1.4,313,-1.8,336,-1.8,332,-2.4,334,-1.0,268,0.61,336,33.5,115,28.9,295,2021,0.04403148494290703,4,14,0.2222222222222222,18
240,Albany,AE,7-9,-6.91,97.3,263,104.2,211,69.6,108,-.079,322,-4.50,280,98.9,297,103.4,236,-3.88,270,,AE,69.6,108,97.3,263,50.5,142,18.0,123,22.3,315,34.1,101,104.2,211,51.3,228,20.9,60,27.3,150,29.3,120,69.6,108,69.7,148,17.1,156,17.7,266,97.3,263,99.4,207,104.2,211,98.8,97,77.1,145,-1.0,303,-0.9,262,-1.1,299,-0.2,204,+0.8,99,+2.3,12,1.68,141,30.9,169,29.3,293,2021,0.3126195190620186,7,9,0.4375,16
342,Alcorn St.,SWAC,6-13,-19.09,91.1,333,110.2,317,69.5,111,-.026,241,-8.11,334,96.1,338,104.2,270,+22.33,3,,SWAC,69.5,111,91.1,333,44.4,338,20.4,254,30.1,100,34.0,105,110.2,317,55.4,336,22.1,31,30.5,271,50.1,346,69.5,111,71.1,90,17.2,167,16.4,31,91.1,333,93.4,307,110.2,317,105.7,276,74.9,343,-1.4,340,-1.1,294,-1.7,334,-1.8,330,-2.6,344,-2.7,325,1.59,166,47.5,1,27.0,302,2021,0.10075175026240882,6,13,0.3157894736842105,19
267,American,Pat,4-6,-9.74,96.5,277,106.2,262,67.4,215,+.065,47,-1.53,213,101.0,239,102.5,200,-99.00,331,,Pat,67.4,215,96.5,277,52.6,64,22.3,320,24.1,272,26.8,293,106.2,262,50.2,181,17.6,251,29.9,251,38.4,308,67.4,215,67.7,236,18.2,275,17.1,124,96.5,277,97.3,251,106.2,262,104.0,242,77.5,86,+0.4,98,-0.1,163,+0.9,64,+0.5,107,+0.4,131,+1.3,73,1.42,212,32.0,150,51.3,133,2021,0.24946219254754065,4,6,0.4,10
212,Appalachian St.,SB,17-12,-4.71,98.4,245,103.1,191,65.5,310,+.039,86,-2.83,243,100.4,254,103.3,231,+5.52,129,16,SB,65.5,310,98.4,245,46.9,293,17.7,105,28.2,161,32.7,144,103.1,191,50.0,169,19.8,105,30.2,258,23.7,19,65.5,310,66.1,306,18.4,296,17.8,275,98.4,245,99.5,205,103.1,191,100.6,144,76.1,284,-0.8,285,-0.3,196,-1.3,317,-1.4,315,-0.6,241,-0.3,208,1.77,118,26.1,281,39.5,238,2021,0.3689849746553397,17,12,0.5862068965517241,29
29,Arizona,P12,17-9,+19.92,115.6,15,95.7,59,67.7,198,-.017,220,+13.38,51,109.3,52,95.9,56,-4.01,271,,P12,67.7,198,115.6,15,50.5,138,17.2,89,34.3,24,41.8,7,95.7,59,49.2,131,18.0,223,24.4,45,32.4,195,67.7,198,68.3,209,16.8,126,18.3,335,115.6,15,109.6,31,95.7,59,99.8,126,78.7,12,+2.8,2,+2.8,8,+2.7,5,+2.1,10,+0.5,124,+0.6,146,1.27,248,33.4,118,15.1,332,2021,0.8977575477093276,17,9,0.6538461538461539,26
86,Arizona St.,P12,11-14,+9.85,108.4,75,98.5,106,72.5,21,+.026,116,+16.04,22,110.9,20,94.9,30,+9.16,73,,P12,72.5,21,108.4,75,49.2,206,15.0,7,21.3,325,33.3,123,98.5,106,52.5,274,20.7,70,30.1,254,36.1,283,72.5,21,72.6,43,16.1,49,17.1,128,108.4,75,101.4,167,98.5,106,105.5,270,76.3,263,+0.5,94,-0.2,177,+1.1,52,-1.6,321,-1.9,324,-0.5,224,2.08,51,34.6,87,51.3,134,2021,0.7505172235156591,11,14,0.44,25
18,Arkansas,SEC,25-7,+21.56,111.1,43,89.6,10,72.6,19,+.064,51,+12.69,63,109.4,49,96.7,73,-4.09,272,3,SEC,72.6,19,111.1,43,50.7,128,17.1,81,31.7,63,32.7,148,89.6,10,47.9,67,20.1,91,26.5,116,29.0,114,72.6,19,75.0,8,16.0,36,16.0,8,111.1,43,108.0,47,89.6,10,94.2,24,77.9,48,+1.1,51,+2.5,16,-0.2,194,+1.1,37,+0.7,104,+0.7,129,2.01,70,29.9,200,12.2,339,2021,0.9222535167837808,25,7,0.78125,32
351,Arkansas Pine Bluff,SWAC,4-21,-23.47,91.2,331,114.7,354,67.0,242,-.086,326,-3.36,252,97.6,325,100.9,143,+15.77,17,,SWAC,67.0,242,91.2,331,43.2,343,22.5,327,27.2,185,38.6,23,114.7,354,54.1,316,18.4,199,32.2,314,38.3,306,67.0,242,69.4,164,18.5,298,16.0,9,91.2,331,88.4,340,114.7,354,109.7,320,75.8,309,-0.5,242,-0.7,247,-0.2,203,-0.4,225,-1.3,295,-2.8,326,1.10,281,31.6,161,41.6,216,2021,0.066822912678979,4,21,0.16,25
252,Arkansas St.,SB,11-13,-7.84,99.2,233,107.0,276,67.6,201,-.041,270,-3.60,257,99.4,284,103.0,221,+8.54,81,,SB,67.6,201,99.2,233,48.0,258,19.4,195,30.8,80,34.6,83,107.0,276,49.6,145,17.5,256,28.0,175,27.9,85,67.6,201,69.2,174,17.7,222,16.9,92,99.2,233,99.7,201,107.0,276,102.5,209,76.1,290,-0.3,219,-0.6,237,+0.0,179,-2.1,341,-1.1,282,-0.2,198,1.37,226,34.4,96,47.5,156,2021,0.29516183336980784,11,13,0.4583333333333333,24
197,Army,Pat,12-10,-3.47,98.1,250,101.6,161,68.4,157,+.034,98,-1.17,208,103.3,172,104.5,286,+2.78,171,,Pat,68.4,157,98.1,250,51.8,88,18.1,130,23.2,297,29.4,231,101.6,161,52.4,270,19.4,132,24.7,53,24.2,25,68.4,157,69.9,139,16.6,102,17.3,176,98.1,250,100.6,184,101.6,161,101.2,157,75.1,338,-0.8,277,-0.7,248,-0.8,263,-2.8,347,-2.7,346,-1.9,309,1.65,148,28.2,248,53.7,111,2021,0.40055672954978966,12,10,0.5454545454545454,22
60,Auburn,SEC,13-14,+13.20,111.6,38,98.4,103,71.0,54,-.044,275,+14.54,37,109.3,53,94.7,24,+6.37,109,,SEC,71.0,54,111.6,38,51.2,112,22.0,315,35.0,14,36.2,62,98.4,103,49.6,147,18.5,185,31.8,307,31.6,177,71.0,54,73.4,29,16.5,76,16.3,26,111.6,38,104.1,107,98.4,103,102.9,217,78.7,10,+1.4,32,+1.3,51,+1.6,32,+1.2,34,+2.9,1,+2.2,23,0.65,335,33.5,116,21.5,314,2021,0.8096323152355749,13,14,0.48148148148148145,27
215,Austin Peay,OVC,14-13,-5.04,104.0,137,109.0,302,66.8,249,-.071,315,-5.33,296,98.6,307,103.9,258,-1.46,246,,OVC,66.8,249,104.0,137,50.4,155,21.2,289,35.6,11,29.4,230,109.0,302,54.8,329,22.3,26,29.6,241,32.9,207,66.8,249,68.6,196,17.9,245,16.9,98,104.0,137,105.5,87,109.0,302,103.3,230,74.9,341,-2.3,354,-2.2,344,-2.3,343,-1.9,339,-1.3,296,-2.1,316,2.01,69,32.1,144,51.1,136,2021,0.36818634806806366,14,13,0.5185185185185185,27
20,BYU,WCC,20-7,+21.12,113.7,23,92.5,30,67.6,206,+.037,91,+12.31,65,109.1,57,96.8,76,+10.05,65,6,WCC,67.6,206,113.7,23,54.9,22,19.0,175,28.7,145,27.9,268,92.5,30,46.9,38,15.7,327,23.4,23,29.4,125,67.6,206,70.0,133,17.1,157,17.0,111,113.7,23,108.7,39,92.5,30,97.3,66,78.0,40,+2.5,6,+4.0,1,+0.9,67,+0.8,82,+0.4,134,-0.8,257,1.67,143,36.5,57,31.0,285,2021,0.9147513263941239,20,7,0.7407407407407407,27
149,Ball St.,MAC,10-13,+1.44,103.4,154,101.9,167,70.7,67,-.049,283,+4.48,130,106.1,100,101.6,162,+3.81,158,,MAC,70.7,67,103.4,154,51.3,100,19.8,218,27.8,173,28.7,244,101.9,167,48.9,122,17.2,274,30.5,270,35.7,275,70.7,67,72.1,54,16.6,101,16.6,49,103.4,154,102.7,143,101.9,167,103.7,235,76.8,180,-0.2,201,-0.2,186,-0.1,185,-0.6,253,-0.1,178,+0.7,135,1.80,113,35.8,65,55.7,99,2021,0.5419138444444732,10,13,0.43478260869565216,23
2,Baylor,B12,28-2,+33.87,125.0,2,91.1,22,67.4,213,+.046,80,+13.25,54,108.7,64,95.5,44,-2.83,258,1,B12,67.4,213,125.0,2,56.5,7,16.5,54,37.3,5,26.5,295,91.1,22,48.9,121,24.4,4,30.6,274,31.3,167,67.4,213,69.3,170,17.0,140,17.6,231,125.0,2,119.1,2,91.1,22,94.5,29,76.7,215,-0.6,251,+0.1,144,-1.2,308,-1.2,307,-0.1,197,+1.1,97,2.55,7,28.6,234,66.9,31,2021,0.974371639732574,28,2,0.9333333333333333,30
167,Bellarmine,ASun,14-8,-0.02,108.3,78,108.3,293,65.1,315,-.015,217,-3.95,268,100.1,266,104.0,263,+7.14,102,,ASun,65.1,315,108.3,78,55.3,15,17.3,96,25.7,238,28.2,259,108.3,293,55.4,335,22.7,16,28.6,200,28.4,96,65.1,315,66.0,308,17.8,236,18.3,332,108.3,78,110.3,23,108.3,293,104.3,246,76.8,199,-0.6,259,-1.4,312,+0.2,142,+0.2,137,-0.1,178,+0.3,167,0.06,346,24.7,305,0.0,0,2021,0.5,14,8,0.6363636363636364,22
110,Belmont,OVC,26-4,+7.43,109.4,64,102.0,170,70.7,64,+.050,69,-5.84,307,98.9,298,104.8,299,-5.87,296,,OVC,70.7,64,109.4,64,56.3,9,16.6,57,26.4,215,27.9,266,102.0,170,49.3,135,20.4,80,27.2,145,24.6,29,70.7,64,71.9,63,15.7,27,17.5,223,109.4,64,113.0,9,102.0,170,96.2,52,77.0,165,+0.7,75,+1.1,63,+0.3,117,+0.1,169,-1.1,282,-0.2,201,1.18,265,34.1,100,43.3,200,2021,0.691136493544889,26,4,0.8666666666666667,30
349,Bethune Cookman,MEAC,0-0,-22.53,90.1,342,112.7,343,72.3,25,+.000,173,-99.00,348,0.0,348,200.0,348,-99.00,331,,MEAC,72.3,25,90.1,342,0.0,348,100.0,348,0.0,348,0.0,348,112.7,343,100.0,348,0.0,348,100.0,348,100.0,348,72.3,25,0.0,348,0.0,1,0.0,1,90.1,342,0.0,348,112.7,343,200.0,348,0.0,348,+0.0,160,-99.0,348,-99.0,348,-99.0,348,-99.0,348,-99.0,348,0.00,348,0.0,348,0.0,344,2021,0.07084333659470837,0,0,,0
325,Binghamton,AE,4-14,-15.31,97.2,266,112.5,340,65.9,290,-.095,336,-4.07,272,98.4,309,102.4,194,-8.19,308,,AE,65.9,290,97.2,266,48.9,218,20.6,259,29.2,121,23.2,338,112.5,340,51.5,235,16.4,302,27.7,159,31.3,169,65.9,290,66.1,302,18.3,284,17.7,260,97.2,266,97.1,256,112.5,340,107.5,297,76.8,189,-1.1,312,-1.3,308,-0.8,271,-0.7,263,-0.1,178,+2.3,12,1.37,224,28.2,244,46.1,171,2021,0.15695001559856353,4,14,0.2222222222222222,18
61,Boise St.,MWC,19-9,+13.13,109.1,69,96.0,64,69.1,128,-.026,242,+6.12,115,105.4,114,99.3,121,+15.51,20,2,MWC,69.1,128,109.1,69,52.3,74,16.8,68,26.8,198,34.1,99,96.0,64,49.2,132,19.9,101,23.5,24,28.0,90,69.1,128,69.9,138,16.5,70,17.6,240,109.1,69,107.5,54,96.0,64,96.1,51,78.3,19,+1.3,39,+0.8,82,+1.8,19,+2.0,11,+0.9,93,+1.3,73,1.84,100,29.6,205,38.1,245,2021,0.8132157232264878,19,9,0.6785714285714286,28
148,Boston College,ACC,4-16,+1.47,105.1,123,103.6,200,70.9,58,-.097,337,+13.86,46,110.5,28,96.7,71,+12.89,38,,ACC,70.9,58,105.1,123,49.8,182,19.2,182,25.4,243,29.7,225,103.6,200,55.5,337,18.5,188,28.7,202,29.1,116,70.9,58,71.8,64,16.8,114,16.5,36,105.1,123,98.7,218,103.6,200,109.9,323,77.0,164,-0.2,204,-0.7,249,+0.4,113,-0.2,203,-0.1,178,+0.8,118,2.18,38,33.9,107,44.3,189,2021,0.5412341144978321,4,16,0.2,20
260,Boston University,Pat,7-11,-8.93,100.3,210,109.3,307,65.6,302,+.008,152,-2.16,226,102.5,195,104.6,293,-99.00,331,,Pat,65.6,302,100.3,210,49.7,187,18.3,139,29.0,133,28.6,246,109.3,307,53.6,309,15.2,334,26.1,99,29.8,137,65.6,302,67.7,240,17.9,248,17.3,174,100.3,210,102.6,144,109.3,307,109.2,316,77.4,104,+0.2,130,+0.6,92,-0.2,198,+0.3,126,+0.4,133,+1.3,73,2.03,62,35.1,79,69.4,21,2021,0.27126715450905337,7,11,0.3888888888888889,18
130,Bowling Green,MAC,14-12,+3.62,105.5,116,101.9,168,69.8,96,-.037,260,+3.46,143,105.5,113,102.0,178,+1.52,197,,MAC,69.8,96,105.5,116,47.6,277,13.5,2,30.3,95,27.9,269,101.9,168,51.0,210,19.0,149,29.5,233,29.9,138,69.8,96,71.8,69,16.1,45,17.1,141,105.5,116,106.1,76,101.9,168,103.2,222,76.2,270,-1.0,302,-1.1,288,-0.8,271,-0.3,207,-0.3,222,-0.9,260,1.89,92,28.1,252,53.8,109,2021,0.5985119317568552,14,12,0.5384615384615384,26
146,Bradley,MVC,12-16,+1.87,103.5,149,101.7,162,65.9,288,-.086,325,+5.85,118,105.5,112,99.7,129,+6.06,114,,MVC,65.9,288,103.5,149,49.9,175,18.9,172,28.0,166,22.6,341,101.7,162,51.1,219,17.9,238,26.2,103,30.2,147,65.9,288,65.9,313,17.1,155,19.1,347,103.5,149,101.1,178,101.7,162,102.5,208,77.3,123,+0.3,108,+0.1,146,+0.6,83,-0.4,224,+0.4,132,+1.0,104,1.59,173,39.0,29,41.4,218,2021,0.5502694795190456,12,16,0.42857142857142855,28
249,Brown,Ivy,0-0,-7.70,95.2,288,102.9,189,69.7,100,+.000,173,-99.00,348,0.0,348,200.0,348,-99.00,331,,Ivy,69.7,100,95.2,288,0.0,348,100.0,348,0.0,348,0.0,348,102.9,189,100.0,348,0.0,348,100.0,348,100.0,348,69.7,100,0.0,348,0.0,1,0.0,1,95.2,288,0.0,348,102.9,189,200.0,348,0.0,348,+0.0,160,-99.0,348,-99.0,348,-99.0,348,-99.0,348,-99.0,348,0.00,348,0.0,348,0.0,344,2021,0.29019368411336877,0,0,,0
185,Bryant,NEC,15-7,-1.50,103.2,160,104.7,223,74.0,6,-.044,273,-7.65,330,98.2,314,105.9,328,+4.63,143,,NEC,74.0,6,103.2,160,53.3,46,20.3,249,28.3,153,33.9,108,104.7,223,46.8,37,17.4,262,30.3,261,27.7,78,74.0,6,76.1,3,15.5,17,16.0,10,103.2,160,107.0,58,104.7,223,98.4,89,75.9,305,-1.2,322,-1.1,273,-1.3,314,-0.4,233,-0.7,249,-1.7,300,1.16,273,23.2,318,34.1,268,2021,0.4586079355358839,15,7,0.6818181818181818,22
276,Bucknell,Pat,5-7,-10.71,97.3,262,108.0,288,71.8,34,-.018,224,-6.93,319,99.8,273,106.7,341,-99.00,331,,Pat,71.8,34,97.3,262,52.0,84,17.3,94,19.8,336,36.3,58,108.0,288,49.6,148,15.7,325,28.3,187,29.2,118,71.8,34,73.1,33,15.2,13,17.5,225,97.3,262,102.4,149,108.0,288,105.9,280,77.8,58,+0.6,86,+1.1,59,+0.0,180,+0.1,149,+1.1,57,+1.9,35,1.45,203,35.7,67,50.8,140,2021,0.23150710806574826,5,7,0.4166666666666667,12
77,Buffalo,MAC,16-9,+11.30,107.4,95,96.1,67,73.1,16,-.098,339,+3.27,145,105.6,111,102.3,192,+2.40,182,4,MAC,73.1,16,107.4,95,51.2,116,18.5,152,37.3,6,29.8,222,96.1,67,46.3,25,17.5,258,27.1,144,28.5,103,73.1,16,74.3,16,15.2,11,17.2,142,107.4,95,108.4,42,96.1,67,97.6,70,77.1,143,+0.2,125,+0.1,145,+0.4,110,+0.8,83,+0.1,166,-0.4,214,1.74,125,25.7,291,64.1,46,2021,0.7821883653877411,16,9,0.64,25
120,Butler,BE,10-15,+5.34,102.7,164,97.4,86,64.6,326,+.069,45,+14.50,39,109.9,38,95.4,42,-0.56,227,,BE,64.6,326,102.7,164,47.5,280,17.3,93,26.0,230,29.4,229,97.4,86,53.0,295,18.6,180,25.2,67,28.5,100,64.6,326,65.1,329,19.5,337,17.3,175,102.7,164,96.1,273,97.4,86,104.0,240,76.6,225,+0.2,131,+0.0,152,+0.3,115,-1.1,302,-0.9,262,+0.0,177,2.03,63,28.9,227,38.1,244,2021,0.6477897584151964,10,15,0.4,25
229,Cal Baptist,WAC,13-10,-6.23,104.3,131,110.6,321,70.5,76,-.016,219,-4.46,277,99.8,278,104.2,269,-8.93,314,,WAC,70.5,76,104.3,131,53.9,38,19.7,214,27.4,182,36.9,46,110.6,321,51.6,238,16.1,313,28.0,178,37.2,296,70.5,76,71.1,92,16.2,54,17.5,226,104.3,131,106.6,65,110.6,321,107.1,289,77.3,125,+0.1,153,+1.1,61,-1.0,293,+0.1,149,+0.2,156,+1.3,73,1.21,260,17.6,345,16.4,328,2021,0.33749881184853553,13,10,0.5652173913043478,23
329,Cal Poly,BW,4-20,-15.85,90.1,343,105.9,253,66.8,248,+.015,141,+2.76,156,103.0,181,100.2,139,-0.10,216,,BW,66.8,248,90.1,343,44.5,334,20.3,248,22.0,320,29.5,228,105.9,253,50.6,193,18.1,210,29.9,248,36.5,287,66.8,248,67.9,230,17.5,203,17.6,244,90.1,343,87.6,342,105.9,253,105.6,272,76.7,201,-0.4,231,-0.5,218,-0.3,208,+0.1,149,+1.2,48,-1.4,284,1.51,191,39.0,28,43.0,203,2021,0.13492308906180517,4,20,0.16666666666666666,24
132,Cal St. Bakersfield,BW,15-11,+3.28,104.6,129,101.4,158,63.6,344,-.024,232,+1.53,170,102.7,188,101.2,153,+3.80,159,,BW,63.6,344,104.6,129,48.4,246,19.6,206,38.5,3,26.9,288,101.4,158,50.6,194,20.6,74,25.7,87,42.2,334,63.6,344,65.3,327,19.2,329,17.4,210,104.6,129,103.5,124,101.4,158,100.0,130,76.9,167,-0.8,282,-0.8,255,-0.8,260,-0.4,232,+0.5,123,+1.6,47,1.99,74,40.1,19,68.9,22,2021,0.5883891768547668,15,11,0.5769230769230769,26
255,Cal St. Fullerton,BW,6-10,-8.09,101.6,188,109.6,313,71.8,39,-.044,274,-0.03,193,102.3,203,102.3,191,-1.35,243,,BW,71.8,39,101.6,188,51.2,107,17.6,104,24.9,247,35.6,68,109.6,313,54.9,331,18.6,172,29.1,219,27.8,83,71.8,39,72.3,49,16.6,98,16.5,40,101.6,188,104.2,105,109.6,313,108.9,312,77.1,138,-0.5,246,-1.0,271,-0.0,182,+0.8,70,+0.1,162,+1.2,93,1.29,236,32.5,136,21.2,315,2021,0.2949154223148141,6,10,0.375,16
259,Cal St. Northridge,BW,9-13,-8.79,101.7,186,110.4,320,70.1,86,+.059,55,+1.03,179,102.3,202,101.3,155,+3.97,152,,BW,70.1,86,101.7,186,48.4,248,16.7,62,24.3,267,31.7,164,110.4,320,54.3,321,18.6,177,28.9,211,32.4,192,70.1,86,70.4,111,16.3,60,17.7,264,101.7,186,100.1,191,110.4,320,109.7,319,76.6,221,-0.4,237,-0.4,201,-0.5,223,-0.6,255,-1.1,280,+1.0,105,1.37,225,36.6,53,38.2,243,2021,0.2801026369346063,9,13,0.4090909090909091,22
114,California,P12,9-20,+6.43,105.5,119,99.0,115,64.7,322,-.067,308,+15.58,26,110.7,23,95.1,32,+3.18,166,,P12,64.7,322,105.5,119,49.4,197,19.3,185,24.3,266,34.0,104,99.0,115,53.0,289,17.6,254,25.1,66,34.0,240,64.7,322,65.8,314,19.0,321,17.3,177,105.5,119,98.2,229,99.0,115,105.8,278,77.5,95,+0.8,73,+0.4,114,+1.1,49,+0.3,130,+0.3,145,+0.8,125,2.27,24,34.5,90,56.7,87,2021,0.6750899753397336,9,20,0.3103448275862069,29
211,Campbell,BSth,17-10,-4.64,102.9,162,107.6,281,63.9,338,+.064,49,-5.23,293,99.0,292,104.3,271,-1.81,249,,BSth,63.9,338,102.9,162,55.7,11,18.5,151,19.6,337,33.8,112,107.6,281,52.0,257,21.5,49,30.9,279,30.5,155,63.9,338,64.8,333,18.9,319,17.7,251,102.9,162,104.6,99,107.6,281,102.7,213,75.4,334,-0.8,289,-0.9,265,-0.8,258,-1.2,308,-1.6,312,-2.9,327,1.31,235,26.0,283,58.6,73,2021,0.37434423006890555,17,10,0.6296296296296297,27
251,Canisius,MAAC,7-6,-7.82,99.1,235,107.0,273,70.6,74,+.058,56,-5.54,301,96.0,339,101.6,161,-99.00,331,,MAAC,70.6,74,99.1,235,47.0,292,16.8,69,26.6,202,31.6,170,107.0,273,50.5,192,20.2,85,26.8,133,31.6,175,70.6,74,71.5,79,16.2,53,17.5,222,99.1,235,98.4,225,107.0,273,99.3,110,77.1,146,+0.4,99,+0.5,102,+0.3,118,+0.3,123,+0.1,168,-0.3,207,1.45,205,34.5,91,59.3,70,2021,0.29275459373194673,7,6,0.5384615384615384,13
331,Central Arkansas,Slnd,5-19,-16.26,97.6,258,113.8,351,70.9,61,-.018,223,+1.85,167,102.8,186,101.0,144,+21.14,6,,Slnd,70.9,61,97.6,258,49.3,203,23.9,343,28.9,137,32.4,154,113.8,351,53.9,311,15.4,329,28.5,196,28.8,109,70.9,61,73.8,23,16.1,42,16.2,19,97.6,258,95.1,286,113.8,351,112.3,336,78.0,38,-0.1,184,-0.7,240,+0.5,97,+1.8,17,+2.3,9,+1.4,63,1.67,145,32.6,133,64.6,42,2021,0.14604074482782212,5,19,0.20833333333333334,24
345,Central Connecticut,NEC,5-16,-19.46,92.5,320,112.0,336,70.3,83,+.003,164,-6.27,315,99.0,294,105.2,312,+7.82,94,,NEC,70.3,83,92.5,320,48.5,244,19.7,215,23.7,283,28.4,254,112.0,336,53.9,313,20.1,93,32.9,326,30.4,150,70.3,83,71.9,62,16.6,99,16.9,94,92.5,320,95.3,283,112.0,336,107.4,294,75.5,328,-2.0,353,-1.8,333,-2.3,340,-1.5,318,-1.1,279,-0.4,213,1.22,257,42.8,11,71.8,15,2021,0.09976507292868185,5,16,0.23809523809523808,21
281,Central Michigan,MAC,7-16,-11.04,100.2,215,111.3,330,72.1,29,-.046,276,+1.08,177,103.7,164,102.6,205,-6.06,298,,MAC,72.1,29,100.2,215,48.7,231,17.9,119,26.6,204,36.2,61,111.3,330,54.0,314,18.2,209,32.2,316,27.5,75,72.1,29,73.8,22,16.0,34,16.6,46,100.2,215,100.0,193,111.3,330,110.9,330,77.2,132,-0.4,235,-0.3,197,-0.5,226,+0.0,183,+0.9,70,+1.4,67,0.58,337,33.3,119,22.3,312,2021,0.23001928767292257,7,16,0.30434782608695654,23
232,Charleston,CAA,9-10,-6.35,102.2,170,108.6,297,63.5,345,-.030,249,-2.06,223,101.5,225,103.6,245,+2.49,179,,CAA,63.5,345,102.2,170,51.6,92,16.3,48,24.2,269,27.1,284,108.6,297,52.0,256,17.7,245,26.0,96,33.5,221,63.5,345,64.3,338,19.0,322,18.1,322,102.2,170,103.5,122,108.6,297,106.4,283,76.9,174,-0.2,200,-0.6,233,+0.3,125,-0.4,229,+0.2,155,+0.4,157,1.73,126,30.6,182,35.9,257,2021,0.3321433522106155,9,10,0.47368421052631576,19
339,Charleston Southern,BSth,3-18,-18.49,89.8,344,108.3,292,69.6,106,-.049,284,-3.32,249,100.8,246,104.1,266,+1.74,194,,BSth,69.6,106,89.8,344,46.5,302,23.6,339,27.4,181,30.1,206,108.3,292,50.7,196,17.6,252,31.2,284,34.4,249,69.6,106,70.2,123,16.8,128,17.3,173,89.8,344,91.0,329,108.3,292,105.7,273,76.5,233,-1.1,319,-1.0,270,-1.3,318,-0.8,277,+0.9,70,+0.3,165,1.21,261,34.4,94,31.5,280,2021,0.10394107204319424,3,18,0.14285714285714285,21
234,Charlotte,CUSA,9-16,-6.49,97.3,261,103.8,206,62.7,351,-.032,251,+0.99,180,102.5,194,101.5,160,-4.60,280,,CUSA,62.7,351,97.3,261,49.2,205,20.1,237,21.7,322,37.2,39,103.8,206,50.9,206,18.5,190,24.7,55,23.4,15,62.7,351,64.3,337,18.8,308,18.1,320,97.3,261,96.4,269,103.8,206,101.3,163,77.5,93,+0.0,157,+0.1,150,+0.0,178,+0.3,129,+1.1,55,+1.4,59,1.49,198,24.9,304,43.5,197,2021,0.32220207483921015,9,16,0.36,25
156,Chattanooga,SC,18-8,+0.71,103.0,161,102.3,178,66.4,269,+.102,16,+0.68,185,103.3,174,102.6,208,-3.51,266,,SC,66.4,269,103.0,161,50.4,150,15.9,30,22.6,310,28.1,261,102.3,178,51.9,249,18.8,160,25.1,65,23.4,16,66.4,269,68.1,222,18.2,273,16.8,85,103.0,161,103.3,126,102.3,178,101.6,172,77.1,147,-0.6,264,-0.7,243,-0.6,233,+0.1,149,+1.2,52,+0.9,114,2.09,49,25.4,298,32.8,273,2021,0.5195954896992794,18,8,0.6923076923076923,26
356,Chicago St.,WAC,0-9,-29.85,88.3,348,118.1,356,67.5,212,-.006,198,+9.06,92,106.6,91,97.6,88,+9.06,75,,WAC,67.5,212,88.3,348,41.3,347,21.7,310,16.6,346,25.4,318,118.1,356,60.1,347,16.2,307,37.9,347,32.8,205,67.5,212,71.2,89,17.8,235,15.9,6,88.3,348,78.0,346,118.1,356,123.8,347,75.6,324,-1.4,334,-1.5,320,-1.3,316,-0.7,261,-1.8,317,-1.2,272,0.79,325,39.9,20,44.5,188,2021,0.03408878158096304,0,9,0.0,9
116,Cincinnati,Amer,12-11,+6.06,103.6,148,97.5,90,70.7,66,+.115,11,+11.11,73,107.3,82,96.2,63,+9.57,70,,Amer,70.7,66,103.6,148,48.4,247,20.5,258,29.1,128,33.0,136,97.5,90,49.6,146,18.6,173,26.1,98,37.8,299,70.7,66,71.1,91,16.7,108,17.0,114,103.6,148,97.0,257,97.5,90,101.6,176,77.3,115,+1.1,49,+1.9,29,+0.5,105,+0.1,174,+0.2,160,-0.7,240,1.32,233,34.4,95,41.9,211,2021,0.6677168957944066,12,11,0.5217391304347826,23
45,Clemson,ACC,16-8,+15.48,106.4,107,90.9,19,64.0,337,+.100,18,+14.39,41,109.7,43,95.3,38,+11.60,46,7,ACC,64.0,337,106.4,107,50.0,173,19.4,191,26.6,206,23.2,337,90.9,19,48.7,109,21.5,48,26.9,140,28.9,113,64.0,337,64.8,332,18.0,251,18.7,343,106.4,107,99.6,203,90.9,19,95.3,40,76.9,170,+0.6,84,+0.2,133,+1.0,59,-0.6,250,+0.5,128,-1.0,266,1.84,99,37.6,38,56.1,94,2021,0.8594372879953353,16,8,0.6666666666666666,24
169,Cleveland St.,Horz,19-8,-0.13,100.6,206,100.7,138,66.1,279,+.199,1,-0.83,202,105.1,122,106.0,335,+20.35,9,15,Horz,66.1,279,100.6,206,50.5,141,18.8,167,30.7,83,32.5,150,100.7,138,49.1,125,20.0,96,32.3,320,37.6,298,66.1,279,67.6,251,17.6,212,17.8,268,100.6,206,102.9,139,100.7,138,102.7,212,77.0,163,-0.8,287,-0.5,216,-1.1,305,-0.3,218,+0.8,97,+1.4,66,1.24,252,29.2,215,53.7,110,2021,0.4971435976553145,19,8,0.7037037037037037,27
179,Coastal Carolina,SB,18-8,-0.86,99.3,231,100.2,130,71.1,51,-.020,226,-5.02,289,99.8,274,104.8,301,-13.04,322,,SB,71.1,51,99.3,231,49.7,185,21.8,312,34.8,17,33.8,113,100.2,130,46.5,31,17.9,227,26.4,111,29.5,131,71.1,51,71.9,61,16.8,116,16.4,32,99.3,231,103.1,134,100.2,130,96.7,60,76.5,232,-0.1,191,+0.0,151,-0.3,210,+0.9,62,-1.4,298,-1.2,274,1.41,216,28.8,229,41.8,215,2021,0.474083222242047,18,8,0.6923076923076923,26
89,Colgate,Pat,14-2,+9.25,110.3,53,101.0,148,72.2,26,+.048,74,-5.80,305,99.6,282,105.4,316,-99.00,331,14,Pat,72.2,26,110.3,53,56.6,5,14.7,5,28.2,159,30.9,186,101.0,148,45.8,18,16.3,304,25.3,73,26.3,49,72.2,26,72.6,44,16.0,35,17.0,104,110.3,53,116.8,4,101.0,148,95.0,35,76.4,241,+0.3,116,+1.2,53,-0.6,239,-0.7,259,-1.6,314,-0.7,241,2.05,61,33.6,112,64.5,43,2021,0.7335988715861508,14,2,0.875,16
8,Colorado,P12,23-9,+25.10,116.3,13,91.2,23,66.1,276,-.025,237,+15.43,28,110.3,32,94.9,31,+3.82,157,5,P12,66.1,276,116.3,13,52.4,69,17.1,82,30.8,79,29.5,227,91.2,23,47.9,71,19.8,112,25.6,81,29.1,115,66.1,276,66.4,292,17.8,237,18.4,340,116.3,13,109.9,27,91.2,23,96.4,54,77.5,99,+0.4,105,+0.2,136,+0.6,86,+1.9,15,+0.4,130,-0.3,211,2.31,21,30.4,188,56.8,85,2021,0.9424516344815176,23,9,0.71875,32
76,Colorado St.,MWC,20-8,+11.52,108.1,83,96.6,72,69.0,133,+.045,81,+5.44,122,104.3,149,98.9,114,+2.76,172,1,MWC,69.0,133,108.1,83,54.1,34,19.7,212,24.2,270,32.8,140,96.6,72,48.9,119,20.0,98,26.7,130,26.3,51,69.0,133,69.4,167,17.0,137,17.4,204,108.1,83,105.8,83,96.6,72,95.7,45,75.7,317,-0.8,279,-0.2,181,-1.3,319,+0.1,149,-2.4,337,-2.1,317,1.64,150,27.2,270,65.1,36,2021,0.784738472342079,20,8,0.7142857142857143,28
286,Columbia,Ivy,0-0,-11.25,94.7,298,105.9,255,68.9,137,+.000,173,-99.00,348,0.0,348,200.0,348,-99.00,331,,Ivy,68.9,137,94.7,298,0.0,348,100.0,348,0.0,348,0.0,348,105.9,255,100.0,348,0.0,348,100.0,348,100.0,348,68.9,137,0.0,348,0.0,1,0.0,1,94.7,298,0.0,348,105.9,255,200.0,348,0.0,348,+0.0,160,-99.0,348,-99.0,348,-99.0,348,-99.0,348,-99.0,348,0.00,348,0.0,348,0.0,344,2021,0.21661810314320548,0,0,,0
21,Connecticut,BE,15-8,+20.61,113.1,27,92.5,29,65.5,309,-.068,310,+12.99,57,108.2,69,95.2,33,-1.27,240,7,BE,65.5,309,113.1,27,49.0,216,17.5,101,37.4,4,29.0,239,92.5,29,46.7,36,19.6,125,29.5,235,36.8,292,65.5,309,66.1,305,18.8,310,17.4,194,113.1,27,107.6,53,92.5,29,97.2,63,77.9,49,+1.1,56,+0.4,116,+1.7,27,+1.0,57,+1.0,61,+0.8,128,2.13,43,35.6,71,46.4,166,2021,0.9098851154879483,15,8,0.6521739130434783,23
291,Coppin St.,MEAC,9-13,-11.69,91.0,334,102.6,183,76.8,1,+.073,38,-2.62,236,101.4,226,104.0,261,+7.19,101,,MEAC,76.8,1,91.0,334,48.6,241,20.0,228,18.4,341,43.8,2,102.6,183,47.9,72,20.4,79,32.5,321,27.0,62,76.8,1,79.4,1,14.0,1,16.1,13,91.0,334,91.6,324,102.6,183,100.2,135,77.3,122,-0.2,198,+0.5,100,-0.8,271,+0.6,92,+0.2,159,+1.3,73,1.92,85,26.5,274,27.4,299,2021,0.2010488484079935,9,13,0.4090909090909091,22
220,Cornell,Ivy,0-0,-5.20,101.3,190,106.5,266,66.8,246,+.000,173,-99.00,348,0.0,348,200.0,348,-99.00,331,,Ivy,66.8,246,101.3,190,0.0,348,100.0,348,0.0,348,0.0,348,106.5,266,100.0,348,0.0,348,100.0,348,100.0,348,66.8,246,0.0,348,0.0,1,0.0,1,101.3,190,0.0,348,106.5,266,200.0,348,0.0,348,+0.0,160,-99.0,348,-99.0,348,-99.0,348,-99.0,348,-99.0,348,0.00,348,0.0,348,0.0,344,2021,0.35992870468335164,0,0,,0
22,Creighton,BE,22-9,+20.59,113.4,25,92.8,32,68.7,144,+.017,137,+13.19,55,108.8,63,95.6,49,-0.73,230,5,BE,68.7,144,113.4,25,55.0,19,15.7,28,24.6,258,25.7,311,92.8,32,47.0,42,18.0,224,28.3,189,25.5,39,68.7,144,69.5,157,16.1,44,18.2,324,113.4,25,108.4,43,92.8,32,97.5,69,77.0,160,-0.9,296,-0.4,203,-1.4,328,+0.1,149,+1.4,39,+0.6,143,2.60,5,23.4,317,70.9,17,2021,0.9093281959452054,22,9,0.7096774193548387,31
275,Dartmouth,Ivy,0-0,-10.70,94.8,292,105.5,244,66.6,259,+.000,173,-99.00,348,0.0,348,200.0,348,-99.00,331,,Ivy,66.6,259,94.8,292,0.0,348,100.0,348,0.0,348,0.0,348,105.5,244,100.0,348,0.0,348,100.0,348,100.0,348,66.6,259,0.0,348,0.0,1,0.0,1,94.8,292,0.0,348,105.5,244,200.0,348,0.0,348,+0.0,160,-99.0,348,-99.0,348,-99.0,348,-99.0,348,-99.0,348,0.00,348,0.0,348,0.0,344,2021,0.2262115745750549,0,0,,0
70,Davidson,A10,13-9,+12.11,113.9,20,101.8,164,62.5,353,-.074,316,+6.91,106,104.7,137,97.8,95,+1.16,201,2,A10,62.5,353,113.9,20,55.3,16,17.3,90,28.1,163,26.9,290,101.8,164,50.0,174,16.1,311,22.4,13,28.6,107,62.5,353,63.4,344,19.5,338,18.3,338,113.9,20,110.0,25,101.8,164,101.7,177,78.4,16,+1.0,61,+0.6,93,+1.3,40,+1.5,24,+1.9,23,+2.3,12,2.09,46,28.6,233,64.7,39,2021,0.7844134542070144,13,9,0.5909090909090909,22
87,Dayton,A10,14-10,+9.69,108.3,77,98.6,109,65.5,305,+.006,160,+8.46,99,105.1,123,96.7,72,+4.29,148,4,A10,65.5,305,108.3,77,55.5,13,21.2,292,23.0,300,33.7,114,98.6,109,48.5,97,17.5,259,29.0,216,26.3,52,65.5,305,66.2,299,18.6,307,17.4,205,108.3,77,102.6,145,98.6,109,99.6,122,77.8,55,+1.2,43,+1.4,46,+1.0,56,+0.9,63,+0.6,116,+0.3,162,1.99,73,32.1,145,41.2,222,2021,0.7463216907115502,14,10,0.5833333333333334,24
141,DePaul,BE,5-14,+2.80,97.6,257,94.8,47,70.6,72,-.048,280,+13.30,52,109.0,59,95.7,52,-8.60,313,,BE,70.6,72,97.6,257,46.1,307,22.1,317,31.8,60,23.7,335,94.8,47,48.0,73,20.1,89,31.5,293,35.3,268,70.6,72,70.6,105,15.8,29,18.0,301,97.6,257,91.3,327,94.8,47,100.5,143,76.9,177,+0.2,136,+0.2,134,+0.2,142,+0.2,135,-0.1,196,-0.8,256,2.14,42,37.1,45,41.8,214,2021,0.5829129644708095,5,14,0.2631578947368421,19
225,Delaware,CAA,7-8,-6.08,97.0,269,103.1,193,66.5,262,-.069,314,-4.03,269,101.9,219,105.9,330,-2.15,252,,CAA,66.5,262,97.0,269,49.5,193,21.2,288,28.3,155,38.8,21,103.1,193,48.1,83,17.2,272,26.0,93,32.4,193,66.5,262,67.2,269,18.6,304,17.0,107,97.0,269,99.3,208,103.1,193,99.4,117,78.0,34,+1.1,54,+0.7,87,+1.5,36,+0.4,117,+1.4,40,+1.5,53,1.76,120,28.1,250,45.7,177,2021,0.3315092727854893,7,8,0.4666666666666667,15
352,Delaware St.,MEAC,3-16,-24.53,90.9,335,115.4,355,73.3,12,-.064,303,-3.65,260,98.9,296,102.6,204,+2.33,184,,MEAC,73.3,12,90.9,335,45.7,316,22.3,322,26.3,218,29.8,219,115.4,355,54.7,326,18.7,168,32.3,318,45.5,341,73.3,12,77.2,2,15.4,15,15.7,2,90.9,335,90.3,332,115.4,355,113.2,339,75.6,326,-0.1,183,+0.7,90,-0.8,267,-2.4,343,-2.6,343,-1.6,294,1.84,98,36.7,50,36.1,256,2021,0.060403126512020726,3,16,0.15789473684210525,19
338,Denver,Sum,2-19,-18.40,94.2,304,112.6,341,70.9,60,-.105,343,-2.88,244,101.5,224,104.4,279,-5.27,289,,Sum,70.9,60,94.2,304,49.8,180,20.9,278,22.0,317,34.1,100,112.6,341,55.8,340,18.9,153,26.1,100,43.0,336,70.9,60,71.4,81,16.6,95,17.1,140,94.2,304,95.6,278,112.6,341,110.7,329,76.5,235,+0.1,151,+0.5,98,-0.4,217,-1.1,301,-0.1,178,-0.9,261,1.18,266,37.6,39,51.9,129,2021,0.11386582038288115,2,19,0.09523809523809523,21
161,Detroit,Horz,12-10,+0.51,109.3,65,108.8,299,67.1,230,-.051,287,-1.93,221,103.6,169,105.5,322,+8.53,82,,Horz,67.1,230,109.3,65,55.1,17,16.8,70,27.2,186,25.3,319,108.8,299,54.2,318,18.5,184,29.1,221,22.4,9,67.1,230,68.1,218,18.0,250,17.2,156,109.3,65,112.3,13,108.8,299,107.9,301,77.7,67,+0.8,68,+1.1,65,+0.6,88,+0.8,75,+1.0,65,+0.4,156,1.67,146,27.8,261,42.9,204,2021,0.5131789964054053,12,10,0.5454545454545454,22
328,Dixie St.,WAC,8-13,-15.71,91.3,330,107.0,274,73.1,15,+.070,42,-2.34,228,101.3,227,103.7,248,-2.47,254,,WAC,73.1,15,91.3,330,45.5,319,20.9,277,24.7,254,35.4,72,107.0,274,52.0,255,19.7,115,32.6,323,36.5,288,73.1,15,73.9,21,14.7,5,17.5,220,91.3,330,91.6,325,107.0,274,105.6,271,76.2,272,-0.7,272,-0.8,251,-0.7,250,+0.4,116,-0.5,236,-1.9,307,0.00,347,35.8,64,0.0,0,2021,0.13885920153354137,8,13,0.38095238095238093,21
55,Drake,MVC,26-5,+14.27,112.5,33,98.2,101,66.3,271,+.102,17,+3.98,137,104.1,155,100.1,137,-8.21,309,11,MVC,66.3,271,112.5,33,53.4,44,15.3,13,32.0,55,24.6,324,98.2,101,48.3,88,18.4,191,25.2,70,29.9,139,66.3,271,66.0,310,18.1,264,18.2,326,112.5,33,112.2,14,98.2,101,97.9,76,76.1,291,-0.4,225,+0.1,142,-0.8,271,-1.4,314,-1.3,293,-0.7,241,1.63,155,32.0,152,44.8,184,2021,0.8268393398032713,26,5,0.8387096774193549,31
158,Drexel,CAA,12-8,+0.67,106.5,104,105.8,248,63.9,340,+.007,158,-2.28,227,101.2,229,103.5,241,-5.75,295,16,CAA,63.9,340,106.5,104,53.3,45,19.4,192,28.7,141,27.3,278,105.8,248,50.1,177,15.9,323,24.1,34,26.4,54,63.9,340,66.0,311,19.3,333,16.8,83,106.5,104,106.9,62,105.8,248,102.4,206,77.1,144,+0.1,138,-0.1,161,+0.3,120,+1.1,37,+0.0,173,-0.4,218,1.93,83,27.9,258,78.6,4,2021,0.5189500077979591,12,8,0.6,20
36,Duke,ACC,13-11,+17.56,114.5,18,97.0,79,68.5,152,-.109,347,+12.27,67,109.1,58,96.8,77,+5.59,127,,ACC,68.5,152,114.5,18,53.6,43,18.3,144,32.2,47,23.4,336,97.0,79,51.3,226,19.9,104,29.0,213,31.9,183,68.5,152,69.1,177,17.2,169,17.3,165,114.5,18,109.6,29,97.0,79,101.8,184,77.2,135,+1.1,52,+1.0,66,+1.2,44,-0.5,239,-1.1,282,+0.6,140,0.83,320,24.7,306,37.0,250,2021,0.8707306203876098,13,11,0.5416666666666666,24
126,Duquesne,A10,9-9,+4.74,101.7,183,97.0,80,69.0,135,+.007,159,+6.63,107,105.0,124,98.4,107,+2.39,183,,A10,69.0,135,101.7,183,47.6,276,19.5,201,31.0,76,31.6,166,97.0,80,47.3,46,19.6,123,30.1,255,35.5,272,69.0,135,68.4,203,17.5,195,17.6,249,101.7,183,97.7,242,97.0,80,98.0,79,76.3,266,-0.3,215,-0.7,246,+0.2,142,+0.6,100,+0.2,161,-3.5,336,1.89,93,36.5,55,52.9,121,2021,0.6327744336739979,9,9,0.5,18
155,East Carolina,Amer,8-11,+0.74,99.3,232,98.6,107,67.9,187,-.016,218,+6.22,114,104.7,135,98.5,109,-6.89,303,,Amer,67.9,187,99.3,232,45.2,326,18.5,155,26.9,195,33.1,133,98.6,107,48.9,120,20.6,75,27.7,163,38.3,304,67.9,187,68.7,190,17.3,175,17.4,213,99.3,232,94.6,289,98.6,107,98.6,91,77.7,60,+0.0,154,-0.1,162,+0.2,142,+1.7,20,+1.8,30,+0.6,141,1.60,162,27.8,262,83.1,2,2021,0.5203274293508167,8,11,0.42105263157894735,19
128,East Tennessee St.,SC,13-12,+3.99,103.2,159,99.2,117,65.4,311,-.063,302,+3.87,139,104.9,128,101.0,147,+4.67,140,,SC,65.4,311,103.2,159,50.3,158,20.3,246,30.5,89,29.8,221,99.2,117,50.4,188,19.8,107,26.5,120,31.6,176,65.4,311,67.1,274,18.1,256,17.5,230,103.2,159,101.9,156,99.2,117,100.0,129,77.2,134,-0.0,175,-0.2,183,+0.2,136,+0.3,118,+0.9,70,+0.1,172,1.34,231,31.1,168,9.4,341,2021,0.6117334703249054,13,12,0.52,25
311,Eastern Illinois,OVC,9-18,-13.22,95.5,286,108.7,298,68.9,138,-.004,189,-3.67,263,100.9,242,104.6,290,+2.66,175,,OVC,68.9,138,95.5,286,49.3,202,20.0,230,28.8,138,25.7,310,108.7,298,51.9,248,18.8,165,29.6,238,31.0,162,68.9,138,70.1,128,17.1,149,17.0,116,95.5,286,97.4,248,108.7,298,105.3,267,76.7,214,-0.4,239,-0.0,160,-0.8,271,-0.2,205,-0.1,202,-0.0,183,1.59,169,44.7,5,56.0,96,2021,0.18409383014402075,9,18,0.3333333333333333,27
174,Eastern Kentucky,OVC,22-7,-0.56,101.0,197,101.5,160,74.8,2,+.085,26,-5.34,297,99.8,272,105.2,309,-7.97,307,,OVC,74.8,2,101.0,197,51.2,105,16.6,60,26.8,201,25.6,312,101.5,160,51.0,212,24.3,5,30.2,260,32.2,187,74.8,2,75.6,5,15.4,16,16.1,17,101.0,197,104.5,100,101.5,160,97.3,67,76.1,289,+0.0,156,+0.1,143,-0.0,181,-0.2,206,-2.4,335,-1.5,288,1.28,240,30.2,190,42.3,208,2021,0.485806254802534,22,7,0.7586206896551724,29
289,Eastern Michigan,MAC,6-12,-11.42,97.1,268,108.5,296,68.1,178,-.039,264,+5.33,124,106.9,87,101.6,164,+18.07,13,,MAC,68.1,178,97.1,268,46.7,299,17.1,78,24.2,268,26.9,287,108.5,296,58.7,345,19.1,145,31.6,296,28.2,93,68.1,178,69.9,137,17.8,231,16.4,30,97.1,268,96.6,266,108.5,296,114.7,343,76.6,217,-0.7,271,-0.7,238,-0.8,264,+0.0,185,-0.6,240,+0.6,139,1.50,194,30.1,196,56.4,92,2021,0.21812933445413846,6,12,0.3333333333333333,18
105,Eastern Washington,BSky,16-8,+8.19,109.5,62,101.3,156,72.2,27,-.085,323,-0.43,195,102.0,212,102.4,195,+21.28,5,14,BSky,72.2,27,109.5,62,54.2,31,16.6,56,23.6,288,30.5,199,101.3,156,48.0,75,16.1,312,25.6,83,27.4,71,72.2,27,71.4,80,15.9,31,17.8,273,109.5,62,109.4,32,101.3,156,99.3,111,77.2,136,-0.3,213,-0.7,244,+0.2,142,+1.0,59,-0.5,228,+1.3,73,1.59,168,34.6,88,58.6,74,2021,0.709949457174192,16,8,0.6666666666666666,24
205,Elon,CAA,10-9,-4.14,96.7,274,100.9,142,66.5,265,+.014,142,-1.59,215,102.1,206,103.7,249,-4.32,275,,CAA,66.5,265,96.7,274,48.3,249,17.5,100,24.6,256,23.2,339,100.9,142,49.6,150,17.9,230,22.7,15,39.6,320,66.5,265,66.3,294,17.6,215,18.5,342,96.7,274,98.1,232,100.9,142,98.9,104,75.6,325,-1.0,310,-1.3,304,-0.8,268,-1.7,325,-1.9,325,-0.7,241,1.93,84,29.0,224,60.6,62,2021,0.3801432997741584,10,9,0.5263157894736842,19
204,Evansville,MVC,9-16,-4.12,105.8,114,109.9,315,62.0,355,+.011,146,+4.00,136,103.5,170,99.5,125,-4.40,276,,MVC,62.0,355,105.8,114,53.2,50,17.3,92,19.0,340,25.4,316,109.9,315,57.4,342,18.3,202,24.2,37,34.3,246,62.0,355,62.3,346,21.5,347,16.4,28,105.8,114,102.3,150,109.9,315,109.9,324,76.4,254,-0.1,182,-0.6,230,+0.4,107,-0.7,258,+0.2,150,-2.2,319,1.91,88,21.1,327,40.3,233,2021,0.3924002646960632,9,16,0.36,25
292,FIU,CUSA,9-17,-11.81,97.3,264,109.1,304,70.3,82,-.090,328,-0.33,194,101.9,217,102.2,187,-7.66,305,,CUSA,70.3,82,97.3,264,50.5,147,20.9,275,25.8,234,24.0,329,109.1,304,53.9,312,21.5,51,33.6,337,34.7,254,70.3,82,71.6,75,16.4,63,17.1,131,97.3,264,96.6,264,109.1,304,107.5,296,74.7,346,-1.7,349,-1.2,296,-2.2,338,-1.3,311,-2.6,342,-4.0,343,1.21,258,44.0,9,42.1,210,2021,0.21142488355657585,9,17,0.34615384615384615,26
309,Fairfield,MAAC,10-17,-12.92,94.9,290,107.8,284,64.3,333,+.005,163,-5.31,295,96.9,331,102.2,186,-0.56,226,,MAAC,64.3,333,94.9,290,45.4,320,19.7,211,28.0,164,34.1,102,107.8,284,49.1,129,16.3,306,26.6,123,30.7,160,64.3,333,65.3,328,19.2,328,17.4,184,94.9,290,94.0,300,107.8,284,101.5,169,76.8,191,+0.1,145,+0.3,130,-0.1,187,+0.1,172,+0.9,70,-1.8,304,2.18,36,30.8,174,41.3,219,2021,0.1875939549203278,10,17,0.37037037037037035,27
299,Fairleigh Dickinson,NEC,9-15,-12.39,100.7,202,113.1,345,70.6,68,+.017,138,-6.04,309,98.9,299,104.9,304,+3.84,156,,NEC,70.6,68,100.7,202,51.9,85,19.5,200,28.7,144,31.1,180,113.1,345,53.0,293,19.3,136,33.2,331,33.9,237,70.6,68,71.9,60,16.5,72,17.1,121,100.7,202,103.1,133,113.1,345,108.3,305,75.4,331,-1.5,341,-1.7,329,-1.3,321,-1.7,324,-2.0,330,-0.7,241,2.00,72,29.9,199,56.6,88,2021,0.20825835886289498,9,15,0.375,24
41,Florida,SEC,15-10,+16.95,111.0,44,94.1,41,68.3,167,-.004,188,+14.72,36,109.9,36,95.2,35,+8.88,76,7,SEC,68.3,167,111.0,44,53.1,53,21.2,290,31.1,75,33.9,110,94.1,41,47.8,64,20.2,84,30.7,275,35.1,261,68.3,167,70.5,110,16.6,88,17.4,206,111.0,44,104.7,97,94.1,41,99.4,114,77.4,100,+0.9,64,+1.6,41,+0.2,134,+0.1,149,+0.6,118,+0.1,173,1.72,131,29.8,204,46.4,164,2021,0.8698326355917385,15,10,0.6,25
277,Florida A&M,MEAC,8-12,-10.72,90.2,341,100.9,144,68.4,161,-.011,206,-6.24,313,98.8,302,105.0,307,+13.05,35,,MEAC,68.4,161,90.2,341,48.6,236,23.9,342,30.6,86,29.8,216,100.9,144,47.9,69,21.5,52,31.8,306,33.9,235,68.4,161,70.8,99,16.5,77,17.1,130,90.2,341,92.9,316,100.9,144,96.6,58,76.7,211,-0.4,229,-0.1,163,-0.7,251,-0.6,249,-0.4,225,+0.6,142,1.78,116,24.6,308,60.2,64,2021,0.21599574260706894,8,12,0.4,20
181,Florida Atlantic,CUSA,13-10,-1.14,101.9,174,103.1,192,68.1,177,-.098,338,-1.50,212,101.2,232,102.7,209,-0.22,218,,CUSA,68.1,177,101.9,174,51.4,97,20.4,256,31.6,65,30.1,207,103.1,192,49.7,157,18.6,175,23.3,21,38.0,303,68.1,177,69.1,179,16.7,110,17.8,269,101.9,174,103.2,131,103.1,192,99.7,123,76.8,192,+0.7,81,+1.1,57,+0.2,138,+0.7,85,-2.0,329,-0.7,241,1.63,153,33.9,108,50.6,141,2021,0.46639183092449266,13,10,0.5652173913043478,23
279,Florida Gulf Coast,ASun,10-8,-10.92,93.5,309,104.4,218,70.6,69,+.072,39,-6.14,311,99.0,295,105.1,308,-5.02,286,,ASun,70.6,69,93.5,309,47.7,274,20.3,250,28.6,149,24.0,330,104.4,218,48.7,110,18.8,161,29.6,239,26.7,57,70.6,69,71.3,84,16.6,96,16.9,90,93.5,309,95.4,281,104.4,218,99.1,105,76.8,194,-0.7,265,-1.1,273,-0.2,200,-0.7,262,-0.1,178,+1.4,68,1.17,269,34.5,93,43.1,202,2021,0.21958528754016227,10,8,0.5555555555555556,18
15,Florida St.,ACC,18-7,+22.12,114.9,16,92.8,33,69.9,90,+.002,167,+13.48,50,109.5,46,96.0,60,+4.42,145,4,ACC,69.9,90,114.9,16,54.0,37,20.4,255,34.4,22,32.4,152,92.8,33,46.1,24,19.5,127,31.7,301,35.2,263,69.9,90,69.9,142,16.2,56,18.0,305,114.9,16,109.7,28,92.8,33,98.1,80,79.6,1,+2.2,11,+2.6,14,+1.9,18,+2.6,3,+2.6,3,+3.8,1,1.39,219,39.2,26,55.0,103,2021,0.9210412142845923,18,7,0.72,25
310,Fordham,A10,2-12,-12.93,86.3,352,99.3,119,63.7,343,+.018,136,+6.28,111,105.8,103,99.5,126,-99.00,331,,A10,63.7,343,86.3,352,41.4,346,20.8,272,19.2,339,27.5,277,99.3,119,51.4,232,19.2,141,30.4,265,27.7,81,63.7,343,64.3,339,18.8,311,18.2,328,86.3,352,80.6,345,99.3,119,103.2,224,75.7,321,-0.5,249,+1.3,52,-2.4,344,-1.7,327,-1.4,302,-2.0,311,1.59,165,18.9,340,67.0,30,2021,0.16608473465236215,2,12,0.14285714285714285,14
191,Fresno St.,MWC,12-12,-2.64,99.6,227,102.2,176,65.8,295,+.065,48,+4.63,129,104.5,142,99.9,132,-99.00,331,,MWC,65.8,295,99.6,227,48.8,224,21.5,303,30.5,90,36.8,49,102.2,176,51.3,225,18.9,155,25.0,63,33.6,224,65.8,295,66.1,303,18.1,254,18.0,311,99.6,227,97.6,244,102.2,176,103.2,223,77.3,116,+1.1,50,+3.1,3,-0.8,270,-0.1,196,-0.0,174,-0.3,205,1.17,272,30.5,185,27.1,301,2021,0.42645014391774577,12,12,0.5,24
96,Furman,SC,16-9,+8.64,109.8,57,101.1,151,67.7,200,-.086,324,+2.56,160,104.3,151,101.8,173,+2.70,173,,SC,67.7,200,109.8,57,56.7,4,17.9,117,27.1,188,25.8,309,101.1,151,51.5,233,20.5,76,27.4,152,28.7,108,67.7,200,70.0,135,16.6,86,17.4,212,109.8,57,111.1,20,101.1,151,100.5,140,76.5,236,-0.1,180,-0.5,217,+0.3,114,+0.7,86,-1.1,289,-1.5,289,2.20,34,24.0,314,73.6,13,2021,0.7209803422375326,16,9,0.64,25
182,Gardner Webb,BSth,11-15,-1.18,104.5,130,105.6,246,66.7,252,-.165,355,-3.83,266,100.3,260,104.2,268,+12.76,41,,BSth,66.7,252,104.5,130,52.4,72,17.5,99,26.6,207,30.0,212,105.6,246,48.6,107,18.2,206,28.1,179,36.5,286,66.7,252,67.0,278,17.1,160,18.2,329,104.5,130,106.6,66,105.6,246,102.1,191,75.9,306,-0.6,263,-0.6,232,-0.7,247,-0.9,292,-1.7,316,-1.2,277,1.02,298,35.0,81,35.9,259,2021,0.4699313394832057,11,15,0.4230769230769231,26
142,George Mason,A10,13-9,+2.73,101.1,195,98.4,102,68.1,176,+.046,77,+3.26,146,104.5,144,101.2,154,-4.89,284,,A10,68.1,176,101.1,195,48.7,227,17.7,109,30.3,97,29.3,232,98.4,102,50.3,186,19.3,138,22.9,17,28.6,105,68.1,176,69.2,173,16.8,124,17.8,278,101.1,195,100.4,188,98.4,102,98.8,102,76.1,286,-0.7,268,-0.8,253,-0.6,231,-0.8,270,-0.9,269,-0.9,262,1.80,110,33.6,111,68.7,23,2021,0.5772018619596462,13,9,0.5909090909090909,22
227,George Washington,A10,5-12,-6.17,101.6,187,107.8,285,67.8,188,-.094,335,+0.63,187,99.9,269,99.2,119,-6.36,300,,A10,67.8,188,101.6,187,49.8,183,19.7,216,24.5,260,36.1,63,107.8,285,51.0,214,16.7,296,28.5,197,25.0,33,67.8,188,68.9,182,17.8,233,17.1,138,101.6,187,97.9,238,107.8,285,104.6,252,78.3,21,+1.2,45,+0.5,101,+1.9,17,+2.1,8,+1.2,51,+1.0,102,1.21,259,36.0,63,32.6,275,2021,0.3359952191685514,5,12,0.29411764705882354,17
63,Georgetown,BE,13-13,+12.91,107.9,87,95.0,49,69.7,101,+.008,154,+14.96,32,110.6,27,95.6,48,+4.64,142,12,BE,69.7,101,107.9,87,49.4,194,21.5,301,32.2,52,30.8,190,95.0,49,48.9,123,16.2,308,26.9,139,25.9,45,69.7,101,70.3,119,16.8,121,17.0,119,107.9,87,101.2,173,95.0,49,101.6,174,78.1,27,+2.0,15,+2.0,25,+1.9,15,+1.2,33,+1.1,54,-0.1,184,2.10,45,21.0,329,37.4,248,2021,0.8121851627142713,13,13,0.5,26
95,Georgia,SEC,14-12,+8.69,107.9,86,99.2,118,73.2,13,+.048,75,+12.37,64,107.9,76,95.5,45,-6.05,297,,SEC,73.2,13,107.9,86,50.7,129,21.5,300,32.8,37,34.4,93,99.2,118,52.5,273,21.6,46,32.3,317,31.4,171,73.2,13,75.5,6,15.6,21,16.2,22,107.9,86,101.9,155,99.2,118,103.3,228,75.8,313,-1.1,313,-1.3,310,-0.8,271,-0.5,245,-0.5,234,-2.4,321,2.06,58,25.8,289,34.6,265,2021,0.7244749961397215,14,12,0.5384615384615384,26
270,Georgia Southern,SB,13-13,-10.11,94.1,305,104.2,213,66.6,255,+.032,102,-3.37,253,100.4,258,103.7,250,-1.33,241,,SB,66.6,255,94.1,305,48.0,263,21.4,297,30.4,93,29.1,237,104.2,213,51.0,213,22.1,29,31.0,281,31.4,172,66.6,255,67.3,262,18.1,261,17.4,198,94.1,305,95.2,284,104.2,213,101.1,155,76.2,274,-1.5,342,-1.9,334,-1.2,307,-1.1,298,-0.8,256,+1.3,73,1.35,230,40.5,18,14.7,334,2021,0.23640845812735337,13,13,0.5,26
154,Georgia St.,SB,16-6,+0.86,105.7,115,104.8,226,70.5,78,+.076,35,-1.79,217,101.2,230,103.0,219,+4.62,144,,SB,70.5,78,105.7,115,51.3,102,16.9,74,30.9,78,32.6,149,104.8,226,48.8,114,19.7,113,32.5,322,34.6,250,70.5,78,70.6,107,15.9,30,17.9,294,105.7,115,106.6,67,104.8,226,102.1,188,76.4,251,+0.2,135,+0.5,97,-0.2,199,-0.8,278,-1.6,307,-0.7,241,1.96,79,26.9,273,53.3,115,2021,0.5245646802978771,16,6,0.7272727272727273,22
37,Georgia Tech,ACC,17-9,+17.50,113.7,22,96.2,68,67.3,223,-.005,193,+12.70,61,108.7,65,96.0,58,-0.96,233,9,ACC,67.3,223,113.7,22,54.1,35,16.1,36,24.4,261,28.4,253,96.2,68,52.4,269,22.6,18,30.4,266,28.9,112,67.3,223,67.7,242,17.7,229,17.6,235,113.7,22,107.9,49,96.2,68,100.8,148,76.3,256,+0.1,148,+0.0,154,+0.2,142,+0.7,87,-1.8,318,-2.0,310,2.93,2,20.1,336,75.2,10,2021,0.8723659140375253,17,9,0.6538461538461539,26
1,Gonzaga,WCC,31-1,+36.48,126.4,1,89.9,11,73.8,7,+.022,127,+11.35,72,108.1,70,96.8,74,+6.21,112,1,WCC,73.8,7,126.4,1,61.0,1,16.1,40,30.1,102,35.7,66,89.9,11,47.7,61,19.3,137,23.8,31,25.7,43,73.8,7,74.3,14,14.4,3,18.0,299,126.4,1,121.9,1,89.9,11,93.4,17,78.1,29,+0.7,82,+0.8,79,+0.5,103,+0.7,88,+1.8,28,+2.2,22,1.97,75,24.3,311,45.5,179,2021,0.9805194454606149,31,1,0.96875,32
318,Grambling St.,SWAC,12-12,-14.24,92.1,324,106.3,264,69.8,94,+.036,95,-10.43,342,94.0,342,104.4,281,+8.61,79,,SWAC,69.8,94,92.1,324,47.8,272,21.6,307,26.2,222,41.8,6,106.3,264,46.7,34,21.0,57,31.8,304,38.0,301,69.8,94,71.7,71,16.5,81,16.9,99,92.1,324,93.3,309,106.3,264,96.2,53,77.3,121,-0.1,189,-0.7,250,+0.5,96,+1.3,30,+1.0,60,-0.3,209,1.00,302,37.5,41,49.1,148,2021,0.16124564486031623,12,12,0.5,24
103,Grand Canyon,WAC,17-7,+8.32,105.4,121,97.1,81,64.9,319,-.061,299,-1.44,211,102.0,211,103.5,238,+2.54,177,15,WAC,64.9,319,105.4,121,52.5,67,20.0,227,33.6,29,33.4,120,97.1,81,45.5,11,16.2,310,23.2,20,30.1,144,64.9,319,66.5,289,18.3,285,17.4,191,105.4,121,107.2,57,97.1,81,94.6,30,77.4,102,+2.1,12,+2.5,15,+1.8,22,+0.3,119,-0.7,251,-1.4,281,2.09,47,26.4,276,41.5,217,2021,0.7197545650311741,17,7,0.7083333333333334,24
257,Green Bay,Horz,8-17,-8.28,102.3,169,110.6,324,65.9,285,-.042,271,-1.16,207,103.2,177,104.3,278,+13.51,32,,Horz,65.9,285,102.3,169,49.2,208,15.4,15,26.0,231,27.3,278,110.6,324,53.5,307,16.9,284,29.3,227,31.9,182,65.9,285,67.7,238,18.9,313,16.6,50,102.3,169,103.0,136,110.6,324,109.9,325,76.2,273,-1.3,332,-1.1,273,-1.6,331,-1.8,329,-0.4,226,+1.3,73,1.10,282,31.9,154,27.5,297,2021,0.2896427417657581,8,17,0.32,25
327,Hampton,BSth,11-14,-15.71,94.9,289,110.6,322,70.4,80,+.118,10,-7.39,328,98.6,306,106.0,334,-3.36,263,,BSth,70.4,80,94.9,289,49.5,191,18.2,132,22.2,316,28.6,248,110.6,322,49.2,134,17.9,228,31.9,309,35.4,271,70.4,80,70.0,130,16.5,80,17.5,228,94.9,289,98.5,223,110.6,322,105.0,257,77.9,45,+0.2,134,+1.2,54,-0.9,289,+0.1,149,+1.2,50,+3.3,3,1.09,283,18.7,341,32.4,277,2021,0.14671415712895777,11,14,0.44,25
194,Hartford,AE,15-9,-2.98,97.0,271,100.0,127,66.9,243,+.081,30,-5.09,291,99.2,289,104.3,275,-0.17,217,16,AE,66.9,243,97.0,271,49.9,176,19.6,207,24.7,255,28.6,249,100.0,127,47.7,59,20.1,95,29.0,217,24.4,27,66.9,243,66.9,281,18.6,303,17.2,148,97.0,271,98.0,233,100.0,127,95.7,44,76.1,292,+0.8,72,+0.8,84,+0.8,70,-1.7,323,-2.4,339,-1.6,292,1.89,94,25.5,297,67.8,27,2021,0.41331430859899304,15,9,0.625,24
184,Harvard,Ivy,0-0,-1.31,101.9,177,103.2,194,68.1,180,+.000,173,-99.00,348,0.0,348,200.0,348,-99.00,331,,Ivy,68.1,180,101.9,177,0.0,348,100.0,348,0.0,348,0.0,348,103.2,194,100.0,348,0.0,348,100.0,348,100.0,348,68.1,180,0.0,348,0.0,1,0.0,1,101.9,177,0.0,348,103.2,194,200.0,348,0.0,348,+0.0,160,-99.0,348,-99.0,348,-99.0,348,-99.0,348,-99.0,348,0.00,348,0.0,348,0.0,344,2021,0.4636182882395233,0,0,,0
187,Hawaii,BW,11-10,-2.20,101.7,185,103.9,208,66.9,245,-.020,225,+0.65,186,101.8,220,101.1,150,-99.00,331,,BW,66.9,245,101.7,185,50.6,137,19.8,219,29.1,127,30.3,202,103.9,208,50.1,176,16.8,292,26.5,113,27.7,79,66.9,245,67.3,260,17.5,204,18.0,309,101.7,185,102.0,154,103.9,208,102.2,194,76.8,184,+0.3,114,+0.8,85,-0.1,191,+0.6,98,-1.0,276,-0.6,234,0.85,317,34.0,104,20.0,321,2021,0.43877913662019896,11,10,0.5238095238095238,21
284,High Point,BSth,9-15,-11.20,96.1,280,107.3,277,66.1,277,-.033,253,-4.75,286,99.8,271,104.6,292,+0.18,213,,BSth,66.1,277,96.1,280,45.8,313,18.6,158,31.9,58,38.3,25,107.3,277,52.4,268,20.1,92,28.3,185,34.1,243,66.1,277,67.4,256,18.4,292,17.1,134,96.1,280,98.5,222,107.3,277,103.2,225,76.3,260,+0.3,109,-0.4,207,+1.1,50,-1.1,299,-0.9,266,-1.7,299,1.06,289,36.0,62,52.4,124,2021,0.21964225769441648,9,15,0.375,24
190,Hofstra,CAA,13-10,-2.55,105.9,112,108.4,295,68.1,179,+.052,65,-1.31,210,101.6,223,102.9,216,+5.15,133,,CAA,68.1,179,105.9,112,50.8,125,17.4,98,29.2,125,33.2,128,108.4,295,51.1,218,17.4,263,28.9,212,25.8,44,68.1,179,68.9,184,16.8,123,18.0,303,105.9,112,105.8,82,108.4,295,105.4,269,76.7,204,-1.2,324,-1.7,328,-0.7,249,+0.1,178,-0.1,178,+1.4,65,1.69,136,18.6,342,57.4,82,2021,0.43331770821233,13,10,0.5652173913043478,23
304,Holy Cross,Pat,5-11,-12.55,97.2,265,109.8,314,69.1,126,-.047,277,-2.51,235,102.0,215,104.5,283,-99.00,331,,Pat,69.1,126,97.2,265,50.3,160,18.3,138,26.4,212,26.1,305,109.8,314,52.6,276,18.5,187,31.5,295,35.2,265,69.1,126,69.8,143,17.5,200,16.8,75,97.2,265,100.7,183,109.8,314,108.3,306,76.7,212,-1.0,305,-1.1,287,-0.9,291,+0.1,149,+0.2,153,+0.5,150,1.83,102,25.3,300,38.6,242,2021,0.19754126997615842,5,11,0.3125,16
5,Houston,Amer,28-4,+28.75,118.3,7,89.6,9,64.4,332,+.018,133,+9.21,90,105.7,105,96.5,67,+2.11,187,2,Amer,64.4,332,118.3,7,50.4,154,16.2,43,39.8,2,31.3,177,89.6,9,43.9,2,21.1,55,27.9,169,41.2,329,64.4,332,65.3,323,19.3,334,17.3,161,118.3,7,114.7,5,89.6,9,90.0,6,77.1,141,-0.6,258,-1.1,290,-0.1,188,+0.1,149,+1.7,32,+0.4,159,1.95,81,29.5,209,54.4,104,2021,0.9606640984247283,28,4,0.875,32
341,Houston Baptist,Slnd,6-19,-18.90,92.5,321,111.4,331,72.6,18,-.003,186,-2.99,245,100.6,249,103.6,247,+11.53,48,,Slnd,72.6,18,92.5,321,48.7,226,22.6,328,25.8,237,28.2,258,111.4,331,54.1,315,18.6,176,31.1,282,28.2,94,72.6,18,74.1,18,16.1,47,16.1,15,92.5,321,93.9,303,111.4,331,108.5,307,76.6,229,-0.7,273,-0.6,234,-0.8,271,+0.1,176,-0.8,253,+0.4,160,0.85,314,44.5,6,27.4,298,2021,0.10545179581716979,6,19,0.24,25
314,Howard,MEAC,1-4,-13.94,98.2,247,112.2,337,69.5,110,+.102,15,-1.12,206,103.6,168,104.7,296,-1.12,237,,MEAC,69.5,110,98.2,247,51.1,118,18.5,150,20.4,331,37.1,42,112.2,337,53.5,305,12.6,347,31.2,285,27.1,64,69.5,110,73.1,31,16.1,40,16.5,41,98.2,247,99.7,197,112.2,337,116.8,344,77.6,74,+1.9,16,+1.4,49,+2.5,8,+0.8,81,+0.3,140,-1.5,286,0.77,331,34.7,86,19.7,322,2021,0.17760147815347357,1,4,0.2,5
263,IUPUI,Horz,8-10,-9.37,96.2,279,105.5,243,72.1,28,+.076,36,-2.49,233,102.1,210,104.5,288,-15.79,326,,Horz,72.1,28,96.2,279,49.0,213,19.1,180,25.4,242,30.5,198,105.5,243,52.7,283,18.9,157,25.3,71,35.1,262,72.1,28,72.7,39,16.5,75,16.4,33,96.2,279,98.2,228,105.5,243,104.2,244,74.8,344,-2.7,357,-2.4,345,-3.0,347,-1.9,335,-2.0,327,-1.5,287,2.20,33,21.8,325,58.0,78,2021,0.25707287642965326,8,10,0.4444444444444444,18
350,Idaho,BSky,1-21,-23.01,90.6,338,113.6,349,66.8,250,-.021,227,+0.42,190,102.9,182,102.5,198,+15.56,18,,BSky,66.8,250,90.6,338,48.5,242,24.0,345,22.0,319,29.6,226,113.6,349,54.3,319,17.1,277,29.7,243,35.8,279,66.8,250,67.5,255,17.7,227,17.6,247,90.6,338,89.5,336,113.6,349,112.1,335,76.2,268,-0.8,288,-0.3,190,-1.4,325,-0.9,282,+0.1,167,-0.9,263,0.92,311,38.4,33,45.0,183,2021,0.06903314829835021,1,21,0.045454545454545456,22
258,Idaho St.,BSky,13-11,-8.54,93.7,306,102.2,175,64.2,335,+.000,172,-2.49,234,101.1,237,103.6,244,+5.63,125,,BSky,64.2,335,93.7,306,47.2,287,23.5,338,30.8,82,38.7,22,102.2,175,48.0,76,18.1,216,26.3,105,35.6,274,64.2,335,65.1,330,19.4,336,17.5,219,93.7,306,94.5,294,102.2,175,98.2,84,76.8,197,-0.9,299,-1.0,267,-0.9,287,+0.0,182,+0.9,70,+0.1,174,1.04,297,25.0,301,38.9,240,2021,0.26921969497439124,13,11,0.5416666666666666,24
4,Illinois,B10,24-7,+29.06,118.0,8,88.9,7,70.5,79,+.022,128,+18.17,5,112.3,5,94.1,13,+10.44,59,1,B10,70.5,79,118.0,8,55.6,12,18.1,128,32.2,49,37.9,30,88.9,7,46.5,29,16.0,316,22.1,11,30.1,142,70.5,79,71.2,88,16.8,112,17.1,132,118.0,8,111.5,18,88.9,7,95.5,41,77.0,159,+0.7,80,+2.1,22,-0.8,259,-1.2,306,-0.5,230,+0.8,127,2.30,22,28.1,249,63.4,49,2021,0.9629053920185446,24,7,0.7741935483870968,31
288,Illinois Chicago,Horz,9-13,-11.42,93.1,315,104.5,221,68.2,175,+.050,68,-3.33,250,102.4,198,105.8,327,-1.09,235,,Horz,68.2,175,93.1,315,49.7,186,18.8,170,23.7,287,22.8,340,104.5,221,48.0,81,14.2,341,27.6,157,33.9,238,68.2,175,69.5,159,17.1,153,17.4,181,93.1,315,96.3,271,104.5,221,102.8,214,77.6,81,+0.1,142,-0.3,195,+0.5,95,+0.4,111,+1.5,37,+1.1,100,2.02,66,30.2,192,40.6,232,2021,0.20942444483536646,9,13,0.4090909090909091,22
198,Illinois St.,MVC,7-18,-3.62,98.7,240,102.3,180,69.0,132,-.112,348,+5.34,123,105.4,116,100.1,134,+1.99,191,,MVC,69.0,132,98.7,240,50.4,152,19.3,186,23.7,284,23.7,334,102.3,180,51.6,240,16.7,298,26.3,106,26.7,58,69.0,132,68.7,189,16.6,87,18.3,333,98.7,240,96.8,259,102.3,180,105.2,266,77.1,150,-0.5,240,+0.3,126,-1.2,309,+0.1,149,+0.7,108,+0.8,122,0.80,324,32.6,135,35.0,264,2021,0.3984364056394424,7,18,0.28,25
343,Incarnate Word,Slnd,8-14,-19.09,93.6,308,112.7,342,64.7,324,-.049,281,-7.08,321,98.2,315,105.3,314,+7.53,97,,Slnd,64.7,324,93.6,308,50.3,157,20.6,262,23.0,303,32.5,151,112.7,342,52.1,260,18.5,183,32.2,315,33.8,233,64.7,324,67.2,271,18.4,291,16.7,63,93.6,308,96.5,267,112.7,342,107.3,291,75.7,319,-1.4,339,-0.6,229,-2.3,341,-1.9,335,-1.0,271,-0.5,227,0.99,303,30.6,181,53.1,118,2021,0.1056903079673764,8,14,0.36363636363636365,22
50,Indiana,B10,12-15,+14.95,109.1,70,94.2,43,65.9,289,-.053,290,+18.33,3,111.4,13,93.1,3,+9.18,72,,B10,65.9,289,109.1,70,48.5,243,17.2,87,25.5,241,41.5,8,94.2,43,48.8,117,17.6,248,27.4,151,33.5,222,65.9,289,67.2,266,18.1,259,17.5,227,109.1,70,100.3,189,94.2,43,100.5,142,77.2,126,+0.2,132,-0.2,187,+0.6,81,-0.5,238,+0.9,70,+0.9,116,1.56,182,29.4,211,57.5,81,2021,0.8440549871117251,12,15,0.4444444444444444,27
119,Indiana St.,MVC,15-10,+5.35,102.6,166,97.3,85,66.9,244,+.079,31,+6.51,108,105.7,107,99.2,118,+8.52,83,,MVC,66.9,244,102.6,166,48.9,221,18.3,143,25.2,244,36.3,57,97.3,85,51.5,234,21.7,42,27.7,161,28.3,95,66.9,244,66.2,300,17.7,219,18.2,327,102.6,166,99.7,199,97.3,85,99.5,120,76.7,210,-0.6,254,-0.6,231,-0.6,232,-1.3,310,-0.1,178,+1.4,62,2.02,65,28.2,246,60.1,66,2021,0.6479289060431707,15,10,0.6,25
178,Iona,MAAC,12-6,-0.78,100.2,217,101.0,146,67.7,199,+.030,107,-5.67,303,98.3,312,103.9,260,-0.54,225,15,MAAC,67.7,199,100.2,217,50.7,130,22.5,326,32.6,42,34.5,91,101.0,146,46.0,20,19.7,118,26.9,137,46.1,342,67.7,199,69.7,147,17.6,213,17.0,117,100.2,217,102.0,153,101.0,146,94.6,31,76.3,259,+0.5,92,+0.4,117,+0.6,82,-1.1,300,-0.8,257,-2.0,314,1.52,190,24.4,310,32.8,274,2021,0.4771529775169454,12,6,0.6666666666666666,18
7,Iowa,B10,22-9,+26.87,123.5,3,96.7,75,69.9,93,-.027,244,+16.41,20,110.4,31,94.0,9,-4.90,285,2,B10,69.9,93,123.5,3,54.7,24,13.3,1,30.8,81,32.0,158,96.7,75,48.8,115,16.1,314,29.1,220,22.2,6,69.9,93,70.8,98,16.2,50,17.6,233,123.5,3,117.7,3,96.7,75,102.4,205,77.9,44,+1.8,17,+1.9,26,+1.7,26,+0.8,74,+0.5,126,+0.0,180,2.39,15,30.8,175,64.4,44,2021,0.9433859968033803,22,9,0.7096774193548387,31
171,Iowa St.,B12,2-22,-0.14,100.3,213,100.4,135,69.9,91,-.120,349,+17.29,12,111.6,11,94.3,15,+4.15,150,,B12,69.9,91,100.3,213,48.0,260,21.1,285,24.3,262,19.6,347,100.4,135,52.0,252,18.4,195,33.0,329,36.2,284,69.9,91,70.5,108,16.9,135,17.0,115,100.3,213,93.0,313,100.4,135,108.5,308,76.1,282,-0.7,269,-0.5,220,-0.9,288,-0.5,241,+0.0,171,-2.0,312,2.33,18,31.7,159,41.1,225,2021,0.497135058521116,2,22,0.08333333333333333,24
265,Jackson St.,SWAC,12-6,-9.62,88.1,349,97.7,92,68.4,159,+.111,13,-12.38,344,93.8,343,106.2,338,+13.02,36,,SWAC,68.4,159,88.1,349,44.5,333,21.1,287,29.1,132,42.0,5,97.7,92,43.8,1,22.1,34,26.6,128,41.2,330,68.4,159,70.3,116,16.8,120,17.2,145,88.1,349,91.8,322,97.7,92,87.9,3,76.6,224,-0.9,295,-1.2,303,-0.5,224,-0.9,282,+0.9,70,+0.1,175,1.53,189,27.3,266,52.0,128,2021,0.23336021544415822,12,6,0.6666666666666666,18
293,Jacksonville,ASun,11-13,-11.85,93.7,307,105.5,241,67.6,204,+.050,70,-4.53,282,100.4,256,104.9,305,-4.87,282,,ASun,67.6,204,93.7,307,48.8,225,20.0,233,24.7,251,34.3,94,105.5,241,51.4,231,20.8,67,30.5,268,27.8,82,67.6,204,68.3,207,16.8,115,17.9,293,93.7,307,95.5,280,105.5,241,101.8,183,76.5,237,-0.8,276,-1.1,295,-0.3,214,-0.3,208,-0.9,265,+0.6,136,1.14,277,25.9,286,29.4,292,2021,0.20358338129081396,11,13,0.4583333333333333,24
162,Jacksonville St.,OVC,18-9,+0.44,104.9,125,104.5,220,65.8,292,+.017,139,-2.68,239,101.1,235,103.8,255,+4.66,141,,OVC,65.8,292,104.9,125,52.4,71,19.9,224,32.3,45,30.9,187,104.5,220,48.1,84,15.7,326,27.9,173,25.5,38,65.8,292,67.7,239,18.3,283,16.8,81,104.9,125,106.1,77,104.5,220,101.3,161,77.1,140,+1.0,58,+0.6,95,+1.5,37,+0.2,145,-1.0,277,-0.2,196,1.09,284,29.9,198,17.8,326,2021,0.5109820100074028,18,9,0.6666666666666666,27
177,James Madison,CAA,13-7,-0.69,103.5,151,104.2,210,71.8,36,-.048,278,-1.91,220,101.1,236,103.0,220,-0.26,220,,CAA,71.8,36,103.5,151,50.5,144,16.7,63,27.9,170,40.9,11,104.2,210,49.6,152,20.9,63,28.1,182,33.4,214,71.8,36,71.6,77,16.1,46,17.3,180,103.5,151,104.9,93,104.2,210,100.5,139,76.2,269,-0.8,278,-1.2,301,-0.3,211,+0.4,108,-1.6,313,-0.7,241,1.80,111,35.3,77,43.5,198,2021,0.4806307124846374,13,7,0.65,20
27,Kansas,B12,21-9,+19.98,110.1,54,90.2,12,68.2,174,+.070,44,+15.83,24,110.7,25,94.8,29,+10.43,60,3,B12,68.2,174,110.1,54,49.4,196,17.1,80,30.5,87,29.8,220,90.2,12,48.0,79,20.0,99,26.8,136,26.8,59,68.2,174,69.5,160,16.5,74,18.0,312,110.1,54,103.9,113,90.2,12,96.5,55,78.2,25,+0.4,102,+0.1,149,+0.7,73,+0.8,80,+1.9,16,+2.7,6,1.61,160,25.5,295,52.6,123,2021,0.9082652825516547,21,9,0.7,30
147,Kansas St.,B12,9-20,+1.47,99.6,226,98.1,100,65.5,308,+.026,117,+14.05,45,109.9,37,95.9,55,-1.47,247,,B12,65.5,308,99.6,226,47.2,285,22.3,324,29.9,108,27.9,267,98.1,100,53.0,292,19.7,116,27.9,171,32.2,188,65.5,308,66.3,295,18.8,309,17.3,172,99.6,226,93.0,312,98.1,100,105.1,262,76.7,202,+0.5,95,+1.9,27,-1.0,294,-0.9,293,-0.7,250,-0.1,188,0.85,316,29.0,223,31.1,284,2021,0.543517161733848,9,20,0.3103448275862069,29
335,Kennesaw St.,ASun,5-19,-17.57,87.8,350,105.4,238,69.3,113,-.088,327,-1.56,214,102.9,183,104.4,280,+8.80,77,,ASun,69.3,113,87.8,350,45.8,314,20.6,261,24.1,274,30.6,195,105.4,238,52.2,262,17.1,279,25.2,69,32.7,202,69.3,113,69.3,169,18.1,258,16.6,51,87.8,350,89.6,335,105.4,238,105.4,268,76.4,246,-1.0,301,-1.1,292,-0.8,265,-0.9,282,+0.9,91,-0.7,239,0.38,344,27.4,264,15.4,331,2021,0.10899354052889389,5,19,0.20833333333333334,24
115,Kent St.,MAC,15-8,+6.34,105.8,113,99.5,121,69.8,98,+.023,123,+3.94,138,106.5,94,102.6,202,+8.03,90,,MAC,69.8,98,105.8,113,50.9,123,19.3,188,34.2,25,28.1,262,99.5,121,49.6,149,17.6,249,28.6,201,27.9,86,69.8,98,70.7,102,17.4,189,16.6,54,105.8,113,106.9,61,99.5,121,101.7,178,77.5,92,+1.0,59,+1.1,60,+1.0,61,+0.1,173,+0.3,142,+0.5,154,1.11,279,30.7,178,25.3,307,2021,0.6695207015912851,15,8,0.6521739130434783,23
49,Kentucky,SEC,9-16,+14.97,108.0,84,93.1,35,68.1,181,-.148,354,+16.91,15,110.9,22,94.0,10,+15.29,23,,SEC,68.1,181,108.0,84,47.1,289,19.8,217,32.6,41,34.5,90,93.1,35,46.7,33,17.9,225,30.5,269,29.7,134,68.1,181,70.0,132,17.1,151,17.2,147,108.0,84,99.7,198,93.1,35,99.4,113,79.0,5,+2.1,14,+2.2,18,+1.9,14,+2.1,6,+1.6,34,+2.3,12,1.19,264,31.7,158,7.6,342,2021,0.8464800350579936,9,16,0.36,25
271,LIU,NEC,9-9,-10.34,93.4,310,103.7,205,73.7,9,-.021,228,-9.13,340,98.2,313,107.4,346,-99.00,331,,NEC,73.7,9,93.4,310,47.3,284,19.3,187,32.9,34,31.2,179,103.7,205,49.9,164,20.9,64,28.5,194,28.4,97,73.7,9,74.5,9,14.9,8,17.4,207,93.4,310,98.8,215,103.7,205,98.0,78,76.0,300,+0.3,119,-0.1,163,+0.6,79,-1.6,319,-2.0,326,-1.8,303,2.01,67,25.5,296,48.9,150,2021,0.23093772634657522,9,9,0.5,18
24,LSU,SEC,19-10,+20.35,120.1,5,99.8,124,70.6,70,-.007,201,+14.77,35,108.7,66,93.9,7,+1.13,202,8,SEC,70.6,70,120.1,5,52.3,73,15.6,19,31.4,66,34.0,106,99.8,124,48.5,99,17.9,231,32.1,312,29.8,135,70.6,70,72.6,42,16.2,51,16.8,78,120.1,5,112.6,11,99.8,124,103.3,227,77.6,75,+0.1,147,+0.0,153,+0.2,142,+0.3,125,+0.9,70,+2.1,25,1.43,211,26.3,277,51.2,135,2021,0.8937185628957577,19,10,0.6551724137931034,29
200,La Salle,A10,9-16,-3.83,101.8,181,105.6,245,68.5,155,-.012,211,+7.06,105,104.7,134,97.6,93,+5.97,116,,A10,68.5,155,101.8,181,50.1,165,20.7,267,26.8,197,24.3,326,105.6,245,52.1,259,19.5,128,29.4,231,36.1,282,68.5,155,69.5,163,17.1,158,17.2,154,101.8,181,96.8,261,105.6,245,106.2,282,76.7,208,-0.0,174,-0.2,180,+0.1,162,+0.2,143,+0.1,170,-1.3,279,1.17,271,37.1,46,48.8,151,2021,0.39616861659778524,9,16,0.36,25
262,Lafayette,Pat,9-6,-9.08,102.9,163,112.0,335,68.6,145,+.062,53,-8.82,338,96.6,333,105.4,318,-99.00,331,,Pat,68.6,145,102.9,163,50.6,134,15.0,9,23.7,285,30.3,203,112.0,335,50.9,208,16.0,319,28.5,195,33.7,231,68.6,145,70.2,124,16.9,133,17.3,169,102.9,163,107.3,55,112.0,335,105.9,279,77.8,57,+1.2,48,+1.7,35,+0.6,85,+0.4,115,-0.1,178,+1.6,48,2.06,59,25.9,285,64.4,45,2021,0.27397966669780865,9,6,0.6,15
307,Lamar,Slnd,10-18,-12.82,93.1,316,105.9,254,67.5,210,+.009,151,-4.23,274,99.3,288,103.5,239,+2.64,176,,Slnd,67.5,210,93.1,316,46.0,311,20.1,236,26.3,217,30.8,189,105.9,254,52.3,264,20.0,97,28.8,207,27.5,74,67.5,210,69.8,145,17.4,184,16.7,59,93.1,316,93.7,305,105.9,254,102.3,200,75.9,303,+0.1,141,+0.1,140,+0.1,167,-0.7,266,-2.4,338,-2.1,315,1.22,255,28.1,251,62.9,55,2021,0.18520966938692343,10,18,0.35714285714285715,28
334,Lehigh,Pat,4-11,-17.39,91.6,326,109.0,303,70.0,87,+.063,52,-5.82,306,101.0,241,106.8,343,-99.00,331,,Pat,70.0,87,91.6,326,47.1,288,18.2,135,24.9,246,27.9,271,109.0,303,53.2,300,16.9,287,23.7,28,32.8,204,70.0,87,71.3,86,17.2,164,16.6,48,91.6,326,95.0,288,109.0,303,106.8,285,77.5,84,+0.3,118,+0.7,86,-0.2,193,+0.8,69,+0.9,70,+0.7,130,1.43,209,34.1,102,65.8,35,2021,0.1191986151145417,4,11,0.26666666666666666,15
98,Liberty,ASun,23-6,+8.60,109.8,58,101.2,153,63.1,347,-.023,231,-4.82,287,99.5,283,104.3,272,+1.58,195,13,ASun,63.1,347,109.8,58,56.9,3,16.0,34,23.2,295,25.4,315,101.2,153,47.8,63,17.4,264,22.8,16,30.5,154,63.1,347,64.7,334,19.4,335,17.6,242,109.8,58,112.6,12,101.2,153,96.5,57,75.8,314,-0.6,260,-1.1,291,-0.1,190,-0.3,209,-1.2,292,-3.0,331,1.56,180,27.2,267,46.4,165,2021,0.7186874797415855,23,6,0.7931034482758621,29
238,Lipscomb,ASun,15-12,-6.74,100.9,198,107.7,282,66.0,282,+.024,120,-3.63,259,100.2,263,103.8,254,+3.14,167,,ASun,66.0,282,100.9,198,51.2,115,17.4,97,23.2,296,36.5,53,107.7,282,51.5,236,18.4,192,28.4,191,22.7,10,66.0,282,67.3,259,17.5,207,17.9,297,100.9,198,101.8,157,107.7,282,103.8,238,76.6,227,-0.9,300,-1.1,273,-0.8,261,-0.1,197,-0.3,212,+0.6,138,1.28,244,27.8,260,62.9,54,2021,0.32081562398229135,15,12,0.5555555555555556,27
239,Little Rock,SB,11-15,-6.86,98.4,243,105.3,235,67.0,240,-.040,266,-2.76,241,99.8,275,102.6,203,+3.86,155,,SB,67.0,240,98.4,243,50.4,148,22.4,325,31.1,73,37.7,34,105.3,235,50.7,197,20.1,94,28.0,177,27.8,84,67.0,240,68.0,226,17.4,183,17.6,250,98.4,243,99.2,210,105.3,235,101.1,154,78.3,18,+1.7,21,+0.9,67,+2.5,7,+2.1,6,+2.5,5,-1.0,264,1.59,170,28.5,235,61.4,58,2021,0.3144524319442529,11,15,0.4230769230769231,26
242,Long Beach St.,BW,6-12,-7.12,97.6,256,104.7,224,73.7,8,-.011,208,+0.68,184,102.4,199,101.7,171,+4.92,138,,BW,73.7,8,97.6,256,50.6,133,21.0,280,23.3,294,37.7,35,104.7,224,49.4,139,17.8,243,31.3,288,34.9,257,73.7,8,74.3,15,15.3,14,17.1,137,97.6,256,96.8,260,104.7,224,104.3,245,77.2,129,+0.5,88,+0.9,75,+0.2,139,+0.3,122,+0.3,139,-0.2,194,1.45,206,36.6,51,47.2,157,2021,0.3084131027078062,6,12,0.3333333333333333,18
247,Longwood,BSth,12-17,-7.33,98.0,251,105.4,237,65.0,317,-.027,243,-4.04,270,100.4,253,104.5,285,+1.92,193,,BSth,65.0,317,98.0,251,49.9,179,19.8,221,27.7,177,31.6,169,105.4,237,51.8,246,20.4,81,27.3,149,33.5,218,65.0,317,66.3,298,18.6,302,17.4,195,98.0,251,100.1,192,105.4,237,102.2,195,75.7,320,-1.4,335,-2.1,337,-0.7,248,-0.7,264,-2.1,332,-0.7,241,1.08,286,32.8,129,45.8,175,2021,0.3021365658616453,12,17,0.41379310344827586,29
201,Louisiana,SB,17-9,-3.89,100.3,211,104.2,214,71.0,56,+.096,19,-3.74,265,100.4,257,104.1,267,-1.65,248,,SB,71.0,56,100.3,211,50.3,161,20.4,253,32.2,50,30.1,209,104.2,214,48.4,93,17.2,268,27.9,170,30.3,148,71.0,56,71.3,85,16.2,52,17.4,189,100.3,211,102.0,151,104.2,214,101.0,153,77.6,79,+1.5,31,+1.6,38,+1.3,42,-0.7,260,-0.1,201,+1.1,99,1.45,201,30.1,194,44.7,186,2021,0.3920545915281337,17,9,0.6538461538461539,26
296,Louisiana Monroe,SB,7-19,-12.16,93.2,313,105.4,239,67.1,231,-.040,267,-3.63,258,99.7,279,103.3,234,-2.77,256,,SB,67.1,231,93.2,313,48.2,254,19.1,181,22.9,306,25.1,320,105.4,239,50.4,187,21.3,53,32.0,311,34.0,241,67.1,231,67.6,247,17.4,192,17.9,295,93.2,313,94.2,298,105.4,239,101.2,160,76.3,262,+1.0,57,+1.8,31,+0.3,126,-1.8,328,-1.7,315,-1.6,295,1.06,290,31.3,165,20.2,320,2021,0.19549828113092127,7,19,0.2692307692307692,26
82,Louisiana Tech,CUSA,24-8,+10.46,104.2,133,93.7,39,69.4,112,+.055,62,+3.02,151,103.2,175,100.2,138,-8.57,311,4,CUSA,69.4,112,104.2,133,50.5,139,18.2,133,26.9,194,34.8,81,93.7,39,46.3,26,19.2,144,24.1,36,27.3,67,69.4,112,70.5,109,16.8,119,17.2,153,104.2,133,102.5,147,93.7,39,93.0,14,76.3,265,-1.4,337,-1.5,317,-1.3,320,-0.5,240,+0.5,129,-0.4,215,1.91,87,30.4,187,53.2,117,2021,0.7723204349076208,24,8,0.75,32
59,Louisville,ACC,13-7,+13.54,107.7,92,94.2,44,65.7,300,+.118,9,+13.29,53,109.9,39,96.6,69,+7.71,95,,ACC,65.7,300,107.7,92,47.8,271,17.2,88,32.0,54,32.1,157,94.2,44,48.4,95,16.6,299,26.2,102,29.8,136,65.7,300,66.0,307,17.9,246,18.2,330,107.7,92,102.4,148,94.2,44,100.1,133,77.4,101,-0.2,202,-1.1,273,+0.7,74,+0.7,91,+1.8,26,+0.5,153,1.42,214,21.1,328,18.7,324,2021,0.8234920720743497,13,7,0.65,20
10,Loyola Chicago,MVC,26-5,+24.32,111.3,41,87.0,2,63.7,342,-.024,233,+6.27,112,105.6,110,99.4,123,+4.81,139,8,MVC,63.7,342,111.3,41,55.7,10,18.3,137,27.1,187,31.5,172,87.0,2,47.2,45,21.5,50,20.9,3,22.7,11,63.7,342,63.3,345,18.6,306,19.0,346,111.3,41,109.9,26,87.0,2,88.5,4,76.1,283,-0.3,220,-0.4,206,-0.3,205,-0.8,272,-1.9,322,-0.5,226,2.26,25,29.5,210,74.9,11,2021,0.9444171416757328,26,5,0.8387096774193549,31
214,Loyola MD,Pat,6-11,-5.02,96.8,272,101.8,165,68.4,162,-.190,357,-4.36,276,101.9,218,106.3,339,-99.00,331,,Pat,68.4,162,96.8,272,51.1,117,20.2,241,31.3,70,35.4,73,101.8,165,49.3,137,19.3,139,25.6,79,33.4,215,68.4,162,68.6,197,17.9,244,17.1,127,96.8,272,101.3,171,101.8,165,99.5,119,77.3,120,+2.3,10,+1.8,33,+2.8,3,-0.8,274,-0.3,213,-1.6,296,1.57,178,32.7,131,56.1,95,2021,0.35912227261120455,6,11,0.35294117647058826,17
94,Loyola Marymount,WCC,13-9,+8.80,107.8,89,99.0,114,66.0,284,+.033,99,+8.41,100,105.6,108,97.2,84,+6.76,105,,WCC,66.0,284,107.8,89,51.7,91,23.4,336,32.5,43,41.3,9,99.0,114,50.8,203,17.4,265,20.7,2,34.8,256,66.0,284,67.7,237,18.5,300,17.0,106,107.8,89,102.6,146,99.0,114,100.0,131,78.5,15,+1.6,28,+2.7,9,+0.5,94,+1.1,35,+1.8,27,+1.7,42,1.94,82,29.1,218,42.8,206,2021,0.726972235717765,13,9,0.5909090909090909,22
346,Maine,AE,2-7,-20.00,85.9,353,105.9,251,64.5,330,+.028,112,-0.78,200,100.9,244,101.6,166,+6.69,106,,AE,64.5,330,85.9,353,45.1,327,25.0,347,23.8,279,27.2,280,105.9,251,48.7,111,20.8,68,30.5,267,30.9,161,64.5,330,65.3,325,19.2,326,17.4,183,85.9,353,81.7,344,105.9,251,98.5,90,76.2,277,+0.5,91,-0.1,163,+1.1,48,-0.7,269,-2.4,340,-1.6,290,0.81,322,37.4,42,40.6,230,2021,0.08263429795518465,2,7,0.2222222222222222,9
315,Manhattan,MAAC,7-13,-14.18,89.5,346,103.7,202,67.1,233,-.006,195,-7.27,324,96.6,334,103.8,256,-19.54,330,,MAAC,67.1,233,89.5,346,42.6,345,20.7,266,31.9,57,35.5,71,103.7,202,47.9,70,22.4,23,29.6,240,46.8,345,67.1,233,67.5,253,17.5,202,18.0,313,89.5,346,91.1,328,103.7,202,96.5,56,76.7,205,-0.8,291,-0.8,254,-0.9,290,+0.1,177,+0.4,136,+0.2,169,1.53,185,32.9,125,34.0,269,2021,0.15531215702905654,7,13,0.35,20
266,Marist,MAAC,12-9,-9.69,91.6,328,101.3,155,66.1,280,+.082,29,-7.36,327,97.2,328,104.5,287,-13.45,323,,MAAC,66.1,280,91.6,328,49.1,210,21.4,298,23.0,302,31.5,171,101.3,155,45.7,15,18.0,222,25.4,75,32.2,189,66.1,280,66.8,283,18.2,276,17.4,202,91.6,328,94.0,301,101.3,155,94.4,25,75.9,304,-1.1,318,-1.6,324,-0.7,253,-0.9,282,-0.5,235,-1.4,285,1.05,295,37.0,47,43.8,193,2021,0.23911563981277487,12,9,0.5714285714285714,21
83,Marquette,BE,13-14,+10.40,107.5,94,97.1,83,67.4,216,-.007,199,+14.12,44,109.7,42,95.6,46,+7.66,96,,BE,67.4,216,107.5,94,50.6,136,20.9,276,29.1,131,35.0,78,97.1,83,47.7,58,15.9,324,28.3,188,30.0,141,67.4,216,68.4,202,18.3,278,16.7,69,107.5,94,101.6,162,97.1,83,102.2,197,78.0,37,+1.2,44,+1.4,47,+1.0,58,+1.0,53,+0.4,135,+1.5,54,1.86,96,25.4,299,45.5,178,2021,0.7631665124112662,13,14,0.48148148148148145,27
92,Marshall,CUSA,15-7,+8.89,109.2,67,100.3,133,72.6,20,-.068,312,+1.45,172,102.9,184,101.4,157,+0.58,209,,CUSA,72.6,20,109.2,67,54.8,23,16.3,44,23.8,278,24.2,328,100.3,133,49.9,166,19.8,106,28.3,184,27.5,73,72.6,20,73.1,32,14.8,6,17.8,285,109.2,67,108.7,38,100.3,133,98.8,99,77.2,133,+0.9,62,+0.7,89,+1.2,45,+0.3,131,+0.3,143,-1.0,265,2.30,23,25.6,294,75.6,9,2021,0.7266469868180945,15,7,0.6818181818181818,22
35,Maryland,B10,17-14,+17.63,111.8,37,94.1,42,64.7,321,-.024,234,+17.10,13,110.2,34,93.1,2,-1.11,236,10,B10,64.7,321,111.8,37,53.2,51,16.7,64,20.6,330,31.8,160,94.1,42,48.7,113,16.8,289,26.5,115,25.0,34,64.7,321,65.4,321,18.4,289,18.3,337,111.8,37,103.8,114,94.1,42,100.6,145,78.1,31,-0.5,247,-0.9,259,-0.2,195,+1.1,37,+2.1,13,+3.7,2,2.17,39,22.4,320,56.2,93,2021,0.8789011641235193,17,14,0.5483870967741935,31
355,Maryland Eastern Shore,MEAC,0-0,-27.60,83.9,356,111.5,333,67.8,192,+.000,173,-99.00,348,0.0,348,200.0,348,-99.00,331,,MEAC,67.8,192,83.9,356,0.0,348,100.0,348,0.0,348,0.0,348,111.5,333,100.0,348,0.0,348,100.0,348,100.0,348,67.8,192,0.0,348,0.0,1,0.0,1,83.9,356,0.0,348,111.5,333,200.0,348,0.0,348,+0.0,160,-99.0,348,-99.0,348,-99.0,348,-99.0,348,-99.0,348,0.00,348,0.0,348,0.0,344,2021,0.03659408422986625,0,0,,0
118,Massachusetts,A10,8-7,+5.40,105.4,120,100.0,128,71.6,41,-.057,297,+3.71,141,103.1,180,99.3,122,+0.22,212,,A10,71.6,41,105.4,120,50.0,172,16.4,51,24.3,264,34.2,95,100.0,128,50.9,207,19.9,100,25.6,80,33.4,213,71.6,41,72.3,48,16.5,71,16.6,44,105.4,120,103.2,130,100.0,128,98.2,83,76.8,178,+0.3,107,+0.1,138,+0.6,91,-0.6,252,+0.2,146,-0.6,237,1.53,188,30.8,173,41.2,220,2021,0.6467567115409083,8,7,0.5333333333333333,15
340,McNeese St.,Slnd,10-14,-18.77,95.7,283,114.5,353,68.5,156,-.090,329,-9.21,341,97.6,323,106.8,344,+6.78,104,,Slnd,68.5,156,95.7,283,53.1,52,23.0,332,27.0,189,30.7,192,114.5,353,54.7,328,17.7,247,28.1,183,30.7,159,68.5,156,71.4,82,17.2,161,16.2,18,95.7,283,99.7,200,114.5,353,109.3,317,76.2,275,-0.1,194,-0.4,200,+0.1,172,-0.3,212,-0.0,175,-3.0,328,1.40,218,33.0,123,35.7,261,2021,0.11278539619233278,10,14,0.4166666666666667,24
31,Memphis,Amer,20-8,+19.11,105.5,117,86.4,1,71.3,48,-.068,311,+8.72,96,105.9,101,97.2,82,+1.45,198,1,Amer,71.3,48,105.5,117,50.9,121,21.7,308,33.6,30,32.7,145,86.4,1,44.4,5,22.1,35,23.7,30,35.3,267,71.3,48,72.1,56,16.3,58,17.1,123,105.5,117,100.4,186,86.4,1,87.5,2,77.8,50,+0.5,87,+0.4,115,+0.7,77,+1.4,29,+1.1,58,+1.2,94,1.23,253,37.2,44,58.0,79,2021,0.908613138018706,20,8,0.7142857142857143,28
131,Mercer,SC,18-11,+3.43,106.2,108,102.8,186,67.7,196,-.002,184,+2.05,165,104.1,156,102.0,179,+1.56,196,,SC,67.7,196,106.2,108,54.3,30,18.0,121,26.1,229,24.8,322,102.8,186,50.2,179,16.8,294,26.0,97,27.1,65,67.7,196,69.5,161,17.4,187,17.0,113,106.2,108,106.6,69,102.8,186,102.9,216,77.0,152,-0.1,188,+0.5,104,-0.7,246,-0.5,243,-0.1,176,+1.3,72,1.73,127,24.1,313,35.9,258,2021,0.5924724150545223,18,11,0.6206896551724138,29
287,Merrimack,NEC,9-9,-11.37,90.7,336,102.1,173,66.5,263,+.014,143,-9.01,339,98.6,308,107.6,347,-99.00,331,,NEC,66.5,263,90.7,336,51.4,96,19.9,225,20.8,329,31.0,183,102.1,173,48.0,74,21.8,40,31.6,297,33.0,208,66.5,263,68.0,228,17.4,178,17.8,281,90.7,336,96.6,265,102.1,173,97.2,62,75.7,323,-1.3,331,-1.4,315,-1.1,304,+0.1,179,-1.8,320,-2.0,313,1.06,293,20.0,338,53.8,108,2021,0.20398903271143837,9,9,0.5,18
138,Miami FL,ACC,10-17,+3.01,102.1,172,99.1,116,67.8,190,+.019,132,+11.91,70,109.2,55,97.3,86,-7.27,304,,ACC,67.8,190,102.1,172,47.4,281,18.4,149,27.0,190,32.8,141,99.1,116,52.5,275,17.9,229,26.3,104,19.8,2,67.8,190,68.1,221,18.3,279,16.8,88,102.1,172,97.1,255,99.1,116,104.0,241,78.6,14,+2.1,13,+2.6,12,+1.5,35,+0.3,121,+1.9,24,+2.2,24,1.82,106,30.0,197,40.7,229,2021,0.5849112477095801,10,17,0.37037037037037035,27
157,Miami OH,MAC,12-11,+0.70,106.0,111,105.3,234,65.8,293,+.002,168,+2.88,154,104.8,129,101.9,175,-0.46,222,,MAC,65.8,293,106.0,111,50.5,146,16.3,46,27.9,168,25.5,314,105.3,234,51.8,247,18.1,211,29.0,215,27.4,72,65.8,293,67.8,235,18.4,288,16.7,66,106.0,111,105.6,84,105.3,234,105.7,275,75.0,340,-0.6,253,-0.9,264,-0.3,204,-2.2,342,-2.4,341,-3.8,340,1.82,105,31.1,167,67.7,28,2021,0.5190396048880654,12,11,0.5217391304347826,23
3,Michigan,B10,23-5,+29.67,117.6,9,87.9,4,66.6,256,+.007,156,+16.44,19,111.7,9,95.3,39,+2.51,178,1,B10,66.6,256,117.6,9,54.7,25,16.6,58,29.6,113,30.4,201,87.9,4,44.4,6,14.8,336,24.7,54,24.3,26,66.6,256,67.6,250,17.4,194,18.1,321,117.6,9,111.6,17,87.9,4,95.8,48,77.9,47,+2.4,9,+2.8,7,+1.9,16,+1.9,13,-0.4,227,-1.3,280,2.44,12,25.0,303,50.1,143,2021,0.9660237331026924,23,5,0.8214285714285714,28
64,Michigan St.,B10,15-13,+12.90,107.1,98,94.2,45,68.3,164,+.090,22,+17.72,10,112.5,2,94.8,26,-1.03,234,11,B10,68.3,164,107.1,98,48.1,257,18.8,169,30.5,91,31.3,176,94.2,45,48.1,82,15.2,333,26.3,107,36.9,293,68.3,164,68.9,181,17.3,174,17.4,216,107.1,98,99.9,196,94.2,45,102.9,218,78.0,33,+0.8,74,+0.5,111,+1.1,53,+1.5,26,+1.8,29,+0.9,113,1.61,159,38.6,32,58.5,75,2021,0.8139588842874881,15,13,0.5357142857142857,28
306,Middle Tennessee,CUSA,5-18,-12.66,91.2,332,103.9,207,69.2,117,-.035,256,+2.63,158,102.6,193,99.9,133,+0.99,203,,CUSA,69.2,117,91.2,332,45.4,323,21.7,309,24.9,248,24.9,321,103.9,207,53.0,291,19.8,111,25.9,91,28.8,111,69.2,117,69.7,149,17.6,210,16.7,67,91.2,332,88.6,339,103.9,207,102.6,210,76.8,182,-0.9,293,-0.9,263,-0.8,271,+0.1,175,-0.1,178,+1.3,71,2.18,35,39.2,25,36.4,254,2021,0.1825297985612176,5,18,0.21739130434782608,23
216,Milwaukee,Horz,10-12,-5.05,101.8,180,106.9,271,69.8,97,-.010,204,-2.14,225,101.9,216,104.1,265,+0.69,206,,Horz,69.8,97,101.8,180,49.5,190,15.3,12,24.3,265,33.2,126,106.9,271,52.6,281,18.6,181,26.8,135,35.0,258,69.8,97,71.0,94,16.4,66,17.2,150,101.8,180,103.9,112,106.9,271,105.1,263,76.8,186,-0.8,275,-1.6,327,+0.1,171,-0.1,190,+0.2,149,+0.9,115,1.29,237,34.1,101,50.2,142,2021,0.36304719817727304,10,12,0.45454545454545453,22
62,Minnesota,B10,14-15,+12.97,108.4,76,95.4,56,69.9,88,+.011,147,+17.03,14,111.4,12,94.4,18,+0.16,214,,B10,69.9,88,108.4,76,45.0,329,15.6,20,29.2,124,36.7,50,95.4,56,49.7,160,19.0,150,31.4,289,34.3,245,69.9,88,70.7,101,16.7,109,17.0,110,108.4,76,101.0,179,95.4,56,102.6,211,77.9,46,+1.5,30,+1.5,43,+1.5,38,+0.7,90,+0.0,172,+1.3,73,2.22,32,35.8,66,42.2,209,2021,0.8129234979118448,14,15,0.4827586206896552,29
51,Mississippi,SEC,16-12,+14.67,106.1,109,91.4,25,64.9,318,-.063,301,+10.75,78,107.9,75,97.2,81,-6.82,302,1,SEC,64.9,318,106.1,109,48.7,229,20.7,268,34.7,19,34.2,96,91.4,25,48.4,94,22.4,24,27.3,148,33.7,229,64.9,318,67.3,261,18.1,260,17.1,139,106.1,109,101.8,158,91.4,25,94.1,23,77.1,142,-0.0,172,-0.6,235,+0.6,84,+0.8,84,-0.3,209,+0.5,149,2.51,9,29.3,214,41.1,226,2021,0.8474927982864846,16,12,0.5714285714285714,28
67,Mississippi St.,SEC,18-15,+12.37,107.7,93,95.3,54,65.8,296,-.011,207,+12.31,66,107.5,81,95.2,36,-1.44,245,4,SEC,65.8,296,107.7,93,50.2,164,22.1,318,35.8,10,33.7,115,95.3,54,47.1,43,17.2,269,27.5,155,24.8,32,65.8,296,67.2,264,18.4,287,17.2,143,107.7,93,101.7,161,95.3,54,98.2,82,78.9,6,+2.4,8,+2.0,23,+2.8,4,+1.9,14,+2.0,14,+1.2,92,1.49,197,28.8,231,36.6,253,2021,0.8032413526617991,18,15,0.5454545454545454,33
357,Mississippi Valley St.,SWAC,2-22,-41.29,79.4,357,120.7,357,71.1,50,+.040,85,-3.93,267,97.7,322,101.6,163,+16.42,15,,SWAC,71.1,50,79.4,357,43.6,341,24.3,346,18.1,342,24.7,323,120.7,357,54.9,332,14.5,338,35.8,344,32.5,200,71.1,50,73.6,25,16.6,105,15.6,1,79.4,357,77.5,347,120.7,357,118.3,346,76.4,250,+0.2,133,+0.8,81,-0.4,218,-0.4,223,-0.3,221,-2.4,322,0.42,342,36.3,58,14.7,333,2021,0.0080315621782785,2,22,0.08333333333333333,24
47,Missouri,SEC,16-10,+15.14,110.6,49,95.5,57,68.4,163,+.070,43,+15.85,23,110.2,33,94.4,17,+11.39,50,9,SEC,68.4,163,110.6,49,50.8,127,18.7,165,28.5,151,37.1,44,95.5,57,48.5,100,18.0,219,28.8,209,36.7,290,68.4,163,70.3,115,16.8,122,17.1,120,110.6,49,103.2,129,95.5,57,101.4,165,77.6,77,+0.7,76,+0.9,67,+0.5,104,+0.1,149,+0.3,144,+1.7,41,2.59,6,32.4,139,76.8,6,2021,0.8439779701693657,16,10,0.6153846153846154,26
88,Missouri St.,MVC,17-7,+9.32,107.8,90,98.5,104,69.1,127,+.039,87,+3.85,140,104.0,162,100.1,136,-12.01,320,,MVC,69.1,127,107.8,90,54.2,33,18.2,136,23.8,277,30.6,196,98.5,104,47.5,54,14.2,342,22.2,12,28.0,88,69.1,127,68.2,213,17.5,198,17.6,243,107.8,90,106.2,74,98.5,104,98.9,103,77.5,90,-0.1,187,-0.9,260,+0.7,78,+0.6,102,+0.9,69,+1.6,43,0.93,310,21.9,324,30.2,287,2021,0.7383756033991901,17,7,0.7083333333333334,24
226,Monmouth,MAAC,12-8,-6.09,99.0,237,105.1,229,74.2,5,+.050,71,-6.16,312,96.9,330,103.1,224,-3.73,268,,MAAC,74.2,5,99.0,237,48.5,245,17.7,106,25.7,238,38.2,27,105.1,229,48.6,105,20.9,61,28.5,198,38.4,310,74.2,5,74.4,12,14.6,4,17.8,271,99.0,237,100.4,187,105.1,229,98.3,85,75.9,307,-1.4,336,-1.5,322,-1.3,315,+0.1,149,-0.9,264,-1.7,301,1.97,76,34.0,105,64.6,40,2021,0.3345643014868266,12,8,0.6,20
189,Montana,BSky,15-13,-2.35,98.8,239,101.2,154,65.7,299,+.009,149,+2.56,159,104.7,136,102.1,181,+19.82,10,,BSky,65.7,299,98.8,239,48.9,222,19.4,197,22.8,307,35.9,64,101.2,154,49.6,151,18.3,203,29.2,223,40.4,323,65.7,299,67.1,275,18.4,286,17.3,170,98.8,239,98.7,217,101.2,154,101.5,171,77.0,153,+0.8,67,+0.3,127,+1.4,39,-1.1,305,-0.5,232,+0.6,147,1.05,296,33.2,120,33.6,271,2021,0.43143145092594354,15,13,0.5357142857142857,28
207,Montana St.,BSky,13-10,-4.19,99.4,230,103.6,198,68.2,168,+.055,61,-1.12,205,102.4,196,103.6,243,+5.66,123,,BSky,68.2,168,99.4,230,49.7,188,17.8,114,24.2,271,40.3,14,103.6,198,49.7,156,18.8,164,26.5,118,37.2,295,68.2,168,69.1,175,17.1,150,17.8,272,99.4,230,101.1,176,103.6,198,102.3,201,76.7,209,+0.5,93,+0.4,112,+0.6,89,+1.0,58,+0.7,109,-3.7,339,1.49,196,34.1,103,41.8,213,2021,0.3832136592732288,13,10,0.5652173913043478,23
134,Morehead St.,OVC,23-8,+3.19,100.6,205,97.4,88,65.2,314,+.146,4,-1.10,204,102.1,209,103.2,228,+16.21,16,14,OVC,65.2,314,100.6,205,52.2,78,23.1,333,31.4,67,36.2,60,97.4,88,47.3,51,17.6,250,25.3,72,23.1,12,65.2,314,67.0,277,18.2,271,17.2,146,100.6,205,100.5,185,97.4,88,95.8,47,77.3,114,-0.0,176,+0.5,108,-0.5,225,-0.8,275,+0.5,122,+2.3,12,1.46,199,25.8,290,34.2,267,2021,0.5918816614039197,23,8,0.7419354838709677,31
223,Morgan St.,MEAC,14-8,-5.71,100.0,218,105.7,247,71.9,32,-.037,259,-8.44,335,95.8,340,104.3,273,+0.09,215,,MEAC,71.9,32,100.0,218,48.7,233,20.7,269,34.5,20,37.5,37,105.7,247,48.0,80,22.1,30,29.5,234,42.9,335,71.9,32,75.6,4,15.8,28,16.0,11,100.0,218,103.3,127,105.7,247,97.3,68,77.1,149,-0.5,245,-0.4,204,-0.7,242,-0.1,194,+0.9,70,+0.9,109,1.76,121,27.1,271,49.9,145,2021,0.34581208323343016,14,8,0.6363636363636364,22
237,Mount St. Mary's,NEC,12-11,-6.62,94.5,301,101.1,150,61.6,356,-.004,191,-6.45,317,99.4,285,105.9,329,+11.14,53,16,NEC,61.6,356,94.5,301,48.6,239,20.1,235,31.3,69,29.8,218,101.1,150,45.4,10,16.0,317,24.9,59,25.0,35,61.6,356,63.6,342,20.1,344,17.4,185,94.5,301,98.4,224,101.1,150,97.2,61,76.9,173,+0.8,70,-0.1,163,+1.7,30,+1.5,23,+1.1,59,-4.3,346,1.89,91,21.0,330,50.0,144,2021,0.3151031165240733,12,11,0.5217391304347826,23
173,Murray St.,OVC,13-13,-0.17,103.3,158,103.5,195,66.2,275,-.177,356,-5.03,290,99.6,280,104.7,295,-3.47,265,,OVC,66.2,275,103.3,158,54.7,27,19.3,189,27.6,179,26.1,303,103.5,195,49.7,155,19.4,131,26.0,95,31.4,173,66.2,275,67.2,270,17.3,172,18.1,323,103.3,158,106.7,64,103.5,195,98.6,92,76.8,188,+0.3,117,+0.4,113,+0.1,164,+0.0,184,-0.9,263,-0.2,200,1.54,184,30.8,176,57.2,84,2021,0.49443929910950174,13,13,0.5,26
71,N.C. State,ACC,14-11,+12.02,109.4,63,97.4,87,67.8,193,-.011,209,+10.91,75,109.1,56,98.2,105,-6.18,299,3,ACC,67.8,193,109.4,63,53.0,57,18.8,166,29.6,112,31.1,181,97.4,87,51.3,223,21.6,47,31.6,298,28.6,104,67.8,193,68.1,215,17.0,141,18.2,325,109.4,63,106.5,71,97.4,87,102.1,192,77.3,119,+1.2,41,+1.6,40,+0.9,66,+0.9,68,-1.2,290,-0.3,206,1.81,108,35.6,73,51.7,130,2021,0.791851781095474,14,11,0.56,25
295,NJIT,AE,7-12,-12.08,94.2,303,106.2,263,68.2,171,+.024,121,-4.29,275,98.8,300,103.1,225,-0.50,223,,AE,68.2,171,94.2,303,45.9,312,16.2,41,24.1,273,34.2,97,106.2,263,52.3,266,20.9,59,29.2,224,29.4,127,68.2,171,68.1,214,17.5,196,17.8,282,94.2,303,95.6,279,106.2,263,101.4,166,76.0,298,+0.2,127,+0.3,122,+0.1,170,-0.9,282,-1.4,301,-2.6,324,2.02,64,30.1,195,52.3,125,2021,0.20118650001557917,7,12,0.3684210526315789,19
166,Navy,Pat,15-3,+0.02,103.7,145,103.7,201,65.9,286,+.179,2,-5.28,294,98.2,316,103.5,240,+7.37,99,,Pat,65.9,286,103.7,145,50.0,169,18.2,134,32.2,47,33.0,135,103.7,201,52.4,271,22.4,22,25.0,61,32.5,198,65.9,286,67.2,267,18.3,282,17.1,126,103.7,145,105.0,91,103.7,201,98.4,88,76.0,295,-1.4,333,-1.6,325,-1.2,306,-0.4,226,-0.5,238,-0.7,241,1.58,176,42.2,13,61.1,60,2021,0.5,15,3,0.8333333333333334,18
109,Nebraska,B10,7-20,+7.76,101.8,179,94.1,40,71.8,35,-.128,351,+18.30,4,112.4,4,94.1,12,+5.60,126,,B10,71.8,35,101.8,179,48.2,253,19.6,205,23.1,299,31.0,185,94.1,40,49.8,163,18.1,212,28.9,210,28.4,98,71.8,35,72.7,40,15.5,19,17.4,214,101.8,179,93.7,304,94.1,40,102.1,190,78.3,20,+1.0,60,+0.1,147,+1.9,13,+1.5,25,+2.3,10,+1.0,106,1.82,107,35.7,69,17.0,327,2021,0.7118731009102345,7,20,0.25925925925925924,27
300,Nebraska Omaha,Sum,5-20,-12.44,94.6,300,107.0,275,70.7,65,-.017,221,+2.38,163,104.3,153,101.9,176,+10.20,62,,Sum,70.7,65,94.6,300,46.3,305,18.1,129,23.2,298,29.2,235,107.0,275,53.5,304,16.8,291,26.7,131,31.1,163,70.7,65,72.1,52,16.4,67,16.8,86,94.6,300,93.2,310,107.0,275,108.1,302,75.9,302,-0.6,255,-1.0,269,-0.2,197,-1.0,295,-2.0,328,-0.7,241,1.59,172,40.9,16,54.3,106,2021,0.1952154750995143,5,20,0.2,25
91,Nevada,MWC,16-10,+8.98,108.8,72,99.9,125,69.8,95,-.012,213,+6.26,113,104.7,132,98.5,108,+7.37,98,,MWC,69.8,95,108.8,72,51.3,101,18.4,146,24.3,263,38.9,18,99.9,125,48.4,96,17.8,239,24.3,40,41.4,331,69.8,95,70.1,129,16.6,104,17.4,199,108.8,72,104.7,95,99.9,125,99.8,125,78.2,24,+1.6,29,+2.0,24,+1.2,46,+0.6,94,+0.9,70,+1.5,52,1.18,267,30.1,193,26.1,306,2021,0.7273916613687158,16,10,0.6153846153846154,26
268,New Hampshire,AE,10-9,-9.83,96.0,282,105.8,249,66.4,266,+.056,57,-6.27,314,97.3,327,103.6,246,-4.42,277,,AE,66.4,266,96.0,282,45.3,325,16.3,50,27.3,184,32.8,142,105.8,249,49.5,143,17.9,237,22.0,8,39.2,316,66.4,266,67.3,258,18.4,293,17.2,155,96.0,282,97.3,252,105.8,249,99.4,115,77.0,166,-1.0,306,-0.9,266,-1.1,302,-0.0,188,+0.6,115,+1.6,45,1.65,149,30.9,171,51.4,132,2021,0.24641461759502445,10,9,0.5263157894736842,19
294,New Mexico,MWC,6-16,-11.86,91.6,327,103.5,196,67.7,195,-.039,265,+3.60,142,104.6,139,101.0,148,-4.14,273,,MWC,67.7,195,91.6,327,43.9,340,21.6,305,32.0,56,32.9,139,103.5,196,53.1,297,19.8,109,29.7,244,35.7,278,67.7,195,68.4,204,18.0,249,17.1,125,91.6,327,89.9,333,103.5,196,105.2,264,78.0,41,+0.4,101,+0.3,128,+0.5,99,+1.0,52,+1.9,16,+1.5,56,1.01,300,38.4,34,20.2,319,2021,0.197084972424596,6,16,0.2727272727272727,22
150,New Mexico St.,WAC,12-8,+1.40,104.1,134,102.7,184,64.6,325,-.066,306,-2.44,231,100.5,252,103.0,218,-3.53,267,,WAC,64.6,325,104.1,134,49.4,198,18.3,141,34.3,23,31.0,184,102.7,184,49.5,142,18.6,179,26.5,119,34.0,242,64.6,325,65.5,320,20.0,343,16.7,58,104.1,134,105.6,86,102.7,184,100.3,136,76.2,271,-0.2,208,-0.5,225,+0.0,176,-0.8,279,-0.3,220,-1.9,306,1.79,114,31.2,166,37.2,249,2021,0.538848634675784,12,8,0.6,20
278,New Orleans,Slnd,10-15,-10.73,97.3,260,108.1,290,72.4,23,-.093,333,-8.05,333,98.7,303,106.8,342,+2.41,181,,Slnd,72.4,23,97.3,260,52.3,75,22.3,321,29.3,120,33.1,132,108.1,290,51.4,229,21.2,54,32.0,310,38.4,309,72.4,23,74.3,17,16.1,43,16.1,16,97.3,260,101.3,172,108.1,290,102.9,219,74.6,347,-2.7,356,-3.1,347,-2.2,339,-1.6,320,-0.8,255,-3.9,341,1.96,78,28.2,245,50.9,138,2021,0.22961896927705472,10,15,0.4,25
250,Niagara,MAAC,9-11,-7.71,99.8,222,107.5,280,64.5,329,-.041,268,-5.72,304,96.5,335,102.2,185,+10.14,64,,MAAC,64.5,329,99.8,222,46.6,301,15.2,11,23.4,292,34.6,85,107.5,280,49.5,141,20.1,90,28.4,193,32.5,197,64.5,329,65.6,318,19.0,323,17.7,255,99.8,222,99.1,212,107.5,280,99.5,118,75.7,316,-0.8,292,-0.9,258,-0.8,271,-0.1,199,-0.9,268,-3.1,334,1.72,130,33.2,121,68.3,25,2021,0.2984456280774201,9,11,0.45,20
196,Nicholls St.,Slnd,18-7,-3.35,100.4,209,103.7,204,71.6,42,+.121,8,-6.96,320,98.6,304,105.6,323,+8.56,80,,Slnd,71.6,42,100.4,209,51.0,119,17.7,107,28.9,136,27.8,273,103.7,204,49.2,133,20.7,71,28.4,192,34.3,247,71.6,42,73.9,20,15.6,22,16.6,52,100.4,209,103.0,138,103.7,204,98.7,95,76.1,293,-0.4,228,+0.2,132,-1.0,296,-1.4,316,-1.5,306,-0.6,230,2.34,17,28.2,242,35.9,260,2021,0.40807983459992675,18,7,0.72,25
210,Norfolk St.,MEAC,17-8,-4.47,99.1,234,103.6,199,67.5,211,+.090,21,-7.09,322,98.1,318,105.2,310,-0.76,231,16,MEAC,67.5,211,99.1,234,48.7,230,17.6,102,27.8,175,37.1,45,103.6,199,47.5,55,20.4,82,29.3,229,40.6,325,67.5,211,71.8,65,17.6,211,16.2,23,99.1,234,101.8,159,103.6,199,98.3,86,76.6,228,-0.6,256,-0.5,221,-0.7,245,-0.3,211,-0.3,217,+0.1,176,1.35,228,40.6,17,52.2,126,2021,0.3750316191591137,17,8,0.68,25
273,North Alabama,ASun,13-11,-10.48,94.7,297,105.2,232,70.6,75,+.051,66,-4.68,285,100.6,251,105.3,313,+2.80,170,,ASun,70.6,75,94.7,297,48.2,256,20.3,245,26.1,228,28.3,257,105.2,232,51.3,227,18.7,170,24.1,35,35.7,277,70.6,75,70.1,126,16.2,55,17.8,274,94.7,297,96.8,262,105.2,232,102.4,203,76.0,299,-1.4,338,-2.1,337,-0.7,256,+0.0,181,-0.2,206,-1.6,298,1.59,164,35.2,78,64.7,37,2021,0.22983963172621666,13,11,0.5416666666666666,24
34,North Carolina,ACC,18-11,+18.62,110.3,52,91.7,27,71.5,43,-.005,194,+14.79,34,110.9,21,96.1,62,+8.20,87,8,ACC,71.5,43,110.3,52,48.3,251,20.3,252,40.9,1,34.2,98,91.7,27,49.1,128,19.0,146,26.4,112,26.9,60,71.5,43,71.7,72,15.7,25,17.7,262,110.3,52,104.7,98,91.7,27,97.7,73,78.8,7,+2.6,4,+2.1,21,+3.1,1,+2.2,5,+1.1,53,+1.0,103,1.19,263,34.8,84,47.0,159,2021,0.8931985878804339,18,11,0.6206896551724138,29
283,North Carolina A&T,MEAC,11-10,-11.09,95.6,284,106.7,268,70.6,73,+.078,32,-4.98,288,97.8,321,102.8,212,+2.87,169,,MEAC,70.6,73,95.6,284,45.4,321,18.7,160,27.6,180,35.8,65,106.7,268,52.0,253,23.9,7,36.1,346,31.2,166,70.6,73,73.2,30,16.6,97,16.2,20,95.6,284,94.3,297,106.7,268,101.8,181,76.0,296,-0.2,207,-0.5,212,+0.1,174,-1.8,331,-1.1,282,-1.1,269,1.69,137,45.9,2,54.3,105,2021,0.22041391812796524,11,10,0.5238095238095238,21
330,North Carolina Central,MEAC,5-9,-16.21,93.3,311,109.5,311,65.9,287,+.033,100,-6.13,310,96.5,336,102.6,206,+12.85,39,,MEAC,65.9,287,93.3,311,46.9,295,21.4,295,26.4,214,34.5,89,109.5,311,51.0,215,20.8,66,33.6,336,38.3,305,65.9,287,68.7,187,17.7,228,17.2,158,93.3,311,93.5,306,109.5,311,104.5,250,75.2,336,-1.7,350,-1.1,289,-2.3,342,-1.4,317,-1.8,319,-1.9,308,1.59,171,39.5,23,60.3,63,2021,0.1369093053330763,5,9,0.35714285714285715,14
272,North Dakota,Sum,9-17,-10.39,97.7,254,108.1,291,67.1,229,+.077,33,+0.98,181,104.3,152,103.3,233,+5.95,117,,Sum,67.1,229,97.7,254,49.4,199,18.7,163,23.5,290,34.6,84,108.1,291,53.2,301,16.9,285,26.6,125,30.4,151,67.1,229,68.9,183,17.5,199,17.3,164,97.7,254,98.0,236,108.1,291,108.1,303,77.3,117,+0.4,103,-0.1,163,+0.9,68,-0.3,220,+0.1,164,+1.3,73,0.96,307,32.0,151,29.8,290,2021,0.23807100410361356,9,17,0.34615384615384615,26
139,North Dakota St.,Sum,15-12,+2.84,103.7,144,100.9,143,64.6,327,-.033,254,+1.30,176,104.4,148,103.1,222,+10.84,55,,Sum,64.6,327,103.7,144,50.4,156,18.7,164,28.7,146,33.6,117,100.9,143,49.9,168,13.8,344,19.7,1,26.3,50,64.6,327,66.6,287,19.2,330,16.6,55,103.7,144,104.3,103,100.9,143,100.8,147,78.1,30,+0.9,63,+0.9,67,+0.9,65,+1.0,51,+1.8,25,+1.2,90,1.38,222,26.0,284,37.7,247,2021,0.5780516132215726,15,12,0.5555555555555556,27
297,North Florida,ASun,8-15,-12.34,101.9,176,114.2,352,66.5,260,+.036,94,-1.84,219,100.7,247,102.5,201,+4.38,146,,ASun,66.5,260,101.9,176,52.7,61,21.5,302,25.8,235,25.4,317,114.2,352,50.3,182,16.2,309,35.8,345,31.8,180,66.5,260,68.1,217,17.8,232,17.2,152,101.9,176,100.8,182,114.2,352,111.0,331,77.4,103,+0.2,126,-0.0,158,+0.5,100,+1.6,22,-0.2,204,+0.5,151,1.06,291,35.5,74,36.3,255,2021,0.21239773361067482,8,15,0.34782608695652173,23
72,North Texas,CUSA,18-10,+11.76,106.7,101,95.0,48,62.7,350,-.018,222,+6.35,109,105.0,126,98.6,111,+6.16,113,13,CUSA,62.7,350,106.7,101,53.8,40,19.8,220,27.9,167,27.0,286,95.0,48,46.4,28,20.9,65,27.7,160,30.6,157,62.7,350,64.6,335,19.3,331,17.6,239,106.7,101,104.4,102,95.0,48,95.2,39,77.0,156,-0.2,205,+0.6,94,-1.0,292,-0.6,257,+0.7,105,+0.8,120,1.42,213,25.9,287,55.9,98,2021,0.7917751702106415,18,10,0.6428571428571429,28
168,Northeastern,CAA,10-9,-0.10,98.5,242,98.6,108,67.0,236,+.056,58,+3.03,149,105.2,119,102.2,183,+15.12,24,,CAA,67.0,236,98.5,242,51.6,93,19.5,203,20.2,333,26.1,304,98.6,108,48.3,90,17.2,270,26.3,108,29.3,122,67.0,236,68.3,210,18.2,272,16.8,76,98.5,242,97.9,239,98.6,108,99.3,109,77.5,83,-0.3,212,-0.7,245,+0.2,141,+1.6,21,+2.2,11,-0.2,197,1.02,299,29.4,212,41.1,224,2021,0.4970827319908833,10,9,0.5263157894736842,19
319,Northern Arizona,BSky,6-16,-14.31,98.4,244,112.7,344,63.9,339,+.038,89,+1.69,169,103.4,171,101.7,170,+12.79,40,,BSky,63.9,339,98.4,244,48.0,262,17.9,118,23.8,281,30.4,200,112.7,344,58.2,344,18.4,197,27.9,172,33.2,209,63.9,339,65.3,324,19.2,327,17.3,171,98.4,244,96.4,270,112.7,344,113.5,340,77.5,85,-0.1,196,-0.5,222,+0.2,132,+1.1,49,+1.0,66,+1.3,73,1.40,217,35.1,80,46.1,173,2021,0.1735865177890219,6,16,0.2727272727272727,22
228,Northern Colorado,BSky,11-11,-6.19,99.0,238,105.1,231,67.8,189,-.004,192,-2.05,222,100.8,245,102.9,215,+14.75,26,,BSky,67.8,189,99.0,238,51.3,103,20.6,260,24.7,253,32.3,155,105.1,231,49.2,130,15.9,321,24.4,46,34.8,255,67.8,189,68.5,198,18.1,262,17.2,157,99.0,238,98.6,220,105.1,231,102.0,185,76.8,198,-0.0,177,-0.2,179,+0.1,166,-0.5,247,-1.0,273,+0.8,124,1.63,152,26.2,280,53.1,119,2021,0.3345643014868266,11,11,0.5,22
337,Northern Illinois,MAC,3-16,-17.94,93.3,312,111.2,328,65.4,312,-.003,187,+2.98,152,105.4,117,102.4,193,-5.23,288,,MAC,65.4,312,93.3,312,44.4,335,20.2,243,32.7,39,23.9,331,111.2,328,54.7,327,17.1,280,31.2,286,33.8,232,65.4,312,67.5,254,17.7,226,17.7,256,93.3,312,91.9,320,111.2,328,113.6,341,76.6,219,-0.1,181,-0.7,241,+0.5,92,-0.5,235,-1.0,278,+0.2,170,1.06,292,36.5,54,44.0,191,2021,0.11728783304247103,3,16,0.15789473684210525,19
163,Northern Iowa,MVC,10-15,+0.34,103.3,155,103.0,190,68.8,139,-.022,229,+7.13,104,105.2,121,98.0,101,+14.82,25,,MVC,68.8,139,103.3,155,50.0,170,19.1,179,26.4,216,26.5,296,103.0,190,52.9,286,16.8,290,21.9,6,27.7,80,68.8,139,68.3,206,17.5,197,17.6,236,103.3,155,98.7,219,103.0,190,105.0,258,76.7,203,-0.6,257,-0.4,202,-0.8,269,-0.0,187,+0.9,70,-0.6,235,1.66,147,25.6,293,43.8,192,2021,0.5083608358003605,10,15,0.4,25
206,Northern Kentucky,Horz,14-11,-4.17,103.8,142,108.0,286,64.7,323,+.056,59,-2.82,242,102.2,205,105.0,306,+3.87,154,,Horz,64.7,323,103.8,142,50.6,131,18.6,156,34.9,15,27.8,274,108.0,286,51.7,244,18.9,159,32.7,324,32.5,196,64.7,323,66.3,297,18.2,265,17.9,298,103.8,142,106.2,75,108.0,286,106.0,281,75.7,318,-0.5,241,-0.3,192,-0.6,241,-1.3,312,-0.8,259,-3.0,330,1.16,274,27.2,269,46.4,167,2021,0.3878994408198584,14,11,0.56,25
79,Northwestern,B10,9-15,+10.97,104.3,132,93.4,37,68.4,160,-.091,331,+19.18,2,112.9,1,93.7,4,-18.34,328,,B10,68.4,160,104.3,132,50.3,163,17.2,86,19.9,335,26.8,292,93.4,37,50.2,178,17.9,226,25.9,90,33.7,228,68.4,160,69.3,168,16.4,65,18.1,315,104.3,132,98.0,235,93.4,37,101.7,179,77.9,42,+1.3,40,+0.9,67,+1.7,29,+0.5,104,+0.6,112,+1.3,70,1.72,132,32.2,142,64.7,38,2021,0.7806349162559826,9,15,0.375,24
317,Northwestern St.,Slnd,11-18,-14.21,96.7,273,110.9,327,70.8,62,+.077,34,-3.41,254,101.1,238,104.5,284,+15.36,22,,Slnd,70.8,62,96.7,273,48.9,220,19.5,202,26.2,226,30.1,208,110.9,327,53.5,306,18.0,217,31.7,302,35.1,260,70.8,62,73.6,27,16.5,82,15.9,4,96.7,273,97.7,243,110.9,327,109.0,313,74.9,342,-0.9,297,-1.1,293,-0.7,244,-2.6,345,-1.4,299,-4.1,344,1.38,223,45.1,4,63.1,51,2021,0.17140843153910681,11,18,0.3793103448275862,29
85,Notre Dame,ACC,11-15,+10.03,113.8,21,103.7,203,67.2,227,-.029,248,+14.31,42,110.7,24,96.4,65,+13.83,28,,ACC,67.2,227,113.8,21,53.9,39,15.7,26,22.0,318,25.9,308,103.7,203,50.8,202,12.7,346,29.8,247,19.7,1,67.2,227,67.4,257,17.4,193,18.1,317,113.8,21,108.0,48,103.7,203,110.4,327,78.6,13,+1.7,24,+1.5,42,+1.8,23,+0.9,64,+1.9,16,+2.4,11,2.32,19,20.2,334,52.1,127,2021,0.7443714342992523,11,15,0.4230769230769231,26
221,Oakland,Horz,12-18,-5.28,103.9,140,109.2,306,69.6,104,+.046,79,+2.29,164,105.4,115,103.1,227,+19.69,12,,Horz,69.6,104,103.9,140,48.7,232,17.8,115,30.0,106,33.2,125,109.2,306,55.4,334,18.7,166,33.6,338,21.3,3,69.6,104,70.7,103,17.4,191,16.6,43,103.9,140,102.8,142,109.2,306,111.4,333,75.8,310,-1.5,343,-2.2,343,-0.8,271,-0.2,201,-0.6,239,-1.6,293,1.05,294,20.4,333,32.6,276,2021,0.36074089481753946,12,18,0.4,30
81,Ohio,MAC,17-8,+10.47,111.4,40,100.9,145,69.2,123,+.031,104,+5.23,126,106.1,99,100.9,142,+1.20,200,13,MAC,69.2,123,111.4,40,54.7,26,17.1,79,28.6,147,29.3,234,100.9,145,50.7,198,19.2,140,26.7,129,29.3,119,69.2,123,71.3,87,17.1,148,16.6,47,111.4,40,110.5,22,100.9,145,102.2,193,76.9,168,-0.1,179,-0.8,256,+0.7,75,-0.3,222,+0.2,158,+0.4,158,1.82,103,24.6,307,57.3,83,2021,0.7573986370815757,17,8,0.68,25
11,Ohio St.,B10,21-10,+23.58,120.7,4,97.1,82,66.7,251,-.012,212,+17.90,9,111.6,10,93.7,5,+3.47,164,2,B10,66.7,251,120.7,4,52.9,58,15.5,18,29.3,119,37.2,40,97.1,82,48.7,108,14.7,337,27.0,141,33.5,219,66.7,251,67.6,245,18.2,277,17.3,168,120.7,4,112.9,10,97.1,82,104.1,243,77.5,91,-0.4,233,-1.1,273,+0.3,128,+1.7,19,+1.1,56,+1.0,107,2.07,54,29.6,207,46.3,168,2021,0.9242831442627686,21,10,0.6774193548387096,31
39,Oklahoma,B12,16-11,+17.06,112.1,35,95.1,51,67.1,228,-.025,238,+14.29,43,109.5,47,95.2,34,+1.93,192,8,B12,67.1,228,112.1,35,50.8,126,15.7,24,27.0,192,29.3,233,95.1,51,49.1,127,18.5,189,27.7,162,23.7,21,67.1,228,69.1,180,17.4,186,17.4,182,112.1,35,106.1,79,95.1,51,99.7,124,76.9,176,-0.1,186,+0.3,121,-0.5,227,-0.1,200,-0.6,242,+0.6,137,2.16,40,31.8,157,63.9,48,2021,0.8689056377807688,16,11,0.5925925925925926,27
33,Oklahoma St.,B12,21-9,+18.95,109.6,60,90.7,17,72.4,24,+.038,90,+15.52,27,111.1,18,95.6,47,+5.81,121,4,B12,72.4,24,109.6,60,51.2,114,21.0,279,31.4,68,37.6,36,90.7,17,47.1,44,19.7,117,30.1,257,31.3,168,72.4,24,73.0,34,15.7,26,17.2,160,109.6,60,103.0,135,90.7,17,97.8,75,77.6,76,+0.3,112,-0.3,191,+0.9,63,+0.6,95,+0.5,127,+1.8,37,1.00,301,34.2,99,30.2,288,2021,0.898139411141664,21,9,0.7,30
152,Old Dominion,CUSA,15-8,+1.20,101.0,196,99.9,126,67.4,217,+.140,5,+2.72,157,102.8,185,100.1,135,+5.55,128,,CUSA,67.4,217,101.0,196,48.6,234,18.5,154,27.8,172,31.3,175,99.9,126,50.0,171,19.5,129,25.9,89,29.4,126,67.4,217,68.2,212,17.8,238,17.4,203,101.0,196,99.1,213,99.9,126,99.2,107,76.9,172,-0.4,232,-1.1,273,+0.3,124,+1.0,60,+0.5,125,-0.8,255,1.75,123,32.1,147,66.8,32,2021,0.5314420959474376,15,8,0.6521739130434783,23
125,Oral Roberts,Sum,18-11,+4.83,109.3,66,104.4,219,71.4,46,+.023,125,+4.09,135,105.2,120,101.1,149,+22.06,4,15,Sum,71.4,46,109.3,66,53.0,56,15.5,16,22.7,309,27.9,270,104.4,219,50.1,175,18.4,194,33.5,334,31.6,174,71.4,46,72.7,38,16.1,41,16.9,103,109.3,66,108.0,46,104.4,219,105.8,277,76.8,179,-0.3,223,-1.1,273,+0.4,108,+0.8,73,-0.3,216,-0.2,192,1.27,245,22.3,321,33.3,272,2021,0.6288922010536702,18,11,0.6206896551724138,29
16,Oregon,P12,21-7,+21.85,117.2,10,95.4,55,67.2,226,+.049,72,+15.20,30,110.6,26,95.4,43,+3.72,160,7,P12,67.2,226,117.2,10,54.2,32,16.7,66,29.1,130,26.0,306,95.4,55,50.8,200,20.2,86,27.7,158,26.7,55,67.2,226,68.1,223,17.4,182,17.8,280,117.2,10,110.1,24,95.4,55,101.0,152,77.5,88,-1.2,321,-1.5,318,-0.8,271,+1.1,37,+2.6,4,+1.6,44,2.42,13,28.5,237,34.4,266,2021,0.914255484799374,21,7,0.75,28
43,Oregon St.,P12,20-13,+16.40,112.1,36,95.7,60,65.5,306,+.072,40,+16.72,16,111.2,15,94.5,21,-4.52,278,12,P12,65.5,306,112.1,36,49.0,215,17.6,103,29.9,107,34.9,79,95.7,60,48.6,106,17.9,233,29.9,250,38.5,311,65.5,306,65.8,316,18.9,316,17.6,234,112.1,36,104.3,104,95.7,60,103.3,229,78.2,22,+1.3,38,+2.1,20,+0.6,90,+0.3,132,+1.4,41,+2.3,12,1.86,97,29.6,206,47.9,155,2021,0.8604448745328285,20,13,0.6060606060606061,33
117,Pacific,WCC,9-9,+5.48,103.5,150,98.1,98,67.0,237,+.021,130,+9.97,84,107.6,80,97.6,89,+5.11,134,,WCC,67.0,237,103.5,150,47.8,270,16.6,59,27.4,183,26.8,291,98.1,98,51.6,239,18.4,200,23.7,29,33.2,211,67.0,237,68.7,192,18.2,274,17.1,135,103.5,150,97.9,237,98.1,98,101.3,162,76.8,185,-0.3,211,-0.1,176,-0.4,215,-0.4,227,+0.2,154,+0.3,166,1.41,215,27.2,268,48.1,153,2021,0.6493580928983589,9,9,0.5,18
219,Penn,Ivy,0-0,-5.13,100.2,216,105.3,236,69.2,124,+.000,173,-99.00,348,0.0,348,200.0,348,-99.00,331,,Ivy,69.2,124,100.2,216,0.0,348,100.0,348,0.0,348,0.0,348,105.3,236,100.0,348,0.0,348,100.0,348,100.0,348,69.2,124,0.0,348,0.0,1,0.0,1,100.2,216,0.0,348,105.3,236,200.0,348,0.0,348,+0.0,160,-99.0,348,-99.0,348,-99.0,348,-99.0,348,-99.0,348,0.00,348,0.0,348,0.0,344,2021,0.3610245320175772,0,0,,0
40,Penn St.,B10,11-14,+17.03,112.2,34,95.2,52,69.1,125,-.050,286,+19.38,1,112.2,6,92.8,1,+11.55,47,,B10,69.1,125,112.2,34,47.9,268,16.3,45,31.9,59,27.8,272,95.2,52,53.0,294,19.7,114,24.8,57,33.5,223,69.1,125,69.7,151,16.6,92,18.0,310,112.2,34,103.1,132,95.2,52,103.5,232,76.1,288,-1.1,315,-0.5,219,-1.7,332,-0.9,294,-0.7,248,-0.2,195,2.14,41,28.4,238,64.6,41,2021,0.8686968096879737,11,14,0.44,25
90,Pepperdine,WCC,15-12,+9.04,108.3,79,99.3,120,71.4,47,+.002,169,+9.52,86,107.1,84,97.6,90,+9.71,68,,WCC,71.4,47,108.3,79,51.2,106,17.7,108,23.7,286,31.8,161,99.3,120,50.0,170,18.1,215,26.5,122,34.0,239,71.4,47,71.8,66,15.5,20,17.7,258,108.3,79,103.3,128,99.3,120,102.4,202,76.8,195,+0.6,83,-0.1,163,+1.3,41,+0.4,113,-1.3,297,-1.0,267,2.39,14,27.6,263,63.1,52,2021,0.7306130597586207,15,12,0.5555555555555556,27
97,Pittsburgh,ACC,10-12,+8.64,108.2,81,99.5,122,68.3,165,-.068,309,+10.58,80,108.3,68,97.7,94,-4.78,281,,ACC,68.3,165,108.2,81,48.8,223,18.3,140,34.5,21,36.9,47,99.5,122,50.0,171,17.5,260,26.1,101,33.2,210,68.3,165,68.5,199,17.5,205,17.4,190,108.2,81,104.0,109,99.5,122,103.0,220,77.6,73,-0.4,226,-0.4,209,-0.3,213,+1.0,55,+1.0,63,+2.3,12,1.87,95,33.5,113,50.8,139,2021,0.7239165215453489,10,12,0.45454545454545453,22
321,Portland,WCC,6-15,-14.72,97.1,267,111.8,334,71.0,55,+.054,63,+9.28,88,106.9,88,97.6,91,+3.26,165,,WCC,71.0,55,97.1,267,46.3,306,19.0,177,17.8,343,33.9,109,111.8,334,58.9,346,17.9,234,30.8,277,23.2,13,71.0,55,72.7,37,17.1,154,15.9,5,97.1,267,91.8,323,111.8,334,116.9,345,76.0,301,-0.7,270,-0.8,257,-0.6,230,+0.2,136,-0.6,244,-3.1,332,0.75,332,34.4,97,16.3,329,2021,0.16504534931158146,6,15,0.2857142857142857,21
245,Portland St.,BSky,9-13,-7.17,93.1,314,100.3,132,69.2,116,-.135,353,-2.41,230,101.1,234,103.6,242,+10.17,63,,BSky,69.2,116,93.1,314,44.4,337,20.0,232,30.5,88,34.6,86,100.3,132,50.8,201,22.7,17,23.6,25,46.7,344,69.2,116,69.7,150,17.1,159,17.0,109,93.1,314,94.3,296,100.3,132,96.1,50,77.6,78,+0.8,69,+0.9,67,+0.7,76,+0.2,146,+0.8,94,+0.7,131,1.29,238,39.1,27,14.4,335,2021,0.2980392350757012,9,13,0.4090909090909091,22
235,Prairie View A&M,SWAC,16-5,-6.51,94.6,299,101.2,152,69.2,121,+.111,12,-13.88,346,93.3,346,107.2,345,+7.32,100,,SWAC,69.2,121,94.6,299,50.3,159,19.4,193,30.9,77,26.9,289,101.2,152,47.3,50,25.7,2,31.4,290,46.3,343,69.2,121,70.7,104,16.7,107,16.9,102,94.6,299,101.0,181,101.2,152,91.0,9,76.8,183,-0.4,230,-1.1,273,+0.3,121,+0.2,148,-0.9,267,+1.2,96,0.78,328,32.6,134,20.3,318,2021,0.315274416013101,16,5,0.7619047619047619,21
326,Presbyterian,BSth,7-15,-15.46,90.6,337,106.1,258,65.7,297,-.057,295,-6.62,318,99.0,293,105.6,324,-10.52,316,,BSth,65.7,297,90.6,337,46.7,300,23.1,334,32.6,40,35.2,77,106.1,258,52.9,288,22.3,27,28.4,190,41.7,332,65.7,297,66.3,296,18.8,312,17.2,151,90.6,337,94.5,293,106.1,258,102.1,189,77.4,109,-0.1,193,-0.4,210,+0.2,142,-0.3,210,+0.9,70,+1.9,34,0.56,340,27.0,272,16.1,330,2021,0.13989406857546227,7,15,0.3181818181818182,22
165,Princeton,Ivy,0-0,+0.03,104.0,138,103.9,209,66.6,257,+.000,173,-99.00,348,0.0,348,200.0,348,-99.00,331,,Ivy,66.6,257,104.0,138,0.0,348,100.0,348,0.0,348,0.0,348,103.9,209,100.0,348,0.0,348,100.0,348,100.0,348,66.6,257,0.0,348,0.0,1,0.0,1,104.0,138,0.0,348,103.9,209,200.0,348,0.0,348,+0.0,160,-99.0,348,-99.0,348,-99.0,348,-99.0,348,-99.0,348,0.00,348,0.0,348,0.0,344,2021,0.5027657247709648,0,0,,0
80,Providence,BE,13-13,+10.70,107.3,96,96.6,74,66.3,270,+.001,170,+13.51,49,109.4,50,95.9,54,+7.01,103,,BE,66.3,270,107.3,96,48.3,250,17.2,83,29.1,129,31.6,168,96.6,74,48.6,103,16.8,293,29.9,249,30.1,145,66.3,270,67.2,268,18.2,269,17.3,162,107.3,96,101.7,160,96.6,74,101.8,182,78.0,32,+0.8,66,+0.5,99,+1.2,47,+1.7,18,+2.0,15,+0.3,168,2.00,71,28.4,240,41.1,223,2021,0.7699579787189679,13,13,0.5,26
25,Purdue,B10,18-10,+20.33,113.3,26,92.9,34,66.1,278,+.010,148,+16.61,17,111.2,16,94.6,22,+5.71,122,4,B10,66.1,278,113.3,26,51.0,120,18.6,159,32.8,36,31.7,163,92.9,34,48.8,116,16.8,295,24.3,39,30.1,146,66.1,278,66.5,291,18.4,295,17.8,267,113.3,26,106.0,80,92.9,34,99.5,121,78.3,17,+1.8,19,+3.1,4,+0.5,101,+0.3,124,+1.3,42,+2.0,28,1.17,270,38.7,31,53.6,114,2021,0.9074532817494909,18,10,0.6428571428571429,28
280,Purdue Fort Wayne,Horz,8-15,-10.97,100.3,214,111.2,329,69.5,109,-.025,240,-3.72,264,102.2,204,105.9,333,-19.28,329,,Horz,69.5,109,100.3,214,58.2,2,23.7,340,26.2,223,30.2,205,111.2,329,52.5,272,17.1,278,30.8,278,30.4,152,69.5,109,69.6,152,16.7,106,17.8,270,100.3,214,103.9,111,111.2,329,109.6,318,77.6,71,+0.3,115,+0.5,103,+0.1,165,+0.1,149,+0.9,67,+1.9,29,1.68,139,29.2,216,45.7,176,2021,0.2339045043801668,8,15,0.34782608695652173,23
285,Quinnipiac,MAAC,9-13,-11.21,89.6,345,100.8,140,72.0,31,-.042,272,-7.27,323,97.6,324,104.9,302,-5.16,287,,MAAC,72.0,31,89.6,345,46.9,296,19.4,194,21.2,326,35.4,74,100.8,140,44.2,4,17.2,275,27.8,167,32.7,201,72.0,31,72.0,58,16.6,90,16.9,100,89.6,345,92.2,317,100.8,140,94.4,27,77.3,111,+0.4,106,+1.4,48,-0.7,252,+0.6,97,-0.1,178,+0.9,112,1.39,220,34.9,83,47.1,158,2021,0.20513484997052048,9,13,0.4090909090909091,22
243,Radford,BSth,15-12,-7.12,97.7,255,104.8,225,63.5,346,+.023,122,-4.51,281,100.1,267,104.6,291,+8.22,84,,BSth,63.5,346,97.7,255,50.5,143,23.3,335,33.4,31,40.2,15,104.8,225,49.9,167,18.0,218,24.5,50,25.1,36,63.5,346,64.5,336,19.7,339,17.4,193,97.7,255,100.2,190,104.8,225,100.4,137,75.5,329,-0.3,222,-0.5,214,-0.2,196,-0.9,288,-2.1,333,-3.5,337,0.58,338,35.7,70,14.4,336,2021,0.3085833875504405,15,12,0.5555555555555556,27
111,Rhode Island,A10,10-15,+7.21,104.7,127,97.5,89,69.0,134,-.109,344,+9.40,87,106.6,90,97.2,85,+11.37,51,,A10,69.0,134,104.7,127,49.2,207,19.7,213,30.0,105,38.9,20,97.5,89,47.8,65,17.5,255,26.6,127,33.5,220,69.0,134,70.2,122,16.9,132,17.2,149,104.7,127,99.6,204,97.5,89,99.3,108,76.4,248,+0.0,155,+0.1,148,+0.0,177,-0.1,198,-1.5,304,-1.2,273,1.72,129,38.7,30,26.6,304,2021,0.6940956934649474,10,15,0.4,25
188,Rice,CUSA,15-13,-2.31,103.9,141,106.2,261,69.3,114,+.039,88,+2.38,162,102.1,207,99.7,131,-11.86,319,,CUSA,69.3,114,103.9,141,52.6,62,20.3,251,26.2,225,26.2,298,106.2,261,51.8,245,17.2,276,27.2,146,22.0,5,69.3,114,70.6,106,17.1,152,16.7,68,103.9,141,101.4,169,106.2,261,104.8,254,77.5,96,+1.2,46,+1.6,37,+0.8,71,-0.3,219,-0.1,178,+0.8,119,1.25,250,32.8,128,26.7,303,2021,0.4373817567861277,15,13,0.5357142857142857,28
65,Richmond,A10,14-9,+12.78,110.9,46,98.1,99,68.2,169,-.061,298,+9.22,89,107.2,83,97.9,98,+10.89,54,2,A10,68.2,169,110.9,46,53.1,55,15.0,8,20.3,332,31.3,174,98.1,99,52.2,263,21.6,45,28.7,203,29.3,121,68.2,169,69.5,156,16.6,103,17.8,276,110.9,46,106.6,68,98.1,99,100.8,150,76.2,279,+0.5,89,+0.6,96,+0.5,98,+1.4,27,-2.6,345,-3.6,338,2.99,1,20.5,332,76.1,7,2021,0.8038254894302976,14,9,0.6086956521739131,23
316,Rider,MAAC,6-17,-14.19,99.5,229,113.7,350,67.6,205,-.041,269,-4.09,273,97.4,326,101.4,158,+10.52,58,,MAAC,67.6,205,99.5,229,48.3,252,18.3,142,26.2,224,29.0,240,113.7,350,53.3,303,17.3,267,26.7,132,36.0,281,67.6,205,68.7,193,17.6,209,17.6,232,99.5,229,98.0,234,113.7,350,107.3,292,76.1,285,-0.5,243,-0.3,198,-0.6,240,-1.3,313,-1.1,282,-0.6,231,1.08,287,32.8,130,19.3,323,2021,0.17738493843157616,6,17,0.2608695652173913,23
303,Robert Morris,Horz,4-15,-12.51,98.1,249,110.6,323,67.3,224,-.053,291,-0.61,197,104.7,131,105.3,315,+8.17,88,,Horz,67.3,224,98.1,249,50.5,145,19.0,176,29.5,117,26.1,302,110.6,323,54.6,325,18.7,169,33.5,335,34.6,252,67.3,224,68.4,200,17.2,163,17.7,261,98.1,249,101.5,166,110.6,323,112.7,338,75.4,332,-1.0,304,-1.5,321,-0.5,221,-1.8,334,-2.4,336,-1.2,276,1.76,122,36.0,61,48.0,154,2021,0.2011332866688496,4,15,0.21052631578947367,19
38,Rutgers,B10,16-12,+17.48,108.1,82,90.6,16,67.4,214,+.027,113,+17.99,7,112.4,3,94.4,19,-5.69,294,10,B10,67.4,214,108.1,82,50.1,168,16.8,67,27.7,176,27.1,281,90.6,16,47.3,49,18.9,156,29.7,245,32.4,194,67.4,214,68.1,216,17.2,166,17.9,290,108.1,82,101.0,180,90.6,16,98.8,100,77.9,43,+0.7,77,+1.8,30,-0.4,219,+1.0,56,+0.9,70,+1.7,38,2.31,20,26.2,279,77.8,5,2021,0.8840063587891982,16,12,0.5714285714285714,28
323,SIU Edwardsville,OVC,9-17,-14.80,92.6,319,107.4,279,68.2,172,+.008,155,-2.48,232,101.3,228,103.8,251,+3.48,163,,OVC,68.2,172,92.6,319,49.2,204,22.9,331,26.6,205,33.2,127,107.4,279,52.6,280,19.6,121,31.9,308,33.7,226,68.2,172,69.5,162,17.9,247,16.6,45,92.6,319,93.9,302,107.4,279,106.8,284,76.4,253,-0.9,294,-1.9,335,+0.1,163,-0.1,195,-0.8,258,-0.1,185,0.83,319,33.4,117,31.8,279,2021,0.15379814105610715,9,17,0.34615384615384615,26
56,SMU,Amer,11-6,+14.07,110.8,47,96.8,76,68.8,141,-.012,210,+8.72,95,105.0,127,96.2,64,-8.32,310,3,Amer,68.8,141,110.8,47,52.2,79,19.8,222,30.1,101,31.2,178,96.8,76,47.3,52,20.2,87,29.2,225,35.2,266,68.8,141,70.8,100,16.1,48,17.6,241,110.8,47,105.2,90,96.8,76,96.6,59,77.2,131,+1.1,53,+0.7,88,+1.5,34,-0.1,189,+0.6,117,-1.3,278,2.12,44,32.0,149,63.2,50,2021,0.825406772780787,11,6,0.6470588235294118,17
254,Sacramento St.,BSky,8-12,-7.93,102.4,168,110.3,318,65.3,313,-.030,250,+0.63,188,103.2,178,102.5,199,+4.37,147,,BSky,65.3,313,102.4,168,50.6,135,14.9,6,24.5,259,31.5,173,110.3,318,55.6,339,18.8,163,28.0,174,32.0,185,65.3,313,66.0,309,18.6,305,17.8,284,102.4,168,103.6,118,110.3,318,109.8,321,76.8,196,-1.2,326,-1.8,332,-0.7,243,+0.2,140,-0.1,178,+1.6,51,1.73,128,25.9,288,41.0,227,2021,0.2984587523093571,8,12,0.4,20
324,Sacred Heart,NEC,9-9,-15.26,98.2,248,113.5,348,66.2,272,+.130,6,-7.28,326,98.1,317,105.4,319,+22.79,2,,NEC,66.2,272,98.2,248,48.0,259,18.7,161,29.6,115,33.6,118,113.5,348,50.7,195,15.3,331,31.8,305,27.6,77,66.2,272,68.0,227,17.8,239,17.4,217,98.2,248,101.1,177,113.5,348,108.7,310,75.4,333,-1.8,351,-2.1,337,-1.5,329,-1.9,335,-1.3,294,-0.7,238,0.94,309,31.4,164,24.1,309,2021,0.15907039025168096,9,9,0.5,18
202,Saint Joseph's,A10,5-15,-3.98,101.2,194,105.1,230,72.1,30,+.027,115,+10.62,79,107.8,78,97.2,83,+15.47,21,,A10,72.1,30,101.2,194,48.6,240,18.7,162,21.8,321,26.7,294,105.1,230,53.6,308,17.2,273,30.9,280,31.4,170,72.1,30,72.9,35,16.4,68,16.5,39,101.2,194,95.7,276,105.1,230,109.9,322,78.0,35,+0.0,158,-0.3,188,+0.3,123,+0.2,142,+1.9,16,+3.3,4,1.70,135,34.6,89,40.2,235,2021,0.39296748295548123,5,15,0.25,20
53,Saint Louis,A10,14-7,+14.37,110.4,50,96.0,65,68.0,184,-.037,263,+5.58,121,104.7,133,99.1,116,-1.43,244,1,A10,68.0,184,110.4,50,51.6,94,17.8,111,35.8,9,29.8,222,96.0,65,48.3,91,19.9,102,22.0,9,36.7,291,68.0,184,68.6,195,16.8,127,17.9,292,110.4,50,109.3,33,96.0,65,95.2,38,76.3,257,-1.0,307,-1.2,299,-0.8,286,-0.7,268,-0.1,199,-0.0,182,2.22,31,30.6,180,71.4,16,2021,0.8330309509563294,14,7,0.6666666666666666,21
75,Saint Mary's,WCC,14-10,+11.68,101.8,178,90.2,13,62.9,348,+.037,92,+10.85,76,108.8,62,98.0,100,+2.91,168,2,WCC,62.9,348,101.8,178,47.8,269,17.0,76,25.8,236,27.7,276,90.2,13,47.7,62,18.4,201,21.9,7,28.0,89,62.9,348,65.8,315,20.2,345,16.2,21,101.8,178,97.8,241,90.2,13,95.1,37,77.7,70,+0.9,65,+0.9,67,+0.8,69,+1.1,36,-0.5,231,+1.3,73,1.28,242,28.1,253,40.6,231,2021,0.8007961560659757,14,10,0.5833333333333334,24
222,Saint Peter's,MAAC,14-11,-5.37,90.4,339,95.8,61,66.7,253,-.006,197,-6.37,316,98.3,311,104.6,294,+3.94,153,,MAAC,66.7,253,90.4,339,45.6,317,21.8,313,30.4,94,32.7,146,95.8,61,44.9,8,22.5,20,27.8,164,39.5,319,66.7,253,68.0,225,17.8,240,17.4,187,90.4,339,92.9,315,95.8,61,90.2,8,75.8,311,-1.1,314,-2.1,337,-0.1,184,-1.8,333,-0.8,260,-0.6,236,1.22,254,30.4,186,58.4,76,2021,0.33912144579663034,14,11,0.56,25
180,Sam Houston St.,Slnd,19-9,-1.06,101.3,193,102.3,179,70.9,57,+.092,20,-2.65,238,100.4,255,103.1,223,+15.53,19,,Slnd,70.9,57,101.3,193,50.4,153,20.3,244,29.3,118,30.0,212,102.3,179,48.5,101,22.0,37,32.7,325,39.5,318,70.9,57,73.4,28,16.0,39,16.5,42,101.3,193,101.5,165,102.3,179,99.4,112,75.1,337,-2.5,355,-2.0,336,-3.0,346,-2.5,344,-1.1,282,-0.3,210,0.71,334,30.4,189,26.2,305,2021,0.4717881187567937,19,9,0.6785714285714286,28
264,Samford,SC,6-13,-9.49,96.5,276,106.0,257,72.7,17,-.035,255,+2.79,155,104.1,157,101.3,156,-3.32,262,,SC,72.7,17,96.5,276,47.9,267,21.4,294,28.8,140,27.1,282,106.0,257,52.8,284,18.4,193,25.5,76,37.9,300,72.7,17,74.4,13,15.7,24,16.5,35,96.5,276,95.2,285,106.0,257,105.1,259,76.6,218,-0.4,234,+0.2,135,-1.0,295,-1.0,297,-0.3,211,+0.7,133,1.50,195,45.1,3,11.2,340,2021,0.2535429229643927,6,13,0.3157894736842105,19
195,San Diego,WCC,3-11,-3.22,97.4,259,100.7,137,70.2,84,-.025,239,+10.79,77,108.1,71,97.3,87,+9.58,69,,WCC,70.2,84,97.4,259,46.4,304,18.0,124,20.9,327,25.6,313,100.7,137,53.3,302,18.2,204,25.6,82,33.8,234,70.2,84,72.2,51,16.9,134,16.1,14,97.4,259,91.0,331,100.7,137,105.7,274,77.6,80,+0.7,78,+1.2,55,+0.2,142,-0.8,271,+0.8,95,+1.9,31,2.07,57,37.4,43,44.8,185,2021,0.4053612883468188,3,11,0.21428571428571427,14
30,San Diego St.,MWC,23-5,+19.88,111.0,45,91.1,21,65.5,307,+.027,114,+7.22,103,106.4,97,99.2,117,+13.66,31,6,MWC,65.5,307,111.0,45,52.4,70,16.7,61,30.1,103,33.2,124,91.1,21,47.5,56,22.4,25,24.3,42,32.5,199,65.5,307,66.6,286,16.9,131,18.8,345,111.0,45,109.6,30,91.1,21,92.9,13,76.6,231,-0.1,192,+0.3,120,-0.6,236,+0.9,67,-0.1,178,-2.3,320,2.25,28,35.0,82,49.7,146,2021,0.9065383858300942,23,5,0.8214285714285714,28
93,San Francisco,WCC,11-14,+8.86,106.9,100,98.0,96,67.7,197,-.104,342,+8.22,101,106.8,89,98.5,110,+5.87,120,,WCC,67.7,197,106.9,100,51.2,109,16.9,75,24.8,250,21.4,344,98.0,96,49.8,162,19.8,110,24.7,52,39.9,321,67.7,197,69.5,155,17.7,220,16.8,82,106.9,100,102.8,141,98.0,96,100.1,132,77.8,53,+1.4,34,+0.8,78,+2.0,12,+2.1,9,-0.9,270,+0.6,148,1.53,186,26.5,275,46.9,161,2021,0.7309903296751304,11,14,0.44,25
333,San Jose St.,MWC,5-16,-16.79,95.5,285,112.3,338,71.8,38,+.006,161,+5.92,117,104.0,161,98.1,104,+2.69,174,,MWC,71.8,38,95.5,285,44.7,332,17.8,113,20.0,334,30.0,211,112.3,338,52.6,278,14.5,339,35.1,342,27.6,76,71.8,38,71.7,73,16.4,62,16.9,95,95.5,285,89.8,334,112.3,338,114.6,342,77.7,66,+0.1,140,+0.4,118,-0.1,192,+1.1,37,+0.6,113,+1.9,32,0.80,323,32.4,137,37.7,246,2021,0.1342900900920625,5,16,0.23809523809523808,21
145,Santa Clara,WCC,12-8,+1.94,100.4,208,98.5,105,70.4,81,+.147,3,+5.78,119,104.5,143,98.7,112,+0.73,205,,WCC,70.4,81,100.4,208,47.7,275,17.9,116,23.0,301,39.9,16,98.5,105,47.4,53,16.9,288,24.9,58,30.1,143,70.4,81,71.8,68,15.7,23,17.7,254,100.4,208,95.9,274,98.5,105,98.8,96,79.0,4,+1.6,27,+1.4,50,+1.8,20,+2.0,12,+2.5,7,+2.9,5,2.05,60,30.7,177,63.1,53,2021,0.5547088588426901,12,8,0.6,20
213,Seattle,WAC,12-11,-4.96,98.6,241,103.5,197,68.8,140,-.036,258,-1.24,209,102.7,189,103.9,259,-1.33,242,,WAC,68.8,140,98.6,241,46.5,303,15.7,23,26.3,219,28.4,252,103.5,197,50.5,191,21.7,44,30.1,256,40.4,322,68.8,140,70.4,112,17.3,171,17.0,108,98.6,241,99.0,214,103.5,197,101.5,170,76.3,258,-0.4,236,-1.1,273,+0.2,130,+1.1,37,-0.6,245,-2.6,323,0.85,315,22.6,319,23.1,310,2021,0.3640672911699312,12,11,0.5217391304347826,23
54,Seton Hall,BE,14-13,+14.36,110.3,51,95.9,63,66.5,264,-.027,245,+14.43,40,109.7,41,95.3,40,+11.86,44,,BE,66.5,264,110.3,51,50.0,171,18.9,171,29.6,114,35.7,67,95.9,63,49.4,140,19.2,143,29.8,246,27.3,66,66.5,264,67.8,232,17.3,170,18.0,306,110.3,51,103.5,121,95.9,63,101.2,158,79.2,3,+3.3,1,+3.6,2,+3.0,2,+1.1,37,+2.4,8,+1.2,91,2.26,26,24.2,312,51.6,131,2021,0.8332483782152682,14,13,0.5185185185185185,27
186,Siena,MAAC,12-5,-2.05,99.8,224,101.8,163,66.2,273,-.057,296,-7.28,325,96.7,332,104.0,262,-99.00,331,,MAAC,66.2,273,99.8,224,52.0,83,19.5,198,28.0,165,37.2,38,101.8,163,46.0,21,17.8,240,27.1,142,24.7,30,66.2,273,66.2,301,18.9,314,17.6,237,99.8,224,102.0,152,101.8,163,95.0,36,76.7,207,+0.0,170,-0.2,178,+0.2,142,+0.6,101,-0.9,261,-0.7,241,1.77,117,22.3,322,44.5,187,2021,0.4432007117940017,12,5,0.7058823529411765,17
217,South Alabama,SB,17-11,-5.08,103.3,157,108.4,294,66.5,261,+.043,84,-3.09,247,99.2,290,102.3,189,-1.13,238,,SB,66.5,261,103.3,157,50.8,124,17.7,110,26.4,212,31.0,182,108.4,294,49.7,154,19.4,133,33.0,328,24.6,28,66.5,261,67.6,248,17.0,146,18.3,336,103.3,157,103.8,116,108.4,294,103.9,239,75.8,308,-1.1,311,-1.3,309,-0.8,266,-1.1,304,-1.6,309,-0.5,225,1.69,138,18.6,343,18.0,325,2021,0.36489210328085137,17,11,0.6071428571428571,28
124,South Carolina,SEC,6-15,+4.96,103.9,139,98.9,113,74.6,3,-.055,293,+15.42,29,109.7,44,94.2,14,+9.09,74,,SEC,74.6,3,103.9,139,46.7,298,19.8,223,32.2,51,27.9,265,98.9,113,53.2,299,22.0,36,31.3,287,39.0,314,74.6,3,75.3,7,15.2,12,16.7,64,103.9,139,96.3,272,98.9,113,105.1,260,77.5,82,-0.7,266,-0.5,213,-0.8,271,+1.1,37,+1.3,44,+2.0,26,1.68,140,35.7,68,66.7,33,2021,0.638111316263262,6,15,0.2857142857142857,21
353,South Carolina St.,MEAC,1-17,-25.23,87.2,351,112.4,339,71.6,40,-.109,346,-4.49,279,98.3,310,102.8,213,+2.06,189,,MEAC,71.6,40,87.2,351,44.9,330,23.9,344,26.2,220,27.8,275,112.4,339,55.6,338,22.6,19,33.4,333,35.7,275,71.6,40,72.4,45,16.6,89,16.4,27,87.2,351,84.3,343,112.4,339,108.2,304,76.6,226,+0.1,139,+0.8,77,-0.6,234,-0.1,193,-1.2,291,-0.6,233,0.40,343,44.1,8,13.9,337,2021,0.051203547368097284,1,17,0.05555555555555555,18
159,South Dakota,Sum,14-11,+0.64,107.3,97,106.6,267,68.9,136,-.015,216,+0.22,191,103.3,173,103.1,226,+10.69,57,,Sum,68.9,136,107.3,97,53.2,48,15.3,14,21.7,323,33.1,129,106.6,267,49.5,144,15.4,328,24.4,47,35.3,269,68.9,136,70.1,127,17.4,180,16.9,93,107.3,97,107.9,50,106.6,267,104.8,255,76.5,239,-0.8,286,-0.2,182,-1.4,326,-0.9,291,-0.2,207,+0.5,152,0.78,329,29.1,219,22.6,311,2021,0.5188083925040741,14,11,0.56,25
113,South Dakota St.,Sum,16-7,+6.85,111.5,39,104.6,222,70.9,59,+.008,153,+1.43,173,103.6,165,102.2,184,+8.01,92,,Sum,70.9,59,111.5,39,56.5,6,17.3,95,24.0,276,38.0,29,104.6,222,51.2,222,15.3,330,21.1,4,26.3,53,70.9,59,71.8,67,15.9,33,17.4,188,111.5,39,111.3,19,104.6,222,103.6,234,77.2,127,-0.5,248,-1.2,297,+0.1,169,+0.8,72,+0.9,70,+0.9,110,1.62,157,30.5,184,73.0,14,2021,0.6758208983197663,16,7,0.6956521739130435,23
170,South Florida,Amer,9-13,-0.14,100.8,200,101.0,147,66.8,247,+.049,73,+10.01,83,106.1,98,96.1,61,+2.23,185,,Amer,66.8,247,100.8,200,45.1,328,20.8,273,33.8,28,34.5,87,101.0,147,51.7,242,17.8,244,26.5,121,33.5,217,66.8,247,67.7,241,18.0,253,17.2,159,100.8,200,94.6,290,101.0,147,104.4,247,78.2,23,+1.4,35,+2.4,17,+0.4,106,+0.8,71,+1.0,62,+1.6,46,2.07,55,36.7,49,60.7,61,2021,0.4943015332825434,9,13,0.4090909090909091,22
269,Southeast Missouri St.,OVC,11-16,-10.05,95.5,287,105.5,242,68.4,158,-.003,185,-4.48,278,99.9,270,104.3,277,-0.50,224,,OVC,68.4,158,95.5,287,49.9,177,21.7,311,27.6,178,40.5,12,105.5,242,51.9,251,19.7,119,23.6,26,38.9,313,68.4,158,68.9,185,17.2,168,17.3,167,95.5,287,97.5,247,105.5,242,101.4,164,76.3,264,-1.3,329,-1.3,307,-1.2,312,-0.7,265,-0.5,237,+0.6,144,0.88,312,33.9,106,29.7,291,2021,0.24136249926614534,11,16,0.4074074074074074,27
336,Southeastern Louisiana,Slnd,8-18,-17.92,92.9,318,110.8,325,68.6,150,+.043,83,-5.13,292,100.2,261,105.4,317,+5.34,131,,Slnd,68.6,150,92.9,318,45.4,324,21.9,314,31.2,72,41.0,10,110.8,325,55.2,333,22.1,28,30.0,253,38.0,302,68.6,150,71.6,76,17.3,177,16.3,24,92.9,318,94.1,299,110.8,325,107.1,290,76.5,240,-0.7,274,-0.9,261,-0.6,235,-0.3,216,-0.3,218,-0.2,193,1.22,256,35.6,72,31.2,282,2021,0.11646542495925444,8,18,0.3076923076923077,26
308,Southern,SWAC,8-11,-12.84,91.5,329,104.3,216,70.6,71,-.075,318,-12.47,345,93.4,345,105.9,331,+17.22,14,,SWAC,70.6,71,91.5,329,48.0,261,22.0,316,29.8,110,40.5,13,104.3,216,47.3,47,20.7,69,26.6,124,40.8,327,70.6,71,72.6,41,16.5,78,16.7,73,91.5,329,94.6,291,104.3,216,94.9,33,76.1,287,-0.5,244,+0.4,119,-1.4,323,-0.6,254,-0.6,246,-1.8,302,1.09,285,44.2,7,36.6,252,2021,0.18157358650540745,8,11,0.42105263157894735,19
192,Southern Illinois,MVC,12-14,-2.89,100.0,219,102.8,188,66.2,274,+.075,37,+4.76,128,104.4,147,99.7,128,-4.30,274,,MVC,66.2,274,100.0,219,52.2,77,18.5,153,16.6,345,29.8,224,102.8,188,53.1,296,19.0,147,25.6,78,23.9,22,66.2,274,65.4,322,18.5,297,17.9,291,100.0,219,97.1,254,102.8,188,103.8,237,76.2,267,-0.8,281,-0.5,223,-1.1,297,-1.2,309,-1.1,282,+0.6,145,0.83,318,30.2,191,30.5,286,2021,0.4212669935403324,12,14,0.46153846153846156,26
256,Southern Miss,CUSA,8-17,-8.19,92.9,317,101.1,149,67.4,218,-.078,320,+1.08,178,102.1,208,101.0,146,-5.63,292,,CUSA,67.4,218,92.9,317,47.3,283,20.7,264,23.8,282,28.7,245,101.1,149,50.3,185,18.6,174,23.4,22,29.5,130,67.4,218,68.2,211,17.5,208,17.3,178,92.9,317,91.9,321,101.1,149,99.4,116,77.7,69,-0.0,173,-1.1,273,+1.1,54,+1.1,50,+1.2,49,+1.5,57,1.18,268,32.1,143,41.8,212,2021,0.27433379880596226,8,17,0.32,25
135,Southern Utah,BSky,20-4,+3.13,108.5,74,105.4,240,69.9,92,+.082,28,-3.56,255,100.9,243,104.5,282,-0.64,228,,BSky,69.9,92,108.5,74,52.4,68,16.0,33,29.2,126,39.4,17,105.4,240,51.7,241,17.0,282,23.9,32,31.2,164,69.9,92,71.0,95,17.0,138,16.9,96,108.5,74,111.7,15,105.4,240,102.3,199,76.7,206,-0.3,221,-0.1,174,-0.6,229,+0.1,170,-0.1,178,-0.4,220,2.07,53,23.6,316,49.2,147,2021,0.5825758824954457,20,4,0.8333333333333334,24
32,St. Bonaventure,A10,16-5,+19.04,110.0,55,91.0,20,64.8,320,+.016,140,+8.53,98,106.6,92,98.0,103,+2.44,180,9,A10,64.8,320,110.0,55,49.8,184,16.4,52,32.8,38,28.0,263,91.0,20,45.5,12,19.2,142,29.1,218,28.6,106,64.8,320,65.3,326,18.9,317,18.0,304,110.0,55,107.6,52,91.0,20,93.6,18,77.3,113,-0.4,227,+0.9,67,-1.7,333,-0.1,191,+0.6,119,+2.3,12,2.46,10,9.8,347,67.2,29,2021,0.8984974440566774,16,5,0.7619047619047619,21
301,St. Francis NY,NEC,9-10,-12.46,100.9,199,113.4,347,72.5,22,+.030,106,-8.66,337,97.1,329,105.7,326,-6.68,301,,NEC,72.5,22,100.9,199,49.5,192,16.3,47,30.2,98,30.7,191,113.4,347,52.7,282,19.9,103,30.3,263,39.1,315,72.5,22,73.6,26,16.5,79,16.3,25,100.9,199,104.9,94,113.4,347,107.0,288,74.7,345,-1.6,346,-1.7,330,-1.6,330,-2.7,346,-1.8,321,-3.2,335,1.81,109,29.0,225,55.1,101,2021,0.20700042566478946,9,10,0.47368421052631576,19
312,St. Francis PA,NEC,6-16,-13.27,94.7,296,108.0,287,68.5,154,-.066,307,-5.49,300,99.9,268,105.4,320,+13.07,34,,NEC,68.5,154,94.7,296,47.9,266,20.2,242,28.8,139,33.7,116,108.0,287,51.4,230,18.6,182,28.7,205,29.4,128,68.5,154,69.7,146,17.2,162,17.1,122,94.7,296,97.5,245,108.0,287,104.4,248,77.0,158,-0.1,195,+0.1,139,-0.4,220,-0.8,276,+0.8,101,+0.8,121,1.08,288,36.6,52,37.0,251,2021,0.18074649303452814,6,16,0.2727272727272727,22
69,St. John's,BE,16-11,+12.26,111.2,42,98.9,112,73.4,10,+.014,144,+11.04,74,107.6,79,96.6,68,-2.94,259,,BE,73.4,10,111.2,42,50.4,151,16.8,72,29.2,123,28.6,247,98.9,112,52.6,277,21.9,39,30.3,264,31.8,181,73.4,10,74.1,19,14.9,9,17.3,166,111.2,42,105.3,89,98.9,112,102.2,196,77.0,162,+0.2,137,-0.0,159,+0.3,116,+0.3,120,-0.3,210,-0.1,189,1.35,229,35.3,76,49.0,149,2021,0.793809522485643,16,11,0.5925925925925926,27
57,Stanford,P12,14-13,+13.78,106.0,110,92.2,28,69.2,120,+.022,126,+16.46,18,111.2,17,94.7,25,+9.76,67,,P12,69.2,120,106.0,110,51.4,99,21.0,284,25.1,245,36.5,54,92.2,28,48.3,87,20.3,83,28.7,204,27.0,61,69.2,120,69.8,144,16.8,117,17.7,253,106.0,110,98.4,226,92.2,28,98.6,93,78.8,8,+1.2,42,+0.3,129,+2.2,10,+2.8,2,+2.5,6,+1.7,40,1.71,133,38.0,37,59.0,72,2021,0.8325778244811323,14,13,0.5185185185185185,27
151,Stephen F. Austin,Slnd,16-5,+1.29,103.5,152,102.2,174,69.7,102,+.047,76,-7.61,329,98.1,319,105.7,325,-2.05,250,,Slnd,69.7,102,103.5,152,55.0,20,23.5,337,36.7,7,44.0,1,102.2,174,50.9,205,24.5,3,27.4,153,42.2,333,69.7,102,71.9,59,16.6,93,16.5,34,103.5,152,107.0,60,102.2,174,97.3,65,76.8,193,-0.2,209,-0.7,239,+0.2,142,-0.9,281,+0.2,148,+0.5,155,1.28,243,29.9,201,56.5,89,2021,0.5362759615799305,16,5,0.7619047619047619,21
233,Stetson,ASun,12-15,-6.46,100.3,212,106.8,270,67.8,194,-.006,196,-2.07,224,101.7,221,103.8,252,+8.03,91,,ASun,67.8,194,100.3,212,50.4,149,19.6,210,28.1,162,28.1,260,106.8,270,52.4,267,17.4,261,26.8,134,30.4,149,67.8,194,67.8,234,18.5,299,16.7,70,100.3,212,101.3,170,106.8,270,105.2,265,77.1,148,+0.1,146,+0.5,105,-0.3,209,-0.4,234,-0.2,208,+1.3,73,1.28,241,29.4,213,53.2,116,2021,0.32692837000566705,12,15,0.4444444444444444,27
236,Stony Brook,AE,9-14,-6.61,94.7,295,101.3,157,66.4,268,-.090,330,-3.12,248,100.2,262,103.3,232,+2.20,186,,AE,66.4,268,94.7,295,46.0,310,20.2,239,30.3,96,33.0,134,101.3,157,48.3,89,18.8,162,27.1,143,29.6,132,66.4,268,67.5,252,17.7,224,17.7,257,94.7,295,95.8,275,101.3,157,97.7,72,76.9,175,+0.1,149,-0.1,163,+0.2,129,+0.2,133,-0.1,198,-0.5,228,1.26,249,32.4,141,27.1,300,2021,0.31544541559349876,9,14,0.391304347826087,23
42,Syracuse,ACC,18-10,+16.75,113.7,24,96.9,77,68.6,151,+.029,109,+12.94,58,109.4,48,96.5,66,+2.09,188,11,ACC,68.6,151,113.7,24,51.2,104,16.3,49,29.2,122,28.3,255,96.9,77,48.0,78,20.2,88,34.0,339,24.1,23,68.6,151,69.1,178,16.4,61,18.0,302,113.7,24,107.8,51,96.9,77,101.2,156,78.1,28,+0.7,79,+1.1,62,+0.3,122,+1.3,32,+1.9,16,+1.5,58,1.92,86,19.1,339,59.7,67,2021,0.8627907003600102,18,10,0.6428571428571429,28
140,TCU,B12,12-14,+2.81,104.7,128,101.9,166,66.6,258,+.089,24,+11.88,71,107.9,77,96.0,59,+0.60,208,,B12,66.6,258,104.7,128,49.9,178,21.0,283,29.0,134,32.4,153,101.9,166,50.8,199,17.0,281,29.2,226,29.4,124,66.6,258,67.6,249,18.3,280,17.0,118,104.7,128,98.1,231,101.9,166,104.9,256,77.8,56,+0.6,85,+1.2,56,-0.0,183,+0.3,127,+1.3,43,+1.5,55,1.27,247,33.7,109,47.0,160,2021,0.5773080987824983,12,14,0.46153846153846156,26
261,Tarleton St.,WAC,10-10,-8.95,97.0,270,105.9,256,64.4,331,-.052,288,+0.81,183,102.0,213,101.2,152,+11.46,49,,WAC,64.4,331,97.0,270,48.6,235,18.4,148,19.3,338,38.1,28,105.9,256,52.1,261,23.4,11,31.7,299,45.5,340,64.4,331,65.9,312,19.8,341,16.0,7,97.0,270,96.9,258,105.9,256,103.2,226,76.2,276,-1.7,348,-2.5,346,-0.8,271,+0.8,77,+0.6,114,-1.6,297,0.27,345,23.8,315,0.0,0,2021,0.2670739639939365,10,10,0.5,20
143,Temple,Amer,5-11,+2.70,101.5,189,98.8,110,68.6,148,-.092,332,+8.84,94,105.8,102,97.0,79,-13.51,324,,Amer,68.6,148,101.5,189,46.7,297,19.5,199,25.9,232,38.9,19,98.8,110,47.3,48,16.0,318,28.1,181,31.7,178,68.6,148,68.3,208,17.4,185,17.7,259,101.5,189,96.4,268,98.8,110,100.7,146,77.6,72,-0.3,218,-0.8,252,+0.2,142,+0.4,110,+1.9,16,+1.9,33,1.63,154,31.9,155,28.5,296,2021,0.576898375442025,5,11,0.3125,16
28,Tennessee,SEC,18-9,+19.95,108.0,85,88.1,5,67.1,232,-.013,215,+13.11,56,108.9,60,95.8,53,-0.34,221,5,SEC,67.1,232,108.0,85,49.6,189,18.2,131,31.3,71,34.4,92,88.1,5,46.3,27,22.8,13,28.8,206,30.6,156,67.1,232,68.7,186,17.2,165,17.4,201,108.0,85,104.4,101,88.1,5,92.2,11,77.4,105,-0.8,280,-0.7,242,-0.8,271,+0.4,109,+0.9,70,+2.5,9,1.56,181,31.9,153,53.7,113,2021,0.9123022401476676,18,9,0.6666666666666666,27
347,Tennessee Martin,OVC,8-16,-21.00,92.3,323,113.3,346,67.4,220,+.122,7,-2.64,237,101.2,233,103.8,253,-0.86,232,,OVC,67.4,220,92.3,323,45.6,318,21.0,282,28.7,142,28.3,256,113.3,346,57.3,341,20.6,72,32.9,327,36.5,285,67.4,220,68.4,201,18.0,252,16.8,87,92.3,323,92.9,314,113.3,346,112.1,334,77.2,130,+0.3,110,+0.5,106,+0.2,131,+0.6,99,+0.8,96,-0.6,232,0.46,341,34.5,92,13.7,338,2021,0.0864759940134957,8,16,0.3333333333333333,24
320,Tennessee St.,OVC,4-19,-14.65,90.2,340,104.9,227,71.2,49,-.103,341,-3.65,261,100.7,248,104.3,276,-2.67,255,,OVC,71.2,49,90.2,340,47.0,291,20.9,274,24.8,249,32.7,147,104.9,227,50.9,209,22.1,32,30.6,273,44.5,339,71.2,49,72.3,50,16.5,84,16.6,53,90.2,340,92.2,318,104.9,227,101.6,173,76.6,222,+0.3,120,+0.2,137,+0.4,112,+0.7,89,-0.6,243,-2.2,318,0.82,321,39.6,22,30.2,289,2021,0.14979013356477436,4,19,0.17391304347826086,23
313,Tennessee Tech,OVC,5-22,-13.90,96.0,281,109.9,316,68.8,142,-.055,292,+0.13,192,102.4,200,102.2,188,+10.77,56,,OVC,68.8,142,96.0,281,50.1,166,22.6,330,26.5,208,27.0,285,109.9,316,54.8,330,18.1,213,27.8,165,26.7,56,68.8,142,70.2,125,17.0,144,17.1,129,96.0,281,94.5,292,109.9,316,109.0,314,77.0,161,+0.4,100,+1.1,64,-0.2,201,+0.1,171,-0.4,223,-0.3,203,1.14,278,32.4,138,45.2,180,2021,0.1743565466714158,5,22,0.18518518518518517,27
26,Texas,B12,19-8,+20.31,113.1,28,92.8,31,68.6,146,-.004,190,+14.52,38,109.2,54,94.7,23,+8.20,85,3,B12,68.6,146,113.1,28,52.9,59,20.7,265,31.1,74,33.9,111,92.8,31,46.0,23,17.8,242,27.5,154,35.9,280,68.6,146,69.4,165,16.4,64,18.1,318,113.1,28,105.9,81,92.8,31,97.3,64,77.8,52,+1.6,26,+1.5,44,+1.8,21,-0.3,217,+0.2,147,+1.4,60,2.44,11,27.8,259,78.7,3,2021,0.9067849428967782,19,8,0.7037037037037037,27
137,Texas A&M,SEC,8-10,+3.05,101.9,175,98.9,111,64.3,334,+.018,135,+9.10,91,107.0,86,97.9,97,-5.63,293,,SEC,64.3,334,101.9,175,47.6,278,22.3,319,32.8,35,34.0,107,98.9,111,53.1,298,22.9,12,30.2,259,29.6,133,64.3,334,66.1,304,17.6,218,18.5,341,101.9,175,97.2,253,98.9,111,101.4,167,77.5,87,-0.0,178,-0.2,184,+0.2,142,+1.1,47,+0.7,106,+1.3,73,1.63,156,36.9,48,61.3,59,2021,0.5850771375841569,8,10,0.4444444444444444,18
344,Texas A&M Corpus Chris,Slnd,5-19,-19.44,89.4,347,108.8,300,69.6,105,-.093,334,-3.59,256,99.1,291,102.7,211,+3.71,161,,Slnd,69.6,105,89.4,347,46.9,294,23.8,341,24.6,257,34.8,80,108.8,300,51.7,243,19.3,134,29.3,228,31.2,165,69.6,105,70.9,97,17.0,143,16.7,72,89.4,347,89.5,337,108.8,300,104.6,251,76.2,280,-1.2,327,-1.1,273,-1.4,322,-0.2,202,-0.5,229,-0.7,241,1.15,276,34.3,98,46.1,172,2021,0.09461943237876405,5,19,0.20833333333333334,24
208,Texas Southern,SWAC,17-9,-4.37,99.8,221,104.2,212,71.5,45,+.059,54,-7.73,331,95.5,341,103.2,230,+14.62,27,16,SWAC,71.5,45,99.8,221,47.7,273,20.8,270,32.4,44,38.5,24,104.2,212,46.7,35,19.3,135,26.5,114,34.3,244,71.5,45,72.8,36,16.2,57,16.4,29,99.8,221,99.5,206,104.2,212,95.8,46,77.7,61,+0.3,122,-0.1,163,+0.6,87,+0.5,105,+1.8,31,+1.3,89,1.60,163,32.7,132,39.8,237,2021,0.3784445934632541,17,9,0.6538461538461539,26
183,Texas St.,SB,18-7,-1.23,99.6,228,100.8,141,62.4,354,+.072,41,-5.94,308,98.6,305,104.6,289,-7.87,306,,SB,62.4,354,99.6,228,51.8,86,20.1,238,28.6,148,27.1,283,100.8,141,49.7,153,22.7,15,26.5,117,33.3,212,62.4,354,63.6,343,19.9,342,17.4,192,99.6,228,101.4,168,100.8,141,95.6,43,75.8,315,-0.4,224,-1.1,273,+0.4,111,-1.7,322,-0.3,219,-3.1,333,1.50,193,27.9,256,61.6,57,2021,0.4656227739522013,18,7,0.72,25
17,Texas Tech,B12,18-11,+21.81,112.7,32,90.9,18,65.1,316,-.099,340,+12.84,59,108.5,67,95.7,51,-4.88,283,6,B12,65.1,316,112.7,32,49.4,195,16.0,35,33.3,32,37.9,32,90.9,18,47.7,60,23.7,8,30.0,252,35.6,273,65.1,316,67.0,279,18.2,268,17.9,287,112.7,32,107.2,56,90.9,18,93.6,19,77.0,157,-1.2,328,-2.1,337,-0.4,216,+0.5,106,+0.9,70,+1.6,49,1.70,134,32.4,140,38.8,241,2021,0.9221661027396574,18,11,0.6206896551724138,29
218,The Citadel,SC,13-12,-5.13,104.0,136,109.1,305,74.2,4,+.064,50,+2.53,161,104.2,154,101.6,167,-10.53,317,,SC,74.2,4,104.0,136,51.8,89,16.1,38,22.5,313,33.5,119,109.1,305,52.8,285,13.9,343,25.7,85,25.9,46,74.2,4,74.5,11,15.5,18,16.7,62,104.0,136,104.0,110,109.1,305,110.5,328,76.5,238,-0.8,290,-1.2,300,-0.5,222,-0.5,246,-0.1,203,+0.0,178,1.44,207,21.2,326,53.0,120,2021,0.36573659904125877,13,12,0.52,25
74,Toledo,MAC,21-9,+11.71,114.3,19,102.6,182,68.7,143,-.024,236,+3.03,150,104.8,130,101.7,172,+5.90,118,3,MAC,68.7,143,114.3,19,54.0,36,15.6,21,29.7,111,28.5,251,102.6,182,48.6,102,17.6,253,30.8,276,23.7,20,68.7,143,70.2,120,16.7,111,17.2,144,114.3,19,114.1,6,102.6,182,102.0,187,76.8,200,-1.0,308,-1.3,311,-0.7,254,-0.4,230,+0.9,70,+0.7,132,1.80,112,20.9,331,42.9,205,2021,0.7758892319375367,21,9,0.7,30
298,Towson,CAA,4-14,-12.35,99.0,236,111.4,332,65.8,294,-.022,230,-0.50,196,102.4,201,102.9,214,+8.63,78,,CAA,65.8,294,99.0,236,45.4,322,18.4,145,34.1,27,33.4,122,111.4,332,52.6,279,16.0,320,30.3,262,29.3,123,65.8,294,66.9,280,18.9,318,16.9,97,99.0,236,99.3,209,111.4,332,111.1,332,76.8,181,-0.3,214,-0.5,211,-0.1,189,-0.4,231,+0.2,151,+0.3,161,1.59,167,36.0,60,39.4,239,2021,0.2047143135104602,4,14,0.2222222222222222,18
305,Troy,SB,11-17,-12.62,92.4,322,105.0,228,68.2,173,+.036,93,-0.78,199,101.2,231,102.0,177,+3.59,162,,SB,68.2,173,92.4,322,44.4,336,21.4,296,28.3,154,33.1,131,105.0,228,51.3,224,18.0,221,26.4,110,30.5,153,68.2,173,69.5,158,17.7,223,16.8,77,92.4,322,91.0,330,105.0,228,102.8,215,76.6,223,-0.6,250,-0.6,228,-0.5,228,+0.2,141,-1.0,274,+0.3,162,0.74,333,31.6,162,35.3,262,2021,0.1869298813154382,11,17,0.39285714285714285,28
144,Tulane,Amer,10-13,+1.95,99.8,225,97.8,93,67.4,221,+.013,145,+7.32,102,104.4,145,97.1,80,-14.54,325,,Amer,67.4,221,99.8,225,44.2,339,16.6,55,22.9,305,36.6,51,97.8,93,49.7,158,22.1,33,30.6,272,30.0,140,67.4,221,67.8,233,17.4,181,18.1,316,99.8,225,94.4,295,97.8,93,98.3,87,76.4,249,-1.0,309,-0.6,236,-1.4,327,+0.1,149,+0.4,137,-1.2,275,1.11,280,28.2,247,24.4,308,2021,0.5579389300464488,10,13,0.43478260869565216,23
121,Tulsa,Amer,11-12,+5.09,102.6,165,97.5,91,65.6,303,-.024,235,+8.99,93,105.6,109,96.7,70,-3.27,261,,Amer,65.6,303,102.6,165,49.0,211,20.0,229,26.5,209,33.1,130,97.5,91,48.5,98,21.7,43,32.1,313,35.1,259,65.6,303,67.1,273,17.7,230,18.0,308,102.6,165,96.8,263,97.5,91,98.8,98,77.1,139,-0.4,238,-0.0,156,-0.8,271,-0.3,215,-0.1,178,+2.3,12,1.77,119,29.0,222,43.6,196,2021,0.6425235259913253,11,12,0.4782608695652174,23
102,UAB,CUSA,22-7,+8.44,103.5,153,95.0,50,67.0,238,+.005,162,-1.59,216,100.1,265,101.7,168,-12.09,321,,CUSA,67.0,238,103.5,153,48.6,238,15.6,22,29.0,135,29.9,215,95.0,50,47.0,41,22.8,14,25.4,74,27.1,63,67.0,238,67.8,231,17.3,173,17.9,296,103.5,153,103.7,117,95.0,50,90.1,7,77.0,151,+0.8,71,+1.9,28,-0.3,207,-0.5,237,+0.3,138,-0.9,259,2.36,16,30.8,172,46.1,170,2021,0.7281960531014332,22,7,0.7586206896551724,29
209,UC Davis,BW,10-8,-4.37,98.0,253,102.3,181,69.2,119,+.087,25,-1.01,203,101.7,222,102.7,210,-0.67,229,,BW,69.2,119,98.0,253,48.2,255,20.3,247,26.9,193,36.4,56,102.3,181,53.0,290,23.4,10,27.6,156,40.6,324,69.2,119,70.3,114,17.1,147,16.9,101,98.0,253,98.1,230,102.3,181,100.2,134,75.7,322,-1.2,325,-1.2,302,-1.2,310,-0.9,280,-1.5,303,-1.6,291,1.33,232,29.0,221,60.2,65,2021,0.3789905015574161,10,8,0.5555555555555556,18
107,UC Irvine,BW,18-9,+7.88,101.3,192,93.4,38,67.4,222,+.031,103,+3.13,147,103.6,167,100.5,141,+6.68,107,,BW,67.4,222,101.3,192,47.3,282,19.0,174,31.7,64,29.1,238,93.4,38,45.6,13,18.2,207,24.7,56,28.1,91,67.4,222,68.1,219,18.1,257,17.1,133,101.3,192,99.7,202,93.4,38,93.2,16,77.4,108,+1.7,23,+1.8,34,+1.6,31,-1.0,296,-0.3,215,+0.2,171,0.98,306,42.3,12,45.1,181,2021,0.7178340941676198,18,9,0.6666666666666666,27
106,UC Riverside,BW,14-8,+8.03,103.6,147,95.6,58,66.7,254,-.066,305,+0.84,182,102.6,192,101.8,174,+0.78,204,,BW,66.7,254,103.6,147,52.5,66,17.8,112,26.2,221,22.0,342,95.6,58,45.8,17,16.4,301,23.7,27,28.5,102,66.7,254,66.8,282,19.1,325,16.8,84,103.6,147,103.8,115,95.6,58,94.1,22,78.7,11,+2.5,5,+2.8,6,+2.2,9,+0.6,96,+1.0,64,+2.3,12,1.32,234,31.6,160,46.2,169,2021,0.7158954560622235,14,8,0.6363636363636364,22
231,UC San Diego,BW,7-10,-6.29,101.7,182,108.0,289,69.7,99,+.023,124,+6.01,116,104.0,159,98.0,102,+6.01,115,,BW,69.7,99,101.7,182,55.0,18,19.6,208,16.7,344,20.8,346,108.0,289,54.5,324,18.4,196,31.7,300,22.4,7,69.7,99,69.2,172,17.0,142,17.6,245,101.7,182,97.8,240,108.0,289,110.0,326,76.8,187,-1.1,320,-1.1,273,-1.2,311,-0.3,213,+0.3,141,+1.8,36,0.79,326,29.2,217,0.0,0,2021,0.333767264095645,7,10,0.4117647058823529,17
58,UC Santa Barbara,BW,22-5,+13.63,109.9,56,96.2,69,65.6,301,+.030,108,+1.80,168,102.8,187,101.0,145,+4.03,151,12,BW,65.6,301,109.9,56,52.6,65,16.4,53,28.2,158,35.3,76,96.2,69,47.8,66,20.5,78,24.3,43,27.3,69,65.6,301,66.6,288,18.1,255,17.9,288,109.9,56,109.2,34,96.2,69,94.4,28,77.4,107,+1.1,55,+0.9,76,+1.3,43,-0.4,228,+0.6,121,-0.1,186,2.52,8,29.0,220,62.5,56,2021,0.8221711907633801,22,5,0.8148148148148148,27
100,UCF,Amer,11-12,+8.54,106.5,103,97.9,95,67.2,225,+.053,64,+12.76,60,107.1,85,94.3,16,+24.70,1,,Amer,67.2,225,106.5,103,50.1,167,21.6,306,28.2,160,30.7,194,97.9,95,49.3,136,19.5,126,31.5,292,33.6,225,67.2,225,68.0,229,17.8,234,17.4,197,106.5,103,98.5,221,97.9,95,101.5,168,77.7,64,+0.1,144,+0.0,155,+0.2,133,+0.2,134,+1.5,38,+2.0,27,1.45,204,30.5,183,33.7,270,2021,0.7247769334479682,11,12,0.4782608695652174,23
13,UCLA,P12,22-10,+22.43,116.9,11,94.5,46,63.8,341,+.028,110,+17.38,11,111.3,14,93.9,6,+9.87,66,11,P12,63.8,341,116.9,11,52.0,82,15.7,25,30.5,92,31.6,167,94.5,46,50.4,189,17.5,257,25.1,64,28.2,92,63.8,341,65.0,331,19.0,324,17.9,289,116.9,11,108.8,37,94.5,46,101.6,175,77.3,118,-0.3,217,+0.1,141,-0.7,255,+1.1,37,+2.2,12,-0.8,258,1.56,179,27.4,265,66.6,34,2021,0.920288173513282,22,10,0.6875,32
172,UMBC,AE,14-6,-0.15,100.6,203,100.8,139,67.5,208,-.013,214,-4.60,283,98.8,301,103.4,235,-3.40,264,,AE,67.5,208,100.6,203,50.3,162,18.8,168,25.8,233,36.6,52,100.8,139,46.5,30,17.9,236,24.3,41,25.6,42,67.5,208,68.7,188,16.6,85,18.1,319,100.6,203,101.5,164,100.8,139,94.7,32,75.8,312,+1.2,47,+0.8,83,+1.6,33,-0.5,248,-0.1,178,-7.2,347,2.09,48,24.5,309,70.6,20,2021,0.49429021654862804,14,6,0.7,20
203,UMKC,Sum,11-13,-3.99,96.2,278,100.2,129,62.5,352,-.074,317,+1.37,174,104.6,141,103.2,229,+11.29,52,,Sum,62.5,352,96.2,278,51.2,113,19.6,209,21.6,324,30.5,197,100.2,129,52.3,265,22.5,21,24.6,51,55.3,347,62.5,352,64.1,340,19.3,332,17.8,283,96.2,278,97.3,249,100.2,129,100.8,149,76.2,278,-1.9,352,-1.5,323,-2.4,345,-0.9,282,+0.1,165,+0.9,108,1.45,202,28.4,239,43.7,194,2021,0.38497215025225456,11,13,0.4583333333333333,24
230,UMass Lowell,AE,11-12,-6.29,99.8,223,106.1,259,69.0,131,+.055,60,-1.81,218,100.3,259,102.1,182,+12.68,42,,AE,69.0,131,99.8,223,51.2,111,21.0,281,27.0,191,37.2,41,106.1,259,48.4,92,16.3,305,26.6,126,39.5,317,69.0,131,69.3,171,17.3,176,17.4,200,99.8,223,99.1,211,106.1,259,102.4,204,77.5,94,-0.8,283,-1.7,331,+0.2,142,+1.1,48,+0.9,68,+2.5,10,1.57,177,32.9,126,46.8,163,2021,0.3309349595690444,11,12,0.4782608695652174,23
244,UNC Asheville,BSth,10-10,-7.13,100.6,204,107.8,283,68.2,170,-.008,202,-5.46,299,99.4,286,104.9,303,-4.57,279,,BSth,68.2,170,100.6,204,54.6,28,21.2,291,26.8,199,30.2,204,107.8,283,49.7,161,19.7,120,33.2,330,32.3,191,68.2,170,69.9,141,17.0,136,17.1,136,100.6,204,102.9,140,107.8,283,102.5,207,76.9,171,-1.2,323,-1.0,272,-1.4,324,+0.1,149,+0.9,90,+1.4,69,2.01,68,33.5,114,67.9,26,2021,0.31110848902063964,10,10,0.5,20
108,UNC Greensboro,SC,21-9,+7.79,103.6,146,95.8,62,68.0,183,+.003,166,+1.48,171,103.8,163,102.3,190,-2.78,257,13,SC,68.0,183,103.6,146,47.9,264,15.5,17,32.1,53,23.7,332,95.8,62,48.2,86,21.1,56,25.7,86,36.5,289,68.0,183,70.2,121,16.6,91,17.4,215,103.6,146,103.6,119,95.8,62,95.5,42,77.0,155,+1.4,37,+2.1,19,+0.6,80,-0.3,214,-1.4,300,-0.5,221,1.82,104,36.2,59,56.5,90,2021,0.710982056024141,21,9,0.7,30
248,UNC Wilmington,CAA,7-10,-7.42,102.1,173,109.5,309,69.0,130,-.122,350,-4.61,284,100.1,264,104.7,297,-2.07,251,,CAA,69.0,130,102.1,173,48.6,237,16.1,39,26.5,211,37.1,43,109.5,309,51.6,237,18.9,152,31.5,294,31.7,179,69.0,130,70.0,131,16.6,94,17.7,265,102.1,173,104.9,92,109.5,309,105.1,261,76.5,234,-1.6,345,-2.2,342,-1.1,301,+0.1,149,+0.6,120,+0.7,134,1.67,142,26.3,278,56.8,86,2021,0.3090261716112298,7,10,0.4117647058823529,17
176,UNLV,MWC,12-15,-0.66,103.7,143,104.4,217,66.1,281,-.037,261,+5.30,125,104.3,150,99.0,115,+13.13,33,,MWC,66.1,281,103.7,143,50.6,132,19.5,204,28.7,143,21.4,345,104.4,217,51.9,250,17.7,246,24.9,60,33.7,230,66.1,281,66.7,285,18.4,290,17.3,179,103.7,143,101.2,174,104.4,217,104.4,249,77.5,98,+0.5,90,+1.1,58,-0.1,186,-0.0,186,+0.1,163,+1.6,50,1.62,158,26.1,282,28.9,294,2021,0.48066790634446627,12,15,0.4444444444444444,27
6,USC,P12,25-8,+27.58,115.7,14,88.1,6,67.0,235,+.001,171,+16.27,21,111.1,19,94.8,28,+6.28,111,6,P12,67.0,235,115.7,14,52.7,60,18.0,122,34.9,16,36.3,59,88.1,6,44.9,7,16.9,286,28.3,186,24.1,24,67.0,235,67.6,246,17.4,190,18.3,331,115.7,14,109.0,35,88.1,6,94.9,34,79.4,2,+2.6,3,+2.6,11,+2.7,6,+3.4,1,+2.7,2,+0.9,111,1.95,80,28.7,232,20.7,317,2021,0.9582765529863946,25,8,0.7575757575757576,33
322,USC Upstate,BSth,5-18,-14.75,94.8,293,109.5,312,68.3,166,-.032,252,-2.37,229,100.6,250,103.0,217,+7.84,93,,BSth,68.3,166,94.8,293,49.0,214,20.8,271,24.0,275,29.8,217,109.5,312,53.7,310,18.7,167,29.6,242,35.2,264,68.3,166,68.7,191,17.9,242,17.0,112,94.8,293,95.6,277,109.5,312,107.4,295,76.1,294,-0.1,190,-0.4,208,+0.2,140,-0.6,256,-1.6,310,-1.8,305,1.84,101,29.6,208,83.3,1,2021,0.1600596781257002,5,18,0.21739130434782608,23
253,UT Arlington,SB,13-13,-7.87,98.2,246,106.1,260,69.2,118,+.051,67,-2.71,240,99.8,276,102.5,196,+12.89,37,,SB,69.2,118,98.2,246,46.1,309,16.2,42,26.9,196,26.2,300,106.1,260,50.0,173,19.6,124,32.3,319,29.4,129,69.2,118,70.3,118,16.8,113,17.3,163,98.2,246,98.4,227,106.1,260,102.0,186,76.6,220,-0.2,203,-0.5,226,+0.2,142,-0.9,289,-0.1,178,-0.2,191,0.77,330,37.5,40,35.0,263,2021,0.29114655184806665,13,13,0.5,26
282,UT Rio Grande Valley,WAC,9-10,-11.05,91.8,325,102.8,187,69.6,103,-.050,285,-3.66,262,99.8,277,103.4,237,-1.17,239,,WAC,69.6,103,91.8,325,43.0,344,19.0,178,30.0,104,37.7,33,102.8,187,48.1,85,24.1,6,34.1,340,43.5,337,69.6,103,71.8,70,14.8,7,18.4,339,91.8,325,91.4,326,102.8,187,98.0,77,76.0,297,-0.6,262,-0.5,224,-0.8,257,-0.7,267,-1.1,281,-1.4,282,1.64,151,43.4,10,58.4,77,2021,0.21391433615375696,9,10,0.47368421052631576,19
136,UTEP,CUSA,12-12,+3.09,103.3,156,100.2,131,67.8,191,-.065,304,+5.18,127,104.0,160,98.8,113,+20.55,8,,CUSA,67.8,191,103.3,156,47.5,279,16.1,37,24.7,252,29.9,214,100.2,131,49.7,159,19.0,148,25.5,77,40.8,326,67.8,191,68.1,220,17.5,206,17.7,263,103.3,156,100.0,194,100.2,131,100.4,138,77.7,62,+0.4,104,-0.3,194,+1.1,51,+0.1,149,+1.2,46,+1.9,30,2.26,27,18.4,344,40.9,228,2021,0.5867135211678173,12,12,0.5,24
160,UTSA,CUSA,15-11,+0.57,106.5,105,105.9,252,71.8,37,+.021,129,+3.10,148,102.6,191,99.5,127,+5.87,119,,CUSA,71.8,37,106.5,105,49.4,200,15.7,27,26.5,210,23.7,333,105.9,252,50.9,204,18.1,214,26.9,138,38.3,307,71.8,37,72.1,57,16.5,73,16.6,56,106.5,105,103.5,123,105.9,252,104.7,253,76.7,216,+0.0,159,+0.8,80,-0.8,262,-0.5,244,-0.4,224,-0.4,217,2.24,30,32.8,127,59.0,71,2021,0.5162372695260067,15,11,0.5769230769230769,26
44,Utah,P12,12-13,+15.78,112.7,31,97.0,78,67.6,203,-.077,319,+15.67,25,110.5,29,94.8,27,-5.46,290,,P12,67.6,203,112.7,31,53.1,54,18.4,147,23.6,289,28.8,241,97.0,78,51.2,220,19.6,122,29.5,236,27.3,70,67.6,203,67.7,243,17.7,221,17.7,252,112.7,31,105.4,88,97.0,78,102.3,198,77.7,59,+1.4,36,+1.8,32,+1.0,55,+0.8,76,+0.6,110,-0.1,187,1.50,192,32.0,148,68.6,24,2021,0.8487989688843923,12,13,0.48,25
46,Utah St.,MWC,20-9,+15.34,104.8,126,89.5,8,68.6,149,-.037,262,+5.64,120,105.4,118,99.7,130,+8.20,86,11,MWC,68.6,149,104.8,126,49.8,181,20.1,234,35.3,13,29.2,236,89.5,8,45.6,14,19.5,130,21.4,5,25.6,41,68.6,149,69.4,166,17.0,145,17.5,229,104.8,126,103.6,120,89.5,8,89.7,5,78.2,26,+1.4,33,+2.6,10,+0.2,137,+0.4,114,+1.6,35,+1.4,64,1.37,227,28.3,241,51.0,137,2021,0.8599499325141732,20,9,0.6896551724137931,29
199,Utah Valley,WAC,11-11,-3.75,100.5,207,104.3,215,70.2,85,+.007,157,+0.60,189,103.2,176,102.6,207,+12.48,43,,WAC,70.2,85,100.5,207,51.4,98,21.2,293,31.7,62,43.5,3,104.3,215,48.7,112,14.8,335,24.0,33,34.6,251,70.2,85,71.3,83,17.0,139,16.7,61,100.5,207,101.1,175,104.3,215,103.6,233,77.7,68,+1.7,20,+1.7,36,+1.8,24,-0.1,192,+0.8,98,-0.4,219,0.99,305,28.9,226,21.7,313,2021,0.3948890962228976,11,11,0.5,22
48,VCU,A10,19-7,+15.04,105.2,122,90.2,14,69.6,107,+.035,97,+8.57,97,106.5,93,98.0,99,+5.66,124,10,A10,69.6,107,105.2,122,50.9,122,20.6,263,28.5,152,34.0,103,90.2,14,45.8,19,23.7,9,31.4,290,35.4,270,69.6,107,70.3,117,16.0,37,18.0,300,105.2,122,101.5,163,90.2,14,92.1,10,77.3,110,+0.1,143,-0.5,227,+0.8,72,+0.9,61,+0.2,157,+0.8,123,0.94,308,35.4,75,31.2,283,2021,0.8543444102068383,19,7,0.7307692307692307,26
153,VMI,SC,13-12,+1.09,107.8,88,106.7,269,69.9,89,-.048,279,+2.95,153,104.6,140,101.7,169,+5.01,136,,SC,69.9,89,107.8,88,53.8,41,16.9,73,22.6,312,28.8,242,106.7,269,50.5,190,13.4,345,25.7,88,23.3,14,69.9,89,71.6,74,16.5,83,17.0,105,107.8,88,107.0,59,106.7,269,106.9,286,76.4,245,-0.6,261,+0.5,110,-1.7,335,-0.3,221,-0.6,247,-0.3,202,1.74,124,16.0,346,54.1,107,2021,0.5294532993504736,13,12,0.52,25
193,Valparaiso,MVC,10-18,-2.94,96.6,275,99.5,123,67.0,239,-.028,247,+6.33,110,105.7,106,99.4,124,+5.09,135,,MVC,67.0,239,96.6,275,47.2,286,18.0,120,20.9,328,26.1,301,99.5,123,50.3,184,17.8,241,26.3,109,28.8,110,67.0,239,67.1,276,17.5,201,18.3,334,96.6,275,93.4,308,99.5,123,101.7,180,77.0,154,+0.1,150,-0.3,199,+0.5,102,+0.8,78,+0.8,103,-1.2,271,1.25,251,31.4,163,53.7,112,2021,0.415771247145151,10,18,0.35714285714285715,28
104,Vanderbilt,SEC,9-16,+8.25,108.9,71,100.6,136,68.6,147,-.128,352,+12.70,62,107.9,73,95.2,37,-3.13,260,,SEC,68.6,147,108.9,71,51.2,108,19.9,226,28.3,156,32.9,138,100.6,136,52.1,258,19.8,108,28.6,199,33.7,227,68.6,147,69.6,153,18.2,267,16.0,12,108.9,71,103.0,137,100.6,136,103.7,236,76.9,169,+0.2,128,+0.3,125,+0.1,168,+0.6,103,-0.5,233,-0.4,212,1.43,208,39.9,21,56.5,91,2021,0.7133467603712117,9,16,0.36,25
133,Vermont,AE,10-5,+3.22,105.5,118,102.2,177,66.4,267,-.069,313,-7.92,332,96.4,337,104.3,274,-99.00,331,,AE,66.4,267,105.5,118,53.3,47,18.1,125,26.6,203,33.0,137,102.2,177,47.0,40,19.0,151,23.2,19,33.5,216,66.4,267,66.5,290,17.9,243,17.9,286,105.5,118,108.4,44,102.2,177,94.0,21,76.4,247,-1.1,317,-1.2,298,-1.1,298,-0.6,251,-0.7,252,+0.9,117,1.89,90,31.9,156,59.5,68,2021,0.5903619030178261,10,5,0.6666666666666666,15
12,Villanova,BE,18-7,+23.02,119.0,6,96.0,66,64.2,336,-.007,200,+13.66,47,109.3,51,95.7,50,+8.12,89,5,BE,64.2,336,119.0,6,53.2,49,13.7,4,27.8,174,30.0,210,96.0,66,51.0,216,18.4,198,25.7,84,25.6,40,64.2,336,65.5,319,18.6,301,17.6,238,119.0,6,113.7,7,96.0,66,101.2,159,78.0,36,+0.5,96,-0.1,163,+1.0,60,+0.9,65,+0.9,70,+2.6,7,2.09,50,25.6,292,75.7,8,2021,0.922005722310348,18,7,0.72,25
19,Virginia,ACC,18-7,+21.42,114.7,17,93.3,36,59.9,357,+.025,118,+12.05,69,109.8,40,97.8,96,+0.24,211,4,ACC,59.9,357,114.7,17,55.4,14,15.0,10,22.7,308,21.7,343,93.3,36,48.0,77,15.3,332,22.6,14,24.8,31,59.9,357,60.8,347,20.3,346,18.8,344,114.7,17,111.7,16,93.3,36,98.8,101,77.7,63,+2.4,7,+3.1,5,+1.7,25,+2.2,4,-0.1,177,-3.0,329,2.24,29,20.0,337,46.8,162,2021,0.9148814137014272,18,7,0.72,25
52,Virginia Tech,ACC,15-7,+14.44,109.7,59,95.3,53,65.7,298,+.043,82,+9.69,85,107.9,72,98.2,106,+0.63,207,10,ACC,65.7,298,109.7,59,52.3,76,17.2,84,27.8,171,33.4,121,95.3,53,48.8,118,17.9,232,24.4,44,31.9,184,65.7,298,66.4,293,18.2,270,18.0,307,109.7,59,106.6,70,95.3,53,98.1,81,76.4,244,+0.1,152,-0.1,163,+0.2,135,-1.1,303,-0.8,254,-0.7,254,1.90,89,28.5,236,55.0,102,2021,0.83455708016666,15,7,0.6818181818181818,22
224,Wagner,NEC,13-7,-5.72,100.8,201,106.5,265,65.5,304,+.068,46,-8.56,336,97.8,320,106.4,340,+19.76,11,,NEC,65.5,304,100.8,201,49.1,209,18.1,126,34.8,18,28.0,264,106.5,265,50.3,183,20.9,62,28.1,180,44.3,338,65.5,304,66.8,284,18.4,294,17.5,218,100.8,201,104.7,96,106.5,265,100.5,141,76.6,230,-1.1,316,-1.6,326,-0.6,238,+0.3,128,+0.6,111,-0.5,222,1.16,275,22.0,323,45.9,174,2021,0.3469266130645636,13,7,0.65,20
175,Wake Forest,ACC,6-16,-0.64,101.3,191,101.9,169,67.0,241,-.109,345,+13.51,48,110.4,30,96.9,78,-17.91,327,,ACC,67.0,241,101.3,191,49.0,212,20.0,231,26.2,227,28.5,250,101.9,169,54.5,323,17.9,235,25.9,92,32.1,186,67.0,241,67.2,272,18.9,315,16.7,57,101.3,191,97.3,250,101.9,169,107.7,298,77.5,89,+0.3,111,-0.2,185,+0.9,62,+0.2,147,+0.7,107,+1.4,61,1.78,115,38.1,35,31.4,281,2021,0.48302812691514146,6,16,0.2727272727272727,22
129,Washington,P12,5-21,+3.65,104.0,135,100.4,134,71.0,53,-.061,300,+17.97,8,112.0,8,94.0,11,+11.85,45,,P12,71.0,53,104.0,135,48.9,219,19.2,184,23.4,293,26.2,299,100.4,134,51.2,221,17.2,271,34.4,341,34.7,253,71.0,53,71.0,93,16.4,69,17.4,208,104.0,135,95.3,282,100.4,134,108.8,311,77.8,54,+1.8,18,+2.6,13,+1.0,57,+0.6,93,+0.1,169,+0.0,179,1.53,187,33.2,122,43.4,199,2021,0.5999195609580001,5,21,0.19230769230769232,26
78,Washington St.,P12,14-13,+11.10,102.4,167,91.3,24,67.6,207,-.010,203,+12.08,68,108.9,61,96.8,75,-8.58,312,,P12,67.6,207,102.4,167,47.9,265,21.6,304,30.7,84,34.7,82,91.3,24,46.6,32,18.5,186,26.0,93,32.7,203,67.6,207,68.6,194,18.2,266,16.7,65,102.4,167,97.5,246,91.3,24,96.0,49,78.8,9,+1.6,25,+1.6,39,+1.7,28,+1.4,28,+1.9,16,+2.6,8,0.78,327,39.4,24,42.7,207,2021,0.7890923727341449,14,13,0.5185185185185185,27
122,Weber St.,BSky,17-6,+4.98,107.7,91,102.7,185,71.9,33,-.028,246,-3.07,246,101.0,240,104.0,264,+6.57,108,,BSky,71.9,33,107.7,91,56.4,8,17.2,85,22.4,314,36.8,48,102.7,185,49.9,165,18.9,154,24.5,49,32.2,190,71.9,33,71.5,78,15.9,32,17.6,248,107.7,91,110.7,21,102.7,185,99.1,106,77.5,97,+0.4,97,+0.5,107,+0.4,109,+0.9,66,-0.3,214,+1.3,73,1.43,210,28.2,243,21.0,316,2021,0.6333651859186942,17,6,0.7391304347826086,23
23,West Virginia,B12,19-10,+20.51,116.8,12,96.3,70,69.2,122,-.056,294,+15.18,31,109.6,45,94.4,20,+13.77,29,3,B12,69.2,122,116.8,12,48.9,217,16.8,71,35.9,8,37.9,31,96.3,70,51.0,217,21.0,58,31.1,283,27.9,87,69.2,122,70.4,113,17.4,179,16.8,74,116.8,12,108.6,40,96.3,70,100.9,151,77.2,137,+0.2,129,+0.2,131,+0.2,142,+0.2,138,-0.2,205,+0.8,126,1.39,221,29.8,203,64.1,47,2021,0.9019816653084051,19,10,0.6551724137931034,29
241,Western Carolina,SC,11-16,-7.07,99.9,220,106.9,272,70.5,77,+.031,105,+1.92,166,104.4,146,102.5,197,-3.78,269,,SC,70.5,77,99.9,220,51.8,87,19.4,196,22.6,311,32.2,156,106.9,272,54.1,317,15.9,322,24.5,48,28.5,101,70.5,77,72.1,55,16.8,125,16.7,60,99.9,220,100.0,195,106.9,272,107.8,300,76.2,281,-0.2,199,-0.5,215,+0.2,142,-1.7,326,-2.1,331,+0.3,162,2.18,37,28.8,228,59.5,69,2021,0.3145726368402718,11,16,0.4074074074074074,27
290,Western Illinois,Sum,7-15,-11.43,98.0,252,109.4,308,71.5,44,-.010,205,-0.67,198,104.0,158,104.7,298,-0.24,219,,Sum,71.5,44,98.0,252,45.8,315,17.3,91,27.9,169,36.5,55,109.4,308,54.4,322,16.1,315,23.1,18,38.8,312,71.5,44,73.7,24,16.6,100,15.9,3,98.0,252,98.8,216,109.4,308,109.2,315,77.3,124,+0.2,124,+0.3,123,+0.2,142,+1.8,16,+0.9,92,-1.4,283,0.56,339,38.1,36,7.1,343,2021,0.22002868311237492,7,15,0.3181818181818182,22
99,Western Kentucky,CUSA,21-8,+8.57,106.6,102,98.0,97,67.4,219,+.083,27,+4.32,133,103.6,166,99.3,120,+10.37,61,3,CUSA,67.4,219,106.6,102,50.5,140,20.5,257,31.8,61,35.5,70,98.0,97,49.4,138,18.9,158,24.2,38,22.4,8,67.4,219,69.1,176,17.6,216,16.9,89,106.6,102,104.1,108,98.0,97,97.7,74,76.3,261,-0.3,216,+0.7,91,-1.2,313,-0.8,273,-1.6,311,-0.0,181,2.70,3,30.6,179,57.6,80,2021,0.7245878645127177,21,8,0.7241379310344828,29
274,Western Michigan,MAC,5-16,-10.48,94.7,294,105.2,233,66.0,283,-.036,257,+4.37,131,106.4,95,102.1,180,+5.17,132,,MAC,66.0,283,94.7,294,49.3,201,21.1,286,23.5,291,24.2,327,105.2,233,50.2,180,14.3,340,29.4,230,26.2,47,66.0,283,68.0,224,18.3,281,16.5,38,94.7,294,93.2,311,105.2,233,107.7,299,76.3,255,-0.3,210,-0.3,189,-0.2,202,-0.9,290,-1.0,275,-0.4,216,1.29,239,41.2,15,52.8,122,2021,0.22983963172621666,5,16,0.23809523809523808,21
68,Wichita St.,Amer,16-6,+12.30,109.5,61,97.2,84,67.0,234,+.089,23,+10.47,81,106.4,96,96.0,57,+13.71,30,11,Amer,67.0,234,109.5,61,47.1,290,15.8,29,29.8,109,38.2,26,97.2,84,47.0,39,18.2,205,33.3,332,29.2,117,67.0,234,67.6,244,17.6,214,17.8,279,109.5,61,103.4,125,97.2,84,99.9,128,76.4,243,-0.8,284,-1.0,268,-0.6,237,+0.4,112,-1.0,272,-0.3,204,1.58,175,25.0,302,40.2,234,2021,0.7974236328301716,16,6,0.7272727272727273,22
302,William & Mary,CAA,7-10,-12.46,94.8,291,107.3,278,68.1,182,+.106,14,-0.79,201,103.1,179,103.8,257,+0.32,210,,CAA,68.1,182,94.8,291,46.1,308,20.2,240,28.6,150,32.0,159,107.3,278,51.0,211,16.9,283,31.8,303,23.6,18,68.1,182,67.2,265,17.9,241,17.5,221,94.8,291,95.1,287,107.3,278,106.9,287,77.3,112,-0.2,206,-0.1,175,-0.3,206,+0.1,149,+1.3,45,+1.1,101,0.99,304,27.9,257,31.8,278,2021,0.1939756582750004,7,10,0.4117647058823529,17
101,Winthrop,BSth,23-2,+8.48,105.0,124,96.5,71,73.1,14,+.036,96,-5.62,302,99.6,281,105.2,311,+4.18,149,12,BSth,73.1,14,105.0,124,52.6,63,19.3,190,35.4,12,35.6,69,96.5,71,49.1,126,22.0,38,22.1,10,34.4,248,73.1,14,72.4,46,15.0,10,18.0,314,105.0,124,108.8,36,96.5,71,92.5,12,76.7,213,-0.6,252,-1.3,306,+0.2,142,+0.2,139,+0.2,152,-0.5,223,1.46,200,42.0,14,70.7,19,2021,0.7252788126344979,23,2,0.92,25
14,Wisconsin,B10,18-13,+22.40,113.0,29,90.6,15,64.6,328,-.052,289,+18.13,6,112.1,7,93.9,8,+1.24,199,9,B10,64.6,328,113.0,29,49.9,174,13.6,3,23.8,280,26.3,297,90.6,15,47.9,68,17.3,266,25.2,68,28.4,99,64.6,328,65.7,317,19.0,320,17.4,186,113.0,29,105.6,85,90.6,15,97.6,71,78.0,39,+1.7,22,+1.4,45,+2.0,11,+1.3,31,+0.8,102,-0.2,199,2.66,4,28.8,230,73.9,12,2021,0.9269487118479867,18,13,0.5806451612903226,31
127,Wofford,SC,15-9,+4.39,106.4,106,102.0,171,65.9,291,+.025,119,+3.38,144,105.0,125,101.6,165,+6.31,110,,SC,65.9,291,106.4,106,54.9,21,18.9,173,25.5,240,24.3,325,102.0,171,52.0,254,18.6,178,28.0,176,25.4,37,65.9,291,67.3,263,18.1,263,17.4,211,106.4,106,106.4,72,102.0,171,103.5,231,75.5,330,-1.6,347,-1.3,305,-2.0,337,-1.9,335,-1.5,305,-0.7,241,1.58,174,29.9,202,43.3,201,2021,0.6190874650762659,15,9,0.625,24
73,Wright St.,Horz,18-6,+11.73,108.3,80,96.6,73,71.1,52,-.078,321,-3.35,251,102.7,190,106.0,336,+5.39,130,,Horz,71.1,52,108.3,80,54.4,29,18.1,127,34.2,26,34.5,88,96.6,73,45.1,9,16.7,297,25.0,62,21.8,4,71.1,52,72.1,53,16.3,59,16.9,91,108.3,80,113.0,8,96.6,73,93.0,15,77.4,106,-0.2,197,-0.4,205,+0.1,175,+1.1,37,+1.7,33,-0.2,190,1.67,144,20.2,335,55.9,97,2021,0.7883075425414023,18,6,0.75,24
164,Wyoming,MWC,14-11,+0.17,109.1,68,109.0,301,69.0,129,+.046,78,+1.30,175,102.4,197,101.1,151,-11.70,318,,MWC,69.0,129,109.1,68,53.7,42,16.0,31,22.9,304,35.3,75,109.0,301,52.9,287,18.2,208,27.8,166,33.9,236,69.0,129,70.0,134,17.4,188,16.8,79,109.1,68,108.1,45,109.0,301,107.3,293,77.8,51,+0.3,113,+0.3,124,+0.3,119,+0.8,79,+1.5,36,+1.7,39,1.20,262,30.9,170,44.1,190,2021,0.5026363810707611,14,11,0.56,25
66,Xavier,BE,13-8,+12.73,110.6,48,97.9,94,67.9,186,+.003,165,+10.29,82,107.9,74,97.6,92,+2.03,190,,BE,67.9,186,110.6,48,52.1,80,16.0,32,26.8,200,25.9,307,97.9,94,47.6,57,16.4,303,27.3,147,23.5,17,67.9,186,69.6,154,16.8,118,17.6,246,110.6,48,106.4,73,97.9,94,99.8,127,77.2,128,-0.0,171,-0.3,193,+0.3,127,-0.5,242,+0.9,70,+1.2,95,2.07,56,32.1,146,43.7,195,2021,0.8026113077717321,13,8,0.6190476190476191,21
123,Yale,Ivy,0-0,+4.98,107.1,99,102.1,172,67.9,185,+.000,173,-99.00,348,0.0,348,200.0,348,-99.00,331,,Ivy,67.9,185,107.1,99,0.0,348,100.0,348,0.0,348,0.0,348,102.1,172,100.0,348,0.0,348,100.0,348,100.0,348,67.9,185,0.0,348,0.0,1,0.0,1,107.1,99,0.0,348,102.1,172,200.0,348,0.0,348,+0.0,160,-99.0,348,-99.0,348,-99.0,348,-99.0,348,-99.0,348,0.00,348,0.0,348,0.0,344,2021,0.634093341678383,0,0,,0
246,Youngstown St.,Horz,15-12,-7.31,102.2,171,109.5,310,67.6,202,+.032,101,-4.05,271,102.0,214,106.0,337,-9.99,315,,Horz,67.6,202,102.2,171,48.7,228,16.7,65,32.9,33,31.6,165,109.5,310,54.3,320,18.7,171,29.0,214,26.3,48,67.6,202,68.3,205,17.6,217,17.4,196,102.2,171,106.1,78,109.5,310,108.6,309,76.4,252,-1.3,330,-1.4,314,-1.1,303,+0.1,149,+0.8,100,-1.1,270,2.08,52,28.0,254,55.3,100,2021,0.31143522538624163,15,12,0.5555555555555556,27
