rk,TEAM,CONF,RECORD,KADJ EM,adjo,adjo.rank,adjd,adjd.rank,adjt,adjt.rank,luck,luck.rank,sos-adjem,sos-adjem.rank,sos-oppo,sos-oppo.rank,sos-oppd,sos-oppd.rank,ncsos-adjem,ncsos-adjem.rank,seed,conference,KADJ T,adjtempo.rank,KADJ O,adjoe.rank,off-efg%,off-efg%.rank,off-to%,off-to%.rank,off-or%,off-or%.rank,off-ftrate,off-ftrate.rank,KADJ D,adjde.rank,def-efg%,def-efg%.rank,def-to%,def-to%.rank,def-or%,def-or%.rank,def-ftrate,def-ftrate.rank,tempo-adj,tempo-adj.rank,tempo-raw,tempo-raw.rank,off. efficiency-adj,off. efficiency-adj.rank,off. efficiency-raw,off. efficiency-raw.rank,def. efficiency-adj,def. efficiency-adj.rank,def. efficiency-raw,def. efficiency-raw.rank,YEAR,BARTHAG,W,L,WIN%,GAMES
152,Air Force,MWC,12-16,+1.27,105.2,111,104.0,192,52.9,327,-.074,299,+1.99,123,104.1,111,102.1,140,-6.08,290,,MWC,52.9,327,105.2,111,57.9,1,20.4,112,15.4,327,43.0,42,104.0,192,51.1,230,23.4,67,34.2,250,45.4,299,52.9,327,55.1,327,105.2,111,103.8,94,104.0,192,103.7,231,2003,0.5329353938175484,12,16,0.42857142857142855,28
178,Akron,MAC,14-14,-0.92,110.0,44,110.9,302,67.0,168,-.025,230,-1.77,187,102.3,168,104.0,227,-6.51,293,,MAC,67.0,168,110.0,44,53.5,23,17.8,12,27.9,285,46.3,17,110.9,302,54.6,318,21.6,157,37.1,304,38.9,211,67.0,168,68.6,167,110.0,44,110.5,19,110.9,302,110.2,315,2003,0.47659010845822897,14,14,0.5,28
38,Alabama,SEC,17-12,+14.60,110.3,39,95.7,54,65.3,243,-.015,205,+9.55,16,106.6,32,97.1,11,+2.31,102,10,SEC,65.3,243,110.3,39,47.6,239,19.7,72,36.5,45,36.4,161,95.7,54,47.6,83,20.6,215,29.8,65,31.6,63,65.3,243,66.1,262,110.3,39,103.7,96,95.7,54,98.6,104,2003,0.8365575969921133,17,12,0.5862068965517241,29
309,Alabama A&M,SWAC,7-18,-18.25,90.0,310,108.2,275,72.3,13,-.087,308,-13.35,322,92.9,327,106.3,293,-8.38,312,,SWAC,72.3,13,90.0,310,45.3,299,24.3,282,31.5,185,35.9,176,108.2,275,50.6,217,24.9,15,34.0,240,41.1,250,72.3,13,75.5,9,90.0,310,92.7,295,108.2,275,99.5,130,2003,0.1073620303456649,7,18,0.28,25
257,Alabama St.,SWAC,14-15,-9.95,90.9,303,100.9,141,64.2,275,-.025,229,-10.37,310,96.2,313,106.5,298,+1.53,118,,SWAC,64.2,275,90.9,303,48.0,223,25.0,301,34.1,99,29.8,296,100.9,141,45.2,14,22.2,123,30.1,72,41.2,252,64.2,275,67.4,226,90.9,303,93.7,285,100.9,141,94.2,25,2003,0.23143000753202972,14,15,0.4827586206896552,29
311,Albany,AE,7-21,-18.51,94.8,274,113.3,317,65.9,209,+.050,59,-6.11,268,98.6,270,104.7,260,-7.64,303,,AE,65.9,209,94.8,274,48.7,190,18.2,21,21.5,324,23.6,325,113.3,317,53.8,304,21.8,144,39.5,323,27.6,11,65.9,209,67.4,225,94.8,274,95.6,263,113.3,317,109.8,314,2003,0.1140420523300259,7,21,0.25,28
278,Alcorn St.,SWAC,14-19,-11.79,92.5,294,104.3,202,70.5,43,+.026,95,-8.22,292,96.7,305,104.9,269,+3.49,72,,SWAC,70.5,43,92.5,294,46.9,258,24.8,296,33.1,131,35.6,182,104.3,202,48.4,120,22.5,105,34.8,268,39.5,226,70.5,43,73.8,20,92.5,294,93.0,292,104.3,202,98.0,87,2003,0.20089318864035208,14,19,0.42424242424242425,33
146,American,Pat,16-14,+1.95,103.6,141,101.6,153,62.9,297,-.101,314,-5.66,261,98.0,281,103.6,208,-2.26,212,,Pat,62.9,297,103.6,141,51.5,84,20.4,111,27.2,294,30.9,287,101.6,153,48.7,132,22.6,102,31.7,139,31.2,57,62.9,297,63.7,304,103.6,141,103.3,110,101.6,153,96.2,50,2003,0.5558111180014211,16,14,0.5333333333333333,30
173,Appalachian St.,SC,16-10,-0.69,103.5,142,104.2,199,76.1,1,+.081,20,-3.50,224,100.6,216,104.1,234,+3.37,77,,SC,76.1,1,103.5,142,49.9,144,20.2,98,31.7,177,40.6,81,104.2,199,51.5,252,23.4,69,33.4,215,29.1,26,76.1,1,78.6,1,103.5,142,104.2,87,104.2,199,102.2,200,2003,0.4806307124846374,16,10,0.6153846153846154,26
4,Arizona,P10,28-4,+26.80,115.6,10,88.8,8,72.7,11,-.007,181,+8.69,31,107.2,14,98.5,52,+8.19,26,1,P10,72.7,11,115.6,10,51.5,82,19.0,36,38.7,11,36.8,151,88.8,8,45.8,27,21.7,150,30.4,81,26.9,10,72.7,11,75.9,5,115.6,10,110.7,17,88.8,8,92.1,11,2003,0.9540480179982204,28,4,0.875,32
30,Arizona St.,P10,20-12,+16.49,113.9,18,97.4,78,66.9,169,-.014,201,+8.74,30,106.4,41,97.7,26,+5.43,50,10,P10,66.9,169,113.9,18,51.3,89,19.5,63,37.1,33,45.4,26,97.4,78,49.9,191,21.8,139,31.3,117,37.3,175,66.9,169,69.7,123,113.9,18,108.5,32,97.4,78,100.1,146,2003,0.8581110228640615,20,12,0.625,32
134,Arkansas,SEC,9-19,+2.95,98.0,243,95.1,46,65.8,211,-.038,266,+10.25,11,107.4,8,97.2,14,+0.58,141,,SEC,65.8,211,98.0,243,44.7,307,24.6,290,37.9,25,35.2,196,95.1,46,47.3,76,19.6,268,28.3,32,46.5,309,65.8,211,67.8,206,98.0,243,91.1,309,95.1,46,99.0,117,2003,0.5855120486233678,9,19,0.32142857142857145,28
149,Arkansas Little Rock,SB,16-12,+1.63,102.3,163,100.7,138,66.1,205,+.035,81,-0.50,160,102.0,175,102.5,157,-3.58,241,,SB,66.1,205,102.3,163,51.2,90,22.8,236,30.2,229,42.1,55,100.7,138,49.5,165,22.1,124,32.6,181,37.0,168,66.1,205,67.8,204,102.3,163,100.7,177,100.7,138,99.0,120,2003,0.5451974222963143,16,12,0.5714285714285714,28
322,Arkansas Pine Bluff,SWAC,4-24,-25.62,77.2,327,102.9,174,67.7,128,+.014,128,-4.44,242,99.4,244,103.9,216,+16.45,1,,SWAC,67.7,128,77.2,327,39.8,327,26.6,320,23.3,321,32.4,270,102.9,174,49.3,159,24.1,39,41.0,327,42.8,280,67.7,128,71.6,59,77.2,327,76.2,327,102.9,174,102.6,208,2003,0.035413065219113936,4,24,0.14285714285714285,28
160,Arkansas St.,SB,11-15,+0.48,107.7,77,107.2,256,66.5,185,-.101,318,-0.48,158,101.6,186,102.1,141,-4.53,264,,SB,66.5,185,107.7,77,50.6,119,19.9,78,30.4,224,39.2,104,107.2,256,51.3,246,23.5,65,36.2,292,51.6,324,66.5,185,66.4,252,107.7,77,106.6,55,107.2,256,105.2,257,2003,0.5133751479437529,11,15,0.4230769230769231,26
323,Army,Pat,3-22,-25.67,85.6,321,111.3,303,62.2,303,+.026,97,-6.28,269,97.8,285,104.0,228,-9.59,314,,Pat,62.2,303,85.6,321,47.4,247,27.4,323,23.9,319,26.6,323,111.3,303,51.5,254,20.4,224,32.1,156,43.2,288,62.2,303,63.3,310,85.6,321,85.0,321,111.3,303,106.2,271,2003,0.046563506198301644,3,22,0.12,25
46,Auburn,SEC,22-12,+13.63,107.7,74,94.1,31,66.6,181,+.051,52,+8.22,39,106.0,55,97.8,27,-4.71,267,10,SEC,66.6,181,107.7,74,51.8,69,23.3,255,36.3,52,35.3,189,94.1,31,47.8,92,22.9,93,34.0,238,29.6,31,66.6,181,67.9,196,107.7,74,102.5,132,94.1,31,96.9,63,2003,0.8252604829071473,22,12,0.6470588235294118,34
135,Austin Peay,OVC,20-8,+2.65,100.7,197,98.0,86,64.4,273,+.171,1,-0.97,170,104.2,109,105.1,279,+7.41,27,13,OVC,64.4,273,100.7,197,50.8,110,22.4,217,29.1,258,45.9,22,98.0,86,48.7,131,20.4,225,31.7,143,32.3,69,64.4,273,67.2,231,100.7,197,101.7,151,98.0,86,99.6,135,2003,0.5775077337341794,20,8,0.7142857142857143,28
24,BYU,MWC,23-9,+17.68,109.4,52,91.7,16,65.5,234,-.031,247,+5.49,74,107.3,11,101.8,130,+5.20,52,12,MWC,65.5,234,109.4,52,52.1,53,20.5,119,32.3,158,46.1,21,91.7,16,45.5,19,21.8,142,27.5,19,46.0,303,65.5,234,66.2,261,109.4,52,108.3,34,91.7,16,95.3,38,2003,0.8838718612891326,23,9,0.71875,32
169,Ball St.,MAC,13-17,-0.35,106.5,94,106.8,251,70.1,54,+.012,135,+2.41,116,104.2,108,101.8,129,+5.76,45,,MAC,70.1,54,106.5,94,47.3,249,18.2,19,33.7,109,36.6,157,106.8,251,52.0,267,20.6,214,33.4,216,51.5,323,70.1,54,70.3,102,106.5,94,103.6,101,106.8,251,107.8,292,2003,0.49191349870420464,13,17,0.43333333333333335,30
102,Baylor,B12,14-14,+5.97,106.6,92,100.7,137,65.6,225,-.006,177,+5.20,77,103.5,130,98.3,44,-12.74,324,,B12,65.6,225,106.6,92,48.5,199,19.5,60,30.6,215,30.2,294,100.7,137,49.7,181,21.6,158,33.9,233,25.7,8,65.6,225,67.8,205,106.6,92,101.4,162,100.7,137,101.0,169,2003,0.6580876447366012,14,14,0.5,28
165,Belmont,ASun,17-12,+0.18,103.2,149,103.0,180,67.2,155,+.020,118,-3.17,220,101.1,197,104.3,239,+5.99,40,,ASun,67.2,155,103.2,149,54.0,18,24.1,277,31.5,186,34.6,206,103.0,180,49.6,176,21.5,160,30.6,94,35.1,126,67.2,155,69.4,133,103.2,149,103.5,102,103.0,180,100.9,167,2003,0.505576880067528,17,12,0.5862068965517241,29
314,Bethune Cookman,MEAC,8-22,-22.40,89.4,313,111.8,309,67.1,163,-.018,211,-12.93,320,94.9,319,107.9,319,-0.97,178,,MEAC,67.1,163,89.4,313,46.4,270,23.0,242,32.0,167,33.0,246,111.8,309,52.7,283,23.8,48,37.0,303,41.1,248,67.1,163,68.7,157,89.4,313,93.8,284,111.8,309,105.5,260,2003,0.07100882308614156,8,22,0.26666666666666666,30
198,Binghamton,AE,14-13,-3.57,96.7,258,100.3,129,66.1,203,+.007,145,-5.23,254,99.3,250,104.5,251,-2.15,207,,AE,66.1,203,96.7,258,48.7,189,22.0,197,31.5,188,28.0,313,100.3,129,45.2,13,20.4,223,32.7,187,34.6,115,66.1,203,68.1,188,96.7,258,97.4,240,100.3,129,96.7,59,2003,0.39643267491001144,14,13,0.5185185185185185,27
228,Birmingham Southern,BSth,17-9,-6.59,100.5,201,107.1,253,63.4,288,+.035,79,-12.10,316,94.7,321,106.8,304,-8.06,307,,BSth,63.4,288,100.5,201,52.0,60,23.9,270,32.2,163,44.7,31,107.1,253,48.9,138,23.0,88,31.4,119,36.7,159,63.4,288,65.6,276,100.5,201,103.6,100,107.1,253,98.7,110,2003,0.3248743401365861,17,9,0.6538461538461539,26
183,Boise St.,WAC,12-16,-1.56,96.0,263,97.5,80,66.7,178,-.032,253,-0.89,167,101.8,180,102.7,166,-4.15,256,,WAC,66.7,178,96.0,263,45.7,289,20.7,131,29.6,245,37.2,143,97.5,80,47.9,95,24.2,37,30.6,95,41.7,264,66.7,178,68.3,178,96.0,263,94.8,270,97.5,80,96.2,52,2003,0.4555431757387771,12,16,0.42857142857142855,28
49,Boston College,BE,19-12,+13.30,117.7,4,104.4,203,68.2,112,+.034,85,+8.51,33,106.1,48,97.6,22,+2.55,93,,BE,68.2,112,117.7,4,52.0,61,18.8,33,37.0,37,42.1,57,104.4,203,50.0,192,19.9,256,38.0,316,35.4,130,68.2,112,69.9,114,117.7,4,111.8,8,104.4,203,107.6,286,2003,0.7988235013443095,19,12,0.6129032258064516,31
125,Boston University,AE,20-11,+3.64,102.4,161,98.7,100,64.4,274,+.013,133,-3.75,232,99.6,238,103.4,200,+5.48,48,,AE,64.4,274,102.4,161,48.9,179,20.1,94,31.7,180,34.8,203,98.7,100,45.1,12,19.5,272,28.7,37,45.1,298,64.4,274,65.9,267,102.4,161,102.0,142,98.7,100,95.1,36,2003,0.604253584602755,20,11,0.6451612903225806,31
184,Bowling Green,MAC,11-16,-1.88,98.7,230,100.6,134,66.1,202,+.050,58,+3.27,103,105.7,61,102.5,155,+8.25,25,,MAC,66.1,202,98.7,230,50.3,125,24.6,288,26.3,305,49.8,3,100.6,134,50.3,205,21.3,176,32.4,171,45.5,300,66.1,202,67.6,216,98.7,230,97.9,229,100.6,134,103.9,235,2003,0.4454000739221374,11,16,0.4074074074074074,27
145,Bradley,MVC,12-18,+1.95,103.1,152,101.2,145,68.6,93,-.125,325,+1.11,137,103.9,116,102.8,175,+1.41,122,,MVC,68.6,93,103.1,152,49.3,169,19.9,80,28.8,263,41.3,66,101.2,145,52.4,274,22.3,115,28.3,35,35.9,139,68.6,93,70.1,109,103.1,152,102.0,141,101.2,145,101.8,192,2003,0.5532738433508397,12,18,0.4,30
158,Brown,Ivy,17-12,+0.76,105.6,105,104.8,215,70.6,41,+.042,70,-2.43,208,100.7,215,103.1,190,-0.20,157,,Ivy,70.6,41,105.6,105,52.2,50,21.9,192,27.9,288,45.7,25,104.8,215,51.2,243,21.5,165,32.2,162,30.8,55,70.6,41,70.5,96,105.6,105,104.3,86,104.8,215,102.2,198,2003,0.5218492997047407,17,12,0.5862068965517241,29
220,Bucknell,Pat,14-15,-5.75,91.1,301,96.8,66,63.3,289,-.005,175,-5.32,256,99.3,248,104.6,258,-3.51,239,,Pat,63.3,289,91.1,301,46.6,264,24.9,299,28.5,271,46.3,18,96.8,66,49.0,146,23.9,44,26.0,7,32.6,81,63.3,289,63.6,305,91.1,301,91.2,307,96.8,66,93.0,14,2003,0.3322722904673334,14,15,0.4827586206896552,29
259,Buffalo,MAC,5-23,-10.33,95.4,271,105.8,232,66.8,175,-.127,326,-0.38,157,103.5,127,103.9,215,-3.82,250,,MAC,66.8,175,95.4,271,44.9,305,21.3,164,34.4,88,33.1,242,105.8,232,52.7,285,19.4,279,32.4,172,48.0,315,66.8,175,67.8,207,95.4,271,95.7,261,105.8,232,106.8,279,2003,0.2332719345771616,5,23,0.17857142857142858,28
31,Butler,Horz,27-6,+16.09,115.4,11,99.3,110,58.6,325,+.073,24,+4.10,91,104.5,95,100.4,94,+1.84,112,12,Horz,58.6,325,115.4,11,55.6,6,17.4,9,26.4,301,32.5,261,99.3,110,49.7,182,19.9,251,33.1,205,28.2,13,58.6,325,59.4,325,115.4,11,112.7,4,99.3,110,100.6,155,2003,0.8491533459479446,27,6,0.8181818181818182,33
181,Cal Poly,BW,15-14,-1.38,98.4,234,99.7,119,69.2,75,+.045,65,-1.64,183,101.2,194,102.8,176,+0.71,136,,BW,69.2,75,98.4,234,48.2,216,22.9,239,30.5,220,35.0,199,99.7,119,46.9,54,21.9,135,33.5,219,37.7,188,69.2,75,68.5,170,98.4,234,97.7,234,99.7,119,98.9,113,2003,0.4623374645942925,15,14,0.5172413793103449,29
234,Cal St. Fullerton,BW,10-19,-7.48,101.4,181,108.9,284,59.9,320,-.008,184,-2.38,206,100.9,207,103.2,196,-2.61,217,,BW,59.9,320,101.4,181,48.5,197,21.1,151,36.1,58,37.7,129,108.9,284,54.5,316,22.5,108,31.4,120,39.5,225,59.9,320,61.0,319,101.4,181,100.3,184,108.9,284,106.4,276,2003,0.3056352935732091,10,19,0.3448275862068966,29
189,Cal St. Northridge,BW,13-15,-2.53,100.6,198,103.1,183,67.8,126,-.019,213,-2.31,205,100.6,218,102.9,177,-0.95,176,,BW,67.8,126,100.6,198,50.3,128,24.5,287,33.1,132,39.5,100,103.1,183,50.6,219,24.4,30,30.5,84,50.7,321,67.8,126,68.4,174,100.6,198,100.0,189,103.1,183,100.7,160,2003,0.4298919432888362,13,15,0.4642857142857143,28
47,California,P10,22-9,+13.59,109.9,45,96.3,63,65.9,208,+.061,42,+7.06,57,106.7,31,99.6,79,+0.30,147,8,P10,65.9,208,109.9,45,52.0,57,19.8,75,31.4,194,33.1,245,96.3,63,49.6,169,21.0,194,29.5,53,30.4,45,65.9,208,69.1,145,109.9,45,105.7,68,96.3,63,99.8,139,2003,0.820417587707436,22,9,0.7096774193548387,31
318,Campbell,ASun,4-22,-24.53,92.2,295,116.7,324,66.4,187,-.012,195,-7.21,279,99.5,243,106.7,302,-9.86,315,,ASun,66.4,187,92.2,295,50.1,139,23.4,256,23.4,320,35.3,191,116.7,324,56.3,324,21.2,183,38.7,321,30.2,41,66.4,187,68.1,186,92.2,295,94.1,278,116.7,324,113.8,325,2003,0.06238972961214931,4,22,0.15384615384615385,26
202,Canisius,MAAC,10-18,-3.77,99.3,218,103.0,182,68.6,97,-.116,321,-2.57,210,101.2,196,103.7,210,-0.42,161,,MAAC,68.6,97,99.3,218,48.8,181,20.2,97,30.1,231,27.2,321,103.0,182,47.2,74,20.1,241,34.4,254,35.8,135,68.6,97,70.8,85,99.3,218,99.5,200,103.0,182,100.6,157,2003,0.3963470339249942,10,18,0.35714285714285715,28
245,Centenary,ind,10-14,-8.60,103.1,151,111.7,306,68.9,84,+.031,90,-3.92,236,99.0,257,102.9,179,+2.11,105,,ind,68.9,84,103.1,151,49.1,173,22.3,212,32.2,160,40.7,79,111.7,306,54.3,313,23.8,49,40.7,326,41.4,257,68.9,84,72.2,46,103.1,151,100.4,183,111.7,306,107.9,298,2003,0.2846830809380861,10,14,0.4166666666666667,24
238,Central Connecticut,NEC,15-13,-8.04,101.1,189,109.2,290,61.6,312,+.024,102,-9.68,308,97.3,292,107.0,308,-4.92,270,,NEC,61.6,312,101.1,189,51.3,88,23.9,271,37.1,30,33.7,225,109.2,290,52.7,282,20.4,222,31.2,113,23.5,2,61.6,312,64.6,293,101.1,189,104.6,84,109.2,290,104.0,239,2003,0.2918707060737925,15,13,0.5357142857142857,28
70,Central Michigan,MAC,25-7,+10.01,109.5,51,99.4,113,71.7,20,+.137,3,+2.06,122,104.3,102,102.3,152,+2.86,89,11,MAC,71.7,20,109.5,51,56.6,3,25.2,304,34.7,85,47.0,12,99.4,113,50.4,208,22.3,116,31.7,144,37.4,179,71.7,20,72.7,36,109.5,51,108.0,36,99.4,113,101.2,176,2003,0.7526662027174982,25,7,0.78125,32
250,Charleston Southern,BSth,12-14,-9.10,94.2,278,103.3,186,65.0,255,-.020,216,-9.57,306,97.2,293,106.8,303,+1.11,128,,BSth,65.0,255,94.2,278,47.7,235,21.8,184,30.7,212,29.6,300,103.3,186,49.9,189,25.2,9,31.6,133,40.2,235,65.0,255,66.5,249,94.2,278,97.0,243,103.3,186,97.8,83,2003,0.257214347953104,12,14,0.46153846153846156,26
103,Charlotte,CUSA,13-16,+5.97,104.5,125,98.5,94,65.8,217,-.007,182,+7.57,47,105.7,63,98.1,38,+4.65,58,,CUSA,65.8,217,104.5,125,46.2,281,19.8,76,35.1,74,33.7,227,98.5,94,51.4,248,22.4,112,29.1,44,30.8,52,65.8,217,67.6,211,104.5,125,98.9,208,98.5,94,101.3,179,2003,0.6637389244123846,13,16,0.4482758620689655,29
127,Chattanooga,SC,19-9,+3.34,110.6,36,107.3,258,69.2,72,+.034,83,-3.70,231,100.7,213,104.4,241,+1.75,116,,SC,69.2,72,110.6,36,54.4,12,22.8,234,36.5,44,39.8,96,107.3,258,52.8,289,21.6,152,32.0,153,29.4,29,69.2,72,71.9,53,110.6,36,110.9,16,107.3,258,104.3,243,2003,0.5862177779872808,19,9,0.6785714285714286,28
308,Chicago St.,MCon,3-27,-18.22,93.2,288,111.4,305,65.7,220,-.037,265,-2.20,202,102.0,176,104.2,235,+0.27,149,,MCon,65.7,220,93.2,288,47.8,232,25.7,309,34.2,97,37.5,132,111.4,305,54.0,309,20.7,212,34.4,253,47.5,312,65.7,220,67.5,222,93.2,288,93.2,289,111.4,305,110.6,319,2003,0.11391448116044947,3,27,0.1,30
36,Cincinnati,CUSA,17-12,+14.69,105.0,116,90.3,13,66.4,188,-.066,297,+7.32,51,106.6,33,99.3,68,+3.65,68,8,CUSA,66.4,188,105.0,116,46.3,277,16.1,2,32.4,155,37.1,145,90.3,13,45.7,24,21.1,191,29.6,60,38.4,203,66.4,188,67.5,219,105.0,116,100.7,174,90.3,13,93.2,16,2003,0.8499824266636713,17,12,0.5862068965517241,29
105,Clemson,ACC,15-13,+5.75,107.3,82,101.6,152,63.6,285,+.026,94,+5.05,80,104.0,112,99.0,65,-12.32,323,,ACC,63.6,285,107.3,82,48.5,201,20.3,104,37.0,34,40.4,88,101.6,152,50.1,200,21.8,143,33.3,212,34.1,105,63.6,285,66.3,260,107.3,82,103.3,108,101.6,152,102.8,216,2003,0.6519743000707091,15,13,0.5357142857142857,28
240,Cleveland St.,Horz,8-22,-8.12,97.7,248,105.8,235,66.1,200,-.011,192,+2.17,119,104.9,77,102.7,169,-0.56,166,,Horz,66.1,200,97.7,248,50.4,124,25.4,307,30.6,216,41.2,69,105.8,235,52.0,265,21.1,192,37.2,309,36.0,144,66.1,200,67.6,213,97.7,248,96.1,256,105.8,235,107.2,282,2003,0.28578116542139614,8,22,0.26666666666666666,30
261,Coastal Carolina,BSth,11-15,-10.47,98.4,235,108.8,283,65.3,241,-.019,214,-9.23,302,96.7,303,105.9,290,+0.46,144,,BSth,65.3,241,98.4,235,48.8,182,24.9,298,37.1,32,33.8,223,108.8,283,49.5,166,20.9,200,32.7,184,46.2,307,65.3,241,67.5,221,98.4,235,99.7,196,108.8,283,102.8,218,2003,0.23950211203819202,11,15,0.4230769230769231,26
235,Colgate,Pat,12-14,-7.72,97.4,251,105.2,223,66.2,198,+.003,156,-7.11,278,97.9,283,105.0,273,-6.33,291,,Pat,66.2,198,97.4,251,49.2,171,21.3,161,28.5,268,26.7,322,105.2,223,51.5,253,22.4,113,30.3,76,38.5,206,66.2,198,67.1,234,97.4,251,98.2,223,105.2,223,100.8,164,2003,0.2919511631682725,12,14,0.46153846153846156,26
120,College of Charleston,SC,23-8,+4.08,102.5,159,98.4,92,67.1,161,+.079,22,-2.83,214,101.2,193,104.1,229,-0.13,156,,SC,67.1,161,102.5,159,51.7,76,20.0,83,27.9,287,34.2,216,98.4,92,46.9,58,22.1,129,32.8,195,36.3,150,67.1,161,69.8,122,102.5,159,103.4,104,98.4,92,97.1,68,2003,0.6152542657413319,23,8,0.7419354838709677,31
34,Colorado,B12,20-12,+15.27,109.1,56,93.8,28,69.9,56,+.001,162,+9.02,23,106.9,24,97.8,30,+0.22,151,10,B12,69.9,56,109.1,56,48.4,208,19.4,50,37.0,38,38.7,107,93.8,28,45.6,21,17.3,320,30.2,74,29.6,33,69.9,56,71.8,55,109.1,56,104.1,89,93.8,28,97.7,80,2003,0.8503883796250726,20,12,0.625,32
104,Colorado St.,MWC,17-14,+5.96,110.6,37,104.6,205,67.1,162,+.031,88,+4.39,89,104.6,86,100.2,92,-3.45,235,14,MWC,67.1,162,110.6,37,54.1,17,23.6,262,34.8,83,46.4,16,104.6,205,49.5,163,17.8,313,32.9,196,39.4,224,67.1,162,68.4,173,110.6,37,106.8,53,104.6,205,106.0,264,2003,0.6550766833289139,17,14,0.5483870967741935,31
316,Columbia,Ivy,2-25,-22.93,82.7,325,105.7,230,60.0,318,-.032,256,-4.01,237,99.4,245,103.4,204,-5.28,281,,Ivy,60.0,318,82.7,325,42.8,323,28.1,326,28.3,273,35.2,194,105.7,230,49.6,175,21.5,166,31.4,126,39.3,221,60.0,318,60.7,321,82.7,325,82.0,325,105.7,230,102.1,195,2003,0.05615051562740114,2,25,0.07407407407407407,27
22,Connecticut,BE,23-10,+19.54,111.6,26,92.0,17,71.2,29,+.005,152,+8.75,29,107.3,10,98.6,57,-3.48,237,5,BE,71.2,29,111.6,26,51.6,77,20.9,138,40.7,3,35.8,178,92.0,17,42.7,2,17.8,315,32.2,159,32.3,70,71.2,29,73.4,26,111.6,26,107.6,47,92.0,17,96.9,62,2003,0.9021216006813736,23,10,0.696969696969697,33
287,Coppin St.,MEAC,11-17,-13.18,94.2,279,107.4,261,59.5,321,+.002,161,-8.16,291,97.5,290,105.7,288,+13.71,3,,MEAC,59.5,321,94.2,279,48.3,214,24.4,284,30.6,214,32.5,264,107.4,261,52.4,277,24.2,34,33.8,230,31.8,66,59.5,321,60.3,324,94.2,279,95.5,264,107.4,261,101.9,193,2003,0.18121905913499428,11,17,0.39285714285714285,28
293,Cornell,Ivy,8-18,-15.11,92.5,293,107.6,264,64.9,261,+.042,72,-3.78,233,99.6,239,103.4,203,-4.00,252,,Ivy,64.9,261,92.5,293,48.7,191,23.8,268,27.4,292,34.4,211,107.6,264,52.1,268,22.1,126,33.4,214,33.2,91,64.9,261,65.0,288,92.5,293,92.4,297,107.6,264,104.8,250,2003,0.1494478738181376,8,18,0.3076923076923077,26
26,Creighton,MVC,29-5,+17.54,112.4,24,94.9,40,68.4,103,+.026,99,-0.19,155,102.5,159,102.7,168,-0.51,164,6,MVC,68.4,103,112.4,24,56.7,2,19.5,61,33.3,123,34.7,205,94.9,40,47.8,93,24.4,28,30.1,71,30.7,50,68.4,103,69.4,136,112.4,24,113.4,2,94.9,40,93.2,17,2003,0.8750385514663206,29,5,0.8529411764705882,34
284,Dartmouth,Ivy,8-19,-12.45,95.6,267,108.1,271,60.5,316,-.058,288,-5.25,255,99.0,255,104.3,236,-6.58,296,,Ivy,60.5,316,95.6,267,49.5,154,20.1,89,21.8,323,29.1,305,108.1,271,50.2,201,20.3,230,32.8,194,36.5,153,60.5,316,61.0,317,95.6,267,95.8,258,108.1,271,104.4,245,2003,0.19573534798652123,8,19,0.2962962962962963,27
143,Davidson,SC,14-10,+2.18,103.2,148,101.0,143,70.3,48,+.004,154,-2.28,204,101.0,201,103.3,197,+11.96,9,,SC,70.3,48,103.2,148,52.9,29,25.3,306,32.5,146,32.5,269,101.0,143,47.1,65,19.2,283,30.3,75,32.4,73,70.3,48,74.1,18,103.2,148,102.8,123,101.0,143,99.0,118,2003,0.561636376348685,14,10,0.5833333333333334,24
40,Dayton,A10,24-6,+14.53,116.4,8,101.9,161,64.4,270,+.084,14,+4.91,83,104.4,99,99.5,75,+5.51,47,4,A10,64.4,270,116.4,8,52.0,62,20.4,107,39.7,4,41.0,76,101.9,161,48.1,103,18.2,304,33.5,218,30.8,54,64.4,270,64.7,292,116.4,8,112.1,6,101.9,161,102.8,214,2003,0.8220014629395435,24,6,0.8,30
69,DePaul,CUSA,16-13,+10.04,105.1,115,95.1,47,65.8,214,-.006,178,+6.47,63,105.1,71,98.6,58,+1.87,110,,CUSA,65.8,214,105.1,115,48.4,210,22.6,228,37.1,31,40.1,92,95.1,47,48.0,100,19.8,259,27.9,24,36.7,160,65.8,214,66.9,240,105.1,115,100.5,182,95.1,47,97.3,73,2003,0.7594758539863824,16,13,0.5517241379310345,29
171,Delaware,CAA,15-14,-0.43,99.5,212,99.9,125,69.0,79,+.007,144,-0.98,171,100.5,220,101.5,118,+0.47,143,,CAA,69.0,79,99.5,212,46.7,262,19.1,40,27.6,290,31.6,279,99.9,125,47.7,90,21.1,187,30.6,92,36.8,162,69.0,79,69.8,119,99.5,212,97.6,237,99.9,125,97.1,69,2003,0.48846742648298985,15,14,0.5172413793103449,29
264,Delaware St.,MEAC,15-12,-10.69,98.1,242,108.7,282,59.2,322,+.068,33,-11.54,314,96.5,307,108.1,323,+8.90,21,,MEAC,59.2,322,98.1,242,50.7,113,22.4,215,35.9,61,34.5,210,108.7,282,49.2,157,22.6,98,39.8,324,37.9,192,59.2,322,60.5,322,98.1,242,101.6,154,108.7,282,102.5,204,2003,0.2350610216244032,15,12,0.5555555555555556,27
136,Denver,SB,17-15,+2.53,102.4,162,99.8,121,67.3,153,-.027,232,-0.56,161,102.8,150,103.4,201,-3.69,244,,SB,67.3,153,102.4,162,47.5,245,19.1,41,32.5,147,33.4,236,99.8,121,50.3,202,20.8,204,27.6,20,35.0,125,67.3,153,68.6,163,102.4,162,102.3,135,99.8,121,99.1,121,2003,0.5734064429324105,17,15,0.53125,32
63,Detroit,Horz,18-12,+10.60,109.6,48,99.0,105,64.4,272,-.089,309,+1.19,134,103.8,121,102.6,162,+0.83,134,,Horz,64.4,272,109.6,48,52.2,51,19.0,39,33.5,113,34.1,218,99.0,105,48.9,143,21.5,163,29.6,57,39.0,212,64.4,272,65.4,280,109.6,48,108.6,30,99.0,105,99.6,133,2003,0.763100100735379,18,12,0.6,30
225,Drake,MVC,8-20,-6.22,101.7,172,107.9,269,62.3,302,-.024,227,+1.66,126,103.1,142,101.5,117,+2.37,101,,MVC,62.3,302,101.7,172,50.6,120,22.3,213,24.8,315,41.7,62,107.9,269,52.9,290,17.6,319,27.5,18,32.8,83,62.3,302,63.5,307,101.7,172,99.2,204,107.9,269,107.9,297,2003,0.336140334304032,8,20,0.2857142857142857,28
111,Drexel,CAA,18-12,+5.02,101.7,173,96.7,65,67.6,138,+.013,129,+0.21,150,101.2,192,101.0,106,+4.16,61,,CAA,67.6,138,101.7,173,48.5,202,19.8,74,29.2,257,33.6,228,96.7,65,46.7,48,21.9,134,30.1,73,31.5,62,67.6,138,68.1,184,101.7,173,99.6,199,96.7,65,94.9,33,2003,0.6410121475264299,18,12,0.6,30
6,Duke,ACC,26-7,+23.75,115.0,13,91.3,15,70.7,40,-.030,246,+8.85,28,107.1,17,98.3,43,+0.64,138,3,ACC,70.7,40,115.0,13,51.4,86,19.0,37,35.7,64,45.3,27,91.3,15,47.5,82,24.4,29,33.1,203,37.6,184,70.7,40,73.1,29,115.0,13,110.5,20,91.3,15,94.9,32,2003,0.9342562051666338,26,7,0.7878787878787878,33
206,Duquesne,A10,9-21,-4.17,99.4,215,103.5,190,68.0,119,-.015,203,+2.98,110,103.5,126,100.5,96,-3.32,233,,A10,68.0,119,99.4,215,49.8,148,26.9,322,31.6,183,38.5,110,103.5,190,51.0,226,21.9,136,34.5,261,40.7,242,68.0,119,69.8,117,99.4,215,94.7,273,103.5,190,103.8,234,2003,0.38584200611320835,9,21,0.3,30
164,East Carolina,CUSA,10-15,+0.22,99.3,216,99.1,107,65.2,249,-.018,210,+5.61,71,105.2,70,99.6,76,-5.49,286,,CUSA,65.2,249,99.3,216,44.3,314,19.5,56,33.5,114,34.4,213,99.1,107,47.1,62,17.7,317,28.3,31,29.0,25,65.2,249,65.7,273,99.3,216,95.4,266,99.1,107,100.6,156,2003,0.5057961132835335,10,15,0.4,25
147,East Tennessee St.,SC,17-11,+1.75,101.3,186,99.6,116,75.2,3,+.036,76,-1.80,188,102.1,169,103.9,219,+4.80,57,15,SC,75.2,3,101.3,186,49.8,151,23.8,269,36.2,54,40.6,80,99.6,116,49.7,178,24.2,36,35.1,277,33.4,92,75.2,3,77.7,2,101.3,186,101.8,147,99.6,116,99.2,123,2003,0.548504192618169,17,11,0.6071428571428571,28
180,Eastern Illinois,OVC,13-15,-1.29,106.8,89,108.1,273,69.8,62,-.008,187,-0.82,166,103.2,139,104.0,226,+6.02,38,,OVC,69.8,62,106.8,89,49.9,147,17.8,13,31.8,174,32.5,262,108.1,273,53.5,296,20.1,240,34.1,244,36.0,140,69.8,62,72.4,42,106.8,89,106.5,56,108.1,273,107.8,294,2003,0.4652719619886149,13,15,0.4642857142857143,28
269,Eastern Kentucky,OVC,7-17,-10.97,99.5,213,110.4,297,71.3,26,-.033,259,-3.62,228,102.0,178,105.6,285,-4.86,269,,OVC,71.3,26,99.5,213,49.3,164,20.1,91,28.6,267,37.8,126,110.4,297,54.3,314,21.5,170,33.0,200,52.6,326,71.3,26,73.8,22,99.5,213,101.4,163,110.4,297,109.6,313,2003,0.23228497738903567,7,17,0.2916666666666667,24
203,Eastern Michigan,MAC,12-14,-3.86,104.0,132,107.8,267,72.8,8,+.057,47,-1.01,173,102.1,172,103.1,189,-7.61,302,,MAC,72.8,8,104.0,132,50.2,133,20.4,116,32.4,152,49.7,4,107.8,267,52.5,279,19.3,280,33.8,231,36.4,152,72.8,8,73.8,23,104.0,132,103.2,114,107.8,267,107.4,284,2003,0.39826543229446054,12,14,0.46153846153846156,26
109,Eastern Washington,BSky,17-13,+5.29,102.9,155,97.6,81,67.9,123,-.031,250,+0.29,147,101.4,187,101.1,108,+3.79,64,,BSky,67.9,123,102.9,155,51.5,83,24.1,278,30.0,234,45.7,23,97.6,81,48.2,110,24.0,43,29.7,62,44.0,292,67.9,123,69.6,129,102.9,155,99.9,191,97.6,81,95.3,39,2003,0.6475122216760316,17,13,0.5666666666666667,30
292,Elon,BSth,10-15,-14.35,93.0,291,107.3,259,63.2,294,+.061,41,-8.04,290,98.9,260,106.9,307,+7.16,30,,BSth,63.2,294,93.0,291,46.5,269,24.8,293,36.3,48,33.7,224,107.3,259,51.7,260,21.5,168,31.7,140,41.5,260,63.2,294,64.5,295,93.0,291,95.4,265,107.3,259,105.1,256,2003,0.16180819590735754,10,15,0.4,25
182,Evansville,MVC,12-16,-1.55,105.9,101,107.5,263,67.5,141,+.048,63,+3.33,101,104.5,94,101.2,109,+6.65,34,,MVC,67.5,141,105.9,101,54.3,13,23.6,263,29.5,248,45.1,29,107.5,263,52.3,273,18.3,301,29.5,54,39.9,231,67.5,141,67.1,235,105.9,101,103.5,103,107.5,263,109.5,312,2003,0.4569941900454018,12,16,0.42857142857142855,28
227,FIU,SB,7-21,-6.29,95.0,272,101.3,148,61.6,313,-.101,315,+0.88,141,103.1,144,102.2,149,-2.98,225,,SB,61.6,313,95.0,272,44.3,312,24.5,286,38.2,22,42.7,46,101.3,148,52.1,269,24.5,25,31.2,112,41.3,254,61.6,313,63.6,306,95.0,272,92.9,293,101.3,148,100.7,161,2003,0.3233520454299413,7,21,0.25,28
154,Fairfield,MAAC,19-12,+0.94,99.2,220,98.2,89,69.2,77,+.082,17,-1.34,179,102.1,171,103.5,205,+1.75,115,,MAAC,69.2,77,99.2,220,48.3,215,23.5,260,32.9,138,46.2,20,98.2,89,45.8,26,20.9,203,30.5,82,36.5,156,69.2,77,71.4,60,99.2,220,98.6,218,98.2,89,97.4,75,2003,0.5290960123110794,19,12,0.6129032258064516,31
279,Fairleigh Dickinson,NEC,15-14,-11.82,97.2,254,109.0,286,68.0,120,+.065,36,-11.18,312,96.7,304,107.9,320,-12.15,322,,NEC,68.0,120,97.2,254,51.0,97,20.5,125,26.4,302,32.5,263,109.0,286,51.7,257,23.3,74,37.4,312,35.8,136,68.0,120,70.0,111,97.2,254,101.6,153,109.0,286,104.0,238,2003,0.21121162648294792,15,14,0.5172413793103449,29
11,Florida,SEC,25-8,+22.14,116.5,6,94.4,36,65.0,256,+.008,140,+8.30,36,105.9,56,97.6,24,-0.90,174,2,SEC,65.0,256,116.5,6,55.3,8,19.6,67,31.2,198,33.0,247,94.4,36,47.4,80,22.1,131,31.6,134,28.3,16,65.0,256,67.0,236,116.5,6,110.9,14,94.4,36,95.7,43,2003,0.9182667701433702,25,8,0.7575757575757576,33
270,Florida A&M,MEAC,17-12,-10.99,98.1,240,109.1,288,67.5,145,+.081,19,-13.96,324,94.4,323,108.3,324,-0.96,177,,MEAC,67.5,145,98.1,240,50.7,117,24.8,297,35.6,68,44.0,37,109.1,288,48.3,116,21.7,149,33.2,207,35.5,132,67.5,145,68.7,158,98.1,240,101.9,143,109.1,288,101.6,186,2003,0.22755100808634748,17,12,0.5862068965517241,29
288,Florida Atlantic,ASun,6-21,-13.37,92.1,297,105.4,228,72.1,15,-.032,252,-2.67,212,101.3,188,104.0,224,+1.76,114,,ASun,72.1,15,92.1,297,44.3,313,22.0,199,33.3,120,28.7,310,105.4,228,51.0,225,25.0,12,35.0,273,52.0,325,72.1,15,74.6,13,92.1,297,91.6,305,105.4,228,102.5,206,2003,0.1749117964078449,6,21,0.2222222222222222,27
77,Florida St.,ACC,14-15,+8.84,100.9,194,92.0,18,67.5,144,-.052,283,+7.40,48,106.7,28,99.3,69,-5.79,288,,ACC,67.5,144,100.9,194,48.8,185,21.2,155,29.1,259,31.3,283,92.0,18,45.4,16,23.2,76,33.3,211,34.4,113,67.5,144,70.2,104,100.9,194,96.9,246,92.0,18,95.1,35,2003,0.7430583443253829,14,15,0.4827586206896552,29
258,Fordham,A10,2-26,-10.22,97.2,253,107.4,262,69.7,64,-.101,316,+4.69,87,104.3,105,99.6,78,+1.80,113,,A10,69.7,64,97.2,253,47.3,248,24.6,289,30.1,232,33.1,239,107.4,262,50.5,215,19.9,252,38.6,320,42.3,272,69.7,64,71.1,75,97.2,253,92.1,302,107.4,262,109.0,307,2003,0.2409315824681462,2,26,0.07142857142857142,28
98,Fresno St.,WAC,20-8,+6.26,105.2,112,98.9,104,65.7,221,+.061,43,-0.82,165,101.3,189,102.1,145,-1.87,202,,WAC,65.7,221,105.2,112,50.5,122,22.9,240,39.3,8,32.7,259,98.9,104,47.2,73,21.6,156,29.1,47,38.4,205,65.7,221,67.7,209,105.2,112,103.9,92,98.9,104,96.9,64,2003,0.6704391001686513,20,8,0.7142857142857143,28
233,Furman,SC,11-17,-7.37,97.9,244,105.2,227,62.9,296,+.010,138,-3.17,221,101.3,191,104.5,249,-0.24,159,,SC,62.9,296,97.9,244,46.7,260,22.1,202,34.3,95,31.6,281,105.2,227,51.2,240,20.0,248,29.7,63,30.2,42,62.9,296,66.5,251,97.9,244,97.1,242,105.2,227,103.1,223,2003,0.3042707525768987,11,17,0.39285714285714285,28
277,Gardner Webb,ASun,4-24,-11.64,90.7,305,102.3,169,70.8,36,-.065,295,-2.04,197,102.4,166,104.4,242,+4.37,59,,ASun,70.8,36,90.7,305,45.8,287,22.3,211,29.7,240,20.0,327,102.3,169,48.5,125,19.6,266,32.7,185,34.2,107,70.8,36,73.5,25,90.7,305,91.1,310,102.3,169,101.2,174,2003,0.20035907808398237,4,24,0.14285714285714285,28
117,George Mason,CAA,16-12,+4.26,98.1,241,93.8,27,64.9,262,-.022,222,-1.21,178,100.9,204,102.1,142,+3.68,67,,CAA,64.9,262,98.1,241,46.4,271,23.8,264,36.0,60,38.4,114,93.8,27,48.9,139,23.2,80,26.8,10,28.3,17,64.9,262,66.0,264,98.1,241,96.9,245,93.8,27,91.6,10,2003,0.6260852869293966,16,12,0.5714285714285714,28
110,George Washington,A10,12-17,+5.18,107.2,83,102.1,163,68.6,96,-.078,302,+5.12,79,104.0,113,98.9,62,+2.41,97,,A10,68.6,96,107.2,83,49.3,167,23.5,259,38.4,18,48.5,7,102.1,163,50.6,218,21.4,175,33.2,206,40.7,243,68.6,96,69.3,141,107.2,83,102.8,125,102.1,163,103.1,222,2003,0.6365799103832258,12,17,0.41379310344827586,29
35,Georgetown,BE,19-15,+14.91,107.1,86,92.2,19,70.7,38,-.101,317,+7.95,41,105.5,64,97.6,21,-10.72,317,,BE,70.7,38,107.1,86,46.9,256,21.1,152,34.9,80,42.3,51,92.2,19,45.7,23,23.8,52,31.0,103,43.0,285,70.7,38,73.4,27,107.1,86,101.6,160,92.2,19,93.2,18,2003,0.8484804956428599,19,15,0.5588235294117647,34
16,Georgia,SEC,19-8,+20.93,120.9,1,99.9,124,67.1,159,+.012,136,+12.71,1,108.7,1,96.0,2,+10.85,15,,SEC,67.1,159,120.9,1,51.9,67,16.5,5,34.1,98,35.2,197,99.9,124,49.0,147,19.1,287,33.7,224,31.3,59,67.1,159,69.2,143,120.9,1,113.0,3,99.9,124,104.8,251,2003,0.89972130797707,19,8,0.7037037037037037,27
231,Georgia Southern,SC,13-13,-6.97,102.2,164,109.2,291,71.6,22,+.081,21,-4.66,243,99.7,235,104.3,240,-4.78,268,,SC,71.6,22,102.2,164,51.0,99,21.5,175,34.9,79,36.3,167,109.2,291,53.3,295,22.2,119,33.1,204,34.3,111,71.6,22,73.6,24,102.2,164,102.5,133,109.2,291,106.3,275,2003,0.3182408550360929,13,13,0.5,26
224,Georgia St.,ASun,13-15,-6.14,101.5,178,107.6,265,66.7,180,-.033,258,-6.32,270,98.7,266,105.1,277,-3.35,234,,ASun,66.7,180,101.5,178,50.5,121,20.5,124,31.7,179,33.1,241,107.6,265,51.0,228,21.3,177,35.2,278,32.6,79,66.7,180,68.6,165,101.5,178,103.6,98,107.6,265,103.8,233,2003,0.33823686262655683,13,15,0.4642857142857143,28
43,Georgia Tech,ACC,16-15,+14.23,109.1,57,94.8,39,69.0,80,-.092,310,+9.23,20,106.7,27,97.5,19,-1.56,191,,ACC,69.0,80,109.1,57,49.8,150,21.3,160,36.7,41,35.3,190,94.8,39,48.1,104,21.0,196,31.4,125,32.3,71,69.0,80,71.0,79,109.1,57,104.3,85,94.8,39,98.4,102,2003,0.834200985055922,16,15,0.5161290322580645,31
33,Gonzaga,WCC,24-9,+15.58,113.2,21,97.7,82,66.9,170,-.021,220,+3.92,93,104.0,115,100.1,87,+5.83,42,9,WCC,66.9,170,113.2,21,53.3,24,20.2,99,34.8,82,44.6,33,97.7,82,48.3,113,20.5,216,28.0,27,32.3,72,66.9,170,69.4,139,113.2,21,109.5,24,97.7,82,97.7,78,2003,0.8446744404669233,24,9,0.7272727272727273,33
298,Grambling St.,SWAC,10-18,-16.05,95.7,265,111.8,308,71.9,17,+.040,73,-7.57,284,97.0,298,104.6,255,+10.37,18,,SWAC,71.9,17,95.7,265,47.3,251,21.3,165,26.1,309,27.7,316,111.8,308,51.2,237,18.1,308,34.7,267,36.8,161,71.9,17,75.6,7,95.7,265,94.3,276,111.8,308,106.2,272,2003,0.14329692453090395,10,18,0.35714285714285715,28
201,Green Bay,Horz,9-19,-3.76,103.3,145,107.1,255,64.9,259,-.062,292,+1.65,127,104.2,107,102.5,158,+0.95,131,,Horz,64.9,259,103.3,145,47.9,228,21.8,187,35.4,71,41.1,72,107.1,255,50.5,214,17.1,321,29.2,48,38.3,196,64.9,259,66.3,257,103.3,145,101.6,155,107.1,255,107.7,288,2003,0.3976073738116288,9,19,0.32142857142857145,28
241,Hampton,MEAC,19-11,-8.14,94.8,275,102.9,177,69.9,58,+.037,74,-13.89,323,94.8,320,108.7,326,-1.80,198,,MEAC,69.9,58,94.8,275,50.7,114,24.8,294,36.1,59,40.3,89,102.9,177,47.2,66,23.9,46,31.1,109,46.5,308,69.9,58,71.2,67,94.8,275,100.0,190,102.9,177,95.8,44,2003,0.2803220526887704,19,11,0.6333333333333333,30
199,Hartford,AE,15-13,-3.68,98.2,239,101.9,160,64.1,280,+.024,108,-6.37,271,98.2,273,104.6,257,-4.04,255,,AE,64.1,280,98.2,239,46.2,283,21.4,169,37.2,28,36.2,168,101.9,160,48.5,124,21.8,138,33.0,201,37.3,176,64.1,280,64.9,289,98.2,239,98.7,216,101.9,160,98.1,93,2003,0.3952406391062017,15,13,0.5357142857142857,28
218,Harvard,Ivy,12-15,-5.69,98.3,236,104.0,194,71.9,19,-.006,179,-3.06,219,100.3,226,103.3,199,-1.06,180,,Ivy,71.9,19,98.3,236,49.3,168,23.4,257,34.3,96,29.8,298,104.0,194,50.3,207,22.6,101,31.2,111,40.8,244,71.9,19,71.3,66,98.3,236,98.0,227,104.0,194,100.7,159,2003,0.3433909874788324,12,15,0.4444444444444444,27
115,Hawaii,WAC,19-12,+4.33,102.9,156,98.5,95,65.8,213,+.057,45,+1.30,132,103.4,135,102.1,138,-1.42,187,,WAC,65.8,213,102.9,156,50.9,106,21.4,170,33.2,127,38.6,109,98.5,95,48.4,123,21.7,147,32.7,186,32.5,77,65.8,213,67.7,208,102.9,156,101.7,152,98.5,95,99.2,124,2003,0.623061359784868,19,12,0.6129032258064516,31
307,High Point,BSth,7-20,-17.75,95.6,268,113.4,318,68.2,111,-.030,245,-9.47,305,96.9,300,106.4,296,-4.59,265,,BSth,68.2,111,95.6,268,49.2,172,23.2,251,33.3,120,36.1,169,113.4,318,54.7,321,20.8,208,31.7,141,37.1,170,68.2,111,69.4,134,95.6,268,98.4,219,113.4,318,107.6,287,2003,0.12307704794405738,7,20,0.25925925925925924,27
255,Hofstra,CAA,8-21,-9.69,95.0,273,104.7,211,68.3,107,-.031,249,-1.97,191,100.1,228,102.1,144,-3.23,229,,CAA,68.3,107,95.0,273,46.6,265,26.5,319,38.5,15,30.9,288,104.7,211,47.3,77,17.7,316,30.5,88,39.1,216,68.3,107,69.6,125,95.0,273,92.4,298,104.7,211,101.4,184,2003,0.24637212747356985,8,21,0.27586206896551724,29
66,Holy Cross,Pat,25-5,+10.40,105.5,107,95.1,45,65.1,250,+.065,37,-5.57,260,99.0,258,104.5,252,-0.64,170,14,Pat,65.1,250,105.5,107,50.9,105,21.0,141,37.0,36,42.1,56,95.1,45,46.0,39,23.3,73,23.7,1,35.3,129,65.1,250,65.3,282,105.5,107,106.2,59,95.1,45,89.6,3,2003,0.7673651681887755,25,5,0.8333333333333334,30
212,Houston,CUSA,8-20,-4.84,93.2,289,98.0,87,63.2,292,+.021,115,+5.03,81,104.7,84,99.6,81,+2.44,95,,CUSA,63.2,292,93.2,289,45.6,291,26.4,318,32.4,153,29.0,308,98.0,87,45.9,33,16.6,325,32.9,198,29.8,34,63.2,292,65.8,271,93.2,289,88.7,316,98.0,87,100.0,143,2003,0.35950178196300453,8,20,0.2857142857142857,28
276,Howard,MEAC,13-17,-11.57,97.6,249,109.2,289,69.8,61,-.080,305,-12.25,317,95.4,315,107.6,317,+2.38,100,,MEAC,69.8,61,97.6,249,48.4,206,21.2,154,36.1,56,36.9,149,109.2,289,53.8,303,26.2,3,34.9,272,39.2,218,69.8,61,71.2,71,97.6,249,102.3,136,109.2,289,101.6,187,2003,0.21560054143285012,13,17,0.43333333333333335,30
272,IPFW,ind,9-20,-11.14,95.8,264,106.9,252,68.6,94,+.057,46,-1.19,177,102.9,149,104.1,231,+0.83,133,,ind,68.6,94,95.8,264,48.8,180,22.0,200,24.5,316,37.8,123,106.9,252,52.4,275,20.3,232,32.7,188,38.3,199,68.6,94,71.1,78,95.8,264,94.8,271,106.9,252,106.1,268,2003,0.22084342915634242,9,20,0.3103448275862069,29
161,IUPUI,MCon,19-14,+0.46,102.9,153,102.5,171,67.0,164,+.071,27,-2.19,201,102.6,157,104.8,265,+2.79,90,16,MCon,67.0,164,102.9,153,51.0,101,23.1,246,33.1,130,42.3,52,102.5,171,54.4,315,24.1,40,32.4,166,33.9,100,67.0,164,68.6,166,102.9,153,103.0,120,102.5,171,102.7,212,2003,0.5111958055553181,19,14,0.5757575757575758,33
210,Idaho,BW,12-15,-4.61,96.4,261,101.0,142,62.3,301,+.012,134,-2.90,216,100.3,225,103.2,195,-2.74,221,,BW,62.3,301,96.4,261,46.1,284,21.4,172,32.2,162,32.7,258,101.0,142,47.2,67,19.5,273,31.5,130,31.7,65,62.3,301,62.6,312,96.4,261,96.2,253,101.0,142,98.6,106,2003,0.3691035247141308,12,15,0.4444444444444444,27
186,Idaho St.,BSky,13-14,-2.21,99.6,208,101.8,158,70.4,46,+.013,131,-2.05,198,100.6,217,102.6,164,-0.42,162,,BSky,70.4,46,99.6,208,49.0,175,20.8,136,29.3,253,35.7,180,101.8,158,49.6,170,23.2,75,33.9,235,42.0,269,70.4,46,70.5,93,99.6,208,98.3,220,101.8,158,99.4,125,2003,0.43751553441754887,13,14,0.48148148148148145,27
5,Illinois,B10,25-7,+24.47,113.2,22,88.7,7,67.8,127,-.029,242,+7.29,52,105.8,60,98.5,53,-4.18,257,4,B10,67.8,127,113.2,22,54.4,11,19.2,44,30.5,219,33.6,229,88.7,7,43.3,3,21.6,151,28.3,34,37.6,185,67.8,127,67.9,197,113.2,22,110.0,23,88.7,7,90.7,8,2003,0.9429350428807887,25,7,0.78125,32
62,Illinois Chicago,Horz,21-9,+10.64,110.5,38,99.9,123,68.4,106,+.024,105,+1.02,140,103.5,125,102.5,159,-0.93,175,,Horz,68.4,106,110.5,38,52.7,37,18.1,18,37.3,26,37.8,125,99.9,123,48.4,121,20.9,202,29.4,51,36.9,166,68.4,106,68.7,160,110.5,38,109.2,25,99.9,123,100.1,147,2003,0.7612831250423097,21,9,0.7,30
215,Illinois St.,MVC,8-21,-5.44,99.4,214,104.9,217,65.2,247,-.050,281,+2.34,117,104.5,92,102.2,147,+3.46,73,,MVC,65.2,247,99.4,214,50.3,131,22.6,224,28.1,281,28.4,312,104.9,217,53.7,300,20.6,213,29.7,64,39.0,213,65.2,247,65.9,270,99.4,214,97.8,231,104.9,217,106.6,278,2003,0.34993222813986985,8,21,0.27586206896551724,29
41,Indiana,B10,21-13,+14.48,113.4,20,98.9,102,63.7,284,+.050,57,+10.49,8,107.2,13,96.8,8,+9.29,20,7,B10,63.7,284,113.4,20,49.4,160,17.5,10,30.2,230,41.1,74,98.9,102,45.6,22,15.8,326,29.1,45,33.2,90,63.7,284,65.2,284,113.4,20,106.2,61,98.9,102,102.4,203,2003,0.828259195762416,21,13,0.6176470588235294,34
266,Indiana St.,MVC,7-24,-10.79,90.9,304,101.7,155,62.1,305,-.028,238,+2.49,115,104.9,76,102.5,154,+2.10,106,,MVC,62.1,305,90.9,304,44.0,318,21.0,142,26.3,306,27.8,315,101.7,155,51.4,249,21.2,181,32.6,182,34.0,102,62.1,305,63.3,309,90.9,304,89.2,315,101.7,155,103.9,236,2003,0.21567108547472313,7,24,0.22580645161290322,31
159,Iona,MAAC,17-12,+0.55,102.2,165,101.7,154,69.0,82,-.033,257,-4.38,241,100.7,214,105.0,276,-3.76,248,,MAAC,69.0,82,102.2,165,51.1,94,21.3,157,32.5,148,41.8,61,101.7,154,47.1,63,21.7,145,31.5,128,44.4,293,69.0,82,71.3,63,102.2,165,104.0,91,101.7,154,99.0,119,2003,0.5140963408049807,17,12,0.5862068965517241,29
78,Iowa,B10,17-14,+8.50,106.4,96,97.9,85,67.1,160,-.018,209,+5.72,70,104.5,93,98.8,60,-5.05,272,,B10,67.1,160,106.4,96,49.5,158,22.4,214,33.7,112,42.5,49,97.9,85,48.1,105,20.0,247,29.6,59,28.4,18,67.1,160,67.4,228,106.4,96,101.6,157,97.9,85,98.1,95,2003,0.7226167379890931,17,14,0.5483870967741935,31
64,Iowa St.,B12,16-14,+10.59,106.3,98,95.7,53,66.3,192,-.045,276,+6.18,69,104.5,98,98.3,46,-11.54,320,,B12,66.3,192,106.3,98,50.2,134,19.3,47,30.8,209,31.4,282,95.7,53,47.2,72,19.9,254,26.8,11,38.3,200,66.3,192,68.7,162,106.3,98,101.9,144,95.7,53,96.7,60,2003,0.7699520277702552,16,14,0.5333333333333333,30
267,Jackson St.,SWAC,10-18,-10.84,94.0,281,104.9,216,71.9,18,-.034,260,-7.69,288,96.7,302,104.4,244,+8.36,24,,SWAC,71.9,18,94.0,281,46.8,259,21.3,163,24.9,314,40.5,84,104.9,216,48.8,135,25.0,13,32.7,192,48.6,318,71.9,18,74.9,11,94.0,281,94.0,283,104.9,216,98.7,109,2003,0.22068199930416224,10,18,0.35714285714285715,28
263,Jacksonville,ASun,12-16,-10.57,93.4,286,104.0,193,66.3,194,+.031,89,-5.84,264,98.8,263,104.7,259,-5.86,289,,ASun,66.3,194,93.4,286,47.7,234,24.6,291,33.3,125,35.2,195,104.0,193,47.8,91,21.0,193,36.0,290,28.8,22,66.3,194,69.6,127,93.4,286,94.0,282,104.0,193,100.7,162,2003,0.22509029677054337,12,16,0.42857142857142855,28
191,Jacksonville St.,ASun,19-10,-2.72,103.5,143,106.2,240,68.4,102,+.065,38,-7.69,287,98.0,280,105.7,289,-7.67,304,,ASun,68.4,102,103.5,143,51.9,64,20.8,134,33.7,111,36.0,172,106.2,240,51.2,239,23.5,62,32.2,163,43.0,282,68.4,102,71.1,74,103.5,143,105.2,75,106.2,240,101.2,175,2003,0.4264980100663918,19,10,0.6551724137931034,29
217,James Madison,CAA,12-17,-5.66,99.5,210,105.2,225,66.2,196,-.003,170,-2.59,211,99.5,242,102.1,139,-2.25,211,,CAA,66.2,196,99.5,210,48.5,200,22.0,198,30.7,213,32.8,253,105.2,225,47.2,70,20.1,243,34.1,247,38.4,202,66.2,196,68.2,181,99.5,210,97.8,232,105.2,225,101.4,183,2003,0.3451075207317996,12,17,0.41379310344827586,29
2,Kansas,B12,30-8,+28.62,115.0,12,86.4,3,72.2,14,-.017,208,+11.84,2,108.6,2,96.8,9,+6.07,35,2,B12,72.2,14,115.0,12,52.7,35,20.0,86,38.5,17,37.7,127,86.4,3,46.0,38,22.7,97,29.0,43,25.3,5,72.2,14,73.9,19,115.0,12,110.2,21,86.4,3,90.6,6,2003,0.9640273661700672,30,8,0.7894736842105263,38
60,Kansas St.,B12,13-17,+10.87,107.9,73,97.0,70,65.7,222,-.154,327,+6.95,59,104.6,89,97.6,23,-4.60,266,,B12,65.7,222,107.9,73,50.8,111,19.4,55,31.4,191,36.9,150,97.0,70,45.8,28,18.4,299,28.9,39,34.8,121,65.7,222,67.4,223,107.9,73,102.9,121,97.0,70,98.1,90,2003,0.772886054759433,13,17,0.43333333333333335,30
94,Kent St.,MAC,20-10,+6.51,111.2,32,104.7,210,66.7,179,+.023,110,+0.52,144,103.6,124,103.1,187,+3.36,78,,MAC,66.7,179,111.2,32,55.1,9,19.1,42,31.8,173,37.3,139,104.7,210,52.0,266,19.2,284,25.9,4,39.4,223,66.7,179,67.6,215,111.2,32,112.1,7,104.7,210,105.3,258,2003,0.6665582922496469,20,10,0.6666666666666666,30
1,Kentucky,SEC,32-4,+29.18,116.5,5,87.4,4,67.7,132,+.051,53,+11.20,4,108.6,3,97.4,16,+6.77,33,1,SEC,67.7,132,116.5,5,53.8,19,20.1,93,38.6,12,35.3,192,87.4,4,46.8,52,23.8,50,29.9,68,32.5,74,67.7,132,69.1,146,116.5,5,111.6,10,87.4,4,93.0,13,2003,0.9646017824718055,32,4,0.8888888888888888,36
286,LIU Brooklyn,NEC,9-19,-12.85,97.8,245,110.7,298,73.2,6,-.040,268,-7.09,277,98.5,271,105.6,284,+0.61,139,,NEC,73.2,6,97.8,245,48.4,205,22.8,233,36.3,50,33.0,249,110.7,298,51.1,232,18.2,303,30.7,97,38.1,195,73.2,6,74.4,15,97.8,245,98.8,209,110.7,298,106.5,277,2003,0.19390370773104773,9,19,0.32142857142857145,28
23,LSU,SEC,21-11,+18.15,111.0,33,92.8,24,67.5,140,-.035,262,+6.27,67,104.8,80,98.6,55,-8.36,311,8,SEC,67.5,140,111.0,33,54.2,14,20.4,117,32.5,144,35.8,177,92.8,24,46.8,50,23.0,89,29.6,58,29.2,27,67.5,140,68.2,183,111.0,33,106.9,52,92.8,24,93.3,19,2003,0.8869001107626566,21,11,0.65625,32
163,La Salle,A10,12-17,+0.27,102.4,160,102.1,164,67.6,137,+.001,165,+3.98,92,104.3,104,100.3,93,-0.37,160,,A10,67.6,137,102.4,160,45.2,300,20.7,128,32.8,141,40.5,85,102.1,164,48.8,134,20.9,197,37.0,302,39.8,229,67.6,137,69.1,144,102.4,160,98.8,210,102.1,164,103.4,227,2003,0.5084344137136215,12,17,0.41379310344827586,29
247,Lafayette,Pat,11-16,-8.98,101.3,185,110.3,294,66.4,189,-.004,172,-5.13,250,98.0,282,103.1,191,-2.67,219,,Pat,66.4,189,101.3,185,50.8,107,21.3,166,28.5,269,34.0,221,110.3,294,49.5,164,18.4,300,33.0,199,29.4,30,66.4,189,65.7,272,101.3,185,100.5,181,110.3,294,104.9,252,2003,0.2731197459687825,11,16,0.4074074074074074,27
243,Lamar,Slnd,12-14,-8.57,92.7,292,101.3,147,66.1,199,-.005,174,-7.64,286,97.2,294,104.8,266,-3.27,232,,Slnd,66.1,199,92.7,292,48.0,221,25.8,310,31.4,190,41.1,70,101.3,147,44.1,7,20.1,244,32.5,176,36.1,146,66.1,199,68.0,191,92.7,292,94.0,279,101.3,147,95.6,41,2003,0.2649774804097202,12,14,0.46153846153846156,26
223,Lehigh,Pat,14-12,-5.94,98.3,237,104.2,201,65.2,246,+.030,91,-7.43,281,96.4,309,103.8,214,-7.08,299,,Pat,65.2,246,98.3,237,47.9,226,21.6,181,28.1,280,36.5,160,104.2,201,47.7,89,20.5,217,29.4,50,36.2,147,65.2,246,65.1,287,98.3,237,98.2,222,104.2,201,97.8,81,2003,0.33842671924249923,14,12,0.5384615384615384,26
297,Liberty,BSth,14-15,-15.63,89.0,314,104.6,206,68.5,99,+.107,8,-11.72,315,96.3,311,108.1,322,-7.93,305,,BSth,68.5,99,89.0,314,45.5,293,25.8,315,31.3,195,46.7,14,104.6,206,48.2,109,22.4,111,33.2,209,38.6,209,68.5,99,69.9,115,89.0,314,93.0,291,104.6,206,98.5,103,2003,0.1350142631441395,14,15,0.4827586206896552,29
300,Lipscomb,ind,6-19,-16.28,98.8,226,115.1,321,69.9,57,-.116,322,-9.16,300,98.1,275,107.3,313,-5.21,276,,ind,69.9,57,98.8,226,51.1,95,22.6,226,26.4,303,47.1,10,115.1,321,49.8,184,15.6,327,34.9,271,33.2,89,69.9,57,74.5,14,98.8,226,102.1,139,115.1,321,109.3,310,2003,0.1472803801891141,6,19,0.24,25
295,Long Beach St.,BW,4-22,-15.41,96.9,257,112.3,313,65.6,227,-.021,218,-0.49,159,102.3,167,102.8,173,+2.57,92,,BW,65.6,227,96.9,257,48.8,184,25.8,313,29.0,261,40.1,90,112.3,313,52.6,280,18.5,298,35.5,283,41.6,261,65.6,227,66.1,263,96.9,257,94.9,269,112.3,313,112.3,324,2003,0.1549641905814251,4,22,0.15384615384615385,26
65,Louisiana Lafayette,SB,19-10,+10.52,107.9,71,97.4,76,69.8,60,-.014,202,+2.76,112,103.4,134,100.6,97,+5.64,46,,SB,69.8,60,107.9,71,52.5,42,21.4,174,35.0,76,38.0,120,97.4,76,48.0,102,24.2,38,34.6,263,34.6,114,69.8,60,71.7,58,107.9,71,105.3,72,97.4,76,97.2,72,2003,0.7644718220126335,19,10,0.6551724137931034,29
254,Louisiana Monroe,Slnd,11-16,-9.61,94.4,276,104.0,196,72.7,10,+.013,132,-5.57,259,98.7,265,104.3,238,+4.10,63,,Slnd,72.7,10,94.4,276,45.3,296,22.4,216,36.3,46,40.0,93,104.0,196,50.5,213,23.7,57,33.2,208,46.2,305,72.7,10,73.8,21,94.4,276,95.2,267,104.0,196,100.9,166,2003,0.2471681542733811,11,16,0.4074074074074074,27
188,Louisiana Tech,WAC,10-15,-2.35,101.8,171,104.1,197,67.6,135,+.035,80,+3.04,107,103.3,138,100.2,91,+12.10,8,,WAC,67.6,135,101.8,171,46.4,273,20.4,109,32.6,143,37.0,146,104.1,197,48.4,117,17.8,314,32.2,161,42.5,275,67.6,135,68.7,159,101.8,171,98.1,226,104.1,197,104.7,249,2003,0.4361181570229704,10,15,0.4,25
10,Louisville,CUSA,25-7,+22.75,115.8,9,93.0,25,72.5,12,-.029,241,+6.80,61,105.4,67,98.6,56,+6.01,39,4,CUSA,72.5,12,115.8,9,53.2,25,18.3,25,35.1,73,39.5,99,93.0,25,45.5,18,23.7,54,31.5,127,46.6,310,72.5,12,72.3,45,115.8,9,112.3,5,93.0,25,94.3,26,2003,0.9256386991278996,25,7,0.78125,32
124,Loyola Chicago,Horz,15-16,+3.85,105.7,103,101.9,159,70.1,52,-.015,204,+2.80,111,104.5,96,101.7,126,+4.20,60,,Horz,70.1,52,105.7,103,47.1,252,19.4,51,35.0,77,33.5,235,101.9,159,51.7,258,21.6,155,33.3,212,40.2,236,70.1,52,71.4,62,105.7,103,103.4,105,101.9,159,103.4,228,2003,0.6037342284235064,15,16,0.4838709677419355,31
315,Loyola MD,MAAC,4-24,-22.70,87.7,317,110.4,295,63.9,283,+.001,163,-4.92,248,99.9,233,104.8,267,-13.59,325,,MAAC,63.9,283,87.7,317,44.9,306,26.2,317,29.0,262,44.2,35,110.4,295,51.2,241,18.7,293,34.0,237,32.9,85,63.9,283,66.5,250,87.7,317,88.5,317,110.4,295,107.7,290,2003,0.06616397709089353,4,24,0.14285714285714285,28
204,Loyola Marymount,WCC,11-19,-4.09,98.4,233,102.5,173,69.8,59,-.021,219,+0.23,149,103.2,140,103.0,181,-1.78,196,,WCC,69.8,59,98.4,233,46.3,276,22.1,204,31.5,184,44.1,36,102.5,173,50.3,203,23.6,59,35.9,289,48.7,319,69.8,59,72.0,49,98.4,233,97.6,236,102.5,173,102.4,201,2003,0.38474573425866804,11,19,0.36666666666666664,30
197,Maine,AE,12-16,-3.32,99.5,209,102.9,175,68.3,108,-.099,312,-5.43,258,99.6,240,105.0,274,-2.02,205,,AE,68.3,108,99.5,209,54.2,15,25.4,308,32.5,149,29.5,302,102.9,175,46.6,46,18.1,307,32.6,180,28.8,21,68.3,108,70.2,106,99.5,209,100.9,171,102.9,175,99.5,129,2003,0.4045842306388582,12,16,0.42857142857142855,28
68,Manhattan,MAAC,23-7,+10.04,105.5,106,95.4,52,68.1,117,+.014,125,-1.71,184,101.7,182,103.4,202,+2.52,94,14,MAAC,68.1,117,105.5,106,49.5,153,19.6,66,30.8,208,41.1,71,95.4,52,46.1,41,24.6,21,32.2,165,42.6,278,68.1,117,70.7,90,105.5,106,105.6,69,95.4,52,94.4,27,2003,0.760836725431194,23,7,0.7666666666666667,30
213,Marist,MAAC,13-16,-5.31,101.4,183,106.7,247,68.6,95,+.052,51,-2.01,194,101.2,195,103.2,193,-0.60,169,,MAAC,68.6,95,101.4,183,47.5,242,18.9,35,26.8,297,33.1,240,106.7,247,51.0,227,20.3,229,33.7,226,32.5,76,68.6,95,70.8,86,101.4,183,100.6,178,106.7,247,104.4,244,2003,0.3575754998292573,13,16,0.4482758620689655,29
15,Marquette,CUSA,27-6,+21.30,120.5,2,99.2,109,65.7,219,+.070,30,+7.93,42,106.1,50,98.2,40,-1.45,188,3,CUSA,65.7,219,120.5,2,53.6,21,19.5,62,39.4,7,40.6,82,99.2,109,47.3,75,18.1,306,34.3,251,32.5,75,65.7,219,67.4,224,120.5,2,115.3,1,99.2,109,101.8,189,2003,0.9035132423686197,27,6,0.8181818181818182,33
174,Marshall,MAC,13-15,-0.77,102.2,166,102.9,178,67.5,143,-.027,236,-0.61,162,103.4,132,104.0,223,-2.90,223,,MAC,67.5,143,102.2,166,52.8,33,20.8,135,25.4,312,38.6,108,102.9,178,49.1,152,19.6,269,32.4,173,37.2,174,67.5,143,68.4,175,102.2,166,103.4,107,102.9,178,103.8,232,2003,0.4803854215233193,13,15,0.4642857142857143,28
13,Maryland,ACC,21-10,+22.00,110.9,34,88.9,9,71.5,23,-.078,301,+8.23,38,106.6,36,98.4,47,-5.29,282,6,ACC,71.5,23,110.9,34,51.7,75,18.8,34,34.5,87,33.7,226,88.9,9,43.3,4,23.9,47,31.6,135,34.7,118,71.5,23,73.2,28,110.9,34,107.9,37,88.9,9,90.6,7,2003,0.9270912032817037,21,10,0.6774193548387096,31
319,Maryland Eastern Shore,MEAC,5-23,-24.66,91.4,300,116.1,322,64.0,282,-.055,285,-12.79,319,95.2,316,108.0,321,-5.19,275,,MEAC,64.0,282,91.4,300,45.4,295,22.9,237,33.0,135,29.0,306,116.1,322,52.4,278,23.5,66,37.1,306,47.2,311,64.0,282,65.5,278,91.4,300,95.1,268,116.1,322,107.8,293,2003,0.060037324835444515,5,23,0.17857142857142858,28
195,Massachusetts,A10,10-18,-3.25,96.5,259,99.8,120,64.9,258,-.011,191,+3.75,96,104.6,87,100.9,103,+0.55,142,,A10,64.9,258,96.5,259,48.3,211,24.0,275,31.4,193,34.6,208,99.8,120,46.9,57,20.2,235,37.7,313,38.4,204,64.9,258,65.5,277,96.5,259,93.4,288,99.8,120,101.8,190,2003,0.4045144866186572,10,18,0.35714285714285715,28
211,McNeese St.,Slnd,13-14,-4.78,100.4,203,105.2,226,67.9,122,+.014,126,-4.74,244,97.8,284,102.6,160,+15.53,2,,Slnd,67.9,122,100.4,203,50.0,142,24.4,283,33.4,115,37.0,147,105.2,226,48.1,106,22.1,130,32.5,177,44.5,296,67.9,122,69.4,137,100.4,203,99.3,202,105.2,226,101.1,170,2003,0.3688711675257818,13,14,0.48148148148148145,27
29,Memphis,CUSA,23-7,+16.72,110.9,35,94.1,33,68.3,109,+.005,151,+4.83,84,103.4,133,98.6,54,+3.33,81,7,CUSA,68.3,109,110.9,35,49.3,166,19.4,53,36.3,47,37.9,121,94.1,33,45.7,25,21.0,195,30.5,85,35.8,137,68.3,109,70.4,98,110.9,35,105.3,74,94.1,33,93.9,23,2003,0.8686545618903605,23,7,0.7666666666666667,30
175,Mercer,ASun,22-6,-0.84,106.4,95,107.3,257,69.5,65,+.170,2,-9.07,299,96.5,308,105.5,283,-12.14,321,,ASun,69.5,65,106.4,95,52.9,30,23.0,241,39.5,6,40.9,77,107.3,257,47.9,97,18.8,291,32.1,157,25.2,4,69.5,65,72.4,40,106.4,95,107.9,40,107.3,257,101.2,173,2003,0.47580258309431195,22,6,0.7857142857142857,28
100,Miami FL,BE,11-17,+6.10,103.3,146,97.2,74,65.8,212,-.118,324,+6.88,60,104.8,82,97.9,31,-3.73,246,,BE,65.8,212,103.3,146,47.8,231,23.2,250,34.0,100,34.4,212,97.2,74,49.6,173,24.8,18,30.6,93,39.2,219,65.8,212,69.3,140,103.3,146,98.1,225,97.2,74,97.5,76,2003,0.6681803765791314,11,17,0.39285714285714285,28
139,Miami OH,MAC,12-15,+2.42,101.1,190,98.7,99,56.7,326,-.027,231,+3.12,106,105.8,59,102.7,167,+13.04,4,,MAC,56.7,326,101.1,190,48.6,196,19.7,69,27.1,295,36.7,154,98.7,99,48.6,127,21.5,169,30.6,91,41.8,266,56.7,326,58.5,326,101.1,190,99.8,194,98.7,99,101.4,181,2003,0.5686363276753695,12,15,0.4444444444444444,27
61,Michigan,B10,17-13,+10.71,109.0,59,98.3,91,65.1,252,+.024,107,+7.33,50,106.1,51,98.7,59,+1.27,126,,B10,65.1,252,109.0,59,49.1,174,21.1,144,32.4,154,39.0,106,98.3,91,48.3,114,20.2,236,30.3,77,36.3,149,65.1,252,67.0,237,109.0,59,103.1,118,98.3,91,100.7,163,2003,0.766423337259061,17,13,0.5666666666666667,30
19,Michigan St.,B10,22-13,+20.26,110.1,43,89.9,12,63.6,286,-.050,280,+10.11,13,107.3,12,97.2,13,+3.20,83,7,B10,63.6,286,110.1,43,50.2,135,22.0,195,32.9,137,42.7,45,89.9,12,45.8,32,21.4,171,25.0,2,41.2,251,63.6,286,65.1,286,110.1,43,103.6,97,89.9,12,93.7,21,2003,0.9114078853015832,22,13,0.6285714285714286,35
126,Middle Tennessee St.,SB,14-14,+3.36,103.8,133,100.5,131,66.0,206,-.006,180,+1.85,125,103.3,136,101.5,116,+1.08,129,,SB,66.0,206,103.8,133,52.1,54,23.8,265,30.5,222,35.3,193,100.5,131,48.0,101,19.8,258,30.0,70,41.0,247,66.0,206,67.4,229,103.8,133,100.9,170,100.5,131,100.6,158,2003,0.5918322030871483,14,14,0.5,28
52,Milwaukee,Horz,23-8,+12.97,109.0,60,96.0,59,71.2,31,+.025,101,+2.06,121,104.8,79,102.8,172,+1.05,130,12,Horz,71.2,31,109.0,60,53.6,20,20.7,130,31.5,187,37.1,144,96.0,59,49.3,158,24.4,31,31.3,118,42.5,276,71.2,31,71.4,61,109.0,60,107.7,42,96.0,59,97.9,84,2003,0.8116085928211315,23,8,0.7419354838709677,31
72,Minnesota,B10,19-14,+9.68,107.4,80,97.7,83,70.7,39,+.018,121,+7.04,58,105.9,57,98.9,61,-2.99,226,,B10,70.7,39,107.4,80,49.9,143,21.1,148,33.7,110,37.2,142,97.7,83,46.8,51,20.7,209,32.1,158,38.5,208,70.7,39,70.9,83,107.4,80,102.9,122,97.7,83,99.9,140,2003,0.7481131324660826,19,14,0.5757575757575758,33
59,Mississippi,SEC,14-15,+10.89,111.2,31,100.3,130,62.8,298,-.099,313,+7.19,54,103.9,117,96.7,6,-7.96,306,,SEC,62.8,298,111.2,31,51.8,71,21.4,167,30.8,210,36.4,162,100.3,130,50.1,198,22.2,122,30.5,83,41.9,267,62.8,298,63.5,308,111.2,31,104.7,82,100.3,130,100.1,145,2003,0.7660954956198331,14,15,0.4827586206896552,29
14,Mississippi St.,SEC,21-10,+21.53,107.4,79,85.8,1,64.8,263,-.060,290,+8.85,27,106.9,23,98.0,34,-2.62,218,5,SEC,64.8,263,107.4,79,51.9,63,23.1,247,37.2,29,31.6,280,85.8,1,45.8,30,23.7,55,27.9,25,28.5,20,64.8,263,66.4,255,107.4,79,103.6,99,85.8,1,89.8,4,2003,0.9297087159277524,21,10,0.6774193548387096,31
236,Mississippi Valley St.,SWAC,13-13,-7.83,104.2,130,112.0,312,67.6,139,-.041,271,-10.52,311,95.0,318,105.5,282,+2.99,86,,SWAC,67.6,139,104.2,130,46.7,261,16.5,4,36.6,42,23.8,324,112.0,312,52.1,270,23.2,77,35.0,274,37.7,187,67.6,139,70.9,81,104.2,130,106.0,64,112.0,312,104.3,242,2003,0.3036138760616022,13,13,0.5,26
28,Missouri,B12,22-11,+17.32,111.5,27,94.2,34,66.9,173,+.043,68,+11.14,5,107.1,18,95.9,1,+2.97,87,6,B12,66.9,173,111.5,27,50.8,108,20.1,88,35.9,62,30.6,290,94.2,34,45.8,31,19.1,289,31.9,150,30.9,56,66.9,173,68.7,155,111.5,27,104.8,79,94.2,34,98.1,91,2003,0.8742368223886477,22,11,0.6666666666666666,33
242,Monmouth,NEC,15-13,-8.15,91.9,298,100.1,127,66.8,174,+.070,31,-7.89,289,99.4,247,107.3,312,+1.35,123,,NEC,66.8,174,91.9,298,48.8,186,21.4,171,22.5,322,41.0,75,100.1,127,48.6,130,22.2,118,30.8,99,28.8,23,66.8,174,68.8,149,91.9,298,95.6,262,100.1,127,97.2,70,2003,0.2723188091883088,15,13,0.5357142857142857,28
193,Montana,BSky,12-16,-2.75,104.3,127,107.1,254,66.1,204,-.020,217,-1.12,176,100.8,210,101.9,134,+2.42,96,,BSky,66.1,204,104.3,127,49.9,145,20.3,106,30.4,225,33.5,234,107.1,254,49.6,167,19.3,281,32.6,183,43.6,289,66.1,204,68.0,190,104.3,127,102.2,138,107.1,254,104.7,248,2003,0.4244202734641302,12,16,0.42857142857142855,28
219,Montana St.,BSky,9-16,-5.70,100.2,205,105.9,237,61.9,311,-.040,269,-2.06,199,100.1,230,102.1,146,-1.24,184,,BSky,61.9,311,100.2,205,49.4,159,21.9,193,26.4,304,37.8,124,105.9,237,51.3,247,21.4,172,31.9,151,27.8,12,61.9,311,64.2,301,100.2,205,98.3,221,105.9,237,102.5,205,2003,0.34609218050915713,9,16,0.36,25
151,Morehead St.,OVC,17-9,+1.53,109.6,47,108.1,272,67.6,136,+.048,64,-3.68,229,101.9,179,105.6,286,+1.84,111,,OVC,67.6,136,109.6,47,54.8,10,19.7,70,34.3,94,37.4,136,108.1,272,53.7,301,22.5,109,34.0,239,30.2,43,67.6,136,70.2,107,109.6,47,111.8,9,108.1,272,106.1,269,2003,0.5395366557019734,17,9,0.6538461538461539,26
320,Morgan St.,MEAC,7-22,-25.36,92.1,296,117.4,325,68.7,88,-.018,212,-14.74,326,93.9,325,108.7,325,-10.99,318,,MEAC,68.7,88,92.1,296,45.9,285,22.4,219,35.8,63,39.5,101,117.4,325,53.5,297,21.9,133,37.3,310,41.2,253,68.7,88,69.8,121,92.1,296,96.8,248,117.4,325,108.7,300,2003,0.057802243924983975,7,22,0.2413793103448276,29
325,Morris Brown,ind,4-20,-27.55,86.9,320,114.4,320,65.4,240,+.003,158,-9.24,303,97.7,287,107.0,309,-7.52,301,,ind,65.4,240,86.9,320,44.2,316,24.8,295,29.9,235,39.3,102,114.4,320,51.0,229,19.6,267,38.0,315,35.4,131,65.4,240,69.5,132,86.9,320,87.4,318,114.4,320,108.9,303,2003,0.04062707947774469,4,20,0.16666666666666666,24
299,Mount St. Mary's,NEC,11-16,-16.16,90.5,306,106.7,248,64.2,276,+.103,10,-8.98,298,98.2,274,107.2,311,-1.93,203,,NEC,64.2,276,90.5,306,44.5,309,22.2,205,31.6,182,35.7,181,106.7,248,51.3,245,24.4,27,36.3,295,47.5,313,64.2,276,66.5,248,90.5,306,93.7,286,106.7,248,102.4,202,2003,0.13082089469919683,11,16,0.4074074074074074,27
106,Murray St.,OVC,15-12,+5.53,107.3,81,101.8,157,65.5,233,-.082,306,-1.81,189,102.8,152,104.6,256,+7.12,31,,OVC,65.5,233,107.3,81,51.5,81,20.1,90,36.9,39,32.0,275,101.8,157,50.1,197,19.1,288,27.1,15,36.3,151,65.5,233,68.3,179,107.3,81,109.0,27,101.8,157,101.5,185,2003,0.6468252694477922,15,12,0.5555555555555556,27
50,N.C. State,ACC,18-13,+13.18,111.2,30,98.1,88,65.0,257,-.023,223,+8.48,34,106.9,22,98.4,49,-6.48,292,9,ACC,65.0,257,111.2,30,53.1,27,21.0,143,30.5,218,38.3,116,98.1,88,49.4,161,21.6,153,31.4,122,39.7,227,65.0,257,66.9,241,111.2,30,107.4,49,98.1,88,101.3,178,2003,0.8086782680006555,18,13,0.5806451612903226,31
290,Navy,Pat,7-19,-14.11,90.5,307,104.7,208,65.6,232,-.030,244,-5.04,249,99.1,254,104.1,232,-4.02,253,,Pat,65.6,232,90.5,307,46.9,257,26.1,316,31.0,200,37.2,141,104.7,208,51.4,250,23.1,81,29.3,49,40.6,240,65.6,232,65.6,275,90.5,307,90.3,312,104.7,208,100.2,148,2003,0.15761038373685063,7,19,0.2692307692307692,26
138,Nebraska,B12,11-18,+2.47,97.4,252,94.9,42,66.6,183,+.014,127,+8.97,25,106.9,25,97.9,32,-1.84,201,,B12,66.6,183,97.4,252,43.9,320,20.7,132,29.7,241,34.8,201,94.9,42,46.0,36,19.3,282,32.2,164,33.5,95,66.6,183,68.9,148,97.4,252,91.4,306,94.9,42,98.8,112,2003,0.574205083677175,11,18,0.3793103448275862,29
83,Nevada,WAC,17-14,+8.19,108.0,64,99.9,122,68.8,85,-.097,311,+2.30,118,103.2,141,100.9,102,+4.98,53,,WAC,68.8,85,108.0,64,48.4,207,18.3,24,33.4,118,47.2,9,99.9,122,48.9,142,20.2,238,28.8,38,41.6,262,68.8,85,70.4,97,108.0,64,105.6,70,99.9,122,99.8,137,2003,0.710241601104638,17,14,0.5483870967741935,31
310,New Hampshire,AE,5-23,-18.50,94.0,282,112.5,314,70.4,45,-.037,263,-5.14,252,98.7,268,103.8,213,-4.24,258,,AE,70.4,45,94.0,282,46.3,279,22.8,232,28.5,270,44.0,38,112.5,314,53.9,307,20.2,239,32.4,174,36.0,145,70.4,45,71.2,68,94.0,282,92.3,301,112.5,314,109.0,304,2003,0.11243843577283874,5,23,0.17857142857142858,28
187,New Mexico,MWC,9-18,-2.27,107.7,75,110.0,293,65.6,228,-.023,225,+3.68,97,104.6,90,100.9,104,-4.24,259,,MWC,65.6,228,107.7,75,48.7,192,18.0,14,27.2,293,38.5,111,110.0,293,54.6,319,19.2,285,31.1,108,35.3,128,65.6,228,66.3,259,107.7,75,104.7,81,110.0,293,111.3,322,2003,0.4395461982533227,9,18,0.3333333333333333,27
87,New Mexico St.,SB,19-9,+7.51,107.7,78,100.2,128,67.2,157,-.005,176,-0.93,169,102.0,177,102.9,180,-7.35,300,,SB,67.2,157,107.7,78,49.8,149,19.5,59,33.8,105,37.4,134,100.2,128,47.7,85,22.5,106,34.4,255,30.3,44,67.2,157,68.5,168,107.7,78,106.3,57,100.2,128,98.2,97,2003,0.6963731239945488,19,9,0.6785714285714286,28
172,New Orleans,SB,13-14,-0.49,101.7,175,102.2,167,66.3,193,+.005,150,-0.03,154,102.5,160,102.5,156,-3.24,230,,SB,66.3,193,101.7,175,49.3,165,24.0,276,37.0,35,40.6,83,102.2,167,50.1,196,20.0,245,31.7,136,29.9,35,66.3,193,68.4,176,101.7,175,100.7,176,102.2,167,101.8,191,2003,0.48590365919501943,13,14,0.48148148148148145,27
177,Niagara,MAAC,17-12,-0.90,109.5,50,110.4,296,66.5,184,+.091,11,-1.84,190,100.4,223,102.2,150,+0.23,150,,MAAC,66.5,184,109.5,50,50.8,112,21.0,140,38.5,16,45.2,28,110.4,296,50.7,221,19.7,263,34.2,249,34.3,109,66.5,184,68.5,171,109.5,50,107.6,46,110.4,296,107.8,291,2003,0.47648380699237874,17,12,0.5862068965517241,29
321,Nicholls St.,Slnd,1-25,-25.55,87.5,318,113.0,315,62.1,307,-.082,307,-3.85,234,98.8,264,102.6,163,+11.15,13,,Slnd,62.1,307,87.5,318,43.2,322,27.9,325,29.2,256,33.1,243,113.0,315,52.7,284,20.7,211,37.1,305,41.8,265,62.1,307,64.5,294,87.5,318,83.5,324,113.0,315,109.3,309,2003,0.050158182962503996,1,25,0.038461538461538464,26
294,Norfolk St.,MEAC,14-15,-15.22,88.1,316,103.4,187,65.7,218,+.022,114,-15.27,327,94.0,324,109.3,327,-5.64,287,,MEAC,65.7,218,88.1,316,46.6,266,25.2,303,34.4,92,41.7,63,103.4,187,47.1,64,24.8,16,33.6,220,38.1,194,65.7,218,67.5,218,88.1,316,93.4,287,103.4,187,95.7,42,2003,0.13687127727517326,14,15,0.4827586206896552,29
54,North Carolina,ACC,19-16,+12.15,107.9,72,95.8,57,68.3,110,+.024,104,+11.23,3,107.5,7,96.2,3,+7.32,28,,ACC,68.3,110,107.9,72,50.7,116,20.8,137,29.8,238,31.8,278,95.8,57,49.1,151,23.2,79,35.4,281,29.4,28,68.3,110,71.2,70,107.9,72,100.6,179,95.8,57,99.6,131,2003,0.7970301649175233,19,16,0.5428571428571428,35
327,North Carolina A&T,MEAC,1-25,-35.37,84.1,324,119.4,327,68.7,92,-.013,198,-9.85,309,96.7,301,106.6,301,+11.86,10,,MEAC,68.7,92,84.1,324,44.4,311,24.3,281,29.5,249,32.3,272,119.4,327,55.8,322,20.8,205,39.8,325,37.1,171,68.7,92,70.0,113,84.1,324,86.3,320,119.4,327,114.5,326,2003,0.017456452912966984,1,25,0.038461538461538464,26
232,North Texas,SB,5-21,-7.31,99.3,217,106.6,246,70.2,50,+.006,147,+5.18,78,105.3,69,100.1,88,+9.82,19,,SB,70.2,50,99.3,217,47.0,254,23.8,266,30.8,204,35.5,186,106.6,246,49.5,162,18.6,294,36.8,301,48.4,316,70.2,50,71.9,52,99.3,217,94.8,272,106.6,246,108.9,302,2003,0.3066588389980999,5,21,0.19230769230769232,26
214,Northeastern,AE,14-15,-5.33,98.9,225,104.2,200,70.1,53,-.004,173,-4.88,247,99.4,246,104.3,237,-1.47,189,,AE,70.1,53,98.9,225,47.9,225,21.1,150,34.0,103,33.0,248,104.2,200,51.0,224,25.0,14,33.8,232,46.2,306,70.1,53,71.8,54,98.9,225,99.9,193,104.2,200,100.5,154,2003,0.35426745674202414,14,15,0.4827586206896552,29
190,Northern Arizona,BSky,13-13,-2.60,99.5,211,102.1,165,68.1,115,+.005,148,-3.70,230,100.7,212,104.4,243,-5.22,278,,BSky,68.1,115,99.5,211,52.7,36,23.1,248,29.6,242,32.8,254,102.1,165,49.8,186,21.1,190,29.6,56,36.6,157,68.1,115,70.3,101,99.5,211,100.0,188,102.1,165,100.3,150,2003,0.42637822855006663,13,13,0.5,26
137,Northern Illinois,MAC,17-14,+2.52,104.6,123,102.1,162,64.8,264,+.050,54,+1.28,133,103.8,120,102.6,161,+3.42,75,,MAC,64.8,264,104.6,123,51.8,70,25.0,302,38.8,10,42.2,53,102.1,162,50.3,206,21.3,180,30.8,102,42.5,277,64.8,264,66.9,242,104.6,123,102.5,130,102.1,162,102.6,209,2003,0.5691035271452068,17,14,0.5483870967741935,31
194,Northern Iowa,MVC,10-17,-2.78,102.0,169,104.8,214,64.6,269,-.010,190,+1.61,128,103.3,137,101.7,125,+3.61,69,,MVC,64.6,269,102.0,169,52.4,44,21.0,139,24.2,317,34.6,207,104.8,214,50.5,211,17.9,312,31.0,106,29.6,32,64.6,269,64.7,291,102.0,169,100.1,186,104.8,214,105.7,261,2003,0.42276548064572894,10,17,0.37037037037037035,27
167,Northwestern,B10,12-17,+0.05,105.0,117,104.9,218,60.4,317,-.003,169,+4.99,82,104.7,83,99.7,82,-11.03,319,,B10,60.4,317,105.0,117,49.7,152,20.7,127,26.7,298,36.4,163,104.9,218,50.6,216,21.6,154,38.1,318,37.3,177,60.4,317,61.5,315,105.0,117,101.0,169,104.9,218,106.1,267,2003,0.502739372511987,12,17,0.41379310344827586,29
305,Northwestern St.,Slnd,6-21,-16.93,85.2,322,102.1,166,70.6,42,+.001,164,-6.04,267,98.9,259,105.0,270,+0.45,145,,Slnd,70.6,42,85.2,322,42.3,325,25.8,311,34.0,101,39.9,94,102.1,166,48.4,119,25.4,6,34.5,262,48.8,320,70.6,42,71.9,51,85.2,322,86.4,319,102.1,166,98.4,100,2003,0.11096321620965859,6,21,0.2222222222222222,27
18,Notre Dame,BE,24-10,+20.31,116.5,7,96.2,60,69.2,74,+.009,139,+11.01,6,107.4,9,96.3,5,+3.78,65,5,BE,69.2,74,116.5,7,51.5,80,18.1,17,29.8,237,36.8,152,96.2,60,46.0,37,17.6,318,31.5,132,25.6,6,69.2,74,71.8,56,116.5,7,109.1,26,96.2,60,98.1,94,2003,0.9004121134679873,24,10,0.7058823529411765,34
185,Oakland,MCon,15-11,-2.07,103.7,136,105.7,231,71.3,25,+.007,142,-6.76,273,100.1,229,106.9,306,-4.99,271,,MCon,71.3,25,103.7,136,50.9,103,19.3,45,33.9,104,43.4,41,105.7,231,53.0,292,21.5,162,27.8,23,34.0,101,71.3,25,72.6,38,103.7,136,106.7,54,105.7,231,103.1,224,2003,0.44529932612926587,15,11,0.5769230769230769,26
168,Ohio,MAC,14-16,-0.22,104.5,124,104.7,212,65.6,229,+.090,12,+3.25,104,105.3,68,102.1,143,+10.46,17,,MAC,65.6,229,104.5,124,51.4,87,21.9,190,29.5,247,47.1,11,104.7,212,51.9,262,18.0,310,31.8,145,34.7,120,65.6,229,66.4,254,104.5,124,102.7,128,104.7,212,107.7,289,2003,0.4945030878700488,14,16,0.4666666666666667,30
75,Ohio St.,B10,17-15,+8.93,103.2,147,94.3,35,64.2,277,+.052,50,+9.63,15,107.0,19,97.4,18,-0.59,168,,B10,64.2,277,103.2,147,45.7,288,21.1,149,31.8,172,44.7,30,94.3,35,48.2,108,20.5,218,28.9,41,36.0,142,64.2,277,65.1,285,103.2,147,98.0,228,94.3,35,98.9,115,2003,0.7383012931082787,17,15,0.53125,32
9,Oklahoma,B12,27-7,+23.01,112.1,25,89.1,10,62.7,299,+.034,84,+9.01,24,106.7,30,97.7,25,-2.32,214,1,B12,62.7,299,112.1,25,51.2,93,18.6,31,35.7,65,32.9,251,89.1,10,45.4,15,21.5,167,27.0,13,34.2,108,62.7,299,64.4,297,112.1,25,107.9,38,89.1,10,92.4,12,2003,0.9334396930316451,27,7,0.7941176470588235,34
25,Oklahoma St.,B12,22-10,+17.67,105.9,100,88.2,5,66.7,177,+.003,157,+9.08,22,106.3,44,97.2,15,-1.17,183,6,B12,66.7,177,105.9,100,48.8,183,21.6,178,34.4,89,40.4,87,88.2,5,44.1,8,24.5,24,34.4,258,36.9,164,66.7,177,68.2,180,105.9,100,100.2,185,88.2,5,91.3,9,2003,0.8912152993196091,22,10,0.6875,32
162,Old Dominion,CAA,12-15,+0.30,99.2,219,98.9,103,66.6,182,-.113,320,-2.22,203,100.0,232,102.2,148,-1.40,186,,CAA,66.6,182,99.2,219,45.3,297,19.6,64,35.0,78,35.3,188,98.9,103,48.2,112,23.4,70,27.2,17,36.7,158,66.6,182,67.6,217,99.2,219,98.1,224,98.9,103,95.2,37,2003,0.5087068497890782,12,15,0.4444444444444444,27
153,Oral Roberts,MCon,17-10,+1.21,104.6,121,103.4,188,68.1,116,-.030,243,-6.92,274,100.3,227,107.2,310,-5.13,274,,MCon,68.1,116,104.6,121,50.9,104,20.5,122,33.2,128,44.4,34,103.4,188,46.5,43,18.7,292,31.7,137,37.5,181,68.1,116,69.8,120,104.6,121,108.4,33,103.4,188,100.0,141,2003,0.5331248550243135,17,10,0.6296296296296297,27
42,Oregon,P10,23-10,+14.25,111.4,29,97.1,73,71.2,28,+.032,87,+5.23,76,105.1,73,99.8,85,-4.45,262,8,P10,71.2,28,111.4,29,52.9,28,20.3,102,31.3,197,33.6,231,97.1,73,47.0,59,22.2,120,34.0,242,38.5,207,71.2,28,75.0,10,111.4,29,108.2,35,97.1,73,98.2,96,2003,0.8291958008558973,23,10,0.696969696969697,33
128,Oregon St.,P10,12-15,+3.21,100.7,196,97.5,79,66.9,172,+.006,146,+5.55,72,104.9,78,99.4,71,-6.57,295,,P10,66.9,172,100.7,196,45.7,290,19.5,58,29.3,254,39.8,97,97.5,79,48.8,136,19.7,264,30.4,80,26.4,9,66.9,172,69.4,138,100.7,196,96.8,247,97.5,79,99.6,134,2003,0.5917910280049026,12,15,0.4444444444444444,27
176,Pacific,BW,12-16,-0.86,99.9,207,100.8,139,66.3,191,-.066,296,-1.06,175,101.6,185,102.7,165,+3.27,82,,BW,66.3,191,99.9,207,47.4,246,20.3,100,29.4,250,30.6,291,100.8,139,47.2,68,21.1,188,31.2,115,39.3,222,66.3,191,66.0,266,99.9,207,99.1,206,100.8,139,99.4,127,2003,0.4742379074144804,12,16,0.42857142857142855,28
48,Penn,Ivy,22-6,+13.35,110.3,41,96.9,68,63.3,290,+.035,82,-1.53,182,100.4,221,101.9,132,+3.49,71,11,Ivy,63.3,290,110.3,41,55.4,7,20.5,121,31.4,192,36.5,159,96.9,68,46.9,54,22.2,121,28.2,29,34.2,106,63.3,290,64.1,302,110.3,41,108.8,29,96.9,68,93.4,20,2003,0.8160078204693018,22,6,0.7857142857142857,28
209,Penn St.,B10,7-21,-4.58,98.6,231,103.2,185,67.6,133,-.004,171,+8.26,37,106.4,39,98.2,39,-1.64,193,,B10,67.6,133,98.6,231,45.5,294,23.1,249,28.2,278,27.4,319,103.2,185,52.8,288,20.3,226,32.4,170,41.3,256,67.6,133,68.1,189,98.6,231,92.0,303,103.2,185,106.3,274,2003,0.3718304130381415,7,21,0.25,28
148,Pepperdine,WCC,15-13,+1.69,110.2,42,108.5,279,70.8,35,+.042,69,+1.33,131,102.9,148,101.6,123,+1.19,127,,WCC,70.8,35,110.2,42,52.6,39,17.8,11,28.7,266,29.2,304,108.5,279,54.7,320,22.1,128,32.7,191,31.5,60,70.8,35,72.0,50,110.2,42,107.6,45,108.5,279,107.9,295,2003,0.5445781492614564,15,13,0.5357142857142857,28
3,Pittsburgh,BE,28-5,+28.61,114.8,14,86.2,2,64.7,266,-.023,224,+7.08,56,105.5,66,98.4,48,-8.24,310,2,BE,64.7,266,114.8,14,56.5,5,22.6,223,35.6,67,42.4,50,86.2,2,44.0,6,23.7,56,25.9,5,34.4,112,64.7,266,67.9,202,114.8,14,110.5,18,86.2,2,87.7,1,2003,0.9642567108567298,28,5,0.8484848484848485,33
207,Portland,WCC,10-17,-4.25,98.7,229,103.0,179,68.2,113,+.011,137,+1.38,130,102.9,147,101.6,121,+0.81,135,,WCC,68.2,113,98.7,229,47.5,243,20.1,92,21.3,325,41.7,64,103.0,179,52.8,287,24.8,17,34.6,264,51.2,322,68.2,113,70.7,88,98.7,229,96.1,255,103.0,179,103.2,225,2003,0.37979781589419925,10,17,0.37037037037037035,27
275,Portland St.,BSky,4-21,-11.46,87.2,319,98.7,98,65.5,238,-.047,277,+0.50,145,102.4,163,101.9,131,+3.46,74,,BSky,65.5,238,87.2,319,44.2,315,27.7,324,28.2,277,40.5,86,98.7,98,49.0,145,22.9,91,26.0,6,42.1,270,65.5,238,68.0,193,87.2,319,84.5,322,98.7,98,97.7,79,2003,0.19393722833479904,4,21,0.16,25
249,Prairie View A&M,SWAC,17-12,-9.08,97.4,250,106.5,244,67.3,152,+.127,4,-9.21,301,95.8,314,105.0,271,+8.57,23,,SWAC,67.3,152,97.4,250,48.2,217,20.6,126,29.3,251,41.3,67,106.5,244,47.7,88,19.8,260,31.5,129,33.4,93,67.3,152,70.2,103,97.4,250,98.8,211,106.5,244,100.5,153,2003,0.26363392105725,17,12,0.5862068965517241,29
133,Princeton,Ivy,15-11,+2.99,109.2,54,106.2,241,59.9,319,-.027,235,-1.98,192,99.7,234,101.7,128,+3.33,80,,Ivy,59.9,319,109.2,54,54.1,16,19.4,54,27.9,286,32.7,255,106.2,241,51.6,255,21.8,137,29.6,61,39.9,232,59.9,319,60.4,323,109.2,54,107.7,43,106.2,241,102.7,211,2003,0.5794107602744046,15,11,0.5769230769230769,26
45,Providence,BE,18-14,+13.85,108.0,69,94.1,32,67.0,166,-.051,282,+7.91,43,106.1,49,98.2,41,+1.44,120,,BE,67.0,166,108.0,69,48.9,178,20.7,133,32.8,142,34.8,202,94.1,32,46.8,53,22.5,110,35.0,276,34.7,119,67.0,166,68.8,150,108.0,69,103.2,111,94.1,32,97.6,77,2003,0.8298255733729626,18,14,0.5625,32
27,Purdue,B10,19-11,+17.42,107.0,87,89.6,11,69.3,71,-.012,194,+9.53,17,107.6,6,98.0,36,+4.87,55,9,B10,69.3,71,107.0,87,48.5,203,20.0,82,29.6,243,46.2,19,89.6,11,46.0,40,23.3,72,29.9,67,37.1,169,69.3,71,69.6,128,107.0,87,102.6,129,89.6,11,93.8,22,2003,0.8850295012681201,19,11,0.6333333333333333,30
229,Quinnipiac,NEC,16-12,-6.72,99.1,222,105.8,236,71.0,33,+.044,66,-8.87,297,97.7,288,106.6,299,-2.19,210,,NEC,71.0,33,99.1,222,50.8,109,21.3,158,31.3,196,38.1,118,105.8,236,49.7,179,22.6,100,33.6,220,40.8,245,71.0,33,72.9,35,99.1,222,102.3,134,105.8,236,101.1,172,2003,0.32031111838458937,16,12,0.5714285714285714,28
313,Radford,BSth,10-20,-19.59,88.6,315,108.2,274,68.5,98,+.067,34,-8.55,294,97.8,286,106.3,295,-1.72,195,,BSth,68.5,98,88.6,315,42.4,324,20.4,113,28.5,272,36.3,165,108.2,274,50.4,210,21.2,184,33.8,228,40.3,237,68.5,98,69.7,124,88.6,315,90.3,313,108.2,274,104.6,247,2003,0.09126639405845917,10,20,0.3333333333333333,30
116,Rhode Island,A10,19-12,+4.33,101.6,176,97.3,75,68.5,100,+.112,7,+3.30,102,104.4,100,101.1,107,+0.92,132,,A10,68.5,100,101.6,176,44.2,317,19.1,43,35.6,69,38.3,115,97.3,75,48.9,137,23.1,83,34.4,256,37.4,178,68.5,100,70.1,110,101.6,176,98.7,217,97.3,75,98.7,107,2003,0.621827499082201,19,12,0.6129032258064516,31
112,Rice,WAC,17-10,+4.73,105.8,102,101.1,144,69.2,73,+.063,40,+0.02,152,101.0,200,101.0,105,-0.21,158,,WAC,69.2,73,105.8,102,51.8,72,23.3,253,30.8,202,39.3,103,101.1,144,48.5,126,22.8,95,33.4,217,39.2,220,69.2,73,70.3,100,105.8,102,103.0,119,101.1,144,99.2,122,2003,0.6277472420119382,17,10,0.6296296296296297,27
97,Richmond,A10,15-14,+6.28,101.4,180,95.2,48,62.1,306,-.037,264,+3.77,95,104.5,97,100.7,99,+0.67,137,,A10,62.1,306,101.4,180,47.1,253,18.5,29,30.5,223,34.0,222,95.2,48,46.6,47,23.4,71,32.6,178,35.9,138,62.1,306,64.4,296,101.4,180,99.6,198,95.2,48,96.1,49,2003,0.673832655391868,15,14,0.5172413793103449,29
221,Rider,MAAC,12-16,-5.79,99.2,221,104.9,220,63.2,295,-.013,200,-4.05,238,100.0,231,104.0,225,-5.43,285,,MAAC,63.2,295,99.2,221,47.9,227,19.9,79,30.4,227,29.6,299,104.9,220,48.4,118,21.5,159,34.0,236,36.0,141,63.2,295,65.3,283,99.2,221,99.7,195,104.9,220,102.0,194,2003,0.34468179634626706,12,16,0.42857142857142855,28
285,Robert Morris,NEC,9-17,-12.74,103.6,138,116.3,323,65.0,254,-.044,273,-9.44,304,97.0,297,106.5,297,-3.74,247,,NEC,65.0,254,103.6,138,53.5,22,20.2,95,28.0,284,34.1,219,116.3,323,53.9,308,19.0,290,35.2,279,30.5,46,65.0,254,66.9,245,103.6,138,106.1,62,116.3,323,111.0,320,2003,0.20919064768992893,9,17,0.34615384615384615,26
101,Rutgers,BE,12-16,+6.01,100.9,193,94.9,44,68.7,91,-.041,270,+8.36,35,106.4,42,98.0,37,-5.21,277,,BE,68.7,91,100.9,193,45.0,304,19.4,48,32.9,139,32.1,273,94.9,44,48.6,128,24.7,19,34.1,245,44.9,297,68.7,91,70.2,108,100.9,193,95.8,259,94.9,44,97.2,71,2003,0.6693001726285123,12,16,0.42857142857142855,28
140,SMU,WAC,17-13,+2.36,103.6,140,101.2,146,68.2,114,+.070,28,+1.45,129,102.7,154,101.3,110,+3.56,70,,WAC,68.2,114,103.6,140,48.2,218,21.9,188,34.4,91,42.2,54,101.2,146,49.8,188,22.3,117,33.0,202,32.5,78,68.2,114,70.7,89,103.6,140,100.7,175,101.2,146,100.9,165,2003,0.5669808533448109,17,13,0.5666666666666667,30
246,Sacramento St.,BSky,11-17,-8.89,94.1,280,103.0,181,69.2,76,+.070,29,-1.43,180,101.8,181,103.2,194,-2.19,209,,BSky,69.2,76,94.1,280,46.2,280,23.0,243,28.2,275,37.4,137,103.0,181,51.2,235,23.4,68,33.6,223,43.8,290,69.2,76,70.5,95,94.1,280,92.4,299,103.0,181,102.6,210,2003,0.2612916775750762,11,17,0.39285714285714285,28
303,Sacred Heart,NEC,7-21,-16.77,93.9,283,110.7,299,69.9,55,-.003,168,-7.58,285,98.1,276,105.7,287,-1.83,199,,NEC,69.9,55,93.9,283,46.4,274,21.3,159,31.0,199,23.2,326,110.7,299,54.1,310,24.0,41,36.7,297,40.5,238,69.9,55,72.0,48,93.9,283,95.8,260,110.7,299,106.8,280,2003,0.13092273256128362,7,21,0.25,28
17,Saint Joseph's,A10,23-7,+20.75,109.0,58,88.3,6,64.1,281,-.049,279,+4.60,88,105.0,74,100.4,95,+5.80,43,7,A10,64.1,281,109.0,58,51.6,78,19.4,52,32.2,161,37.6,130,88.3,6,42.2,1,23.0,86,34.0,241,37.4,180,64.1,281,65.5,279,109.0,58,106.2,60,88.3,6,89.6,2,2003,0.9184888098414712,23,7,0.7666666666666667,30
79,Saint Louis,CUSA,16-14,+8.34,104.1,131,95.8,55,58.9,323,+.026,100,+7.10,55,106.0,53,98.9,64,+2.94,88,,CUSA,58.9,323,104.1,131,48.6,194,18.1,16,26.2,307,34.5,209,95.8,55,46.7,49,19.9,257,31.0,104,36.9,165,58.9,323,60.7,320,104.1,131,99.2,205,95.8,55,98.8,111,2003,0.72222531119217,16,14,0.5333333333333333,30
142,Saint Mary's,WCC,14-15,+2.18,98.5,232,96.3,62,65.6,230,-.045,275,+0.42,146,102.8,151,102.4,153,-1.56,192,,WCC,65.6,230,98.5,232,50.3,126,24.9,300,29.5,246,49.7,5,96.3,62,46.6,44,22.1,125,28.3,33,45.8,302,65.6,230,67.8,203,98.5,232,97.6,235,96.3,62,96.3,54,2003,0.564578433681265,14,15,0.4827586206896552,29
237,Saint Peter's,MAAC,10-19,-8.03,100.3,204,108.3,277,71.2,30,-.031,251,-3.58,226,100.4,224,103.9,220,-3.65,243,,MAAC,71.2,30,100.3,204,47.3,250,20.3,105,34.8,84,27.9,314,108.3,277,52.7,286,23.0,87,36.0,291,43.9,291,71.2,30,72.9,33,100.3,204,99.9,192,108.3,277,106.1,270,2003,0.2926592032018325,10,19,0.3448275862068966,29
157,Sam Houston St.,Slnd,21-7,+0.82,101.5,179,100.6,136,67.2,158,+.088,13,-7.41,280,97.0,296,104.4,246,-2.00,204,15,Slnd,67.2,158,101.5,179,51.1,96,22.6,225,31.9,169,43.6,40,100.6,136,44.2,9,21.1,185,31.8,149,36.8,163,67.2,158,68.7,156,101.5,179,102.5,131,100.6,136,94.8,29,2003,0.5255839421536449,21,7,0.75,28
205,Samford,ASun,12-15,-4.16,101.0,192,105.1,222,58.8,324,-.008,186,-2.42,207,102.1,170,104.5,253,+6.06,36,,ASun,58.8,324,101.0,192,56.5,4,24.0,274,20.8,326,30.4,292,105.1,222,49.2,154,16.9,323,29.1,46,34.3,110,58.8,324,61.2,316,101.0,192,101.3,165,105.1,222,104.1,240,2003,0.3875540781767068,12,15,0.4444444444444444,27
80,San Diego,WCC,17-12,+8.32,104.7,119,96.4,64,70.9,34,+.003,160,+3.37,100,104.8,81,101.4,113,+6.03,37,13,WCC,70.9,34,104.7,119,52.9,31,24.5,285,33.0,134,49.3,6,96.4,64,49.0,144,20.7,210,28.2,28,30.7,51,70.9,34,72.5,39,104.7,119,102.1,140,96.4,64,98.3,98,2003,0.7210786828814257,17,12,0.5862068965517241,29
92,San Diego St.,MWC,15-13,+6.69,108.0,67,101.3,149,66.9,171,-.023,226,+3.61,99,104.3,103,100.7,98,-3.20,228,,MWC,66.9,171,108.0,67,51.0,100,21.8,186,36.2,53,36.7,156,101.3,149,51.2,236,20.5,219,28.5,36,41.4,258,66.9,171,67.6,212,108.0,67,105.2,76,101.3,149,102.8,215,2003,0.6762333968486114,15,13,0.5357142857142857,28
118,San Francisco,WCC,14-14,+4.19,109.1,55,104.9,219,63.2,293,-.020,215,+2.16,120,103.0,146,100.8,101,+3.15,84,,WCC,63.2,293,109.1,55,52.6,40,20.4,114,30.8,206,30.9,286,104.9,219,51.4,251,20.3,231,32.7,189,39.1,215,63.2,293,65.3,281,109.1,55,106.0,63,104.9,219,105.0,253,2003,0.6109862680005245,14,14,0.5,28
280,San Jose St.,WAC,5-21,-11.83,96.1,262,107.9,268,65.2,245,+.013,130,+0.24,148,101.7,183,101.4,115,-1.11,182,,WAC,65.2,245,96.1,262,45.1,301,20.0,84,31.7,178,33.2,238,107.9,268,56.3,325,25.1,11,34.7,266,45.6,301,65.2,245,67.2,232,96.1,262,94.0,281,107.9,268,107.3,283,2003,0.2088487434012721,5,21,0.19230769230769232,26
226,Santa Clara,WCC,12-15,-6.25,96.9,256,103.2,184,65.1,251,+.083,15,-0.77,164,102.4,164,103.2,192,-5.27,279,,WCC,65.1,251,96.9,256,46.4,272,22.6,227,32.4,150,35.9,175,103.2,184,49.8,185,18.3,302,27.6,21,38.3,198,65.1,251,66.9,239,96.9,256,96.1,254,103.2,184,102.5,207,2003,0.3264297915060552,12,15,0.4444444444444444,27
324,Savannah St.,ind,3-23,-26.95,78.2,326,105.2,224,73.2,7,-.003,167,-7.00,276,99.2,253,106.2,292,-2.94,224,,ind,73.2,7,78.2,326,40.8,326,25.8,314,32.1,164,28.6,311,105.2,224,50.4,209,24.7,20,39.1,322,66.6,327,73.2,7,76.2,4,78.2,326,80.5,326,105.2,224,102.7,213,2003,0.031958802117446374,3,23,0.11538461538461539,26
53,Seton Hall,BE,17-13,+12.26,104.6,122,92.3,20,65.7,223,+.022,111,+9.26,19,106.4,40,97.1,12,-0.58,167,,BE,65.7,223,104.6,122,47.5,244,21.5,177,33.4,117,36.0,173,92.3,20,47.2,69,22.6,103,31.7,138,37.1,172,65.7,223,67.9,199,104.6,122,98.8,215,92.3,20,96.4,56,2003,0.8082444577917991,17,13,0.5666666666666667,30
122,Siena,MAAC,21-11,+3.89,105.3,110,101.4,150,68.9,83,-.013,199,-2.78,213,100.7,211,103.5,207,-2.16,208,,MAAC,68.9,83,105.3,110,48.5,198,22.3,210,38.1,23,43.9,39,101.4,150,47.0,60,20.3,233,29.4,52,39.8,230,68.9,83,71.1,72,105.3,110,105.3,73,101.4,150,98.9,116,2003,0.6068317116671174,21,11,0.65625,32
156,South Alabama,SB,12-14,+0.85,105.4,108,104.6,204,65.7,224,-.001,166,+2.51,114,103.9,119,101.3,112,+3.10,85,,SB,65.7,224,105.4,108,50.1,140,18.7,32,28.8,265,32.6,260,104.6,204,54.2,312,24.3,32,35.5,284,35.6,134,65.7,224,67.9,198,105.4,108,103.2,116,104.6,204,105.0,255,2003,0.5218908646673724,12,14,0.46153846153846156,26
81,South Carolina,SEC,12-16,+8.31,103.1,150,94.8,38,65.5,235,-.028,239,+9.76,14,108.0,5,98.2,42,+0.29,148,,SEC,65.5,235,103.1,150,46.7,263,19.7,73,30.1,233,32.5,268,94.8,38,49.8,187,23.9,45,34.1,246,34.1,104,65.5,235,67.2,233,103.1,150,97.7,233,94.8,38,100.0,142,2003,0.7241606822119794,12,16,0.42857142857142855,28
244,South Carolina St.,MEAC,20-11,-8.59,96.4,260,105.0,221,71.7,21,+.115,6,-12.27,318,95.2,317,107.5,315,-0.55,165,16,MEAC,71.7,21,96.4,260,50.2,136,26.7,321,36.6,43,46.4,15,105.0,221,47.8,94,23.8,51,35.6,285,42.4,273,71.7,21,72.4,43,96.4,260,99.7,197,105.0,221,98.1,92,2003,0.27235187302148267,20,11,0.6451612903225806,31
114,South Florida,CUSA,14-14,+4.49,101.3,184,96.8,67,67.9,124,+.007,143,+4.25,90,104.0,114,99.7,83,+1.29,125,,CUSA,67.9,124,101.3,184,48.1,220,21.7,182,34.0,102,32.5,265,96.8,67,45.4,17,20.8,206,34.8,270,32.6,80,67.9,124,69.9,116,101.3,184,97.5,239,96.8,67,97.8,82,2003,0.6277446180327403,14,14,0.5,28
251,Southeast Missouri St.,OVC,9-19,-9.22,102.1,168,111.3,304,65.3,244,-.012,193,-1.76,186,103.0,145,104.8,264,+1.51,119,,OVC,65.3,244,102.1,168,51.7,74,19.7,71,28.2,276,29.0,307,111.3,304,55.9,323,19.5,277,30.5,86,35.3,127,65.3,244,67.9,194,102.1,168,103.3,109,111.3,304,111.2,321,2003,0.270481676133112,9,19,0.32142857142857145,28
262,Southeastern Louisiana,Slnd,9-16,-10.54,95.7,266,106.2,242,65.9,210,+.024,103,-4.77,245,98.1,277,102.8,174,+13.01,5,,Slnd,65.9,210,95.7,266,45.3,298,20.0,81,27.1,296,37.3,140,106.2,242,53.7,302,25.6,4,30.8,100,47.8,314,65.9,210,67.9,201,95.7,266,94.0,280,106.2,242,101.4,182,2003,0.23197069890639804,9,16,0.36,25
312,Southern,SWAC,7-19,-18.97,90.1,308,109.0,287,69.0,81,-.108,319,-14.06,325,93.8,326,107.8,318,-16.21,327,,SWAC,69.0,81,90.1,308,45.6,292,22.2,206,34.3,93,28.8,309,109.0,287,47.4,78,20.9,198,37.7,314,37.8,189,69.0,81,71.2,69,90.1,308,94.5,275,109.0,287,100.2,149,2003,0.10065944842155915,7,19,0.2692307692307692,26
55,Southern Illinois,MVC,24-7,+11.76,110.3,40,98.6,96,67.8,125,+.063,39,+1.97,124,103.5,129,101.5,120,+3.35,79,11,MVC,67.8,125,110.3,40,52.4,43,18.2,22,30.8,203,33.5,232,98.6,96,50.5,212,23.5,64,31.0,107,37.7,186,67.8,125,68.1,185,110.3,40,108.6,31,98.6,96,99.4,126,2003,0.784066888593949,24,7,0.7741935483870968,31
166,Southern Miss,CUSA,13-16,+0.16,98.9,224,98.8,101,67.4,147,+.049,60,+3.62,98,103.5,131,99.8,84,-1.79,197,,CUSA,67.4,147,98.9,224,44.7,308,21.8,185,32.3,159,41.9,60,98.8,101,49.6,171,20.8,207,30.7,98,33.1,88,67.4,147,69.6,126,98.9,224,94.6,274,98.8,101,99.7,136,2003,0.5029084145869561,13,16,0.4482758620689655,29
265,Southern Utah,MCon,9-17,-10.77,101.2,188,111.9,311,64.2,278,+.005,149,-3.85,235,101.0,199,104.9,268,-0.77,172,,MCon,64.2,278,101.2,188,52.6,38,22.7,230,26.1,308,36.6,158,111.9,311,53.8,305,21.7,146,35.0,275,40.5,239,64.2,278,66.0,265,101.2,188,101.8,149,111.9,311,110.4,316,2003,0.23942602676094035,9,17,0.34615384615384615,26
85,Southwest Missouri St.,MVC,17-12,+8.04,100.6,199,92.5,22,63.5,287,-.075,300,-0.00,153,103.9,118,103.9,217,-1.54,190,,MVC,63.5,287,100.6,199,47.6,238,20.5,123,34.7,86,41.6,65,92.5,22,47.2,71,24.5,26,28.0,26,42.9,281,63.5,287,64.2,300,100.6,199,101.4,164,92.5,22,93.1,15,2003,0.7241919944193486,17,12,0.5862068965517241,29
196,Southwest Texas St.,Slnd,15-12,-3.28,101.4,182,104.7,209,67.4,148,-.035,261,-7.56,283,96.4,310,103.9,221,-1.10,181,,Slnd,67.4,148,101.4,182,52.0,59,23.2,252,32.5,145,42.8,44,104.7,209,49.6,172,24.6,22,32.6,179,41.1,249,67.4,148,68.6,164,101.4,182,102.8,124,104.7,209,98.4,101,2003,0.4089520327194832,15,12,0.5555555555555556,27
84,St. Bonaventure,A10,13-14,+8.07,112.8,23,104.8,213,71.3,24,-.070,298,+5.51,73,105.1,72,99.6,77,+6.97,32,,A10,71.3,24,112.8,23,50.1,138,16.9,7,31.7,175,27.4,318,104.8,213,53.6,298,23.2,78,35.6,286,37.5,183,71.3,24,72.9,34,112.8,23,107.9,39,104.8,213,105.8,262,2003,0.6997209749643072,13,14,0.48148148148148145,27
239,St. Francis NY,NEC,14-16,-8.10,100.5,200,108.6,280,70.7,37,-.027,234,-8.75,295,97.5,291,106.2,291,-2.68,220,,NEC,70.7,37,100.5,200,52.5,41,24.1,279,33.8,106,41.2,68,108.6,280,52.1,271,23.6,60,33.6,220,43.0,284,70.7,37,72.3,44,100.5,200,103.2,115,108.6,280,103.5,230,2003,0.29081949138659424,14,16,0.4666666666666667,30
256,St. Francis PA,NEC,14-14,-9.84,94.3,277,104.1,198,69.3,70,+.049,62,-9.67,307,96.9,299,106.6,300,-3.70,245,,NEC,69.3,70,94.3,277,49.0,176,21.9,191,26.6,300,35.6,183,104.1,198,51.1,234,23.6,61,31.8,148,30.6,49,69.3,70,70.6,92,94.3,277,96.2,252,104.1,198,98.4,99,2003,0.2428690088026868,14,14,0.5,28
67,St. John's,BE,21-13,+10.06,105.4,109,95.3,50,67.0,165,+.035,77,+6.76,62,106.2,45,99.5,74,-0.51,163,,BE,67.0,165,105.4,109,45.0,303,18.2,20,38.9,9,35.6,184,95.3,50,49.9,190,25.1,10,34.3,252,41.4,259,67.0,165,69.8,118,105.4,109,101.8,148,95.3,50,98.6,105,2003,0.7610468646492091,21,13,0.6176470588235294,34
39,Stanford,P10,24-9,+14.57,109.8,46,95.2,49,65.6,226,+.066,35,+7.26,53,106.2,46,98.9,63,+3.75,66,4,P10,65.6,226,109.8,46,50.2,137,20.7,129,38.6,14,35.1,198,95.2,49,45.6,20,18.6,295,29.9,66,35.0,124,65.6,226,68.8,152,109.8,46,104.8,80,95.2,49,98.0,88,2003,0.8376474025415594,24,9,0.7272727272727273,33
144,Stephen F. Austin,Slnd,19-8,+2.14,105.6,104,103.5,189,62.6,300,+.003,155,-8.51,293,96.6,306,105.1,278,-5.36,283,,Slnd,62.6,300,105.6,104,52.2,49,20.4,108,32.4,151,42.0,58,103.5,189,48.2,107,25.5,5,35.5,282,39.8,228,62.6,300,64.9,290,105.6,104,107.5,48,103.5,189,97.3,74,2003,0.5574940015420989,19,8,0.7037037037037037,27
301,Stetson,ASun,6-20,-16.30,95.5,270,111.8,307,71.9,16,-.013,197,-5.35,257,99.7,236,105.0,275,-5.43,284,,ASun,71.9,16,95.5,270,44.0,319,20.3,101,33.8,107,31.8,277,111.8,307,58.0,327,25.3,7,38.1,317,36.2,148,71.9,16,74.2,17,95.5,270,96.4,250,111.8,307,109.3,311,2003,0.14036869299301544,6,20,0.23076923076923078,26
271,Stony Brook,AE,11-15,-11.06,95.5,269,106.6,245,65.2,248,+.044,67,-6.94,275,97.6,289,104.6,254,-8.11,309,,AE,65.2,248,95.5,269,47.7,236,23.5,258,31.8,170,42.6,48,106.6,245,51.2,242,23.6,58,34.7,265,30.8,53,65.2,248,66.3,256,95.5,269,95.9,257,106.6,245,101.1,171,2003,0.22019874881334914,11,15,0.4230769230769231,26
8,Syracuse,BE,30-5,+23.28,114.4,17,91.1,14,71.0,32,+.083,16,+10.32,10,106.6,34,96.3,4,-3.63,242,3,BE,71.0,32,114.4,17,51.9,68,19.3,46,38.2,21,37.6,131,91.1,14,44.3,10,20.3,228,34.4,257,30.0,36,71.0,32,72.7,37,114.4,17,108.9,28,91.1,14,95.4,40,2003,0.9320774393763682,30,5,0.8571428571428571,35
170,TCU,CUSA,9-19,-0.41,106.0,99,106.5,243,71.3,27,-.027,237,+4.80,85,104.2,106,99.4,72,+0.43,146,,CUSA,71.3,27,106.0,99,48.3,212,20.5,118,31.9,168,42.6,47,106.5,243,52.6,281,19.5,278,32.0,154,36.5,154,71.3,27,74.4,16,106.0,99,101.6,159,106.5,243,107.2,281,2003,0.4864738643068607,9,19,0.32142857142857145,28
74,Temple,A10,18-16,+9.34,108.0,68,98.6,97,63.2,291,+.028,92,+8.08,40,106.5,37,98.4,50,+12.80,7,,A10,63.2,291,108.0,68,46.9,255,15.4,1,33.8,108,27.5,317,98.6,97,51.9,263,23.0,85,31.7,142,30.5,47,63.2,291,64.3,298,108.0,68,103.1,117,98.6,97,103.0,221,2003,0.7402348608272169,18,16,0.5294117647058824,34
58,Tennessee,SEC,17-12,+10.99,108.0,66,97.0,71,64.7,268,+.026,98,+8.54,32,106.4,43,97.8,28,-4.46,263,,SEC,64.7,268,108.0,66,51.2,91,22.8,235,33.1,133,37.5,133,97.0,71,47.9,98,19.1,286,27.8,22,32.7,82,64.7,268,66.4,253,108.0,66,102.7,126,97.0,71,99.8,138,2003,0.7747505861797934,17,12,0.5862068965517241,29
230,Tennessee Martin,OVC,10-14,-6.88,100.5,202,107.3,260,69.5,66,+.042,71,-0.98,172,103.5,128,104.5,247,+5.78,44,,OVC,69.5,66,100.5,202,52.1,56,21.1,146,28.0,283,32.7,257,107.3,260,54.2,311,22.9,92,36.5,296,39.2,217,69.5,66,72.1,47,100.5,202,101.5,161,107.3,260,108.0,299,2003,0.32018633734627366,10,14,0.4166666666666667,24
326,Tennessee St.,OVC,1-24,-27.80,91.0,302,118.8,326,75.7,2,-.008,183,-2.94,217,102.4,165,105.3,281,-3.95,251,,OVC,75.7,2,91.0,302,47.9,224,22.0,196,25.5,311,30.8,289,118.8,326,57.1,326,19.7,262,38.4,319,43.2,287,75.7,2,77.7,3,91.0,302,92.7,294,118.8,326,118.9,327,2003,0.04454482541202213,1,24,0.04,25
123,Tennessee Tech,OVC,17-12,+3.86,102.8,157,99.0,106,68.7,87,-.016,207,-2.02,195,102.7,153,104.8,263,+5.87,41,,OVC,68.7,87,102.8,157,52.2,48,25.2,305,37.3,27,46.8,13,99.0,106,47.0,61,21.1,189,30.3,78,41.3,255,68.7,87,71.1,77,102.8,157,103.7,95,99.0,106,98.7,108,2003,0.6066263914222101,17,12,0.5862068965517241,29
7,Texas,B12,26-7,+23.49,119.3,3,95.8,58,69.4,67,-.009,188,+10.36,9,107.1,16,96.7,7,+2.16,104,1,B12,69.4,67,119.3,3,49.3,162,18.4,26,40.9,2,39.8,95,95.8,58,46.6,45,19.5,275,31.1,110,36.0,143,69.4,67,70.9,84,119.3,3,111.6,11,95.8,58,98.0,86,2003,0.9257285488441954,26,7,0.7878787878787878,33
89,Texas A&M,B12,14-14,+6.97,104.4,126,97.4,77,70.4,44,+.022,113,+7.68,46,106.2,47,98.5,51,-5.28,280,,B12,70.4,44,104.4,126,48.7,193,20.4,110,26.7,299,35.6,185,97.4,77,48.9,141,20.2,234,31.4,124,33.4,94,70.4,44,72.4,41,104.4,126,98.8,213,97.4,77,100.0,144,2003,0.6895764354315983,14,14,0.5,28
252,Texas A&M Corpus Chris,ind,11-15,-9.28,99.0,223,108.3,276,72.8,9,+.021,117,-4.88,246,98.9,262,103.7,211,+0.16,153,,ind,72.8,9,99.0,223,48.2,219,22.5,221,33.4,119,41.1,73,108.3,276,53.9,306,22.6,99,32.9,197,34.8,122,72.8,9,75.7,6,99.0,223,99.3,203,108.3,276,105.0,254,2003,0.262593712401079,11,15,0.4230769230769231,26
302,Texas Pan American,ind,6-20,-16.39,89.5,312,105.9,239,64.8,265,-.029,240,-6.04,266,99.0,256,105.0,272,-0.71,171,,ind,64.8,265,89.5,312,43.8,321,22.0,201,32.1,165,35.4,187,105.9,239,50.6,220,21.3,178,32.2,160,39.9,233,64.8,265,67.4,227,89.5,312,89.9,314,105.9,239,102.2,197,2003,0.12620356763043666,6,20,0.23076923076923078,26
260,Texas Southern,SWAC,18-13,-10.45,98.3,238,108.7,281,68.4,104,+.037,75,-12.96,321,94.4,322,107.4,314,-8.09,308,16,SWAC,68.4,104,98.3,238,50.3,129,21.3,162,35.1,75,50.7,2,108.7,281,49.1,149,19.5,276,31.0,105,31.5,61,68.4,104,71.1,76,98.3,238,102.2,137,108.7,281,100.4,152,2003,0.23929849764367744,18,13,0.5806451612903226,31
32,Texas Tech,B12,21-13,+15.89,109.3,53,93.4,26,66.2,197,-.027,233,+8.92,26,106.8,26,97.9,33,-2.11,206,,B12,66.2,197,109.3,53,49.5,155,16.4,3,30.5,221,34.2,217,93.4,26,49.2,153,24.2,35,32.4,175,28.2,15,66.2,197,68.1,187,109.3,53,105.0,77,93.4,26,96.5,57,2003,0.8591028038725244,21,13,0.6176470588235294,34
291,The Citadel,SC,4-20,-14.22,89.8,311,104.0,195,66.1,201,-.079,303,-3.52,225,101.0,202,104.5,250,-3.26,231,,SC,66.1,201,89.8,311,45.8,286,23.5,261,27.7,289,37.0,148,104.0,195,51.1,233,22.5,107,33.7,225,43.0,283,66.1,201,69.4,135,89.8,311,91.0,311,104.0,195,103.0,219,2003,0.15600373445728122,4,20,0.16666666666666666,24
132,Toledo,MAC,13-16,+3.03,103.6,139,100.6,133,67.2,154,-.043,272,+2.63,113,104.6,85,102.0,136,+5.44,49,,MAC,67.2,154,103.6,139,52.8,32,23.3,254,31.5,189,34.2,215,100.6,133,52.1,272,23.0,90,30.6,90,43.1,286,67.2,154,68.8,151,103.6,139,101.8,146,100.6,133,102.2,199,2003,0.5836872018775285,13,16,0.4482758620689655,29
317,Towson,CAA,4-24,-23.81,84.6,323,108.4,278,66.4,190,-.015,206,-3.46,223,99.5,241,103.0,185,-10.40,316,,CAA,66.4,190,84.6,323,46.2,282,30.0,327,29.0,260,29.9,295,108.4,278,49.2,155,18.6,297,37.4,311,30.1,39,66.4,190,67.9,200,84.6,323,84.1,323,108.4,278,106.3,273,2003,0.0546410658762627,4,24,0.14285714285714285,28
99,Troy St.,ASun,25-6,+6.15,106.9,88,100.8,140,70.3,47,+.105,9,-5.20,253,99.3,251,104.5,248,-2.77,222,14,ASun,70.3,47,106.9,88,50.3,127,18.6,30,36.8,40,29.3,303,100.8,140,48.2,111,24.3,33,34.4,260,30.0,37,70.3,47,72.9,32,106.9,88,107.8,41,100.8,140,97.0,66,2003,0.6627755844213583,25,6,0.8064516129032258,31
108,Tulane,CUSA,15-15,+5.36,106.8,90,101.4,151,65.5,236,-.064,293,+3.03,109,102.4,162,99.4,73,-2.33,215,,CUSA,65.5,236,106.8,90,51.9,65,21.1,145,33.2,126,32.1,274,101.4,151,47.7,87,21.5,161,34.2,248,30.1,38,65.5,236,67.9,195,106.8,90,104.0,90,101.4,151,99.4,128,2003,0.644895369680642,15,15,0.5,30
51,Tulsa,WAC,23-10,+13.04,107.9,70,94.9,41,67.4,150,-.061,291,+1.05,139,102.7,155,101.7,124,+4.16,62,13,WAC,67.4,150,107.9,70,52.3,45,20.5,120,32.0,166,32.9,252,94.9,41,44.6,11,20.3,227,31.9,152,32.1,68,67.4,150,68.7,154,107.9,70,106.3,58,94.9,41,94.4,28,2003,0.8140256955480191,23,10,0.696969696969697,33
73,UAB,CUSA,20-13,+9.45,105.2,113,95.8,56,73.9,4,-.008,185,+3.89,94,103.8,123,99.9,86,-7.00,298,,CUSA,73.9,4,105.2,113,49.3,163,19.0,38,29.6,244,31.9,276,95.8,56,49.7,180,27.8,1,36.8,300,46.0,304,73.9,4,74.7,12,105.2,113,101.8,145,95.8,56,96.3,53,2003,0.7458134539076042,20,13,0.6060606060606061,33
119,UC Irvine,BW,19-9,+4.10,103.6,137,99.5,115,65.5,237,+.077,23,-2.03,196,100.8,209,102.9,178,+2.39,98,,BW,65.5,237,103.6,137,49.9,146,21.6,180,33.3,120,40.1,91,99.5,115,48.6,129,22.7,96,29.6,55,41.6,263,65.5,237,65.7,274,103.6,137,103.4,106,99.5,115,98.0,89,2003,0.6140494915178197,19,9,0.6785714285714286,28
268,UC Riverside,BW,5-18,-10.94,98.8,227,109.8,292,67.5,146,+.023,109,+0.75,143,102.0,174,101.3,111,+10.55,16,,BW,67.5,146,98.8,227,48.3,213,24.7,292,30.3,228,36.8,153,109.8,292,53.1,293,21.5,164,35.4,280,42.0,268,67.5,146,68.0,192,98.8,227,96.2,251,109.8,292,108.7,301,2003,0.2289987182390203,5,18,0.21739130434782608,23
95,UC Santa Barbara,BW,18-14,+6.46,104.2,129,97.7,84,61.4,314,-.080,304,-0.90,168,102.1,173,103.0,182,+3.39,76,,BW,61.4,314,104.2,129,51.2,92,20.0,85,28.1,279,39.0,105,97.7,84,46.9,56,21.8,141,30.7,96,38.3,196,61.4,314,61.8,314,104.2,129,103.8,93,97.7,84,96.7,61,2003,0.6771536209752476,18,14,0.5625,32
129,UCF,ASun,20-11,+3.18,102.9,154,99.7,118,65.4,239,-.032,255,-5.67,262,99.7,237,105.3,280,-4.35,261,,ASun,65.4,239,102.9,154,50.9,102,22.5,220,36.3,49,35.8,179,99.7,118,48.4,122,22.4,114,27.2,16,38.4,201,65.4,239,68.2,182,102.9,154,104.7,83,99.7,118,96.0,48,2003,0.5898408761023081,20,11,0.6451612903225806,31
107,UCLA,P10,10-19,+5.46,107.2,84,101.7,156,69.3,69,-.065,294,+9.15,21,107.0,21,97.8,29,+4.89,54,,P10,69.3,69,107.2,84,50.7,115,21.7,183,31.6,181,33.0,250,101.7,156,50.3,204,18.6,296,32.7,190,34.7,116,69.3,69,73.1,30,107.2,84,101.2,168,101.7,156,105.9,263,2003,0.6469576635205222,10,19,0.3448275862068966,29
304,UMBC,NEC,7-20,-16.78,90.0,309,106.8,250,64.9,260,-.057,286,-8.78,296,98.0,278,106.8,305,-1.84,200,,NEC,64.9,260,90.0,309,46.5,268,24.0,273,33.2,129,36.1,171,106.8,250,49.8,183,21.2,182,33.3,210,38.0,193,64.9,260,66.7,247,90.0,309,93.1,290,106.8,250,103.5,229,2003,0.12258182399907457,7,20,0.25925925925925924,27
274,UMKC,MCon,9-20,-11.32,101.8,170,113.1,316,64.7,267,+.005,153,-2.89,215,100.9,205,103.8,212,+0.59,140,,MCon,64.7,267,101.8,170,48.8,187,18.5,28,29.9,236,31.3,284,113.1,316,53.6,299,20.2,237,37.1,307,37.5,182,64.7,267,66.3,258,101.8,170,101.3,167,113.1,316,112.1,323,2003,0.22960972654008266,9,20,0.3103448275862069,29
283,UNC Asheville,BSth,14-17,-12.35,101.2,187,113.5,319,68.0,118,+.119,5,-6.45,272,98.3,272,104.7,262,+11.61,11,16,BSth,68.0,118,101.2,187,48.6,195,22.2,209,32.9,136,36.3,166,113.5,319,52.0,264,18.1,309,36.3,294,37.2,173,68.0,118,70.0,112,101.2,187,100.6,180,113.5,319,110.4,317,2003,0.21096858156387427,14,17,0.45161290322580644,31
248,UNC Greensboro,SC,6-22,-9.03,97.7,247,106.8,249,67.5,142,-.118,323,-3.04,218,100.8,208,103.9,218,+2.21,103,,SC,67.5,142,97.7,247,49.4,161,22.5,222,31.8,171,27.2,320,106.8,249,51.3,244,21.1,186,35.8,288,36.5,155,67.5,142,70.9,82,97.7,247,97.6,238,106.8,249,105.3,259,2003,0.26422016438390733,6,22,0.21428571428571427,28
37,UNC Wilmington,CAA,24-7,+14.62,109.5,49,94.9,43,64.1,279,-.031,248,-2.47,209,99.2,252,101.7,127,-0.81,173,11,CAA,64.1,279,109.5,49,52.0,58,17.1,8,28.0,282,32.7,256,94.9,43,46.0,34,25.3,8,32.1,155,34.7,117,64.1,279,65.9,269,109.5,49,107.6,44,94.9,43,90.3,5,2003,0.8383035835593562,24,7,0.7741935483870968,31
71,UNLV,MWC,21-11,+9.84,108.1,63,98.2,90,70.3,49,+.022,112,+3.16,105,104.6,88,101.4,114,+0.20,152,,MWC,70.3,49,108.1,63,52.3,47,21.6,179,30.6,217,41.9,59,98.2,90,51.1,231,24.6,23,32.4,167,37.0,167,70.3,49,71.1,73,108.1,63,105.8,67,98.2,90,99.6,132,2003,0.751117435829717,21,11,0.65625,32
91,USC,P10,13-17,+6.74,105.2,114,98.4,93,73.3,5,-.055,284,+7.38,49,106.6,35,99.2,66,+0.12,154,,P10,73.3,5,105.2,114,46.4,275,19.6,65,36.3,51,32.4,271,98.4,93,50.9,223,24.0,42,34.1,243,40.0,234,73.3,5,75.6,8,105.2,114,100.7,173,98.4,93,101.4,180,2003,0.6831873868007826,13,17,0.43333333333333335,30
192,UT Arlington,Slnd,14-13,-2.73,97.8,246,100.5,132,62.2,304,+.007,141,-5.69,263,98.0,279,103.7,209,+11.02,14,,Slnd,62.2,304,97.8,246,46.3,278,23.9,272,38.0,24,37.7,128,100.5,132,47.6,84,21.4,173,30.5,89,28.4,19,62.2,304,64.2,299,97.8,246,97.0,244,100.5,132,96.3,55,2003,0.42233842717723663,14,13,0.5185185185185185,27
296,UTEP,WAC,5-24,-15.62,93.4,287,109.0,285,66.3,195,-.032,254,-0.68,163,101.3,190,102.0,135,-8.64,313,,WAC,66.3,195,93.4,287,49.0,177,25.8,312,28.8,264,34.0,220,109.0,285,51.2,238,16.8,324,31.4,121,33.7,96,66.3,195,67.5,220,93.4,287,91.8,304,109.0,285,107.9,296,2003,0.144766779318399,5,24,0.1724137931034483,29
282,UTSA,Slnd,9-17,-12.02,93.8,284,105.8,234,69.7,63,+.032,86,-4.17,239,98.6,269,102.8,171,+11.43,12,,Slnd,69.7,63,93.8,284,46.5,267,23.0,245,25.2,313,42.9,43,105.8,234,48.3,115,19.5,271,31.8,146,40.6,241,69.7,63,70.7,87,93.8,284,92.5,296,105.8,234,101.2,177,2003,0.20029764303155012,9,17,0.34615384615384615,26
44,Utah,MWC,25-8,+14.04,106.6,91,92.6,23,62.1,308,+.069,32,+5.24,75,106.7,29,101.5,119,+1.55,117,9,MWC,62.1,308,106.6,91,51.9,66,20.4,115,30.9,201,36.7,155,92.6,23,46.0,35,20.1,242,27.0,14,44.4,294,62.1,308,62.4,313,106.6,91,105.0,78,92.6,23,95.9,47,2003,0.8346758365026269,25,8,0.7575757575757576,33
88,Utah St.,BW,22-9,+7.41,107.1,85,99.7,117,61.0,315,+.003,159,-2.00,193,101.1,198,103.1,188,-0.07,155,15,BW,61.0,315,107.1,85,49.5,157,20.3,103,38.6,13,38.3,117,99.7,117,49.2,156,20.0,246,26.9,12,29.0,24,61.0,315,61.0,318,107.1,85,107.0,51,99.7,117,97.9,85,2003,0.6949510075357884,22,9,0.7096774193548387,31
121,VCU,CAA,18-10,+4.06,103.4,144,99.3,111,69.1,78,-.009,189,-4.26,240,98.7,267,103.0,183,-6.63,297,,CAA,69.1,78,103.4,144,50.3,130,19.5,57,31.7,176,33.1,244,99.3,111,43.8,5,20.0,249,32.8,193,33.0,86,69.1,78,70.5,94,103.4,144,103.2,112,99.3,111,94.9,34,2003,0.6142666990821544,18,10,0.6428571428571429,28
289,VMI,SC,8-19,-14.10,91.5,299,105.6,229,65.6,231,+.028,93,-3.60,227,100.4,222,104.0,222,-3.07,227,,SC,65.6,231,91.5,299,45.0,302,21.5,176,29.3,252,30.3,293,105.6,229,48.9,140,20.4,221,33.9,234,42.7,279,65.6,231,69.5,131,91.5,299,91.2,308,105.6,229,104.1,241,2003,0.16135601479312883,8,19,0.2962962962962963,27
93,Valparaiso,MCon,20-11,+6.66,103.7,134,97.1,72,65.8,215,+.021,116,-1.52,181,102.6,158,104.1,233,+8.67,22,,MCon,65.8,215,103.7,134,51.8,73,22.2,207,34.4,90,44.6,32,97.1,72,49.1,150,23.1,82,28.9,42,37.8,190,65.8,215,67.4,230,103.7,134,104.1,88,97.1,72,96.7,58,2003,0.6805386909965445,20,11,0.6451612903225806,31
90,Vanderbilt,SEC,11-18,+6.78,103.7,135,96.9,69,69.3,68,-.049,278,+10.95,7,108.4,4,97.4,17,-1.35,185,,SEC,69.3,68,103.7,135,49.2,170,22.4,218,28.2,274,33.6,230,96.9,69,50.1,199,22.1,127,32.4,168,34.1,103,69.3,68,71.3,65,103.7,135,96.5,249,96.9,69,101.0,168,2003,0.685671462331239,11,18,0.3793103448275862,29
150,Vermont,AE,19-11,+1.57,101.1,191,99.5,114,64.4,271,+.019,119,-5.14,251,99.3,249,104.4,245,-2.29,213,16,AE,64.4,271,101.1,191,48.7,188,21.4,168,36.1,57,34.3,214,99.5,114,47.9,99,19.7,261,26.4,8,28.2,14,64.4,271,65.9,268,101.1,191,101.7,150,99.5,114,95.9,45,2003,0.5457351883276413,19,11,0.6333333333333333,30
57,Villanova,BE,15-16,+11.17,106.6,93,95.4,51,68.8,86,-.059,289,+9.49,18,107.0,20,97.5,20,+7.22,29,,BE,68.8,86,106.6,93,47.7,233,22.7,229,38.2,20,38.0,119,95.4,51,50.0,193,23.8,53,31.5,131,42.5,274,68.8,86,70.3,99,106.6,93,100.7,172,95.4,51,98.9,114,2003,0.7818630861429918,15,16,0.4838709677419355,31
82,Virginia,ACC,16-16,+8.20,108.8,61,100.6,135,68.4,101,+.026,96,+10.13,12,107.2,15,97.0,10,+2.09,108,,ACC,68.4,101,108.8,61,51.5,79,23.0,244,35.5,70,34.8,204,100.6,135,49.0,148,18.0,311,32.4,169,34.9,123,68.4,101,71.3,64,108.8,61,102.7,127,100.6,135,104.5,246,2003,0.7111815358113286,16,16,0.5,32
141,Virginia Tech,BE,11-18,+2.34,106.3,97,104.0,191,66.8,176,-.044,274,+6.28,66,105.5,65,99.3,67,-3.48,236,,BE,66.8,176,106.3,97,47.7,237,21.2,153,39.6,5,37.4,135,104.0,191,49.6,177,19.9,255,36.3,293,33.9,99,66.8,176,68.7,161,106.3,97,101.6,156,104.0,191,106.0,266,2003,0.5625593109224404,11,18,0.3793103448275862,29
179,Wagner,NEC,21-11,-1.16,104.7,118,105.9,238,67.6,134,+.049,61,-7.45,282,98.9,261,106.3,294,+2.39,99,15,NEC,67.6,134,104.7,118,53.2,26,21.4,173,35.2,72,33.5,233,105.9,238,51.9,261,21.7,148,30.8,101,30.6,48,67.6,134,70.2,105,104.7,118,107.2,50,105.9,238,102.2,196,2003,0.46728292707864594,21,11,0.65625,32
21,Wake Forest,ACC,25-6,+19.87,114.5,15,94.6,37,67.7,130,+.073,25,+7.83,44,105.8,58,98.0,35,-3.80,249,2,ACC,67.7,130,114.5,15,50.6,118,21.9,189,42.0,1,45.7,24,94.6,37,45.8,29,19.5,274,30.4,79,31.9,67,67.7,130,69.5,130,114.5,15,111.1,13,94.6,37,97.1,67,2003,0.8998491410734881,25,6,0.8064516129032258,31
130,Washington,P10,10-17,+3.12,102.6,158,99.4,112,70.1,51,-.057,287,+6.39,65,105.7,62,99.3,70,-1.70,194,,P10,70.1,51,102.6,158,47.8,230,21.2,156,33.3,124,35.0,200,99.4,112,49.6,168,23.5,63,36.7,298,42.1,271,70.1,51,72.9,31,102.6,158,97.8,230,99.4,112,101.7,188,2003,0.5901019671763552,10,17,0.37037037037037035,27
208,Washington St.,P10,7-20,-4.29,101.5,177,105.8,233,68.7,89,-.012,196,+6.23,68,106.4,38,100.2,89,-4.27,260,,P10,68.7,89,101.5,177,47.5,241,22.2,208,32.9,140,29.5,301,105.8,233,52.4,276,19.7,265,33.7,227,40.8,246,68.7,89,71.7,57,101.5,177,97.3,241,105.8,233,109.1,308,2003,0.38292420464746446,7,20,0.25925925925925924,27
76,Weber St.,BSky,25-5,+8.88,111.4,28,102.5,172,66.5,186,+.073,26,-1.73,185,100.5,219,102.2,151,+1.29,124,12,BSky,66.5,186,111.4,28,52.1,55,18.4,27,32.3,157,47.4,8,102.5,172,51.6,256,23.1,84,30.0,69,31.7,64,66.5,186,67.6,214,111.4,28,110.1,22,102.5,172,100.3,151,2003,0.7226294193117863,25,5,0.8333333333333334,30
113,West Virginia,BE,14-15,+4.71,104.7,120,99.9,126,65.0,253,+.055,49,+7.74,45,106.0,54,98.3,45,-3.49,238,,BE,65.0,253,104.7,120,51.5,85,19.7,68,24.1,318,30.9,285,99.9,126,49.4,160,21.3,179,36.7,299,30.1,40,65.0,253,67.0,238,104.7,120,99.0,207,99.9,126,103.3,226,2003,0.6317399450714886,14,15,0.4827586206896552,29
281,Western Carolina,SC,6-18,-11.94,98.8,228,110.7,300,67.3,151,-.022,221,-3.18,222,100.9,206,104.1,230,+1.43,121,,SC,67.3,151,98.8,228,48.0,222,22.1,203,29.8,239,33.4,237,110.7,300,52.9,291,20.9,201,35.7,287,39.1,214,67.3,151,70.7,91,98.8,228,98.8,212,110.7,300,109.0,306,2003,0.21284655414791454,6,18,0.25,24
306,Western Illinois,MCon,5-21,-17.26,93.5,285,110.7,301,67.0,167,+.050,56,-2.08,200,102.6,156,104.7,261,+2.05,109,,MCon,67.0,167,93.5,285,48.4,209,23.8,267,29.2,255,32.5,266,110.7,301,54.5,317,20.4,220,34.8,269,32.9,84,67.0,167,67.7,210,93.5,285,94.1,277,110.7,301,110.6,318,2003,0.1254373349443449,5,21,0.19230769230769232,26
56,Western Kentucky,SB,24-9,+11.75,108.0,65,96.3,61,67.2,156,+.035,78,+1.09,138,103.1,143,102.0,137,+2.09,107,13,SB,67.2,156,108.0,65,52.7,34,22.0,194,35.7,66,37.3,138,96.3,61,47.5,81,22.8,94,31.8,147,33.8,97,67.2,156,68.3,177,108.0,65,105.9,66,96.3,61,96.2,51,2003,0.7889525925876382,24,9,0.7272727272727273,33
86,Western Michigan,MAC,20-11,+7.66,101.7,174,94.0,30,65.3,242,+.015,124,+1.19,135,104.5,91,103.3,198,+2.71,91,,MAC,65.3,242,101.7,174,47.8,229,20.0,87,36.2,55,38.5,112,94.0,30,47.7,86,26.6,2,30.5,87,44.4,295,65.3,242,66.9,244,101.7,174,101.6,158,94.0,30,94.8,31,2003,0.7120628574195198,20,11,0.6451612903225806,31
131,Wichita St.,MVC,18-12,+3.05,107.7,76,104.6,207,67.7,129,+.050,55,+0.07,151,101.7,184,101.6,122,-6.53,294,,MVC,67.7,129,107.7,76,52.3,46,22.9,238,33.4,116,39.5,98,104.6,207,50.8,222,19.9,253,28.9,40,33.9,98,67.7,129,68.5,172,107.7,76,105.4,71,104.6,207,103.0,220,2003,0.5831867968940119,18,12,0.6,30
273,William & Mary,CAA,12-16,-11.16,100.7,195,111.9,310,62.0,309,+.060,44,-5.87,265,97.2,295,103.0,186,-13.67,326,,CAA,62.0,309,100.7,195,47.5,240,19.4,49,30.8,205,32.5,267,111.9,310,50.1,195,17.1,322,31.2,116,25.6,7,62.0,309,64.1,303,100.7,195,99.5,201,111.9,310,106.0,265,2003,0.2292081395865798,12,16,0.42857142857142855,28
222,Winthrop,BSth,18-10,-5.81,97.1,255,102.9,176,67.4,149,+.055,48,-11.23,313,96.3,312,107.5,316,-4.03,254,,BSth,67.4,149,97.1,255,49.5,156,21.1,147,30.4,226,38.5,113,102.9,176,47.4,79,22.5,104,31.4,123,38.8,210,67.4,149,68.8,153,97.1,255,100.0,187,102.9,176,95.9,46,2003,0.33912698723114726,18,10,0.6428571428571429,28
12,Wisconsin,B10,24-8,+22.07,114.4,16,92.4,21,61.9,310,-.024,228,+6.46,64,106.1,52,99.6,80,-1.01,179,5,B10,61.9,310,114.4,16,52.1,52,16.5,6,30.8,210,35.9,174,92.4,21,47.9,96,21.8,140,26.7,9,24.5,3,61.9,310,63.1,311,114.4,16,111.4,12,92.4,21,94.0,24,2003,0.9210065458530495,24,8,0.75,32
200,Wofford,SC,10-15,-3.75,104.2,128,108.0,270,68.4,105,+.016,122,-0.27,156,102.5,161,102.7,170,+12.94,6,,SC,68.4,105,104.2,128,51.0,98,20.2,96,30.8,207,29.8,297,108.0,270,51.7,259,20.9,199,37.2,308,35.6,133,68.4,105,71.0,80,104.2,128,103.2,113,108.0,270,107.5,285,2003,0.3984519205892351,10,15,0.4,25
216,Wright St.,Horz,9-18,-5.65,102.1,167,107.7,266,66.0,207,+.016,123,+1.17,136,104.1,110,103.0,184,-3.53,240,,Horz,66.0,207,102.1,167,48.5,204,18.0,15,25.8,310,36.3,164,107.7,266,53.3,294,19.9,250,34.4,259,37.9,191,66.0,207,66.8,246,102.1,167,101.3,166,107.7,266,109.0,305,2003,0.35113273059497235,9,18,0.3333333333333333,27
96,Wyoming,MWC,21-11,+6.34,108.5,62,102.2,168,68.0,121,+.082,18,+3.04,108,103.8,122,100.7,100,-2.51,216,,MWC,68.0,121,108.5,62,50.1,141,19.9,77,32.3,156,53.8,1,102.2,168,50.0,193,18.1,305,25.4,3,33.0,87,68.0,121,68.9,147,108.5,62,106.0,65,102.2,168,102.8,217,2003,0.6655024346024264,21,11,0.65625,32
20,Xavier,A10,26-6,+19.88,113.8,19,94.0,29,67.7,131,+.018,120,+4.79,86,105.0,75,100.2,90,+4.81,56,3,A10,67.7,131,113.8,19,50.2,132,18.3,23,38.2,19,40.7,78,94.0,29,46.1,42,19.6,270,31.2,114,22.6,1,67.7,131,69.2,142,113.8,19,110.9,15,94.0,29,94.8,30,2003,0.9000876641659107,26,6,0.8125,32
155,Yale,Ivy,13-13,+0.85,100.1,206,99.2,108,68.7,90,-.038,267,-1.02,174,100.9,203,101.9,133,+5.21,51,,Ivy,68.7,90,100.1,206,50.5,123,22.7,231,27.5,291,36.1,170,99.2,108,48.8,133,22.0,132,28.2,30,31.2,58,68.7,90,68.5,169,100.1,206,98.8,214,99.2,108,96.9,65,2003,0.5259427392369066,13,13,0.5,26
253,Youngstown St.,Horz,7-20,-9.31,93.1,290,102.4,170,65.8,216,+.024,106,+0.86,142,104.3,101,103.5,206,-5.05,273,,Horz,65.8,216,93.1,290,44.4,310,24.2,280,34.8,81,37.8,122,102.4,170,49.6,174,21.4,174,33.8,229,48.4,317,65.8,216,66.9,243,93.1,290,92.3,300,102.4,170,104.0,237,2003,0.25068842047641754,7,20,0.25925925925925924,27
