rk,TEAM,CONF,RECORD,KADJ EM,adjo,adjo.rank,adjd,adjd.rank,adjt,adjt.rank,luck,luck.rank,sos-adjem,sos-adjem.rank,sos-oppo,sos-oppo.rank,sos-oppd,sos-oppd.rank,ncsos-adjem,ncsos-adjem.rank,seed,conference,KADJ T,adjtempo.rank,KADJ O,adjoe.rank,off-efg%,off-efg%.rank,off-to%,off-to%.rank,off-or%,off-or%.rank,off-ftrate,off-ftrate.rank,KADJ D,adjde.rank,def-efg%,def-efg%.rank,def-to%,def-to%.rank,def-or%,def-or%.rank,def-ftrate,def-ftrate.rank,tempo-adj,tempo-adj.rank,tempo-raw,tempo-raw.rank,avg. poss length-offense,avg. poss length-offense.rank,avg. poss length-defense,avg. poss length-defense.rank,off. efficiency-adj,off. efficiency-adj.rank,off. efficiency-raw,off. efficiency-raw.rank,def. efficiency-adj,def. efficiency-adj.rank,def. efficiency-raw,def. efficiency-raw.rank,avghgt,avghgt.rank,effhgt,effhgt.rank,c-hgt,c-hgt.rank,pf-hgt,pf-hgt.rank,sf-hgt,sf-hgt.rank,sg-hgt,sg-hgt.rank,pg-hgt,pg-hgt.rank,EXP,experience.rank,bench,bench.rank,CONTINUITY,continuity.rank,YEAR,BARTHAG,W,L,WIN%,GAMES
342,Abilene Christian,Slnd,10-21,-20.63,93.2,332,113.8,330,63.8,202,-.003,190,-5.96,306,102.0,276,108.0,316,-1.93,217,,Slnd,63.8,202,93.2,332,47.3,245,19.8,220,24.2,331,28.3,344,113.8,330,55.3,349,20.8,72,33.9,296,44.7,312,63.8,202,64.8,174,18.8,218,17.9,91,93.2,332,93.4,318,113.8,330,111.1,331,73.9,350,-2.8,325,-1.5,315,-1.3,311,-4.4,351,-3.2,347,-3.3,344,1.01,297,32.4,172,54.9,127,2015,0.09141405857891008,10,21,0.3225806451612903,31
204,Air Force,MWC,14-17,-3.01,108.1,95,111.2,305,61.7,303,-.065,318,-1.17,164,102.6,238,103.8,127,-11.14,346,,MWC,61.7,303,108.1,95,53.6,30,19.1,176,29.4,232,30.8,321,111.2,305,53.0,313,20.2,103,32.6,246,35.5,147,61.7,303,61.0,331,19.5,283,19.5,322,108.1,95,105.7,90,111.2,305,107.1,285,77.2,104,-0.6,213,+0.3,128,-1.0,288,-0.1,178,+0.5,123,+2.8,14,1.18,259,36.1,88,42.8,231,2015,0.41942188520706103,14,17,0.45161290322580644,31
108,Akron,MAC,21-14,+5.77,105.1,159,99.4,85,63.6,214,-.042,275,-0.98,159,104.0,159,105.0,179,-7.63,335,,MAC,63.6,214,105.1,159,49.4,148,18.8,153,33.3,107,31.3,312,99.4,85,45.5,40,18.8,187,31.5,193,41.0,252,63.6,214,64.6,185,19.4,277,17.6,55,105.1,159,103.9,131,99.4,85,97.5,74,77.5,68,+3.1,28,+1.5,40,+1.6,26,+2.1,11,-0.2,208,-1.0,262,1.08,284,45.1,3,51.7,152,2015,0.6550341372281151,21,14,0.6,35
55,Alabama,SEC,19-15,+12.28,111.6,53,99.3,84,62.2,283,-.032,255,+7.98,36,108.2,44,100.3,34,-1.61,206,6,SEC,62.2,283,111.6,53,50.7,93,18.7,144,29.6,223,43.7,36,99.3,84,47.4,98,18.9,175,32.0,222,39.5,228,62.2,283,62.9,280,19.2,258,18.6,228,111.6,53,105.5,96,99.3,84,101.7,160,77.4,74,+1.4,82,+0.6,99,+0.8,86,+1.1,63,+1.5,34,-0.4,215,2.25,26,34.9,110,54.8,128,2015,0.792969397124356,19,15,0.5588235294117647,34
336,Alabama A&M,SWAC,9-20,-19.09,95.0,316,114.1,332,63.5,225,-.021,229,-9.62,347,97.8,349,107.4,293,+7.67,14,,SWAC,63.5,225,95.0,316,44.7,319,21.9,324,35.2,41,41.6,60,114.1,332,50.4,229,18.4,218,36.4,339,41.3,260,63.5,225,64.4,197,19.5,285,17.4,33,95.0,316,94.8,301,114.1,332,106.5,272,76.6,191,+0.9,119,+1.2,59,-0.3,217,-0.5,229,-0.5,235,-0.3,213,0.63,344,32.2,177,21.2,340,2015,0.10843946942979826,9,20,0.3103448275862069,29
264,Alabama St.,SWAC,19-10,-8.31,97.8,290,106.1,202,67.5,38,+.030,108,-15.38,351,94.7,351,110.1,351,-2.60,241,,SWAC,67.5,38,97.8,290,48.2,204,19.7,218,36.0,28,34.6,242,106.1,202,46.9,81,19.2,155,29.2,89,35.6,151,67.5,38,69.2,17,16.5,23,17.9,82,97.8,290,101.6,182,106.1,202,96.1,41,75.3,330,-1.0,239,-0.3,198,-0.7,256,+0.5,118,-3.3,349,-3.0,336,1.96,62,32.9,161,75.9,13,2015,0.28155509207586205,19,10,0.6551724137931034,29
131,Albany,AE,24-9,+3.29,107.2,116,103.9,162,60.8,323,+.054,56,-5.50,297,100.4,325,105.9,229,+0.18,154,14,AE,60.8,323,107.2,116,49.9,122,18.8,155,32.6,111,39.0,117,103.9,162,49.6,193,20.1,107,26.1,17,30.3,37,60.8,323,61.1,327,20.1,324,18.7,237,107.2,116,106.7,69,103.9,162,98.7,94,76.9,148,-1.0,240,-0.4,212,-0.6,246,+0.2,154,+0.9,79,+0.9,104,1.18,257,27.2,281,34.3,295,2015,0.5889374361383369,24,9,0.7272727272727273,33
346,Alcorn St.,SWAC,6-26,-24.34,92.9,335,117.3,347,66.8,60,-.059,313,-10.18,349,97.5,350,107.7,303,+5.37,28,,SWAC,66.8,60,92.9,335,43.1,339,17.2,67,30.2,192,37.5,153,117.3,347,52.8,306,18.6,208,36.0,336,40.0,235,66.8,60,67.7,55,18.1,146,17.3,27,92.9,335,93.4,317,117.3,347,109.7,319,76.5,197,-1.3,261,-0.8,262,-0.5,236,+0.0,169,+0.4,136,+0.2,158,1.16,261,36.8,70,40.5,250,2015,0.06404821746623503,6,26,0.1875,32
188,American,Pat,17-16,-1.77,102.5,213,104.2,168,56.8,351,+.015,147,-2.32,198,103.7,175,106.0,235,+2.69,78,,Pat,56.8,351,102.5,213,53.4,33,19.4,193,21.3,347,34.4,246,104.2,168,51.1,258,21.8,25,31.5,190,33.1,86,56.8,351,57.1,351,21.9,351,19.8,340,102.5,213,101.2,190,104.2,168,101.2,150,75.8,291,-2.5,315,-0.8,258,-1.7,333,+0.3,132,+1.0,67,-3.1,339,2.50,6,17.2,351,68.2,42,2015,0.45284869657606824,17,16,0.5151515151515151,33
283,Appalachian St.,SB,12-17,-9.63,98.3,286,107.9,242,65.3,125,+.074,31,-2.64,204,102.5,244,105.1,189,+0.27,151,,SB,65.3,125,98.3,286,45.6,305,20.6,280,31.2,162,33.5,264,107.9,242,50.6,234,17.2,278,29.9,118,37.5,194,65.3,125,66.5,96,18.8,226,17.1,22,98.3,286,95.5,296,107.9,242,105.1,240,75.8,295,-0.4,199,-0.9,271,+0.6,107,-0.6,239,-0.6,240,-2.9,334,1.09,282,34.0,135,43.3,228,2015,0.25510278144020115,12,17,0.41379310344827586,29
4,Arizona,P12,34-4,+32.36,119.9,7,87.5,3,65.8,102,-.033,258,+7.37,45,108.3,38,100.9,49,+0.09,157,2,P12,65.8,102,119.9,7,53.5,31,16.5,40,34.5,63,47.1,9,87.5,3,45.1,25,20.6,78,22.4,1,37.3,191,65.8,102,66.6,92,16.7,32,19.1,292,119.9,7,114.4,14,87.5,3,89.5,4,77.9,28,+3.4,22,+2.5,11,+0.9,80,+1.7,29,+1.3,56,-0.3,211,1.83,91,29.4,243,63.4,73,2015,0.9739849741887753,34,4,0.8947368421052632,38
65,Arizona St.,P12,18-16,+11.13,109.8,69,98.7,73,65.8,98,-.035,267,+6.57,59,106.7,76,100.2,30,-2.47,233,5,P12,65.8,98,109.8,69,50.9,87,20.7,285,31.8,132,42.1,51,98.7,73,50.2,223,19.1,161,25.1,7,34.1,121,65.8,98,66.0,117,18.4,171,17.8,65,109.8,69,103.2,146,98.7,73,99.1,101,77.3,93,+0.2,157,+0.4,121,-0.2,204,+0.1,160,+1.3,45,+1.4,71,1.09,280,35.4,101,37.4,270,2015,0.7730509122476503,18,16,0.5294117647058824,34
29,Arkansas,SEC,27-9,+16.44,114.7,26,98.3,67,69.3,13,+.045,72,+6.09,64,107.2,71,101.1,59,-3.44,263,5,SEC,69.3,13,114.7,26,50.0,118,16.9,47,35.7,35,37.3,160,98.3,67,48.3,137,22.3,20,34.6,319,38.8,218,69.3,13,70.2,10,15.7,8,18.3,171,114.7,26,109.2,40,98.3,67,99.4,111,77.7,42,+2.0,56,+1.7,32,+0.2,142,+1.1,74,+1.2,59,+0.9,102,1.69,123,37.2,63,63.9,68,2015,0.8550044926448493,27,9,0.75,36
235,Arkansas Little Rock,SB,13-18,-5.63,104.3,171,109.9,288,64.3,174,-.048,289,-4.76,272,100.6,320,105.4,199,-4.87,303,,SB,64.3,174,104.3,171,47.6,233,15.6,9,28.5,269,35.9,199,109.9,288,51.0,255,19.9,118,31.2,177,40.8,247,64.3,174,65.4,151,18.4,169,18.1,120,104.3,171,102.6,169,109.9,288,104.8,232,75.7,303,-2.0,294,-0.6,236,-1.5,324,-1.6,318,-1.3,301,+0.1,177,1.43,189,39.0,35,55.6,123,2015,0.3540133432570275,13,18,0.41935483870967744,31
324,Arkansas Pine Bluff,SWAC,12-20,-16.89,92.5,336,109.4,276,63.2,242,+.037,89,-8.36,340,99.3,339,107.7,302,+4.44,40,,SWAC,63.2,242,92.5,336,46.2,286,23.5,341,30.5,187,35.7,211,109.4,276,51.2,259,24.9,3,39.5,348,48.8,335,63.2,242,64.7,182,18.5,190,18.2,155,92.5,336,92.1,332,109.4,276,103.0,186,76.0,263,-0.7,223,-0.5,234,-0.2,202,-0.8,276,-1.4,309,-0.2,201,1.53,163,36.6,77,58.5,97,2015,0.12678093048480435,12,20,0.375,32
295,Arkansas St.,SB,11-18,-10.83,96.2,308,107.0,222,65.7,108,+.023,126,-3.81,242,101.8,289,105.6,218,-3.98,282,,SB,65.7,108,96.2,308,45.3,310,20.0,238,29.7,221,32.9,275,107.0,222,48.3,138,17.6,265,32.7,253,34.7,134,65.7,108,66.8,84,17.9,118,17.8,78,96.2,308,94.1,306,107.0,222,103.3,191,76.2,238,+0.9,118,+0.2,142,+0.7,94,+0.2,149,-1.8,326,-1.5,297,0.86,320,27.9,273,18.1,344,2015,0.227304594811237,11,18,0.3793103448275862,29
253,Army,Pat,15-15,-7.50,100.2,252,107.8,236,69.2,14,+.032,99,-6.16,309,102.3,255,108.4,328,-7.18,331,,Pat,69.2,14,100.2,252,50.0,115,19.1,173,29.7,219,32.0,301,107.8,236,50.9,249,18.9,185,31.5,195,40.7,244,69.2,14,69.1,20,15.3,5,19.3,303,100.2,252,102.3,173,107.8,236,104.4,221,77.2,105,+0.2,159,+0.2,140,-0.0,180,+0.3,128,+1.3,45,+0.7,129,1.89,73,32.0,186,74.1,18,2015,0.3013749743365033,15,15,0.5,30
139,Auburn,SEC,15-20,+2.45,105.8,141,103.3,153,67.2,48,+.058,50,+7.98,37,107.3,70,99.3,12,+1.26,119,,SEC,67.2,48,105.8,141,47.0,259,18.9,161,27.6,282,48.8,2,103.3,153,52.5,300,21.3,43,34.1,302,41.9,270,67.2,48,67.7,53,17.4,68,18.0,96,105.8,141,98.2,258,103.3,153,105.5,249,76.2,250,-0.1,174,-0.2,191,+0.1,153,-0.7,245,-0.8,270,-1.0,255,1.76,111,34.4,123,36.7,277,2015,0.568320265103599,15,20,0.42857142857142855,35
317,Austin Peay,OVC,8-22,-14.20,94.8,317,109.0,264,66.6,67,-.004,196,-1.93,187,104.2,149,106.2,238,-0.21,163,,OVC,66.6,67,94.8,317,44.4,328,20.8,288,31.8,134,41.6,61,109.0,264,54.8,346,20.3,95,29.2,91,38.4,211,66.6,67,68.2,40,18.1,137,16.7,11,94.8,317,93.9,311,109.0,264,108.1,301,76.2,248,-1.6,274,-1.0,281,-0.6,243,-0.1,180,+0.6,114,-1.3,284,1.32,222,29.2,249,44.6,223,2015,0.167262721838973,8,22,0.26666666666666666,30
28,BYU,WCC,25-10,+16.69,119.4,10,102.7,139,70.4,5,-.055,307,+3.96,83,107.0,74,103.0,105,+3.78,51,11,WCC,70.4,5,119.4,10,53.2,39,16.4,38,33.4,102,42.5,44,102.7,139,49.6,194,17.7,260,28.4,58,39.2,224,70.4,5,70.0,12,14.6,1,19.5,320,119.4,10,115.9,7,102.7,139,103.4,194,77.6,54,+1.5,76,+1.4,45,+0.1,161,+0.5,116,+0.6,107,+1.9,40,2.06,44,36.2,86,60.2,88,2015,0.8497538111994469,25,10,0.7142857142857143,35
257,Ball St.,MAC,7-23,-7.65,100.4,249,108.0,247,63.5,220,-.130,351,+1.38,117,104.8,117,103.4,113,-4.30,291,,MAC,63.5,220,100.4,249,48.9,183,21.6,313,30.0,208,35.4,221,108.0,247,52.4,299,18.2,225,28.6,71,42.1,275,63.5,220,63.6,246,19.1,247,18.2,153,100.4,249,98.5,253,108.0,247,106.7,278,76.2,242,-2.4,312,-1.7,326,-0.7,259,+1.2,56,+0.7,91,-1.9,308,0.89,315,33.1,157,28.4,323,2015,0.30171515532068577,7,23,0.23333333333333334,30
14,Baylor,B12,24-10,+22.14,116.6,13,94.5,23,61.5,307,-.035,268,+10.22,13,108.9,22,98.7,6,-0.51,172,3,B12,61.5,307,116.6,13,49.8,123,20.1,244,42.1,1,38.6,128,94.5,23,45.8,50,19.3,151,31.5,198,32.1,71,61.5,307,62.5,294,19.5,287,18.6,225,116.6,13,109.2,41,94.5,23,95.8,38,76.3,230,+0.2,153,-0.5,229,+0.7,95,+1.3,54,-1.4,311,-1.9,310,1.54,161,27.6,276,46.9,204,2015,0.9180933246983088,24,10,0.7058823529411765,34
142,Belmont,OVC,22-11,+2.27,110.2,65,107.9,240,66.9,57,+.065,41,-3.33,225,102.4,250,105.7,222,-1.68,209,15,OVC,66.9,57,110.2,65,56.4,5,20.3,265,28.9,252,32.2,297,107.9,240,51.3,270,18.6,201,29.6,109,28.2,17,66.9,57,67.4,62,17.1,50,18.2,146,110.2,65,108.9,43,107.9,240,104.4,222,76.5,204,-0.7,218,-0.6,245,-0.0,181,-1.6,321,+0.3,140,+1.0,92,1.23,249,30.9,209,54.4,134,2015,0.560344000821203,22,11,0.6666666666666666,33
330,Bethune Cookman,MEAC,11-21,-18.66,91.2,340,109.9,287,60.2,335,-.033,261,-11.26,350,98.7,345,110.0,350,-6.77,330,,MEAC,60.2,335,91.2,340,44.2,331,22.7,336,34.4,67,40.3,87,109.9,287,48.2,135,20.9,67,34.1,306,46.4,327,60.2,335,60.6,334,19.6,293,19.7,334,91.2,340,94.0,310,109.9,287,102.8,183,75.3,326,-1.4,267,-0.3,207,-1.1,304,-2.0,338,-1.2,296,-2.1,317,1.43,190,38.9,36,40.5,249,2015,0.10480560994808179,11,21,0.34375,32
322,Binghamton,AE,6-26,-16.41,94.0,323,110.4,293,63.0,253,-.047,288,-2.91,209,101.8,290,104.7,167,+1.78,106,,AE,63.0,253,94.0,323,44.6,325,21.7,316,26.2,312,39.8,98,110.4,293,52.3,294,20.4,90,32.5,245,33.8,112,63.0,253,63.2,261,18.9,235,18.8,252,94.0,323,90.1,341,110.4,293,105.7,253,76.3,228,-2.1,298,-1.4,308,-0.7,261,+1.1,68,+0.1,175,-1.0,253,0.76,330,29.1,251,40.3,253,2015,0.13594611461007775,6,26,0.1875,32
47,Boise St.,MWC,25-9,+13.85,111.9,50,98.1,63,62.8,259,+.009,165,+0.94,121,104.8,116,103.9,133,-0.31,166,11,MWC,62.8,259,111.9,50,53.2,38,16.1,26,27.8,279,32.4,290,98.1,63,47.6,109,19.4,146,25.6,13,31.6,61,62.8,259,62.2,301,18.5,194,19.9,344,111.9,50,109.5,37,98.1,63,96.1,40,77.3,86,+1.4,81,+0.4,120,+1.0,63,-0.3,202,+0.8,86,+1.2,82,1.66,132,35.8,94,47.7,196,2015,0.8195955719486312,25,9,0.7352941176470589,34
110,Boston College,ACC,13-19,+5.61,107.9,98,102.3,132,63.4,231,-.035,266,+8.01,35,108.0,48,100.0,23,-4.64,297,,ACC,63.4,231,107.9,98,50.7,90,18.7,149,26.1,316,35.0,230,102.3,132,49.4,185,18.8,186,30.8,157,41.0,250,63.4,231,63.9,233,18.6,200,18.6,230,107.9,98,101.4,188,102.3,132,104.2,215,78.3,9,+3.1,27,+2.9,6,+0.2,149,+0.5,120,+1.7,26,+3.0,8,2.52,5,25.6,307,46.4,211,2015,0.6486008601404627,13,19,0.40625,32
239,Boston University,Pat,13-17,-6.29,106.4,127,112.7,324,64.2,181,+.006,169,-3.45,228,102.9,220,106.4,248,+1.66,109,,Pat,64.2,181,106.4,127,52.7,45,19.4,195,28.2,274,45.0,22,112.7,324,52.9,310,16.3,319,28.4,57,33.5,105,64.2,181,63.6,247,17.9,114,19.7,332,106.4,127,106.0,81,112.7,324,110.0,325,77.2,100,-0.2,186,-0.0,176,-0.2,199,+0.3,132,+0.6,111,+2.1,29,1.33,221,25.7,303,36.6,278,2015,0.34039730261685747,13,17,0.43333333333333335,30
115,Bowling Green,MAC,21-12,+5.20,105.9,137,100.7,105,63.7,208,+.006,168,-1.56,180,103.6,184,105.2,192,-5.19,305,,MAC,63.7,208,105.9,137,49.3,160,18.4,126,31.6,146,32.4,291,100.7,105,47.2,92,19.5,143,29.5,103,32.2,74,63.7,208,63.6,250,19.3,261,18.1,118,105.9,137,104.6,116,100.7,105,97.6,75,75.6,311,-1.3,259,-0.7,246,-0.7,252,-2.7,348,-1.7,320,+0.2,164,1.43,188,36.0,91,55.4,124,2015,0.6408415798509857,21,12,0.6363636363636364,33
254,Bradley,MVC,9-24,-7.51,93.7,325,101.3,111,62.1,288,-.043,282,+0.92,123,104.9,112,104.0,137,-3.60,267,,MVC,62.1,288,93.7,325,42.3,345,20.4,269,32.0,127,37.8,145,101.3,111,50.3,225,21.9,23,28.9,78,46.2,326,62.1,288,61.0,329,19.7,302,19.4,317,93.7,325,90.8,339,101.3,111,100.4,128,77.1,116,+1.3,90,+0.3,127,+1.0,69,+1.5,33,-0.1,200,-0.6,223,0.95,307,34.9,111,41.6,241,2015,0.2896952586032705,9,24,0.2727272727272727,33
268,Brown,Ivy,13-18,-8.42,99.4,265,107.8,238,67.4,40,+.049,67,-1.94,188,102.2,259,104.1,145,-3.82,276,,Ivy,67.4,40,99.4,265,47.0,257,21.6,314,29.8,216,44.9,23,107.8,238,48.6,152,16.5,313,30.7,149,36.5,168,67.4,40,67.1,75,17.1,53,18.4,183,99.4,265,96.5,283,107.8,238,104.4,219,77.4,80,+1.1,100,+0.0,168,+1.1,50,+1.2,57,+1.1,61,+0.0,181,1.66,133,26.3,291,71.7,26,2015,0.28232787016436606,13,18,0.41935483870967744,31
236,Bryant,NEC,16-15,-5.85,104.1,176,109.9,290,63.1,249,+.064,44,-4.60,265,101.4,304,106.0,232,+2.86,73,,NEC,63.1,249,104.1,176,48.8,185,18.3,117,29.5,231,32.8,280,109.9,290,48.3,141,16.6,305,32.0,224,35.9,157,63.1,249,63.8,241,19.3,264,18.1,113,104.1,176,103.1,150,109.9,290,105.2,244,75.8,292,-3.2,334,-1.8,332,-1.4,322,-1.2,297,-0.7,251,+0.9,108,1.87,79,23.1,332,58.1,102,2015,0.3489819454929243,16,15,0.5161290322580645,31
200,Bucknell,Pat,19-15,-2.80,105.8,140,108.6,259,64.2,175,+.076,27,-3.27,222,103.7,174,107.0,273,+1.96,99,8,Pat,64.2,175,105.8,140,49.7,131,17.1,60,29.6,224,40.3,89,108.6,259,49.9,209,14.5,347,25.9,16,38.4,210,64.2,175,64.0,230,19.4,271,18.0,104,105.8,140,105.1,103,108.6,259,106.4,269,76.2,244,-0.1,181,-0.3,197,+0.1,160,-0.3,193,-1.0,284,-0.9,249,1.09,281,42.1,11,51.1,161,2015,0.4254620951810682,19,15,0.5588235294117647,34
58,Buffalo,MAC,23-10,+11.87,111.3,57,99.4,87,68.3,23,+.001,182,+1.83,110,106.0,90,104.2,149,+0.81,130,12,MAC,68.3,23,111.3,57,48.7,190,16.7,43,34.5,62,42.6,41,99.4,87,48.5,151,19.7,127,30.4,133,34.3,126,68.3,23,68.7,26,17.3,63,17.6,53,111.3,57,108.6,49,99.4,87,99.5,113,76.9,145,-0.3,190,-0.6,235,+0.3,130,+0.1,163,+0.3,140,+1.0,96,1.31,227,28.5,259,45.3,218,2015,0.7859001347505417,23,10,0.696969696969697,33
20,Butler,BE,23-11,+20.09,110.2,64,90.1,8,63.2,243,-.023,233,+9.72,17,110.6,4,100.9,48,+0.69,133,6,BE,63.2,243,110.2,64,48.4,200,17.0,50,34.7,53,40.8,79,90.1,8,46.7,73,19.4,144,25.3,10,33.3,98,63.2,243,64.3,206,18.8,219,18.5,197,110.2,64,105.9,84,90.1,8,93.7,18,77.1,115,-0.2,183,-0.2,192,+0.1,168,+1.3,42,+1.7,28,-0.7,227,2.27,24,21.2,345,59.4,93,2015,0.9101798123546908,23,11,0.6764705882352942,34
153,Cal Poly,BW,13-16,+1.24,102.9,203,101.7,120,58.6,346,-.056,308,+2.15,103,105.9,93,103.7,126,+6.11,25,,BW,58.6,346,102.9,203,44.0,332,14.8,5,31.8,136,31.4,310,101.7,120,49.3,182,17.3,276,28.1,48,31.3,54,58.6,346,59.3,345,21.2,343,18.9,269,102.9,203,100.0,215,101.7,120,101.8,161,76.5,192,-0.4,197,-0.3,206,-0.0,182,-0.2,189,-0.6,241,+0.6,133,1.56,154,32.6,167,54.2,135,2015,0.5336736770322669,13,16,0.4482758620689655,29
241,Cal St. Bakersfield,WAC,14-19,-6.44,99.7,263,106.2,203,60.5,330,-.124,349,-6.99,328,99.9,334,106.9,269,-2.96,249,,WAC,60.5,330,99.7,263,45.3,309,20.1,239,33.6,91,38.0,138,106.2,203,47.9,117,19.0,171,26.8,26,49.9,337,60.5,330,60.5,335,21.3,344,18.1,122,99.7,263,99.0,243,106.2,203,99.5,112,75.9,287,-1.8,284,+0.3,131,-2.1,344,-1.1,296,-0.8,272,-0.2,201,1.31,226,33.5,147,38.3,264,2015,0.32600236497845086,14,19,0.42424242424242425,33
292,Cal St. Fullerton,BW,9-22,-10.62,99.1,269,109.7,284,65.7,107,-.009,207,-0.35,148,103.3,197,103.7,123,-2.31,226,,BW,65.7,107,99.1,269,45.7,300,19.2,182,28.5,268,36.7,175,109.7,284,51.3,269,16.6,309,27.1,33,41.0,253,65.7,107,65.7,128,18.3,165,17.9,83,99.1,269,95.4,298,109.7,284,106.5,274,77.0,122,+0.1,164,-0.1,177,+0.1,155,+0.8,98,+0.1,177,+0.8,114,1.85,86,37.5,57,50.7,164,2015,0.2371028615278062,9,22,0.2903225806451613,31
269,Cal St. Northridge,BW,9-24,-8.44,100.8,242,109.2,270,64.8,145,-.041,273,+0.92,124,104.6,125,103.6,122,+0.57,139,,BW,64.8,145,100.8,242,45.3,311,19.5,207,28.4,270,41.1,71,109.2,270,51.0,252,16.6,307,30.5,140,35.9,155,64.8,145,65.6,138,17.7,99,18.6,218,100.8,242,97.1,272,109.2,270,107.6,293,77.2,106,+0.3,147,+0.0,167,+0.3,130,+1.6,30,+0.3,138,+0.2,155,2.49,7,24.0,329,67.2,45,2015,0.28485783206627374,9,24,0.2727272727272727,33
113,California,P12,18-15,+5.25,104.2,172,99.0,79,65.3,123,+.062,48,+5.58,69,107.8,53,102.2,89,-3.07,253,,P12,65.3,123,104.2,172,48.9,179,16.6,41,26.0,317,30.4,328,99.0,79,46.8,77,14.4,348,25.1,8,38.9,220,65.3,123,66.3,104,17.6,89,18.4,174,104.2,172,99.6,230,99.0,79,100.6,134,78.0,22,+2.1,51,+1.9,25,+0.2,147,+0.9,83,+1.8,22,+1.9,37,1.86,82,30.7,214,56.1,119,2015,0.6430693829601664,18,15,0.5454545454545454,33
301,Campbell,BSth,10-22,-11.85,97.7,292,109.5,279,61.3,311,-.089,335,-4.38,258,103.8,171,108.2,320,-0.29,165,,BSth,61.3,311,97.7,292,49.8,124,20.1,242,27.5,290,35.9,202,109.5,279,52.5,301,19.0,169,30.8,154,42.4,283,61.3,311,62.6,289,20.2,328,17.8,76,97.7,292,98.7,250,109.5,279,107.6,294,76.2,246,-3.7,343,-3.0,349,-0.7,264,+0.3,139,+0.6,105,+0.4,147,1.51,169,31.1,203,53.2,140,2015,0.21227534327475844,10,22,0.3125,32
149,Canisius,MAAC,18-15,+1.81,103.6,184,101.8,124,63.4,230,-.049,291,-2.64,205,102.0,272,104.7,168,+0.33,149,,MAAC,63.4,230,103.6,184,46.6,272,18.4,125,34.0,78,32.0,302,101.8,124,46.9,82,21.5,33,32.3,235,40.7,242,63.4,230,64.3,204,19.4,273,17.8,66,103.6,184,101.5,184,101.8,124,97.3,70,76.5,207,+0.3,144,+0.4,117,-0.1,189,-0.3,207,+0.3,153,-1.3,282,0.95,306,38.5,44,31.9,309,2015,0.5502208591778499,18,15,0.5454545454545454,33
349,Central Arkansas,Slnd,2-27,-27.67,91.0,341,118.7,350,69.0,17,+.004,177,-6.32,315,101.7,294,108.0,315,-1.45,201,,Slnd,69.0,17,91.0,341,48.8,186,25.6,350,28.0,276,39.3,113,118.7,350,55.0,347,18.3,220,36.7,343,42.5,289,69.0,17,71.3,5,17.0,44,16.5,7,91.0,341,91.5,336,118.7,350,115.3,350,76.5,193,+0.9,115,+0.3,136,+0.7,97,+0.5,119,-1.0,279,-1.1,264,0.14,350,28.4,260,4.3,350,2015,0.04495881384467544,2,27,0.06896551724137931,29
344,Central Connecticut,NEC,5-26,-20.70,92.9,334,113.6,329,62.8,262,-.012,213,-6.19,311,100.6,319,106.8,265,-3.89,279,,NEC,62.8,262,92.9,334,44.6,326,21.3,304,30.9,174,28.6,341,113.6,329,51.4,276,15.8,332,32.8,260,23.9,2,62.8,262,64.0,231,19.6,292,17.7,59,92.9,334,92.2,330,113.6,329,109.0,309,76.0,264,-1.3,256,-1.6,318,+0.3,137,-1.5,314,-0.2,212,-0.2,200,1.22,253,21.9,338,49.8,174,2015,0.09002428907166637,5,26,0.16129032258064516,31
80,Central Michigan,MAC,23-9,+8.23,114.9,24,106.6,217,64.4,171,+.015,144,-1.27,167,104.4,135,105.7,221,-12.27,349,6,MAC,64.4,171,114.9,24,54.5,18,15.1,7,28.8,255,36.6,176,106.6,217,51.7,281,19.7,129,30.9,164,36.2,162,64.4,171,65.1,163,18.9,230,17.7,61,114.9,24,115.3,10,106.6,217,104.6,227,76.5,210,+1.2,97,+0.6,92,+0.6,104,-0.3,198,-0.3,219,-1.6,300,1.91,71,31.6,191,74.5,16,2015,0.7031315189809221,23,9,0.71875,32
195,Charleston Southern,BSth,19-12,-2.17,107.0,118,109.2,269,65.2,126,+.053,61,-4.72,271,102.6,236,107.4,292,+4.65,37,8,BSth,65.2,126,107.0,118,48.5,193,17.1,59,33.4,101,34.9,231,109.2,269,52.4,298,18.9,174,28.5,67,32.4,77,65.2,126,65.9,121,18.1,141,18.3,159,107.0,118,106.7,66,109.2,269,105.7,252,74.9,342,-3.2,331,-1.9,336,-1.3,312,-0.7,246,-1.0,280,-3.9,346,2.32,15,24.3,325,53.1,141,2015,0.4417529957235493,19,12,0.6129032258064516,31
146,Charlotte,CUSA,14-18,+1.92,109.9,68,108.0,245,66.8,59,-.105,344,+0.30,135,103.4,195,103.1,107,+4.53,38,,CUSA,66.8,59,109.9,68,51.7,68,19.6,211,33.8,86,37.0,170,108.0,245,50.6,235,18.4,216,31.2,178,33.1,89,66.8,59,67.3,68,17.2,61,18.3,170,109.9,68,106.3,76,108.0,245,104.6,226,77.5,56,+1.0,114,+1.0,65,-0.0,176,+0.3,132,+1.7,25,+1.4,65,1.82,95,32.5,170,51.7,153,2015,0.5499715617944643,14,18,0.4375,32
166,Chattanooga,SC,22-10,+0.09,105.6,146,105.5,188,64.5,162,+.101,9,-6.12,308,102.4,251,108.5,330,-0.75,182,,SC,64.5,162,105.6,146,50.5,98,19.5,202,32.5,115,43.8,35,105.5,188,48.0,123,18.9,178,32.8,258,43.2,295,64.5,162,65.4,150,17.9,119,18.8,248,105.6,146,105.9,85,105.5,188,102.2,172,77.0,123,-0.7,221,+0.2,148,-0.9,282,+0.3,145,+0.8,85,+1.4,66,1.50,173,30.9,208,50.9,163,2015,0.5027238008289667,22,10,0.6875,32
327,Chicago St.,WAC,8-24,-18.17,89.3,346,107.5,232,62.6,269,-.012,214,-1.65,183,103.9,164,105.5,208,+6.56,22,,WAC,62.6,269,89.3,346,41.8,346,23.5,340,33.5,99,28.1,346,107.5,232,52.0,291,22.2,21,33.7,288,54.3,349,62.6,269,63.3,260,20.6,333,17.5,51,89.3,346,86.6,347,107.5,232,105.9,258,76.2,235,-2.6,317,-1.0,279,-1.6,329,-0.7,249,+0.3,159,+0.9,106,0.89,316,44.7,5,28.2,324,2015,0.10591844010163441,8,24,0.25,32
43,Cincinnati,Amer,23-11,+14.15,108.2,94,94.0,17,59.8,339,-.016,220,+3.39,87,104.9,114,101.5,68,+1.69,108,8,Amer,59.8,339,108.2,94,49.5,143,21.0,300,37.3,16,37.1,166,94.0,17,44.1,12,19.9,121,32.3,240,26.1,8,59.8,339,59.6,343,20.6,334,19.3,309,108.2,94,103.1,149,94.0,17,92.7,13,77.2,97,+1.3,87,+0.9,71,+0.4,115,+0.8,95,+0.1,179,+0.6,134,0.93,308,33.6,144,36.6,279,2015,0.8345047190668029,23,11,0.6764705882352942,34
84,Clemson,ACC,16-15,+7.82,104.5,169,96.7,51,61.6,305,+.009,162,+6.49,61,108.1,47,101.6,74,-3.83,277,,ACC,61.6,305,104.5,169,46.0,296,18.6,136,34.1,77,34.4,247,96.7,51,45.6,44,17.7,258,31.4,187,31.2,49,61.6,305,62.8,284,19.6,289,18.6,212,104.5,169,99.1,242,96.7,51,98.7,93,77.5,67,+1.8,65,+0.7,86,+1.1,56,+1.7,25,+0.1,180,+0.3,148,1.80,101,28.8,257,69.3,38,2015,0.7093227698830924,16,15,0.5161290322580645,31
89,Cleveland St.,Horz,19-15,+7.42,108.3,92,100.9,107,61.1,318,-.098,341,+0.26,137,104.4,140,104.1,144,+1.57,111,,Horz,61.1,318,108.3,92,51.7,71,19.0,172,31.9,131,31.1,316,100.9,107,48.7,158,21.0,60,30.6,147,43.7,301,61.1,318,62.2,300,20.0,321,18.2,140,108.3,92,105.5,95,100.9,107,99.7,115,75.4,321,-1.3,257,-0.9,269,-0.4,219,-2.0,337,-0.7,261,-2.5,328,2.02,51,30.6,215,52.8,143,2015,0.6929431616703388,19,15,0.5588235294117647,34
140,Coastal Carolina,BSth,24-10,+2.38,106.7,119,104.3,170,64.1,190,+.006,171,-6.45,319,102.2,261,108.6,337,-1.05,187,16,BSth,64.1,190,106.7,119,50.0,114,17.5,74,34.8,50,38.9,119,104.3,170,47.7,111,16.9,294,28.0,46,35.0,139,64.1,190,64.7,180,18.2,148,18.6,213,106.7,119,109.3,39,104.3,170,100.9,143,75.9,288,-2.2,300,-1.6,323,-0.5,237,-0.7,242,-0.4,223,-0.8,238,1.98,57,28.6,258,67.9,43,2015,0.5650351350293086,24,10,0.7058823529411765,34
180,Colgate,Pat,16-17,-1.24,108.0,97,109.2,271,60.7,325,-.055,304,-3.48,230,102.8,227,106.3,241,+3.71,52,,Pat,60.7,325,108.0,97,55.9,8,18.8,159,23.6,333,27.4,349,109.2,271,50.7,238,16.5,311,28.5,66,35.1,141,60.7,325,60.3,339,21.3,346,18.2,145,108.0,97,106.6,70,109.2,271,105.5,250,76.8,161,+0.2,150,+1.2,58,-1.0,293,+0.1,161,+0.4,129,-0.0,186,2.27,22,21.4,342,70.2,34,2015,0.468274400441797,16,17,0.48484848484848486,33
279,College of Charleston,CAA,9-24,-9.32,96.1,309,105.5,185,60.8,322,-.075,325,-1.55,177,104.8,121,106.3,245,+1.30,118,,CAA,60.8,322,96.1,309,45.9,297,19.3,191,27.6,288,32.4,293,105.5,185,48.1,132,18.4,217,32.2,230,47.4,329,60.8,322,61.7,314,19.5,279,19.0,278,96.1,309,94.7,302,105.5,185,103.7,204,77.4,79,+0.4,141,+0.5,105,-0.2,195,+1.0,81,+0.8,87,+1.4,69,1.57,151,28.1,267,44.7,221,2015,0.2547952322608272,9,24,0.2727272727272727,33
92,Colorado,P12,16-18,+7.09,107.5,106,100.5,101,65.0,138,-.041,274,+5.63,68,107.7,56,102.1,83,-0.94,186,,P12,65.0,138,107.5,106,48.4,196,19.9,227,34.4,66,40.8,78,100.5,101,48.9,162,17.0,293,28.0,45,33.9,114,65.0,138,65.6,141,18.0,123,18.3,165,107.5,106,103.0,155,100.5,101,102.2,174,77.8,30,+1.7,69,+0.6,100,+1.1,57,+2.1,12,+0.4,132,+1.8,49,1.84,88,40.5,21,77.7,10,2015,0.6844570047309152,16,18,0.47058823529411764,34
72,Colorado St.,MWC,27-7,+10.01,111.6,54,101.6,118,66.6,64,+.087,16,-0.22,146,103.9,165,104.1,142,-1.63,207,1,MWC,66.6,64,111.6,54,50.1,107,16.1,27,34.1,76,41.9,56,101.6,118,48.7,159,18.0,238,25.4,12,33.3,93,66.6,64,65.2,157,18.4,176,18.4,194,111.6,54,109.8,34,101.6,118,98.4,89,77.6,46,-0.1,176,-0.9,268,+0.8,85,+1.5,36,+2.0,13,+1.5,63,2.01,53,29.3,245,48.1,192,2015,0.7464166556230628,27,7,0.7941176470588235,34
165,Columbia,Ivy,13-15,+0.12,107.5,107,107.4,229,60.2,336,-.090,336,-2.22,194,102.2,262,104.4,154,-3.11,254,,Ivy,60.2,336,107.5,107,51.6,73,19.5,206,32.2,122,28.2,345,107.4,229,47.9,120,16.2,324,29.2,85,38.2,206,60.2,336,60.0,340,20.9,340,19.0,277,107.5,107,104.9,104,107.4,229,103.2,188,77.2,98,+1.9,60,+1.5,38,+0.4,118,-0.7,249,+0.6,109,+1.1,91,1.58,149,32.5,169,57.8,104,2015,0.5026756377518139,13,15,0.4642857142857143,28
73,Connecticut,Amer,20-15,+9.98,107.7,102,97.7,60,62.1,287,-.065,319,+3.07,94,104.8,118,101.7,77,+4.02,46,4,Amer,62.1,287,107.7,102,50.1,112,18.6,135,30.1,200,32.3,295,97.7,60,45.2,27,17.9,252,30.6,146,32.6,79,62.1,287,61.9,310,19.5,280,19.1,291,107.7,102,103.3,141,97.7,60,96.4,47,77.9,25,+3.7,13,+2.3,18,+1.4,33,+0.8,92,+1.3,45,+0.3,151,1.55,158,30.1,228,41.1,246,2015,0.7541096892784503,20,15,0.5714285714285714,35
325,Coppin St.,MEAC,8-23,-17.04,99.1,268,116.1,342,73.7,2,-.008,205,-3.03,213,102.1,264,105.2,193,+9.27,10,,MEAC,73.7,2,99.1,268,47.0,258,18.4,127,25.3,327,30.5,324,116.1,342,54.5,343,19.3,150,38.1,346,42.4,282,73.7,2,73.5,3,15.8,9,16.7,10,99.1,268,96.1,288,116.1,342,113.6,346,75.0,340,-2.1,296,-1.2,297,-0.9,285,-0.7,266,-2.3,340,-3.1,340,1.58,148,34.6,120,60.8,83,2015,0.1393489229050272,8,23,0.25806451612903225,31
202,Cornell,Ivy,13-17,-2.87,96.9,302,99.7,92,64.2,177,-.032,254,-1.46,173,102.7,235,104.1,146,-1.89,214,,Ivy,64.2,177,96.9,302,44.6,323,18.9,163,23.1,340,39.3,114,99.7,92,45.7,45,19.3,149,30.0,121,41.5,263,64.2,177,64.2,211,17.7,103,19.4,313,96.9,302,93.8,313,99.7,92,96.2,44,76.2,237,-0.6,209,-0.4,215,-0.2,198,-1.8,333,-0.7,251,+0.9,111,1.66,129,30.4,221,51.1,162,2015,0.4188269294980403,13,17,0.43333333333333335,30
79,Creighton,BE,14-19,+8.36,111.0,59,102.6,138,62.1,286,-.083,332,+7.79,39,107.9,51,100.1,25,-3.41,260,,BE,62.1,286,111.0,59,49.4,152,18.4,128,31.3,158,36.3,188,102.6,138,50.5,233,17.0,291,28.1,47,33.4,100,62.1,286,63.3,258,18.4,167,19.2,299,111.0,59,104.6,115,102.6,138,104.2,216,77.0,124,+3.2,23,+2.0,24,+1.3,37,-0.8,269,-0.7,251,+0.0,182,1.42,191,38.8,39,43.2,230,2015,0.7119679399378014,14,19,0.42424242424242425,33
168,Dartmouth,Ivy,14-15,-0.67,102.0,218,102.7,141,63.4,234,-.027,247,-2.13,193,102.4,248,104.5,159,-3.61,269,,Ivy,63.4,234,102.0,218,49.2,166,20.2,257,30.9,172,35.7,208,102.7,141,49.9,208,21.3,46,28.3,54,42.8,292,63.4,234,62.9,279,19.4,272,18.5,199,102.0,218,99.9,221,102.7,141,99.5,114,76.2,249,+0.1,166,-0.2,189,+0.3,136,+0.4,125,-0.8,271,-2.1,318,2.22,28,36.0,93,65.4,59,2015,0.4803471322369578,14,15,0.4827586206896552,29
36,Davidson,A10,24-8,+15.00,119.7,9,104.7,176,66.7,62,+.056,53,+3.16,93,105.3,108,102.2,87,-3.78,274,10,A10,66.7,62,119.7,9,55.4,12,14.1,2,29.6,226,28.5,343,104.7,176,49.3,180,17.0,289,30.4,136,34.6,130,66.7,62,67.2,74,17.8,107,17.8,74,119.7,9,116.0,6,104.7,176,103.3,190,75.9,277,-0.4,198,-0.4,223,+0.1,164,-0.7,249,-1.5,315,-1.2,275,1.59,146,28.0,271,54.8,129,2015,0.8234253538086896,24,8,0.75,32
42,Dayton,A10,27-9,+14.24,109.2,75,95.0,30,63.4,229,+.022,132,+3.39,88,105.4,107,102.0,81,+0.07,158,11,A10,63.4,229,109.2,75,53.0,43,17.9,93,23.3,337,48.2,4,95.0,30,47.2,94,21.1,56,28.4,60,30.6,44,63.4,229,64.2,208,18.5,183,18.6,227,109.2,75,105.1,102,95.0,30,94.3,21,76.0,267,-2.9,326,-2.2,339,-0.7,260,-0.5,226,+0.1,183,+0.1,174,1.35,212,21.4,341,47.7,197,2015,0.8322974444388969,27,9,0.75,36
150,DePaul,BE,12-20,+1.77,108.6,86,106.8,219,67.0,54,-.001,184,+7.69,40,108.3,39,100.6,42,-3.42,261,,BE,67.0,54,108.6,86,50.7,92,19.8,221,27.4,292,36.5,180,106.8,219,50.8,246,18.8,191,35.4,332,48.7,334,67.0,54,67.3,66,18.4,180,17.2,25,108.6,86,102.7,163,106.8,219,109.1,311,77.6,45,+1.8,68,+1.6,36,+0.2,148,+1.1,64,+1.4,38,+0.5,139,1.29,232,31.6,192,45.2,219,2015,0.5479038733580661,12,20,0.375,32
260,Delaware,CAA,10-20,-7.92,101.7,226,109.6,282,65.3,120,+.024,123,-1.68,184,103.8,167,105.5,206,-0.07,161,,CAA,65.3,120,101.7,226,47.1,256,18.4,123,28.8,253,38.1,134,109.6,282,50.0,213,15.6,337,31.5,199,33.2,90,65.3,120,65.8,126,18.3,158,18.0,112,101.7,226,99.2,237,109.6,282,108.2,303,77.3,83,+0.4,140,+0.0,168,+0.4,114,+0.8,97,+0.6,102,+1.4,67,1.12,270,33.1,154,34.9,292,2015,0.2972733656571585,10,20,0.3333333333333333,30
262,Delaware St.,MEAC,18-18,-8.25,101.5,231,109.7,286,67.1,52,+.063,45,-4.87,276,100.5,323,105.4,201,+6.76,21,,MEAC,67.1,52,101.5,231,47.7,230,19.6,214,31.7,143,31.5,308,109.7,286,48.8,161,16.4,317,31.6,205,36.0,158,67.1,52,68.8,24,18.1,140,16.7,8,101.5,231,99.9,224,109.7,286,104.7,228,76.5,211,+0.7,131,+0.6,96,+0.1,166,-0.5,227,-0.2,205,-1.1,265,1.77,109,32.8,163,57.6,108,2015,0.29040012505275636,18,18,0.5,36
222,Denver,Sum,12-18,-4.58,106.0,134,110.6,295,57.1,350,-.067,321,-3.73,239,102.8,224,106.6,259,-2.16,224,,Sum,57.1,350,106.0,134,56.2,7,19.1,175,19.3,351,31.2,314,110.6,295,52.9,309,20.4,85,29.6,107,51.2,343,57.1,350,58.2,349,21.7,349,19.3,302,106.0,134,105.2,100,110.6,295,107.2,289,76.0,272,-3.2,332,-1.5,317,-1.6,330,-1.3,301,+0.2,169,+0.9,105,2.21,31,27.1,284,71.3,29,2015,0.3802395833085294,12,18,0.4,30
182,Detroit,Horz,15-18,-1.34,103.3,192,104.6,175,67.3,45,-.008,204,+0.91,126,106.0,92,105.1,183,+4.35,41,,Horz,67.3,45,103.3,192,49.6,140,19.3,190,29.4,236,32.4,294,104.6,175,52.0,290,21.2,47,29.8,115,48.3,332,67.3,45,68.0,45,16.9,41,18.4,177,103.3,192,101.0,196,104.6,175,104.3,218,77.0,134,-1.1,245,-0.8,265,-0.2,207,+0.7,105,+1.6,33,+0.3,153,1.44,186,39.1,34,51.9,150,2015,0.46410659382330094,15,18,0.45454545454545453,33
275,Drake,MVC,9-22,-9.03,105.3,157,114.3,333,58.9,344,-.027,245,+2.66,97,104.5,126,101.9,79,+2.05,96,,MVC,58.9,344,105.3,157,52.1,55,22.3,333,23.3,338,34.0,255,114.3,333,54.8,345,16.9,295,32.0,223,30.4,42,58.9,344,58.8,346,21.3,345,19.0,280,105.3,157,98.9,245,114.3,333,113.3,345,75.8,297,+1.4,79,+2.4,17,-0.9,284,-2.8,349,-1.7,320,-1.6,299,1.11,275,38.1,46,49.6,177,2015,0.28026424567083125,9,22,0.2903225806451613,31
250,Drexel,CAA,11-19,-7.24,99.3,266,106.5,213,60.7,326,+.003,180,-1.50,175,103.7,178,105.2,195,+2.20,92,,CAA,60.7,326,99.3,266,45.0,317,17.0,51,27.5,291,33.0,273,106.5,213,50.1,218,18.6,206,31.2,172,35.7,153,60.7,326,61.7,315,20.7,336,17.9,90,99.3,266,96.9,274,106.5,213,103.7,205,77.6,51,-0.1,177,-0.4,216,+0.3,127,+1.7,28,+1.0,70,+2.0,31,1.33,219,29.8,234,33.4,302,2015,0.3089584261384467,11,19,0.36666666666666664,30
3,Duke,ACC,35-4,+32.48,124.5,3,92.0,11,65.8,104,+.067,38,+11.17,3,110.7,2,99.5,17,+1.31,117,1,ACC,65.8,104,124.5,3,56.6,4,16.3,35,35.8,32,39.8,97,92.0,11,46.5,70,18.6,205,30.2,125,24.0,4,65.8,104,65.9,120,18.1,143,18.1,136,124.5,3,119.7,3,92.0,11,96.6,51,77.5,57,+3.0,31,+2.2,20,+0.8,83,+0.6,113,-0.1,201,+0.9,100,1.28,235,25.4,310,38.1,266,2015,0.9700827777690479,35,4,0.8974358974358975,39
217,Duquesne,A10,12-19,-4.26,108.6,85,112.9,326,67.3,46,-.015,219,+1.03,120,103.7,173,102.7,98,-8.19,337,,A10,67.3,46,108.6,85,51.2,81,18.3,113,31.7,144,32.5,287,112.9,326,51.7,282,16.0,328,33.3,277,33.8,113,67.3,46,67.2,73,16.0,12,19.4,314,108.6,85,104.7,114,112.9,326,111.4,333,76.0,268,+0.1,165,+0.1,156,-0.0,179,-1.4,311,-0.9,276,-1.0,259,1.71,119,30.8,211,57.8,105,2015,0.3901796260790554,12,19,0.3870967741935484,31
224,East Carolina,Amer,14-19,-4.89,103.7,183,108.6,261,61.2,314,-.002,189,+0.04,141,103.2,200,103.2,108,-6.07,323,,Amer,61.2,314,103.7,183,48.3,202,18.0,100,28.4,271,29.9,333,108.6,261,50.9,250,19.2,153,34.7,324,34.1,123,61.2,314,62.0,306,18.9,231,19.7,330,103.7,183,99.9,219,108.6,261,106.2,266,77.3,91,+0.4,139,+0.1,151,+0.3,130,-0.1,182,+0.3,140,+2.5,24,1.24,245,35.1,108,44.5,224,2015,0.3702960748163987,14,19,0.42424242424242425,33
218,East Tennessee St.,SC,16-14,-4.29,103.2,194,107.5,231,67.7,32,+.036,91,-4.13,252,103.2,202,107.3,291,+4.74,36,,SC,67.7,32,103.2,194,49.8,128,18.7,141,29.6,228,39.9,96,107.5,231,51.3,273,21.4,37,33.0,264,42.3,280,67.7,32,68.1,42,16.3,17,18.9,260,103.2,194,104.3,120,107.5,231,105.3,245,75.1,339,-5.3,349,-2.6,348,-2.7,349,-1.4,309,-1.0,282,-0.2,201,1.71,118,31.5,195,64.7,64,2015,0.38474573425866804,16,14,0.5333333333333333,30
225,Eastern Illinois,OVC,18-15,-4.95,100.3,251,105.2,182,63.2,246,+.119,4,-1.20,165,104.4,141,105.6,213,+2.87,72,,OVC,63.2,246,100.3,251,51.0,85,19.0,170,23.4,334,33.5,265,105.2,182,48.8,160,18.9,177,34.3,311,31.4,56,63.2,246,63.4,257,19.6,296,18.0,98,100.3,251,98.6,251,105.2,182,104.0,214,74.6,348,-1.0,242,+0.3,132,-1.3,310,-2.7,347,-2.1,337,-4.6,351,0.92,310,34.8,114,48.3,189,2015,0.3662072771374975,18,15,0.5454545454545454,33
129,Eastern Kentucky,OVC,21-12,+3.46,106.3,130,102.8,145,63.5,223,-.030,252,-4.84,274,102.3,257,107.1,277,-2.63,242,,OVC,63.5,223,106.3,130,53.9,27,17.9,92,21.5,346,32.2,298,102.8,145,53.6,329,26.9,2,34.7,323,35.0,140,63.5,223,64.7,178,20.0,318,16.8,12,106.3,130,106.3,75,102.8,145,99.4,110,76.9,141,-0.7,216,-1.0,281,+0.3,122,+0.8,91,-0.5,232,+1.5,62,1.80,100,26.7,287,39.6,256,2015,0.5950831055342399,21,12,0.6363636363636364,33
138,Eastern Michigan,MAC,21-14,+2.69,101.8,225,99.2,81,66.0,91,-.001,185,-0.32,147,105.7,98,106.0,231,-4.35,292,,MAC,66.0,91,101.8,225,46.9,264,17.8,88,30.2,196,41.5,62,99.2,81,46.2,61,21.5,34,33.7,289,42.5,286,66.0,91,66.6,90,16.6,27,19.3,307,101.8,225,101.1,191,99.2,81,98.5,90,77.6,48,+1.8,67,+0.9,73,+0.9,78,+2.1,13,+0.9,81,+0.0,180,1.39,202,38.7,41,43.7,226,2015,0.5738383575645387,21,14,0.6,35
133,Eastern Washington,BSky,26-9,+3.25,112.9,39,109.6,283,68.2,24,+.067,40,-3.75,241,104.2,148,108.0,317,+3.94,48,13,BSky,68.2,24,112.9,39,55.1,15,15.9,19,29.3,238,35.2,226,109.6,283,52.3,295,17.9,253,30.7,151,36.0,159,68.2,24,68.4,33,17.5,77,17.5,47,112.9,39,114.6,13,109.6,283,108.1,302,77.3,89,-1.4,266,-1.0,290,-0.4,223,-0.3,199,+1.3,45,+3.5,3,1.99,55,25.5,309,76.0,12,2015,0.5844695073630485,26,9,0.7428571428571429,35
249,Elon,CAA,15-18,-7.23,98.5,281,105.7,192,68.0,27,+.053,57,-3.20,220,104.0,160,107.2,280,-4.22,288,,CAA,68.0,27,98.5,281,47.5,239,19.0,171,27.9,278,37.6,150,105.7,192,51.3,265,21.2,49,31.9,216,44.1,307,68.0,27,68.2,39,16.5,22,18.4,195,98.5,281,98.3,255,105.7,192,103.5,195,76.1,253,-2.3,305,-1.7,330,-0.6,248,-0.7,249,+1.0,75,-0.6,225,1.28,233,38.8,38,40.4,252,2015,0.3076122725224094,15,18,0.45454545454545453,33
114,Evansville,MVC,24-12,+5.25,106.6,122,101.3,115,66.2,83,+.039,84,-0.75,156,103.7,182,104.4,157,-5.22,307,,MVC,66.2,83,106.6,122,52.1,58,19.3,186,25.8,322,44.3,26,101.3,115,49.5,187,19.9,120,28.0,44,31.4,57,66.2,83,65.8,125,17.9,117,18.4,186,106.6,122,104.3,119,101.3,115,99.4,107,76.3,232,-1.9,287,+0.1,161,-1.9,343,-0.7,249,-0.2,207,+0.7,127,1.83,92,31.3,201,84.7,5,2015,0.642554022354695,24,12,0.6666666666666666,36
272,FIU,CUSA,16-17,-8.57,96.0,310,104.6,174,64.6,159,+.090,14,-3.13,217,101.8,288,104.9,177,-5.58,315,,CUSA,64.6,159,96.0,310,48.2,208,22.6,335,29.0,249,37.4,159,104.6,174,48.0,121,19.2,159,31.9,217,36.6,176,64.6,159,65.4,149,18.0,126,18.4,182,96.0,310,94.0,308,104.6,174,100.5,130,77.5,66,+1.9,61,+1.6,37,+0.3,120,+1.9,14,+0.5,118,-0.2,198,1.23,247,33.1,156,33.3,303,2015,0.27157493726500925,16,17,0.48484848484848486,33
296,Fairfield,MAAC,7-24,-10.90,95.4,314,106.3,206,61.2,313,-.085,334,-2.99,212,102.6,239,105.6,211,-1.87,213,,MAAC,61.2,313,95.4,314,45.2,314,20.2,252,27.3,295,37.1,167,106.3,206,48.3,139,18.3,222,33.9,298,42.7,290,61.2,313,62.1,302,19.9,312,18.4,189,95.4,314,93.9,312,106.3,206,103.8,209,76.5,205,-0.4,202,-0.3,196,-0.2,194,+0.9,86,-0.7,248,-0.7,228,1.23,252,37.6,52,55.1,126,2015,0.22371494289540464,7,24,0.22580645161290322,31
319,Fairleigh Dickinson,NEC,8-21,-15.07,97.4,296,112.5,320,67.4,42,+.053,59,-4.48,261,102.3,254,106.8,264,+2.59,83,,NEC,67.4,42,97.4,296,46.5,279,18.6,133,27.6,287,34.2,250,112.5,320,52.3,296,23.2,15,40.5,351,51.8,344,67.4,42,67.4,63,17.5,76,17.9,80,97.4,296,96.7,277,112.5,320,108.4,304,75.4,318,-3.8,344,-2.5,347,-1.2,308,-0.6,235,-0.6,237,-1.2,274,1.10,278,36.6,75,46.4,208,2015,0.16010317221609704,8,21,0.27586206896551724,29
34,Florida,SEC,16-17,+15.39,107.3,115,91.9,10,62.7,266,-.117,347,+10.08,14,109.5,13,99.4,14,+4.19,43,,SEC,62.7,266,107.3,115,49.6,138,19.6,210,31.7,145,31.4,311,91.9,10,46.0,58,21.6,27,29.1,83,37.8,199,62.7,266,62.8,283,19.0,240,19.2,298,107.3,115,101.4,189,91.9,10,94.7,27,77.1,118,+1.9,62,+0.6,94,+1.3,38,+0.7,103,-0.7,264,+0.2,159,1.41,194,40.1,24,36.9,275,2015,0.8559026626975585,16,17,0.48484848484848486,33
350,Florida A&M,MEAC,2-27,-31.73,85.4,350,117.1,345,65.3,122,-.020,228,-8.50,342,99.4,338,107.9,312,-2.52,236,,MEAC,65.3,122,85.4,350,41.3,347,21.8,319,26.8,301,37.8,146,117.1,345,53.5,326,18.5,212,35.5,334,34.9,138,65.3,122,65.7,130,18.7,205,17.4,45,85.4,350,84.4,349,117.1,345,110.9,328,76.7,178,+0.2,151,+0.3,134,-0.0,183,-0.8,270,+0.3,153,+0.3,154,0.10,351,33.6,142,0.0,351,2015,0.025822559556896083,2,27,0.06896551724137931,29
290,Florida Atlantic,CUSA,9-20,-10.28,98.7,277,109.0,265,63.9,200,-.053,300,-2.27,196,102.4,246,104.7,169,-2.59,240,,CUSA,63.9,200,98.7,277,48.0,214,19.5,201,26.2,313,27.7,347,109.0,265,49.8,205,16.7,301,31.5,193,37.5,193,63.9,200,64.6,186,19.6,291,17.4,43,98.7,277,96.5,282,109.0,265,105.1,241,75.9,278,+0.3,142,+0.2,145,+0.2,144,-0.9,282,-1.4,304,-1.9,307,1.61,141,30.9,205,58.5,96,2015,0.2420407063941867,9,20,0.3103448275862069,29
190,Florida Gulf Coast,ASun,22-11,-1.92,101.6,227,103.6,159,64.2,176,+.044,73,-6.76,324,102.1,265,108.9,345,+1.54,112,,ASun,64.2,176,101.6,227,48.2,207,17.7,86,34.4,68,33.1,271,103.6,159,45.3,32,17.3,275,32.1,226,34.6,132,64.2,176,65.2,156,18.4,181,18.8,249,101.6,227,103.6,135,103.6,159,99.0,100,77.5,59,+1.3,89,+0.8,85,+0.6,105,-0.3,201,+0.5,122,+2.8,13,2.21,32,32.1,181,49.6,178,2015,0.4441888819985789,22,11,0.6666666666666666,33
99,Florida St.,ACC,17-16,+6.37,105.6,144,99.3,83,65.9,93,+.038,87,+5.95,66,107.6,59,101.6,76,-4.74,299,,ACC,65.9,93,105.6,144,50.1,108,21.9,323,31.8,135,46.9,11,99.3,83,47.3,96,18.0,242,31.9,218,37.9,204,65.9,93,65.8,124,17.8,105,18.7,240,105.6,144,100.3,213,99.3,83,101.2,151,79.2,3,+5.9,2,+4.2,1,+1.6,24,+2.8,5,+1.3,44,+2.5,23,1.34,215,31.4,198,48.5,184,2015,0.6698257818499401,17,16,0.5151515151515151,33
208,Fordham,A10,10-21,-3.49,102.0,219,105.5,186,65.4,115,-.060,314,+2.63,98,104.0,157,101.4,67,-4.76,300,,A10,65.4,115,102.0,219,46.7,270,22.2,331,33.4,100,33.1,272,105.5,186,50.2,219,18.7,194,29.5,98,41.7,265,65.4,115,66.2,107,18.7,216,17.3,29,102.0,219,96.5,281,105.5,186,103.6,201,76.5,194,-0.7,217,-0.7,256,+0.1,170,-0.5,230,-0.7,249,+1.3,79,1.60,144,25.7,305,46.4,209,2015,0.4042015965432977,10,21,0.3225806451612903,31
203,Fresno St.,MWC,15-17,-2.92,102.8,208,105.7,190,64.9,144,+.068,37,+1.53,113,103.7,180,102.1,86,-0.26,164,,MWC,64.9,144,102.8,208,47.1,251,17.2,65,25.9,320,38.8,120,105.7,190,49.4,186,20.3,99,32.7,250,44.3,308,64.9,144,63.9,232,18.0,122,19.3,304,102.8,208,98.1,259,105.7,190,103.6,199,76.7,182,-0.8,230,-0.7,247,-0.1,190,-0.4,214,+1.1,63,+0.1,178,1.75,113,28.3,262,58.0,103,2015,0.4206940971168067,15,17,0.46875,32
309,Furman,SC,11-22,-13.18,98.3,284,111.5,313,62.4,277,-.024,235,-4.21,256,103.5,194,107.7,300,+2.40,87,,SC,62.4,277,98.3,284,49.0,173,21.1,301,29.4,234,44.2,28,111.5,313,52.3,293,16.5,312,32.3,237,36.5,172,62.4,277,63.0,278,19.7,301,18.2,152,98.3,284,99.2,235,111.5,313,110.6,326,75.7,299,-1.5,272,-0.7,250,-0.9,280,-0.7,249,-1.3,300,-1.2,273,1.37,207,31.4,200,45.3,216,2015,0.19015451632660862,11,22,0.3333333333333333,33
212,Gardner Webb,BSth,20-15,-3.84,107.6,105,111.4,312,67.4,41,+.085,20,-1.92,186,103.9,166,105.8,227,+6.81,17,,BSth,67.4,41,107.6,105,51.0,84,17.4,72,29.8,215,37.7,148,111.4,312,53.4,323,17.1,286,31.8,211,29.1,27,67.4,41,67.8,50,16.8,37,18.6,221,107.6,105,106.5,73,111.4,312,109.5,318,74.6,347,-4.2,348,-2.5,346,-1.7,332,-1.4,308,-2.7,345,-2.0,311,1.86,81,26.4,289,48.4,186,2015,0.40152214947989495,20,15,0.5714285714285714,35
205,George Mason,A10,9-22,-3.08,102.9,204,106.0,199,64.0,191,-.032,257,+4.64,79,105.8,96,101.1,58,+2.98,69,,A10,64.0,191,102.9,204,45.5,306,21.9,322,35.9,31,41.2,69,106.0,199,50.0,214,18.6,209,30.4,132,44.7,313,64.0,191,64.8,175,18.7,213,18.1,116,102.9,204,96.8,275,106.0,199,105.8,256,77.2,107,+2.7,36,+1.8,30,+1.0,71,+1.2,62,-0.7,245,-0.8,234,1.15,263,34.8,115,44.3,225,2015,0.4154848157571369,9,22,0.2903225806451613,31
69,George Washington,A10,22-13,+10.19,108.4,90,98.2,65,61.9,299,+.009,164,+3.34,89,105.7,97,102.4,92,-1.96,220,5,A10,61.9,299,108.4,90,48.9,178,18.7,147,35.6,36,40.0,95,98.2,65,45.9,54,18.3,221,30.9,160,28.9,25,61.9,299,63.4,255,20.3,330,17.3,28,108.4,90,104.9,105,98.2,65,97.1,67,77.5,58,+2.0,54,+0.7,87,+1.3,41,+1.3,53,+0.1,182,+1.0,94,1.90,72,25.4,311,56.7,115,2015,0.7570275431781739,22,13,0.6285714285714286,35
22,Georgetown,BE,22-11,+19.13,114.3,29,95.1,33,64.0,192,-.000,183,+10.23,12,110.5,5,100.3,33,+3.24,63,4,BE,64.0,192,114.3,29,51.3,77,19.2,179,34.3,72,43.9,30,95.1,33,47.1,91,20.2,101,31.0,167,44.1,306,64.0,192,64.6,187,18.0,124,18.8,253,114.3,29,108.1,53,95.1,33,99.4,109,78.2,14,+2.5,40,+0.7,90,+1.9,15,+1.0,75,+1.9,16,+2.4,25,1.72,117,36.1,90,51.7,151,2015,0.892335513636671,22,11,0.6666666666666666,33
35,Georgia,SEC,21-12,+15.09,109.6,70,94.5,22,64.1,184,+.001,181,+8.73,23,108.6,30,99.9,22,+1.41,116,10,SEC,64.1,184,109.6,70,48.5,194,19.2,181,32.2,121,47.7,5,94.5,22,44.4,16,16.7,303,28.5,64,34.3,125,64.1,184,64.9,170,19.0,237,17.8,69,109.6,70,102.9,160,94.5,22,97.0,64,77.0,133,+0.3,146,-1.0,274,+1.3,46,+1.1,70,+1.0,69,-0.9,250,1.86,84,29.2,247,69.5,35,2015,0.8461517135639528,21,12,0.6363636363636364,33
147,Georgia Southern,SB,22-9,+1.89,100.5,248,98.6,72,63.4,228,+.022,130,-5.07,282,100.9,314,106.0,230,-8.48,340,,SB,63.4,228,100.5,248,47.3,246,18.3,114,32.6,112,36.2,193,98.6,72,46.2,62,22.0,22,32.2,234,32.7,80,63.4,228,64.3,203,17.7,102,19.3,306,100.5,248,100.8,203,98.6,72,94.3,23,76.5,195,-1.8,282,-1.0,283,-0.8,269,-1.0,293,+0.3,140,+1.8,43,1.74,114,27.7,275,45.0,220,2015,0.5546543383990944,22,9,0.7096774193548387,31
68,Georgia St.,SB,25-10,+10.32,111.6,52,101.3,112,62.4,275,-.003,192,-1.47,174,102.4,249,103.9,132,+3.63,54,14,SB,62.4,275,111.6,52,52.0,63,16.2,32,30.1,201,37.7,147,101.3,112,45.8,53,23.2,14,34.9,326,39.8,233,62.4,275,63.9,235,18.4,170,19.2,295,111.6,52,108.7,47,101.3,112,97.0,61,76.7,176,-1.1,244,-0.6,237,-0.5,232,+1.1,67,-0.7,249,+0.9,101,1.86,83,28.1,266,51.1,159,2015,0.7527993453787379,25,10,0.7142857142857143,35
86,Georgia Tech,ACC,12-19,+7.67,103.7,182,96.0,43,63.7,210,-.070,323,+8.38,29,109.0,19,100.6,46,+0.43,144,,ACC,63.7,210,103.7,182,44.4,329,19.6,208,38.7,10,31.1,317,96.0,43,49.2,176,18.0,239,25.8,15,33.8,109,63.7,210,64.0,229,19.5,281,17.9,95,103.7,182,97.1,273,96.0,43,99.2,102,77.2,103,+0.9,117,-0.3,208,+1.3,44,+1.2,59,-0.1,202,+0.6,135,1.74,115,40.5,22,34.6,294,2015,0.7083265007704861,12,19,0.3870967741935484,31
7,Gonzaga,WCC,35-3,+27.78,121.7,5,93.9,16,64.7,154,+.018,138,+4.37,80,107.3,67,102.9,103,+3.00,66,2,WCC,64.7,154,121.7,5,57.9,2,16.1,28,33.9,84,38.7,122,93.9,16,44.2,14,17.1,287,28.0,42,30.5,43,64.7,154,65.0,164,17.5,75,19.1,290,121.7,5,119.3,4,93.9,16,94.7,28,78.2,15,+5.7,3,+2.9,7,+2.9,2,+0.3,132,+0.1,184,+1.8,44,2.76,2,29.4,242,52.3,147,2015,0.9517671026295781,35,3,0.9210526315789473,38
351,Grambling St.,SWAC,2-27,-37.65,78.9,351,116.6,344,65.4,117,-.077,327,-8.68,343,99.1,341,107.8,308,+12.83,3,,SWAC,65.4,117,78.9,351,39.4,351,26.1,351,29.1,245,39.6,107,116.6,344,52.2,292,16.9,296,36.2,337,38.7,217,65.4,117,66.1,112,18.8,217,17.4,40,78.9,351,77.5,351,116.6,344,112.0,337,76.7,174,-1.3,260,-0.8,257,-0.5,239,+0.9,82,+0.8,84,-0.1,194,0.66,341,34.1,131,31.7,311,2015,0.011079334121324799,2,27,0.06896551724137931,29
263,Grand Canyon,WAC,17-15,-8.29,106.5,123,114.8,336,64.5,164,+.021,133,-9.20,345,98.7,344,107.9,314,-7.39,333,,WAC,64.5,164,106.5,123,50.4,101,17.1,58,26.8,302,40.1,92,114.8,336,49.6,195,16.3,320,34.0,300,36.2,161,64.5,164,64.3,199,17.6,83,19.6,325,106.5,123,106.1,79,114.8,336,107.2,290,75.9,283,-2.0,293,+0.1,153,-2.2,345,-1.7,325,+0.3,163,-0.4,216,1.32,224,36.1,87,29.2,318,2015,0.29670569264036073,17,15,0.53125,32
71,Green Bay,Horz,24-9,+10.11,104.7,167,94.6,24,64.9,141,+.031,103,+0.01,143,105.4,105,105.4,202,+1.78,107,5,Horz,64.9,141,104.7,167,49.3,157,18.5,132,33.3,104,39.3,111,94.6,24,46.0,57,20.8,69,29.6,111,39.8,230,64.9,141,64.7,179,17.2,57,19.8,339,104.7,167,103.5,137,94.6,24,94.1,20,77.0,131,+1.1,108,-0.1,181,+1.1,54,+1.7,27,-1.1,295,-0.1,190,2.48,8,24.9,316,71.7,27,2015,0.7625260757732295,24,9,0.7272727272727273,33
251,Hampton,MEAC,17-18,-7.40,96.6,303,104.0,164,69.2,15,+.031,105,-7.48,336,99.5,337,106.9,271,-0.55,176,16,MEAC,69.2,15,96.6,303,45.6,304,20.2,256,31.8,140,43.8,32,104.0,164,46.4,68,20.1,111,30.9,161,45.5,320,69.2,15,69.5,15,17.2,60,17.1,24,96.6,303,96.0,289,104.0,164,98.3,84,75.8,289,-0.9,236,-0.7,255,-0.2,201,-1.4,305,-0.7,265,-1.1,267,1.68,126,35.2,106,61.1,81,2015,0.299676289191194,17,18,0.4857142857142857,35
284,Hartford,AE,14-16,-9.65,97.4,294,107.1,223,63.0,256,+.076,26,-5.40,292,100.2,329,105.6,216,-1.91,216,,AE,63.0,256,97.4,294,47.3,248,19.0,165,25.3,326,29.8,335,107.1,223,50.4,227,20.9,65,29.5,104,42.1,276,63.0,256,63.2,263,19.1,250,18.6,214,97.4,294,95.9,292,107.1,223,100.9,140,75.7,298,-2.4,307,-1.4,310,-1.0,291,-2.0,336,-0.7,251,+0.5,141,2.37,13,31.2,202,72.7,21,2015,0.2512845921764847,14,16,0.4666666666666667,30
75,Harvard,Ivy,22-8,+9.23,104.8,165,95.6,39,61.1,317,+.091,13,-0.18,145,104.3,146,104.5,158,+0.36,145,13,Ivy,61.1,317,104.8,165,47.1,253,18.4,121,32.3,117,39.0,118,95.6,39,46.6,71,20.2,104,28.4,56,32.8,82,61.1,317,61.0,330,20.6,335,18.6,226,104.8,165,102.0,178,95.6,39,94.3,22,77.0,130,+0.1,163,-0.5,231,+0.6,102,+0.9,88,+0.6,113,-0.0,185,2.24,27,26.2,297,60.8,84,2015,0.7420461884729787,22,8,0.7333333333333333,30
127,Hawaii,BW,22-13,+3.73,105.1,160,101.4,117,68.9,18,-.009,208,-1.97,189,103.3,198,105.2,196,-5.29,308,,BW,68.9,18,105.1,160,49.3,162,18.8,151,32.1,125,36.7,173,101.4,117,47.6,105,23.4,12,34.3,312,42.0,272,68.9,18,69.1,21,16.6,30,18.0,97,105.1,160,103.3,144,101.4,117,98.4,86,77.0,120,+1.2,92,+1.2,54,-0.0,178,-0.7,243,+0.1,181,+1.1,85,0.58,345,34.9,109,28.8,321,2015,0.6016034514511754,22,13,0.6285714285714286,35
145,High Point,BSth,23-10,+2.03,108.4,89,106.4,208,62.2,284,+.103,7,-3.50,231,103.7,176,107.2,282,+4.07,45,,BSth,62.2,284,108.4,89,51.9,67,17.5,76,30.8,177,34.1,254,106.4,208,51.3,267,19.8,126,31.5,191,31.5,59,62.2,284,63.0,273,19.5,284,18.4,178,108.4,89,108.3,50,106.4,208,104.8,231,76.7,181,-1.9,289,-1.3,303,-0.7,253,+0.0,171,+0.6,112,+1.3,75,1.97,60,34.5,122,69.0,40,2015,0.5533360275056179,23,10,0.696969696969697,33
111,Hofstra,CAA,20-14,+5.43,112.0,49,106.6,216,68.7,19,-.111,346,-5.12,285,102.0,273,107.2,279,-7.32,332,,CAA,68.7,19,112.0,49,52.3,48,16.0,23,32.7,110,39.8,101,106.6,216,49.5,189,19.6,139,28.4,61,38.7,213,68.7,19,69.2,18,16.2,14,18.3,158,112.0,49,112.8,18,106.6,216,100.9,142,76.0,262,-2.3,303,-0.8,260,-1.5,323,-1.2,299,-0.7,251,+1.1,90,2.31,19,26.4,290,30.1,316,2015,0.6383654226440636,20,14,0.5882352941176471,34
242,Holy Cross,Pat,14-16,-6.49,101.2,235,107.7,235,63.6,213,+.030,109,-3.91,244,103.2,206,107.1,276,+1.85,103,,Pat,63.6,213,101.2,235,47.1,250,17.0,52,29.7,217,34.9,233,107.7,235,53.2,319,21.6,28,29.7,112,41.4,261,63.6,213,63.2,265,18.7,204,19.0,275,101.2,235,101.0,197,107.7,235,104.7,229,76.2,247,-0.5,205,-0.7,254,+0.3,129,+1.3,41,-0.4,224,-2.9,333,1.98,58,36.5,80,75.7,14,2015,0.32829988394345533,14,16,0.4666666666666667,30
214,Houston,Amer,13-19,-3.85,101.4,232,105.2,184,64.2,182,-.057,310,-2.75,207,101.8,286,104.6,162,-14.23,350,,Amer,64.2,182,101.4,232,46.5,280,20.5,272,33.6,92,32.0,299,105.2,184,49.1,169,19.8,123,33.6,287,33.2,92,64.2,182,63.9,237,18.7,214,18.6,229,101.4,232,99.5,233,105.2,184,101.4,152,78.1,20,+0.8,124,+0.4,122,+0.4,113,+1.1,72,+2.3,4,+3.0,10,1.21,256,27.7,274,39.1,259,2015,0.39577819774143025,13,19,0.40625,32
318,Houston Baptist,Slnd,12-16,-14.21,101.3,234,115.5,339,66.2,85,+.029,110,-4.69,270,102.4,252,107.1,274,+3.61,55,,Slnd,66.2,85,101.3,234,47.4,242,21.4,305,37.6,13,39.4,109,115.5,339,52.8,308,17.2,281,31.5,200,43.7,302,66.2,85,67.7,52,18.3,160,17.1,21,101.3,234,101.4,185,115.5,339,112.1,340,76.1,252,+1.2,93,+1.2,61,+0.0,173,-0.7,261,+0.2,168,-3.5,345,1.23,248,42.6,10,52.1,149,2015,0.18114378996586716,12,16,0.42857142857142855,28
259,Howard,MEAC,16-16,-7.91,93.9,324,101.9,127,62.7,264,+.016,142,-6.17,310,100.7,318,106.9,267,+2.76,77,,MEAC,62.7,264,93.9,324,46.2,287,25.0,348,33.5,97,43.4,38,101.9,127,45.7,47,21.4,36,34.6,321,40.1,237,62.7,264,64.1,218,19.3,268,18.0,99,93.9,324,93.4,316,101.9,127,96.7,54,76.6,186,+2.1,50,+1.2,55,+0.9,81,+0.0,167,+0.0,187,-2.4,325,1.05,289,33.0,159,57.4,110,2015,0.280848256752781,16,16,0.5,32
172,IPFW,Sum,16-15,-0.82,107.7,103,108.5,258,64.5,161,-.051,298,-2.98,211,102.6,240,105.5,209,+0.12,156,,Sum,64.5,161,107.7,103,53.3,37,18.7,148,25.1,328,41.1,73,108.5,258,51.3,268,16.1,327,26.6,24,27.7,14,64.5,161,65.2,155,17.8,110,18.9,259,107.7,103,105.9,82,108.5,258,105.2,242,75.8,294,-0.7,224,-0.4,218,-0.3,212,-1.8,332,-1.8,325,-0.2,201,2.01,52,24.9,319,58.4,98,2015,0.4787361403978922,16,15,0.5161290322580645,31
280,IUPUI,Sum,10-21,-9.43,94.0,321,103.4,157,63.2,244,+.069,36,-1.11,163,104.5,131,105.6,215,+3.41,60,,Sum,63.2,244,94.0,321,46.5,278,23.6,344,31.1,164,32.8,281,103.4,157,51.3,271,20.9,66,28.3,55,41.8,268,63.2,244,64.0,222,19.1,251,17.9,93,94.0,321,92.3,329,103.4,157,101.9,164,76.8,170,-2.0,292,-1.2,295,-0.8,278,+0.3,139,+2.3,5,-0.2,195,0.92,309,40.7,20,33.6,301,2015,0.2504775325208414,10,21,0.3225806451612903,31
231,Idaho,BSky,13-17,-5.29,107.7,104,112.9,327,67.5,35,-.070,324,-4.51,263,104.3,144,108.8,343,+1.05,125,,BSky,67.5,35,107.7,104,53.4,35,17.6,78,30.7,181,38.6,126,112.9,327,53.6,331,15.4,341,27.0,30,41.5,262,67.5,35,68.2,38,16.1,13,18.8,247,107.7,104,110.2,31,112.9,327,111.5,335,76.5,206,-0.8,228,-0.3,199,-0.5,233,-0.5,221,+0.0,193,+0.3,149,1.34,216,34.3,126,60.8,82,2015,0.3676624238331246,13,17,0.43333333333333335,30
313,Idaho St.,BSky,7-23,-13.77,97.5,293,111.3,308,63.4,232,-.092,338,-5.46,293,103.5,190,108.9,346,-2.50,235,,BSky,63.4,232,97.5,293,48.1,213,18.7,142,29.9,212,37.0,168,111.3,308,52.0,289,18.7,200,32.3,236,34.8,135,63.4,232,63.8,239,17.7,97,19.5,319,97.5,293,99.2,240,111.3,308,108.6,307,77.2,99,-1.5,270,-0.4,222,-1.0,300,-0.2,188,+1.3,45,+3.2,5,1.27,236,25.6,306,42.4,235,2015,0.17911806502435654,7,23,0.23333333333333334,30
61,Illinois,B10,19-14,+11.68,108.3,91,96.7,50,64.8,146,-.026,243,+6.59,58,107.8,54,101.2,62,-4.22,287,3,B10,64.8,146,108.3,91,47.6,235,15.2,8,30.2,194,31.2,315,96.7,50,48.0,127,19.7,133,28.0,43,30.4,40,64.8,146,65.1,161,17.7,95,19.2,294,108.3,91,104.8,107,96.7,50,97.8,78,76.8,165,+1.6,73,+1.7,33,-0.1,187,-0.5,222,+0.3,140,-0.9,243,2.17,36,32.3,173,54.0,137,2015,0.7863151067451986,19,14,0.5757575757575758,33
282,Illinois Chicago,Horz,10-24,-9.61,101.2,236,110.8,299,64.4,168,-.009,209,+0.10,139,104.8,120,104.7,166,+0.49,141,,Horz,64.4,168,101.2,236,43.6,337,17.4,70,30.8,178,40.0,93,110.8,299,54.4,339,18.0,240,28.6,68,39.0,222,64.4,168,64.7,177,18.7,206,18.1,123,101.2,236,97.8,263,110.8,299,109.5,317,75.5,313,-1.6,273,-0.3,201,-1.3,309,-0.9,277,-0.9,277,-2.3,322,1.44,185,42.6,9,37.2,272,2015,0.2607214464122985,10,24,0.29411764705882354,34
62,Illinois St.,MVC,22-13,+11.67,107.7,101,96.1,44,64.7,148,-.050,295,+3.20,92,106.1,88,102.9,101,+1.90,102,4,MVC,64.7,148,107.7,101,48.4,201,19.9,226,36.2,26,34.8,235,96.1,44,47.0,87,20.5,84,29.2,90,40.3,239,64.7,148,63.9,236,17.6,87,19.7,335,107.7,101,104.1,123,96.1,44,96.2,43,76.0,261,+0.8,121,+0.4,124,+0.5,110,-0.6,238,-1.7,323,-1.6,301,0.97,305,39.4,33,59.5,92,2015,0.7876040193157083,22,13,0.6285714285714286,35
228,Incarnate Word,Slnd,18-11,-5.06,107.5,108,112.6,322,67.4,39,+.041,76,-6.57,321,101.1,308,107.7,305,+5.19,31,,Slnd,67.4,39,107.5,108,52.0,61,15.7,16,25.7,324,45.3,21,112.6,322,51.3,272,17.9,245,31.5,197,39.6,229,67.4,39,68.8,23,16.7,33,18.0,103,107.5,108,108.8,44,112.6,322,108.0,296,75.8,290,-2.4,311,-0.6,243,-1.8,341,-0.7,249,+0.2,165,-1.3,286,1.07,287,24.9,318,51.4,156,2015,0.36980930490407415,18,11,0.6206896551724138,29
48,Indiana,B10,20-14,+13.83,119.8,8,106.0,200,66.6,69,-.044,284,+6.92,51,107.8,52,100.9,50,-5.96,322,10,B10,66.6,69,119.8,8,54.4,20,17.2,61,35.2,40,32.7,284,106.0,200,50.3,224,15.9,330,31.4,184,32.8,81,66.6,69,66.9,81,17.9,112,17.8,70,119.8,8,115.2,11,106.0,200,107.0,284,76.5,209,-1.3,255,-1.0,288,-0.3,211,-0.7,261,+0.8,89,+0.2,163,1.18,258,31.9,187,37.7,267,2015,0.8033591337675345,20,14,0.5882352941176471,34
169,Indiana St.,MVC,15-16,-0.70,102.7,210,103.4,154,66.6,65,+.015,145,+0.23,138,103.5,193,103.2,109,-4.16,285,,MVC,66.6,65,102.7,210,49.4,151,20.9,294,26.4,310,42.3,49,103.4,154,48.6,156,20.8,73,31.7,207,37.6,195,66.6,65,65.8,122,17.0,46,19.1,289,102.7,210,98.7,249,103.4,154,101.0,146,76.5,201,+1.4,83,+0.6,97,+0.8,89,-0.1,174,-1.1,292,-1.0,260,1.45,182,29.5,241,42.0,238,2015,0.4804804954965766,15,16,0.4838709677419355,31
100,Iona,MAAC,26-9,+6.18,113.6,34,107.4,230,69.7,9,+.048,69,-2.25,195,102.1,266,104.4,153,+1.64,110,6,MAAC,69.7,9,113.6,34,54.7,17,17.2,64,28.7,263,37.4,156,107.4,230,48.1,130,16.7,300,33.2,273,28.5,21,69.7,9,70.7,8,16.3,15,17.7,56,113.6,34,112.3,22,107.4,230,103.5,196,76.1,251,+0.9,116,+0.4,123,+0.6,106,-0.4,212,-0.6,238,-2.7,331,1.34,214,23.7,330,46.4,210,2015,0.6559772294377986,26,9,0.7428571428571429,35
23,Iowa,B10,22-12,+19.02,114.2,30,95.1,34,63.7,209,-.007,203,+8.58,25,108.9,21,100.4,38,-1.58,205,7,B10,63.7,209,114.2,30,48.1,210,17.1,56,35.6,36,38.0,142,95.1,34,45.6,42,18.9,180,30.3,129,29.1,26,63.7,209,64.5,193,17.3,64,19.6,326,114.2,30,107.5,57,95.1,34,96.8,56,79.0,4,+4.8,7,+2.5,12,+2.3,5,+3.3,1,+1.8,21,+1.6,58,1.93,67,36.6,76,67.2,46,2015,0.8913646525355847,22,12,0.6470588235294118,34
16,Iowa St.,B12,25-9,+21.49,119.0,12,97.5,59,69.6,10,+.005,173,+10.59,6,109.0,18,98.5,4,-1.18,192,3,B12,69.6,10,119.0,12,54.3,22,15.8,18,28.3,272,36.5,178,97.5,59,47.6,104,18.5,210,29.6,105,24.0,3,69.6,10,69.8,13,14.6,2,19.6,329,119.0,12,111.4,26,97.5,59,98.7,95,77.5,64,-0.3,191,-0.4,211,+0.1,165,+1.3,43,+1.3,42,+1.9,38,1.77,108,29.6,238,60.6,86,2015,0.9081804474414922,25,9,0.7352941176470589,34
312,Jackson St.,SWAC,11-21,-13.50,91.2,339,104.7,177,63.2,245,-.094,340,-9.78,348,98.7,346,108.5,331,+2.54,85,,SWAC,63.2,245,91.2,339,42.9,341,21.9,326,37.7,12,32.9,277,104.7,177,48.6,154,22.7,17,28.1,49,54.1,348,63.2,245,64.9,171,18.6,201,18.2,139,91.2,339,93.1,320,104.7,177,97.0,63,75.7,301,-2.3,304,-1.0,275,-1.3,315,-0.8,274,-0.2,210,-1.4,293,1.04,293,46.3,1,38.7,261,2015,0.169734716810391,11,21,0.34375,32
340,Jacksonville,ASun,10-22,-19.74,96.3,306,116.1,341,63.8,204,-.023,234,-7.13,330,101.1,309,108.2,322,-5.71,317,,ASun,63.8,204,96.3,306,46.5,277,18.6,134,27.7,280,39.3,112,116.1,341,54.5,342,19.1,163,33.7,291,38.7,216,63.8,204,64.5,194,18.7,215,18.4,179,96.3,306,96.0,290,116.1,341,112.5,342,76.8,151,-2.5,314,-1.8,335,-0.6,251,+0.6,112,+1.8,19,+1.0,95,0.42,347,35.3,104,19.2,342,2015,0.10430215989023521,10,22,0.3125,32
311,Jacksonville St.,OVC,12-19,-13.27,95.2,315,108.4,256,63.1,251,+.053,58,-3.72,238,102.7,230,106.5,252,-3.43,262,,OVC,63.1,251,95.2,315,43.0,340,18.5,130,28.7,264,37.6,152,108.4,256,51.1,256,19.2,158,34.5,316,39.0,223,63.1,251,64.3,202,19.7,303,17.1,23,95.2,315,93.7,314,108.4,256,106.0,261,75.9,276,-1.2,251,-1.1,294,-0.1,184,-1.6,323,+0.2,170,-1.1,269,1.41,195,38.1,47,47.1,201,2015,0.18343386808352022,12,19,0.3870967741935484,31
199,James Madison,CAA,19-14,-2.69,105.5,151,108.2,249,63.9,195,+.103,8,-2.73,206,103.8,172,106.5,256,-2.91,248,,CAA,63.9,195,105.5,151,51.9,65,20.3,262,28.9,251,42.2,50,108.2,249,50.2,220,17.9,247,31.9,220,31.9,66,63.9,195,64.2,209,18.7,212,18.5,200,105.5,151,104.3,118,108.2,249,105.8,254,77.5,62,+0.3,143,-0.7,253,+1.0,62,+1.9,16,+1.1,60,+0.9,99,1.24,243,30.5,220,52.1,148,2015,0.42785459545584037,19,14,0.5757575757575758,33
12,Kansas,B12,27-9,+22.72,114.5,27,91.8,9,67.0,56,+.070,33,+13.17,1,110.6,3,97.4,1,+9.57,8,2,B12,67.0,56,114.5,27,49.4,153,19.2,185,34.9,47,42.6,42,91.8,9,44.6,18,17.5,268,31.6,206,33.8,110,67.0,56,66.7,87,17.1,49,18.7,242,114.5,27,106.5,72,91.8,9,97.0,65,77.6,52,+1.1,103,-0.1,186,+1.3,41,+2.5,6,+1.8,23,-0.7,230,1.06,288,34.4,125,48.2,191,2015,0.9269712290076765,27,9,0.75,36
81,Kansas St.,B12,15-17,+8.18,106.6,120,98.4,68,62.1,285,+.010,158,+10.32,9,108.9,23,98.6,5,-1.28,197,,B12,62.1,285,106.6,120,47.7,228,20.9,298,33.9,81,46.0,19,98.4,68,49.7,201,20.2,106,31.5,191,41.0,251,62.1,285,63.1,270,19.1,246,18.8,258,106.6,120,99.2,238,98.4,68,101.2,149,76.8,169,-0.1,182,-0.3,204,+0.2,150,+0.1,165,+0.4,131,+0.2,166,1.68,127,36.3,83,56.4,118,2015,0.7151421679337259,15,17,0.46875,32
341,Kennesaw St.,ASun,10-22,-20.61,93.7,327,114.3,334,65.1,134,+.039,82,-5.50,296,101.8,291,107.3,285,-2.41,230,,ASun,65.1,134,93.7,327,45.3,313,21.5,307,29.7,222,29.8,334,114.3,334,50.7,239,16.2,321,35.1,328,35.8,154,65.1,134,66.6,91,19.1,242,16.7,9,93.7,327,92.6,323,114.3,334,111.4,332,76.1,257,+0.2,158,-0.2,187,+0.3,121,+0.9,87,-1.0,287,-3.0,335,1.96,61,30.9,210,64.5,66,2015,0.09234134556141986,10,22,0.3125,32
118,Kent St.,MAC,23-12,+5.04,107.4,113,102.3,133,61.5,308,+.029,111,-0.47,151,104.4,139,104.8,174,-5.72,318,,MAC,61.5,308,107.4,113,49.8,127,17.8,90,33.5,95,37.1,165,102.3,133,45.8,49,18.2,230,32.7,252,39.4,227,61.5,308,62.0,307,19.7,299,18.8,254,107.4,113,105.4,97,102.3,133,100.6,132,77.0,129,+0.2,149,-0.4,220,+0.7,96,-0.1,181,+0.7,98,+0.7,128,2.02,50,29.8,235,58.1,101,2015,0.63633241160354,23,12,0.6571428571428571,35
1,Kentucky,SEC,38-1,+36.91,121.3,6,84.4,1,62.4,274,+.048,68,+8.58,26,108.7,27,100.1,27,+3.13,64,1,SEC,62.4,274,121.3,6,51.5,75,16.3,34,39.5,8,43.9,31,84.4,1,39.6,1,21.2,48,31.8,212,31.8,64,62.4,274,63.8,242,17.7,98,19.6,327,121.3,6,115.5,9,84.4,1,84.7,1,79.3,1,+6.9,1,+3.0,5,+3.9,1,+2.9,3,+3.3,2,+0.0,183,1.04,291,39.9,27,49.6,176,2015,0.9847985047977129,38,1,0.9743589743589743,39
288,LIU Brooklyn,NEC,12-18,-9.82,97.0,299,106.8,218,67.4,43,+.039,83,-5.33,289,101.0,313,106.3,246,-0.74,181,,NEC,67.4,43,97.0,299,44.9,318,19.6,213,31.3,155,39.8,99,106.8,218,48.4,144,18.2,229,31.0,169,35.6,152,67.4,43,68.1,41,16.9,42,18.1,119,97.0,299,96.6,280,106.8,218,102.1,168,75.6,310,-3.6,342,-2.0,337,-1.6,328,-1.7,325,-0.3,220,+0.1,175,0.72,332,34.8,116,35.9,283,2015,0.24846049774325316,12,18,0.4,30
49,LSU,SEC,22-11,+13.76,108.9,81,95.1,32,69.3,12,-.043,283,+5.09,74,106.2,83,101.2,60,-4.77,301,9,SEC,69.3,12,108.9,81,50.3,103,20.3,260,33.9,82,33.5,263,95.1,32,44.7,20,19.1,160,32.9,263,29.4,29,69.3,12,69.7,14,16.5,26,17.8,73,108.9,81,103.3,143,95.1,32,95.3,33,77.7,40,+3.1,26,+1.5,42,+1.6,23,+1.1,73,+0.9,78,+0.2,160,1.35,211,21.4,343,36.8,276,2015,0.826103847759171,22,11,0.6666666666666666,33
103,La Salle,A10,17-16,+6.02,101.3,233,95.3,38,64.1,185,-.017,224,+4.11,82,106.1,89,101.9,80,+2.55,84,,A10,64.1,185,101.3,233,46.7,269,19.9,230,29.6,229,36.4,184,95.3,38,45.8,48,20.1,109,30.8,156,34.4,127,64.1,185,64.4,196,18.1,139,18.9,268,101.3,233,96.8,276,95.3,38,95.6,36,77.8,37,+1.6,72,+1.4,50,+0.2,139,+0.5,117,+1.6,31,+1.8,41,2.04,47,27.4,277,47.2,200,2015,0.6686644832660829,17,16,0.5151515151515151,33
193,Lafayette,Pat,20-13,-2.14,112.9,38,115.1,338,64.6,160,+.097,10,-4.01,246,103.0,215,107.0,272,-0.45,170,16,Pat,64.6,160,112.9,38,55.8,10,17.1,55,27.7,281,30.4,327,115.1,338,53.5,328,16.8,298,34.5,315,27.5,13,64.6,160,64.6,189,18.0,127,18.9,267,112.9,38,112.7,19,115.1,338,112.8,344,76.8,163,+1.2,95,-0.1,179,+1.3,41,-0.7,244,+0.3,140,-0.2,209,2.44,10,26.1,301,82.5,6,2015,0.44474244926099576,20,13,0.6060606060606061,33
276,Lamar,Slnd,15-15,-9.03,100.0,253,109.1,267,65.9,92,+.030,106,-5.28,288,102.6,237,107.9,313,+4.48,39,,Slnd,65.9,92,100.0,253,49.7,135,23.4,339,34.6,61,41.9,53,109.1,267,52.8,305,20.4,89,33.0,265,46.0,324,65.9,92,67.5,59,18.2,157,16.9,15,100.0,253,100.9,200,109.1,267,107.3,291,75.5,317,-2.6,318,-1.2,296,-1.4,321,-1.2,300,-1.4,310,-0.7,231,0.66,342,40.0,25,32.9,306,2015,0.2686290944337676,15,15,0.5,30
201,Lehigh,Pat,16-14,-2.81,99.9,256,102.7,142,66.2,79,+.007,167,-4.12,251,103.2,204,107.3,289,+1.01,126,,Pat,66.2,79,99.9,256,49.0,175,19.9,232,29.2,242,36.2,192,102.7,142,46.8,76,17.4,270,30.4,137,31.2,51,66.2,79,65.8,123,17.2,58,19.0,276,99.9,256,100.3,211,102.7,142,99.9,120,76.3,229,+1.4,84,+0.5,110,+0.9,75,-0.7,267,-1.4,312,-1.0,258,1.39,197,31.5,196,64.7,63,2015,0.4211905543093384,16,14,0.5333333333333333,30
333,Liberty,BSth,8-24,-18.87,90.8,342,109.7,285,65.8,97,-.059,312,-5.83,305,102.7,231,108.6,334,-4.48,293,,BSth,65.8,97,90.8,342,46.0,295,24.5,346,30.6,184,40.2,90,109.7,285,50.2,221,18.1,233,32.5,244,41.8,267,65.8,97,66.6,89,18.4,175,17.4,35,90.8,342,91.9,335,109.7,285,106.3,268,77.9,29,+1.6,70,+0.6,104,+1.1,58,+1.8,23,+1.0,72,+1.6,55,0.87,318,41.9,13,24.3,334,2015,0.1020605898243102,8,24,0.25,32
298,Lipscomb,ASun,14-17,-11.29,100.7,244,112.0,316,67.7,31,+.051,63,-4.47,260,103.2,201,107.7,304,+1.53,113,,ASun,67.7,31,100.7,244,48.1,212,18.7,140,29.2,243,39.7,104,112.0,316,54.1,338,17.8,255,29.4,96,47.1,328,67.7,31,68.6,31,16.6,29,18.1,135,100.7,244,101.4,186,112.0,316,109.8,321,76.4,213,-0.1,175,+0.8,83,-0.9,281,+0.3,132,+0.2,173,-1.5,298,1.42,192,38.9,37,57.1,112,2015,0.2273983390125726,14,17,0.45161290322580644,31
136,Long Beach St.,BW,16-17,+3.05,104.0,179,100.9,108,65.2,128,+.032,101,+6.36,62,107.5,62,101.1,55,+15.31,1,,BW,65.2,128,104.0,179,47.6,231,20.2,258,31.5,149,34.4,245,100.9,108,49.2,170,21.0,61,34.0,299,36.9,184,65.2,128,65.9,118,17.4,69,18.7,239,104.0,179,98.6,252,100.9,108,102.6,181,76.0,271,-1.1,249,-1.0,289,-0.1,188,-0.3,210,-0.9,278,-0.9,246,1.78,104,35.2,105,58.2,100,2015,0.5861327854082324,16,17,0.48484848484848486,33
316,Longwood,BSth,11-23,-13.80,97.4,297,111.2,306,66.4,74,+.025,121,-4.65,268,103.1,209,107.8,307,-0.67,180,,BSth,66.4,74,97.4,297,49.0,176,20.7,284,26.8,303,30.0,332,111.2,306,52.6,302,20.8,71,35.2,329,45.0,316,66.4,74,67.2,72,17.7,96,17.9,87,97.4,297,97.7,266,111.2,306,108.6,306,75.3,322,-2.4,310,-1.2,299,-1.2,306,-1.6,319,-1.7,322,-0.9,245,1.39,201,30.9,206,33.0,305,2015,0.17890292994818954,11,23,0.3235294117647059,34
128,Louisiana Lafayette,SB,22-14,+3.59,106.0,133,102.4,136,69.9,7,-.055,305,-3.14,218,102.0,278,105.2,190,-1.43,199,,SB,69.9,7,106.0,133,50.1,109,20.5,276,34.6,60,39.6,106,102.4,136,48.0,122,18.4,214,27.6,38,37.4,192,69.9,7,71.0,7,16.5,24,17.4,36,106.0,133,104.8,109,102.4,136,98.2,82,76.6,189,-1.2,253,-0.6,241,-0.6,245,-0.1,175,-0.0,195,+0.9,110,1.29,229,41.0,19,34.1,296,2015,0.5980513768364333,22,14,0.6111111111111112,36
170,Louisiana Monroe,SB,24-14,-0.71,99.0,270,99.7,91,61.8,302,+.070,34,-2.63,203,102.4,245,105.1,184,+2.38,88,,SB,61.8,302,99.0,270,45.6,302,18.0,97,32.6,113,26.1,351,99.7,91,44.7,21,17.2,283,29.4,97,29.7,31,61.8,302,62.6,290,19.6,297,18.6,220,99.0,270,97.5,268,99.7,91,96.7,52,76.8,157,+1.9,64,+0.8,84,+1.1,60,+1.4,37,-1.3,303,-1.1,270,0.99,300,24.9,317,46.6,206,2015,0.47975432334951984,24,14,0.631578947368421,38
76,Louisiana Tech,CUSA,27-9,+9.18,109.0,80,99.8,93,67.4,44,+.033,93,-1.56,179,103.0,216,104.6,161,-3.75,272,3,CUSA,67.4,44,109.0,80,50.7,95,15.6,12,28.8,257,33.7,259,99.8,93,46.9,83,22.4,19,35.3,330,31.3,52,67.4,44,67.9,47,16.9,40,18.3,169,109.0,80,107.1,63,99.8,93,96.4,46,77.9,26,+1.4,80,+0.9,72,+0.5,109,+0.4,126,+1.3,55,+3.0,9,2.17,38,25.7,304,47.0,202,2015,0.7338152226765057,27,9,0.75,36
17,Louisville,ACC,27-9,+21.21,110.2,66,88.9,4,64.6,155,+.027,115,+9.69,18,109.5,11,99.8,19,-2.36,228,4,ACC,64.6,155,110.2,66,47.7,229,17.2,62,34.7,57,38.7,124,88.9,4,44.0,10,21.3,41,30.8,158,33.3,94,64.6,155,65.5,144,17.8,106,18.6,217,110.2,66,104.1,127,88.9,4,91.1,6,76.9,146,+2.8,34,+1.4,52,+1.4,32,+0.2,150,-1.0,285,-0.9,248,1.29,228,30.1,229,54.6,131,2015,0.922013539011341,27,9,0.75,36
132,Loyola Chicago,MVC,24-13,+3.28,105.9,139,102.6,137,61.1,315,+.079,23,-0.36,149,103.3,196,103.7,125,-3.54,266,,MVC,61.1,315,105.9,139,53.3,36,21.0,299,28.7,262,33.3,269,102.6,137,49.2,172,20.2,105,32.1,225,30.2,36,61.1,315,59.9,341,20.0,317,19.7,337,105.9,139,103.0,152,102.6,137,100.2,125,76.2,234,-3.8,345,-2.2,340,-1.6,327,-0.7,261,+0.7,99,+1.8,52,1.75,112,41.8,16,51.1,158,2015,0.590022690345691,24,13,0.6486486486486487,37
308,Loyola MD,Pat,11-19,-13.13,93.2,331,106.4,210,62.7,263,+.080,22,-3.62,235,102.9,222,106.5,255,-0.52,173,,Pat,62.7,263,93.2,331,42.8,342,20.3,263,32.1,124,37.6,149,106.4,210,49.7,200,17.6,264,28.5,65,44.9,315,62.7,263,62.3,298,20.8,337,17.4,46,93.2,331,92.0,334,106.4,210,103.9,213,76.5,198,+0.2,152,-0.1,184,+0.3,123,-0.5,233,-0.7,251,+0.3,150,1.23,251,32.1,180,48.3,187,2015,0.17898118541082572,11,19,0.36666666666666664,30
271,Loyola Marymount,WCC,8-23,-8.56,103.0,199,111.6,314,62.3,280,+.024,124,+5.36,73,107.5,60,102.2,88,+5.16,32,,WCC,62.3,280,103.0,199,46.3,284,21.5,306,33.5,98,36.3,189,111.6,314,53.7,332,18.0,237,34.1,305,35.5,148,62.3,280,62.7,285,20.2,326,17.9,88,103.0,199,97.7,267,111.6,314,112.7,343,77.1,114,+2.4,42,+1.0,69,+1.5,30,-0.8,268,-0.2,213,+0.8,114,1.50,172,37.1,65,29.1,319,2015,0.2845080682976211,8,23,0.25806451612903225,31
345,Maine,AE,3-27,-21.87,93.7,328,115.5,340,65.9,95,-.020,226,-1.91,185,102.1,268,104.0,139,+3.44,59,,AE,65.9,95,93.7,328,46.6,274,21.5,310,23.3,335,27.6,348,115.5,340,55.9,351,19.1,166,31.8,210,36.7,181,65.9,95,66.3,106,18.1,133,18.0,100,93.7,328,90.3,340,115.5,340,112.1,339,75.5,315,-2.0,290,-1.0,276,-1.0,301,-0.4,220,-2.4,342,-1.0,257,1.24,242,30.9,207,61.1,80,2015,0.08275562687693792,3,27,0.1,30
162,Manhattan,MAAC,19-14,+0.31,101.9,224,101.6,119,67.7,30,-.001,186,-3.59,234,102.0,275,105.6,219,-0.40,169,16,MAAC,67.7,30,101.9,224,49.4,149,21.1,302,30.9,171,47.4,6,101.6,119,48.1,131,23.9,8,33.1,271,52.3,345,67.7,30,68.2,37,18.0,129,17.0,19,101.9,224,100.7,204,101.6,119,97.7,77,77.3,90,+1.1,101,+1.0,67,+0.1,154,+1.0,77,+1.7,24,-0.8,239,2.03,49,32.1,183,61.3,77,2015,0.5084758526028048,19,14,0.5757575757575758,33
305,Marist,MAAC,7-25,-12.74,94.6,318,107.4,228,65.0,135,+.033,97,-2.83,208,102.3,253,105.2,191,-2.36,229,,MAAC,65.0,135,94.6,318,46.8,268,20.5,274,21.2,348,38.0,140,107.4,228,49.6,192,20.7,74,35.5,333,36.7,179,65.0,135,66.4,100,18.0,130,18.3,162,94.6,318,92.4,327,107.4,228,103.7,203,77.4,72,+0.1,160,+0.5,111,-0.3,214,+0.3,139,+1.8,20,+1.6,54,1.89,74,33.1,158,50.3,168,2015,0.1885619996696451,7,25,0.21875,32
93,Marquette,BE,13-19,+6.88,105.3,154,98.5,69,63.7,205,-.043,279,+9.97,15,110.5,6,100.5,40,-1.17,191,,BE,63.7,205,105.3,154,49.8,130,19.3,189,29.0,247,35.8,205,98.5,69,49.2,173,21.0,59,36.4,340,30.3,38,63.7,205,64.6,184,18.6,198,18.4,187,105.3,154,99.6,228,98.5,69,102.6,182,76.6,190,-0.5,203,+0.2,144,-0.6,249,-0.3,209,-0.7,251,+1.0,98,1.53,162,30.6,216,31.2,313,2015,0.6830240171573673,13,19,0.40625,32
261,Marshall,CUSA,11-21,-8.05,96.3,307,104.3,169,69.9,8,-.049,292,-0.99,160,102.6,241,103.5,119,+0.23,153,,CUSA,69.9,8,96.3,307,46.2,289,21.6,312,28.2,273,34.9,234,104.3,169,48.4,147,18.6,203,32.6,248,36.5,171,69.9,8,70.5,9,15.6,7,18.2,148,96.3,307,92.6,325,104.3,169,101.1,147,77.5,63,-1.0,241,-0.1,180,-0.9,286,+0.1,156,+1.3,45,+3.8,1,0.70,336,36.3,84,38.4,262,2015,0.2854196290071758,11,21,0.34375,32
33,Maryland,B10,28-7,+15.68,111.3,56,95.7,41,63.9,199,+.127,2,+7.15,48,108.3,37,101.1,57,-3.33,258,4,B10,63.9,199,111.3,56,51.2,82,18.9,164,28.9,250,44.5,25,95.7,41,45.5,36,17.2,282,30.5,142,28.1,16,63.9,199,64.6,183,18.4,174,18.4,191,111.3,56,106.2,78,95.7,41,97.7,76,78.6,8,+3.9,10,+1.9,26,+2.1,9,+1.5,34,+1.4,37,+2.7,19,1.67,128,33.9,140,42.6,233,2015,0.850258002332148,28,7,0.8,35
207,Maryland Eastern Shore,MEAC,18-15,-3.33,104.5,170,107.8,239,64.4,166,+.040,80,-5.65,301,100.5,324,106.2,239,+3.39,62,,MEAC,64.4,166,104.5,170,51.7,70,23.4,338,35.5,38,47.0,10,107.8,239,51.1,257,21.3,44,31.9,215,41.1,254,64.4,166,65.2,159,19.2,256,17.3,30,104.5,170,102.8,162,107.8,239,102.5,180,76.2,236,-1.8,283,-0.3,209,-1.4,320,-0.7,249,+0.1,178,+0.2,162,0.83,326,36.3,85,28.9,320,2015,0.4115547686107337,18,15,0.5454545454545454,33
125,Massachusetts,A10,17-15,+4.16,106.5,125,102.3,131,67.0,53,+.069,35,+5.03,75,106.2,85,101.2,61,+6.20,24,,A10,67.0,53,106.5,125,47.3,247,20.5,271,33.9,83,42.4,48,102.3,131,48.7,157,17.5,267,31.2,176,35.2,143,67.0,53,68.4,35,17.4,71,17.4,41,106.5,125,100.7,205,102.3,131,102.2,173,76.6,185,+1.5,78,+0.7,89,+0.8,87,-0.3,194,-0.6,239,-0.8,233,1.94,64,31.4,199,55.7,120,2015,0.613655939295011,17,15,0.53125,32
300,McNeese St.,Slnd,15-16,-11.58,100.6,246,112.1,317,62.8,260,+.035,92,-6.37,317,102.2,258,108.6,336,+9.48,9,,Slnd,62.8,260,100.6,246,46.4,282,16.0,24,33.7,90,30.9,320,112.1,317,51.9,288,18.5,211,34.4,314,34.9,137,62.8,260,65.6,142,18.5,192,18.0,107,100.6,246,102.2,176,112.1,317,109.1,312,75.0,341,-2.6,320,-0.9,267,-1.7,333,-2.3,343,-2.5,343,-1.0,256,1.94,65,26.1,299,54.4,133,2015,0.22361037768733355,15,16,0.4838709677419355,31
87,Memphis,Amer,18-14,+7.51,105.5,149,98.0,61,66.2,80,-.033,262,+1.21,119,104.0,161,102.7,99,-1.46,202,,Amer,66.2,80,105.5,149,48.4,197,20.2,253,37.0,20,31.6,305,98.0,61,44.4,15,19.2,156,31.6,203,38.7,215,66.2,80,65.7,136,17.7,93,18.7,235,105.5,149,101.8,181,98.0,61,95.5,35,77.3,84,+0.7,130,-0.2,193,+0.9,74,+1.0,78,+1.0,73,+0.6,131,1.12,272,39.6,31,30.7,315,2015,0.7001579158607486,18,14,0.5625,32
185,Mercer,SC,19-16,-1.52,104.5,168,106.0,201,60.9,321,-.049,293,-5.49,295,102.1,269,107.6,297,+2.33,89,,SC,60.9,321,104.5,168,49.3,164,17.6,81,33.3,105,40.1,91,106.0,201,49.0,164,19.2,154,32.8,256,31.9,69,60.9,321,61.4,320,20.0,320,18.9,264,104.5,168,105.6,92,106.0,201,102.2,175,77.0,132,-0.3,188,+0.6,98,-0.8,277,+0.1,159,+0.5,121,+1.1,89,0.90,314,27.1,285,27.2,326,2015,0.45911691274023536,19,16,0.5428571428571428,35
41,Miami FL,ACC,25-13,+14.49,112.5,44,98.1,64,62.5,272,+.022,129,+7.00,50,107.5,61,100.5,41,-1.99,221,2,ACC,62.5,272,112.5,44,49.9,121,15.9,21,29.6,227,35.5,214,98.1,64,47.6,101,17.3,274,29.3,94,28.5,20,62.5,272,62.5,292,19.4,276,18.6,209,112.5,44,107.3,60,98.1,64,99.4,106,76.9,144,+2.5,39,+2.4,16,+0.2,146,+0.4,124,-0.7,247,-1.2,275,1.49,177,35.4,100,31.7,310,2015,0.8285104805762066,25,13,0.6578947368421053,38
215,Miami OH,MAC,13-19,-4.02,102.5,212,106.6,214,64.6,156,+.009,163,-0.08,144,104.3,145,104.4,155,-5.44,311,,MAC,64.6,156,102.5,212,49.4,154,19.4,199,25.9,321,38.7,125,106.6,214,53.1,316,20.6,79,29.6,108,42.5,284,64.6,156,65.7,132,18.6,197,17.7,62,102.5,212,99.7,225,106.6,214,105.5,248,75.9,281,-0.8,232,+0.1,152,-1.0,289,-1.7,325,+0.0,190,-1.4,291,1.65,135,33.5,148,46.7,205,2015,0.38911395277094407,13,19,0.40625,32
74,Michigan,B10,16-16,+9.55,110.0,67,100.5,100,59.7,340,-.008,206,+9.39,21,109.4,14,100.0,24,+0.28,150,,B10,59.7,340,110.0,67,49.4,147,15.6,11,25.5,325,26.6,350,100.5,100,50.9,247,19.4,145,31.2,175,26.7,9,59.7,340,60.5,336,20.8,338,18.5,207,110.0,67,103.2,147,100.5,100,103.6,200,76.8,167,-0.5,206,-0.7,248,+0.1,158,+1.3,43,+0.7,93,-1.0,254,0.88,317,38.0,48,35.9,282,2015,0.7386010887483787,16,16,0.5,32
15,Michigan St.,B10,27-12,+21.72,116.6,14,94.9,27,63.1,248,-.017,222,+10.49,7,110.3,7,99.8,20,-0.88,184,7,B10,63.1,248,116.6,14,53.2,40,17.4,71,33.4,103,32.7,283,94.9,27,44.9,24,16.5,315,27.0,31,39.0,221,63.1,248,63.0,271,17.7,100,20.0,347,116.6,14,109.9,32,94.9,27,98.4,88,76.2,240,-0.9,234,-0.2,190,-0.7,255,+0.2,152,-0.5,230,-1.1,272,1.95,63,31.8,188,49.0,181,2015,0.9143656481989789,27,12,0.6923076923076923,39
158,Middle Tennessee,CUSA,19-17,+0.59,102.3,216,101.7,121,61.0,320,+.003,179,-0.57,153,103.7,179,104.3,151,+1.22,120,,CUSA,61.0,320,102.3,216,47.9,219,20.3,264,31.6,147,36.8,171,101.7,121,49.9,207,20.3,97,26.1,18,42.2,278,61.0,320,61.6,317,19.6,290,19.1,286,102.3,216,99.9,220,101.7,121,99.3,105,76.6,187,-1.3,263,-1.5,313,+0.1,157,+0.9,85,+0.3,137,-0.2,196,0.67,339,39.8,29,36.2,280,2015,0.5169053671702729,19,17,0.5277777777777778,36
211,Milwaukee,Horz,14-16,-3.76,103.1,196,106.9,220,64.4,172,+.043,74,+0.89,129,105.6,100,104.7,170,+3.08,65,,Horz,64.4,172,103.1,196,49.0,174,20.0,234,26.9,299,36.2,195,106.9,220,51.2,261,16.5,314,29.5,99,31.6,62,64.4,172,65.5,145,19.1,249,17.4,32,103.1,196,99.9,222,106.9,220,107.2,287,76.9,135,+0.1,162,+0.3,133,-0.1,192,-0.4,215,-0.1,198,+1.8,51,1.39,199,30.4,222,42.3,236,2015,0.3974178135889039,14,16,0.4666666666666667,30
52,Minnesota,B10,18-15,+13.06,112.7,41,99.7,90,67.3,47,-.099,343,+6.80,54,107.0,73,100.2,32,-5.45,312,,B10,67.3,47,112.7,41,52.1,60,17.7,84,30.0,207,32.9,278,99.7,90,50.8,244,24.1,7,33.4,281,34.5,129,67.3,47,68.0,44,16.4,20,18.7,236,112.7,41,106.6,71,99.7,90,99.7,116,76.9,149,+3.7,12,+1.4,48,+2.3,4,+0.4,123,-1.1,290,-2.1,314,1.69,124,30.0,232,54.5,132,2015,0.8036843953325495,18,15,0.5454545454545454,33
46,Mississippi,SEC,21-13,+13.88,114.5,28,100.6,104,66.2,78,-.033,259,+7.10,49,107.3,68,100.2,31,-1.19,193,11,SEC,66.2,78,114.5,28,47.8,224,16.5,39,34.8,49,36.1,197,100.6,104,47.6,106,18.7,193,31.4,185,41.2,259,66.2,78,67.0,77,16.7,34,18.7,241,114.5,28,108.1,52,100.6,104,101.4,153,77.2,109,+2.2,48,+0.0,171,+2.2,7,+0.6,111,+0.4,135,-0.8,235,2.31,17,37.3,61,53.5,139,2015,0.815831915015744,21,13,0.6176470588235294,34
159,Mississippi St.,SEC,13-19,+0.58,100.7,245,100.1,97,63.8,203,-.034,263,+4.23,81,106.2,84,102.0,82,-8.42,339,,SEC,63.8,203,100.7,245,47.5,237,23.3,337,32.3,118,46.4,14,100.1,97,48.0,128,18.9,179,31.1,171,36.5,173,63.8,203,64.2,212,17.7,91,19.3,311,100.7,245,96.2,286,100.1,97,100.1,123,77.4,73,+1.9,58,+0.6,102,+1.4,36,+1.8,20,+0.8,90,-0.8,236,1.82,93,39.6,30,65.9,54,2015,0.5171745667038421,13,19,0.40625,32
348,Mississippi Valley St.,SWAC,6-26,-25.69,91.6,337,117.3,346,70.1,6,-.001,187,-7.60,338,98.8,343,106.4,250,+5.71,27,,SWAC,70.1,6,91.6,337,42.7,343,20.9,297,30.2,195,33.0,274,117.3,346,54.5,341,20.8,70,39.7,349,36.7,180,70.1,6,71.1,6,17.0,47,16.5,6,91.6,337,89.3,343,117.3,346,111.5,334,74.6,349,-6.5,350,-3.5,351,-3.0,350,-1.7,328,-1.0,286,-1.3,283,0.64,343,41.6,17,35.4,286,2015,0.05499281107854325,6,26,0.1875,32
192,Missouri,SEC,9-23,-2.09,102.0,220,104.1,166,62.0,291,-.019,225,+9.07,22,108.3,34,99.3,11,+2.99,67,,SEC,62.0,291,102.0,220,45.8,298,20.2,259,29.4,237,32.5,289,104.1,166,49.3,178,17.2,280,33.3,276,43.9,303,62.0,291,63.2,262,19.3,260,18.4,173,102.0,220,94.0,309,104.1,166,107.0,282,76.9,142,+2.5,41,+1.0,64,+1.4,31,+1.1,69,-1.4,307,-1.1,266,1.52,167,38.0,49,33.7,300,2015,0.4416766141673676,9,23,0.28125,32
255,Missouri St.,MVC,11-20,-7.52,98.9,272,106.5,212,61.3,310,-.010,212,+1.51,114,104.8,119,103.3,110,-1.06,188,,MVC,61.3,310,98.9,272,45.4,307,19.5,203,29.7,220,31.6,304,106.5,212,49.6,191,16.4,318,30.0,123,36.8,182,61.3,310,60.8,332,20.2,327,19.1,288,98.9,272,95.1,299,106.5,212,105.8,255,76.7,173,-1.3,258,-0.3,202,-1.0,294,-0.3,195,+0.3,140,+1.6,57,1.34,217,37.6,51,52.4,145,2015,0.2991369340471938,11,20,0.3548387096774194,31
183,Monmouth,MAAC,18-15,-1.38,100.8,243,102.1,129,63.6,218,+.012,154,-3.53,233,102.1,271,105.6,217,-3.20,255,,MAAC,63.6,218,100.8,243,47.9,218,19.9,231,30.0,206,41.0,75,102.1,129,47.2,95,21.4,38,33.6,284,37.2,190,63.6,218,64.2,214,17.5,73,19.7,336,100.8,243,99.6,229,102.1,129,98.2,81,76.0,270,+0.2,154,+0.2,139,-0.0,177,+1.2,58,-1.5,314,-3.2,341,1.70,121,34.1,132,64.9,62,2015,0.46322521520220394,18,15,0.5454545454545454,33
164,Montana,BSky,20-13,+0.15,106.0,136,105.8,195,62.0,294,+.003,178,-4.19,255,104.3,147,108.4,327,+5.09,33,7,BSky,62.0,294,106.0,136,53.7,28,18.0,99,27.6,286,33.3,266,105.8,195,51.3,266,19.9,119,28.7,73,43.6,300,62.0,294,63.0,272,19.9,309,18.1,127,106.0,136,107.9,54,105.8,195,104.4,220,76.4,218,-0.4,201,-0.9,273,+0.5,108,-0.4,217,-0.7,251,+0.2,156,1.26,239,29.0,253,50.5,166,2015,0.5054294388080254,20,13,0.6060606060606061,33
320,Montana St.,BSky,7-23,-15.16,95.7,313,110.8,300,65.3,124,-.056,309,-4.04,248,104.4,142,108.4,326,+1.95,100,,BSky,65.3,124,95.7,313,46.9,260,20.6,279,29.0,246,28.7,340,110.8,300,53.0,312,17.0,290,28.2,50,44.8,314,65.3,124,66.2,109,19.1,244,16.9,14,95.7,313,95.7,294,110.8,300,109.9,322,75.7,304,+0.8,125,+0.0,164,+0.8,92,-0.9,279,-2.1,336,-2.7,330,1.35,213,33.2,152,50.5,165,2015,0.1564546500878664,7,23,0.23333333333333334,30
154,Morehead St.,OVC,17-17,+0.98,104.1,175,103.1,147,64.9,140,-.094,339,-2.55,199,103.7,181,106.2,240,+1.12,121,,OVC,64.9,140,104.1,175,49.3,165,20.1,250,34.7,51,34.7,240,103.1,147,49.1,168,21.2,51,28.2,52,55.2,350,64.9,140,66.1,111,18.8,220,17.4,42,104.1,175,103.4,139,103.1,147,100.3,127,75.9,285,-1.1,248,+0.1,158,-1.2,307,-1.7,324,-0.2,203,-1.0,261,1.73,116,34.3,127,48.9,182,2015,0.527722719838831,17,17,0.5,34
332,Morgan St.,MEAC,7-24,-18.87,94.3,319,113.2,328,64.4,169,+.029,112,-4.98,279,100.6,321,105.6,212,+2.66,80,,MEAC,64.4,169,94.3,319,40.2,350,16.2,33,34.8,48,33.1,270,113.2,328,53.3,321,21.6,31,33.9,295,43.2,297,64.4,169,65.7,129,18.0,128,18.3,164,94.3,319,92.9,322,113.2,328,107.5,292,76.5,202,+0.7,129,+1.2,57,-0.5,235,-0.4,216,-0.7,244,-0.5,219,1.51,168,35.8,95,45.3,217,2015,0.1090227589848959,7,24,0.22580645161290322,31
226,Mount St. Mary's,NEC,15-15,-4.97,98.5,282,103.4,156,62.4,276,+.040,78,-4.84,273,102.0,277,106.9,266,+5.25,30,,NEC,62.4,276,98.5,282,47.2,249,19.0,168,30.6,182,30.4,326,103.4,156,49.6,196,21.3,45,32.4,242,35.6,149,62.4,276,63.1,269,19.9,310,17.9,81,98.5,282,98.0,261,103.4,156,100.5,131,76.2,241,+3.2,25,+2.5,13,+0.7,93,+0.1,162,-2.3,341,-3.2,342,1.13,268,43.3,8,47.9,193,2015,0.36393933327424294,15,15,0.5,30
57,Murray St.,OVC,29-6,+12.04,116.5,16,104.5,173,66.8,58,+.076,28,-2.61,202,102.8,225,105.4,200,-1.08,189,3,OVC,66.8,58,116.5,16,54.3,24,17.1,57,36.0,27,41.2,68,104.5,173,46.8,79,18.7,196,32.5,243,36.7,178,66.8,58,66.9,83,16.4,19,19.2,296,116.5,16,115.8,8,104.5,173,100.6,133,76.5,208,-1.8,286,-1.2,301,-0.6,244,-1.0,285,+0.3,162,+1.6,59,1.83,90,25.5,308,74.5,17,2015,0.7773168800981393,29,6,0.8285714285714286,35
32,N.C. State,ACC,22-14,+15.93,114.9,25,98.9,76,64.1,188,-.003,191,+9.84,16,109.3,15,99.5,16,-0.65,179,8,ACC,64.1,188,114.9,25,49.3,156,16.0,25,34.0,80,35.4,222,98.9,76,45.5,37,14.9,346,30.1,124,34.7,133,64.1,188,64.5,192,19.4,278,17.7,57,114.9,25,107.8,56,98.9,76,101.5,156,77.7,44,+1.0,110,-0.1,183,+1.1,53,+1.2,61,+0.9,80,+2.0,33,1.78,103,32.2,178,51.1,160,2015,0.8487022773609917,22,14,0.6111111111111112,36
173,NJIT,ind,21-12,-0.85,105.5,148,106.4,211,66.2,81,+.049,66,-4.15,254,101.9,280,106.0,234,-4.53,296,,ind,66.2,81,105.5,148,52.3,49,20.5,275,28.7,261,39.1,115,106.4,211,46.3,63,19.0,170,33.9,293,44.0,305,66.2,81,66.9,82,17.2,59,18.5,198,105.5,148,104.0,129,106.4,211,102.4,178,75.2,337,-3.5,341,-1.7,329,-1.8,338,-1.1,294,-1.8,330,-1.1,271,1.45,184,32.2,179,69.0,39,2015,0.47559735909773604,21,12,0.6363636363636364,33
277,Navy,Pat,13-19,-9.04,98.9,273,107.9,243,61.0,319,+.005,174,-4.89,277,103.5,191,108.4,323,-3.04,252,,Pat,61.0,319,98.9,273,49.1,172,19.4,194,29.3,239,30.6,322,107.9,243,53.1,314,20.1,108,30.0,122,36.5,170,61.0,319,61.2,324,19.4,270,19.3,301,98.9,273,99.5,232,107.9,243,106.2,267,75.1,338,-1.1,247,-0.1,178,-1.0,302,-1.2,298,-3.0,346,-2.4,326,1.84,89,41.8,14,65.3,60,2015,0.26862700048402505,13,19,0.40625,32
121,Nebraska,B10,13-18,+4.62,99.6,264,95.0,31,63.3,235,-.017,223,+7.59,43,109.1,16,101.5,70,-3.77,273,,B10,63.3,235,99.6,264,46.2,290,19.3,192,26.7,306,36.5,182,95.0,31,46.8,75,20.6,76,30.2,127,38.5,212,63.3,235,63.9,234,18.3,162,19.1,283,99.6,264,94.7,303,95.0,31,98.0,79,77.2,101,+0.8,122,+0.5,107,+0.3,126,+1.8,21,+1.9,18,-1.7,304,1.88,77,27.2,279,71.3,30,2015,0.6326914517118576,13,18,0.41935483870967744,31
256,Nebraska Omaha,Sum,12-17,-7.57,102.9,201,110.5,294,73.4,3,-.042,276,-5.38,291,101.5,300,106.9,268,-6.69,329,,Sum,73.4,3,102.9,201,49.3,161,18.3,120,30.5,188,42.6,43,110.5,294,53.3,322,20.3,94,28.9,76,38.9,219,73.4,3,73.4,4,15.1,3,17.5,49,102.9,201,103.0,153,110.5,294,105.9,259,75.4,320,-0.7,220,-0.9,270,+0.2,143,-2.6,346,-1.8,327,-1.3,289,1.55,159,32.6,168,48.3,188,2015,0.3058771103019805,12,17,0.41379310344827586,29
270,Nevada,MWC,9-22,-8.54,97.8,289,106.4,209,63.7,206,-.083,333,+0.53,133,103.8,169,103.3,111,-2.98,250,,MWC,63.7,206,97.8,289,40.8,349,21.9,325,39.8,6,39.7,102,106.4,209,47.6,102,15.7,336,31.8,213,40.7,243,63.7,206,63.5,253,18.9,228,18.9,263,97.8,289,93.6,315,106.4,209,104.9,235,77.8,36,+2.1,52,+0.5,106,+1.5,28,+0.3,130,+0.4,130,+2.8,15,1.09,279,36.6,78,40.7,248,2015,0.2750337073644315,9,22,0.2903225806451613,31
189,New Hampshire,AE,19-13,-1.86,100.9,239,102.8,144,63.9,194,-.027,246,-6.30,314,100.3,328,106.6,260,-3.25,256,,AE,63.9,194,100.9,239,49.7,133,18.8,158,27.4,293,36.1,196,102.8,144,45.9,55,17.1,285,23.6,2,42.5,287,63.9,194,64.0,224,18.5,195,18.8,255,100.9,239,100.8,201,102.8,144,96.9,58,76.3,231,-2.3,306,-1.6,321,-0.7,262,-0.7,249,+0.5,117,+0.6,136,0.84,324,34.8,113,45.5,215,2015,0.44657042463699226,19,13,0.59375,32
137,New Mexico,MWC,15-16,+2.82,101.6,228,98.7,74,62.0,289,-.068,322,+0.64,131,104.5,129,103.9,131,-3.48,264,,MWC,62.0,289,101.6,228,47.9,221,20.2,254,33.2,108,38.4,131,98.7,74,46.7,74,18.6,204,26.3,20,32.9,84,62.0,289,61.9,309,18.9,234,19.4,315,101.6,228,98.9,246,98.7,74,96.4,48,78.3,10,+4.3,9,+2.7,9,+1.6,27,+1.3,49,+1.3,43,+1.4,73,1.12,271,35.7,97,30.0,317,2015,0.5824949242842726,15,16,0.4838709677419355,31
98,New Mexico St.,WAC,23-11,+6.63,107.4,111,100.8,106,63.0,254,-.042,277,-5.37,290,101.1,310,106.5,254,+1.78,105,15,WAC,63.0,254,107.4,111,50.6,96,21.8,321,39.5,9,44.3,27,100.8,106,46.4,65,20.6,77,30.9,166,32.5,78,63.0,254,62.7,287,19.6,295,18.0,102,107.4,111,106.9,64,100.8,106,95.1,32,77.5,65,+3.0,32,+1.1,63,+1.9,11,+1.8,22,-0.7,261,+0.1,173,1.37,205,31.4,197,41.5,242,2015,0.6746628387303857,23,11,0.6764705882352942,34
310,New Orleans,Slnd,11-18,-13.22,96.9,300,110.2,292,67.6,33,-.034,265,-6.78,325,101.6,296,108.4,325,+11.15,5,,Slnd,67.6,33,96.9,300,46.5,276,22.2,332,35.7,34,45.9,20,110.2,292,54.7,344,21.2,50,32.8,259,43.9,304,67.6,33,68.6,32,17.1,55,17.4,34,96.9,300,99.2,236,110.2,292,107.2,288,75.3,331,-2.2,299,-1.5,316,-0.6,250,-0.3,206,-1.2,298,-3.3,343,0.97,302,34.7,118,42.2,237,2015,0.18556342089566122,11,18,0.3793103448275862,29
299,Niagara,MAAC,8-22,-11.41,99.8,262,111.2,307,64.7,149,-.004,194,-1.99,190,103.2,205,105.2,194,+2.77,76,,MAAC,64.7,149,99.8,262,45.6,303,20.6,281,32.0,128,41.2,70,111.2,307,53.7,333,18.1,235,29.5,102,36.3,164,64.7,149,65.5,147,18.7,209,18.2,156,99.8,262,97.3,271,111.2,307,108.4,305,76.1,256,-3.5,340,-1.7,331,-1.7,337,-0.7,249,-0.2,204,+1.4,70,0.68,338,27.9,272,35.3,288,2015,0.22376389402761981,8,22,0.26666666666666666,30
328,Nicholls St.,Slnd,10-19,-18.36,90.0,344,108.3,253,66.1,88,+.025,120,-6.23,313,102.9,223,109.1,348,+11.17,4,,Slnd,66.1,88,90.0,344,47.8,223,25.0,349,30.1,198,42.4,46,108.3,253,50.0,214,20.3,92,34.5,317,50.7,340,66.1,88,68.4,34,18.4,182,16.5,5,90.0,344,91.5,337,108.3,253,107.0,283,76.4,214,-0.3,194,-0.5,232,+0.2,145,-0.3,204,+0.0,188,-0.5,220,1.17,260,39.8,28,42.4,234,2015,0.10634815583646362,10,19,0.3448275862068966,29
191,Norfolk St.,MEAC,20-14,-2.01,105.5,150,107.5,234,64.6,157,+.027,114,-6.20,312,100.2,330,106.4,249,+6.54,23,,MEAC,64.6,157,105.5,150,52.1,57,20.7,282,34.3,70,42.7,40,107.5,234,48.1,133,18.0,236,30.4,134,39.4,226,64.6,157,65.4,153,18.3,159,18.3,161,105.5,150,104.2,121,107.5,234,102.1,169,77.4,78,-0.3,189,-0.0,174,-0.2,210,+0.6,110,+1.4,40,+1.8,42,1.37,204,28.1,270,21.8,339,2015,0.4462166896307192,20,14,0.5882352941176471,34
10,North Carolina,ACC,26-12,+23.85,119.1,11,95.3,37,69.2,16,-.026,244,+12.76,2,111.1,1,98.3,3,+7.64,15,4,ACC,69.2,16,119.1,11,51.6,74,18.2,109,40.0,5,35.3,224,95.3,37,45.4,34,17.7,261,31.2,173,37.8,198,69.2,16,69.1,19,16.0,11,18.5,206,119.1,11,111.5,24,95.3,37,99.4,108,77.8,32,+2.1,53,+0.3,129,+1.8,19,+2.4,7,+0.8,82,+0.5,138,1.47,180,32.1,182,65.6,56,2015,0.9284909856436071,26,12,0.6842105263157895,38
337,North Carolina A&T,MEAC,9-23,-19.42,93.5,330,112.9,325,61.6,304,-.038,271,-7.53,337,98.9,342,106.5,251,+1.90,101,,MEAC,61.6,304,93.5,330,44.6,321,23.6,342,34.0,79,37.4,158,112.9,325,50.4,226,18.9,183,34.4,313,40.8,246,61.6,304,62.5,297,19.9,313,18.1,121,93.5,330,92.6,324,112.9,325,106.1,262,76.8,154,-0.0,171,-0.2,188,+0.1,156,+0.6,115,+0.2,164,+0.1,176,0.84,323,37.8,50,38.3,265,2015,0.10264069061739947,9,23,0.28125,32
104,North Carolina Central,MEAC,25-8,+6.00,105.4,153,99.4,86,59.4,342,+.027,116,-9.20,344,98.3,348,107.4,295,+3.98,47,7,MEAC,59.4,342,105.4,153,53.2,41,19.8,223,31.0,169,37.2,164,99.4,86,42.1,3,20.2,102,30.8,159,41.1,255,59.4,342,60.7,333,19.3,262,20.1,349,105.4,153,106.7,65,99.4,86,91.1,7,76.4,221,-0.0,173,-0.5,226,+0.4,112,+0.0,170,-1.2,299,-0.1,193,1.55,157,18.5,350,26.4,327,2015,0.6624029446515214,25,8,0.7575757575757576,33
314,North Dakota,BSky,8-22,-13.77,96.9,301,110.6,296,67.6,34,-.031,253,-3.51,232,104.5,127,108.0,319,+5.82,26,,BSky,67.6,34,96.9,301,48.4,198,17.9,94,24.7,329,38.5,130,110.6,296,53.2,317,18.2,227,29.1,82,42.3,279,67.6,34,68.0,43,16.8,36,18.3,157,96.9,301,97.5,269,110.6,296,110.0,324,76.1,254,+1.1,102,+1.1,62,+0.1,171,-2.1,340,-1.7,318,-0.1,188,1.33,218,33.5,145,30.8,314,2015,0.179348667697718,8,22,0.26666666666666666,30
152,North Dakota St.,Sum,23-10,+1.41,103.8,181,102.4,134,60.8,324,+.105,6,-4.21,257,102.9,221,107.1,275,-5.50,314,15,Sum,60.8,324,103.8,181,49.7,132,16.0,22,26.1,315,35.8,206,102.4,134,48.1,129,16.5,310,23.7,3,30.6,45,60.8,324,61.7,316,20.5,332,18.2,141,103.8,181,103.7,133,102.4,134,99.8,117,76.6,184,-2.7,322,-1.7,328,-1.0,292,-0.7,247,+0.5,120,+2.8,16,1.77,107,24.7,321,40.4,251,2015,0.5389612222657597,23,10,0.696969696969697,33
143,North Florida,ASun,23-12,+2.26,108.4,88,106.2,204,67.1,51,-.022,230,-7.19,331,101.0,312,108.2,321,+2.23,91,16,ASun,67.1,51,108.4,88,53.6,29,18.3,119,29.2,240,39.7,103,106.2,204,47.9,116,17.9,250,31.8,214,34.1,120,67.1,51,67.7,54,17.6,85,17.8,63,108.4,88,109.6,36,106.2,204,101.7,159,77.6,49,+1.3,88,+0.2,141,+1.1,52,+1.7,26,+1.2,57,+0.4,143,1.79,102,24.5,322,71.1,31,2015,0.5586773247915402,23,12,0.6571428571428571,35
245,North Texas,CUSA,14-17,-6.66,98.6,279,105.2,183,65.5,113,+.046,71,-1.29,169,103.8,170,105.1,185,-1.86,212,,CUSA,65.5,113,98.6,279,46.9,262,20.1,249,31.1,166,40.0,94,105.2,183,49.3,183,20.4,87,33.1,266,38.2,205,65.5,113,66.5,97,17.7,90,18.3,166,98.6,279,96.4,284,105.2,183,102.9,185,77.1,113,-1.4,268,-1.7,325,+0.2,140,+1.1,65,+1.3,41,+1.2,83,1.36,208,28.1,269,47.9,194,2015,0.3218880790363676,14,17,0.45161290322580644,31
117,Northeastern,CAA,23-12,+5.12,108.3,93,103.1,148,63.3,237,+.025,122,-1.29,168,104.5,132,105.7,226,+1.80,104,14,CAA,63.3,237,108.3,93,54.5,19,21.5,308,30.1,197,41.3,66,103.1,148,49.8,203,15.5,338,25.2,9,25.0,6,63.3,237,63.5,254,19.3,266,18.4,192,108.3,93,107.2,61,103.1,148,101.4,154,77.8,35,-0.1,180,-1.0,283,+0.9,77,+1.4,39,+2.0,15,+2.4,26,2.48,9,21.1,346,66.2,50,2015,0.6378087934375043,23,12,0.6571428571428571,35
178,Northern Arizona,BSky,23-15,-1.12,102.2,217,103.4,155,64.8,147,+.063,46,-3.88,243,104.7,122,108.6,335,+2.99,68,,BSky,64.8,147,102.2,217,46.1,293,17.7,87,35.4,39,36.3,187,103.4,155,48.6,153,16.7,302,26.7,25,38.4,207,64.8,147,65.3,154,18.5,184,17.9,85,102.2,217,104.2,122,103.4,155,102.8,184,76.8,152,-0.3,196,-0.4,213,+0.0,175,+0.7,107,+0.8,83,-0.2,201,1.80,96,28.1,265,78.3,9,2015,0.4664896170712351,23,15,0.6052631578947368,38
252,Northern Colorado,BSky,15-15,-7.45,110.4,63,117.9,349,63.2,247,-.013,216,-6.44,318,102.3,256,108.7,340,-2.53,237,,BSky,63.2,247,110.4,63,53.0,42,16.2,30,33.8,89,35.1,229,117.9,349,55.7,350,20.0,116,34.3,310,40.4,240,63.2,247,64.2,215,18.1,132,18.6,219,110.4,63,113.1,15,117.9,349,114.2,349,74.9,344,-2.7,321,-0.9,272,-1.7,333,-0.2,190,-1.5,313,-4.5,350,1.68,125,34.2,129,60.0,90,2015,0.31954648629289795,15,15,0.5,30
179,Northern Illinois,MAC,14-16,-1.20,102.8,207,104.0,163,62.5,273,+.005,175,+0.46,134,105.6,101,105.1,186,-4.01,283,,MAC,62.5,273,102.8,207,47.6,234,21.7,315,36.4,23,47.1,8,104.0,163,51.8,284,21.5,35,31.1,170,40.9,249,62.5,273,63.5,251,17.7,92,19.9,343,102.8,207,101.1,194,104.0,163,103.8,208,76.8,166,+1.3,91,+0.9,77,+0.4,111,-0.2,191,+0.2,167,-0.7,232,1.58,150,38.5,43,61.2,79,2015,0.46668349464011927,14,16,0.4666666666666667,30
18,Northern Iowa,MVC,31-4,+20.98,116.3,18,95.3,36,58.2,348,+.018,140,+1.42,116,104.4,137,103.0,104,+0.61,137,5,MVC,58.2,348,116.3,18,55.9,9,17.8,91,26.9,300,39.8,100,95.3,36,45.6,41,19.2,157,26.9,28,27.0,11,58.2,348,57.3,350,21.3,347,20.0,348,116.3,18,112.3,21,95.3,36,93.5,17,76.9,138,-0.7,214,-0.5,230,-0.2,197,+0.7,106,+0.5,125,+0.8,114,2.10,40,37.5,54,73.2,20,2015,0.9080577538907154,31,4,0.8857142857142857,35
246,Northern Kentucky,ASun,13-17,-6.72,104.2,174,110.9,301,63.6,217,-.058,311,-5.02,281,103.7,177,108.7,341,+2.94,71,,ASun,63.6,217,104.2,174,51.2,80,17.8,89,28.5,266,30.0,331,110.9,301,50.6,236,16.6,308,30.0,119,45.3,318,63.6,217,64.7,176,19.5,286,17.4,44,104.2,174,104.8,110,110.9,301,108.0,298,75.6,306,-4.0,347,-2.4,345,-1.6,326,-1.0,288,+0.3,140,-0.6,224,1.50,171,37.6,53,66.0,51,2015,0.328132689665176,13,17,0.43333333333333335,30
122,Northwestern,B10,15-17,+4.59,107.8,100,103.2,151,59.7,341,+.009,161,+6.74,56,108.8,25,102.1,84,-6.17,326,,B10,59.7,341,107.8,100,50.4,99,18.1,103,27.6,284,28.6,342,103.2,151,48.4,146,15.5,339,30.9,165,32.8,83,59.7,341,60.5,337,19.4,275,20.1,350,107.8,100,102.7,165,103.2,151,105.2,243,77.8,38,+2.2,49,+2.1,21,+0.1,167,+0.7,104,+0.4,128,+2.1,30,1.66,130,30.2,226,56.7,116,2015,0.6228120685277382,15,17,0.46875,32
229,Northwestern St.,Slnd,19-13,-5.11,112.5,45,117.6,348,73.2,4,+.054,55,-5.20,286,101.7,293,106.9,270,+10.52,6,,Slnd,73.2,4,112.5,45,52.9,44,15.9,20,29.9,213,35.1,228,117.6,348,54.4,340,19.6,140,38.9,347,36.9,185,73.2,4,74.4,2,15.1,4,17.0,18,112.5,45,112.6,20,117.6,348,113.7,347,74.7,346,-3.9,346,-1.4,311,-2.4,347,-2.1,341,-1.8,328,-2.2,321,1.25,240,37.2,64,53.8,138,2015,0.3752259095812736,19,13,0.59375,32
9,Notre Dame,ACC,32-6,+24.96,125.4,2,100.4,99,63.4,226,+.062,47,+7.59,42,107.7,57,100.1,26,-11.62,347,3,ACC,63.4,226,125.4,2,58.3,1,14.5,3,27.9,277,36.7,174,100.4,99,47.9,115,17.3,273,32.2,228,24.1,5,63.4,226,63.8,240,18.4,177,19.1,293,125.4,2,120.4,2,100.4,99,102.0,167,77.3,87,-0.7,215,+0.4,119,-1.1,303,+0.3,139,+2.3,5,+1.2,84,2.22,30,19.6,349,56.6,117,2015,0.9280412965303846,32,6,0.8421052631578947,38
167,Oakland,Horz,16-17,+0.06,111.4,55,111.3,309,66.5,71,+.019,135,+1.90,109,105.5,104,103.6,120,+9.10,11,,Horz,66.5,71,111.4,55,52.3,52,18.4,129,30.1,199,38.1,135,111.3,309,53.5,325,16.1,326,30.5,144,34.6,131,66.5,71,67.0,76,18.4,179,17.3,26,111.4,55,107.5,58,111.3,309,110.9,330,77.0,126,+1.6,74,+0.8,80,+0.8,90,+1.4,38,+1.6,30,-3.0,338,1.91,69,24.3,324,55.1,125,2015,0.5025819260338898,16,17,0.48484848484848486,33
232,Ohio,MAC,10-20,-5.47,103.0,198,108.5,257,66.4,73,-.040,272,+0.75,130,104.9,113,104.2,147,-4.22,289,,MAC,66.4,73,103.0,198,49.8,126,18.9,160,25.9,319,29.0,339,108.5,257,49.3,179,15.5,340,30.5,139,32.2,72,66.4,73,67.2,69,17.1,54,18.4,190,103.0,198,99.9,217,108.5,257,107.1,286,76.6,188,+1.4,85,+0.1,160,+1.3,44,+1.3,52,-1.1,288,-1.9,309,1.41,196,28.2,263,46.0,212,2015,0.3547456275002527,10,20,0.3333333333333333,30
19,Ohio St.,B10,24-11,+20.75,115.6,22,94.8,25,65.2,132,-.043,280,+6.76,55,108.1,45,101.4,64,-7.41,334,10,B10,65.2,132,115.6,22,54.2,25,17.0,53,33.5,96,34.7,238,94.8,25,46.4,66,21.6,30,32.0,221,27.8,15,65.2,132,66.0,115,16.3,16,19.9,345,115.6,22,112.9,16,94.8,25,95.4,34,77.6,55,+0.7,127,+0.5,112,+0.3,130,+1.3,48,+1.4,39,+1.0,93,1.56,153,30.0,231,46.0,213,2015,0.9073093023411091,24,11,0.6857142857142857,35
11,Oklahoma,B12,24-11,+22.80,112.5,46,89.7,7,66.7,63,-.045,285,+11.00,5,110.2,8,99.2,9,+1.05,123,3,B12,66.7,63,112.5,46,49.3,163,17.6,82,31.5,148,32.8,279,89.7,7,44.1,11,19.7,132,31.4,186,28.4,19,66.7,63,67.5,60,16.7,35,18.6,211,112.5,46,105.3,98,89.7,7,92.5,11,76.9,147,+0.5,135,-0.7,252,+1.2,48,-0.6,237,+1.1,62,-0.0,184,2.15,39,22.3,335,69.5,36,2015,0.9311537213751669,24,11,0.6857142857142857,35
38,Oklahoma St.,B12,18-14,+14.92,111.8,51,96.8,53,63.3,238,-.045,287,+10.42,8,108.2,41,97.8,2,-1.65,208,9,B12,63.3,238,111.8,51,50.2,104,18.5,131,26.9,298,39.0,116,96.8,53,46.5,69,21.1,58,32.6,249,42.1,274,63.3,238,64.3,200,18.5,191,18.4,181,111.8,51,103.2,145,96.8,53,98.0,80,75.7,300,+0.3,145,-0.0,173,+0.3,125,-0.3,200,-3.2,348,-1.5,295,2.31,18,29.6,239,37.5,269,2015,0.839800239531249,18,14,0.5625,32
70,Old Dominion,CUSA,27-8,+10.19,106.5,124,96.3,46,59.9,338,+.047,70,-1.58,181,103.6,187,105.1,187,-1.21,194,1,CUSA,59.9,338,106.5,124,48.6,192,17.5,75,36.0,29,30.6,323,96.3,46,46.1,60,21.0,63,26.9,27,40.8,245,59.9,338,61.1,328,20.9,339,18.1,114,106.5,124,105.8,87,96.3,46,93.1,14,76.4,212,-1.1,246,-0.8,266,-0.2,208,-0.8,273,-0.7,251,+1.5,64,2.19,34,34.7,117,63.6,71,2015,0.7609293977954361,27,8,0.7714285714285715,35
206,Oral Roberts,Sum,19-15,-3.17,106.2,132,109.4,274,65.5,112,+.097,11,-1.64,182,102.8,228,104.4,156,+2.83,75,,Sum,65.5,112,106.2,132,48.1,211,17.6,79,29.5,230,44.5,24,109.4,274,51.0,254,18.6,207,31.3,181,37.8,201,65.5,112,65.6,140,18.5,189,17.8,67,106.2,132,103.3,142,109.4,274,106.4,271,75.9,280,-2.7,323,-1.6,319,-1.1,305,-1.1,295,+0.3,140,-0.3,212,1.35,210,36.5,79,50.1,170,2015,0.41546993016018313,19,15,0.5588235294117647,34
45,Oregon,P12,26-10,+13.88,115.2,23,101.3,114,66.6,68,+.119,5,+7.28,46,108.4,32,101.1,53,-2.34,227,8,P12,66.6,68,115.2,23,52.3,51,16.9,45,30.2,193,29.1,337,101.3,114,48.0,126,16.7,304,31.5,196,35.4,146,66.6,68,67.6,56,16.7,31,18.7,244,115.2,23,109.0,42,101.3,114,103.9,211,76.4,224,-2.4,308,-1.8,333,-0.6,241,-0.0,173,+0.1,186,+0.9,109,1.22,255,30.3,224,25.1,330,2015,0.8143774091973939,26,10,0.7222222222222222,36
107,Oregon St.,P12,17-14,+5.90,100.0,255,94.1,18,60.5,329,+.013,149,+4.76,78,107.3,69,102.5,95,-5.80,320,,P12,60.5,329,100.0,255,46.6,273,19.1,174,28.5,267,36.8,172,94.1,18,44.7,19,23.7,9,32.8,255,44.3,309,60.5,329,62.0,303,19.8,306,18.6,223,100.0,255,96.1,287,94.1,18,94.9,29,77.9,24,+3.1,30,+1.4,51,+1.7,22,+0.9,84,+0.5,116,+1.9,36,0.85,321,23.2,331,31.5,312,2015,0.6680413374063978,17,14,0.5483870967741935,31
240,Pacific,WCC,12-19,-6.31,103.1,195,109.5,277,61.4,309,+.052,62,+2.88,95,106.7,77,103.8,129,-2.53,238,,WCC,61.4,309,103.1,195,46.8,266,19.8,222,34.6,58,39.4,108,109.5,277,51.9,286,16.2,323,31.3,180,43.1,294,61.4,309,61.8,312,20.1,325,18.2,144,103.1,195,100.3,210,109.5,277,110.9,329,76.9,139,+2.7,38,+1.4,47,+1.2,47,-0.5,223,+0.3,160,-1.2,280,0.37,348,36.1,89,16.6,346,2015,0.33345731394034406,12,19,0.3870967741935484,31
291,Penn,Ivy,9-19,-10.46,97.7,291,108.2,250,63.3,241,+.024,125,-0.88,158,103.1,208,104.0,138,-1.90,215,,Ivy,63.3,241,97.7,291,49.1,170,23.6,343,29.6,225,35.9,201,108.2,250,51.2,260,18.1,232,29.1,81,39.8,231,63.3,241,63.2,264,18.9,227,19.4,318,97.7,291,94.6,304,108.2,250,106.1,263,76.5,200,+0.8,120,+0.6,103,+0.3,130,-1.0,287,-1.1,293,+0.5,140,0.92,311,36.3,81,28.6,322,2015,0.2361475564999155,9,19,0.32142857142857145,28
82,Penn St.,B10,18-16,+8.08,105.3,156,97.2,58,65.4,119,+.004,176,+5.97,65,107.5,63,101.5,69,-5.04,304,,B10,65.4,119,105.3,156,48.0,215,18.2,111,29.7,218,34.7,241,97.2,58,45.3,33,17.8,254,31.0,168,41.5,264,65.4,119,65.7,127,18.1,134,18.1,137,105.3,156,99.9,223,97.2,58,98.8,97,77.2,96,+1.6,75,+1.8,31,-0.2,200,+0.0,166,+0.5,127,+0.8,113,2.09,41,30.8,212,63.8,69,2015,0.715142167933726,18,16,0.5294117647058824,34
126,Pepperdine,WCC,18-14,+4.10,100.5,247,96.4,47,63.5,222,+.014,148,+1.91,108,106.0,91,104.1,143,-6.18,327,,WCC,63.5,222,100.5,247,46.9,263,19.3,188,28.7,259,37.0,169,96.4,47,45.6,43,19.1,164,32.8,261,33.8,108,63.5,222,63.7,243,19.1,243,18.2,149,100.5,247,98.2,257,96.4,47,96.7,53,76.0,258,-1.8,280,-1.3,304,-0.5,231,+0.4,127,+0.0,192,-1.7,302,1.38,203,32.0,184,54.1,136,2015,0.6175099513637602,18,14,0.5625,32
78,Pittsburgh,ACC,19-15,+8.65,113.5,35,104.8,180,60.6,327,+.012,155,+6.35,63,107.7,55,101.4,65,-3.79,275,4,ACC,60.6,327,113.5,35,49.1,171,15.7,15,34.3,69,34.8,237,104.8,180,50.0,214,17.4,271,31.6,204,37.8,200,60.6,327,61.2,326,19.3,267,19.7,333,113.5,35,107.8,55,104.8,180,106.1,265,77.8,31,+0.7,128,+0.1,159,+0.6,100,+1.7,24,+1.7,27,+1.8,50,1.52,166,27.1,283,59.3,94,2015,0.714453749117938,19,15,0.5588235294117647,34
134,Portland,WCC,17-16,+3.23,109.0,79,105.8,193,64.2,180,-.035,269,+1.98,107,106.6,80,104.6,163,-4.48,294,,WCC,64.2,180,109.0,79,50.0,117,18.3,116,35.0,45,36.1,198,105.8,193,49.7,202,17.2,284,30.7,152,35.9,156,64.2,180,64.1,221,18.0,125,19.2,297,109.0,79,107.1,62,105.8,193,106.1,264,77.6,47,+3.7,11,+1.8,29,+1.9,12,+0.8,96,+0.9,77,-0.7,226,1.78,106,33.7,141,66.3,49,2015,0.5848388721360398,17,16,0.5151515151515151,33
258,Portland St.,BSky,15-14,-7.77,102.9,202,110.7,297,65.9,96,+.071,32,-4.64,266,104.2,150,108.9,344,+1.51,114,,BSky,65.9,96,102.9,202,48.8,188,16.4,37,27.6,285,37.3,163,110.7,297,52.7,303,17.5,266,32.2,229,31.4,55,65.9,96,66.9,78,18.3,164,17.3,31,102.9,202,104.7,113,110.7,297,109.3,314,75.3,328,-2.4,313,-1.6,322,-0.8,273,-1.6,320,-1.4,308,-1.4,292,1.45,183,32.7,164,42.0,239,2015,0.30147976162052254,15,14,0.5172413793103449,29
302,Prairie View A&M,SWAC,15-18,-11.98,97.4,295,109.4,275,68.6,20,+.013,151,-7.75,339,98.4,347,106.2,237,+8.65,13,,SWAC,68.6,20,97.4,295,47.5,241,20.7,283,32.1,126,30.9,319,109.4,275,48.4,148,24.3,6,40.0,350,51.2,342,68.6,20,69.5,16,18.1,144,16.2,3,97.4,295,96.3,285,109.4,275,101.0,145,76.4,222,+0.5,134,+0.6,95,-0.1,185,-1.3,302,-0.3,217,-0.4,214,1.09,283,30.1,227,46.6,207,2015,0.2081482189045261,15,18,0.45454545454545453,33
326,Presbyterian,BSth,10-22,-18.09,96.6,305,114.7,335,62.0,293,-.005,197,-3.69,236,103.5,189,107.2,283,+3.82,50,,BSth,62.0,293,96.6,305,48.5,195,20.9,292,27.3,294,33.3,268,114.7,335,53.9,336,15.9,329,33.6,285,28.7,23,62.0,293,62.5,293,19.3,263,18.8,257,96.6,305,95.4,297,114.7,335,114.1,348,76.1,255,-2.5,316,-0.8,261,-1.7,333,+0.3,139,+0.7,97,-1.3,288,1.64,136,36.3,82,60.6,85,2015,0.12185020204805255,10,22,0.3125,32
160,Princeton,Ivy,16-14,+0.55,107.4,110,106.9,221,64.6,158,-.032,256,-2.94,210,101.8,283,104.8,173,-4.28,290,,Ivy,64.6,158,107.4,110,54.3,23,18.8,157,20.7,349,46.1,16,106.9,221,49.6,197,18.5,213,26.4,21,41.8,266,64.6,158,64.9,173,18.2,150,18.7,243,107.4,110,104.9,106,106.9,221,102.5,179,77.3,85,-0.0,170,+0.4,118,-0.4,228,-0.2,186,+1.0,74,+2.5,21,1.15,264,28.8,256,50.0,171,2015,0.5134125780548691,16,14,0.5333333333333333,30
27,Providence,BE,22-12,+16.72,112.6,42,95.9,42,65.2,129,+.038,85,+10.26,11,109.7,10,99.4,15,+2.18,93,6,BE,65.2,129,112.6,42,48.4,199,18.1,102,35.1,43,40.7,80,95.9,42,48.2,134,19.7,136,29.0,80,39.3,225,65.2,129,65.7,131,18.1,142,18.2,142,112.6,42,105.3,99,95.9,42,99.3,104,78.6,7,+4.8,6,+3.0,4,+1.8,17,+1.8,18,+2.2,10,+0.9,103,1.97,59,29.2,246,43.3,229,2015,0.8636757228151334,22,12,0.6470588235294118,34
44,Purdue,B10,21-13,+13.96,110.9,61,97.0,54,64.3,173,-.006,201,+7.45,44,109.0,17,101.6,75,-2.75,245,9,B10,64.3,173,110.9,61,50.2,105,19.9,228,36.5,22,41.7,59,97.0,54,45.4,35,17.6,263,30.9,162,38.4,208,64.3,173,65.0,168,18.2,156,18.4,184,110.9,61,106.2,77,97.0,54,98.4,87,78.1,19,+3.5,19,+3.6,3,-0.1,186,+0.8,93,+1.6,32,+1.4,68,1.39,198,34.1,133,41.7,240,2015,0.8234728705220058,21,13,0.6176470588235294,34
177,Quinnipiac,MAAC,15-15,-1.09,103.0,200,104.1,165,66.3,76,-.092,337,-4.91,278,100.8,316,105.7,223,-4.85,302,,MAAC,66.3,76,103.0,200,44.0,335,20.4,268,42.1,2,35.5,217,104.1,165,45.2,28,14.0,351,26.5,23,33.4,99,66.3,76,66.5,94,17.9,120,18.0,101,103.0,200,102.3,175,104.1,165,98.8,98,76.8,155,+0.5,136,-0.3,200,+0.8,88,-0.7,249,+0.6,106,+0.4,144,1.88,76,32.7,165,52.8,144,2015,0.4694968379127797,15,15,0.5,30
171,Radford,BSth,22-12,-0.77,105.6,147,106.3,207,65.0,139,+.058,51,-4.69,269,102.6,242,107.2,284,+0.34,148,,BSth,65.0,139,105.6,147,50.0,116,18.1,105,34.5,64,35.4,219,106.3,207,48.4,149,18.8,190,32.7,254,36.3,163,65.0,139,65.4,148,18.3,163,18.1,134,105.6,147,105.7,91,106.3,207,103.3,192,75.2,335,-3.3,338,-1.5,314,-1.8,342,-0.8,271,-1.9,331,-1.5,296,2.59,3,37.5,55,86.1,3,2015,0.48101425469920805,22,12,0.6470588235294118,34
60,Rhode Island,A10,23-10,+11.74,103.9,180,92.2,13,66.0,89,-.006,200,+2.15,104,104.5,128,102.4,93,-2.87,247,3,A10,66.0,89,103.9,180,48.9,181,20.8,287,32.3,119,47.3,7,92.2,13,43.9,8,21.8,24,29.2,87,46.0,323,66.0,89,66.3,105,18.2,154,17.8,64,103.9,180,100.6,207,92.2,13,91.0,5,76.4,217,-2.2,301,-1.5,312,-0.7,263,-0.2,187,+0.4,134,+0.7,125,1.56,155,31.5,193,64.2,67,2015,0.7980080478632534,23,10,0.696969696969697,33
210,Rice,CUSA,12-20,-3.62,102.0,221,105.6,189,62.0,296,-.061,315,-1.32,170,103.6,183,104.9,178,-1.93,218,,CUSA,62.0,296,102.0,221,51.7,69,22.1,329,26.4,309,33.7,260,105.6,189,49.8,206,19.6,137,32.2,233,40.0,236,62.0,296,62.6,288,18.4,172,19.5,324,102.0,221,100.0,214,105.6,189,103.6,198,75.9,282,-0.4,200,+0.2,138,-0.6,247,-0.4,213,-0.4,225,-2.7,332,1.49,176,25.8,302,47.8,195,2015,0.4015805203654317,12,20,0.375,32
59,Richmond,A10,21-14,+11.76,108.6,87,96.8,52,61.8,301,-.078,328,+3.33,90,105.8,94,102.5,94,-0.58,177,1,A10,61.8,301,108.6,87,52.1,56,15.6,10,22.2,342,32.9,276,96.8,52,46.0,59,21.1,54,33.3,279,33.5,102,61.8,301,61.9,308,18.9,232,19.6,328,108.6,87,104.7,111,96.8,52,96.8,57,75.7,302,+0.5,137,-0.6,238,+1.1,61,+1.0,76,-2.2,339,-4.0,347,2.09,42,26.2,293,68.7,41,2015,0.7896439791591884,21,14,0.6,35
163,Rider,MAAC,21-12,+0.17,101.2,237,101.0,109,64.2,179,+.086,17,-3.44,226,102.1,270,105.5,207,-2.30,225,,MAAC,64.2,179,101.2,237,49.4,150,19.2,177,31.1,165,35.6,212,101.0,109,47.5,99,21.6,29,29.6,106,37.7,197,64.2,179,64.6,191,18.6,203,18.4,175,101.2,237,99.7,226,101.0,109,97.5,73,77.3,82,+1.4,86,+1.3,53,+0.1,172,-0.5,234,+0.3,153,+2.2,28,1.44,187,34.0,137,51.6,155,2015,0.5056871947521976,21,12,0.6363636363636364,33
184,Robert Morris,NEC,20-15,-1.39,103.1,197,104.5,172,65.4,118,+.055,54,-4.59,264,102.7,233,107.3,287,+2.49,86,16,NEC,65.4,118,103.1,197,50.1,110,19.9,225,31.0,168,35.5,216,104.5,172,49.3,181,21.8,26,35.9,335,37.6,196,65.4,118,66.8,85,16.9,43,18.8,245,103.1,197,103.0,156,104.5,172,101.9,165,76.9,143,-0.8,229,-0.4,217,-0.4,224,+0.3,132,+1.0,71,+0.6,132,1.07,286,33.5,146,37.5,268,2015,0.46130047581493056,20,15,0.5714285714285714,35
198,Rutgers,B10,10-22,-2.45,98.7,278,101.1,110,64.9,143,+.037,88,+8.39,28,108.6,29,100.3,35,-0.01,159,,B10,64.9,143,98.7,278,43.6,338,20.1,241,30.5,185,32.6,286,101.1,110,49.8,204,18.2,228,31.4,183,32.0,70,64.9,143,64.9,169,18.6,199,18.0,108,98.7,278,91.2,338,101.1,110,103.2,189,77.0,128,+2.2,47,+0.5,109,+1.8,18,+1.6,31,-0.2,206,-2.1,316,1.63,138,30.7,213,49.9,172,2015,0.4313636723246306,10,22,0.3125,32
248,SIU Edwardsville,OVC,12-16,-6.90,97.9,288,104.8,179,66.3,77,-.043,281,-4.50,262,102.8,229,107.3,286,-5.19,306,,OVC,66.3,77,97.9,288,48.6,191,20.3,266,28.8,258,37.5,154,104.8,179,49.2,175,19.9,122,31.9,219,36.9,186,66.3,77,66.5,95,18.1,131,17.9,89,97.9,288,97.8,265,104.8,179,102.0,166,75.6,307,-0.3,192,+0.4,114,-0.7,264,-1.5,317,-1.2,297,-2.4,324,1.93,66,35.4,102,66.0,53,2015,0.31362350690292473,12,16,0.42857142857142855,28
26,SMU,Amer,27-7,+17.51,113.1,37,95.6,40,63.1,250,-.004,193,+2.52,99,105.3,109,102.8,100,+0.99,127,6,Amer,63.1,250,113.1,37,52.1,59,19.5,205,36.7,21,43.8,33,95.6,40,45.7,46,20.3,98,29.2,84,31.2,48,63.1,250,63.0,276,18.0,121,19.8,341,113.1,37,109.4,38,95.6,40,94.6,26,77.4,76,+3.2,24,+1.6,35,+1.6,25,+1.0,79,+1.7,29,-2.3,323,1.98,56,32.9,160,67.2,44,2015,0.8735971126264321,27,7,0.7941176470588235,34
196,Sacramento St.,BSky,21-12,-2.33,109.0,78,111.3,310,61.9,297,+.074,30,-6.03,307,103.0,212,109.1,347,-4.10,284,,BSky,61.9,297,109.0,78,53.9,26,16.6,42,27.2,297,35.5,215,111.3,310,53.8,334,19.6,138,33.3,278,32.3,75,61.9,297,63.3,259,19.2,257,18.5,201,109.0,78,111.1,29,111.3,310,109.2,313,76.7,183,+0.3,148,+0.9,78,-0.6,242,-0.6,241,-0.5,231,+0.8,123,2.41,12,25.3,313,86.3,2,2015,0.44025287916629835,21,12,0.6363636363636364,33
238,Sacred Heart,NEC,15-17,-6.16,103.4,189,109.6,281,68.5,22,-.013,217,-6.61,322,100.8,315,107.4,294,-3.30,257,,NEC,68.5,22,103.4,189,49.6,137,19.5,200,33.9,85,35.9,203,109.6,281,49.2,171,18.4,215,32.7,251,33.6,107,68.5,22,68.9,22,16.5,21,18.2,138,103.4,189,103.0,154,109.6,281,104.8,230,75.3,325,-2.7,324,-1.3,306,-1.4,319,-0.9,283,-1.3,302,-1.7,305,2.32,16,29.1,250,56.8,114,2015,0.33857012297437705,15,17,0.46875,32
161,Saint Joseph's,A10,13-18,+0.34,100.3,250,100.0,94,63.3,239,-.006,199,+2.25,101,104.4,138,102.1,85,-2.47,232,,A10,63.3,239,100.3,250,45.3,312,19.2,180,31.4,152,35.2,225,100.0,94,48.3,136,19.0,168,30.4,138,31.3,53,63.3,239,64.1,217,18.4,168,18.8,256,100.3,250,95.0,300,100.0,94,98.9,99,77.2,108,-1.7,275,-1.3,305,-0.4,220,+1.3,47,+1.5,36,+1.3,78,1.39,200,25.2,314,39.6,255,2015,0.50861123676207,13,18,0.41935483870967744,31
289,Saint Louis,A10,11-21,-9.85,95.9,311,105.8,194,62.8,261,+.065,43,+1.32,118,104.2,151,102.9,102,-5.41,310,,A10,62.8,261,95.9,311,46.2,288,21.8,320,27.2,296,41.5,64,105.8,194,51.6,280,20.8,68,32.1,227,44.5,311,62.8,261,63.6,249,19.5,282,17.9,84,95.9,311,92.1,331,105.8,194,104.5,225,76.9,136,+0.8,123,+1.0,70,-0.1,191,-0.6,236,+1.3,45,-0.2,199,0.67,340,43.7,7,22.0,338,2015,0.24419576378183022,11,21,0.34375,32
67,Saint Mary's,WCC,21-10,+10.36,110.9,60,100.6,102,62.6,271,+.027,117,+2.32,100,106.7,78,104.3,152,-1.13,190,4,WCC,62.6,271,110.9,60,52.4,47,18.8,156,33.2,109,34.1,251,100.6,102,48.0,125,15.4,342,24.7,6,33.2,91,62.6,271,62.3,299,20.3,331,18.1,115,110.9,60,108.8,46,100.6,102,101.1,148,76.4,219,+1.0,113,+0.2,150,+0.8,84,-0.4,219,-1.1,291,-0.7,229,2.19,33,24.2,326,35.3,289,2015,0.7541706962209537,21,10,0.6774193548387096,31
187,Saint Peter's,MAAC,16-18,-1.72,100.0,254,101.7,123,60.2,337,-.067,320,-4.04,247,101.5,303,105.5,204,-3.40,259,,MAAC,60.2,337,100.0,254,46.9,265,19.5,204,31.4,153,44.0,29,101.7,123,45.2,29,20.9,64,30.5,143,45.8,322,60.2,337,61.3,321,20.1,323,18.8,246,100.0,254,98.8,248,101.7,123,97.0,66,76.4,216,-1.0,243,-1.1,291,+0.0,174,-0.9,280,-0.4,222,+1.1,87,1.80,99,33.4,149,71.9,25,2015,0.4516869958962998,16,18,0.47058823529411764,34
95,Sam Houston St.,Slnd,26-9,+6.84,103.4,190,96.5,48,64.9,142,-.055,306,-7.28,332,101.4,305,108.6,339,-0.16,162,,Slnd,64.9,142,103.4,190,47.6,232,19.7,215,36.0,30,46.3,15,96.5,48,45.1,26,20.4,88,27.3,35,41.1,256,64.9,142,66.4,102,17.7,101,18.0,109,103.4,190,105.6,93,96.5,48,91.7,9,75.8,296,-3.2,335,-0.5,233,-2.7,348,-1.0,284,-1.1,294,+0.8,114,1.49,174,34.0,136,63.6,72,2015,0.6887351126843239,26,9,0.7428571428571429,35
293,Samford,SC,13-19,-10.69,102.0,222,112.6,323,66.1,86,+.010,157,-6.94,327,101.5,301,108.5,329,-6.13,325,,SC,66.1,86,102.0,222,49.8,125,19.2,184,30.0,204,37.9,144,112.6,323,53.3,320,21.1,55,34.1,304,45.4,319,66.1,86,66.9,79,18.8,224,16.9,16,102.0,222,102.3,172,112.6,323,108.0,300,75.4,319,-2.0,291,-1.0,280,-1.0,297,-1.7,330,-1.4,305,-1.3,285,0.81,327,37.0,67,23.6,336,2015,0.242872991918061,13,19,0.40625,32
106,San Diego,WCC,15-16,+5.95,104.0,178,98.0,62,62.9,257,-.076,326,+3.73,84,107.4,64,103.7,124,+2.66,81,,WCC,62.9,257,104.0,178,48.0,216,18.4,124,29.9,211,38.3,132,98.0,62,47.9,118,21.3,40,31.6,202,42.1,273,62.9,257,63.4,256,19.6,288,18.1,117,104.0,178,100.9,198,98.0,62,98.8,96,75.2,334,-0.8,227,-0.2,195,-0.5,234,+0.0,172,-2.2,338,-4.1,348,2.30,21,38.8,40,73.9,19,2015,0.6644902828054058,15,16,0.4838709677419355,31
31,San Diego St.,MWC,27-9,+15.95,104.9,162,89.0,5,60.4,333,+.026,118,+3.63,85,106.1,86,102.5,96,+3.50,57,8,MWC,60.4,333,104.9,162,46.6,275,18.6,138,35.7,33,36.2,190,89.0,5,43.5,7,21.1,57,29.7,113,25.7,7,60.4,333,60.5,338,18.8,222,20.7,351,104.9,162,100.4,208,89.0,5,88.3,3,78.6,6,+2.3,46,+0.9,74,+1.4,34,+2.3,9,+2.5,3,+2.8,12,1.87,80,36.7,72,64.5,65,2015,0.8687861047028178,27,9,0.75,36
144,San Francisco,WCC,14-18,+2.16,105.7,142,103.5,158,65.5,111,-.082,331,+2.01,105,106.6,79,104.6,164,-3.60,268,,WCC,65.5,111,105.7,142,50.7,91,17.9,95,30.5,186,41.1,72,103.5,158,49.2,177,18.9,182,30.8,153,38.7,214,65.5,111,65.7,134,17.6,86,18.9,262,105.7,142,103.8,132,103.5,158,103.8,207,77.2,95,+1.2,98,+0.2,149,+1.0,64,+0.3,129,+0.7,101,+0.7,126,1.70,120,32.2,175,65.0,61,2015,0.5601775642066625,14,18,0.4375,32
347,San Jose St.,MWC,2-28,-24.59,86.5,349,111.0,302,63.8,201,-.030,250,+1.45,115,105.6,99,104.2,148,-1.49,203,,MWC,63.8,201,86.5,349,41.0,348,21.6,311,24.0,332,29.1,338,111.0,302,54.0,337,17.8,257,31.8,209,42.9,293,63.8,201,63.7,245,19.9,314,17.4,38,86.5,349,82.4,350,111.0,302,110.7,327,77.3,81,+0.2,155,+0.1,163,+0.1,151,+1.3,51,+0.6,108,+1.4,72,1.04,292,36.0,92,48.4,185,2015,0.0537615253859168,2,28,0.06666666666666667,30
194,Santa Clara,WCC,14-18,-2.14,105.9,138,108.0,246,61.1,316,+.019,136,+3.42,86,107.0,75,103.5,118,-0.33,168,,WCC,61.1,316,105.9,138,48.2,205,17.1,54,28.1,275,31.1,318,108.0,246,51.7,283,19.1,165,34.1,303,43.2,296,61.1,316,61.3,322,19.9,315,18.7,234,105.9,138,102.0,179,108.0,246,109.1,310,76.0,266,-1.5,271,-0.6,244,-0.9,283,-1.4,312,-0.5,227,+0.2,167,1.48,178,28.9,255,48.6,183,2015,0.4437852449367262,14,18,0.4375,32
339,Savannah St.,MEAC,9-22,-19.67,87.4,348,107.1,224,64.5,163,+.013,153,-5.11,284,100.8,317,105.9,228,+7.58,16,,MEAC,64.5,163,87.4,348,44.0,333,24.7,347,30.0,205,34.2,249,107.1,224,53.0,311,24.8,4,33.7,292,50.5,338,64.5,163,65.6,139,19.6,294,16.8,13,87.4,348,84.7,348,107.1,224,102.4,176,75.9,274,-3.2,333,-1.8,334,-1.4,318,-0.1,176,-0.8,267,+0.4,146,0.71,335,41.2,18,35.5,285,2015,0.08805817772594017,9,22,0.2903225806451613,31
244,Seattle,WAC,18-16,-6.64,98.3,285,104.9,181,62.3,281,+.016,143,-7.33,333,100.3,326,107.7,301,-5.33,309,,WAC,62.3,281,98.3,285,50.8,89,22.1,327,30.9,173,36.4,185,104.9,181,47.0,89,17.3,272,28.5,62,33.5,104,62.3,281,62.0,305,19.2,255,19.3,310,98.3,285,99.0,244,104.9,181,100.1,124,76.8,162,+1.1,106,+1.4,44,-0.4,222,-0.8,275,+0.3,140,+0.1,170,1.92,68,26.2,296,65.5,58,2015,0.32140769560050664,18,16,0.5294117647058824,34
83,Seton Hall,BE,16-15,+7.98,109.3,73,101.3,113,65.7,105,+.012,156,+8.21,31,108.3,35,100.1,28,-2.53,239,,BE,65.7,105,109.3,73,48.2,203,18.7,139,34.7,56,38.1,136,101.3,113,47.8,112,18.0,241,33.2,272,37.9,203,65.7,105,66.1,113,18.1,138,18.1,131,109.3,73,102.7,166,101.3,113,102.4,177,77.3,92,+1.1,107,+0.1,157,+0.9,73,+0.3,147,-0.1,199,+1.8,44,1.11,274,33.9,139,46.9,203,2015,0.7056011834977403,16,15,0.5161290322580645,31
265,Siena,MAAC,11-20,-8.31,105.7,143,114.0,331,66.0,90,-.010,210,-3.15,219,101.8,282,105.0,180,-0.81,183,,MAAC,66.0,90,105.7,143,47.5,240,18.7,143,36.3,25,41.9,55,114.0,331,51.4,274,21.2,52,37.1,345,51.0,341,66.0,90,66.9,80,18.1,135,17.8,72,105.7,143,104.1,125,114.0,331,110.0,323,76.3,233,-0.9,235,-1.0,277,+0.1,163,+0.8,99,-0.2,211,-1.7,303,2.05,45,29.6,237,71.9,24,2015,0.29539458994862033,11,20,0.3548387096774194,31
297,South Alabama,SB,12-21,-11.28,101.0,238,112.2,318,68.6,21,+.085,19,-2.60,201,101.4,306,104.0,136,+0.44,143,,SB,68.6,21,101.0,238,47.8,226,20.9,293,30.0,203,41.9,57,112.2,318,49.0,166,15.2,344,33.1,270,34.1,117,68.6,21,68.7,30,17.4,70,17.5,48,101.0,238,98.1,260,112.2,318,107.9,295,75.3,324,-0.6,212,-0.3,205,-0.3,213,-2.1,339,-2.0,333,-2.0,312,0.97,303,23.0,333,38.4,263,2015,0.22981281077316015,12,21,0.36363636363636365,33
63,South Carolina,SEC,17-16,+11.32,105.6,145,94.3,21,64.1,187,-.048,290,+8.15,34,108.3,40,100.1,29,+0.34,147,,SEC,64.1,187,105.6,145,45.2,315,19.6,212,34.7,55,37.3,161,94.3,21,44.8,23,21.0,62,31.5,189,44.5,310,64.1,187,65.2,158,18.4,178,18.4,176,105.6,145,99.1,241,94.3,21,96.2,45,77.1,112,+0.1,168,+0.9,75,-0.8,276,+0.2,153,+0.2,172,+1.8,44,1.36,209,32.5,171,70.8,32,2015,0.786093642984673,17,16,0.5151515151515151,33
331,South Carolina St.,MEAC,11-22,-18.69,90.4,343,109.1,268,64.1,189,+.050,64,-6.33,316,100.0,331,106.4,247,+2.84,74,,MEAC,64.1,189,90.4,343,42.4,344,19.4,196,30.1,202,32.8,282,109.1,268,51.0,253,20.1,110,33.2,274,36.4,166,64.1,189,64.9,172,18.9,229,17.8,77,90.4,343,89.1,344,109.1,268,103.9,210,75.5,312,-2.2,302,-1.4,309,-0.9,279,-1.5,313,-1.0,281,-0.9,247,0.85,322,44.0,6,33.9,297,2015,0.10319322797346908,11,22,0.3333333333333333,33
219,South Dakota,Sum,17-16,-4.36,103.4,188,107.8,237,65.2,130,+.032,98,-3.12,216,103.1,207,106.3,243,-1.23,195,,Sum,65.2,130,103.4,188,47.1,255,16.7,44,31.0,167,33.7,262,107.8,237,51.0,251,17.5,269,27.1,32,35.6,150,65.2,130,65.7,133,17.8,108,18.5,204,103.4,188,102.7,164,107.8,237,104.9,234,75.3,333,-2.9,327,-0.6,242,-2.3,346,-2.3,344,-1.7,318,-0.0,187,1.57,152,30.6,219,53.0,142,2015,0.38243254689472805,17,16,0.5151515151515151,33
94,South Dakota St.,Sum,24-11,+6.85,108.8,84,102.0,128,66.1,87,-.006,202,-3.73,240,103.0,217,106.7,261,-1.28,198,8,Sum,66.1,87,108.8,84,51.9,66,17.0,49,28.8,254,40.4,86,102.0,128,47.2,93,18.1,234,28.2,51,41.2,258,66.1,87,66.4,103,17.8,109,18.1,133,108.8,84,108.8,45,102.0,128,98.6,91,77.2,94,-0.2,187,+0.2,147,-0.4,227,+0.3,146,+1.3,45,+1.6,56,0.87,319,29.5,240,35.4,287,2015,0.6774752171892218,24,11,0.6857142857142857,35
274,South Florida,Amer,9-23,-9.02,99.2,267,108.3,251,63.7,212,-.024,237,+2.00,106,104.3,143,102.3,91,-0.91,185,,Amer,63.7,212,99.2,267,47.3,244,20.9,296,31.3,157,31.6,306,108.3,251,49.0,165,18.8,192,34.8,325,42.5,288,63.7,212,64.0,226,18.3,166,19.0,274,99.2,267,94.5,305,108.3,251,106.4,270,76.9,150,+1.0,109,+1.4,43,-0.4,226,-0.1,179,-0.8,268,+0.8,114,1.13,269,33.1,155,25.9,328,2015,0.267112536518806,9,23,0.28125,32
233,Southeast Missouri St.,OVC,13-17,-5.54,102.8,205,108.4,254,65.6,110,-.061,316,-4.11,250,102.4,247,106.5,258,-3.94,280,,OVC,65.6,110,102.8,205,48.9,182,19.2,183,32.2,120,36.4,183,108.4,254,50.2,222,19.3,152,31.6,201,41.8,269,65.6,110,66.5,99,17.1,51,18.7,238,102.8,205,101.8,180,108.4,254,104.3,217,76.8,159,-0.6,211,-0.5,224,-0.1,193,+0.6,108,+0.5,126,+0.3,152,1.59,147,35.5,98,47.5,198,2015,0.3520611451395183,13,17,0.43333333333333335,30
306,Southeastern Louisiana,Slnd,9-23,-12.89,95.9,312,108.8,263,66.2,82,-.098,342,-7.01,329,101.7,292,108.8,342,+2.69,79,,Slnd,66.2,82,95.9,312,50.9,86,22.5,334,29.1,244,32.5,288,108.8,263,50.5,230,19.4,148,32.2,231,33.9,115,66.2,82,68.2,36,17.2,56,17.9,79,95.9,312,97.9,262,108.8,263,104.8,233,75.9,275,-0.7,222,-0.4,214,-0.3,216,-1.3,303,-1.4,306,-0.2,208,1.15,265,34.7,119,33.9,298,2015,0.1897921099532858,9,23,0.28125,32
278,Southern,SWAC,18-17,-9.15,94.0,322,103.1,149,64.7,153,+.018,139,-8.39,341,99.1,340,107.5,296,+10.10,7,,SWAC,64.7,153,94.0,322,45.1,316,20.1,240,32.0,129,40.5,82,103.1,149,44.0,9,20.5,82,34.5,318,45.6,321,64.7,153,66.0,114,17.6,82,18.6,216,94.0,322,94.1,307,103.1,149,96.5,49,76.0,265,+1.2,99,+0.9,76,+0.3,128,-1.4,306,-2.0,334,-1.0,263,1.03,295,35.1,107,37.2,274,2015,0.25680278934245565,18,17,0.5142857142857142,35
223,Southern Illinois,MVC,12-21,-4.79,98.8,275,103.6,160,62.2,282,-.054,303,-0.87,157,103.0,211,103.9,134,-8.22,338,,MVC,62.2,282,98.8,275,45.7,301,20.8,289,31.4,154,41.0,74,103.6,160,51.4,275,21.3,42,26.1,19,40.8,248,62.2,282,61.5,319,20.0,316,18.8,250,98.8,275,95.9,291,103.6,160,100.8,137,75.9,284,-2.1,295,-1.6,320,-0.5,230,-1.9,335,-0.7,261,+0.8,122,1.29,231,33.9,138,58.3,99,2015,0.3668958694976035,12,21,0.36363636363636365,33
315,Southern Miss,CUSA,9-20,-13.78,97.3,298,111.0,303,62.0,295,+.038,86,+0.08,140,103.6,185,103.5,116,+0.77,132,,CUSA,62.0,295,97.3,298,48.9,177,22.2,330,26.6,307,34.1,252,111.0,303,53.5,327,20.1,113,34.2,307,31.9,68,62.0,295,62.5,295,19.8,308,18.4,180,97.3,298,93.2,319,111.0,303,109.4,315,76.4,223,-3.0,328,-2.0,338,-1.0,295,-0.4,218,+1.0,68,+1.0,97,0.83,325,34.8,112,22.5,337,2015,0.18021242772910204,9,20,0.3103448275862069,29
307,Southern Utah,BSky,10-19,-13.12,98.7,276,111.8,315,67.5,36,+.033,95,-5.57,300,103.0,218,108.5,333,-0.46,171,,BSky,67.5,36,98.7,276,52.3,50,20.1,245,22.6,341,38.7,121,111.8,315,51.5,277,15.7,335,29.3,93,50.6,339,67.5,36,67.8,48,17.5,74,17.5,50,98.7,276,100.3,212,111.8,315,109.7,320,76.8,153,-0.1,179,+0.1,162,-0.2,205,-0.8,272,+0.3,139,+1.5,61,1.11,273,44.8,4,62.7,74,2015,0.192599633756943,10,19,0.3448275862068966,29
112,St. Bonaventure,A10,18-13,+5.31,105.4,152,100.1,96,64.4,167,+.009,160,+0.94,122,104.4,136,103.5,115,-6.08,324,,A10,64.4,167,105.4,152,47.1,252,18.9,162,35.0,46,37.9,143,100.1,96,48.4,145,19.7,130,29.0,79,33.9,116,64.4,167,65.1,162,17.0,48,19.5,323,105.4,152,102.1,177,100.1,96,98.7,92,77.4,77,+2.4,43,+2.1,22,+0.3,124,+0.8,90,-0.5,228,+0.8,114,1.29,230,22.1,336,42.8,232,2015,0.6441262977708401,18,13,0.5806451612903226,31
157,St. Francis NY,NEC,23-12,+0.62,103.6,185,103.0,146,64.5,165,-.020,227,-7.43,335,99.9,335,107.3,288,-4.21,286,8,NEC,64.5,165,103.6,185,46.3,285,19.8,224,39.6,7,40.9,76,103.0,146,47.4,97,20.3,100,28.8,74,40.2,238,64.5,165,65.5,146,19.0,239,17.4,37,103.6,185,103.9,130,103.0,146,97.2,69,74.9,345,-3.1,330,-2.3,342,-0.8,274,-0.9,281,-2.7,344,-2.2,319,1.76,110,33.3,151,49.8,173,2015,0.516692776041513,23,12,0.6571428571428571,35
221,St. Francis PA,NEC,16-16,-4.58,99.8,261,104.4,171,62.7,268,+.018,141,-4.10,249,102.0,279,106.1,236,+3.61,56,,NEC,62.7,268,99.8,261,50.1,111,19.4,197,25.7,323,34.6,244,104.4,171,49.5,188,20.6,80,31.4,188,30.1,35,62.7,268,63.1,267,19.7,300,18.1,132,99.8,261,98.9,247,104.4,171,100.5,129,74.9,343,-3.3,339,-2.3,341,-1.0,298,-1.8,334,-1.6,316,-2.1,315,2.43,11,27.2,280,85.4,4,2015,0.37327155523075006,16,16,0.5,32
50,St. John's,BE,21-12,+13.70,110.7,62,97.0,55,66.7,61,+.050,65,+8.72,24,109.0,20,100.3,36,-1.50,204,9,BE,66.7,61,110.7,62,49.3,158,15.7,13,27.6,289,35.7,210,97.0,55,46.4,64,19.5,141,35.4,331,33.3,96,66.7,61,67.4,65,16.8,39,18.6,210,110.7,62,104.1,126,97.0,55,99.8,118,77.0,127,-0.6,210,+0.4,116,-1.0,299,-0.7,249,+0.9,76,+1.9,35,2.89,1,21.6,340,66.7,47,2015,0.8204350701096704,21,12,0.6363636363636364,33
39,Stanford,P12,24-13,+14.72,113.6,33,98.9,75,65.2,131,+.006,172,+6.86,53,108.2,43,101.4,66,+0.79,131,2,P12,65.2,131,113.6,33,49.4,155,16.2,29,33.6,93,40.5,81,98.9,75,48.4,142,17.2,279,27.8,40,36.5,169,65.2,131,65.6,143,18.4,173,18.0,110,113.6,33,108.6,48,98.9,75,100.9,139,78.1,21,+3.4,21,+1.5,41,+1.9,14,+1.4,40,+0.5,115,+1.8,44,2.08,43,27.3,278,49.3,180,2015,0.8311225675604507,24,13,0.6486486486486487,37
51,Stephen F. Austin,Slnd,29-5,+13.64,113.9,32,100.3,98,65.4,114,+.020,134,-5.56,299,102.2,260,107.7,306,+0.63,135,12,Slnd,65.4,114,113.9,32,55.6,11,20.3,261,37.6,14,41.9,54,100.3,98,49.0,163,24.4,5,29.6,110,49.1,336,65.4,114,67.6,58,19.2,253,16.3,4,113.9,32,114.7,12,100.3,98,96.5,50,75.3,332,-3.2,336,-1.7,327,-1.5,325,-0.5,231,-0.7,246,-2.5,329,1.49,175,38.6,42,57.8,106,2015,0.8118818372183115,29,5,0.8529411764705882,34
338,Stetson,ASun,9-22,-19.66,96.6,304,116.3,343,65.8,99,+.006,170,-6.52,320,101.8,281,108.4,324,-4.52,295,,ASun,65.8,99,96.6,304,48.1,209,18.3,115,26.1,314,34.1,253,116.3,343,51.6,279,16.4,316,35.0,327,31.5,60,65.8,99,66.4,101,17.0,45,18.2,151,96.6,304,97.8,264,116.3,343,111.9,336,75.9,286,+1.8,66,+1.2,60,+0.6,101,-1.0,291,-1.8,324,-3.0,337,0.74,331,35.4,103,35.9,281,2015,0.10580418960746404,9,22,0.2903225806451613,31
130,Stony Brook,AE,23-12,+3.35,102.8,206,99.5,88,64.1,186,+.019,137,-3.44,227,101.6,297,105.0,182,+4.10,44,,AE,64.1,186,102.8,206,46.0,294,18.7,145,37.1,18,32.4,292,99.5,88,45.9,56,17.7,259,25.3,11,32.2,73,64.1,186,63.5,252,18.5,193,19.0,272,102.8,206,101.6,183,99.5,88,94.9,30,77.1,111,+0.1,167,-0.3,203,+0.4,117,+1.3,50,+0.8,88,+0.1,171,1.16,262,30.6,217,39.2,258,2015,0.5927193842618198,23,12,0.6571428571428571,35
53,Syracuse,ACC,18-13,+12.78,107.0,117,94.2,20,65.8,100,-.025,239,+7.16,47,108.3,36,101.1,56,-1.73,210,,ACC,65.8,100,107.0,117,47.4,243,17.9,96,33.5,94,35.4,220,94.2,20,46.4,67,21.1,53,31.4,182,30.0,34,65.8,100,66.0,116,16.5,25,19.7,331,107.0,117,101.4,187,94.2,20,95.1,31,78.3,11,+1.9,63,+0.4,126,+1.5,29,+2.3,9,+1.5,35,+2.5,22,1.28,234,21.0,347,39.0,260,2015,0.8123266381311179,18,13,0.5806451612903226,31
56,TCU,B12,18-15,+12.25,108.8,83,96.6,49,63.6,215,-.081,330,+5.46,72,106.5,81,101.0,52,-15.20,351,,B12,63.6,215,108.8,83,47.9,220,18.4,122,37.5,15,46.5,13,96.6,49,44.1,13,20.0,114,33.4,282,48.0,331,63.6,215,64.7,181,19.3,259,17.7,60,108.8,83,104.5,117,96.6,49,95.7,37,77.6,50,+1.9,59,+0.8,81,+1.1,55,+1.8,19,+1.9,17,-0.9,251,2.22,29,33.1,153,52.3,146,2015,0.797012315590676,18,15,0.5454545454545454,33
66,Temple,Amer,26-11,+11.10,105.3,155,94.2,19,65.4,116,+.065,42,+2.21,102,104.8,115,102.6,97,+0.89,128,1,Amer,65.4,116,105.3,155,44.2,330,14.6,4,31.8,141,35.6,213,94.2,19,44.5,17,18.8,188,29.2,88,33.5,103,65.4,116,65.1,160,18.2,155,18.4,188,105.3,155,100.8,202,94.2,19,93.4,16,77.6,53,+1.1,104,+0.1,155,+1.0,66,+0.6,114,+1.1,64,+1.8,48,1.65,134,34.3,128,57.5,109,2015,0.7826237326688887,26,11,0.7027027027027027,37
90,Tennessee,SEC,16-16,+7.24,109.5,71,102.3,130,60.4,332,+.030,107,+8.26,30,108.1,46,99.9,21,+0.49,140,,SEC,60.4,332,109.5,71,48.2,206,19.7,217,37.0,19,32.3,296,102.3,130,51.9,285,22.6,18,33.3,280,43.5,299,60.4,332,61.2,325,19.8,307,19.1,287,109.5,71,103.1,151,102.3,130,104.5,224,77.9,27,-0.8,226,-0.6,240,-0.2,196,+1.1,66,+2.2,9,+3.5,4,1.24,246,26.1,300,27.4,325,2015,0.6861478420965706,16,16,0.5,32
148,Tennessee Martin,OVC,21-13,+1.84,109.2,76,107.3,227,62.0,292,+.033,94,-2.12,192,103.2,203,105.3,197,-0.59,178,,OVC,62.0,292,109.2,76,53.4,32,18.6,137,30.0,210,31.5,309,107.3,227,50.8,245,15.4,343,25.8,14,28.8,24,62.0,292,62.7,286,19.9,311,18.3,168,109.2,76,108.1,51,107.3,227,104.9,237,75.3,327,-2.1,297,-1.3,307,-0.8,271,-1.5,316,-2.1,335,-1.1,268,1.00,298,21.7,339,25.2,329,2015,0.5502925429689158,21,13,0.6176470588235294,34
334,Tennessee St.,OVC,5-26,-18.90,89.5,345,108.4,255,63.5,221,-.045,286,-1.39,172,103.5,188,104.9,176,+2.06,95,,OVC,63.5,221,89.5,345,43.9,336,22.1,328,26.5,308,40.4,83,108.4,255,50.4,228,18.3,223,32.8,257,42.0,271,63.5,221,64.0,227,18.2,153,18.9,265,89.5,345,87.0,345,108.4,255,106.9,280,76.0,273,-1.4,265,-0.5,227,-0.9,287,-0.1,184,-0.5,233,-1.3,287,0.50,346,37.1,66,11.6,349,2015,0.09945643501798883,5,26,0.16129032258064516,31
247,Tennessee Tech,OVC,12-18,-6.88,104.2,173,111.1,304,66.2,84,-.052,299,-3.30,223,102.7,232,106.0,233,-1.43,200,,OVC,66.2,84,104.2,173,48.9,184,20.5,277,36.4,23,34.8,236,111.1,304,53.1,315,18.7,199,29.2,92,42.7,291,66.2,84,67.2,70,17.2,62,18.1,129,104.2,173,103.0,157,111.1,304,106.9,281,76.8,158,+0.7,126,+0.6,101,+0.1,152,-0.1,177,-0.3,218,+0.4,145,0.91,312,37.2,62,49.7,175,2015,0.323580937240852,12,18,0.4,30
24,Texas,B12,20-14,+18.94,112.4,47,93.4,14,62.0,290,-.079,329,+9.52,20,108.3,33,98.8,8,-2.47,234,11,B12,62.0,290,112.4,47,49.1,168,20.1,246,37.9,11,36.5,179,93.4,14,42.1,2,14.0,350,28.6,70,34.8,136,62.0,290,63.0,275,18.6,202,19.3,305,112.4,47,105.7,88,93.4,14,94.6,25,77.4,70,+3.5,18,+1.4,49,+2.2,8,+1.2,55,-0.6,242,-0.3,210,1.91,70,40.4,23,79.7,7,2015,0.8937360897356939,20,14,0.5882352941176471,34
54,Texas A&M,SEC,21-12,+12.31,109.4,72,97.1,57,63.7,207,-.010,211,+4.90,76,106.5,82,101.6,73,-2.77,246,2,SEC,63.7,207,109.4,72,50.4,100,19.2,178,34.2,74,38.0,137,97.1,57,46.8,78,19.4,147,28.2,53,36.4,167,63.7,207,64.3,201,18.5,186,18.6,215,109.4,72,104.7,112,97.1,57,97.4,71,78.2,18,+0.6,133,+0.2,143,+0.3,119,+1.9,15,+2.3,5,+2.7,17,2.04,46,34.1,134,51.6,154,2015,0.7976384408553653,21,12,0.6363636363636364,33
227,Texas A&M Corpus Chris,Slnd,20-14,-5.05,100.8,241,105.9,198,62.7,267,+.040,77,-7.36,334,101.3,307,108.6,338,-5.46,313,,Slnd,62.7,267,100.8,241,49.2,167,19.4,198,30.3,191,51.0,1,105.9,198,48.3,140,20.6,81,33.1,267,46.1,325,62.7,267,63.7,244,19.1,245,18.1,125,100.8,241,102.5,170,105.9,198,101.5,155,75.3,329,-1.3,262,-1.1,293,-0.2,209,-1.5,315,-1.9,332,-2.0,313,1.66,131,31.6,190,41.4,243,2015,0.3617898001890352,20,14,0.5882352941176471,34
335,Texas Pan American,WAC,10-21,-18.99,93.5,329,112.5,321,63.9,196,+.033,96,-5.02,280,101.5,302,106.5,257,+0.16,155,,WAC,63.9,196,93.5,329,44.7,320,20.8,291,30.4,189,38.6,127,112.5,321,50.5,231,19.0,167,36.4,338,35.4,145,63.9,196,64.1,220,18.2,152,19.0,279,93.5,329,93.0,321,112.5,321,108.6,308,76.7,172,-0.0,172,-0.1,182,+0.1,169,+0.6,109,+0.6,110,-0.8,237,0.99,299,25.3,312,32.1,308,2015,0.10646154505994944,10,21,0.3225806451612903,31
213,Texas Southern,SWAC,22-13,-3.84,104.1,177,107.9,241,63.3,240,+.128,1,-6.74,323,100.0,333,106.8,263,+15.16,2,15,SWAC,63.3,240,104.1,177,49.5,144,19.7,216,33.8,88,46.8,12,107.9,241,49.3,184,18.7,198,34.6,320,33.1,87,63.3,240,64.6,188,18.7,211,18.2,154,104.1,177,103.5,138,107.9,241,103.5,197,76.0,269,-1.7,276,-0.3,210,-1.4,317,-0.5,232,-0.9,274,-0.1,191,1.26,238,32.2,174,18.5,343,2015,0.3983587607490589,22,13,0.6285714285714286,35
230,Texas St.,SB,14-17,-5.20,93.7,326,98.9,77,61.2,312,-.033,260,-3.05,214,102.5,243,105.6,214,+1.05,124,,SB,61.2,312,93.7,326,44.0,334,19.9,233,29.0,248,36.5,181,98.9,77,47.6,107,23.0,16,31.8,208,36.6,174,61.2,312,62.9,282,19.6,298,18.2,150,93.7,326,92.3,328,98.9,77,95.8,39,76.4,215,-1.0,238,-1.2,302,+0.3,130,-0.3,211,-0.3,216,+0.5,142,1.61,142,32.9,162,39.2,257,2015,0.3495251608428765,14,17,0.45161290322580644,31
155,Texas Tech,B12,13-19,+0.97,102.3,215,101.3,116,61.6,306,-.016,221,+6.91,52,107.4,65,100.5,39,-10.95,345,,B12,61.6,306,102.3,215,45.7,299,21.8,318,34.6,59,46.1,17,101.3,116,49.2,174,20.1,112,32.6,247,37.1,188,61.6,306,63.0,277,19.8,305,18.2,143,102.3,215,95.6,295,101.3,116,101.8,162,77.4,71,+1.5,77,+0.2,137,+1.3,38,-0.5,228,+0.3,153,+2.6,20,0.77,329,40.0,26,37.2,273,2015,0.5282118812432063,13,19,0.40625,32
329,The Citadel,SC,11-19,-18.59,103.2,193,121.8,351,58.6,347,+.077,25,-5.80,304,101.8,287,107.6,298,-2.71,244,,SC,58.6,347,103.2,193,51.7,72,21.7,317,31.3,156,38.0,139,121.8,351,55.1,348,15.9,331,34.6,322,29.6,30,58.6,347,59.6,342,21.1,341,18.9,271,103.2,193,103.7,134,121.8,351,117.9,351,76.3,227,-0.8,225,-1.0,283,+0.2,138,-0.3,197,-0.5,229,-0.2,197,2.03,48,29.3,244,65.8,55,2015,0.12946670355159218,11,19,0.36666666666666664,30
88,Toledo,MAC,20-13,+7.46,113.3,36,105.8,196,66.4,72,-.030,251,+0.92,125,105.5,102,104.6,165,-0.32,167,,MAC,66.4,72,113.3,36,52.3,53,18.1,107,33.3,106,41.2,67,105.8,196,49.7,198,16.2,325,29.5,100,31.0,47,66.4,72,67.2,71,17.5,80,18.1,124,113.3,36,111.1,28,105.8,196,104.9,236,76.4,226,-0.5,204,+0.3,130,-0.8,266,-0.2,192,+0.5,124,-1.3,290,2.25,25,25.0,315,78.7,8,2015,0.6873199538555174,20,13,0.6060606060606061,33
267,Towson,CAA,12-20,-8.38,100.9,240,109.3,273,60.3,334,-.025,241,-4.15,253,102.1,263,106.3,244,-5.78,319,,CAA,60.3,334,100.9,240,44.6,322,21.5,309,41.1,3,48.3,3,109.3,273,47.6,108,14.9,345,29.5,101,45.0,317,60.3,334,61.2,323,20.1,322,18.9,266,100.9,240,100.0,216,109.3,273,105.6,251,77.2,102,-0.3,195,-0.4,219,+0.1,162,+0.4,122,+1.2,58,+1.3,76,1.08,285,38.4,45,35.0,290,2015,0.2850364735545762,12,20,0.375,32
287,Troy,SB,10-19,-9.75,99.8,260,109.5,280,64.7,152,-.054,302,-5.21,287,100.5,322,105.7,225,-10.43,344,,SB,64.7,152,99.8,260,48.9,180,21.2,303,31.3,159,38.0,141,109.5,280,50.8,242,19.5,142,33.7,290,28.3,18,64.7,152,65.9,119,18.2,151,18.0,111,99.8,260,99.2,239,109.5,280,104.5,223,76.4,220,-1.2,252,-1.0,283,-0.2,203,-0.5,225,-0.2,209,+0.5,137,0.71,334,22.0,337,20.0,341,2015,0.25603150059850727,10,19,0.3448275862068966,29
220,Tulane,Amer,15-16,-4.37,99.8,258,104.2,167,63.0,255,+.031,102,-1.34,171,102.0,274,103.4,112,-9.69,342,,Amer,63.0,255,99.8,258,46.4,281,19.9,229,32.6,114,34.7,239,104.2,167,49.9,211,20.4,91,29.3,95,36.1,160,63.0,255,63.6,248,19.2,254,18.3,160,99.8,258,96.7,278,104.2,167,99.9,121,76.8,168,+0.6,132,+0.4,125,+0.2,141,-0.6,240,+0.3,158,+0.2,161,1.69,122,30.6,218,71.7,28,2015,0.3784445934632541,15,16,0.4838709677419355,31
85,Tulsa,Amer,23-11,+7.75,102.6,211,94.9,28,63.9,197,+.096,12,+1.82,111,105.3,110,103.5,114,+0.61,136,2,Amer,63.9,197,102.6,211,47.1,254,17.7,85,30.8,175,41.4,65,94.9,28,45.5,39,19.7,131,28.5,63,30.9,46,63.9,197,64.0,225,18.2,149,19.1,284,102.6,211,99.7,227,94.9,28,94.1,19,76.5,196,+0.4,138,+0.0,165,+0.4,116,-0.9,278,+0.3,140,-0.6,221,1.86,85,26.2,298,70.3,33,2015,0.7103662754224208,23,11,0.6764705882352942,34
135,UAB,CUSA,20-16,+3.06,104.9,163,101.9,126,64.7,151,+.025,119,+0.29,136,103.9,163,103.6,121,+3.40,61,14,CUSA,64.7,151,104.9,163,47.6,236,20.1,248,34.2,75,35.7,209,101.9,126,47.6,100,19.7,134,33.1,269,33.6,106,64.7,151,65.7,135,18.8,223,17.5,52,104.9,163,101.0,195,101.9,126,100.2,126,76.7,175,+1.2,94,+0.0,171,+1.2,49,+0.2,155,-0.2,214,-0.8,241,1.13,267,37.4,58,23.9,335,2015,0.5826542918711277,20,16,0.5555555555555556,36
101,UC Davis,BW,25-7,+6.14,112.3,48,106.2,205,62.9,258,+.067,39,-2.30,197,103.3,199,105.6,210,-5.95,321,7,BW,62.9,258,112.3,48,57.4,3,20.9,295,28.6,265,39.4,110,106.2,205,48.4,143,17.9,246,33.6,286,33.3,95,62.9,258,63.0,274,19.0,236,18.9,270,112.3,48,111.5,25,106.2,205,103.7,202,76.2,243,-0.1,178,+0.3,135,-0.4,221,-1.4,307,+0.0,189,-0.9,244,2.30,20,34.2,130,50.3,169,2015,0.6552669044408277,25,7,0.78125,32
91,UC Irvine,BW,21-13,+7.09,106.3,129,99.2,82,63.4,227,-.022,231,+0.90,127,104.7,123,103.8,128,+2.29,90,13,BW,63.4,227,106.3,129,50.7,94,18.2,108,30.0,209,30.2,330,99.2,82,44.7,22,17.2,277,30.7,150,35.3,144,63.4,227,63.8,238,18.9,233,18.6,208,106.3,129,103.4,140,99.2,82,98.2,83,77.5,69,+4.8,5,+3.9,2,+1.0,68,-0.3,208,+0.1,185,-0.6,222,1.80,98,37.3,60,74.8,15,2015,0.6888961205229603,21,13,0.6176470588235294,34
216,UC Riverside,BW,14-17,-4.22,98.5,280,102.8,143,65.3,121,+.013,150,-0.71,155,104.4,134,105.1,188,-3.48,265,,BW,65.3,121,98.5,280,46.7,271,20.2,255,30.8,176,33.7,261,102.8,143,49.0,167,18.7,197,28.7,72,42.5,285,65.3,121,65.0,165,18.8,221,17.9,92,98.5,280,96.7,279,102.8,143,102.1,170,76.0,260,-1.1,250,-0.8,264,-0.3,215,-1.0,290,+0.3,140,-1.2,281,1.33,220,28.1,268,57.1,111,2015,0.3795682331373123,14,17,0.45161290322580644,31
105,UC Santa Barbara,BW,19-14,+6.00,109.3,74,103.3,152,62.6,270,-.034,264,+1.58,112,104.6,124,103.1,106,+5.00,34,,BW,62.6,270,109.3,74,49.6,141,16.9,46,30.7,180,32.0,300,103.3,152,47.8,114,18.0,243,29.8,116,39.9,234,62.6,270,62.5,291,19.4,274,18.7,233,109.3,74,106.0,80,103.3,152,101.6,158,75.8,293,-1.5,269,-0.5,225,-1.0,296,-1.0,286,-0.9,273,-0.9,242,1.64,137,33.3,150,62.3,75,2015,0.6568479052809828,19,14,0.5757575757575758,33
281,UCF,Amer,12-18,-9.58,102.7,209,112.3,319,64.0,193,+.075,29,-1.27,166,102.7,234,104.0,135,-9.44,341,,Amer,64.0,193,102.7,209,49.1,169,19.7,219,30.7,179,35.1,227,112.3,319,51.3,264,15.8,333,36.8,344,27.2,12,64.0,193,64.0,223,19.3,265,17.8,75,102.7,209,99.9,218,112.3,319,109.5,316,77.1,117,+1.9,57,+0.8,79,+1.1,51,+0.8,100,-0.7,251,+0.1,172,1.03,294,29.0,252,37.4,271,2015,0.2635380007310899,12,18,0.4,30
40,UCLA,P12,22-14,+14.65,112.9,40,98.2,66,65.8,101,+.032,100,+8.40,27,107.9,49,99.5,18,+2.63,82,11,P12,65.8,101,112.9,40,49.6,139,17.6,80,33.8,87,35.7,207,98.2,66,48.5,150,17.9,244,28.6,69,32.3,76,65.8,101,67.4,64,17.5,78,17.9,86,112.9,40,105.7,89,98.2,66,100.8,136,78.3,12,+3.7,14,+1.4,46,+2.3,6,+0.2,151,+1.3,45,+2.9,11,1.15,266,21.0,348,34.8,293,2015,0.8326055422541806,22,14,0.6111111111111112,36
343,UMBC,AE,4-26,-20.68,89.2,347,109.9,289,64.2,178,-.037,270,-5.09,283,100.3,327,105.4,203,-3.66,270,,AE,64.2,178,89.2,347,46.3,283,24.1,345,23.3,336,37.4,157,109.9,289,51.2,262,19.7,128,30.5,141,33.0,85,64.2,178,64.4,195,18.5,187,18.5,203,89.2,347,87.0,346,109.9,289,103.9,212,76.8,164,+0.0,169,-0.7,251,+0.7,98,+0.7,102,-0.0,194,-0.1,192,1.10,277,24.8,320,25.1,331,2015,0.08317780946041874,4,26,0.13333333333333333,30
286,UMKC,WAC,14-19,-9.74,98.2,287,107.9,244,63.5,219,-.014,218,-5.72,303,101.6,295,107.3,290,-0.07,160,,WAC,63.5,219,98.2,287,46.1,291,20.0,235,31.7,142,40.3,88,107.9,244,51.5,278,23.6,10,36.6,342,39.8,232,63.5,219,64.0,228,18.6,196,18.6,231,98.2,287,98.4,254,107.9,244,103.3,193,76.2,239,-1.4,264,-0.6,239,-0.8,272,-0.5,224,+0.4,133,-0.8,240,1.22,254,36.8,69,33.9,299,2015,0.25288494862609023,14,19,0.42424242424242425,33
303,UMass Lowell,AE,12-17,-12.46,94.1,320,106.6,215,63.7,211,+.077,24,-3.09,215,101.8,285,104.9,175,+2.94,70,,AE,63.7,211,94.1,320,47.9,222,20.5,270,21.6,345,34.3,248,106.6,215,53.9,335,23.3,13,30.3,128,34.1,122,63.7,211,64.3,205,19.0,238,18.0,105,94.1,320,92.1,333,106.6,215,103.1,187,73.4,351,-7.3,351,-3.5,350,-3.8,351,-3.3,350,-3.3,350,-2.2,319,1.11,276,34.4,124,41.2,245,2015,0.19242291977921402,12,17,0.41379310344827586,29
237,UNC Asheville,BSth,15-16,-6.14,102.4,214,108.6,260,67.8,29,-.024,236,-4.43,259,102.8,226,107.2,281,+1.11,122,,BSth,67.8,29,102.4,214,49.9,119,20.8,286,31.5,150,35.4,223,108.6,260,49.7,199,18.3,224,32.3,239,43.4,298,67.8,29,68.7,28,17.9,113,17.0,20,102.4,214,102.9,159,108.6,260,105.1,239,76.0,259,-0.6,208,+1.2,56,-1.8,340,-1.4,310,+0.3,153,-1.4,294,1.23,250,35.7,96,61.3,78,2015,0.33714928347435275,15,16,0.4838709677419355,31
285,UNC Greensboro,SC,11-22,-9.70,99.8,259,109.5,278,65.7,109,-.125,350,-5.47,294,103.0,213,108.5,332,-2.42,231,,SC,65.7,109,99.8,259,49.7,134,18.8,152,30.6,183,31.3,313,109.5,278,50.8,241,18.2,226,29.7,114,48.5,333,65.7,109,66.7,86,17.6,84,18.1,130,99.8,259,101.1,192,109.5,278,106.8,279,76.9,140,-0.5,207,-0.7,249,+0.1,159,+1.2,60,+0.7,94,-0.2,201,1.61,143,29.2,248,59.7,91,2015,0.25603150059850727,11,22,0.3333333333333333,33
174,UNC Wilmington,CAA,18-14,-0.90,101.5,230,102.4,135,67.5,37,+.059,49,-1.54,176,104.1,155,105.7,220,+2.03,97,,CAA,67.5,37,101.5,230,47.5,238,18.0,98,30.9,170,37.5,155,102.4,135,47.9,119,20.4,86,32.3,238,47.5,330,67.5,37,67.9,46,18.3,161,16.9,17,101.5,230,100.4,209,102.4,135,100.9,141,76.8,171,+1.6,71,+1.0,68,+0.6,99,-0.7,247,-0.6,243,+0.1,169,1.88,78,24.0,328,51.2,157,2015,0.4746415229501463,18,14,0.5625,32
102,UNLV,MWC,18-15,+6.13,107.9,99,101.7,122,65.1,133,-.029,249,+2.73,96,104.5,130,101.8,78,+6.77,20,,MWC,65.1,133,107.9,99,50.2,106,17.3,68,26.7,305,32.7,285,101.7,122,45.3,31,16.2,322,32.4,241,29.9,33,65.1,133,64.6,190,18.8,225,18.1,128,107.9,99,102.5,171,101.7,122,99.3,103,79.0,5,+3.7,15,+1.8,27,+1.9,16,+1.3,46,+3.3,1,+3.1,6,1.32,225,28.4,261,16.1,347,2015,0.6638596656959679,18,15,0.5454545454545454,33
151,USC,P12,12-20,+1.46,101.6,229,100.1,95,68.0,25,-.005,198,+5.52,70,107.0,72,101.5,72,-4.71,298,,P12,68.0,25,101.6,229,46.8,267,20.0,236,31.5,151,33.8,258,100.1,95,48.0,124,19.1,162,34.3,309,31.2,50,68.0,25,68.8,25,15.8,10,18.8,251,101.6,229,95.7,293,100.1,95,101.5,157,78.2,16,+3.1,29,+2.0,23,+1.1,59,+1.3,43,+2.0,14,+1.3,74,0.90,313,37.5,56,32.6,307,2015,0.542658358395028,12,20,0.375,32
181,USC Upstate,ASun,24-12,-1.25,103.5,186,104.7,178,63.3,236,-.025,242,-9.37,346,99.8,336,109.2,349,-7.74,336,,ASun,63.3,236,103.5,186,49.5,145,16.9,48,35.2,42,30.4,325,104.7,178,47.1,90,20.3,93,33.5,283,30.4,39,63.3,236,64.1,219,17.4,67,19.9,342,103.5,186,106.7,68,104.7,178,98.3,85,76.8,160,-1.8,277,-0.4,221,-1.3,313,-0.2,185,+0.6,103,+2.0,32,2.01,54,29.9,233,48.3,190,2015,0.4669068728500136,24,12,0.6666666666666666,36
197,UT Arlington,SB,16-15,-2.41,103.4,187,105.9,197,69.6,11,+.023,127,-3.22,221,101.5,299,104.8,172,+1.46,115,,SB,69.6,11,103.4,187,49.4,146,20.8,290,31.8,139,38.1,133,105.9,197,47.8,113,19.7,135,32.9,262,42.2,277,69.6,11,70.1,11,16.3,18,17.8,71,103.4,187,100.7,206,105.9,197,101.9,163,75.9,279,-0.8,231,-0.1,185,-0.7,254,-2.2,342,-0.8,269,-0.1,189,1.04,290,46.0,2,40.9,247,2015,0.4317442110622816,16,15,0.5161290322580645,31
97,UTEP,CUSA,22-11,+6.64,106.2,131,99.6,89,64.7,150,-.004,195,-1.56,178,103.9,162,105.5,205,+0.66,134,6,CUSA,64.7,150,106.2,131,52.0,62,18.7,150,29.2,241,43.8,34,99.6,89,46.9,80,18.7,195,29.8,117,31.9,66,64.7,150,65.4,152,19.1,248,17.4,39,106.2,131,105.6,94,99.6,89,97.0,62,78.2,17,+4.3,8,+2.4,15,+1.9,13,+2.8,4,+0.2,171,+0.1,168,2.18,35,26.9,286,66.0,52,2015,0.6765282361504416,22,11,0.6666666666666666,33
209,UTSA,CUSA,14-16,-3.59,106.4,126,110.0,291,65.9,94,-.051,296,-3.46,229,101.5,298,105.0,181,-5.67,316,,CUSA,65.9,94,106.4,126,47.8,227,18.2,110,35.1,44,42.1,52,110.0,291,52.8,307,20.3,96,31.3,179,29.7,32,65.9,94,66.2,110,17.5,79,18.6,222,106.4,126,104.8,108,110.0,291,105.9,257,76.7,180,+3.4,20,+2.4,14,+1.0,72,-2.6,345,-1.1,289,+0.2,157,1.32,223,24.5,323,24.6,333,2015,0.4054854805478708,14,16,0.4666666666666667,30
8,Utah,P12,26-9,+27.24,116.4,17,89.2,6,60.5,328,-.054,301,+8.19,33,108.8,26,100.6,44,+0.60,138,5,P12,60.5,328,116.4,17,55.2,14,18.2,112,31.3,161,43.4,37,89.2,6,43.0,5,18.3,219,28.4,59,34.3,124,60.5,328,62.5,296,20.3,329,18.0,106,116.4,17,112.9,17,89.2,6,91.7,8,77.8,39,+3.6,16,+2.7,8,+0.9,79,+1.0,80,+2.1,11,-1.2,279,1.54,160,37.4,59,63.7,70,2015,0.9552440388793536,26,9,0.7428571428571429,35
124,Utah St.,MWC,18-13,+4.27,107.5,109,103.2,150,63.5,224,-.022,232,-0.36,150,103.5,192,103.8,130,-1.26,196,,MWC,63.5,224,107.5,109,52.4,46,16.3,36,21.7,344,36.4,186,103.2,150,45.8,52,17.0,292,34.0,301,29.1,28,63.5,224,62.9,281,18.1,147,19.8,338,107.5,109,104.1,124,103.2,150,99.8,119,77.0,119,+0.2,156,-0.8,259,+1.0,70,-0.1,183,+0.7,96,+1.1,86,0.32,349,28.1,264,13.3,348,2015,0.615254265741332,18,13,0.5806451612903226,31
321,Utah Valley,WAC,11-19,-16.10,92.9,333,109.0,266,61.9,300,+.007,166,-5.54,298,102.1,267,107.6,299,-0.53,174,,WAC,61.9,300,92.9,333,44.5,327,20.4,267,28.7,260,33.3,266,109.0,266,49.9,210,17.9,251,30.6,145,37.0,187,61.9,300,61.8,313,19.8,304,18.9,261,92.9,333,92.5,326,109.0,266,105.0,238,76.4,225,-2.6,319,-1.6,324,-1.0,290,+0.1,164,+0.2,166,+0.8,114,1.24,244,30.1,230,40.2,254,2015,0.13729052136985426,11,19,0.36666666666666664,30
30,VCU,A10,26-10,+16.27,111.1,58,94.9,26,66.5,70,+.043,75,+6.65,57,107.9,50,101.2,63,+8.77,12,7,A10,66.5,70,111.1,58,48.7,189,15.7,14,31.8,138,37.3,162,94.9,26,49.5,190,23.6,11,30.6,148,37.8,202,66.5,70,66.5,93,16.8,38,19.0,281,111.1,58,106.5,74,94.9,26,96.9,59,76.5,199,-1.9,288,-1.2,298,-0.7,258,+0.3,144,+0.1,174,+0.6,130,1.52,164,39.6,32,60.3,87,2015,0.8596613855292667,26,10,0.7222222222222222,36
294,VMI,SC,11-19,-10.78,98.4,283,109.2,272,76.5,1,-.050,294,-4.85,275,103.0,214,107.9,310,+0.35,146,,SC,76.5,1,98.4,283,46.9,261,19.6,209,31.8,133,29.8,336,109.2,272,53.2,318,20.5,83,33.9,297,42.3,281,76.5,1,76.6,1,15.4,6,15.9,2,98.4,283,99.6,231,109.2,272,106.6,276,75.5,316,-3.2,337,-2.4,344,-0.8,275,-0.7,265,-0.7,266,-1.2,278,1.37,206,42.1,12,58.7,95,2015,0.2319001259928099,11,19,0.36666666666666664,30
64,Valparaiso,Horz,28-6,+11.13,107.4,112,96.3,45,62.3,278,+.053,60,-2.06,191,104.2,153,106.3,242,-3.69,271,13,Horz,62.3,278,107.4,112,51.3,79,19.0,169,34.7,54,36.6,177,96.3,45,45.2,30,18.6,202,27.4,36,33.4,101,62.3,278,63.1,268,19.0,241,18.6,232,107.4,112,107.4,59,96.3,45,94.4,24,77.7,43,+2.4,45,+0.6,91,+1.7,20,+2.4,8,-0.4,226,+0.8,114,0.97,304,34.5,121,41.3,244,2015,0.7780876039327914,28,6,0.8235294117647058,34
37,Vanderbilt,SEC,21-14,+14.99,115.6,20,100.6,103,63.4,233,-.110,345,+5.49,71,106.1,87,100.6,45,-3.96,281,5,SEC,63.4,233,115.6,20,54.4,21,20.0,237,31.9,130,42.4,45,100.6,103,46.6,72,18.1,231,33.1,268,34.4,128,63.4,233,63.1,266,18.7,210,19.0,282,115.6,20,109.7,35,100.6,103,100.7,135,78.0,23,+3.6,17,+2.2,19,+1.4,35,+0.7,101,+0.3,140,+1.9,39,0.70,337,31.8,189,35.7,284,2015,0.8317824062732021,21,14,0.6,35
123,Vermont,AE,20-14,+4.38,103.3,191,99.0,78,64.4,170,-.118,348,-5.70,302,100.0,332,105.7,224,-0.54,175,,AE,64.4,170,103.3,191,51.9,64,20.2,251,26.7,304,42.4,47,99.0,78,43.4,6,20.0,115,28.8,75,40.6,241,64.4,170,64.2,210,18.5,188,18.6,224,103.3,191,102.9,158,99.0,78,92.4,10,76.8,156,-0.2,184,+0.0,166,-0.2,206,+0.5,121,-0.6,236,+1.1,88,0.81,328,36.7,73,24.9,332,2015,0.6198594129729116,20,14,0.5882352941176471,34
5,Villanova,BE,33-3,+30.65,122.7,4,92.0,12,64.2,183,+.031,104,+7.67,41,108.2,42,100.6,43,+0.23,152,1,BE,64.2,183,122.7,4,55.3,13,16.2,31,32.5,116,41.8,58,92.0,12,45.5,38,21.6,32,31.2,174,30.4,41,64.2,183,65.0,166,17.8,104,19.0,273,122.7,4,117.2,5,92.0,12,93.2,15,77.4,75,+0.1,161,+0.5,108,-0.4,218,+0.8,94,+0.6,104,+2.0,34,2.34,14,31.5,194,76.9,11,2015,0.9648201558815664,33,3,0.9166666666666666,36
6,Virginia,ACC,30-4,+30.06,115.6,21,85.5,2,58.0,349,+.023,128,+8.21,32,108.5,31,100.3,37,+0.46,142,2,ACC,58.0,349,115.6,21,50.6,97,15.7,17,34.2,73,34.9,232,85.5,2,42.3,4,17.9,248,24.3,5,28.6,22,58.0,349,58.6,347,21.1,342,19.5,321,115.6,21,110.6,30,85.5,2,86.8,2,78.3,13,+2.0,55,+0.7,88,+1.3,38,+1.5,35,+2.3,5,+2.3,27,1.80,97,33.6,143,69.5,37,2015,0.9697817550907628,30,4,0.8823529411764706,34
175,Virginia Tech,ACC,11-22,-0.92,106.3,128,107.2,226,63.6,216,-.042,278,+5.80,67,107.3,66,101.5,71,-11.65,348,,ACC,63.6,216,106.3,128,51.5,76,18.1,106,25.9,318,31.9,303,107.2,226,50.8,240,18.9,176,36.6,341,33.8,111,63.6,216,64.1,216,17.9,115,19.4,316,106.3,128,101.1,193,107.2,226,108.0,297,76.9,137,-1.2,254,+0.4,113,-1.7,331,+0.1,158,+1.1,65,+1.3,77,0.98,301,32.7,166,33.1,304,2015,0.47577995091538106,11,22,0.3333333333333333,33
304,Wagner,NEC,10-20,-12.49,98.9,274,111.4,311,67.2,50,-.013,215,-4.64,267,101.8,284,106.5,253,+1.98,98,,NEC,67.2,50,98.9,274,44.6,324,20.1,247,37.2,17,33.9,257,111.4,311,53.4,324,19.8,125,30.3,131,53.4,347,67.2,50,67.7,51,17.4,72,17.8,68,98.9,274,98.3,256,111.4,311,108.0,299,75.6,305,-0.9,233,-0.5,228,-0.4,225,-1.7,328,-1.6,317,-1.0,252,0.71,333,36.9,68,17.5,345,2015,0.20282866512416475,10,20,0.3333333333333333,30
120,Wake Forest,ACC,13-19,+4.76,106.6,121,101.8,125,68.0,26,-.025,240,+7.89,38,108.7,28,100.8,47,-2.99,251,,ACC,68.0,26,106.6,121,47.8,225,19.3,187,31.8,137,41.5,63,101.8,125,50.9,248,17.1,288,26.4,22,35.2,142,68.0,26,68.7,29,16.6,28,18.2,147,106.6,121,99.5,234,101.8,125,103.8,206,77.8,34,+2.8,33,+0.8,82,+2.0,10,+1.6,32,+0.1,176,+1.3,81,1.55,156,36.7,74,47.4,199,2015,0.6294467704601467,13,19,0.40625,32
119,Washington,P12,16-15,+5.04,108.8,82,103.8,161,65.2,127,-.002,188,+4.84,77,105.8,95,101.0,51,-6.27,328,,P12,65.2,127,108.8,82,49.3,159,17.5,77,31.2,163,33.9,256,103.8,161,47.0,86,16.8,297,33.2,275,31.7,63,65.2,127,66.2,108,17.6,88,18.5,196,108.8,82,103.2,148,103.8,161,102.2,171,77.5,61,+2.4,44,+1.5,39,+0.8,82,-0.3,196,+0.5,119,+1.7,53,1.59,145,29.6,236,60.2,89,2015,0.6320500550863719,16,15,0.5161290322580645,31
186,Washington St.,P12,13-18,-1.67,109.1,77,110.8,298,67.2,49,+.085,18,+6.52,60,107.6,58,101.1,54,-1.81,211,,P12,67.2,49,109.1,77,49.6,136,17.3,69,26.4,311,39.7,105,110.8,298,52.4,297,14.1,349,30.3,130,34.1,118,67.2,49,67.6,57,17.3,65,17.9,94,109.1,77,102.7,167,110.8,298,112.0,338,77.8,33,+2.7,35,+1.8,28,+0.9,76,+1.1,71,+0.7,95,+1.3,80,1.51,170,35.5,99,57.7,107,2015,0.4556638438596606,13,18,0.41935483870967744,31
266,Weber St.,BSky,13-17,-8.35,99.9,257,108.3,252,62.7,265,+.040,79,-3.71,237,104.1,156,107.8,309,+4.19,42,,BSky,62.7,265,99.9,257,48.0,217,20.6,278,28.8,256,46.0,18,108.3,252,50.8,243,16.6,306,30.2,126,31.5,58,62.7,265,64.2,207,18.7,207,18.4,185,99.9,257,100.9,199,108.3,252,106.7,277,77.0,125,+1.2,96,+0.4,115,+0.8,91,-0.3,205,-0.1,196,+0.8,112,1.24,241,26.2,295,49.4,179,2015,0.283237680699419,13,17,0.43333333333333335,30
25,West Virginia,B12,25-10,+17.64,112.6,43,94.9,29,67.9,28,+.087,15,+9.56,19,108.9,24,99.3,13,-2.65,243,5,B12,67.9,28,112.6,43,46.1,292,18.7,146,40.2,4,40.4,85,94.9,29,52.7,304,28.0,1,30.9,163,55.5,351,67.9,28,68.7,27,19.1,252,15.3,1,112.6,43,105.1,101,94.9,29,96.9,60,76.5,203,+1.0,112,+0.0,168,+1.0,65,-1.7,331,-0.9,275,+0.8,124,1.52,165,41.8,15,44.6,222,2015,0.8772569849995804,25,10,0.7142857142857143,35
234,Western Carolina,SC,15-17,-5.60,101.9,223,107.5,233,65.7,106,+.009,159,-3.30,224,103.8,168,107.1,278,+4.95,35,,SC,65.7,106,101.9,223,48.8,187,20.1,243,34.7,52,34.6,243,107.5,233,50.1,217,20.7,75,33.9,294,52.5,346,65.7,106,66.5,98,17.7,94,18.3,163,101.9,223,102.7,168,107.5,233,106.0,260,75.5,314,-2.4,309,-1.1,292,-1.3,316,-1.6,322,+0.0,191,-1.7,306,1.46,181,23.0,334,43.5,227,2015,0.3508653960503562,15,17,0.46875,32
323,Western Illinois,Sum,8-20,-16.66,91.5,338,108.1,248,66.6,66,+.036,90,-2.58,200,104.2,154,106.7,262,-2.10,222,,Sum,66.6,66,91.5,338,45.3,308,18.3,118,20.0,350,30.3,329,108.1,248,50.7,237,16.7,299,28.9,77,37.1,189,66.6,66,67.3,67,17.9,111,17.6,54,91.5,338,90.0,342,108.1,248,106.5,275,76.7,179,-1.8,279,-1.2,300,-0.5,238,+0.1,157,+0.7,92,+0.9,107,1.02,296,28.9,254,54.6,130,2015,0.12816807701974517,8,20,0.2857142857142857,28
141,Western Kentucky,CUSA,20-12,+2.28,105.0,161,102.7,140,66.3,75,+.039,81,-1.05,162,103.0,219,104.0,140,+3.69,53,,CUSA,66.3,75,105.0,161,49.6,142,19.0,167,30.4,190,38.7,123,102.7,140,48.6,155,18.9,181,29.2,86,34.1,119,66.3,75,67.4,61,17.6,81,17.7,58,105.0,161,102.3,174,102.7,140,99.9,122,76.7,177,+1.0,111,+1.6,34,-0.6,240,+0.0,168,-0.3,221,-0.5,218,1.88,75,27.1,282,57.0,113,2015,0.5633341427209101,20,12,0.625,32
156,Western Michigan,MAC,20-14,+0.86,108.0,96,107.1,225,65.0,136,+.058,52,+0.56,132,105.1,111,104.5,160,-2.13,223,,MAC,65.0,136,108.0,96,51.3,78,18.1,101,29.8,214,42.7,39,107.1,225,51.9,287,18.9,184,30.4,135,36.7,177,65.0,136,65.0,167,18.5,185,18.4,193,108.0,96,106.7,67,107.1,225,106.5,273,77.5,60,-0.3,193,+0.2,146,-0.5,229,+0.9,89,+1.1,66,+2.7,18,1.85,87,32.0,185,72.5,22,2015,0.5240401673653108,20,14,0.5882352941176471,34
13,Wichita St.,MVC,30-5,+22.21,115.8,19,93.6,15,62.3,279,+.022,131,+3.24,91,105.5,103,102.3,90,+3.44,58,7,MVC,62.3,279,115.8,19,50.3,102,15.0,6,34.5,65,36.2,191,93.6,15,45.8,51,21.3,39,27.4,37,36.6,175,62.3,279,61.6,318,18.7,208,20.0,346,115.8,19,112.0,23,93.6,15,92.5,12,76.2,245,-1.8,277,-1.0,278,-0.8,270,-0.7,261,+0.3,161,-0.2,207,1.62,140,30.4,223,61.4,76,2015,0.9203852598070282,30,5,0.8571428571428571,35
116,William & Mary,CAA,20-13,+5.17,113.9,31,108.8,262,63.9,198,-.024,238,-0.65,154,103.6,186,104.2,150,+6.78,19,7,CAA,63.9,198,113.9,31,56.3,6,17.5,73,24.2,330,35.4,218,108.8,262,50.5,232,17.7,262,30.0,120,31.9,65,63.9,198,64.2,213,17.9,116,19.3,308,113.9,31,111.2,27,108.8,262,105.4,246,77.7,41,-0.9,237,-0.2,194,-0.7,257,+0.3,131,+2.1,12,+3.8,1,1.82,94,26.2,294,55.7,121,2015,0.6287387099529642,20,13,0.6060606060606061,33
176,Winthrop,BSth,19-13,-0.94,104.8,166,105.7,191,65.8,103,-.051,297,-6.86,326,101.0,311,107.9,311,-3.87,278,,BSth,65.8,103,104.8,166,50.8,88,17.6,83,29.4,235,35.9,200,105.7,191,46.9,84,19.0,172,32.2,232,38.4,209,65.8,103,66.6,88,17.3,66,18.5,202,104.8,166,105.9,86,105.7,191,100.8,138,75.2,336,-1.8,281,-1.0,283,-0.8,267,+0.3,132,-1.8,329,-4.3,349,1.42,193,31.0,204,55.7,122,2015,0.47543531970212294,19,13,0.59375,32
2,Wisconsin,B10,36-4,+33.72,129.0,1,95.2,35,58.7,345,+.015,146,+11.03,4,109.8,9,98.8,7,+5.30,29,1,B10,58.7,345,129.0,1,54.8,16,12.4,1,32.1,123,36.2,193,95.2,35,47.7,110,15.8,334,23.7,4,22.4,1,58.7,345,59.5,344,21.8,350,18.3,167,129.0,1,121.1,1,95.2,35,97.5,72,79.2,2,+5.0,4,+2.6,10,+2.4,3,+3.1,2,+1.3,45,+3.1,7,2.17,37,21.2,344,71.9,23,2015,0.9705186660284998,36,4,0.9,40
96,Wofford,SC,28-7,+6.72,105.2,158,98.5,70,60.5,331,+.122,3,-3.98,245,104.0,158,108.0,318,+6.79,18,12,SC,60.5,331,105.2,158,51.1,83,17.2,63,29.4,233,37.6,151,98.5,70,47.0,88,19.9,117,27.7,39,36.4,165,60.5,331,62.0,304,19.3,269,19.2,300,105.2,158,105.9,83,98.5,70,96.8,55,75.6,309,-3.1,329,-2.3,343,-0.8,268,-1.0,289,-1.0,283,-0.5,217,2.53,4,32.2,176,87.7,1,2015,0.6806537181339029,28,7,0.8,35
243,Wright St.,Horz,11-20,-6.53,99.0,271,105.5,187,63.0,252,-.028,248,+0.02,142,105.4,106,105.3,198,+0.87,129,,Horz,63.0,252,99.0,271,49.8,129,19.0,166,23.1,339,31.5,307,105.5,187,51.2,263,19.8,124,30.8,154,41.2,257,63.0,252,64.3,198,18.1,145,19.1,285,99.0,271,97.4,270,105.5,187,105.4,247,75.6,308,-1.8,285,-0.0,175,-1.8,339,-1.0,292,-0.3,215,-2.4,327,1.26,237,36.7,71,35.0,291,2015,0.32491002466026636,11,20,0.3548387096774194,31
109,Wyoming,MWC,25-10,+5.67,104.8,164,99.1,80,59.1,343,+.083,21,-1.04,161,103.0,210,104.1,141,-10.31,343,12,MWC,59.1,343,104.8,164,52.2,54,18.8,154,22.0,343,40.4,84,99.1,80,47.0,85,17.9,249,26.9,29,27.0,10,59.1,343,58.4,348,21.6,348,19.4,312,104.8,164,102.9,161,99.1,80,96.1,42,77.0,121,+1.1,105,+0.1,154,+1.0,67,-0.3,203,-0.5,234,+1.5,60,2.27,23,24.0,327,66.5,48,2015,0.6554606133900923,25,10,0.7142857142857143,35
21,Xavier,BE,23-14,+19.49,116.6,15,97.1,56,65.0,137,-.062,317,+10.29,10,109.5,12,99.2,10,+2.07,94,6,BE,65.0,137,116.6,15,53.4,34,18.1,104,31.3,160,38.5,129,97.1,56,50.0,212,18.8,189,27.3,34,33.3,97,65.0,137,65.6,137,18.1,136,18.3,172,116.6,15,109.9,33,97.1,56,100.9,144,77.3,88,+2.7,37,+1.0,66,+1.7,21,+0.3,148,-0.1,197,+0.2,165,1.62,139,30.3,225,50.4,167,2015,0.891348583478578,23,14,0.6216216216216216,37
77,Yale,Ivy,22-10,+8.78,107.3,114,98.6,71,61.9,298,+.029,113,+0.89,128,104.4,133,103.5,117,+3.94,49,,Ivy,61.9,298,107.3,114,49.9,120,20.5,273,34.3,71,40.9,77,98.6,71,47.6,103,18.9,173,27.8,41,33.1,88,61.9,298,61.8,311,20.0,319,18.5,205,107.3,114,104.0,128,98.6,71,97.2,68,77.1,110,-0.2,185,-0.8,263,+0.6,103,+1.9,17,+0.7,100,+0.0,179,1.78,105,26.6,288,65.6,57,2015,0.725599593701614,22,10,0.6875,32
273,Youngstown St.,Horz,11-21,-8.93,106.0,135,114.9,337,67.0,55,+.013,152,-0.54,152,104.2,152,104.7,171,-1.93,219,,Horz,67.0,55,106.0,135,50.0,113,17.2,66,27.6,283,35.8,204,114.9,337,53.6,330,17.8,256,34.2,308,36.8,183,67.0,55,67.8,49,17.1,52,18.1,126,106.0,135,103.6,136,114.9,337,112.3,341,75.3,323,-0.7,219,+0.6,93,-1.3,314,-1.3,304,-3.4,351,-1.2,277,1.47,179,26.3,292,45.6,214,2015,0.2835001179278667,11,21,0.34375,32
