rk,TEAM,CONF,RECORD,KADJ EM,adjo,adjo.rank,adjd,adjd.rank,adjt,adjt.rank,luck,luck.rank,sos-adjem,sos-adjem.rank,sos-oppo,sos-oppo.rank,sos-oppd,sos-oppd.rank,ncsos-adjem,ncsos-adjem.rank,seed,conference,KADJ T,adjtempo.rank,KADJ O,adjoe.rank,off-efg%,off-efg%.rank,off-to%,off-to%.rank,off-or%,off-or%.rank,off-ftrate,off-ftrate.rank,KADJ D,adjde.rank,def-efg%,def-efg%.rank,def-to%,def-to%.rank,def-or%,def-or%.rank,def-ftrate,def-ftrate.rank,tempo-adj,tempo-adj.rank,tempo-raw,tempo-raw.rank,avg. poss length-offense,avg. poss length-offense.rank,avg. poss length-defense,avg. poss length-defense.rank,off. efficiency-adj,off. efficiency-adj.rank,off. efficiency-raw,off. efficiency-raw.rank,def. efficiency-adj,def. efficiency-adj.rank,def. efficiency-raw,def. efficiency-raw.rank,avghgt,avghgt.rank,effhgt,effhgt.rank,c-hgt,c-hgt.rank,pf-hgt,pf-hgt.rank,sf-hgt,sf-hgt.rank,sg-hgt,sg-hgt.rank,pg-hgt,pg-hgt.rank,EXP,experience.rank,bench,bench.rank,CONTINUITY,continuity.rank,YEAR,BARTHAG,W,L,WIN%,GAMES
207,Abilene Christian,WAC,16-18,-3.86,101.8,259,105.6,162,68.6,114,+.050,65,+0.50,150,104.8,247,104.3,108,+0.49,177,,WAC,68.6,114,101.8,259,47.1,303,17.7,221,25.9,280,37.9,53,105.6,162,51.7,248,20.3,32,30.5,244,39.9,324,68.6,114,70.5,66,17.0,103,16.9,48,101.8,259,99.1,294,105.6,162,103.3,126,75.9,344,-1.2,321,-0.9,284,-1.4,336,-1.1,312,-0.5,253,-2.4,340,1.49,254,31.5,159,45.2,129,2024,0.39616861659778524,16,18,0.47058823529411764,34
264,Air Force,MWC,9-22,-7.43,105.9,181,113.4,327,61.9,359,-.046,294,+2.83,114,108.0,108,105.1,132,-9.84,359,,MWC,61.9,359,105.9,181,53.8,46,18.8,295,23.8,322,29.6,267,113.4,327,54.2,338,17.6,135,31.5,298,39.1,311,61.9,359,63.4,355,20.5,362,17.2,95,105.9,181,103.5,219,113.4,327,114.0,346,77.5,128,-1.2,329,-2.4,356,-0.0,168,+0.8,77,+1.3,39,+1.9,36,1.40,263,21.5,342,48.8,107,2024,0.3128345589198741,9,22,0.2903225806451613,31
122,Akron,MAC,24-11,+4.58,106.8,164,102.2,98,66.0,271,+.008,169,-1.43,206,105.7,192,107.2,220,+6.16,45,14,MAC,66.0,271,106.8,164,51.6,120,17.0,178,29.2,160,32.7,179,102.2,98,49.0,94,16.7,192,25.5,43,29.4,94,66.0,271,66.7,273,18.0,243,18.0,296,106.8,164,107.4,131,102.2,98,100.3,51,76.8,238,-0.2,200,-0.8,254,+0.3,134,-0.4,228,-0.4,240,-0.5,233,2.86,21,31.2,167,54.7,70,2024,0.6239391449583659,24,11,0.6857142857142857,35
14,Alabama,SEC,25-12,+22.96,126.0,2,103.0,111,72.6,14,-.001,187,+14.71,1,115.1,1,100.4,14,+9.46,16,4,SEC,72.6,14,126.0,2,56.3,10,15.9,98,34.9,25,35.3,106,103.0,111,49.7,127,15.2,296,31.0,277,38.8,307,72.6,14,73.9,9,14.6,3,17.7,239,126.0,2,121.4,2,103.0,111,109.0,270,78.2,36,+2.3,9,+1.6,36,+2.9,1,+0.6,106,-0.2,213,+0.4,141,2.49,60,32.3,140,26.2,276,2024,0.9103453173021293,25,12,0.6756756756756757,37
324,Alabama A&M,SWAC,12-23,-14.36,94.2,346,108.6,223,70.6,42,+.028,112,-5.91,321,102.6,315,108.5,301,+4.77,71,,SWAC,70.6,42,94.2,346,45.9,338,22.4,358,31.9,85,47.2,2,108.6,223,49.1,96,19.5,44,32.7,325,45.2,353,70.6,42,71.7,39,17.1,107,16.3,8,94.2,346,96.0,331,108.6,223,105.0,176,77.0,199,-0.4,232,-0.4,210,-0.5,243,+0.1,159,+0.5,124,-0.2,209,1.70,214,49.5,2,45.8,126,2024,0.16302521014813925,12,23,0.34285714285714286,35
310,Alabama St.,SWAC,13-19,-12.29,93.1,352,105.3,155,67.2,198,-.009,205,-5.62,319,102.0,325,107.7,255,+11.92,6,,SWAC,67.2,198,93.1,352,41.0,362,16.3,130,31.8,91,28.5,297,105.3,155,49.1,95,20.0,36,29.0,182,43.4,346,67.2,198,69.1,137,17.0,99,17.6,214,93.1,352,94.0,347,105.3,155,100.6,60,77.1,174,+0.0,166,+1.5,45,-1.4,337,-1.3,336,-0.2,213,+1.4,62,1.33,277,35.2,91,43.8,143,2024,0.19527352000268086,13,19,0.40625,32
244,Albany,AE,13-19,-5.82,105.3,196,111.1,280,73.1,6,-.079,337,-3.32,258,102.9,303,106.2,170,-3.25,279,,AE,73.1,6,105.3,196,50.3,195,17.8,230,30.6,114,29.2,283,111.1,280,51.4,237,17.0,165,29.4,203,38.9,309,73.1,6,74.3,6,16.1,32,16.3,9,105.3,196,104.5,200,111.1,280,106.2,214,76.3,314,-1.3,336,-0.8,263,-1.8,348,-1.2,327,-0.6,261,+0.0,189,1.52,251,29.8,200,30.3,254,2024,0.3505554206896207,13,19,0.40625,32
294,Alcorn St.,SWAC,14-18,-10.15,106.5,171,116.6,354,66.5,247,+.054,57,-3.48,263,103.0,299,106.5,186,+15.12,3,,SWAC,66.5,247,106.5,171,48.9,256,17.0,181,33.4,46,37.4,64,116.6,354,55.0,353,17.2,160,30.6,252,36.6,281,66.5,247,68.3,187,18.4,288,17.1,70,106.5,171,105.1,183,116.6,354,113.3,341,75.6,352,-1.6,349,-1.6,338,-1.5,339,-1.4,337,-0.9,283,-2.2,333,1.91,168,40.0,21,38.0,183,2024,0.2607740463071124,14,18,0.4375,32
296,American,Pat,16-16,-10.40,103.5,224,113.9,335,62.9,355,-.006,200,-9.60,359,99.8,358,109.4,347,-5.01,314,,Pat,62.9,355,103.5,224,52.5,81,17.4,202,27.9,208,28.4,299,113.9,335,53.4,321,17.0,166,25.6,47,29.8,110,62.9,355,62.9,359,19.6,349,18.4,349,103.5,224,106.3,149,113.9,335,106.9,227,76.4,299,-0.1,188,+0.2,146,-0.5,251,+0.3,135,-0.5,257,-3.0,353,1.87,174,29.5,211,61.5,40,2024,0.2495307611160983,16,16,0.5,32
83,Appalachian St.,SB,27-7,+9.88,108.4,134,98.6,41,67.1,213,+.019,139,-1.31,203,106.4,163,107.7,259,+0.21,188,,SB,67.1,213,108.4,134,52.7,73,15.2,63,29.4,153,31.6,217,98.6,41,45.4,5,14.5,320,27.8,120,20.7,2,67.1,213,68.7,157,17.8,217,16.9,54,108.4,134,109.5,92,98.6,41,97.3,18,76.9,218,+0.5,110,+0.7,93,+0.3,135,-1.0,295,-0.2,213,-0.9,280,1.99,155,32.6,135,67.3,20,2024,0.7483258874493124,27,7,0.7941176470588235,34
6,Arizona,P12,27-9,+26.55,120.2,11,93.7,10,72.2,16,-.047,295,+11.12,33,112.2,33,101.1,34,+10.47,12,2,P12,72.2,16,120.2,11,54.5,30,16.0,105,35.6,19,36.4,83,93.7,10,48.4,68,18.0,111,23.4,7,25.9,26,72.2,16,73.4,11,15.2,8,17.5,180,120.2,11,116.7,13,93.7,10,96.8,13,78.1,53,+1.4,30,+3.1,5,-0.3,226,-0.2,208,+0.6,118,+1.4,69,2.36,81,26.2,279,35.2,210,2024,0.9460468787423356,27,9,0.75,36
127,Arizona St.,P12,14-18,+3.92,104.0,218,100.1,64,69.2,86,+.064,47,+10.51,38,111.6,44,101.1,36,+6.00,47,,P12,69.2,86,104.0,218,47.3,299,14.8,44,21.9,351,33.1,163,100.1,64,51.7,249,19.4,48,29.8,217,31.2,136,69.2,86,70.6,64,17.0,106,16.7,31,104.0,218,97.5,316,100.1,64,104.6,171,77.8,80,+0.6,96,+0.4,123,+0.8,82,+0.6,100,+0.8,96,+0.5,137,2.22,101,27.4,256,28.9,259,2024,0.6081503571852397,14,18,0.4375,32
108,Arkansas,SEC,16-17,+5.87,110.0,103,104.1,133,70.8,38,+.046,72,+9.60,57,112.6,23,103.0,87,+2.08,124,,SEC,70.8,38,110.0,103,50.5,183,16.3,129,25.2,295,45.3,5,104.1,133,50.4,172,15.1,301,29.9,218,39.0,310,70.8,38,72.2,26,17.3,145,16.2,5,110.0,103,105.9,164,104.1,133,109.1,273,78.0,55,+0.6,93,+0.6,100,+0.7,95,+0.7,98,+1.2,47,+1.4,66,2.72,31,39.3,32,30.6,250,2024,0.6533905709459168,16,17,0.48484848484848486,33
331,Arkansas Pine Bluff,SWAC,13-18,-16.69,102.2,250,118.9,360,71.9,18,+.044,77,-7.53,347,101.0,345,108.5,303,+10.56,10,,SWAC,71.9,18,102.2,250,51.5,126,18.2,259,23.0,339,40.2,21,118.9,360,52.6,292,15.4,286,34.2,348,32.5,178,71.9,18,73.0,15,15.4,13,17.5,175,102.2,250,103.9,213,118.9,360,114.4,352,76.2,321,-1.4,342,-1.1,299,-1.8,345,-0.9,290,+0.4,141,-1.3,289,2.40,75,25.0,296,42.2,152,2024,0.14924461800771346,13,18,0.41935483870967744,31
133,Arkansas St.,SB,20-17,+3.40,113.4,61,110.0,251,68.1,147,-.022,249,+0.20,154,106.7,151,106.5,184,+2.25,121,,SB,68.1,147,113.4,61,51.5,130,15.9,101,34.5,30,32.9,171,110.0,251,50.5,186,14.2,328,28.8,170,34.8,243,68.1,147,70.0,93,17.2,126,17.0,68,113.4,61,112.8,36,110.0,251,109.7,291,76.7,252,+0.2,135,+0.3,131,+0.1,157,-1.0,304,-0.7,273,-0.9,278,2.41,72,32.3,143,40.3,165,2024,0.5866349884886108,20,17,0.5405405405405406,37
344,Army,Pat,10-22,-19.00,90.9,357,109.9,247,63.1,352,-.052,302,-9.30,358,100.5,351,109.8,357,-5.48,325,,Pat,63.1,352,90.9,357,47.1,308,18.9,302,27.0,250,25.4,345,109.9,247,50.3,167,16.7,193,25.5,45,31.6,149,63.1,352,63.2,357,19.2,340,18.4,343,90.9,357,93.7,349,109.9,247,102.9,115,75.8,346,-0.9,300,-1.0,294,-0.8,277,-2.0,354,-1.2,307,-1.5,295,0.98,324,35.6,80,38.1,180,2024,0.10130345685061806,10,22,0.3125,32
4,Auburn,SEC,27-8,+27.99,120.4,10,92.4,6,70.0,59,-.080,338,+9.49,60,111.9,38,102.4,72,+1.47,147,4,SEC,70.0,59,120.4,10,54.2,35,15.1,55,32.9,63,38.3,44,92.4,6,43.7,1,18.1,104,30.2,223,41.5,334,70.0,59,70.9,56,16.3,48,17.7,234,120.4,10,117.2,12,92.4,6,96.3,8,77.7,89,+0.8,80,+0.9,74,+0.6,108,+1.1,43,+0.3,145,-0.2,210,2.14,117,43.3,7,53.3,77,2024,0.9545212348768689,27,8,0.7714285714285715,35
245,Austin Peay,ASun,19-16,-5.92,108.2,142,114.1,336,64.8,326,+.052,60,-3.32,257,105.6,197,109.0,328,+4.29,77,,ASun,64.8,326,108.2,142,50.4,192,13.3,6,29.9,135,31.9,206,114.1,336,53.1,315,16.6,204,31.7,301,37.9,298,64.8,326,65.6,325,19.0,335,17.5,177,108.2,142,109.6,90,114.1,336,111.8,326,75.3,356,-1.9,356,-1.2,310,-2.6,361,-2.1,357,-1.2,307,-2.0,321,2.33,86,24.4,304,0.9,358,2024,0.3519269626782151,19,16,0.5428571428571428,35
18,BYU,B12,23-11,+19.96,119.8,14,99.9,60,69.2,84,-.048,296,+9.21,68,110.1,84,100.9,30,-5.67,329,6,B12,69.2,84,119.8,14,54.8,23,15.3,65,32.8,65,25.4,346,99.9,60,48.2,58,16.0,251,24.6,21,32.0,162,69.2,84,69.9,96,16.5,63,17.8,251,119.8,14,116.4,16,99.9,60,100.1,49,78.5,19,+1.0,54,+1.6,36,+0.5,120,+0.1,160,+1.8,17,+2.8,7,2.06,132,33.7,118,64.6,29,2024,0.8898314895387835,23,11,0.6764705882352942,34
266,Ball St.,MAC,15-16,-7.85,103.0,241,110.8,270,67.0,220,-.025,256,-6.34,328,102.7,311,109.0,333,-5.61,328,,MAC,67.0,220,103.0,241,50.8,168,18.3,269,27.5,229,38.2,48,110.8,270,51.3,228,16.2,235,27.8,122,27.6,57,67.0,220,67.5,241,17.5,178,17.9,271,103.0,241,105.3,177,110.8,270,106.6,220,78.2,34,+0.6,97,+0.0,172,+1.2,42,+1.6,24,+0.4,139,+2.1,20,1.44,261,17.3,359,20.9,305,2024,0.30164546349472837,15,16,0.4838709677419355,31
15,Baylor,B12,24-11,+21.90,122.4,6,100.5,72,65.8,282,-.016,227,+13.44,7,112.4,28,99.0,1,+3.36,93,3,B12,65.8,282,122.4,6,55.7,14,17.6,214,35.0,24,40.2,23,100.5,72,51.4,235,17.0,169,26.9,89,31.2,137,65.8,282,66.7,275,18.3,280,17.9,278,122.4,6,117.5,9,100.5,72,104.3,161,78.3,32,+1.7,21,+1.7,33,+1.7,17,-0.1,191,+1.0,56,+1.4,72,2.32,88,24.4,303,32.5,234,2024,0.9061129403479801,24,11,0.6857142857142857,35
316,Bellarmine,ASun,8-23,-13.11,100.3,279,113.4,330,64.9,317,-.058,312,-0.26,176,108.2,106,108.4,299,+8.48,22,,ASun,64.9,317,100.3,279,49.0,252,14.5,35,21.8,352,21.4,362,113.4,330,53.9,330,14.6,316,29.4,199,31.9,157,64.9,317,66.5,280,18.3,285,17.8,257,100.3,279,100.6,272,113.4,330,114.4,351,77.0,203,-0.7,271,-0.2,197,-1.1,313,-0.2,210,+0.5,130,+0.4,144,1.66,229,27.6,246,60.3,47,2024,0.1959675558323196,8,23,0.25806451612903225,31
115,Belmont,MVC,20-13,+5.31,109.4,113,104.0,130,71.3,29,+.056,55,+2.65,116,107.9,110,105.2,136,+1.36,150,,MVC,71.3,29,109.4,113,55.0,22,16.8,164,21.0,354,30.3,252,104.0,130,51.1,212,16.4,222,27.5,106,27.0,42,71.3,29,71.9,35,16.2,41,17.0,67,109.4,113,107.5,127,104.0,130,105.4,190,77.1,189,-0.4,227,-0.4,217,-0.3,225,-0.1,191,+0.1,174,+0.5,132,1.57,244,29.0,227,41.1,160,2024,0.6415573476929666,20,13,0.6060606060606061,33
303,Bethune Cookman,SWAC,17-17,-10.98,97.9,313,108.9,235,69.9,62,+.060,51,-7.77,349,100.3,355,108.0,277,+0.23,186,,SWAC,69.9,62,97.9,313,47.3,297,19.5,322,29.2,159,38.2,47,108.9,235,50.1,157,21.9,13,33.2,336,49.2,362,69.9,62,70.8,57,16.6,72,17.2,100,97.9,313,98.5,304,108.9,235,102.8,112,76.7,260,-0.7,281,-0.4,228,-1.0,296,+0.3,143,-0.7,271,-0.5,235,1.19,295,30.4,190,40.6,163,2024,0.22713496666375754,17,17,0.5,34
284,Binghamton,AE,15-15,-8.98,102.5,245,111.5,289,66.3,257,+.070,37,-3.78,274,102.8,308,106.5,187,-4.03,294,,AE,66.3,257,102.5,245,49.4,243,18.1,253,29.2,158,34.3,135,111.5,289,50.0,150,13.4,346,25.0,30,34.8,244,66.3,257,68.1,201,17.9,232,17.1,74,102.5,245,101.5,258,111.5,289,107.4,242,77.7,87,-0.6,259,-0.6,240,-0.6,258,+0.5,117,+1.2,44,+2.3,16,2.77,28,28.2,240,35.1,212,2024,0.27530713298887427,15,15,0.5,30
44,Boise St.,MWC,22-11,+15.97,113.4,63,97.4,29,66.6,243,-.002,191,+9.55,58,111.1,61,101.5,54,+8.08,24,10,MWC,66.6,243,113.4,63,51.0,152,16.4,141,33.0,57,35.1,114,97.4,29,49.8,137,16.9,178,23.1,5,33.1,193,66.6,243,66.4,285,18.9,323,17.4,152,113.4,63,110.4,68,97.4,29,100.8,67,78.3,28,-0.0,178,-1.0,291,+0.9,75,+1.9,11,+2.0,11,+2.1,20,2.07,127,23.9,316,55.9,66,2024,0.8518385653242168,22,11,0.6666666666666666,33
71,Boston College,ACC,20-16,+11.44,113.9,55,102.4,101,67.0,217,-.017,233,+9.16,69,110.4,79,101.2,42,-0.74,214,,ACC,67.0,217,113.9,55,52.5,79,15.3,67,27.3,235,25.0,349,102.4,101,50.5,181,15.7,273,26.3,64,28.1,66,67.0,217,67.7,226,17.5,174,17.9,267,113.9,55,108.7,108,102.4,101,105.5,193,77.7,91,+0.9,65,+1.9,22,-0.0,168,-0.3,226,-0.1,206,+1.2,81,2.03,139,24.8,299,58.6,54,2024,0.7727654473404872,20,16,0.5555555555555556,36
297,Boston University,Pat,16-17,-10.47,98.3,309,108.7,229,65.9,275,+.008,168,-8.43,353,99.8,359,108.2,286,-2.43,262,,Pat,65.9,275,98.3,309,47.8,282,17.7,220,26.6,260,30.2,255,108.7,229,50.0,150,16.9,176,23.0,4,36.2,274,65.9,275,65.7,320,18.1,255,18.3,337,98.3,309,99.1,293,108.7,229,100.9,73,77.0,196,+0.3,127,+0.2,149,+0.5,118,-0.8,283,-0.3,232,-0.0,192,0.56,355,37.5,50,21.6,301,2024,0.23929849764367744,16,17,0.48484848484848486,33
239,Bowling Green,MAC,20-14,-5.57,102.4,247,107.9,209,67.8,161,+.048,69,-5.56,317,103.0,300,108.6,305,-5.50,326,,MAC,67.8,161,102.4,247,48.1,276,16.3,132,30.5,117,35.1,116,107.9,209,51.2,217,16.1,247,25.5,44,27.1,43,67.8,161,68.6,163,17.7,204,17.1,82,102.4,247,104.2,207,107.9,209,103.5,135,77.8,72,+1.4,29,+1.9,23,+0.9,73,-0.6,259,+0.8,70,+0.4,148,1.87,173,27.0,268,15.9,329,2024,0.35396426998613795,20,14,0.5882352941176471,34
64,Bradley,MVC,23-12,+12.18,112.1,76,100.0,62,66.4,254,-.036,274,+4.07,102,107.7,116,103.7,92,+2.72,112,,MVC,66.4,254,112.1,76,55.1,18,18.1,250,28.1,205,27.5,319,100.0,62,47.6,40,18.3,94,28.1,136,35.1,252,66.4,254,67.0,266,17.4,162,18.3,338,112.1,76,109.6,88,100.0,62,100.0,45,77.2,159,+1.0,56,+0.3,134,+1.7,16,+2.2,6,+0.2,164,-4.0,361,1.75,200,21.1,346,55.2,68,2024,0.788105450266842,23,12,0.6571428571428571,35
191,Brown,Ivy,13-18,-2.47,104.3,216,106.7,183,67.3,196,-.010,212,+0.93,140,106.5,156,105.6,146,+0.09,194,,Ivy,67.3,196,104.3,216,49.7,229,18.3,274,31.8,90,33.0,169,106.7,183,51.2,220,16.8,186,27.5,107,32.1,165,67.3,196,67.6,230,18.1,250,17.4,159,104.3,216,102.8,233,106.7,183,105.8,199,76.6,263,-0.3,209,-1.4,324,+0.8,80,-0.1,186,-1.0,297,-0.9,267,1.68,222,25.7,287,68.9,12,2024,0.4349648649706915,13,18,0.41935483870967744,31
173,Bryant,AE,20-13,-0.91,101.1,268,102.0,95,74.2,3,+.066,43,-1.60,210,104.2,275,105.8,158,+3.72,90,,AE,74.2,3,101.1,268,50.7,171,15.8,93,20.5,359,29.9,261,102.0,95,45.4,7,16.6,203,30.3,231,33.8,216,74.2,3,75.4,2,15.4,11,16.6,21,101.1,268,99.4,291,102.0,95,98.7,33,77.6,103,-1.6,350,-2.1,353,-1.0,296,+0.9,59,+2.0,12,+2.5,12,2.53,52,23.7,320,52.2,83,2024,0.47454180835246784,20,13,0.6060606060606061,33
276,Bucknell,Pat,14-19,-8.46,100.2,282,108.7,225,64.9,318,-.023,252,-5.98,323,102.0,326,108.0,275,+1.92,132,,Pat,64.9,318,100.2,282,50.4,190,18.9,303,25.8,282,29.0,284,108.7,225,49.5,115,16.5,211,28.6,160,31.5,142,64.9,318,64.1,351,19.6,351,17.7,233,100.2,282,100.8,270,108.7,225,103.7,142,77.5,119,+1.0,60,+1.6,42,+0.4,126,+0.0,169,-0.1,202,+0.0,188,1.60,240,29.4,215,49.8,100,2024,0.2816338725130948,14,19,0.42424242424242425,33
348,Buffalo,MAC,4-27,-19.70,95.4,338,115.1,345,69.2,83,-.017,231,-2.32,228,105.1,236,107.4,239,+0.90,163,,MAC,69.2,83,95.4,338,47.3,298,20.0,331,28.2,201,26.0,342,115.1,345,53.9,332,15.1,299,30.7,263,28.7,81,69.2,83,70.1,82,17.3,143,16.9,50,95.4,338,95.6,333,115.1,345,113.1,340,77.3,147,-0.3,223,-0.8,267,+0.2,151,+0.7,93,+0.6,116,+0.2,160,1.11,304,31.6,156,25.7,280,2024,0.10351068979419863,4,27,0.12903225806451613,31
61,Butler,BE,18-15,+12.60,113.2,67,100.6,76,68.6,120,-.027,261,+11.83,20,112.5,24,100.7,20,+2.05,127,,BE,68.6,120,113.2,67,51.9,107,15.4,69,26.3,271,26.7,334,100.6,76,50.0,150,16.0,250,29.0,179,22.3,5,68.6,120,69.3,125,17.2,132,17.5,171,113.2,67,107.8,122,100.6,76,104.4,164,77.1,172,+0.8,78,+1.7,34,-0.1,201,+0.3,137,-1.2,306,-0.7,256,2.82,24,23.7,319,8.3,348,2024,0.7952790037878588,18,15,0.5454545454545454,33
190,Cal Baptist,WAC,16-17,-2.47,103.2,236,105.7,165,63.7,346,-.045,293,-1.40,205,103.9,282,105.3,137,-6.14,337,,WAC,63.7,346,103.2,236,47.0,311,17.6,213,32.7,72,36.8,76,105.7,165,49.2,101,15.3,292,24.9,27,30.3,122,63.7,346,65.3,333,18.6,308,18.3,332,103.2,236,102.0,247,105.7,165,102.2,99,76.6,271,-0.3,211,-0.7,246,+0.1,156,-1.1,312,-0.1,189,-1.1,283,2.51,57,28.4,234,30.4,252,2024,0.4316151375763797,16,17,0.48484848484848486,33
339,Cal Poly,BW,4-28,-17.84,94.5,343,112.4,310,65.9,272,-.009,206,-1.06,194,105.6,198,106.7,197,-1.55,245,,BW,65.9,272,94.5,343,45.8,339,18.6,290,24.3,308,31.2,225,112.4,310,51.5,243,17.4,143,33.6,340,41.9,337,65.9,272,66.5,279,18.7,315,17.1,94,94.5,343,93.8,348,112.4,310,110.7,307,78.4,21,+0.9,68,+0.5,116,+1.2,41,+1.4,33,+1.6,26,+1.9,37,1.36,268,35.4,88,15.0,331,2024,0.11974605115811526,4,28,0.125,32
247,Cal St. Bakersfield,BW,13-19,-6.05,101.1,267,107.2,196,64.9,319,-.035,272,-1.31,202,105.5,206,106.8,205,+0.40,179,,BW,64.9,319,101.1,267,47.0,310,18.3,271,32.9,60,32.0,201,107.2,196,50.0,147,18.6,78,31.2,285,46.7,357,64.9,319,65.7,318,19.2,339,17.3,141,101.1,267,100.8,269,107.2,196,105.8,201,76.5,279,-0.6,264,-0.6,238,-0.7,265,-0.1,207,+0.7,107,-2.3,336,1.53,249,39.7,27,36.7,195,2024,0.3376598070365043,13,19,0.40625,32
235,Cal St. Fullerton,BW,14-18,-5.45,100.1,289,105.5,158,66.5,249,+.019,137,+0.09,159,105.7,194,105.6,150,+5.30,58,,BW,66.5,249,100.1,289,48.0,279,18.1,249,24.3,307,38.6,39,105.5,158,49.9,142,17.9,116,29.5,206,35.6,259,66.5,249,67.3,256,18.1,262,17.5,176,100.1,289,98.6,303,105.5,158,104.0,149,76.9,221,-1.1,309,-1.1,300,-1.0,296,-0.7,271,-0.1,193,+1.7,49,2.02,145,39.1,33,40.9,161,2024,0.35337777548636556,14,18,0.4375,32
233,Cal St. Northridge,BW,19-15,-5.41,100.1,285,105.5,160,72.7,13,+.051,63,-3.37,259,103.8,283,107.2,225,-7.46,354,,BW,72.7,13,100.1,285,48.9,254,19.0,304,31.1,104,37.6,60,105.5,160,48.3,66,18.0,112,26.9,92,39.5,320,72.7,13,73.0,16,15.2,7,17.8,260,100.1,285,100.8,268,105.5,160,101.7,88,77.1,171,-0.8,294,-0.6,244,-1.0,296,+0.9,59,+0.0,177,+0.8,117,1.70,216,29.4,218,32.5,233,2024,0.35337777548636556,19,15,0.5588235294117647,34
121,California,P12,13-19,+4.64,109.0,126,104.4,139,68.6,116,-.003,193,+8.94,75,110.7,71,101.8,64,+0.57,172,,P12,68.6,116,109.0,126,49.2,247,16.2,118,28.6,184,29.2,281,104.4,139,51.3,221,14.7,314,26.7,80,33.1,197,68.6,116,69.8,100,17.4,164,17.2,103,109.0,126,104.0,210,104.4,139,107.8,252,78.1,46,+1.2,40,+1.4,47,+1.0,60,+1.9,19,+2.1,10,-1.6,299,2.70,33,23.8,318,15.8,330,2024,0.6214857773985077,13,19,0.40625,32
311,Campbell,CAA,14-18,-12.32,100.7,274,113.0,320,66.7,241,+.030,111,-5.11,303,104.2,274,109.3,342,-6.85,344,,CAA,66.7,241,100.7,274,52.0,101,18.1,248,23.8,324,33.7,149,113.0,320,52.2,270,16.4,219,31.2,286,23.6,11,66.7,241,66.5,277,17.4,165,18.6,355,100.7,274,102.0,248,113.0,320,109.5,286,76.9,222,-1.4,341,-1.8,343,-1.0,296,-0.1,189,+0.4,137,+1.4,75,1.07,310,29.2,221,42.3,151,2024,0.20994064653937233,14,18,0.4375,32
278,Canisius,MAAC,14-18,-8.54,100.1,284,108.7,226,66.9,224,+.026,118,-3.10,249,103.8,287,106.9,212,+5.19,63,,MAAC,66.9,224,100.1,284,49.6,233,19.2,315,32.7,69,27.5,321,108.7,226,51.2,218,16.3,227,28.5,151,28.0,65,66.9,224,68.1,203,17.6,192,17.6,202,100.1,284,100.7,271,108.7,226,105.4,192,77.7,84,-0.3,221,-0.9,276,+0.2,144,+1.2,38,+1.1,52,+1.2,88,0.87,333,30.8,180,32.3,237,2024,0.27931655636828445,14,18,0.4375,32
340,Central Arkansas,ASun,9-23,-17.97,97.2,321,115.2,347,69.3,81,+.022,128,-4.82,298,105.1,235,109.9,360,-3.68,289,,ASun,69.3,81,97.2,321,47.5,293,18.2,261,28.3,193,29.3,275,115.2,347,54.0,335,15.4,290,31.4,295,33.7,210,69.3,81,70.1,88,16.4,52,17.5,188,97.2,321,99.8,283,115.2,347,114.1,347,78.7,12,+0.8,75,-0.4,217,+2.0,11,+2.4,5,+2.1,9,+1.6,54,0.99,321,33.8,117,37.6,187,2024,0.12413536567219184,9,23,0.28125,32
262,Central Connecticut,NEC,20-11,-7.41,101.0,270,108.4,219,67.0,219,+.049,68,-10.13,362,99.4,362,109.5,349,-1.48,243,,NEC,67.0,219,101.0,270,50.2,203,16.7,162,27.5,227,33.0,168,108.4,219,49.6,126,17.6,136,26.8,85,26.7,33,67.0,219,67.5,245,17.7,206,17.6,224,101.0,270,103.8,216,108.4,219,100.7,62,75.9,340,-0.9,302,-1.8,344,-0.0,168,+0.3,144,-2.0,346,-2.5,341,1.74,205,27.3,262,53.3,76,2024,0.3072224061703132,20,11,0.6451612903225806,31
277,Central Michigan,MAC,18-14,-8.46,96.6,328,105.0,149,65.1,312,+.148,1,-3.62,270,104.2,271,107.8,267,+3.06,102,,MAC,65.1,312,96.6,328,46.8,318,17.5,210,28.6,182,27.4,323,105.0,149,47.3,35,16.2,229,30.7,262,30.6,126,65.1,312,66.2,299,18.4,292,17.7,249,96.6,328,97.0,324,105.0,149,103.4,128,77.2,158,-0.3,206,+0.2,143,-0.7,273,+0.9,59,-0.9,292,+1.1,91,1.54,248,33.3,129,25.9,277,2024,0.2771007903134505,18,14,0.5625,32
101,Charleston,CAA,27-8,+7.52,113.9,53,106.4,179,70.3,51,+.047,71,-1.68,211,105.9,185,107.5,249,-0.38,206,13,CAA,70.3,51,113.9,53,52.2,89,14.3,25,33.6,43,27.2,326,106.4,179,51.2,216,16.2,231,26.4,66,29.3,91,70.3,51,70.1,83,16.2,43,17.8,263,113.9,53,114.5,21,106.4,179,105.0,177,77.5,117,+1.0,55,+1.0,69,+1.1,56,-0.5,254,-0.8,281,+1.1,91,1.69,221,39.8,24,30.4,253,2024,0.6863964732671887,27,8,0.7714285714285715,35
315,Charleston Southern,BSth,10-20,-13.03,95.5,337,108.5,220,67.0,221,+.044,78,+0.48,151,107.3,129,106.8,209,+6.55,41,,BSth,67.0,221,95.5,337,45.2,346,18.3,268,27.2,243,31.4,223,108.5,220,50.9,201,13.6,344,29.3,198,33.5,206,67.0,221,67.5,237,18.2,265,17.3,137,95.5,337,94.9,338,108.5,220,110.1,296,77.2,160,-0.2,193,-0.4,217,+0.1,164,+0.4,121,+0.5,128,-0.2,203,1.74,206,25.0,295,36.1,202,2024,0.18729623796345668,10,20,0.3333333333333333,30
120,Charlotte,Amer,19-12,+4.65,108.7,131,104.1,131,62.5,356,+.046,73,+2.60,118,107.8,115,105.2,134,+2.60,116,,Amer,62.5,356,108.7,131,50.8,165,15.5,78,26.1,273,35.2,108,104.1,131,48.5,75,15.2,294,29.0,180,31.5,139,62.5,356,63.2,356,19.3,343,18.4,348,108.7,131,106.7,141,104.1,131,104.2,157,78.4,26,+1.9,11,+1.3,55,+2.6,3,+0.8,82,+0.2,157,+1.3,78,1.84,179,26.4,278,51.6,89,2024,0.6218147144811663,19,12,0.6129032258064516,31
140,Chattanooga,SC,21-12,+2.52,110.4,101,107.9,208,67.1,214,+.027,116,-2.08,221,105.2,219,107.3,230,-4.36,304,,SC,67.1,214,110.4,101,54.8,24,17.0,183,27.2,241,30.9,233,107.9,208,49.9,145,14.5,319,28.8,169,27.3,48,67.1,214,68.2,194,17.3,150,17.8,256,110.4,101,111.4,51,107.9,208,106.0,207,76.4,296,+0.4,124,-0.4,217,+1.1,47,+0.6,108,-2.1,349,-2.6,347,1.69,218,36.0,73,18.8,316,2024,0.5654744846642628,21,12,0.6363636363636364,33
295,Chicago St.,ind,13-19,-10.15,100.3,281,110.4,258,64.6,331,+.050,66,-1.08,195,105.4,210,106.5,182,-1.34,237,,ind,64.6,331,100.3,281,46.1,332,20.1,332,32.7,70,38.2,46,110.4,258,53.6,326,21.2,19,35.1,353,36.0,270,64.6,331,66.3,290,18.1,251,17.8,252,100.3,281,97.9,310,110.4,258,107.6,247,76.9,225,-1.3,332,-2.4,356,-0.1,198,+0.7,97,+0.6,114,+0.1,184,1.81,187,24.0,314,59.3,50,2024,0.24911066528101325,13,19,0.40625,32
39,Cincinnati,B12,22-15,+16.47,112.0,79,95.5,19,67.5,181,-.073,333,+9.25,67,110.8,69,101.5,53,-4.17,297,,B12,67.5,181,112.0,79,50.3,196,17.3,200,36.3,15,27.6,318,95.5,19,47.7,41,17.3,148,25.3,35,29.1,89,67.5,181,68.4,180,17.2,135,18.0,299,112.0,79,107.8,120,95.5,19,98.6,32,78.2,37,+1.8,14,+2.1,18,+1.6,22,+1.1,42,+1.0,61,-0.5,234,1.94,161,35.7,79,22.5,297,2024,0.8620931860908144,22,15,0.5945945945945946,37
19,Clemson,ACC,24-12,+19.44,117.7,23,98.3,35,66.4,256,-.018,238,+12.09,14,113.5,6,101.4,47,+4.91,69,6,ACC,66.4,256,117.7,23,53.9,45,14.8,43,27.2,239,30.7,240,98.3,35,48.2,56,13.9,340,26.6,72,32.1,166,66.4,256,67.8,218,17.5,176,17.8,259,117.7,23,113.3,33,98.3,35,104.3,160,78.5,20,+1.4,34,+0.6,100,+2.2,8,+1.7,21,+0.8,70,+1.4,65,2.81,25,28.7,231,56.1,65,2024,0.8880844580508857,24,12,0.6666666666666666,36
197,Cleveland St.,Horz,21-15,-2.78,106.1,178,108.9,231,67.5,174,+.033,105,-3.43,262,105.2,229,108.6,310,-1.07,228,,Horz,67.5,174,106.1,178,49.4,239,14.9,47,33.4,51,31.0,232,108.9,231,51.4,233,19.2,52,34.5,350,37.4,289,67.5,174,68.5,172,17.3,155,17.6,210,106.1,178,108.3,112,108.9,231,106.8,224,76.7,250,-0.2,205,-0.8,272,+0.4,130,+0.9,73,-1.1,300,-1.4,293,1.99,153,29.8,198,53.1,79,2024,0.4256670482492346,21,15,0.5833333333333334,36
313,Coastal Carolina,SB,9-22,-12.80,99.5,296,112.3,305,69.6,73,+.003,174,-2.43,230,105.1,233,107.5,248,-5.33,319,,SB,69.6,73,99.5,296,49.4,241,19.1,308,29.3,156,32.5,184,112.3,305,50.1,161,12.7,358,30.5,245,29.5,98,69.6,73,71.1,52,17.2,130,16.3,10,99.5,296,100.1,279,112.3,305,110.9,312,77.4,134,+1.1,45,+1.2,58,+1.1,54,-0.4,230,-0.9,287,+0.5,136,1.37,267,30.0,194,17.3,322,2024,0.19913865287080607,9,22,0.2903225806451613,31
150,Colgate,Pat,25-10,+1.50,104.8,205,103.3,117,66.4,255,+.068,40,-6.51,333,102.3,318,108.8,320,+6.36,42,14,Pat,66.4,255,104.8,205,53.3,53,16.2,119,25.1,297,27.5,320,103.3,117,47.9,45,16.3,228,24.8,26,24.5,13,66.4,255,66.0,304,17.9,226,18.3,339,104.8,205,106.3,148,103.3,117,98.3,27,77.9,64,+1.1,47,+1.1,62,+1.1,50,+1.1,45,+0.9,66,-0.2,208,2.00,151,36.8,58,66.2,23,2024,0.5413524638952111,25,10,0.7142857142857143,35
24,Colorado,P12,26-11,+19.03,118.4,20,99.3,49,67.6,169,+.014,150,+9.34,63,110.9,65,101.6,57,-1.47,241,10,P12,67.6,169,118.4,20,55.4,15,18.1,254,31.9,84,35.1,115,99.3,49,49.7,129,15.2,295,24.8,25,27.3,50,67.6,169,69.0,140,17.0,105,17.7,240,118.4,20,113.6,29,99.3,49,102.7,109,78.8,10,+1.4,31,+1.2,57,+1.6,23,+2.5,3,+1.7,22,+1.1,91,1.86,177,24.0,313,56.6,63,2024,0.8832028508332544,26,11,0.7027027027027027,37
36,Colorado St.,MWC,25-11,+17.02,114.0,51,97.0,27,66.1,269,-.026,259,+9.30,65,111.9,36,102.6,83,+5.84,51,10,MWC,66.1,269,114.0,51,54.2,39,15.4,71,24.6,301,31.8,211,97.0,27,48.5,71,16.7,197,26.9,90,31.7,153,66.1,269,66.3,289,17.1,119,18.9,360,114.0,51,110.7,63,97.0,27,101.6,82,76.5,277,-1.1,318,-1.8,345,-0.5,246,-0.5,241,+0.4,134,-0.7,255,2.44,66,29.4,217,46.0,125,2024,0.8649592608037828,25,11,0.6944444444444444,36
232,Columbia,Ivy,13-14,-5.39,106.7,167,112.1,300,68.6,115,-.036,276,-2.61,237,104.2,273,106.8,203,-7.48,355,,Ivy,68.6,115,106.7,167,52.5,80,17.8,227,27.9,210,29.3,273,112.1,300,52.8,298,17.0,170,28.6,158,28.5,76,68.6,115,69.4,117,16.9,95,17.6,205,106.7,167,106.6,145,112.1,300,108.6,267,76.8,242,-0.8,296,-0.6,242,-1.1,315,-1.1,311,-0.1,201,+1.1,91,1.72,208,34.1,112,82.7,2,2024,0.3617545520061767,13,14,0.48148148148148145,27
1,Connecticut,BE,37-3,+36.43,127.5,1,91.1,4,64.6,330,+.037,95,+12.42,12,113.2,11,100.8,24,-3.40,283,1,BE,64.6,330,127.5,1,56.9,7,14.5,36,36.7,12,31.9,202,91.1,4,44.4,3,16.0,252,26.7,82,31.1,134,64.6,330,66.0,305,18.6,305,17.5,183,127.5,1,123.0,1,91.1,4,96.4,9,78.4,23,+1.5,24,+2.5,10,+0.6,105,+0.4,125,+1.2,49,+1.8,39,2.43,68,28.1,242,42.5,149,2024,0.9794840524675229,37,3,0.925,40
361,Coppin St.,MEAC,2-27,-25.73,85.7,361,111.4,285,66.2,266,-.057,311,-5.12,305,102.9,302,108.0,272,+0.66,169,,MEAC,66.2,266,85.7,361,42.1,361,23.0,360,27.0,249,31.1,227,111.4,285,51.3,227,21.8,14,38.6,362,38.3,299,66.2,266,67.3,255,17.5,177,17.6,221,85.7,361,85.3,361,111.4,285,107.3,239,77.0,209,+0.0,167,+0.3,130,-0.3,220,-0.6,263,+0.1,169,-0.4,223,0.82,339,39.8,23,16.7,325,2024,0.046701278298117536,2,27,0.06896551724137931,29
103,Cornell,Ivy,22-8,+7.19,113.4,60,106.2,176,71.5,23,+.024,123,+0.42,152,106.2,176,105.7,154,+0.14,192,,Ivy,71.5,23,113.4,60,56.5,9,17.0,182,26.8,258,28.0,305,106.2,176,51.3,226,18.3,93,31.7,303,32.5,179,71.5,23,71.5,42,15.0,5,18.6,357,113.4,60,112.3,42,106.2,176,105.2,184,77.1,177,-0.5,244,-0.9,280,-0.1,196,-0.4,234,-0.2,209,+1.6,56,1.36,269,42.6,9,63.9,30,2024,0.6801298815357296,22,8,0.7333333333333333,30
11,Creighton,BE,25-10,+24.22,120.9,9,96.7,24,66.8,229,-.018,235,+11.96,16,112.3,31,100.4,15,+4.99,67,3,BE,66.8,229,120.9,9,57.3,3,15.4,68,26.1,274,24.7,352,96.7,24,46.3,12,11.0,362,24.9,28,16.0,1,66.8,229,67.6,231,17.6,190,17.8,255,120.9,9,116.3,18,96.7,24,100.9,72,78.5,15,+2.4,5,+3.2,4,+1.7,18,+1.1,47,+0.5,131,+0.5,129,3.16,8,19.4,355,61.2,41,2024,0.9288084954831741,25,10,0.7142857142857143,35
336,Dartmouth,Ivy,6-21,-17.06,93.2,351,110.3,257,65.2,311,+.004,173,+0.80,142,107.5,124,106.7,199,-0.86,221,,Ivy,65.2,311,93.2,351,47.6,289,19.4,320,20.7,356,27.8,313,110.3,257,54.2,339,13.4,347,24.5,19,24.4,12,65.2,311,65.9,312,18.7,310,17.6,201,93.2,351,92.0,354,110.3,257,111.4,320,77.8,81,-0.1,186,-1.0,296,+0.8,90,+0.7,96,+1.3,40,+1.4,64,1.01,317,41.0,15,59.0,53,2024,0.12595068550286842,6,21,0.2222222222222222,27
125,Davidson,A10,15-17,+4.28,105.7,189,101.4,86,65.7,286,-.080,339,+4.21,101,107.8,111,103.6,90,+0.94,162,,A10,65.7,286,105.7,189,48.9,255,16.3,126,26.1,276,33.5,154,101.4,86,49.4,112,17.2,154,27.8,117,32.8,187,65.7,286,65.8,317,17.7,200,18.6,356,105.7,189,102.7,235,101.4,86,102.0,94,78.5,14,+1.1,50,+0.6,100,+1.5,27,+1.1,48,+1.2,46,+2.6,9,1.74,202,27.6,248,48.8,106,2024,0.6171847038727772,15,17,0.46875,32
32,Dayton,A10,25-8,+17.30,117.7,24,100.4,67,64.5,334,+.007,170,+6.88,86,109.3,94,102.4,74,+6.97,36,7,A10,64.5,334,117.7,24,56.3,11,16.0,102,26.3,272,36.7,79,100.4,67,48.3,62,15.9,256,28.6,159,21.9,3,64.5,334,64.7,346,18.5,294,18.4,346,117.7,24,114.0,25,100.4,67,102.2,98,77.0,208,+0.5,105,+0.8,85,+0.3,140,+0.3,134,-0.6,266,-1.6,304,2.42,71,21.2,345,37.2,189,2024,0.8615511257313586,25,8,0.7575757575757576,33
304,DePaul,BE,3-29,-11.06,101.6,261,112.6,315,67.6,167,-.022,251,+13.04,10,113.2,10,100.2,10,+1.61,140,,BE,67.6,167,101.6,261,48.1,275,19.9,328,22.0,349,33.5,155,112.6,315,56.5,361,14.5,317,32.3,321,28.4,75,67.6,167,68.4,183,18.5,295,16.5,16,101.6,261,94.9,340,112.6,315,119.4,362,77.7,82,+0.5,113,-0.3,200,+1.2,46,+1.4,32,+0.6,112,+0.1,179,1.81,189,33.6,120,22.7,293,2024,0.23466061871959554,3,29,0.09375,32
169,Delaware,CAA,19-14,-0.63,105.0,202,105.6,164,67.5,178,-.014,222,-3.07,248,105.1,234,108.2,284,-0.75,215,,CAA,67.5,178,105.0,202,51.9,106,16.0,107,27.5,231,30.9,234,105.6,164,48.7,81,15.1,302,27.9,126,27.1,44,67.5,178,67.4,249,17.8,211,17.9,280,105.0,202,106.9,138,105.6,164,102.9,116,77.5,121,-1.2,326,-1.6,337,-0.8,280,-0.1,187,+1.2,41,+3.1,4,2.16,110,24.1,309,39.1,175,2024,0.48362404849118756,19,14,0.5757575757575758,33
289,Delaware St.,MEAC,15-19,-9.98,95.8,335,105.8,166,68.9,101,-.010,213,-6.61,335,102.0,328,108.6,309,-0.79,218,,MEAC,68.9,101,95.8,335,46.1,333,21.2,346,33.4,50,39.5,30,105.8,166,50.9,199,22.0,12,31.7,301,36.2,273,68.9,101,69.6,104,17.5,184,17.0,69,95.8,335,96.6,325,105.8,166,100.7,63,77.6,105,+1.0,64,+1.0,71,+1.0,70,+0.5,113,-1.1,302,+0.9,114,1.28,282,22.0,335,48.8,105,2024,0.24198818019348134,15,19,0.4411764705882353,34
268,Denver,Sum,17-17,-7.96,107.8,144,115.8,351,70.5,47,+.018,140,-3.60,267,105.2,221,108.8,321,-1.61,246,,Sum,70.5,47,107.8,144,51.8,111,14.0,17,27.2,240,35.0,121,115.8,351,54.7,351,14.3,326,27.6,110,32.0,161,70.5,47,70.5,68,16.8,82,17.2,118,107.8,144,110.3,71,115.8,351,114.1,348,77.5,114,+0.9,69,+0.9,81,+0.9,79,+0.8,74,-0.1,191,-0.5,231,1.93,163,28.7,230,36.9,191,2024,0.30507433248782034,17,17,0.5,34
351,Detroit Mercy,Horz,1-31,-20.52,96.9,324,117.5,357,66.9,227,-.068,324,-0.36,179,107.2,136,107.6,251,+5.91,49,,Horz,66.9,227,96.9,324,47.3,295,19.5,323,26.0,278,30.3,251,117.5,357,55.9,359,17.3,149,35.4,355,31.9,158,66.9,227,68.0,207,18.5,298,16.8,34,96.9,324,96.5,327,117.5,357,117.1,358,75.8,347,-2.0,359,-1.8,342,-2.3,357,-1.1,312,-0.2,229,-1.1,284,0.86,335,30.8,179,19.1,315,2024,0.09825847906426129,1,31,0.03125,32
53,Drake,MVC,28-7,+14.53,115.1,40,100.5,73,68.0,148,+.051,62,+2.95,113,108.0,109,105.0,128,-1.34,236,10,MVC,68.0,148,115.1,40,54.7,25,13.8,13,24.1,315,32.3,188,100.5,73,50.8,195,17.5,139,22.5,2,31.3,138,68.0,148,68.6,159,17.7,197,17.4,157,115.1,40,113.6,30,100.5,73,100.3,53,76.3,307,-0.1,183,-0.2,188,-0.0,168,-1.0,299,-2.2,350,-0.5,232,2.03,140,27.5,253,43.0,148,2024,0.8263391846417545,28,7,0.8,35
126,Drexel,CAA,20-12,+4.17,108.3,141,104.1,135,64.6,332,-.035,271,-2.03,218,105.5,207,107.5,244,+0.36,180,,CAA,64.6,332,108.3,141,50.6,182,16.5,146,33.6,42,30.0,258,104.1,135,47.8,42,13.1,353,24.5,20,26.7,36,64.6,332,65.3,331,18.5,296,18.1,319,108.3,141,108.9,105,104.1,135,101.4,79,77.5,118,-0.6,268,-0.2,198,-1.0,296,+0.7,95,+0.8,70,+1.7,48,1.91,166,39.8,25,74.2,6,2024,0.6117944877016798,20,12,0.625,32
7,Duke,ACC,27-9,+26.47,121.6,8,95.2,16,66.4,253,-.064,322,+10.07,46,111.1,59,101.1,32,-0.04,199,4,ACC,66.4,253,121.6,8,54.6,28,14.4,33,32.1,77,34.3,132,95.2,16,48.5,77,16.8,185,25.9,55,28.1,68,66.4,253,67.1,263,17.5,181,18.1,315,121.6,8,117.4,11,95.2,16,98.6,31,78.2,33,+2.1,10,+2.1,17,+2.0,10,+0.1,167,+0.2,161,+1.1,91,1.76,197,25.8,285,66.0,24,2024,0.9434653448948903,27,9,0.75,36
88,Duquesne,A10,25-12,+9.19,107.2,158,98.0,31,66.2,264,+.079,24,+5.68,91,109.7,90,104.0,98,+1.51,145,11,A10,66.2,264,107.2,158,50.0,216,17.4,203,29.9,138,32.5,185,98.0,31,48.5,73,19.2,54,30.3,232,35.0,249,66.2,264,66.7,274,17.8,213,18.1,316,107.2,158,104.7,192,98.0,31,101.0,74,76.5,288,-0.1,180,-0.3,206,+0.2,146,-0.5,239,-0.6,265,-2.1,323,2.54,51,34.3,107,50.5,96,2024,0.7372803762096044,25,12,0.6756756756756757,37
189,East Carolina,Amer,15-18,-2.45,104.8,207,107.2,199,65.0,313,-.002,192,+1.08,137,107.0,139,105.9,162,-6.50,341,,Amer,65.0,313,104.8,207,47.6,288,16.3,127,32.7,68,34.0,139,107.2,199,51.3,222,18.7,70,31.0,275,32.7,184,65.0,313,65.6,323,18.3,284,18.0,300,104.8,207,103.9,211,107.2,199,107.0,231,76.5,290,-0.1,182,-0.7,252,+0.5,116,-0.8,279,-0.6,264,-1.8,313,1.87,175,26.0,282,66.4,22,2024,0.4352682129627128,15,18,0.45454545454545453,33
174,East Tennessee St.,SC,19-16,-0.97,103.4,229,104.4,138,67.1,209,+.028,114,-0.06,164,106.3,169,106.4,177,+0.97,161,,SC,67.1,209,103.4,229,46.9,313,18.1,258,35.1,23,33.9,144,104.4,138,50.9,200,18.8,69,29.4,201,36.7,282,67.1,209,68.2,196,17.8,221,17.3,130,103.4,229,103.0,232,104.4,138,103.5,138,77.3,150,+0.1,145,+0.0,168,+0.2,143,-0.0,175,+0.5,133,+0.1,169,1.64,233,26.4,276,22.6,296,2024,0.4723571643040555,19,16,0.5428571428571428,35
320,Eastern Illinois,OVC,14-18,-13.78,96.1,332,109.9,246,66.8,234,+.008,165,-6.44,331,101.6,338,108.0,274,+3.92,85,,OVC,66.8,234,96.1,332,44.8,350,15.8,91,27.7,220,27.2,327,109.9,246,52.0,265,19.7,41,27.9,127,37.5,293,66.8,234,67.5,242,17.9,228,17.5,185,96.1,332,96.5,326,109.9,246,104.4,165,76.3,308,-1.0,308,-0.9,277,-1.2,326,-0.4,233,+0.4,142,-1.8,315,1.07,308,33.6,122,19.7,311,2024,0.1760868517631242,14,18,0.4375,32
211,Eastern Kentucky,ASun,17-14,-4.02,107.0,161,111.0,275,68.9,103,+.016,147,-4.03,281,105.9,186,109.9,358,+3.14,96,,ASun,68.9,103,107.0,161,50.6,177,16.1,109,33.0,58,32.0,198,111.0,275,49.7,132,13.9,339,31.2,282,29.5,100,68.9,103,70.2,79,17.2,129,16.8,39,107.0,161,109.0,102,111.0,275,109.8,292,76.1,332,-1.3,333,-2.4,356,-0.1,199,-0.3,219,-1.9,344,-0.5,236,2.50,58,24.3,306,74.9,5,2024,0.39602254759452915,17,14,0.5483870967741935,31
326,Eastern Michigan,MAC,13-18,-15.12,96.9,323,112.1,299,65.4,308,+.090,19,-5.21,307,103.5,290,108.7,317,-3.65,288,,MAC,65.4,308,96.9,323,47.9,281,17.0,180,27.6,226,25.0,350,112.1,299,52.0,259,15.7,274,31.2,287,31.5,144,65.4,308,66.3,295,18.8,320,17.4,148,96.9,323,98.3,307,112.1,299,109.6,289,78.2,39,+0.4,118,-0.1,184,+1.0,65,+1.8,20,+1.4,32,+1.2,90,1.34,275,35.5,83,52.2,82,2024,0.15766758175638126,13,18,0.41935483870967744,31
152,Eastern Washington,BSky,21-11,+1.35,112.0,77,110.7,262,70.6,45,+.072,34,-1.71,212,105.8,189,107.5,250,+8.94,20,,BSky,70.6,45,112.0,77,57.2,4,19.0,305,26.4,269,39.6,28,110.7,262,52.8,302,16.3,226,27.1,99,33.5,207,70.6,45,70.7,61,15.9,28,18.2,321,112.0,77,112.4,39,110.7,262,109.1,274,78.4,24,+0.7,87,+1.1,66,+0.3,137,+0.9,59,+2.7,3,+1.5,59,1.65,230,29.6,210,44.7,135,2024,0.5335153837791576,21,11,0.65625,32
317,Elon,CAA,13-19,-13.31,101.8,257,115.1,346,67.5,176,+.050,64,-4.60,295,104.8,248,109.4,344,-2.32,259,,CAA,67.5,176,101.8,257,50.6,181,17.8,231,28.7,180,32.8,177,115.1,346,53.2,317,15.7,272,32.8,328,29.1,87,67.5,176,67.5,238,17.6,186,17.9,268,101.8,257,104.2,205,115.1,346,113.0,337,77.7,95,-0.2,194,-0.3,202,-0.1,191,-0.1,185,+1.6,29,+1.4,63,1.56,246,39.4,31,44.0,140,2024,0.195903210511429,13,19,0.40625,32
208,Evansville,MVC,17-18,-3.92,102.1,252,106.1,174,68.6,118,+.071,35,+2.14,127,106.9,142,104.8,123,-6.06,336,,MVC,68.6,118,102.1,252,50.1,214,16.6,156,21.4,353,28.3,301,106.1,174,52.4,282,17.2,157,26.1,58,28.3,70,68.6,118,69.3,126,17.4,158,17.2,101,102.1,252,99.6,286,106.1,174,105.9,204,77.8,79,+1.0,59,+0.6,100,+1.4,34,+1.0,51,+0.0,179,+0.1,183,1.46,259,37.9,47,38.1,181,2024,0.39127947373435906,17,18,0.4857142857142857,35
285,FIU,CUSA,11-22,-9.10,101.6,260,110.7,263,70.3,50,-.010,211,-1.27,199,104.2,268,105.5,144,-3.01,272,,CUSA,70.3,50,101.6,260,49.7,231,18.9,299,27.0,251,28.4,300,110.7,263,55.6,357,24.1,4,37.3,361,35.9,267,70.3,50,71.4,44,16.4,53,17.1,81,101.6,260,99.5,287,110.7,263,107.7,251,75.8,348,+0.1,155,+1.4,49,-1.2,322,-1.3,335,-3.8,361,-1.9,317,1.70,215,44.8,3,60.2,48,2024,0.271609189383919,11,22,0.3333333333333333,33
175,Fairfield,MAAC,24-13,-0.98,108.4,135,109.4,243,68.6,121,+.033,106,-5.23,309,101.8,334,107.0,216,-2.59,265,,MAAC,68.6,121,108.4,135,52.0,97,15.5,77,28.1,204,28.4,298,109.4,243,52.5,287,20.3,31,30.6,256,25.8,23,68.6,121,68.9,146,16.4,55,18.3,340,108.4,135,108.8,106,109.4,243,103.9,144,76.9,219,-0.7,273,-0.1,181,-1.2,330,-1.1,312,+0.1,172,+1.2,83,1.71,212,29.2,222,35.0,213,2024,0.4736239543793579,24,13,0.6486486486486487,37
327,Fairleigh Dickinson,NEC,15-17,-15.31,98.0,312,113.3,323,72.2,15,+.086,22,-9.09,357,100.3,354,109.4,343,-4.66,311,,NEC,72.2,15,98.0,312,47.1,307,17.2,193,27.8,218,34.9,124,113.3,323,52.9,305,19.2,55,31.5,297,32.0,164,72.2,15,72.9,18,15.6,21,17.2,96,98.0,312,99.9,282,113.3,323,106.7,223,75.7,351,-1.7,352,-2.1,354,-1.3,334,-1.2,328,-0.7,272,-2.1,328,1.35,272,31.4,160,54.3,71,2024,0.15864770400950626,15,17,0.46875,32
26,Florida,SEC,24-12,+18.19,120.0,12,101.8,94,72.0,17,-.021,246,+11.00,34,112.5,25,101.5,52,+2.02,128,7,SEC,72.0,17,120.0,12,51.8,114,15.7,87,37.3,8,38.4,41,101.8,94,49.3,107,14.5,318,28.8,168,34.8,245,72.0,17,73.1,14,15.9,27,16.9,49,120.0,12,115.1,19,101.8,94,106.4,218,78.7,13,+2.4,4,+2.4,11,+2.5,4,-0.4,232,+0.8,70,+2.3,15,2.38,78,30.5,189,24.7,289,2024,0.8689308890989931,24,12,0.6666666666666666,36
338,Florida A&M,SWAC,6-23,-17.66,93.3,349,111.0,274,68.4,130,-.040,285,-3.23,253,103.4,294,106.6,191,+18.88,1,,SWAC,68.4,130,93.3,349,47.5,292,21.4,352,26.3,270,28.0,304,111.0,274,51.8,252,16.3,225,31.7,304,39.2,312,68.4,130,69.6,106,17.1,118,17.4,164,93.3,349,92.5,353,111.0,274,109.2,278,76.4,300,-0.8,295,+0.4,125,-2.0,355,-1.1,312,-0.6,262,-0.1,195,0.91,330,38.9,34,22.7,294,2024,0.11944818706758516,6,23,0.20689655172413793,29
47,Florida Atlantic,Amer,25-9,+15.74,117.8,22,102.1,96,68.3,133,-.015,226,+5.56,93,109.6,91,104.1,99,+6.63,40,8,Amer,68.3,133,117.8,22,54.7,26,16.2,113,33.4,45,34.9,123,102.1,96,49.6,125,16.4,220,29.2,192,27.3,51,68.3,133,69.0,139,16.5,61,18.3,334,117.8,22,116.4,17,102.1,96,103.9,147,76.5,276,-0.3,222,+1.9,27,-2.5,359,-1.6,348,-0.6,259,-0.1,198,2.58,43,32.1,150,82.7,1,2024,0.8382017696630562,25,9,0.7352941176470589,34
241,Florida Gulf Coast,ASun,14-18,-5.63,103.3,232,109.0,236,63.9,342,-.054,306,-2.49,234,106.8,147,109.3,340,+4.75,72,,ASun,63.9,342,103.3,232,52.1,91,17.6,215,29.6,149,27.2,328,109.0,236,52.8,300,15.8,265,28.3,141,29.3,93,63.9,342,65.5,327,19.0,333,17.6,192,103.3,232,105.6,169,109.0,236,109.2,277,76.1,327,-1.1,317,-1.6,334,-0.6,261,-2.1,356,-0.4,246,-0.4,218,2.27,93,31.2,166,45.0,132,2024,0.3503113721821179,14,18,0.4375,32
79,Florida St.,ACC,17-16,+10.29,110.9,90,100.6,75,71.1,33,+.013,153,+11.13,32,112.7,17,101.6,58,+2.89,106,,ACC,71.1,33,110.9,90,50.3,201,16.4,137,28.5,188,36.8,74,100.6,75,52.2,271,20.7,24,32.8,329,41.0,331,71.1,33,72.2,27,16.1,33,17.1,88,110.9,90,105.7,168,100.6,75,105.6,196,79.3,1,+1.8,17,+1.2,56,+2.4,7,+1.9,11,+2.3,6,+3.3,3,2.32,87,36.0,74,50.6,94,2024,0.7541706962209537,17,16,0.5151515151515151,33
188,Fordham,A10,13-20,-2.41,101.2,266,103.6,123,68.8,108,-.027,260,+1.70,131,106.9,143,105.2,135,-5.96,335,,A10,68.8,108,101.2,266,46.7,322,18.3,272,32.6,73,35.2,110,103.6,123,50.4,176,19.7,43,27.4,104,45.1,351,68.8,108,69.4,122,17.2,125,17.4,153,101.2,266,99.5,290,103.6,123,102.7,110,77.1,175,-0.6,263,-0.8,260,-0.5,242,+0.1,162,+0.7,103,+0.5,139,1.99,156,37.1,56,54.9,69,2024,0.43301914665518915,13,20,0.3939393939393939,33
237,Fresno St.,MWC,12-21,-5.53,103.5,226,109.0,238,65.6,290,+.002,177,+5.22,95,109.4,92,104.1,101,-4.05,295,,MWC,65.6,290,103.5,226,51.5,128,18.8,296,24.4,303,30.4,248,109.0,238,53.1,314,15.4,288,30.4,241,28.0,63,65.6,290,65.9,310,17.8,215,18.4,351,103.5,226,100.8,267,109.0,238,111.1,317,77.1,173,-0.0,175,+1.0,72,-1.0,295,-0.3,227,+0.8,70,-0.4,222,2.71,32,29.1,224,42.1,153,2024,0.35539059682480895,12,21,0.36363636363636365,33
141,Furman,SC,17-16,+2.37,109.9,104,107.6,205,68.9,104,-.068,326,+0.78,143,107.4,126,106.6,192,+2.08,125,,SC,68.9,104,109.9,104,52.1,93,15.9,100,29.4,154,31.0,230,107.6,205,52.9,308,16.2,240,26.6,73,28.5,77,68.9,104,70.4,71,16.2,42,17.6,226,109.9,104,110.2,72,107.6,205,107.2,237,76.4,306,-0.6,257,-0.2,194,-0.9,290,-0.9,289,-1.2,320,-0.6,243,1.62,236,36.1,71,62.2,34,2024,0.5605088514495127,17,16,0.5151515151515151,33
204,Gardner Webb,BSth,17-16,-3.59,102.3,248,105.9,169,69.5,74,+.078,25,+0.69,144,107.4,127,106.7,198,+7.03,34,,BSth,69.5,74,102.3,248,49.0,250,16.1,110,27.9,213,35.9,94,105.9,169,50.3,166,16.1,246,26.7,83,39.3,316,69.5,74,69.8,98,16.2,40,18.0,291,102.3,248,101.8,252,105.9,169,105.7,197,75.4,355,-1.7,351,-1.0,292,-2.4,358,-1.7,351,-1.8,340,-1.7,310,2.10,124,32.2,145,62.2,35,2024,0.4018568523861307,17,16,0.5151515151515151,33
97,George Mason,A10,20-12,+8.09,109.5,108,101.5,88,63.8,344,-.033,269,+2.26,125,107.6,120,105.4,138,-3.27,280,,A10,63.8,344,109.5,108,52.0,99,18.0,243,31.7,93,36.7,80,101.5,88,48.0,48,16.5,213,27.5,108,31.7,154,63.8,344,64.8,343,18.7,309,18.2,327,109.5,108,108.7,107,101.5,88,101.6,85,77.6,100,+0.1,159,-0.4,217,+0.5,112,+0.4,124,+0.5,121,+1.3,80,1.76,194,31.2,168,16.5,326,2024,0.7052565112389135,20,12,0.625,32
203,George Washington,A10,15-17,-3.41,107.3,153,110.7,264,69.8,65,-.011,216,+0.18,155,105.6,205,105.4,140,-10.51,361,,A10,69.8,65,107.3,153,51.5,135,17.1,185,25.9,281,34.2,136,110.7,264,49.8,134,13.9,338,29.2,193,22.8,9,69.8,65,70.2,78,17.1,109,17.2,109,107.3,153,105.7,167,110.7,264,107.7,249,77.5,115,+0.0,163,-0.1,180,+0.2,153,+0.4,122,+0.2,160,+1.2,85,1.64,234,27.3,263,31.2,247,2024,0.41126347601661767,15,17,0.46875,32
192,Georgetown,BE,9-23,-2.50,110.6,96,113.1,321,66.7,237,-.021,248,+9.93,49,110.5,77,100.5,19,-7.21,349,,BE,66.7,237,110.6,96,48.6,264,17.9,239,33.4,48,33.9,145,113.1,321,55.7,358,16.4,221,30.7,261,33.6,208,66.7,237,67.5,246,18.3,282,17.2,98,110.6,96,104.0,209,113.1,321,115.0,353,77.7,94,+0.2,133,-0.0,178,+0.5,119,+0.6,101,+0.2,162,+1.3,76,2.22,100,29.0,226,18.4,318,2024,0.4360886816085772,9,23,0.28125,32
84,Georgia,SEC,20-17,+9.82,109.4,112,99.6,58,69.0,96,+.034,103,+10.47,39,112.8,15,102.4,73,+0.42,178,,SEC,69.0,96,109.4,112,49.8,222,16.1,111,27.1,248,36.6,81,99.6,58,49.8,136,16.1,243,30.5,246,29.3,92,69.0,96,70.6,63,16.6,69,17.5,170,109.4,112,105.4,172,99.6,58,105.2,182,78.3,31,+1.4,33,+1.6,35,+1.2,44,+0.7,89,+1.5,31,+0.7,121,2.12,121,36.5,64,25.8,279,2024,0.7463539844227334,20,17,0.5405405405405406,37
280,Georgia Southern,SB,9-24,-8.63,104.8,206,113.4,329,69.0,93,-.048,297,-1.08,196,105.4,211,106.4,180,-0.88,222,,SB,69.0,93,104.8,206,50.8,162,18.8,292,28.8,175,28.9,285,113.4,329,52.0,267,17.3,152,33.9,343,43.1,342,69.0,93,70.2,80,16.9,87,17.3,131,104.8,206,103.4,221,113.4,329,111.9,329,77.0,211,+0.5,111,-0.2,192,+1.1,48,+0.3,132,-0.3,235,-1.9,317,1.06,313,41.6,12,19.7,310,2024,0.2876187069664515,9,24,0.2727272727272727,33
218,Georgia St.,SB,14-17,-4.31,105.7,187,110.0,253,68.0,149,-.019,240,-1.05,193,105.6,201,106.6,194,+0.23,187,,SB,68.0,149,105.7,187,48.5,265,13.8,12,27.2,242,28.6,294,110.0,253,49.3,106,14.2,330,30.5,250,35.9,265,68.0,149,70.1,85,17.2,123,17.1,72,105.7,187,105.2,181,110.0,253,108.1,254,77.0,202,-1.3,337,-0.8,261,-1.8,351,-0.1,191,+1.0,58,+1.1,91,2.06,129,24.5,302,33.5,226,2024,0.3873256035783406,14,17,0.45161290322580644,31
123,Georgia Tech,ACC,14-18,+4.45,109.4,111,105.0,148,67.6,168,+.072,32,+11.25,28,111.4,49,100.2,9,+4.66,73,,ACC,67.6,168,109.4,111,48.7,260,17.7,223,31.6,95,29.2,282,105.0,148,49.2,105,12.8,356,28.5,150,31.6,146,67.6,168,68.3,191,17.6,188,17.7,237,109.4,111,102.5,242,105.0,148,108.8,269,78.3,30,+0.1,153,-0.1,185,+0.4,128,+1.3,37,+2.1,8,+2.1,20,1.69,219,31.9,151,33.9,224,2024,0.6158762319851598,14,18,0.4375,32
12,Gonzaga,WCC,27-8,+23.17,122.6,5,99.4,51,68.9,102,-.051,300,+5.21,96,109.3,95,104.1,100,+7.70,26,5,WCC,68.9,102,122.6,5,57.0,6,14.0,16,33.2,52,30.7,241,99.4,51,47.3,34,16.1,248,27.7,114,25.2,19,68.9,102,69.4,118,16.4,50,18.2,320,122.6,5,120.1,3,99.4,51,100.5,56,77.7,92,+1.1,51,+0.6,113,+1.6,24,+1.9,10,-0.7,269,-0.8,263,2.06,131,21.4,343,34.7,218,2024,0.917768856465837,27,8,0.7714285714285715,35
259,Grambling St.,SWAC,21-15,-7.09,100.1,287,107.2,197,64.8,324,+.139,5,-4.42,291,101.9,331,106.3,173,+15.00,4,16,SWAC,64.8,324,100.1,287,48.1,277,20.1,333,28.2,200,38.8,37,107.2,197,49.7,131,18.9,63,33.1,334,33.8,215,64.8,324,66.1,302,18.9,325,17.6,207,100.1,287,97.7,313,107.2,197,103.9,145,76.8,243,+0.0,164,+0.3,135,-0.2,211,-0.6,255,-1.5,334,+0.1,169,1.71,210,34.6,99,37.3,188,2024,0.3125863508630954,21,15,0.5833333333333334,36
52,Grand Canyon,WAC,30-5,+14.84,112.9,74,98.1,32,68.5,126,+.023,125,+0.17,157,105.2,217,105.1,130,-1.67,247,12,WAC,68.5,126,112.9,74,51.4,141,17.8,226,34.1,33,46.7,3,98.1,32,45.8,9,19.8,39,30.2,224,34.1,225,68.5,126,69.4,114,16.6,70,17.8,264,112.9,74,111.7,46,98.1,32,95.8,6,78.1,45,+0.2,134,+0.1,157,+0.3,136,+1.9,17,+0.8,70,+1.7,45,2.50,59,25.2,292,41.2,159,2024,0.8342321911210234,30,5,0.8571428571428571,35
230,Green Bay,Horz,18-14,-5.10,104.0,221,109.0,239,63.7,345,+.070,38,-3.05,246,105.3,213,108.4,295,+1.99,129,,Horz,63.7,345,104.0,221,52.4,82,18.6,291,27.3,234,29.4,270,109.0,239,49.4,111,14.0,337,28.4,143,34.2,226,63.7,345,64.9,341,19.6,348,17.3,144,104.0,221,104.8,189,109.0,239,107.0,232,77.1,182,-1.2,325,-1.9,348,-0.5,244,+0.0,171,+0.9,62,+1.4,71,0.76,347,41.3,13,12.3,338,2024,0.36818634806806366,18,14,0.5625,32
341,Hampton,CAA,9-24,-18.04,94.5,344,112.6,314,69.8,69,-.000,184,-4.09,282,105.0,240,109.1,336,-3.53,286,,CAA,69.8,69,94.5,344,46.7,321,17.9,236,27.9,212,29.4,271,112.6,314,51.6,247,15.0,306,31.9,309,29.9,111,69.8,69,70.0,90,17.2,139,16.9,55,94.5,344,97.1,322,112.6,314,112.1,331,77.8,73,-0.5,247,-0.9,281,-0.1,193,+0.9,59,+1.9,15,+1.6,53,1.67,227,37.2,55,35.2,211,2024,0.11760776209141524,9,24,0.2727272727272727,33
228,Harvard,Ivy,14-13,-4.95,102.0,256,106.9,189,67.5,177,+.075,31,-0.53,181,107.0,141,107.5,243,-2.08,256,,Ivy,67.5,177,102.0,256,50.2,206,17.8,233,26.5,264,35.7,98,106.9,189,50.1,156,16.0,255,31.3,293,25.8,25,67.5,177,67.7,223,16.9,90,18.6,354,102.0,256,102.7,237,106.9,189,106.2,212,77.6,107,+0.2,136,-0.0,173,+0.4,123,+0.7,94,+1.1,51,-0.1,194,0.77,346,29.7,204,27.4,267,2024,0.3682826021911095,14,13,0.5185185185185185,27
167,Hawaii,BW,20-14,-0.59,104.8,208,105.3,154,66.2,265,-.008,204,-3.21,252,103.8,284,107.0,217,-5.31,318,,BW,66.2,265,104.8,208,52.6,75,18.6,285,25.8,283,39.0,35,105.3,154,48.5,74,15.7,275,25.3,36,33.6,209,66.2,265,67.5,243,18.6,303,17.1,90,104.8,208,105.2,178,105.3,154,101.9,90,76.7,259,+0.7,82,+0.2,141,+1.2,43,-0.5,245,-1.4,330,-2.0,319,2.31,90,34.0,115,47.9,111,2024,0.48631942958632285,20,14,0.5882352941176471,34
114,High Point,BSth,27-9,+5.33,115.8,36,110.5,260,68.8,109,-.043,290,-3.91,277,104.5,261,108.4,296,-4.51,308,,BSth,68.8,109,115.8,36,52.3,87,16.0,104,36.9,10,43.2,7,110.5,260,50.0,155,14.0,335,26.3,65,37.5,292,68.8,109,68.8,149,18.1,257,16.9,46,115.8,36,117.7,8,110.5,260,107.4,243,77.3,144,+0.3,131,+1.0,70,-0.5,239,-1.1,312,+0.3,148,+1.4,73,0.99,322,26.6,274,14.8,333,2024,0.6315248477009094,27,9,0.75,36
113,Hofstra,CAA,20-13,+5.35,108.5,133,103.1,113,65.8,283,-.038,280,-0.32,178,107.6,123,107.9,270,+5.43,56,,CAA,65.8,283,108.5,133,55.4,16,15.7,90,22.9,341,22.3,360,103.1,113,49.0,90,17.7,132,29.7,213,29.0,85,65.8,283,66.4,282,17.8,223,18.2,329,108.5,133,110.0,78,103.1,113,103.5,132,77.1,183,+0.7,84,+0.9,79,+0.5,115,-0.7,272,-0.2,213,-0.6,248,2.91,18,22.3,333,59.1,52,2024,0.6426957988232035,20,13,0.6060606060606061,33
349,Holy Cross,Pat,10-23,-19.72,100.7,272,120.4,362,65.9,276,+.017,145,-7.78,350,100.6,350,108.4,291,-3.54,287,,Pat,65.9,276,100.7,272,50.1,212,16.6,154,23.2,333,25.9,343,120.4,362,53.6,325,12.8,357,28.0,130,30.6,128,65.9,276,65.4,330,18.5,301,17.9,283,100.7,272,100.6,274,120.4,362,114.2,349,76.3,309,-1.8,354,-2.3,355,-1.3,332,-0.7,277,-0.1,196,+0.5,135,1.61,238,32.1,149,51.9,87,2024,0.11357350766151296,10,23,0.30303030303030304,33
2,Houston,B12,32-5,+31.17,118.9,19,87.7,2,63.5,349,+.042,86,+11.57,23,111.9,37,100.3,13,-1.02,226,1,B12,63.5,349,118.9,19,50.3,193,13.8,9,36.8,11,30.8,238,87.7,2,44.0,2,24.4,3,31.2,284,39.4,318,63.5,349,64.1,352,18.9,327,18.3,335,118.9,19,113.5,31,87.7,2,89.0,1,75.9,345,-1.5,345,-1.9,346,-1.0,308,-1.8,352,-1.8,341,+0.1,169,2.27,92,29.8,202,45.4,128,2024,0.9706920482709461,32,5,0.8648648648648649,37
355,Houston Christian,Slnd,6-23,-22.42,96.6,327,119.0,361,71.5,26,-.005,198,-3.11,250,104.6,255,107.7,262,+11.70,7,,Slnd,71.5,26,96.6,327,46.9,316,21.0,344,29.8,145,37.0,72,119.0,361,54.0,333,13.7,342,34.0,345,28.6,80,71.5,26,72.7,20,17.2,127,15.9,1,96.6,327,95.0,336,119.0,361,116.1,356,77.5,123,-0.0,176,-0.0,174,-0.0,168,+0.5,111,-0.1,192,+1.3,77,0.64,352,29.8,201,32.0,240,2024,0.08330512160831356,6,23,0.20689655172413793,29
275,Howard,MEAC,18-17,-8.38,105.6,190,113.9,334,67.8,159,+.011,156,-7.02,340,100.6,349,107.6,253,-0.13,202,16,MEAC,67.8,159,105.6,190,51.7,115,21.4,353,33.8,40,42.1,10,113.9,334,51.1,211,16.7,195,30.2,225,38.4,302,67.8,159,69.0,141,17.9,231,16.7,32,105.6,190,106.4,146,113.9,334,107.4,241,76.4,298,-0.7,279,-0.4,217,-1.0,292,-0.7,278,-0.8,280,-0.6,250,1.17,298,30.6,185,33.3,227,2024,0.2952295951575549,18,17,0.5142857142857142,35
360,IUPUI,Horz,6-26,-25.61,92.3,353,117.9,358,67.5,183,-.019,244,-3.06,247,106.1,179,109.2,338,-4.33,303,,Horz,67.5,183,92.3,353,46.5,325,21.3,351,29.9,134,33.2,158,117.9,358,58.2,362,18.5,86,35.4,356,33.4,202,67.5,183,68.7,158,17.8,216,17.3,128,92.3,353,94.0,346,117.9,358,118.3,361,76.6,268,-0.7,276,-0.4,213,-1.0,291,-0.8,287,+0.3,146,-0.9,277,1.45,260,35.4,87,52.3,81,2024,0.056512798808064355,6,26,0.1875,32
321,Idaho,BSky,11-21,-13.99,98.3,308,112.3,307,65.0,314,-.019,242,-3.95,278,104.8,249,108.7,318,-2.31,257,,BSky,65.0,314,98.3,308,50.2,204,17.5,205,22.7,343,26.7,335,112.3,307,53.5,322,16.7,200,28.6,155,37.2,288,65.0,314,65.6,324,18.4,289,18.1,314,98.3,308,100.5,276,112.3,307,110.5,302,76.9,228,+0.2,139,-0.4,217,+0.8,83,-0.4,238,-0.2,211,-1.1,286,0.19,362,36.4,65,2.0,357,2024,0.17781480245682885,11,21,0.34375,32
258,Idaho St.,BSky,14-20,-7.07,103.4,230,110.5,259,64.1,340,-.054,305,-3.78,273,105.1,232,108.9,326,-1.14,230,,BSky,64.1,340,103.4,230,51.1,151,16.7,160,30.3,120,33.5,156,110.5,259,54.5,346,18.2,100,26.8,86,32.6,182,64.1,340,64.6,349,20.4,361,16.8,37,103.4,230,105.3,175,110.5,259,108.6,265,77.4,142,-0.3,215,-0.7,253,+0.2,152,+0.1,157,-0.2,213,+1.9,35,1.32,279,21.3,344,37.9,184,2024,0.317838849949426,14,20,0.4117647058823529,34
10,Illinois,B10,29-9,+24.53,125.5,3,101.0,80,69.8,66,-.004,194,+11.92,17,111.8,40,99.9,7,-2.33,260,3,B10,69.8,66,125.5,3,53.6,49,15.0,52,35.6,18,37.1,70,101.0,80,48.0,50,12.3,360,26.3,63,26.7,35,69.8,66,70.1,84,17.4,168,17.0,56,125.5,3,118.3,6,101.0,80,104.1,154,78.8,8,+0.5,109,+0.3,129,+0.7,98,+1.1,50,+2.8,2,+3.5,2,3.11,11,28.3,238,44.7,134,2024,0.9239755267295989,29,9,0.7631578947368421,38
196,Illinois Chicago,MVC,12-21,-2.76,100.9,271,103.6,124,68.3,135,-.064,323,+2.55,121,107.4,125,104.8,124,-3.02,274,,MVC,68.3,135,100.9,271,50.6,174,17.7,222,22.9,342,26.0,340,103.6,124,48.9,86,17.4,140,28.4,147,35.9,269,68.3,135,68.6,166,17.5,173,17.6,206,100.9,271,99.0,296,103.6,124,103.2,124,77.5,116,-0.6,260,-1.1,298,-0.1,200,-0.1,191,+1.4,34,+1.8,40,2.03,141,23.8,317,50.2,98,2024,0.4246568710161936,12,21,0.36363636363636365,33
179,Illinois St.,MVC,15-17,-1.86,102.7,243,104.6,142,63.8,343,+.021,130,+1.13,136,107.3,131,106.2,169,-4.00,293,,MVC,63.8,343,102.7,243,47.7,287,17.1,188,28.9,173,36.1,92,104.6,142,50.9,205,16.5,212,26.0,56,27.2,46,63.8,343,65.2,339,18.6,306,18.0,308,102.7,243,101.8,255,104.6,142,104.7,173,76.0,335,-0.7,272,-0.7,249,-0.6,262,-1.4,340,-1.3,327,-1.5,296,2.39,77,32.4,138,44.3,138,2024,0.4474914445583317,15,17,0.46875,32
345,Incarnate Word,Slnd,8-23,-19.04,96.5,329,115.5,350,70.0,56,-.009,207,-6.84,336,102.2,320,109.0,332,-3.16,278,,Slnd,70.0,56,96.5,329,48.2,274,21.7,355,30.0,131,37.1,71,115.5,350,51.8,254,15.1,300,30.0,220,40.7,329,70.0,56,71.4,45,17.2,140,16.5,13,96.5,329,98.4,305,115.5,350,110.2,299,76.7,255,-0.9,303,-1.1,304,-0.8,278,+0.2,149,-0.6,263,+0.1,181,1.06,312,35.9,76,20.8,306,2024,0.11235917764150023,8,23,0.25806451612903225,31
91,Indiana,B10,19-14,+8.74,109.8,105,101.1,84,68.5,122,+.138,6,+11.77,21,113.0,12,101.2,38,-0.89,223,,B10,68.5,122,109.8,105,52.1,96,17.5,208,27.0,254,37.7,58,101.1,84,49.0,93,14.9,308,29.7,211,31.6,150,68.5,122,69.4,120,17.0,101,17.8,266,109.8,105,104.3,203,101.1,84,107.1,234,79.0,4,+1.7,19,+1.9,25,+1.6,25,+2.4,4,+1.9,16,+1.7,44,1.68,224,31.0,177,28.3,262,2024,0.7209803422375326,19,14,0.5757575757575758,33
38,Indiana St.,MVC,32-7,+16.69,119.9,13,103.2,114,70.9,35,+.032,110,+3.07,109,107.7,117,104.7,119,-4.40,305,,MVC,70.9,35,119.9,13,59.8,1,16.2,117,23.5,332,33.1,162,103.2,114,49.9,146,15.5,283,23.3,6,25.9,27,70.9,35,71.5,43,15.9,26,17.7,231,119.9,13,118.3,7,103.2,114,102.6,106,76.6,270,+0.1,148,+0.2,150,+0.1,158,-0.8,286,-0.1,195,-2.2,331,2.08,125,16.9,360,36.8,193,2024,0.8487558179690138,32,7,0.8205128205128205,39
226,Iona,MAAC,16-17,-4.86,103.5,223,108.4,218,67.1,212,-.045,292,-5.11,304,102.7,310,107.9,268,-0.52,212,,MAAC,67.1,212,103.5,223,50.0,215,14.9,50,28.3,194,28.5,296,108.4,218,52.8,303,22.2,10,30.8,269,37.5,294,67.1,212,68.0,211,17.5,180,17.7,238,103.5,223,104.9,187,108.4,218,103.6,139,76.6,274,-0.5,241,-0.5,233,-0.5,240,-0.6,257,-0.4,244,-1.0,282,2.00,152,35.0,92,7.1,350,2024,0.37006231825599517,16,17,0.48484848484848486,33
57,Iowa,B10,19-15,+14.15,119.6,16,105.4,157,71.8,19,-.021,247,+11.88,18,112.6,21,100.8,22,-1.15,231,,B10,71.8,19,119.6,16,52.8,67,13.2,5,27.4,232,33.1,164,105.4,157,52.3,276,16.5,214,30.3,229,32.9,189,71.8,19,72.7,21,15.4,16,17.6,208,119.6,16,113.9,27,105.4,157,109.5,287,78.5,16,+1.0,58,+0.2,152,+1.8,14,+1.9,18,+1.6,30,+1.5,58,1.94,160,30.5,188,41.8,155,2024,0.8105345622750356,19,15,0.5588235294117647,34
8,Iowa St.,B12,29-8,+26.47,113.9,52,87.5,1,67.2,201,+.002,179,+10.43,40,111.3,56,100.8,26,-7.05,345,2,B12,67.2,201,113.9,52,52.0,100,15.4,70,31.1,103,35.4,105,87.5,1,47.4,36,25.3,2,29.3,197,34.8,241,67.2,201,67.9,214,17.3,144,18.1,317,113.9,52,110.6,65,87.5,1,90.6,2,77.5,110,+0.3,126,+0.1,166,+0.6,101,+0.3,130,+0.8,97,+0.3,152,2.11,123,27.0,266,36.6,197,2024,0.9540141115416035,29,8,0.7837837837837838,37
309,Jackson St.,SWAC,15-17,-11.66,100.6,276,112.3,306,68.5,124,+.095,15,-6.07,324,102.4,317,108.5,302,+7.30,30,,SWAC,68.5,124,100.6,276,47.0,309,19.0,307,34.9,26,34.7,127,112.3,306,52.6,294,19.0,59,32.0,313,34.5,234,68.5,124,70.0,92,17.6,191,16.7,29,100.6,276,101.7,256,112.3,306,107.6,248,75.5,354,-1.1,316,-1.2,312,-1.0,293,-0.4,231,-1.6,335,-4.0,362,2.19,105,28.8,229,65.5,25,2024,0.22007172456674626,15,17,0.46875,32
273,Jacksonville,ASun,16-17,-8.28,101.1,269,109.3,242,65.6,293,+.043,83,-3.86,276,106.3,167,110.2,361,+0.17,190,,ASun,65.6,293,101.1,269,48.7,258,19.1,313,34.7,28,36.2,88,109.3,242,52.3,280,17.4,142,30.7,264,40.4,328,65.6,293,67.6,232,18.5,300,16.9,43,101.1,269,103.0,230,109.3,242,109.6,290,77.1,192,+0.0,171,-0.4,217,+0.4,124,-1.4,339,-0.2,213,+1.2,86,1.68,225,35.4,84,21.6,300,2024,0.28969987981440587,16,17,0.48484848484848486,33
200,Jacksonville St.,CUSA,14-18,-2.94,102.0,254,105.0,147,64.8,321,-.109,357,-1.95,217,104.3,266,106.3,172,-2.65,268,,CUSA,64.8,321,102.0,254,48.2,273,20.3,339,33.8,39,37.2,66,105.0,147,50.5,184,18.2,99,25.3,38,34.9,247,64.8,321,66.2,296,18.7,312,17.2,107,102.0,254,101.2,261,105.0,147,101.7,86,77.8,78,-0.2,197,-0.3,207,-0.1,192,+0.8,88,+1.3,38,+1.5,61,1.48,255,31.2,169,26.5,272,2024,0.41742411750455416,14,18,0.4375,32
63,James Madison,SB,32-4,+12.42,113.0,72,100.6,74,69.7,70,+.093,18,-3.41,261,104.1,276,107.5,246,-6.82,343,12,SB,69.7,70,113.0,72,53.9,44,14.9,48,31.8,89,34.9,122,100.6,74,47.2,27,19.7,42,27.7,113,35.1,251,69.7,70,71.0,53,16.6,67,17.1,93,113.0,72,114.0,24,100.6,74,97.5,21,77.3,151,-0.3,219,-0.8,265,+0.2,148,+0.8,86,+0.6,110,+0.0,187,3.07,12,33.4,125,36.5,198,2024,0.7919482088248657,32,4,0.8888888888888888,36
27,Kansas,B12,23-11,+17.94,113.5,59,95.6,20,69.2,88,+.058,52,+13.61,5,113.0,13,99.3,3,+5.20,62,4,B12,69.2,88,113.5,59,53.5,52,16.5,148,25.7,286,32.5,186,95.6,20,48.3,61,16.5,207,26.5,71,28.5,79,69.2,88,69.8,99,16.5,56,18.0,305,113.5,59,107.4,128,95.6,20,100.6,58,78.8,6,+2.4,6,+3.7,2,+1.1,51,+1.9,11,+0.7,106,+1.2,87,2.85,22,24.1,310,43.9,142,2024,0.8780128153180038,23,11,0.6764705882352942,34
70,Kansas St.,B12,19-15,+11.52,108.3,139,96.8,25,67.7,166,+.028,113,+11.49,24,111.8,41,100.3,12,+0.06,197,,B12,67.7,166,108.3,139,50.2,209,21.1,345,32.4,74,38.3,42,96.8,25,46.8,23,16.0,254,30.5,249,33.1,192,67.7,166,68.5,171,17.7,201,17.4,151,108.3,139,102.7,238,96.8,25,101.1,75,76.9,215,+0.9,66,+0.9,75,+0.9,74,-0.3,222,-0.9,290,-1.7,309,2.00,150,23.6,321,21.3,303,2024,0.7843111297182734,19,15,0.5588235294117647,34
265,Kennesaw St.,ASun,15-16,-7.57,105.3,197,112.9,319,74.1,4,+.019,136,-4.23,286,105.7,195,109.9,359,-0.49,208,,ASun,74.1,4,105.3,197,51.5,134,16.0,103,29.9,133,35.4,102,112.9,319,53.1,311,17.7,128,30.7,259,43.2,345,74.1,4,74.9,3,14.1,1,18.0,301,105.3,197,108.2,114,112.9,319,111.0,316,76.8,239,-0.3,210,-0.7,250,+0.1,154,+1.3,34,-0.3,233,-2.2,332,1.96,159,31.4,162,39.7,169,2024,0.3097209729068436,15,16,0.4838709677419355,31
171,Kent St.,MAC,17-17,-0.81,106.1,175,107.0,193,66.6,245,-.083,343,-2.12,222,105.0,239,107.1,219,+3.45,92,,MAC,66.6,245,106.1,175,50.7,173,17.2,194,31.0,106,31.9,205,107.0,193,51.3,230,18.6,79,28.9,171,34.9,246,66.6,245,67.5,239,18.1,253,17.8,253,106.1,175,107.2,134,107.0,193,104.4,163,75.2,357,-1.4,343,-1.6,335,-1.3,333,-1.5,347,-2.5,357,-2.7,348,1.80,191,29.6,208,49.1,104,2024,0.47573455940978626,17,17,0.5,34
23,Kentucky,SEC,23-10,+19.29,122.2,7,102.9,109,72.7,12,-.040,286,+8.94,76,111.4,48,102.5,79,-0.17,203,3,SEC,72.7,12,122.2,7,57.2,5,14.3,26,28.9,174,30.4,246,102.9,109,49.6,124,15.9,263,30.3,234,33.5,204,72.7,12,73.9,8,15.6,18,17.1,71,122.2,7,118.9,5,102.9,109,106.4,217,78.8,9,+1.8,13,+2.3,12,+1.3,36,+1.6,22,+0.8,67,+2.1,20,1.76,196,35.3,89,18.4,317,2024,0.8783466946870775,23,10,0.696969696969697,33
343,LIU,NEC,7-22,-18.87,93.3,350,112.2,302,70.4,49,-.001,189,-5.93,322,101.5,340,107.4,236,+1.82,134,,NEC,70.4,49,93.3,350,46.4,328,20.2,337,25.4,291,31.5,221,112.2,302,50.8,197,15.8,268,28.7,163,41.0,332,70.4,49,71.3,48,17.2,133,16.1,4,93.3,350,92.8,350,112.2,302,107.0,230,76.4,297,-0.3,216,+0.5,117,-1.1,314,-1.0,306,-1.2,307,-0.7,254,0.98,323,32.1,148,25.6,282,2024,0.10704153032788793,7,22,0.2413793103448276,29
95,LSU,SEC,17-16,+8.26,110.5,99,102.2,99,69.9,61,-.019,243,+8.85,77,111.3,54,102.4,77,-1.46,240,,SEC,69.9,61,110.5,99,52.3,86,18.6,287,30.7,109,38.3,43,102.2,99,49.7,133,18.2,101,31.4,294,33.7,211,69.9,61,70.7,60,16.7,75,17.2,104,110.5,99,107.3,132,102.2,99,105.4,189,78.5,17,+2.3,8,+1.8,30,+2.9,2,+0.9,59,+1.0,57,+0.4,146,2.40,76,39.7,28,34.3,221,2024,0.7105309648166158,17,16,0.5151515151515151,33
195,La Salle,A10,16-17,-2.74,106.1,177,108.8,230,66.7,238,+.045,75,+1.15,135,106.8,148,105.6,148,-7.42,353,,A10,66.7,238,106.1,177,49.2,246,14.2,23,27.1,244,24.8,351,108.8,230,50.7,194,15.4,285,30.8,268,33.3,200,66.7,238,67.1,261,17.8,219,17.8,261,106.1,177,105.0,185,108.8,230,108.5,263,76.1,329,-0.7,270,-0.2,196,-1.1,312,-0.5,246,-1.7,336,-1.7,311,1.96,158,24.0,315,57.3,58,2024,0.42825192808197976,16,17,0.48484848484848486,33
318,Lafayette,Pat,11-21,-13.48,93.6,347,107.1,194,65.4,307,-.028,264,-5.76,320,102.7,313,108.4,300,+3.05,103,,Pat,65.4,307,93.6,347,46.9,315,17.5,209,24.2,312,23.9,355,107.1,194,48.5,76,17.4,146,29.1,188,31.5,143,65.4,307,65.3,335,18.7,311,18.0,295,93.6,347,94.7,344,107.1,194,102.0,93,77.2,164,+0.8,77,+1.6,43,-0.0,168,+1.0,56,-0.1,199,-2.1,329,1.32,278,33.3,126,38.4,178,2024,0.17516935601110653,11,21,0.34375,32
210,Lamar,Slnd,19-14,-3.97,104.3,215,108.3,216,68.3,134,-.030,266,-7.84,351,101.8,333,109.7,354,-3.27,281,,Slnd,68.3,134,104.3,215,50.9,160,18.0,244,33.1,56,33.2,160,108.3,216,49.2,100,19.3,50,32.0,312,39.2,314,68.3,134,69.9,95,16.5,64,17.6,223,104.3,215,107.4,130,108.3,216,103.4,129,76.6,267,-0.3,207,+0.1,164,-0.6,257,+0.6,102,-1.2,319,-1.6,301,1.14,301,36.3,69,53.2,78,2024,0.3934606346981584,19,14,0.5757575757575758,33
302,Le Moyne,NEC,15-17,-10.94,100.1,286,111.1,277,67.4,192,-.055,307,-8.72,355,99.9,357,108.6,314,-0.97,224,,NEC,67.4,192,100.1,286,50.1,210,16.9,177,23.7,327,25.3,347,111.1,277,50.6,189,17.9,117,29.8,216,27.8,61,67.4,192,68.4,186,17.3,156,17.6,193,100.1,286,102.1,246,111.1,277,104.2,159,75.9,341,-1.4,344,-2.1,351,-0.8,284,-0.7,273,-0.9,293,-1.6,298,1.17,299,32.3,142,0.0,0,2024,0.2316528705909839,15,17,0.46875,32
263,Lehigh,Pat,14-18,-7.43,99.5,297,106.9,187,70.1,54,-.073,332,-6.16,325,101.6,337,107.8,264,+7.42,28,,Pat,70.1,54,99.5,297,49.5,237,16.9,174,22.0,350,33.0,167,106.9,187,51.7,251,17.9,118,23.5,8,29.6,104,70.1,54,69.6,108,16.9,86,17.6,209,99.5,297,100.6,275,106.9,187,101.6,84,76.1,328,-0.5,235,-0.8,268,-0.1,190,-1.1,312,-1.2,305,-2.0,320,1.36,271,38.5,36,49.4,103,2024,0.30471053402695114,14,18,0.4375,32
137,Liberty,CUSA,18-14,+2.73,109.2,120,106.5,180,64.7,329,-.052,304,+0.05,160,104.3,267,104.3,106,+3.12,98,,CUSA,64.7,329,109.2,120,54.3,34,16.2,114,24.5,302,26.7,336,106.5,180,50.8,196,17.0,174,25.4,41,30.3,121,64.7,329,65.7,319,18.9,326,17.5,173,109.2,120,108.2,113,106.5,180,103.2,123,74.5,362,-1.3,335,-2.4,356,-0.2,208,-2.6,360,-4.0,362,-3.7,358,2.48,63,21.9,339,61.0,43,2024,0.5714855891911327,18,14,0.5625,32
356,Lindenwood,OVC,9-22,-22.52,91.7,355,114.2,339,67.2,204,+.024,122,-7.21,342,101.5,339,108.7,316,-1.84,249,,OVC,67.2,204,91.7,355,43.3,358,18.0,246,23.8,323,38.3,45,114.2,339,53.9,331,17.7,130,29.0,177,40.2,327,67.2,204,68.2,197,17.9,227,17.2,112,91.7,355,92.7,351,114.2,339,109.3,279,77.4,141,-1.1,310,-2.1,352,-0.0,168,+0.6,99,+0.6,109,+2.1,20,1.51,252,33.4,123,19.3,313,2024,0.07423171018183432,9,22,0.2903225806451613,31
166,Lipscomb,ASun,20-12,-0.39,112.0,78,112.4,308,69.1,90,+.010,158,-3.96,280,105.3,216,109.2,339,+2.21,122,,ASun,69.1,90,112.0,78,56.2,12,14.2,24,23.2,335,27.5,322,112.4,308,53.5,324,16.1,245,29.3,196,22.8,10,69.1,90,70.5,69,16.5,60,17.6,190,112.0,78,114.3,22,112.4,308,109.8,293,76.5,286,-0.5,240,+0.3,136,-1.2,328,-1.7,350,-0.2,213,-0.3,215,1.89,169,30.5,187,38.7,177,2024,0.4897518702072579,20,12,0.625,32
194,Little Rock,OVC,21-13,-2.62,106.7,165,109.3,240,68.9,100,-.014,225,-8.87,356,100.9,347,109.8,356,-6.29,339,,OVC,68.9,100,106.7,165,52.6,74,17.5,206,31.9,81,32.8,176,109.3,240,48.2,59,17.8,124,30.0,219,35.4,257,68.9,100,69.9,97,16.9,91,17.3,140,106.7,165,109.9,80,109.3,240,102.6,105,76.7,254,-0.0,174,-0.8,257,+0.7,91,-0.3,225,-1.3,322,-0.6,244,1.52,250,28.1,241,24.9,285,2024,0.43122247510224204,21,13,0.6176470588235294,34
165,Long Beach St.,BW,21-15,-0.25,107.3,154,107.5,203,71.5,24,+.053,59,-0.30,177,105.2,225,105.5,143,+1.29,151,15,BW,71.5,24,107.3,154,48.4,266,17.2,190,33.2,54,37.8,56,107.5,203,51.0,209,18.3,97,29.5,208,32.2,169,71.5,24,72.1,29,15.4,14,18.0,290,107.3,154,105.4,173,107.5,203,105.2,183,77.2,167,+0.2,137,+0.7,92,-0.3,221,-0.1,191,+1.0,55,-1.1,287,2.43,69,26.2,280,73.7,7,2024,0.49464638555019436,21,15,0.5833333333333334,36
161,Longwood,BSth,21-14,+0.35,105.5,191,105.2,151,66.9,228,-.005,199,-3.40,260,104.7,252,108.1,280,-6.80,342,16,BSth,66.9,228,105.5,191,49.1,248,18.5,279,36.6,13,39.5,29,105.2,151,51.9,255,19.5,45,25.9,53,36.2,275,66.9,228,67.7,227,17.5,175,17.9,277,105.5,191,106.3,150,105.2,151,102.6,104,77.1,191,-0.5,237,+0.1,158,-1.0,296,+0.9,59,-0.4,248,+0.1,169,2.04,138,29.4,214,43.5,145,2024,0.5081862696726972,21,14,0.6,35
151,Louisiana,SB,19-14,+1.40,105.9,183,104.5,140,68.8,105,-.017,234,-0.76,190,106.4,164,107.2,221,+1.74,136,,SB,68.8,105,105.9,183,50.7,172,16.8,167,30.8,108,28.6,292,104.5,140,49.9,144,20.6,25,32.9,332,40.1,325,68.8,105,70.4,72,17.2,142,16.6,23,105.9,183,106.6,144,104.5,140,103.4,127,76.4,301,-0.9,298,-1.5,328,-0.2,214,+0.1,163,-2.0,345,+0.1,169,1.73,207,24.8,298,44.5,136,2024,0.5381865147609023,19,14,0.5757575757575758,33
298,Louisiana Monroe,SB,11-19,-10.64,100.1,288,110.7,265,67.3,194,+.027,115,-0.61,184,105.0,237,105.7,152,+1.58,142,,SB,67.3,194,100.1,288,44.8,351,18.2,265,34.1,34,38.4,40,110.7,265,52.6,291,17.2,158,29.0,183,37.6,295,67.3,194,68.3,192,18.4,291,16.8,35,100.1,288,98.0,309,110.7,265,109.4,285,77.8,70,+1.4,32,+1.5,44,+1.3,37,-0.1,180,+0.8,70,-0.0,193,1.27,285,35.4,86,31.9,241,2024,0.23911770320816936,11,19,0.36666666666666664,30
94,Louisiana Tech,CUSA,22-10,+8.33,108.8,127,100.5,69,65.8,281,-.072,330,-0.24,172,104.7,250,104.9,127,+3.95,84,,CUSA,65.8,281,108.8,127,50.6,175,18.9,300,33.9,36,42.0,11,100.5,69,45.6,8,17.6,137,28.0,131,32.0,163,65.8,281,66.8,272,18.3,277,17.6,191,108.8,127,107.2,135,100.5,69,97.3,16,77.3,154,+0.5,114,+0.6,97,+0.3,141,-0.1,179,-0.6,267,+0.5,140,2.03,142,31.2,165,34.8,216,2024,0.7135250566367501,22,10,0.6875,32
185,Louisville,ACC,8-24,-2.31,105.9,184,108.2,214,69.9,60,-.036,277,+9.33,64,111.4,50,102.1,69,-4.31,302,,ACC,69.9,60,105.9,184,48.4,269,18.1,256,28.2,196,38.8,36,108.2,214,54.6,350,16.2,238,27.5,109,33.8,214,69.9,60,70.4,70,17.1,121,16.9,47,105.9,184,101.4,259,108.2,214,112.1,330,77.6,106,+0.2,141,+0.3,137,+0.1,163,+0.2,152,+1.2,42,+0.5,138,1.07,307,27.4,259,31.4,244,2024,0.43853980238338724,8,24,0.25,32
93,Loyola Chicago,A10,23-10,+8.38,105.5,192,97.1,28,68.7,110,+.056,54,+3.03,111,107.6,121,104.6,116,-3.50,285,,A10,68.7,110,105.5,192,51.5,133,18.6,288,27.5,228,33.4,157,97.1,28,46.4,14,17.7,129,25.2,33,36.5,280,68.7,110,69.1,135,17.1,116,17.6,203,105.5,192,103.4,220,97.1,28,97.2,15,76.8,241,-0.7,274,-0.5,236,-0.8,282,-0.5,242,+0.5,125,-0.5,237,2.65,39,38.2,43,46.8,118,2024,0.7219490388309713,23,10,0.696969696969697,33
350,Loyola MD,Pat,7-25,-20.27,93.3,348,113.6,331,65.8,280,-.008,203,-6.52,334,102.1,323,108.6,307,+0.56,173,,Pat,65.8,280,93.3,348,47.2,300,20.4,340,29.2,157,30.0,257,113.6,331,53.3,319,15.6,276,26.4,67,32.6,181,65.8,280,65.8,315,19.4,345,17.0,66,93.3,348,94.8,342,113.6,331,108.5,264,76.7,253,+1.0,57,+0.6,100,+1.4,29,-0.4,237,-0.0,187,-3.7,357,1.64,232,35.8,77,50.3,97,2024,0.0941547242841967,7,25,0.21875,32
187,Loyola Marymount,WCC,12-19,-2.37,108.4,137,110.7,266,64.7,327,-.112,359,-0.08,165,106.5,161,106.6,188,-1.87,251,,WCC,64.7,327,108.4,137,51.6,125,16.3,133,29.4,151,28.8,290,110.7,266,50.4,173,12.4,359,27.1,98,28.3,73,64.7,327,65.9,313,18.5,302,18.0,297,108.4,137,108.0,119,110.7,266,109.3,280,77.3,155,+0.8,72,+1.3,50,+0.3,132,-0.6,265,-0.4,245,+0.0,190,2.66,36,34.6,100,31.6,243,2024,0.43992877282643184,12,19,0.3870967741935484,31
231,Maine,AE,15-17,-5.23,97.3,319,102.5,102,65.5,300,+.003,175,-2.74,239,104.2,272,106.9,213,-1.33,234,,AE,65.5,300,97.3,319,47.7,284,16.8,168,23.1,337,29.9,259,102.5,102,49.9,143,19.2,53,27.8,119,32.1,167,65.5,300,67.6,236,18.0,242,17.5,172,97.3,319,97.3,318,102.5,102,99.5,38,77.4,132,-0.5,246,-0.6,241,-0.4,229,-0.5,247,+0.8,70,+2.2,18,2.07,126,25.8,286,67.4,19,2024,0.3546334319592004,15,17,0.46875,32
337,Manhattan,MAAC,7-23,-17.47,95.2,340,112.6,316,68.1,141,-.016,228,-3.60,268,102.7,312,106.3,174,+3.08,99,,MAAC,68.1,141,95.2,340,47.2,301,19.3,319,25.2,296,22.1,361,112.6,316,53.1,316,17.0,172,30.3,230,27.3,49,68.1,141,69.0,142,18.1,259,16.6,18,95.2,340,94.3,345,112.6,316,109.0,272,76.5,281,-0.8,288,-1.4,323,-0.2,212,-0.5,240,-0.3,237,-0.7,253,0.85,336,29.7,203,8.3,347,2024,0.12670516201519139,7,23,0.23333333333333334,30
215,Marist,MAAC,18-13,-4.15,97.0,322,101.1,83,64.8,323,+.001,181,-6.98,339,101.1,342,108.1,281,-7.76,356,,MAAC,64.8,323,97.0,322,50.8,164,18.6,289,23.0,340,29.8,265,101.1,83,47.1,26,20.5,27,26.8,88,35.0,250,64.8,323,65.5,326,18.6,304,17.8,254,97.0,322,98.9,297,101.1,83,94.8,5,76.5,292,-1.3,334,-1.0,295,-1.6,340,-0.7,276,-0.3,230,+0.1,169,1.21,292,37.9,46,49.5,101,2024,0.38317579244213146,18,13,0.5806451612903226,31
13,Marquette,BE,27-10,+23.02,118.2,21,95.2,17,69.1,92,+.035,101,+13.60,6,113.4,7,99.8,5,+8.21,23,2,BE,69.1,92,118.2,21,55.0,21,14.3,30,25.7,285,25.5,344,95.2,17,49.8,141,21.1,20,30.8,270,26.9,39,69.1,92,69.5,112,15.3,9,19.1,361,118.2,21,111.9,45,95.2,17,100.6,59,78.1,50,+1.5,26,+1.6,36,+1.4,31,-0.1,191,+0.6,108,+1.2,84,2.04,137,29.9,197,79.7,3,2024,0.9233372681296589,27,10,0.7297297297297297,37
238,Marshall,SB,13-20,-5.55,101.4,262,106.9,192,70.5,46,-.013,219,-0.24,173,106.6,154,106.8,208,+1.92,133,,SB,70.5,46,101.4,262,46.8,317,16.5,144,29.8,140,28.8,287,106.9,192,51.4,236,16.2,232,27.9,124,29.9,113,70.5,46,72.3,24,15.8,23,17.3,139,101.4,262,100.9,264,106.9,192,106.3,216,77.6,97,+0.0,169,-1.0,288,+1.0,65,+2.0,8,+0.2,163,+0.3,150,2.66,37,21.8,340,46.0,123,2024,0.3526437640651464,13,20,0.3939393939393939,33
62,Maryland,B10,16-17,+12.51,107.3,155,94.7,14,65.5,302,-.093,349,+9.81,53,111.3,55,101.5,49,-4.94,312,,B10,65.5,302,107.3,155,46.7,320,17.5,211,31.7,92,40.8,16,94.7,14,46.7,20,18.8,67,29.1,185,33.5,205,65.5,302,66.3,293,18.0,246,18.1,318,107.3,155,102.6,240,94.7,14,98.3,28,77.8,71,+0.1,147,-0.1,186,+0.4,122,+0.8,80,+1.8,17,+0.6,127,2.66,35,24.7,300,51.8,88,2024,0.8079149373101412,16,17,0.48484848484848486,33
347,Maryland Eastern Shore,MEAC,9-20,-19.69,89.8,359,109.5,244,67.2,202,+.003,176,-4.57,293,102.9,301,107.5,242,+5.26,60,,MEAC,67.2,202,89.8,359,43.0,359,20.3,338,28.9,172,32.7,180,109.5,244,50.9,203,18.9,62,33.6,341,37.8,296,67.2,202,67.7,229,17.9,229,17.3,146,89.8,359,90.5,358,109.5,244,106.8,225,76.4,303,-1.2,323,-1.5,333,-0.8,283,-0.1,184,-0.3,234,-0.9,267,0.62,353,40.5,17,21.1,304,2024,0.09271678765070035,9,20,0.3103448275862069,29
92,Massachusetts,A10,20-11,+8.58,111.8,82,103.2,116,68.3,136,-.063,321,+0.59,146,106.3,170,105.7,155,-5.40,321,,A10,68.3,136,111.8,82,50.6,176,16.0,106,36.5,14,35.8,97,103.2,116,48.5,78,18.9,64,30.1,222,38.6,304,68.3,136,69.2,130,17.2,141,17.6,199,111.8,82,111.4,53,103.2,116,102.1,95,76.5,278,+0.1,160,+0.1,165,+0.1,162,-0.8,285,-1.4,331,-0.9,267,1.38,266,29.8,199,28.1,264,2024,0.7151421679337261,20,11,0.6451612903225806,31
67,McNeese St.,Slnd,30-4,+11.80,113.4,64,101.5,89,65.9,277,+.032,109,-6.38,329,102.6,314,109.0,331,+4.47,76,12,Slnd,65.9,277,113.4,64,54.2,37,14.0,18,31.9,80,40.1,24,101.5,89,48.3,60,23.0,6,30.7,257,33.7,213,65.9,277,66.9,269,17.2,136,18.4,345,113.4,64,116.7,14,101.5,89,97.0,14,76.0,337,-0.9,299,-0.8,255,-1.0,294,-1.2,330,-1.9,342,-0.9,267,2.20,103,26.7,273,16.8,324,2024,0.7815837761825478,30,4,0.8823529411764706,34
76,Memphis,Amer,22-10,+10.59,113.2,68,102.6,104,71.6,20,+.036,97,+5.00,98,109.2,96,104.2,105,+5.32,57,,Amer,71.6,20,113.2,68,52.8,68,18.0,245,33.4,47,36.3,85,102.6,104,50.0,148,19.1,58,33.6,339,29.6,107,71.6,20,72.0,31,15.6,22,17.6,213,113.2,68,110.7,61,102.6,104,104.1,155,78.2,40,+0.8,70,+0.3,128,+1.3,35,+1.4,31,+1.9,13,+0.3,159,2.47,65,31.5,158,10.0,342,2024,0.7559606201310474,22,10,0.6875,32
209,Mercer,SC,16-17,-3.94,104.4,214,108.4,217,66.2,268,+.035,99,-0.68,185,106.5,157,107.2,223,-2.40,261,,SC,66.2,268,104.4,214,50.1,211,16.6,153,30.6,115,27.6,317,108.4,217,51.2,219,17.9,114,31.1,280,38.9,308,66.2,268,67.5,244,18.0,245,17.3,135,104.4,214,104.2,204,108.4,217,107.6,245,75.9,342,-0.8,290,-1.1,305,-0.5,248,-1.0,297,-1.3,323,-2.3,338,1.88,171,42.0,10,24.8,286,2024,0.3935577338996848,16,17,0.48484848484848486,33
212,Merrimack,NEC,21-12,-4.03,96.8,325,100.9,79,67.4,188,+.018,144,-8.67,354,100.4,353,109.0,334,+3.91,86,,NEC,67.4,188,96.8,325,49.8,226,19.1,312,22.6,344,34.3,134,100.9,79,46.2,10,23.4,5,34.5,351,32.5,180,67.4,188,68.1,204,16.9,98,18.0,298,96.8,325,98.6,302,100.9,79,94.1,4,76.5,275,-0.6,255,-0.5,232,-0.7,264,-0.1,191,+0.4,136,-2.1,325,1.74,203,27.6,249,44.3,137,2024,0.3829480848332802,21,12,0.6363636363636364,33
96,Miami FL,ACC,15-17,+8.17,111.2,88,103.0,112,68.6,113,-.059,315,+9.83,52,111.2,57,101.4,45,-2.64,267,,ACC,68.6,113,111.2,88,52.7,72,17.2,191,28.7,178,24.6,353,103.0,112,51.0,208,16.6,202,28.6,156,22.3,6,68.6,113,70.0,94,16.4,49,17.9,281,111.2,88,107.3,133,103.0,112,105.4,188,77.3,145,-0.5,236,-0.9,275,-0.0,168,+1.6,26,+0.5,132,-0.2,202,2.24,98,26.4,275,51.9,86,2024,0.7070120082687062,15,17,0.46875,32
257,Miami OH,MAC,15-17,-6.98,99.8,294,106.7,184,67.5,184,-.016,229,-3.20,251,104.1,278,107.3,229,+0.78,166,,MAC,67.5,184,99.8,294,51.0,156,17.2,192,22.0,348,30.4,249,106.7,184,49.3,110,17.9,115,30.7,260,31.9,156,67.5,184,67.8,221,17.8,214,17.6,217,99.8,294,101.0,263,106.7,184,104.1,153,76.8,231,-0.5,242,+0.2,154,-1.1,319,-0.1,191,+0.1,175,-0.4,226,0.81,340,38.0,45,21.5,302,2024,0.31673675381137356,15,17,0.46875,32
128,Michigan,B10,8-24,+3.90,110.6,95,106.7,182,67.5,180,-.083,342,+14.00,4,114.2,4,100.2,11,+7.59,27,,B10,67.5,180,110.6,95,51.2,146,18.6,286,30.6,113,32.0,195,106.7,182,52.5,285,13.7,341,30.4,240,30.5,123,67.5,180,68.9,147,17.8,222,16.9,52,110.6,95,104.4,202,106.7,182,113.6,345,77.9,65,+1.2,43,+0.6,100,+1.8,15,+2.1,7,+0.6,115,-1.1,285,1.81,188,24.1,311,43.0,147,2024,0.6017681114423569,8,24,0.25,32
16,Michigan St.,B10,20-15,+20.58,114.3,49,93.7,9,65.3,309,-.100,354,+13.03,11,114.2,5,101.1,35,+4.62,74,9,B10,65.3,309,114.3,49,51.6,121,15.0,53,29.8,144,29.3,276,93.7,9,48.1,54,18.5,82,28.5,153,32.4,176,65.3,309,66.4,286,17.8,210,18.4,342,114.3,49,109.3,97,93.7,9,99.5,37,77.3,153,+0.7,83,+0.8,86,+0.6,103,-1.0,301,-0.1,194,+0.3,154,2.49,61,31.0,176,68.8,14,2024,0.9076586544385801,20,15,0.5714285714285714,35
282,Middle Tennessee,CUSA,14-19,-8.82,98.1,311,106.9,186,65.6,297,+.072,33,+0.41,153,105.2,222,104.8,122,+0.31,183,,CUSA,65.6,297,98.1,311,46.0,334,20.6,341,28.2,198,34.9,125,106.9,186,49.5,120,15.8,271,30.5,248,29.6,106,65.6,297,66.5,278,18.1,261,17.9,284,98.1,311,94.7,343,106.9,186,105.1,181,77.7,93,+0.7,92,+0.7,90,+0.6,107,+0.4,120,+0.6,119,+0.3,155,1.84,180,22.2,334,35.7,205,2024,0.27132228356306287,14,19,0.42424242424242425,33
222,Milwaukee,Horz,20-15,-4.60,108.0,143,112.6,313,70.2,52,+.067,41,-3.24,254,105.2,226,108.4,298,+1.23,152,,Horz,70.2,52,108.0,143,51.0,153,17.9,238,36.0,16,34.0,142,112.6,313,50.6,187,15.5,282,32.6,323,32.8,188,70.2,52,70.5,67,16.0,29,18.2,328,108.0,143,109.9,83,112.6,313,110.7,310,77.0,207,-0.2,202,-0.0,176,-0.4,238,-0.1,181,+0.3,149,-0.6,240,0.98,325,35.2,90,46.0,124,2024,0.38232990684762946,20,15,0.5714285714285714,35
78,Minnesota,B10,19-15,+10.39,113.6,58,103.2,115,66.6,244,-.017,232,+8.35,80,110.9,66,102.5,81,-12.77,362,,B10,66.6,244,113.6,58,54.1,41,17.7,217,30.7,110,34.7,128,103.2,115,50.4,178,16.1,249,28.8,167,29.6,105,66.6,244,67.7,222,18.0,247,17.2,106,113.6,58,110.2,74,103.2,115,106.0,209,77.5,120,+1.2,39,+1.1,64,+1.4,32,+1.1,49,-0.3,239,-1.3,291,1.92,164,27.8,245,37.7,186,2024,0.7510403441499915,19,15,0.5588235294117647,34
86,Mississippi,SEC,20-12,+9.36,113.9,54,104.5,141,66.9,223,+.095,16,+8.78,78,111.0,63,102.2,71,-1.54,244,,SEC,66.9,223,113.9,54,51.2,147,15.7,85,30.1,126,35.1,113,104.5,141,50.2,165,18.1,106,36.2,359,32.3,174,66.9,223,68.6,161,16.9,94,18.0,309,113.9,54,109.2,98,104.5,141,107.7,250,77.7,83,+1.8,15,+3.6,3,+0.0,166,-0.1,191,+0.8,70,-1.4,292,2.83,23,25.9,283,38.1,182,2024,0.7291943103923972,20,12,0.625,32
34,Mississippi St.,SEC,21-14,+17.07,113.0,73,95.9,22,67.1,210,-.037,278,+11.36,26,112.7,20,101.3,43,+0.68,168,8,SEC,67.1,210,113.0,73,51.4,139,18.9,298,35.4,21,37.4,63,95.9,22,48.0,49,18.4,90,27.9,123,31.8,155,67.1,210,68.7,156,18.0,238,17.0,60,113.0,73,107.4,129,95.9,22,100.4,54,76.9,226,+0.7,91,+1.1,65,+0.2,142,+0.8,87,-1.3,326,-2.0,322,2.52,54,34.1,113,64.8,27,2024,0.8684063658428063,21,14,0.6,35
362,Mississippi Valley St.,SWAC,1-30,-30.83,85.5,362,116.3,353,64.7,328,-.060,317,-2.12,223,104.4,263,106.5,185,+15.26,2,,SWAC,64.7,328,85.5,362,42.5,360,24.0,362,27.9,211,33.0,165,116.3,353,55.6,356,17.2,159,35.7,357,41.6,335,64.7,328,66.2,297,19.8,354,16.1,3,85.5,362,83.3,362,116.3,353,117.2,359,76.1,326,-1.2,327,-1.7,340,-0.8,274,+0.4,127,-1.3,328,-1.7,305,0.72,349,29.3,219,41.3,157,2024,0.02824871667624837,1,30,0.03225806451612903,31
145,Missouri,SEC,8-24,+1.79,108.4,136,106.6,181,66.7,239,-.137,362,+9.94,48,112.5,27,102.5,80,-1.29,233,,SEC,66.7,239,108.4,136,50.2,202,16.8,170,26.8,256,31.7,213,106.6,181,51.4,234,18.6,76,35.7,358,42.4,340,66.7,239,68.5,178,17.1,117,17.7,242,108.4,136,105.0,186,106.6,181,110.7,309,77.1,190,+1.1,46,+2.8,7,-0.5,249,-0.2,212,-0.3,236,-2.1,324,2.88,20,32.7,132,42.4,150,2024,0.5479924530715454,8,24,0.25,32
149,Missouri St.,MVC,17-16,+1.61,104.5,211,102.9,110,67.9,157,+.022,127,+2.36,124,107.3,133,104.9,126,-3.32,282,,MVC,67.9,157,104.5,211,49.7,230,17.3,198,29.1,168,31.5,220,102.9,110,47.9,46,13.1,352,24.7,23,24.9,16,67.9,157,68.5,174,17.7,205,17.4,163,104.5,211,102.5,243,102.9,110,102.8,113,77.1,184,+0.0,170,-0.9,285,+0.9,72,+0.5,115,-0.5,256,-0.1,197,2.15,114,31.2,171,56.6,64,2024,0.5442435861093654,17,16,0.5151515151515151,33
198,Monmouth,CAA,18-15,-2.82,105.7,186,108.6,221,67.9,156,+.058,53,-1.59,209,105.8,191,107.4,234,+1.67,138,,CAA,67.9,156,105.7,186,49.4,244,15.3,66,30.5,116,29.2,277,108.6,221,50.0,150,17.8,121,32.2,319,33.3,198,67.9,156,68.1,199,17.4,167,17.9,276,105.7,186,106.1,157,108.6,221,106.7,222,77.8,74,+0.7,90,+0.2,144,+1.1,49,+0.2,145,+0.4,140,+1.4,74,1.74,204,20.3,352,36.0,203,2024,0.42280601675612983,18,15,0.5454545454545454,33
163,Montana,BSky,24-12,-0.17,110.6,93,110.8,267,66.3,261,+.076,29,-3.65,272,104.9,244,108.5,304,+1.70,137,,BSky,66.3,261,110.6,93,54.7,27,15.1,58,25.3,292,28.8,288,110.8,267,50.7,193,14.0,334,26.8,84,34.4,231,66.3,261,66.4,284,18.3,283,17.6,215,110.6,93,112.3,40,110.8,267,108.3,258,76.9,216,+0.2,142,-0.5,230,+0.8,88,-1.2,332,-0.2,213,+0.0,186,2.75,30,27.5,251,61.9,37,2024,0.4948059668230714,24,12,0.6666666666666666,36
223,Montana St.,BSky,17-18,-4.65,103.5,225,108.2,215,69.0,97,-.009,208,-3.58,266,105.1,231,108.7,319,+0.08,195,16,BSky,69.0,97,103.5,225,54.2,38,16.7,161,20.5,357,30.6,243,108.2,215,52.3,278,18.5,81,28.9,171,36.9,284,69.0,97,69.1,134,17.6,185,17.4,150,103.5,225,105.2,182,108.2,215,106.2,211,77.0,195,-0.4,233,-1.1,301,+0.2,147,+1.2,39,-0.1,200,-0.6,246,1.72,209,25.4,291,29.6,258,2024,0.3750265916589653,17,18,0.4857142857142857,35
116,Morehead St.,OVC,26-9,+5.15,109.1,123,104.0,129,64.3,337,+.043,81,-5.27,312,103.6,289,108.9,325,+7.73,25,14,OVC,64.3,337,109.1,123,54.2,40,18.2,263,31.9,82,30.6,242,104.0,129,46.4,13,15.4,284,26.5,70,32.3,171,64.3,337,65.7,321,19.8,356,16.6,22,109.1,123,110.5,67,104.0,129,100.7,61,78.1,43,+0.3,132,+0.6,111,-0.0,168,+0.5,116,+1.6,27,+2.2,17,1.94,162,21.0,347,31.0,248,2024,0.6342634009587412,26,9,0.7428571428571429,35
334,Morgan St.,MEAC,11-20,-16.80,97.4,318,114.2,338,70.9,37,+.009,162,-5.22,308,102.9,304,108.1,278,+3.06,101,,MEAC,70.9,37,97.4,318,47.4,294,20.2,336,29.5,150,31.3,224,114.2,338,52.0,268,18.2,102,37.2,360,41.4,333,70.9,37,71.1,51,16.5,62,17.1,75,97.4,318,97.1,320,114.2,338,111.8,327,76.3,313,+0.4,121,+1.3,51,-0.5,255,-0.9,291,-1.7,338,-2.5,344,0.77,345,32.7,133,19.2,314,2024,0.13824560026021876,11,20,0.3548387096774194,31
249,Mount St. Mary's,MAAC,13-19,-6.25,102.5,246,108.7,228,69.2,89,-.118,361,-6.42,330,101.3,341,107.7,261,-5.44,323,,MAAC,69.2,89,102.5,246,53.2,60,20.7,342,30.2,125,26.7,337,108.7,228,49.3,109,18.0,113,27.9,129,30.3,120,69.2,89,69.4,121,17.2,137,17.2,116,102.5,246,103.5,218,108.7,228,102.3,101,77.5,125,-0.6,254,-0.9,283,-0.2,205,+0.1,153,+0.9,65,+1.7,43,2.05,135,31.4,161,43.8,144,2024,0.33729244660775787,13,19,0.40625,32
160,Murray St.,MVC,12-20,+0.52,107.4,150,106.9,188,64.5,335,-.113,360,+3.01,112,107.3,130,104.3,110,-0.21,204,,MVC,64.5,335,107.4,150,50.0,219,14.4,32,26.5,265,29.6,266,106.9,188,54.5,348,17.9,119,25.5,42,27.7,58,64.5,335,65.2,337,18.1,254,18.3,330,107.4,150,105.3,174,106.9,188,107.1,233,76.6,264,-1.2,322,-1.7,339,-0.7,269,-0.9,293,-0.0,184,+0.6,122,2.34,84,27.4,257,57.6,57,2024,0.5134125780548691,12,20,0.375,32
45,N.C. State,ACC,26-15,+15.90,114.3,48,98.4,38,68.0,150,+.014,151,+11.33,27,112.2,35,100.8,25,-4.99,313,11,ACC,68.0,150,114.3,48,50.7,170,13.8,11,28.2,203,32.0,200,98.4,38,49.5,114,17.6,134,29.1,186,31.6,145,68.0,150,68.5,168,17.1,113,18.0,306,114.3,48,109.0,101,98.4,38,103.5,137,77.2,165,+0.7,89,+0.6,108,+0.8,89,-1.5,346,-0.7,276,+1.1,91,3.05,14,25.6,289,31.4,245,2024,0.8484552416754145,26,15,0.6341463414634146,41
335,NJIT,AE,7-21,-17.03,97.5,317,114.5,343,66.3,259,+.026,119,-2.75,240,103.4,293,106.1,168,-2.32,258,,AE,66.3,259,97.5,317,44.6,354,16.4,140,28.3,192,31.2,226,114.5,343,52.4,281,16.6,201,32.9,331,39.7,321,66.3,259,68.3,188,18.1,252,17.0,59,97.5,317,96.3,330,114.5,343,111.3,319,76.2,320,-1.5,346,-1.2,309,-1.8,350,-1.1,312,+0.0,182,-0.6,239,1.75,201,30.8,181,35.8,204,2024,0.13607166581049307,7,21,0.25,28
323,Navy,Pat,13-18,-14.30,96.8,326,111.1,279,65.6,296,-.020,245,-9.90,361,99.6,361,109.5,350,-5.76,330,,Pat,65.6,296,96.8,326,44.0,355,15.6,80,31.8,86,34.8,126,111.1,279,50.3,168,20.4,30,30.8,266,35.7,260,65.6,296,65.4,329,18.0,237,18.6,358,96.8,326,99.5,289,111.1,279,103.0,118,74.7,361,-1.9,358,-1.3,320,-2.5,360,-2.4,359,-3.1,360,-2.8,349,0.73,348,36.5,63,28.2,263,2024,0.17015734013509687,13,18,0.41935483870967744,31
30,Nebraska,B10,23-11,+17.55,116.2,32,98.7,43,69.0,95,+.010,161,+9.39,62,110.9,64,101.6,56,-5.41,322,8,B10,69.0,95,116.2,32,53.1,61,15.8,92,27.6,221,32.6,182,98.7,43,46.7,18,16.2,230,30.3,227,27.7,60,69.0,95,69.4,119,16.3,44,18.2,325,116.2,32,111.0,57,98.7,43,101.2,76,77.4,131,+0.2,138,+0.0,171,+0.4,125,+0.8,84,+0.2,154,+0.1,168,2.54,50,34.7,98,40.6,164,2024,0.867280068519982,23,11,0.6764705882352942,34
260,Nebraska Omaha,Sum,15-18,-7.17,103.9,222,111.1,278,67.4,187,-.056,309,-4.17,283,105.4,209,109.6,352,-1.88,252,,Sum,67.4,187,103.9,222,49.5,236,14.5,37,24.8,300,39.7,26,111.1,278,53.4,320,15.9,259,26.4,69,32.2,170,67.4,187,67.5,240,17.4,170,18.0,304,103.9,222,106.2,151,111.1,278,109.4,281,77.3,148,+0.1,149,-0.4,209,+0.6,102,+1.0,55,-0.7,270,+0.2,162,1.41,262,27.0,267,64.8,28,2024,0.3163664827926487,15,18,0.45454545454545453,33
40,Nevada,MWC,26-8,+16.41,115.0,41,98.6,42,66.8,235,+.043,84,+5.79,90,109.7,89,103.9,95,-1.43,239,10,MWC,66.8,235,115.0,41,53.2,59,15.2,61,27.3,236,45.0,6,98.6,42,48.3,63,17.4,147,27.0,96,34.2,227,66.8,235,66.9,268,18.1,248,17.7,243,115.0,41,112.4,38,98.6,42,100.1,48,78.0,61,+0.1,157,-0.0,175,+0.2,150,+0.9,59,+1.6,28,+1.4,67,3.20,7,25.4,290,61.6,39,2024,0.8543830353161542,26,8,0.7647058823529411,34
246,New Hampshire,AE,16-15,-5.95,100.0,290,106.0,172,71.5,25,+.077,27,-2.48,233,104.1,277,106.6,190,+0.24,185,,AE,71.5,25,100.0,290,47.9,280,16.7,158,23.6,330,29.8,264,106.0,172,50.5,185,16.4,217,25.4,40,27.5,55,71.5,25,72.9,17,15.6,20,17.1,80,100.0,290,99.6,285,106.0,172,102.9,114,76.2,322,-1.3,331,-1.5,330,-1.0,296,-0.2,214,+0.2,158,-2.1,330,1.35,273,27.4,260,37.2,190,2024,0.33847614147654365,16,15,0.5161290322580645,31
29,New Mexico,MWC,26-10,+17.80,114.4,47,96.6,23,72.8,9,-.013,220,+7.04,85,110.2,83,103.2,88,-0.50,210,11,MWC,72.8,9,114.4,47,50.5,187,14.0,15,33.5,44,33.2,159,96.6,23,48.1,53,19.3,51,27.0,97,33.4,203,72.8,9,72.4,23,15.4,12,17.9,273,114.4,47,111.7,48,96.6,23,98.5,30,77.1,193,+0.8,71,+0.3,138,+1.4,30,-0.7,269,-1.2,307,-0.2,201,2.62,41,32.2,146,34.9,215,2024,0.8748902265793639,26,10,0.7222222222222222,36
290,New Mexico St.,CUSA,13-19,-9.98,99.4,299,109.3,241,66.3,263,+.065,46,+2.53,122,106.2,175,103.6,91,+6.67,39,,CUSA,66.3,263,99.4,299,46.9,312,17.7,224,25.4,290,32.7,178,109.3,241,50.9,198,15.9,261,29.7,210,44.8,349,66.3,263,68.1,200,18.3,286,17.1,79,99.4,299,95.4,334,109.3,241,109.4,282,76.8,244,-0.3,217,+0.1,163,-0.7,266,-1.2,333,-1.2,307,+1.1,91,2.03,143,31.6,157,0.0,361,2024,0.2512683335581528,13,19,0.40625,32
342,New Orleans,Slnd,10-23,-18.33,97.8,315,116.2,352,71.6,21,-.034,270,-4.24,287,103.5,292,107.7,257,+7.28,31,,Slnd,71.6,21,97.8,315,45.5,344,17.3,196,28.4,190,39.2,32,116.2,352,54.4,342,19.1,57,34.9,352,38.7,306,71.6,21,72.1,28,16.3,46,16.8,38,97.8,315,97.7,314,116.2,352,113.0,339,76.2,324,-1.1,315,-0.8,258,-1.4,338,-1.4,341,-0.9,289,-0.3,212,2.01,149,30.6,184,53.9,75,2024,0.1210563046924831,10,23,0.30303030303030304,33
272,Niagara,MAAC,16-16,-8.15,103.3,235,111.4,286,67.4,190,+.021,132,-6.28,326,101.1,343,107.3,232,-3.99,292,,MAAC,67.4,190,103.3,235,52.0,98,17.4,204,23.7,328,36.0,93,111.4,286,52.2,274,16.5,209,26.7,81,30.7,129,67.4,190,67.6,234,18.3,281,17.2,102,103.3,235,104.2,206,111.4,286,105.8,198,76.2,323,+0.2,140,+1.1,61,-0.7,268,-0.9,294,-1.7,337,-2.5,345,2.05,136,34.2,110,17.1,323,2024,0.2956426342981532,16,16,0.5,32
234,Nicholls St.,Slnd,20-14,-5.43,104.5,212,109.9,248,66.3,260,+.101,14,-3.56,265,103.8,285,107.4,237,+9.64,15,,Slnd,66.3,260,104.5,212,51.5,137,19.1,309,27.8,216,37.6,61,109.9,248,49.8,138,16.4,218,32.2,317,39.4,317,66.3,260,67.4,248,17.7,198,17.7,241,104.5,212,104.6,195,109.9,248,107.3,240,76.7,246,-0.7,275,-0.8,266,-0.5,253,-0.5,251,+0.0,180,-0.1,200,1.16,300,30.1,193,9.2,346,2024,0.3590675388958668,20,14,0.5882352941176471,34
219,Norfolk St.,MEAC,24-11,-4.41,104.3,217,108.7,224,66.3,258,+.087,21,-7.45,344,100.5,352,108.0,271,+2.15,123,,MEAC,66.3,258,104.3,217,49.6,234,18.5,284,31.2,101,41.7,12,108.7,224,49.5,119,22.3,9,32.1,315,43.2,344,66.3,258,67.2,258,17.9,235,17.7,246,104.3,217,105.1,184,108.7,224,101.9,91,77.2,163,-0.2,191,+0.1,159,-0.4,235,+0.3,142,+0.8,91,-0.5,228,1.85,178,40.2,20,26.7,270,2024,0.3833897673931374,24,11,0.6857142857142857,35
252,North Alabama,ASun,15-17,-6.41,105.7,188,112.1,301,67.9,155,+.009,163,-3.28,255,105.8,190,109.1,335,+1.97,130,,ASun,67.9,155,105.7,188,49.8,223,14.6,38,27.0,253,32.9,170,112.1,301,51.5,239,14.2,329,27.8,115,40.9,330,67.9,155,68.6,162,17.1,110,17.9,274,105.7,188,107.5,123,112.1,301,110.7,308,76.9,227,-0.2,195,-0.3,208,-0.0,168,-0.0,173,-0.6,260,-0.4,219,2.14,115,34.4,104,70.2,9,2024,0.33714480573098665,15,17,0.46875,32
9,North Carolina,ACC,29-8,+26.19,119.7,15,93.5,8,70.6,41,-.038,281,+12.17,13,112.6,22,100.5,16,+6.99,35,1,ACC,70.6,41,119.7,15,51.5,132,14.1,20,33.0,59,36.2,87,93.5,8,46.7,19,14.8,312,23.7,10,28.2,69,70.6,41,71.3,47,16.2,38,17.6,194,119.7,15,114.5,20,93.5,8,98.5,29,77.2,161,+1.0,63,+1.4,48,+0.6,106,+0.2,151,-1.0,298,-0.8,264,3.23,6,22.6,332,38.2,179,2024,0.944841822986961,29,8,0.7837837837837838,37
346,North Carolina A&T,CAA,7-25,-19.43,96.0,333,115.4,349,67.8,160,+.045,74,-2.33,229,105.0,238,107.4,235,+1.37,149,,CAA,67.8,160,96.0,333,43.9,356,13.8,10,24.3,309,34.0,141,115.4,349,54.5,347,15.9,260,34.0,346,29.5,102,67.8,160,68.0,210,17.8,212,17.3,132,96.0,333,96.3,329,115.4,349,114.2,350,76.4,294,-0.4,231,-0.5,229,-0.3,227,-0.1,205,-0.3,231,-2.3,335,0.43,359,34.5,102,11.6,341,2024,0.1074894270833704,7,25,0.21875,32
253,North Carolina Central,MEAC,18-13,-6.62,105.0,203,111.6,291,66.7,240,-.004,197,-8.18,352,100.0,356,108.2,285,+0.27,184,,MEAC,66.7,240,105.0,203,49.8,224,17.8,225,31.4,97,40.4,20,111.6,291,49.0,87,18.1,107,33.7,342,37.1,286,66.7,240,67.1,260,17.4,169,18.1,312,105.0,203,106.0,161,111.6,291,104.6,170,75.7,350,-1.4,340,-1.0,290,-1.8,347,-1.1,309,-0.1,204,-3.0,354,1.31,281,34.3,108,14.6,335,2024,0.33157990316406644,18,13,0.5806451612903226,31
236,North Dakota,Sum,18-14,-5.48,105.4,194,110.9,272,66.8,236,+.025,120,-5.57,318,104.7,251,110.3,362,-5.85,333,,Sum,66.8,236,105.4,194,50.2,208,15.1,56,30.9,107,32.2,190,110.9,272,52.4,283,15.3,293,26.1,59,29.6,103,66.8,236,67.8,217,18.2,271,17.1,91,105.4,194,108.1,116,110.9,272,108.6,268,78.3,29,+0.1,143,-0.7,245,+1.0,65,+1.6,25,+1.0,60,+3.1,4,1.75,199,27.4,255,54.0,74,2024,0.3577916454376012,18,14,0.5625,32
279,North Dakota St.,Sum,15-17,-8.54,104.0,220,112.5,311,65.7,284,+.076,30,-1.73,214,106.9,144,108.6,312,+2.72,113,,Sum,65.7,284,104.0,220,53.3,56,16.8,165,24.3,310,30.3,253,112.5,311,53.7,327,13.2,349,24.7,24,28.5,78,65.7,284,66.0,307,18.9,328,17.3,138,104.0,220,105.8,166,112.5,311,112.6,334,76.9,220,+0.1,154,+0.6,100,-0.4,234,-0.8,284,-0.1,190,-0.5,227,1.47,258,27.6,247,68.3,17,2024,0.28833860897137525,15,17,0.46875,32
240,North Florida,ASun,16-16,-5.61,107.1,159,112.7,318,67.2,206,-.007,202,-3.61,269,105.9,183,109.5,351,+1.05,159,,ASun,67.2,206,107.1,159,53.6,48,16.4,135,23.5,331,28.3,302,112.7,318,52.6,295,14.4,323,29.8,215,33.7,212,67.2,206,68.8,153,18.0,241,16.9,53,107.1,159,109.1,100,112.7,318,111.4,321,76.8,240,-1.4,339,-1.9,347,-0.8,281,+0.5,112,+0.9,64,-0.5,230,1.83,182,35.5,81,32.7,231,2024,0.3575269557764989,16,16,0.5,32
74,North Texas,Amer,19-15,+10.83,110.3,102,99.4,52,61.8,360,-.102,356,+5.86,89,109.8,87,103.9,94,+4.24,78,,Amer,61.8,360,110.3,102,50.8,167,17.7,218,34.0,35,28.8,286,99.4,52,48.0,51,19.5,46,32.0,314,38.6,303,61.8,360,62.9,360,20.3,360,17.6,196,110.3,102,108.3,111,99.4,52,101.6,83,76.7,248,-0.5,238,-0.4,227,-0.5,250,-0.5,243,-0.1,198,-0.6,238,2.13,119,32.3,141,34.3,222,2024,0.7679186497438029,19,15,0.5588235294117647,34
250,Northeastern,CAA,12-20,-6.29,105.3,195,111.6,292,65.8,279,-.018,237,-1.28,201,105.6,199,106.9,210,+1.05,158,,CAA,65.8,279,105.3,195,51.2,144,18.9,301,31.8,88,29.8,262,111.6,292,53.8,329,17.0,175,27.7,111,28.3,72,65.8,279,65.8,314,18.8,321,17.6,204,105.3,195,105.6,170,111.6,292,110.2,297,78.2,38,-1.1,312,-1.6,336,-0.5,252,+0.9,59,+2.5,4,+4.0,1,1.80,190,31.8,153,51.4,90,2024,0.33889154932968674,12,20,0.375,32
312,Northern Arizona,BSky,14-19,-12.41,99.1,301,111.5,290,68.3,131,+.095,17,-2.83,244,105.2,227,108.0,273,+0.19,189,,BSky,68.3,131,99.1,301,49.3,245,18.1,255,24.1,314,31.1,228,111.5,290,52.9,306,16.7,194,31.1,279,37.4,290,68.3,131,69.1,136,17.6,194,17.1,87,99.1,301,98.8,299,111.5,290,110.5,303,76.4,305,-0.8,285,-0.3,205,-1.2,327,-0.1,191,+0.3,151,-2.5,342,1.10,305,24.8,297,28.4,261,2024,0.20492470204862998,14,19,0.42424242424242425,33
202,Northern Colorado,BSky,19-14,-3.25,107.6,145,110.8,271,70.0,58,+.011,157,-4.41,290,104.6,258,109.0,329,-2.54,264,,BSky,70.0,58,107.6,145,55.1,19,15.7,89,23.9,321,27.8,310,110.8,271,52.5,289,15.4,291,25.0,31,29.1,88,70.0,58,70.0,91,16.1,34,18.1,313,107.6,145,109.9,79,110.8,271,108.4,262,77.4,143,+0.7,81,+0.4,124,+1.1,57,+0.3,133,-0.4,250,-0.2,207,1.36,270,28.5,233,31.2,246,2024,0.41653342505629615,19,14,0.5757575757575758,33
308,Northern Illinois,MAC,11-20,-11.61,102.2,251,113.8,333,68.1,142,+.041,89,-0.15,168,106.5,159,106.6,195,+7.34,29,,MAC,68.1,142,102.2,251,49.8,227,18.1,257,28.0,207,36.2,91,113.8,333,52.9,307,14.2,327,31.2,281,34.7,238,68.1,142,69.1,132,17.6,195,16.9,42,102.2,251,101.8,253,113.8,333,113.3,343,77.5,111,+0.6,101,+0.5,120,+0.7,92,+1.9,11,+0.6,111,-1.6,300,1.05,314,38.0,44,45.5,127,2024,0.22506765112157823,11,20,0.3548387096774194,31
111,Northern Iowa,MVC,19-14,+5.52,109.2,122,103.6,125,66.8,233,+.036,98,+4.79,99,108.8,99,104.0,97,+6.12,46,,MVC,66.8,233,109.2,122,51.6,122,15.2,62,23.9,319,37.4,64,103.6,125,52.2,273,16.5,208,22.6,3,30.5,125,66.8,233,67.6,233,17.5,179,17.7,248,109.2,122,106.6,143,103.6,125,105.3,186,76.8,233,-0.4,230,+0.2,140,-1.0,296,+0.1,161,+0.8,69,-1.6,303,2.14,118,30.2,192,61.9,36,2024,0.6468914376069387,19,14,0.5757575757575758,33
186,Northern Kentucky,Horz,18-15,-2.33,103.3,233,105.6,163,68.2,140,+.018,143,-2.23,227,106.1,178,108.3,290,+4.23,79,,Horz,68.2,140,103.3,233,50.6,179,17.3,199,29.6,148,35.1,111,105.6,163,51.3,223,20.2,35,32.5,322,28.8,83,68.2,140,69.2,129,16.2,39,18.4,350,103.3,233,104.9,188,105.6,163,105.0,175,76.5,291,-0.5,245,-0.8,269,-0.1,202,-0.8,282,-1.0,295,-0.6,247,1.83,184,23.6,322,36.5,199,2024,0.4370258306846899,18,15,0.5454545454545454,33
41,Northwestern,B10,22-12,+16.41,115.9,35,99.5,54,64.2,338,+.015,148,+10.71,37,112.4,29,101.7,62,-7.35,352,9,B10,64.2,338,115.9,35,52.6,76,13.4,7,25.8,284,29.2,279,99.5,54,51.5,242,18.8,66,27.8,116,39.3,315,64.2,338,64.7,347,18.9,324,18.1,311,115.9,35,111.1,56,99.5,54,104.5,166,77.6,101,+0.4,115,+1.3,54,-0.4,233,+0.2,150,+0.2,166,+1.1,91,2.51,56,24.7,301,52.3,80,2024,0.8525265535572045,22,12,0.6470588235294118,34
325,Northwestern St.,Slnd,9-23,-14.89,97.7,316,112.5,312,67.5,179,-.093,350,-5.47,315,103.1,297,108.6,306,+2.72,110,,Slnd,67.5,179,97.7,316,47.7,286,19.3,318,30.0,132,36.7,77,112.5,312,51.9,258,18.5,84,34.1,347,41.6,336,67.5,179,68.8,152,18.2,270,16.5,17,97.7,316,98.3,308,112.5,312,110.2,298,76.0,334,-0.5,248,-0.8,262,-0.2,213,-0.6,258,-0.4,243,-3.6,356,0.41,360,32.6,134,0.3,359,2024,0.16491626791565667,9,23,0.28125,32
118,Notre Dame,ACC,13-20,+4.85,103.3,234,98.4,39,64.4,336,-.012,217,+9.78,54,111.4,52,101.6,60,-1.04,227,,ACC,64.4,336,103.3,234,47.6,290,19.1,310,28.4,191,27.9,309,98.4,39,48.2,57,15.2,298,26.7,78,27.4,54,64.4,336,64.8,342,19.8,353,17.1,92,103.3,234,97.6,315,98.4,39,102.4,103,77.5,122,+1.2,38,+0.6,100,+1.9,13,+0.4,129,+0.2,156,-1.3,288,0.51,357,34.5,101,2.3,356,2024,0.6361888592282804,13,20,0.3939393939393939,33
131,Oakland,Horz,24-12,+3.73,109.3,114,105.6,161,66.5,248,+.077,28,-0.08,166,107.6,122,107.7,254,+9.87,14,14,Horz,66.5,248,109.3,114,51.9,104,15.9,96,30.4,119,30.8,237,105.6,161,50.6,190,16.2,237,29.0,178,26.9,40,66.5,248,68.0,209,18.8,316,16.7,27,109.3,114,110.7,62,105.6,161,106.0,206,76.7,261,-1.0,306,-1.1,302,-0.9,289,-1.1,310,-0.2,213,+0.9,113,2.18,107,27.0,265,48.4,110,2024,0.5977352016077667,24,12,0.6666666666666666,36
143,Ohio,MAC,20-13,+2.13,109.1,124,106.9,190,67.5,182,-.096,352,-4.58,294,103.8,286,108.4,297,-2.84,269,,MAC,67.5,182,109.1,124,52.2,90,14.1,22,28.0,206,32.1,193,106.9,190,49.2,99,19.2,56,32.0,311,34.7,240,67.5,182,68.2,195,16.9,92,18.2,324,109.1,124,110.9,58,106.9,190,103.5,131,75.9,343,-0.2,203,-0.4,214,-0.1,194,-2.9,361,-2.2,350,-0.7,257,2.01,147,33.3,127,57.3,59,2024,0.5583004504362274,20,13,0.6060606060606061,33
49,Ohio St.,B10,22-14,+15.19,115.2,39,100.0,63,66.5,251,-.024,255,+9.68,56,111.6,46,101.9,67,-1.94,254,,B10,66.5,251,115.2,39,51.0,155,15.5,79,31.4,96,33.7,148,100.0,63,48.6,80,15.8,266,28.5,154,29.9,112,66.5,251,67.4,253,18.1,260,17.2,114,115.2,39,110.9,59,100.0,63,103.5,134,77.6,102,+0.1,146,+0.3,132,-0.0,168,+0.7,90,+0.1,167,+1.1,91,2.02,144,29.2,220,39.2,173,2024,0.8357918771326157,22,14,0.6111111111111112,36
46,Oklahoma,B12,20-12,+15.77,114.1,50,98.4,36,67.1,207,-.024,253,+9.96,47,110.4,78,100.5,17,-5.38,320,,B12,67.1,207,114.1,50,53.1,62,18.1,252,30.1,130,37.7,59,98.4,36,47.5,37,16.5,210,26.2,61,31.1,135,67.1,207,68.5,177,17.3,149,17.7,230,114.1,50,109.2,99,98.4,36,100.0,46,77.6,96,+0.1,150,+0.7,94,-0.4,236,-0.1,190,+0.8,70,+1.6,50,1.97,157,31.0,175,26.4,274,2024,0.8458474343062302,20,12,0.625,32
117,Oklahoma St.,B12,12-20,+4.90,108.8,129,103.9,127,67.2,205,-.070,327,+9.14,70,110.4,80,101.2,41,-5.58,327,,B12,67.2,205,108.8,129,51.3,142,18.8,293,27.5,230,34.0,143,103.9,127,51.3,232,16.8,190,28.5,149,27.6,56,67.2,205,68.1,202,17.7,209,17.6,197,108.8,129,103.1,227,103.9,127,106.1,210,77.4,130,+0.4,125,+0.8,88,-0.1,189,-0.2,209,+0.0,178,+0.9,111,1.84,181,36.1,72,25.7,281,2024,0.6294709878259808,12,20,0.375,32
287,Old Dominion,SB,7-25,-9.89,99.0,302,108.9,233,70.1,55,-.086,345,-0.18,170,106.3,171,106.5,181,+1.58,141,,SB,70.1,55,99.0,302,47.6,291,15.0,51,25.2,293,27.1,330,108.9,233,51.3,231,18.0,110,31.2,283,39.7,322,70.1,55,71.2,50,16.2,37,17.4,160,99.0,302,98.9,298,108.9,233,108.3,257,76.2,318,-1.9,357,-2.0,350,-1.8,346,-0.6,266,+0.5,122,-0.7,258,1.28,284,36.7,60,32.2,238,2024,0.2504775325208414,7,25,0.21875,32
283,Oral Roberts,Sum,12-19,-8.86,103.4,231,112.2,304,67.7,162,-.000,183,-1.04,192,106.7,152,107.7,263,+6.91,37,,Sum,67.7,162,103.4,231,51.1,149,14.3,27,21.0,355,26.0,341,112.2,304,51.4,238,14.6,315,30.8,267,32.3,175,67.7,162,68.4,181,17.1,112,17.9,286,103.4,231,104.6,194,112.2,304,111.8,328,76.6,266,-0.8,282,-0.4,215,-1.1,317,-0.7,268,-0.7,274,+0.1,169,2.25,96,20.8,348,43.2,146,2024,0.2810422951108371,12,19,0.3870967741935484,31
55,Oregon,P12,24-12,+14.19,114.7,44,100.5,70,67.3,195,+.045,76,+9.88,51,111.3,53,101.5,50,-0.11,201,11,P12,67.3,195,114.7,44,51.9,105,14.7,42,28.6,185,32.0,197,100.5,70,51.5,241,17.8,125,27.3,102,32.3,172,67.3,195,68.4,184,18.1,249,16.9,45,114.7,44,109.6,89,100.5,70,104.6,168,76.8,230,+0.1,151,+0.9,80,-0.6,260,-1.1,308,+0.1,176,-0.6,252,1.89,170,30.7,182,29.7,256,2024,0.8205188081376787,24,12,0.6666666666666666,36
155,Oregon St.,P12,13-19,+1.03,107.0,162,105.9,170,65.3,310,+.044,79,+9.30,66,110.7,72,101.4,46,+0.50,175,,P12,65.3,310,107.0,162,49.8,225,18.4,276,26.4,267,35.6,100,105.9,170,51.3,229,16.8,187,31.0,272,35.9,266,65.3,310,66.1,301,18.8,317,17.7,236,107.0,162,100.9,265,105.9,170,109.2,276,78.3,27,+1.8,16,+1.7,32,+2.0,11,+1.3,36,+0.1,173,+1.1,91,1.31,280,29.5,213,63.4,32,2024,0.5296741344380904,13,19,0.40625,32
358,Pacific,WCC,6-26,-22.84,95.3,339,118.1,359,68.4,129,-.014,223,-0.13,167,106.2,173,106.4,176,-5.22,315,,WCC,68.4,129,95.3,339,46.4,327,16.8,171,18.7,361,37.1,68,118.1,359,56.3,360,16.1,244,33.2,337,36.4,277,68.4,129,69.1,133,17.6,196,17.2,111,95.3,339,91.9,355,118.1,359,117.5,360,76.9,213,-0.4,229,-0.5,235,-0.2,215,-0.2,211,-0.5,251,+0.4,143,1.57,245,39.7,26,57.3,60,2024,0.07822066476498558,6,26,0.1875,32
213,Penn,Ivy,11-18,-4.08,109.3,117,113.3,324,65.5,303,-.071,329,+1.27,133,106.9,145,105.6,149,+2.36,119,,Ivy,65.5,303,109.3,117,51.9,102,16.7,157,29.1,169,27.0,332,113.3,324,54.0,334,14.0,336,26.6,76,26.7,34,65.5,303,66.1,300,18.9,329,17.3,123,109.3,117,107.1,136,113.3,324,112.5,332,76.8,245,-0.8,287,-0.2,195,-1.3,335,-1.1,312,-0.0,188,+0.8,116,1.04,315,31.2,170,40.0,168,2024,0.39811107051038247,11,18,0.3793103448275862,29
77,Penn St.,B10,16-17,+10.49,111.5,85,101.1,81,69.8,68,-.059,314,+9.52,59,111.1,60,101.6,59,-3.95,291,,B10,69.8,68,111.5,85,50.3,199,15.7,84,26.8,257,35.3,107,101.1,81,50.2,163,20.7,23,32.2,316,36.3,276,69.8,68,70.3,74,16.6,71,17.6,195,111.5,85,106.2,154,101.1,81,103.9,146,77.4,136,+0.8,73,+0.8,89,+0.9,78,+0.8,81,-0.1,197,-0.9,279,2.47,64,33.1,130,5.6,353,2024,0.7551029808139383,16,17,0.48484848484848486,33
224,Pepperdine,WCC,13-20,-4.66,106.1,176,110.8,269,67.4,189,-.087,347,+0.57,148,106.8,146,106.2,171,+0.57,171,,WCC,67.4,189,106.1,176,50.8,166,16.4,136,28.5,187,32.6,181,110.8,269,54.7,352,16.9,179,25.9,54,33.9,220,67.4,189,68.5,169,16.9,97,17.9,289,106.1,176,105.5,171,110.8,269,109.9,294,77.7,85,+0.4,123,+0.7,96,+0.1,159,-0.0,174,+1.8,17,+0.3,151,1.56,247,30.0,195,45.1,131,2024,0.37790161301017033,13,20,0.3939393939393939,33
33,Pittsburgh,ACC,22-11,+17.18,116.5,30,99.3,48,65.6,295,+.005,171,+8.43,79,110.9,67,102.4,76,-6.46,340,,ACC,65.6,295,116.5,30,51.6,123,13.4,8,31.0,105,30.5,244,99.3,48,49.0,91,16.6,205,23.8,11,30.5,124,65.6,295,67.0,267,17.7,202,18.0,302,116.5,30,112.8,35,99.3,48,101.4,81,78.7,11,+1.7,22,+2.0,19,+1.3,38,+1.5,28,+1.1,53,+2.1,20,2.05,134,27.5,254,34.8,217,2024,0.8626024732887714,22,11,0.6666666666666666,33
299,Portland,WCC,12-21,-10.66,103.5,227,114.1,337,67.6,172,+.052,61,+2.14,128,107.8,112,105.7,153,+0.05,198,,WCC,67.6,172,103.5,227,50.5,185,17.1,186,23.6,329,31.7,214,114.1,337,55.3,355,13.2,351,28.8,165,22.6,8,67.6,172,68.3,189,17.3,152,17.6,222,103.5,227,102.0,250,114.1,337,116.2,357,77.9,63,+1.0,61,+1.4,46,+0.5,110,+0.6,103,+1.4,35,+0.1,182,2.24,99,23.5,324,32.9,228,2024,0.24577172654575435,12,21,0.36363636363636365,33
251,Portland St.,BSky,17-15,-6.32,99.6,295,105.9,171,69.4,77,+.033,107,-3.50,264,105.3,212,108.8,322,-0.81,220,,BSky,69.4,77,99.6,295,46.8,319,16.4,138,29.8,143,34.3,133,105.9,171,52.0,262,18.6,75,28.3,140,34.7,239,69.4,77,69.0,138,16.7,80,17.9,282,99.6,295,101.6,257,105.9,171,104.0,151,77.0,200,-1.2,320,-1.3,321,-1.0,296,+0.1,164,+1.0,54,+0.7,120,1.82,186,37.4,53,51.4,91,2024,0.330631446055971,17,15,0.53125,32
330,Prairie View A&M,SWAC,10-21,-16.52,94.7,341,111.2,283,70.8,40,+.013,154,-5.00,300,102.8,307,107.8,266,+8.61,21,,SWAC,70.8,40,94.7,341,45.6,343,17.7,219,26.5,266,36.9,73,111.2,283,53.7,328,22.6,8,35.2,354,46.6,356,70.8,40,72.2,25,16.4,54,16.7,24,94.7,341,95.3,335,111.2,283,106.8,226,74.9,359,-2.5,362,-2.9,361,-2.0,354,-0.6,256,-3.0,359,-2.6,346,1.07,309,35.0,93,7.7,349,2024,0.1362151161019775,10,21,0.3225806451612903,31
271,Presbyterian,BSth,14-19,-8.04,103.1,237,111.2,282,67.5,185,-.031,267,-4.29,289,104.3,265,108.6,311,-7.22,350,,BSth,67.5,185,103.1,237,51.2,145,17.0,179,26.6,262,36.8,75,111.2,282,52.8,301,17.8,126,28.0,132,42.0,339,67.5,185,68.5,175,17.3,146,17.6,211,103.1,237,104.5,198,111.2,282,108.2,256,76.1,325,-1.9,355,-2.0,349,-1.7,342,-1.1,312,-0.2,207,+0.0,191,1.91,167,33.4,124,46.3,121,2024,0.29530499384519243,14,19,0.42424242424242425,33
69,Princeton,Ivy,24-5,+11.58,116.7,29,105.1,150,65.5,301,+.027,117,+0.54,149,106.4,166,105.8,159,+3.14,97,,Ivy,65.5,301,116.7,29,54.6,29,12.0,1,24.1,316,28.3,303,105.1,150,52.0,266,16.9,182,24.6,22,25.1,17,65.5,301,65.6,322,19.3,344,17.2,110,116.7,29,116.5,15,105.1,150,103.7,141,76.2,315,-1.4,338,-2.4,356,-0.3,219,-1.0,303,-0.5,252,-0.3,211,1.33,276,13.8,362,52.2,84,2024,0.7692327577249829,24,5,0.8275862068965517,29
59,Providence,BE,21-14,+13.70,109.1,125,95.4,18,67.6,171,+.010,160,+10.26,43,112.3,32,102.1,70,-2.06,255,,BE,67.6,171,109.1,125,51.5,129,17.5,212,27.0,255,31.8,209,95.4,18,47.5,38,17.0,171,27.8,118,27.7,59,67.6,171,68.4,182,18.0,236,17.1,89,109.1,125,104.6,197,95.4,18,99.8,42,77.5,126,-0.0,179,-0.1,179,-0.0,168,+0.0,170,+0.3,150,+1.4,68,2.07,128,27.2,264,34.5,219,2024,0.8239211047244581,21,14,0.6,35
3,Purdue,B10,34-5,+30.62,125.2,4,94.6,12,67.0,218,+.048,70,+14.65,2,114.4,3,99.8,4,+10.58,9,1,B10,67.0,218,125.2,4,55.8,13,16.4,142,37.7,7,41.3,13,94.6,12,47.5,39,13.7,343,24.3,17,22.0,4,67.0,218,68.3,190,18.0,244,17.2,117,125.2,4,119.3,4,94.6,12,100.3,52,78.1,47,+3.2,1,+5.5,1,+0.9,77,+0.1,156,-1.0,294,-0.8,262,2.44,67,27.3,261,69.2,11,2024,0.9616881985638045,34,5,0.8717948717948718,39
157,Purdue Fort Wayne,Horz,23-13,+0.83,104.9,204,104.1,132,70.9,36,-.039,284,-5.31,313,104.4,264,109.7,355,-9.05,358,,Horz,70.9,36,104.9,204,53.5,51,14.7,39,23.0,338,29.8,263,104.1,132,51.6,246,21.7,17,29.2,190,32.8,186,70.9,36,71.8,36,16.1,36,17.3,142,104.9,204,108.2,115,104.1,132,100.8,66,74.8,360,-1.6,348,-1.4,324,-1.7,344,-2.4,358,-2.4,355,-3.9,360,1.00,319,22.8,331,22.4,298,2024,0.5219954718053021,23,13,0.6388888888888888,36
269,Queens,ASun,14-19,-7.98,104.0,219,112.0,297,72.8,10,+.037,93,-1.57,207,107.1,138,108.6,313,+5.26,59,,ASun,72.8,10,104.0,219,49.8,221,15.7,88,27.6,222,33.7,151,112.0,297,54.1,336,15.4,287,29.4,200,29.4,95,72.8,10,73.5,10,15.4,15,17.1,77,104.0,219,105.3,176,112.0,297,112.5,333,76.5,285,-0.8,292,-0.5,231,-1.2,325,-1.4,343,-1.2,307,+1.1,91,0.86,334,28.3,239,41.3,158,2024,0.2989628255631852,14,19,0.42424242424242425,33
172,Quinnipiac,MAAC,24-10,-0.85,105.2,199,106.0,173,71.4,27,+.060,50,-7.03,341,101.0,344,108.0,276,-7.27,351,,MAAC,71.4,27,105.2,199,50.3,197,17.2,195,31.6,94,30.4,250,106.0,173,48.9,85,17.8,123,28.1,135,28.9,84,71.4,27,71.6,40,16.3,45,17.6,220,105.2,199,106.2,153,106.0,173,99.8,44,77.1,179,-0.6,267,-1.2,315,-0.0,168,+1.3,35,+0.2,159,-0.3,214,1.69,220,24.3,308,37.8,185,2024,0.4782333587831531,24,10,0.7058823529411765,34
227,Radford,BSth,16-17,-4.94,107.4,149,112.4,309,63.6,348,+.018,142,-1.72,213,105.6,204,107.3,227,+0.14,193,,BSth,63.6,348,107.4,149,50.8,163,16.2,121,30.7,112,28.0,307,112.4,309,50.9,202,15.8,267,34.0,344,31.7,151,63.6,348,65.1,340,19.8,355,16.9,51,107.4,149,107.5,124,112.4,309,110.8,311,75.9,339,-0.5,251,-1.0,297,-0.0,168,-0.6,264,-2.0,347,-2.3,334,1.76,195,23.6,323,50.5,95,2024,0.3720824994410912,16,17,0.48484848484848486,33
206,Rhode Island,A10,12-20,-3.85,106.7,166,110.5,261,68.8,106,-.001,190,+3.49,105,107.8,114,104.3,109,+0.62,170,,A10,68.8,106,106.7,166,51.5,127,18.5,282,29.1,163,39.4,31,110.5,261,52.6,296,13.1,355,28.2,138,30.0,114,68.8,106,69.0,143,17.2,128,17.6,212,106.7,166,104.1,208,110.5,261,111.7,324,77.5,112,+0.0,165,+0.2,156,-0.1,195,-0.2,216,+0.2,165,+2.1,20,1.47,257,36.6,62,9.9,344,2024,0.40072740487432795,12,20,0.375,32
229,Rice,Amer,11-21,-5.09,106.6,169,111.7,294,65.9,274,-.059,316,+2.60,117,107.7,119,105.1,129,-0.51,211,,Amer,65.9,274,106.6,169,50.5,184,17.3,197,28.5,189,29.9,260,111.7,294,52.6,293,14.8,311,29.5,207,27.4,52,65.9,274,67.6,235,18.1,256,17.2,113,106.6,169,103.8,214,111.7,294,111.6,322,78.0,57,+1.5,25,+1.6,36,+1.4,28,+0.2,147,+0.8,94,+0.4,149,2.59,42,25.1,293,56.9,61,2024,0.3687852281629723,11,21,0.34375,32
89,Richmond,A10,23-10,+9.08,107.2,156,98.1,34,66.8,230,+.043,85,+3.37,108,107.8,113,104.4,112,-3.01,273,,A10,66.8,230,107.2,156,52.7,71,12.8,2,17.3,362,27.6,316,98.1,34,46.9,24,17.1,163,26.6,74,26.6,32,66.8,230,67.4,247,18.2,263,17.3,145,107.2,156,106.0,162,98.1,34,98.1,25,76.7,247,+1.1,48,+2.2,16,-0.0,168,+0.1,165,-2.5,358,-1.7,312,3.06,13,28.4,236,32.4,236,2024,0.735002234165544,23,10,0.696969696969697,33
225,Rider,MAAC,15-17,-4.68,102.8,242,107.5,201,68.1,146,-.018,236,-2.48,232,103.4,295,105.8,160,+8.98,18,,MAAC,68.1,146,102.8,242,47.7,285,17.9,235,31.4,98,31.9,203,107.5,201,49.2,103,16.2,236,28.9,175,36.5,278,68.1,146,68.6,164,17.4,166,17.7,227,102.8,242,102.1,245,107.5,201,104.0,150,76.2,316,-0.8,286,-0.8,270,-0.7,267,-1.1,312,-1.2,304,-0.6,251,2.65,38,20.5,349,46.1,122,2024,0.3742297945060177,15,17,0.46875,32
307,Robert Morris,Horz,10-22,-11.55,101.8,258,113.4,328,67.1,211,-.097,353,-2.79,242,105.6,202,108.4,293,-0.79,219,,Horz,67.1,211,101.8,258,50.2,205,20.0,330,33.2,52,28.0,307,113.4,328,53.3,318,15.8,269,29.6,209,36.8,283,67.1,211,68.5,176,17.9,230,17.1,73,101.8,258,103.7,217,113.4,328,111.2,318,77.2,162,-0.9,304,-1.5,332,-0.4,231,-0.3,221,+0.4,143,+2.1,20,1.62,237,29.0,225,47.8,112,2024,0.224265482966563,10,22,0.3125,32
100,Rutgers,B10,15-17,+7.56,99.4,298,91.8,5,67.9,154,-.000,185,+11.47,25,112.7,19,101.2,39,-3.00,271,,B10,67.9,154,99.4,298,43.5,357,16.6,150,30.2,122,32.9,172,91.8,5,47.2,30,21.7,18,31.3,291,34.3,229,67.9,154,68.6,167,16.6,66,18.3,331,99.4,298,94.8,341,91.8,5,96.7,12,77.4,138,+0.8,76,+0.9,76,+0.6,104,+0.3,141,-0.0,183,-0.4,221,2.05,133,38.3,40,48.7,108,2024,0.7139625746564519,15,17,0.46875,32
286,SIU Edwardsville,OVC,17-16,-9.69,101.3,264,111.0,273,67.2,200,+.015,149,-6.87,337,102.0,327,108.8,323,+0.90,164,,OVC,67.2,200,101.3,264,47.1,304,15.6,81,30.2,124,31.8,207,111.0,273,51.1,210,17.5,138,28.4,145,37.2,287,67.2,200,67.3,257,17.7,203,17.7,244,101.3,264,103.2,224,111.0,273,105.5,195,76.5,289,-0.4,234,-0.8,271,-0.0,168,+0.2,148,-1.7,339,-0.9,267,2.52,55,21.9,338,68.8,13,2024,0.25891728726910557,17,16,0.5151515151515151,33
72,SMU,Amer,20-13,+11.13,111.9,80,100.8,77,67.7,165,-.090,348,+3.47,106,108.6,102,105.2,133,+0.33,182,,Amer,67.7,165,111.9,80,51.0,154,16.5,147,38.3,5,28.8,289,100.8,77,47.2,29,18.7,71,31.3,292,34.1,224,67.7,165,68.5,179,16.6,73,18.3,333,111.9,80,111.4,52,100.8,77,100.5,57,77.4,140,-0.3,212,-0.9,282,+0.4,129,-0.5,244,+0.8,70,+1.6,55,2.41,74,38.4,37,52.1,85,2024,0.768769028961085,20,13,0.6060606060606061,33
314,Sacramento St.,BSky,10-24,-13.00,98.2,310,111.2,281,64.0,341,-.004,195,-2.15,225,106.0,182,108.1,282,+2.62,114,,BSky,64.0,341,98.2,310,48.7,259,22.8,359,34.1,32,32.9,174,111.2,281,54.1,337,15.6,278,25.8,51,32.7,185,64.0,341,64.8,345,19.6,350,17.4,154,98.2,310,99.0,295,111.2,281,110.3,300,78.1,52,+1.1,53,+0.9,77,+1.2,45,+1.1,44,+0.7,102,+0.8,119,1.25,286,38.4,39,23.7,290,2024,0.19314108188538104,10,24,0.29411764705882354,34
293,Sacred Heart,NEC,16-16,-10.09,102.1,253,112.2,303,69.3,79,-.028,262,-9.83,360,99.6,360,109.5,348,-4.24,300,,NEC,69.3,79,102.1,253,51.4,140,17.1,184,26.0,279,31.7,215,112.2,303,51.6,245,20.2,33,32.8,330,31.9,160,69.3,79,70.2,81,16.8,84,17.3,136,102.1,253,103.9,212,112.2,303,104.2,158,76.5,282,-1.1,313,-1.5,331,-0.7,263,-0.1,188,+0.1,171,-0.9,267,2.25,97,35.4,85,61.6,38,2024,0.252599098716913,16,16,0.5,32
354,Saint Francis,NEC,8-22,-22.26,94.4,345,116.7,355,65.5,305,+.021,131,-7.46,345,100.9,346,108.4,294,-0.45,207,,NEC,65.5,305,94.4,345,47.2,302,21.2,348,32.7,67,32.5,183,116.7,355,53.0,309,17.1,162,31.2,289,35.4,258,65.5,305,66.4,283,18.4,290,17.7,229,94.4,345,94.9,339,116.7,355,110.6,306,76.9,214,-0.5,249,-1.1,303,+0.1,161,-0.1,182,+0.3,147,-0.3,213,0.32,361,34.8,96,18.2,319,2024,0.08026493090352871,8,22,0.26666666666666666,30
99,Saint Joseph's,A10,21-14,+7.69,110.6,94,102.9,108,68.5,125,-.044,291,+2.59,119,107.3,132,104.7,121,-6.28,338,,A10,68.5,125,110.6,94,53.0,65,16.6,151,29.1,161,28.7,291,102.9,108,49.0,88,17.7,133,29.2,191,28.8,82,68.5,125,68.6,160,17.1,114,17.9,279,110.6,94,109.4,93,102.9,108,102.1,97,77.1,180,+0.3,129,+0.7,91,-0.1,203,-0.5,250,-1.2,307,+1.1,91,2.15,113,23.0,329,64.8,26,2024,0.6963270462759769,21,14,0.6,35
199,Saint Louis,A10,13-20,-2.83,111.5,86,114.4,342,69.5,75,+.061,48,+5.59,92,108.3,104,102.7,84,+3.08,100,,A10,69.5,75,111.5,86,51.5,136,16.9,175,26.0,277,36.3,84,114.4,342,54.3,341,14.2,331,28.6,157,35.3,255,69.5,75,69.4,113,17.4,161,17.1,86,111.5,86,106.8,140,114.4,342,115.2,355,76.7,251,-1.1,314,-0.2,191,-2.0,353,-0.1,191,+0.7,98,-0.6,242,1.99,154,34.4,103,35.6,207,2024,0.426711824630666,13,20,0.3939393939393939,33
20,Saint Mary's,WCC,26-8,+19.43,114.5,46,95.0,15,62.5,357,+.008,167,+3.54,103,108.5,103,104.9,125,+5.20,61,5,WCC,62.5,357,114.5,46,52.8,69,16.0,108,38.8,3,28.0,306,95.0,15,45.1,4,16.7,199,22.2,1,33.4,201,62.5,357,63.6,353,20.2,359,17.7,232,114.5,46,114.2,23,95.0,15,93.9,3,78.5,18,+1.1,49,+1.1,67,+1.1,55,+1.4,29,+1.2,48,+2.1,19,1.88,172,27.5,250,63.3,33,2024,0.8953905603911211,26,8,0.7647058823529411,34
201,Saint Peter's,MAAC,19-14,-3.03,98.4,306,101.4,87,64.1,339,+.041,88,-3.95,279,102.8,306,106.8,202,+0.54,174,15,MAAC,64.1,339,98.4,306,44.6,353,19.3,316,34.6,29,38.0,51,101.4,87,47.1,25,20.5,28,30.4,238,42.5,341,64.1,339,65.2,338,19.4,347,17.2,115,98.4,306,98.7,301,101.4,87,97.5,22,77.2,157,-0.6,262,-0.3,204,-0.9,287,-0.7,275,+0.4,138,+2.1,20,1.04,316,37.2,54,40.3,166,2024,0.4145053165719276,19,14,0.5757575757575758,33
142,Sam Houston St.,CUSA,21-12,+2.27,106.0,180,103.7,126,67.6,170,+.066,45,-0.20,171,104.2,269,104.4,111,+2.82,107,,CUSA,67.6,170,106.0,180,48.6,263,18.8,294,32.0,79,34.7,129,103.7,126,49.8,140,19.0,61,27.0,95,37.0,285,67.6,170,68.8,150,17.3,148,17.3,122,106.0,180,103.2,226,103.7,126,100.9,70,76.4,293,-0.8,289,-0.6,237,-1.0,310,-0.8,288,+0.7,101,-1.7,307,1.24,289,35.5,82,36.9,192,2024,0.5627364397456351,21,12,0.6363636363636364,33
81,Samford,SC,29-6,+10.03,113.6,57,103.6,122,72.8,8,+.110,11,-2.14,224,104.5,259,106.7,196,-5.47,324,13,SC,72.8,8,113.6,57,56.8,8,17.8,232,30.1,129,36.2,89,103.6,122,50.5,180,21.8,15,31.9,310,37.4,291,72.8,8,73.9,7,15.1,6,17.3,133,113.6,57,114.0,26,103.6,122,101.4,80,75.8,349,-0.6,258,-0.0,177,-1.1,320,-0.4,229,-2.5,356,-2.8,350,2.20,104,44.4,5,40.0,167,2024,0.7426295848707563,29,6,0.8285714285714286,35
256,San Diego,WCC,18-15,-6.98,100.6,277,107.6,204,71.2,32,+.147,2,-0.25,174,107.2,137,107.4,238,-4.26,301,,WCC,71.2,32,100.6,277,49.0,252,18.3,273,27.1,247,32.0,196,107.6,204,52.5,288,18.1,108,31.8,305,38.6,305,71.2,32,72.0,33,16.9,96,16.5,15,100.6,277,100.9,266,107.6,204,108.1,255,77.1,185,+0.4,122,+0.2,142,+0.6,109,+0.8,79,-0.9,291,-0.8,266,0.88,331,36.8,59,29.8,255,2024,0.31570378852299164,18,15,0.5454545454545454,33
22,San Diego St.,MWC,26-11,+19.36,113.4,62,94.0,11,66.2,267,+.008,166,+11.16,31,112.8,16,101.7,61,+10.56,11,5,MWC,66.2,267,113.4,62,49.9,220,16.2,120,32.7,71,36.7,78,94.0,11,47.3,32,18.1,109,28.7,162,33.1,196,66.2,267,66.8,271,17.7,199,18.3,341,113.4,62,108.4,110,94.0,11,99.0,34,77.6,108,+0.6,98,-0.2,190,+1.4,33,+1.2,40,+1.3,36,-1.6,297,2.57,44,29.6,207,47.1,116,2024,0.8963866813358295,26,11,0.7027027027027027,37
65,San Francisco,WCC,23-11,+12.05,110.5,100,98.4,37,67.4,193,-.055,308,+0.17,156,106.7,150,106.6,189,-2.51,263,,WCC,67.4,193,110.5,100,55.0,20,16.8,172,29.1,166,23.5,356,98.4,37,49.5,113,19.8,40,24.3,16,37.9,297,67.4,193,68.0,208,17.9,224,17.7,235,110.5,100,111.7,47,98.4,37,97.3,17,77.6,99,+0.6,103,+0.2,155,+1.0,65,+2.5,2,-0.4,241,-0.9,276,1.67,226,31.8,154,32.4,235,2024,0.7914535254046592,23,11,0.6764705882352942,34
248,San Jose St.,MWC,9-23,-6.18,105.8,185,112.0,298,65.8,278,-.038,282,+5.08,97,109.4,93,104.3,107,-4.10,296,,MWC,65.8,278,105.8,185,51.4,138,15.6,82,22.4,346,22.4,359,112.0,298,54.4,343,15.9,258,30.2,226,35.9,268,65.8,278,65.9,309,18.2,274,18.0,303,105.8,185,102.5,241,112.0,298,113.3,342,77.4,137,+0.9,67,+0.8,87,+1.1,58,+0.5,110,-1.2,307,+0.2,161,1.71,211,27.5,252,44.9,133,2024,0.3418848241335797,9,23,0.28125,32
109,Santa Clara,WCC,20-13,+5.70,109.8,107,104.1,134,69.2,85,+.013,152,+2.57,120,107.7,118,105.1,131,+3.88,87,,WCC,69.2,85,109.8,107,52.3,84,18.2,267,34.1,31,31.6,216,104.1,134,48.4,69,14.4,322,26.1,57,33.3,199,69.2,85,69.7,103,16.5,57,18.0,307,109.8,107,108.6,109,104.1,134,103.8,143,79.1,3,+2.5,3,+2.6,8,+2.4,6,+1.9,16,+2.4,5,+0.5,130,1.83,183,38.3,42,17.9,320,2024,0.6486358612916072,20,13,0.6060606060606061,33
107,Seattle,WAC,23-14,+6.48,105.9,182,99.4,53,66.9,222,-.070,328,-0.69,186,104.7,253,105.4,141,-1.34,235,,WAC,66.9,222,105.9,182,50.7,169,18.5,280,29.9,139,34.6,131,99.4,53,46.3,11,17.4,141,25.6,49,35.8,264,66.9,222,68.4,185,17.6,189,17.7,250,105.9,182,104.7,193,99.4,53,96.4,10,77.2,169,-0.0,173,-0.2,193,+0.2,149,-1.2,329,-0.2,213,+1.5,57,2.16,112,33.8,116,68.6,16,2024,0.6744641868743471,23,14,0.6216216216216216,37
50,Seton Hall,BE,25-12,+15.03,113.1,70,98.1,33,66.8,231,+.087,20,+10.10,45,111.8,39,101.7,63,-1.47,242,,BE,66.8,231,113.1,70,50.4,189,18.4,278,35.2,22,30.9,235,98.1,33,49.2,102,17.8,122,29.0,181,25.6,22,66.8,231,67.4,254,17.6,187,17.8,258,113.1,70,108.1,118,98.1,33,102.7,108,77.5,113,-0.2,204,+0.6,112,-1.0,296,+0.5,119,+0.8,70,+1.3,79,3.13,9,19.2,356,36.8,194,2024,0.8370278055452449,25,12,0.6756756756756757,37
357,Siena,MAAC,4-28,-22.83,90.5,358,113.4,326,66.1,270,-.011,215,-3.83,275,103.5,291,107.3,231,-0.56,213,,MAAC,66.1,270,90.5,358,44.7,352,23.5,361,33.2,55,30.8,236,113.4,326,51.8,253,14.8,313,31.2,288,28.0,64,66.1,270,67.1,262,18.8,318,16.9,44,90.5,358,90.1,359,113.4,326,110.9,314,78.2,41,+1.2,44,+1.3,53,+1.1,59,-0.1,178,+0.8,70,+2.0,32,0.43,358,43.3,8,17.9,321,2024,0.06952086579571917,4,28,0.125,32
221,South Alabama,SB,16-16,-4.55,104.4,213,109.0,237,68.3,132,+.043,80,-2.53,235,104.8,246,107.4,233,-5.26,316,,SB,68.3,132,104.4,213,50.9,157,16.2,122,23.1,336,31.6,218,109.0,237,50.7,191,16.8,189,31.8,307,33.9,218,68.3,132,69.6,107,16.8,85,17.4,161,104.4,213,103.8,215,109.0,237,107.6,246,76.6,265,-0.1,190,-0.4,211,+0.1,160,-0.8,280,-0.7,275,-1.0,281,1.34,274,34.3,105,26.7,271,2024,0.3785142226014922,16,16,0.5,32
54,South Carolina,SEC,26-8,+14.40,114.9,42,100.5,71,63.2,351,+.144,4,+7.94,83,110.5,76,102.6,82,-5.83,332,6,SEC,63.2,351,114.9,42,50.9,161,15.5,75,32.8,64,31.8,208,100.5,71,48.4,70,15.0,307,27.9,125,31.6,148,63.2,351,64.8,344,19.4,346,17.6,219,114.9,42,110.6,64,100.5,71,103.5,136,77.4,135,-0.1,184,-0.4,212,+0.1,155,+0.4,126,+0.2,155,+1.1,91,2.78,27,34.0,114,38.9,176,2024,0.823450370812472,26,8,0.7647058823529411,34
301,South Carolina St.,MEAC,14-18,-10.79,99.1,300,109.9,249,68.7,111,+.033,108,-4.71,297,102.8,309,107.5,240,+3.97,83,,MEAC,68.7,111,99.1,300,45.7,340,21.3,350,37.7,6,36.5,82,109.9,249,52.2,272,21.8,16,31.0,273,49.2,361,68.7,111,70.1,86,17.8,220,16.0,2,99.1,300,98.8,300,109.9,249,105.9,205,77.0,206,-0.4,226,+0.0,170,-0.8,275,-0.5,252,-0.1,203,+0.6,128,0.83,338,50.0,1,32.0,239,2024,0.23333471722547186,14,18,0.4375,32
322,South Dakota,Sum,12-20,-14.01,103.1,239,117.1,356,68.8,107,+.010,159,-4.49,292,104.5,260,109.0,330,-4.49,306,,Sum,68.8,107,103.1,239,51.9,103,18.4,275,27.6,224,30.5,245,117.1,356,53.1,312,11.7,361,28.7,161,27.3,47,68.8,107,69.6,105,17.1,111,17.5,167,103.1,239,104.8,191,117.1,356,115.0,354,78.1,51,+0.6,104,+0.5,119,+0.6,100,+0.3,136,+0.8,70,+2.5,13,1.19,294,29.5,212,22.8,292,2024,0.18781326039687504,12,20,0.375,32
138,South Dakota St.,Sum,22-13,+2.69,108.8,128,106.1,175,68.0,153,-.013,218,-2.05,219,105.7,196,107.7,260,+2.76,109,15,Sum,68.0,153,108.8,128,55.2,17,16.6,155,24.4,305,30.1,256,106.1,175,51.3,224,16.4,215,25.2,34,27.0,41,68.0,153,68.1,205,17.3,153,17.9,275,108.8,128,109.8,86,106.1,175,104.7,174,77.1,187,+0.6,95,+0.6,99,+0.7,96,-1.0,307,-0.6,258,+0.1,180,2.12,120,24.3,307,54.0,73,2024,0.5717480719180202,22,13,0.6285714285714286,35
87,South Florida,Amer,25-8,+9.26,111.0,89,101.7,91,68.2,139,+.049,67,+0.97,139,106.5,160,105.5,145,-4.18,298,,Amer,68.2,139,111.0,89,51.8,110,15.6,83,28.2,197,37.8,55,101.7,91,47.9,43,18.5,87,30.5,247,34.6,235,68.2,139,69.0,144,17.1,120,17.6,225,111.0,89,110.0,76,101.7,91,100.8,65,76.6,269,-0.7,277,-0.2,189,-1.2,323,-0.6,261,+0.8,70,-1.6,302,2.54,48,31.8,152,25.2,284,2024,0.7322921612864648,25,8,0.7575757575757576,33
352,Southeast Missouri St.,OVC,9-22,-21.33,91.3,356,112.7,317,69.2,87,+.016,146,-5.39,314,102.5,316,107.9,269,+2.97,105,,OVC,69.2,87,91.3,356,45.1,349,17.4,201,24.0,317,27.0,331,112.7,317,52.0,260,17.2,155,29.5,205,44.2,347,69.2,87,70.3,75,16.4,51,17.8,265,91.3,356,91.3,356,112.7,317,107.8,253,76.3,312,+0.1,161,+0.5,115,-0.4,232,-1.0,296,-1.1,303,-2.3,339,0.70,350,44.7,4,30.6,251,2024,0.08153628340790685,9,22,0.2903225806451613,31
306,Southeastern Louisiana,Slnd,15-17,-11.52,98.7,305,110.3,256,64.9,316,+.041,90,-5.23,310,103.1,298,108.3,289,+6.82,38,,Slnd,64.9,316,98.7,305,48.4,268,20.8,343,30.7,111,35.0,120,110.3,256,51.3,225,17.3,153,30.4,235,30.3,119,64.9,316,66.4,288,18.5,297,17.5,179,98.7,305,99.6,284,110.3,256,107.1,235,76.0,336,-0.3,214,+0.5,118,-1.1,311,-0.5,253,-1.0,296,-3.5,355,2.56,46,18.1,358,60.6,46,2024,0.2179133100166508,15,17,0.46875,32
261,Southern,SWAC,18-14,-7.33,97.2,320,104.6,143,67.5,175,+.068,39,-5.52,316,101.8,335,107.3,228,+14.75,5,,SWAC,67.5,175,97.2,320,49.4,238,20.2,334,26.5,263,35.6,101,104.6,143,50.4,170,22.1,11,30.8,265,46.2,354,67.5,175,69.5,111,17.3,151,17.2,108,97.2,320,97.1,321,104.6,143,100.3,50,76.0,338,-1.2,328,-1.2,311,-1.3,331,-1.1,326,-0.9,286,-1.3,290,0.80,342,41.0,16,16.1,327,2024,0.3007376587925521,18,14,0.5625,32
124,Southern Illinois,MVC,19-13,+4.44,109.3,115,104.8,145,64.5,333,-.018,239,+0.57,147,106.6,153,106.0,164,-7.08,346,,MVC,64.5,333,109.3,115,52.5,78,16.8,169,26.1,275,35.9,95,104.8,145,50.1,159,16.2,234,25.6,48,36.5,279,64.5,333,65.3,334,19.2,341,17.4,158,109.3,115,108.9,104,104.8,145,103.5,130,77.0,210,-0.5,250,-0.9,274,-0.2,210,+0.9,59,-0.9,288,+0.2,166,2.35,82,26.7,272,39.1,174,2024,0.6185716877043905,19,13,0.59375,32
328,Southern Indiana,OVC,8-24,-15.87,96.0,334,111.9,296,69.1,91,-.082,341,-5.26,311,102.8,305,108.1,279,+5.66,54,,OVC,69.1,91,96.0,334,45.6,342,19.4,321,27.1,246,37.6,62,111.9,296,49.5,118,16.7,196,28.5,152,48.6,360,69.1,91,69.7,102,17.4,171,16.9,40,96.0,334,95.8,332,111.9,296,107.2,236,76.9,223,-0.3,218,-0.3,199,-0.3,228,+0.6,109,+0.7,100,-1.8,316,0.78,344,31.3,164,19.5,312,2024,0.14648246301244972,8,24,0.25,32
243,Southern Miss,SB,16-16,-5.77,101.3,263,107.1,195,68.1,143,+.055,56,-0.88,191,105.6,200,106.5,183,+1.18,155,,SB,68.1,143,101.3,263,48.3,271,18.5,283,28.8,176,37.9,54,107.1,195,50.5,183,17.2,156,30.4,241,33.0,191,68.1,143,69.2,128,16.9,88,17.5,182,101.3,263,101.0,262,107.1,195,105.4,191,76.9,224,-0.3,225,+0.2,151,-0.9,286,-0.3,220,+0.3,153,-0.5,229,2.19,106,31.1,172,40.7,162,2024,0.3451831321863748,16,16,0.5,32
242,Southern Utah,WAC,10-21,-5.73,106.0,179,111.8,295,69.6,72,-.076,334,+0.89,141,104.9,245,104.0,96,+2.06,126,,WAC,69.6,72,106.0,179,48.4,267,16.9,176,27.9,209,36.2,90,111.8,295,52.6,290,17.0,167,33.0,333,32.2,168,69.6,72,70.8,59,17.2,134,16.7,30,106.0,179,103.1,228,111.8,295,109.4,284,77.5,124,-0.2,198,-0.7,247,+0.3,139,-0.5,249,+0.8,70,+1.9,38,1.11,302,26.9,269,3.0,355,2024,0.35145872581374055,10,21,0.3225806451612903,31
102,St. Bonaventure,A10,20-13,+7.33,111.6,84,104.3,137,65.7,289,-.019,241,+2.42,123,106.6,155,104.2,102,-4.53,309,,A10,65.7,289,111.6,84,52.3,85,16.2,125,29.7,146,32.2,189,104.3,137,51.2,215,19.3,49,28.4,144,33.9,219,65.7,289,66.1,303,18.2,267,18.2,322,111.6,84,110.0,77,104.3,137,103.0,117,77.2,156,+0.3,130,+0.8,84,-0.3,216,-1.3,334,-0.2,213,+1.5,60,3.63,1,30.9,178,63.4,31,2024,0.6852427420373722,20,13,0.6060606060606061,33
21,St. John's,BE,20-13,+19.41,119.0,18,99.6,57,69.3,78,-.068,325,+11.19,30,112.5,26,101.3,44,+1.64,139,,BE,69.3,78,119.0,18,50.9,159,15.7,86,38.6,4,27.3,324,99.6,57,49.5,121,18.5,83,30.4,237,34.4,232,69.3,78,69.6,109,16.7,78,17.7,245,119.0,18,113.4,32,99.6,57,103.5,133,78.1,49,+0.4,117,+1.0,68,-0.2,204,+0.6,105,+0.8,70,+2.5,11,3.12,10,36.0,75,14.9,332,2024,0.885599085705205,20,13,0.6060606060606061,33
148,St. Thomas,Sum,20-13,+1.71,107.6,146,105.9,167,63.1,354,-.087,346,-5.02,301,104.6,257,109.6,353,-3.85,290,,Sum,63.1,354,107.6,146,54.4,31,14.9,46,24.0,318,29.4,269,105.9,167,52.0,261,18.5,85,25.5,46,29.0,86,63.1,354,63.4,354,19.0,330,18.7,359,107.6,146,110.5,66,105.9,167,102.8,111,77.0,197,-0.6,261,-1.2,308,-0.0,188,+0.3,131,-0.2,210,+0.6,126,1.38,264,26.4,277,56.7,62,2024,0.5456579644078313,20,13,0.6060606060606061,33
105,Stanford,P12,14-18,+6.57,110.5,97,103.9,128,69.7,71,-.052,301,+8.01,82,110.0,85,102.0,68,-1.88,253,,P12,69.7,71,110.5,97,54.3,33,17.8,229,23.2,334,28.6,293,103.9,128,51.9,257,15.5,280,27.3,103,25.3,20,69.7,71,70.9,55,16.3,47,17.4,156,110.5,97,105.9,163,103.9,128,106.5,219,78.4,25,+1.8,18,+2.5,9,+1.0,63,+1.9,11,+1.3,37,-0.4,225,2.52,53,33.3,128,58.6,55,2024,0.6700135101487796,14,18,0.4375,32
170,Stephen F. Austin,WAC,18-15,-0.65,102.0,255,102.6,106,69.3,82,+.008,164,-0.26,175,105.1,230,105.4,142,-1.02,225,,WAC,69.3,82,102.0,255,49.4,240,22.0,357,33.4,49,42.2,9,102.6,106,49.6,123,22.9,7,30.5,251,47.4,359,69.3,82,70.8,58,17.2,124,16.6,19,102.0,255,100.5,277,102.6,106,100.1,47,77.1,188,-0.3,224,-0.4,217,-0.3,217,+0.0,168,+0.3,152,+0.1,169,1.58,242,44.2,6,47.6,113,2024,0.4831441713460154,18,15,0.5454545454545454,33
220,Stetson,ASun,22-13,-4.51,109.8,106,114.3,341,66.5,252,+.145,3,-2.86,245,105.7,193,108.6,308,+4.58,75,16,ASun,66.5,252,109.8,106,52.8,66,16.2,116,27.6,225,31.8,210,114.3,341,52.3,277,13.5,345,31.8,306,25.5,21,66.5,252,66.7,276,18.4,287,17.5,186,109.8,106,110.3,70,114.3,341,113.3,344,77.7,90,+1.3,35,+2.0,20,+0.7,97,-0.2,213,-0.3,238,+0.6,123,1.79,192,22.0,336,49.5,102,2024,0.3865329400355719,22,13,0.6285714285714286,35
359,Stonehill,NEC,4-27,-22.93,91.9,354,114.8,344,67.7,164,-.078,335,-5.10,302,102.1,322,107.2,224,+4.10,80,,NEC,67.7,164,91.9,354,46.7,323,19.5,324,22.5,345,22.6,358,114.8,344,52.7,297,16.7,191,31.1,278,29.4,97,67.7,164,69.4,123,18.0,239,16.4,11,91.9,354,91.1,357,114.8,344,110.6,304,76.6,262,-0.3,213,-1.4,324,+0.8,81,+0.9,58,-0.5,255,-2.3,337,0.93,329,34.9,95,26.2,275,2024,0.0718481673206425,4,27,0.12903225806451613,31
168,Stony Brook,CAA,20-15,-0.63,106.3,172,106.9,191,67.6,173,+.054,58,-1.32,204,105.4,208,106.7,200,+1.10,157,,CAA,67.6,173,106.3,172,50.3,198,15.1,59,26.6,261,29.2,278,106.9,191,50.0,149,15.2,297,29.3,194,27.4,53,67.6,173,67.4,251,17.9,234,17.7,228,106.3,172,106.1,155,106.9,191,105.9,202,76.8,237,+0.5,112,+1.8,29,-0.9,288,-1.6,349,-0.9,285,-0.1,196,2.68,34,29.9,196,35.4,209,2024,0.4838236160322219,20,15,0.5714285714285714,35
80,Syracuse,ACC,20-12,+10.26,111.7,83,101.4,85,70.8,39,+.132,7,+11.20,29,112.4,30,101.2,37,+3.27,95,,ACC,70.8,39,111.7,83,51.3,143,15.9,95,24.1,313,34.1,138,101.4,85,52.8,299,20.2,34,31.9,308,26.6,31,70.8,39,71.9,34,17.0,102,16.2,7,111.7,83,105.2,179,101.4,85,106.2,213,78.0,58,+0.0,168,+0.0,169,-0.0,167,+0.9,59,+0.8,68,+2.6,10,1.24,290,24.1,312,51.0,93,2024,0.7526044971643365,20,12,0.625,32
43,TCU,B12,21-13,+16.04,114.7,43,98.7,44,69.8,64,-.049,298,+9.71,55,110.6,74,100.9,29,-8.39,357,9,B12,69.8,64,114.7,43,51.5,131,18.0,241,35.9,17,35.0,117,98.7,44,50.7,192,20.6,26,28.4,146,35.4,256,69.8,64,70.6,62,16.1,30,18.1,310,114.7,43,109.8,85,98.7,44,100.4,55,78.1,48,+0.6,100,+0.2,147,+1.0,65,+2.0,9,+0.5,126,+1.1,91,3.39,3,33.7,119,44.1,139,2024,0.8491184233186406,21,13,0.6176470588235294,34
129,Tarleton St.,WAC,25-10,+3.75,109.3,116,105.5,159,67.0,216,+.124,9,+0.10,158,104.6,256,104.5,113,+5.08,65,,WAC,67.0,216,109.3,116,50.0,218,16.6,152,30.1,128,30.4,247,105.5,159,50.4,171,20.0,37,32.7,324,34.0,221,67.0,216,67.9,212,18.2,272,17.2,105,109.3,116,106.3,147,105.5,159,103.1,121,76.5,283,-2.1,361,-3.2,362,-1.0,296,-0.1,177,+1.4,33,-0.2,204,0.65,351,19.6,354,27.1,269,2024,0.6003521429698271,25,10,0.7142857142857143,35
181,Temple,Amer,16-20,-2.21,102.6,244,104.8,144,66.9,226,+.033,104,+2.26,126,108.2,105,106.0,163,-1.69,248,,Amer,66.9,226,102.6,244,46.0,336,14.1,21,28.2,199,32.1,192,104.8,144,50.4,174,17.0,164,29.7,214,36.0,272,66.9,226,67.7,225,17.9,225,17.5,181,102.6,244,101.8,251,104.8,144,106.3,215,76.5,287,-1.2,319,-0.5,234,-1.8,349,-0.9,292,-0.2,212,+0.2,167,2.16,111,28.9,228,27.6,265,2024,0.4393052470000134,16,20,0.4444444444444444,36
5,Tennessee,SEC,27-9,+26.61,116.8,28,90.2,3,69.3,80,-.026,257,+13.35,8,114.6,2,101.2,40,+8.97,19,2,SEC,69.3,80,116.8,28,51.1,148,14.5,34,32.2,75,33.7,147,90.2,3,45.4,6,18.6,80,28.2,139,35.7,261,69.3,80,70.2,76,15.9,24,18.4,347,116.8,28,112.2,44,90.2,3,95.8,7,76.6,272,+0.1,152,+0.5,114,-0.3,218,+0.0,172,-0.2,208,-2.9,351,2.76,29,25.8,284,55.5,67,2024,0.9512924228218549,27,9,0.75,36
216,Tennessee Martin,OVC,21-11,-4.20,106.6,168,110.8,268,73.0,7,+.066,44,-6.29,327,101.9,332,108.2,283,+3.03,104,,OVC,73.0,7,106.6,168,50.5,186,15.0,54,27.0,252,32.8,175,110.8,268,49.3,108,13.2,350,26.4,68,24.6,15,73.0,7,73.2,13,15.3,10,17.4,166,106.6,168,107.5,126,110.8,268,105.5,194,76.4,304,-0.0,177,-0.7,248,+0.7,99,-0.7,267,-1.4,329,-1.7,308,2.28,91,29.2,223,47.5,114,2024,0.3906936286371063,21,11,0.65625,32
291,Tennessee St.,OVC,18-15,-10.00,98.9,304,108.9,232,68.5,127,+.036,96,-6.95,338,102.2,319,109.2,337,+1.20,153,,OVC,68.5,127,98.9,304,48.8,257,19.8,327,28.6,183,38.1,50,108.9,232,48.8,83,18.7,72,32.2,318,44.3,348,68.5,127,68.9,145,17.4,160,17.3,124,98.9,304,101.3,260,108.9,232,104.1,152,76.4,295,-0.8,283,-0.4,216,-1.1,318,-1.4,338,-1.1,301,+0.5,133,1.48,256,37.4,52,25.5,283,2024,0.24830196271181473,18,15,0.5454545454545454,33
332,Tennessee Tech,OVC,10-21,-16.76,96.3,331,113.1,322,65.7,288,-.039,283,-5.13,306,103.2,296,108.3,288,+2.62,115,,OVC,65.7,288,96.3,331,49.0,251,17.8,234,18.9,360,31.0,231,113.1,322,52.5,286,15.4,289,28.1,133,24.6,14,65.7,288,66.9,270,18.2,264,17.5,178,96.3,331,96.4,328,113.1,322,109.4,283,76.5,280,-1.8,353,-1.7,341,-1.8,352,-0.4,236,+0.5,129,+0.5,134,1.11,303,31.7,155,26.4,273,2024,0.13596136266075798,10,21,0.3225806451612903,31
25,Texas,B12,21-13,+18.77,116.5,31,97.7,30,67.4,186,-.042,288,+10.91,35,111.4,51,100.5,18,-3.13,275,7,B12,67.4,186,116.5,31,53.0,63,16.9,173,29.9,137,30.2,254,97.7,30,48.1,55,18.8,65,30.1,221,34.0,222,67.4,186,68.2,193,17.1,115,17.9,288,116.5,31,110.2,73,97.7,30,100.7,64,76.7,258,+0.4,116,+0.3,133,+0.5,111,-0.1,183,-2.3,352,-0.9,267,3.24,4,30.3,191,41.9,154,2024,0.8832817901123626,21,13,0.6176470588235294,34
35,Texas A&M,SEC,21-15,+17.02,117.5,26,100.5,68,66.6,246,-.033,268,+12.06,15,112.9,14,100.9,27,+5.10,64,9,SEC,66.6,246,117.5,26,45.7,341,14.1,19,42.3,1,38.6,38,100.5,68,50.5,182,16.7,198,27.9,128,31.9,159,66.6,246,67.7,224,17.5,183,18.0,294,117.5,26,111.6,50,100.5,68,105.3,185,77.1,181,-0.5,243,-0.9,286,-0.0,168,+0.9,57,+0.4,144,-0.4,217,2.56,45,31.4,163,61.1,42,2024,0.8578110406183965,21,15,0.5833333333333334,36
333,Texas A&M Commerce,Slnd,13-20,-16.76,94.7,342,111.5,288,66.3,262,+.067,42,-4.22,285,104.4,262,108.7,315,+10.00,13,,Slnd,66.3,262,94.7,342,46.0,337,16.8,163,24.3,306,30.8,239,111.5,288,52.4,284,18.4,91,33.1,335,39.2,313,66.3,262,67.9,213,18.3,279,17.0,61,94.7,342,95.0,337,111.5,288,109.1,275,75.2,358,-2.0,360,-1.1,306,-2.9,362,-3.1,362,-2.1,348,-0.6,245,0.94,327,40.4,18,46.8,119,2024,0.13261050838594737,13,20,0.3939393939393939,33
182,Texas A&M Corpus Chris,Slnd,21-12,-2.25,100.4,278,102.7,107,68.9,98,-.006,201,-7.55,348,101.7,336,109.3,341,+1.51,144,,Slnd,68.9,98,100.4,278,46.3,329,17.6,216,33.9,38,36.3,86,102.7,107,48.0,47,19.8,38,25.1,32,47.3,358,68.9,98,70.1,87,16.8,83,17.3,125,100.4,278,102.2,244,102.7,107,97.9,24,77.0,201,-0.2,192,-0.9,278,+0.5,114,-0.5,248,-0.2,213,+0.5,131,0.97,326,39.6,30,6.5,352,2024,0.4352472015865573,21,12,0.6363636363636364,33
267,Texas Southern,SWAC,16-17,-7.85,98.9,303,106.7,185,68.1,144,+.019,138,-6.45,332,101.9,329,108.4,292,+11.69,8,,SWAC,68.1,144,98.9,303,46.9,314,18.2,264,30.1,127,31.1,229,106.7,185,48.3,64,17.9,120,30.9,271,40.1,326,68.1,144,69.2,131,18.0,240,16.7,25,98.9,303,99.4,292,106.7,185,102.3,100,76.1,331,-0.1,189,+0.3,139,-0.6,256,-1.0,298,-1.9,343,-2.1,327,1.65,231,41.9,11,36.3,200,2024,0.2946331339184288,16,17,0.48484848484848486,33
180,Texas St.,SB,17-18,-1.93,100.7,275,102.6,105,66.5,250,+.037,94,+1.38,132,107.0,140,105.6,147,+7.12,32,,SB,66.5,250,100.7,275,47.1,306,19.9,329,31.2,102,37.8,57,102.6,105,49.7,130,18.6,77,29.4,202,38.3,300,66.5,250,68.0,206,17.9,233,17.0,65,100.7,275,98.4,306,102.6,105,102.7,107,76.8,235,-0.5,252,-0.6,239,-0.5,247,-0.6,262,-0.7,278,+0.8,118,1.22,291,38.4,38,27.2,268,2024,0.44646609843413315,17,18,0.4857142857142857,35
31,Texas Tech,B12,23-11,+17.32,117.4,27,100.1,65,66.8,232,+.034,102,+10.24,44,111.1,58,100.9,28,-2.63,266,6,B12,66.8,232,117.4,27,52.6,77,16.5,145,30.3,121,34.2,137,100.1,65,49.2,104,17.0,173,30.3,228,27.2,45,66.8,232,67.2,259,18.3,276,17.5,189,117.4,27,111.6,49,100.1,65,103.1,120,76.4,302,-0.5,253,+0.1,160,-1.2,324,-1.0,305,-0.9,284,-0.6,241,2.32,89,25.0,294,24.7,288,2024,0.8621541489524108,23,11,0.6764705882352942,34
255,The Citadel,SC,11-21,-6.92,103.1,238,110.0,252,65.6,299,-.111,358,-0.15,169,106.5,162,106.6,193,-0.34,205,,SC,65.6,299,103.1,238,50.6,178,18.0,242,27.3,237,33.7,150,110.0,252,53.5,323,16.1,242,26.8,87,22.5,7,65.6,299,66.4,287,18.6,307,17.2,120,103.1,238,103.0,231,110.0,252,108.6,266,76.8,229,-0.7,278,+0.2,148,-1.6,341,-1.0,300,+0.7,104,+0.3,153,1.61,239,16.7,361,39.6,170,2024,0.32191585206217016,11,21,0.34375,32
139,Toledo,MAC,20-12,+2.55,112.7,75,110.1,255,69.4,76,+.004,172,-1.59,208,105.2,218,106.8,207,+4.95,68,,MAC,69.4,76,112.7,75,53.3,57,15.1,60,29.1,165,35.4,104,110.1,255,54.4,345,18.5,88,28.4,148,26.2,30,69.4,76,70.2,77,16.7,79,17.3,126,112.7,75,113.0,34,110.1,255,107.5,244,76.1,330,-1.2,324,-1.3,318,-1.1,316,-2.0,355,-1.2,307,+0.4,145,1.92,165,22.9,330,36.7,196,2024,0.5667035862009522,20,12,0.625,32
146,Towson,CAA,20-14,+1.77,103.5,228,101.7,90,62.3,358,+.012,155,-1.19,198,106.5,158,107.7,256,+1.53,143,,CAA,62.3,358,103.5,228,47.3,296,19.2,314,39.8,2,34.7,130,101.7,90,48.3,67,16.9,183,27.2,100,31.7,152,62.3,358,62.9,358,20.2,357,17.8,262,103.5,228,104.4,201,101.7,90,100.8,68,77.6,98,-0.6,266,-0.9,287,-0.3,224,+0.9,59,+1.7,24,+1.1,108,1.86,176,34.9,94,24.8,287,2024,0.5502694795190456,20,14,0.5882352941176471,34
132,Troy,SB,20-12,+3.65,107.2,157,103.5,119,69.8,67,-.052,303,-1.87,215,105.2,223,107.1,218,+0.83,165,,SB,69.8,67,107.2,157,50.1,213,19.6,325,34.8,27,41.3,14,103.5,119,49.8,135,20.8,22,30.7,258,39.8,323,69.8,67,70.5,65,17.0,100,17.0,57,107.2,157,107.5,125,103.5,119,101.2,77,77.1,176,-0.3,208,-1.0,293,+0.5,121,-0.1,204,-0.2,213,+0.8,115,0.79,343,37.7,48,32.9,229,2024,0.5996323129741513,20,12,0.625,32
136,Tulane,Amer,14-17,+2.73,110.8,92,108.0,211,72.8,11,-.086,344,+3.40,107,108.0,107,104.6,117,-3.43,284,,Amer,72.8,11,110.8,92,54.1,42,15.1,57,20.5,358,45.5,4,108.0,211,51.1,213,17.3,150,32.7,326,32.7,183,72.8,11,73.2,12,15.5,17,17.5,174,110.8,92,109.3,96,108.0,211,108.3,261,77.8,76,-1.0,307,-1.3,316,-0.7,271,+0.9,59,+2.3,7,+2.0,31,3.23,5,18.4,357,59.8,49,2024,0.5730604544677089,14,17,0.45161290322580644,31
184,Tulsa,Amer,16-15,-2.27,103.0,240,105.3,152,70.6,43,+.001,180,-1.13,197,105.9,187,107.0,215,-10.43,360,,Amer,70.6,43,103.0,240,50.3,200,18.2,260,24.4,304,40.6,18,105.3,152,49.7,128,18.1,105,30.4,239,35.1,253,70.6,43,71.3,46,16.6,74,16.9,41,103.0,240,103.1,229,105.3,152,103.1,119,76.8,234,-0.0,172,-0.3,203,+0.3,138,-0.3,223,-0.5,254,-0.7,259,1.18,297,28.3,237,6.7,351,2024,0.43684635417360723,16,15,0.5161290322580645,31
106,UAB,Amer,23-12,+6.49,113.7,56,107.2,198,67.8,158,+.102,13,+4.78,100,108.9,97,104.2,103,+1.94,131,12,Amer,67.8,158,113.7,56,50.0,216,16.8,166,35.4,20,40.6,19,107.2,198,51.0,206,16.2,233,31.3,290,31.5,140,67.8,158,68.6,165,17.4,159,17.4,165,113.7,56,110.8,60,107.2,198,109.0,271,77.1,186,+0.6,94,-0.4,217,+1.7,20,-1.1,312,-0.6,268,+0.3,157,1.68,223,26.8,270,31.9,242,2024,0.6630626001706056,23,12,0.6571428571428571,35
177,UC Davis,BW,20-13,-1.12,102.3,249,103.4,118,67.2,199,+.035,100,-2.64,238,105.0,241,107.6,252,-4.20,299,,BW,67.2,199,102.3,249,50.2,207,19.3,317,28.7,179,38.2,49,103.4,118,49.1,97,20.9,21,30.6,254,38.4,301,67.2,199,67.8,220,16.9,89,18.5,352,102.3,249,103.2,225,103.4,118,100.9,71,76.9,212,-1.0,305,+0.1,162,-2.1,356,-1.1,312,+0.5,127,+1.6,52,2.63,40,28.6,232,76.4,4,2024,0.4692897493514958,20,13,0.6060606060606061,33
82,UC Irvine,BW,24-10,+9.97,109.5,110,99.6,56,68.6,119,-.049,299,-0.05,163,106.0,181,106.1,165,+5.68,52,,BW,68.6,119,109.5,110,51.8,112,16.7,159,31.4,99,34.0,140,99.6,56,46.4,15,17.4,145,27.4,105,35.2,254,68.6,119,69.5,110,17.1,122,17.4,155,109.5,110,109.3,95,99.6,56,98.2,26,77.2,168,+0.7,85,+2.0,21,-0.6,259,-1.1,312,+0.1,170,-0.2,206,1.83,185,40.0,22,58.0,56,2024,0.7483379234356536,24,10,0.7058823529411765,34
217,UC Riverside,BW,16-18,-4.21,104.7,210,108.9,234,67.1,208,+.021,133,-0.57,183,105.2,228,105.7,156,+3.72,89,,BW,67.1,208,104.7,210,46.3,330,14.3,29,29.8,142,28.6,295,108.9,234,52.3,279,15.8,264,25.3,37,34.8,242,67.1,208,67.4,252,19.1,338,16.6,20,104.7,210,102.6,239,108.9,234,106.9,228,77.2,166,+0.8,74,+0.9,78,+0.7,94,+0.6,104,-1.3,325,-0.7,260,1.25,287,36.4,66,34.9,214,2024,0.3888127554790354,16,18,0.47058823529411764,34
130,UC San Diego,BW,21-12,+3.74,111.8,81,108.1,213,65.6,298,-.026,258,-2.46,231,104.0,280,106.4,178,-0.76,216,,BW,65.6,298,111.8,81,52.3,83,14.4,31,27.8,217,32.4,187,108.1,213,50.4,179,16.9,184,27.8,121,29.5,99,65.6,298,66.3,292,18.2,266,17.9,272,111.8,81,111.3,54,108.1,213,104.2,156,77.7,88,-0.2,199,-0.1,183,-0.3,222,+0.4,128,+0.7,99,+2.1,20,1.69,217,21.9,337,45.2,130,2024,0.5955676763785668,21,12,0.6363636363636364,33
205,UC Santa Barbara,BW,16-15,-3.63,106.2,174,109.8,245,67.4,191,-.014,221,-2.82,243,103.6,288,106.4,179,-4.59,310,,BW,67.4,191,106.2,174,53.3,54,19.1,311,25.2,294,39.7,27,109.8,245,50.6,188,14.3,325,26.6,77,31.0,133,67.4,191,68.5,170,17.5,172,17.5,184,106.2,174,105.8,165,109.8,245,106.0,208,78.1,42,+0.3,128,+0.8,82,-0.2,207,+0.3,139,+1.0,59,+3.1,4,1.59,241,27.8,244,41.5,156,2024,0.40531463313161714,16,15,0.5161290322580645,31
66,UCF,B12,17-16,+11.83,107.5,148,95.6,21,68.7,112,-.072,331,+9.02,73,110.8,68,101.8,65,-5.96,334,,B12,68.7,112,107.5,148,47.8,283,18.0,240,32.9,61,37.2,67,95.6,21,47.9,44,20.4,29,26.9,94,39.5,319,68.7,112,69.3,124,17.2,131,17.3,127,107.5,148,102.7,234,95.6,21,97.8,23,77.9,67,+1.5,27,+1.9,24,+1.0,62,-0.4,235,+0.8,95,+0.4,142,2.14,116,34.3,106,14.7,334,2024,0.7939918255909736,17,16,0.5151515151515151,33
98,UCLA,P12,16-17,+7.96,107.4,152,99.4,50,63.1,353,-.028,263,+9.05,72,110.5,75,101.5,51,+0.68,167,,P12,63.1,353,107.4,152,46.6,324,16.4,143,29.8,141,35.8,96,99.4,50,50.1,158,18.1,103,28.3,142,35.8,262,63.1,353,64.6,348,19.1,337,18.2,323,107.4,152,102.0,249,99.4,50,102.1,96,78.1,44,+1.2,41,+1.6,41,+0.8,85,+1.4,30,-0.2,213,+1.2,82,1.00,318,28.0,243,22.8,291,2024,0.7089299553795528,16,17,0.48484848484848486,33
274,UMBC,AE,11-21,-8.34,105.0,201,113.4,325,73.2,5,-.079,336,-4.85,299,101.9,330,106.8,201,-7.12,348,,AE,73.2,5,105.0,201,52.7,70,17.5,207,25.5,289,24.1,354,113.4,325,50.3,169,14.9,309,31.0,276,28.3,71,73.2,5,74.7,4,14.5,2,17.6,200,105.0,201,104.6,196,113.4,325,108.3,260,76.7,257,-1.5,347,-1.3,322,-1.7,343,-1.2,331,-0.2,213,+2.1,20,0.88,332,37.5,51,9.5,345,2024,0.29213198090311715,11,21,0.34375,32
214,UMKC,Sum,16-16,-4.10,101.3,265,105.3,156,66.7,242,-.029,265,-3.63,271,105.3,214,108.9,327,+0.07,196,,Sum,66.7,242,101.3,265,49.4,242,18.1,247,31.3,100,29.3,272,105.3,156,51.1,214,17.4,144,25.3,39,45.1,352,66.7,242,67.1,265,18.7,314,17.2,99,101.3,265,103.2,223,105.3,156,104.6,167,77.6,109,-1.1,311,-1.3,317,-0.8,285,+0.8,76,+1.6,25,+1.8,42,0.94,328,34.7,97,28.5,260,2024,0.3904643916973614,16,16,0.5,32
153,UMass Lowell,AE,22-10,+1.31,106.2,173,104.9,146,70.2,53,-.004,196,-4.27,288,102.1,324,106.3,175,-3.13,276,,AE,70.2,53,106.2,173,50.4,188,18.2,266,32.1,76,40.1,25,104.9,146,47.3,33,15.5,281,26.9,93,26.9,38,70.2,53,71.8,37,16.7,77,16.7,28,106.2,173,106.1,156,104.9,146,99.6,39,76.0,333,-0.8,284,-1.5,329,-0.0,168,-0.7,270,-1.5,332,-1.8,314,2.17,109,20.4,350,48.6,109,2024,0.5353511242429021,22,10,0.6875,32
164,UNC Asheville,BSth,22-12,-0.21,107.4,151,107.6,206,68.2,137,+.083,23,-1.27,200,106.3,172,107.5,247,+3.33,94,,BSth,68.2,137,107.4,151,52.1,95,17.2,189,27.3,238,40.8,17,107.6,206,50.1,162,17.0,168,31.5,299,34.3,230,68.2,137,69.4,115,16.9,93,17.4,162,107.4,151,108.1,117,107.6,206,106.7,221,77.9,62,+1.0,62,+1.1,60,+0.8,84,-0.1,191,+0.6,120,+1.7,47,2.89,19,29.7,206,67.5,18,2024,0.49465136527942727,22,12,0.6470588235294118,34
147,UNC Greensboro,SC,21-11,+1.74,109.2,118,107.5,202,64.9,320,+.070,36,-0.73,188,106.1,180,106.8,204,-0.50,209,,SC,64.9,320,109.2,118,53.2,58,16.3,131,29.3,155,27.3,325,107.5,202,49.5,116,17.7,131,30.5,243,35.8,262,64.9,320,66.3,294,18.8,319,17.4,147,109.2,118,109.6,91,107.5,202,105.9,203,76.7,256,-0.2,201,-0.8,264,+0.3,131,-0.7,274,-1.3,321,+0.1,169,2.01,148,29.7,205,47.3,115,2024,0.5449873793661008,21,11,0.65625,32
119,UNC Wilmington,CAA,21-10,+4.73,113.3,65,108.6,222,65.4,306,+.020,134,-0.48,180,106.3,168,106.8,206,+5.67,53,,CAA,65.4,306,113.3,65,51.1,150,12.8,3,29.9,136,32.9,173,108.6,222,51.7,250,17.1,161,30.6,255,33.1,194,65.4,306,65.4,328,18.3,275,18.2,326,113.3,65,113.8,28,108.6,222,107.3,238,76.8,232,-0.6,265,-1.2,314,-0.0,168,+1.1,41,-1.2,307,-0.1,199,2.34,85,36.7,61,60.8,44,2024,0.6194534966714014,21,10,0.6774193548387096,31
73,UNLV,MWC,21-13,+10.86,113.0,71,102.2,97,65.6,294,+.022,126,+8.02,81,110.7,70,102.7,85,+3.71,91,,MWC,65.6,294,113.0,71,51.7,118,16.2,124,29.7,147,33.2,161,102.2,97,50.0,150,17.7,127,31.4,296,29.6,108,65.6,294,65.2,336,18.4,293,18.4,344,113.0,71,109.0,103,102.2,97,105.3,187,77.0,198,+0.1,158,-0.2,187,+0.3,133,+0.7,91,-0.7,277,-0.6,249,2.26,95,32.5,136,30.8,249,2024,0.7604677462969429,21,13,0.6176470588235294,34
85,USC,P12,15-18,+9.63,110.5,98,100.8,78,68.2,138,-.042,289,+10.88,36,111.6,45,100.7,21,+6.32,43,,P12,68.2,138,110.5,98,51.7,119,17.9,237,29.0,171,33.6,152,100.8,78,50.2,164,18.8,68,32.2,320,31.6,147,68.2,138,69.7,101,17.2,138,17.5,168,110.5,98,104.8,190,100.8,78,105.0,178,78.8,7,+1.7,20,+2.3,13,+1.1,52,+0.8,75,+1.7,23,+2.4,14,2.06,130,36.3,68,50.0,99,2024,0.7420378533059984,15,18,0.45454545454545453,33
288,USC Upstate,BSth,10-20,-9.95,100.0,291,110.0,250,67.2,203,+.020,135,-0.73,189,106.7,149,107.5,241,+2.72,111,,BSth,67.2,203,100.0,291,49.6,232,16.4,139,23.9,320,29.5,268,110.0,250,52.0,264,18.6,73,34.3,349,45.0,350,67.2,203,67.4,250,17.6,193,17.9,287,100.0,291,100.2,278,110.0,250,109.6,288,77.0,205,-0.7,280,-0.7,251,-0.7,270,-0.1,206,+0.6,117,+0.2,164,1.51,253,35.8,78,60.6,45,2024,0.25047753252084154,10,20,0.3333333333333333,30
112,UT Arlington,WAC,20-14,+5.38,109.5,109,104.2,136,71.1,34,+.018,141,+1.95,129,106.1,177,104.2,104,+9.23,17,,WAC,71.1,34,109.5,109,52.1,94,21.5,354,32.8,66,39.0,33,104.2,136,49.0,92,18.6,74,29.4,204,42.0,338,71.1,34,72.0,32,16.6,68,16.8,33,109.5,109,106.0,160,104.2,136,103.6,140,76.2,319,-0.8,293,-0.6,243,-1.0,309,-0.2,215,-1.3,324,-1.4,294,1.66,228,34.2,109,25.9,278,2024,0.6388884207348617,20,14,0.5882352941176471,34
329,UT Rio Grande Valley,WAC,6-25,-16.03,95.6,336,111.6,293,71.3,28,-.001,188,+1.01,138,105.6,203,104.6,115,+0.14,191,,WAC,71.3,28,95.6,336,45.1,347,19.0,306,24.3,311,41.2,15,111.6,293,53.1,313,19.0,60,33.4,338,34.4,233,71.3,28,72.8,19,16.6,65,16.2,6,95.6,336,92.6,352,111.6,293,110.1,295,77.0,204,+0.7,88,+0.6,110,+0.8,86,+0.8,83,-0.7,279,-2.1,326,0.85,337,36.3,67,32.7,230,2024,0.14435195944489546,6,25,0.1935483870967742,31
178,UTEP,CUSA,18-16,-1.15,98.4,307,99.5,55,69.8,63,-.009,209,-0.57,182,105.2,224,105.8,157,-0.78,217,,CUSA,69.8,63,98.4,307,48.1,278,21.2,349,29.0,170,42.8,8,99.5,55,51.5,244,25.9,1,31.0,274,46.3,355,69.8,63,70.3,73,17.0,104,17.1,85,98.4,307,97.1,323,99.5,55,97.3,19,77.3,149,-0.9,297,-1.0,289,-0.7,272,-0.3,217,+0.8,70,+2.0,33,1.75,198,31.1,174,46.4,120,2024,0.46808254443626035,18,16,0.5294117647058824,34
254,UTSA,Amer,11-21,-6.73,107.0,163,113.7,332,70.6,44,-.001,186,-0.01,162,105.8,188,105.9,161,-7.12,347,,Amer,70.6,44,107.0,163,48.3,272,15.5,76,32.0,78,35.0,119,113.7,332,51.9,256,13.1,354,28.9,173,34.6,236,70.6,44,71.2,49,16.7,76,17.0,64,107.0,163,106.1,159,113.7,332,112.7,335,78.0,56,+1.6,23,+1.9,28,+1.3,39,+0.1,158,+0.1,168,+1.1,109,1.20,293,38.3,41,12.0,339,2024,0.332156524150969,11,21,0.34375,32
48,Utah,P12,22-15,+15.41,114.6,45,99.2,47,70.0,57,-.024,254,+10.29,42,111.7,42,101.4,48,+5.52,55,,P12,70.0,57,114.6,45,54.4,32,16.1,112,27.6,223,27.1,329,99.2,47,48.8,84,14.1,332,25.8,52,25.9,28,70.0,57,71.0,54,16.5,58,17.3,143,114.6,45,109.9,81,99.2,47,102.0,92,78.9,5,+2.5,2,+3.0,6,+2.1,9,+1.6,23,+1.9,14,+0.4,147,2.38,79,32.4,137,47.1,117,2024,0.8401792765424821,22,15,0.5945945945945946,37
51,Utah St.,MWC,28-7,+14.89,116.0,34,101.1,82,68.9,99,+.128,8,+6.83,87,109.8,88,103.0,86,+1.78,135,8,MWC,68.9,99,116.0,34,54.0,43,15.5,74,27.8,214,39.0,34,101.1,82,49.8,139,16.4,223,26.6,75,30.6,127,68.9,99,69.3,127,17.1,108,17.6,198,116.0,34,112.3,43,101.1,82,103.1,122,77.3,152,+0.6,99,+1.0,73,+0.2,145,-1.4,342,-0.2,213,+1.2,89,2.37,80,23.4,326,0.1,360,2024,0.8293490322706916,28,7,0.8,35
281,Utah Tech,WAC,11-20,-8.81,99.9,293,108.7,227,70.4,48,+.042,87,+0.67,145,105.3,215,104.6,118,+0.50,176,,WAC,70.4,48,99.9,293,50.3,194,21.8,356,28.2,195,40.2,22,108.7,227,50.4,177,18.3,95,31.6,300,43.2,343,70.4,48,71.7,38,16.5,59,16.8,36,99.9,293,97.4,317,108.7,227,107.0,229,76.7,249,+0.7,86,+0.3,127,+1.0,61,+0.5,114,-2.3,354,-1.7,306,1.28,283,31.1,173,27.6,266,2024,0.2747102653244457,11,20,0.3548387096774194,31
162,Utah Valley,WAC,16-16,-0.10,100.2,283,100.3,66,67.7,163,+.000,182,+1.87,130,106.4,165,104.5,114,+7.07,33,,WAC,67.7,163,100.2,283,47.1,305,18.1,251,28.6,186,35.4,103,100.3,66,48.0,52,18.2,98,27.2,101,36.0,271,67.7,163,68.8,151,17.5,182,17.3,129,100.2,283,97.8,312,100.3,66,99.4,36,77.8,69,+1.3,36,+1.7,31,+0.9,76,+0.6,107,+1.1,50,-0.8,265,1.24,288,33.6,121,4.6,354,2024,0.4971322007863009,16,16,0.5,32
75,VCU,A10,24-14,+10.69,109.2,121,98.5,40,65.6,292,-.011,214,+5.27,94,108.7,101,103.4,89,+0.34,181,,A10,65.6,292,109.2,121,51.8,109,18.2,262,27.8,219,35.0,118,98.5,40,46.8,22,16.8,188,26.9,91,34.1,223,65.6,292,66.2,298,18.1,258,17.9,285,109.2,121,106.2,152,98.5,40,99.8,43,78.0,60,+0.5,106,+0.1,161,+0.9,71,+1.0,53,+1.8,17,+0.3,156,1.71,213,38.5,35,11.8,340,2024,0.7660127027189769,24,14,0.631578947368421,38
353,VMI,SC,4-28,-22.07,89.2,360,111.2,284,74.7,2,-.060,319,+0.04,161,107.2,135,107.2,222,-3.14,277,,SC,74.7,2,89.2,360,46.0,335,21.2,347,23.8,325,27.6,315,111.2,284,54.4,344,15.1,303,30.6,253,30.9,132,74.7,2,74.6,5,15.6,19,16.5,14,89.2,360,89.0,360,111.2,284,113.0,338,76.3,311,-0.8,291,-0.9,273,-0.8,279,-0.8,281,-1.2,307,-0.4,224,0.57,354,37.6,49,22.7,295,2024,0.07342929165330984,4,28,0.125,32
300,Valparaiso,MVC,7-25,-10.73,100.3,280,111.0,276,68.0,152,-.016,230,+2.66,115,107.3,128,104.7,120,-4.50,307,,MVC,68.0,152,100.3,280,46.2,331,15.9,97,25.7,287,23.3,357,111.0,276,54.5,349,17.3,151,30.3,233,30.7,131,68.0,152,68.7,154,16.8,81,18.0,292,100.3,280,97.2,319,111.0,276,110.4,301,76.3,310,-0.1,187,-0.1,182,-0.2,206,-1.5,345,-1.5,333,-0.7,261,0.53,356,32.2,144,12.9,337,2024,0.23763459013847302,7,25,0.21875,32
183,Vanderbilt,SEC,9-23,-2.26,105.2,198,107.4,200,65.7,285,+.023,124,+10.30,41,112.2,34,101.9,66,-1.41,238,,SEC,65.7,285,105.2,198,45.4,345,15.3,64,28.2,202,35.2,109,107.4,200,53.0,310,15.9,257,29.3,195,29.5,101,65.7,285,67.8,219,19.0,332,16.4,12,105.2,198,99.9,281,107.4,200,111.7,325,76.8,236,-0.6,256,-1.2,313,+0.0,165,+0.3,138,-0.4,247,-0.4,220,2.42,70,40.2,19,34.4,220,2024,0.44077579250010024,9,23,0.28125,32
104,Vermont,AE,28-7,+6.61,106.5,170,99.9,61,63.3,350,+.078,26,-2.20,226,104.7,254,106.9,211,+2.30,120,13,AE,63.3,350,106.5,170,51.6,124,14.0,14,22.4,347,29.2,280,99.9,61,46.8,21,15.1,304,23.6,9,26.8,37,63.3,350,65.3,332,18.9,322,17.7,247,106.5,170,106.7,142,99.9,61,97.5,20,76.9,217,-0.9,301,-1.4,324,-0.4,230,-0.3,224,+0.8,70,+0.2,163,2.27,94,37.0,57,39.2,172,2024,0.676058341740798,28,7,0.8,35
37,Villanova,BE,18-16,+16.78,111.4,87,94.6,13,63.6,347,-.093,351,+11.59,22,112.7,18,101.1,33,+5.89,50,,BE,63.6,347,111.4,87,50.6,180,14.7,40,24.9,299,26.8,333,94.6,13,48.3,65,16.2,241,24.3,15,26.0,29,63.6,347,64.3,350,18.7,313,18.3,336,111.4,87,106.9,139,94.6,13,99.6,40,77.8,75,-0.3,220,-1.2,307,+0.5,113,+0.2,146,+1.8,21,+1.9,34,3.03,15,34.1,111,43.9,141,2024,0.8676000179262726,18,16,0.5294117647058824,34
68,Virginia,ACC,23-11,+11.80,105.1,200,93.3,7,60.1,362,+.108,12,+9.07,71,111.6,47,102.5,78,-1.09,229,10,ACC,60.1,362,105.1,200,48.6,262,13.0,4,25.6,288,25.3,348,93.3,7,46.6,17,19.4,47,28.1,134,25.8,24,60.1,362,61.3,362,19.7,352,19.3,362,105.1,200,101.8,254,93.3,7,96.5,11,77.8,68,+0.5,108,+0.2,145,+0.8,87,+0.4,123,+0.8,92,+1.4,70,2.21,102,32.2,147,34.1,223,2024,0.797309048430267,23,11,0.6764705882352942,34
58,Virginia Tech,ACC,19-15,+14.08,115.8,37,101.7,92,68.0,151,-.041,287,+9.90,50,110.7,73,100.8,23,+2.51,117,,ACC,68.0,151,115.8,37,53.8,47,16.2,123,25.0,298,33.0,166,101.7,92,51.0,207,16.9,181,26.2,60,30.2,118,68.0,151,68.1,198,17.3,154,18.0,293,115.8,37,110.3,69,101.7,92,103.9,148,77.4,139,+0.6,102,+0.2,153,+1.0,64,-0.0,176,+0.0,181,+0.2,165,2.41,73,30.5,186,54.0,72,2024,0.8165473811376208,19,15,0.5588235294117647,34
292,Wagner,NEC,17-16,-10.00,96.4,330,106.4,177,61.6,361,+.043,82,-7.47,346,100.8,348,108.3,287,-1.22,232,16,NEC,61.6,361,96.4,330,45.1,348,15.9,94,29.1,164,26.4,339,106.4,177,48.8,82,16.9,180,27.7,112,30.2,117,61.6,361,62.7,361,20.2,358,17.9,270,96.4,330,97.8,311,106.4,177,100.9,69,76.2,317,-1.2,330,-1.3,319,-1.1,321,-1.0,302,-1.2,318,+0.1,169,0.99,320,23.5,325,29.7,257,2024,0.2432316681795702,17,16,0.5151515151515151,33
28,Wake Forest,ACC,21-14,+17.89,117.7,25,99.8,59,68.5,128,-.100,355,+9.00,74,110.0,86,101.0,31,-1.85,250,,ACC,68.5,128,117.7,25,54.2,36,15.5,72,26.4,268,32.0,199,99.8,59,49.1,98,16.4,224,25.8,50,30.1,116,68.5,128,68.8,148,17.7,207,17.2,121,117.7,25,112.7,37,99.8,59,101.9,89,78.0,54,+2.3,7,+2.2,15,+2.4,5,-0.3,218,+0.5,123,-0.3,216,2.01,146,20.4,351,39.3,171,2024,0.8695702726228319,21,14,0.6,35
60,Washington,P12,17-15,+12.95,115.3,38,102.3,100,71.2,30,-.081,340,+9.48,61,111.0,62,101.5,55,+5.96,48,,P12,71.2,30,115.3,38,53.5,50,15.9,99,27.1,245,32.1,191,102.3,100,50.1,160,15.8,270,28.9,174,33.1,195,71.2,30,72.1,30,16.1,31,17.5,169,115.3,38,110.0,75,102.3,100,105.0,179,77.5,127,+1.3,37,+1.9,26,+0.7,93,+1.5,27,+0.4,135,-2.9,352,3.58,2,27.4,258,36.2,201,2024,0.7983026008902256,17,15,0.53125,32
42,Washington St.,P12,25-10,+16.33,113.2,66,96.9,26,64.8,322,+.024,121,+7.91,84,110.3,81,102.4,75,-5.27,317,7,P12,64.8,322,113.2,66,51.8,113,16.4,134,32.9,62,31.6,219,96.9,26,47.2,31,15.6,277,25.0,29,32.3,173,64.8,322,66.4,281,18.2,269,17.9,269,113.2,66,109.9,82,96.9,26,99.7,41,79.3,2,+1.4,28,+1.3,52,+1.6,21,+2.9,1,+3.2,1,+1.8,41,1.19,296,26.7,271,20.5,308,2024,0.8566796167028049,25,10,0.7142857142857143,35
156,Weber St.,BSky,20-12,+0.92,108.6,132,107.7,207,65.7,287,-.014,224,-2.76,241,104.9,242,107.7,258,+4.00,82,,BSky,65.7,287,108.6,132,53.0,64,14.8,45,23.8,326,35.1,112,107.7,207,54.3,340,18.4,92,23.8,12,29.3,90,65.7,287,65.9,311,17.8,218,18.5,353,108.6,132,109.8,84,107.7,207,104.6,172,77.8,77,+0.1,162,+0.6,109,-0.5,245,+0.8,78,+0.7,105,+1.6,51,2.54,49,21.7,341,68.6,15,2024,0.5239069985100652,20,12,0.625,32
144,West Virginia,B12,9-23,+1.94,108.3,140,106.4,178,68.5,123,-.009,210,+11.87,19,111.7,43,99.8,6,+2.81,108,,B12,68.5,123,108.3,140,49.5,235,18.3,270,26.7,259,37.1,69,106.4,178,52.1,269,15.0,305,30.4,236,28.1,67,68.5,123,68.7,155,17.7,208,17.2,97,108.3,140,100.6,273,106.4,178,110.9,313,77.9,66,+1.1,52,+0.8,83,+1.2,40,+0.7,92,-0.1,205,+1.0,110,2.11,122,41.1,14,14.2,336,2024,0.5507113214699317,9,23,0.28125,32
110,Western Carolina,SC,22-10,+5.68,109.2,119,103.5,120,66.9,225,+.002,178,-0.72,187,106.2,174,106.9,214,-0.07,200,,SC,66.9,225,109.2,119,51.7,117,14.7,41,29.1,167,27.7,314,103.5,120,47.2,28,13.3,348,24.2,14,32.4,177,66.9,225,67.9,216,18.2,273,17.0,58,109.2,119,109.4,94,103.5,120,101.7,87,75.5,353,+0.1,156,+0.4,126,-0.2,209,-1.9,353,-2.3,353,-3.9,359,2.48,62,25.6,288,70.0,10,2024,0.6494240869367512,22,10,0.6875,32
270,Western Illinois,OVC,21-12,-8.03,97.9,314,105.9,168,64.8,325,+.121,10,-7.26,343,102.1,321,109.4,346,+1.41,148,,OVC,64.8,325,97.9,314,46.5,326,20.2,335,37.1,9,35.6,99,105.9,168,46.5,16,14.5,321,29.1,187,25.1,18,64.8,325,65.9,308,19.3,342,17.0,62,97.9,314,99.5,288,105.9,168,101.3,78,77.4,129,-0.1,181,+1.1,63,-1.2,329,-0.1,191,+1.2,43,+0.6,125,1.10,306,23.2,327,33.6,225,2024,0.2883707490876371,21,12,0.6363636363636364,33
135,Western Kentucky,CUSA,22-12,+2.90,105.4,193,102.5,103,75.3,1,-.036,275,-2.07,220,104.0,279,106.1,166,-3.00,270,15,CUSA,75.3,1,105.4,193,51.7,116,18.4,277,28.8,177,32.1,194,102.5,103,48.6,79,18.4,89,26.7,79,33.0,190,75.3,1,75.4,1,14.6,4,17.1,76,105.4,193,104.5,199,102.5,103,99.1,35,77.3,146,-0.2,196,+0.1,167,-0.4,237,+0.5,118,+0.8,93,+0.0,185,1.38,265,39.6,29,20.6,307,2024,0.5795309343969013,22,12,0.6470588235294118,34
305,Western Michigan,MAC,12-20,-11.42,100.0,292,111.4,287,68.6,117,+.022,129,-3.30,256,103.9,281,107.2,226,+0.99,160,,MAC,68.6,117,100.0,292,48.7,261,19.7,326,33.7,41,31.5,222,111.4,287,50.9,204,15.5,279,29.7,212,31.5,141,68.6,117,68.5,173,17.4,157,17.6,216,100.0,292,100.0,280,111.4,287,108.3,259,77.4,133,+0.8,79,+0.4,122,+1.1,53,-0.6,260,+0.8,70,-0.2,205,1.78,193,32.4,139,35.6,208,2024,0.22417375736436307,12,20,0.375,32
154,Wichita St.,Amer,15-19,+1.12,104.7,209,103.6,121,68.1,145,-.037,279,+3.51,104,108.9,98,105.4,139,+1.48,146,,Amer,68.1,145,104.7,209,49.8,228,17.8,228,31.8,87,26.4,338,103.6,121,48.5,72,14.8,310,28.7,164,28.3,74,68.1,145,69.4,116,17.3,147,17.3,134,104.7,209,103.3,222,103.6,121,105.1,180,77.7,86,+0.5,107,+1.1,59,-0.1,197,+0.1,154,+0.6,113,+1.1,91,2.34,83,29.4,216,22.2,299,2024,0.5303278650668352,15,19,0.4411764705882353,34
319,William & Mary,CAA,10-23,-13.56,100.7,273,114.3,340,65.9,273,-.062,320,-4.65,296,104.2,270,108.9,324,-5.78,331,,CAA,65.9,273,100.7,273,48.3,270,16.2,115,27.4,233,31.9,204,114.3,340,52.2,275,14.4,324,29.1,184,34.9,248,65.9,273,66.3,291,18.5,299,17.6,218,100.7,273,102.7,236,114.3,340,111.6,323,77.6,104,-0.4,228,-0.3,201,-0.5,241,+0.1,166,+1.2,45,+1.7,46,0.80,341,30.7,183,32.6,232,2024,0.1889528208998176,10,23,0.30303030303030304,33
176,Winthrop,BSth,17-15,-1.11,107.0,160,108.1,212,67.0,215,-.057,310,-1.90,216,105.9,184,107.8,265,+1.19,154,,BSth,67.0,215,107.0,160,51.9,108,18.8,297,30.5,118,50.0,1,108.1,212,49.5,117,18.3,96,32.8,327,34.3,228,67.0,215,67.9,215,18.3,278,17.0,63,107.0,160,107.8,121,108.1,212,105.8,200,77.1,178,-0.5,239,-0.9,279,-0.0,168,+0.3,140,-0.0,185,+0.6,124,2.96,17,32.8,131,51.3,92,2024,0.4706286697276073,17,15,0.53125,32
17,Wisconsin,B10,22-14,+20.06,119.2,17,99.2,46,65.5,304,-.036,273,+14.04,3,113.2,9,99.2,2,+6.22,44,5,B10,65.5,304,119.2,17,52.2,88,14.9,49,30.2,123,33.8,146,99.2,46,52.0,263,16.9,177,24.4,18,33.8,217,65.5,304,66.0,306,19.0,336,17.2,119,119.2,17,112.3,41,99.2,46,104.6,169,78.4,22,+1.9,12,+2.2,14,+1.5,26,+1.0,52,+0.8,70,+0.9,112,2.56,47,26.1,281,71.5,8,2024,0.8920779696912844,22,14,0.6111111111111112,36
193,Wofford,SC,17-15,-2.57,107.5,147,110.1,254,65.6,291,+.060,49,+1.16,134,107.3,134,106.1,167,+3.75,88,,SC,65.6,291,107.5,147,53.3,55,17.1,187,29.4,152,27.8,311,110.1,254,51.5,240,14.0,333,26.2,62,34.6,237,65.6,291,67.1,264,19.0,331,16.7,26,107.5,147,107.0,137,110.1,254,110.6,305,76.6,273,-0.6,269,-0.8,256,-0.5,254,-1.4,344,-0.4,249,+0.3,158,1.06,311,36.2,70,35.7,206,2024,0.4317219060788349,17,15,0.53125,32
158,Wright St.,Horz,18-14,+0.80,116.1,33,115.3,348,71.6,22,-.058,313,-2.58,236,104.9,243,107.5,245,+4.09,81,,Horz,71.6,22,116.1,33,58.5,2,16.5,149,29.1,162,33.6,153,115.3,348,55.3,354,16.4,216,28.2,137,30.0,115,71.6,22,72.5,22,15.9,25,17.1,78,116.1,33,117.4,10,115.3,348,112.9,336,77.0,194,-0.1,185,-0.8,259,+0.5,117,+0.8,85,-0.0,186,-0.9,267,2.80,26,19.8,353,59.2,51,2024,0.5198686088697508,18,14,0.5625,32
159,Wyoming,MWC,15-17,+0.79,108.7,130,107.9,210,67.2,197,+.038,92,+6.42,88,110.2,82,103.8,93,+2.47,118,,MWC,67.2,197,108.7,130,50.9,158,18.5,281,28.7,181,38.0,52,107.9,210,52.8,304,15.9,262,29.1,189,27.8,62,67.2,197,67.7,228,18.2,268,17.1,84,108.7,130,105.2,180,107.9,210,111.0,315,78.0,59,+1.2,42,+0.7,95,+1.7,19,+1.1,46,-0.4,242,+1.1,91,1.58,243,24.3,305,16.1,328,2024,0.5212246380398851,15,17,0.46875,32
56,Xavier,BE,16-18,+14.17,113.2,69,99.0,45,71.2,31,-.060,318,+13.22,9,113.3,8,100.1,8,+4.87,70,,BE,71.2,31,113.2,69,49.1,249,16.3,128,31.9,83,31.8,212,99.0,45,49.5,122,16.0,253,28.9,176,29.7,109,71.2,31,71.5,41,16.1,35,17.5,187,113.2,69,106.1,158,99.0,45,104.4,162,77.2,170,+0.4,120,+0.4,121,+0.4,127,+1.0,54,-0.8,282,-0.9,267,2.17,108,29.6,209,9.9,343,2024,0.8236707123840766,16,18,0.47058823529411764,34
90,Yale,Ivy,23-10,+9.07,110.9,91,101.8,93,64.9,315,+.040,91,+3.07,110,108.7,100,105.6,151,+5.01,66,13,Ivy,64.9,315,110.9,91,52.1,92,14.3,28,27.8,215,27.8,312,101.8,93,50.4,175,16.2,239,24.2,13,29.4,96,64.9,315,65.8,316,19.0,334,17.4,149,110.9,91,109.7,87,101.8,93,103.2,125,78.2,35,+0.4,119,+1.6,40,-0.8,276,+0.9,59,+0.9,63,+2.8,8,1.64,235,23.1,328,66.9,21,2024,0.7280231882144527,23,10,0.696969696969697,33
134,Youngstown St.,Horz,22-10,+3.02,108.3,138,105.3,153,69.0,94,-.022,250,-4.17,284,105.2,220,109.4,345,+1.16,156,,Horz,69.0,94,108.3,138,50.4,191,15.5,73,33.9,37,29.3,274,105.3,153,49.0,89,16.5,206,28.8,166,30.7,130,69.0,94,70.0,89,17.4,163,17.1,83,108.3,138,111.1,55,105.3,153,102.4,102,76.5,284,+0.1,144,+0.6,98,-0.3,223,+0.1,155,-1.1,299,-2.5,343,3.00,16,28.4,235,20.1,309,2024,0.5800685861558413,22,10,0.6875,32
