rk,TEAM,CONF,RECORD,KADJ EM,adjo,adjo.rank,adjd,adjd.rank,adjt,adjt.rank,luck,luck.rank,sos-adjem,sos-adjem.rank,sos-oppo,sos-oppo.rank,sos-oppd,sos-oppd.rank,ncsos-adjem,ncsos-adjem.rank,seed,conference,KADJ T,adjtempo.rank,KADJ O,adjoe.rank,off-efg%,off-efg%.rank,off-to%,off-to%.rank,off-or%,off-or%.rank,off-ftrate,off-ftrate.rank,KADJ D,adjde.rank,def-efg%,def-efg%.rank,def-to%,def-to%.rank,def-or%,def-or%.rank,def-ftrate,def-ftrate.rank,tempo-adj,tempo-adj.rank,tempo-raw,tempo-raw.rank,off. efficiency-adj,off. efficiency-adj.rank,off. efficiency-raw,off. efficiency-raw.rank,def. efficiency-adj,def. efficiency-adj.rank,def. efficiency-raw,def. efficiency-raw.rank,YEAR,BARTHAG,W,L,WIN%,GAMES
44,Air Force,MWC,18-12,+13.40,112.2,35,98.9,83,54.3,329,-.084,314,+2.63,115,104.4,125,101.8,104,-1.50,206,,MWC,54.3,329,112.2,35,54.2,21,16.8,4,24.7,317,27.4,319,98.9,83,52.7,294,28.7,1,33.8,225,45.3,304,54.3,329,55.5,329,112.2,35,110.0,30,98.9,83,98.4,89,2005,0.8101520067515031,18,12,0.6,30
72,Akron,MAC,19-10,+10.10,106.0,111,95.9,44,66.2,162,-.014,198,+2.55,117,105.7,84,103.2,169,-1.97,217,,MAC,66.2,162,106.0,111,51.8,58,19.6,72,29.8,241,36.5,163,95.9,44,46.1,28,22.5,86,35.0,270,37.1,168,66.2,162,67.0,175,106.0,111,105.6,74,95.9,44,97.8,74,2005,0.7597904110112451,19,10,0.6551724137931034,29
18,Alabama,SEC,24-8,+20.51,118.8,9,98.3,78,62.8,292,+.033,92,+6.84,45,106.5,57,99.6,40,-1.28,198,5,SEC,62.8,292,118.8,9,55.6,8,19.4,65,34.1,91,43.8,24,98.3,78,47.0,59,17.2,321,28.4,37,25.3,8,62.8,292,64.8,262,118.8,9,114.7,11,98.3,78,100.1,129,2005,0.8982838361654755,24,8,0.75,32
278,Alabama A&M,SWAC,15-14,-12.49,90.5,316,102.9,169,72.8,10,-.023,224,-14.52,328,92.4,327,106.9,308,+1.14,128,16,SWAC,72.8,10,90.5,316,44.9,306,20.2,104,29.1,253,40.6,70,102.9,169,46.9,58,26.3,8,34.6,251,32.2,79,72.8,10,73.6,16,90.5,316,92.3,297,102.9,169,92.1,9,2005,0.18592795499183745,15,14,0.5172413793103449,29
301,Alabama St.,SWAC,13-14,-15.76,87.1,323,102.8,165,61.8,303,+.083,17,-12.85,326,93.7,324,106.6,300,+1.14,129,,SWAC,61.8,303,87.1,323,42.1,324,23.2,263,31.8,184,42.3,42,102.8,165,47.6,81,22.2,99,28.6,42,38.0,190,61.8,303,64.4,272,87.1,323,88.3,322,102.8,165,93.6,24,2005,0.12944471415582284,13,14,0.48148148148148145,27
161,Albany,AE,13-15,+0.22,103.6,150,103.4,183,65.1,210,-.121,328,-4.63,254,98.5,290,103.1,166,-5.52,292,,AE,65.1,210,103.6,150,49.7,153,22.2,219,32.1,171,39.9,79,103.4,183,49.0,148,23.0,60,32.8,195,32.7,87,65.1,210,65.5,236,103.6,150,102.1,139,103.4,183,97.9,75,2005,0.5055553286716704,13,15,0.4642857142857143,28
327,Alcorn St.,SWAC,7-22,-27.05,79.0,328,106.1,230,68.9,58,+.027,105,-12.69,325,94.4,317,107.1,314,-0.69,179,,SWAC,68.9,58,79.0,328,41.9,326,27.2,329,29.1,258,39.6,86,106.1,230,48.3,118,22.6,80,34.4,244,49.2,321,68.9,58,70.6,60,79.0,328,80.1,328,106.1,230,97.7,72,2005,0.03255450829452201,7,22,0.2413793103448276,29
185,American,Pat,16-12,-1.95,101.8,187,103.7,187,63.9,256,+.041,73,-3.66,234,100.0,249,103.7,195,+0.70,140,,Pat,63.9,256,101.8,187,51.1,85,22.1,217,30.1,233,32.0,274,103.7,187,47.9,90,19.6,252,28.5,40,33.0,95,63.9,256,65.2,253,101.8,187,101.0,175,103.7,187,99.4,107,2005,0.4470349231685129,16,12,0.5714285714285714,28
182,Appalachian St.,SC,18-12,-1.84,102.0,183,103.8,190,67.1,119,+.007,148,-5.70,265,98.6,288,104.3,221,-1.49,204,,SC,67.1,119,102.0,183,50.4,113,21.1,157,30.2,230,29.4,310,103.8,190,48.9,146,23.1,52,33.9,231,33.0,93,67.1,119,70.2,69,102.0,183,101.7,150,103.8,190,99.1,104,2005,0.44987610084576424,18,12,0.6,30
13,Arizona,P10,30-7,+22.22,116.7,10,94.5,30,68.6,75,+.027,104,+8.12,30,107.8,22,99.7,44,+3.33,79,3,P10,68.6,75,116.7,10,53.4,28,20.6,123,39.7,8,30.9,290,94.5,30,49.2,162,22.4,93,32.4,183,28.2,24,68.6,75,70.4,65,116.7,10,112.1,15,94.5,30,98.2,81,2005,0.9188316187248488,30,7,0.8108108108108109,37
70,Arizona St.,P10,18-14,+10.32,111.1,48,100.8,123,68.6,73,-.050,277,+5.16,76,105.6,85,100.5,70,-4.68,278,,P10,68.6,73,111.1,48,51.1,84,20.5,113,36.0,46,41.8,52,100.8,123,49.6,183,20.7,194,30.2,82,34.7,123,68.6,73,70.7,54,111.1,48,107.2,56,100.8,123,101.5,169,2005,0.7537775535750696,18,14,0.5625,32
56,Arkansas,SEC,18-12,+11.98,106.2,108,94.2,29,65.4,199,-.063,297,+2.84,111,104.9,111,102.1,115,-9.99,317,,SEC,65.4,199,106.2,108,51.1,87,20.6,119,35.8,50,37.4,139,94.2,29,46.1,27,24.4,28,33.9,228,39.6,233,65.4,199,67.4,161,106.2,108,105.3,81,94.2,29,93.6,23,2005,0.7988134999844209,18,12,0.6,30
146,Arkansas Little Rock,SB,18-10,+1.69,102.6,168,100.9,127,63.3,279,+.129,4,+1.90,126,103.8,143,101.8,106,+6.41,31,,SB,63.3,279,102.6,168,49.7,150,22.3,227,32.3,161,40.9,65,100.9,127,49.0,152,22.5,84,34.8,266,37.2,171,63.3,279,65.2,252,102.6,168,99.6,202,100.9,127,101.3,163,2005,0.5478882754715947,18,10,0.6428571428571429,28
322,Arkansas Pine Bluff,SWAC,6-20,-22.97,83.9,325,106.8,240,66.6,138,-.038,260,-11.12,313,94.2,321,105.3,264,+12.64,6,,SWAC,66.6,138,83.9,325,41.7,328,23.9,285,27.0,293,28.7,316,106.8,240,47.2,65,20.9,176,31.9,157,37.2,173,66.6,138,69.3,94,83.9,325,83.1,326,106.8,240,98.7,98,2005,0.058672410510172274,6,20,0.23076923076923078,26
158,Arkansas St.,SB,16-13,+0.34,105.8,115,105.5,225,68.4,78,-.026,235,-0.78,173,102.3,186,103.1,161,-3.76,249,,SB,68.4,78,105.8,115,49.6,157,20.8,138,35.2,64,37.2,146,105.5,225,50.2,209,21.0,169,34.4,247,43.3,290,68.4,78,70.9,47,105.8,115,104.8,93,105.5,225,103.5,224,2005,0.5081630283365136,16,13,0.5517241379310345,29
325,Army,Pat,3-24,-26.29,88.6,321,114.9,328,61.4,307,-.079,311,-5.10,261,98.7,287,103.8,201,-7.92,309,,Pat,61.4,307,88.6,321,45.8,287,23.7,276,15.9,330,30.0,303,114.9,328,52.2,286,19.3,273,37.2,317,30.3,47,61.4,307,63.0,301,88.6,321,86.0,323,114.9,328,109.8,316,2005,0.04791622924229382,3,24,0.1111111111111111,27
149,Auburn,SEC,14-17,+1.53,106.8,99,105.3,222,67.6,108,+.064,39,+6.51,53,106.5,56,100.0,55,-2.71,234,,SEC,67.6,108,106.8,99,49.4,164,20.6,124,30.0,236,32.1,270,105.3,222,53.2,301,21.7,129,37.4,319,36.5,152,67.6,108,68.6,116,106.8,99,101.6,152,105.3,222,108.5,298,2005,0.5405760318254837,14,17,0.45161290322580644,31
183,Austin Peay,OVC,13-19,-1.93,99.8,220,101.7,147,64.4,235,-.032,247,-0.65,168,104.1,133,104.7,235,+4.35,63,,OVC,64.4,235,99.8,220,49.0,182,21.2,166,29.1,255,35.9,182,101.7,147,51.4,253,22.9,65,31.5,139,40.9,252,64.4,235,64.7,263,99.8,220,99.2,212,101.7,147,101.9,184,2005,0.4459915640120071,13,19,0.40625,32
157,BYU,MWC,9-21,+0.37,101.4,196,101.1,129,65.4,197,-.095,321,+7.41,38,107.8,23,100.4,64,+6.10,33,,MWC,65.4,197,101.4,196,47.4,247,21.9,203,30.4,222,32.4,264,101.1,129,51.1,242,20.7,195,32.7,193,35.5,139,65.4,197,65.8,229,101.4,196,96.4,244,101.1,129,105.0,254,2005,0.5085177006476588,9,21,0.3,30
96,Ball St.,MAC,15-13,+6.59,109.0,70,102.4,157,65.8,183,-.017,209,+4.33,91,106.3,63,102.0,110,+3.79,72,,MAC,65.8,183,109.0,70,49.6,155,18.3,29,34.1,93,38.0,125,102.4,157,51.0,237,20.7,190,30.3,88,41.7,267,65.8,183,65.3,244,109.0,70,106.3,60,102.4,157,104.8,250,2005,0.6722333159958415,15,13,0.5357142857142857,28
236,Baylor,B12,9-19,-7.51,103.5,151,111.1,300,63.8,258,-.051,278,+5.25,73,104.9,110,99.7,41,-20.99,330,,B12,63.8,258,103.5,151,51.1,83,24.1,296,30.8,213,36.5,161,111.1,300,56.2,329,24.7,24,39.8,328,35.4,137,63.8,258,65.5,237,103.5,151,99.9,198,111.1,300,111.2,322,2005,0.30685168704949856,9,19,0.32142857142857145,28
221,Belmont,ASun,14-16,-6.13,98.7,232,104.8,214,65.9,177,-.050,276,-7.89,294,99.6,260,107.5,323,+3.30,82,,ASun,65.9,177,98.7,232,51.4,70,20.7,128,23.7,321,33.7,241,104.8,214,49.8,188,23.1,53,35.6,292,39.9,239,65.9,177,68.3,127,98.7,232,101.2,164,104.8,214,100.5,143,2005,0.3341128297387811,14,16,0.4666666666666667,30
313,Bethune Cookman,MEAC,13-17,-18.38,90.7,313,109.1,280,67.2,116,+.073,29,-12.40,320,93.3,325,105.7,274,-4.40,267,,MEAC,67.2,116,90.7,313,49.3,171,22.8,250,24.6,318,32.1,268,109.1,280,49.3,163,24.1,34,32.3,181,41.5,262,67.2,116,69.2,96,90.7,313,92.1,299,109.1,280,98.6,93,2005,0.10677290477719219,13,17,0.43333333333333335,30
193,Binghamton,AE,12-17,-2.73,98.5,234,101.2,134,63.4,274,-.048,272,-2.00,194,101.0,224,103.0,153,+2.07,106,,AE,63.4,274,98.5,234,45.3,296,20.8,141,32.8,135,32.8,259,101.2,134,48.7,132,22.8,68,28.5,41,42.3,272,63.4,274,64.5,268,98.5,234,95.9,253,101.2,134,98.2,84,2005,0.42287423220368675,12,17,0.41379310344827586,29
220,Birmingham Southern,BSth,16-14,-6.00,103.4,154,109.4,284,59.7,320,-.015,202,-7.94,296,97.8,301,105.8,276,-3.57,246,,BSth,59.7,320,103.4,154,50.7,103,21.4,176,32.0,175,46.4,9,109.4,284,48.9,145,19.1,282,28.7,44,43.2,287,59.7,320,61.5,316,103.4,154,104.3,101,109.4,284,102.8,207,2005,0.3432897246747166,16,14,0.5333333333333333,30
214,Boise St.,WAC,16-18,-5.40,104.4,138,109.8,290,69.1,51,+.079,23,-1.10,179,101.2,219,102.3,130,-9.56,315,,WAC,69.1,51,104.4,138,50.0,134,21.5,187,32.5,152,30.7,294,109.8,290,51.6,261,19.3,274,33.6,222,36.9,160,69.1,51,69.8,84,104.4,138,101.8,147,109.8,290,107.3,286,2005,0.35894299040605576,16,18,0.47058823529411764,34
25,Boston College,BE,25-5,+18.30,114.3,23,96.0,46,64.8,226,+.078,24,+6.60,51,105.8,81,99.2,28,-4.21,262,4,BE,64.8,226,114.3,23,49.2,177,20.0,96,40.4,4,42.8,36,96.0,46,47.0,60,21.0,172,33.2,207,24.6,3,64.8,226,65.5,235,114.3,23,109.4,35,96.0,46,97.5,67,2005,0.8814779911837204,25,5,0.8333333333333334,30
92,Boston University,AE,20-9,+6.83,100.7,207,93.9,24,62.0,302,+.022,110,-3.28,220,99.9,254,103.2,168,-0.67,177,,AE,62.0,302,100.7,207,47.3,249,18.9,46,32.7,140,36.3,165,93.9,24,41.8,1,21.8,124,31.5,134,27.5,15,62.0,302,62.5,308,100.7,207,100.1,194,93.9,24,88.9,2,2005,0.6908352903535826,20,9,0.6896551724137931,29
133,Bowling Green,MAC,18-11,+3.23,107.6,83,104.4,196,65.1,211,+.104,9,+2.67,113,105.4,93,102.7,147,-2.16,221,,MAC,65.1,211,107.6,83,54.6,16,22.4,234,27.4,287,36.8,157,104.4,196,51.0,240,20.2,223,30.2,85,43.7,293,65.1,211,65.3,245,107.6,83,105.8,66,104.4,196,105.7,264,2005,0.5859374954451473,18,11,0.6206896551724138,29
126,Bradley,MVC,13-15,+3.73,102.4,172,98.6,81,70.4,33,+.009,141,+5.10,77,107.1,36,102.0,114,+0.47,150,,MVC,70.4,33,102.4,172,48.1,224,22.7,243,33.8,98,35.8,185,98.6,81,48.8,138,19.9,234,30.5,92,42.8,281,70.4,33,69.9,79,102.4,172,99.9,197,98.6,81,101.7,178,2005,0.6070378114271499,13,15,0.4642857142857143,28
239,Brown,Ivy,12-16,-7.73,99.1,226,106.8,239,67.8,100,-.022,223,-4.67,257,99.0,281,103.6,190,-4.65,277,,Ivy,67.8,100,99.1,226,48.6,194,20.7,133,26.5,302,39.5,88,106.8,239,51.7,267,23.8,41,34.0,232,28.3,25,67.8,100,67.0,174,99.1,226,98.2,228,106.8,239,101.0,155,2005,0.2972291309253811,12,16,0.42857142857142855,28
95,Bucknell,Pat,23-10,+6.69,102.2,176,95.6,41,63.1,281,+.063,40,-2.34,198,101.4,210,103.7,197,+2.28,97,14,Pat,63.1,281,102.2,176,51.3,77,23.8,280,29.5,248,42.4,39,95.6,41,45.1,16,23.7,42,31.0,109,39.2,224,63.1,281,63.4,297,102.2,176,100.3,193,95.6,41,92.8,14,2005,0.6830289636988697,23,10,0.696969696969697,33
76,Buffalo,MAC,23-10,+9.87,107.4,87,97.5,68,68.6,72,+.056,50,+3.27,104,105.5,89,102.2,126,-2.24,222,,MAC,68.6,72,107.4,87,50.7,101,21.5,184,34.5,77,36.9,155,97.5,68,48.8,135,22.7,75,32.0,168,39.0,216,68.6,72,69.1,100,107.4,87,105.0,88,97.5,68,99.6,112,2005,0.7525278111405475,23,10,0.696969696969697,33
145,Butler,Horz,13-15,+1.70,109.6,60,107.9,263,58.1,326,-.119,326,-0.71,171,102.6,179,103.3,179,-0.90,183,,Horz,58.1,326,109.6,60,53.5,26,16.8,3,21.1,328,32.5,263,107.9,263,52.2,287,19.5,254,31.2,119,33.6,105,58.1,326,57.9,327,109.6,60,108.8,43,107.9,263,106.1,267,2005,0.544822791413897,13,15,0.4642857142857143,28
311,Cal Poly,BW,5-22,-17.87,96.8,257,114.7,327,71.2,18,+.003,154,-1.07,178,101.9,198,103.0,152,-3.80,250,,BW,71.2,18,96.8,257,48.3,212,23.4,268,26.8,295,34.1,231,114.7,327,54.7,319,18.5,303,32.0,166,42.6,275,71.2,18,71.0,45,96.8,257,94.6,271,114.7,327,113.0,328,2005,0.1244182288167882,5,22,0.18518518518518517,27
117,Cal St. Fullerton,BW,21-11,+4.53,106.5,104,101.9,152,70.6,27,+.062,42,-0.51,164,102.9,168,103.4,183,-2.42,225,,BW,70.6,27,106.5,104,50.3,120,18.6,35,34.2,87,22.2,330,101.9,152,51.9,275,20.7,193,25.7,5,34.5,119,70.6,27,69.6,89,106.5,104,105.4,77,101.9,152,101.5,170,2005,0.6242812234450392,21,11,0.65625,32
99,Cal St. Northridge,BW,18-13,+6.56,103.3,155,96.7,56,68.5,76,-.069,305,-0.92,174,102.7,175,103.7,192,+1.19,126,,BW,68.5,76,103.3,155,50.0,132,22.8,246,34.4,82,41.3,57,96.7,56,50.1,206,27.9,3,34.8,265,41.6,264,68.5,76,69.4,90,103.3,155,102.3,135,96.7,56,95.9,45,2005,0.6811964591518617,18,13,0.5806451612903226,31
144,California,P10,13-16,+1.76,102.0,184,100.2,108,66.2,158,+.029,102,+5.60,70,106.0,73,100.4,66,-4.93,282,,P10,66.2,158,102.0,184,48.2,216,21.3,174,33.3,115,35.9,183,100.2,108,49.2,161,19.9,233,31.4,131,29.7,37,66.2,158,68.9,107,102.0,184,97.6,232,100.2,108,102.1,191,2005,0.5510102081250475,13,16,0.4482758620689655,29
323,Campbell,ASun,2-25,-23.46,87.9,322,111.4,305,67.4,110,-.084,315,-6.68,277,100.0,251,106.7,302,+5.75,41,,ASun,67.4,110,87.9,322,45.0,302,26.4,327,35.2,66,33.1,253,111.4,305,55.3,325,20.5,200,30.9,104,36.5,151,67.4,110,69.7,87,87.9,322,88.7,321,111.4,305,109.2,305,2005,0.061533436821868785,2,25,0.07407407407407407,27
261,Canisius,MAAC,11-18,-9.65,99.8,221,109.4,283,66.6,137,+.035,90,-4.56,252,101.2,221,105.7,273,-3.91,255,,MAAC,66.6,137,99.8,221,49.2,178,18.5,34,27.4,288,30.9,288,109.4,283,48.9,143,17.3,319,34.1,236,32.4,84,66.6,137,69.1,101,99.8,221,100.8,182,109.4,283,106.9,279,2005,0.2580380079089702,11,18,0.3793103448275862,29
319,Centenary,MCon,3-24,-19.89,93.5,297,113.4,320,66.0,169,-.033,249,-0.71,170,104.5,123,105.2,258,+3.67,74,,MCon,66.0,169,93.5,297,47.7,235,23.9,282,27.3,290,34.7,216,113.4,320,55.6,328,19.7,245,39.1,326,47.3,315,66.0,169,67.6,153,93.5,297,92.9,289,113.4,320,114.4,330,2005,0.0980537188954074,3,24,0.1111111111111111,27
240,Central Connecticut,NEC,12-16,-7.96,102.4,171,110.4,296,63.6,264,-.040,263,-7.92,295,99.9,253,107.9,327,-0.00,163,,NEC,63.6,264,102.4,171,50.6,105,21.5,185,36.0,48,34.5,219,110.4,296,53.8,314,21.5,139,31.6,143,29.9,41,63.6,264,65.1,257,102.4,171,105.1,85,110.4,296,106.5,272,2005,0.29628130361421096,12,16,0.42857142857142855,28
238,Central Michigan,MAC,10-18,-7.71,97.9,241,105.6,226,68.9,57,+.046,64,+4.11,93,106.2,65,102.1,119,-0.46,174,,MAC,68.9,57,97.9,241,48.3,214,24.9,315,30.6,216,35.0,208,105.6,226,55.1,323,23.3,47,33.9,230,52.6,327,68.9,57,69.9,80,97.9,241,94.2,276,105.6,226,109.2,307,2005,0.29511159013227645,10,18,0.35714285714285715,28
288,Charleston Southern,BSth,13-17,-13.52,90.3,317,103.8,192,61.4,308,+.106,8,-6.41,276,99.5,265,105.9,281,-1.17,194,,BSth,61.4,308,90.3,317,47.7,236,23.6,273,26.6,298,30.0,304,103.8,192,48.9,141,22.1,108,31.3,129,41.0,253,61.4,308,63.4,296,90.3,317,90.9,310,103.8,192,100.3,137,2005,0.16766349205176143,13,17,0.43333333333333335,30
54,Charlotte,CUSA,21-8,+12.15,111.6,42,99.5,90,70.6,29,+.042,72,+3.68,100,104.9,114,101.2,92,-1.74,210,7,CUSA,70.6,29,111.6,42,49.7,149,18.3,28,35.8,51,41.3,58,99.5,90,49.4,167,21.9,118,31.0,108,28.4,27,70.6,29,70.9,46,111.6,42,107.9,52,99.5,90,99.9,121,2005,0.7891449632364292,21,8,0.7241379310344828,29
165,Chattanooga,SC,20-11,+0.03,98.9,229,98.8,82,67.6,109,+.059,47,-3.78,238,101.1,223,104.9,245,+5.69,43,15,SC,67.6,109,98.9,229,49.1,179,24.8,313,37.6,29,42.8,35,98.8,82,49.8,191,21.4,144,25.3,4,28.6,28,67.6,109,70.0,74,98.9,229,99.6,203,98.8,82,96.9,59,2005,0.5029084145869561,20,11,0.6451612903225806,31
241,Chicago St.,MCon,9-19,-8.09,97.1,253,105.2,221,65.5,195,+.016,120,-0.36,159,104.8,116,105.1,254,+7.37,22,,MCon,65.5,195,97.1,253,47.9,232,20.3,110,29.8,239,37.3,141,105.2,221,53.5,307,22.6,78,36.9,310,36.4,150,65.5,195,65.9,220,97.1,253,97.6,233,105.2,221,106.9,278,2005,0.28467228526716476,9,19,0.32142857142857145,28
19,Cincinnati,CUSA,25-8,+20.43,112.5,33,92.0,14,68.0,89,-.006,177,+5.48,71,106.1,71,100.6,77,+0.62,145,7,CUSA,68.0,89,112.5,33,49.5,159,18.8,41,37.8,26,45.8,13,92.0,14,43.1,4,20.0,226,32.4,186,29.8,38,68.0,89,68.9,108,112.5,33,109.3,36,92.0,14,93.2,19,2005,0.9099802178535509,25,8,0.7575757575757576,33
57,Clemson,ACC,16-16,+11.92,105.6,117,93.7,21,69.7,44,-.052,280,+9.70,14,107.5,29,97.8,6,-3.17,239,,ACC,69.7,44,105.6,117,49.6,158,24.0,288,37.4,32,38.4,113,93.7,21,48.9,139,25.1,14,30.7,95,41.2,257,69.7,44,72.4,27,105.6,117,98.7,221,93.7,21,95.6,40,2005,0.7981774497014548,16,16,0.5,32
204,Cleveland St.,Horz,9-17,-4.25,100.6,208,104.8,213,68.2,85,-.096,322,+1.24,140,104.3,128,103.1,159,+3.54,76,,Horz,68.2,85,100.6,208,48.2,221,24.2,297,32.3,160,37.1,151,104.8,213,51.7,266,22.0,112,34.4,245,41.4,259,68.2,85,68.3,128,100.6,208,99.0,216,104.8,213,105.5,261,2005,0.38452928543763515,9,17,0.34615384615384615,26
273,Coastal Carolina,BSth,10-19,-11.97,99.4,223,111.4,303,67.7,105,-.027,236,-5.65,264,99.5,264,105.2,257,+1.17,127,,BSth,67.7,105,99.4,223,48.4,203,20.2,102,30.5,219,30.2,298,111.4,303,53.5,308,20.3,209,31.1,112,47.7,318,67.7,105,68.5,120,99.4,223,99.6,204,111.4,303,107.1,281,2005,0.2123672301950656,10,19,0.3448275862068966,29
248,Colgate,Pat,12-16,-8.59,99.9,217,108.5,272,64.2,240,+.024,108,-4.08,244,99.2,273,103.3,180,-0.82,180,,Pat,64.2,240,99.9,217,49.1,180,21.9,206,28.0,276,27.6,318,108.5,272,49.1,158,20.2,218,35.1,275,35.3,136,64.2,240,65.3,248,99.9,217,98.6,224,108.5,272,104.1,235,2005,0.27895006526238475,12,16,0.42857142857142855,28
163,College of Charleston,SC,18-10,+0.12,101.1,203,101.0,128,67.4,111,+.015,123,-6.28,271,99.6,261,105.9,279,-7.09,301,,SC,67.4,111,101.1,203,47.3,250,19.3,63,32.4,159,32.6,262,101.0,128,47.9,94,24.0,36,32.6,189,36.3,148,67.4,111,70.1,72,101.1,203,102.1,141,101.0,128,95.8,43,2005,0.502845095700323,18,10,0.6428571428571429,28
113,Colorado,B12,14-16,+4.67,107.4,88,102.7,161,69.5,48,+.060,45,+8.50,26,107.5,24,99.0,23,-0.27,169,,B12,69.5,48,107.4,88,49.3,170,19.7,78,32.5,153,34.4,221,102.7,161,49.3,164,18.4,305,33.4,217,36.7,156,69.5,48,69.8,81,107.4,88,101.1,168,102.7,161,106.6,275,2005,0.6258848449299216,14,16,0.4666666666666667,30
148,Colorado St.,MWC,11-17,+1.53,103.5,153,102.0,153,66.7,133,-.106,325,+4.01,96,106.2,64,102.2,127,-2.62,231,,MWC,66.7,133,103.5,153,50.9,92,23.6,274,32.1,174,44.7,17,102.0,153,46.3,33,16.7,326,33.0,199,40.4,248,66.7,133,66.7,188,103.5,153,101.4,162,102.0,153,103.8,230,2005,0.5418732420294298,11,17,0.39285714285714285,28
250,Columbia,Ivy,12-15,-8.89,95.5,272,104.4,197,66.1,166,-.014,201,-7.65,287,97.8,302,105.4,266,-11.34,323,,Ivy,66.1,166,95.5,272,49.2,174,25.5,321,31.5,196,36.3,166,104.4,197,49.5,173,22.3,95,26.5,14,49.8,324,66.1,166,66.8,183,95.5,272,96.2,249,104.4,197,98.2,80,2005,0.26411496513234384,12,15,0.4444444444444444,27
15,Connecticut,BE,23-8,+21.94,112.1,38,90.2,10,70.6,28,-.031,246,+8.52,25,108.5,12,100.0,52,-1.04,191,2,BE,70.6,28,112.1,38,50.2,124,21.0,148,41.7,2,41.3,60,90.2,10,42.9,3,16.8,325,28.3,36,25.6,9,70.6,28,71.2,40,112.1,38,108.7,44,90.2,10,94.0,28,2005,0.9241181134337697,23,8,0.7419354838709677,31
249,Coppin St.,MEAC,13-15,-8.71,92.9,299,101.6,143,64.1,248,+.039,77,-6.33,273,97.8,303,104.1,213,+21.32,1,,MEAC,64.1,248,92.9,299,42.6,323,21.9,205,32.2,165,43.0,33,101.6,143,48.3,112,25.6,12,35.1,277,38.8,210,64.1,248,65.4,242,92.9,299,91.3,305,101.6,143,96.6,54,2005,0.2631851762452633,13,15,0.4642857142857143,28
227,Cornell,Ivy,13-14,-6.86,101.8,186,108.7,274,62.3,297,+.038,79,-4.65,255,99.4,270,104.0,210,-4.41,268,,Ivy,62.3,297,101.8,186,51.4,73,22.1,216,27.7,283,31.0,286,108.7,274,51.8,269,21.9,119,33.0,201,33.7,106,62.3,297,62.7,304,101.8,186,100.9,178,108.7,274,104.4,244,2005,0.31990912994659754,13,14,0.48148148148148145,27
39,Creighton,MVC,23-11,+14.33,114.3,22,100.0,104,63.1,285,-.033,248,+4.44,89,104.9,112,100.4,68,-1.69,209,10,MVC,63.1,285,114.3,22,53.3,30,18.4,31,29.1,254,36.3,168,100.0,104,49.6,184,22.4,92,33.9,229,33.0,94,63.1,285,64.4,275,114.3,22,110.2,29,100.0,104,100.3,138,2005,0.8230352433989523,23,11,0.6764705882352942,34
282,Dartmouth,Ivy,10-17,-12.71,94.5,286,107.2,244,61.0,312,+.083,18,-3.43,226,100.3,240,103.7,199,-2.60,230,,Ivy,61.0,312,94.5,286,47.6,239,21.8,202,26.3,304,30.1,301,107.2,244,51.1,243,22.2,97,32.4,182,41.4,260,61.0,312,61.4,317,94.5,286,93.1,287,107.2,244,104.2,237,2005,0.18998482791369706,10,17,0.37037037037037035,27
114,Davidson,SC,23-9,+4.61,107.8,78,103.2,178,65.4,200,+.111,7,-0.46,162,101.6,205,102.0,112,+9.66,16,,SC,65.4,200,107.8,78,50.8,98,22.0,211,33.7,101,36.0,179,103.2,178,48.7,133,19.4,262,28.4,38,32.9,92,65.4,200,67.1,171,107.8,78,105.0,86,103.2,178,101.4,167,2005,0.6228120685277382,23,9,0.71875,32
111,Dayton,A10,18-11,+4.72,102.2,177,97.5,65,63.0,287,-.001,163,-1.00,177,102.5,181,103.5,187,-0.64,176,,A10,63.0,287,102.2,177,48.4,202,20.2,105,32.3,162,33.4,246,97.5,65,46.8,52,22.5,88,27.7,27,46.4,310,63.0,287,63.1,299,102.2,177,101.5,159,97.5,65,96.3,51,2005,0.6321408114926476,18,11,0.6206896551724138,29
62,DePaul,CUSA,20-11,+11.29,111.8,41,100.5,117,62.5,295,-.000,159,+3.70,99,104.7,117,101.0,87,-0.94,186,,CUSA,62.5,295,111.8,41,49.3,172,18.7,38,37.3,35,34.1,229,100.5,117,48.7,134,19.4,263,28.7,45,34.0,113,62.5,295,63.0,300,111.8,41,108.3,47,100.5,117,101.3,162,2005,0.7730070277026108,20,11,0.6451612903225806,31
224,Delaware,CAA,11-20,-6.46,95.1,278,101.5,140,68.2,84,-.063,296,-2.21,195,101.7,200,103.9,207,-1.25,196,,CAA,68.2,84,95.1,278,48.3,206,24.0,290,29.8,240,35.3,200,101.5,140,47.6,77,19.0,285,29.9,68,40.4,249,68.2,84,68.7,113,95.1,278,94.2,277,101.5,140,98.7,96,2005,0.3210407535346724,11,20,0.3548387096774194,31
209,Delaware St.,MEAC,19-14,-4.95,102.3,175,107.2,245,59.3,322,+.077,25,-7.47,284,97.1,311,104.6,229,+9.89,14,16,MEAC,59.3,322,102.3,175,48.8,188,22.0,213,31.7,188,42.0,46,107.2,245,53.0,299,26.4,7,37.3,318,36.0,145,59.3,322,60.7,321,102.3,175,101.2,165,107.2,245,101.3,160,2005,0.36864233779568717,19,14,0.5757575757575758,33
87,Denver,SB,20-11,+7.98,107.9,76,99.9,103,66.6,143,-.054,284,+0.32,150,102.9,171,102.5,142,+1.89,109,,SB,66.6,143,107.9,76,52.7,40,19.3,62,29.1,257,36.0,177,99.9,103,47.1,64,20.7,187,33.0,200,26.8,10,66.6,143,68.4,124,107.9,76,106.1,62,99.9,103,98.2,82,2005,0.7080443128335411,20,11,0.6451612903225806,31
131,Detroit,Horz,14-16,+3.59,103.1,160,99.5,91,59.7,321,-.070,308,+1.61,132,105.0,106,103.4,184,+4.86,52,,Horz,59.7,321,103.1,160,47.4,244,21.2,165,40.5,3,35.1,205,99.5,91,47.7,85,20.2,217,28.2,33,44.8,302,59.7,321,60.3,324,103.1,160,101.7,149,99.5,91,100.7,146,2005,0.600783338928608,14,16,0.4666666666666667,30
138,Drake,MVC,13-16,+2.47,105.3,121,102.8,166,67.0,125,+.022,111,+4.89,81,105.8,79,100.9,85,-2.10,219,,MVC,67.0,125,105.3,121,47.5,242,22.6,239,35.5,58,46.4,10,102.8,166,53.5,306,20.8,183,29.4,61,30.1,45,67.0,125,67.6,150,105.3,121,101.4,161,102.8,166,104.9,251,2005,0.5686444700555745,13,16,0.4482758620689655,29
104,Drexel,CAA,17-12,+5.63,106.3,107,100.7,122,65.0,215,-.024,225,-0.36,160,102.3,189,102.6,144,+4.83,53,,CAA,65.0,215,106.3,107,50.0,134,17.7,17,28.7,267,41.9,47,100.7,122,46.1,26,20.4,206,31.9,162,37.6,179,65.0,215,65.9,222,106.3,107,104.6,98,100.7,122,98.9,101,2005,0.6507583043193218,17,12,0.5862068965517241,29
3,Duke,ACC,27-6,+27.41,115.7,13,88.3,2,68.3,81,-.002,167,+10.89,6,109.5,2,98.6,18,+1.51,116,1,ACC,68.3,81,115.7,13,52.1,49,18.9,47,36.7,38,42.9,34,88.3,2,42.2,2,21.7,127,34.7,257,32.0,78,68.3,81,70.2,68,115.7,13,111.0,21,88.3,2,92.6,11,2005,0.9572213721823556,27,6,0.8181818181818182,33
256,Duquesne,A10,8-22,-9.28,102.9,162,112.2,313,66.2,161,-.007,181,+1.53,136,103.6,145,102.1,117,+1.43,119,,A10,66.2,161,102.9,162,46.9,264,20.2,106,32.6,145,26.7,322,112.2,313,50.7,228,18.7,296,38.3,325,43.0,285,66.2,161,66.7,194,102.9,162,99.9,199,112.2,313,111.3,324,2005,0.2699174323772751,8,22,0.26666666666666666,30
197,East Carolina,CUSA,9-19,-2.99,97.4,250,100.3,112,66.3,156,-.022,220,+6.17,62,106.0,77,99.8,46,+4.18,65,,CUSA,66.3,156,97.4,250,42.7,320,22.9,255,34.5,78,39.7,84,100.3,112,48.9,140,18.4,307,30.2,80,42.6,274,66.3,156,68.3,126,97.4,250,91.1,307,100.3,112,103.0,212,2005,0.4164401970689295,9,19,0.32142857142857145,28
257,East Tennessee St.,SC,10-19,-9.31,102.0,185,111.3,302,72.3,13,-.058,291,-2.88,211,100.1,246,103.0,157,+3.51,77,,SC,72.3,13,102.0,185,49.8,144,21.8,201,31.1,208,30.8,292,111.3,302,53.3,303,20.4,205,35.0,273,32.7,86,72.3,13,74.5,9,102.0,185,99.8,200,111.3,302,108.5,299,2005,0.26826382439803154,10,19,0.3448275862068966,29
229,Eastern Illinois,OVC,12-16,-7.03,101.7,189,108.7,277,66.2,163,+.056,51,-1.91,189,102.9,166,104.8,241,+1.59,115,,OVC,66.2,163,101.7,189,50.1,127,22.9,253,32.2,166,37.2,148,108.7,277,48.3,114,16.3,329,34.6,254,40.1,245,66.2,163,66.5,199,101.7,189,101.3,163,108.7,277,107.8,290,2005,0.3174551593903979,12,16,0.42857142857142855,28
143,Eastern Kentucky,OVC,22-9,+1.98,102.8,164,100.8,124,66.1,167,+.099,11,-3.87,239,102.4,182,106.3,292,+1.72,113,15,OVC,66.1,167,102.8,164,52.4,42,21.1,159,32.4,157,31.0,287,100.8,124,48.3,117,20.3,215,31.2,116,41.2,258,66.1,167,66.8,186,102.8,164,104.6,97,100.8,124,100.4,141,2005,0.5562460449992127,22,9,0.7096774193548387,31
191,Eastern Michigan,MAC,12-18,-2.54,103.8,147,106.4,235,70.1,37,-.030,244,+1.77,129,104.1,131,102.3,132,-4.93,281,,MAC,70.1,37,103.8,147,49.3,167,21.0,153,29.0,259,51.3,2,106.4,235,51.8,270,20.0,232,34.7,263,38.2,194,70.1,37,70.6,59,103.8,147,102.0,145,106.4,235,106.6,273,2005,0.42934954767990496,12,18,0.4,30
262,Eastern Washington,BSky,8-20,-9.83,92.5,303,102.3,156,63.3,278,-.093,319,-2.31,197,102.7,176,105.0,247,+7.35,24,,BSky,63.3,278,92.5,303,47.8,233,23.9,281,26.6,300,34.0,234,102.3,156,52.3,288,22.9,66,27.8,28,47.1,314,63.3,278,66.5,200,92.5,303,92.4,296,102.3,156,101.2,158,2005,0.2390196396440742,8,20,0.2857142857142857,28
281,Elon,SC,8-23,-12.67,92.0,307,104.7,205,62.7,294,+.021,113,-1.95,191,102.4,184,104.4,222,+4.52,58,,SC,62.7,294,92.0,307,46.4,278,22.6,241,27.1,292,36.4,164,104.7,205,52.5,290,21.9,116,30.1,75,35.5,140,62.7,294,65.5,241,92.0,307,91.1,308,104.7,205,103.5,223,2005,0.1843617283417324,8,23,0.25806451612903225,31
152,Evansville,MVC,11-17,+0.55,107.4,86,106.8,241,66.6,141,-.030,245,+3.14,107,105.0,105,101.9,108,-7.05,300,,MVC,66.6,141,107.4,86,52.8,38,19.6,75,26.0,306,35.7,187,106.8,241,51.1,241,19.5,255,33.1,205,37.6,178,66.6,141,67.5,156,107.4,86,104.7,95,106.8,241,107.9,292,2005,0.5161009159128789,11,17,0.39285714285714285,28
201,FIU,SB,13-17,-3.66,98.4,235,102.0,154,66.6,139,+.040,75,+0.85,143,104.0,137,103.1,164,+0.52,149,,SB,66.6,139,98.4,235,48.3,211,26.3,325,35.7,53,47.5,6,102.0,154,48.6,128,20.2,224,30.0,70,42.8,282,66.6,139,68.4,123,98.4,235,95.7,258,102.0,154,101.5,171,2005,0.3981407312859045,13,17,0.43333333333333335,30
175,Fairfield,MAAC,15-15,-0.71,102.3,174,103.0,172,63.2,280,-.038,261,-2.84,208,101.6,203,104.4,224,+2.19,103,,MAAC,63.2,280,102.3,174,47.2,255,18.9,49,32.2,167,32.8,256,103.0,172,48.1,105,21.4,151,31.7,150,38.7,207,63.2,280,65.8,226,102.3,174,101.5,157,103.0,172,99.9,123,2005,0.4804045103007206,15,15,0.5,30
190,Fairleigh Dickinson,NEC,20-13,-2.52,102.7,166,105.2,220,68.6,74,-.003,171,-7.88,293,99.4,267,107.3,319,+0.75,139,16,NEC,68.6,74,102.7,166,50.5,110,19.9,84,33.0,129,32.8,255,105.2,220,50.7,227,21.3,154,29.5,62,37.6,180,68.6,74,69.6,88,102.7,166,104.9,91,105.2,220,100.7,147,2005,0.4312903217347545,20,13,0.6060606060606061,33
10,Florida,SEC,24-8,+23.93,116.4,11,92.5,16,65.2,207,-.027,239,+7.13,40,106.6,53,99.5,34,-4.30,265,4,SEC,65.2,207,116.4,11,55.2,11,20.3,108,34.0,94,40.9,64,92.5,16,46.1,24,21.7,126,27.3,21,35.2,132,65.2,207,66.9,181,116.4,11,113.1,12,92.5,16,94.1,29,2005,0.9335766701723849,24,8,0.75,32
302,Florida A&M,MEAC,14-15,-15.78,96.0,267,111.8,309,67.7,102,+.101,10,-11.21,314,94.1,322,105.3,263,+11.93,7,,MEAC,67.7,102,96.0,267,47.3,251,24.1,294,33.8,100,39.2,96,111.8,309,51.0,238,22.1,107,33.9,227,42.3,270,67.7,102,70.6,57,96.0,267,95.3,263,111.8,309,103.4,221,2005,0.147772605105791,14,15,0.4827586206896552,29
242,Florida Atlantic,ASun,10-17,-8.12,100.3,213,108.5,271,72.9,8,-.075,309,-7.58,286,99.4,268,107.0,309,+6.56,30,,ASun,72.9,8,100.3,213,49.6,156,22.4,233,34.7,71,35.3,199,108.5,271,51.3,251,21.8,122,31.4,130,38.5,201,72.9,8,74.2,10,100.3,213,101.1,171,108.5,271,103.7,229,2005,0.2882863293583874,10,17,0.37037037037037035,27
102,Florida St.,ACC,12-19,+6.24,105.1,125,98.9,84,65.4,198,-.067,302,+10.23,10,108.2,16,98.0,9,-0.84,181,,ACC,65.4,198,105.1,125,50.7,99,23.3,266,29.7,242,37.5,138,98.9,84,49.6,182,20.9,181,31.9,161,38.4,198,65.4,198,68.1,136,105.1,125,98.7,220,98.9,84,102.6,202,2005,0.6680181292301258,12,19,0.3870967741935484,31
188,Fordham,A10,13-16,-2.17,97.4,247,99.6,94,65.7,186,-.000,160,-0.55,165,102.2,191,102.8,149,-0.28,170,,A10,65.7,186,97.4,247,48.4,205,24.6,309,33.7,103,34.9,210,99.6,94,48.2,108,21.3,153,35.1,278,31.3,65,65.7,186,65.5,240,97.4,247,95.4,261,99.6,94,98.3,86,2005,0.4361348923751396,13,16,0.4482758620689655,29
168,Fresno St.,WAC,16-14,-0.06,101.5,194,101.6,141,69.0,53,-.002,166,-0.30,157,102.9,164,103.2,175,-3.80,251,,WAC,69.0,53,101.5,194,50.1,130,22.1,218,31.6,191,35.2,201,101.6,141,46.1,23,18.2,309,31.6,147,29.5,33,69.0,53,71.1,42,101.5,194,100.6,186,101.6,141,99.8,117,2005,0.49716891235088734,16,14,0.5333333333333333,30
199,Furman,SC,16-13,-3.08,101.7,190,104.8,209,63.1,283,-.012,191,-3.25,219,100.7,230,104.0,208,+3.89,70,,SC,63.1,283,101.7,190,51.9,54,22.2,224,30.3,227,29.8,306,104.8,209,50.8,229,23.6,43,35.4,283,31.2,61,63.1,283,66.2,204,101.7,190,101.1,167,104.8,209,101.5,172,2005,0.4145215551123821,16,13,0.5517241379310345,29
210,Gardner Webb,ASun,18-12,-5.12,97.8,243,102.9,168,67.8,99,+.001,157,-8.33,299,99.4,269,107.7,326,+6.09,34,,ASun,67.8,99,97.8,243,48.8,186,21.6,190,34.3,83,30.9,289,102.9,168,48.2,107,20.9,179,31.9,159,32.5,85,67.8,99,70.0,73,97.8,243,101.5,158,102.9,168,98.5,91,2005,0.35787935902313933,18,12,0.6,30
140,George Mason,CAA,16-13,+2.12,108.4,72,106.3,233,65.9,176,-.039,262,-3.21,218,100.6,232,103.9,206,-2.77,236,,CAA,65.9,176,108.4,72,50.9,93,17.8,20,31.6,193,39.7,82,106.3,233,49.3,165,21.1,166,34.3,240,31.0,60,65.9,176,67.2,170,108.4,72,107.6,54,106.3,233,102.2,194,2005,0.5560070381417719,16,13,0.5517241379310345,29
38,George Washington,A10,22-8,+14.41,109.9,56,95.5,40,70.8,25,-.013,197,+0.49,148,103.6,147,103.1,160,+0.84,136,12,A10,70.8,25,109.9,56,52.2,46,20.8,140,36.4,40,39.6,85,95.5,40,49.0,150,24.4,30,30.2,84,33.4,102,70.8,25,70.7,52,109.9,56,108.4,45,95.5,40,94.7,35,2005,0.8341200579178487,22,8,0.7333333333333333,30
52,Georgetown,BE,19-13,+12.45,112.2,36,99.8,97,59.2,324,-.005,174,+6.83,46,105.8,80,99.0,21,-5.50,291,,BE,59.2,324,112.2,36,53.1,35,21.9,207,34.1,92,30.1,302,99.8,97,46.5,41,21.6,137,35.5,287,37.4,175,59.2,324,60.1,326,112.2,36,106.8,57,99.8,97,100.9,151,2005,0.7936093019932481,19,13,0.59375,32
205,Georgia,SEC,8-20,-4.63,94.4,287,99.1,87,64.2,244,-.008,183,+7.09,42,106.3,62,99.2,30,-7.69,306,,SEC,64.2,244,94.4,287,44.7,308,22.3,230,29.7,242,38.4,114,99.1,87,51.3,248,22.6,77,32.1,171,41.6,263,64.2,244,65.9,221,94.4,287,89.8,318,99.1,87,101.9,187,2005,0.36383297736707587,8,20,0.2857142857142857,28
173,Georgia Southern,SC,18-13,-0.55,100.9,205,101.4,136,75.3,1,-.052,282,-4.83,259,99.7,257,104.5,225,+0.81,138,,SC,75.3,1,100.9,205,47.3,248,19.8,81,32.4,155,36.3,169,101.4,136,47.9,93,23.3,48,32.1,173,46.0,308,75.3,1,77.3,1,100.9,205,100.9,179,101.4,136,97.3,63,2005,0.48579222992358767,18,13,0.5806451612903226,31
234,Georgia St.,ASun,14-15,-7.42,102.2,179,109.6,287,65.0,214,+.035,89,-5.37,262,100.4,238,105.8,278,+13.98,4,,ASun,65.0,214,102.2,179,49.9,140,18.8,43,29.5,249,29.4,309,109.6,287,49.6,181,18.4,306,34.9,268,31.4,69,65.0,214,67.6,155,102.2,179,102.7,129,109.6,287,106.5,271,2005,0.30918857639586833,14,15,0.4827586206896552,29
22,Georgia Tech,ACC,20-12,+19.23,109.2,66,90.0,8,68.6,68,-.038,259,+10.91,5,108.9,4,98.0,8,-4.87,280,5,ACC,68.6,68,109.2,66,50.3,119,20.9,144,33.1,125,37.2,145,90.0,8,44.4,10,21.1,165,30.9,106,37.2,170,68.6,68,70.8,50,109.2,66,103.9,112,90.0,8,93.5,22,2005,0.9023639392804764,20,12,0.625,32
26,Gonzaga,WCC,26-5,+17.88,119.3,7,101.4,135,67.1,124,+.012,131,+3.46,103,104.0,135,100.5,71,+2.18,104,3,WCC,67.1,124,119.3,7,54.8,14,19.3,61,38.2,22,46.9,8,101.4,135,48.6,130,17.5,317,27.9,30,29.9,40,67.1,124,68.5,121,119.3,7,115.5,9,101.4,135,101.7,177,2005,0.8664044334114082,26,5,0.8387096774193549,31
300,Grambling St.,SWAC,14-10,-15.43,93.6,296,109.0,279,68.3,80,+.122,6,-15.15,330,91.1,329,106.2,288,+8.65,20,,SWAC,68.3,80,93.6,296,46.8,270,21.1,158,28.8,265,30.7,293,109.0,279,47.7,84,20.1,225,30.7,94,42.8,279,68.3,80,71.0,44,93.6,296,94.1,279,109.0,279,98.8,100,2005,0.14783904998208125,14,10,0.5833333333333334,24
176,Green Bay,Horz,17-11,-0.87,104.3,139,105.2,219,65.9,174,+.132,3,-0.13,155,103.6,146,103.7,196,+0.53,148,,Horz,65.9,174,104.3,139,51.1,88,19.9,85,26.5,303,34.2,228,105.2,219,50.3,215,19.4,264,33.2,211,33.9,109,65.9,174,65.1,255,104.3,139,102.5,131,105.2,219,105.3,258,2005,0.4753182545410835,17,11,0.6071428571428571,28
232,Hampton,MEAC,17-13,-7.17,94.6,285,101.8,148,66.2,159,+.028,103,-11.35,316,95.0,314,106.3,295,+2.68,90,,MEAC,66.2,159,94.6,285,48.3,209,24.4,306,35.3,63,43.0,32,101.8,148,47.3,68,24.4,29,30.8,100,40.1,244,66.2,159,68.0,137,94.6,285,95.8,256,101.8,148,93.4,21,2005,0.3007865417498689,17,13,0.5666666666666667,30
310,Hartford,AE,8-20,-17.60,92.1,306,109.7,288,65.0,213,+.014,126,-4.37,249,99.2,272,103.6,189,-7.32,303,,AE,65.0,213,92.1,306,43.1,318,22.0,209,32.1,173,26.5,324,109.7,288,51.5,255,22.5,85,34.1,237,47.6,317,65.0,213,66.1,211,92.1,306,89.6,319,109.7,288,105.9,266,2005,0.11804700417779841,8,20,0.2857142857142857,28
218,Harvard,Ivy,12-15,-5.66,97.5,246,103.1,175,69.0,54,+.017,119,-3.47,228,99.6,263,103.0,158,-1.87,215,,Ivy,69.0,54,97.5,246,47.7,237,24.4,304,32.7,141,35.3,198,103.1,175,49.8,190,23.0,57,30.2,83,37.1,166,69.0,54,69.0,103,97.5,246,95.5,260,103.1,175,99.0,103,2005,0.34474021324239496,12,15,0.4444444444444444,27
127,Hawaii,WAC,16-13,+3.68,105.3,119,101.7,145,64.7,227,-.037,258,+0.04,154,102.5,180,102.4,138,-1.94,216,,WAC,64.7,227,105.3,119,49.0,182,19.1,56,34.6,76,28.0,317,101.7,145,47.9,92,21.9,120,35.6,290,34.9,126,64.7,227,66.0,215,105.3,119,103.5,119,101.7,145,100.0,126,2005,0.5986973509867972,16,13,0.5517241379310345,29
226,High Point,BSth,13-18,-6.53,97.3,251,103.8,191,72.4,12,-.120,327,-8.45,301,98.6,289,107.0,312,-1.45,203,,BSth,72.4,12,97.3,251,48.5,198,22.5,236,33.4,112,38.0,124,103.8,191,47.9,94,21.4,142,31.6,141,38.8,212,72.4,12,72.4,28,97.3,251,99.4,208,103.8,191,98.8,99,2005,0.32220207483921015,13,18,0.41935483870967744,31
103,Hofstra,CAA,21-9,+6.18,107.3,90,101.1,132,66.7,134,+.021,112,-2.68,207,100.3,242,103.0,151,-4.55,274,,CAA,66.7,134,107.3,90,51.4,75,20.4,112,34.4,80,37.1,149,101.1,132,46.2,29,21.4,147,32.2,175,39.4,227,66.7,134,66.9,180,107.3,90,105.8,67,101.1,132,97.4,64,2005,0.66473406852671,21,9,0.7,30
66,Holy Cross,Pat,25-7,+10.97,104.7,131,93.8,22,63.5,268,+.012,132,-4.27,247,99.2,276,103.4,185,+0.39,154,,Pat,63.5,268,104.7,131,50.0,137,20.6,121,37.1,36,36.7,159,93.8,22,44.6,11,26.3,9,26.9,17,37.8,185,63.5,268,63.6,290,104.7,131,104.0,108,93.8,22,88.3,1,2005,0.7797558254952899,25,7,0.78125,32
100,Houston,CUSA,18-14,+6.55,106.4,105,99.8,101,66.3,155,+.037,82,+4.52,85,105.1,104,100.5,73,+2.42,94,,CUSA,66.3,155,106.4,105,47.2,254,17.6,14,33.1,127,31.6,278,99.8,101,51.4,254,28.2,2,35.6,291,55.4,328,66.3,155,68.7,112,106.4,105,101.8,146,99.8,101,100.3,136,2005,0.6762147085252902,18,14,0.5625,32
324,Howard,MEAC,5-23,-25.43,89.2,320,114.6,326,68.7,67,-.026,234,-11.84,318,94.4,318,106.2,287,-4.46,271,,MEAC,68.7,67,89.2,320,43.3,316,21.6,188,30.2,231,32.0,273,114.6,326,50.9,231,22.6,79,37.9,324,49.6,323,68.7,67,70.5,62,89.2,320,90.7,313,114.6,326,104.7,246,2005,0.053074803541950565,5,23,0.17857142857142858,28
292,IPFW,ind,7-22,-14.04,94.7,284,108.7,275,65.6,192,-.043,266,-1.12,180,103.5,150,104.6,232,+3.33,80,,ind,65.6,192,94.7,284,47.8,234,23.9,286,30.1,235,32.3,266,108.7,275,51.9,277,20.0,231,30.2,77,37.4,174,65.6,192,65.5,239,94.7,284,93.4,285,108.7,275,108.2,295,2005,0.1700046046345144,7,22,0.2413793103448276,29
139,IUPUI,MCon,16-13,+2.33,109.6,61,107.3,247,63.0,288,-.035,255,-1.25,181,104.5,122,105.8,277,+5.73,42,,MCon,63.0,288,109.6,61,50.9,91,17.0,5,34.6,75,30.9,291,107.3,247,53.7,312,21.8,125,31.2,117,42.3,271,63.0,288,63.2,298,109.6,61,110.9,23,107.3,247,107.9,291,2005,0.5606746007562906,16,13,0.5517241379310345,29
246,Idaho,BW,8-22,-8.55,96.0,266,104.5,202,63.6,267,-.049,274,-0.93,175,102.1,194,103.0,156,-0.92,184,,BW,63.6,267,96.0,266,45.1,300,19.4,66,31.7,186,27.2,321,104.5,202,50.2,210,20.7,192,32.6,188,38.8,211,63.6,267,63.8,286,96.0,266,94.4,273,104.5,202,103.1,214,2005,0.2737563436573891,8,22,0.26666666666666666,30
308,Idaho St.,BSky,9-18,-17.04,90.6,315,107.6,256,65.8,181,-.017,210,-7.03,280,99.6,258,106.7,303,-5.22,286,,BSky,65.8,181,90.6,315,44.2,311,21.7,195,27.2,291,41.3,55,107.6,256,51.5,257,23.8,40,36.2,300,40.8,251,65.8,181,67.7,148,90.6,315,91.1,306,107.6,256,103.4,222,2005,0.12157341689682248,9,18,0.3333333333333333,27
2,Illinois,B10,37-2,+32.68,122.3,3,89.6,4,64.1,249,-.007,179,+8.16,28,107.3,32,99.1,27,+0.31,157,1,B10,64.1,249,122.3,3,56.0,5,16.5,2,33.5,110,28.8,314,89.6,4,47.1,63,22.2,98,29.4,60,30.4,50,64.1,249,65.3,250,122.3,3,117.5,1,89.6,4,93.4,20,2005,0.9728248158506153,37,2,0.9487179487179487,39
136,Illinois Chicago,Horz,15-14,+3.06,107.6,84,104.5,203,65.9,178,-.010,187,+1.72,130,103.8,140,102.1,118,+9.72,15,,Horz,65.9,178,107.6,84,48.2,222,18.8,45,35.1,67,34.3,225,104.5,203,51.6,264,21.6,136,33.2,210,35.3,134,65.9,178,66.0,218,107.6,84,104.7,94,104.5,203,104.3,240,2005,0.58326379131598,15,14,0.5172413793103449,29
120,Illinois St.,MVC,17-13,+4.11,105.9,112,101.8,150,63.7,262,+.057,49,+4.00,97,105.4,94,101.4,97,-4.43,270,,MVC,63.7,262,105.9,112,51.7,66,21.6,189,29.6,246,36.8,158,101.8,150,50.3,213,20.0,228,31.2,122,28.1,23,63.7,262,64.5,270,105.9,112,102.0,142,101.8,150,102.3,196,2005,0.6116086632488494,17,13,0.5666666666666667,30
65,Indiana,B10,15-14,+11.00,109.2,68,98.2,76,61.7,304,+.011,134,+9.93,12,107.2,35,97.2,2,+7.36,23,,B10,61.7,304,109.2,68,48.3,213,19.6,76,31.5,199,39.1,98,98.2,76,47.5,73,22.0,113,34.4,248,37.6,177,61.7,304,62.2,309,109.2,68,101.6,153,98.2,76,101.3,161,2005,0.772241373988858,15,14,0.5172413793103449,29
160,Indiana St.,MVC,11-20,+0.24,97.4,249,97.1,60,63.4,272,-.017,208,+5.24,74,106.8,48,101.5,99,-0.93,185,,MVC,63.4,272,97.4,249,44.5,309,19.5,70,23.7,320,39.0,99,97.1,60,50.1,204,21.4,149,27.3,23,30.9,59,63.4,272,64.4,274,97.4,249,93.7,281,97.1,60,99.6,113,2005,0.508867971611925,11,20,0.3548387096774194,31
186,Iona,MAAC,15-16,-2.07,100.5,209,102.5,159,67.9,98,-.019,214,-3.28,221,102.6,178,105.9,280,+1.25,124,,MAAC,67.9,98,100.5,209,48.8,190,21.5,181,33.9,96,41.5,53,102.5,159,46.9,57,20.4,204,33.1,202,39.7,237,67.9,98,70.0,75,100.5,209,101.1,172,102.5,159,101.0,154,2005,0.44358911213845575,15,16,0.4838709677419355,31
27,Iowa,B10,21-12,+17.17,111.9,40,94.7,35,68.1,87,-.034,251,+9.51,16,107.4,31,97.9,7,+3.40,78,10,B10,68.1,87,111.9,40,51.7,65,20.6,118,31.1,207,40.7,66,94.7,35,47.5,74,21.1,168,30.0,73,34.3,117,68.1,87,68.5,119,111.9,40,105.5,76,94.7,35,97.6,70,2005,0.8720551743594206,21,12,0.6363636363636364,33
48,Iowa St.,B12,19-12,+13.02,103.1,159,90.1,9,66.8,130,+.003,152,+7.22,39,107.5,28,100.3,60,-3.06,238,9,B12,66.8,130,103.1,159,46.9,266,18.9,48,31.7,187,35.2,202,90.1,9,47.5,75,24.3,32,31.9,164,30.4,51,66.8,130,67.9,142,103.1,159,99.1,213,90.1,9,93.8,26,2005,0.8249081139307337,19,12,0.6129032258064516,31
299,Jackson St.,SWAC,14-16,-15.24,89.6,319,104.8,212,69.6,45,+.058,48,-12.45,322,93.9,323,106.3,294,+1.14,130,,SWAC,69.6,45,89.6,319,42.1,325,23.6,272,33.3,116,34.8,213,104.8,212,48.1,101,25.9,10,34.7,258,50.4,325,69.6,45,72.3,29,89.6,319,89.3,320,104.8,212,95.3,38,2005,0.14160386691310248,14,16,0.4666666666666667,30
289,Jacksonville,ASun,16-13,-13.63,92.9,300,106.5,236,71.1,21,+.129,5,-9.65,308,98.3,295,107.9,329,-3.67,248,,ASun,71.1,21,92.9,300,50.4,116,24.2,298,30.2,229,40.0,78,106.5,236,48.5,124,22.5,91,35.4,285,38.4,197,71.1,21,73.0,20,92.9,300,95.9,252,106.5,236,101.9,183,2005,0.1720531668811666,16,13,0.5517241379310345,29
286,Jacksonville St.,OVC,7-22,-13.41,99.9,218,113.3,319,66.5,144,-.075,310,-3.08,214,102.1,196,105.1,255,-1.35,200,,OVC,66.5,144,99.9,218,49.5,163,22.7,242,28.3,272,35.9,180,113.3,319,55.0,322,20.6,196,30.9,103,38.7,209,66.5,144,66.9,178,99.9,218,98.9,218,113.3,319,111.0,321,2005,0.19038676349379718,7,22,0.2413793103448276,29
312,James Madison,CAA,6-22,-18.32,92.2,304,110.6,298,64.7,228,-.002,169,-2.58,204,100.9,227,103.5,186,-4.10,260,,CAA,64.7,228,92.2,304,45.5,293,25.3,317,31.0,209,39.7,83,110.6,298,50.4,217,19.1,280,35.6,288,45.7,306,64.7,228,66.0,212,92.2,304,90.5,314,110.6,298,107.9,293,2005,0.10982405753470789,6,22,0.21428571428571427,28
11,Kansas,B12,23-7,+23.08,115.6,15,92.5,18,66.5,147,+.008,145,+10.45,8,108.1,18,97.7,5,+10.37,13,3,B12,66.5,147,115.6,15,53.4,27,20.8,139,34.7,73,38.5,111,92.5,18,44.3,9,19.9,235,31.3,127,38.1,192,66.5,147,67.6,151,115.6,15,109.4,34,92.5,18,95.7,41,2005,0.9284861339222854,23,7,0.7666666666666667,30
71,Kansas St.,B12,17-12,+10.14,109.9,54,99.8,99,63.4,275,-.012,192,+6.41,58,106.2,66,99.8,50,-6.33,294,,B12,63.4,275,109.9,54,49.2,176,18.8,39,31.3,202,37.7,132,99.8,99,49.9,194,19.8,242,30.3,90,30.5,54,63.4,275,64.5,269,109.9,54,105.0,87,99.8,99,101.6,175,2005,0.7518737617634754,17,12,0.5862068965517241,29
83,Kent St.,MAC,20-13,+8.65,106.6,101,98.0,74,65.4,202,+.001,156,+4.45,88,106.0,76,101.5,100,+5.92,35,,MAC,65.4,202,106.6,101,50.1,126,20.3,109,33.2,122,33.8,237,98.0,74,51.5,260,23.2,50,29.3,57,39.1,217,65.4,202,66.0,219,106.6,101,104.1,105,98.0,74,100.0,125,2005,0.7245878645127177,20,13,0.6060606060606061,33
9,Kentucky,SEC,28-6,+24.10,113.0,29,88.9,3,66.6,142,+.032,94,+8.85,21,107.9,20,99.1,26,-2.71,235,2,SEC,66.6,142,113.0,29,52.1,52,18.8,40,34.5,79,37.6,137,88.9,3,46.6,47,25.4,13,32.2,174,31.8,75,66.6,142,67.3,167,113.0,29,108.1,49,88.9,3,92.0,8,2005,0.9403955459251113,28,6,0.8235294117647058,34
274,LIU Brooklyn,NEC,14-15,-12.11,94.1,292,106.2,232,68.6,70,+.080,21,-8.31,298,99.2,271,107.6,324,-1.26,197,,NEC,68.6,70,94.1,292,48.0,230,22.3,225,28.7,268,35.1,204,106.2,232,49.9,193,20.8,184,31.3,128,37.2,172,68.6,70,69.8,82,94.1,292,96.2,248,106.2,232,102.2,195,2005,0.19923065618634747,14,15,0.4827586206896552,29
42,LSU,SEC,20-10,+13.80,113.9,26,100.1,106,66.7,131,+.070,31,+7.49,36,107.0,37,99.5,37,+0.64,144,6,SEC,66.7,131,113.9,26,52.0,53,19.3,60,33.7,102,40.5,71,100.1,106,50.9,232,18.1,310,27.3,24,30.5,52,66.7,131,67.5,158,113.9,26,109.2,38,100.1,106,103.9,231,2005,0.8153625393310195,20,10,0.6666666666666666,30
217,La Salle,A10,10-19,-5.47,99.2,225,104.7,206,63.5,269,+.026,107,+1.88,127,104.0,136,102.1,116,+2.33,95,,A10,63.5,269,99.2,225,47.5,241,20.6,117,24.8,315,33.3,250,104.7,206,49.9,192,21.0,173,37.4,321,25.2,7,63.5,269,63.8,287,99.2,225,96.1,251,104.7,206,104.8,249,2005,0.34965576087213396,10,19,0.3448275862068966,29
275,Lafayette,Pat,9-19,-12.19,95.2,277,107.4,249,71.2,20,+.019,116,-1.92,190,100.8,229,102.7,146,+1.26,123,,Pat,71.2,20,95.2,277,46.2,282,24.0,289,26.7,297,37.8,128,107.4,249,50.0,199,19.9,236,31.9,160,34.8,124,71.2,20,71.9,32,95.2,277,91.9,301,107.4,249,104.0,232,2005,0.19993946254165648,9,19,0.32142857142857145,28
174,Lamar,Slnd,18-11,-0.70,102.5,170,103.2,177,73.8,4,-.021,218,-3.89,241,100.5,234,104.4,223,-0.19,167,,Slnd,73.8,4,102.5,170,48.2,220,20.0,95,32.0,177,43.3,30,103.2,177,48.0,97,21.6,138,34.2,239,39.9,238,73.8,4,75.5,4,102.5,170,102.6,130,103.2,177,99.8,119,2005,0.4804425766660381,18,11,0.6206896551724138,29
211,Lehigh,Pat,14-15,-5.17,94.9,279,100.1,105,64.1,245,-.047,270,-6.78,278,98.3,294,105.1,252,-7.73,307,,Pat,64.1,245,94.9,279,44.4,310,20.8,137,28.1,275,40.7,67,100.1,105,45.8,22,22.6,83,27.5,25,43.3,288,64.1,245,64.6,267,94.9,279,94.8,267,100.1,105,94.4,30,2005,0.35126605059809096,14,15,0.4827586206896552,29
272,Liberty,BSth,13-15,-11.42,97.3,252,108.7,276,68.6,71,+.096,12,-6.10,268,99.2,275,105.3,260,+3.65,75,,BSth,68.6,71,97.3,252,46.5,274,22.3,228,33.3,113,40.4,76,108.7,276,48.1,104,18.8,295,34.0,234,37.0,163,68.6,71,69.8,85,97.3,252,96.4,245,108.7,276,105.6,263,2005,0.2185532603585617,13,15,0.4642857142857143,28
276,Lipscomb,ASun,16-12,-12.30,95.5,274,107.8,262,64.1,253,+.090,14,-11.28,315,97.1,310,108.4,330,-17.19,329,,ASun,64.1,253,95.5,274,48.8,187,22.5,237,32.5,151,36.3,167,107.8,262,48.9,142,18.6,299,28.1,31,39.6,236,64.1,253,67.1,172,95.5,274,99.3,209,107.8,262,101.7,176,2005,0.19889081762368194,16,12,0.5714285714285714,28
235,Long Beach St.,BW,10-20,-7.50,94.2,291,101.7,146,64.1,252,+.010,139,-0.38,161,102.9,170,103.3,177,+1.03,134,,BW,64.1,252,94.2,291,46.4,279,24.4,305,33.0,130,32.0,275,101.7,146,50.1,202,21.7,132,32.7,191,36.9,161,64.1,252,65.0,258,94.2,291,92.4,293,101.7,146,101.0,153,2005,0.2929743470672882,10,20,0.3333333333333333,30
328,Longwood,ind,1-30,-27.87,84.2,324,112.1,310,71.0,23,-.024,226,-7.06,281,100.2,245,107.3,318,-5.87,293,,ind,71.0,23,84.2,324,43.3,317,22.8,247,28.2,274,23.9,328,112.1,310,53.8,313,20.0,229,31.8,154,36.7,157,71.0,23,73.5,17,84.2,324,85.6,324,112.1,310,108.2,296,2005,0.03587228766164788,1,30,0.03225806451612903,31
74,Louisiana Lafayette,SB,20-11,+9.91,107.1,94,97.2,62,67.6,107,+.037,83,+2.67,114,104.8,115,102.2,122,+9.12,17,13,SB,67.6,107,107.1,94,49.9,142,22.4,231,39.5,10,35.7,189,97.2,62,50.6,225,24.7,20,32.9,197,43.9,297,67.6,107,69.1,102,107.1,94,103.9,113,97.2,62,98.1,78,2005,0.7531365232168112,20,11,0.6451612903225806,31
293,Louisiana Monroe,Slnd,8-19,-14.18,95.9,268,110.0,294,64.8,223,-.070,307,-4.08,243,100.9,226,105.0,246,+0.00,162,,Slnd,64.8,223,95.9,268,47.1,258,24.3,302,32.7,139,33.7,240,110.0,294,52.8,297,20.6,197,31.7,151,41.1,256,64.8,223,66.0,217,95.9,268,94.7,269,110.0,294,107.1,282,2005,0.17114906629619334,8,19,0.2962962962962963,27
150,Louisiana Tech,WAC,14-15,+1.09,102.6,169,101.5,137,67.3,115,-.010,188,+0.71,145,103.0,163,102.3,128,-0.43,172,,WAC,67.3,115,102.6,169,48.5,199,21.3,170,35.3,62,37.7,131,101.5,137,48.4,119,19.8,244,30.2,78,30.6,55,67.3,115,69.8,86,102.6,169,99.9,196,101.5,137,100.3,133,2005,0.5309503889172245,14,15,0.4827586206896552,29
4,Louisville,CUSA,33-5,+25.78,118.8,8,93.0,20,66.3,154,+.045,67,+6.42,57,106.1,68,99.7,43,-2.03,218,4,CUSA,66.3,154,118.8,8,55.1,12,19.9,91,36.5,39,43.3,29,93.0,20,44.8,12,23.0,56,29.6,64,37.0,164,66.3,154,69.4,92,118.8,8,114.9,10,93.0,20,92.7,12,2005,0.9435173908297597,33,5,0.868421052631579,38
170,Loyola Chicago,Horz,13-17,-0.22,100.5,210,100.7,121,67.4,113,-.015,203,+2.13,122,105.3,96,103.1,167,+7.11,27,,Horz,67.4,113,100.5,210,50.1,129,22.2,222,28.9,263,34.9,211,100.7,121,49.4,166,22.5,87,36.4,303,36.5,154,67.4,113,67.4,163,100.5,210,98.6,223,100.7,121,102.6,203,2005,0.49428454130999805,13,17,0.43333333333333335,30
306,Loyola MD,MAAC,6-22,-16.88,90.6,314,107.5,252,69.7,43,+.035,88,-4.59,253,101.7,201,106.3,289,-6.80,297,,MAAC,69.7,43,90.6,314,45.5,290,24.2,300,31.7,189,42.4,41,107.5,252,49.5,178,19.2,278,33.3,212,43.7,294,69.7,43,71.5,36,90.6,314,91.9,303,107.5,252,105.6,262,2005,0.12271995446753106,6,22,0.21428571428571427,28
153,Loyola Marymount,WCC,11-17,+0.54,98.8,231,98.2,77,67.7,101,-.037,257,+3.10,108,105.5,88,102.4,136,+0.28,158,,WCC,67.7,101,98.8,231,45.5,292,19.4,64,30.4,221,29.6,307,98.2,77,51.9,273,24.7,22,31.4,133,46.3,309,67.7,101,69.8,83,98.8,231,96.6,242,98.2,77,100.4,140,2005,0.5175055865617875,11,17,0.39285714285714285,28
219,Maine,AE,14-15,-5.78,93.8,295,99.5,92,67.1,122,+.050,55,-3.29,222,99.9,252,103.2,174,-4.24,263,,AE,67.1,122,93.8,295,47.7,238,26.3,326,30.9,211,29.1,312,99.5,92,46.5,42,20.7,186,30.3,86,39.2,222,67.1,122,67.7,146,93.8,295,92.0,300,99.5,92,95.9,44,2005,0.33661468908502173,14,15,0.4827586206896552,29
151,Manhattan,MAAC,15-14,+0.64,103.9,146,103.3,179,65.8,182,-.058,288,-2.35,199,102.7,177,105.1,251,+11.03,11,,MAAC,65.8,182,103.9,146,48.9,185,17.4,10,31.7,190,38.9,105,103.3,179,48.1,102,21.8,123,36.0,298,43.4,291,65.8,182,68.0,138,103.9,146,104.8,92,103.3,179,102.6,200,2005,0.5166444733870514,15,14,0.5172413793103449,29
231,Marist,MAAC,11-17,-7.17,101.4,197,108.6,273,66.1,165,-.019,215,-4.39,250,101.5,206,105.9,284,-2.69,233,,MAAC,66.1,165,101.4,197,51.7,59,19.4,67,26.0,307,36.0,178,108.6,273,50.1,205,17.7,316,30.2,79,34.2,116,66.1,165,68.1,133,101.4,197,102.5,132,108.6,273,106.5,270,2005,0.31240906867606566,11,17,0.39285714285714285,28
98,Marquette,CUSA,19-12,+6.57,109.6,62,103.0,171,61.2,309,+.051,53,+3.05,109,104.1,132,101.0,88,-3.19,241,,CUSA,61.2,309,109.6,62,49.8,146,22.0,210,39.2,14,38.7,109,103.0,171,46.7,51,16.6,327,32.0,169,37.8,184,61.2,309,62.0,310,109.6,62,105.9,65,103.0,171,102.9,210,2005,0.6713387884447307,19,12,0.6129032258064516,31
202,Marshall,MAC,6-22,-3.80,104.0,145,107.8,261,65.3,206,+.007,147,+5.77,66,106.9,43,101.1,91,+4.89,50,,MAC,65.3,206,104.0,145,48.3,208,21.7,196,32.2,168,37.3,143,107.8,261,53.0,300,19.7,250,35.0,271,39.5,229,65.3,206,66.7,192,104.0,145,100.0,195,107.8,261,110.7,320,2005,0.39826543229446054,6,22,0.21428571428571427,28
37,Maryland,ACC,19-13,+14.62,109.3,64,94.7,32,74.5,2,-.034,250,+8.07,31,107.4,30,99.3,33,-5.23,287,,ACC,74.5,2,109.3,64,48.2,217,20.4,111,35.7,52,39.4,91,94.7,32,46.4,39,20.7,188,31.9,158,34.6,120,74.5,2,77.2,2,109.3,64,104.2,103,94.7,32,96.9,58,2005,0.8387419944547538,19,13,0.59375,32
330,Maryland Eastern Shore,MEAC,2-26,-37.94,78.9,329,116.8,330,70.2,36,+.008,143,-11.43,317,95.1,313,106.6,299,-5.01,283,,MEAC,70.2,36,78.9,329,42.7,321,30.2,330,27.4,289,39.1,97,116.8,330,53.8,315,18.9,287,33.8,226,36.3,147,70.2,36,72.4,26,78.9,329,78.2,330,116.8,330,109.4,310,2005,0.01086546235304214,2,26,0.07142857142857142,28
180,Massachusetts,A10,16-12,-1.56,99.0,227,100.6,120,63.6,266,+.136,2,+0.09,153,103.2,156,103.1,162,+2.49,92,,A10,63.6,266,99.0,227,48.7,191,23.2,264,34.4,81,35.3,197,100.6,120,46.2,30,20.4,203,35.7,294,30.5,53,63.6,266,63.5,294,99.0,227,97.3,239,100.6,120,100.1,130,2005,0.4540369575507572,16,12,0.5714285714285714,28
228,McNeese St.,Slnd,13-15,-6.89,97.6,245,104.5,200,74.0,3,-.011,190,-3.02,213,101.2,217,104.3,219,+5.43,46,,Slnd,74.0,3,97.6,245,48.0,229,22.8,251,31.9,179,37.6,134,104.5,200,53.4,305,24.7,23,30.8,99,55.8,329,74.0,3,75.2,5,97.6,245,97.4,237,104.5,200,102.1,192,2005,0.3131227860976938,13,15,0.4642857142857143,28
53,Memphis,CUSA,22-16,+12.17,107.8,79,95.7,42,66.9,129,-.058,290,+4.51,87,105.4,92,100.9,84,+2.26,99,,CUSA,66.9,129,107.8,79,48.4,204,21.1,161,39.4,11,44.1,21,95.7,42,43.6,5,20.8,182,35.2,279,41.7,266,66.9,129,68.3,129,107.8,79,104.5,99,95.7,42,96.3,50,2005,0.7972480646949583,22,16,0.5789473684210527,38
244,Mercer,ASun,16-12,-8.26,102.1,182,110.3,295,71.2,19,+.009,140,-10.20,310,97.7,304,107.9,328,-6.95,299,,ASun,71.2,19,102.1,182,51.4,71,21.0,147,33.0,131,34.7,217,110.3,295,52.3,289,21.8,121,34.7,258,29.4,31,71.2,19,73.9,13,102.1,182,105.7,70,110.3,295,104.2,239,2005,0.2914424318397745,16,12,0.5714285714285714,28
67,Miami FL,ACC,16-13,+10.83,111.4,45,100.5,118,64.4,237,-.006,178,+7.50,35,106.7,50,99.2,29,-7.20,302,,ACC,64.4,237,111.4,45,48.6,195,19.0,52,38.5,18,29.6,308,100.5,118,49.5,177,19.8,241,31.1,114,29.9,39,64.4,237,66.9,179,111.4,45,106.0,63,100.5,118,103.1,215,2005,0.7656932359402402,16,13,0.5517241379310345,29
64,Miami OH,MAC,19-11,+11.08,106.0,110,94.9,37,60.7,314,+.008,144,+5.09,78,107.0,39,101.9,107,+7.16,26,,MAC,60.7,314,106.0,110,51.8,55,22.2,220,33.6,106,34.8,214,94.9,37,46.3,31,18.1,311,25.8,9,39.2,223,60.7,314,61.5,315,106.0,110,104.0,106,94.9,37,97.9,76,2005,0.7810980832116867,19,11,0.6333333333333333,30
128,Michigan,B10,13-18,+3.68,103.5,152,99.8,100,62.2,299,-.026,232,+6.50,54,106.0,72,99.5,38,-1.01,189,,B10,62.2,299,103.5,152,49.3,173,23.8,279,32.3,164,33.4,247,99.8,100,48.6,131,21.4,146,34.6,250,32.4,82,62.2,299,62.8,303,103.5,152,97.9,229,99.8,100,101.2,159,2005,0.6031576335238209,13,18,0.41935483870967744,31
5,Michigan St.,B10,26-7,+25.67,119.7,6,94.0,28,66.4,150,-.013,194,+7.89,33,107.0,41,99.1,25,-3.18,240,5,B10,66.4,150,119.7,6,54.6,18,19.9,86,38.2,23,37.3,144,94.0,28,48.8,136,22.0,111,27.3,22,37.9,187,66.4,150,67.3,168,119.7,6,115.5,8,94.0,28,96.2,49,2005,0.941556784330339,26,7,0.7878787878787878,33
116,Middle Tennessee,SB,19-12,+4.53,104.8,130,100.2,109,65.1,209,-.019,212,-1.38,182,102.4,183,103.8,204,-2.42,226,,SB,65.1,209,104.8,130,48.8,189,21.0,150,35.2,65,39.3,94,100.2,109,49.1,157,21.5,140,26.8,16,38.6,205,65.1,209,66.8,185,104.8,130,103.9,110,100.2,109,98.7,97,2005,0.6262550743153225,19,12,0.6129032258064516,31
36,Milwaukee,Horz,26-6,+14.69,110.1,52,95.4,38,68.8,59,+.079,22,+2.31,120,104.6,119,102.3,129,+7.63,21,12,Horz,68.8,59,110.1,52,51.1,86,19.5,69,35.6,55,37.1,150,95.4,38,46.6,45,24.3,31,33.3,214,37.7,181,68.8,59,67.7,149,110.1,52,108.1,48,95.4,38,95.7,42,2005,0.8386300822267421,26,6,0.8125,32
41,Minnesota,B10,21-11,+14.06,104.0,143,89.9,7,67.3,114,+.016,121,+6.18,61,106.0,75,99.8,47,-3.99,258,8,B10,67.3,114,104.0,143,50.1,125,23.3,267,34.2,88,38.5,112,89.9,7,47.6,83,25.0,16,30.8,102,31.5,72,67.3,114,67.3,165,104.0,143,100.5,188,89.9,7,93.2,18,2005,0.842303621167981,21,11,0.65625,32
107,Mississippi,SEC,14-17,+4.99,102.8,163,97.8,71,63.4,276,-.029,243,+6.30,59,107.0,40,100.7,78,-3.87,254,,SEC,63.4,276,102.8,163,51.1,82,21.2,168,29.9,237,29.0,313,97.8,71,52.0,278,24.5,25,30.7,96,47.3,316,63.4,276,63.8,288,102.8,163,99.3,210,97.8,71,100.7,145,2005,0.6395470885874185,14,17,0.45161290322580644,31
34,Mississippi St.,SEC,23-11,+15.25,109.3,65,94.0,27,68.1,88,+.038,78,+6.49,55,106.9,42,100.4,67,-1.84,214,9,SEC,68.1,88,109.3,65,49.5,160,21.4,179,38.8,17,40.4,73,94.0,27,46.7,48,19.3,271,29.2,54,28.0,21,68.1,88,68.7,111,109.3,65,105.2,83,94.0,27,96.2,48,2005,0.8499512238415222,23,11,0.6764705882352942,34
259,Mississippi Valley St.,SWAC,13-14,-9.48,97.8,244,107.3,248,65.4,204,-.064,298,-12.45,321,93.2,326,105.7,272,+3.22,85,,SWAC,65.4,204,97.8,244,46.8,267,20.2,101,33.3,117,26.1,326,107.3,248,46.9,55,23.5,45,33.1,206,38.0,189,65.4,204,67.8,144,97.8,244,99.1,214,107.3,248,96.6,56,2005,0.256146066639932,13,14,0.48148148148148145,27
101,Missouri,B12,16-17,+6.37,104.2,141,97.8,70,64.1,246,+.049,60,+8.14,29,108.1,17,100.0,53,+2.30,96,,B12,64.1,246,104.2,141,47.0,262,21.8,200,32.9,133,39.4,92,97.8,70,49.0,147,20.2,219,31.6,142,36.6,155,64.1,246,64.9,260,104.2,141,98.9,217,97.8,70,101.8,180,2005,0.6745763190306338,16,17,0.48484848484848486,33
215,Monmouth,NEC,16-13,-5.42,98.1,236,103.5,185,62.2,298,+.041,74,-7.55,285,99.5,266,107.0,313,+3.88,71,,NEC,62.2,298,98.1,236,50.5,112,21.2,169,21.6,326,38.6,110,103.5,185,47.7,86,21.4,141,33.6,221,30.3,48,62.2,298,63.5,291,98.1,236,100.3,192,103.5,185,99.8,118,2005,0.3506419071016411,16,13,0.5517241379310345,29
194,Montana,BSky,18-13,-2.73,99.9,219,102.6,160,68.2,86,+.049,56,-4.35,248,100.4,237,104.8,237,+4.56,57,16,BSky,68.2,86,99.9,219,51.7,60,24.0,293,30.5,217,46.2,11,102.6,160,48.6,129,19.6,253,28.3,35,29.6,35,68.2,86,70.0,76,99.9,219,99.5,207,102.6,160,99.3,105,2005,0.42392413702980414,18,13,0.5806451612903226,31
237,Montana St.,BSky,14-14,-7.67,95.4,276,103.0,173,67.9,94,+.001,158,-6.93,279,98.5,291,105.4,265,-3.22,242,,BSky,67.9,94,95.4,276,50.0,131,21.9,204,23.7,322,28.7,315,103.0,173,47.8,88,21.2,157,30.2,81,34.9,129,67.9,94,69.1,99,95.4,276,95.3,264,103.0,173,97.5,68,2005,0.2928712400070737,14,14,0.5,28
294,Morehead St.,OVC,11-16,-14.26,95.7,270,110.0,293,64.9,221,+.033,93,-3.72,237,102.3,185,106.0,286,-1.05,192,,OVC,64.9,221,95.7,270,49.9,141,25.4,319,23.8,319,37.8,127,110.0,293,51.2,246,19.3,272,36.0,297,29.2,30,64.9,221,65.7,231,95.7,270,94.0,280,110.0,293,108.6,302,2005,0.16777015034747844,11,16,0.4074074074074074,27
297,Morgan St.,MEAC,14-15,-14.36,92.0,308,106.3,234,67.7,103,+.045,66,-12.16,319,94.4,316,106.6,301,-0.98,187,,MEAC,67.7,103,92.0,308,47.5,243,22.8,248,30.3,224,33.4,248,106.3,234,51.0,239,25.8,11,31.2,118,48.8,320,67.7,103,69.2,97,92.0,308,93.4,284,106.3,234,96.9,57,2005,0.15956313687240162,14,15,0.4827586206896552,29
309,Mount St. Mary's,NEC,7-20,-17.48,94.7,281,112.2,314,64.8,224,-.049,275,-9.38,306,97.9,300,107.3,320,-6.68,296,,NEC,64.8,224,94.7,281,48.0,231,21.4,177,27.6,284,31.2,283,112.2,314,53.3,304,21.6,133,32.2,178,44.2,298,64.8,224,67.5,159,94.7,281,96.3,247,112.2,314,105.8,265,2005,0.12454862393986889,7,20,0.25925925925925924,27
112,Murray St.,OVC,17-11,+4.69,108.6,71,103.9,193,63.4,273,-.059,293,-2.65,206,102.8,172,105.5,268,+5.86,37,,OVC,63.4,273,108.6,71,51.6,67,19.2,58,37.5,31,31.1,284,103.9,193,52.7,295,22.9,63,28.5,39,43.8,295,63.4,273,64.3,277,108.6,71,109.9,31,103.9,193,102.5,198,2005,0.6245225116311974,17,11,0.6071428571428571,28
23,N.C. State,ACC,21-14,+18.93,115.0,17,96.1,47,63.1,282,-.062,295,+10.05,11,108.3,14,98.3,13,-3.82,253,10,ACC,63.1,282,115.0,17,53.2,33,18.5,33,30.6,215,38.7,107,96.1,47,48.5,127,22.6,76,34.7,256,39.2,225,63.1,282,66.0,213,115.0,17,110.9,24,96.1,47,100.3,134,2005,0.8874287960055371,21,14,0.6,35
284,Navy,Pat,9-19,-12.94,94.7,283,107.6,257,73.4,5,-.027,237,-7.27,282,97.6,305,104.9,244,-9.64,316,,Pat,73.4,5,94.7,283,45.0,304,25.4,318,37.4,33,42.6,38,107.6,257,50.0,198,21.7,130,29.7,65,46.0,307,73.4,5,73.1,19,94.7,283,94.1,278,107.6,257,102.0,188,2005,0.18715147708681637,9,19,0.32142857142857145,28
80,Nebraska,B12,14-14,+9.13,105.2,122,96.1,48,64.9,218,-.082,313,+5.73,67,105.5,91,99.7,45,-6.91,298,,B12,64.9,218,105.2,122,48.1,223,21.0,149,35.0,69,39.9,80,96.1,48,47.1,62,20.2,220,25.7,6,38.0,188,64.9,218,66.1,210,105.2,122,102.0,144,96.1,48,96.2,47,2005,0.7389369826949955,14,14,0.5,28
55,Nevada,WAC,25-7,+12.11,104.0,144,91.8,13,65.7,189,+.045,68,+1.10,141,104.5,124,103.4,182,+0.35,155,9,WAC,65.7,189,104.0,144,48.1,225,21.1,156,35.5,59,45.4,14,91.8,13,44.0,8,18.9,290,25.8,8,26.9,12,65.7,189,67.3,166,104.0,144,102.3,136,91.8,13,92.7,13,2005,0.8076720201520354,25,7,0.78125,32
269,New Hampshire,AE,9-19,-10.50,97.8,242,108.3,267,66.4,149,-.024,228,-2.91,212,100.1,247,103.0,154,+0.46,151,,AE,66.4,149,97.8,242,49.6,154,23.6,271,27.7,280,34.7,215,108.3,267,49.2,159,20.0,227,36.9,312,28.4,26,66.4,149,66.7,193,97.8,242,95.7,259,108.3,267,104.7,247,2005,0.2363534611886237,9,19,0.32142857142857145,28
31,New Mexico,MWC,26-7,+15.54,112.8,30,97.3,63,65.4,196,-.002,165,-0.46,163,103.4,154,103.9,205,-10.69,322,12,MWC,65.4,196,112.8,30,57.0,3,20.7,129,30.4,223,43.5,27,97.3,63,47.8,87,21.3,152,31.1,111,27.9,18,65.4,196,66.6,196,112.8,30,112.4,13,97.3,63,97.2,61,2005,0.8455216116561821,26,7,0.7878787878787878,33
271,New Mexico St.,SB,6-24,-11.30,97.1,254,108.4,270,67.9,93,-.041,264,+1.61,133,104.3,129,102.6,145,+2.16,105,,SB,67.9,93,97.1,254,48.3,210,22.5,235,26.6,299,32.4,265,108.4,270,50.5,222,19.1,283,37.2,316,33.5,104,67.9,93,68.9,106,97.1,254,95.2,265,108.4,270,109.5,313,2005,0.21994323409070216,6,24,0.2,30
184,New Orleans,SB,13-17,-1.94,103.1,161,105.0,217,64.2,241,+.003,153,+0.89,142,104.0,134,103.1,165,+1.72,112,,SB,64.2,241,103.1,161,47.0,261,18.8,44,33.4,111,36.6,160,105.0,217,50.0,200,19.8,239,35.4,282,37.0,165,64.2,241,65.8,227,103.1,161,101.0,174,105.0,217,105.4,260,2005,0.44769183573201926,13,17,0.43333333333333335,30
106,Niagara,MAAC,20-10,+5.43,115.2,16,109.8,289,70.1,38,-.027,238,-3.52,230,101.3,214,104.8,239,+0.83,137,14,MAAC,70.1,38,115.2,16,50.5,108,17.5,13,38.9,16,41.3,59,109.8,289,51.6,263,16.9,324,28.2,34,34.8,125,70.1,38,71.9,31,115.2,16,115.5,7,109.8,289,106.7,276,2005,0.6346240657258962,20,10,0.6666666666666666,30
317,Nicholls St.,Slnd,6-21,-18.63,95.6,271,114.3,323,70.8,26,-.104,324,-4.67,256,99.6,259,104.3,220,-1.23,195,,Slnd,70.8,26,95.6,271,45.2,299,20.7,131,25.4,311,36.1,174,114.3,323,54.5,318,20.3,208,34.3,242,36.8,159,70.8,26,74.0,12,95.6,271,95.0,266,114.3,323,110.1,318,2005,0.11359664449747889,6,21,0.2222222222222222,27
270,Norfolk St.,MEAC,13-14,-11.23,91.6,309,102.8,164,63.8,259,-.026,233,-12.68,324,94.3,319,107.0,310,-0.09,166,,MEAC,63.8,259,91.6,309,46.3,280,25.6,322,36.1,42,42.4,40,102.8,164,43.8,6,22.1,106,31.8,156,35.4,138,63.8,259,66.0,214,91.6,309,93.6,283,102.8,164,93.1,16,2005,0.2097269726493578,13,14,0.48148148148148145,27
1,North Carolina,ACC,33-4,+32.77,122.5,2,89.7,5,73.1,7,+.011,135,+11.64,2,108.7,7,97.1,1,+4.26,64,1,ACC,73.1,7,122.5,2,56.0,4,20.9,146,39.0,15,44.2,20,89.7,5,46.4,36,23.0,59,29.5,63,30.3,49,73.1,7,75.9,3,122.5,2,116.1,3,89.7,5,93.2,17,2005,0.9729820191534263,33,4,0.8918918918918919,37
320,North Carolina A&T,MEAC,6-23,-20.49,83.1,326,103.6,186,73.2,6,-.024,227,-9.68,309,97.0,312,106.7,305,+4.46,61,,MEAC,73.2,6,83.1,326,43.5,315,26.1,323,26.9,294,35.2,203,103.6,186,50.3,216,27.3,6,36.9,311,46.6,312,73.2,6,74.8,6,83.1,326,84.0,325,103.6,186,96.6,55,2005,0.07339543076797658,6,23,0.20689655172413793,29
207,North Texas,SB,14-14,-4.73,100.9,206,105.6,228,71.1,22,+.067,35,-1.41,183,102.3,188,103.7,194,-2.41,224,,SB,71.1,22,100.9,206,46.8,269,21.7,192,32.6,144,38.3,118,105.6,228,50.2,208,21.2,163,32.4,184,43.9,296,71.1,22,72.8,21,100.9,206,99.2,211,105.6,228,103.6,225,2005,0.3720161680524955,14,14,0.5,28
119,Northeastern,AE,21-10,+4.15,105.8,116,101.6,144,71.4,16,+.084,16,-2.47,200,100.1,248,102.5,141,+0.42,152,,AE,71.4,16,105.8,116,50.3,121,18.8,42,27.7,279,31.4,280,101.6,144,46.7,49,21.2,160,37.0,314,24.8,5,71.4,16,71.2,41,105.8,116,103.4,123,101.6,144,98.4,87,2005,0.6143963752588897,21,10,0.6774193548387096,31
233,Northern Arizona,BSky,11-17,-7.17,102.3,173,109.5,285,71.7,15,-.128,329,-6.37,274,98.2,298,104.5,228,-1.40,202,,BSky,71.7,15,102.3,173,50.8,97,21.2,164,26.3,305,38.3,120,109.5,285,52.7,296,21.4,150,27.2,18,36.8,158,71.7,15,73.9,14,102.3,173,101.7,151,109.5,285,102.8,208,2005,0.3138521579034294,11,17,0.39285714285714285,28
307,Northern Colorado,ind,8-21,-16.97,96.0,263,113.0,318,67.1,117,-.021,217,+1.61,134,103.8,139,102.2,124,+11.46,9,,ind,67.1,117,96.0,263,48.0,228,24.4,307,28.8,265,32.7,260,113.0,318,53.6,309,18.8,294,34.7,260,38.5,200,67.1,117,68.0,141,96.0,263,91.9,302,113.0,318,111.9,325,2005,0.13296934586064288,8,21,0.27586206896551724,29
137,Northern Illinois,MAC,11-17,+2.84,108.3,73,105.5,224,62.5,296,-.069,304,+4.03,95,106.0,74,102.0,109,+3.24,83,,MAC,62.5,296,108.3,73,51.8,55,21.5,182,33.0,132,33.6,243,105.5,224,50.6,226,19.5,257,33.1,204,33.9,111,62.5,296,64.0,283,108.3,73,105.6,72,105.5,224,107.1,283,2005,0.5747439825980134,11,17,0.39285714285714285,28
45,Northern Iowa,MVC,21-11,+13.36,112.2,37,98.9,85,64.5,233,-.035,254,+5.44,72,105.8,82,100.3,62,+1.09,132,11,MVC,64.5,233,112.2,37,54.3,20,17.1,6,25.7,310,31.9,276,98.9,85,48.9,144,19.4,269,26.5,12,32.2,80,64.5,233,65.5,238,112.2,37,109.0,40,98.9,85,100.8,149,2005,0.8101520067515031,21,11,0.65625,32
124,Northwestern,B10,15-16,+3.81,101.8,188,97.9,73,60.6,315,+.060,44,+6.64,49,107.2,33,100.6,74,-2.95,237,,B10,60.6,315,101.8,188,51.4,72,20.9,145,21.5,327,32.3,267,97.9,73,51.5,259,23.0,55,31.6,145,33.1,98,60.6,315,60.7,322,101.8,188,97.3,238,97.9,73,102.1,190,2005,0.6104563526705944,15,16,0.4838709677419355,31
171,Northwestern St.,Slnd,21-12,-0.36,103.7,148,104.1,194,67.9,97,+.074,28,-2.85,209,101.1,222,104.0,209,+10.64,12,,Slnd,67.9,97,103.7,148,48.6,197,23.0,258,37.9,25,43.7,26,104.1,194,51.0,235,23.0,58,31.6,148,44.2,299,67.9,97,70.6,58,103.7,148,102.4,133,104.1,194,101.8,182,2005,0.4889334589909092,21,12,0.6363636363636364,33
59,Notre Dame,BE,17-12,+11.54,109.9,57,98.3,79,64.3,239,-.041,265,+6.58,52,106.8,46,100.2,58,-8.10,310,,BE,64.3,239,109.9,57,48.7,192,18.0,25,32.1,172,30.3,297,98.3,79,47.6,79,18.6,300,32.2,176,29.5,34,64.3,239,63.7,289,109.9,57,105.6,73,98.3,79,100.3,132,2005,0.7829240829185068,17,12,0.5862068965517241,29
178,Oakland,MCon,13-19,-1.20,108.1,75,109.3,282,65.2,208,-.022,222,+1.99,124,105.2,99,103.2,170,+14.37,3,16,MCon,65.2,208,108.1,75,50.4,114,18.0,23,31.8,183,37.2,147,109.3,282,54.7,320,20.5,199,35.0,274,35.3,133,65.2,208,66.1,208,108.1,75,106.4,59,109.3,282,111.3,323,2005,0.4683035091248852,13,19,0.40625,32
85,Ohio,MAC,21-11,+8.29,109.8,58,101.5,138,65.7,187,+.042,70,+2.72,112,104.9,109,102.2,123,-4.24,264,13,MAC,65.7,187,109.8,58,51.7,64,19.7,77,31.9,178,48.0,4,101.5,138,50.4,218,22.8,70,33.3,214,30.6,56,65.7,187,65.8,230,109.8,58,107.7,53,101.5,138,102.6,201,2005,0.7117543770726763,21,11,0.65625,32
30,Ohio St.,B10,20-12,+15.82,109.7,59,93.9,23,65.5,194,-.067,301,+5.63,68,105.8,83,100.1,57,-3.63,247,,B10,65.5,194,109.7,59,53.1,34,17.2,8,25.8,308,26.4,325,93.9,23,47.0,61,21.4,145,29.1,51,29.4,32,65.5,194,66.3,203,109.7,59,105.4,78,93.9,23,95.1,37,2005,0.856739380766633,20,12,0.625,32
12,Oklahoma,B12,25-8,+22.55,114.4,21,91.8,12,65.4,201,-.006,175,+7.68,34,107.5,27,99.8,48,+0.09,161,3,B12,65.4,201,114.4,21,53.2,32,19.9,88,37.7,28,34.2,227,91.8,12,46.6,44,23.4,46,29.7,66,37.9,186,65.4,201,67.5,157,114.4,21,111.0,22,91.8,12,93.7,25,2005,0.9262880950406122,25,8,0.7575757575757576,33
6,Oklahoma St.,B12,26-7,+25.02,121.2,4,96.2,50,66.2,160,-.015,204,+9.59,15,108.0,19,98.4,14,+5.03,49,2,B12,66.2,160,121.2,4,55.9,7,20.2,103,34.7,72,37.3,142,96.2,50,50.1,203,22.1,104,29.0,48,33.4,101,66.2,160,67.4,162,121.2,4,115.7,5,96.2,50,98.6,94,2005,0.9344194478130217,26,7,0.7878787878787878,33
73,Old Dominion,CAA,28-6,+10.04,104.7,132,94.6,31,66.4,151,+.049,57,-3.20,217,101.0,225,104.2,215,-3.98,257,12,CAA,66.4,151,104.7,132,49.5,161,17.7,18,33.2,119,36.2,173,94.6,31,46.3,34,24.5,26,28.6,43,30.7,58,66.4,151,67.3,169,104.7,132,104.6,96,94.6,31,91.0,5,2005,0.7625260757732295,28,6,0.8235294117647058,34
75,Oral Roberts,MCon,25-8,+9.88,107.0,96,97.1,59,69.7,42,-.013,196,-2.52,202,103.4,153,105.9,283,+2.65,91,,MCon,69.7,42,107.0,96,53.0,37,20.0,93,33.5,109,38.9,102,97.1,59,46.8,53,19.8,240,30.3,89,32.7,88,69.7,42,70.3,66,107.0,96,109.1,39,97.1,59,96.4,52,2005,0.753339999519559,25,8,0.7575757575757576,33
93,Oregon,P10,14-13,+6.73,107.0,95,100.3,111,66.3,157,+.026,106,+7.00,43,106.5,55,99.5,36,-0.39,171,,P10,66.3,157,107.0,95,52.2,47,22.1,215,32.5,148,40.6,68,100.3,111,49.1,154,18.7,298,30.0,71,35.9,144,66.3,157,68.4,122,107.0,95,102.3,137,100.3,111,102.6,204,2005,0.6777882759374444,14,13,0.5185185185185185,27
121,Oregon St.,P10,17-15,+4.10,107.0,97,102.9,167,68.2,82,+.063,41,+4.36,90,104.6,120,100.2,59,-8.31,311,,P10,68.2,82,107.0,97,49.7,152,20.5,114,32.2,170,38.9,103,102.9,167,49.5,176,20.9,180,36.4,304,31.8,74,68.2,82,70.6,61,107.0,97,102.0,143,102.9,167,103.7,228,2005,0.6104772374333762,17,15,0.53125,32
40,Pacific,BW,27-4,+14.08,114.5,20,100.5,115,63.6,263,+.091,13,+0.66,146,103.1,160,102.4,137,+1.74,111,8,BW,63.6,263,114.5,20,56.0,6,21.0,151,33.5,108,39.5,89,100.5,115,47.4,71,16.6,328,29.1,49,23.2,1,63.6,263,64.4,276,114.5,20,112.3,14,100.5,115,99.8,120,2005,0.8175441375763663,27,4,0.8709677419354839,31
77,Penn,Ivy,20-9,+9.60,102.1,181,92.5,17,68.2,83,+.034,91,-1.72,187,101.8,199,103.5,188,+3.31,81,13,Ivy,68.2,83,102.1,181,49.4,165,22.5,238,33.7,104,40.5,72,92.5,17,46.1,25,23.3,49,27.2,19,38.1,193,68.2,83,67.6,154,102.1,181,100.6,187,92.5,17,90.4,4,2005,0.7568629518721101,20,9,0.6896551724137931,29
216,Penn St.,B10,7-23,-5.44,101.2,201,106.6,238,65.9,175,-.026,231,+8.04,32,106.6,52,98.6,16,-1.83,213,,B10,65.9,175,101.2,201,45.6,289,23.5,270,33.9,95,39.6,87,106.6,238,52.6,292,17.8,315,32.8,194,24.7,4,65.9,175,65.8,228,101.2,201,94.8,268,106.6,238,109.4,311,2005,0.3548415299987355,7,23,0.23333333333333334,30
135,Pepperdine,WCC,17-14,+3.12,107.8,77,104.7,207,69.0,52,+.030,99,+2.01,123,103.9,138,101.8,105,-1.04,190,,WCC,69.0,52,107.8,77,50.0,133,19.4,68,33.3,113,39.5,90,104.7,207,50.6,224,21.0,171,33.4,219,35.2,131,69.0,52,71.3,39,107.8,77,104.3,102,104.7,207,104.1,236,2005,0.5831099433873794,17,14,0.5483870967741935,31
24,Pittsburgh,BE,20-9,+18.41,114.8,18,96.3,51,64.0,254,-.057,287,+5.63,69,106.3,61,100.7,79,-10.09,321,9,BE,64.0,254,114.8,18,52.7,39,21.5,183,43.1,1,43.2,31,96.3,51,46.5,40,19.5,259,29.2,53,31.4,66,64.0,254,64.7,265,114.8,18,111.1,20,96.3,51,97.8,73,2005,0.8829654000798489,20,9,0.6896551724137931,29
147,Portland,WCC,15-15,+1.54,104.9,128,103.3,181,65.3,205,-.022,219,+1.28,138,102.9,167,101.6,101,-3.27,243,,WCC,65.3,205,104.9,128,50.0,139,21.3,171,31.5,198,41.8,49,103.3,181,48.5,126,22.7,74,35.7,293,39.1,220,65.3,205,67.5,160,104.9,128,101.6,154,103.3,181,101.3,164,2005,0.5440744589828863,15,15,0.5,30
213,Portland St.,BSky,19-9,-5.20,99.2,224,104.4,199,68.8,61,+.070,30,-10.23,311,97.2,309,107.5,322,-10.00,318,,BSky,68.8,61,99.2,224,53.7,25,23.7,275,30.3,226,51.8,1,104.4,199,47.2,66,22.0,110,29.2,56,42.8,283,68.8,61,70.9,48,99.2,224,102.1,140,104.4,199,97.4,65,2005,0.35719625315884057,19,9,0.6785714285714286,28
326,Prairie View A&M,SWAC,5-23,-26.71,80.7,327,107.5,251,67.9,96,-.014,199,-11.03,312,94.2,320,105.3,259,+5.48,45,,SWAC,67.9,96,80.7,327,40.8,329,23.9,284,23.1,324,33.0,254,107.5,251,49.4,171,22.8,69,37.4,320,44.6,300,67.9,96,70.8,49,80.7,327,80.1,327,107.5,251,100.5,142,2005,0.03565185724009606,5,23,0.17857142857142858,28
142,Princeton,Ivy,15-13,+2.06,105.2,124,103.1,174,52.9,330,-.017,207,-0.56,166,101.7,202,102.2,125,+6.11,32,,Ivy,52.9,330,105.2,124,54.6,17,23.0,256,22.9,325,42.8,37,103.1,174,46.4,37,23.1,51,33.7,224,58.1,330,52.9,330,53.8,330,105.2,124,102.1,138,103.1,174,100.3,131,2005,0.557712865863173,15,13,0.5357142857142857,28
61,Providence,BE,14-17,+11.36,111.2,47,99.8,98,68.7,65,-.092,318,+9.76,13,108.8,6,99.0,22,+3.08,86,,BE,68.7,65,111.2,47,51.5,69,21.4,178,36.9,37,30.4,296,99.8,98,47.6,76,19.7,248,37.6,323,38.4,199,68.7,65,69.4,93,111.2,47,105.5,75,99.8,98,104.2,238,2005,0.7762361059723801,14,17,0.45161290322580644,31
123,Purdue,B10,7-21,+3.97,105.9,114,101.9,151,63.3,277,-.100,323,+11.69,1,109.0,3,97.4,3,+4.61,56,,B10,63.3,277,105.9,114,46.5,275,21.7,198,35.4,60,33.8,236,101.9,151,51.9,271,19.7,247,33.3,214,37.1,167,63.3,277,63.5,292,105.9,114,98.5,226,101.9,151,106.8,277,2005,0.6089231764499446,7,21,0.25,28
296,Quinnipiac,NEC,10-17,-14.34,100.1,214,114.5,324,69.9,39,-.009,186,-9.02,305,98.2,297,107.2,316,-3.80,252,,NEC,69.9,39,100.1,214,50.6,106,21.1,155,29.9,238,34.3,223,114.5,324,50.4,219,19.2,276,34.9,267,45.3,303,69.9,39,71.5,35,100.1,214,102.4,134,114.5,324,109.2,306,2005,0.17571411761371408,10,17,0.37037037037037035,27
291,Radford,BSth,12-16,-14.00,98.1,237,112.1,311,65.6,190,+.037,84,-8.24,297,98.1,299,106.3,293,-5.26,289,,BSth,65.6,190,98.1,237,46.7,272,19.7,80,30.1,234,34.7,218,112.1,311,51.2,245,20.3,211,35.2,281,36.3,149,65.6,190,67.0,176,98.1,237,98.9,219,112.1,311,106.6,274,2005,0.17738794738206,12,16,0.42857142857142855,28
251,Rhode Island,A10,6-22,-8.91,95.5,273,104.4,198,62.0,301,-.025,229,+0.25,151,102.3,187,102.0,113,+0.84,135,,A10,62.0,301,95.5,273,41.8,327,22.7,245,39.4,12,34.4,222,104.4,198,49.0,151,19.4,267,31.5,136,39.9,241,62.0,301,61.9,312,95.5,273,92.7,291,104.4,198,102.7,206,2005,0.26411496513234384,6,22,0.21428571428571427,28
91,Rice,WAC,19-12,+7.02,107.2,92,100.1,107,66.9,128,+.007,149,+2.55,116,104.2,130,101.7,102,+4.07,68,,WAC,66.9,128,107.2,92,52.1,51,21.1,154,32.0,176,36.1,175,100.1,107,47.4,70,18.8,291,33.6,223,29.7,36,66.9,128,68.8,110,107.2,92,105.2,82,100.1,107,100.6,144,2005,0.6874136491369045,19,12,0.6129032258064516,31
159,Richmond,A10,14-15,+0.34,104.1,142,103.8,189,65.9,171,+.065,37,+3.76,98,105.1,100,101.3,94,+8.94,19,,A10,65.9,171,104.1,142,50.0,138,20.6,125,30.5,218,37.3,140,103.8,189,49.7,186,22.0,109,36.4,305,42.4,273,65.9,171,66.2,207,104.1,142,101.1,173,103.8,189,104.9,252,2005,0.5082965025111494,14,15,0.4827586206896552,29
164,Rider,MAAC,19-11,+0.08,107.3,89,107.2,246,66.2,164,+.049,58,-3.88,240,101.3,215,105.1,256,-1.50,205,,MAAC,66.2,164,107.3,89,50.2,122,17.1,7,32.5,150,31.2,282,107.2,246,49.7,185,19.4,266,32.0,170,30.6,57,66.2,164,68.1,135,107.3,89,107.5,55,107.2,246,104.3,242,2005,0.502680627191284,19,11,0.6333333333333333,30
260,Robert Morris,NEC,14-15,-9.65,103.1,158,112.8,317,65.4,203,+.036,86,-7.69,288,98.8,284,106.5,297,+3.97,69,,NEC,65.4,203,103.1,158,50.8,96,20.0,94,27.7,282,35.8,186,112.8,317,54.5,317,21.2,161,33.2,208,31.3,63,65.4,203,65.8,225,103.1,158,103.8,116,112.8,317,108.0,294,2005,0.26230066728963697,14,15,0.4827586206896552,29
141,Rutgers,BE,10-19,+2.10,106.6,102,104.5,201,63.9,257,-.007,180,+10.63,7,108.7,8,98.1,10,+2.22,102,,BE,63.9,257,106.6,102,45.7,288,17.4,11,30.7,214,30.5,295,104.5,201,52.9,298,19.7,251,36.8,308,30.0,42,63.9,257,63.5,293,106.6,102,100.4,189,104.5,201,109.3,308,2005,0.5569540036141468,10,19,0.3448275862068966,29
130,SMU,WAC,14-14,+3.61,104.8,129,101.2,133,63.8,260,-.059,292,+1.38,137,103.5,148,102.2,121,+1.29,121,,WAC,63.8,260,104.8,129,48.6,196,20.3,107,35.5,57,35.0,207,101.2,133,49.5,174,23.1,54,33.4,218,34.9,127,63.8,260,65.7,232,104.8,129,102.8,128,101.2,133,100.4,139,2005,0.5991639252340383,14,14,0.5,28
279,Sacramento St.,BSky,12-16,-12.53,95.4,275,108.0,264,70.3,34,+.087,15,-6.24,270,99.0,279,105.3,262,-1.50,207,,BSky,70.3,34,95.4,275,42.9,319,20.7,127,33.5,107,37.8,129,108.0,264,51.6,265,24.7,21,34.4,246,52.2,326,70.3,34,71.5,34,95.4,275,94.3,275,108.0,264,102.6,199,2005,0.19362814400496797,12,16,0.42857142857142855,28
315,Sacred Heart,NEC,4-23,-18.48,90.3,318,108.8,278,68.8,62,-.068,303,-7.72,291,99.7,256,107.4,321,-0.06,165,,NEC,68.8,62,90.3,318,47.2,253,25.4,320,32.2,169,35.8,184,108.8,278,52.1,283,21.1,167,31.6,149,41.8,269,68.8,62,70.1,71,90.3,318,92.4,294,108.8,278,105.3,259,2005,0.1049590167765282,4,23,0.14814814814814814,27
49,Saint Joseph's,A10,24-12,+13.01,106.9,98,93.9,26,61.6,306,+.019,115,+3.55,102,104.3,127,100.8,82,+8.98,18,,A10,61.6,306,106.9,98,50.3,118,21.6,191,33.1,124,44.0,22,93.9,26,45.0,14,19.3,275,29.3,59,31.3,64,61.6,306,61.9,314,106.9,98,103.5,120,93.9,26,94.7,33,2005,0.8162477387105282,24,12,0.6666666666666666,36
166,Saint Louis,CUSA,9-21,+0.01,94.7,282,94.7,34,59.8,319,-.058,289,+5.17,75,106.5,54,101.4,96,+1.10,131,,CUSA,59.8,319,94.7,282,45.0,301,20.8,136,25.3,312,33.8,238,94.7,34,46.7,50,18.8,293,28.9,47,27.5,16,59.8,319,61.1,319,94.7,282,91.0,309,94.7,34,98.1,77,2005,0.5,9,21,0.3,30
78,Saint Mary's,WCC,25-9,+9.41,106.8,100,97.4,64,64.9,220,+.080,20,+3.04,110,105.2,98,102.2,120,-0.59,175,10,WCC,64.9,220,106.8,100,49.9,143,22.8,249,36.0,44,42.1,45,97.4,64,46.8,54,20.3,216,30.8,98,31.8,76,64.9,220,66.6,197,106.8,100,103.5,121,97.4,64,97.2,60,2005,0.7425977991497579,25,9,0.7352941176470589,34
179,Saint Peter's,MAAC,15-13,-1.32,104.2,140,105.6,227,72.8,11,-.014,200,-3.65,233,101.4,211,105.0,249,+0.23,159,,MAAC,72.8,11,104.2,140,48.4,201,17.7,16,32.9,134,35.4,195,105.6,227,50.9,233,22.6,82,36.5,306,39.5,228,72.8,11,74.6,8,104.2,140,104.9,90,105.6,227,103.1,217,2005,0.46170470065816116,15,13,0.5357142857142857,28
167,Sam Houston St.,Slnd,18-12,-0.06,97.4,248,97.5,66,71.3,17,-.003,170,-3.93,242,100.8,228,104.7,236,+4.81,54,,Slnd,71.3,17,97.4,248,49.8,147,23.8,278,31.8,180,42.2,43,97.5,66,43.9,7,21.0,170,30.8,101,44.7,301,71.3,17,72.7,25,97.4,248,96.6,241,97.5,66,94.6,32,2005,0.4970498030908813,18,12,0.6,30
189,Samford,OVC,15-13,-2.44,109.9,55,112.3,315,56.0,328,-.021,216,-3.60,232,102.0,197,105.6,270,+0.61,146,,OVC,56.0,328,109.9,55,60.3,1,21.1,160,18.9,329,35.7,188,112.3,315,55.4,326,22.2,102,35.4,284,28.7,29,56.0,328,56.9,328,109.9,55,110.7,25,112.3,315,109.7,314,2005,0.438208858504053,15,13,0.5357142857142857,28
118,San Diego,WCC,16-13,+4.25,107.6,82,103.4,182,70.5,31,-.001,164,+2.50,118,105.1,103,102.6,143,-2.56,229,,WCC,70.5,31,107.6,82,53.3,29,23.0,257,30.8,212,38.7,108,103.4,182,51.9,272,21.9,117,31.3,126,37.5,176,70.5,31,72.3,30,107.6,82,104.9,89,103.4,182,104.0,234,2005,0.6125112242556771,16,13,0.5517241379310345,29
154,San Diego St.,MWC,11-18,+0.53,105.9,113,105.4,223,66.4,152,-.016,205,+6.02,65,106.1,70,100.1,56,+2.04,107,,MWC,66.4,152,105.9,113,47.0,260,20.7,132,33.8,99,39.2,95,105.4,223,53.2,302,21.0,175,36.1,299,33.8,108,66.4,152,66.2,206,105.9,113,100.8,181,105.4,223,107.6,288,2005,0.5136029148482546,11,18,0.3793103448275862,29
125,San Francisco,WCC,17-14,+3.81,101.6,192,97.8,69,65.8,184,+.048,62,+3.16,106,104.9,108,101.8,103,+1.21,125,,WCC,65.8,184,101.6,192,46.5,276,18.5,32,29.2,252,32.8,257,97.8,69,48.2,106,22.7,71,31.8,152,39.6,234,65.8,184,68.5,117,101.6,192,98.6,225,97.8,69,98.5,92,2005,0.6078700935202876,17,14,0.5483870967741935,31
280,San Jose St.,WAC,6-23,-12.57,94.9,280,107.4,250,64.4,236,+.031,97,+1.93,125,104.4,126,102.4,139,+0.14,160,,WAC,64.4,236,94.9,280,45.9,284,19.7,79,24.8,316,23.7,329,107.4,250,51.6,262,19.0,286,33.2,209,31.7,73,64.4,236,66.2,205,94.9,280,91.8,304,107.4,250,107.5,287,2005,0.1941964849685121,6,23,0.20689655172413793,29
129,Santa Clara,WCC,15-16,+3.65,106.4,106,102.7,162,68.8,60,-.049,273,+2.22,121,104.6,121,102.4,134,-1.00,188,,WCC,68.8,60,106.4,106,47.4,246,18.6,36,32.8,138,37.6,135,102.7,162,50.1,207,21.2,158,30.3,87,43.1,286,68.8,60,71.0,43,106.4,106,103.6,118,102.7,162,102.8,209,2005,0.6003742651302945,15,16,0.4838709677419355,31
329,Savannah St.,ind,0-28,-37.19,78.6,330,115.8,329,70.6,30,-.019,213,-8.36,300,97.3,307,105.7,271,-8.70,313,,ind,70.6,30,78.6,330,38.9,330,26.2,324,32.5,149,35.5,193,115.8,329,51.9,274,21.3,155,40.5,329,39.3,226,70.6,30,73.9,15,78.6,330,78.5,329,115.8,329,109.8,317,2005,0.0114735846843645,0,28,0.0,28
109,Seton Hall,BE,12-16,+4.96,100.4,212,95.4,39,64.2,242,-.035,253,+6.46,56,106.8,44,100.3,63,-5.25,288,,BE,64.2,242,100.4,212,44.7,307,21.3,172,34.9,70,30.2,299,95.4,39,46.4,35,19.9,238,30.0,69,42.7,278,64.2,242,64.6,266,100.4,212,96.4,246,95.4,39,98.2,83,2005,0.6427825372781346,12,16,0.42857142857142855,28
285,Siena,MAAC,6-24,-13.22,92.9,298,106.1,231,66.1,168,+.013,129,-1.88,188,102.8,173,104.7,233,+1.96,108,,MAAC,66.1,168,92.9,298,42.6,322,21.7,197,32.5,154,34.0,232,106.1,231,51.3,247,20.4,207,31.8,155,48.3,319,66.1,168,68.2,131,92.9,298,92.4,292,106.1,231,105.2,255,2005,0.1783053098987519,6,24,0.2,30
222,South Alabama,SB,10-18,-6.20,96.1,262,102.3,155,63.4,270,-.028,242,+1.26,139,103.7,144,102.4,140,+3.74,73,,SB,63.4,270,96.1,262,48.2,219,24.8,312,27.4,286,41.8,50,102.3,155,48.3,113,20.3,212,34.2,238,39.1,219,63.4,270,64.9,259,96.1,262,92.8,290,102.3,155,102.0,189,2005,0.3276167290892013,10,18,0.35714285714285715,28
50,South Carolina,SEC,20-13,+12.73,110.2,51,97.5,67,64.0,255,-.017,206,+6.91,44,106.2,67,99.3,31,-1.30,199,,SEC,64.0,255,110.2,51,50.7,102,19.0,53,34.1,90,34.9,209,97.5,67,47.9,96,21.7,131,34.6,255,33.1,99,64.0,255,64.5,271,110.2,51,105.3,79,97.5,67,99.6,114,2005,0.8034679801864266,20,13,0.6060606060606061,33
198,South Carolina St.,MEAC,18-12,-3.02,98.8,230,101.8,149,65.0,216,-.066,299,-12.62,323,94.6,315,107.2,315,-7.80,308,,MEAC,65.0,216,98.8,230,49.4,166,24.8,314,36.1,41,43.8,23,101.8,149,45.1,15,22.4,94,29.8,67,39.1,218,65.0,216,65.7,233,98.8,230,100.7,184,101.8,149,91.8,7,2005,0.4148396765916553,18,12,0.6,30
132,South Florida,CUSA,14-16,+3.33,103.2,156,99.9,102,66.6,140,-.070,306,+2.36,119,103.4,152,101.1,89,-10.03,319,,CUSA,66.6,140,103.2,156,49.3,169,22.3,226,32.3,163,42.1,44,99.9,102,46.3,32,21.2,156,33.3,213,42.7,277,66.6,140,67.7,147,103.2,156,100.3,191,99.9,102,99.4,109,2005,0.592362486847519,14,16,0.4666666666666667,30
162,Southeast Missouri St.,OVC,15-14,+0.21,103.7,149,103.4,184,64.5,232,-.092,317,-1.54,185,103.1,161,104.6,230,+4.65,55,,OVC,64.5,232,103.7,149,52.1,50,19.6,74,26.7,296,34.3,224,103.4,184,50.2,211,20.8,185,32.4,185,30.1,44,64.5,232,65.3,249,103.7,149,103.7,117,103.4,184,102.2,193,2005,0.5083285449344657,15,14,0.5172413793103449,29
134,Southeastern Louisiana,Slnd,24-9,+3.20,97.1,255,93.9,25,60.0,318,+.007,150,-4.75,258,100.3,241,105.1,250,-1.78,212,15,Slnd,60.0,318,97.1,255,48.7,193,22.6,240,31.3,206,41.1,63,93.9,25,47.4,69,27.4,4,31.2,124,37.8,183,60.0,318,62.5,307,97.1,255,97.5,236,93.9,25,90.2,3,2005,0.5951691618400552,24,9,0.7272727272727273,33
305,Southern,SWAC,12-14,-16.32,90.8,311,107.1,243,67.9,95,+.004,151,-13.75,327,92.0,328,105.7,275,-0.21,168,,SWAC,67.9,95,90.8,311,45.3,297,24.2,301,33.2,120,36.0,176,107.1,243,48.8,137,22.9,62,31.4,132,39.5,230,67.9,95,70.3,67,90.8,311,92.2,298,107.1,243,96.0,46,2005,0.13025653409330226,12,14,0.46153846153846156,26
29,Southern Illinois,MVC,27-8,+16.75,109.1,69,92.4,15,63.4,271,+.015,122,+6.10,63,106.7,51,100.6,76,+4.17,66,7,MVC,63.4,271,109.1,69,49.8,145,19.2,59,33.0,128,27.2,320,92.4,15,47.6,78,25.1,15,31.6,140,40.2,246,63.4,271,63.9,284,109.1,69,105.1,84,92.4,15,94.9,36,2005,0.871084969072018,27,8,0.7714285714285715,35
230,Southern Miss,CUSA,11-17,-7.08,102.7,165,109.8,291,64.8,225,-.009,184,+1.61,131,102.9,169,101.3,93,-7.64,305,,CUSA,64.8,225,102.7,165,47.6,240,20.1,99,28.5,269,40.4,75,109.8,291,52.0,279,18.5,302,32.1,172,38.6,204,64.8,225,66.7,191,102.7,165,98.6,222,109.8,291,108.5,300,2005,0.3167481097927097,11,17,0.39285714285714285,28
267,Southern Utah,MCon,13-15,-10.44,101.3,198,111.8,307,65.7,185,+.070,32,-3.38,225,102.1,195,105.4,267,-4.42,269,,MCon,65.7,185,101.3,198,51.8,57,20.5,115,27.7,280,30.2,300,111.8,307,53.6,310,22.2,103,36.8,309,38.7,206,65.7,185,66.5,198,101.3,198,101.5,160,111.8,307,109.8,315,2005,0.24338882423208028,13,15,0.4642857142857143,28
60,Southwest Missouri St.,MVC,19-13,+11.42,108.2,74,96.8,57,68.8,63,-.044,268,+5.06,79,106.4,60,101.3,95,-1.68,208,,MVC,68.8,63,108.2,74,49.0,181,21.5,180,38.4,21,45.0,16,96.8,57,49.2,160,22.9,64,27.5,26,39.5,232,68.8,63,69.0,105,108.2,74,105.3,80,96.8,57,98.2,79,2005,0.7825085448998341,19,13,0.59375,32
321,St. Bonaventure,A10,2-26,-21.17,92.7,301,113.9,321,68.0,90,-.012,193,+0.38,149,103.1,158,102.7,148,-1.39,201,,A10,68.0,90,92.7,301,43.6,314,22.0,212,29.3,251,31.3,281,113.9,321,54.7,321,18.9,289,35.0,272,41.0,255,68.0,90,67.8,145,92.7,301,89.9,317,113.9,321,113.3,329,2005,0.08561019585111274,2,26,0.07142857142857142,28
243,St. Francis NY,NEC,13-15,-8.20,96.8,258,105.0,216,69.7,41,-.028,240,-8.55,303,98.4,293,106.9,306,-3.34,244,,NEC,69.7,41,96.8,258,51.7,63,20.9,143,25.8,309,36.2,172,105.0,216,50.5,221,24.9,18,34.0,235,41.7,268,69.7,41,70.4,64,96.8,258,99.1,215,105.0,216,99.4,108,2005,0.28189045428420745,13,15,0.4642857142857143,28
258,St. Francis PA,NEC,15-13,-9.47,104.5,137,113.9,322,64.1,250,+.076,26,-7.77,292,98.9,282,106.7,304,+4.42,62,,NEC,64.1,250,104.5,137,53.1,36,21.4,175,31.3,205,32.8,258,113.9,322,54.3,316,20.2,222,33.1,203,28.1,22,64.1,250,65.6,234,104.5,137,105.8,68,113.9,322,108.8,303,2005,0.2708056896076027,15,13,0.5357142857142857,28
105,St. John's,BE,9-18,+5.46,101.6,193,96.1,49,66.3,153,-.079,312,+8.58,24,108.3,15,99.7,42,-1.14,193,,BE,66.3,153,101.6,193,46.7,271,23.9,287,37.7,27,32.7,261,96.1,49,48.2,109,22.7,73,34.8,264,38.5,202,66.3,153,66.6,195,101.6,193,96.8,240,96.1,49,100.3,135,2005,0.6547587774131093,9,18,0.3333333333333333,27
69,Stanford,P10,18-13,+10.63,106.6,103,95.9,45,67.1,121,+.049,61,+8.47,27,107.5,25,99.1,24,+4.14,67,8,P10,67.1,121,106.6,103,47.0,259,19.9,90,32.5,147,38.2,122,95.9,45,47.9,89,21.2,164,32.7,192,32.9,91,67.1,121,68.9,109,106.6,103,101.1,170,95.9,45,99.6,115,2005,0.7714367297541207,18,13,0.5806451612903226,31
266,Stephen F. Austin,Slnd,12-15,-10.43,97.9,240,108.3,268,59.3,323,-.046,269,-7.44,283,97.3,308,104.7,234,-10.08,320,,Slnd,59.3,323,97.9,240,46.4,277,23.1,260,36.0,43,38.8,106,108.3,268,51.1,244,22.6,81,31.1,113,41.7,265,59.3,323,62.6,306,97.9,240,97.8,230,108.3,268,101.8,179,2005,0.23848127763918267,12,15,0.4444444444444444,27
283,Stetson,ASun,10-17,-12.82,96.4,261,109.2,281,66.0,170,+.015,124,-5.93,266,100.4,239,106.3,290,+11.58,8,,ASun,66.0,170,96.4,261,46.6,273,22.7,244,35.5,56,37.7,130,109.2,281,53.6,311,22.3,96,32.3,179,35.7,142,66.0,170,68.0,140,96.4,261,97.6,234,109.2,281,107.3,284,2005,0.1925133672544468,10,17,0.37037037037037035,27
253,Stony Brook,AE,12-17,-9.02,95.8,269,104.9,215,64.7,231,+.037,80,-4.18,246,99.1,278,103.2,176,-4.81,279,,AE,64.7,231,95.8,269,45.4,295,20.9,142,29.1,256,35.4,194,104.9,215,48.1,103,19.4,265,29.1,50,33.7,107,64.7,231,65.2,251,95.8,269,94.3,274,104.9,215,100.1,128,2005,0.2604626047892425,12,17,0.41379310344827586,29
16,Syracuse,BE,27-7,+20.98,115.6,14,94.7,33,65.8,180,+.002,155,+6.29,60,106.8,47,100.5,69,-4.57,275,4,BE,65.8,180,115.6,14,52.3,44,19.9,92,40.0,7,38.3,116,94.7,33,45.4,19,21.4,148,34.5,249,32.3,81,65.8,180,66.8,184,115.6,14,111.6,17,94.7,33,96.5,53,2005,0.9083249970367272,27,7,0.7941176470588235,34
97,TCU,CUSA,21-14,+6.59,103.2,157,96.6,54,68.0,92,+.047,63,+4.51,86,105.1,101,100.6,75,-3.39,245,,CUSA,68.0,92,103.2,157,48.3,207,19.9,87,31.5,197,43.4,28,96.6,54,49.1,155,23.5,44,31.5,135,38.1,191,68.0,92,70.0,77,103.2,157,99.6,205,96.6,54,97.4,66,2005,0.6813616118277631,21,14,0.6,35
84,Temple,A10,16-14,+8.53,109.4,63,100.9,126,60.3,316,-.044,267,+4.94,80,105.3,97,100.3,61,+14.45,2,,A10,60.3,316,109.4,63,44.2,312,14.8,1,37.5,30,35.1,206,100.9,126,47.6,82,20.9,178,35.2,280,32.9,90,60.3,316,60.5,323,109.4,63,105.7,71,100.9,126,101.6,174,2005,0.7171018760436156,16,14,0.5333333333333333,30
82,Tennessee,SEC,14-17,+8.89,110.0,53,101.1,131,65.0,212,-.052,281,+8.95,19,107.2,34,98.2,11,+0.41,153,,SEC,65.0,212,110.0,53,52.1,48,20.6,120,30.5,220,33.8,239,101.1,131,52.0,281,21.0,174,31.5,138,34.1,115,65.0,212,66.3,202,110.0,53,103.9,111,101.1,131,103.6,226,2005,0.7251708713076654,14,17,0.45161290322580644,31
304,Tennessee Martin,OVC,6-21,-15.83,96.7,259,112.5,316,67.1,120,-.004,173,-1.50,184,103.5,149,105.0,248,+3.23,84,,OVC,67.1,120,96.7,259,45.0,303,22.2,221,34.2,89,39.0,100,112.5,316,55.2,324,20.4,202,37.4,322,32.8,89,67.1,120,68.1,134,96.7,259,95.9,254,112.5,316,113.0,327,2005,0.1492611284425021,6,21,0.2222222222222222,27
195,Tennessee St.,OVC,14-17,-2.87,105.3,120,108.2,265,69.6,46,+.014,127,+1.60,135,104.9,113,103.3,178,+13.44,5,,OVC,69.6,46,105.3,120,50.5,111,21.7,193,36.0,45,32.0,272,108.2,265,52.5,291,21.2,159,34.7,262,40.3,247,69.6,46,69.9,78,105.3,120,104.0,109,108.2,265,109.0,304,2005,0.4225213744771778,14,17,0.45161290322580644,31
155,Tennessee Tech,OVC,18-11,+0.43,101.3,199,100.8,125,67.6,106,+.008,142,-4.18,245,102.1,192,106.3,291,+2.25,101,,OVC,67.6,106,101.3,199,51.4,74,24.1,295,36.0,47,40.1,77,100.8,125,49.1,156,22.5,90,31.2,121,43.3,289,67.6,106,68.2,130,101.3,199,103.2,125,100.8,125,99.9,122,2005,0.5142218226913825,18,11,0.6206896551724138,29
28,Texas,B12,20-11,+17.01,114.1,24,97.1,61,66.5,146,-.051,279,+6.62,50,107.0,38,100.4,65,-2.46,228,8,B12,66.5,146,114.1,24,52.2,45,20.1,100,37.3,34,41.4,54,97.1,61,45.3,17,18.2,308,31.6,144,31.4,71,66.5,146,68.5,118,114.1,24,111.2,19,97.1,61,99.3,106,2005,0.8647528195819454,20,11,0.6451612903225806,31
46,Texas A&M,B12,21-10,+13.34,112.3,34,98.9,86,64.9,219,+.007,146,+4.05,94,105.0,107,100.9,86,-16.29,328,,B12,64.9,219,112.3,34,54.6,15,20.6,122,32.8,136,47.8,5,98.9,86,46.6,43,21.9,115,29.2,55,46.8,313,64.9,219,66.7,187,112.3,34,108.9,42,98.9,86,98.7,95,2005,0.811722740124243,21,10,0.6774193548387096,31
169,Texas A&M Corpus Chris,ind,20-8,-0.22,104.5,136,104.8,210,66.5,145,+.049,59,-7.70,290,98.2,296,105.9,285,+0.68,141,,ind,66.5,145,104.5,136,54.1,22,24.3,303,34.2,86,36.2,171,104.8,210,48.0,98,22.1,105,31.3,125,34.7,122,66.5,145,67.8,143,104.5,136,105.7,69,104.8,210,97.6,69,2005,0.4917589824803701,20,8,0.7142857142857143,28
277,Texas Pan American,ind,12-16,-12.47,98.1,239,110.6,297,67.4,112,+.018,117,-3.56,231,101.2,218,104.8,238,+0.34,156,,ind,67.4,112,98.1,239,47.2,256,23.8,277,34.3,84,41.9,48,110.6,297,51.0,236,18.7,297,32.9,198,35.7,141,67.4,112,68.2,132,98.1,239,97.5,235,110.6,297,109.3,309,2005,0.2011332866688496,12,16,0.42857142857142855,28
314,Texas Southern,SWAC,11-14,-18.42,93.8,294,112.2,312,67.1,123,+.050,54,-14.85,329,91.1,330,105.9,282,-2.45,227,,SWAC,67.1,123,93.8,294,45.5,291,24.0,291,33.6,105,44.6,18,112.2,312,45.6,21,18.0,312,32.5,187,35.3,135,67.1,123,69.4,91,93.8,294,94.5,272,112.2,312,99.5,110,2005,0.1130600108954191,11,14,0.44,25
255,Texas St.,Slnd,14-14,-9.23,102.1,180,111.4,304,61.7,305,+.031,98,-5.00,260,99.2,274,104.2,217,+0.67,142,,Slnd,61.7,305,102.1,180,50.4,117,22.8,252,32.7,143,37.0,153,111.4,304,50.8,230,19.9,237,34.6,252,35.7,143,61.7,305,64.7,264,102.1,180,101.5,156,111.4,304,107.3,285,2005,0.2684486188777067,14,14,0.5,28
32,Texas Tech,B12,22-11,+15.47,110.3,50,94.8,36,69.0,55,+.037,81,+8.93,20,108.8,5,99.9,51,-3.94,256,6,B12,69.0,55,110.3,50,51.3,76,18.1,27,30.3,225,35.6,192,94.8,36,49.4,168,23.9,37,33.5,220,27.9,19,69.0,55,70.5,63,110.3,50,108.1,50,94.8,36,98.3,85,2005,0.8508771055630222,22,11,0.6666666666666666,33
303,The Citadel,SC,12-16,-15.78,90.7,312,106.5,237,68.3,79,+.012,130,-5.93,267,98.9,283,104.8,242,-14.88,327,,SC,68.3,79,90.7,312,45.4,294,24.7,311,31.6,192,38.3,119,106.5,237,48.4,121,21.6,134,31.8,153,43.6,292,68.3,79,70.7,55,90.7,312,90.8,311,106.5,237,101.9,186,2005,0.13625402717017787,12,16,0.42857142857142855,28
88,Toledo,MAC,16-13,+7.85,107.4,85,99.5,93,65.7,188,-.028,241,+4.17,92,105.6,87,101.4,98,+5.75,40,,MAC,65.7,188,107.4,85,51.2,79,20.8,135,30.2,232,33.2,252,99.5,93,49.4,169,24.4,27,36.6,307,46.5,311,65.7,188,66.7,189,107.4,85,103.8,114,99.5,93,101.1,157,2005,0.7065380742313467,16,13,0.5517241379310345,29
298,Towson,CAA,5-24,-15.02,96.0,265,111.0,299,64.3,238,-.062,294,-3.44,227,99.7,255,103.2,171,-6.39,295,,CAA,64.3,238,96.0,265,45.0,305,21.5,186,31.3,203,35.9,181,111.0,299,49.9,195,17.8,314,34.7,261,42.9,284,64.3,238,65.3,246,96.0,265,94.6,270,111.0,299,107.1,280,2005,0.15847843495587532,5,24,0.1724137931034483,29
263,Troy,ASun,12-18,-9.95,104.6,134,114.6,325,68.8,64,-.008,182,-6.15,269,99.1,277,105.3,261,+6.91,28,,ASun,68.8,64,104.6,134,51.7,61,17.4,12,24.9,314,25.0,327,114.6,325,55.6,327,24.9,17,39.5,327,33.4,103,68.8,64,70.7,56,104.6,134,104.0,107,114.6,325,110.3,319,2005,0.25922531099714874,12,18,0.4,30
247,Tulane,CUSA,10-18,-8.56,98.9,228,107.5,253,67.7,104,+.019,114,+1.85,128,102.9,165,101.1,90,-11.62,324,,CUSA,67.7,104,98.9,228,48.2,218,24.7,310,32.6,146,32.1,269,107.5,253,48.2,110,15.8,330,35.1,276,38.7,208,67.7,104,69.2,98,98.9,228,95.7,257,107.5,253,106.1,268,2005,0.2771007903134508,10,18,0.35714285714285715,28
177,Tulsa,WAC,9-20,-1.10,99.5,222,100.6,119,69.5,47,-.170,330,+0.18,152,103.2,155,103.0,155,-2.13,220,,WAC,69.5,47,99.5,222,49.5,162,20.7,130,26.5,301,34.0,233,100.6,119,47.5,72,20.5,201,29.3,58,45.4,305,69.5,47,71.3,38,99.5,222,98.4,227,100.6,119,99.5,111,2005,0.46843252964575505,9,20,0.3103448275862069,29
51,UAB,CUSA,22-11,+12.51,109.2,67,96.7,55,71.0,24,-.001,161,+4.75,82,105.5,90,100.7,80,+1.33,120,11,CUSA,71.0,24,109.2,67,50.5,109,18.0,24,30.3,228,38.9,104,96.7,55,50.4,220,27.3,5,37.1,315,39.9,240,71.0,24,72.7,24,109.2,67,106.0,64,96.7,55,98.4,90,2005,0.8018707913105155,22,11,0.6666666666666666,33
265,UC Davis,ind,11-17,-10.18,101.6,191,111.8,306,64.1,247,+.013,128,-3.69,236,100.6,233,104.3,218,-2.28,223,,ind,64.1,247,101.6,191,51.0,90,21.0,152,23.4,323,34.4,220,111.8,306,56.7,330,22.0,114,31.2,123,49.6,322,64.1,247,65.2,254,101.6,191,100.9,177,111.8,306,109.5,312,2005,0.24970573953376834,11,17,0.39285714285714285,28
187,UC Irvine,BW,16-13,-2.13,102.6,167,104.7,208,64.9,222,+.053,52,-2.30,196,101.5,208,103.8,202,-4.16,261,,BW,64.9,222,102.6,167,50.6,104,20.1,98,29.0,262,35.7,190,104.7,208,48.3,115,17.4,318,29.1,52,34.0,112,64.9,222,65.8,224,102.6,167,101.6,155,104.7,208,102.6,205,2005,0.4420112099306418,16,13,0.5517241379310345,29
268,UC Riverside,BW,9-19,-10.48,93.8,293,104.3,195,64.7,229,+.010,136,-1.96,192,102.1,193,104.1,212,-4.51,273,,BW,64.7,229,93.8,293,46.3,281,23.1,261,27.8,278,36.9,156,104.3,195,48.1,100,19.4,268,31.9,163,37.0,162,64.7,229,66.0,216,93.8,293,92.4,295,104.3,195,101.8,181,2005,0.22789688903619634,9,19,0.32142857142857145,28
212,UC Santa Barbara,BW,11-18,-5.18,96.4,260,101.6,142,60.8,313,-.010,189,-0.19,156,103.1,159,103.3,181,+2.27,98,,BW,60.8,313,96.4,260,46.9,263,19.9,89,28.9,264,35.7,191,101.6,142,49.8,189,23.0,61,34.0,233,34.0,114,60.8,313,61.9,313,96.4,260,95.4,262,101.6,142,101.4,166,2005,0.35338811075887505,11,18,0.3793103448275862,29
192,UCF,ASun,24-9,-2.56,105.0,126,107.6,254,60.1,317,+.067,34,-8.61,304,99.0,280,107.7,325,-4.62,276,15,ASun,60.1,317,105.0,126,53.8,24,23.0,259,38.5,19,36.9,154,107.6,254,48.4,120,18.5,301,31.0,110,40.6,250,60.1,317,62.6,305,105.0,126,108.3,46,107.6,254,103.6,227,2005,0.4301367049771927,24,9,0.7272727272727273,33
68,UCLA,P10,18-11,+10.74,107.8,80,97.1,58,69.2,49,+.036,87,+6.73,48,106.7,49,100.0,54,-0.43,173,11,P10,69.2,49,107.8,80,50.9,94,21.9,208,33.1,123,38.3,115,97.1,58,49.4,172,19.7,249,28.8,46,33.0,96,69.2,49,70.7,51,107.8,80,103.3,124,97.1,58,100.1,127,2005,0.7689101019978215,18,11,0.6206896551724138,29
287,UMBC,AE,11-18,-13.48,94.2,290,107.7,259,63.7,261,+.065,38,-5.40,263,98.8,285,104.2,214,-13.15,326,,AE,63.7,261,94.2,290,44.1,313,19.8,83,31.6,194,34.2,226,107.7,259,48.5,123,20.3,214,32.2,177,39.5,231,63.7,261,64.8,261,94.2,290,93.2,286,107.7,259,102.9,211,2005,0.1765079279256502,11,18,0.3793103448275862,29
181,UMKC,MCon,16-12,-1.68,106.0,109,107.7,260,66.9,127,+.030,100,-2.87,210,103.5,151,106.4,296,+1.48,117,,MCon,66.9,127,106.0,109,51.3,78,18.4,30,32.8,137,36.5,162,107.7,260,51.8,268,19.4,261,36.2,302,31.4,70,66.9,127,67.1,173,106.0,109,108.0,51,107.7,260,107.7,289,2005,0.4543845306747488,16,12,0.5714285714285714,28
264,UNC Asheville,BSth,11-17,-10.12,101.0,204,111.2,301,68.6,69,-.009,185,-4.54,251,100.0,250,104.5,227,+11.07,10,,BSth,68.6,69,101.0,204,48.3,215,22.3,229,32.4,156,33.4,245,111.2,301,51.9,276,19.7,246,37.0,313,36.2,146,68.6,69,70.2,70,101.0,204,99.8,201,111.2,301,108.5,301,2005,0.24854013733117605,11,17,0.39285714285714285,28
208,UNC Greensboro,SC,18-12,-4.89,98.1,238,103.0,170,69.8,40,+.140,1,-3.19,215,100.5,235,103.7,193,+5.78,39,,SC,69.8,40,98.1,238,47.2,252,24.0,292,31.8,182,40.4,74,103.0,170,48.3,116,22.2,100,40.8,330,26.9,11,69.8,40,72.8,23,98.1,238,95.8,255,103.0,170,100.9,152,2005,0.36342514934993153,18,12,0.6,30
156,UNC Wilmington,CAA,19-10,+0.39,100.0,216,99.6,95,62.7,293,+.076,27,-3.30,223,101.5,209,104.8,240,-5.06,284,,CAA,62.7,293,100.0,216,46.9,265,17.7,19,29.6,245,33.5,244,99.6,95,49.8,187,21.6,135,27.2,20,41.0,254,62.7,293,64.2,281,100.0,216,100.7,183,99.6,95,97.6,71,2005,0.5115210218938833,19,10,0.6551724137931034,29
90,UNLV,MWC,17-14,+7.04,107.3,91,100.2,110,69.1,50,+.030,101,+6.03,64,106.8,45,100.8,81,+3.02,88,,MWC,69.1,50,107.3,91,50.4,114,20.5,116,30.9,210,34.8,212,100.2,110,49.1,153,20.3,213,31.1,115,38.4,196,69.1,50,69.3,95,107.3,91,103.4,122,100.2,110,103.2,220,2005,0.6872502844995863,17,14,0.5483870967741935,31
115,USC,P10,12-17,+4.57,107.7,81,103.2,176,70.3,35,-.018,211,+7.11,41,106.4,59,99.3,32,+1.44,118,,P10,70.3,35,107.7,81,51.2,80,22.2,223,35.3,61,29.3,311,103.2,176,52.7,293,21.7,128,32.9,196,42.6,276,70.3,35,72.8,22,107.7,81,101.7,148,103.2,176,105.2,256,2005,0.6203015646294534,12,17,0.41379310344827586,29
252,UT Arlington,Slnd,13-15,-8.94,96.9,256,105.9,229,68.4,77,+.012,133,-3.37,224,101.3,212,104.6,231,+7.29,25,,Slnd,68.4,77,96.9,256,51.2,81,26.6,328,29.5,247,48.6,3,105.9,229,49.0,149,19.8,243,32.3,180,38.3,195,68.4,77,71.4,37,96.9,256,96.5,243,105.9,229,103.1,216,2005,0.2647584979122536,13,15,0.4642857142857143,28
58,UTEP,WAC,27-8,+11.62,112.7,32,101.1,130,65.9,172,+.015,125,-0.68,169,102.2,190,102.9,150,-5.30,290,11,WAC,65.9,172,112.7,32,51.5,68,18.0,26,31.8,185,39.4,93,101.1,130,49.6,179,22.2,101,30.9,105,31.4,68,65.9,172,66.9,177,112.7,32,111.7,16,101.1,130,98.9,102,2005,0.7771478195891692,27,8,0.7714285714285715,35
200,UTSA,Slnd,15-13,-3.35,100.4,211,103.8,188,72.8,9,-.006,176,-3.67,235,101.2,220,104.9,243,+5.14,47,,Slnd,72.8,9,100.4,211,50.0,134,23.3,265,35.7,54,41.3,55,103.8,188,48.1,99,19.2,279,30.5,93,34.7,121,72.8,9,74.7,7,100.4,211,100.8,180,103.8,188,101.4,165,2005,0.40540515767721924,15,13,0.5357142857142857,28
20,Utah,MWC,29-6,+20.33,113.1,28,92.7,19,59.1,325,+.032,95,+3.60,101,105.9,78,102.3,133,-4.04,259,6,MWC,59.1,325,113.1,28,55.3,10,23.9,283,39.3,13,47.0,7,92.7,19,47.9,91,19.5,260,23.6,1,24.9,6,59.1,325,60.2,325,113.1,28,110.6,26,92.7,19,94.7,34,2005,0.907827701675712,29,6,0.8285714285714286,35
21,Utah St.,BW,24-8,+19.62,116.0,12,96.4,52,61.1,311,-.094,320,-2.48,201,101.3,213,103.8,200,-4.48,272,14,BW,61.1,311,116.0,12,58.2,2,19.8,82,33.2,121,38.2,123,96.4,52,45.3,18,19.2,277,26.8,15,23.3,2,61.1,311,61.9,311,116.0,12,116.1,4,96.4,52,92.9,15,2005,0.8936392810579704,24,8,0.75,32
225,Utah Valley St.,ind,16-12,-6.51,101.2,202,107.7,258,62.1,300,+.040,76,-8.49,302,98.4,292,106.9,307,-4.38,266,,ind,62.1,300,101.2,202,48.1,226,17.2,9,29.6,244,31.6,277,107.7,258,49.5,175,20.3,210,34.6,253,34.3,118,62.1,300,64.4,273,101.2,202,103.1,126,107.7,258,103.1,218,2005,0.32829988394345533,16,12,0.5714285714285714,28
122,VCU,CAA,19-13,+4.04,105.6,118,101.5,139,65.6,191,-.034,252,-1.98,193,101.2,216,103.2,173,+1.67,114,,CAA,65.6,191,105.6,118,49.8,148,18.9,50,31.5,200,35.4,196,101.5,139,46.9,56,21.2,162,32.0,167,42.8,280,65.6,191,66.4,201,105.6,118,104.4,100,101.5,139,98.4,88,2005,0.6119211959208091,19,13,0.59375,32
316,VMI,BSth,9-18,-18.53,91.4,310,109.9,292,66.7,135,-.002,168,-9.51,307,97.5,306,107.0,311,-9.51,314,,BSth,66.7,135,91.4,310,47.2,257,24.2,299,29.4,250,37.6,136,109.9,292,50.2,212,20.7,189,36.2,301,33.9,110,66.7,135,68.4,125,91.4,310,93.0,288,109.9,292,104.3,241,2005,0.10719276841719737,9,18,0.3333333333333333,27
196,Valparaiso,MCon,15-16,-2.95,104.6,133,107.6,255,65.5,193,+.067,33,-0.72,172,103.8,141,104.5,226,+5.87,36,,MCon,65.5,193,104.6,133,51.7,62,22.4,232,31.5,195,37.9,126,107.6,255,51.3,250,17.1,323,30.1,76,36.5,153,65.5,193,66.7,190,104.6,133,104.1,104,107.6,255,108.2,297,2005,0.41941225510304686,15,16,0.4838709677419355,31
33,Vanderbilt,SEC,20-14,+15.31,111.0,49,95.7,43,65.8,179,-.053,283,+6.82,47,106.4,58,99.6,39,-0.02,164,,SEC,65.8,179,111.0,49,55.1,13,21.2,167,29.0,260,29.9,305,95.7,43,47.6,80,20.9,177,30.0,72,41.4,261,65.8,179,66.9,182,111.0,49,106.4,58,95.7,43,97.3,62,2005,0.8462630061253957,20,14,0.5882352941176471,34
43,Vermont,AE,25-7,+13.53,111.3,46,97.8,72,64.7,230,+.032,96,-1.71,186,100.7,231,102.4,135,+5.11,48,13,AE,64.7,230,111.3,46,50.7,100,17.9,21,34.2,85,31.4,279,97.8,72,46.6,46,19.3,270,25.7,7,27.0,13,64.7,230,65.4,243,111.3,46,109.8,32,97.8,72,94.6,31,2005,0.8156281385558933,25,7,0.78125,32
7,Villanova,BE,24-8,+25.02,114.7,19,89.7,6,67.0,126,-.054,285,+9.16,17,107.9,21,98.7,19,-0.89,182,5,BE,67.0,126,114.7,19,49.7,151,19.0,54,40.2,6,37.6,133,89.7,6,44.8,13,23.8,39,31.6,146,38.6,203,67.0,126,66.1,209,114.7,19,110.2,28,89.7,6,93.8,27,2005,0.9441315892002483,24,8,0.75,32
89,Virginia,ACC,14-15,+7.47,107.1,93,99.7,96,68.0,91,+.059,46,+11.11,3,109.5,1,98.4,15,+1.06,133,,ACC,68.0,91,107.1,93,48.4,200,18.7,37,28.3,270,36.2,170,99.7,96,51.4,252,19.5,256,32.7,190,39.6,235,68.0,91,70.7,53,107.1,93,101.0,176,99.7,96,105.0,253,2005,0.6949510075357884,14,15,0.4827586206896552,29
94,Virginia Tech,ACC,16-14,+6.70,104.9,127,98.2,75,65.9,173,+.036,85,+7.47,37,106.1,69,98.6,17,-12.62,325,,ACC,65.9,173,104.9,127,47.4,245,18.9,51,32.7,142,34.1,230,98.2,75,50.3,214,24.8,19,35.0,269,39.1,221,65.9,173,69.0,104,104.9,127,99.5,206,98.2,75,99.7,116,2005,0.6811398306821657,16,14,0.5333333333333333,30
254,Wagner,NEC,13-17,-9.06,94.3,289,103.3,180,62.9,289,+.018,118,-6.31,272,100.2,244,106.5,298,+2.48,93,,NEC,62.9,289,94.3,289,46.8,268,21.8,199,34.6,74,33.8,235,103.3,180,49.9,196,19.1,284,24.7,3,30.1,43,62.9,289,64.3,279,94.3,289,96.1,250,103.3,180,100.8,148,2005,0.25955242202655426,13,17,0.43333333333333335,30
8,Wake Forest,ACC,27-6,+24.86,124.3,1,99.5,89,68.9,56,+.046,65,+10.94,4,108.4,13,97.5,4,+4.87,51,2,ACC,68.9,56,124.3,1,55.5,9,20.1,97,39.6,9,46.1,12,99.5,89,49.9,197,20.0,230,30.1,74,32.4,83,68.9,56,71.6,33,124.3,1,116.6,2,99.5,89,101.9,185,2005,0.9281900909125966,27,6,0.8181818181818182,33
14,Washington,P10,29-6,+22.18,120.6,5,98.4,80,71.9,14,+.060,43,+8.61,23,107.5,26,98.9,20,+6.73,29,1,P10,71.9,14,120.6,5,54.4,19,19.0,55,40.3,5,33.3,251,98.4,80,50.6,223,23.9,38,34.3,241,38.8,213,71.9,14,74.1,11,120.6,5,115.6,6,98.4,80,100.0,124,2005,0.9120994142665123,29,6,0.8285714285714286,35
79,Washington St.,P10,12-16,+9.14,96.0,264,86.9,1,57.8,327,-.048,271,+8.67,22,108.5,11,99.8,49,+5.63,44,,P10,57.8,327,96.0,264,45.9,285,22.1,214,25.1,313,26.6,323,86.9,1,45.5,20,24.0,35,30.7,97,39.0,215,57.8,327,60.8,320,96.0,264,90.1,316,86.9,1,91.3,6,2005,0.7586489846888129,12,16,0.42857142857142855,28
245,Weber St.,BSky,14-16,-8.32,101.2,200,109.6,286,62.9,290,+.010,138,-6.40,275,98.7,286,105.1,253,-2.63,232,,BSky,62.9,290,101.2,200,48.9,184,20.6,126,31.4,201,33.7,242,109.6,286,52.0,280,17.2,320,26.0,11,27.8,17,62.9,290,64.3,278,101.2,200,101.1,169,109.6,286,104.4,243,2005,0.2855707622050299,14,16,0.4666666666666667,30
35,West Virginia,BE,24-11,+15.00,114.1,25,99.1,88,63.6,265,+.082,19,+9.14,18,108.6,9,99.5,35,-7.33,304,7,BE,63.6,265,114.1,25,53.2,31,17.6,15,28.3,273,31.1,285,99.1,88,50.9,234,22.9,67,34.4,243,31.9,77,63.6,265,64.2,280,114.1,25,109.5,33,99.1,88,103.2,219,2005,0.8349160265873483,24,11,0.6857142857142857,35
295,Western Carolina,SC,8-22,-14.34,92.6,302,106.9,242,70.5,32,-.004,172,-2.57,203,101.5,207,104.1,211,+4.51,59,,SC,70.5,32,92.6,302,45.8,286,24.5,308,32.4,158,33.3,249,106.9,242,49.6,180,20.7,191,35.5,286,37.1,169,70.5,32,73.3,18,92.6,302,90.7,312,106.9,242,104.6,245,2005,0.16091256406805665,8,22,0.26666666666666666,30
206,Western Illinois,MCon,11-17,-4.71,100.0,215,104.7,204,64.1,251,-.054,286,-0.95,176,104.6,118,105.6,269,+5.81,38,,MCon,64.1,251,100.0,215,50.6,107,23.2,262,31.3,204,41.8,51,104.7,204,52.1,284,21.4,143,31.2,120,31.4,67,64.1,251,65.1,256,100.0,215,100.3,190,104.7,204,105.2,257,2005,0.37094084014918643,11,17,0.39285714285714285,28
86,Western Kentucky,SB,22-9,+8.03,112.8,31,104.8,211,66.4,148,-.022,221,-0.33,158,102.8,174,103.1,163,-1.75,211,,SB,66.4,148,112.8,31,52.5,41,19.1,57,37.9,24,32.1,271,104.8,211,52.0,282,24.2,33,35.9,296,35.1,130,66.4,148,67.3,164,112.8,31,111.2,18,104.8,211,103.0,213,2005,0.6997209749643072,22,9,0.7096774193548387,31
63,Western Michigan,MAC,20-13,+11.14,111.6,43,100.4,114,64.9,217,-.067,300,+3.27,105,105.3,95,102.0,111,+1.87,110,,MAC,64.9,217,111.6,43,49.2,175,19.5,71,38.4,20,38.9,101,100.4,114,50.1,201,20.6,198,30.9,107,30.2,46,64.9,217,65.9,223,111.6,43,109.0,41,100.4,114,100.8,150,2005,0.7713988355262095,20,13,0.6060606060606061,33
47,Wichita St.,MVC,22-10,+13.15,113.6,27,100.5,116,64.4,234,-.013,195,+4.74,83,105.6,86,100.9,83,-0.68,178,,MVC,64.4,234,113.6,27,53.8,23,21.2,163,33.9,97,45.3,15,100.5,116,48.3,111,17.1,322,26.0,10,37.7,182,64.4,234,65.3,247,113.6,27,110.3,27,100.5,116,102.5,197,2005,0.8036155011582147,22,10,0.6875,32
290,William & Mary,CAA,8-21,-13.85,94.4,288,108.2,266,66.7,132,-.036,256,-3.51,229,100.2,243,103.7,198,-8.50,312,,CAA,66.7,132,94.4,288,46.1,283,24.9,316,31.8,181,43.8,25,108.2,266,51.5,256,18.0,313,31.9,165,33.1,97,66.7,132,68.0,139,94.4,288,93.6,282,108.2,266,106.3,269,2005,0.17234995638510114,8,21,0.27586206896551724,29
108,Winthrop,BSth,27-6,+4.97,101.5,195,96.5,53,63.1,286,+.065,36,-7.69,289,99.6,262,107.3,317,+2.26,100,14,BSth,63.1,286,101.5,195,50.2,123,21.3,173,33.1,126,41.1,61,96.5,53,46.4,38,22.7,72,26.5,13,40.1,243,63.1,286,63.8,285,101.5,195,103.8,115,96.5,53,92.3,10,2005,0.6412817362113648,27,6,0.8181818181818182,33
17,Wisconsin,B10,25-9,+20.81,112.0,39,91.2,11,62.8,291,+.042,71,+10.24,9,108.5,10,98.3,12,+1.27,122,6,B10,62.8,291,112.0,39,51.0,89,17.9,22,29.0,261,38.3,117,91.2,11,47.3,67,18.4,304,24.2,2,27.9,20,62.8,291,63.4,295,112.0,39,106.3,61,91.2,11,95.4,39,2005,0.9139309942853467,25,9,0.7352941176470589,34
223,Wofford,SC,14-14,-6.24,102.2,178,108.4,269,66.7,136,+.010,137,-3.19,216,100.4,236,103.6,191,+4.51,60,,SC,66.7,136,102.2,178,50.1,128,19.6,73,27.5,285,37.0,152,108.4,269,51.3,249,22.5,89,35.6,289,33.3,100,66.7,136,68.6,115,102.2,178,100.6,185,108.4,269,104.8,248,2005,0.3368622307963232,14,14,0.5,28
172,Wright St.,Horz,15-15,-0.52,104.6,135,105.1,218,61.1,310,+.023,109,+0.59,147,103.8,142,103.2,172,+2.87,89,,Horz,61.1,310,104.6,135,50.9,95,21.7,194,33.3,118,41.1,62,105.1,218,51.5,258,19.1,281,27.8,29,27.2,14,61.1,310,61.2,318,104.6,135,102.8,127,105.1,218,104.0,233,2005,0.48629334704208915,15,15,0.5,30
110,Wyoming,MWC,15-13,+4.83,105.2,123,100.4,113,68.7,66,+.044,69,+4.54,84,105.1,102,100.5,72,+0.61,147,,MWC,68.7,66,105.2,123,49.3,168,22.9,254,35.0,68,44.4,19,100.4,113,48.5,122,19.5,258,28.1,32,40.1,242,68.7,66,68.6,114,105.2,123,101.2,166,100.4,113,101.5,173,2005,0.6311288324742182,15,13,0.5357142857142857,28
81,Xavier,A10,17-12,+9.05,111.5,44,102.4,158,63.1,284,-.087,316,+0.76,144,103.1,162,102.3,131,+3.06,87,,A10,63.1,284,111.5,44,52.4,43,21.2,162,35.9,49,39.8,81,102.4,158,49.4,170,20.2,221,31.5,137,34.9,128,63.1,284,62.8,302,111.5,44,109.3,37,102.4,158,101.5,168,2005,0.7269267417977067,17,12,0.5862068965517241,29
203,Yale,Ivy,11-16,-4.10,98.7,233,102.8,163,67.1,118,-.025,230,-2.60,205,101.6,204,104.2,216,+0.66,143,,Ivy,67.1,118,98.7,233,48.0,227,20.7,134,28.3,271,40.6,69,102.8,163,48.5,125,18.9,288,30.4,91,31.3,62,67.1,118,67.6,152,98.7,233,97.6,231,102.8,163,101.1,156,2005,0.38507677901008863,11,16,0.4074074074074074,27
318,Youngstown St.,Horz,5-23,-19.54,92.2,305,111.8,308,64.2,243,-.001,162,-0.65,167,103.2,157,103.8,203,-5.06,285,,Horz,64.2,243,92.2,305,45.2,298,23.4,269,27.8,277,38.3,121,111.8,308,52.2,285,18.8,292,35.9,295,38.9,214,64.2,243,64.1,282,92.2,305,90.4,315,111.8,308,111.9,326,2005,0.09826600373610335,5,23,0.17857142857142858,28
