rk,TEAM,CONF,RECORD,KADJ EM,adjo,adjo.rank,adjd,adjd.rank,adjt,adjt.rank,luck,luck.rank,sos-adjem,sos-adjem.rank,sos-oppo,sos-oppo.rank,sos-oppd,sos-oppd.rank,ncsos-adjem,ncsos-adjem.rank,seed,conference,KADJ T,adjtempo.rank,KADJ O,adjoe.rank,off-efg%,off-efg%.rank,off-to%,off-to%.rank,off-or%,off-or%.rank,off-ftrate,off-ftrate.rank,KADJ D,adjde.rank,def-efg%,def-efg%.rank,def-to%,def-to%.rank,def-or%,def-or%.rank,def-ftrate,def-ftrate.rank,tempo-adj,tempo-adj.rank,tempo-raw,tempo-raw.rank,avg. poss length-offense,avg. poss length-offense.rank,avg. poss length-defense,avg. poss length-defense.rank,off. efficiency-adj,off. efficiency-adj.rank,off. efficiency-raw,off. efficiency-raw.rank,def. efficiency-adj,def. efficiency-adj.rank,def. efficiency-raw,def. efficiency-raw.rank,avghgt,avghgt.rank,effhgt,effhgt.rank,c-hgt,c-hgt.rank,pf-hgt,pf-hgt.rank,sf-hgt,sf-hgt.rank,sg-hgt,sg-hgt.rank,pg-hgt,pg-hgt.rank,EXP,experience.rank,bench,bench.rank,CONTINUITY,continuity.rank,YEAR,BARTHAG,W,L,WIN%,GAMES
317,Abilene Christian,Slnd,13-18,-15.24,97.1,308,112.3,307,67.8,186,+.025,110,-7.76,324,101.4,302,109.2,341,-0.96,190,,Slnd,67.8,186,97.1,308,50.5,141,19.2,249,24.5,317,40.3,86,112.3,307,54.6,339,19.2,97,27.6,76,46.5,331,67.8,186,69.3,153,17.7,218,16.7,61,97.1,308,99.6,255,112.3,307,109.2,301,75.2,340,-1.9,292,-1.5,319,-0.4,230,-1.2,309,-2.1,342,-2.9,337,1.27,243,38.0,37,49.7,167,2016,0.15809466311772233,13,18,0.41935483870967744,31
242,Air Force,MWC,14-18,-6.92,99.1,283,106.0,195,67.0,239,+.087,22,+0.69,135,104.4,173,103.8,116,-4.70,296,,MWC,67.0,239,99.1,283,48.0,253,18.8,231,24.3,323,39.6,97,106.0,195,51.8,266,19.4,87,28.1,94,37.2,179,67.0,239,68.8,185,17.5,188,17.0,120,99.1,283,96.1,310,106.0,195,105.1,203,76.9,152,-1.0,224,+0.0,157,-1.0,293,-0.8,250,+0.1,159,+2.1,28,0.96,297,36.8,52,42.3,222,2016,0.31560128434354,14,18,0.4375,32
88,Akron,MAC,26-9,+8.63,110.1,90,101.5,109,67.5,210,+.025,109,-1.32,179,104.6,166,105.9,194,-3.29,262,6,MAC,67.5,210,110.1,90,52.7,51,15.5,26,28.5,213,30.6,320,101.5,109,46.8,45,16.7,261,30.4,206,32.4,79,67.5,210,68.9,177,18.2,275,16.5,41,110.1,90,109.9,56,101.5,109,100.0,86,77.5,83,+3.1,30,+1.3,44,+1.8,21,+2.1,17,-1.0,289,-0.8,252,1.73,106,34.0,137,70.7,30,2016,0.7181488612342366,26,9,0.7428571428571429,35
96,Alabama,SEC,18-15,+8.07,105.5,164,97.4,48,64.8,322,+.093,18,+9.70,22,110.5,20,100.8,37,+4.92,40,5,SEC,64.8,322,105.5,164,49.6,188,19.9,288,28.3,220,40.7,78,97.4,48,46.6,35,18.2,165,34.6,332,39.1,231,64.8,322,66.1,308,18.8,320,17.1,140,105.5,164,99.7,253,97.4,48,102.1,125,77.4,86,+1.7,65,+0.5,105,+1.2,46,+1.6,29,+0.9,73,-1.1,265,1.64,132,32.3,192,54.4,135,2016,0.7147719563294351,18,15,0.5454545454545454,33
301,Alabama A&M,SWAC,11-18,-13.28,100.1,257,113.4,323,65.2,309,-.046,287,-9.75,342,97.7,351,107.4,256,+0.76,147,,SWAC,65.2,309,100.1,257,46.6,303,17.7,143,31.6,110,38.4,122,113.4,323,50.6,198,17.0,248,31.7,267,39.6,237,65.2,309,65.4,325,18.1,262,17.9,299,100.1,257,101.4,225,113.4,323,105.3,208,76.4,228,-0.1,174,+0.5,107,-0.6,249,-0.4,214,+0.0,177,-1.4,294,1.31,229,36.2,65,60.4,97,2016,0.19237603203203468,11,18,0.3793103448275862,29
286,Alabama St.,SWAC,14-17,-11.59,99.1,282,110.7,284,69.0,124,+.029,99,-7.89,325,99.3,338,107.2,249,+4.32,50,,SWAC,69.0,124,99.1,282,45.8,314,17.2,107,31.4,115,31.7,295,110.7,284,51.2,238,18.3,162,30.0,187,45.0,323,69.0,124,69.2,160,17.4,172,17.1,146,99.1,282,99.6,256,110.7,284,104.9,195,75.0,345,-3.5,341,-2.1,347,-1.4,317,-1.2,307,-1.7,324,-2.7,333,1.60,139,34.4,124,38.8,259,2016,0.21874659819309203,14,17,0.45161290322580644,31
121,Albany,AE,24-9,+4.25,106.9,141,102.7,131,66.2,264,-.030,255,-8.12,328,100.8,313,108.9,330,-4.63,293,,AE,66.2,264,106.9,141,50.7,133,18.4,196,34.8,35,43.3,26,102.7,131,48.7,106,18.7,133,25.6,25,27.2,19,66.2,264,67.7,243,18.1,265,17.2,158,106.9,141,109.4,65,102.7,131,97.3,39,76.9,142,-0.4,192,-0.1,184,-0.3,210,-0.8,252,+1.1,55,+0.8,106,1.79,92,27.6,286,71.7,22,2016,0.6132370428251595,24,9,0.7272727272727273,33
313,Alcorn St.,SWAC,15-15,-14.55,98.0,296,112.6,309,65.5,299,+.103,12,-9.04,335,98.8,344,107.8,286,+3.06,82,,SWAC,65.5,299,98.0,296,45.6,319,21.1,329,34.8,32,38.5,118,112.6,309,51.0,224,17.3,225,31.9,277,39.7,243,65.5,299,66.5,294,19.1,332,16.8,85,98.0,296,98.2,284,112.6,309,106.9,245,76.6,193,-1.6,274,-1.5,318,-0.1,189,+0.5,108,-0.6,245,+0.8,111,1.57,149,35.2,100,43.1,214,2016,0.168393800214606,15,15,0.5,30
319,American,Pat,12-19,-15.34,92.1,336,107.4,219,61.3,349,+.111,10,-4.72,259,102.6,256,107.3,253,+0.25,162,,Pat,61.3,349,92.1,336,49.0,219,22.1,344,23.5,328,31.7,297,107.4,219,51.6,256,19.2,99,30.2,195,40.1,250,61.3,349,62.0,350,21.1,351,17.4,205,92.1,336,92.0,335,107.4,219,104.9,198,76.9,135,-1.8,283,-0.0,167,-1.8,331,+0.2,141,+1.6,31,+0.8,101,1.54,155,29.4,261,43.7,210,2016,0.14586842349219356,12,19,0.3870967741935484,31
258,Appalachian St.,SB,9-22,-8.17,102.7,206,110.9,287,70.3,69,-.015,218,-0.42,159,104.0,196,104.4,136,+1.80,115,,SB,70.3,69,102.7,206,47.2,284,21.0,324,33.0,63,39.1,108,110.9,287,51.2,235,15.9,301,32.3,293,39.8,247,70.3,69,70.8,84,17.6,206,16.1,5,102.7,206,99.7,252,110.9,287,109.4,304,76.4,230,-0.1,176,-1.0,269,+0.9,79,+0.2,144,-0.4,230,-1.6,302,1.48,169,42.5,7,54.4,137,2016,0.29247517202326395,9,22,0.2903225806451613,31
19,Arizona,P12,25-9,+20.97,116.8,20,95.8,29,68.3,154,-.038,272,+6.66,63,107.9,67,101.3,54,-3.66,269,6,P12,68.3,154,116.8,20,53.6,35,18.2,191,35.0,30,43.8,20,95.8,29,46.2,29,16.0,294,24.9,12,29.3,37,68.3,154,69.9,128,17.1,150,17.1,139,116.8,20,112.8,24,95.8,29,96.5,29,78.3,20,+5.1,7,+2.9,8,+2.2,10,+1.7,27,+0.2,140,+0.5,144,2.08,40,36.0,71,32.4,305,2016,0.9071484757224941,25,9,0.7352941176470589,34
93,Arizona St.,P12,15-17,+8.38,109.6,95,101.2,106,67.9,181,-.015,216,+9.11,32,109.9,31,100.8,39,+4.11,56,,P12,67.9,181,109.6,95,48.1,248,17.1,100,31.5,112,37.8,141,101.2,106,52.0,278,18.3,164,27.8,85,38.1,198,67.9,181,69.8,133,17.6,201,16.6,44,109.6,95,104.2,169,101.2,106,105.1,202,77.2,107,-0.3,184,-0.3,202,+0.0,166,+0.5,111,+1.0,68,+1.0,92,1.10,274,31.3,220,53.9,141,2016,0.7144292377949701,15,17,0.46875,32
73,Arkansas,SEC,16-16,+10.45,110.7,78,100.3,90,69.7,94,-.080,334,+6.40,66,108.6,60,102.2,78,-0.79,179,,SEC,69.7,94,110.7,78,49.7,182,15.3,20,30.9,130,37.6,150,100.3,90,49.8,172,19.6,77,30.1,190,42.9,301,69.7,94,71.4,67,16.0,42,17.4,208,110.7,78,107.3,94,100.3,90,102.9,146,76.6,188,+0.7,116,+0.9,69,-0.2,197,-1.7,339,+0.0,179,+0.2,161,1.36,211,34.9,109,34.8,292,2016,0.7566810441613623,16,16,0.5,32
56,Arkansas Little Rock,SB,30-5,+13.24,109.2,98,96.0,33,63.4,342,+.056,52,-0.77,167,104.2,188,104.9,155,-0.20,171,12,SB,63.4,342,109.2,98,51.9,81,15.6,29,26.7,268,31.4,302,96.0,33,45.9,25,21.0,27,29.5,160,38.3,201,63.4,342,64.1,343,19.0,327,18.2,321,109.2,98,108.3,83,96.0,33,94.3,10,76.2,263,+0.3,145,+1.2,47,-0.9,291,-0.7,241,-1.8,327,-0.9,258,1.59,143,36.9,50,37.9,266,2016,0.8148108139305154,30,5,0.8571428571428571,35
344,Arkansas Pine Bluff,SWAC,8-25,-20.69,89.0,345,109.7,268,64.1,332,+.050,60,-3.91,237,102.1,281,106.0,197,+10.98,7,,SWAC,64.1,332,89.0,345,45.0,331,23.8,350,27.7,246,30.1,325,109.7,268,49.2,131,20.2,53,37.4,349,53.7,348,64.1,332,65.3,326,19.8,346,16.7,59,89.0,345,86.6,350,109.7,268,107.0,248,77.7,62,+0.7,121,-0.1,174,+0.7,88,+1.2,49,+0.5,112,+2.4,19,1.08,277,41.3,9,48.9,174,2016,0.08280744418226395,8,25,0.24242424242424243,33
251,Arkansas St.,SB,11-20,-7.51,100.3,254,107.8,229,72.0,30,-.011,207,-1.60,189,103.1,238,104.7,144,-1.88,220,,SB,72.0,30,100.3,254,45.8,313,18.0,167,28.0,231,40.1,90,107.8,229,47.1,53,14.9,333,31.2,249,38.0,196,72.0,30,72.6,35,16.1,52,16.9,103,100.3,254,98.5,281,107.8,229,105.5,217,77.4,89,-0.7,212,-0.2,193,-0.5,241,+0.2,154,+2.1,13,+1.4,66,0.96,298,26.5,308,47.3,190,2016,0.3037957286378354,11,20,0.3548387096774194,31
254,Army,Pat,19-14,-7.57,99.5,274,107.0,213,72.2,25,+.040,84,-8.64,333,100.4,319,109.1,334,-7.62,333,,Pat,72.2,25,99.5,274,49.7,186,18.5,206,31.1,126,31.7,296,107.0,213,49.5,151,16.4,282,26.7,52,32.0,74,72.2,25,72.4,42,15.1,11,17.8,282,99.5,274,102.8,196,107.0,213,101.8,120,77.7,67,-0.3,182,+0.1,146,-0.3,213,+1.1,60,+1.3,49,+2.4,18,2.43,15,33.6,151,74.1,14,2016,0.30243724313315856,19,14,0.5757575757575758,33
189,Auburn,SEC,11-20,-2.56,101.7,222,104.2,162,71.8,35,+.049,61,+7.92,49,108.7,53,100.8,38,+2.09,105,,SEC,71.8,35,101.7,222,47.3,282,18.9,240,27.9,236,41.0,71,104.2,162,50.5,195,17.8,191,32.3,292,40.1,251,71.8,35,72.6,34,16.1,62,16.7,67,101.7,222,96.4,300,104.2,162,107.6,261,77.9,48,+1.7,67,+0.7,86,+1.0,72,+2.1,14,+1.1,53,+0.7,120,1.31,230,36.7,59,33.6,298,2016,0.43063140532909533,11,20,0.3548387096774194,31
217,Austin Peay,OVC,18-18,-5.10,104.5,176,109.6,266,69.5,101,+.061,43,-2.92,213,105.1,149,108.0,292,-0.19,170,16,OVC,69.5,101,104.5,176,51.3,112,20.2,297,31.9,99,47.0,3,109.6,266,53.8,328,18.6,143,30.0,188,31.3,61,69.5,101,70.5,96,17.2,152,16.7,60,104.5,176,104.7,153,109.6,266,108.9,292,76.4,235,-1.7,278,-0.3,210,-1.3,316,+0.2,144,-0.2,205,-0.3,217,1.43,188,28.6,277,46.8,195,2016,0.3663335427943007,18,18,0.5,36
52,BYU,WCC,26-11,+13.89,113.1,48,99.2,68,73.7,10,-.050,291,+1.32,126,106.2,105,104.9,148,+1.46,125,2,WCC,73.7,10,113.1,48,52.9,48,15.9,41,31.2,123,35.3,210,99.2,68,48.3,93,17.8,195,25.2,17,31.9,73,73.7,10,74.0,13,14.4,7,17.9,297,113.1,48,112.2,29,99.2,68,98.7,54,77.9,45,+1.7,62,+1.0,65,+0.7,89,+1.2,47,+0.9,71,+1.8,38,1.96,58,27.5,289,40.0,249,2016,0.8187713310523212,26,11,0.7027027027027027,37
155,Ball St.,MAC,21-14,+0.84,103.5,190,102.6,130,65.3,304,-.017,226,-3.75,231,102.9,247,106.7,224,-9.95,347,,MAC,65.3,304,103.5,190,52.2,62,19.9,290,28.0,232,34.8,225,102.6,130,46.8,48,16.5,274,26.3,44,38.6,213,65.3,304,66.1,311,18.2,276,17.9,296,103.5,190,103.9,177,102.6,130,99.5,78,77.3,92,-1.3,262,-0.5,226,-0.8,281,+1.2,51,+1.0,66,+2.0,31,1.59,141,35.7,83,56.3,121,2016,0.525088243326179,21,14,0.6,35
24,Baylor,B12,22-12,+19.06,118.9,14,99.8,84,66.6,252,-.012,211,+11.21,11,109.7,34,98.4,2,-3.12,257,5,B12,66.6,252,118.9,14,51.6,97,18.6,216,40.1,4,38.6,113,99.8,84,51.2,240,19.8,73,28.8,125,38.6,218,66.6,252,67.2,265,17.9,242,17.8,281,118.9,14,112.4,26,99.8,84,103.1,149,76.8,163,+0.6,129,-0.5,217,+1.0,65,+0.5,107,+0.3,126,-1.5,297,1.52,160,29.4,260,63.1,75,2016,0.8822402765105841,22,12,0.6470588235294118,34
129,Belmont,OVC,20-12,+3.51,114.0,34,110.5,282,71.6,41,-.009,200,-1.57,188,103.9,199,105.5,175,+3.98,57,6,OVC,71.6,41,114.0,34,58.6,2,19.3,254,26.4,278,34.5,230,110.5,282,50.7,207,16.5,271,30.9,235,37.1,177,71.6,41,72.8,29,15.9,40,16.9,105,114.0,34,112.9,22,110.5,282,108.2,278,77.1,113,-0.4,190,-0.6,238,+0.2,131,-0.3,205,+0.1,152,+2.3,21,1.66,127,29.2,264,68.3,40,2016,0.588702378881062,20,12,0.625,32
306,Bethune Cookman,MEAC,14-18,-13.96,97.9,299,111.9,303,66.5,255,+.010,154,-9.08,336,99.9,330,109.0,332,+1.46,126,,MEAC,66.5,255,97.9,299,47.1,288,18.5,207,32.0,97,31.0,312,111.9,303,49.7,163,18.0,182,35.7,339,34.5,119,66.5,255,68.4,209,17.5,189,17.4,222,97.9,299,99.8,251,111.9,303,106.7,240,74.6,351,-2.5,315,-1.3,311,-1.2,305,-1.1,293,-3.9,351,-3.2,344,1.49,166,27.4,290,14.4,347,2016,0.17696026614467777,14,18,0.4375,32
325,Binghamton,AE,8-22,-16.16,88.2,348,104.4,164,65.2,308,-.021,232,-6.84,308,102.4,264,109.3,342,-5.06,301,,AE,65.2,308,88.2,348,44.3,340,20.7,317,25.2,301,36.2,185,104.4,164,49.6,152,18.3,163,28.5,116,34.4,116,65.2,308,67.4,256,18.6,305,16.8,78,88.2,348,89.8,343,104.4,164,101.7,118,76.5,219,-0.8,215,+0.0,163,-0.8,274,+0.6,104,-0.3,224,-1.0,264,1.30,231,30.8,232,58.9,102,2016,0.12574003718774088,8,22,0.26666666666666666,30
90,Boise St.,MWC,20-12,+8.61,109.5,96,100.9,101,69.2,112,-.050,292,+2.63,101,105.8,113,103.2,105,+3.81,60,,MWC,69.2,112,109.5,96,51.7,94,16.4,63,27.3,250,40.9,72,100.9,101,52.0,284,20.2,55,25.5,21,36.8,170,69.2,112,70.3,103,16.4,78,17.6,250,109.5,96,107.2,98,100.9,101,101.4,111,77.7,61,+1.8,61,+0.6,103,+1.2,45,+1.6,32,+1.4,44,+0.1,166,2.47,13,27.6,287,53.6,143,2016,0.7192285430843669,20,12,0.625,32
225,Boston College,ACC,7-25,-5.56,95.3,320,100.8,100,66.7,246,-.058,313,+8.89,37,110.3,25,101.4,55,-7.93,334,,ACC,66.7,246,95.3,320,47.5,272,20.0,294,21.8,343,25.9,350,100.8,100,52.4,294,19.5,86,28.7,119,37.0,175,66.7,246,67.0,274,18.1,259,18.5,340,95.3,320,90.9,339,100.8,100,105.2,207,77.8,57,+2.6,39,+2.4,17,+0.2,142,+0.2,139,+0.7,88,+1.5,64,1.43,191,36.2,66,20.6,338,2016,0.34406112691158025,7,25,0.21875,32
231,Boston University,Pat,19-15,-5.88,102.8,205,108.7,251,69.7,90,+.051,58,-6.41,301,100.9,312,107.3,252,-2.74,241,,Pat,69.7,90,102.8,205,52.2,61,19.7,276,26.5,277,37.0,165,108.7,251,50.0,179,17.1,240,28.1,95,33.9,107,69.7,90,69.6,143,16.4,80,18.0,308,102.8,205,103.5,184,108.7,251,103.7,167,76.9,141,+1.0,107,+1.0,67,+0.0,167,-1.1,298,+0.1,159,+0.7,117,1.93,64,33.5,155,65.8,56,2016,0.34484561800681746,19,15,0.5588235294117647,34
230,Bowling Green,MAC,16-18,-5.78,100.9,239,106.7,205,68.3,156,+.037,87,-1.50,185,104.7,163,106.2,204,-6.54,319,,MAC,68.3,156,100.9,239,48.9,222,18.5,201,28.1,225,40.2,89,106.7,205,50.9,216,17.1,246,28.4,114,35.9,152,68.3,156,69.3,155,17.1,149,17.2,175,100.9,239,100.2,243,106.7,205,105.7,220,76.7,170,-0.7,206,-0.5,228,-0.1,186,+0.6,102,-0.3,217,+0.1,170,1.05,281,36.8,54,40.8,243,2016,0.3446253536145056,16,18,0.47058823529411764,34
323,Bradley,MVC,5-27,-16.03,86.6,350,102.6,129,67.0,236,+.017,128,+3.37,94,105.1,150,101.7,67,+4.52,45,,MVC,67.0,236,86.6,350,43.0,346,25.4,351,24.9,310,38.3,125,102.6,129,49.7,166,17.0,251,26.7,51,52.2,347,67.0,236,67.3,258,18.5,301,16.9,98,86.6,350,82.3,351,102.6,129,104.1,176,77.2,106,+1.1,98,+0.2,136,+0.9,77,+0.8,79,+0.1,165,+0.2,164,0.35,351,32.3,191,10.8,350,2016,0.1245873447031686,5,27,0.15625,32
265,Brown,Ivy,8-20,-9.26,102.4,211,111.6,300,70.4,67,-.056,308,-3.02,215,102.8,250,105.8,188,-7.09,327,,Ivy,70.4,67,102.4,211,50.2,155,18.8,226,25.6,294,36.9,168,111.6,300,50.8,208,16.0,297,31.3,255,36.4,161,70.4,67,70.8,86,16.0,45,17.5,228,102.4,211,101.5,224,111.6,300,108.7,286,76.7,167,-0.5,197,+0.1,141,-0.6,252,-0.2,194,+0.8,85,-0.2,200,2.07,42,32.6,182,65.5,60,2016,0.2710316168608729,8,20,0.2857142857142857,28
346,Bryant,NEC,8-23,-21.70,93.2,332,114.9,333,67.4,215,+.023,115,-7.22,315,100.3,326,107.5,265,+4.30,51,,NEC,67.4,215,93.2,332,47.3,281,19.9,287,26.1,283,26.9,347,114.9,333,51.5,254,16.0,296,33.5,314,31.6,64,67.4,215,68.4,204,16.9,121,18.0,307,93.2,332,93.5,327,114.9,333,110.9,322,75.4,328,-3.8,346,-2.1,346,-1.7,328,-2.1,343,-0.9,288,+0.0,183,1.41,198,24.1,330,52.2,156,2016,0.08263164821637084,8,23,0.25806451612903225,31
172,Bucknell,Pat,17-14,-0.89,105.6,163,106.5,202,71.2,51,-.067,320,-5.91,287,101.5,299,107.4,255,+0.53,153,8,Pat,71.2,51,105.6,163,52.1,69,18.7,220,29.7,170,43.9,19,106.5,202,49.5,146,17.9,189,28.4,107,41.3,276,71.2,51,71.5,65,16.0,41,17.5,234,105.6,163,107.2,95,106.5,202,101.9,121,75.9,291,-0.4,191,-0.5,227,+0.1,157,-0.1,183,-2.5,346,-1.3,285,1.59,142,34.9,112,66.7,49,2016,0.4756203333731726,17,14,0.5483870967741935,31
138,Buffalo,MAC,20-15,+2.95,105.9,158,102.9,134,72.1,27,+.044,76,+0.97,131,106.5,95,105.6,177,+2.00,107,14,MAC,72.1,27,105.9,158,49.6,189,18.8,228,31.8,103,41.6,56,102.9,134,49.8,169,17.7,200,28.7,121,37.8,190,72.1,27,72.4,43,15.9,39,17.0,117,105.9,158,104.8,151,102.9,134,104.0,175,77.2,111,-1.0,226,-0.2,189,-0.8,270,+0.2,144,+0.2,142,+2.5,15,1.16,266,33.4,161,34.8,293,2016,0.5818767748895564,20,15,0.5714285714285714,35
30,Butler,BE,22-11,+17.27,118.0,15,100.7,97,67.9,178,-.009,201,+8.10,47,108.5,62,100.4,25,-4.10,282,9,BE,67.9,178,118.0,15,52.6,53,14.5,7,32.2,88,39.3,103,100.7,97,49.7,165,18.6,140,27.5,71,35.8,147,67.9,178,69.8,134,17.1,147,17.3,178,118.0,15,113.5,19,100.7,97,102.1,127,77.3,90,-1.3,255,-1.0,274,-0.3,208,+1.2,51,+1.8,20,+1.1,81,2.37,18,25.8,318,65.0,65,2016,0.860949237948322,22,11,0.6666666666666666,33
203,Cal Poly,BW,10-20,-3.65,107.6,122,111.3,294,66.2,262,-.062,319,+2.41,104,105.3,139,102.9,96,+5.29,32,,BW,66.2,262,107.6,122,48.0,255,15.1,15,30.0,159,35.2,214,111.3,294,53.2,312,15.9,305,28.4,106,40.3,258,66.2,262,67.7,241,17.8,224,17.3,188,107.6,122,104.3,165,111.3,294,111.1,327,76.7,182,+0.7,117,-0.0,164,+0.8,86,-0.8,248,-0.6,243,+0.1,171,1.72,110,42.8,6,51.9,158,2016,0.40400644525894464,10,20,0.3333333333333333,30
110,Cal St. Bakersfield,WAC,24-9,+6.26,104.0,181,97.8,50,67.6,201,-.003,179,-6.50,302,100.6,316,107.1,242,-2.99,249,15,WAC,67.6,201,104.0,181,49.3,203,18.2,186,34.1,45,38.0,133,97.8,50,45.2,17,21.5,17,29.7,169,42.1,289,67.6,201,68.1,225,18.6,307,16.4,31,104.0,181,104.5,160,97.8,50,93.2,6,75.5,323,-2.4,309,-0.3,199,-2.2,344,-0.8,259,-0.6,252,-2.4,325,1.28,235,32.1,200,48.9,173,2016,0.6697075618844736,24,9,0.7272727272727273,33
264,Cal St. Fullerton,BW,10-20,-8.82,101.7,223,110.5,281,68.6,137,+.011,151,-0.12,152,103.6,209,103.8,117,-2.82,242,,BW,68.6,137,101.7,223,46.3,305,19.0,241,29.7,173,43.7,22,110.5,281,50.7,206,16.4,281,29.0,134,39.7,245,68.6,137,69.9,125,17.4,183,16.7,66,101.7,223,98.8,270,110.5,281,108.1,272,76.3,253,-0.9,219,-0.3,207,-0.6,243,-0.4,218,-0.3,219,-1.0,261,0.93,303,36.8,53,19.2,341,2016,0.2780079322282832,10,20,0.3333333333333333,30
239,Cal St. Northridge,BW,10-20,-6.52,100.9,238,107.4,218,70.4,66,-.013,213,+0.24,143,104.1,192,103.9,122,-0.31,175,,BW,70.4,66,100.9,238,46.7,299,19.4,261,27.6,247,42.1,47,107.4,218,51.7,262,18.9,119,31.3,255,35.9,154,70.4,66,71.4,68,16.6,91,16.9,99,100.9,238,97.7,291,107.4,218,106.0,226,77.8,53,+2.5,41,+1.1,56,+1.5,38,+0.9,73,+0.1,159,+1.6,49,1.28,236,35.0,105,29.4,317,2016,0.3278450228619903,10,20,0.3333333333333333,30
28,California,P12,23-11,+18.32,112.5,53,94.2,19,68.1,162,-.053,300,+7.65,52,109.4,40,101.8,70,-2.58,234,4,P12,68.1,162,112.5,53,52.2,65,17.7,145,32.4,80,41.7,52,94.2,19,44.3,4,14.1,347,25.3,20,37.5,184,68.1,162,68.3,212,17.3,169,17.6,251,112.5,53,108.6,78,94.2,19,97.7,42,79.0,2,+4.5,12,+2.9,9,+1.6,32,+1.5,35,+1.9,18,+3.4,3,1.68,123,31.5,214,56.0,124,2016,0.8850991368451184,23,11,0.6764705882352942,34
297,Campbell,BSth,12-18,-12.82,100.2,255,113.0,317,68.1,168,-.030,254,-7.62,322,100.6,317,108.2,302,-9.21,344,,BSth,68.1,168,100.2,255,49.5,191,16.4,62,22.0,342,41.4,65,113.0,317,53.5,320,18.9,124,30.6,216,39.3,234,68.1,168,69.7,139,17.5,196,16.8,70,100.2,255,101.8,220,113.0,317,108.1,273,74.8,349,-3.0,331,-2.1,348,-0.9,283,-1.8,341,-2.1,339,-3.0,338,1.35,216,29.3,262,52.7,153,2016,0.2006036602404131,12,18,0.4,30
237,Canisius,MAAC,14-19,-6.29,108.1,115,114.4,329,67.5,206,-.013,212,-3.70,230,102.1,279,105.8,189,-1.54,208,,MAAC,67.5,206,108.1,115,49.0,213,15.9,37,31.0,128,36.9,169,114.4,329,54.9,342,19.6,79,32.8,303,39.0,228,67.5,206,69.0,174,18.2,274,16.5,37,108.1,115,108.0,87,114.4,329,110.7,318,75.9,297,-1.0,228,-0.4,213,-0.6,255,-1.3,323,-0.6,247,-1.6,304,1.82,83,31.3,221,45.6,200,2016,0.3426718506577124,14,19,0.42424242424242425,33
321,Central Arkansas,Slnd,7-21,-15.98,100.9,237,116.9,344,71.8,36,-.068,324,-7.46,318,101.0,308,108.5,317,+4.97,39,,Slnd,71.8,36,100.9,237,49.9,168,19.7,280,31.4,119,41.9,48,116.9,344,53.8,327,15.8,310,29.8,181,38.7,220,71.8,36,73.8,15,15.2,12,17.2,176,100.9,237,101.9,216,116.9,344,113.7,341,76.4,224,-1.0,232,-0.2,187,-0.8,274,+0.2,138,+0.3,131,-1.3,280,1.05,280,26.6,306,53.4,146,2016,0.1554246612280671,7,21,0.25,28
351,Central Connecticut,NEC,4-25,-26.79,92.5,333,119.3,351,67.0,235,-.005,185,-10.55,347,98.2,350,108.7,326,-6.75,321,,NEC,67.0,235,92.5,333,44.9,333,19.9,285,29.8,166,31.1,309,119.3,351,53.3,318,14.8,334,30.2,196,30.5,54,67.0,235,68.8,182,18.0,255,16.4,32,92.5,333,93.2,330,119.3,351,112.1,335,76.5,206,-1.2,252,-1.1,285,-0.1,182,-0.8,274,+0.1,146,+0.6,124,1.30,232,35.5,87,42.0,226,2016,0.05088431971474112,4,25,0.13793103448275862,29
158,Central Michigan,MAC,17-16,+0.51,110.5,83,110.0,271,66.7,249,-.062,317,-1.25,176,104.6,167,105.8,187,-2.18,228,,MAC,66.7,249,110.5,83,51.7,88,13.6,1,26.5,276,30.0,327,110.0,271,51.0,225,15.9,304,31.5,261,35.2,132,66.7,249,67.3,259,18.7,314,16.9,94,110.5,83,110.5,45,110.0,271,109.1,298,76.4,237,+1.5,76,+1.0,68,+0.6,100,-0.6,234,-0.4,234,-2.5,328,2.71,6,24.4,324,84.2,1,2016,0.5130356164193554,17,16,0.5151515151515151,33
298,Charleston Southern,BSth,9-21,-12.94,99.2,280,112.1,306,68.2,161,-.008,199,-2.15,202,103.8,205,105.9,195,+10.33,9,,BSth,68.2,161,99.2,280,50.0,162,17.9,165,24.7,316,27.4,345,112.1,306,54.0,331,16.1,292,26.9,56,37.7,187,68.2,161,68.8,186,17.2,153,17.4,211,99.2,280,98.8,272,112.1,306,110.8,321,75.3,331,-3.6,342,-1.1,286,-2.5,348,-2.4,348,-1.5,317,+0.3,157,0.89,312,33.9,140,26.1,330,2016,0.19687946314898466,9,21,0.3,30
193,Charlotte,CUSA,14-19,-2.84,105.8,159,108.7,250,70.3,74,-.040,277,-2.73,209,105.2,142,107.9,289,+0.29,160,,CUSA,70.3,74,105.8,159,51.0,128,16.4,65,29.7,172,33.2,267,108.7,250,54.8,341,18.3,161,27.7,80,30.9,58,70.3,74,72.1,48,16.5,90,16.7,64,105.8,159,106.8,104,108.7,250,109.0,295,76.3,247,-1.0,229,+1.2,49,-2.2,345,-1.4,329,-0.6,244,+0.7,119,0.48,349,28.5,280,16.9,344,2016,0.4228768534866829,14,19,0.42424242424242425,33
109,Chattanooga,SC,29-6,+6.50,107.5,126,101.0,104,66.3,260,+.132,4,-3.18,219,104.4,174,107.6,274,-0.04,167,12,SC,66.3,260,107.5,126,51.7,89,18.0,174,32.3,83,41.6,57,101.0,104,50.5,197,20.2,57,29.0,130,30.9,57,66.3,260,67.6,251,17.4,176,18.1,316,107.5,126,109.5,64,101.0,104,99.8,84,77.0,131,-1.1,240,-0.1,179,-1.0,294,-0.3,204,+0.7,94,+1.6,62,1.74,102,31.1,227,61.5,87,2016,0.6720031015134766,29,6,0.8285714285714286,35
347,Chicago St.,WAC,4-28,-22.21,91.8,338,114.0,327,69.0,118,-.051,293,-0.39,158,103.9,201,104.3,131,+4.42,48,,WAC,69.0,118,91.8,338,42.6,349,20.4,308,29.5,180,28.1,340,114.0,327,54.5,338,19.0,109,33.4,312,43.6,309,69.0,118,70.5,98,17.7,215,16.1,11,91.8,338,88.7,344,114.0,327,111.5,333,75.9,294,-2.1,299,-0.6,237,-1.5,318,-1.0,287,-0.8,271,-0.5,235,0.77,324,49.5,1,35.4,288,2016,0.07650984357674326,4,28,0.125,32
32,Cincinnati,Amer,22-11,+17.06,111.2,70,94.1,16,64.0,333,-.067,322,+5.20,77,107.3,79,102.1,75,-1.21,197,9,Amer,64.0,333,111.2,70,49.3,199,16.3,61,36.7,20,33.2,265,94.1,16,45.6,23,20.3,52,30.6,221,27.0,16,64.0,333,65.7,321,17.9,236,18.6,342,111.2,70,108.5,79,94.1,16,94.6,14,77.6,70,+1.6,71,+0.6,97,+1.0,70,+1.2,48,+0.8,78,+0.5,141,1.69,118,32.4,188,80.4,6,2016,0.8721587115126037,22,11,0.6666666666666666,33
45,Clemson,ACC,17-14,+14.38,113.3,45,98.9,62,63.7,337,-.095,339,+6.74,61,108.7,56,102.0,72,-7.97,335,,ACC,63.7,337,113.3,45,50.5,140,15.8,35,30.3,156,33.3,264,98.9,62,47.9,77,18.0,185,30.3,204,28.5,32,63.7,337,63.7,346,18.6,304,18.8,349,113.3,45,108.4,80,98.9,62,100.3,90,77.3,100,+2.1,50,+1.0,62,+1.1,63,+1.3,46,-0.6,253,-0.2,206,2.15,32,24.0,331,61.7,86,2016,0.8268112204987452,17,14,0.5483870967741935,31
290,Cleveland St.,Horz,9-23,-11.89,91.6,340,103.5,147,63.8,336,+.020,122,+0.85,133,106.2,104,105.4,168,+3.12,79,,Horz,63.8,336,91.6,340,44.8,334,21.8,340,29.4,184,30.9,315,103.5,147,51.6,259,19.9,67,31.7,271,46.6,333,63.8,336,66.1,309,19.2,335,16.8,74,91.6,340,91.0,338,103.5,147,104.9,196,76.7,169,-1.3,261,-1.1,288,-0.2,200,-0.8,269,+1.0,67,+1.0,91,0.66,335,39.3,23,30.6,309,2016,0.197084972424596,9,23,0.28125,32
176,Coastal Carolina,BSth,21-12,-1.09,101.7,221,102.8,132,66.7,247,+.016,131,-4.79,263,102.2,275,107.0,238,+2.69,88,,BSth,66.7,247,101.7,221,49.4,193,18.7,222,30.6,142,35.6,200,102.8,132,46.3,30,15.3,323,29.0,132,31.7,66,66.7,247,67.6,248,17.9,240,17.3,193,101.7,221,103.0,193,102.8,132,99.4,75,76.1,275,-1.4,266,-1.2,295,-0.2,193,-0.5,223,-0.6,251,-1.0,263,2.03,47,29.2,266,64.3,69,2016,0.469109996596639,21,12,0.6363636363636364,33
256,Colgate,Pat,13-17,-7.71,104.0,183,111.7,301,64.9,318,-.018,227,-5.57,277,101.2,305,106.8,227,+1.23,136,,Pat,64.9,318,104.0,183,52.5,55,18.4,197,26.5,275,29.9,329,111.7,301,53.3,314,19.4,88,30.6,222,41.9,286,64.9,318,65.3,327,19.2,337,17.3,181,104.0,183,103.8,178,111.7,301,107.5,259,76.0,282,-0.9,217,-1.0,281,+0.2,138,-1.4,326,-1.3,303,-0.2,211,1.19,260,32.9,171,27.4,326,2016,0.3054672427899996,13,17,0.43333333333333335,30
122,College of Charleston,CAA,17-14,+4.16,98.6,288,94.4,20,63.8,335,-.058,311,+0.33,142,106.2,101,105.9,191,-2.63,236,,CAA,63.8,335,98.6,288,47.4,279,19.5,265,30.4,148,32.8,274,94.4,20,48.1,86,21.6,16,26.9,57,43.1,305,63.8,335,65.1,333,18.4,288,17.9,295,98.6,288,98.4,282,94.4,20,95.0,17,77.3,97,-0.3,187,-0.3,205,-0.0,169,+0.9,78,+1.6,33,+0.6,134,1.01,288,29.1,268,35.6,287,2016,0.6225996574580189,17,14,0.5483870967741935,31
57,Colorado,P12,22-12,+12.91,108.8,100,95.9,31,69.0,120,+.015,136,+7.51,54,109.5,37,102.0,74,-2.15,227,8,P12,69.0,120,108.8,100,48.4,242,18.8,229,34.8,36,40.5,81,95.9,31,46.8,47,15.4,321,24.8,10,35.7,142,69.0,120,70.9,81,17.4,178,16.2,15,108.8,100,105.1,143,95.9,31,99.2,65,78.0,33,+2.5,42,+0.7,83,+1.8,25,+1.4,38,+0.7,95,+1.6,56,1.94,62,36.6,60,56.4,119,2016,0.8102078900467143,22,12,0.6470588235294118,34
144,Colorado St.,MWC,18-16,+2.17,112.3,55,110.2,274,68.1,165,-.031,258,+0.65,136,104.8,157,104.1,128,-2.91,245,,MWC,68.1,165,112.3,55,49.9,166,16.3,59,33.0,62,42.4,41,110.2,274,52.0,279,14.1,346,25.1,15,35.0,126,68.1,165,69.4,149,17.6,204,16.8,73,112.3,55,110.5,44,110.2,274,109.3,302,76.4,239,-1.4,265,-1.2,301,-0.1,187,-0.1,177,-0.7,260,+0.1,174,1.68,120,28.7,275,43.4,211,2016,0.5540591420193149,18,16,0.5294117647058824,34
113,Columbia,Ivy,25-10,+5.67,112.4,54,106.7,209,65.1,313,-.001,175,-4.07,245,102.3,270,106.4,212,-4.95,300,,Ivy,65.1,313,112.4,54,53.5,39,15.9,39,28.5,212,37.9,139,106.7,209,51.5,250,19.0,114,26.8,54,34.6,121,65.1,313,65.9,315,18.2,272,17.9,294,112.4,54,112.5,25,106.7,209,103.4,156,77.4,87,+1.0,105,+0.3,123,+0.7,96,-0.3,206,+0.3,133,+2.2,23,2.36,19,35.8,77,50.7,161,2016,0.6453112147604098,25,10,0.7142857142857143,35
26,Connecticut,Amer,25-11,+18.71,111.9,59,93.2,12,65.9,277,-.036,270,+6.17,71,107.6,72,101.4,56,-0.91,187,9,Amer,65.9,277,111.9,59,51.5,99,16.3,55,28.6,209,29.6,332,93.2,12,44.5,6,18.2,172,29.1,136,35.4,135,65.9,277,66.5,296,18.0,244,18.0,310,111.9,59,108.2,84,93.2,12,94.3,11,78.0,39,+2.1,47,+1.9,27,+0.2,130,+1.3,45,+0.7,86,+1.8,43,2.32,22,29.6,257,55.6,128,2016,0.891181405253891,25,11,0.6944444444444444,36
333,Coppin St.,MEAC,9-22,-17.19,95.9,315,113.1,318,69.9,87,-.041,279,-6.94,311,101.1,307,108.0,293,+11.26,5,,MEAC,69.9,87,95.9,315,44.1,342,17.7,147,30.7,138,37.2,161,113.1,318,52.8,299,18.1,175,34.8,336,43.1,304,69.9,87,71.3,72,17.4,174,16.1,9,95.9,315,96.8,296,113.1,318,109.7,310,76.5,218,-1.6,275,-0.8,251,-0.9,285,-0.6,232,+0.0,183,+0.6,122,0.45,350,34.7,116,20.7,336,2016,0.13043550518620448,9,22,0.2903225806451613,31
276,Cornell,Ivy,10-18,-10.34,98.2,295,108.5,246,72.7,19,+.046,70,-0.53,161,104.6,164,105.2,162,-1.41,202,,Ivy,72.7,19,98.2,295,48.7,230,17.9,163,22.4,339,32.3,283,108.5,246,51.5,251,19.8,69,36.1,346,35.8,149,72.7,19,72.7,33,15.4,15,17.4,199,98.2,295,96.4,301,108.5,246,108.8,287,75.8,305,-2.1,300,-0.2,196,-1.9,339,-1.8,342,-0.7,261,-0.3,215,1.04,282,38.6,30,41.8,232,2016,0.24102731658375667,10,18,0.35714285714285715,28
40,Creighton,BE,20-15,+15.82,113.4,43,97.6,49,70.2,76,-.095,338,+6.22,69,107.8,70,101.6,62,-4.84,298,4,BE,70.2,76,113.4,43,53.8,32,16.1,47,27.3,251,37.5,152,97.6,49,49.0,122,17.5,213,26.1,38,33.5,102,70.2,76,72.1,50,15.9,38,17.3,185,113.4,43,110.2,48,97.6,49,100.5,97,76.9,149,+3.4,23,+2.0,22,+1.4,39,-1.4,324,+0.1,173,-1.7,306,1.50,164,35.4,91,41.6,234,2016,0.8488365346168908,20,15,0.5714285714285714,35
234,Dartmouth,Ivy,10-18,-5.99,99.5,273,105.5,186,67.5,208,-.099,342,-3.52,228,103.6,215,107.1,241,-7.09,328,,Ivy,67.5,208,99.5,273,47.5,274,20.8,319,32.7,72,38.3,124,105.5,186,52.7,298,20.9,30,29.8,173,42.3,291,67.5,208,68.6,193,17.7,216,17.1,134,99.5,273,100.2,244,105.5,186,103.5,159,76.4,223,-0.7,205,-0.8,260,+0.2,133,+0.1,162,+0.0,181,-1.3,281,1.47,177,39.5,19,52.1,157,2016,0.3377442069930491,10,18,0.35714285714285715,28
106,Davidson,A10,20-13,+6.73,114.3,31,107.6,223,70.2,77,+.078,30,+4.81,78,107.7,71,102.9,97,+2.02,106,5,A10,70.2,77,114.3,31,52.0,71,14.2,3,24.9,312,32.3,281,107.6,223,52.0,277,15.8,309,30.8,228,30.6,55,70.2,77,71.2,76,17.3,170,16.3,17,114.3,31,110.4,47,107.6,223,109.5,308,75.8,300,+0.3,139,-0.5,220,+0.8,83,-1.2,310,-2.5,347,-1.2,277,1.94,60,30.1,247,76.3,11,2016,0.6670045664543811,20,13,0.6060606060606061,33
59,Dayton,A10,25-8,+12.63,106.6,146,94.0,15,67.8,183,+.082,28,+3.89,86,107.3,75,103.4,109,+2.58,91,7,A10,67.8,183,106.6,146,51.6,98,18.6,219,28.7,205,40.8,75,94.0,15,46.9,49,18.0,180,24.2,6,32.8,84,67.8,183,68.6,191,16.7,97,18.0,309,106.6,146,104.7,155,94.0,15,95.1,18,76.8,166,-0.5,196,+0.3,125,-0.8,273,+0.2,136,-0.1,199,+0.3,156,1.99,53,34.8,114,60.9,90,2016,0.8094700522487825,25,8,0.7575757575757576,33
183,DePaul,BE,9-22,-1.69,104.5,175,106.2,197,66.9,241,+.004,169,+9.38,27,109.4,41,100.0,15,+1.02,140,,BE,66.9,241,104.5,175,49.4,194,21.5,334,30.7,135,36.5,182,106.2,197,51.4,245,17.8,197,29.9,183,44.7,320,66.9,241,68.5,199,17.7,220,17.2,164,104.5,175,98.1,285,106.2,197,109.5,307,77.9,43,+1.4,86,+1.4,39,-0.0,171,+1.2,51,+2.6,5,+0.6,133,1.42,196,35.0,107,60.4,96,2016,0.453738705173533,9,22,0.2903225806451613,31
275,Delaware,CAA,7-23,-10.22,101.5,229,111.7,302,67.4,211,-.004,182,+2.22,109,105.3,133,103.1,104,-0.89,186,,CAA,67.4,211,101.5,229,45.3,323,17.7,148,29.6,176,42.2,45,111.7,302,51.8,268,13.5,350,28.0,91,31.9,72,67.4,211,67.4,254,18.3,280,17.0,114,101.5,229,97.8,288,111.7,302,111.5,331,76.7,175,-0.3,185,-0.3,201,-0.0,168,-0.2,196,-0.6,241,+0.8,112,1.55,152,22.9,336,71.4,24,2016,0.24951213371089442,7,23,0.23333333333333334,30
350,Delaware St.,MEAC,7-25,-24.71,88.5,346,113.3,321,66.2,266,-.005,187,-7.32,317,100.4,322,107.8,283,+5.28,33,,MEAC,66.2,266,88.5,346,44.8,337,21.1,328,27.2,255,29.1,334,113.3,321,51.6,258,19.9,68,38.8,351,41.3,277,66.2,266,66.8,286,19.0,328,16.6,46,88.5,346,88.6,345,113.3,321,109.9,312,76.3,243,-0.6,199,-0.1,185,-0.4,227,+0.2,132,-0.2,212,-1.6,303,0.55,345,48.4,2,33.0,301,2016,0.05515251974950333,7,25,0.21875,32
195,Denver,Sum,16-15,-2.92,102.9,203,105.9,189,60.8,351,+.029,100,-3.33,222,104.3,184,107.6,275,-8.30,336,,Sum,60.8,351,102.9,203,55.7,11,20.8,321,20.1,347,36.6,181,105.9,189,51.9,274,22.7,6,31.0,240,43.4,308,60.8,351,62.7,348,20.7,350,17.4,209,102.9,203,103.8,179,105.9,189,104.4,183,76.3,241,-2.8,327,-1.8,334,-1.0,297,-0.8,276,+0.1,152,+1.4,69,1.12,272,32.4,190,44.3,208,2016,0.41812322511044353,16,15,0.5161290322580645,31
173,Detroit,Horz,16-15,-0.90,110.6,82,111.5,296,73.7,11,+.024,111,-0.76,166,104.4,182,105.1,160,+3.21,74,,Horz,73.7,11,110.6,82,52.0,75,17.8,159,32.5,76,40.5,80,111.5,296,53.6,326,17.2,237,29.4,151,46.5,332,73.7,11,75.0,8,15.7,27,16.3,24,110.6,82,109.0,71,111.5,296,110.9,323,76.8,157,-0.8,216,-1.0,278,+0.2,153,+0.8,84,+0.3,129,-0.2,202,1.43,192,33.3,164,54.9,133,2016,0.4767164093961818,16,15,0.5161290322580645,31
262,Drake,MVC,7-24,-8.60,104.1,179,112.7,311,65.4,300,-.101,343,+0.10,147,102.4,266,102.3,84,-3.02,251,,MVC,65.4,300,104.1,179,50.7,136,20.5,309,25.5,296,33.6,255,112.7,311,51.9,271,14.6,337,27.8,83,30.5,53,65.4,300,65.8,319,19.3,340,16.9,108,104.1,179,99.9,250,112.7,311,109.4,306,76.8,159,+4.0,18,+2.6,11,+1.4,40,-1.3,316,-1.9,332,-0.7,245,1.27,240,35.4,89,40.8,242,2016,0.2864189099278094,7,24,0.22580645161290322,31
245,Drexel,CAA,6-25,-7.16,99.5,272,106.7,206,64.5,327,-.026,247,+2.78,99,106.3,99,103.5,113,+1.71,118,,CAA,64.5,327,99.5,272,44.3,339,16.8,89,27.7,245,36.9,173,106.7,206,52.5,297,18.1,174,28.8,123,47.4,338,64.5,327,65.5,323,19.1,330,17.4,206,99.5,272,96.2,308,106.7,206,107.2,251,77.0,125,-1.0,230,-1.2,289,+0.2,138,+1.0,70,-0.4,233,+1.6,54,1.75,100,24.5,322,61.5,88,2016,0.3092921989612793,6,25,0.1935483870967742,31
17,Duke,ACC,25-11,+21.87,121.9,4,100.0,86,67.7,194,-.026,248,+11.23,10,112.0,3,100.7,35,+3.52,69,4,ACC,67.7,194,121.9,4,53.7,34,14.3,5,33.2,59,40.6,79,100.0,86,49.5,148,17.4,223,34.6,330,25.3,10,67.7,194,68.4,207,17.6,197,17.3,197,121.9,4,117.7,4,100.0,86,105.7,219,78.7,6,+4.7,11,+2.5,14,+2.2,12,+0.2,134,+2.1,10,+2.7,8,0.75,328,20.9,346,23.6,334,2016,0.9069841259318002,25,11,0.6944444444444444,36
156,Duquesne,A10,17-17,+0.72,107.6,123,106.9,212,72.9,16,-.010,204,+0.59,137,105.7,117,105.1,157,-7.59,332,,A10,72.9,16,107.6,123,53.9,31,18.9,234,27.9,242,33.6,257,106.9,212,49.4,137,15.6,317,28.4,110,38.6,216,72.9,16,73.5,20,15.2,14,17.3,186,107.6,123,106.4,115,106.9,212,106.7,239,76.7,174,+1.4,82,+0.5,106,+0.9,78,-0.1,174,-0.6,248,-1.1,267,2.18,30,26.9,302,68.0,45,2016,0.5187558306787433,17,17,0.5,34
190,East Carolina,Amer,12-20,-2.70,103.2,197,105.9,191,67.2,225,-.024,239,+2.89,98,105.1,147,102.2,79,-4.25,287,,Amer,67.2,225,103.2,197,49.0,217,19.4,260,28.8,201,34.6,228,105.9,191,51.2,239,18.4,155,32.3,290,26.7,13,67.2,225,67.1,273,17.5,184,18.2,323,103.2,197,99.5,259,105.9,191,105.1,204,77.8,56,+0.6,128,-0.1,177,+0.7,91,+0.9,75,+1.6,32,+1.9,36,1.48,172,31.5,216,56.0,123,2016,0.4262901421894263,12,20,0.375,32
153,East Tennessee St.,SC,24-12,+0.88,107.7,120,106.8,211,69.7,91,+.124,5,-1.48,184,105.3,136,106.8,231,+3.30,72,,SC,69.7,91,107.7,120,53.0,47,18.1,178,28.3,221,34.9,221,106.8,211,50.5,196,17.8,194,30.6,218,39.8,246,69.7,91,70.5,97,17.1,143,16.8,90,107.7,120,107.9,89,106.8,211,106.8,242,76.1,278,-2.6,319,-0.3,212,-2.2,346,-1.2,303,-0.4,228,+0.6,135,1.62,135,35.8,76,37.5,269,2016,0.5241073092580718,24,12,0.6666666666666666,36
266,Eastern Illinois,OVC,13-17,-9.34,100.5,249,109.8,270,67.2,227,+.046,71,-3.87,236,103.9,200,107.8,285,+0.18,163,,OVC,67.2,227,100.5,249,49.9,171,18.0,170,26.8,266,34.4,233,109.8,270,51.4,246,19.5,82,34.7,334,40.5,263,67.2,227,68.2,218,18.0,243,17.0,124,100.5,249,100.9,235,109.8,270,108.2,279,74.7,350,-3.0,333,-1.3,307,-1.7,329,-1.6,334,-1.0,291,-5.1,350,0.79,321,33.4,160,37.1,275,2016,0.26545962261873085,13,17,0.43333333333333335,30
201,Eastern Kentucky,OVC,15-16,-3.58,107.4,128,111.0,290,72.1,28,-.029,253,-4.72,258,103.4,224,108.1,298,-4.67,295,,OVC,72.1,28,107.4,128,56.0,9,20.3,302,27.0,263,40.3,85,111.0,290,53.1,310,20.3,49,34.2,325,42.3,292,72.1,28,73.2,21,15.6,23,17.1,152,107.4,128,108.8,75,111.0,290,109.0,293,76.9,153,-0.3,188,-0.5,221,+0.2,142,+0.7,95,-0.2,208,+0.3,160,1.15,269,28.3,281,30.0,311,2016,0.40633066357961206,15,16,0.4838709677419355,31
150,Eastern Michigan,MAC,18-15,+1.27,106.7,144,105.4,185,70.3,70,+.013,145,+1.54,123,106.9,86,105.4,170,+5.22,34,,MAC,70.3,70,106.7,144,48.8,226,17.4,120,31.1,125,43.5,24,105.4,185,50.6,199,20.9,31,36.9,348,42.9,302,70.3,70,71.6,59,16.1,58,17.4,204,106.7,144,105.4,135,105.4,185,107.0,246,77.8,52,+2.0,52,+0.8,78,+1.2,44,+1.9,22,+0.1,152,+1.2,78,0.89,309,26.9,303,36.2,284,2016,0.5351850001869679,18,15,0.5454545454545454,33
197,Eastern Washington,BSky,18-16,-3.26,111.8,62,115.1,336,68.7,133,-.045,285,-6.31,296,101.6,296,107.9,288,+1.43,131,,BSky,68.7,133,111.8,62,56.4,6,16.1,48,26.7,270,35.9,195,115.1,336,54.0,333,15.9,300,29.2,139,37.9,191,68.7,133,69.7,138,18.1,266,16.1,13,111.8,62,113.6,18,115.1,336,111.3,329,76.6,197,-1.7,277,-1.0,276,-0.7,258,+0.3,126,+0.7,90,-0.3,218,1.96,57,23.5,334,35.2,289,2016,0.41713828367874356,18,16,0.5294117647058824,34
160,Elon,CAA,16-16,+0.20,106.6,147,106.4,200,71.1,53,+.018,127,+1.40,124,105.5,124,104.1,125,+0.17,164,,CAA,71.1,53,106.6,147,51.8,84,17.7,150,27.2,254,30.4,324,106.4,200,50.3,193,15.8,307,29.8,174,33.4,96,71.1,53,71.3,73,16.1,49,17.3,194,106.6,147,104.0,174,106.4,200,106.4,233,76.7,184,-0.3,183,-0.6,235,+0.3,118,-0.8,247,+0.4,118,+0.1,176,1.19,263,35.0,106,41.8,231,2016,0.5053988527866787,16,16,0.5,32
72,Evansville,MVC,25-9,+10.56,108.3,110,97.8,51,68.6,140,-.011,205,-1.44,181,102.5,263,103.9,123,-4.77,297,,MVC,68.6,140,108.3,110,53.4,42,18.2,185,24.5,319,46.9,4,97.8,51,45.9,24,18.4,159,25.0,14,29.4,38,68.6,140,68.8,184,16.9,116,17.8,279,108.3,110,106.5,113,97.8,51,94.4,12,76.6,192,-0.6,201,+0.7,91,-1.2,308,-0.5,226,+0.3,132,-0.1,197,2.85,3,22.1,343,82.4,3,2016,0.7636465388113762,25,9,0.7352941176470589,34
228,FIU,CUSA,13-19,-5.67,103.2,199,108.8,252,65.3,307,-.127,351,-5.60,281,102.5,259,108.2,301,-6.46,316,,CUSA,65.3,307,103.2,199,52.0,74,19.3,258,30.8,133,35.6,202,108.8,252,48.1,85,14.2,344,29.4,153,35.7,143,65.3,307,66.9,282,18.8,322,17.0,112,103.2,199,105.1,140,108.8,252,105.4,211,77.5,82,+1.1,91,+1.0,66,+0.2,153,+1.3,44,-0.0,187,+1.1,82,1.01,287,30.0,250,36.8,280,2016,0.35258665428507857,13,19,0.40625,32
208,Fairfield,MAAC,19-14,-4.06,103.8,184,107.9,232,71.4,46,+.101,13,-4.06,244,102.3,271,106.4,211,-1.65,212,,MAAC,71.4,46,103.8,184,51.3,111,17.6,135,24.8,313,32.6,276,107.9,232,49.6,161,18.9,122,34.1,321,34.1,110,71.4,46,72.3,45,15.4,16,17.6,263,103.8,184,103.7,180,107.9,232,104.8,194,76.5,201,-0.7,209,-0.3,208,-0.3,222,+0.1,164,+0.0,178,-0.6,237,1.48,173,32.6,180,49.3,170,2016,0.3904318390064667,19,14,0.5757575757575758,33
280,Fairleigh Dickinson,NEC,18-15,-10.63,104.4,177,115.0,334,71.5,43,+.097,16,-9.44,338,98.7,345,108.1,299,-0.17,169,16,NEC,71.5,43,104.4,177,51.2,121,17.7,140,28.4,216,33.3,263,115.0,334,52.4,295,21.0,26,35.8,344,46.9,336,71.5,43,72.1,49,16.1,50,17.1,131,104.4,177,105.0,145,115.0,334,108.2,280,75.7,314,-2.8,324,-1.8,333,-1.0,292,-1.2,308,-1.9,329,+0.4,153,0.95,300,25.9,316,38.9,257,2016,0.24748364929639685,18,15,0.5454545454545454,33
35,Florida,SEC,21-15,+16.64,110.5,85,93.9,14,69.2,110,-.056,306,+10.21,19,110.7,16,100.5,27,+6.76,20,2,SEC,69.2,110,110.5,85,48.5,238,16.0,42,32.9,65,39.5,99,93.9,14,46.7,43,18.6,138,29.5,162,35.7,141,69.2,110,70.1,114,16.1,55,17.8,283,110.5,85,105.4,134,93.9,14,97.9,44,77.6,69,+2.5,43,+1.3,45,+1.2,49,+2.5,3,-0.7,256,+0.0,179,1.54,153,35.1,104,44.9,205,2016,0.8666928808809579,21,15,0.5833333333333334,36
349,Florida A&M,MEAC,8-21,-24.58,83.7,351,108.3,239,69.4,106,+.041,80,-11.11,349,99.4,336,110.5,351,-4.23,285,,MEAC,69.4,106,83.7,351,44.8,336,22.6,346,25.4,298,42.5,40,108.3,239,50.3,192,20.3,50,31.2,251,38.5,210,69.4,106,70.2,108,17.1,151,16.8,76,83.7,351,86.7,349,108.3,239,102.2,132,76.5,205,+0.6,125,+0.1,144,+0.6,99,+0.1,159,-1.1,300,-0.9,256,0.66,336,35.4,92,29.9,312,2016,0.04911815780156009,8,21,0.27586206896551724,29
293,Florida Atlantic,CUSA,8-25,-12.36,95.7,317,108.1,235,67.5,204,-.033,262,-1.38,180,105.4,130,106.8,228,+4.72,43,,CUSA,67.5,204,95.7,317,46.7,296,17.6,136,23.1,333,32.3,284,108.1,235,50.0,181,16.6,270,32.9,304,37.7,189,67.5,204,68.7,190,18.5,299,16.4,29,95.7,317,95.5,314,108.1,235,107.9,268,76.6,200,+2.1,49,+1.6,34,+0.6,103,-1.1,300,-0.9,276,-1.2,273,1.52,159,35.9,73,38.1,263,2016,0.19763497150034118,8,25,0.24242424242424243,33
162,Florida Gulf Coast,ASun,21-14,-0.08,103.6,189,103.7,148,67.0,240,-.038,274,-5.83,285,104.1,191,110.0,349,-1.87,219,16,ASun,67.0,240,103.6,189,51.5,104,17.2,109,31.7,105,37.3,160,103.7,148,47.7,71,15.9,306,27.5,73,35.3,134,67.0,240,69.4,150,17.8,230,16.6,43,103.6,189,106.7,108,103.7,148,102.2,130,77.3,95,+1.0,104,+0.0,156,+1.0,73,+0.2,135,+1.1,60,+0.5,147,1.22,255,33.2,165,37.2,274,2016,0.49722627039968953,21,14,0.6,35
48,Florida St.,ACC,20-14,+14.26,113.1,47,98.9,61,71.6,42,-.020,231,+9.52,26,110.2,27,100.7,34,-1.82,216,4,ACC,71.6,42,113.1,47,51.8,83,18.0,168,32.8,67,37.8,143,98.9,61,50.9,215,18.9,118,28.3,103,36.7,169,71.6,42,71.9,53,16.1,51,17.2,156,113.1,47,108.1,86,98.9,61,102.7,143,78.7,7,+4.1,15,+3.5,6,+0.7,95,+1.0,63,+1.5,35,+3.0,4,1.69,119,34.3,126,53.7,142,2016,0.8238824455786967,20,14,0.5882352941176471,34
161,Fordham,A10,17-14,-0.06,102.3,212,102.4,125,66.4,257,-.000,174,-2.26,203,104.1,193,106.3,206,-15.70,351,,A10,66.4,257,102.3,212,51.5,100,20.4,307,30.4,149,33.6,256,102.4,125,51.4,247,22.4,9,26.9,55,40.5,262,66.4,257,68.3,216,18.6,306,16.2,14,102.3,212,102.4,203,102.4,125,100.4,92,76.4,236,-0.7,211,-0.9,263,+0.2,142,-1.1,302,-0.6,246,+0.4,152,1.91,67,33.6,152,62.3,81,2016,0.49719104056425906,17,14,0.5483870967741935,31
108,Fresno St.,MWC,25-10,+6.63,107.4,127,100.8,99,69.0,121,+.085,23,+1.65,121,105.3,135,103.7,114,-2.89,244,14,MWC,69.0,121,107.4,127,48.4,241,15.1,13,30.0,161,37.7,145,100.8,99,48.8,111,21.0,29,29.7,172,46.4,330,69.0,121,70.0,120,16.9,126,17.1,150,107.4,127,104.6,158,100.8,99,100.4,95,77.2,109,+0.6,131,+0.2,133,+0.3,122,-0.0,171,+0.9,75,+0.6,121,2.38,17,34.3,127,59.9,99,2016,0.6746628387303857,25,10,0.7142857142857143,35
175,Furman,SC,19-16,-1.01,105.0,168,106.0,194,65.0,315,-.024,241,-3.64,229,103.2,236,106.8,232,-1.48,206,,SC,65.0,315,105.0,168,51.5,102,20.5,312,32.1,92,43.3,27,106.0,194,50.8,213,19.2,98,28.8,122,38.0,195,65.0,315,66.0,314,18.2,278,18.0,303,105.0,168,105.3,139,106.0,194,103.3,155,75.7,313,-1.5,268,-0.7,250,-0.7,263,-0.9,282,-1.5,316,-1.5,296,2.04,44,36.2,67,80.6,5,2016,0.4727755630026889,19,16,0.5428571428571428,35
236,Gardner Webb,BSth,17-16,-6.02,100.7,243,106.8,210,69.0,119,+.045,72,-3.93,240,103.6,210,107.6,270,+7.66,16,,BSth,69.0,119,100.7,243,47.7,266,18.6,211,31.6,108,34.9,222,106.8,210,51.4,248,18.8,130,29.3,145,39.7,242,69.0,119,69.8,130,16.4,77,17.6,255,100.7,243,101.3,227,106.8,210,105.2,205,76.1,265,-1.8,284,-0.7,248,-1.1,302,-0.4,213,-0.9,282,-0.1,195,1.40,200,35.2,99,50.8,160,2016,0.33707878665889374,17,16,0.5151515151515151,33
198,George Mason,A10,11-21,-3.32,101.5,232,104.8,178,67.8,191,-.005,186,+3.41,92,106.7,90,103.3,107,+0.39,158,,A10,67.8,191,101.5,232,45.1,328,18.6,218,33.5,51,34.4,234,104.8,178,48.4,98,10.2,351,22.8,2,30.0,47,67.8,191,67.7,240,18.5,297,16.7,56,101.5,232,97.8,290,104.8,178,105.8,221,76.7,185,+1.4,84,+0.9,70,+0.4,114,+0.2,157,-0.7,265,-1.3,286,1.27,242,32.2,196,42.1,225,2016,0.40903835343173456,11,21,0.34375,32
53,George Washington,A10,28-10,+13.86,114.8,29,101.0,103,66.2,265,+.031,94,+3.43,91,106.0,108,102.6,90,-1.77,215,4,A10,66.2,265,114.8,29,50.8,129,16.5,72,34.4,42,39.1,106,101.0,103,48.7,105,17.5,212,27.9,87,27.0,14,66.2,265,67.4,253,18.7,312,16.6,49,114.8,29,111.3,38,101.0,103,100.9,102,77.6,74,+2.7,36,+0.9,74,+1.8,23,+1.9,21,-0.5,236,-0.2,199,2.89,1,24.4,325,63.0,77,2016,0.8134850452401536,28,10,0.7368421052631579,38
62,Georgetown,BE,15-18,+11.71,111.4,65,99.7,81,67.9,180,-.102,344,+9.34,28,109.6,35,100.3,23,+2.43,93,,BE,67.9,180,111.4,65,51.2,120,19.1,245,28.3,219,37.9,138,99.7,81,46.6,40,16.3,283,28.4,108,49.3,345,67.9,180,69.2,157,17.3,162,17.2,165,111.4,65,105.1,141,99.7,81,102.6,141,78.6,12,+3.5,22,+1.8,28,+1.7,29,+1.9,20,+1.4,42,+2.1,25,1.52,161,34.5,121,49.2,171,2016,0.781778181095827,15,18,0.45454545454545453,33
71,Georgia,SEC,20-14,+10.59,107.9,118,97.3,46,67.3,216,+.065,40,+8.10,48,109.5,38,101.4,57,+3.26,73,3,SEC,67.3,216,107.9,118,48.1,250,19.2,250,32.4,82,43.5,23,97.3,46,45.5,21,15.6,316,29.8,177,41.1,274,67.3,216,68.2,221,18.1,260,16.9,100,107.9,118,102.7,198,97.3,46,101.5,114,76.8,161,-0.3,186,-0.5,224,+0.2,136,+0.8,86,+0.9,70,-1.4,292,1.74,104,30.9,231,57.4,108,2016,0.7665921669965821,20,14,0.5882352941176471,34
210,Georgia Southern,SB,14-17,-4.31,105.0,167,109.3,264,68.7,136,-.017,225,-2.60,208,103.0,242,105.6,179,-3.66,270,,SB,68.7,136,105.0,167,47.5,272,16.2,50,29.7,171,37.7,144,109.3,264,51.8,267,20.0,64,34.5,327,44.5,318,68.7,136,70.1,111,16.4,83,17.5,236,105.0,167,104.0,176,109.3,264,107.5,258,75.8,304,-2.8,328,-1.0,275,-1.8,333,-0.9,284,-0.2,211,-0.8,247,0.75,326,31.8,205,28.0,321,2016,0.38661474244182487,14,17,0.45161290322580644,31
180,Georgia St.,SB,16-14,-1.39,99.9,264,101.2,107,64.9,320,+.013,143,-1.29,178,103.3,230,104.6,141,+1.91,111,,SB,64.9,320,99.9,264,48.5,236,18.0,173,24.5,320,37.5,151,101.2,107,47.9,79,21.2,23,31.0,237,41.3,275,64.9,320,64.9,335,18.5,300,18.2,326,99.9,264,98.5,279,101.2,107,99.1,64,76.4,221,-1.4,263,-1.2,292,-0.2,194,+0.3,123,-0.9,283,+0.2,163,1.67,125,27.0,300,45.5,201,2016,0.4628972477597013,16,14,0.5333333333333333,30
51,Georgia Tech,ACC,21-15,+14.13,113.8,38,99.6,78,67.1,232,+.015,134,+10.67,14,111.1,10,100.4,26,-0.84,182,4,ACC,67.1,232,113.8,38,49.8,174,16.7,78,37.5,13,31.7,298,99.6,78,49.1,125,14.6,338,27.2,62,31.7,65,67.1,232,67.0,278,18.1,263,17.7,265,113.8,38,108.6,77,99.6,78,105.4,213,77.4,88,+1.4,81,+0.3,128,+1.2,49,+1.5,36,-0.1,203,+0.4,154,2.59,7,34.8,113,56.5,116,2016,0.822404533971404,21,15,0.5833333333333334,36
21,Gonzaga,WCC,28-8,+20.82,116.3,22,95.5,27,67.3,218,-.038,273,+3.51,90,107.3,77,103.8,118,+6.12,25,11,WCC,67.3,218,116.3,22,55.2,14,17.1,101,32.1,91,34.4,236,95.5,27,44.8,12,15.1,328,26.0,37,28.1,28,67.3,218,68.2,220,17.6,200,17.4,221,116.3,22,115.3,10,95.5,27,97.0,34,78.6,8,+5.3,4,+2.6,12,+2.8,2,+0.1,163,+1.1,55,+2.7,7,1.70,117,22.6,339,42.4,221,2016,0.9060250194472638,28,8,0.7777777777777778,36
345,Grambling St.,SWAC,6-24,-21.29,88.4,347,109.7,269,65.8,291,-.035,266,-7.50,320,99.3,337,106.8,233,+6.54,23,,SWAC,65.8,291,88.4,347,43.8,344,21.8,338,24.9,309,44.2,14,109.7,269,50.8,212,20.0,63,32.5,297,41.4,282,65.8,291,67.2,262,17.8,222,17.8,287,88.4,347,87.8,347,109.7,269,103.6,165,75.8,309,-1.1,248,-0.1,180,-1.0,300,-0.4,220,-1.4,307,-2.1,319,0.70,330,40.3,17,36.2,285,2016,0.07708772889464924,6,24,0.2,30
130,Grand Canyon,WAC,27-7,+3.49,105.0,166,101.5,111,68.8,129,+.100,15,-8.19,329,100.0,329,108.2,305,-6.32,315,,WAC,68.8,129,105.0,166,49.8,179,16.9,90,32.0,96,41.5,59,101.5,111,48.1,88,19.1,103,27.3,65,35.1,131,68.8,129,69.5,144,16.8,107,17.4,218,105.0,166,107.2,97,101.5,111,96.7,31,76.1,264,-2.3,304,-1.4,316,-0.8,274,-0.1,184,+0.1,144,-0.9,257,1.27,244,35.4,90,45.4,202,2016,0.5962508850905542,27,7,0.7941176470588235,34
127,Green Bay,Horz,23-13,+3.74,108.3,111,104.6,172,76.2,6,+.057,51,+0.11,146,104.4,180,104.3,133,+1.92,110,14,Horz,76.2,6,108.3,111,49.8,181,15.8,33,30.9,129,42.2,43,104.6,172,51.5,253,21.1,25,32.0,282,35.8,146,76.2,6,76.9,5,13.4,1,17.7,269,108.3,111,106.3,117,104.6,172,103.6,162,76.7,172,-0.9,218,-1.1,283,+0.2,142,+0.2,130,-0.2,209,+0.6,126,1.85,78,31.6,212,48.8,176,2016,0.598629618298055,23,13,0.6388888888888888,36
248,Hampton,MEAC,21-11,-7.40,99.8,266,107.2,216,71.2,50,+.157,2,-9.75,341,98.9,342,108.7,325,+1.91,112,16,MEAC,71.2,50,99.8,266,46.7,295,18.7,221,34.5,41,41.3,67,107.2,216,48.6,102,16.7,262,27.2,64,35.7,144,71.2,50,71.5,64,16.1,63,17.3,187,99.8,266,101.3,228,107.2,216,102.0,124,76.0,279,-1.5,270,-0.9,261,-0.6,251,-2.1,344,-0.9,276,+0.8,108,1.61,136,29.9,254,51.7,159,2016,0.30521780930152814,21,11,0.65625,32
324,Hartford,AE,10-23,-16.06,99.7,267,115.8,338,69.2,114,+.005,166,-6.21,293,100.7,315,106.9,234,-6.04,309,,AE,69.2,114,99.7,267,49.1,212,16.3,57,19.0,349,33.1,268,115.8,338,53.4,319,18.5,146,35.7,340,41.1,273,69.2,114,70.1,113,17.2,157,16.8,79,99.7,267,99.1,266,115.8,338,111.4,330,75.2,334,-2.6,318,-0.9,266,-1.6,326,-0.9,283,-2.4,345,-1.8,312,1.18,264,39.3,21,24.8,332,2016,0.1516732667359321,10,23,0.30303030303030304,33
171,Harvard,Ivy,14-16,-0.69,100.3,253,101.0,105,65.9,278,-.047,290,-0.05,150,104.7,162,104.8,145,+1.45,129,,Ivy,65.9,278,100.3,253,51.8,82,21.5,335,29.6,177,31.5,301,101.0,105,46.6,37,16.8,259,28.4,113,33.5,100,65.9,278,67.1,266,18.9,326,17.1,138,100.3,253,98.9,269,101.0,105,100.1,88,77.9,46,+1.1,95,-0.1,172,+1.2,48,+2.2,13,+1.4,43,+1.0,88,0.93,302,34.0,138,37.0,278,2016,0.4800155391493376,14,16,0.4666666666666667,30
60,Hawaii,BW,28-6,+12.16,108.2,112,96.1,35,70.6,58,+.013,142,-2.32,204,102.5,258,104.9,149,-8.92,341,13,BW,70.6,58,108.2,112,51.9,79,18.1,180,30.4,152,45.4,9,96.1,35,44.9,14,19.8,70,26.4,49,40.2,254,70.6,58,71.3,74,17.0,136,16.6,51,108.2,112,107.2,96,96.1,35,92.9,5,77.2,105,+1.7,63,+2.0,23,-0.3,211,-0.5,222,+0.1,146,+0.8,102,1.39,204,33.1,169,70.2,32,2016,0.7963779945457657,28,6,0.8235294117647058,34
149,High Point,BSth,21-11,+1.54,110.8,76,109.2,262,66.1,269,-.012,209,-4.65,255,102.5,261,107.2,246,+3.08,81,8,BSth,66.1,269,110.8,76,51.9,80,15.9,36,31.9,102,35.0,219,109.2,262,52.9,300,20.6,41,31.7,269,32.3,77,66.1,269,66.7,289,17.2,155,18.6,341,110.8,76,111.8,32,109.2,262,105.9,224,76.2,258,-1.9,287,-1.3,308,-0.5,240,-1.4,328,-0.1,202,+0.6,125,2.19,29,34.5,119,66.5,51,2016,0.5417216794164589,21,11,0.65625,32
92,Hofstra,CAA,24-10,+8.43,111.6,64,103.2,142,69.5,103,+.024,112,+1.68,119,105.9,109,104.3,132,-0.26,172,5,CAA,69.5,103,111.6,64,51.4,105,16.7,79,31.9,100,39.5,100,103.2,142,49.9,175,16.4,280,30.0,186,24.0,2,69.5,103,69.9,123,16.9,129,17.2,170,111.6,64,109.7,61,103.2,142,103.6,164,77.2,112,+0.5,134,-0.1,171,+0.6,101,+0.6,99,-0.1,198,+0.9,97,2.88,2,14.1,351,64.5,68,2016,0.7109290064864756,24,10,0.7058823529411765,34
285,Holy Cross,Pat,15-20,-11.39,97.1,307,108.5,241,63.6,339,+.065,39,-6.09,290,101.9,288,108.0,294,-6.27,313,16,Pat,63.6,339,97.1,307,47.9,256,16.8,84,23.1,332,36.1,188,108.5,241,53.1,311,19.6,80,29.6,167,33.4,97,63.6,339,64.7,340,19.3,341,17.6,256,97.1,307,98.5,280,108.5,241,106.1,228,76.3,249,-0.6,203,-0.2,195,-0.4,224,+0.8,81,-0.7,257,-1.9,314,1.60,140,26.9,301,44.8,206,2016,0.21812933445413846,15,20,0.42857142857142855,35
61,Houston,Amer,22-10,+11.81,116.7,21,104.9,179,66.3,259,-.006,192,+0.81,134,103.9,202,103.1,102,-11.35,350,5,Amer,66.3,259,116.7,21,52.2,68,15.4,22,35.8,26,34.4,237,104.9,179,47.3,61,18.4,157,33.3,310,36.0,155,66.3,259,66.3,302,17.6,205,18.4,336,116.7,21,114.1,16,104.9,179,102.6,140,76.9,151,+1.2,89,+0.7,88,+0.6,105,+0.2,144,-0.6,249,-0.4,222,1.76,96,36.8,56,38.8,258,2016,0.7730982037657605,22,10,0.6875,32
277,Houston Baptist,Slnd,17-17,-10.39,101.6,225,112.0,305,70.3,71,+.074,36,-4.83,264,102.3,269,107.2,247,+4.49,46,,Slnd,70.3,71,101.6,225,50.5,144,21.1,330,29.6,178,44.9,12,112.0,305,50.9,217,16.7,264,31.9,276,36.7,168,70.3,71,71.2,75,17.0,141,16.4,36,101.6,225,102.0,211,112.0,305,109.6,309,77.3,101,+0.6,127,+0.7,89,-0.1,174,-0.8,269,+0.6,101,+2.1,26,1.35,213,41.0,13,68.1,43,2016,0.2458747208159142,17,17,0.5,34
329,Howard,MEAC,12-20,-16.61,93.5,331,110.1,273,70.4,64,+.009,155,-9.83,343,100.0,328,109.9,348,-1.69,213,,MEAC,70.4,64,93.5,331,43.6,345,20.3,304,32.6,74,48.5,2,110.1,273,49.2,129,18.9,125,35.8,343,36.6,163,70.4,64,71.6,60,17.3,164,16.1,7,93.5,331,96.6,298,110.1,273,105.0,199,75.9,299,+0.3,143,+0.9,72,-0.6,250,-0.4,212,-1.8,325,-2.7,334,1.76,97,32.2,198,54.1,139,2016,0.13245579668733679,12,20,0.375,32
135,IPFW,Sum,24-10,+3.17,111.7,63,108.6,248,69.5,105,+.139,3,-0.33,157,105.0,151,105.3,166,-0.29,174,7,Sum,69.5,105,111.7,63,54.0,30,17.3,112,28.1,225,33.4,261,108.6,248,52.9,303,15.7,312,26.5,50,30.0,46,69.5,105,70.0,121,17.1,144,17.1,128,111.7,63,110.1,51,108.6,248,107.8,266,76.3,246,-1.0,235,-0.7,246,-0.3,215,-1.2,311,-0.9,276,+0.8,104,1.78,93,25.3,319,45.1,203,2016,0.5802186253609215,24,10,0.7058823529411765,34
207,IUPUI,Sum,13-19,-4.05,99.9,262,103.9,156,68.4,148,+.042,79,+2.24,108,106.3,98,104.1,126,+6.07,26,,Sum,68.4,148,99.9,262,46.9,293,18.8,230,27.7,243,31.9,293,103.9,156,51.1,234,18.1,177,28.1,99,38.9,227,68.4,148,69.6,142,17.2,158,17.3,179,99.9,262,96.7,297,103.9,156,104.7,190,76.6,187,-1.3,257,-1.0,269,-0.3,214,+0.2,144,+0.1,145,+0.3,158,1.51,162,34.0,135,35.9,286,2016,0.389008716287804,13,19,0.40625,32
214,Idaho,BSky,21-13,-4.87,98.6,287,103.5,146,65.8,292,+.076,35,-6.39,299,102.1,282,108.4,316,-0.97,191,,BSky,65.8,292,98.6,287,48.7,229,22.7,347,34.4,44,44.6,13,103.5,146,49.5,150,18.9,117,25.3,19,41.7,284,65.8,292,67.0,275,17.4,179,18.3,333,98.6,287,100.4,242,103.5,146,99.7,81,77.2,108,+0.0,164,-0.2,192,+0.2,134,+0.3,129,+0.3,134,+1.6,61,0.89,311,41.3,10,37.3,271,2016,0.3640672911699312,21,13,0.6176470588235294,34
270,Idaho St.,BSky,16-15,-9.86,99.1,281,109.0,257,70.1,85,+.052,56,-7.30,316,101.9,290,109.2,337,-3.02,253,,BSky,70.1,85,99.1,281,50.1,160,18.3,195,24.7,315,38.5,116,109.0,257,51.7,263,17.4,219,28.4,110,35.4,136,70.1,85,71.5,63,16.1,53,17.3,182,99.1,281,102.0,213,109.0,257,105.9,222,76.3,244,-0.5,194,+0.4,117,-0.9,284,-1.3,317,-0.2,214,-0.2,209,0.66,334,31.7,211,27.9,322,2016,0.250675648339912,16,15,0.5161290322580645,31
125,Illinois,B10,15-19,+3.91,106.9,142,103.0,136,68.1,169,+.020,123,+6.85,60,108.6,59,101.7,69,-0.33,176,,B10,68.1,169,106.9,142,50.2,156,14.9,12,21.5,344,30.5,322,103.0,136,53.6,323,19.0,112,28.1,96,26.5,12,68.1,169,68.6,195,16.9,117,17.9,300,106.9,142,102.2,208,103.0,136,106.5,235,77.5,80,+1.1,97,+1.1,55,-0.1,177,-0.2,197,+0.1,159,+2.6,9,1.68,122,35.1,101,42.5,220,2016,0.6052515768949405,15,19,0.4411764705882353,34
335,Illinois Chicago,Horz,5-25,-17.83,89.9,343,107.7,227,71.6,40,+.004,167,-0.76,165,104.6,165,105.4,169,-2.29,231,,Horz,71.6,40,89.9,343,41.5,351,21.1,326,31.9,101,43.2,28,107.7,227,49.3,133,15.7,313,30.7,226,39.6,240,71.6,40,72.6,36,16.5,85,16.3,23,89.9,343,88.3,346,107.7,227,107.4,256,77.5,77,+0.2,150,-0.1,176,+0.3,120,+1.2,56,+1.3,46,+1.0,90,0.73,329,33.4,162,34.6,294,2016,0.11130361743168164,5,25,0.16666666666666666,30
120,Illinois St.,MVC,18-14,+4.63,104.0,180,99.4,73,67.2,226,+.010,153,+1.65,120,103.8,206,102.1,76,+3.39,71,,MVC,67.2,226,104.0,180,47.7,268,18.5,208,30.0,160,30.9,317,99.4,73,48.4,97,20.5,44,28.2,100,38.4,207,67.2,226,67.6,250,16.6,92,18.6,343,104.0,180,99.3,262,99.4,73,97.5,40,77.3,96,+0.0,162,-0.7,245,+0.7,90,+1.1,62,+1.3,47,+0.4,149,1.35,218,33.8,144,56.5,118,2016,0.6272052952589242,18,14,0.5625,32
243,Incarnate Word,Slnd,17-12,-7.06,102.1,216,109.1,259,67.2,224,+.123,6,-6.40,300,101.7,293,108.1,300,+8.07,14,,Slnd,67.2,224,102.1,216,49.9,170,17.8,158,22.6,337,35.5,204,109.1,259,52.9,302,18.2,173,28.9,127,38.1,199,67.2,224,69.5,145,17.6,202,16.7,68,102.1,216,102.5,202,109.1,259,106.2,229,75.5,325,-3.3,338,-1.7,326,-1.6,324,-0.2,195,-0.3,221,-2.6,331,1.75,101,28.5,279,57.3,109,2016,0.31808422906939376,17,12,0.5862068965517241,29
11,Indiana,B10,27-8,+23.05,121.7,6,98.7,59,68.2,159,+.000,173,+6.40,65,108.8,51,102.4,87,-3.12,258,5,B10,68.2,159,121.7,6,58.7,1,19.6,272,37.2,15,33.9,250,98.7,59,49.8,168,18.9,123,29.2,140,30.2,49,68.2,159,69.0,172,16.9,115,17.8,285,121.7,6,119.3,1,98.7,59,101.3,105,77.3,94,+0.7,122,+0.2,138,+0.5,109,+1.6,33,+0.7,96,-0.1,188,2.01,49,36.9,51,65.4,61,2016,0.9175073669190875,27,8,0.7714285714285715,35
168,Indiana St.,MVC,15-17,-0.37,99.4,276,99.8,83,70.2,79,+.013,147,+1.87,117,104.4,177,102.5,89,+1.44,130,,MVC,70.2,79,99.4,276,44.7,338,18.6,213,27.3,252,41.5,58,99.8,83,47.2,56,17.8,190,25.8,30,43.9,312,70.2,79,70.0,119,16.4,81,17.6,254,99.4,276,95.2,318,99.8,83,98.4,49,76.2,259,-1.5,273,-0.7,244,-0.8,269,-0.5,225,-1.4,308,+0.5,140,1.90,69,30.3,241,48.6,180,2016,0.48845585167609445,15,17,0.46875,32
104,Iona,MAAC,22-11,+7.13,110.5,84,103.4,145,71.9,33,-.005,190,-1.78,194,103.7,207,105.5,174,+5.71,29,13,MAAC,71.9,33,110.5,84,53.8,33,17.6,133,29.2,188,32.4,279,103.4,145,48.8,110,19.2,100,31.0,236,36.3,159,71.9,33,72.5,37,15.7,32,17.2,159,110.5,84,109.6,62,103.4,145,101.6,115,76.6,196,-0.1,172,-0.6,236,+0.5,106,+0.4,118,+0.8,80,-2.1,321,1.70,113,29.6,255,39.7,253,2016,0.6821611500505739,22,11,0.6666666666666666,33
23,Iowa,B10,22-11,+20.24,116.1,25,95.9,30,68.8,131,-.071,327,+9.12,30,110.2,26,101.1,49,+1.28,132,7,B10,68.8,131,116.1,25,51.3,108,14.8,11,31.9,98,33.0,270,95.9,30,48.0,81,18.8,127,31.3,258,25.0,7,68.8,131,69.1,169,16.1,57,18.3,329,116.1,25,111.5,35,95.9,30,100.0,87,78.5,16,+4.4,13,+2.5,13,+1.8,20,+1.7,28,+0.8,84,+1.6,50,2.00,51,28.9,271,63.2,74,2016,0.9000857688790634,22,11,0.6666666666666666,33
20,Iowa St.,B12,23-12,+20.95,121.2,7,100.3,91,71.2,49,-.062,318,+12.05,5,110.2,28,98.1,1,+2.54,92,4,B12,71.2,49,121.2,7,57.1,5,15.7,30,26.2,281,26.1,349,100.3,91,49.8,167,16.8,258,30.1,192,24.9,6,71.2,49,71.6,62,15.4,18,18.1,314,121.2,7,113.2,21,100.3,91,104.0,171,77.5,84,+0.0,165,-0.3,198,+0.3,128,-0.2,185,+0.9,69,+2.6,9,2.45,14,19.0,348,60.8,93,2016,0.898135582856268,23,12,0.6571428571428571,35
240,Jackson St.,SWAC,20-16,-6.53,95.7,318,102.3,123,67.3,219,-.004,184,-8.92,334,99.0,341,108.0,290,+2.15,102,,SWAC,67.3,219,95.7,318,45.7,318,17.8,152,32.3,84,30.4,323,102.3,123,45.5,22,20.7,38,28.4,112,48.1,340,67.3,219,67.9,232,17.7,211,17.6,245,95.7,318,97.3,294,102.3,123,95.7,24,75.9,292,-3.0,332,-1.2,293,-1.9,336,-0.8,252,+0.8,79,-1.4,287,1.34,222,30.0,251,53.5,144,2016,0.3171390768015402,20,16,0.5555555555555556,36
271,Jacksonville,ASun,16-16,-9.90,100.2,256,110.1,272,70.4,63,+.050,59,-6.35,297,103.0,244,109.3,343,-3.51,266,,ASun,70.4,63,100.2,256,49.7,185,15.4,25,27.0,260,31.4,303,110.1,272,53.6,322,17.4,218,26.1,39,33.5,98,70.4,63,72.0,52,16.0,43,17.2,172,100.2,256,103.0,192,110.1,272,107.5,260,76.5,220,-2.6,321,-2.0,344,-0.6,256,+1.0,68,+1.5,39,-1.5,298,1.37,210,31.5,213,63.7,71,2016,0.25283672074686825,16,16,0.5,32
296,Jacksonville St.,OVC,8-23,-12.58,98.3,290,110.9,288,64.9,317,-.067,321,-3.87,235,104.4,179,108.3,308,-3.98,276,,OVC,64.9,317,98.3,290,46.6,300,16.3,56,27.0,261,30.9,313,110.9,288,52.0,283,18.6,144,34.1,323,42.6,298,64.9,317,66.2,303,19.1,331,17.0,118,98.3,290,99.9,249,110.9,288,109.1,299,75.8,312,-3.6,343,-1.8,339,-1.8,332,-1.1,297,-0.4,232,+0.0,178,0.70,331,34.5,120,32.0,307,2016,0.19989416313602693,8,23,0.25806451612903225,31
91,James Madison,CAA,21-11,+8.50,108.1,114,99.6,77,66.8,244,-.043,282,-0.06,151,105.5,120,105.6,178,-3.33,263,,CAA,66.8,244,108.1,114,51.6,95,17.2,108,29.5,179,37.0,167,99.6,77,45.5,20,15.4,322,27.0,58,37.0,174,66.8,244,67.7,245,17.7,209,17.6,244,108.1,114,107.4,92,99.6,77,99.0,58,77.4,85,+0.2,153,-0.2,197,+0.5,113,+1.8,24,+0.6,103,+0.8,113,2.04,46,36.7,58,78.3,9,2016,0.719460570654297,21,11,0.65625,32
3,Kansas,B12,33-5,+29.67,120.0,10,90.4,3,69.0,123,+.044,75,+12.61,3,111.4,8,98.8,4,+3.62,66,1,B12,69.0,123,120.0,10,55.7,10,17.8,160,32.2,87,38.6,114,90.4,3,45.1,16,18.5,152,27.9,86,37.3,181,69.0,123,69.3,154,16.2,66,18.1,317,120.0,10,114.2,15,90.4,3,96.1,26,77.2,104,+1.6,70,+0.5,112,+1.2,56,+1.5,34,+0.1,166,-0.9,255,2.00,52,28.8,272,76.9,10,2016,0.962936184319126,33,5,0.868421052631579,38
55,Kansas St.,B12,17-16,+13.46,108.8,101,95.4,25,66.7,250,-.052,298,+10.42,16,110.7,15,100.3,21,-2.92,246,,B12,66.7,250,108.8,101,47.6,270,20.3,300,37.0,17,42.5,38,95.4,25,49.0,121,20.8,33,31.0,238,40.4,260,66.7,250,67.6,247,17.8,231,17.5,237,108.8,101,102.9,195,95.4,25,99.3,67,78.0,38,+3.0,32,+1.5,36,+1.5,37,+1.0,66,+0.6,97,+1.4,71,1.54,156,33.4,159,29.6,315,2016,0.8192799496624571,17,16,0.5151515151515151,33
261,Kennesaw St.,ASun,11-20,-8.57,101.6,224,110.2,275,68.6,139,-.026,245,-1.44,182,105.2,143,106.6,223,+6.60,21,,ASun,68.6,139,101.6,224,48.7,232,18.5,210,28.3,218,33.5,260,110.2,275,53.2,313,18.0,179,34.6,333,39.0,229,68.6,139,70.4,101,17.5,186,16.3,18,101.6,224,100.6,239,110.2,275,110.5,317,75.6,317,-1.3,259,-1.0,273,-0.3,220,+0.2,156,-1.3,305,-3.2,345,1.65,130,31.3,222,44.0,209,2016,0.28203013750649686,11,20,0.3548387096774194,31
179,Kent St.,MAC,19-13,-1.37,106.4,150,107.8,230,67.2,221,+.082,27,-1.91,195,104.4,175,106.3,207,-4.07,280,,MAC,67.2,221,106.4,150,49.0,214,17.5,130,34.1,46,40.0,91,107.8,230,51.0,227,16.8,260,28.0,92,35.1,129,67.2,221,67.9,230,17.5,192,17.6,257,106.4,150,106.4,116,107.8,230,106.5,234,76.5,202,+1.1,94,-0.1,170,+1.2,49,-0.1,176,-1.1,295,-1.1,271,1.93,63,33.3,163,37.8,267,2016,0.46248838199761777,19,13,0.59375,32
6,Kentucky,SEC,27-9,+25.14,121.8,5,96.6,39,67.4,214,-.046,288,+8.37,44,108.6,58,100.3,19,+3.19,75,4,SEC,67.4,214,121.8,5,53.5,40,16.2,49,37.5,12,37.8,142,96.6,39,44.5,7,18.0,184,31.9,278,40.8,266,67.4,214,68.3,211,17.7,219,17.3,195,121.8,5,115.6,8,96.6,39,98.7,53,76.7,176,+2.9,35,+1.2,48,+1.6,33,-0.3,207,+0.1,143,-3.0,340,0.77,323,29.0,270,22.0,335,2016,0.9349732114602034,27,9,0.75,36
287,LIU Brooklyn,NEC,16-15,-11.78,100.1,260,111.9,304,72.3,21,+.049,62,-11.43,351,98.2,349,109.6,346,-8.71,340,,NEC,72.3,21,100.1,260,47.9,260,18.4,198,32.1,90,41.4,64,111.9,304,50.9,222,19.7,75,31.1,242,38.0,197,72.3,21,73.0,25,15.7,26,17.0,115,100.1,260,103.1,190,111.9,304,104.3,179,76.0,280,-1.9,294,-1.7,329,-0.2,204,-1.4,327,-0.3,223,-0.1,192,1.58,146,26.1,311,59.1,101,2016,0.21729275636445539,16,15,0.5161290322580645,31
81,LSU,SEC,19-14,+9.56,111.9,60,102.3,124,72.3,22,+.022,116,+6.85,59,108.3,63,101.4,59,-3.11,256,,SEC,72.3,22,111.9,60,51.1,124,16.7,80,29.9,163,43.0,34,102.3,124,51.8,265,18.8,131,29.5,163,33.4,95,72.3,22,73.1,24,15.5,21,17.1,145,111.9,60,107.1,100,102.3,124,104.4,181,78.0,30,+3.5,20,+1.7,31,+1.8,22,+0.7,96,+1.1,54,+1.1,85,1.24,248,33.7,148,47.0,193,2016,0.737207245272546,19,14,0.5757575757575758,33
267,La Salle,A10,9-22,-9.34,99.2,279,108.5,243,66.3,261,+.036,89,+4.17,85,107.2,81,103.0,101,+0.15,165,,A10,66.3,261,99.2,279,47.7,267,18.8,232,24.9,311,30.9,316,108.5,243,53.3,316,19.1,106,34.3,326,34.9,123,66.3,261,66.8,288,17.4,182,18.3,332,99.2,279,95.0,320,108.5,243,111.3,328,76.4,231,-1.1,242,-0.3,200,-0.8,274,+0.3,128,+0.1,174,-1.1,269,1.46,179,16.5,349,46.7,196,2016,0.26297946122944793,9,22,0.2903225806451613,31
326,Lafayette,Pat,6-24,-16.42,99.6,271,116.0,340,69.4,107,-.034,265,-5.98,289,101.4,301,107.4,257,-3.02,252,,Pat,69.4,107,99.6,271,50.5,139,18.2,182,22.3,341,31.6,300,116.0,340,52.9,304,16.7,266,32.9,307,35.1,130,69.4,107,69.8,131,17.1,142,17.1,136,99.6,271,99.6,254,116.0,340,112.4,337,76.6,189,+0.6,126,+0.2,134,+0.4,115,+0.2,140,-0.9,273,-0.7,243,1.75,99,35.2,96,50.4,162,2016,0.14767898894489842,6,24,0.2,30
320,Lamar,Slnd,11-19,-15.48,97.3,305,112.8,314,72.0,31,-.085,335,-9.60,340,100.4,323,110.0,350,-8.32,337,,Slnd,72.0,31,97.3,305,47.5,275,20.5,311,33.3,57,42.7,36,112.8,314,52.0,275,19.4,91,32.0,284,46.8,334,72.0,31,73.2,22,16.3,70,16.4,27,97.3,305,100.1,245,112.8,314,107.8,264,74.9,346,-3.3,339,-1.2,290,-2.1,342,-2.8,351,-1.6,323,-1.4,295,0.80,320,44.9,5,46.3,198,2016,0.15447838834381783,11,19,0.36666666666666664,30
191,Lehigh,Pat,17-15,-2.71,104.9,170,107.6,224,67.8,185,-.004,183,-5.98,288,101.3,304,107.2,250,+6.57,22,,Pat,67.8,185,104.9,170,52.1,70,19.3,255,29.1,193,31.7,299,107.6,224,51.1,229,18.6,139,29.3,144,28.8,34,67.8,185,67.1,270,17.3,168,18.2,324,104.9,170,104.8,148,107.6,224,103.8,168,76.8,165,+1.7,69,+0.7,87,+1.0,74,-0.8,252,+0.2,141,-1.1,270,1.88,74,22.6,338,62.5,80,2016,0.42745286920616576,17,15,0.53125,32
292,Liberty,BSth,13-19,-12.11,98.7,286,110.8,286,63.2,345,+.077,32,-3.45,225,103.6,214,107.0,239,+2.21,100,,BSth,63.2,345,98.7,286,53.1,45,21.3,332,21.0,345,25.5,351,110.8,286,53.0,306,18.1,176,29.5,161,43.6,310,63.2,345,64.1,342,19.7,343,17.4,216,98.7,286,98.5,277,110.8,286,109.0,296,75.9,290,-2.5,313,-0.2,188,-2.4,347,-1.1,294,-0.4,226,-0.4,221,0.55,344,35.1,102,18.8,342,2016,0.2091790464904898,13,19,0.40625,32
274,Lipscomb,ASun,12-21,-10.14,101.5,233,111.6,297,72.8,17,+.006,164,-3.91,239,104.8,158,108.7,324,+0.82,145,,ASun,72.8,17,101.5,233,51.5,101,18.6,217,26.9,264,34.7,227,111.6,297,52.9,301,17.7,203,30.3,200,35.8,150,72.8,17,74.0,11,15.2,13,17.1,149,101.5,233,103.5,183,111.6,297,110.4,316,76.0,285,+1.6,73,+1.4,38,+0.2,137,-1.2,306,-1.9,328,-2.4,327,1.21,256,37.0,48,45.0,204,2016,0.2514458492234009,12,21,0.36363636363636365,33
107,Long Beach St.,BW,20-15,+6.64,108.5,104,101.9,119,70.2,80,+.063,41,+6.18,70,107.0,83,100.9,40,+14.67,1,6,BW,70.2,80,108.5,104,49.7,184,17.4,122,27.7,244,37.6,148,101.9,119,51.1,233,19.8,72,30.6,219,38.7,221,70.2,80,70.6,95,15.4,17,17.8,280,108.5,104,103.2,187,101.9,119,104.0,174,75.6,320,-2.5,312,-1.7,327,-0.8,274,+0.3,122,-0.7,259,-3.1,343,1.60,138,34.2,129,18.1,343,2016,0.672985589125222,20,15,0.5714285714285714,35
295,Longwood,BSth,10-23,-12.51,100.4,250,112.9,316,69.2,111,-.039,276,-4.76,261,103.4,221,108.2,303,-0.85,184,,BSth,69.2,111,100.4,250,50.7,135,20.5,313,29.6,174,34.3,240,112.9,316,54.1,334,17.3,227,28.1,98,36.4,162,69.2,111,69.8,132,17.7,210,16.5,38,100.4,250,102.0,210,112.9,316,111.0,325,75.3,329,-2.3,307,-1.0,282,-1.3,310,-1.5,331,-1.4,311,-1.9,315,1.33,226,29.9,253,41.3,237,2016,0.20596634999065663,10,23,0.30303030303030304,33
112,Louisiana Lafayette,SB,19-15,+5.96,111.0,73,105.1,180,70.3,75,-.089,337,-1.03,171,103.2,235,104.2,129,+5.12,35,,SB,70.3,75,111.0,73,48.8,224,17.5,128,37.7,11,42.2,46,105.1,180,49.9,174,16.5,273,26.4,48,35.5,138,70.3,75,70.8,85,17.1,145,16.8,82,111.0,73,109.2,68,105.1,180,102.7,142,77.0,130,+0.7,120,+1.2,54,-0.5,237,-0.4,210,+0.1,169,+0.5,146,1.91,65,33.1,168,78.5,8,2016,0.6520599065994819,19,15,0.5588235294117647,34
133,Louisiana Monroe,SB,20-14,+3.31,106.5,149,103.1,141,65.8,286,+.028,102,-0.14,153,104.4,178,104.5,138,+2.83,86,,SB,65.8,286,106.5,149,50.6,138,18.2,183,31.5,113,32.2,286,103.1,141,47.5,66,17.0,249,31.6,265,33.0,90,65.8,286,66.6,293,18.7,315,17.3,196,106.5,149,104.4,162,103.1,141,102.6,139,76.7,179,+1.9,56,+0.8,77,+1.1,61,+0.5,112,-1.6,321,-1.2,279,1.74,105,23.8,332,70.8,28,2016,0.592213711025734,20,14,0.5882352941176471,34
154,Louisiana Tech,CUSA,23-10,+0.87,104.6,174,103.7,153,71.7,37,+.047,67,-5.20,271,102.4,265,107.6,276,-2.88,243,,CUSA,71.7,37,104.6,174,51.3,109,16.9,96,28.8,199,43.0,33,103.7,153,49.2,127,19.0,111,29.0,131,34.1,109,71.7,37,72.8,30,15.9,37,17.0,110,104.6,174,106.3,120,103.7,153,100.4,93,78.0,37,-0.0,166,-0.7,243,+0.7,93,+0.8,89,+1.6,25,+3.6,1,1.27,238,29.6,256,41.2,239,2016,0.5248237037264357,23,10,0.696969696969697,33
7,Louisville,ACC,23-8,+24.68,113.4,42,88.8,2,66.1,268,-.025,242,+7.49,55,110.4,23,102.9,95,-7.40,331,,ACC,66.1,268,113.4,42,52.0,77,17.2,110,38.5,8,31.9,294,88.8,2,44.7,11,21.6,15,29.2,138,40.5,261,66.1,268,66.4,298,16.9,118,19.0,350,113.4,42,112.3,27,88.8,2,92.5,4,78.2,25,+4.3,14,+1.7,30,+2.6,3,+1.4,40,-0.2,216,+1.6,59,1.83,81,34.2,130,26.5,328,2016,0.943328841365774,23,8,0.7419354838709677,31
184,Loyola Chicago,MVC,15-17,-1.73,100.0,261,101.8,116,65.0,316,+.013,144,-0.32,156,102.5,262,102.8,94,-4.10,283,,MVC,65.0,316,100.0,261,48.3,246,18.9,237,22.5,338,32.5,278,101.8,116,49.6,157,22.2,10,30.5,213,36.4,160,65.0,316,65.3,328,18.0,246,18.4,337,100.0,261,96.2,306,101.8,116,99.0,59,76.3,248,-2.9,329,-1.3,305,-1.6,323,-0.9,281,+0.1,146,+1.3,72,1.84,80,35.6,84,73.7,16,2016,0.4488893812616116,15,17,0.46875,32
288,Loyola MD,Pat,9-21,-11.85,100.8,241,112.6,310,66.7,251,-.030,256,-5.42,273,102.0,287,107.4,254,+1.65,120,,Pat,66.7,251,100.8,241,47.7,263,18.9,239,31.4,118,38.4,123,112.6,310,52.0,281,17.0,247,30.6,220,40.9,269,66.7,251,67.4,255,18.8,319,16.6,53,100.8,241,101.1,230,112.6,310,108.8,288,76.7,183,+0.4,136,+0.3,124,+0.1,159,+0.6,105,-0.7,258,-0.8,249,1.96,55,32.6,179,75.3,13,2016,0.21872898620504452,9,21,0.3,30
218,Loyola Marymount,WCC,14-17,-5.21,103.7,186,108.9,254,67.5,202,+.076,34,+0.20,144,105.4,127,105.2,164,-3.07,255,,WCC,67.5,202,103.7,186,47.5,276,16.2,52,28.9,196,28.4,339,108.9,254,53.5,321,20.2,56,31.7,273,42.7,300,67.5,202,67.9,229,17.9,238,17.1,142,103.7,186,101.8,217,108.9,254,108.9,291,76.9,143,+0.1,161,-0.4,216,+0.5,108,+1.3,41,+0.2,135,-0.9,259,0.63,338,38.8,26,26.4,329,2016,0.36292966297447604,14,17,0.45161290322580644,31
336,Maine,AE,8-22,-18.23,96.3,314,114.5,331,76.8,4,+.030,98,-6.87,309,100.8,314,107.7,278,-6.49,318,,AE,76.8,4,96.3,314,49.2,208,20.8,320,27.9,237,32.0,290,114.5,331,55.5,344,21.0,28,32.3,291,38.0,194,76.8,4,77.8,3,14.1,5,16.5,40,96.3,314,96.3,305,114.5,331,110.3,315,75.5,326,-1.9,291,-1.6,324,-0.3,212,-0.6,233,-2.9,349,-1.1,266,1.35,219,45.8,3,57.0,113,2016,0.12018020343792042,8,22,0.26666666666666666,30
257,Manhattan,MAAC,13-18,-7.77,98.8,284,106.6,204,67.9,175,+.045,73,-3.44,224,103.0,245,106.4,214,-0.54,177,,MAAC,67.9,175,98.8,284,50.1,157,20.5,310,23.5,329,39.8,93,106.6,204,52.2,288,22.6,7,32.5,298,46.8,335,67.9,175,69.1,170,18.1,267,16.4,35,98.8,284,98.5,278,106.6,204,104.7,189,75.6,319,-1.1,245,-0.2,194,-0.9,286,-0.2,189,-3.2,350,-1.4,291,1.82,84,27.7,285,55.1,132,2016,0.29445633657038667,13,18,0.41935483870967744,31
307,Marist,MAAC,7-23,-13.97,102.0,218,116.0,341,68.1,163,-.042,281,-4.92,265,101.7,295,106.6,221,-6.27,314,,MAAC,68.1,163,102.0,218,49.4,192,17.3,113,24.3,322,35.9,196,116.0,341,53.6,324,16.9,257,32.0,280,36.6,164,68.1,163,69.0,171,17.7,221,16.9,96,102.0,218,101.8,218,116.0,341,112.3,336,76.9,138,-0.8,214,+0.0,161,-0.8,271,-0.0,170,-0.0,186,+1.6,50,1.03,284,32.7,175,33.2,300,2016,0.18556342089566116,7,23,0.23333333333333334,30
97,Marquette,BE,20-13,+7.91,108.0,116,100.1,88,70.1,83,+.055,53,+5.64,75,107.3,78,101.6,63,-9.07,342,,BE,70.1,83,108.0,116,52.0,76,20.0,292,28.1,229,40.5,82,100.1,88,48.7,107,19.1,108,30.7,225,28.0,25,70.1,83,72.4,40,16.2,65,16.9,101,108.0,116,103.7,182,100.1,88,101.0,103,78.0,32,+4.1,16,+2.0,23,+2.0,15,+0.5,106,+1.3,50,+0.4,151,0.86,314,29.5,258,42.6,219,2016,0.7054854457342989,20,13,0.6060606060606061,33
147,Marshall,CUSA,17-16,+1.84,111.0,75,109.1,260,77.3,3,-.018,228,-0.49,160,105.4,129,105.9,190,+4.28,53,,CUSA,77.3,3,111.0,75,54.2,26,16.4,66,26.6,273,31.2,307,109.1,260,52.3,290,17.1,242,30.9,233,35.9,153,77.3,3,77.6,4,13.9,3,17.0,125,111.0,75,110.0,53,109.1,260,108.5,284,76.7,168,-1.9,293,-0.7,247,-1.2,307,-0.9,279,+0.1,152,+2.5,17,0.99,292,28.0,283,32.6,304,2016,0.5494753317061085,17,16,0.5151515151515151,33
22,Maryland,B10,27-9,+20.25,116.2,24,95.9,32,67.4,213,+.016,129,+8.60,39,109.2,45,100.6,30,-1.86,218,5,B10,67.4,213,116.2,24,55.2,13,18.9,233,29.2,187,36.9,170,95.9,32,46.5,32,16.4,279,29.8,180,27.0,15,67.4,213,67.1,272,17.7,213,17.9,291,116.2,24,111.9,31,95.9,32,99.5,76,78.9,4,+4.7,10,+2.4,19,+2.4,7,+3.4,1,+1.3,48,+1.4,67,2.12,35,26.7,305,53.0,151,2016,0.9009726581813355,27,9,0.75,36
318,Maryland Eastern Shore,MEAC,10-22,-15.28,98.5,289,113.8,325,67.2,222,-.009,202,-6.74,305,101.0,310,107.7,281,+8.95,12,,MEAC,67.2,222,98.5,289,49.2,209,23.0,348,31.4,114,37.3,159,113.8,325,53.0,307,18.8,128,29.7,171,49.5,346,67.2,222,67.6,249,18.4,292,17.0,113,98.5,289,97.6,293,113.8,325,109.2,300,76.1,268,-1.5,272,-1.0,277,-0.5,238,-0.2,193,+0.0,182,-1.6,301,0.76,325,36.2,64,41.4,235,2016,0.1597031160939187,10,22,0.3125,32
167,Massachusetts,A10,14-18,-0.29,102.8,204,103.1,140,70.8,57,+.008,158,+3.00,97,106.4,96,103.4,110,-2.99,250,,A10,70.8,57,102.8,204,49.1,211,17.5,131,25.9,289,36.5,183,103.1,140,48.3,91,17.1,244,30.4,209,40.2,257,70.8,57,71.7,57,16.6,93,16.7,57,102.8,204,100.5,241,103.1,140,104.0,173,76.9,133,+1.8,60,+0.7,90,+1.1,64,+0.6,101,-1.1,299,-0.4,222,1.75,98,32.0,201,53.3,147,2016,0.49162292469609675,14,18,0.4375,32
327,McNeese St.,Slnd,9-20,-16.44,97.8,302,114.3,328,68.0,174,+.012,149,-7.59,321,101.9,289,109.5,344,+13.75,2,,Slnd,68.0,174,97.8,302,46.7,298,17.7,149,28.1,227,36.2,186,114.3,328,52.3,291,16.1,287,33.0,308,37.7,188,68.0,174,70.6,92,17.2,156,16.7,58,97.8,302,99.2,263,114.3,328,110.8,320,76.0,283,-1.2,249,-1.3,306,+0.2,138,-0.7,244,-1.1,296,-0.8,253,1.21,257,32.6,178,36.7,281,2016,0.1427208551481093,9,20,0.3103448275862069,29
75,Memphis,Amer,19-15,+10.10,107.5,124,97.4,47,73.4,12,-.098,341,+2.01,110,104.3,186,102.3,80,-6.79,322,,Amer,73.4,12,107.5,124,46.1,306,16.5,67,32.6,75,41.9,49,97.4,47,44.9,15,18.9,116,29.5,154,38.4,203,73.4,12,73.6,18,14.9,9,17.7,270,107.5,124,103.3,186,97.4,47,94.9,15,77.5,78,+1.9,55,+0.4,116,+1.5,36,+0.9,71,-0.5,235,+1.3,74,1.79,90,32.2,195,47.2,191,2016,0.756694789909071,19,15,0.5588235294117647,34
182,Mercer,SC,19-15,-1.67,105.8,160,107.5,220,63.4,341,-.025,244,-4.03,242,103.5,216,107.5,267,-2.24,229,,SC,63.4,341,105.8,160,49.8,176,19.2,253,36.7,21,32.3,280,107.5,220,48.9,115,16.2,284,27.4,68,32.9,86,63.4,341,65.2,329,19.2,333,17.5,230,105.8,160,106.9,103,107.5,220,104.4,180,76.9,139,+0.1,159,+0.3,122,-0.2,203,+0.4,116,-0.4,231,+0.6,126,0.75,327,35.2,97,38.1,262,2016,0.4542994614808122,19,15,0.5588235294117647,34
15,Miami FL,ACC,27-8,+22.44,119.4,11,96.9,42,65.9,284,+.077,33,+11.67,6,111.6,5,99.9,11,+2.63,90,3,ACC,65.9,284,119.4,11,54.2,23,16.5,69,30.1,158,40.7,77,96.9,42,48.3,92,17.4,216,29.5,154,29.1,36,65.9,284,66.1,310,18.0,249,18.0,304,119.4,11,113.4,20,96.9,42,102.2,131,77.7,63,+3.3,29,+2.4,16,+0.8,81,+0.8,83,+1.4,45,-0.7,242,2.42,16,28.8,273,69.2,36,2016,0.916918485214245,27,8,0.7714285714285715,35
247,Miami OH,MAC,13-20,-7.25,97.4,304,104.7,174,64.3,331,+.046,69,-0.62,163,104.8,155,105.4,172,-3.98,274,,MAC,64.3,331,97.4,304,45.3,324,18.5,202,27.9,239,36.1,192,104.7,174,51.2,236,20.8,34,31.2,246,38.6,215,64.3,331,65.5,324,18.9,325,17.5,229,97.4,304,96.2,307,104.7,174,104.8,192,76.4,232,-0.1,170,+0.0,162,-0.1,175,-0.2,186,+0.0,180,-1.7,309,1.85,75,41.1,11,65.8,57,2016,0.30340440830174165,13,20,0.3939393939393939,33
50,Michigan,B10,23-13,+14.15,114.6,30,100.5,92,65.8,289,+.013,146,+8.96,35,110.1,29,101.1,48,-2.15,226,11,B10,65.8,289,114.6,30,54.5,20,14.5,8,24.8,314,27.8,343,100.5,92,51.4,248,17.9,188,26.4,47,27.0,17,65.8,289,65.8,320,18.6,308,17.7,272,114.6,30,112.0,30,100.5,92,103.1,150,77.9,49,+1.4,83,+0.3,127,+1.1,62,+1.4,39,+1.9,16,+0.9,95,1.53,158,30.3,242,63.5,73,2016,0.8190368834417978,23,13,0.6388888888888888,36
5,Michigan St.,B10,29-6,+27.97,123.4,2,95.5,26,66.5,254,-.012,210,+7.19,57,107.5,73,100.3,22,+0.40,157,2,B10,66.5,254,123.4,2,56.3,7,17.6,134,37.1,16,30.0,328,95.5,26,43.3,3,14.2,343,24.3,8,34.1,111,66.5,254,66.9,279,17.0,135,18.6,344,123.4,2,118.2,3,95.5,26,95.0,16,77.2,110,+0.3,147,+0.5,113,-0.2,199,+0.2,154,+0.8,82,+0.8,110,2.06,43,40.6,16,60.9,92,2016,0.9501454795463906,29,6,0.8285714285714286,35
119,Middle Tennessee,CUSA,25-10,+4.76,104.6,173,99.9,85,67.6,200,+.088,21,-0.58,162,105.5,119,106.1,201,+2.11,104,15,CUSA,67.6,200,104.6,173,51.7,90,17.1,102,28.7,203,34.9,220,99.9,85,49.4,139,19.4,89,25.7,29,42.4,293,67.6,200,68.9,176,17.5,195,17.1,133,104.6,173,104.3,163,99.9,85,99.8,83,76.7,178,-1.2,253,-1.0,280,-0.2,196,+0.8,80,-0.0,188,-0.0,185,1.35,217,32.6,183,64.7,66,2016,0.6291797303172342,25,10,0.7142857142857143,35
114,Milwaukee,Horz,20-13,+5.20,112.5,52,107.3,217,65.9,280,-.077,331,-2.01,198,104.1,194,106.1,199,-0.91,188,,Horz,65.9,280,112.5,52,52.8,50,15.8,34,27.1,257,38.3,128,107.3,217,51.4,244,15.6,318,25.6,26,29.6,39,65.9,280,67.9,231,18.8,321,16.4,26,112.5,52,112.3,28,107.3,217,105.0,200,76.3,242,+0.2,149,+0.2,131,+0.0,165,+0.0,168,+0.4,122,-2.8,336,1.82,87,25.2,320,56.9,114,2016,0.6327964727939004,20,13,0.6060606060606061,33
192,Minnesota,B10,8-23,-2.77,101.5,230,104.3,163,68.4,147,-.061,316,+6.13,72,108.7,52,102.6,92,-1.91,222,,B10,68.4,147,101.5,230,45.9,309,16.5,68,26.6,272,37.1,163,104.3,163,51.6,260,17.8,192,29.2,137,34.1,112,68.4,147,68.5,202,17.3,161,17.5,238,101.5,230,98.1,287,104.3,163,107.2,250,77.9,44,+2.9,33,+1.2,53,+1.8,27,+0.9,72,+1.0,62,+0.8,103,1.15,268,37.5,41,47.3,189,2016,0.4223961877593254,8,23,0.25806451612903225,31
77,Mississippi,SEC,20-12,+9.88,111.9,61,102.0,121,68.5,144,+.022,117,+4.44,82,105.9,110,101.4,58,-3.59,267,,SEC,68.5,144,111.9,61,48.1,247,17.1,103,34.6,39,41.3,66,102.0,121,49.7,164,20.1,59,31.1,241,40.7,264,68.5,144,70.0,118,16.5,87,17.4,210,111.9,61,106.6,110,102.0,121,102.3,135,77.0,123,+1.8,58,+0.0,148,+1.8,24,+0.8,90,+0.4,124,-1.7,307,1.82,86,31.7,209,40.9,241,2016,0.7436977372674739,20,12,0.625,32
78,Mississippi St.,SEC,14-17,+9.62,110.1,91,100.5,93,69.3,108,-.120,349,+5.66,74,108.0,65,102.4,86,-4.51,292,,SEC,69.3,108,110.1,91,51.7,92,18.0,169,29.7,169,29.5,333,100.5,93,48.9,116,18.5,151,32.9,305,36.3,158,69.3,108,70.2,106,16.7,102,17.3,190,110.1,91,106.4,114,100.5,93,102.9,147,76.6,195,-0.2,179,+0.1,143,-0.3,205,-0.7,238,+0.1,146,-0.2,213,2.08,38,31.4,218,56.4,120,2016,0.7406135897542022,14,17,0.45161290322580644,31
341,Mississippi Valley St.,SWAC,8-27,-19.33,91.5,341,110.8,285,71.2,52,-.001,176,-6.55,304,99.9,332,106.4,215,+4.99,37,,SWAC,71.2,52,91.5,341,43.0,347,18.5,209,27.1,258,31.3,305,110.8,285,51.0,228,19.4,90,34.6,331,35.2,133,71.2,52,71.4,66,16.7,99,16.6,47,91.5,341,90.3,341,110.8,285,106.2,230,75.3,332,-6.4,351,-3.6,351,-2.8,351,-0.8,259,+0.1,171,-0.2,201,0.58,341,45.0,4,32.7,303,2016,0.0996643387452062,8,27,0.22857142857142856,35
159,Missouri,SEC,10-21,+0.20,104.7,172,104.5,169,68.0,173,-.088,336,+6.90,58,108.0,66,101.1,44,-2.01,224,,SEC,68.0,173,104.7,172,47.2,283,18.0,171,26.8,267,39.6,96,104.5,169,49.0,119,16.0,295,29.8,175,40.8,265,68.0,173,69.2,161,17.0,140,17.3,180,104.7,172,99.2,264,104.5,169,105.4,212,76.2,254,+0.3,146,+0.0,158,+0.3,126,-0.2,188,-1.6,320,-1.1,272,0.91,305,40.7,14,41.9,229,2016,0.5054969121299513,10,21,0.3225806451612903,31
224,Missouri St.,MVC,13-19,-5.38,100.4,251,105.8,187,68.9,125,+.060,44,+1.99,111,104.3,183,102.3,83,+2.12,103,,MVC,68.9,125,100.4,251,46.1,307,18.6,212,28.0,235,39.3,102,105.8,187,51.5,252,17.6,209,28.1,93,34.1,113,68.9,125,68.9,175,17.0,138,17.6,249,100.4,251,96.3,302,105.8,187,105.1,201,75.9,298,-2.1,298,-1.2,291,-0.9,290,-0.3,199,-0.3,218,-1.9,313,1.00,291,32.9,173,41.3,238,2016,0.3537798084511718,13,19,0.40625,32
95,Monmouth,MAAC,28-8,+8.10,107.3,130,99.2,69,73.0,15,+.021,120,-2.03,199,103.7,208,105.7,182,+6.06,27,1,MAAC,73.0,15,107.3,130,49.9,172,16.5,73,28.6,207,38.4,121,99.2,69,46.1,26,20.1,60,30.8,229,37.2,178,73.0,15,73.9,14,14.7,8,17.6,262,107.3,130,106.7,105,99.2,69,96.8,32,75.8,301,+0.5,133,+0.6,96,-0.1,180,-0.6,231,-1.0,292,-3.5,347,1.83,82,37.4,43,57.2,110,2016,0.7114921946095304,28,8,0.7777777777777778,36
143,Montana,BSky,21-12,+2.28,106.9,143,104.6,173,65.4,301,+.005,165,-4.78,262,102.7,252,107.5,261,+9.77,10,,BSky,65.4,301,106.9,143,53.4,43,18.3,194,28.4,217,36.8,175,104.6,173,49.5,149,18.7,135,24.9,13,45.3,326,65.4,301,67.0,276,18.5,302,17.0,119,106.9,143,107.5,91,104.6,173,101.7,119,75.9,288,-0.7,213,-0.8,257,+0.1,158,-0.4,211,-1.0,293,-2.0,317,1.01,285,29.4,259,47.7,186,2016,0.5622080214519904,21,12,0.6363636363636364,33
246,Montana St.,BSky,14-17,-7.20,106.5,148,113.7,324,68.5,142,-.024,240,-5.34,272,102.2,274,107.6,271,+2.90,84,,BSky,68.5,142,106.5,148,50.8,130,17.3,116,33.0,64,30.7,319,113.7,324,53.9,329,16.9,256,27.5,72,46.3,329,68.5,142,70.1,110,17.8,228,16.1,6,106.5,148,108.1,85,113.7,324,110.3,314,76.2,261,-0.7,208,+0.1,145,-0.7,265,-0.8,269,-0.1,196,-1.4,289,1.34,223,33.8,145,41.6,233,2016,0.3203177844407269,14,17,0.45161290322580644,31
126,Morehead St.,OVC,23-14,+3.78,106.6,145,102.8,133,65.7,295,-.006,191,-1.06,173,105.4,132,106.4,217,+3.12,78,,OVC,65.7,295,106.6,145,48.0,251,18.6,214,38.7,7,35.3,209,102.8,133,50.6,202,21.4,19,29.0,133,53.7,349,65.7,295,67.1,269,18.3,281,17.1,141,106.6,145,106.7,107,102.8,133,102.5,138,76.2,255,-2.6,320,-1.6,325,-1.0,296,-1.1,296,+0.1,152,+0.9,99,1.38,208,38.7,29,41.8,230,2016,0.602867826902501,23,14,0.6216216216216216,37
304,Morgan St.,MEAC,9-22,-13.58,94.9,323,108.5,242,69.1,116,-.114,347,-8.48,331,99.9,331,108.4,313,+3.11,80,,MEAC,69.1,116,94.9,323,44.0,343,16.7,81,30.4,150,35.8,197,108.5,242,50.7,204,20.8,36,33.9,319,38.5,212,69.1,116,69.1,165,16.4,74,18.1,318,94.9,323,96.5,299,108.5,242,103.6,161,75.8,308,-2.7,322,-2.0,345,-0.7,260,-0.4,219,-1.1,297,-0.8,254,1.32,228,33.7,146,42.8,216,2016,0.17651283436232695,9,22,0.2903225806451613,31
263,Mount St. Mary's,NEC,14-19,-8.78,93.7,330,102.4,127,68.5,145,-.032,259,-8.20,330,100.3,324,108.5,319,+2.40,97,,NEC,68.5,145,93.7,330,45.8,315,17.2,111,25.3,300,30.6,321,102.4,127,50.2,190,24.6,3,33.7,317,40.4,259,68.5,145,69.8,129,16.9,127,17.2,173,93.7,330,95.4,316,102.4,127,98.0,46,74.9,348,+0.7,118,+0.9,73,-0.2,198,-2.6,349,-2.1,340,-5.4,351,1.70,116,35.8,78,69.9,34,2016,0.2648194156617941,14,19,0.42424242424242425,33
163,Murray St.,OVC,17-14,-0.10,106.3,154,106.4,201,64.3,329,-.041,280,-3.21,220,103.5,217,106.7,226,+3.78,62,,OVC,64.3,329,106.3,154,51.6,96,17.8,156,28.7,202,34.1,241,106.4,201,52.2,289,19.2,96,26.2,40,40.8,267,64.3,329,64.8,337,18.5,294,18.3,334,106.3,154,106.7,106,106.4,201,103.9,170,75.5,322,-3.6,344,-1.7,328,-2.0,340,-1.1,291,-0.5,239,-0.9,260,1.77,94,22.2,342,32.8,302,2016,0.49729668810718497,17,14,0.5483870967741935,31
74,N.C. State,ACC,16-17,+10.44,114.1,33,103.7,152,67.7,195,-.037,271,+8.75,38,110.6,17,101.8,71,-1.96,223,,ACC,67.7,195,114.1,33,48.5,237,16.1,46,36.3,24,38.9,109,103.7,152,50.6,201,15.0,331,30.4,207,29.7,40,67.7,195,68.4,206,18.5,298,16.4,33,114.1,33,109.1,70,103.7,152,108.2,277,78.6,9,+1.0,99,+0.0,151,+1.0,68,+2.2,10,+4.1,1,+1.8,42,1.43,189,22.3,341,55.4,129,2016,0.7500897717716151,16,17,0.48484848484848486,33
202,NJIT,ASun,20-15,-3.61,102.3,213,105.9,192,69.0,122,+.048,66,-5.59,278,103.6,213,109.2,340,-1.42,204,,ASun,69.0,122,102.3,213,51.8,86,18.2,189,26.8,265,33.7,254,105.9,192,51.3,242,19.2,102,31.1,243,35.7,145,69.0,122,70.6,93,16.9,119,17.0,122,102.3,213,105.0,146,105.9,192,104.5,185,75.6,318,-3.5,340,-1.6,323,-1.9,337,-0.8,259,-0.1,197,-1.3,284,2.23,26,33.1,167,68.8,38,2016,0.4018568523861307,20,15,0.5714285714285714,35
204,Navy,Pat,19-14,-3.68,99.4,277,103.1,139,64.9,319,-.006,194,-7.48,319,101.7,294,109.2,336,-4.04,278,,Pat,64.9,319,99.4,277,49.5,190,19.9,286,32.7,73,42.9,35,103.1,139,48.8,113,20.2,54,27.2,63,39.4,235,64.9,319,65.1,330,18.2,269,18.3,328,99.4,277,101.9,215,103.1,139,98.6,52,76.0,287,-0.6,200,-0.1,173,-0.5,235,-0.8,275,-0.5,238,-2.1,320,1.66,126,36.3,62,58.6,104,2016,0.3964464749191436,19,14,0.5757575757575758,33
85,Nebraska,B10,16-18,+8.82,110.4,86,101.6,113,67.1,231,-.097,340,+5.74,73,107.4,74,101.6,64,-6.80,323,,B10,67.1,231,110.4,86,50.3,150,17.4,119,31.8,104,32.6,277,101.6,113,50.1,184,19.7,76,28.1,97,39.7,241,67.1,231,67.2,261,17.1,146,18.3,330,110.4,86,106.5,112,101.6,113,102.2,133,76.7,180,-0.2,180,-0.5,230,+0.3,127,+2.1,16,-0.0,184,-2.3,323,1.56,150,33.1,166,37.7,268,2016,0.7221729559551454,16,18,0.47058823529411764,34
148,Nebraska Omaha,Sum,18-14,+1.83,109.7,93,107.9,231,76.2,5,-.052,296,-0.98,170,105.1,146,106.1,202,-1.05,194,,Sum,76.2,5,109.7,93,51.9,78,16.7,77,28.1,230,42.6,37,107.9,231,53.1,309,20.3,51,31.6,266,38.5,209,76.2,5,76.5,6,14.2,6,17.1,143,109.7,93,109.2,69,107.9,231,106.7,241,75.7,316,-1.1,241,-0.8,255,-0.3,207,-1.7,338,-1.6,319,-1.3,282,1.23,251,30.1,249,53.3,148,2016,0.5474224536036297,18,14,0.5625,32
124,Nevada,MWC,24-14,+3.94,102.4,210,98.5,55,71.3,47,+.065,38,+1.25,127,105.9,112,104.6,139,-0.73,178,,MWC,71.3,47,102.4,210,45.5,320,17.6,137,30.7,139,43.2,29,98.5,55,46.1,27,17.3,228,30.3,203,39.6,238,71.3,47,71.8,56,16.5,89,16.7,65,102.4,210,100.8,236,98.5,55,99.0,57,77.1,118,-1.1,247,-0.7,240,-0.5,233,-0.4,209,+0.7,91,+2.4,20,1.33,224,26.5,307,55.7,127,2016,0.6098179133557611,24,14,0.631578947368421,38
235,New Hampshire,AE,20-13,-6.01,99.9,265,105.9,190,67.4,212,+.110,11,-7.00,312,101.0,309,108.0,291,-4.29,288,,AE,67.4,212,99.9,265,46.7,297,16.8,87,29.5,181,36.6,179,105.9,190,50.2,188,15.1,329,21.7,1,34.5,118,67.4,212,68.1,226,17.8,223,17.4,215,99.9,265,101.1,229,105.9,190,102.8,145,76.5,212,-1.0,231,-0.9,262,-0.1,184,-0.8,251,-0.1,192,+0.5,148,1.72,109,30.8,233,73.2,19,2016,0.33833026230538016,20,13,0.6060606060606061,33
115,New Mexico,MWC,17-15,+5.14,108.3,109,103.2,143,70.9,55,-.035,267,+1.77,118,104.7,160,102.9,99,+0.28,161,,MWC,70.9,55,108.3,109,52.0,73,21.0,325,30.5,146,43.9,17,103.2,143,48.5,100,17.0,252,28.6,118,37.1,176,70.9,55,72.2,47,16.5,88,16.8,71,108.3,109,105.1,144,103.2,143,101.3,107,78.3,18,+3.3,27,+2.4,18,+0.9,76,+1.3,43,+1.4,40,+1.6,55,0.94,301,27.6,288,37.1,276,2016,0.6352293838692193,17,15,0.53125,32
111,New Mexico St.,WAC,23-11,+6.13,103.3,196,97.2,44,65.3,302,-.014,215,-4.68,256,102.1,280,106.8,230,-1.40,201,7,WAC,65.3,302,103.3,196,50.2,154,20.2,299,36.0,25,36.9,171,97.2,44,44.8,13,16.2,285,25.1,16,28.4,31,65.3,302,66.6,291,18.7,309,17.2,168,103.3,196,104.1,173,97.2,44,94.0,8,78.3,24,+5.3,6,+3.3,7,+2.0,17,+1.4,37,+0.9,74,-0.2,207,0.91,304,29.9,252,39.6,254,2016,0.6681803765791314,23,11,0.6764705882352942,34
316,New Orleans,Slnd,10-20,-15.01,96.4,313,111.4,295,72.2,24,-.059,314,-7.66,323,101.0,311,108.6,322,+3.80,61,,Slnd,72.2,24,96.4,313,45.1,329,19.7,281,34.8,33,43.2,31,111.4,295,52.9,305,21.4,20,33.5,315,43.0,303,72.2,24,73.6,17,16.1,60,16.3,22,96.4,313,98.5,276,111.4,295,107.0,247,75.2,333,-2.5,316,-1.4,313,-1.2,303,-0.2,190,-1.6,322,-3.3,346,1.49,168,38.6,31,61.4,89,2016,0.15934054465489175,10,20,0.3333333333333333,30
308,Niagara,MAAC,7-25,-14.17,94.1,325,108.2,237,65.7,296,+.059,46,-3.76,232,103.3,229,107.1,244,-2.64,237,,MAAC,65.7,296,94.1,325,44.9,332,21.1,327,32.8,66,34.0,244,108.2,237,49.0,120,16.9,255,31.3,254,35.5,137,65.7,296,67.3,257,16.8,111,18.5,339,94.1,325,94.5,324,108.2,237,105.4,214,76.7,186,-1.0,234,-0.8,259,-0.2,190,-0.8,252,+0.7,92,+0.5,142,0.88,313,34.8,115,37.0,277,2016,0.16719089901978476,7,25,0.21875,32
331,Nicholls St.,Slnd,11-23,-16.75,92.2,335,108.9,255,68.4,152,+.015,137,-4.75,260,103.3,231,108.1,297,+11.46,4,,Slnd,68.4,152,92.2,335,47.1,287,22.0,343,25.0,306,40.4,84,108.9,255,50.8,209,18.2,170,34.5,328,39.7,244,68.4,152,71.0,80,17.5,191,16.1,8,92.2,335,92.4,332,108.9,255,108.0,270,76.7,177,+1.5,79,+2.6,10,-1.2,304,-0.8,259,-0.9,286,-0.1,191,1.37,209,35.8,79,47.5,188,2016,0.1284869111933781,11,23,0.3235294117647059,34
252,Norfolk St.,MEAC,17-17,-7.52,105.6,162,113.1,319,67.7,192,+.001,172,-6.92,310,100.2,327,107.1,245,+5.69,30,,MEAC,67.7,192,105.6,162,48.7,231,17.7,139,32.2,86,41.4,63,113.1,319,50.2,189,19.1,107,34.1,322,41.9,288,67.7,192,68.3,215,17.7,212,17.4,214,105.6,162,106.2,122,113.1,319,108.1,274,75.8,302,-3.1,335,-1.8,337,-1.3,312,-0.6,228,+0.4,120,-1.4,293,1.07,278,34.0,134,43.1,215,2016,0.31237029720672427,17,17,0.5,34
2,North Carolina,ACC,33-7,+29.82,124.4,1,94.6,21,70.5,60,-.055,305,+11.45,8,111.7,4,100.2,18,+3.13,77,1,ACC,70.5,60,124.4,1,52.6,54,15.4,21,40.7,3,32.3,285,94.6,21,48.1,84,18.2,167,29.9,182,30.4,51,70.5,60,70.1,115,15.5,19,18.6,345,124.4,1,118.3,2,94.6,21,100.4,94,77.8,59,+3.4,26,+1.2,50,+2.2,9,+2.3,7,-0.6,255,-0.1,198,1.97,54,33.9,142,75.7,12,2016,0.9588777439343972,33,7,0.825,40
339,North Carolina A&T,MEAC,10-22,-19.05,95.7,319,114.7,332,67.6,199,+.030,96,-10.32,345,98.3,348,108.6,320,-0.99,192,,MEAC,67.6,199,95.7,319,45.8,316,19.5,269,29.8,167,37.0,166,114.7,332,51.3,241,18.2,169,31.5,262,48.5,343,67.6,199,68.5,200,18.1,256,16.8,83,95.7,319,96.3,303,114.7,332,108.1,276,76.3,245,-1.2,250,-0.8,258,-0.3,218,-0.3,198,-0.6,250,-0.2,212,1.53,157,36.8,55,58.8,103,2016,0.11079266637966602,10,22,0.3125,32
302,North Carolina Central,MEAC,13-19,-13.35,98.3,293,111.6,298,65.9,281,-.076,330,-10.79,348,98.4,346,109.2,338,-0.07,168,,MEAC,65.9,281,98.3,293,47.7,262,20.3,303,33.9,48,38.7,111,111.6,298,50.0,178,18.5,150,31.1,244,37.9,193,65.9,281,67.1,271,18.2,271,17.3,192,98.3,293,100.1,247,111.6,298,104.4,182,75.9,293,-1.9,286,-1.4,314,-0.5,232,-0.6,230,-1.4,309,-0.6,239,1.24,250,33.6,149,29.8,313,2016,0.1885719999202361,13,19,0.40625,32
199,North Dakota,BSky,17-16,-3.35,99.6,269,103.0,135,71.6,39,-.053,301,-5.60,279,102.3,272,107.9,287,+1.28,133,,BSky,71.6,39,99.6,269,50.6,137,18.1,181,23.8,327,39.3,105,103.0,135,51.2,237,19.6,78,25.9,33,38.6,217,71.6,39,71.8,55,15.7,28,17.5,227,99.6,269,101.1,231,103.0,135,99.8,85,76.8,164,+0.2,155,+0.6,101,-0.4,226,-0.8,252,+0.5,109,+0.0,182,0.81,319,31.5,215,27.5,325,2016,0.40467613885489223,17,16,0.5151515151515151,33
145,North Dakota St.,Sum,20-13,+2.07,101.9,219,99.8,82,64.5,325,+.003,170,-1.76,193,105.2,144,106.9,235,-4.17,284,,Sum,64.5,325,101.9,219,49.9,173,16.3,53,25.6,295,33.9,246,99.8,82,47.7,69,16.9,254,26.2,41,31.8,69,64.5,325,65.8,317,19.0,329,17.2,169,101.9,219,102.7,200,99.8,82,99.1,62,76.9,140,-2.3,305,-1.4,317,-0.8,274,-0.1,178,+0.5,115,+2.6,9,1.63,133,31.3,219,68.1,42,2016,0.5595838247114698,20,13,0.6060606060606061,33
177,North Florida,ASun,22-12,-1.19,113.9,36,115.0,335,70.4,65,+.058,48,-5.15,269,102.3,268,107.5,263,+0.83,144,7,ASun,70.4,65,113.9,36,57.9,4,15.3,18,24.1,324,28.7,337,115.0,335,51.8,270,14.4,341,33.4,311,27.1,18,70.4,65,71.9,54,16.0,48,17.3,189,113.9,36,115.2,12,115.0,335,111.7,334,77.3,102,+1.0,102,-0.1,183,+1.2,49,+0.5,110,+0.3,128,+0.6,123,2.71,5,21.6,345,71.7,21,2016,0.4723957306889572,22,12,0.6470588235294118,34
289,North Texas,CUSA,12-20,-11.89,100.8,240,112.7,312,69.7,93,+.015,138,-4.41,253,103.0,241,107.5,260,-4.66,294,,CUSA,69.7,93,100.8,240,49.3,202,19.5,270,30.3,153,44.1,15,112.7,312,53.3,315,17.2,233,31.2,248,42.5,296,69.7,93,70.8,87,16.8,108,17.1,132,100.8,240,101.7,221,112.7,312,110.8,319,76.9,145,+1.0,100,+0.9,76,+0.2,142,-0.4,208,-0.9,272,+0.8,107,0.67,333,29.1,269,16.8,346,2016,0.21698948103728224,12,20,0.375,32
132,Northeastern,CAA,18-15,+3.38,107.0,136,103.7,149,65.2,311,+.016,130,+2.31,106,106.4,97,104.1,127,+2.17,101,,CAA,65.2,311,107.0,136,51.7,93,18.2,187,25.9,290,38.7,112,103.7,149,51.7,261,17.2,234,28.8,126,27.9,22,65.2,311,65.8,318,18.0,245,18.3,327,107.0,136,104.8,149,103.7,149,104.2,178,77.7,68,+0.8,112,+0.2,132,+0.6,98,+0.9,74,+1.4,41,+1.1,80,2.57,9,32.1,199,68.2,41,2016,0.5891027107112056,18,15,0.5454545454545454,33
343,Northern Arizona,BSky,5-25,-20.65,92.5,334,113.1,320,70.3,72,-.068,323,-2.34,205,104.9,153,107.3,251,+10.46,8,,BSky,70.3,72,92.5,334,45.2,325,18.1,176,22.3,340,36.1,189,113.1,320,56.2,346,17.5,211,29.6,166,34.3,114,70.3,72,71.1,79,17.0,134,16.7,55,92.5,334,92.3,334,113.1,320,114.3,344,76.2,260,-2.0,297,-1.3,302,-0.8,266,-0.2,192,+0.5,111,-1.2,274,0.95,299,28.5,278,29.8,314,2016,0.0901148845120517,5,25,0.16666666666666666,30
314,Northern Colorado,BSky,10-21,-14.65,103.3,195,118.0,348,68.3,155,+.024,113,-5.11,268,103.1,237,108.2,307,-0.94,189,,BSky,68.3,155,103.3,195,50.7,134,19.9,284,29.2,189,43.4,25,118.0,348,55.9,345,17.7,204,29.8,176,48.4,342,68.3,155,69.9,124,16.9,124,16.6,45,103.3,195,104.6,159,118.0,348,116.1,348,75.0,344,-0.2,178,+0.5,108,-0.7,261,-2.7,350,-1.5,313,-4.4,348,0.84,317,36.6,61,27.7,323,2016,0.1779873423876605,10,21,0.3225806451612903,31
165,Northern Illinois,MAC,21-13,-0.18,101.6,228,101.7,115,67.9,177,+.038,85,-1.53,187,104.4,181,105.9,192,-7.05,325,,MAC,67.9,177,101.6,228,47.8,261,18.5,205,32.1,95,41.7,54,101.7,115,49.0,123,19.9,65,27.7,78,41.3,278,67.9,177,68.5,198,16.8,105,18.1,313,101.6,228,101.4,226,101.7,115,100.3,91,76.5,204,+0.5,135,+0.8,80,-0.3,217,-0.5,224,-0.6,242,-0.6,238,1.44,186,37.9,38,47.5,187,2016,0.4971716974248512,21,13,0.6176470588235294,34
67,Northern Iowa,MVC,23-13,+11.13,109.6,94,98.5,56,62.9,346,+.013,148,+4.80,79,106.1,107,101.3,53,+7.57,17,11,MVC,62.9,346,109.6,94,53.1,44,15.2,16,17.7,351,34.0,245,98.5,56,48.8,109,18.5,149,27.4,69,24.8,5,62.9,346,63.9,345,19.2,336,18.0,306,109.6,94,105.7,128,98.5,56,98.8,55,76.8,155,-0.9,222,-0.2,190,-0.8,267,-0.1,181,+0.5,116,+0.7,116,2.14,33,24.3,326,53.5,145,2016,0.7734647443783423,23,13,0.6388888888888888,36
255,Northern Kentucky,Horz,9-21,-7.66,100.7,244,108.4,240,67.3,220,-.079,332,+0.04,149,105.3,141,105.2,165,+2.28,99,,Horz,67.3,220,100.7,244,50.3,151,19.7,277,26.5,274,31.2,306,108.4,240,50.2,191,16.1,293,29.5,158,42.6,297,67.3,220,69.3,156,17.8,227,16.6,50,100.7,244,99.3,260,108.4,240,108.2,281,76.4,227,-2.0,295,-1.5,320,-0.5,234,+0.7,91,-0.2,213,-0.4,220,1.51,163,37.8,40,45.7,199,2016,0.2999898221662856,9,21,0.3,30
68,Northwestern,B10,20-12,+11.04,111.1,71,100.1,87,63.7,338,-.002,178,+2.73,100,106.5,94,103.8,119,-11.07,349,,B10,63.7,338,111.1,71,52.5,57,15.8,31,30.5,144,28.4,338,100.1,87,46.5,34,16.4,278,28.3,104,35.0,127,63.7,338,64.4,341,18.4,283,18.7,347,111.1,71,109.8,59,100.1,87,100.4,96,78.0,34,+2.4,44,+1.4,42,+1.0,71,+0.9,77,+0.3,127,+2.6,9,2.09,37,31.1,225,67.4,47,2016,0.7683471294090162,20,12,0.625,32
330,Northwestern St.,Slnd,8-20,-16.62,101.6,227,118.2,349,73.8,8,-.053,299,-6.29,295,102.0,284,108.3,310,+13.07,3,,Slnd,73.8,8,101.6,227,50.2,153,19.5,266,27.3,253,35.2,212,118.2,349,55.1,343,18.6,137,38.6,350,36.1,157,73.8,8,75.1,7,15.8,34,16.1,4,101.6,227,102.0,212,118.2,349,115.4,347,76.0,286,-2.2,302,-0.6,233,-1.6,321,-1.4,325,-0.7,264,+0.3,159,1.40,199,32.8,174,62.1,83,2016,0.14926879421970976,8,20,0.2857142857142857,28
36,Notre Dame,ACC,24-12,+16.60,120.6,9,104.0,158,64.6,324,+.054,54,+10.75,12,111.3,9,100.5,29,-1.64,210,6,ACC,64.6,324,120.6,9,54.0,29,15.3,19,32.7,70,32.9,273,104.0,158,49.6,153,14.8,335,32.1,285,26.0,11,64.6,324,64.9,336,19.2,338,17.6,260,120.6,9,115.3,9,104.0,158,108.9,289,77.7,66,+1.8,59,+0.6,94,+1.1,60,+0.6,100,+1.6,28,+0.6,126,1.73,107,21.7,344,60.5,94,2016,0.8459282874204043,24,12,0.6666666666666666,36
79,Oakland,Horz,23-12,+9.60,116.3,23,106.7,208,73.8,9,-.058,312,-1.06,172,103.8,203,104.8,147,+1.52,124,,Horz,73.8,9,116.3,23,53.1,46,15.2,17,31.3,122,41.8,51,106.7,208,49.6,158,16.5,275,29.5,156,32.1,76,73.8,9,74.7,9,15.8,35,16.2,16,116.3,23,114.8,14,106.7,208,104.5,184,76.1,273,-0.1,169,-0.0,166,-0.0,170,+0.0,167,-0.4,227,-3.0,341,1.49,167,31.2,223,48.7,179,2016,0.729235416729594,23,12,0.6571428571428571,35
141,Ohio,MAC,23-12,+2.56,110.6,80,108.1,234,70.0,86,+.052,57,-1.95,197,103.4,226,105.3,167,-4.02,277,,MAC,70.0,86,110.6,80,54.2,25,16.9,97,24.9,307,37.4,155,108.1,234,49.6,155,14.5,339,25.8,31,33.5,103,70.0,86,70.4,100,16.9,132,16.9,102,110.6,80,109.8,60,108.1,234,105.5,218,78.2,28,+2.9,34,+0.9,71,+2.0,16,+2.5,4,+0.7,89,+0.8,109,1.03,283,24.9,321,31.2,308,2016,0.5653560921716213,23,12,0.6571428571428571,35
76,Ohio St.,B10,21-14,+10.00,107.0,138,97.0,43,67.5,203,+.049,65,+6.23,68,107.9,68,101.7,65,-3.41,264,3,B10,67.5,203,107.0,138,49.4,195,18.8,227,30.2,157,36.0,194,97.0,43,46.6,36,17.1,241,29.1,135,30.4,52,67.5,203,67.7,242,17.4,180,17.8,286,107.0,138,102.5,201,97.0,43,99.4,73,77.8,60,+1.5,78,+1.3,43,+0.2,142,+1.6,30,+1.6,30,+0.2,165,0.84,316,31.7,208,33.5,299,2016,0.7555352558731854,21,14,0.6,35
10,Oklahoma,B12,29-8,+23.78,117.9,16,94.1,17,69.8,88,+.082,29,+13.05,1,111.5,6,98.5,3,+2.70,87,2,B12,69.8,88,117.9,16,54.3,22,18.3,193,31.2,124,33.0,271,94.1,17,47.2,55,17.7,202,30.5,212,28.3,30,69.8,88,70.9,83,16.1,61,17.6,258,117.9,16,111.0,41,94.1,17,99.4,74,77.0,122,+1.1,92,+0.4,119,+0.7,87,-0.8,246,+1.0,64,-0.1,194,2.53,10,24.1,329,73.2,18,2016,0.9304100829147814,29,8,0.7837837837837838,37
98,Oklahoma St.,B12,12-20,+7.75,106.4,151,98.6,58,63.9,334,-.103,345,+9.11,31,109.4,42,100.3,20,-4.34,289,,B12,63.9,334,106.4,151,48.3,244,19.1,244,28.8,200,38.3,126,98.6,58,47.1,52,17.5,210,32.3,294,40.9,268,63.9,334,65.1,332,18.7,318,17.8,290,106.4,151,100.9,234,98.6,58,102.1,129,76.5,210,+0.6,130,+0.6,104,+0.0,162,+0.8,85,-1.0,294,-1.7,308,0.90,308,38.8,25,39.4,255,2016,0.7058981081103873,12,20,0.375,32
100,Old Dominion,CUSA,25-13,+7.52,107.0,137,99.5,76,61.1,350,-.032,260,-3.03,216,104.5,171,107.6,268,-0.86,185,,CUSA,61.1,350,107.0,137,47.9,258,14.4,6,36.6,22,31.0,311,99.5,76,45.5,19,17.2,232,27.1,60,35.8,148,61.1,350,62.8,347,19.8,345,18.1,319,107.0,137,108.6,76,99.5,76,97.6,41,76.7,171,-1.3,254,-1.4,315,+0.2,142,+0.3,124,-0.8,269,+1.6,63,2.27,24,32.4,189,56.1,122,2016,0.6975627568668414,25,13,0.6578947368421053,38
174,Oral Roberts,Sum,14-17,-0.99,107.6,121,108.6,249,68.8,130,+.025,108,+2.57,102,106.8,88,104.2,130,+6.81,19,,Sum,68.8,130,107.6,121,50.5,143,17.3,114,28.1,228,36.6,178,108.6,249,52.1,285,15.9,303,30.0,188,33.0,91,68.8,130,70.3,105,16.9,120,17.2,163,107.6,121,105.4,136,108.6,249,109.8,311,76.2,257,-1.5,271,-0.5,223,-1.0,299,-0.9,278,-0.1,195,-0.3,216,1.36,212,37.0,47,43.4,212,2016,0.4734291205891729,14,17,0.45161290322580644,31
12,Oregon,P12,31-7,+22.68,119.1,13,96.4,37,68.1,167,+.041,81,+9.06,33,109.0,47,100.0,13,+1.04,139,1,P12,68.1,167,119.1,13,52.3,60,16.1,45,34.1,47,40.3,87,96.4,37,48.9,117,20.2,58,30.6,215,32.0,75,68.1,167,69.3,152,16.7,104,17.9,298,119.1,13,112.9,23,96.4,37,99.3,72,78.2,29,+1.3,88,+0.8,82,+0.5,107,+1.7,25,+1.8,21,+2.0,32,1.19,259,26.1,313,57.7,107,2016,0.9192172217469882,31,7,0.8157894736842105,38
64,Oregon St.,P12,19-13,+11.65,110.7,77,99.1,66,67.1,229,+.043,78,+9.61,24,109.8,32,100.2,17,+0.46,155,7,P12,67.1,229,110.7,77,49.8,178,16.6,74,29.0,194,36.8,176,99.1,66,49.5,145,19.5,83,32.2,288,39.3,232,67.1,229,68.5,196,17.6,199,17.1,151,110.7,77,104.8,150,99.1,66,103.1,151,78.0,31,+3.4,24,+1.4,41,+2.0,14,+0.5,109,+0.4,121,+2.0,33,1.50,165,35.9,75,58.6,105,2016,0.7812534018069079,19,13,0.59375,32
227,Pacific,WCC,8-20,-5.63,100.6,245,106.3,199,66.5,256,-.006,193,+1.94,112,106.8,87,104.9,150,+2.42,95,,WCC,66.5,256,100.6,245,49.0,220,19.8,282,28.5,214,38.4,120,106.3,199,50.1,183,16.5,276,29.6,164,49.3,344,66.5,256,67.8,235,18.5,295,16.8,87,100.6,245,99.1,265,106.3,199,107.8,265,76.8,160,+0.3,144,+0.1,142,+0.2,132,-0.3,202,+0.1,164,-0.1,193,1.14,270,39.4,20,60.5,95,2016,0.34664944051747815,8,20,0.2857142857142857,28
253,Penn,Ivy,11-17,-7.56,100.1,259,107.7,226,67.8,190,-.025,243,-2.75,210,102.7,255,105.4,171,-6.12,310,,Ivy,67.8,190,100.1,259,49.0,218,19.4,259,27.9,240,31.9,292,107.7,226,49.8,171,16.7,267,30.5,211,33.5,101,67.8,190,68.3,213,18.2,270,16.8,91,100.1,259,98.7,274,107.7,226,104.8,193,76.5,215,+1.3,87,+1.1,58,+0.3,129,-1.1,301,-1.5,312,-0.2,203,1.25,245,36.1,70,52.3,155,2016,0.3012044741954876,11,17,0.39285714285714285,28
140,Penn St.,B10,16-16,+2.58,103.4,193,100.8,98,66.1,270,+.112,8,+6.56,64,108.9,49,102.3,81,-2.97,248,,B10,66.1,270,103.4,193,46.6,304,16.9,94,28.7,206,34.5,232,100.8,98,48.8,112,17.6,207,29.4,149,42.5,295,66.1,270,66.2,304,18.7,311,17.4,219,103.4,193,98.6,275,100.8,98,104.2,177,77.5,76,+1.9,57,+2.2,21,-0.3,219,+1.0,64,+0.2,139,+0.7,115,1.39,203,33.6,153,52.4,154,2016,0.5726976255991245,16,16,0.5,32
137,Pepperdine,WCC,18-14,+3.02,106.1,155,103.0,137,67.5,207,+.030,97,+1.33,125,107.1,82,105.8,184,+1.72,117,,WCC,67.5,207,106.1,155,49.0,216,16.0,43,30.3,154,41.1,69,103.0,137,49.8,170,16.1,288,29.8,177,31.4,63,67.5,207,68.1,223,17.5,190,17.5,226,106.1,155,105.5,133,103.0,137,104.7,191,76.4,233,-2.3,308,-1.5,321,-0.8,272,+0.7,97,+0.5,110,-0.8,251,2.23,25,27.2,297,71.7,23,2016,0.5844358819862806,18,14,0.5625,32
37,Pittsburgh,ACC,21-12,+16.60,114.9,28,98.3,53,65.3,303,-.011,206,+9.06,34,110.8,14,101.7,68,-7.02,324,10,ACC,65.3,303,114.9,28,51.1,126,17.5,126,36.9,18,36.1,191,98.3,53,50.0,182,16.9,253,27.5,74,32.4,81,65.3,303,66.1,313,18.1,268,18.1,311,114.9,28,111.6,34,98.3,53,102.4,137,78.6,10,+1.7,66,+0.0,151,+1.7,31,+2.2,10,+2.4,6,+2.7,5,2.58,8,35.9,74,66.4,52,2016,0.857470626282069,21,12,0.6363636363636364,33
206,Portland,WCC,12-20,-4.01,107.1,135,111.1,292,71.8,34,-.072,328,-0.81,168,104.7,161,105.5,176,-5.82,308,,WCC,71.8,34,107.1,135,49.9,169,16.8,88,30.7,134,31.4,304,111.1,292,52.4,292,18.4,156,34.2,324,41.4,279,71.8,34,72.3,44,15.7,29,17.4,207,107.1,135,106.0,123,111.1,292,109.9,313,76.6,191,+0.9,111,+1.3,46,-0.4,225,+0.1,166,-0.1,190,-1.8,311,1.45,181,38.7,28,48.7,178,2016,0.3961151049198262,12,20,0.375,32
260,Portland St.,BSky,13-18,-8.35,102.1,217,110.4,279,72.1,29,-.045,284,-6.15,292,102.3,273,108.4,315,-3.96,273,,BSky,72.1,29,102.1,217,51.3,114,17.4,118,28.7,204,33.9,247,110.4,279,53.3,317,19.1,105,30.7,227,32.8,85,72.1,29,72.9,27,16.0,44,16.8,92,102.1,217,104.1,172,110.4,279,107.2,252,76.1,271,-1.5,269,-1.3,303,-0.2,202,-0.8,273,-0.9,276,-0.2,208,1.16,267,32.5,186,20.5,339,2016,0.2892950630498247,13,18,0.41935483870967744,31
337,Prairie View A&M,SWAC,7-24,-18.57,89.0,344,107.6,225,68.7,135,+.008,157,-5.74,283,100.4,321,106.2,205,+7.95,15,,SWAC,68.7,135,89.0,344,41.8,350,21.8,339,30.7,136,36.4,184,107.6,225,50.7,205,23.4,4,36.3,347,47.4,337,68.7,135,68.9,179,17.9,239,16.6,52,89.0,344,87.7,348,107.6,225,102.9,148,75.3,330,-1.4,264,-0.5,229,-0.8,282,-1.5,332,-2.1,338,-2.2,322,0.51,346,35.4,93,28.7,320,2016,0.10133129110099996,7,24,0.22580645161290322,31
328,Presbyterian,BSth,11-20,-16.58,93.7,329,110.2,276,67.2,223,+.044,74,-5.17,270,103.5,219,108.7,323,-1.56,209,,BSth,67.2,223,93.7,329,47.3,280,21.0,323,26.0,287,34.8,224,110.2,276,52.5,296,18.9,120,31.3,259,38.8,224,67.2,223,68.3,217,18.1,258,17.0,111,93.7,329,94.7,323,110.2,276,107.4,255,75.1,343,-3.7,345,-1.9,341,-1.9,338,-0.8,259,-1.6,318,-2.4,325,1.34,220,41.0,12,55.2,130,2016,0.13408821479953384,11,20,0.3548387096774194,31
70,Princeton,Ivy,22-7,+10.63,112.3,56,101.7,114,68.6,138,+.036,90,-1.60,190,104.2,189,105.8,185,-1.32,199,6,Ivy,68.6,138,112.3,56,54.2,24,16.2,51,28.0,234,33.9,249,101.7,114,49.2,130,18.2,171,26.3,45,31.1,60,68.6,138,69.4,151,17.1,148,17.2,167,112.3,56,111.6,33,101.7,114,99.3,68,76.7,173,-1.1,246,+1.0,59,-2.2,343,-0.8,259,+0.7,93,+0.9,94,1.47,176,31.1,228,64.1,70,2016,0.7577136816180482,22,7,0.7586206896551724,29
44,Providence,BE,24-11,+14.49,110.0,92,95.5,28,68.4,150,+.062,42,+8.93,36,109.5,39,100.6,32,-3.13,259,9,BE,68.4,150,110.0,92,48.0,252,16.1,44,30.4,147,37.3,158,95.5,28,49.3,135,20.6,40,30.3,202,28.0,24,68.4,150,69.8,137,16.6,95,17.6,243,110.0,92,104.6,157,95.5,28,99.5,77,77.8,54,+1.0,101,-0.1,181,+1.2,49,+1.7,26,+1.5,37,+0.9,96,1.22,253,27.2,294,49.1,172,2016,0.8355621934066022,24,11,0.6857142857142857,35
9,Purdue,B10,26-9,+23.85,116.9,19,93.1,11,67.9,182,-.046,286,+7.43,56,109.1,46,101.7,66,-2.67,239,5,B10,67.9,182,116.9,19,53.6,38,17.7,141,34.9,31,35.4,206,93.1,11,44.3,5,13.7,348,23.4,3,28.1,26,67.9,182,67.9,233,16.9,122,18.2,322,116.9,19,113.7,17,93.1,11,95.1,19,78.6,14,+5.3,5,+3.5,5,+1.8,28,+2.0,18,+1.8,22,-0.2,204,1.77,95,38.4,32,65.7,58,2016,0.9320056249577789,26,9,0.7428571428571429,35
291,Quinnipiac,MAAC,9-21,-11.89,91.9,337,103.8,154,68.5,143,-.028,252,-5.55,276,102.2,277,107.7,282,-8.44,338,,MAAC,68.5,143,91.9,337,42.8,348,21.7,337,38.4,9,28.0,341,103.8,154,46.5,33,17.4,220,29.3,143,40.1,252,68.5,143,69.8,136,17.8,225,16.4,28,91.9,337,93.1,331,103.8,154,100.2,89,76.9,150,-0.1,175,+0.2,135,-0.3,216,-0.5,227,+0.5,113,+0.6,126,0.61,339,37.0,46,32.2,306,2016,0.197769013901449,9,21,0.3,30
222,Radford,BSth,16-15,-5.29,104.2,178,109.5,265,65.8,290,+.053,55,-3.36,223,103.0,243,106.3,208,+4.47,47,,BSth,65.8,290,104.2,178,50.2,152,19.3,256,34.4,43,29.0,335,109.5,265,51.3,243,17.0,250,30.1,193,34.3,115,65.8,290,66.9,283,18.3,282,17.2,157,104.2,178,104.2,170,109.5,265,106.5,236,75.2,338,-2.8,325,-1.2,298,-1.5,320,-1.2,305,-2.0,337,-2.0,316,1.80,89,35.6,85,48.9,175,2016,0.36111157926513837,16,15,0.5161290322580645,31
82,Rhode Island,A10,17-15,+9.37,108.4,106,99.0,65,64.4,328,-.115,348,+2.36,105,105.3,134,103.0,100,+0.33,159,,A10,64.4,328,108.4,106,50.4,145,17.5,129,30.6,140,37.6,149,99.0,65,47.6,67,18.8,126,26.3,46,39.6,239,64.4,328,65.1,331,19.2,339,17.4,220,108.4,106,105.8,127,99.0,65,98.3,48,76.3,250,-0.7,207,-0.8,254,+0.2,142,-1.2,313,-0.5,237,-0.0,186,1.72,111,26.5,309,42.6,218,2016,0.739456331218068,17,15,0.53125,32
272,Rice,CUSA,12-20,-10.12,105.7,161,115.8,339,69.7,89,+.022,119,-3.50,226,103.5,218,107.0,236,-1.50,207,,CUSA,69.7,89,105.7,161,51.2,118,17.9,161,26.7,269,41.5,60,115.8,339,56.2,347,18.4,154,32.2,286,36.7,167,69.7,89,71.2,77,15.8,33,17.8,284,105.7,161,105.9,126,115.8,339,114.2,343,75.9,295,-2.1,301,-0.5,219,-1.7,327,+0.2,144,+0.1,170,-2.6,329,1.45,182,22.9,337,38.0,265,2016,0.25932377076725605,12,20,0.375,32
99,Richmond,A10,16-16,+7.70,113.6,41,105.9,193,68.0,170,-.075,329,+4.31,83,106.8,89,102.4,88,+2.39,98,,A10,68.0,170,113.6,41,54.7,19,14.7,9,23.2,331,35.2,213,105.9,193,50.9,219,18.2,168,31.7,268,36.1,156,68.0,170,68.9,178,16.3,73,18.3,331,113.6,41,109.9,57,105.9,193,106.0,227,77.0,128,+1.0,106,-0.2,191,+1.2,49,+1.6,31,-0.2,215,-1.2,278,2.32,21,26.2,310,65.6,59,2016,0.6915050365509157,16,16,0.5,32
223,Rider,MAAC,13-20,-5.33,99.3,278,104.7,176,64.3,330,-.060,315,-3.86,234,102.1,278,106.0,198,-1.89,221,,MAAC,64.3,330,99.3,278,48.3,243,19.2,247,28.6,208,35.4,207,104.7,176,47.8,74,18.2,166,29.4,151,32.4,80,64.3,330,65.6,322,18.1,261,18.1,315,99.3,278,99.0,267,104.7,176,101.3,106,76.6,194,-1.7,279,-1.7,331,+0.0,164,-0.4,216,+1.1,55,+0.0,180,2.08,39,31.7,207,70.2,33,2016,0.3522951516263599,13,20,0.3939393939393939,33
303,Robert Morris,NEC,10-22,-13.36,91.8,339,105.2,183,67.8,188,-.033,263,-7.20,314,101.1,306,108.3,311,+1.69,119,,NEC,67.8,188,91.8,339,46.6,301,20.4,305,26.0,285,35.6,203,105.2,183,49.4,138,22.0,13,34.7,335,32.9,88,67.8,188,69.5,146,16.9,123,17.5,241,91.8,339,93.5,328,105.2,183,101.3,108,76.6,199,-1.1,244,-0.7,242,-0.4,229,+0.1,160,-0.1,194,+0.1,172,0.90,306,31.0,230,41.4,236,2016,0.17266069445733995,10,22,0.3125,32
279,Rutgers,B10,7-25,-10.63,97.5,303,108.1,236,70.4,68,-.036,269,+6.68,62,108.7,55,102.0,73,-4.08,281,,B10,70.4,68,97.5,303,45.8,312,18.9,236,25.3,299,34.5,229,108.1,236,52.0,282,16.1,290,35.9,345,29.7,41,70.4,68,71.4,70,16.7,103,16.7,62,97.5,303,93.4,329,108.1,236,112.5,338,76.5,207,-0.2,181,-0.1,186,-0.1,183,-1.3,322,-0.7,262,+1.0,87,1.09,275,35.5,86,40.4,248,2016,0.23382278650538915,7,25,0.21875,32
311,SIU Edwardsville,OVC,6-22,-14.46,95.2,321,109.6,267,66.1,267,+.015,133,-3.11,217,104.5,170,107.6,277,+1.55,122,,OVC,66.1,267,95.2,321,44.8,335,19.7,279,32.4,81,36.9,172,109.6,267,51.8,269,17.6,208,29.3,141,43.9,313,66.1,267,67.8,238,18.9,324,16.1,10,95.2,321,96.1,311,109.6,267,108.5,283,76.5,208,+0.7,124,+0.6,98,+0.0,161,-0.1,182,+1.1,55,-3.0,339,0.50,347,36.0,72,26.7,327,2016,0.16522411312097152,6,22,0.21428571428571427,28
16,SMU,Amer,25-5,+21.98,119.3,12,97.3,45,65.8,288,+.014,140,+3.37,93,105.5,121,102.2,77,-1.06,195,,Amer,65.8,288,119.3,12,55.3,12,18.8,225,41.2,2,33.8,251,97.3,45,46.6,39,18.3,160,28.5,115,30.4,50,65.8,288,66.1,312,17.7,217,18.5,338,119.3,12,117.1,6,97.3,45,96.2,28,76.9,148,-0.1,173,-0.4,215,+0.3,119,+0.8,87,+2.1,11,-2.3,324,2.35,20,25.8,317,53.0,150,2016,0.9124710616483965,25,5,0.8333333333333334,30
273,Sacramento St.,BSky,14-17,-10.13,98.8,285,108.9,256,68.5,146,+.049,64,-5.74,284,102.5,260,108.3,309,-3.90,272,,BSky,68.5,146,98.8,285,49.3,200,16.7,82,26.3,279,34.9,223,108.9,256,50.1,187,17.6,206,31.2,253,37.9,192,68.5,146,69.1,167,16.8,112,17.7,267,98.8,285,101.0,232,108.9,256,106.0,225,76.4,229,+0.5,132,+0.4,120,+0.2,142,-0.7,240,-1.0,290,-0.7,246,1.27,239,29.2,263,40.6,246,2016,0.24613690217121623,14,17,0.45161290322580644,31
300,Sacred Heart,NEC,12-18,-13.11,99.6,270,112.7,313,71.2,48,+.006,163,-9.39,337,99.4,335,108.8,327,+0.97,141,,NEC,71.2,48,99.6,270,48.4,240,20.2,298,33.4,56,38.7,110,112.7,313,51.1,230,18.0,178,32.4,296,39.4,236,71.2,48,72.2,46,16.3,71,16.8,86,99.6,270,101.5,223,112.7,313,107.1,249,76.1,274,-1.8,285,-1.3,310,-0.5,236,-1.0,288,-0.3,225,-0.2,210,1.35,215,30.3,244,41.2,240,2016,0.19450118917691778,12,18,0.4,30
43,Saint Joseph's,A10,28-8,+15.37,114.3,32,98.9,63,70.2,78,+.030,95,+4.66,80,107.0,85,102.3,82,+1.97,109,8,A10,70.2,78,114.3,32,51.2,119,14.3,4,28.3,222,37.4,154,98.9,63,48.1,87,16.1,289,25.8,32,25.0,8,70.2,78,70.2,107,16.5,86,17.7,273,114.3,32,109.9,55,98.9,63,99.6,79,77.0,126,-1.2,251,-1.1,287,-0.1,179,+1.2,51,+2.1,14,-1.0,262,1.81,88,28.6,276,68.6,39,2016,0.84080759933397,28,8,0.7777777777777778,36
226,Saint Louis,A10,11-21,-5.56,96.9,310,102.4,126,69.0,117,+.018,126,+2.28,107,106.1,106,103.8,120,-4.44,290,,A10,69.0,117,96.9,310,47.7,264,19.5,267,20.7,346,37.8,140,102.4,126,50.0,180,18.5,147,27.9,89,39.3,233,69.0,117,69.4,148,16.7,101,17.6,248,96.9,310,93.9,326,102.4,126,103.5,160,76.5,217,-2.0,296,-0.3,209,-1.6,325,-0.8,252,+0.7,87,+0.6,136,1.22,254,40.6,15,66.3,54,2016,0.3464042200599057,11,21,0.34375,32
34,Saint Mary's,WCC,29-6,+16.74,117.3,17,100.6,96,61.8,347,+.025,107,-1.09,174,104.0,197,105.1,158,-6.66,320,2,WCC,61.8,347,117.3,17,58.4,3,15.4,24,29.8,165,29.0,336,100.6,96,46.2,28,15.6,320,26.7,53,24.1,3,61.8,347,62.4,349,20.1,348,17.7,275,117.3,17,117.6,5,100.6,96,97.9,45,77.3,98,+2.5,40,+1.4,40,+1.2,47,+0.5,113,-0.9,273,+0.5,139,1.33,225,23.4,335,25.5,331,2016,0.853984308424087,29,6,0.8285714285714286,35
219,Saint Peter's,MAAC,14-16,-5.24,96.7,311,102.0,120,64.5,326,-.005,189,-5.01,267,102.6,257,107.6,269,-5.15,303,,MAAC,64.5,326,96.7,311,47.7,265,19.5,268,30.5,145,35.1,215,102.0,120,47.8,73,17.7,198,26.3,43,31.7,67,64.5,326,66.4,297,18.4,284,17.6,247,96.7,311,97.7,292,102.0,120,99.0,61,76.6,198,-1.1,237,-1.0,269,-0.1,176,-1.2,304,+0.1,152,+1.1,86,1.46,180,27.2,295,46.8,194,2016,0.3512308564423588,14,16,0.4666666666666667,30
213,Sam Houston St.,Slnd,18-16,-4.61,102.6,209,107.2,215,67.0,237,-.008,198,-6.84,307,101.5,297,108.3,312,+4.29,52,,Slnd,67.0,237,102.6,209,49.3,205,16.9,91,28.8,198,36.6,180,107.2,215,51.9,273,18.7,134,23.7,5,44.8,321,67.0,237,68.8,189,17.3,166,17.4,202,102.6,209,104.0,175,107.2,215,103.6,163,75.8,310,-2.3,306,-1.0,268,-1.3,313,-1.1,299,-1.3,304,-0.4,219,0.63,337,35.1,103,24.3,333,2016,0.37651410493020826,18,16,0.5294117647058824,34
221,Samford,SC,14-19,-5.28,103.0,202,108.2,238,67.9,176,-.056,309,-4.16,249,102.9,249,107.0,237,-3.14,260,,SC,67.9,176,103.0,202,49.9,167,19.5,271,29.6,175,43.9,18,108.2,238,51.5,255,20.9,32,32.2,289,43.7,311,67.9,176,68.8,187,17.8,232,16.8,80,103.0,202,102.9,194,108.2,238,105.4,215,76.4,225,-0.5,198,-0.4,214,-0.2,192,-0.3,200,-0.9,273,-0.1,196,1.01,289,31.7,210,48.8,177,2016,0.362067377754639,14,19,0.42424242424242425,33
269,San Diego,WCC,9-21,-9.77,93.9,327,103.7,151,66.1,272,-.012,208,+0.17,145,105.3,138,105.1,161,-2.65,238,,WCC,66.1,272,93.9,327,45.2,326,20.6,315,26.0,288,33.9,248,103.7,151,50.0,177,17.4,217,28.8,124,42.1,290,66.1,272,66.4,299,18.9,323,17.1,135,93.9,327,90.8,340,103.7,151,104.6,187,77.0,127,-1.1,243,-0.5,231,-0.6,244,+0.2,144,+1.5,38,+0.5,143,1.25,246,38.2,33,43.3,213,2016,0.24202215530918827,9,21,0.3,30
46,San Diego St.,MWC,28-10,+14.35,104.8,171,90.5,4,64.8,321,+.015,135,+3.56,89,106.7,91,103.1,103,+5.73,28,2,MWC,64.8,321,104.8,171,47.2,285,18.4,199,33.9,49,42.5,39,90.5,4,42.5,1,18.0,181,27.8,82,31.3,62,64.8,321,66.3,301,18.0,254,18.1,312,104.8,171,102.2,207,90.5,4,91.4,2,78.8,5,+3.3,28,+1.0,60,+2.2,8,+2.4,5,+1.5,36,+2.7,6,1.58,145,34.9,108,57.1,112,2016,0.8438417543107698,28,10,0.7368421052631579,38
205,San Francisco,WCC,15-15,-3.75,107.4,129,111.1,291,70.5,62,+.036,88,-2.38,206,104.0,195,106.4,213,-10.08,348,,WCC,70.5,62,107.4,129,50.0,165,17.8,151,33.4,54,39.1,107,111.1,291,51.7,264,16.0,298,30.2,194,35.8,151,70.5,62,70.7,91,16.1,59,17.6,252,107.4,129,106.3,119,111.1,291,109.3,303,76.4,234,-1.8,282,-0.7,249,-1.0,301,-1.2,314,+0.1,152,+0.9,98,1.13,271,32.6,181,29.1,318,2016,0.40383504288489896,15,15,0.5,30
249,San Jose St.,MWC,9-22,-7.46,97.2,306,104.7,175,69.5,100,-.058,310,+1.12,129,105.7,114,104.6,140,-3.98,275,,MWC,69.5,100,97.2,306,46.8,294,19.2,252,27.0,262,38.5,115,104.7,175,49.6,156,17.2,236,29.8,179,47.5,339,69.5,100,70.1,112,16.9,128,17.0,123,97.2,306,95.5,315,104.7,175,105.3,209,79.0,3,+2.0,53,+0.3,126,+1.7,30,+3.0,2,+3.4,2,+2.5,14,0.78,322,35.3,95,20.0,340,2016,0.29843180216215315,9,22,0.2903225806451613,31
244,Santa Clara,WCC,11-20,-7.07,101.8,220,108.9,253,65.5,298,+.019,125,+1.06,130,105.4,131,104.3,134,-1.82,217,,WCC,65.5,298,101.8,220,47.9,259,16.9,92,24.4,321,33.8,253,108.9,253,50.8,214,16.7,265,30.0,184,36.8,172,65.5,298,66.5,295,17.9,233,18.0,301,101.8,220,98.8,271,108.9,253,108.6,285,76.9,144,+1.2,90,+0.6,95,+0.6,97,-1.3,315,-0.1,201,+0.8,105,1.28,237,34.2,128,50.2,165,2016,0.3153274338314739,11,20,0.3548387096774194,31
332,Savannah St.,MEAC,16-16,-16.85,87.4,349,104.2,161,65.9,285,+.117,7,-10.53,346,99.1,339,109.6,347,+1.14,138,,MEAC,65.9,285,87.4,349,45.1,327,21.9,341,25.8,293,39.8,92,104.2,161,49.5,140,22.2,11,30.8,229,41.0,272,65.9,285,67.2,260,18.0,248,17.4,201,87.4,349,90.2,342,104.2,161,99.7,82,75.8,303,-1.9,288,-1.3,304,-0.6,242,-0.8,252,-1.4,310,-0.7,240,0.57,342,36.9,49,16.8,345,2016,0.11692331641324724,16,16,0.5,32
294,Seattle,WAC,15-17,-12.37,94.3,324,106.7,207,65.8,294,+.059,47,-7.15,313,100.4,320,107.6,272,-6.46,317,,WAC,65.8,294,94.3,324,47.5,277,23.1,349,32.5,77,36.0,193,106.7,207,49.1,124,18.9,121,31.3,257,34.9,125,65.8,294,66.9,280,18.1,257,17.4,213,94.3,324,95.4,317,106.7,207,102.0,123,78.4,17,+4.0,17,+3.6,4,+0.4,117,+0.8,82,+1.6,29,+1.7,45,1.22,252,32.5,187,42.8,217,2016,0.1945503585819304,15,17,0.46875,32
29,Seton Hall,BE,25-9,+18.27,111.1,72,92.9,10,69.7,92,+.016,132,+8.55,41,108.5,61,100.0,14,-2.92,247,6,BE,69.7,92,111.1,72,49.8,180,19.4,264,34.7,37,40.4,83,92.9,10,45.4,18,19.5,85,30.8,231,33.8,106,69.7,92,70.7,90,16.6,94,17.2,154,111.1,72,104.7,152,92.9,10,95.6,23,77.8,55,+0.8,115,-0.0,165,+0.8,84,+1.0,67,+0.8,83,+2.6,13,1.46,178,27.1,299,48.0,184,2016,0.8866963376806889,25,9,0.7352941176470589,34
128,Siena,MAAC,21-13,+3.67,108.1,113,104.5,168,70.1,82,-.028,250,-3.85,233,102.9,248,106.7,225,+0.73,148,,MAAC,70.1,82,108.1,113,52.0,72,22.2,345,39.1,6,40.8,76,104.5,168,47.2,57,17.3,230,30.0,185,38.4,205,70.1,82,71.1,78,17.5,187,16.3,21,108.1,113,108.4,82,104.5,168,101.4,109,77.8,58,+0.1,157,-0.9,264,+1.0,67,+1.3,42,+2.0,15,+1.6,57,1.82,85,29.2,267,49.6,168,2016,0.5961625723888178,21,13,0.6176470588235294,34
259,South Alabama,SB,14-19,-8.22,95.8,316,104.1,159,69.6,95,+.084,24,-0.70,164,104.8,159,105.4,173,+0.85,143,,SB,69.6,95,95.8,316,46.1,308,20.6,314,30.5,143,38.3,127,104.1,159,48.4,94,18.0,186,32.6,300,38.7,219,69.6,95,70.3,104,16.4,76,17.6,264,95.8,316,95.0,319,104.1,159,103.8,169,76.9,146,-0.1,171,+0.1,139,-0.2,191,+0.5,114,+0.6,98,-0.4,232,1.68,121,35.5,88,47.1,192,2016,0.27777468880782985,14,19,0.42424242424242425,33
58,South Carolina,SEC,25-9,+12.87,109.0,99,96.2,36,70.1,84,+.060,45,+4.58,81,107.2,80,102.6,93,-3.49,265,1,SEC,70.1,84,109.0,99,48.5,235,18.9,235,37.5,14,43.1,32,96.2,36,47.4,62,20.5,46,29.5,157,38.2,200,70.1,84,71.4,69,16.2,64,17.2,171,109.0,99,105.6,129,96.2,36,97.3,37,77.7,65,+0.9,110,+1.1,57,-0.1,188,+0.4,117,+1.7,24,+1.6,50,2.20,27,30.8,235,70.3,31,2016,0.8079218529993571,25,9,0.7352941176470589,34
268,South Carolina St.,MEAC,19-15,-9.48,103.3,194,112.8,315,67.6,198,+.091,20,-8.11,327,99.6,333,107.7,280,+4.25,54,,MEAC,67.6,198,103.3,194,49.8,175,17.0,98,29.1,192,34.8,226,112.8,315,50.7,203,17.5,214,31.4,260,38.7,223,67.6,198,68.3,214,17.8,229,17.4,203,103.3,194,104.3,166,112.8,315,106.9,244,76.5,214,-0.1,177,-0.3,211,+0.2,135,-0.7,243,-0.1,200,-0.4,234,1.48,170,33.7,147,62.8,78,2016,0.266635933869471,19,15,0.5588235294117647,34
216,South Dakota,Sum,14-18,-4.96,106.0,156,111.0,289,70.5,61,+.057,49,+0.52,139,105.5,123,105.0,156,+1.56,121,,Sum,70.5,61,106.0,156,51.7,91,16.4,64,25.0,305,30.1,326,111.0,289,54.2,335,19.0,110,30.2,198,40.9,270,70.5,61,71.3,71,16.3,72,17.2,160,106.0,156,104.3,164,111.0,289,110.9,324,75.9,296,-0.9,220,-0.1,182,-0.8,268,-1.1,290,-2.1,341,-0.4,222,1.79,91,32.2,197,54.2,138,2016,0.37050575518291823,14,18,0.4375,32
80,South Dakota St.,Sum,26-8,+9.57,111.4,66,101.8,117,68.3,157,+.004,168,-0.23,155,104.6,168,104.8,146,+1.91,113,12,Sum,68.3,157,111.4,66,51.3,110,17.1,104,32.4,78,40.2,88,101.8,117,48.0,80,17.2,238,25.5,24,40.2,255,68.3,157,68.5,197,17.0,133,17.9,293,111.4,66,110.4,46,101.8,117,100.7,100,76.5,203,-0.5,193,+0.2,137,-0.6,253,-0.2,187,-1.2,301,+0.6,126,1.42,195,32.5,184,67.3,48,2016,0.7381447491156603,26,8,0.7647058823529411,34
238,South Florida,Amer,8-25,-6.49,98.3,292,104.8,177,66.7,248,-.016,221,+4.24,84,106.6,92,102.3,85,-1.41,203,,Amer,66.7,248,98.3,292,45.4,322,21.9,342,34.6,38,33.0,269,104.8,177,47.2,58,14.3,342,32.5,299,35.6,140,66.7,248,67.1,267,18.4,289,17.1,148,98.3,292,94.0,325,104.8,177,106.4,232,78.3,19,+3.8,19,+2.0,26,+1.8,26,+2.2,9,+1.8,23,-0.2,205,1.01,286,30.2,246,48.1,182,2016,0.3238045508769268,8,25,0.24242424242424243,33
340,Southeast Missouri St.,OVC,5-24,-19.25,91.2,342,110.5,280,70.8,56,-.023,237,-3.15,218,103.9,198,107.1,243,+0.62,152,,OVC,70.8,56,91.2,342,44.1,341,19.8,283,28.5,215,35.7,198,110.5,280,54.0,332,18.5,145,29.6,168,31.9,71,70.8,56,71.6,61,16.0,47,17.3,183,91.2,342,91.2,337,110.5,280,108.9,290,76.9,136,-1.3,260,-1.2,300,-0.1,181,+0.7,92,+0.4,119,+1.0,93,1.24,247,34.0,139,40.4,247,2016,0.0990747946713207,5,24,0.1724137931034483,29
310,Southeastern Louisiana,Slnd,12-21,-14.46,98.0,297,112.4,308,68.0,171,-.017,224,-8.09,326,100.3,325,108.4,314,+4.92,41,,Slnd,68.0,171,98.0,297,51.1,123,21.6,336,29.5,182,37.1,164,112.4,308,52.1,286,19.1,104,33.6,316,41.9,287,68.0,171,70.0,117,17.4,177,16.6,48,98.0,297,99.6,258,112.4,308,108.1,275,75.2,339,-1.0,223,-0.8,252,-0.2,195,-2.1,345,-2.9,348,-2.1,318,1.17,265,35.7,82,27.5,324,2016,0.17127622738169448,12,21,0.36363636363636365,33
229,Southern,SWAC,22-13,-5.75,100.5,248,106.3,198,68.9,126,+.040,83,-8.52,332,99.1,340,107.6,273,+3.49,70,16,SWAC,68.9,126,100.5,248,48.5,239,16.3,54,28.0,233,38.1,131,106.3,198,47.9,76,19.5,81,31.1,245,39.9,248,68.9,126,69.2,158,16.9,113,17.5,239,100.5,248,102.2,209,106.3,198,99.7,80,75.8,306,-1.7,280,+0.0,160,-1.7,330,-0.8,259,-1.2,302,-1.2,276,1.63,134,25.9,315,56.5,117,2016,0.3440636888648651,22,13,0.6285714285714286,35
139,Southern Illinois,MVC,22-10,+2.80,107.2,134,104.4,166,69.3,109,+.082,26,-2.93,214,101.5,298,104.4,137,-9.14,343,,MVC,69.3,109,107.2,134,51.1,122,19.4,262,31.7,107,39.3,104,104.4,166,50.9,220,21.3,21,25.6,27,44.9,322,69.3,109,69.9,126,16.9,131,17.1,130,107.2,134,104.7,156,104.4,166,99.3,70,75.8,311,-1.4,267,-1.3,309,-0.1,178,-1.0,289,-1.1,298,-1.5,300,1.85,77,30.8,236,53.0,152,2016,0.575509373571844,22,10,0.6875,32
305,Southern Miss,CUSA,8-21,-13.84,96.5,312,110.3,277,63.3,343,-.019,229,-4.10,247,102.7,253,106.8,229,-0.84,183,,CUSA,63.3,343,96.5,312,49.4,196,20.3,301,23.3,330,36.1,190,110.3,277,51.6,257,17.7,199,29.4,148,38.9,226,63.3,343,64.7,339,19.7,344,17.1,147,96.5,312,96.3,304,110.3,277,107.3,254,76.1,277,-0.7,210,-0.5,218,-0.3,206,-0.5,221,+0.2,138,-2.6,330,0.57,343,38.9,24,11.1,349,2016,0.17695716398884193,8,21,0.27586206896551724,29
342,Southern Utah,BSky,6-24,-20.30,98.2,294,118.5,350,68.2,158,-.055,304,-4.17,250,103.6,212,107.8,284,+3.70,64,,BSky,68.2,158,98.2,294,49.3,204,18.8,224,23.9,326,35.4,205,118.5,350,57.7,350,17.4,221,31.2,247,45.0,324,68.2,158,69.4,147,18.4,286,15.6,1,98.2,294,98.2,283,118.5,350,117.8,351,76.1,267,-2.9,330,-0.9,265,-2.0,341,-1.3,320,-0.1,191,+1.1,83,1.66,129,39.3,22,69.7,35,2016,0.1033144891906307,6,24,0.2,30
89,St. Bonaventure,A10,22-9,+8.63,113.7,39,105.1,181,68.0,172,-.001,177,+1.16,128,105.6,118,104.4,135,-4.24,286,1,A10,68.0,172,113.7,39,51.5,103,16.5,70,31.3,120,37.5,153,105.1,181,49.6,160,19.0,113,33.4,313,37.4,182,68.0,172,69.2,162,17.0,137,17.6,246,113.7,39,111.5,36,105.1,181,104.6,186,76.1,270,-0.6,204,-0.8,253,+0.2,142,-0.9,280,-1.5,314,-0.4,222,1.66,128,20.6,347,57.2,111,2016,0.711870896284227,22,9,0.7096774193548387,31
284,St. Francis NY,NEC,15-17,-11.23,93.9,326,105.2,182,65.8,287,+.011,150,-9.98,344,98.8,343,108.8,328,-3.22,261,,NEC,65.8,287,93.9,326,45.9,310,20.4,306,32.3,85,36.1,187,105.2,182,46.6,38,18.6,141,30.2,197,34.9,124,65.8,287,66.6,292,18.7,313,17.0,121,93.9,326,96.0,312,105.2,182,99.3,69,75.2,337,-2.8,326,-1.9,340,-0.9,287,-1.5,330,-1.9,330,-1.8,310,0.99,295,34.0,136,46.6,197,2016,0.21302641492515545,15,17,0.46875,32
299,St. Francis PA,NEC,13-17,-13.05,100.4,252,113.4,322,66.1,271,+.014,141,-9.55,339,99.4,334,108.9,331,-0.83,181,,NEC,66.1,271,100.4,252,48.3,245,18.5,204,31.4,116,38.5,117,113.4,322,50.8,210,16.4,277,30.9,234,29.9,43,66.1,271,67.0,277,18.5,293,17.1,153,100.4,252,102.2,206,113.4,322,107.6,262,75.7,315,-1.6,276,-1.2,294,-0.4,228,-2.1,346,-1.3,306,-0.4,233,2.08,41,29.2,265,54.4,136,2016,0.19777951864962146,13,17,0.43333333333333335,30
211,St. John's,BE,8-24,-4.40,97.8,301,102.2,122,72.1,26,-.023,238,+8.46,43,109.0,48,100.5,28,-4.04,279,,BE,72.1,26,97.8,301,45.4,321,20.9,322,27.5,249,38.0,134,102.2,122,51.1,231,20.1,61,30.9,232,43.3,307,72.1,26,73.2,23,16.2,69,16.4,34,97.8,301,91.5,336,102.2,122,104.9,197,78.0,36,+0.8,114,+0.6,93,+0.1,155,+1.2,55,+2.6,4,+1.4,70,0.61,340,36.1,68,8.0,351,2016,0.37611252452273547,8,24,0.25,32
101,Stanford,P12,15-15,+7.46,108.0,117,100.5,94,65.8,293,+.040,82,+10.41,17,110.8,13,100.4,24,+2.43,94,,P12,65.8,293,108.0,117,47.5,278,17.5,127,30.8,132,45.3,10,100.5,94,52.0,280,19.8,71,32.2,287,39.9,249,65.8,293,67.1,268,18.2,273,17.2,161,108.0,117,102.2,205,100.5,94,105.5,216,78.3,23,+2.6,38,+0.5,110,+2.1,13,+1.1,59,+1.6,27,+2.1,29,0.99,293,32.0,202,39.9,251,2016,0.6958673812199048,15,15,0.5,30
41,Stephen F. Austin,Slnd,28-6,+15.62,112.2,57,96.6,38,67.3,217,+.007,159,-5.88,286,102.7,251,108.6,321,+4.79,42,14,Slnd,67.3,217,112.2,57,54.8,17,17.7,142,33.5,53,34.3,238,96.6,38,49.5,147,25.9,1,30.7,223,40.2,256,67.3,217,68.9,180,18.4,287,16.3,19,112.2,57,114.9,13,96.6,38,93.7,7,75.1,341,-3.1,334,-1.2,296,-1.8,334,-0.7,237,-2.0,335,-2.7,335,1.84,79,34.1,132,67.5,46,2016,0.8483346696924743,28,6,0.8235294117647058,34
278,Stetson,ASun,12-22,-10.44,104.0,182,114.5,330,70.6,59,-.046,289,-3.91,238,104.2,190,108.1,296,-0.29,173,,ASun,70.6,59,104.0,182,51.2,117,16.8,83,25.1,302,33.8,252,114.5,330,54.5,336,15.6,315,32.8,302,30.8,56,70.6,59,72.4,39,16.2,68,16.8,89,104.0,182,105.0,147,114.5,330,113.7,340,75.1,342,-2.5,311,-1.8,336,-0.7,262,-0.7,242,-2.2,343,-3.1,342,1.19,262,30.7,238,56.6,115,2016,0.2485958586647062,12,22,0.35294117647058826,34
94,Stony Brook,AE,26-7,+8.13,107.3,132,99.1,67,67.2,228,+.049,63,-5.60,280,103.3,232,108.9,329,+4.38,49,13,AE,67.2,228,107.3,132,52.2,67,17.3,115,34.8,34,32.2,288,99.1,67,47.6,68,18.4,158,26.0,35,27.6,20,67.2,228,67.8,239,17.6,208,17.5,235,107.3,132,110.2,49,99.1,67,96.7,30,76.7,181,-0.9,221,-0.9,267,+0.0,163,+0.1,165,+0.5,117,-0.1,190,2.50,11,24.3,327,68.9,37,2016,0.7138671966356592,26,7,0.7878787878787878,33
27,Syracuse,ACC,23-14,+18.57,112.7,50,94.1,18,65.0,314,-.027,249,+10.21,18,110.9,12,100.7,33,-0.82,180,10,ACC,65.0,314,112.7,50,50.0,161,18.1,179,33.5,52,35.4,208,94.1,18,47.3,59,20.4,48,35.3,337,28.0,23,65.0,314,65.0,334,17.6,198,19.2,351,112.7,50,107.0,102,94.1,18,99.2,66,78.6,11,+0.7,123,-0.5,225,+1.1,58,+2.1,15,+2.7,3,+3.5,2,1.70,114,15.9,350,50.3,163,2016,0.8883771711242564,23,14,0.6216216216216216,37
136,TCU,B12,12-21,+3.02,101.6,226,98.5,57,69.6,97,-.031,257,+10.16,20,110.0,30,99.8,10,-7.07,326,,B12,69.6,97,101.6,226,45.7,317,20.7,316,29.3,185,45.6,8,98.5,57,50.9,218,21.1,24,31.5,263,41.4,281,69.6,97,70.1,116,17.2,159,16.9,104,101.6,226,95.7,313,98.5,57,102.1,126,77.3,99,+2.2,46,+1.0,63,+1.2,49,+1.1,58,-0.8,268,+0.1,169,1.27,241,34.4,123,35.1,291,2016,0.5881566705246084,12,21,0.36363636363636365,33
86,Temple,Amer,21-12,+8.82,107.0,139,98.1,52,65.9,283,+.095,17,+6.33,67,107.8,69,101.5,61,+3.70,63,10,Amer,65.9,283,107.0,139,47.0,291,13.8,2,29.1,190,26.6,348,98.1,52,46.4,31,16.2,286,29.7,170,28.7,33,65.9,283,65.9,316,18.7,317,17.6,261,107.0,139,102.7,197,98.1,52,100.8,101,77.5,79,+0.1,158,-0.7,239,+0.8,85,+0.7,94,+0.8,77,+2.0,34,1.91,68,27.3,293,64.5,67,2016,0.7307983580785775,21,12,0.6363636363636364,33
103,Tennessee,SEC,15-19,+7.31,111.0,74,103.7,150,68.8,128,-.051,295,+7.81,50,108.7,54,100.9,41,+1.99,108,,SEC,68.8,128,111.0,74,48.0,254,15.8,32,32.1,93,34.1,243,103.7,150,48.5,101,17.3,226,34.5,329,37.3,180,68.8,128,70.9,82,16.9,114,16.7,63,111.0,74,105.9,125,103.7,150,106.3,231,75.9,289,-4.5,347,-1.7,330,-2.8,350,-0.8,269,-0.0,185,+1.1,84,1.39,202,35.8,81,63.5,72,2016,0.6861805553617782,15,19,0.4411764705882353,34
209,Tennessee Martin,OVC,20-15,-4.26,104.9,169,109.2,261,66.6,253,+.074,37,-4.38,252,103.1,240,107.4,259,-2.59,235,,OVC,66.6,253,104.9,169,50.5,142,18.2,184,29.5,183,35.6,199,109.2,261,50.8,211,17.1,245,29.5,159,30.0,44,66.6,253,66.9,284,18.2,277,17.5,233,104.9,169,105.1,142,109.2,261,106.6,237,75.6,321,-2.5,310,-1.8,335,-0.7,259,-0.3,201,-2.0,334,-1.4,289,1.44,187,32.7,176,48.0,183,2016,0.38651247132403266,20,15,0.5714285714285714,35
164,Tennessee St.,OVC,20-11,-0.11,101.5,231,101.6,112,68.1,164,-.003,180,-5.51,274,103.6,211,109.1,335,-5.43,305,,OVC,68.1,164,101.5,231,50.4,146,19.2,251,31.4,117,41.5,61,101.6,112,49.5,141,21.7,14,29.0,129,42.7,299,68.1,164,69.0,173,17.4,175,17.2,174,101.5,231,104.3,168,101.6,112,99.0,60,76.5,213,-2.7,323,-1.8,332,-0.9,289,+0.1,158,+0.4,125,+0.7,118,1.57,148,33.5,156,39.8,252,2016,0.49716891235088734,20,11,0.6451612903225806,31
196,Tennessee Tech,OVC,19-12,-3.14,108.5,105,111.6,299,69.2,113,+.077,31,-3.52,227,103.0,246,106.5,219,-2.38,232,,OVC,69.2,113,108.5,105,52.4,59,17.8,153,27.6,248,44.0,16,111.6,299,50.6,200,16.0,299,31.9,279,32.8,83,69.2,113,69.9,127,16.8,109,17.3,191,108.5,105,109.0,73,111.6,299,108.4,282,76.5,209,+0.3,140,+0.0,148,+0.3,121,-1.6,337,-0.7,263,+0.6,126,1.01,290,28.7,274,40.7,244,2016,0.41970973132801614,19,12,0.6129032258064516,31
39,Texas,B12,20-13,+16.19,113.0,49,96.8,40,65.3,306,+.022,118,+12.54,4,111.5,7,99.0,5,+5.55,31,6,B12,65.3,306,113.0,49,49.4,197,15.4,23,30.7,137,39.4,101,96.8,40,47.7,70,18.5,153,32.0,281,38.3,202,65.3,306,66.8,287,17.9,235,18.2,325,113.0,49,106.0,124,96.8,40,101.6,116,77.0,129,+2.7,37,+1.5,37,+1.2,43,-1.3,318,-0.0,189,-0.4,228,2.19,28,38.2,34,54.6,134,2016,0.855637521399465,20,13,0.6060606060606061,33
18,Texas A&M,SEC,28-9,+21.26,113.8,37,92.5,9,67.1,230,+.006,162,+8.48,42,109.6,36,101.1,50,+3.15,76,3,SEC,67.1,230,113.8,37,51.2,115,17.3,117,34.5,40,38.1,132,92.5,9,47.4,63,21.2,22,29.4,150,32.4,78,67.1,230,68.8,188,16.7,98,18.0,305,113.8,37,109.5,63,92.5,9,95.6,22,78.2,26,+1.7,68,+1.0,64,+0.7,94,+2.2,10,+1.9,17,+1.2,75,2.48,12,35.2,98,47.8,185,2016,0.9155364105791081,28,9,0.7567567567567568,37
170,Texas A&M Corpus Chris,Slnd,25-8,-0.66,102.6,208,103.3,144,68.5,141,+.169,1,-5.53,275,102.7,254,108.2,306,+1.52,123,,Slnd,68.5,141,102.6,208,49.2,207,17.6,138,30.8,131,37.7,147,103.3,144,48.9,114,22.6,8,33.3,309,44.5,317,68.5,141,69.6,140,16.8,106,17.5,231,102.6,208,104.1,171,103.3,144,101.1,104,76.3,251,-1.0,227,-0.6,232,-0.5,231,-1.0,285,-0.6,254,+0.1,173,2.12,34,32.9,172,71.3,25,2016,0.4804615544695233,25,8,0.7575757575757576,33
178,Texas Southern,SWAC,18-15,-1.26,107.3,133,108.5,244,67.8,187,-.016,219,-6.15,291,100.5,318,106.6,222,+11.03,6,8,SWAC,67.8,187,107.3,133,51.8,87,19.3,257,35.3,27,41.5,62,108.5,244,49.2,132,15.8,308,28.4,105,24.6,4,67.8,187,68.1,227,17.8,226,17.5,224,107.3,133,107.0,101,108.5,244,103.5,157,76.3,252,-3.2,336,-1.8,338,-1.3,314,+0.2,144,+1.2,52,-0.8,248,1.56,151,24.4,323,42.0,227,2016,0.4680691350170906,18,15,0.5454545454545454,33
212,Texas St.,SB,15-16,-4.43,99.5,275,103.9,155,63.6,340,-.014,214,-3.29,221,102.4,267,105.7,181,-9.83,346,,SB,63.6,340,99.5,275,46.6,302,17.9,162,29.8,168,37.7,146,103.9,155,49.6,159,20.8,35,30.6,217,35.6,139,63.6,340,64.7,338,19.2,334,17.7,276,99.5,275,98.8,273,103.9,155,100.6,99,76.1,266,-1.1,239,-1.2,297,+0.2,142,+0.4,115,-1.9,330,-0.7,244,1.35,214,30.1,248,55.9,126,2016,0.37810027673574365,15,16,0.4838709677419355,31
54,Texas Tech,B12,19-13,+13.78,113.2,46,99.4,72,66.0,273,+.028,101,+10.66,15,110.4,22,99.7,8,+0.62,151,8,B12,66.0,273,113.2,46,50.0,162,17.8,155,31.3,121,42.2,42,99.4,72,49.6,154,19.0,115,32.4,295,32.9,87,66.0,273,66.9,281,18.4,285,17.5,242,113.2,46,106.6,111,99.4,72,103.5,158,77.6,72,+0.9,109,-0.1,178,+1.0,69,+0.4,121,+1.1,61,+1.7,47,1.44,184,32.7,177,60.9,91,2016,0.8168345315679784,19,13,0.59375,32
312,The Citadel,SC,10-22,-14.51,103.1,201,117.6,346,80.0,1,+.008,156,-4.05,243,103.4,220,107.5,262,-5.45,306,,SC,80.0,1,103.1,201,48.8,225,16.9,95,26.6,271,31.1,310,117.6,346,57.6,349,19.3,93,35.7,342,44.4,316,80.0,1,80.6,1,14.0,4,15.6,2,103.1,201,103.1,189,117.6,346,116.3,349,75.2,336,-2.6,317,-1.4,312,-1.2,306,-1.8,340,-0.9,284,-2.6,332,1.57,147,38.1,35,33.8,297,2016,0.18045307120154333,10,22,0.3125,32
123,Toledo,MAC,17-15,+4.02,108.6,103,104.5,170,68.9,127,-.121,350,-2.13,200,103.8,204,105.9,193,-5.35,304,,MAC,68.9,127,108.6,103,52.7,52,16.6,76,27.9,241,34.3,239,104.5,170,51.0,223,17.3,229,24.6,9,28.8,35,68.9,127,70.2,109,17.2,154,17.0,126,108.6,103,109.9,58,104.5,170,102.3,136,77.7,64,+1.7,64,+0.5,114,+1.2,42,-0.3,203,+1.1,55,+2.2,24,1.61,137,27.3,292,49.3,169,2016,0.6088712075038032,17,15,0.53125,32
152,Towson,CAA,20-13,+0.98,105.4,165,104.4,167,65.7,297,+.043,77,-1.44,183,104.3,185,105.7,183,-9.65,345,,CAA,65.7,297,105.4,165,46.9,292,17.9,166,38.3,10,45.1,11,104.4,167,48.4,99,17.7,201,27.3,66,41.0,271,65.7,297,66.3,300,18.5,296,17.5,232,105.4,165,104.7,154,104.4,167,102.8,144,77.1,115,-1.9,289,-1.2,299,-0.7,257,+0.2,141,+2.1,11,+1.3,73,1.67,124,31.1,226,65.3,62,2016,0.5273798452652397,20,13,0.6060606060606061,33
281,Troy,SB,9-22,-10.69,98.3,291,109.0,258,68.4,151,-.021,233,-1.52,186,103.4,225,104.9,152,-2.27,230,,SB,68.4,151,98.3,291,45.8,311,16.8,85,29.1,191,38.0,136,109.0,258,50.9,221,17.8,196,31.7,272,35.1,128,68.4,151,69.1,168,17.3,165,17.3,184,98.3,291,96.9,295,109.0,258,107.4,257,76.0,284,-2.2,303,-1.5,322,-0.7,264,-1.3,321,-0.3,220,+0.0,181,0.99,294,27.9,284,38.2,260,2016,0.2335766627409391,9,22,0.2903225806451613,31
200,Tulane,Amer,12-22,-3.39,97.9,298,101.3,108,67.7,196,-.010,203,+3.26,95,106.6,93,103.3,108,-6.21,311,,Amer,67.7,196,97.9,298,45.0,330,19.1,246,31.7,106,30.7,318,101.3,108,48.8,108,18.7,132,30.2,199,36.8,173,67.7,196,67.8,236,17.3,171,17.8,288,97.9,298,94.8,321,101.3,108,101.7,117,77.6,71,+1.6,75,+0.7,84,+0.8,80,+0.0,169,+0.9,76,+1.7,46,1.40,201,34.6,117,34.1,295,2016,0.40308953717165685,12,22,0.35294117647058826,34
65,Tulsa,Amer,20-12,+11.50,111.2,69,99.7,79,68.4,149,-.003,181,+5.54,76,107.0,84,101.4,60,+1.46,127,11,Amer,68.4,149,111.2,69,50.3,148,15.6,28,27.9,238,39.6,98,99.7,79,48.2,89,20.4,47,30.5,210,34.6,120,68.4,149,68.8,183,16.0,46,18.7,346,111.2,69,106.3,118,99.7,79,100.5,98,76.4,240,-1.1,238,-0.1,175,-1.0,295,-1.6,335,+0.1,146,+0.4,150,2.78,4,32.3,193,80.2,7,2016,0.7782322098496594,20,12,0.625,32
116,UAB,CUSA,26-7,+5.12,109.3,97,104.2,160,68.2,160,+.083,25,-4.00,241,103.2,234,107.2,248,-4.51,291,7,CUSA,68.2,160,109.3,97,53.6,37,17.8,157,32.4,79,33.4,262,104.2,160,48.6,104,18.0,183,30.3,201,29.9,42,68.2,160,69.2,159,16.8,110,17.7,274,109.3,97,111.1,40,104.2,160,101.5,113,76.8,156,+1.0,103,+0.1,140,+0.9,75,+0.2,144,+0.0,176,-1.1,268,1.85,76,36.1,69,81.9,4,2016,0.6340240014612765,26,7,0.7878787878787878,33
241,UC Davis,BW,11-19,-6.64,93.9,328,100.5,95,65.9,279,-.005,188,-1.27,177,103.4,223,104.7,142,-4.86,299,,BW,65.9,279,93.9,328,47.9,257,20.7,318,25.0,304,33.6,258,100.5,95,48.3,90,19.7,74,28.4,109,31.8,68,65.9,279,66.7,290,17.9,241,17.8,289,93.9,328,92.4,333,100.5,95,98.9,56,76.4,226,-0.0,168,+0.6,100,-0.6,254,-0.8,259,+0.6,107,-1.5,299,1.43,190,24.1,328,39.0,256,2016,0.3140689801394209,11,19,0.36666666666666664,30
84,UC Irvine,BW,28-10,+9.10,106.0,157,96.9,41,67.5,205,+.093,19,+1.62,122,105.5,125,103.9,121,+3.88,58,,BW,67.5,205,106.0,157,51.1,125,18.2,192,29.0,195,35.1,217,96.9,41,44.6,9,17.4,222,28.2,102,34.7,122,67.5,205,67.7,244,17.5,185,17.8,278,106.0,157,103.7,181,96.9,41,97.2,36,78.3,21,+9.3,1,+7.0,1,+2.4,6,-1.3,319,-0.2,204,-0.4,231,2.00,50,37.3,44,65.1,64,2016,0.7373489899738236,28,10,0.7368421052631579,38
233,UC Riverside,BW,14-19,-5.94,100.1,258,106.1,196,67.0,234,-.026,246,-2.82,211,103.1,239,105.9,196,-7.27,330,,BW,67.0,234,100.1,258,48.8,223,19.7,278,28.5,210,36.8,174,106.1,196,49.1,126,17.2,235,27.9,88,38.4,204,67.0,234,68.2,219,17.4,173,17.7,271,100.1,258,99.6,257,106.1,196,103.3,153,76.9,137,+0.2,152,+0.8,79,-0.6,247,-0.4,215,+0.1,167,+0.8,100,1.30,234,34.9,111,50.2,164,2016,0.3386217680419071,14,19,0.42424242424242425,33
105,UC Santa Barbara,BW,19-14,+6.83,106.3,153,99.5,74,66.9,242,-.006,195,+3.12,96,105.7,116,102.6,91,+8.50,13,,BW,66.9,242,106.3,153,50.3,149,18.5,203,28.8,197,27.4,344,99.5,74,46.7,41,17.5,215,27.9,90,41.8,285,66.9,242,68.1,224,18.0,247,16.4,30,106.3,153,103.1,191,99.5,74,99.3,71,76.4,222,-0.3,189,+0.2,130,-0.6,245,-0.1,179,+0.1,172,-1.4,288,1.94,61,35.3,94,68.0,44,2016,0.6814053764959405,19,14,0.5757575757575758,33
185,UCF,Amer,12-18,-1.89,102.1,215,104.0,157,67.9,179,-.019,230,+1.92,115,105.1,145,103.2,106,-5.52,307,,Amer,67.9,179,102.1,215,49.2,206,21.3,331,31.0,127,37.2,162,104.0,157,47.1,54,13.5,349,30.7,224,25.1,9,67.9,179,68.4,210,18.1,264,16.8,88,102.1,215,99.3,261,104.0,157,103.7,166,79.3,1,+6.4,2,+4.3,2,+2.2,11,+1.9,19,+2.3,7,+2.2,22,1.34,221,34.3,125,40.0,250,2016,0.4471879731466827,12,18,0.4,30
69,UCLA,P12,15-17,+10.75,112.6,51,101.9,118,69.5,98,-.056,307,+9.61,23,110.5,18,100.9,42,+4.60,44,,P12,69.5,98,112.6,51,50.3,147,16.9,93,32.8,68,32.3,282,101.9,118,49.7,162,16.1,291,30.4,205,33.9,108,69.5,98,71.6,58,16.4,79,16.9,109,112.6,51,107.1,99,101.9,118,105.9,223,78.2,27,+5.0,8,+2.5,15,+2.6,4,+0.6,98,+0.2,137,+1.0,89,1.48,174,23.8,333,59.3,100,2016,0.7591952255843027,15,17,0.46875,32
334,UMBC,AE,7-25,-17.79,99.9,263,117.7,347,69.5,99,-.039,275,-6.76,306,101.3,303,108.0,295,-6.23,312,,AE,69.5,99,99.9,263,50.1,158,17.4,125,24.9,308,42.2,44,117.7,347,56.6,348,19.4,92,28.9,128,38.8,225,69.5,99,70.7,88,16.5,84,17.2,162,99.9,263,101.0,233,117.7,347,113.5,339,76.4,238,+0.0,163,-0.3,206,+0.3,124,-0.7,239,-0.9,276,-0.5,236,1.24,249,33.5,154,36.9,279,2016,0.1317415609832883,7,25,0.21875,32
250,UMKC,WAC,12-19,-7.48,103.2,198,110.7,283,66.4,258,-.054,302,-1.92,196,103.2,233,105.1,159,+5.07,36,,WAC,66.4,258,103.2,198,48.8,227,19.4,263,32.7,69,35.3,211,110.7,283,50.3,194,17.2,239,31.2,252,44.1,314,66.4,258,67.5,252,17.7,214,17.6,259,103.2,198,101.8,219,110.7,283,108.0,269,76.2,256,+0.3,142,+0.0,151,+0.3,125,-0.1,175,-1.8,326,-1.2,275,1.12,273,34.1,131,38.2,261,2016,0.30857658162458906,12,19,0.3870967741935484,31
315,UMass Lowell,AE,11-18,-14.99,100.6,246,115.6,337,73.2,13,+.100,14,-6.24,294,101.5,300,107.7,279,-2.74,240,,AE,73.2,13,100.6,246,53.6,36,21.3,333,25.1,303,33.2,266,115.6,337,54.5,337,19.2,101,32.9,306,38.4,206,73.2,13,74.0,12,16.1,54,16.1,12,100.6,246,100.8,237,115.6,337,111.5,332,74.9,347,-4.8,350,-1.9,343,-2.8,349,-2.2,347,-1.5,315,-0.7,241,0.85,315,37.8,39,35.2,290,2016,0.16821759372679798,11,18,0.3793103448275862,29
131,UNC Asheville,BSth,22-12,+3.44,103.6,188,100.1,89,70.1,81,-.008,197,-4.12,248,103.4,222,107.5,264,+2.64,89,15,BSth,70.1,81,103.6,188,49.6,187,18.6,215,31.6,109,41.8,50,100.1,89,49.3,134,22.2,12,29.3,146,33.0,89,70.1,81,70.4,102,16.1,56,17.4,217,103.6,188,104.3,167,100.1,89,98.1,47,76.0,281,-4.6,349,-2.8,349,-1.8,334,-0.7,236,+0.1,168,+1.5,65,1.30,233,26.1,312,38.1,264,2016,0.5975405738390215,22,12,0.6470588235294118,34
220,UNC Greensboro,SC,15-19,-5.27,102.2,214,107.5,221,67.7,193,-.017,223,-2.45,207,105.1,148,107.5,266,+2.41,96,,SC,67.7,193,102.2,214,51.3,113,17.7,144,27.1,259,28.0,342,107.5,221,51.9,272,17.4,224,27.4,70,38.5,208,67.7,193,68.6,194,17.3,160,17.5,240,102.2,214,103.3,185,107.5,221,107.6,263,75.8,307,-1.7,281,-0.5,222,-1.2,309,-1.0,286,-1.9,333,-0.4,222,1.59,144,27.2,296,53.0,149,2016,0.35860351298407334,15,19,0.4411764705882353,34
83,UNC Wilmington,CAA,25-8,+9.21,110.7,79,101.5,110,70.3,73,+.033,93,+0.85,132,105.7,115,104.9,151,-3.90,271,13,CAA,70.3,73,110.7,79,51.2,116,15.9,40,32.1,94,35.6,201,101.5,110,47.5,65,19.9,66,30.1,191,55.2,350,70.3,73,70.6,94,16.4,75,17.5,223,110.7,79,109.3,67,101.5,110,101.4,110,76.1,276,-0.6,202,+0.4,118,-1.0,298,-0.2,191,-2.3,344,-0.4,222,1.48,175,30.7,237,40.7,245,2016,0.7306254138579354,25,8,0.7575757575757576,33
117,UNLV,MWC,18-15,+5.09,103.4,192,98.3,54,73.0,14,-.044,283,+2.51,103,106.2,102,103.7,115,+3.62,67,,MWC,73.0,14,103.4,192,49.7,183,18.9,238,28.3,223,40.9,73,98.3,54,47.1,51,19.5,84,30.6,214,40.1,253,73.0,14,73.5,19,15.7,25,16.8,84,103.4,192,101.5,222,98.3,54,98.5,50,78.3,22,+2.0,51,+1.6,33,+0.5,111,+1.9,23,+2.1,9,+1.4,68,1.54,154,36.2,63,30.5,310,2016,0.6414540554892504,18,15,0.5454545454545454,33
49,USC,P12,21-13,+14.25,113.9,35,99.7,80,71.0,54,-.028,251,+7.61,53,108.7,57,101.1,46,-1.65,211,8,P12,71.0,54,113.9,35,52.2,66,16.6,75,32.2,89,35.0,218,99.7,80,47.3,60,16.7,268,31.5,264,28.3,29,71.0,54,72.7,32,15.5,20,17.6,253,113.9,35,109.4,66,99.7,80,101.4,112,78.5,15,+4.9,9,+2.0,23,+2.9,1,+1.1,61,+1.6,26,+1.2,77,1.73,108,31.2,224,71.2,26,2016,0.8221942070694123,21,13,0.6176470588235294,34
322,USC Upstate,ASun,10-22,-16.03,100.6,247,116.6,342,66.2,263,+.007,160,-4.96,266,104.2,187,109.2,339,-3.06,254,,ASun,66.2,263,100.6,247,50.1,159,20.2,296,33.0,61,30.9,314,116.6,342,54.6,340,15.1,330,31.9,275,36.6,166,66.2,263,68.1,222,18.0,252,16.5,39,100.6,247,102.7,199,116.6,342,116.6,350,77.1,117,-0.5,195,+0.3,121,-0.8,274,+0.4,120,+0.6,99,+1.1,79,0.67,332,37.3,45,37.5,270,2016,0.15480963477806048,10,22,0.3125,32
102,UT Arlington,SB,24-11,+7.45,106.9,140,99.5,75,72.2,23,-.036,268,-2.91,212,102.0,285,104.9,154,-2.05,225,,SB,72.2,23,106.9,140,49.2,210,18.7,223,36.3,23,34.4,235,99.5,75,47.0,50,20.1,62,26.2,42,43.3,306,72.2,23,72.7,31,15.5,22,17.4,198,106.9,140,106.7,109,99.5,75,95.2,20,76.1,269,-1.0,233,-1.1,284,+0.0,160,-0.7,235,-0.8,267,-0.8,250,0.89,310,37.4,42,41.9,228,2016,0.695289465973049,24,11,0.6857142857142857,35
348,UT Rio Grande Valley,WAC,8-22,-22.36,95.1,322,117.4,345,67.5,209,+.037,86,-4.42,254,102.0,283,106.5,218,-1.75,214,,WAC,67.5,209,95.1,322,47.2,286,17.7,146,23.0,334,29.6,331,117.4,345,52.1,287,14.4,340,35.7,341,31.1,59,67.5,209,68.5,201,16.9,130,17.9,292,95.1,322,94.8,322,117.4,345,114.6,345,77.3,103,+1.5,77,+0.5,111,+1.0,66,+1.2,57,-0.4,229,+0.1,168,1.65,131,26.0,314,37.3,272,2016,0.08146801146128971,8,22,0.26666666666666666,30
215,UTEP,CUSA,19-14,-4.93,102.6,207,107.6,222,71.6,38,+.035,91,-6.52,303,102.0,286,108.5,318,-7.26,329,,CUSA,71.6,38,102.6,207,52.4,58,17.1,105,24.5,318,40.8,74,107.6,222,49.5,143,19.3,95,31.7,270,36.6,165,71.6,38,72.5,38,15.7,31,17.2,166,102.6,207,104.5,161,107.6,222,103.3,154,77.1,121,+0.1,156,+0.8,81,-0.6,248,-0.8,259,+0.3,130,+1.8,41,0.90,307,32.5,185,28.8,319,2016,0.3665139902238198,19,14,0.5757575757575758,33
338,UTSA,CUSA,5-27,-18.98,97.9,300,116.9,343,71.4,44,-.052,297,-4.08,246,103.4,227,107.4,258,-1.23,198,,CUSA,71.4,44,97.9,300,47.0,290,18.1,177,26.0,286,37.4,157,116.9,343,59.0,351,17.2,231,27.8,81,46.2,328,71.4,44,72.8,28,16.4,82,16.4,25,97.9,300,97.8,289,116.9,343,115.3,346,76.5,216,+0.3,138,+0.6,102,-0.2,201,-1.1,292,-0.9,287,+0.2,162,0.82,318,38.0,36,42.3,224,2016,0.11508896588861824,5,27,0.15625,32
33,Utah,P12,27-9,+16.79,115.6,26,98.8,60,65.3,305,+.112,9,+9.79,21,109.8,33,100.0,12,+1.90,114,3,P12,65.3,305,115.6,26,55.1,15,18.2,188,29.9,162,37.9,137,98.8,60,48.0,82,15.3,324,27.8,84,23.0,1,65.3,305,67.2,263,18.3,279,17.4,212,115.6,26,111.2,39,98.8,60,102.1,128,77.6,73,+3.4,25,+2.3,20,+1.1,59,+1.0,69,+1.2,51,-1.6,305,2.04,45,28.1,282,66.3,53,2016,0.8588705965734872,27,9,0.75,36
134,Utah St.,MWC,16-15,+3.25,111.2,68,108.0,233,67.0,238,-.032,261,+1.89,116,104.8,156,102.9,98,-1.36,200,,MWC,67.0,238,111.2,68,52.2,64,17.5,132,29.2,186,33.6,259,108.0,233,51.1,232,16.5,272,28.7,120,33.2,92,67.0,238,68.0,228,17.3,163,17.7,277,111.2,68,107.4,93,108.0,233,106.6,238,77.6,75,+2.0,54,+0.0,148,+1.9,18,+0.3,125,+0.1,175,+1.6,50,1.42,194,30.8,234,62.2,82,2016,0.5831675703215136,16,15,0.5161290322580645,31
283,Utah Valley,WAC,12-18,-10.71,99.6,268,110.3,278,74.2,7,-.022,236,-4.19,251,102.2,276,106.4,210,+0.52,154,,WAC,74.2,7,99.6,268,48.6,233,17.4,124,22.9,335,34.5,231,110.3,278,49.9,173,16.6,269,31.0,239,37.7,186,74.2,7,74.4,10,15.1,10,16.9,107,99.6,268,98.9,268,110.3,278,106.8,243,76.1,272,-2.5,314,-1.0,279,-1.5,319,-1.6,336,-0.8,270,+1.6,60,1.06,279,30.4,240,33.9,296,2016,0.2362264872844688,12,18,0.4,30
31,VCU,A10,25-11,+17.07,112.1,58,95.0,24,69.6,96,-.070,326,+3.82,87,107.3,76,103.5,111,+0.95,142,10,A10,69.6,96,112.1,58,51.0,127,16.3,60,33.2,58,32.2,287,95.0,24,49.2,128,21.4,18,27.7,77,36.8,171,69.6,96,69.9,122,17.0,139,17.0,127,112.1,58,110.0,52,95.0,24,96.1,27,76.6,190,-1.3,256,-0.7,241,-0.6,246,-0.8,249,+0.9,72,+0.3,155,2.11,36,34.5,118,65.2,63,2016,0.8702776659229909,25,11,0.6944444444444444,36
309,VMI,SC,9-21,-14.19,97.0,309,111.2,293,68.7,134,-.022,234,-2.13,201,104.4,176,106.5,220,+2.87,85,,SC,68.7,134,97.0,309,47.1,289,18.4,200,26.3,280,27.0,346,111.2,293,53.0,308,18.7,136,34.0,320,41.4,280,68.7,134,69.1,166,17.6,203,16.9,106,97.0,309,96.2,309,111.2,293,111.0,326,75.5,324,-4.6,348,-3.0,350,-1.6,322,-1.5,333,-0.2,206,-0.1,189,1.88,73,31.7,206,66.7,50,2016,0.1720563384577705,9,21,0.3,30
42,Valparaiso,Horz,30-7,+15.46,107.5,125,92.0,8,66.8,245,-.007,196,+0.55,138,106.2,100,105.7,180,+3.83,59,1,Horz,66.8,245,107.5,125,50.7,132,19.0,243,35.2,29,35.1,216,92.0,8,44.5,8,18.5,148,24.8,11,38.7,222,66.8,245,68.9,181,17.6,207,17.0,116,107.5,125,107.5,90,92.0,8,91.9,3,77.9,41,+2.2,45,+0.7,92,+1.6,34,+2.3,6,+0.5,114,+0.7,114,2.01,48,35.8,80,82.6,2,2016,0.8569978948828418,30,7,0.8108108108108109,37
25,Vanderbilt,SEC,19-14,+18.76,113.6,40,94.9,23,67.8,184,-.106,346,+8.60,40,109.2,44,100.6,31,+3.68,65,11,SEC,67.8,184,113.6,40,52.9,49,16.8,86,27.2,256,39.8,94,94.9,23,43.1,2,14.2,345,29.3,142,34.4,117,67.8,184,69.2,163,16.9,125,17.7,266,113.6,40,108.9,74,94.9,23,97.0,33,78.6,13,+6.0,3,+3.6,3,+2.4,5,+0.6,103,+0.6,108,+1.8,44,1.70,115,33.5,157,73.5,17,2016,0.8877924500896098,19,14,0.5757575757575758,33
151,Vermont,AE,23-14,+1.19,107.8,119,106.6,203,67.6,197,+.028,103,-4.68,257,101.7,292,106.4,216,+3.58,68,,AE,67.6,197,107.8,119,54.1,28,19.2,248,28.5,211,38.2,130,106.6,203,49.3,136,16.7,263,28.2,101,37.4,183,67.6,197,69.1,164,17.9,234,16.7,69,107.8,119,107.9,88,106.6,203,103.2,152,77.0,124,+0.2,154,-0.3,204,+0.5,110,+0.3,127,-0.5,240,+1.2,76,1.48,171,33.9,141,61.7,85,2016,0.5321388001768192,23,14,0.6216216216216216,37
1,Villanova,BE,35-5,+32.01,122.8,3,90.8,5,66.0,274,+.023,114,+10.74,13,110.5,19,99.7,9,+2.98,83,2,BE,66.0,274,122.8,3,56.1,8,16.3,58,28.2,224,34.1,242,90.8,5,46.7,42,20.6,43,29.4,147,30.0,48,66.0,274,67.2,264,18.4,290,17.1,137,122.8,3,116.2,7,90.8,5,94.5,13,77.3,93,+0.2,148,+0.6,99,-0.3,221,+0.4,119,+0.2,136,+1.9,35,1.96,56,31.5,217,58.0,106,2016,0.9698753532611429,35,5,0.875,40
4,Virginia,ACC,29-8,+29.64,120.6,8,91.0,7,61.3,348,-.040,278,+12.67,2,112.1,2,99.5,6,+4.98,38,1,ACC,61.3,348,120.6,8,54.8,18,15.1,14,29.9,164,32.1,289,91.0,7,48.4,95,18.8,129,25.2,18,33.4,94,61.3,348,61.5,351,20.0,347,18.7,348,120.6,8,115.2,11,91.0,7,97.3,38,77.9,50,+1.4,80,+0.9,75,+0.6,104,+0.2,133,+1.9,19,+2.0,30,2.30,23,31.8,204,71.0,27,2016,0.9622622987141609,29,8,0.7837837837837838,37
63,Virginia Tech,ACC,20-15,+11.68,110.6,81,98.9,64,69.5,102,+.015,139,+9.21,29,110.5,21,101.2,52,-8.44,339,3,ACC,69.5,102,110.6,81,50.0,164,18.0,172,30.3,155,49.4,1,98.9,64,49.0,118,17.9,187,31.8,274,33.5,99,69.5,102,69.8,135,16.7,100,18.2,320,110.6,81,105.5,132,98.9,64,102.2,134,77.1,119,+0.2,151,+0.5,109,-0.3,209,+0.2,144,+0.6,105,+0.6,126,1.38,207,33.9,143,36.4,283,2016,0.78343965154482,20,15,0.5714285714285714,35
188,Wagner,NEC,23-11,-2.32,100.7,242,103.1,138,65.9,282,+.027,104,-11.24,350,98.3,347,109.6,345,-5.07,302,8,NEC,65.9,282,100.7,242,47.6,269,19.6,273,36.9,19,32.6,275,103.1,138,46.8,46,20.7,39,27.5,75,44.3,315,65.9,282,67.6,246,18.4,291,16.9,97,100.7,242,103.1,188,103.1,138,95.8,25,76.2,262,-1.9,290,-1.0,272,-0.9,288,-0.9,277,+0.1,159,-0.4,230,1.19,261,36.8,57,55.1,131,2016,0.43269443203814223,23,11,0.6764705882352942,34
118,Wake Forest,ACC,11-20,+4.78,107.3,131,102.5,128,71.4,45,+.026,106,+11.59,7,112.6,1,101.0,43,+4.24,55,,ACC,71.4,45,107.3,131,49.4,198,20.1,295,32.7,71,43.2,30,102.5,128,49.5,144,15.2,327,31.2,250,38.6,214,71.4,45,72.0,51,15.8,36,17.3,177,107.3,131,102.0,214,102.5,128,109.0,297,77.9,47,+3.5,21,+1.5,35,+1.9,19,+0.2,137,+0.1,146,+1.9,37,1.74,103,33.5,158,63.0,76,2016,0.6286214342993665,11,20,0.3548387096774194,31
66,Washington,P12,19-15,+11.22,110.4,87,99.2,70,77.5,2,-.016,220,+7.78,51,108.8,50,101.1,45,-1.46,205,3,P12,77.5,2,110.4,87,48.1,249,17.4,121,33.4,55,41.2,68,99.2,70,47.9,78,20.5,45,35.7,338,44.6,319,77.5,2,78.1,2,13.6,2,17.1,144,110.4,87,105.5,130,99.2,70,101.9,122,77.1,116,+0.8,113,+0.0,151,+0.8,82,-0.0,172,+0.4,123,+0.5,145,0.98,296,32.2,194,20.7,337,2016,0.7738499675214794,19,15,0.5588235294117647,34
186,Washington St.,P12,9-22,-2.19,103.7,187,105.9,188,68.8,132,-.051,294,+8.11,46,109.2,43,101.1,47,-3.61,268,,P12,68.8,132,103.7,187,50.7,131,19.7,275,23.9,325,31.1,308,105.9,188,49.9,176,14.7,336,29.6,165,37.5,185,68.8,132,70.5,99,17.5,194,16.6,42,103.7,187,98.1,286,105.9,188,109.0,294,77.5,81,+3.1,31,+1.7,32,+1.4,41,+0.7,93,-0.8,266,+0.6,137,1.42,193,38.7,27,54.1,140,2016,0.4399361777349672,9,22,0.2903225806451613,31
142,Weber St.,BSky,26-9,+2.45,103.4,191,100.9,102,66.8,243,+.019,124,-5.67,282,103.3,228,109.0,333,+1.16,137,15,BSky,66.8,243,103.4,191,54.5,21,19.6,274,25.9,291,45.7,7,100.9,102,47.4,64,15.6,319,25.6,28,28.1,27,66.8,243,68.4,208,17.3,167,17.4,200,103.4,191,106.3,121,100.9,102,98.5,51,76.8,162,+0.3,141,+0.0,151,+0.3,123,-0.8,259,-0.1,193,+0.6,138,1.91,66,34.5,122,55.9,125,2016,0.5699048366238909,26,9,0.7428571428571429,35
8,West Virginia,B12,26-9,+24.45,115.3,27,90.9,6,69.5,104,+.003,171,+11.24,9,110.9,11,99.6,7,+0.72,149,3,B12,69.5,104,115.3,27,49.8,177,20.0,291,42.0,1,46.2,5,90.9,6,48.4,96,25.0,2,27.1,61,55.3,351,69.5,104,70.7,89,18.0,250,15.8,3,115.3,27,110.0,54,90.9,6,94.2,9,77.3,91,+1.6,72,+0.0,147,+1.6,35,-0.0,173,-0.3,222,+1.6,58,1.41,197,40.1,18,72.6,20,2016,0.93902856365198,26,9,0.7428571428571429,35
194,Western Carolina,SC,16-18,-2.92,101.5,234,104.4,165,69.1,115,+.021,121,+0.40,141,106.2,103,105.8,186,+9.55,11,,SC,69.1,115,101.5,234,48.8,228,20.0,293,30.4,151,38.2,129,104.4,165,51.0,226,20.8,37,32.7,301,45.0,325,69.1,115,69.6,141,17.4,181,16.9,93,101.5,234,100.5,240,104.4,165,105.2,206,75.5,327,-3.2,337,-1.9,342,-1.3,315,-1.2,312,-0.9,285,-1.3,283,1.71,112,30.2,245,62.8,79,2016,0.41970973132801587,16,18,0.47058823529411764,34
232,Western Illinois,Sum,10-17,-5.91,101.2,236,107.1,214,67.8,189,-.069,325,+0.07,148,105.3,140,105.2,163,+0.80,146,,Sum,67.8,189,101.2,236,49.3,201,18.2,190,25.5,297,32.0,291,107.1,214,50.1,185,15.2,326,27.0,59,42.4,294,67.8,189,68.6,192,18.0,251,16.7,54,101.2,236,100.1,248,107.1,214,107.2,253,77.1,114,+0.7,119,+0.7,85,-0.0,172,+0.2,131,+0.8,81,+0.1,175,1.89,71,30.5,239,70.8,29,2016,0.3426203918316105,10,17,0.37037037037037035,27
169,Western Kentucky,CUSA,18-16,-0.66,108.6,102,109.2,263,67.0,233,+.010,152,-1.73,192,105.3,137,107.0,240,+0.13,166,,CUSA,67.0,233,108.6,102,52.5,56,19.0,242,33.6,50,39.6,95,109.2,263,52.4,293,15.0,332,28.6,117,30.0,45,67.0,233,68.5,203,18.6,303,16.3,20,108.6,102,109.0,72,109.2,263,109.4,305,76.8,158,+1.1,96,+1.2,52,-0.1,185,-0.4,217,-0.2,207,-0.4,229,1.38,205,31.9,203,29.6,316,2016,0.48416503680449874,18,16,0.5294117647058824,34
181,Western Michigan,MAC,13-19,-1.65,103.7,185,105.4,184,68.1,166,-.054,303,+0.46,140,105.4,128,104.9,153,+1.46,128,,MAC,68.1,166,103.7,185,47.6,271,17.9,164,30.6,141,43.8,21,105.4,184,52.0,276,17.1,243,25.5,23,38.5,211,68.1,166,68.4,205,17.9,237,17.1,129,103.7,185,102.3,204,105.4,184,105.4,210,78.0,40,+2.1,48,+1.7,29,+0.4,116,+0.9,76,+1.0,65,+1.8,39,1.32,227,34.1,133,49.7,166,2016,0.4533867524616508,13,19,0.40625,32
13,Wichita St.,MVC,26-9,+22.53,111.3,67,88.7,1,66.0,276,-.079,333,+3.61,88,104.8,154,101.2,51,+6.45,24,11,MVC,66.0,276,111.3,67,48.9,221,14.8,10,31.6,111,37.4,156,88.7,1,44.7,10,23.2,5,23.6,4,45.4,327,66.0,276,66.1,306,18.0,253,18.0,302,111.3,67,108.4,81,88.7,1,88.8,1,76.9,134,+0.4,137,-0.3,203,+0.7,92,+0.1,161,+0.6,106,-0.3,214,1.95,59,42.1,8,62.0,84,2016,0.9315118225245256,26,9,0.7428571428571429,35
87,William & Mary,CAA,20-11,+8.79,113.3,44,104.5,171,68.3,153,-.015,217,+1.93,114,105.9,111,103.9,124,+1.24,135,,CAA,68.3,153,113.3,44,54.9,16,15.9,38,25.9,292,36.6,177,104.5,171,49.5,142,15.3,325,27.3,67,27.9,21,68.3,153,67.9,234,16.7,96,18.4,335,113.3,44,111.0,42,104.5,171,104.6,188,77.9,51,-0.0,167,+0.0,159,-0.0,173,+1.2,50,+2.2,8,+2.1,27,1.90,70,27.4,291,73.7,15,2016,0.7170345277404271,20,11,0.6451612903225806,31
157,Winthrop,BSth,23-9,+0.69,108.4,107,107.7,228,72.8,18,+.034,92,-6.36,298,101.8,291,108.2,304,-2.57,233,,BSth,72.8,18,108.4,107,54.2,27,17.8,154,26.0,284,41.1,70,107.7,228,47.7,72,15.9,302,32.0,283,31.9,70,72.8,18,72.9,26,15.6,24,17.2,155,108.4,107,110.1,50,107.7,228,104.0,172,75.2,335,+0.1,160,-0.0,168,+0.1,156,-1.1,295,-2.0,336,-4.8,349,1.08,276,26.8,304,42.3,223,2016,0.5186170907798324,23,9,0.71875,32
38,Wisconsin,B10,22-13,+16.55,110.1,89,93.6,13,63.3,344,-.022,235,+9.57,25,110.3,24,100.7,36,+1.24,134,7,B10,63.3,344,110.1,89,48.5,234,17.1,106,33.1,60,38.0,135,93.6,13,48.1,83,18.6,142,27.7,79,33.6,105,63.3,344,63.9,344,20.4,349,16.8,77,110.1,89,105.3,137,93.6,13,99.1,63,78.0,35,+1.1,93,-0.1,169,+1.2,56,+2.2,8,+1.0,63,+1.8,40,1.20,258,22.6,340,37.2,273,2016,0.8661252181805523,22,13,0.6285714285714286,35
187,Wofford,SC,15-17,-2.22,106.3,152,108.5,247,65.2,310,-.017,222,-1.17,175,104.9,152,106.1,200,+7.24,18,,SC,65.2,310,106.3,152,51.8,85,18.0,175,26.2,282,38.4,119,108.5,247,53.9,330,17.6,205,25.9,34,41.5,283,65.2,310,66.1,307,19.4,342,16.9,95,106.3,152,105.5,131,108.5,247,107.9,267,76.5,211,-1.3,258,-0.8,256,-0.5,239,-0.8,245,+0.6,100,+0.0,177,2.18,31,27.1,298,60.2,98,2016,0.4413768110635344,15,17,0.46875,32
146,Wright St.,Horz,22-13,+2.01,101.4,235,99.4,71,65.1,312,+.057,50,-1.68,191,104.5,172,106.1,203,-1.15,196,,Horz,65.1,312,101.4,235,51.4,107,16.5,71,19.1,348,33.0,272,99.4,71,48.6,103,20.6,42,25.5,22,48.3,341,65.1,312,67.8,237,17.5,193,17.7,268,101.4,235,100.7,238,99.4,71,97.8,43,77.1,120,-1.0,236,+0.2,129,-1.3,311,-0.6,229,+0.6,104,+2.5,16,1.44,183,33.6,150,48.4,181,2016,0.5570236315363144,22,13,0.6285714285714286,35
166,Wyoming,MWC,14-18,-0.19,108.3,108,108.5,245,64.6,323,-.033,264,+1.93,113,105.4,126,103.5,112,+0.44,156,,MWC,64.6,323,108.3,108,53.4,41,17.0,99,18.1,350,45.9,6,108.5,245,50.1,186,15.8,311,30.4,208,39.1,230,64.6,323,66.2,305,18.7,310,17.5,225,108.3,108,105.3,138,108.5,245,108.0,271,76.9,132,+0.9,108,+0.5,115,+0.5,112,+0.2,141,-0.2,210,-0.1,187,1.38,206,31.1,229,36.6,282,2016,0.49469576944281657,14,18,0.4375,32
14,Xavier,BE,28-6,+22.52,117.1,18,94.6,22,71.9,32,+.047,68,+8.16,45,108.2,64,100.0,16,+1.73,116,2,BE,71.9,32,117.1,18,51.4,106,17.4,123,35.2,28,41.7,53,94.6,22,47.8,75,19.3,94,26.0,36,33.6,104,71.9,32,72.4,41,16.2,67,16.8,75,117.1,18,111.3,37,94.6,22,97.1,35,77.9,42,+1.6,74,+1.0,61,+0.6,102,+1.0,65,+1.5,34,+1.6,48,1.44,185,34.9,110,66.1,55,2016,0.9208362795032523,28,6,0.8235294117647058,34
47,Yale,Ivy,23-7,+14.33,110.4,88,96.0,34,66.0,275,+.026,105,-0.85,169,105.5,122,106.4,209,-1.00,193,12,Ivy,66.0,275,110.4,88,52.2,63,19.9,289,39.3,5,41.7,55,96.0,34,46.7,44,17.8,193,24.3,7,33.3,93,66.0,275,66.8,285,18.7,316,16.8,81,110.4,88,110.7,43,96.0,34,95.5,21,76.9,147,-1.0,225,-0.6,234,-0.4,223,+0.8,88,+0.6,102,+0.1,167,1.88,72,30.3,243,44.8,207,2016,0.8330309509563294,23,7,0.7666666666666667,30
282,Youngstown St.,Horz,11-21,-10.70,103.2,200,113.9,326,72.4,20,+.007,161,-0.15,154,104.5,169,104.7,143,+0.63,150,,Horz,72.4,20,103.2,200,49.0,215,15.6,27,22.7,336,29.8,330,113.9,326,53.6,325,15.7,314,33.8,318,32.5,82,72.4,20,73.8,16,15.7,30,16.8,72,103.2,200,100.1,246,113.9,326,113.9,342,76.9,154,+1.4,85,+1.2,51,+0.2,138,-0.1,180,-0.9,281,-0.0,184,0.50,348,33.0,170,12.1,348,2016,0.2433319296191461,11,21,0.34375,32
